{"type": "FeatureCollection", "features": [{"type": "Feature", "properties": {"name": "p42 terrain-eligible floodplain", "kind": "floodplain"}, "geometry": {"type": "MultiPolygon", "coordinates": [[[[32.21106707851751, 46.415441961100726], [32.20712726117087, 46.417934636737876], [32.21022665416841, 46.419576033724326], [32.20942772573856, 46.42083047442137], [32.2143698094342, 46.42104452698149], [32.22211578877052, 46.4254173415696], [32.227846775760675, 46.425096191950296], [32.2349142790465, 46.42226378464467], [32.23443407965506, 46.419380661372536], [32.23212476547865, 46.41702525087521], [32.227175337174494, 46.4173518991807], [32.22562414879425, 46.41662142791754], [32.228001747342226, 46.41411757955902], [32.226483719465044, 46.411047413077256], [32.2285653204095, 46.41106147413998], [32.23035380886274, 46.41341345514444], [32.23243802683696, 46.413247468667734], [32.23064439209004, 46.411255474952], [32.2327512416187, 46.409469682853846], [32.23330945522578, 46.40677350543018], [32.230760784657775, 46.40297649777247], [32.22947011119088, 46.40224782876876], [32.22841425357372, 46.40332067905688], [32.22791423943208, 46.40187734478911], [32.22505251928286, 46.401857987695095], [32.22294060559198, 46.40400359565551], [32.223177778910475, 46.40562516088392], [32.22187946819188, 46.40543633922214], [32.22029791530815, 46.406865525519024], [32.21876253202851, 46.40505509822396], [32.216936184523156, 46.4054025964515], [32.21666055399716, 46.40648067781987], [32.21510981417378, 46.40575006534436], [32.21406394809547, 46.406102871902476], [32.213564288790906, 46.404659477796166], [32.21487804373253, 46.40376853052885], [32.21200068458497, 46.40482870894294], [32.2125028940925, 46.40609213257392], [32.2135539429245, 46.40537938619134], [32.212757891285094, 46.406453877990884], [32.21510465125888, 46.40611001961794], [32.21845609316698, 46.40829291118512], [32.21426209956099, 46.41042410838845], [32.20905297495155, 46.410748187683005], [32.20721072979227, 46.4121753885952], [32.20797049824455, 46.413620610445456], [32.212891208484166, 46.415274536294994], [32.21156157831807, 46.41724531687794], [32.21106707851751, 46.415441961100726]], [[32.2285653204095, 46.41106147413998], [32.22882805742077, 46.410883251545535], [32.22882552063692, 46.41106322910903], [32.2285653204095, 46.41106147413998]], [[32.228939651883245, 46.402964233012604], [32.22919727877474, 46.40314596472604], [32.22893711616717, 46.403144210831165], [32.228939651883245, 46.402964233012604]], [[32.22556009812659, 46.402761400987465], [32.22557028512857, 46.402041490203196], [32.22660837062004, 46.40222851048981], [32.22556009812659, 46.402761400987465]], [[32.22503977703804, 46.402757876079846], [32.224777067152864, 46.4029360903869], [32.224779616530334, 46.402756112738366], [32.22503977703804, 46.402757876079846]], [[32.21845609316698, 46.40829291118512], [32.21871370979391, 46.408474666287965], [32.218453522498805, 46.40847288838834], [32.21845609316698, 46.40829291118512]], [[32.21314107264701, 46.415996234030814], [32.213409059209646, 46.41545809397723], [32.21392174095286, 46.41600160287638], [32.21314107264701, 46.415996234030814]], [[32.21418196377098, 46.41600339130747], [32.21808016381839, 46.416390100607416], [32.21885312840286, 46.416935366648666], [32.21650076989845, 46.41763925221966], [32.21418196377098, 46.41600339130747]], [[32.21700835007581, 46.41854270102123], [32.215155715324634, 46.420689934551135], [32.21439307564269, 46.41942473710196], [32.213354707797265, 46.4192376047065], [32.213893290542025, 46.417981346965306], [32.21700835007581, 46.41854270102123]], [[32.21360459551012, 46.4199593010832], [32.214119906830895, 46.420322832319236], [32.213078933527235, 46.42031567396926], [32.21360459551012, 46.4199593010832]], [[32.21389846356676, 46.41762139354681], [32.21337541438515, 46.417797791397035], [32.21286013162594, 46.41743425682611], [32.21389846356676, 46.41762139354681]], [[32.21308411233233, 46.419955720768684], [32.213346942418106, 46.41977753460184], [32.21334435390884, 46.41995751122201], [32.21308411233233, 46.419955720768684]], [[32.23036646844272, 46.41251356731725], [32.2306292066735, 46.41233534063636], [32.23062667568598, 46.41251531823013], [32.23036646844272, 46.41251356731725]], [[32.23011892447685, 46.41161192789497], [32.230381659139184, 46.41143370173331], [32.23037912741701, 46.41161367934512], [32.23011892447685, 46.41161192789497]], [[32.22961118987388, 46.410708535265925], [32.229873921799374, 46.41053031022635], [32.229871388486906, 46.41071028784526], [32.22961118987388, 46.410708535265925]], [[32.22909332860019, 46.41052505074537], [32.22935606130863, 46.41034682689484], [32.229353526309, 46.41052680449763], [32.22909332860019, 46.41052505074537]], [[32.229876455087606, 46.410350332601645], [32.23013918442175, 46.41017210692568], [32.23013665201346, 46.41035208456712], [32.229876455087606, 46.410350332601645]], [[32.22500154664588, 46.40545754036435], [32.22526426801715, 46.405279325689875], [32.225261720009094, 46.40545930327927], [32.22500154664588, 46.40545754036435]], [[32.22474647272062, 46.40509582171709], [32.22500919316326, 46.40491760761183], [32.225006644348525, 46.4050975852018], [32.22474647272062, 46.40509582171709]], [[32.22708801824903, 46.40511167177362], [32.22839141542145, 46.404940478913616], [32.228388877727575, 46.40512045664649], [32.22708801824903, 46.40511167177362]], [[32.22735327230318, 46.404753474548116], [32.22710835333714, 46.403671850187386], [32.228393953091036, 46.404760501174955], [32.22735327230318, 46.404753474548116]], [[32.22864904969615, 46.40512221184557], [32.22917446393691, 46.404765764930914], [32.22916939370614, 46.40512572046825], [32.22864904969615, 46.40512221184557]], [[32.22917446393691, 46.404765764930914], [32.229439702690264, 46.40440756275019], [32.229434634267385, 46.4047675183326], [32.22917446393691, 46.404765764930914]], [[32.23022274030335, 46.40423284150583], [32.22996004000222, 46.404411067734266], [32.22996257246644, 46.404231089912464], [32.23022274030335, 46.40423284150583]], [[32.23022274030335, 46.40423284150583], [32.230485438893645, 46.4040546146579], [32.230482908164475, 46.40423459250739], [32.23022274030335, 46.40423284150583]], [[32.22970747122035, 46.403869382088175], [32.22892190136121, 46.40422407762085], [32.22892950887337, 46.403684144252104], [32.22970747122035, 46.403869382088175]], [[32.22814647511851, 46.40385885668052], [32.22867188036816, 46.40350241194232], [32.22866680705539, 46.403862367516965], [32.22814647511851, 46.40385885668052]], [[32.22763376347616, 46.40331541023785], [32.227899005117074, 46.40295721155906], [32.22789392681773, 46.403317167102664], [32.22763376347616, 46.40331541023785]], [[32.22945997541193, 46.40296774018864], [32.2297252034399, 46.402609537168736], [32.22972013721264, 46.40296949288899], [32.22945997541193, 46.40296774018864]], [[32.22712614526244, 46.40241200599507], [32.22686090127425, 46.40277020290035], [32.226865986270575, 46.40241024740981], [32.22712614526244, 46.40241200599507]], [[32.22738630427862, 46.40241376398855], [32.22764900321479, 46.40223554360334], [32.22764646331911, 46.402415521390246], [32.22738630427862, 46.40241376398855]]], [[[32.20276890381507, 46.41340447172783], [32.20481395796882, 46.41593863479811], [32.20847529656813, 46.41470407319582], [32.207712893619714, 46.4134388313753], [32.20612812735648, 46.415047792417155], [32.205376230857404, 46.41306262942548], [32.20276890381507, 46.41340447172783]], [[32.20508725643634, 46.415040561952544], [32.204824422658916, 46.41521872925629], [32.204827038768855, 46.415038752856326], [32.20508725643634, 46.415040561952544]]], [[[32.243906227824525, 46.43078331401272], [32.246571179821125, 46.42630104985358], [32.245849927153586, 46.421976434388505], [32.244803944229055, 46.42232952042248], [32.24404059383247, 46.42106451681118], [32.24248159458807, 46.420874206299864], [32.242761776562446, 46.41943610702428], [32.2401543681074, 46.41977880092654], [32.23385813618013, 46.42333667975966], [32.23225615657781, 46.42620584402378], [32.23818977479491, 46.430025401064725], [32.238174728448385, 46.43110526509208], [32.24207917368688, 46.43113120804259], [32.242094142937134, 46.4300513430427], [32.243906227824525, 46.43078331401272]], [[32.24088263790489, 46.42356351808779], [32.24086764812148, 46.42464338401551], [32.23983158955363, 46.424276513436105], [32.24088263790489, 46.42356351808779]], [[32.24192367984424, 46.42357042373284], [32.24166092365503, 46.42374867591138], [32.241663419323565, 46.423568698209905], [32.24192367984424, 46.42357042373284]]], [[[32.23654258021746, 46.43613421147317], [32.23708080297874, 46.43487784600409], [32.2430555724094, 46.43581751736236], [32.24359862312952, 46.4342011653688], [32.24151613400439, 46.434187372683816], [32.24309793534592, 46.43275790114917], [32.241022997093296, 46.43220416748708], [32.24072520223867, 46.434902099926084], [32.2373762668946, 46.432359901381915], [32.23529385091063, 46.432345995818544], [32.235541569865816, 46.43324762187199], [32.230562826105626, 46.43555415409719], [32.231884641764424, 46.434123088315005], [32.23087884968462, 46.431596412665805], [32.22155425967568, 46.428293427718884], [32.21867058752549, 46.42971371547563], [32.21862428984356, 46.43295329222271], [32.22300597217685, 46.43604304323967], [32.22637738258088, 46.4369658687508], [32.22977933972131, 46.435728873980125], [32.23654258021746, 46.43613421147317]]], [[[32.33078923404362, 46.47848292112448], [32.32592811889663, 46.47125467517028], [32.32589034093073, 46.47431432602016], [32.32924597560363, 46.47685394934926], [32.33051766930179, 46.47938129364583], [32.330228426671226, 46.4817195002283], [32.33098578637674, 46.48370384743424], [32.33078923404362, 46.47848292112448]]], [[[32.415463592648734, 46.47876702048799], [32.41493095184989, 46.47984425028748], [32.41622979193983, 46.48021087129239], [32.41672971442311, 46.48219333533513], [32.41829492860511, 46.48202131448617], [32.419618724321396, 46.48004812600138], [32.415463592648734, 46.47876702048799]]], [[[32.41394252692094, 46.499098321610965], [32.41160850782323, 46.49800638910421], [32.4042992346963, 46.49904850471528], [32.402202366579125, 46.50011751428015], [32.40896130861268, 46.501772563606956], [32.41418962572448, 46.500359528378176], [32.41394252692094, 46.499098321610965]], [[32.40845759235947, 46.50015003581454], [32.40793436942765, 46.500327320196824], [32.40793632313146, 46.50014733875142], [32.40845759235947, 46.50015003581454]]], [[[32.416035273983105, 46.498389058926506], [32.416782513889814, 46.50163271944601], [32.418083804339396, 46.50181933875178], [32.418886827658895, 46.49984351462965], [32.41707970382508, 46.49821439490559], [32.416035273983105, 46.498389058926506]]], [[[32.28432692550562, 46.50484045158427], [32.28743356871834, 46.50647977229333], [32.288743904528374, 46.50594795323823], [32.28668455254473, 46.50395522082883], [32.282781958484456, 46.503390840879064], [32.282241721462555, 46.504827385346246], [32.28432692550562, 46.50484045158427]], [[32.287454734284395, 46.50485997967252], [32.287187025862615, 46.50539828649351], [32.287194083428716, 46.50485835559832], [32.287454734284395, 46.50485997967252]], [[32.28485530732719, 46.50430378153202], [32.28432928744311, 46.50466047471954], [32.2843340112502, 46.5043005209727], [32.28485530732719, 46.50430378153202]]], [[[32.402141206505235, 46.50569693063418], [32.40161396001532, 46.506234147711716], [32.403174001002405, 46.50660228121451], [32.40419896356498, 46.50822754681715], [32.40862845594598, 46.5084305251522], [32.40786011481151, 46.50716661085902], [32.409431920882184, 46.50645477174878], [32.40682527371965, 46.50644128348338], [32.40683506243775, 46.50554137734566], [32.402141206505235, 46.50569693063418]], [[32.40317794066922, 46.50624231902545], [32.403436635213865, 46.50642365993805], [32.40317597084525, 46.506422300122864], [32.40317794066922, 46.50624231902545]], [[32.40370517190249, 46.50570509466714], [32.40422452752586, 46.50588779240839], [32.403703203855486, 46.50588507579881], [32.40370517190249, 46.50570509466714]]], [[[32.393262728660325, 46.507090110036046], [32.3919634072752, 46.506723227604745], [32.390120634205104, 46.5083333390057], [32.388520266302415, 46.51156463783066], [32.39112714965221, 46.51157854440121], [32.39219197408078, 46.509604303805915], [32.39402072839244, 46.50925402436359], [32.393262728660325, 46.507090110036046]]], [[[32.40833067449501, 46.5118488188952], [32.41483828531995, 46.51278225180562], [32.41512794222806, 46.51008386533179], [32.409126400020966, 46.51059299372158], [32.40833067449501, 46.5118488188952]], [[32.414863396787624, 46.51044249478416], [32.414343961813515, 46.510259845130534], [32.414865328309425, 46.510262513434554], [32.414863396787624, 46.51044249478416]], [[32.41382259539169, 46.510257174450274], [32.414081344490356, 46.51043849141203], [32.41382066042832, 46.51043715576651], [32.41382259539169, 46.510257174450274]]], [[[32.38662660188975, 46.51767419763701], [32.38820100658893, 46.51678267416091], [32.389241842889845, 46.516968227606434], [32.39106885268353, 46.51679797742905], [32.387431002216196, 46.51569860649683], [32.38663267754658, 46.5171342570441], [32.385329103888814, 46.517127259332405], [32.38378719619277, 46.51513906091221], [32.380666915332476, 46.5144022438589], [32.380697583502794, 46.511702541850234], [32.379135502316885, 46.51151408227758], [32.381174016943085, 46.51566492647006], [32.38662660188975, 46.51767419763701]]], [[[32.35293867645235, 46.5221683537196], [32.3570956120483, 46.52345173029825], [32.35685823173298, 46.521470495357136], [32.35503948343112, 46.520920281673476], [32.35347296099538, 46.52109142897865], [32.35293867645235, 46.5221683537196]]], [[[32.34407579061348, 46.521937882520426], [32.33939564198314, 46.52083100265147], [32.33702280057613, 46.52297716609404], [32.33467394234375, 46.523143518762126], [32.33465416670633, 46.52476332225861], [32.336209889815926, 46.52549232460234], [32.33726822030703, 46.524238524976845], [32.344054128980666, 46.523737667946044], [32.34407579061348, 46.521937882520426]], [[32.33569496744447, 46.52494936254555], [32.33595352391684, 46.525130854776066], [32.33569277346913, 46.52512934071509], [32.33569496744447, 46.52494936254555]], [[32.34198121445641, 46.52264581607629], [32.34223978117345, 46.522827294221706], [32.34197904141621, 46.52282579454685], [32.34198121445641, 46.52264581607629]]], [[[32.28845499638601, 46.52808508049772], [32.28896008030725, 46.52934815756101], [32.289491004085626, 46.52863149316402], [32.29755847792528, 46.52994125657745], [32.292624854722646, 46.528290934700536], [32.28845499638601, 46.52808508049772]]], [[[32.37856291528408, 46.561728314375756], [32.363244003193074, 46.55516443552668], [32.356991015981336, 46.55440949775516], [32.36765623560856, 46.55716879967558], [32.37856291528408, 46.561728314375756]]], [[[32.27116716542525, 46.592232643606145], [32.27145476301041, 46.59025459675548], [32.269366291600896, 46.590241277232785], [32.27141135034127, 46.59349412155189], [32.275854416013075, 46.59316235466931], [32.27534666326672, 46.59207920589198], [32.27298261181704, 46.593144140065384], [32.27116716542525, 46.592232643606145]]], [[[32.29203865674785, 46.5934436450294], [32.28475459719301, 46.59141845748819], [32.2847285513329, 46.59339817270327], [32.288644677030845, 46.593422590962426], [32.294623725576564, 46.595439490706134], [32.29203865674785, 46.5934436450294]]], [[[32.283677137745805, 46.593931560616994], [32.27061846808374, 46.594209024656855], [32.27608912721483, 46.59514371782152], [32.283677137745805, 46.593931560616994]]], [[[32.29488714529196, 46.595261125819775], [32.29641638092922, 46.59815036128802], [32.299801387764276, 46.59889108440933], [32.2995634779811, 46.597089740915614], [32.29749333871972, 46.595637137239294], [32.29488714529196, 46.595261125819775]]], [[[32.422343683910924, 46.49338132585133], [32.4257428905309, 46.49231849215005], [32.4252027322216, 46.49411569640426], [32.427546303579476, 46.49430744149422], [32.42810336634047, 46.49089038465678], [32.42705911127233, 46.49106515035747], [32.42707234080094, 46.4898052737875], [32.4281090258788, 46.49035043747481], [32.42837904252093, 46.48945182800291], [32.427091238588766, 46.488005449627465], [32.423197798432504, 46.48654594579976], [32.422343683910924, 46.49338132585133]], [[32.425737207187346, 46.492858438922006], [32.42625651565581, 46.49304103681258], [32.425733418200906, 46.493218403407894], [32.425737207187346, 46.492858438922006]], [[32.42578835140009, 46.48799891611171], [32.426307613945724, 46.488181513716235], [32.42578645740586, 46.48817889851276], [32.42578835140009, 46.48799891611171]]], [[[32.436429283670186, 46.49219165426425], [32.43485637479588, 46.493083852081575], [32.43483959441071, 46.49470369459038], [32.436397675374316, 46.495251357698194], [32.43926996401285, 46.49472549983858], [32.44163203510446, 46.493117129944316], [32.44087973944363, 46.49023358656384], [32.43751249698071, 46.48823716626997], [32.436466463311156, 46.48859200103912], [32.436429283670186, 46.49219165426425]], [[32.4372296423672, 46.49039567712794], [32.43748837617853, 46.49057694169403], [32.43722778595474, 46.490575659810375], [32.4372296423672, 46.49039567712794]]], [[[32.664668060634284, 46.5013681142473], [32.66752752995893, 46.50263639970236], [32.6683007407888, 46.50407857354994], [32.66805870096158, 46.50101802184668], [32.67066409781386, 46.501205544303566], [32.670131913582274, 46.50300392239912], [32.67143086563118, 46.50372762554692], [32.671957601433924, 46.5028291817805], [32.673515079277664, 46.50391358463287], [32.67118431130563, 46.50138703213195], [32.67171427824998, 46.4999486247503], [32.670665184606214, 46.50102555623957], [32.669632402647366, 46.49940265694587], [32.66780791846226, 46.499397372774176], [32.667020503026336, 46.50029503941037], [32.66520151337688, 46.49938977347591], [32.66571507281491, 46.5006512141461], [32.664668060634284, 46.5013681142473]], [[32.67117563027088, 46.50282693646766], [32.67091605926322, 46.502646198824806], [32.671176715436616, 46.50264694844567], [32.67117563027088, 46.50282693646766]], [[32.669885418117055, 46.50066332604107], [32.66962368124522, 46.50084256155872], [32.669624771457045, 46.500662573502105], [32.669885418117055, 46.50066332604107]], [[32.667020503026336, 46.50029503941037], [32.66728004992995, 46.500475785904705], [32.66701940423483, 46.500475027431186], [32.667020503026336, 46.50029503941037]], [[32.666500313888875, 46.50011353267403], [32.66623856858433, 46.50029276044052], [32.66623966994547, 46.50011277242826], [32.666500313888875, 46.50011353267403]], [[32.665716175917275, 46.500471226154765], [32.665977923791424, 46.50029199959608], [32.66597682155969, 46.500471987597905], [32.665716175917275, 46.500471226154765]], [[32.66571507281491, 46.5006512141461], [32.665973514801095, 46.501011951569076], [32.66571286657848, 46.50101119011167], [32.66571507281491, 46.5006512141461]]], [[[32.63960885134693, 46.50687162882577], [32.63988141281311, 46.505072576569226], [32.6380424091431, 46.507226664746725], [32.640890893382085, 46.510115498810656], [32.64298585003985, 46.50868212906492], [32.63960885134693, 46.50687162882577]]], [[[32.63489018132083, 46.51081646592517], [32.63333327844169, 46.50973154011953], [32.633608480442014, 46.50757253006686], [32.63178251456826, 46.507746657619144], [32.631774006614435, 46.50900656724715], [32.63073492142787, 46.508463244517706], [32.62943028411039, 46.508639016319314], [32.63045960097655, 46.51062224697451], [32.631508455749135, 46.50972567596106], [32.633585500758194, 46.510992284924384], [32.63489018132083, 46.51081646592517]], [[32.63099316824955, 46.50882405991326], [32.630731264766965, 46.509003205689545], [32.63073248366561, 46.50882321863798], [32.63099316824955, 46.50882405991326]], [[32.63020379064024, 46.50990145646568], [32.630465700181055, 46.509722311942994], [32.63046448036353, 46.50990229896071], [32.63020379064024, 46.50990145646568]], [[32.63177036017382, 46.50954652843058], [32.63202983360315, 46.50972735440544], [32.63176914467032, 46.5097265154803], [32.63177036017382, 46.50954652843058]], [[32.63281311253304, 46.509549880545556], [32.633072589450755, 46.509730704164916], [32.632811900471424, 46.509729867616215], [32.63281311253304, 46.509549880545556]], [[32.63098951409988, 46.50936402106659], [32.63124898406405, 46.50954484880848], [32.63098829602666, 46.509544008106275], [32.63098951409988, 46.50936402106659]], [[32.63047057933427, 46.509002363814915], [32.629950429983914, 46.50882069124761], [32.63047301884075, 46.5086423897166], [32.63047057933427, 46.509002363814915]], [[32.632816748648246, 46.50900991929927], [32.63229659134412, 46.50882825737834], [32.63281917266697, 46.50864994510652], [32.632816748648246, 46.50900991929927]], [[32.633084700940096, 46.50793083314887], [32.63282280860797, 46.50810998377454], [32.63256334020167, 46.50792915956194], [32.633084700940096, 46.50793083314887]]], [[[32.42348691641505, 46.50850638083637], [32.42283791286216, 46.520562510657584], [32.42542816650705, 46.52219546908554], [32.42777672432351, 46.522027251299896], [32.430140322738964, 46.520419133280114], [32.42913509315688, 46.51681430186006], [32.432291793142234, 46.51413014712086], [32.43310571655034, 46.51107433468981], [32.42736869497334, 46.511225748521916], [32.42765394466923, 46.508887290363575], [32.42348691641505, 46.50850638083637]], [[32.42465164409617, 46.52165159330016], [32.42491428138466, 46.521472923187346], [32.424912382290394, 46.5216529045027], [32.42465164409617, 46.52165159330016]], [[32.42993041436305, 46.51555833121772], [32.42966782208871, 46.515737013235], [32.429669705090966, 46.51555703158309], [32.42993041436305, 46.51555833121772]], [[32.43126963650457, 46.512145167075346], [32.43100706513605, 46.51232385236723], [32.431008943493076, 46.512143870565566], [32.43126963650457, 46.512145167075346]], [[32.42738003647265, 46.51014585810162], [32.42711746213179, 46.5103245345129], [32.427119353196794, 46.51014455276997], [32.42738003647265, 46.51014585810162]]], [[[32.44866148096405, 46.519609951249066], [32.450202256774595, 46.52195724850383], [32.45385443309591, 46.521794753781336], [32.452054584548875, 46.519266274075726], [32.44866148096405, 46.519609951249066]]], [[[32.516206956443995, 46.51811567134328], [32.51618618851831, 46.52045546387778], [32.52212789453766, 46.52678011394986], [32.52237130794395, 46.52876102635068], [32.52496651874758, 46.53021175703594], [32.52992140484847, 46.530232226550105], [32.535888769198195, 46.533856401294514], [32.53876367830956, 46.53314806830348], [32.53773728512197, 46.53116403106942], [32.53878958001944, 46.530088336272065], [32.54035427984642, 46.53009463442178], [32.541417105727504, 46.52775902424654], [32.54272398772058, 46.527404275113106], [32.544276569268625, 46.52885039505975], [32.54819420340126, 46.52814597406962], [32.54744028149962, 46.52472317364558], [32.549277495682965, 46.523290502800144], [32.54957692082872, 46.51861192400568], [32.547763765954834, 46.51716484344711], [32.54437588872198, 46.51697140802231], [32.542804016910374, 46.517865090165245], [32.54304814482258, 46.51984596421554], [32.540696985722214, 46.520376519768114], [32.53913865212826, 46.51965028885668], [32.53967379891701, 46.51803252669611], [32.53809876937947, 46.51928611289506], [32.5360113853418, 46.51945765552173], [32.52925722074184, 46.51655020562681], [32.527169914977804, 46.51672158727426], [32.52691856796041, 46.51564060272283], [32.52533704709064, 46.517613950354225], [32.52248013089044, 46.516342123292354], [32.52115915554537, 46.51831650038405], [32.518564610644255, 46.516865682831856], [32.516206956443995, 46.51811567134328]], [[32.54017703043504, 46.520194440028284], [32.539914775204636, 46.520373376213094], [32.53991629447131, 46.52019339158885], [32.54017703043504, 46.520194440028284]], [[32.53704819983298, 46.52018181953114], [32.53731351917573, 46.519642920797985], [32.537308935636105, 46.520182874507896], [32.53704819983298, 46.52018181953114]]], [[[32.67936319561698, 46.52894883508472], [32.679890046835396, 46.528050359048855], [32.678065665201665, 46.52786524873409], [32.679376963267465, 46.52660899919052], [32.67781127340108, 46.52678459032865], [32.677554761634646, 46.52606390598703], [32.675986941360755, 46.52659944694463], [32.676517030416115, 46.52516102397249], [32.67467878921231, 46.52731569553038], [32.67494600527549, 46.52623651289808], [32.670758476815244, 46.52874440172746], [32.67153756491045, 46.52928661243872], [32.67206346505605, 46.52856816006613], [32.67493204754179, 46.52857634792417], [32.675196046415486, 46.52803712685053], [32.67311306423794, 46.527491222248855], [32.675200337719275, 46.52731717762747], [32.67702362424399, 46.52768232092871], [32.67701829013234, 46.528582257547704], [32.67335981342978, 46.52983180131064], [32.67440080742669, 46.53019474971195], [32.67570474762859, 46.53019845383883], [32.67753345994751, 46.52966365281813], [32.67780063127273, 46.5285844638472], [32.67936319561698, 46.52894883508472]], [[32.678067791904716, 46.5275052740212], [32.677808080869674, 46.527324552444156], [32.678068855240944, 46.52732528665619], [32.678067791904716, 46.5275052740212]], [[32.67546647158021, 46.52641798110389], [32.67572617051642, 46.52659870799524], [32.675465399682345, 46.526597968451384], [32.67546647158021, 46.52641798110389]], [[32.67493312127535, 46.52839636064873], [32.674673416443724, 46.52821563199863], [32.67493419499863, 46.52821637336757], [32.67493312127535, 46.52839636064873]], [[32.67650314066243, 46.52750085980422], [32.676764983486656, 46.52732160965122], [32.67676391584393, 46.52750159699325], [32.67650314066243, 46.52750085980422]], [[32.67440188297572, 46.53001476249717], [32.67466374481141, 46.52983551728182], [32.674662670134104, 46.53001550450697], [32.67440188297572, 46.53001476249717]], [[32.67884693534553, 46.528047435206176], [32.679106653271106, 46.52822815441907], [32.67884587455253, 46.52822742256208], [32.67884693534553, 46.528047435206176]], [[32.67703109157089, 46.526422409422395], [32.67729079573612, 46.526603132774646], [32.677030024840576, 46.526602396797564], [32.67703109157089, 46.526422409422395]]], [[[32.659000815473, 46.53230976129988], [32.66188634541079, 46.529618472862516], [32.66423119192132, 46.52998536037857], [32.66657276599135, 46.53089216105741], [32.66395819453274, 46.531964451562274], [32.664469810993786, 46.53358586520688], [32.66655404000053, 46.533951940052795], [32.66708005110571, 46.533233511470314], [32.665262175717146, 46.5319682748354], [32.66682475218506, 46.53233281716833], [32.669965232256395, 46.530542018755746], [32.6694480208402, 46.52982056421763], [32.671795096113165, 46.52982732252574], [32.67023909336538, 46.52838292496578], [32.66763239938123, 46.52819539031749], [32.66894831903883, 46.52621931218725], [32.67076717672769, 46.52730450400634], [32.67077805068026, 46.52550463134109], [32.66999684422292, 46.52532238984242], [32.67104207555971, 46.52496541963218], [32.671316950251665, 46.52262633357691], [32.67001319179286, 46.52262257989975], [32.671054025887535, 46.522985558801025], [32.67105293954616, 46.52316554617786], [32.67053143098566, 46.523164045273234], [32.670268498840386, 46.52352326863773], [32.66688417255894, 46.52261351044779], [32.665571579469706, 46.52404960440063], [32.66738590328648, 46.52585479889439], [32.66608317097131, 46.52567101300995], [32.666079862357336, 46.526210974597255], [32.664517466248356, 46.525846422175135], [32.66346995255418, 46.526563306819796], [32.663215856312796, 46.52548261649406], [32.66165350043678, 46.525118025013356], [32.660601479376474, 46.52655483180508], [32.659559522976984, 46.52637174508919], [32.660596995311785, 46.52727478005964], [32.660065342705266, 46.52889311453275], [32.65693823298215, 46.52852379812369], [32.65510935872522, 46.52905826955107], [32.655101383820806, 46.53031817766035], [32.656152487055884, 46.52906140990641], [32.65745300322069, 46.52960528275882], [32.655881474667986, 46.53068050764525], [32.65900870076204, 46.53104985311726], [32.659000815473, 46.53230976129988]], [[32.66918067799205, 46.530899732998115], [32.66787781898686, 46.53071596738483], [32.66918177081139, 46.53071974589969], [32.66918067799205, 46.530899732998115]], [[32.66787781898686, 46.53071596738483], [32.667094348307295, 46.53089368020196], [32.66761922459799, 46.53035523574092], [32.66787781898686, 46.53071596738483]], [[32.667898662394435, 46.52729621187842], [32.66763679063893, 46.52747544166032], [32.66763788842705, 46.527295454481745], [32.667898662394435, 46.52729621187842]], [[32.670530342911654, 46.523344032634974], [32.67105076683216, 46.5235255209144], [32.67052816673236, 46.52370400734134], [32.670530342911654, 46.523344032634974]], [[32.67052816673236, 46.52370400734134], [32.67026632091799, 46.523883243323276], [32.67026740988441, 46.52370325598336], [32.67052816673236, 46.52370400734134]], [[32.67026632091799, 46.523883243323276], [32.67000447338134, 46.524062478695704], [32.67000556321934, 46.52388249136619], [32.67026632091799, 46.523883243323276]], [[32.668964719062934, 46.52351950295531], [32.66922438259703, 46.5237002446074], [32.668962532529264, 46.52387947759379], [32.668964719062934, 46.52351950295531]], [[32.66764667035328, 46.52585555684765], [32.66764886572963, 46.525495582382035], [32.66843116182583, 46.52549785264674], [32.66712293736684, 46.526214014770524], [32.66764667035328, 46.52585555684765]], [[32.661125258380764, 46.52619640388611], [32.66138490852022, 46.52637716321385], [32.66112413912468, 46.526376390979415], [32.661125258380764, 46.52619640388611]], [[32.65693370020852, 46.529243745854735], [32.657457529190204, 46.5288853350344], [32.65745526622714, 46.52924530890804], [32.65693370020852, 46.529243745854735]], [[32.657450740170866, 46.52996525658678], [32.65797118330565, 46.53014680421619], [32.65744960862968, 46.53014524349218], [32.657450740170866, 46.52996525658678]], [[32.65797118330565, 46.53014680421619], [32.65822971271354, 46.53050755750933], [32.65796892363646, 46.530506778029384], [32.65797118330565, 46.53014680421619]], [[32.65927286913, 46.5305106694837], [32.65953140888592, 46.530871419839634], [32.65927061803192, 46.530870643322686], [32.65927286913, 46.5305106694837]], [[32.66892207409581, 46.53053900428637], [32.66840268583327, 46.53017751928732], [32.66892426140498, 46.5301790300704], [32.66892207409581, 46.53053900428637]], [[32.66840487654617, 46.529817545067374], [32.66683905990058, 46.52999298559057], [32.66762581217902, 46.52927531313198], [32.66840487654617, 46.529817545067374]], [[32.66684016042024, 46.529812998506145], [32.66658047580664, 46.52963225157971], [32.66684126092936, 46.52963301141603], [32.66684016042024, 46.529812998506145]], [[32.66658047580664, 46.52963225157971], [32.66632079291583, 46.52945150406255], [32.6665815771666, 46.52945226448864], [32.66658047580664, 46.52963225157971]], [[32.66892426140498, 46.5301790300704], [32.66918614198401, 46.52999979744885], [32.66918504920656, 46.530179784570116], [32.66892426140498, 46.5301790300704]], [[32.66057905733389, 46.53015457216419], [32.66083872444242, 46.53033533265189], [32.66057793611893, 46.53033455912219], [32.66057905733389, 46.53015457216419]], [[32.66501465875338, 46.52980766713365], [32.66527433898592, 46.52998841759775], [32.66501355220385, 46.52998765418475], [32.66501465875338, 46.52980766713365]], [[32.65849614227907, 46.52960840177023], [32.65875579985822, 46.529789166977956], [32.65849501420517, 46.52978838870656], [32.65849614227907, 46.52960840177023]], [[32.66110734899609, 46.52907619669351], [32.66136365698149, 46.52979691699307], [32.660842085470804, 46.52979537174627], [32.66110734899609, 46.52907619669351]], [[32.66371072930933, 46.529803841174605], [32.66319249528037, 46.52926234554225], [32.663974845098544, 46.5292646464253], [32.66371072930933, 46.529803841174605]], [[32.669449112735286, 46.52964057708023], [32.66892863589754, 46.529459081569904], [32.66945020461992, 46.529460589937116], [32.669449112735286, 46.52964057708023]], [[32.65771491861629, 46.52942607647604], [32.65797457272823, 46.52960684345358], [32.65771378796904, 46.52960606340346], [32.65771491861629, 46.52942607647604]], [[32.65901883821348, 46.529429970757036], [32.65927849668642, 46.529610734786296], [32.65901771187317, 46.52960995770879], [32.65901883821348, 46.529429970757036]], [[32.66580143230254, 46.52909000725607], [32.66632740602212, 46.52837158142467], [32.667368324980025, 46.52873459372139], [32.6671031456998, 46.52945378355723], [32.66580143230254, 46.52909000725607]], [[32.665803640116756, 46.52873003306247], [32.66554396409578, 46.52854928377128], [32.66580474400799, 46.528550045957104], [32.665803640116756, 46.52873003306247]], [[32.667368324980025, 46.52873459372139], [32.667890983685865, 46.52855612204162], [32.667889886685444, 46.52873610918497], [32.667368324980025, 46.52873459372139]], [[32.659542655330704, 46.52907155036775], [32.65980231384677, 46.52925231321939], [32.65954153073473, 46.52925153734064], [32.659542655330704, 46.52907155036775]], [[32.66919379113285, 46.528739887440075], [32.66945238835778, 46.52910061563376], [32.66919160571412, 46.52909986175684], [32.66919379113285, 46.528739887440075]], [[32.66215271025341, 46.528719308294214], [32.662412375789195, 46.52890006525081], [32.66215159429257, 46.52889929532684], [32.66215271025341, 46.528719308294214]], [[32.66372183728949, 46.528003970588735], [32.663458836812694, 46.52836317781454], [32.663461060046224, 46.52800320366127], [32.66372183728949, 46.528003970588735]], [[32.663462171647005, 46.52782321657607], [32.66215940579387, 46.527639385978524], [32.66216163755513, 46.527279411827635], [32.663462171647005, 46.52782321657607]], [[32.663982614543414, 46.5280047369217], [32.66424228278051, 46.528185489754044], [32.66398150465463, 46.52818472401078], [32.663982614543414, 46.5280047369217]], [[32.66581026330549, 46.527650110344645], [32.666589286390774, 46.52819235469119], [32.665806951758725, 46.52819007172926], [32.66581026330549, 46.527650110344645]], [[32.66685336583351, 46.527653153047844], [32.66711524101315, 46.52747392507407], [32.6671141414919, 46.52765391223744], [32.66685336583351, 46.527653153047844]], [[32.66633622290563, 46.526931684254414], [32.66633291665353, 46.52747164573608], [32.66581136713325, 46.527470123205035], [32.66633622290563, 46.526931684254414]], [[32.6608588891632, 46.527095566447244], [32.66138043483366, 46.527097111549196], [32.66190086382112, 46.52727864135248], [32.6608588891632, 46.527095566447244]], [[32.661901980546986, 46.527098654273274], [32.66216386927361, 46.52691943765388], [32.66216275341972, 46.5270994247436], [32.661901980546986, 46.527098654273274]], [[32.66242798620949, 46.52638024620703], [32.66294618537209, 46.52692174548361], [32.66216498511681, 46.526739450558445], [32.66242798620949, 46.52638024620703]], [[32.662167216771124, 46.52637947635042], [32.661907564015806, 46.52619871879159], [32.66216833258224, 46.52619948923785], [32.662167216771124, 46.52637947635042]], [[32.66216833258224, 46.52619948923785], [32.66243021609855, 46.526020271966566], [32.66242910115936, 46.52620025908965], [32.66216833258224, 46.52619948923785]], [[32.67051510878062, 46.52586385509992], [32.66999139451068, 46.52622232620452], [32.66999357442692, 46.525862351676814], [32.67051510878062, 46.52586385509992]], [[32.66634173311454, 46.52603174833745], [32.66660139984098, 46.5262124958728], [32.66634063109388, 46.52621173553226], [32.66634173311454, 46.52603174833745]], [[32.669472040115, 46.525860845875904], [32.66869302143981, 46.52531862095247], [32.66947640671178, 46.525140896789615], [32.669472040115, 46.525860845875904]], [[32.66191203059823, 46.52547877030348], [32.66217056417239, 46.52583951499559], [32.66190979732842, 46.52583874455896], [32.66191203059823, 46.52547877030348]], [[32.66973826117953, 46.52496166267792], [32.66999793413404, 46.52514240255288], [32.66973717041768, 46.52514164996847], [32.66973826117953, 46.52496166267792]], [[32.669216735500584, 46.52496015573521], [32.66895706601174, 46.52477941409007], [32.66921782797434, 46.52478016844836], [32.669216735500584, 46.52496015573521]], [[32.6694785899474, 46.524780922212216], [32.66896034595369, 46.52423945220943], [32.669743714831995, 46.524061726139514], [32.6694785899474, 46.524780922212216]], [[32.66766093954741, 46.52351572241291], [32.66739688835928, 46.5240549263853], [32.667400183675824, 46.523514964521226], [32.66766093954741, 46.52351572241291]], [[32.667400183675824, 46.523514964521226], [32.667140527093686, 46.523334218740445], [32.66740128209362, 46.52333497722178], [32.667400183675824, 46.523514964521226]]], [[[32.43111562202443, 46.52690365638834], [32.422788353779865, 46.525242022028365], [32.42226111894473, 46.52577933251139], [32.42380473248437, 46.52776701631256], [32.42873289945587, 46.53031160347949], [32.426639085625936, 46.53102108973357], [32.42793544239939, 46.531747542552715], [32.427151190164864, 46.53192360824834], [32.42714362046545, 46.5326435324359], [32.42791843358913, 46.53336737211733], [32.42712658758067, 46.53426336152162], [32.426567099735344, 46.537860366273414], [32.42812632643797, 46.538408143130695], [32.42682412785689, 46.53822163516608], [32.426816552170884, 46.53894155851619], [32.43020157880659, 46.539498441189856], [32.43465239966355, 46.5379006124438], [32.436476252964496, 46.538089602359], [32.43622474959193, 46.53718841136569], [32.43336704003542, 46.53609434885472], [32.43312870692537, 46.53393328284924], [32.434171896442216, 46.53393844783994], [32.43623965108091, 46.535748561780814], [32.4411875864679, 46.53649280216828], [32.44169998323515, 46.53739525597101], [32.44040145883874, 46.536848939782594], [32.43987613426524, 46.537206349345865], [32.44091199853474, 46.53793137830702], [32.4416944491131, 46.537935199956934], [32.44374790078351, 46.54118502883221], [32.4489627341399, 46.541390258862364], [32.444016082373196, 46.54046637171351], [32.44247321551759, 46.5382989789313], [32.445079569446676, 46.53849164284053], [32.445329392500696, 46.539572796207295], [32.45028688498365, 46.53941673734798], [32.45109293675269, 46.537080734224], [32.44929271822043, 46.53455221618711], [32.44958079557884, 46.531853745848956], [32.446985703152926, 46.530581295412944], [32.44489394728642, 46.53111113511258], [32.447005796699614, 46.52860149621238], [32.44804524028277, 46.528966497817294], [32.449349111672994, 46.52897278201971], [32.449613521992795, 46.5286140733769], [32.44648790844029, 46.52823901011189], [32.44175531570428, 46.53199581326783], [32.441242967974354, 46.53109335908075], [32.43629179729521, 46.5307090853375], [32.43266333910034, 46.528531259227925], [32.4290144263379, 46.528333112377204], [32.42795811853095, 46.529587769075604], [32.42278072820959, 46.52596194650968], [32.43111562202443, 46.52690365638834]], [[32.42873101238938, 46.53049158463565], [32.4289899068455, 46.530672867886544], [32.428729125304784, 46.53067156578605], [32.42873101238938, 46.53049158463565]], [[32.42924691762623, 46.531034131708644], [32.42951146998117, 46.53067547030407], [32.42976848424339, 46.53103673296971], [32.42924691762623, 46.531034131708644]], [[32.42740441137267, 46.53264483819308], [32.427667093027246, 46.53246616230117], [32.42766520229802, 46.532646143355734], [32.42740441137267, 46.53264483819308]], [[32.427667093027246, 46.53246616230117], [32.42792977295899, 46.53228748579265], [32.4279278831093, 46.53246746686113], [32.427667093027246, 46.53246616230117]], [[32.426837384608504, 46.53696176908207], [32.42710008906151, 46.53678309472944], [32.42709819617407, 46.53696307562975], [32.426837384608504, 46.53696176908207]], [[32.428124436834, 46.53858812401188], [32.42838336748474, 46.538769408543374], [32.42812254721191, 46.53876810488733], [32.428124436834, 46.53858812401188]], [[32.42838336748474, 46.538769408543374], [32.42890312102963, 46.53895199496561], [32.42838147870625, 46.53894938942121], [32.42838336748474, 46.538769408543374]], [[32.42890312102963, 46.53895199496561], [32.429162056007, 46.53913327774233], [32.428901233956466, 46.539131975853984], [32.42890312102963, 46.53895199496561]], [[32.429162056007, 46.53913327774233], [32.429420992707826, 46.539314559934915], [32.42916016977748, 46.5393132586331], [32.429162056007, 46.53913327774233]], [[32.440913845844776, 46.537751397008], [32.44117650825553, 46.53757269016527], [32.44117466182486, 46.53775267147798], [32.440913845844776, 46.537751397008]], [[32.44175531570428, 46.53199581326783], [32.441490837198714, 46.53235450323356], [32.441494527257845, 46.531994540241726], [32.44175531570428, 46.53199581326783]], [[32.43212303849852, 46.53032848420478], [32.431854751433534, 46.53104711423406], [32.4336802361694, 46.53105616662924], [32.433149306353656, 46.53195348950058], [32.43029381482012, 46.530679369471684], [32.42952466110613, 46.52941560195975], [32.43212303849852, 46.53032848420478]], [[32.433669011261784, 46.53213605426583], [32.43445511417602, 46.53177996252052], [32.43445137763679, 46.53213992509143], [32.433669011261784, 46.53213605426583]], [[32.43288664504817, 46.53213217808955], [32.4341831120882, 46.532858560451395], [32.43417750434583, 46.53339850417153], [32.432875403989364, 46.53321206537388], [32.43288664504817, 46.53213217808955]], [[32.43418498129982, 46.53267857919985], [32.436008658250785, 46.53286757595657], [32.43600679505133, 46.5330475572587], [32.43444016758935, 46.53321981266626], [32.43418498129982, 46.53267857919985]], [[32.43600679505133, 46.5330475572587], [32.436265725937346, 46.53322882412232], [32.43600493183402, 46.53322753855509], [32.43600679505133, 46.5330475572587]], [[32.436265725937346, 46.53322882412232], [32.436783592878115, 46.53359135609687], [32.43599934207492, 46.53376748240978], [32.436265725937346, 46.53322882412232]], [[32.436787314197545, 46.53323139347315], [32.43731262033139, 46.53287399776704], [32.437308902529075, 46.53323396044581], [32.436787314197545, 46.53323139347315]], [[32.43368397766182, 46.530696204037746], [32.43394288966871, 46.53087747614962], [32.43368210692458, 46.53087618533637], [32.43368397766182, 46.530696204037746]], [[32.434734574289074, 46.529981438310585], [32.4344700596167, 46.530340112006954], [32.43421301732448, 46.52997885973712], [32.434734574289074, 46.529981438310585]], [[32.444368707669646, 46.531468566037404], [32.44411526687046, 46.530747372541136], [32.44463683207446, 46.53074990599757], [32.444368707669646, 46.531468566037404]], [[32.442796628953, 46.53218088096555], [32.44305557847921, 46.532362132567705], [32.442794788221654, 46.532360862498344], [32.442796628953, 46.53218088096555]], [[32.44384162391139, 46.53200597607387], [32.44332188572705, 46.53182345737933], [32.443843461161855, 46.531825994497865], [32.44384162391139, 46.53200597607387]], [[32.443843461161855, 46.531825994497865], [32.444106085277134, 46.531647280575676], [32.44410424890567, 46.53182726216534], [32.443843461161855, 46.531825994497865]], [[32.4483096591279, 46.528607792225294], [32.449090157086, 46.52879154453675], [32.44830783683563, 46.528787774038875], [32.4483096591279, 46.528607792225294]], [[32.432108031040464, 46.53176833413699], [32.431301247148866, 46.53410420234746], [32.42974022694607, 46.53373644985143], [32.430282522941624, 46.53175925654599], [32.42924503221008, 46.53121411285807], [32.43106300398863, 46.53194313169248], [32.432108031040464, 46.53176833413699]], [[32.4305451909223, 46.53158057395544], [32.430807857180234, 46.53140189074842], [32.43080597689617, 46.53158187193507], [32.4305451909223, 46.53158057395544]], [[32.43181158042239, 46.53518668108282], [32.43234256422329, 46.53428936516718], [32.43285854118902, 46.53483189591246], [32.43181158042239, 46.53518668108282]], [[32.42868949235013, 46.53445116861664], [32.42843058106365, 46.53426988472913], [32.42869137981458, 46.53427118758695], [32.42868949235013, 46.53445116861664]], [[32.428428692737704, 46.53444986575068], [32.42790331341491, 46.53480722022834], [32.42790709356716, 46.53444725823506], [32.428428692737704, 46.53444986575068]], [[32.429477545881554, 46.533915130467584], [32.42921486309406, 46.534093810467176], [32.42921674879936, 46.53391382940973], [32.429477545881554, 46.533915130467584]], [[32.44689982504077, 46.53904042962197], [32.446113697478665, 46.539396606337746], [32.446117357895055, 46.53903664350871], [32.44689982504077, 46.53904042962197]], [[32.44768046731509, 46.539224191847886], [32.44793946646148, 46.539405432386985], [32.447678642268556, 46.539404173306835], [32.44768046731509, 46.539224191847886]], [[32.43074391741086, 46.53752124787026], [32.431002851797366, 46.53770252652232], [32.430742036513955, 46.5377012288615], [32.43074391741086, 46.53752124787026]], [[32.44221976890615, 46.537577782066975], [32.443005895324795, 46.53722163199562], [32.44300221457963, 46.5375815947496], [32.44221976890615, 46.537577782066975]], [[32.42918846132206, 46.53661354466805], [32.42970819709761, 46.53679612742061], [32.429186575345646, 46.536793525639304], [32.42918846132206, 46.53661354466805]], [[32.428672504355994, 46.53607099762519], [32.42840980848274, 46.53624967565], [32.428411696989684, 46.536069694685935], [32.428672504355994, 46.53607099762519]], [[32.428411696989684, 46.536069694685935], [32.42815277899191, 46.53588841019043], [32.42841358547854, 46.535889713716124], [32.428411696989684, 46.536069694685935]], [[32.431545142859555, 46.53572532857285], [32.430766486767595, 46.535361475527125], [32.43155077714732, 46.53518538531928], [32.431545142859555, 46.53572532857285]], [[32.42789575289302, 46.53552714414586], [32.42815466832421, 46.535708429223014], [32.42789386271726, 46.535707125110875], [32.42789575289302, 46.53552714414586]], [[32.428999337781036, 46.529772962036375], [32.42925822974362, 46.529954244691375], [32.42899745163008, 46.5299529432179], [32.428999337781036, 46.529772962036375]]], [[[32.43673520923341, 46.53827086811345], [32.436733348083195, 46.538450849267285], [32.4383001191856, 46.5382785632433], [32.43826856510471, 46.541338242894476], [32.441653860688504, 46.541894787606985], [32.43878095822545, 46.54224070899632], [32.43850156496413, 46.54403923955113], [32.43903623419683, 46.54278193170456], [32.44188887515456, 46.544415796735024], [32.440059238963194, 46.544766835501285], [32.44525239820444, 46.54713200907237], [32.44448266765564, 46.54586834324621], [32.445779615865625, 46.546594594534234], [32.44658048271628, 46.54479857119093], [32.44556456814167, 46.542093799505714], [32.44166308608206, 46.54099488156706], [32.43905106427069, 46.541342082839584], [32.43856464775671, 46.5379198812466], [32.43962272704178, 46.53648514676371], [32.43673520923341, 46.53827086811345]], [[32.44087689627952, 46.54135102189655], [32.44113957627922, 46.541172315328026], [32.44113772949454, 46.54135229652584], [32.44087689627952, 46.54135102189655]], [[32.437517664129345, 46.5382747183543], [32.437258705221886, 46.53809345435971], [32.43751952267667, 46.53809473717066], [32.437517664129345, 46.5382747183543]], [[32.443703779926096, 46.54550457790089], [32.44396279543239, 46.545685827317925], [32.44370194133675, 46.54568455904027], [32.443703779926096, 46.54550457790089]], [[32.44164278963258, 46.5429746746653], [32.44216262818601, 46.54315720107621], [32.441640944394685, 46.543154655821574], [32.44164278963258, 46.5429746746653]]], [[[32.679272074088914, 46.54442772516238], [32.680575299969725, 46.544611361477905], [32.67978637857895, 46.54568909458918], [32.68082877313799, 46.54587199753846], [32.68161872885221, 46.54461427034677], [32.68292091930143, 46.54497786685042], [32.683448914528995, 46.54389939025867], [32.68423043257799, 46.54408154006783], [32.68317444845757, 46.54623849777208], [32.68447460241354, 46.54696205031467], [32.680559463493836, 46.54731116381949], [32.68055312826582, 46.548391084396535], [32.68264327800341, 46.54785693300747], [32.68263803301058, 46.54875686693186], [32.68081189347787, 46.5487517860907], [32.68106644515745, 46.549832434067575], [32.67897938768393, 46.54982659623711], [32.68053728860141, 46.55109088494017], [32.68132627398646, 46.550013147829986], [32.68288318657505, 46.55145739137145], [32.684192856858914, 46.550561066428024], [32.683685723754564, 46.54803980998102], [32.68577686816071, 46.54732561434452], [32.6847354709777, 46.54696276956001], [32.68630794029515, 46.545707164165215], [32.68812882483194, 46.54661209175986], [32.687598830414565, 46.54805056337137], [32.6896909499366, 46.54715630913893], [32.6889155385619, 46.54589427486743], [32.69021985645929, 46.54589781444726], [32.689970264214594, 46.54391725051756], [32.69128065654199, 46.5428408554233], [32.69000611970903, 46.53761770027623], [32.68765354435408, 46.53851125078443], [32.6876483838491, 46.539411186618985], [32.6832079523935, 46.54047891534419], [32.68423565040232, 46.54318160526612], [32.679272074088914, 46.54442772516238]], [[32.68393406067403, 46.550200372419205], [32.68367422226874, 46.55001966456223], [32.683935105461444, 46.55002038566885], [32.68393406067403, 46.550200372419205]], [[32.683418571496105, 46.549119009068285], [32.6831566453108, 46.54929827355971], [32.68315769263505, 46.54911828679434], [32.683418571496105, 46.549119009068285]], [[32.689962066983774, 46.54535714673402], [32.689700180420694, 46.54553642642313], [32.68970120598088, 46.54535643942618], [32.689962066983774, 46.54535714673402]], [[32.68315455063218, 46.549658247073346], [32.68289262097754, 46.549837510934644], [32.68289366919423, 46.54965752419092], [32.68315455063218, 46.549658247073346]], [[32.683153503277815, 46.549838233821596], [32.68341229257395, 46.55019892960201], [32.683151408538954, 46.55019820730099], [32.683153503277815, 46.549838233821596]], [[32.682113126517834, 46.54929537849653], [32.68263173868731, 46.549836787452755], [32.681849091877005, 46.54983461343741], [32.682113126517834, 46.54929537849653]], [[32.681851195198924, 46.549474639980446], [32.68159136718177, 46.54929392739535], [32.68185224684476, 46.54929465324341], [32.681851195198924, 46.549474639980446]], [[32.68314931375993, 46.55055818075754], [32.68288633146632, 46.55091743127722], [32.682888428010266, 46.55055745785252], [32.68314931375993, 46.55055818075754]], [[32.68526136926083, 46.5462442587295], [32.68473859700942, 46.546422808943085], [32.68473963900002, 46.54624282205937], [32.68526136926083, 46.5462442587295]], [[32.6902362369704, 46.54301802185239], [32.68997436259426, 46.543197302272375], [32.68997538716463, 46.54301731519682], [32.6902362369704, 46.54301802185239]], [[32.684764643777896, 46.54192313513781], [32.6845027567392, 46.54210240303453], [32.68450379935207, 46.54192241601831], [32.684764643777896, 46.54192313513781]], [[32.689211324938476, 46.53977542356412], [32.68894946284596, 46.53995470176968], [32.68895049068705, 46.5397747146091], [32.689211324938476, 46.53977542356412]]], [[[32.67673307689427, 46.57663866572346], [32.67959359321945, 46.57844660087092], [32.68221640546994, 46.57629405128955], [32.68377932162999, 46.576838348545685], [32.68508854839887, 46.57612200475837], [32.68509271599229, 46.575402060920005], [32.687439692440854, 46.57576847501979], [32.688747815629476, 46.5752320750689], [32.687969964813504, 46.57433001180997], [32.68665874569074, 46.57540636100506], [32.68509584158244, 46.574862102981314], [32.68273947343938, 46.57611551427407], [32.680135740878384, 46.57502833077768], [32.677002636962, 46.57519951647726], [32.67673307689427, 46.57663866572346]], [[32.683523545430134, 46.57593769720421], [32.68430447880818, 46.57629983255482], [32.68352249833558, 46.576117683128224], [32.683523545430134, 46.57593769720421]], [[32.681957500909554, 46.575933354163645], [32.68169544038543, 46.576112614131695], [32.681696493524726, 46.575932628239364], [32.681957500909554, 46.575933354163645]]], [[[32.693131074401876, 46.58478331720306], [32.6934063301211, 46.58226421515601], [32.69107538945982, 46.579018148488906], [32.68269642767911, 46.583494931689145], [32.68346384501018, 46.58619688576472], [32.68582271415161, 46.58458349142775], [32.68816286695933, 46.586209790858454], [32.687632482228395, 46.58764825169429], [32.68893677153513, 46.58783179397181], [32.688931623377144, 46.58873172212146], [32.68971688450282, 46.58837387776145], [32.68892544526165, 46.589811635712735], [32.689964610626895, 46.59071439843102], [32.692058336081416, 46.58982011149734], [32.69154231377999, 46.588738790967916], [32.69180950360383, 46.58765958048777], [32.692853759340395, 46.58766238885702], [32.69259371288675, 46.5874817019438], [32.693131074401876, 46.58478331720306]], [[32.68997076829819, 46.58963448490463], [32.68970866783381, 46.589813762701816], [32.68970969495192, 46.589633777104225], [32.68997076829819, 46.58963448490463]], [[32.69076627156744, 46.587476776903145], [32.69050418415334, 46.58765605662232], [32.69050520856103, 46.58747607094301], [32.69076627156744, 46.587476776903145]], [[32.69155252344103, 46.58693893408416], [32.691290441211265, 46.58711821563405], [32.69129146299735, 46.5869382299244], [32.69155252344103, 46.58693893408416]], [[32.69103347045499, 46.58639756801895], [32.69077138913828, 46.58657684839895], [32.69077241262299, 46.58639686268099], [32.69103347045499, 46.58639756801895]], [[32.69025542290472, 46.585495521586736], [32.69051135480081, 46.586396156747334], [32.68920915178474, 46.585852661034984], [32.69025542290472, 46.585495521586736]], [[32.69208381666342, 46.58532046885416], [32.69182174400623, 46.585499751695174], [32.69182276397618, 46.58531976592536], [32.69208381666342, 46.58532046885416]], [[32.69077855332514, 46.58531694825342], [32.690262598774524, 46.584235621263325], [32.690784693673905, 46.58423703362041], [32.69077855332514, 46.58531694825342]], [[32.68843114230872, 46.58495060220247], [32.688169059441414, 46.58512987666236], [32.68817009148711, 46.58494989094306], [32.68843114230872, 46.58495060220247]], [[32.684779561481044, 46.58440063334683], [32.68556582771838, 46.58386283141923], [32.685562705812494, 46.58440278852882], [32.684779561481044, 46.58440063334683]], [[32.69000257728841, 46.58405492841241], [32.689218409093804, 46.58423278940128], [32.68921943763437, 46.58405280363566], [32.69000257728841, 46.58405492841241]], [[32.69287510654528, 46.58388268756217], [32.69261304344023, 46.58406197228409], [32.6926140607402, 46.58388198645548], [32.69287510654528, 46.58388268756217]], [[32.690264648934544, 46.583875649690995], [32.69000462915657, 46.583694956837505], [32.69026567399981, 46.58369566389628], [32.690264648934544, 46.583875649690995]], [[32.69000462915657, 46.583694956837505], [32.6894835671467, 46.583513555145856], [32.690005655075886, 46.5835149710415], [32.69000462915657, 46.583694956837505]], [[32.688701465555724, 46.58333144105554], [32.688439391406675, 46.58351071620691], [32.68844042249941, 46.583330730431776], [32.688701465555724, 46.58333144105554]], [[32.689748718140706, 46.58279432016809], [32.68948665002883, 46.582973597750154], [32.6894876776365, 46.582793611940154], [32.689748718140706, 46.58279432016809]], [[32.69027079917866, 46.58279573483706], [32.6900087327748, 46.582975013619226], [32.69000975865476, 46.58279502780039], [32.69027079917866, 46.58279573483706]], [[32.69079390353453, 46.58261716128575], [32.691052898384754, 46.58297783820982], [32.69053081556013, 46.58297642710579], [32.69079390353453, 46.58261716128575]], [[32.69131496137248, 46.582798557027495], [32.6915749812486, 46.58297924693132], [32.691313939811785, 46.58297854286839], [32.69131496137248, 46.582798557027495]], [[32.689227665603795, 46.58261291730533], [32.68896559665765, 46.58279219369741], [32.68896662598314, 46.582612207890584], [32.689227665603795, 46.58261291730533]], [[32.68844557781477, 46.58243080147057], [32.68740349193301, 46.58206798151933], [32.68844660884818, 46.58225081566119], [32.68844557781477, 46.58243080147057]], [[32.69105903278496, 46.58189792310528], [32.69001386207621, 46.58207508446798], [32.690015913727905, 46.58171511276754], [32.69105903278496, 46.58189792310528]], [[32.69002104268496, 46.58081518341658], [32.689496925661985, 46.58117373939349], [32.68923897803097, 46.580633073004826], [32.69002104268496, 46.58081518341658]]], [[[32.744285229677416, 46.587428933419126], [32.745336228937006, 46.58599137034487], [32.74585497851552, 46.58671247769441], [32.75003112143282, 46.58690166718222], [32.74560486381106, 46.58437207170026], [32.742987565960085, 46.58580612957227], [32.744285229677416, 46.587428933419126]], [[32.74898770602994, 46.586719394144374], [32.74924959664998, 46.58653998003056], [32.74924876670815, 46.58671996664304], [32.74898770602994, 46.586719394144374]], [[32.74612360160042, 46.58509317801286], [32.74586086656672, 46.58545257161504], [32.745601495996574, 46.585092018187844], [32.74612360160042, 46.58509317801286]], [[32.746644030192634, 46.585454308693706], [32.74690257171658, 46.58599484635447], [32.74664151456651, 46.585994268508784], [32.746644030192634, 46.585454308693706]], [[32.74586086656672, 46.58545257161504], [32.74559897005092, 46.58563197799367], [32.745599812040886, 46.58545199139743], [32.74586086656672, 46.58545257161504]], [[32.746900058610144, 46.586534806129066], [32.74716195520647, 46.58635539680042], [32.747161118360324, 46.58653538338986], [32.746900058610144, 46.586534806129066]], [[32.74376988644847, 46.58598787289003], [32.743507980469154, 46.58616727444593], [32.743508829395466, 46.58598728789594], [32.74376988644847, 46.58598787289003]], [[32.74376988644847, 46.58598787289003], [32.744031790699765, 46.58580847072543], [32.74403094350961, 46.58598845728843], [32.74376988644847, 46.58598787289003]], [[32.746119400290524, 46.58599311103033], [32.74638129683858, 46.58581370347169], [32.74638045742449, 46.585993690067404], [32.746119400290524, 46.58599311103033]], [[32.74429284690501, 46.58580905452447], [32.74455474857242, 46.58562965115182], [32.74455390311839, 46.58580963772782], [32.74429284690501, 46.58580905452447]], [[32.74507939042504, 46.5850908559801], [32.744816648511836, 46.58545024717047], [32.74455728488587, 46.58508969138962], [32.74507939042504, 46.5850908559801]]], [[[32.75177720398758, 46.60472429488533], [32.75517211834921, 46.60473161028535], [32.75595798504409, 46.604193325728595], [32.75726370883129, 46.60419610352646], [32.753078033367316, 46.605807036877124], [32.748091107405074, 46.611195797316746], [32.75095416824964, 46.61336191694263], [32.754103910907304, 46.60994896482682], [32.756194097673244, 46.60977345045277], [32.75724521690662, 46.608335783833546], [32.75751441339966, 46.60653647701726], [32.75569036728434, 46.605632657358434], [32.759608439075954, 46.605460969248014], [32.76064749352364, 46.60672306244883], [32.75934250578582, 46.606540337039974], [32.76012279603036, 46.607261926866435], [32.75881380284368, 46.60797912587439], [32.762471658927886, 46.607626803122216], [32.761953278544034, 46.60672578683785], [32.760907858602316, 46.606903594650234], [32.76221758583665, 46.606006385276885], [32.75961003141629, 46.605100996922666], [32.760400620763455, 46.603482764567], [32.75727094369114, 46.60257622780297], [32.75858062623212, 46.601679059300096], [32.75675511401782, 46.60113522867039], [32.756240118721585, 46.59951424060271], [32.754151140870405, 46.59950977062509], [32.75730309106722, 46.59537677455758], [32.75000050362027, 46.59356116802194], [32.74896277814763, 46.59211898976058], [32.74660964370264, 46.59283375505907], [32.74635191255427, 46.592113230929726], [32.74818368649487, 46.59121733617489], [32.744791307529546, 46.59084984225091], [32.74610259303592, 46.58959284167503], [32.74191856906042, 46.59102338605008], [32.74454544813202, 46.587609503174264], [32.74219757135617, 46.58724425959183], [32.741150748891606, 46.587781861055184], [32.74219330475593, 46.588144191993564], [32.740625183575716, 46.58850062425922], [32.73958866506686, 46.586878373916875], [32.74037442679972, 46.586340194508054], [32.739072587951284, 46.585617278862415], [32.73801275904827, 46.588854648286464], [32.739317249775695, 46.589037616546484], [32.73801189184458, 46.5890346346676], [32.73800755570136, 46.589934566487734], [32.741401542923356, 46.58994228863441], [32.74086823959371, 46.592280929762225], [32.74217538280023, 46.59192390652454], [32.74295098080527, 46.593545546004385], [32.740600282404934, 46.593720228406305], [32.743203572443264, 46.59534599515625], [32.74215489614402, 46.596243577195736], [32.74658195694697, 46.59877330249042], [32.74631075797894, 46.60093255763935], [32.74892287861183, 46.600758332075635], [32.74812865135109, 46.603096429642996], [32.74916822449896, 46.60417864095971], [32.75152181729979, 46.60346382534835], [32.75151852562384, 46.604183769748985], [32.746810377175, 46.6057933378763], [32.746804506956416, 46.607053239547916], [32.74784746986399, 46.607415518543874], [32.74967641962439, 46.607239547125054], [32.75177720398758, 46.60472429488533]], [[32.75414951268844, 46.59986974315813], [32.75283734551083, 46.601306819781], [32.752053132039606, 46.60148511084419], [32.75310419947154, 46.600047480081535], [32.75414951268844, 46.59986974315813]], [[32.752053132039606, 46.60148511084419], [32.751791178438964, 46.60166453078323], [32.751792000394545, 46.601484544608276], [32.752053132039606, 46.60148511084419]], [[32.751791178438964, 46.60166453078323], [32.75126726604926, 46.60202336883487], [32.75126891344305, 46.601663396516244], [32.751791178438964, 46.60166453078323]], [[32.75415276902113, 46.59914979806926], [32.753892463482316, 46.5989692503642], [32.754153583084786, 46.598969811782794], [32.75415276902113, 46.59914979806926]], [[32.754154397140624, 46.598789825490634], [32.753633791219364, 46.59842872947711], [32.75415602522888, 46.598429852889204], [32.754154397140624, 46.598789825490634]], [[32.75573081554458, 46.59663334526355], [32.75441795541319, 46.598250427388535], [32.753636238480624, 46.597888770553276], [32.75573081554458, 46.59663334526355]], [[32.74713182368771, 46.592834910429104], [32.747391241142594, 46.59319545999031], [32.747130149409344, 46.593194883191856], [32.74713182368771, 46.592834910429104]], [[32.74687576151935, 46.59175441463858], [32.74661551552416, 46.59157385026042], [32.74687659946259, 46.59157442821806], [32.74687576151935, 46.59175441463858]], [[32.74479215234644, 46.590669855830896], [32.744531918466876, 46.59048928670285], [32.74479299715524, 46.590489869405175], [32.74479215234644, 46.590669855830896]], [[32.743758012836025, 46.58850768412238], [32.74323672444053, 46.588326526963826], [32.743758861004075, 46.58832769764283], [32.743758012836025, 46.58850768412238]], [[32.74036497392566, 46.58832004563319], [32.740103045480566, 46.58849943927482], [32.74010390574633, 46.588319452846804], [32.74036497392566, 46.58832004563319]], [[32.738802887781084, 46.587416547846054], [32.73906308791776, 46.58759713003421], [32.73880202323618, 46.58759653428398], [32.738802887781084, 46.587416547846054]], [[32.73827036434571, 46.58957519135528], [32.739054450653825, 46.58939699413721], [32.73905358688186, 46.58957698051616], [32.73827036434571, 46.58957519135528]], [[32.74243561567707, 46.59210448096562], [32.74269755386654, 46.5919250821165], [32.742696702078604, 46.59210506846736], [32.74243561567707, 46.59210448096562]], [[32.74811113286009, 46.606876135993865], [32.7475879818934, 46.6070549707763], [32.74758881792526, 46.60687498482949], [32.74811113286009, 46.606876135993865]], [[32.74991604146238, 46.611919751550346], [32.74965403037775, 46.6120991661551], [32.74965485971254, 46.6119191803392], [32.74991604146238, 46.611919751550346]], [[32.75280050573979, 46.609406192903585], [32.75306331140311, 46.60904678500976], [32.75306167547236, 46.6094067569105], [32.75280050573979, 46.609406192903585]], [[32.75306331140311, 46.60904678500976], [32.753325296501885, 46.60886736245099], [32.75332447941335, 46.609047348413434], [32.75306331140311, 46.60904678500976]], [[32.753325296501885, 46.60886736245099], [32.753588096078325, 46.60850795330596], [32.7535864636549, 46.60886792525496], [32.753325296501885, 46.60886736245099]], [[32.75515184466332, 46.609231261527455], [32.75567580116023, 46.608872406224485], [32.755674991857354, 46.60905239221845], [32.75515184466332, 46.609231261527455]], [[32.75385089217106, 46.60814854352789], [32.75358891227828, 46.60832796732289], [32.753589728470416, 46.60814798133415], [32.75385089217106, 46.60814854352789]], [[32.75385578396936, 46.60706862745456], [32.753597073847246, 46.606528107178825], [32.7548996062696, 46.607250856224326], [32.75385578396936, 46.60706862745456]], [[32.75568632139108, 46.60653258778424], [32.75542435535394, 46.60671201585959], [32.75542516542084, 46.60653202979501], [32.75568632139108, 46.60653258778424]], [[32.748375624007224, 46.60615676679444], [32.74785498622167, 46.60579564488758], [32.74837729079311, 46.60579679481655], [32.748375624007224, 46.60615676679444]], [[32.75595394378572, 46.60509325639979], [32.755691985587305, 46.60527268514823], [32.75569279472714, 46.60509269903457], [32.75595394378572, 46.60509325639979]], [[32.75726129707252, 46.604736061998366], [32.756738196680466, 46.60491493878562], [32.75673900234524, 46.60473495264665], [32.75726129707252, 46.604736061998366]], [[32.757521641377586, 46.60491660192944], [32.7585694328113, 46.604198866422315], [32.759088530979646, 46.60491991212251], [32.757521641377586, 46.60491660192944]], [[32.75543569558343, 46.6041922104369], [32.75517374003402, 46.60437163803209], [32.75517455086475, 46.60419165189692], [32.75543569558343, 46.6041922104369]], [[32.75204163605089, 46.60400491682437], [32.75177967023285, 46.60418433663407], [32.751780492298835, 46.60400435053892], [32.75204163605089, 46.60400491682437]], [[32.756220744505434, 46.60383391016499], [32.7559587932725, 46.60401333957726], [32.75595960149316, 46.60383335342022], [32.756220744505434, 46.60383391016499]], [[32.75570007663635, 46.603472823755176], [32.75491502952168, 46.60383112048041], [32.75491584119391, 46.60365113433162], [32.75570007663635, 46.603472823755176]], [[32.75778760274145, 46.60383723811609], [32.75804954710201, 46.60365780449789], [32.75804874580777, 46.60383779068837], [32.75778760274145, 46.60383723811609]], [[32.75804954710201, 46.60365780449789], [32.75831148973292, 46.60347837027102], [32.75831068931119, 46.60365835647064], [32.75804954710201, 46.60365780449789]], [[32.75648430695196, 46.60329450778751], [32.75622397385125, 46.60311396546592], [32.75674786414772, 46.60275510474183], [32.75648430695196, 46.60329450778751]], [[32.75700980670159, 46.60257567346674], [32.75674947528406, 46.6023951323214], [32.75701061140112, 46.6023956872502], [32.75700980670159, 46.60257567346674]], [[32.756751891930605, 46.60185517364802], [32.75596768327329, 46.60203349153636], [32.75570978487063, 46.60131298933116], [32.756751891930605, 46.60185517364802]], [[32.74970128976382, 46.60183996555147], [32.74943932670647, 46.60201938007574], [32.74944015646055, 46.6018393939442], [32.74970128976382, 46.60183996555147]], [[32.75101355263922, 46.60040292521884], [32.751276326323946, 46.6000435208003], [32.75153580551346, 46.60040406062819], [32.75101355263922, 46.60040292521884]], [[32.74892869843848, 46.599498428805994], [32.74866674415556, 46.59967784165213], [32.748667576400074, 46.59949785545723], [32.74892869843848, 46.599498428805994]], [[32.7489353491904, 46.59805853901298], [32.74867256969952, 46.598417938168176], [32.74867423406881, 46.59805796569288], [32.7489353491904, 46.59805853901298]], [[32.74658783062756, 46.59751339900858], [32.74580785987055, 46.596791716273586], [32.74763812961088, 46.59625580387823], [32.74658783062756, 46.59751339900858]], [[32.74711256754701, 46.596974595824115], [32.74737284097797, 46.59715515895501], [32.74711173022713, 46.59715458207723], [32.74711256754701, 46.596974595824115]], [[32.74502368874641, 46.59696995937729], [32.7447617338321, 46.597149363360266], [32.744762578932686, 46.596969377139764], [32.74502368874641, 46.59696995937729]], [[32.75494911305194, 46.59627169732422], [32.75364357984183, 46.596268893474], [32.75390631606681, 46.59590948268187], [32.75494911305194, 46.59627169732422]], [[32.74789923605521, 46.59625637954615], [32.74868505169083, 46.59571814404773], [32.74868338752909, 46.59607811667123], [32.74789923605521, 46.59625637954615]], [[32.7492072594646, 46.595719289998854], [32.748946986778165, 46.59553873099736], [32.749208920136596, 46.595359317338236], [32.7492072594646, 46.595719289998854]], [[32.75024919441361, 46.596261533741284], [32.75051112697912, 46.59608211712187], [32.75051030093765, 46.59626210345006], [32.75024919441361, 46.596261533741284]], [[32.75051112697912, 46.59608211712187], [32.751296914301975, 46.59554386361125], [32.75129444400531, 46.59608382266204], [32.75051112697912, 46.59608211712187]], [[32.74581206792156, 46.59589178498441], [32.74555180572098, 46.59571121828512], [32.74581290950755, 46.595711798709466], [32.74581206792156, 46.59589178498441]], [[32.74555180572098, 46.59571121828512], [32.745291545249316, 46.595530650991485], [32.74555264816334, 46.595531232008106], [32.74555180572098, 46.59571121828512]], [[32.749729467270235, 46.59572043356637], [32.74946753387996, 46.59589984840589], [32.74946836336344, 46.595719862080564], [32.749729467270235, 46.59572043356637]], [[32.74398772603445, 46.59516776444246], [32.74372577642069, 46.59534716612066], [32.74372662489796, 46.59516717985775], [32.74398772603445, 46.59516776444246]], [[32.744248827179064, 46.59516834843127], [32.74425560087383, 46.59372845806432], [32.745292388548044, 46.595350664712406], [32.744248827179064, 46.59516834843127]], [[32.75182158554441, 46.59500503851386], [32.75129856112693, 46.595183890882225], [32.751299384527556, 46.59500390450916], [32.75182158554441, 46.59500503851386]], [[32.74817451639046, 46.59319718681059], [32.74869420400968, 46.593738294210944], [32.74764899114566, 46.59391598167885], [32.74817451639046, 46.59319718681059]], [[32.7476506620308, 46.59355600894728], [32.747390404855715, 46.59337544636674], [32.74765149746135, 46.593376022572954], [32.7476506620308, 46.59355600894728]], [[32.74869669992904, 46.59319833504484], [32.74895862280312, 46.59301892186451], [32.7489577917103, 46.59319890826819], [32.74869669992904, 46.59319833504484]], [[32.74895862280312, 46.59301892186451], [32.74922054394853, 46.59283950807547], [32.74921971372802, 46.59301949448844], [32.74895862280312, 46.59301892186451]], [[32.7429552356684, 46.59264561440269], [32.74269329484515, 46.59282501381386], [32.74269414666577, 46.59264502748579], [32.7429552356684, 46.59264561440269]], [[32.743477413698116, 46.592646786449], [32.7432154745872, 46.59282618705918], [32.743216324679175, 46.59264620072376], [32.743477413698116, 46.592646786449]], [[32.7447820140088, 46.5928296924949], [32.74426491385541, 46.59174860821404], [32.74269840564631, 46.59174509575991], [32.74322482515047, 46.590846337056185], [32.74452938142348, 46.59102924595198], [32.7447820140088, 46.5928296924949]], [[32.74791592825969, 46.59265665261458], [32.747654003704895, 46.59283606341576], [32.74765483910339, 46.59265607701862], [32.74791592825969, 46.59265665261458]], [[32.74870085963502, 46.59229840298733], [32.74843893939382, 46.59247781560538], [32.74843977218336, 46.592297829186066], [32.74870085963502, 46.59229840298733]], [[32.74582973953199, 46.59211207201361], [32.74556781074411, 46.59229147804714], [32.745568653032954, 46.59211149166181], [32.74582973953199, 46.59211207201361]], [[32.7450515439937, 46.59103041078269], [32.74478961787144, 46.59120981507385], [32.74479046270454, 46.59102982866524], [32.7450515439937, 46.59103041078269]], [[32.7421864777699, 46.589584083539904], [32.74192454920975, 46.589763481311984], [32.74192540348401, 46.589583494898015], [32.7421864777699, 46.589584083539904]], [[32.74192625775009, 46.58940350847837], [32.74218818456552, 46.589224110687525], [32.742187331171806, 46.58940409711657], [32.74192625775009, 46.58940350847837]], [[32.74218818456552, 46.589224110687525], [32.742711181362395, 46.58904529972718], [32.74271032970518, 46.58922528616927], [32.74218818456552, 46.589224110687525]], [[32.741927966257656, 46.589043535621954], [32.74166774967809, 46.58886295996225], [32.74192967473245, 46.588683562742716], [32.741927966257656, 46.589043535621954]], [[32.74323502463978, 46.58868649990257], [32.74297310386524, 46.58886590011927], [32.742973954641975, 46.58868591366212], [32.74323502463978, 46.58868649990257]], [[32.7390596331116, 46.58831707574383], [32.73958349337564, 46.587958292628535], [32.73958263139817, 46.58813827906052], [32.7390596331116, 46.58831707574383]], [[32.74402162388154, 46.58796830910523], [32.743759709163996, 46.58814771115759], [32.74376055731578, 46.587967724666655], [32.74402162388154, 46.58796830910523]], [[32.74245692952926, 46.5876048205753], [32.74219501142058, 46.58778421904998], [32.74219586474063, 46.58760423256962], [32.74245692952926, 46.5876048205753]]], [[[32.71030191296931, 46.59580737637728], [32.711562543148695, 46.60426999945374], [32.71364031594921, 46.606435073420826], [32.71494703327221, 46.60625834882055], [32.71494231255042, 46.607158276186716], [32.71677511007328, 46.606262888993214], [32.72069056878157, 46.60663249071603], [32.72227589994328, 46.603036592530586], [32.7225131445728, 46.60771685259433], [32.72406365862508, 46.610960381975296], [32.72588644676024, 46.61204468975117], [32.728500064544924, 46.611690946611965], [32.72773726765128, 46.60754941626051], [32.72931050558221, 46.60629323473027], [32.72958151188523, 46.604314009179845], [32.7254041059752, 46.604124071049924], [32.72855041762339, 46.60161174839005], [32.72751762080974, 46.59926944905864], [32.72098591553862, 46.5999736580506], [32.7204803282957, 46.59673263837964], [32.71709622646962, 46.59474445025066], [32.71737323167095, 46.59168533467173], [32.715561651884826, 46.588621043035275], [32.714517375592436, 46.58861844189902], [32.7139791424406, 46.59167689944463], [32.71657402942708, 46.594743157748425], [32.71447862449824, 46.595997864675205], [32.714735006530326, 46.596898444991076], [32.71343515539452, 46.59581526754685], [32.71290724499508, 46.596893872922124], [32.71187139588599, 46.5952713753549], [32.71030191296931, 46.59580737637728]], [[32.71499800264097, 46.596539124180545], [32.71526005251181, 46.596359788543126], [32.71525910974808, 46.596539774345516], [32.71499800264097, 46.596539124180545]], [[32.7131674040516, 46.597074513615276], [32.713689623334865, 46.59707582171663], [32.71420995012947, 46.59743709895517], [32.7131674040516, 46.597074513615276]], [[32.71447106153195, 46.59743775092826], [32.7147331174815, 46.597258416539674], [32.714732172943506, 46.59743840230541], [32.71447106153195, 46.59743775092826]]], [[[32.76767564902989, 46.61213718118226], [32.766897505100665, 46.61087568495868], [32.76872344630256, 46.611419353599054], [32.77081592105827, 46.61070361381257], [32.7676933487656, 46.607997500509725], [32.764558610537165, 46.608171080176184], [32.7627265329389, 46.609067233889746], [32.762984560835164, 46.609787719538225], [32.76246221733236, 46.609786636224975], [32.76220498404799, 46.60888616333125], [32.76142227211318, 46.608704546076844], [32.760630843647135, 46.610502769938364], [32.758810607263015, 46.60869907009632], [32.75724280461559, 46.60887574191219], [32.75775711499317, 46.610676708999605], [32.756716440809285, 46.60977456238343], [32.75566770778203, 46.610672265907695], [32.75644316722922, 46.61247379575645], [32.75461812719867, 46.61174994550511], [32.753568504929646, 46.61282761518949], [32.753562789994774, 46.61408751595378], [32.75668258713859, 46.617333968610524], [32.755370873749754, 46.61859108351993], [32.75666968691303, 46.62021373976683], [32.75823861989835, 46.61985709109819], [32.75719695789065, 46.61913493566076], [32.76033393995405, 46.61860158777543], [32.760336322337075, 46.61806163049614], [32.76138037768839, 46.618243800223105], [32.76059436076412, 46.61878212041899], [32.76163369173274, 46.62004420223432], [32.76503034458477, 46.61987124112694], [32.76398859176881, 46.61914914736028], [32.7650365732421, 46.61843135476627], [32.76373676936426, 46.61698877846179], [32.764524289599485, 46.61609046464329], [32.7603394987411, 46.61734168737729], [32.76165185678746, 46.61590452910527], [32.759562247912335, 46.61590015676661], [32.75929865434365, 46.61643956498416], [32.75747665715075, 46.614995817197766], [32.76087459151114, 46.61446300702005], [32.76061815577504, 46.613382545386344], [32.76218607773737, 46.613205827677334], [32.76166843877139, 46.6121248249198], [32.76453677161696, 46.61321068974994], [32.766891327404025, 46.61231557342107], [32.76636586350392, 46.61303445196827], [32.76714479725619, 46.61411596538537], [32.76923510316494, 46.6139402131017], [32.76898079950769, 46.61231981165345], [32.77001944063052, 46.61376180487451], [32.77158810016162, 46.61340497224451], [32.770550944349665, 46.611603020914814], [32.76767564902989, 46.61213718118226]], [[32.76373676936426, 46.61698877846179], [32.7634747792864, 46.61716822459735], [32.76347556297535, 46.616988238756925], [32.76373676936426, 46.61698877846179]], [[32.760338704651524, 46.617521673165555], [32.75824342646235, 46.61877717689255], [32.75719856697218, 46.61877496426375], [32.759032660293535, 46.61751892986391], [32.760338704651524, 46.617521673165555]], [[32.7611278716506, 46.61626341128104], [32.7608674611044, 46.61608287979139], [32.761128663090616, 46.61608342544265], [32.7611278716506, 46.61626341128104]], [[32.75982026591157, 46.6166206486699], [32.76008306028975, 46.61626122508437], [32.76060546595495, 46.61626231937537], [32.75982026591157, 46.6166206486699]], [[32.76532422363726, 46.61231236970432], [32.76480419323161, 46.61177133897828], [32.76506537456357, 46.61177187560412], [32.76532422363726, 46.61231236970432]], [[32.76480653062137, 46.61123138087651], [32.76428261145795, 46.61159027791636], [32.76428417317106, 46.61123030585626], [32.76480653062137, 46.61123138087651]], [[32.766891327404025, 46.61231557342107], [32.76715328276392, 46.61213611924581], [32.76715251139114, 46.612316105286986], [32.766891327404025, 46.61231557342107]], [[32.76871884928016, 46.61249927001662], [32.76819724741351, 46.61231822678818], [32.76872038165037, 46.61213929790023], [32.76871884928016, 46.61249927001662]], [[32.763470860728845, 46.618068153714034], [32.76242286564762, 46.618785931986594], [32.76216480293318, 46.618065446143014], [32.763470860728845, 46.618068153714034]], [[32.758527044096056, 46.61373812612312], [32.75773945911031, 46.61463639890749], [32.75722269948991, 46.61337539057286], [32.758527044096056, 46.61373812612312]], [[32.7548687513295, 46.61409032153955], [32.75460674605758, 46.61426974742966], [32.75460755904693, 46.61408976161497], [32.7548687513295, 46.61409032153955]], [[32.7561779439714, 46.61337316881861], [32.7556523282239, 46.6140919977356], [32.75512994361985, 46.61409088086785], [32.7561779439714, 46.61337316881861]], [[32.7603545849954, 46.61392195631751], [32.759311413513714, 46.61355979136034], [32.76009736735247, 46.61302147936725], [32.7603545849954, 46.61392195631751]], [[32.768453829003064, 46.613398671899645], [32.767930681750556, 46.613577599505604], [32.76793145057929, 46.613397613494364], [32.768453829003064, 46.613398671899645]], [[32.7569639260642, 46.6128348783879], [32.75670032171518, 46.61337428088828], [32.75670273977649, 46.61283432325788], [32.7569639260642, 46.6128348783879]], [[32.767150197228375, 46.612856063376334], [32.76688823837788, 46.613035517515506], [32.76688901064553, 46.61285553150045], [32.767150197228375, 46.612856063376334]], [[32.761408836599585, 46.61176430858461], [32.76114607284988, 46.61212373555608], [32.761147655373044, 46.61176376361143], [32.761408836599585, 46.61176430858461]], [[32.76193198772999, 46.611585410751175], [32.76010610934112, 46.61104163385334], [32.76193356501648, 46.61122543875191], [32.76193198772999, 46.611585410751175]], [[32.766637101086445, 46.61069516644302], [32.766901365920276, 46.60997575448449], [32.767159453479785, 46.61069623071124], [32.766637101086445, 46.61069516644302]], [[32.758020695665515, 46.61013730376434], [32.75775871988863, 46.61031673705301], [32.75775952232481, 46.61013675107119], [32.758020695665515, 46.61013730376434]], [[32.763506120979855, 46.60996878653508], [32.763244164083645, 46.610148232424876], [32.76324494834452, 46.60996824636556], [32.763506120979855, 46.60996878653508]], [[32.766380568199324, 46.60961471683422], [32.765078604175336, 46.608712112292345], [32.7658621040941, 46.6087137184218], [32.766380568199324, 46.60961471683422]], [[32.758285872428274, 46.60923792583206], [32.75802390187281, 46.609417359766155], [32.758024703405404, 46.60923737375237], [32.758285872428274, 46.60923792583206]]], [[[32.74857014958713, 46.62055620157862], [32.75040367511039, 46.61948029199359], [32.749357972176306, 46.61965799331485], [32.748580980190454, 46.61821638919616], [32.74727073318926, 46.61911343950613], [32.74779985119004, 46.61767470764505], [32.74910672950672, 46.61749759354897], [32.74649884406821, 46.61659190753829], [32.74598401034427, 46.61497087801692], [32.74284624688186, 46.615683818529845], [32.74466364712456, 46.61802772625447], [32.743352489765556, 46.61910471711776], [32.745439688834985, 46.61964934233073], [32.745433783982044, 46.62090924080313], [32.74674578308112, 46.619652240902084], [32.747262358397094, 46.62091329480558], [32.750393749717745, 46.6216401186639], [32.74857014958713, 46.62055620157862]], [[32.74674578308112, 46.619652240902084], [32.747269058295124, 46.61947341061163], [32.747268220836, 46.619653396155826], [32.74674578308112, 46.619652240902084]], [[32.748050207779634, 46.62001509565635], [32.74831059440345, 46.62019565614811], [32.74804937289316, 46.620195081194254], [32.748050207779634, 46.62001509565635]], [[32.74596465184575, 46.61911054695302], [32.74622418627981, 46.619471097733005], [32.74596296829613, 46.61947051802236], [32.74596465184575, 46.61911054695302]], [[32.74674913979378, 46.61893229871998], [32.747009516904455, 46.61911286218829], [32.746748300627694, 46.61911228427405], [32.74674913979378, 46.61893229871998]], [[32.74492147735782, 46.61874825111249], [32.74518184749579, 46.618928818732186], [32.74492063214111, 46.61892823664687], [32.74492147735782, 46.61874825111249]], [[32.74596633536306, 46.61875057586089], [32.74648792439061, 46.61893172021298], [32.74596549360844, 46.61893056140981], [32.74596633536306, 46.61875057586089]], [[32.74649296441107, 46.617851806790526], [32.74675333550344, 46.61803237086411], [32.74649212442781, 46.61803179237518], [32.74649296441107, 46.617851806790526]], [[32.74727659506565, 46.617853540457375], [32.7475369687786, 46.618034102752695], [32.74727575767884, 46.61803352605287], [32.74727659506565, 46.617853540457375]], [[32.74597727743806, 46.616410763206275], [32.746233435882274, 46.61749125652967], [32.745710176400664, 46.61767008217692], [32.744931619325854, 46.616588424255255], [32.74597727743806, 46.616410763206275]]], [[[32.5653953585948, 46.69272153343421], [32.56175964118034, 46.68946793072984], [32.55705174076746, 46.68944980307979], [32.557301526421725, 46.690890652741075], [32.56747639171523, 46.69416930054734], [32.567753760858196, 46.69219051071024], [32.5653953585948, 46.69272153343421]], [[32.559135353774, 46.69053776214125], [32.559922943216904, 46.69018082314607], [32.559921481366324, 46.69036080289231], [32.559135353774, 46.69053776214125]]], [[[32.776080983576236, 46.60063472222878], [32.78053033531657, 46.59812351201069], [32.77583395913339, 46.59721446600495], [32.7737413209218, 46.59811028687521], [32.77582802110203, 46.59865435881912], [32.7750431758771, 46.5990127943193], [32.77321758741662, 46.59846922598674], [32.77322209281429, 46.597389306569106], [32.77217688903968, 46.597567218030605], [32.771911999704116, 46.59846663051283], [32.77530057586662, 46.59991324019875], [32.77477459776716, 46.60081214584128], [32.77503051170593, 46.6020725649815], [32.77633618631665, 46.602075125017585], [32.776080983576236, 46.60063472222878]], [[32.77295797341689, 46.598108734973934], [32.77243498827883, 46.59828768394464], [32.77243574178299, 46.59810769739332], [32.77295797341689, 46.598108734973934]], [[32.77503572661478, 46.60081265961414], [32.77555724109532, 46.60099367187636], [32.775034981649235, 46.60099264611228], [32.77503572661478, 46.60081265961414]], [[32.77582282495075, 46.599914264732384], [32.77556095720465, 46.600093739296604], [32.77556170040513, 46.59991375276357], [32.77582282495075, 46.599914264732384]], [[32.77634581466273, 46.5997353003337], [32.776083949503494, 46.59991477610521], [32.77608469096753, 46.59973478956007], [32.77634581466273, 46.5997353003337]], [[32.776871756318435, 46.598836387234016], [32.776346555255, 46.599555313779675], [32.776088398181, 46.59883485674891], [32.776871756318435, 46.598836387234016]], [[32.778178087860304, 46.598658939518344], [32.77765511451966, 46.598837912355386], [32.77765585075337, 46.59865792575695], [32.778178087860304, 46.598658939518344]], [[32.778699592220136, 46.598839937506945], [32.77843773913752, 46.59901941871524], [32.77843847278445, 46.59883943211301], [32.778699592220136, 46.598839937506945]], [[32.77791844002035, 46.598298459715345], [32.77765658698002, 46.59847793915284], [32.777657323199605, 46.59829795254301], [32.77791844002035, 46.598298459715345]]], [[[32.79775128382332, 46.60157502333236], [32.795403120573944, 46.60103088431725], [32.79173833202476, 46.60336411459423], [32.79408724100329, 46.603728342077574], [32.795395667444694, 46.60301073804991], [32.79539702261761, 46.602650764695255], [32.797746595357964, 46.60283493039612], [32.79775128382332, 46.60157502333236]], [[32.79435451363404, 46.60210893182736], [32.79461496888979, 46.60228938760821], [32.79435383261126, 46.602288918512926], [32.79435451363404, 46.60210893182736]], [[32.79252175624943, 46.60336553802667], [32.79304540986445, 46.60300651072225], [32.793044724484936, 46.603186497364625], [32.79252175624943, 46.60336553802667]], [[32.794610887804666, 46.60336930761958], [32.79435110845478, 46.60300886519822], [32.79461224819247, 46.603009334305234], [32.794610887804666, 46.60336930761958]], [[32.79382951177751, 46.602827938539114], [32.793567689280906, 46.60300745430083], [32.79356837292424, 46.60282746764687], [32.79382951177751, 46.602827938539114]], [[32.796443597126405, 46.60211266787702], [32.796181786697744, 46.602292189662975], [32.79618246166714, 46.60211220295697], [32.796443597126405, 46.60211266787702]], [[32.794878143035035, 46.60174989601608], [32.79461632919929, 46.601929414225516], [32.794617009344265, 46.60174942752562], [32.794878143035035, 46.60174989601608]], [[32.797228346544266, 46.601754085608654], [32.79696654043296, 46.601933609208615], [32.79696721279514, 46.6017536224825], [32.797228346544266, 46.601754085608654]]], [[[32.7661496058701, 46.602594720586794], [32.75936083680104, 46.60240065478753], [32.76066176217662, 46.60348331117169], [32.76117534461325, 46.605464250890044], [32.763001831535675, 46.60582802474066], [32.76248345939375, 46.60492701058973], [32.764838468206136, 46.60385194834561], [32.76353431822147, 46.603489284483096], [32.76640764878008, 46.603315199360054], [32.7661496058701, 46.602594720586794]], [[32.76248739250501, 46.604027079460636], [32.761968257662936, 46.603306049001], [32.76275167946713, 46.60330767628756], [32.76248739250501, 46.604027079460636]], [[32.761185626820286, 46.603124430101154], [32.761445976497946, 46.60330496116298], [32.76118483592681, 46.603304416349886], [32.761185626820286, 46.603124430101154]]], [[[32.788323864999086, 46.608397506404884], [32.78753755342703, 46.60911599970746], [32.7893671317903, 46.608759407309385], [32.790929287917955, 46.61002218647093], [32.79354375763178, 46.60930698360077], [32.7911966862328, 46.60840278559164], [32.790419437199546, 46.60678147473534], [32.787024386388, 46.60677520504828], [32.788323864999086, 46.608397506404884]], [[32.79014924346262, 46.60912081995465], [32.79040971824895, 46.6093012851193], [32.79014854834348, 46.60930080637061], [32.79014924346262, 46.60912081995465]], [[32.79015271895831, 46.6082208877893], [32.78937201551011, 46.60749950222128], [32.789633176745, 46.607499982728505], [32.79015271895831, 46.6082208877893]]], [[[32.78466754824395, 46.60839068311005], [32.781529945254164, 46.60928467320174], [32.78152343193728, 46.61090454978159], [32.78387044957204, 46.611808945749665], [32.78361428547826, 46.610548548112035], [32.78518560985348, 46.60947158322226], [32.78466754824395, 46.60839068311005]]], [[[32.77993449640868, 46.61630113125853], [32.77810239686807, 46.617197529879114], [32.77835405723244, 46.61953785402125], [32.77913625028902, 46.61989934141135], [32.78070575443326, 46.6193623983859], [32.78175496598793, 46.61828448027326], [32.78358345680434, 46.618287953625824], [32.78306462486025, 46.6173870339197], [32.78149447705627, 46.61810399566428], [32.78176653553799, 46.61540470305536], [32.78359349544354, 46.61576814833599], [32.78229037636419, 46.61504572605691], [32.78098221262086, 46.61558319178933], [32.78151112747072, 46.61396431539554], [32.778373150637265, 46.61485821739928], [32.77993449640868, 46.61630113125853]], [[32.78018331821734, 46.61936139582349], [32.77992355861174, 46.61900092168737], [32.78018477497812, 46.61900142385689], [32.78018331821734, 46.61936139582349]], [[32.78098656636232, 46.61450327504693], [32.78072464513945, 46.61468276087962], [32.78072537161096, 46.61450277474476], [32.78098656636232, 46.61450327504693]], [[32.78018623171094, 46.618641451867504], [32.77992574629708, 46.61846096370416], [32.78018768841581, 46.61828147985533], [32.78018623171094, 46.618641451867504]], [[32.7807093876274, 46.61846246839534], [32.780447446353236, 46.61864195343436], [32.780448173843645, 46.61846196742799], [32.7807093876274, 46.61846246839534]], [[32.780453266081025, 46.61720206522383], [32.77940624251833, 46.61774001356258], [32.77836066702703, 46.617917980241806], [32.77862481219955, 46.617198541907946], [32.780453266081025, 46.61720206522383]], [[32.78071810658218, 46.61630263583686], [32.780456175777395, 46.616482120981836], [32.78045690318403, 46.61630213490709], [32.78071810658218, 46.61630263583686]], [[32.7815038886116, 46.615764176752265], [32.78124196299927, 46.615943663722064], [32.78124268778878, 46.615763677620855], [32.7815038886116, 46.615764176752265]], [[32.78072173918371, 46.61540270536203], [32.78046126747731, 46.61522221833898], [32.78072319217552, 46.61504273313222], [32.78072173918371, 46.61540270536203]]], [[[32.42712336067402, 46.48494574723603], [32.422435136705026, 46.48474217723516], [32.42242561233408, 46.48564208916746], [32.426596561581924, 46.4854830834406], [32.43073369206933, 46.48856361217145], [32.43225597373542, 46.4925309986703], [32.431708527993514, 46.49504816408322], [32.435824330291545, 46.5002882956385], [32.43631770199752, 46.50299060014696], [32.4248529380631, 46.50257354274815], [32.42484534577559, 46.503293470356915], [32.42249758692379, 46.503461632141125], [32.422725850285495, 46.506522637958945], [32.43290680197017, 46.50513363670071], [32.443329524779905, 46.50554481965156], [32.44307989114773, 46.50446365634494], [32.45115301572451, 46.50522264480047], [32.459467410274186, 46.507962107560324], [32.468807860285644, 46.5125056448889], [32.472681749908475, 46.51630338080682], [32.46799240085981, 46.515921684506516], [32.46746394252426, 46.516639189235605], [32.4669653889916, 46.51429698418948], [32.461524366585735, 46.51085166856812], [32.456069669416685, 46.5088459565805], [32.454237715546554, 46.509557195087254], [32.45268627211516, 46.50828984351399], [32.450589987473, 46.509359740978525], [32.45133942929128, 46.51260317905536], [32.447933978664686, 46.51420671316397], [32.448181929633336, 46.515467846879226], [32.455449444322106, 46.518742513703216], [32.4561813405967, 46.52378573875628], [32.45956930463481, 46.52398178659386], [32.462194575409555, 46.522194252365196], [32.46530935987065, 46.52364878081357], [32.46321804590759, 46.52417895811757], [32.45487579152357, 46.52395951512256], [32.447853766995095, 46.52212592705527], [32.44495995002764, 46.52463179258301], [32.440249754421416, 46.526228756472925], [32.43997049662604, 46.52802729622493], [32.4366065482102, 46.52549090747048], [32.43530276295725, 46.52548447838945], [32.43319985938027, 46.52709399378734], [32.431635272026185, 46.52708623030842], [32.43163714927629, 46.52690624895376], [32.43111562202443, 46.52690365638834], [32.431111864061556, 46.52726361905949], [32.43371951826322, 46.527276558271886], [32.43660282670185, 46.52585087057235], [32.438923712732006, 46.52838214769483], [32.440488339255644, 46.528389811646846], [32.440506819402046, 46.52658999551234], [32.445740379656435, 46.52481556758057], [32.44758025541614, 46.52338454199275], [32.45147516623298, 46.525023202663476], [32.45042851418614, 46.525378160178214], [32.451199910472084, 46.52646180789619], [32.45510234958426, 46.527380417650384], [32.45430382692161, 46.5289965264519], [32.450390393661976, 46.529157780546214], [32.454037642089375, 46.529535228000185], [32.45189167512954, 46.53546465104505], [32.454731712008595, 46.53835806963313], [32.45339510413043, 46.541591514826344], [32.45572103519106, 46.54376248737158], [32.45336981416881, 46.54411125609504], [32.45234271565766, 46.542486432085475], [32.44922720801839, 46.541031552163936], [32.44969249590387, 46.546613485458295], [32.44653475153289, 46.54929810070119], [32.44940069934003, 46.549671911179374], [32.449940628310266, 46.547874609032874], [32.451234069630225, 46.548960761238526], [32.45643889824528, 46.55024554137275], [32.45669259090322, 46.5509667061914], [32.45303846507261, 46.5511292823096], [32.45091148714116, 46.55507886877911], [32.45431220154582, 46.55419519288736], [32.45350602766632, 46.55653121121127], [32.456124084466005, 46.55564373994428], [32.45663511022625, 46.556726106826844], [32.455323369077945, 46.557439827364206], [32.4579306868446, 46.557632201936016], [32.45898327894112, 46.556737236491955], [32.45975171203775, 46.558180785651196], [32.458175474998136, 46.559253268537574], [32.4589671791923, 46.558357067487236], [32.456883447581475, 46.55798721399582], [32.455049845204236, 46.55869845237192], [32.45764646207155, 46.55997072012558], [32.45159264260318, 46.5651615546614], [32.45315471239628, 46.56552901143133], [32.453401199487, 46.566970104801406], [32.457310164465206, 46.56752868380663], [32.4559981704319, 46.568242409660975], [32.4572688751095, 46.571668241991304], [32.45961053825622, 46.57239928448737], [32.46119247745672, 46.570786843203706], [32.46353948008664, 46.57097786278779], [32.462479572294455, 46.57259279052602], [32.463258972764656, 46.57295642846778], [32.45856123355018, 46.57293429057216], [32.45804643440348, 46.57221189602218], [32.45256581893075, 46.5721858003198], [32.45181007604044, 46.569482342122726], [32.44764554453634, 46.5683823736328], [32.44291320091286, 46.571779222799876], [32.44240599898803, 46.5703368374198], [32.44264853426222, 46.572137912134224], [32.43975365197749, 46.574463631179356], [32.44966043125632, 46.57559165446991], [32.45461939106275, 46.57561540342801], [32.45672355275013, 46.57400551320573], [32.457238351036516, 46.574727913479855], [32.46323943956071, 46.57493621759604], [32.462703228194606, 46.57637361326725], [32.46659355247189, 46.578911665554386], [32.47072249697683, 46.58379054390723], [32.473867142211205, 46.58254512762965], [32.475088916341406, 46.59119019959231], [32.473508531589715, 46.59262284600415], [32.47528571855218, 46.597850676844416], [32.474721763940614, 46.60216780869373], [32.47210875274371, 46.60233576962718], [32.47130611217086, 46.6043119337157], [32.46688621441504, 46.60231155216025], [32.46114321455511, 46.60210465772864], [32.46035447685087, 46.602640904773665], [32.46138828696873, 46.603725706103596], [32.45956214403521, 46.6035371058472], [32.458245717639315, 46.60461080890286], [32.458260070830256, 46.60317097101892], [32.4559044912965, 46.603699757069386], [32.45509582772482, 46.60621574312062], [32.454047631404585, 46.60657072212119], [32.45431420013566, 46.60603202942132], [32.4535325778741, 46.6058483103985], [32.4490548259496, 46.60960658486535], [32.45034606558505, 46.61105270018482], [32.450068501959585, 46.61267125826964], [32.44662738597749, 46.61715436325614], [32.44842652560402, 46.62004285591402], [32.44912435903216, 46.628505635701664], [32.4509203621037, 46.63175404283045], [32.45249159816361, 46.6314015979747], [32.45195271516895, 46.63301890408951], [32.453498616837365, 46.6351861462862], [32.45035409544845, 46.63607101910191], [32.449283378904305, 46.63858569103964], [32.44638704677864, 46.64073155862208], [32.44607797676005, 46.64540972533718], [32.44345172512347, 46.64665688903922], [32.43614358963226, 46.645721171691925], [32.43168394648248, 46.647318989137595], [32.431969780292626, 46.64498057818758], [32.43119522123319, 46.64407679507979], [32.4264380918831, 46.64909268071845], [32.42876750488393, 46.65126417637895], [32.43163870146744, 46.6516384487625], [32.4366344933246, 46.6487833673888], [32.44186332780646, 46.6486290072956], [32.44420071607484, 46.650080280305254], [32.44681243759747, 46.65027292438854], [32.44783038913323, 46.652977642881055], [32.449924996837815, 46.652627758847835], [32.45285631257714, 46.64706222332991], [32.452360875133635, 46.64436004904202], [32.45656015406424, 46.64258020181502], [32.459205635387576, 46.63935296949844], [32.46471610878434, 46.63703905028094], [32.46604736215344, 46.634525449813516], [32.46999821585249, 46.63130404858452], [32.47109763055478, 46.62572952567129], [32.47480720260692, 46.62034698634291], [32.473515090625185, 46.618901145867625], [32.47432309628547, 46.61638503247034], [32.476666913556016, 46.617115729002656], [32.47660274536658, 46.62377497974646], [32.47841061466035, 46.62594308659199], [32.481533477222996, 46.62721719338231], [32.48146472605546, 46.63441637583026], [32.48406728130114, 46.63550806480462], [32.485110722750555, 46.635692752569746], [32.48617631743611, 46.63353769642475], [32.48436788671255, 46.63136971290105], [32.48567592787302, 46.63119561323167], [32.48696355227043, 46.63318125467627], [32.487779643414775, 46.62976515214943], [32.490395618844204, 46.629416859311064], [32.49223789021826, 46.627985151076075], [32.49354078918484, 46.628350900862884], [32.49327113802203, 46.62924964385964], [32.49458412623587, 46.6285355020428], [32.49535450633449, 46.62997880168134], [32.498235030756284, 46.62927152145773], [32.49928836008926, 46.62837619921783], [32.50136681820086, 46.629645188247764], [32.5021621484378, 46.62838874012523], [32.50346841650305, 46.62839441667648], [32.5037115747595, 46.630375332677936], [32.50109067450153, 46.63126387038945], [32.50344208142887, 46.63127409994224], [32.505519108367096, 46.632722993845064], [32.50969950336708, 46.632740984934316], [32.51987172396453, 46.63476398405587], [32.52484086657306, 46.63424476754281], [32.525616850854675, 46.63514792342434], [32.52796843454218, 46.63515764953463], [32.53999680946409, 46.634126719901055], [32.54495514757951, 46.63486649640393], [32.54703042111402, 46.63667460240845], [32.547509501652954, 46.641896120750275], [32.5471881133146, 46.64909432096181], [32.545615462204566, 46.649628046256616], [32.54534203947298, 46.651066853218545], [32.55053801857368, 46.65486710017926], [32.55154635302097, 46.659370717278534], [32.554906212954, 46.66406347971365], [32.55303320201603, 46.669275775814064], [32.551461509989736, 46.6696295975269], [32.55068460507591, 46.66872661914641], [32.54908447498919, 46.67250003047896], [32.548040104164286, 46.672315924085886], [32.548815518036626, 46.67339889989148], [32.55144513142738, 46.67160937929363], [32.55351460781576, 46.67431726214974], [32.5524583000933, 46.675573036489965], [32.55296642350698, 46.6773748809048], [32.549030576490566, 46.678979308306275], [32.551118098065736, 46.679527473864255], [32.55110170129939, 46.68150725209737], [32.552412230921, 46.6811524146324], [32.55187581845234, 46.68277018587563], [32.5534345423618, 46.6840361789026], [32.55289070630314, 46.68655385266232], [32.55443180235771, 46.68997958736113], [32.557056154733935, 46.68890986394624], [32.556318670705984, 46.683147470542686], [32.554755468784556, 46.68242145609438], [32.554505788252605, 46.68098059910961], [32.556345190588324, 46.679907831705314], [32.555848729524065, 46.676666162187836], [32.558218258296684, 46.67469549125855], [32.557986128360405, 46.67109487643506], [32.56038451868556, 46.66552454857665], [32.5578171335512, 46.65975509590752], [32.55709022815879, 46.652732813182666], [32.55347248540569, 46.64767912582862], [32.553490257236675, 46.64551935419433], [32.55665278054322, 46.64229188943693], [32.55642234827227, 46.6385112705581], [32.558010691752635, 46.63599759898361], [32.56167459812948, 46.63529174605756], [32.56694488785707, 46.62973221324585], [32.570074337648805, 46.63046396460901], [32.57452573546202, 46.62922069433753], [32.59124777302384, 46.62910167111551], [32.5943775184915, 46.62983275872761], [32.59804587261016, 46.62840580736256], [32.60248197449462, 46.62914125541051], [32.607187274589954, 46.6287975325359], [32.609817974162176, 46.62628671248251], [32.6116479925091, 46.62611295154025], [32.614254065450545, 46.627021704315766], [32.6202615817399, 46.627221788653515], [32.620515286941604, 46.628302553977775], [32.62312661131324, 46.62849117275062], [32.623900412978934, 46.62993361670556], [32.62729192032064, 46.6306646638082], [32.62754454652029, 46.63192539644641], [32.629633518631636, 46.632112164871714], [32.63223408633009, 46.633920424429846], [32.63326341897348, 46.636263559609596], [32.64678875306991, 46.64584541453496], [32.65561729039866, 46.654871653617754], [32.66264674060045, 46.659392252461465], [32.665760348338296, 46.663181099417365], [32.67333304991615, 46.664642858331646], [32.676454148918616, 46.66735151626555], [32.685065177964596, 46.670255315674495], [32.69707430121103, 46.67352748339881], [32.70439076061335, 46.6744465477493], [32.70595184187073, 46.67589045550402], [32.71406179794835, 46.67519106655767], [32.720853940580334, 46.67646773761582], [32.7341944551063, 46.67559957698319], [32.74124346757309, 46.677955547349164], [32.74281331919251, 46.677779101039164], [32.74439673944814, 46.67472289372097], [32.755386385905716, 46.67312704390861], [32.76898317833673, 46.673155303165636], [32.77499042758606, 46.674787144793314], [32.78100312922104, 46.675158781759734], [32.78883862377038, 46.67751332231635], [32.797464037761856, 46.678608827780614], [32.811303068883674, 46.68457200438597], [32.82174129363432, 46.69160816368924], [32.826956535874956, 46.69665574891799], [32.827213534385024, 46.698096016356494], [32.824329532771124, 46.70007145841485], [32.82222426473474, 46.70384788672674], [32.82168975310802, 46.70726676306849], [32.817233934037006, 46.70959953224374], [32.8119989862148, 46.71013100502667], [32.81017559580978, 46.707788195975596], [32.80886101833856, 46.709585853153754], [32.80702880240311, 46.70976276261646], [32.79841096424597, 46.705248291038274], [32.801011415542916, 46.70957247261409], [32.79472423144445, 46.71154119642377], [32.7860914977474, 46.71098543157904], [32.776145449404474, 46.71168634521686], [32.76855029694062, 46.71329109552961], [32.76409326821372, 46.715261822420004], [32.762262297487105, 46.715078048844624], [32.7593710254114, 46.71795175490223], [32.754391507851146, 46.71956103416152], [32.75385910294557, 46.72153971647894], [32.751241999905616, 46.72153405739458], [32.749659250753076, 46.72423036789972], [32.7475646252948, 46.724405750617294], [32.74808053290041, 46.72602674404602], [32.74676176602574, 46.7281836413627], [32.751211386869464, 46.728193401422324], [32.751207249137806, 46.72909331217909], [32.75225423649587, 46.72909558359134], [32.752260004887596, 46.72783570839257], [32.75514159705789, 46.72730195839926], [32.75699073821471, 46.72352623502321], [32.76090779251071, 46.725514310790565], [32.76432125290159, 46.72300161451652], [32.77428379189432, 46.71888206246896], [32.78082696985948, 46.718714797188056], [32.78003968413802, 46.71925323932218], [32.782919103920854, 46.719078753515596], [32.784746702403794, 46.720162111095064], [32.78841337692594, 46.71944901256853], [32.78815519818043, 46.71854861377735], [32.79835734412738, 46.71964695075449], [32.79993221302305, 46.71838982540812], [32.80070603517872, 46.721450906901474], [32.802276299775365, 46.72145363079825], [32.8030666712242, 46.72001512038036], [32.810922190387565, 46.718768480006574], [32.8177354293432, 46.71607977061734], [32.823494262121606, 46.71554884512278], [32.82794000603762, 46.71645553744696], [32.82925127966366, 46.71555758003649], [32.826896135799586, 46.71555404166895], [32.82585403723144, 46.714112585867205], [32.83870296073269, 46.705132193377224], [32.842106806434884, 46.704237017394654], [32.86247861937052, 46.71812211441174], [32.86456317639078, 46.721724283632646], [32.865870848965876, 46.72208579199536], [32.864560473958704, 46.722804184924435], [32.862729816568006, 46.72226205141223], [32.86298970952839, 46.722982299151795], [32.87005482733462, 46.72353049198896], [32.87188474906646, 46.724432475393996], [32.88808944105816, 46.73524849963812], [32.889393917996046, 46.73740957138275], [32.890703226928295, 46.73723084573968], [32.8943636925989, 46.739574069431995], [32.89880451997883, 46.744797602183354], [32.898794077784046, 46.75037707428131], [32.900641262378635, 46.74263941089953], [32.90221312542913, 46.74210081450647], [32.918963966426446, 46.74553358594668], [32.922103317143296, 46.74733559882885], [32.92314682941092, 46.75003605275345], [32.921044929572744, 46.75489416586644], [32.92261540035562, 46.75543518762086], [32.922870086340986, 46.760474881708106], [32.92155561811934, 46.76389366150533], [32.918934822846076, 46.764971731535255], [32.91762136792297, 46.7674905510929], [32.91604947858468, 46.76766939149906], [32.91500315087361, 46.76676870599012], [32.91604780079189, 46.76874928594108], [32.91814360195152, 46.76857082150369], [32.923650958613806, 46.763895078513194], [32.92339159235764, 46.76209507744398], [32.92522644838447, 46.76101639403372], [32.92444602090263, 46.75723624064641], [32.9262826543592, 46.75471767646629], [32.9244520577676, 46.752916652036774], [32.92655161862639, 46.74949833897489], [32.930481881938405, 46.747520978344085], [32.94226518358503, 46.746987579665934], [32.964520757177915, 46.747716576333445], [32.966876209093094, 46.74951711453637], [32.966875437250536, 46.75077699652386], [32.965303965536236, 46.751316480322664], [32.96556387350599, 46.75437627131729], [32.96399144486818, 46.75617561748782], [32.964776851367176, 46.756535827863935], [32.966087390970806, 46.754736393712506], [32.96949255756678, 46.75329748767944], [32.96766003096505, 46.752397069073474], [32.96897037422709, 46.7505976005516], [32.975779690184666, 46.74807947944894], [32.9810164504068, 46.7482604511581], [32.98442070822517, 46.747181065726636], [32.991752139536565, 46.747181828933364], [32.99882176558649, 46.7457422537775], [33.0069384453351, 46.74538208287761], [33.00850955568401, 46.74628189337778], [33.00824794282215, 46.747721778696835], [33.01060460377035, 46.74826153430531], [33.01034231418913, 46.74592177582637], [33.01557856585752, 46.744661299553876], [33.02971660023318, 46.743758584901066], [33.03757208197904, 46.74501615898778], [33.04516729900295, 46.747713162807344], [33.05040811227606, 46.75203057082998], [33.047270982827975, 46.75797134932286], [33.04727365881031, 46.76103105716566], [33.04910927517902, 46.763550043299084], [33.043873145892725, 46.76625191096571], [33.042562791316655, 46.76535249238647], [33.04230227543997, 46.767152415627926], [33.04020707506941, 46.76751313613916], [33.04204146217179, 46.768592372644946], [33.042043842996854, 46.77165207500089], [33.047023970565746, 46.77506980354482], [33.04414286796185, 46.775790880538715], [33.04204860581468, 46.77777147478217], [33.04231439774425, 46.78263089688672], [33.03916977252832, 46.78191208766015], [33.0394344059956, 46.78551163905213], [33.04284169878587, 46.78677028861975], [33.047556946445916, 46.785328570170144], [33.04624236888075, 46.780109626626164], [33.05253080566679, 46.78064685978289], [33.056195794217466, 46.77776540281783], [33.05566904208924, 46.77506592504797], [33.054358096271535, 46.773986660755405], [33.0485935353551, 46.77254939391249], [33.04675716971543, 46.76949045611392], [33.04963790147708, 46.76876931265466], [33.05697605392174, 46.772365545369865], [33.06195450794209, 46.77344285342958], [33.06352819634227, 46.77506183247898], [33.06195306318412, 46.772182976981924], [33.063523963636605, 46.771462185877816], [33.06561478956474, 46.767501389802014], [33.06456231827982, 46.76354236913046], [33.07241931281069, 46.7631777015883], [33.073988826263395, 46.76173683534526], [33.07556026897969, 46.76173580863098], [33.09469367251404, 46.76982079808566], [33.11540086475296, 46.77610117842052], [33.127202939918774, 46.78166812079704], [33.13821536726343, 46.784895030459694], [33.13979027583205, 46.785973010262], [33.13822273818537, 46.78777473451296], [33.13901115345564, 46.78867368964681], [33.13979400328419, 46.78741286210207], [33.141888832945575, 46.786870338180435], [33.153419101529416, 46.7872154272483], [33.16469132544546, 46.78881960042983], [33.16574665816593, 46.791157842464024], [33.17045558313152, 46.78863117886489], [33.17962686094372, 46.78861715260466], [33.18434843127576, 46.79004950094047], [33.18383292394703, 46.792570077078004], [33.18671117741821, 46.791305544561745], [33.188559980505126, 46.79544209653264], [33.188538609296145, 46.78932274726696], [33.191678612839254, 46.78805765757625], [33.21185870555002, 46.788921992367776], [33.22182351530989, 46.79070293320758], [33.22212258609149, 46.79970144470373], [33.21872198567061, 46.80132782860765], [33.21426561278334, 46.80115627617993], [33.21375924058279, 46.805656762137374], [33.21639919226896, 46.81033131834933], [33.215100684140886, 46.81339344807302], [33.21379204294798, 46.813935843607986], [33.21775421165792, 46.8213076002719], [33.21277606351694, 46.822216867465514], [33.21200715442378, 46.82671781671699], [33.20780814974075, 46.82582561283401], [33.205456427854244, 46.82798962805213], [33.205987070452984, 46.8296085011742], [33.208877931931106, 46.83122308872488], [33.20888908925566, 46.83410275858634], [33.20913808044858, 46.830682671624004], [33.206773775870474, 46.82960708273245], [33.20755078209272, 46.8270859456331], [33.209122025135194, 46.826543143320514], [33.21070097221652, 46.827980094210346], [33.21830264210174, 46.82724592565486], [33.21410349291218, 46.826353953040744], [33.21357335193766, 46.824915096530646], [33.21435426534765, 46.823473789498706], [33.2182866137305, 46.823286376882635], [33.2201146971895, 46.821483066303074], [33.22010514876961, 46.81914333118759], [33.217210977210776, 46.81662912444125], [33.217203005635206, 46.814649346566675], [33.21927616274811, 46.80870601051868], [33.22110962075309, 46.8083425205282], [33.21927177438394, 46.80762613041005], [33.21795241041621, 46.80546887272974], [33.22476971505197, 46.805995632551834], [33.227379539905726, 46.80329075462508], [33.227623428669915, 46.79897071031694], [33.22919365116442, 46.79842763159631], [33.226818263791216, 46.79447276410462], [33.22968795040238, 46.79140734875251], [33.23124405731512, 46.787624592999016], [33.237262854318054, 46.78581245307044], [33.247998304328966, 46.78416985512092], [33.25297824867609, 46.78451892044519], [33.255070120041424, 46.783614366526855], [33.258217691574615, 46.78432723732989], [33.259785447771975, 46.78342377844495], [33.261100717658756, 46.7845006787464], [33.262141788414226, 46.78305844121536], [33.27078804716735, 46.783038311051], [33.279444540661096, 46.784997307248574], [33.27971588024442, 46.7867964661476], [33.276833596595395, 46.78680347401864], [33.27605119942407, 46.78752529229711], [33.27342361468956, 46.78609174258194], [33.27186507179202, 46.788795187036385], [33.27343546242998, 46.78843148188016], [33.27369202262353, 46.78735097603045], [33.276840978445954, 46.788243313108765], [33.27867335023915, 46.7878789020473], [33.28471144921383, 46.7900238259503], [33.284456045448565, 46.791284335189594], [33.28576628238325, 46.791281071300816], [33.285771998252876, 46.79236094897602], [33.2918001785043, 46.79252572082753], [33.29416454150401, 46.79359956021316], [33.302294394867666, 46.79465826808538], [33.30230648956348, 46.79681801874805], [33.299184546844685, 46.800965803049635], [33.30207161028084, 46.80167814676254], [33.303918454412766, 46.80383303765834], [33.309680694231396, 46.803097665444426], [33.311507112416244, 46.80165285571818], [33.31439437368969, 46.80236488803123], [33.31570066478737, 46.80164136558227], [33.31570592883976, 46.80254125955118], [33.31964810736092, 46.8043301344955], [33.318632611712935, 46.80991239382517], [33.32257004626041, 46.81080127215019], [33.32417317364869, 46.815836220832374], [33.3294340717055, 46.81870089974344], [33.33494766177431, 46.81994476624198], [33.334939838259416, 46.818684920900125], [33.331530400907546, 46.81851486580143], [33.328627795928114, 46.81546355517209], [33.33308124446131, 46.81491073820047], [33.33383988354485, 46.81040899339493], [33.33123838182401, 46.81365621685445], [33.328091427621096, 46.81348529936376], [33.32547531469825, 46.81439267510894], [33.32441910376217, 46.81313580429153], [33.32466392696609, 46.81025540763051], [33.32072114914531, 46.80846670878627], [33.32147537149167, 46.80306514525282], [33.31911218085179, 46.80235183166477], [33.31884263759308, 46.80109271086532], [33.31753428423854, 46.80145631155485], [33.314378647991326, 46.79966520527281], [33.309401049387866, 46.800038732699605], [33.307049412352995, 46.80130493771757], [33.304686488084826, 46.80059132542479], [33.30441018489441, 46.798072315802976], [33.30701972271024, 46.79608554528863], [33.307531559139306, 46.793924388213995], [33.30436959238325, 46.79087314672028], [33.2975554286278, 46.7907110829966], [33.292563906665244, 46.78838418421346], [33.291507029209534, 46.786767041752114], [33.29253563042147, 46.78316477303207], [33.30902871627893, 46.78078165832084], [33.31688964374396, 46.780940145364816], [33.32238619522038, 46.78002488263197], [33.328417477070566, 46.78090764660526], [33.3302459462727, 46.78000247319747], [33.34414868517211, 46.782661248146], [33.34494159458464, 46.78373875510234], [33.350444954780315, 46.783902018625575], [33.3549097670213, 46.785508101038594], [33.36562079656624, 46.78079484414798], [33.370035243135405, 46.77502121597948], [33.37238797646276, 46.77429365442393], [33.375768453002465, 46.770682951233724], [33.37497512323042, 46.76960565661884], [33.37235448364047, 46.769434230109404], [33.36368020200832, 46.76496255198204], [33.36341223265977, 46.76406348853325], [33.35343950722968, 46.761035010792185], [33.35133495570169, 46.75960162649016], [33.34504150034923, 46.758360892186936], [33.341097305350175, 46.75585295169613], [33.33322998029922, 46.75407629767457], [33.31829513560856, 46.75267894375691], [33.309375431154976, 46.749823671419236], [33.28344698770072, 46.748810927269915], [33.26277460047401, 46.75156001006034], [33.259892461512734, 46.75120662500252], [33.2549240300019, 46.75265766588514], [33.24236115890347, 46.75412482557029], [33.23163766994025, 46.757206745027645], [33.22587698869769, 46.757398242756395], [33.2235304498532, 46.7599226117814], [33.21672835392568, 46.7617355243216], [33.209132396196615, 46.76156967394787], [33.20178158940301, 46.756903313616135], [33.19863767860445, 46.75654884750998], [33.19759344550867, 46.75745057027633], [33.197063114093375, 46.75565165435866], [33.189993084008876, 46.755843592972035], [33.18736869578904, 46.754228072040384], [33.18239620925379, 46.75513602040414], [33.17924655923104, 46.75298119962281], [33.17741587615382, 46.75370398475335], [33.174008705950804, 46.75280930035229], [33.17348209250719, 46.75191018408867], [33.171916092011834, 46.75353239547461], [33.17060505595363, 46.75299440802056], [33.17113619024489, 46.75533339520956], [33.16800319718957, 46.7583977483723], [33.168524171569025, 46.757497067551746], [33.16380095716814, 46.75444421364124], [33.16171245022035, 46.75660698033181], [33.15830746391142, 46.75643175796332], [33.15908251278411, 46.752831021823496], [33.1564539847872, 46.74941496498799], [33.15279118243208, 46.75049981304125], [33.15253542372005, 46.75265995218115], [33.150704393352385, 46.75338231047189], [33.15043050845464, 46.74906307462579], [33.14938263098989, 46.74888446397355], [33.150426002069295, 46.74744323113765], [33.14728787728897, 46.748887179086694], [33.1459708821176, 46.746009133818816], [33.14778254534837, 46.73826751993677], [33.14490282411338, 46.73827120243352], [33.1446362186906, 46.73647170360753], [33.142539099763496, 46.73539443294257], [33.1388806627843, 46.73791870199559], [33.13835063566081, 46.73539957319315], [33.136255949850536, 46.73522210270214], [33.13651591128618, 46.734501858149976], [33.133638167570666, 46.7352251895887], [33.131539127510635, 46.73324780079628], [33.127353793532606, 46.73451242096771], [33.127348285756135, 46.73217263862776], [33.12394329774109, 46.73127645817481], [33.12237803463204, 46.73361793154632], [33.12316580493123, 46.73469698862164], [33.12683193166409, 46.73523293525063], [33.12684628119182, 46.741352360789314], [33.128680221570725, 46.74189026376287], [33.12606966764309, 46.745132870669416], [33.12632770998253, 46.74351273568784], [33.125016121433866, 46.7424342754432], [33.120567302132, 46.74333896599217], [33.12108529595866, 46.74081865080048], [33.12343908024976, 46.7397362351069], [33.12447965367958, 46.736855370851075], [33.121597172830874, 46.73559858446061], [33.118981350170685, 46.73650125218743], [33.11871640569154, 46.73506165815576], [33.11583685177003, 46.73506460909568], [33.11661985673725, 46.73398391173081], [33.11452643935269, 46.734345993283725], [33.112435986500344, 46.73614790285731], [33.11426276445019, 46.7334463383264], [33.1124300014887, 46.73326816986568], [33.112428131361284, 46.732368253007095], [33.11085791228576, 46.73254976861347], [33.110070418658005, 46.73147062617207], [33.1145233912837, 46.73290612661869], [33.11504462936374, 46.731825701282844], [33.11373657611787, 46.73218697631598], [33.11190013504504, 46.73020896506059], [33.10980829305504, 46.731290894208136], [33.10954507597024, 46.730571211281394], [33.11293963821106, 46.72660826631923], [33.11424414226418, 46.72462714781375], [33.11345707405954, 46.723728010786964], [33.11476377982286, 46.72282678759995], [33.11555047229814, 46.723545932131685], [33.11372409198914, 46.7262475215611], [33.11791459705003, 46.72750316795271], [33.11948385101067, 46.726961588506285], [33.12130996763071, 46.72425990774078], [33.12026026660291, 46.72300112744703], [33.121569267107645, 46.72317972839387], [33.12130351293363, 46.72138016964999], [33.12234913792646, 46.720839104160774], [33.12156118195048, 46.71958005490471], [33.110827314490976, 46.71761112766032], [33.10691186885987, 46.722654408537196], [33.10769845458391, 46.723373607157654], [33.10665121520105, 46.72319460390406], [33.10691435775775, 46.723914294480515], [33.104561625508715, 46.72535634033111], [33.10038728848686, 46.732559432579805], [33.09672771764501, 46.73544232342965], [33.092800713951156, 46.73526559161424], [33.092796082990866, 46.732565839899614], [33.092009561364385, 46.73184653996287], [33.086513416325644, 46.73239077817574], [33.08599131677795, 46.73329109033066], [33.084681906758625, 46.73293209930743], [33.08599217502434, 46.73383104080744], [33.084946500365064, 46.73473174019316], [33.08363650587255, 46.734012770357566], [33.08415725170713, 46.73221255138372], [33.08232462905416, 46.73203390065057], [33.08179946983919, 46.730954374604366], [33.0789198688101, 46.73077641289141], [33.07132535040045, 46.72808164076326], [33.072633588172934, 46.72772085013907], [33.07184621009567, 46.72610149195523], [33.070014766327844, 46.72664257890987], [33.06765778084796, 46.72556409304995], [33.06582609437312, 46.72592512922176], [33.06346795704839, 46.723766653636005], [33.06398821175364, 46.72106660310431], [33.06634448696219, 46.72178519765249], [33.068697626337745, 46.719983968191464], [33.07105509823878, 46.721602385643074], [33.072361978083606, 46.72034167801015], [33.07340929332569, 46.72070097919436], [33.07550145477536, 46.71961971320673], [33.07707603137903, 46.722678393162624], [33.07916951226356, 46.722496979946875], [33.08152306867187, 46.721235438977395], [33.08204130724183, 46.71781536977453], [33.083363639983375, 46.72681361721466], [33.085983021671694, 46.72807156641569], [33.08624361827401, 46.7273514347511], [33.08755319474491, 46.727890392008625], [33.091738644003904, 46.72644724201193], [33.09671452561333, 46.72806300011085], [33.09958774638889, 46.724820824952864], [33.101419169338016, 46.724459248532014], [33.101677176131375, 46.72247919524538], [33.10298439063382, 46.721758090018895], [33.10219551215029, 46.71977897195501], [33.09983652579439, 46.717801228348655], [33.10061625594665, 46.71492079735401], [33.1029679557199, 46.7131188621663], [33.10767840247423, 46.71329451110726], [33.10846882896587, 46.71599352929195], [33.11030319441517, 46.71725166560709], [33.11291485366032, 46.714729338651786], [33.11290284256483, 46.70896984964922], [33.110019556172176, 46.706452874618996], [33.11472334452418, 46.703748486311106], [33.11707214458442, 46.70104633689152], [33.11680820245146, 46.69996669805289], [33.118378636887236, 46.700325053760594], [33.11812134496364, 46.702305151739544], [33.119953476847094, 46.702663215260515], [33.119434204104095, 46.704463605071666], [33.1210096125208, 46.7069817343255], [33.12493299348815, 46.706437564479465], [33.12806415020508, 46.70283441045151], [33.13146348444347, 46.70211061682707], [33.12883788342649, 46.69815393799534], [33.130664735352205, 46.69635201784953], [33.13039188139363, 46.69167271982234], [33.12881862329829, 46.69005463610591], [33.13195295962603, 46.68825121341021], [33.140066629151896, 46.69040139092129], [33.140333318588596, 46.69238089981523], [33.14163740977959, 46.69093941266274], [33.14294712973548, 46.69165772427128], [33.14687015483015, 46.69147277122176], [33.13509247169334, 46.68860752029655], [33.136918794221025, 46.686805497843984], [33.13691515623349, 46.685365620397455], [33.134559533070096, 46.684648473688625], [33.134032904271166, 46.68320920942807], [33.13559396017441, 46.679967633648516], [33.135064210370594, 46.677268478273696], [33.13819484717521, 46.674384971334035], [33.141856097488116, 46.67456047651244], [33.14317873487884, 46.680318365170365], [33.14447910264709, 46.6776169488595], [33.143689355234095, 46.675638102518], [33.144993918073844, 46.67455654341509], [33.16120812103637, 46.67525479097964], [33.161723580453895, 46.67273426495037], [33.16486183971931, 46.67290977203808], [33.16486895520567, 46.67524957481069], [33.166178050915875, 46.675787637822935], [33.162522576722296, 46.67759274359143], [33.16253552941286, 46.68191237568078], [33.16044336690519, 46.68191532834868], [33.1593941096033, 46.68083688245729], [33.15782763918779, 46.68173898074441], [33.15573444856165, 46.68138187798041], [33.15496070187553, 46.68516262020142], [33.15600580986801, 46.68480122957154], [33.15575151763498, 46.687321369263934], [33.157323931763756, 46.688399129257846], [33.16229341248194, 46.6883921889258], [33.1625576638337, 46.689291739581414], [33.164648470183074, 46.68874879481848], [33.16569853596528, 46.69000717501852], [33.169872199106464, 46.68640135171334], [33.16594300796412, 46.68442727945361], [33.16411337124073, 46.68478988875707], [33.164107375983626, 46.68281005894572], [33.16881089373755, 46.681543319058555], [33.170376043743644, 46.68028110148035], [33.17246814211097, 46.68027796728823], [33.174042995133085, 46.68207543673278], [33.17718065743818, 46.681890635928575], [33.179269245240356, 46.68080747046155], [33.18004721275156, 46.678826409097724], [33.18161684669277, 46.679003913998685], [33.181086017936224, 46.67666494370632], [33.17899405997643, 46.6766682352703], [33.17742155679351, 46.675590770969535], [33.17794099128064, 46.67451005081609], [33.18264467718257, 46.673602711297505], [33.18262830755331, 46.66874312302108], [33.18105956848637, 46.66874561610699], [33.1813180157606, 46.66784527781084], [33.180008364829256, 46.66712740230146], [33.180258446113754, 46.663707276519865], [33.17895247259598, 46.6640692983772], [33.17765355696078, 46.666591125080366], [33.17582401707335, 46.666773936879906], [33.17737032980993, 46.6599320837483], [33.176579642198966, 46.65795345959377], [33.17160327492098, 46.65490126616414], [33.17212319950244, 46.65400055400872], [33.17656382479257, 46.653093856349464], [33.17289645803147, 46.65057964828523], [33.171329948404995, 46.65112196376208], [33.1692327991764, 46.64914523467779], [33.17183388200713, 46.645181655555476], [33.174708655865146, 46.64517730204399], [33.17523599150996, 46.64661638771643], [33.177582251114224, 46.644812905046535], [33.1778353353118, 46.64229269973122], [33.16527234942727, 46.636012001252574], [33.1634432559605, 46.63601462876014], [33.16186794799045, 46.63349705226096], [33.158993263709846, 46.633321096219234], [33.15638351239186, 46.63440461433955], [33.148542305084355, 46.63351512875305], [33.14671086238793, 46.63261755731044], [33.146974094304106, 46.63333716709747], [33.141488486054556, 46.63388404294144], [33.141484733587006, 46.632444152394555], [33.144613407635134, 46.629920423215616], [33.14382578362409, 46.62848151982927], [33.139909155808425, 46.629386311441706], [33.137295115581566, 46.62884951705935], [33.13599104482026, 46.62975100959499], [33.132068503088995, 46.62831570846378], [33.13102692795199, 46.6297568022221], [33.13181423154565, 46.63119579372293], [33.13051044603374, 46.632277209998044], [33.126071585853154, 46.63354209553678], [33.1237191768309, 46.63318468967062], [33.12032485299464, 46.63426823092609], [33.11928245656128, 46.635529230264616], [33.11640780067701, 46.6353522042892], [33.111711131429736, 46.6385966481683], [33.10674832503339, 46.63968130621432], [33.10361870153635, 46.64292394259232], [33.09970035960683, 46.6438273568517], [33.098659918232315, 46.6465280562864], [33.09343848857475, 46.64977219481637], [33.09083025144003, 46.65301404855717], [33.085866847629475, 46.65481774327453], [33.082730162530844, 46.65482005422328], [33.08064091174939, 46.656081448979755], [33.07671919984875, 46.6555441872335], [33.074890435905814, 46.6562653434483], [33.068616896336536, 46.65626927763375], [33.0660013882554, 46.655010913092184], [33.05946699572127, 46.655374468132365], [33.05319267493169, 46.654477626111124], [33.04169183620405, 46.65484236713272], [33.03829185073265, 46.652143762076136], [33.024176006476296, 46.64890786163553], [33.01581115679249, 46.644589648783665], [33.01241363589494, 46.64423009481365], [33.00953851960106, 46.64207053199482], [33.006141177575934, 46.641530804996215], [33.0009146525709, 46.64207092593578], [32.997778737731004, 46.641170975026625], [32.99594935546339, 46.64261081762389], [32.99359751695215, 46.641350804066114], [32.99124541023665, 46.642430567824604], [32.98810943784391, 46.64243028489984], [32.98758652878114, 46.64351014871216], [32.98523469859909, 46.64278992317272], [32.984711424646754, 46.64494969280813], [32.983143645227486, 46.64404954002776], [32.977655085451225, 46.645128518835904], [32.97556465756574, 46.644408145484945], [32.97451895739041, 46.645127863391814], [32.97530257983457, 46.646027967605974], [32.97896173573196, 46.64530875304235], [32.98418669281263, 46.65196909050259], [32.98549410699032, 46.64998941436677], [32.98758492291982, 46.65052961931939], [32.98889184680859, 46.65016978101404], [32.990982105215906, 46.65430964895056], [32.98836772101276, 46.65664923314955], [32.99124323199562, 46.655929544800856], [32.99098144694249, 46.65826934391773], [32.99307265963286, 46.658629461773515], [32.99359524399403, 46.66060933857009], [32.9928108450225, 46.661689207876066], [32.990719608493116, 46.660789127468135], [32.98888956156419, 46.66132892236281], [32.989673553645254, 46.66276888344549], [32.98862783757875, 46.66276878429212], [32.9886277243566, 46.663308742052884], [32.99281015306281, 46.666908798470324], [32.99464036706674, 46.66618895558439], [32.994117671285586, 46.66438907137961], [32.99542485543949, 46.66438913111392], [32.99673213720515, 46.66276930275674], [32.998039262800994, 46.66330929039328], [32.99934637971801, 46.66672903668926], [33.000915068394775, 46.66672903489709], [32.998561992423156, 46.66834890155434], [32.99856193514185, 46.670508730216035], [33.00091515041, 46.67158864961716], [33.00562148892937, 46.67014862977737], [33.005360166675494, 46.671588527728694], [33.004052755138765, 46.67086863884488], [33.001961075653455, 46.672668550290965], [33.00353007680581, 46.67482833966768], [33.005099033683365, 46.67518825159892], [33.00719053908959, 46.67212838428095], [33.01241973335673, 46.67086803658753], [33.009282825329656, 46.67500800312902], [33.005622123491136, 46.6762681402302], [33.00457634456277, 46.67860799792852], [33.005360914172954, 46.67914792013054], [33.00719149409886, 46.679327805135905], [33.009021846511146, 46.67806777745819], [33.01242150654162, 46.67860741523132], [33.01215931479302, 46.67554769022682], [33.012943528852745, 46.67446769093029], [33.01477387776486, 46.674287483678945], [33.01555781491403, 46.67248752380434], [33.0186949667691, 46.67086718338963], [33.02104866833119, 46.67212667422548], [33.02313976994028, 46.67050639948541], [33.02497053140723, 46.67158592863656], [33.021834250464785, 46.67500629648789], [33.021834540434725, 46.675726238572466], [33.024972189443346, 46.67518564023048], [33.02549609833668, 46.67716536529893], [33.02706508883009, 46.67716500494119], [33.02680403540892, 46.67806499371202], [33.02811164251697, 46.67824466538232], [33.02915736654207, 46.67770444733473], [33.028110149144005, 46.67536489790916], [33.034905057596625, 46.66942350109381], [33.03569027006445, 46.6706831587977], [33.03751991718962, 46.66978264498445], [33.03908908311531, 46.6703220768022], [33.039089731915894, 46.671222004989524], [33.037782508741394, 46.67140242976402], [33.03909115938685, 46.673201846501094], [33.039090510517724, 46.672301918626616], [33.04092029158194, 46.671581336310396], [33.04379647738142, 46.671580271579174], [33.04588870577401, 46.672119408582475], [33.04798256869574, 46.67445836254446], [33.049550657899744, 46.67355776633506], [33.050858569140104, 46.67409714923868], [33.05007744370862, 46.67769720418893], [33.05347748809373, 46.6782356220379], [33.05452169172044, 46.67643527449132], [33.05609047427693, 46.67625453072889], [33.056615717873974, 46.67841409777643], [33.05870814241456, 46.67877301422524], [33.05923253132052, 46.680032641861374], [33.06236819163809, 46.67787115059897], [33.06576771348416, 46.677869247170555], [33.06707967654463, 46.68146819368466], [33.06603776723007, 46.684888520325465], [33.06708569181659, 46.686327792493394], [33.068914200224974, 46.6845268536414], [33.07335929950437, 46.68380414916135], [33.073880397141444, 46.68236393150658], [33.07649563010041, 46.68236221307319], [33.078585728505004, 46.68092091395996], [33.07989410598338, 46.68145996399052], [33.079115066665246, 46.6852401964022], [33.07833097550077, 46.68560070628972], [33.076498170577246, 46.68416206431368], [33.0749307207159, 46.685422998186475], [33.07624195616048, 46.68794192463385], [33.074152510053, 46.690103119067324], [33.074156205130265, 46.69280289219076], [33.06944972408346, 46.6942457252002], [33.072069361885696, 46.69712386370422], [33.07468580376433, 46.69748215562697], [33.06788971360021, 46.70180602403961], [33.066579193789096, 46.69982696193273], [33.064486546776294, 46.700008145126596], [33.065275710688596, 46.703607391786896], [33.06370680201412, 46.70432821453724], [33.062400106635145, 46.70558882677996], [33.06423134166817, 46.705407828963125], [33.065540603925804, 46.70630700946561], [33.06553929694265, 46.70522710273199], [33.06684746564231, 46.70522634602057], [33.0668552429707, 46.7115257989143], [33.06816401701115, 46.711884995595945], [33.06607310590047, 46.7138660498869], [33.06502640392649, 46.71386664945404], [33.06528634305174, 46.71242662667324], [33.06345213200742, 46.71026784557583], [33.06109781821178, 46.71080908008583], [33.06083534855669, 46.71008928219545], [33.05638698738151, 46.709911576138744], [33.05456047079754, 46.71495202387197], [33.052988800478936, 46.713332903604595], [33.05142030114686, 46.71495347796701], [33.04932570664175, 46.71369450983804], [33.04697172707362, 46.71495539043124], [33.04775534066081, 46.713335207288225], [33.051155218921316, 46.7113539098867], [33.051676999674946, 46.7097338156042], [33.048275476921745, 46.70973530114481], [33.04618299960792, 46.71063608694445], [33.04539756696924, 46.71009644793887], [33.044089719820164, 46.71063691260305], [33.04435226442, 46.71171671758129], [33.04304393841857, 46.71171721718331], [33.043044796994415, 46.7127971230888], [33.041997836053035, 46.71243754339788], [33.0399058131515, 46.71423813542621], [33.0391223417779, 46.716398217247914], [33.04069328061552, 46.71747757474129], [33.03938468436827, 46.7172980483884], [33.03833919037586, 46.719098245266395], [33.03546012668936, 46.718559221128935], [33.03729189076696, 46.71837865468557], [33.03729114679419, 46.717298749762215], [33.032842925213956, 46.718200033839025], [33.01740195804127, 46.715503660296584], [33.00902808365045, 46.715504627318346], [32.981814986368896, 46.709564054651445], [32.978151527899335, 46.71028335160876], [32.97501196025733, 46.70956277133854], [32.96009737059486, 46.70991851149706], [32.94832368742791, 46.70901387805923], [32.932359539659, 46.71170532187137], [32.92032348008894, 46.71133760572114], [32.919017317817016, 46.70989681338153], [32.920069787848625, 46.70593789401207], [32.917454514422424, 46.70521609901386], [32.91797914460905, 46.70431655317346], [32.9156239206312, 46.70467481004219], [32.91510348020423, 46.70287457863402], [32.91405727678254, 46.70269381299568], [32.90986953781704, 46.703770499204175], [32.90986833963664, 46.70449043681307], [32.91143870855061, 46.704131693666206], [32.909866841846394, 46.70539035869618], [32.904379194163106, 46.7016062268799], [32.90019466426333, 46.70088271476989], [32.89862835771817, 46.69908149020996], [32.89653415204556, 46.69979955499501], [32.893660712492554, 46.69763710304327], [32.89444725649768, 46.69673790695959], [32.89287805767383, 46.696556463856034], [32.8928794813228, 46.69583652561231], [32.89471059811691, 46.6958382251158], [32.8931449746189, 46.693856939536055], [32.89157658403266, 46.69331550927935], [32.89000566689576, 46.69403394992575], [32.889222032890615, 46.69349323906295], [32.889223504970616, 46.692773300519534], [32.89131536918666, 46.69313527648736], [32.89079475866045, 46.691874885747374], [32.88817944075127, 46.69169237489172], [32.888961931693274, 46.692773046996386], [32.88739361437502, 46.69223155936725], [32.8876533188992, 46.693131739675735], [32.88582229401753, 46.69312992732159], [32.88713241868165, 46.69205131700907], [32.8855641405738, 46.691509804271696], [32.88634997465121, 46.69097063229843], [32.879292143855686, 46.68898356876963], [32.87459248745528, 46.685378810969056], [32.87669338710179, 46.68160140285762], [32.87957089881937, 46.681244496778184], [32.879835209627004, 46.67998487691325], [32.88192847772575, 46.67944709976751], [32.88323447132692, 46.680168381581595], [32.886378279608536, 46.67747176480763], [32.89212481995938, 46.68071706452338], [32.89238025954154, 46.683777055748166], [32.893427440902165, 46.68323807995939], [32.89499451233916, 46.68431944045365], [32.893423547476054, 46.68521791432528], [32.894989280891835, 46.6870192140422], [32.89368084690379, 46.687377976161024], [32.894985444018104, 46.68899904719352], [32.90231969509247, 46.68306603104853], [32.90179925099629, 46.68162570295717], [32.908858767401796, 46.68253147035281], [32.90911817869611, 46.683791573787055], [32.91016340399254, 46.68433235498494], [32.913302372495124, 46.683974805799735], [32.91356533877649, 46.68307507829835], [32.91696518557528, 46.683077595940155], [32.9133075548166, 46.68073507387326], [32.91278481370697, 46.68055469125608], [32.91173846266921, 46.6807338743253], [32.91226236742786, 46.68019432108], [32.91095539508605, 46.67983334067687], [32.91174227263223, 46.678394066885076], [32.910435347152664, 46.678033080460075], [32.91122339133254, 46.67587386861938], [32.908343024425385, 46.67821140905736], [32.904946955391424, 46.67622879795423], [32.904429997021644, 46.67280864141753], [32.90233980165168, 46.67190694831836], [32.902866294006, 46.669927553881415], [32.900774259456306, 46.670105744551435], [32.89973040052228, 46.669024920176106], [32.90051774880659, 46.667405735444824], [32.90130111896039, 46.66794637122418], [32.902086779739186, 46.66722710304271], [32.90103835144924, 46.668666087354616], [32.90391437931903, 46.66866853861643], [32.90338986171778, 46.66956802568654], [32.90417520026699, 46.669028728850044], [32.90417679061821, 46.66812880136686], [32.902872419669144, 46.66650782936004], [32.90156453292599, 46.66686668333179], [32.90261129624074, 46.66632762157553], [32.90183021711887, 46.6645270954744], [32.90000181678767, 46.663625582633834], [32.89634003845307, 46.66452225339081], [32.896338318254166, 46.66542218122927], [32.89790628892534, 46.66578356271943], [32.89843052363493, 46.66506408581124], [32.89921250111628, 46.666324678269476], [32.89816536612221, 46.667043694421515], [32.896335909836964, 46.66668207996413], [32.89555052743998, 46.66722132318198], [32.89633281306268, 46.668301949356426], [32.89267315213181, 46.6679386036146], [32.89136336058268, 46.66919726792533], [32.889012435281096, 46.668115097143975], [32.881428687687205, 46.66882743285566], [32.881425932541, 46.67008733020043], [32.880379680512206, 46.67026622693206], [32.88351377581388, 46.671889331670336], [32.88482228519443, 46.67135069926403], [32.8845588992, 46.67225036217744], [32.886909539151404, 46.67351260899919], [32.88377138977215, 46.67368945000498], [32.8821985920499, 46.675487697400236], [32.880368163558494, 46.67548579831329], [32.87671180970775, 46.67350207570681], [32.87540109964636, 46.67494054071034], [32.87383427153055, 46.67403889590099], [32.87383133938591, 46.675298791735706], [32.87278496183131, 46.67547761873622], [32.87122115459776, 46.67331604235031], [32.87540564983067, 46.672960704030025], [32.87332518368122, 46.66809880550518], [32.87593807746862, 46.66882161145189], [32.87646673322647, 46.666302382156374], [32.87437600367832, 46.66594013414863], [32.874112470875005, 46.666839773725464], [32.87306752145272, 46.666478647632346], [32.87123611557537, 46.667016558834504], [32.86862773186776, 46.66449379168571], [32.85583217317667, 46.6588988191873], [32.855046501620414, 46.659437784792914], [32.855305513066334, 46.6603380429067], [32.852172930591856, 46.65871416399961], [32.850603983311025, 46.65889211231102], [32.85034158067332, 46.659251741564894], [32.85164863661422, 46.659253443687234], [32.8519085736038, 46.65979373861839], [32.85060200037394, 46.65961205403386], [32.85007569208404, 46.66087126795611], [32.84225092225862, 46.65474121935988], [32.837291543200465, 46.652394452992276], [32.826585405785934, 46.649138973068816], [32.821107482816004, 46.645890783119434], [32.81588299809098, 46.64516254918016], [32.81641055487218, 46.64372350439071], [32.81302124958887, 46.64137818968958], [32.811712129191626, 46.64209598943962], [32.81093629578232, 46.639754883261446], [32.80624094795988, 46.637407200383414], [32.80312356130691, 46.632362246261174], [32.802350856890506, 46.6293011350107], [32.80577049557582, 46.62282745397229], [32.80552343888583, 46.61886731337736], [32.80344543293082, 46.61562398855723], [32.803461060437726, 46.61130431423744], [32.7995559807053, 46.60787777339332], [32.79589699209917, 46.60859125516393], [32.79667510392763, 46.61003254213257], [32.792758188252776, 46.60984552633199], [32.78909338929131, 46.61199868078991], [32.785959195543086, 46.61199286014006], [32.78621400423545, 46.61361322478392], [32.79065979303291, 46.61218154524839], [32.79013116819712, 46.61380046491863], [32.78778114775256, 46.6136161424279], [32.78777692920976, 46.614696059821206], [32.78986788817462, 46.61433994427636], [32.790385415160095, 46.61560080619437], [32.789327352145236, 46.61901862406463], [32.79113510496935, 46.624421557397305], [32.78983028500576, 46.62405919350457], [32.78930501017504, 46.62477817623628], [32.79060498586194, 46.62640044738156], [32.78903257845507, 46.627657468694345], [32.78537283069735, 46.62819062319739], [32.78746855185411, 46.626754638443735], [32.784602613668895, 46.62476941991158], [32.78617574817706, 46.62333247295561], [32.78330070192937, 46.6236870381329], [32.78356911355161, 46.62188767353145], [32.78147275360107, 46.623503574094215], [32.778858907723354, 46.62385852624688], [32.77831953014009, 46.627997187371655], [32.77727449176379, 46.62799515778212], [32.777002144672586, 46.630694433245495], [32.775693551259934, 46.63123183628205], [32.77673421104287, 46.63231379367966], [32.775166529064514, 46.63231072377868], [32.77672754939734, 46.63393366318549], [32.774116914884665, 46.63338857810756], [32.772806721567896, 46.63428591856634], [32.773061992260494, 46.6357263202805], [32.770460440869, 46.63302132694557], [32.76837324349052, 46.63229717266214], [32.768908060971256, 46.62941846178232], [32.767352801919294, 46.62653551606525], [32.76526278313807, 46.62653124710543], [32.76289972449755, 46.62922618126635], [32.756890625999674, 46.62921357067249], [32.752961005370175, 46.6315449849904], [32.75035072647275, 46.630999358084175], [32.75139994111197, 46.63010170743493], [32.749576037364356, 46.62901780739982], [32.74904519083319, 46.63081651492528], [32.74459932419774, 46.631706612077956], [32.74407168006397, 46.632785354999974], [32.74564190189502, 46.63224889564696], [32.74668366065001, 46.63297115482041], [32.7451168081157, 46.632787688042136], [32.74432872407347, 46.633685864510895], [32.73753789250028, 46.63313052716055], [32.738067406356905, 46.63169184465893], [32.739898067322606, 46.63133604699974], [32.738338224415855, 46.62971260678993], [32.72004769287654, 46.63002928855204], [32.71613149349382, 46.62947967783187], [32.71404990051089, 46.627854610058776], [32.712217281831556, 46.62856996372315], [32.71039133476259, 46.62802539488], [32.71015697534606, 46.62298515877068], [32.7085934337591, 46.62226123777226], [32.70649288984836, 46.624235728791696], [32.70388735943872, 46.62296910385718], [32.70572087306113, 46.62207389789661], [32.705988922921044, 46.62081467545909], [32.70158174414259, 46.614683690398905], [32.701076191783415, 46.61162258083716], [32.697437724054794, 46.608373237180345], [32.69849136649635, 46.60675612847734], [32.702405747598135, 46.607306340960065], [32.70476008642928, 46.60659248949733], [32.706077544289116, 46.60443602730452], [32.70583685771761, 46.60065566144218], [32.702976267672426, 46.59848841371285], [32.70116626504407, 46.595243913520434], [32.69724875536119, 46.595413601782724], [32.695410962035034, 46.59720860532729], [32.692822238939996, 46.59324194331234], [32.68969120531852, 46.592873516987495], [32.68838163442622, 46.59358991050633], [32.68577799368819, 46.59232287096849], [32.67850696200764, 46.58564309776297], [32.67825336224241, 46.584382465016304], [32.681657520643455, 46.58259210245474], [32.67802534631543, 46.578802175343434], [32.67567293770812, 46.57933549660338], [32.67359663008551, 46.57734971506558], [32.67360526964573, 46.57590982922669], [32.671778220461015, 46.57590460186336], [32.67075053244477, 46.5732018155367], [32.666859869448345, 46.56923079398825], [32.66686537913704, 46.56833086470856], [32.66947180507802, 46.56887839231919], [32.668952048703225, 46.5685169112834], [32.669480551230706, 46.56743850493337], [32.67076142437927, 46.57140195738225], [32.67311029306608, 46.57140869330339], [32.676774782804706, 46.569619215750144], [32.67832681189667, 46.57196344726419], [32.68015161370677, 46.572328541689174], [32.67990438948925, 46.569987993498245], [32.68304662036575, 46.568196852162586], [32.684613485582716, 46.568021193555175], [32.68538910965281, 46.56928325262421], [32.68539847532811, 46.56766337686733], [32.687746153169094, 46.56784979812536], [32.68826396622477, 46.568571166597295], [32.686437160844854, 46.56856617394304], [32.685910021869475, 46.569464673047676], [32.68563240698366, 46.57234373417935], [32.68693425137541, 46.572887271009655], [32.68614919612655, 46.57324509774716], [32.68771619701433, 46.57306939713236], [32.687709998149025, 46.57414931356908], [32.690839940914984, 46.57451779267929], [32.689791832489945, 46.575234910809876], [32.69135070982507, 46.57649904900129], [32.69160049573311, 46.57847959908712], [32.69316763026651, 46.57830382428415], [32.69368054613491, 46.579925097249905], [32.69498668973532, 46.57974859843515], [32.69421170651553, 46.57830661983011], [32.6955228468268, 46.57723018442221], [32.69787297241008, 46.57705642639679], [32.69787597132503, 46.57651646796546], [32.69553392802328, 46.575250337080554], [32.698143972998494, 46.57525725374627], [32.69842094160125, 46.572378162193324], [32.70050985859264, 46.57220366101024], [32.69947086980602, 46.57130099157101], [32.70077678776089, 46.57112442584864], [32.700517784370646, 46.57076377017041], [32.699211874252185, 46.57094033296576], [32.700011695652336, 46.56788261989495], [32.698713825479956, 46.56661928551235], [32.69950466594164, 46.56518145259176], [32.69742201985826, 46.56427601718105], [32.698474802198305, 46.56265889409745], [32.69796489990083, 46.56049767781071], [32.695361607038826, 46.55941083893315], [32.69562656136473, 46.55869158682518], [32.694323957763054, 46.558328134838405], [32.69511076011923, 46.55761027702531], [32.69354929427155, 46.55688614710407], [32.693815272403796, 46.55598691217273], [32.69329547645317, 46.55562554083168], [32.696171517356554, 46.55455327881482], [32.69487506151149, 46.55310991204845], [32.69200823570814, 46.55256226079519], [32.693319810600556, 46.55130585752194], [32.69045309553889, 46.550758167388906], [32.689144550807946, 46.551474577419924], [32.69120819444848, 46.55561992557783], [32.6899036435134, 46.55561639670453], [32.68911166210172, 46.557234151999666], [32.690414204455685, 46.55759766325937], [32.6914629840229, 46.55670054969697], [32.69170453146057, 46.56012099892337], [32.695100678560145, 46.55941014377845], [32.69405190634422, 46.560307290283696], [32.69456569172623, 46.561748577496516], [32.69273708205397, 46.56210365907536], [32.693259979116206, 46.561925073099985], [32.6927472427202, 46.56030379357086], [32.68961502464159, 46.56047532727678], [32.68908698894926, 46.561553829099566], [32.686479676981904, 46.561186734525364], [32.686482787262555, 46.56064677516692], [32.68596403427066, 46.56010538434702], [32.68779158798179, 46.55993039736348], [32.68831860278451, 46.559031887784144], [32.68780191140256, 46.55813053201311], [32.68388389909628, 46.55883972972521], [32.68677168666443, 46.55578785333474], [32.68600037361118, 46.55380585441726], [32.683394500332966, 46.55325870333179], [32.68337670519188, 46.55631847541215], [32.67998271613809, 46.556669010046626], [32.67842466919946, 46.555404714656184], [32.67921269874383, 46.55450697972726], [32.67738530035219, 46.55468183021503], [32.675835943900985, 46.55197760709711], [32.67244759244106, 46.55142798638557], [32.673759590030826, 46.550171808226146], [32.67167469168173, 46.549805863978975], [32.6687951383911, 46.55141746973945], [32.66749288938013, 46.55105371268893], [32.6677581702671, 46.55033452493493], [32.67245842000464, 46.54962812104274], [32.67298558684366, 46.548729680875695], [32.67454869590221, 46.549094117998784], [32.67325186378168, 46.54783049324439], [32.67507582308647, 46.54819566801344], [32.675081192952305, 46.547295734667124], [32.67377576522606, 46.54747200904897], [32.67326266340363, 46.54603062661994], [32.676135377180465, 46.54549882647389], [32.67353323823513, 46.54441149093005], [32.670136659363735, 46.54530169601021], [32.67116814534082, 46.54728455322343], [32.66986052303464, 46.54782075607584], [32.670125756696734, 46.547101562301535], [32.669087750052256, 46.546198615497865], [32.6693365925449, 46.54817922224223], [32.66569319754271, 46.54672871476491], [32.66569872218612, 46.54582878203582], [32.66752366208704, 46.546014090472994], [32.66700633726992, 46.545292626551884], [32.665960688871095, 46.5456495575165], [32.66674988276719, 46.5445719204665], [32.668312830436044, 46.54493644264193], [32.667537946607695, 46.5436742643512], [32.667016241881264, 46.543672746911696], [32.66649123058254, 46.54421118699587], [32.666497843716435, 46.54313126713857], [32.668849869365125, 46.5424181406023], [32.670411680304206, 46.54296262083858], [32.671460505264236, 46.54206568848482], [32.66963568385548, 46.54188044303473], [32.67016391145915, 46.5408020277842], [32.66835228784419, 46.53845692004284], [32.66442324503588, 46.54114531099931], [32.66338322150953, 46.54060228543591], [32.66233987139218, 46.54059921043623], [32.6620868502591, 46.53933853344921], [32.659221082954964, 46.53879006200143], [32.65843521081331, 46.539327688159766], [32.65869040304369, 46.540228399795986], [32.65973487005648, 46.54005152143341], [32.65868927519355, 46.540408386400244], [32.65920419122129, 46.54148986129686], [32.65816308382021, 46.54112677500965], [32.65737490292678, 46.542024366622755], [32.65555013209326, 46.541838896605334], [32.656607122491636, 46.53968219498473], [32.65192018223211, 46.53840809903271], [32.65165475139743, 46.539127251146006], [32.65295660887099, 46.53949118818969], [32.65190522943706, 46.54074792352482], [32.652690038672844, 46.54039032908579], [32.65424705851682, 46.54165497550894], [32.6529439938227, 46.54147103958683], [32.65293825927009, 46.542370971811636], [32.648769371721734, 46.54163828783153], [32.64954726562215, 46.54236063335421], [32.64746166626565, 46.54217423493581], [32.646931809463666, 46.543432530087266], [32.64694231048565, 46.5418126533209], [32.648248849923185, 46.541456698482456], [32.646944643923064, 46.541452680643324], [32.64773531606833, 46.54019518847413], [32.64668847294485, 46.54073192988765], [32.645911810267236, 46.53982957851579], [32.647475645801535, 46.540014398544045], [32.64774346410025, 46.538935283537256], [32.64852711294299, 46.538757704004105], [32.64799731442235, 46.540016005004624], [32.650339046559665, 46.540923136842785], [32.650864185230105, 46.540384770933194], [32.64852014452906, 46.53983762266308], [32.65008861436489, 46.53930246121056], [32.64878562022306, 46.539118478036954], [32.64931307422649, 46.53822014610934], [32.645134000676606, 46.539107208186245], [32.644870823857055, 46.5394663714819], [32.645649805980824, 46.540008757197896], [32.64512813756152, 46.5400071400321], [32.64433975869249, 46.54090464144997], [32.64303792564558, 46.5405406064967], [32.6433081917281, 46.539101529549235], [32.6427912534449, 46.53837995633223], [32.64200759157731, 46.538557496545266], [32.642532789423164, 46.53801916882793], [32.64331290614846, 46.538381584111704], [32.643321155949145, 46.53712167937609], [32.644355036550124, 46.53856481892249], [32.64670364982015, 46.538392106694886], [32.64644983256093, 46.53731138214159], [32.6469691423152, 46.53767296614934], [32.6480124346979, 46.5376761811882], [32.647233462176644, 46.537133811366935], [32.64932350252823, 46.53660026744605], [32.64697730735011, 46.536413060758235], [32.64672232645527, 46.535512322978626], [32.645153933166135, 46.536047438842225], [32.64567205157539, 46.53658901523197], [32.644631128577025, 46.53622580598772], [32.64620420775449, 46.534970751243236], [32.64698430551543, 46.53533314162882], [32.64672932945502, 46.534432403708024], [32.64803220452321, 46.534616410125594], [32.64569195209459, 46.53352924435666], [32.64674800215221, 46.53155261798113], [32.64309453246036, 46.53190125765159], [32.643627895728024, 46.530103017774756], [32.64180475525983, 46.529737342724175], [32.640493705408794, 46.530813171631976], [32.639200481857145, 46.529189187100336], [32.64024242256306, 46.52937245913442], [32.64206908719532, 46.529198199160774], [32.642073816358085, 46.528478252568306], [32.64545925890731, 46.52920875703391], [32.64520316421818, 46.52848800162071], [32.645981993342104, 46.52903038568878], [32.646773672435714, 46.527592910219006], [32.64755017617546, 46.52849525723004], [32.64859329289137, 46.52849846648835], [32.64964103885352, 46.527781718965564], [32.64937447238901, 46.528680853987886], [32.65067721914677, 46.52886483010927], [32.650700294255195, 46.52526509267933], [32.65226487717713, 46.525269859659666], [32.65121260611869, 46.52670657937621], [32.65277378993252, 46.527251300203474], [32.651461864776344, 46.528507242902634], [32.654331579776056, 46.5283359604846], [32.65382374380561, 46.526174540109366], [32.65512644600456, 46.526358465517454], [32.654872516260006, 46.52527775707231], [32.65669673042565, 46.525463236931664], [32.656962027193046, 46.52474407103666], [32.653311367728065, 46.52473306479763], [32.653048314675424, 46.52509224814889], [32.650192630312496, 46.523103655495355], [32.65071759768418, 46.52256528810758], [32.6504626183816, 46.52166455648707], [32.65254285404635, 46.522570846983], [32.65149869944333, 46.52274766107536], [32.652014456933166, 46.523649183836675], [32.653578993683034, 46.52365393271693], [32.65515264172906, 46.52221876350349], [32.6582782490231, 46.522768115282304], [32.65932575751504, 46.5220512776918], [32.65673187450156, 46.51988363605993], [32.65360187295138, 46.520054190884075], [32.6523062152429, 46.51879032545609], [32.653614454679925, 46.51807433190224], [32.653113612178345, 46.514832981069986], [32.647894685386845, 46.51553699813089], [32.6491785801743, 46.51860078513823], [32.64423055045261, 46.51768554915292], [32.643435417657706, 46.519662970654565], [32.64239601312709, 46.51911975397425], [32.643194709827426, 46.51660237844827], [32.64111011806251, 46.51641586621711], [32.64034814100529, 46.51335362953632], [32.638775554286916, 46.514608609896584], [32.63902792441685, 46.51586934204563], [32.63459933064905, 46.51531530846947], [32.63250632521476, 46.51638854787739], [32.634341029424746, 46.51495450146861], [32.63304230564967, 46.51423037920515], [32.63356735594713, 46.51369208993379], [32.63175455771985, 46.51188635963118], [32.63097124177588, 46.512063826061784], [32.63123802862426, 46.511164731955745], [32.62941071167826, 46.51151880812856], [32.62630084753234, 46.50880882606268], [32.626025349741866, 46.5109678171922], [32.62420296825484, 46.51060186260937], [32.62341218762448, 46.51185919830156], [32.62263009104925, 46.511856620733994], [32.62316268470212, 46.51023845824641], [32.61951552215029, 46.509866402640135], [32.6192485486555, 46.51076546904669], [32.618994143712435, 46.50986466715076], [32.61613669997538, 46.50841518553923], [32.617426220092376, 46.510399406639515], [32.6153394169797, 46.51057239895275], [32.6140142935749, 46.51362778041115], [32.61531147888352, 46.51453210454041], [32.615841779716554, 46.51327395084962], [32.616625161660515, 46.51309658826699], [32.61609995034997, 46.51363479933549], [32.616349258115, 46.515255553242575], [32.615565844216796, 46.51543291377169], [32.61583290173265, 46.51453385694951], [32.615306398596864, 46.51525205071363], [32.61374466018114, 46.51488680608437], [32.614016842129864, 46.51326780728795], [32.6124526103888, 46.51326251820506], [32.61324366383461, 46.51200525942462], [32.60883760343581, 46.50839045741437], [32.60779358155475, 46.50856687339008], [32.607784519066776, 46.509826779330645], [32.60621908735036, 46.510001391831054], [32.60829037999821, 46.51198840415066], [32.60829555234828, 46.511268458162974], [32.609593875313266, 46.51199286054431], [32.60696871996271, 46.51450374274854], [32.606722291146056, 46.51252299620143], [32.60515938560474, 46.512337621027754], [32.604649730582416, 46.51071594223739], [32.602053311887694, 46.50926701079623], [32.60101056868926, 46.5092633782889], [32.6010066175761, 46.50980333750393], [32.60179131162541, 46.509446089988295], [32.60308688403299, 46.51053053887051], [32.60333710063486, 46.51197133438876], [32.60255894038349, 46.511428660445056], [32.60151484032538, 46.51160501877187], [32.60307247081869, 46.51251038913251], [32.60228248889759, 46.51358759039793], [32.60046677676536, 46.512321326482045], [32.59967806784947, 46.51321852337663], [32.59921222688013, 46.5056572699104], [32.59687951575621, 46.50384916096559], [32.59505222485971, 46.50420268877105], [32.593997519850646, 46.505818870287634], [32.59244561157113, 46.504193430895604], [32.590349505982054, 46.505625872346435], [32.58800349412003, 46.505617446284674], [32.588771925315584, 46.50742012260017], [32.586949916333836, 46.507053575466756], [32.58643675688874, 46.505971774576025], [32.58487136957823, 46.50614609516989], [32.58486314848698, 46.507226011975234], [32.58304254889714, 46.506679416584014], [32.58251293546003, 46.50775743133011], [32.581999857647304, 46.50667561093566], [32.57990892956519, 46.50738791516445], [32.57939451869099, 46.5064860692203], [32.576002987642326, 46.50683352993841], [32.5749673086567, 46.50592973053297], [32.57025399301152, 46.508611985894596], [32.566091681812665, 46.507516325551755], [32.565543082474754, 46.510934073097424], [32.56110551517406, 46.511637096040474], [32.55899083162627, 46.51522878091082], [32.561319867938025, 46.51739762676814], [32.55870534972138, 46.51828752385432], [32.55816930560939, 46.52008536202233], [32.556886109938254, 46.51756052767428], [32.552402075459646, 46.52384274390915], [32.55474003775753, 46.52493181205157], [32.55446456375335, 46.52673064483647], [32.556292869426, 46.526377770395804], [32.55471062386846, 46.52853150782232], [32.54897205705443, 46.52868901518161], [32.548441553833946, 46.529766864847176], [32.54530616210733, 46.53047440625335], [32.54425699893922, 46.53119019259603], [32.54607052417931, 46.53263732652482], [32.54501080713542, 46.53461300972927], [32.54003423666789, 46.5371129702875], [32.533263796186624, 46.53582561397682], [32.528826906028115, 46.53616740480878], [32.52753533420591, 46.534722155279375], [32.525970504335596, 46.53471568129327], [32.52491943678888, 46.53561127225569], [32.523618538905346, 46.53524588140126], [32.524148014407395, 46.534348133717664], [32.52309849978789, 46.535063724184], [32.52336245575349, 46.534704843748464], [32.52310795317748, 46.53398382173432], [32.52102629025631, 46.53343515320976], [32.52023755455151, 46.5341518091992], [32.52050310895776, 46.53361295166343], [32.51711750327564, 46.5330587386053], [32.516093500089795, 46.53089452646087], [32.51166174894479, 46.530695702062694], [32.51271293796338, 46.52980023262385], [32.51141064759163, 46.52961468701633], [32.51141387539524, 46.529254719831165], [32.510892318952706, 46.529252490902074], [32.510895550139665, 46.52889252372185], [32.51011483891398, 46.52870919233366], [32.50882880727122, 46.52672378144542], [32.508043259507055, 46.52708038678379], [32.508315395080416, 46.52582162277721], [32.50546335067319, 46.52400942148879], [32.50547641611235, 46.52256955247736], [32.50315431382877, 46.519859628432116], [32.50368069643712, 46.51932194121058], [32.50211795828156, 46.5191351589565], [32.501089867039944, 46.517510761731295], [32.500040377442474, 46.51822614282709], [32.49875661285015, 46.51606063379149], [32.49719232544162, 46.51605376822598], [32.49383144756451, 46.512979098524426], [32.48656576169844, 46.50934689380989], [32.484989769839345, 46.51059974666452], [32.48785057572395, 46.51133255609948], [32.48886128205371, 46.51475690667688], [32.49223204650689, 46.51675182006558], [32.494580174851784, 46.516582228724495], [32.49300080758966, 46.51819515721905], [32.49428773239701, 46.52000076249822], [32.4937227978622, 46.52467802252549], [32.49193945583334, 46.52017034714051], [32.48986032249798, 46.51944113014624], [32.48750359552048, 46.520510540112426], [32.48440371451352, 46.51743676475026], [32.48545848941885, 46.51618157793325], [32.48312400389914, 46.51491111600244], [32.4828496362058, 46.51634980354252], [32.48154777140124, 46.51616391923389], [32.4823538415204, 46.51364769618826], [32.486237240906284, 46.51654506025545], [32.487031245849714, 46.51528868720323], [32.48654372813294, 46.51168667939719], [32.484204300756694, 46.51095618960215], [32.48215980900725, 46.50662716373367], [32.47038427749865, 46.511253017199294], [32.465216369430976, 46.506549200847175], [32.460538596528046, 46.50508730417773], [32.46003153207459, 46.50364498078941], [32.46160078479044, 46.50311240401073], [32.46833034512815, 46.50800364757838], [32.47118904204834, 46.50891685563277], [32.4745830776347, 46.50839252297375], [32.47669094862459, 46.50606230008028], [32.476195548487404, 46.50336016281774], [32.47024249203288, 46.49901295170917], [32.46399086728958, 46.49862384307806], [32.45985109043733, 46.495544511475636], [32.45776974938876, 46.49517468026013], [32.457489447384546, 46.49715325878847], [32.45514384535623, 46.49714210936764], [32.454081542050574, 46.49911695112645], [32.4514679853265, 46.49982441319303], [32.45483825273461, 46.50164044100589], [32.454047313014584, 46.502536625618866], [32.459508441057494, 46.503822501557835], [32.45976374679846, 46.50436368175195], [32.45118199611291, 46.50234292180035], [32.43788159923768, 46.50299829654773], [32.43300597292151, 46.49559457810547], [32.431513557949955, 46.48874748286166], [32.428673548229966, 46.48621344503368], [32.42921162922817, 46.48459620365972], [32.4323402382853, 46.48443178199605], [32.43441353218654, 46.485522005101636], [32.43467782714823, 46.48516332775832], [32.43260454148141, 46.484073109412776], [32.42947971683947, 46.483877573123934], [32.42923421757747, 46.48243641181663], [32.427667137103434, 46.482788565090594], [32.42712336067402, 46.48494574723603]], [[32.472414067491, 46.51702211022971], [32.47397316613968, 46.51756926356082], [32.47396621861506, 46.5182891952138], [32.472414067491, 46.51702211022971]], [[32.472414067491, 46.51702211022971], [32.47215160653174, 46.51720089028129], [32.47215334936315, 46.51702090739475], [32.472414067491, 46.51702211022971]], [[32.4682460908884, 46.51664282800017], [32.46850329733051, 46.5170040053123], [32.46824257945403, 46.51700279356405], [32.4682460908884, 46.51664282800017]], [[32.46048517596672, 46.51048678938199], [32.46022092595866, 46.510845524970904], [32.46022448959628, 46.510485559489744], [32.46048517596672, 46.51048678938199]], [[32.45476087868694, 46.509379698912035], [32.45501796168671, 46.509740906474484], [32.45475727911815, 46.50973966413759], [32.45476087868694, 46.509379698912035]], [[32.4523370128689, 46.51710773556216], [32.4526013453194, 46.51674901893524], [32.45259773056472, 46.51710898356534], [32.4523370128689, 46.51710773556216]], [[32.447064238610565, 46.522842076404], [32.447323158328075, 46.52302331850939], [32.44706241257212, 46.523022058362045], [32.447064238610565, 46.522842076404]], [[32.45285173676014, 46.54374879897291], [32.45232642640625, 46.544106265348276], [32.45233004636135, 46.54374630244119], [32.45285173676014, 46.54374879897291]], [[32.44948076321265, 46.54175273353818], [32.450002434267155, 46.54175524298223], [32.450520473751865, 46.54211771297137], [32.44948076321265, 46.54175273353818]], [[32.44783910936445, 46.549304404215], [32.448101805267896, 46.54912568197439], [32.44809998098329, 46.549305663133126], [32.44783910936445, 46.549304404215]], [[32.449147109287644, 46.548950730470736], [32.448888060986384, 46.54876949275404], [32.44914893008856, 46.54877074926908], [32.449147109287644, 46.548950730470736]], [[32.4543140056046, 46.55401521169596], [32.4566602601923, 46.55420636977237], [32.45693013268432, 46.55330770227121], [32.45692295111824, 46.55402762740458], [32.459008320233735, 46.55421749846374], [32.45981065170802, 46.55224140210901], [32.46137953038541, 46.551888820312996], [32.46345951279368, 46.552618554474876], [32.461622617145466, 46.55368986291249], [32.462644871917576, 46.55585454665605], [32.46056477730728, 46.55512479761588], [32.46029138662459, 46.5563834362294], [32.458207721229876, 46.55601360701544], [32.458479367781536, 46.554934954790134], [32.45508407841411, 46.5552788110382], [32.4543140056046, 46.55401521169596]], [[32.459011897286885, 46.5538575357964], [32.45875279274613, 46.55367632033595], [32.45901368578773, 46.553677554454126], [32.459011897286885, 46.5538575357964]], [[32.4592763664678, 46.55349880662162], [32.45901726273801, 46.553317591752354], [32.45927815407196, 46.553318825260156], [32.4592763664678, 46.55349880662162]], [[32.45823637987562, 46.553133906322806], [32.45875458209224, 46.553496338995636], [32.4579719056576, 46.553492633094386], [32.45823637987562, 46.553133906322806]], [[32.4579719056576, 46.553492633094386], [32.45770922075135, 46.55367137791346], [32.45771101354706, 46.553491396604045], [32.4579719056576, 46.553492633094386]], [[32.45981065170802, 46.55224140210901], [32.45955155213586, 46.55206018842798], [32.459812437467555, 46.552061420691935], [32.45981065170802, 46.55224140210901]], [[32.459814223209975, 46.55188143926912], [32.45903335816551, 46.55169775931012], [32.45903872299941, 46.55115781505934], [32.4595604849883, 46.55116028129501], [32.459814223209975, 46.55188143926912]], [[32.45929245428836, 46.55187897416167], [32.45902978152386, 46.55205772211525], [32.45903156985326, 46.55187774071555], [32.45929245428836, 46.55187897416167]], [[32.463191526133194, 46.55333725648119], [32.463450643934515, 46.553518461953836], [32.46318975146495, 46.55351723795785], [32.463191526133194, 46.55333725648119]], [[32.461879952329504, 46.55405105333398], [32.46214262547012, 46.55387229889902], [32.46214084730115, 46.554052280327824], [32.461879952329504, 46.55405105333398]], [[32.46264664853202, 46.55567456526935], [32.46290932705187, 46.555495809147054], [32.46290755131695, 46.55567579054717], [32.46264664853202, 46.55567456526935]], [[32.45976957451314, 46.55638097311689], [32.45950688145009, 46.55655972193966], [32.459508668483096, 46.55637974066809], [32.45976957451314, 46.55638097311689]], [[32.45976778834267, 46.55656095439616], [32.46028424874032, 46.557103361373606], [32.46002333922585, 46.55710213008408], [32.45976778834267, 46.55656095439616]], [[32.46351995843879, 46.57295765269484], [32.463784491947045, 46.57259891456162], [32.46378094412993, 46.57295887632652], [32.46351995843879, 46.57295765269484]], [[32.45673793090152, 46.5725656679462], [32.45699532171303, 46.57292686840688], [32.45673433646708, 46.57292562929554], [32.45673793090152, 46.5725656679462]], [[32.47130085925604, 46.60485187400727], [32.472345415951445, 46.604856696467245], [32.47207728300824, 46.60557541214517], [32.47130085925604, 46.60485187400727]], [[32.4540494396404, 46.60639074259309], [32.45379010293573, 46.60620951655377], [32.45405124785887, 46.60621076305926], [32.4540494396404, 46.60639074259309]], [[32.450632710857356, 46.608534244166904], [32.45115320483187, 46.608716730464145], [32.45063089116925, 46.60871422352449], [32.450632710857356, 46.608534244166904]], [[32.431708449847164, 46.64497928045878], [32.43144523378754, 46.64515795975016], [32.4314471194198, 46.64497798213311], [32.431708449847164, 46.64497928045878]], [[32.4990254461549, 46.628555035682254], [32.49850459996457, 46.62837276644323], [32.49902710669843, 46.62837505555616], [32.4990254461549, 46.628555035682254]], [[32.4985029376893, 46.62855274655501], [32.49824002032334, 46.62873158119548], [32.49824168348044, 46.628551601096596], [32.4985029376893, 46.62855274655501]], [[33.3293019921813, 46.754087667568044], [33.329041221675645, 46.754268400838995], [33.32904012622215, 46.75408842076751], [33.3293019921813, 46.754087667568044]], [[33.120567302132, 46.74333896599217], [33.12030588485383, 46.74351922451045], [33.1203054844764, 46.74333924152436], [33.120567302132, 46.74333896599217]], [[33.12133620004542, 46.735958828756026], [33.121598386543006, 46.736138534109884], [33.12133660374903, 46.736138811968495], [33.12133620004542, 46.735958828756026]], [[33.11268802160206, 46.731468078549746], [33.11190311301506, 46.73164883253789], [33.11190274075629, 46.73146884912314], [33.11268802160206, 46.731468078549746]], [[33.108761255247494, 46.731291894091356], [33.10902519081749, 46.732371545560206], [33.10771851748677, 46.73345268536619], [33.108761255247494, 46.731291894091356]], [[33.10771851748677, 46.73345268536619], [33.10745710505598, 46.73363291484253], [33.10745674756259, 46.7334529314637], [33.10771851748677, 46.73345268536619]], [[33.11319836298516, 46.72516813902153], [33.11293625757396, 46.72498841400578], [33.11319798650278, 46.72498815540998], [33.11319836298516, 46.72516813902153]], [[33.11633370363757, 46.72264521835828], [33.116070442067766, 46.72192554938889], [33.11659387024023, 46.72192501728892], [33.11633370363757, 46.72264521835828]], [[33.10691435775775, 46.723914294480515], [33.10717643798573, 46.72409403334358], [33.106914713328266, 46.724094278163946], [33.10691435775775, 46.723914294480515]], [[33.105084737566564, 46.72517587719105], [33.105347168216916, 46.725535603851434], [33.10508543657201, 46.725535844493784], [33.105084737566564, 46.72517587719105]], [[33.10534646747049, 46.72517563655172], [33.105607846132415, 46.72499541165687], [33.105608197371055, 46.72517539531378], [33.10534646747049, 46.72517563655172]], [[33.08336142188076, 46.72537374729115], [33.08362343102946, 46.72555354009386], [33.08336169913426, 46.7255537310515], [33.08336142188076, 46.72537374729115]], [[33.09488074001721, 46.727164615711594], [33.095403901899516, 46.72698419684506], [33.09540421922316, 46.72716418049542], [33.09488074001721, 46.727164615711594]], [[33.16856728914684, 46.68730320754927], [33.168304065864795, 46.68676363938047], [33.16856560949035, 46.68676325439298], [33.16856728914684, 46.68730320754927]], [[33.17684750161099, 46.65993289302171], [33.17658784543143, 46.66047325223448], [33.176586087503075, 46.65993329676256], [33.17684750161099, 46.65993289302171]], [[33.16975890226779, 46.650224373662994], [33.16949809709859, 46.65040474668464], [33.169497534840744, 46.65022476114746], [33.16975890226779, 46.650224373662994]], [[33.1775810732009, 46.64445293376713], [33.17731914559769, 46.644273353430954], [33.177580484252715, 46.64427294811887], [33.1775810732009, 46.64445293376713]], [[32.98784633327397, 46.65034966106308], [32.98732367903266, 46.64998963169094], [32.98784645422092, 46.649809702075174], [32.98784633327397, 46.65034966106308]], [[32.99281079730732, 46.66204917979476], [32.99307224584795, 46.66186920996511], [32.993333648408495, 46.66204921145137], [32.99281079730732, 46.66204917979476]], [[32.993333648408495, 46.66204921145137], [32.9935950314487, 46.66240919828026], [32.993333604162665, 46.66240918334773], [32.993333648408495, 46.66204921145137]], [[32.998823530349576, 46.664569202412224], [32.99908497412329, 46.6642092330394], [32.99908496804964, 46.664569204801616], [32.998823530349576, 46.664569202412224]], [[33.009283349305115, 46.67806775654124], [33.00954482040604, 46.677887749577465], [33.00954485209879, 46.67806773502668], [33.009283349305115, 46.67806775654124]], [[33.022095738474576, 46.67500624629257], [33.022618789587966, 46.67518612963795], [33.02209581183418, 46.675186231821925], [33.022095738474576, 46.67500624629257]], [[33.076238157798436, 46.685242149335416], [33.07676046734163, 46.68470184442988], [33.07676123216007, 46.685241799636614], [33.076238157798436, 46.685242149335416]], [[33.06370701374232, 46.704508199041975], [33.063968856622544, 46.70468803758517], [33.063707225472555, 46.70468818354101], [33.06370701374232, 46.704508199041975]], [[32.91640853571919, 46.70485537050222], [32.916146625189626, 46.7050351634901], [32.9161469038787, 46.70485517908364], [32.91640853571919, 46.70485537050222]], [[32.892877345828836, 46.69691643294376], [32.891048002705254, 46.69601478136583], [32.89157262159536, 46.695295340022035], [32.89235666276848, 46.695656050085866], [32.892877345828836, 46.69691643294376]], [[32.891048002705254, 46.69601478136583], [32.89052409735029, 46.69637425113045], [32.89052482481916, 46.69601428203645], [32.891048002705254, 46.69601478136583]], [[32.88295080228146, 46.69042725054886], [32.88268885069693, 46.69060696737482], [32.88268924038741, 46.69042698269719], [32.88295080228146, 46.69042725054886]], [[32.886378279608536, 46.67747176480763], [32.885856038794365, 46.67711127405426], [32.88637941138282, 46.67693180944224], [32.886378279608536, 46.67747176480763]], [[32.9041529273305, 46.68162769867935], [32.90363148822851, 46.680727333891326], [32.90546083934929, 46.68144880140067], [32.9041529273305, 46.68162769867935]], [[32.9093797087828, 46.683791781204754], [32.909641538959654, 46.68361200297806], [32.90964123887238, 46.683791988024716], [32.9093797087828, 46.683791781204754]], [[32.91356533877649, 46.68307507829835], [32.91330410003516, 46.682894895362395], [32.9135656258244, 46.68289509321001], [32.91356533877649, 46.68307507829835]], [[32.91226149337384, 46.680734276565346], [32.91304459566567, 46.68163480115663], [32.91199880910185, 46.6814540163066], [32.91226149337384, 46.680734276565346]], [[32.91069269785842, 46.680553077524564], [32.91147694732112, 46.680733672308754], [32.91095362093436, 46.68091325162672], [32.91069269785842, 46.680553077524564]], [[32.91095480371351, 46.68019331101625], [32.90938512554538, 46.680552049517885], [32.90938632914324, 46.67983210889268], [32.9080796899638, 46.6792911104611], [32.91095480371351, 46.68019331101625]], [[32.909907855292126, 46.68073244765823], [32.910430588521166, 46.68091284340733], [32.90990755611939, 46.68091243279721], [32.909907855292126, 46.68073244765823]], [[32.90912421463292, 46.68019187182489], [32.90860088570118, 46.680371440397884], [32.90860118920728, 46.680191455248334], [32.90912421463292, 46.68019187182489]], [[32.909387532694865, 46.67911216817647], [32.91121926451632, 46.678393662287185], [32.9109568734677, 46.67893341472888], [32.909387532694865, 46.67911216817647]], [[32.904427141432464, 46.67442850946578], [32.903903533601294, 46.674788042070105], [32.90390417168271, 46.67442807146078], [32.904427141432464, 46.67442850946578]], [[32.90416851995803, 46.67280842272612], [32.903906723885854, 46.67298818879589], [32.903907042897465, 46.672808203437185], [32.90416851995803, 46.67280842272612]], [[32.90233980165168, 46.67190694831836], [32.902077678805, 46.67226669560305], [32.90207832895288, 46.671906724853805], [32.90233980165168, 46.67190694831836]], [[32.90365452122353, 46.66776839123524], [32.90313129419272, 46.66794793526097], [32.903131615722025, 46.66776794974708], [32.90365452122353, 46.66776839123524]], [[32.90287177491512, 46.666867800459016], [32.902610003261636, 46.66704756376792], [32.90261032651107, 46.66686757822836], [32.90287177491512, 46.666867800459016]], [[32.90156453292599, 46.66686668333179], [32.90130275694921, 46.66704644364673], [32.90130308453754, 46.66686645811417], [32.90156453292599, 46.66686668333179]], [[32.897122983863326, 46.665242903545156], [32.89738510553216, 46.66488316716636], [32.897384424390815, 46.66524313830784], [32.897122983863326, 46.665242903545156]], [[32.897384424390815, 46.66524313830784], [32.897645525213704, 46.66542335803682], [32.89738408381525, 46.66542312387003], [32.897384424390815, 46.66524313830784]], [[32.88665821804696, 46.66865274671199], [32.88639638408509, 46.66883247281608], [32.88639676117295, 46.66865248742685], [32.88665821804696, 46.66865274671199]], [[32.88665784182695, 46.66883273210283], [32.88691892421667, 46.66901297617894], [32.88665746560333, 46.669012717488], [32.88665784182695, 46.66883273210283]], [[32.87332476321252, 46.66827879082569], [32.872801431122106, 46.668458196038806], [32.87280185333052, 46.668278210727635], [32.87332476321252, 46.66827879082569]], [[32.85739826457905, 46.659800712077136], [32.85713637661225, 46.65998037144305], [32.857136850677044, 46.65980038598009], [32.85739826457905, 46.659800712077136]], [[32.852954716808846, 46.65961510176694], [32.852692815046105, 46.659794750952315], [32.85269330385278, 46.65961476551889], [32.852954716808846, 46.65961510176694]], [[32.85033711106503, 46.66087161019152], [32.8513803211042, 46.661772900018704], [32.85007270692551, 46.661951180104886], [32.85033711106503, 46.66087161019152]], [[32.85216606291123, 46.66123395988907], [32.85190660792067, 46.660513680269865], [32.85269037094232, 46.660694678034076], [32.85216606291123, 46.66123395988907]], [[32.85242748366513, 46.66123429735059], [32.852426993948704, 46.66141428273069], [32.852165572327294, 46.66141394526706], [32.85216606291123, 46.66123395988907], [32.85242748366513, 46.66123429735059]], [[32.85059555530244, 46.6619518640041], [32.85189677837255, 46.66411338716118], [32.858684230994605, 46.667901674350105], [32.86103730790809, 46.6679045562822], [32.861562970945336, 46.666825278574585], [32.86051903153147, 46.666104067391196], [32.863137108962434, 46.6646673418523], [32.86287066520988, 46.666646867414784], [32.86627213925014, 46.66557097822097], [32.8644339475184, 46.66880855989895], [32.86704852179804, 46.66881162772414], [32.86992800798228, 46.66737505093258], [32.86626192984062, 46.669710639830306], [32.868350565128885, 46.67097296200974], [32.8696570392339, 46.67133442909702], [32.871490739620604, 46.66989661754127], [32.87358286120764, 46.669718962352206], [32.870178685642536, 46.6718749791675], [32.86939513603275, 46.67151411614165], [32.869130189945984, 46.67295369870063], [32.86625305026021, 46.67331034313034], [32.866512756749614, 46.674030588861456], [32.86782104751569, 46.67367213641503], [32.868862617435994, 46.67547319072272], [32.87095710493215, 46.67439565851788], [32.87173772569329, 46.67601640629081], [32.86964319099275, 46.677093952430056], [32.870427253055084, 46.677274828476826], [32.87042639259996, 46.6776347984914], [32.86885652155036, 46.677992980987035], [32.86650832483074, 46.675830439449236], [32.866772027798376, 46.674930818982766], [32.86520355366284, 46.674748996429685], [32.85632924692595, 46.66861868479635], [32.85085103989832, 46.66411202881745], [32.85059555530244, 46.6619518640041]], [[32.85372633543039, 46.66429572656498], [32.85320297718932, 46.66447504223586], [32.85320346438273, 46.66429505694622], [32.85372633543039, 46.66429572656498]], [[32.863137108962434, 46.6646673418523], [32.86366043631515, 46.66448798071649], [32.86365998382358, 46.66466796608131], [32.863137108962434, 46.6646673418523]], [[32.86627213925014, 46.66557097822097], [32.86653402403719, 46.665391298118], [32.86653358106868, 46.665571283475565], [32.86627213925014, 46.66557097822097]], [[32.86860243660183, 46.67493293554512], [32.86886435896708, 46.674753250442315], [32.86886392359058, 46.674933235520946], [32.86860243660183, 46.67493293554512]], [[32.81588299809098, 46.64516254918016], [32.815621043739675, 46.645342113887665], [32.81562165525196, 46.64516212833507], [32.81588299809098, 46.64516254918016]], [[32.77332479205479, 46.635366867493175], [32.77384588242074, 46.63572787242025], [32.77358458569345, 46.635727355637066], [32.77332479205479, 46.635366867493175]], [[32.773061992260494, 46.6357263202805], [32.77332178586309, 46.63608680899833], [32.77306048741758, 46.6360862910152], [32.773061992260494, 46.6357263202805]], [[32.7508724476971, 46.63118048231673], [32.75113289712126, 46.63136103615424], [32.75087162184082, 46.63136046754058], [32.7508724476971, 46.63118048231673]], [[32.66817023191891, 46.56833465709201], [32.66869326896923, 46.568156183971894], [32.668692173105384, 46.56833616987811], [32.66817023191891, 46.56833465709201]], [[32.66869765231952, 46.56743624028992], [32.6684333959504, 46.56797544197403], [32.66791475350291, 46.56743397028871], [32.66869765231952, 46.56743624028992]], [[32.66765378725176, 46.567433212431034], [32.66608688551333, 46.56760863866517], [32.666100138252624, 46.565448807708755], [32.66350170098284, 46.56364130191705], [32.66324966243872, 46.56220064624289], [32.6580455444819, 46.559845347286064], [32.65989454403319, 46.55625107122117], [32.65988217394294, 46.55823091823073], [32.66222488725536, 46.559137806481004], [32.66819218172302, 46.56473493807201], [32.66740492182743, 46.565452608641955], [32.66765378725176, 46.567433212431034]], [[32.68618137879302, 46.56766552722508], [32.686705387006064, 46.56730698532239], [32.686703314486074, 46.567666957820336], [32.68618137879302, 46.56766552722508]], [[32.686183454765576, 46.567305554745], [32.685923527494744, 46.56712485231923], [32.68618449273693, 46.5671255684964], [32.686183454765576, 46.567305554745]], [[32.68747794833916, 46.56910898911901], [32.688000929970805, 46.568930427609594], [32.68799989794241, 46.56911041383237], [32.68747794833916, 46.56910898911901]], [[32.69446463771435, 46.579747205356796], [32.69394562394496, 46.57920585191676], [32.69420664734011, 46.57920654993176], [32.69446463771435, 46.579747205356796]], [[32.69709093517766, 46.576874369608575], [32.69735395018283, 46.57651508814478], [32.6973519474615, 46.576875060420804], [32.69709093517766, 46.576874369608575]], [[32.696311917605065, 46.576152349093206], [32.69578889351455, 46.57633094827019], [32.69578990003251, 46.576150962143885], [32.696311917605065, 46.576152349093206]], [[32.698947902731156, 46.571479605477236], [32.698162946443134, 46.57183751498141], [32.697905955729674, 46.57111688082792], [32.698947902731156, 46.571479605477236]], [[32.697644971056896, 46.571116191344636], [32.6963430613425, 46.57057277607888], [32.694775149982526, 46.57092858145844], [32.695294093476164, 46.57146993175162], [32.69320721821309, 46.571284365276924], [32.69319605388109, 46.57326421356797], [32.69527998068494, 46.57398973895605], [32.69371399048699, 46.57398555698409], [32.69370892384126, 46.57488548772682], [32.689805173888416, 46.57289509158754], [32.68954931606443, 46.57199445289822], [32.692159203388655, 46.57200150572895], [32.691641306186305, 46.57128015511831], [32.69007436926119, 46.5714559097097], [32.69138134180678, 46.571099465129535], [32.69086550865389, 46.57001813846047], [32.69217651440497, 46.56894173951619], [32.69061066994742, 46.568937515411434], [32.69113772626292, 46.568038994362766], [32.689578068528895, 46.56695483831494], [32.69478423676852, 46.5693087047321], [32.695830152836464, 46.56895151241282], [32.695576227295454, 46.567690913607336], [32.69088186879028, 46.56713835788873], [32.692188732246926, 46.566781903549604], [32.69167088397748, 46.5660605525318], [32.68932326943771, 46.56587421191494], [32.690898226416785, 46.56425857585614], [32.69167700249363, 46.56498063415612], [32.691421150210715, 46.564079998418414], [32.692725904195804, 46.56408351047124], [32.692735049803815, 46.56246363210779], [32.69482057607135, 46.56282919320489], [32.69558629603996, 46.56589104939209], [32.697150050249206, 46.56625517812697], [32.696620100130794, 46.56769368669126], [32.697644971056896, 46.571116191344636]], [[32.69477212087958, 46.57146854026451], [32.694510124012126, 46.57164782988079], [32.69451113459581, 46.571467843627865], [32.69477212087958, 46.57146854026451]], [[32.6937261494456, 46.57182572261954], [32.69398511275772, 46.57218639351098], [32.69372412304967, 46.572185695070694], [32.6937261494456, 46.57182572261954]], [[32.69397802610961, 46.57344629694083], [32.69424003341512, 46.57326700862474], [32.6942390218711, 46.57344699481625], [32.69397802610961, 46.57344629694083]], [[32.69579795182861, 46.57471107292802], [32.696063981443565, 46.57381183569869], [32.69632296966847, 46.57417250123188], [32.69579795182861, 46.57471107292802]], [[32.69605895370198, 46.574711766665736], [32.696057948124725, 46.57489175284202], [32.69579694538788, 46.57489105909996], [32.69579795182861, 46.57471107292802], [32.69605895370198, 46.574711766665736]], [[32.69370892384126, 46.57488548772682], [32.69422890589742, 46.57524685641749], [32.69396790150132, 46.57524615849845], [32.69370892384126, 46.57488548772682]], [[32.692925915921386, 46.57488338863673], [32.692663896488654, 46.57506267386303], [32.69266491330091, 46.574882687749096], [32.692925915921386, 46.57488338863673]], [[32.692663896488654, 46.57506267386303], [32.6921398524422, 46.575421242485795], [32.69188088609529, 46.5750605676142], [32.692663896488654, 46.57506267386303]], [[32.69240085763366, 46.57542194457752], [32.692660845993366, 46.57560263217057], [32.69239983992863, 46.57560193066994], [32.69240085763366, 46.57542194457752]], [[32.690863463460346, 46.57037811092921], [32.69060145902785, 46.57055739160954], [32.69060248250262, 46.57037740538813], [32.690863463460346, 46.57037811092921]], [[32.69270456137417, 46.56786322485517], [32.692184659789156, 46.56750184896309], [32.69348746825596, 46.567865325219636], [32.69270456137417, 46.56786322485517]], [[32.694525281749804, 46.56894803548778], [32.69505126494505, 46.568229482620715], [32.69478625594779, 46.56894873206348], [32.694525281749804, 46.56894803548778]], [[32.69922480857957, 46.568600509924586], [32.699222818788, 46.568960482762904], [32.69896084865324, 46.56913978271435], [32.69922480857957, 46.568600509924586]], [[32.6992218238779, 46.56914046917352], [32.6994818050557, 46.569321141446515], [32.69922082895827, 46.56932045557841], [32.6992218238779, 46.56914046917352]], [[32.69871282896765, 46.56679927198855], [32.69845086759832, 46.56697857086074], [32.6984518649833, 46.56679858439456], [32.69871282896765, 46.56679927198855]], [[32.69924370969634, 46.56518076682224], [32.698981757887765, 46.5653600669836], [32.698982753460584, 46.56518008045745], [32.69924370969634, 46.56518076682224]], [[32.69795291395719, 46.56265751732152], [32.69743202636155, 46.562476151578814], [32.69795491171024, 46.56229754412677], [32.69795291395719, 46.56265751732152]], [[32.68963555030386, 46.55687559572654], [32.68989544117284, 46.5570562899535], [32.689634524114226, 46.557055582358274], [32.68963555030386, 46.55687559572654]], [[32.694317893182124, 46.55940805474347], [32.69405797639264, 46.55922737057597], [32.694318903969844, 46.559228068106876], [32.694317893182124, 46.55940805474347]], [[32.69273708205397, 46.56210365907536], [32.69247512374669, 46.56228294441818], [32.6924761407298, 46.562102957903484], [32.69273708205397, 46.56210365907536]], [[32.69091866992114, 46.56065884626111], [32.691437477557514, 46.5612002146928], [32.6909145815339, 46.561378792362724], [32.69091866992114, 46.56065884626111]], [[32.68961194545275, 46.56101528681243], [32.68987390703525, 46.56083600799437], [32.68987288149197, 46.561015994504956], [32.68961194545275, 46.56101528681243]], [[32.68778229605677, 46.56155027569086], [32.68752032415945, 46.561729549671384], [32.68752135750793, 46.56154956322356], [32.68778229605677, 46.56155027569086]], [[32.686479676981904, 46.561186734525364], [32.685955726423295, 46.56154527592079], [32.685956764939064, 46.56136528949404], [32.686479676981904, 46.561186734525364]], [[32.68647760341177, 46.56154670740246], [32.68673647003677, 46.56190739511371], [32.68647552980186, 46.56190668025672], [32.68647760341177, 46.56154670740246]], [[32.68622185307759, 46.56064605974605], [32.68569790605, 46.561004600003244], [32.68569894539874, 46.56082461356386], [32.68622185307759, 46.56064605974605]], [[32.687793652745135, 46.55957042433905], [32.687272828731885, 46.5593890123954], [32.68779468511195, 46.55939043781829], [32.687793652745135, 46.55957042433905]], [[32.676867762881365, 46.55396041144718], [32.67634488908556, 46.55413892280158], [32.676345959106555, 46.553958936309], [32.676867762881365, 46.55396041144718]], [[32.675051118388055, 46.552335359568424], [32.675310939078194, 46.55251608689399], [32.675050044147156, 46.55251534608928], [32.675051118388055, 46.552335359568424]], [[32.67427058986963, 46.55197316056723], [32.67400861989713, 46.552152403910156], [32.67400969756715, 46.551972417396456], [32.67427058986963, 46.55197316056723]], [[32.67220078963906, 46.5490874140676], [32.67194099560991, 46.54890667963826], [32.67220187316948, 46.54890742748947], [32.67220078963906, 46.5490874140676]], [[32.667015141411085, 46.54385273356121], [32.6672737953832, 46.544213465874535], [32.66701294043909, 46.54421270684314], [32.667015141411085, 46.54385273356121]], [[32.66937811778117, 46.54133972913621], [32.66885862388676, 46.540978246615836], [32.66938030290094, 46.540979755586484], [32.66937811778117, 46.54133972913621]], [[32.668596689255004, 46.541157478001956], [32.66833694491456, 46.540976735266156], [32.668597784395416, 46.54097749123837], [32.668596689255004, 46.541157478001956]], [[32.66912711701112, 46.53971909382762], [32.66834352070796, 46.53989681459319], [32.66834461663675, 46.53971682779438], [32.66912711701112, 46.53971909382762]], [[32.66834352070796, 46.53989681459319], [32.66808158960779, 46.54007604484295], [32.66808268640896, 46.53989605805457], [32.66834352070796, 46.53989681459319]], [[32.66338210915201, 46.54078227211571], [32.66312015751466, 46.54096149092239], [32.66312127074475, 46.54078150425312], [32.66338210915201, 46.54078227211571]], [[32.66312015751466, 46.54096149092239], [32.66285820415348, 46.54114070911901], [32.66285931825617, 46.54096072246024], [32.66312015751466, 46.54096149092239]], [[32.66130323673713, 46.53951620595283], [32.661823783881665, 46.53969773602752], [32.661821548920194, 46.54005770938078], [32.66130323673713, 46.53951620595283]], [[32.65556037622081, 46.54021901790024], [32.655300679766675, 46.54003824566335], [32.655561514402656, 46.54003903134891], [32.65556037622081, 46.54021901790024]], [[32.65530409683232, 46.53949828598979], [32.654520459150135, 46.53967591195777], [32.65452160074665, 46.539495925408964], [32.65530409683232, 46.53949828598979]], [[32.647720182558444, 46.54253501118577], [32.647982192262496, 46.54235582785575], [32.64798102894138, 46.542535814188945], [32.647720182558444, 46.54253501118577]], [[32.6466709588154, 46.54343172467978], [32.646408939618134, 46.54361090494623], [32.64641010817833, 46.54343091867748], [32.6466709588154, 46.54343172467978]], [[32.646408939618134, 46.54361090494623], [32.64614691869679, 46.543790084602065], [32.64614808813024, 46.543610098344075], [32.646408939618134, 46.54361090494623]], [[32.64588723665356, 46.54360929114713], [32.64509881777051, 46.54450679711924], [32.645101163612374, 46.544146824683644], [32.64458180483292, 46.54378523246789], [32.64379571640992, 46.544322756973905], [32.64301787115226, 46.54360037272323], [32.64588723665356, 46.54360929114713]], [[32.645620529288266, 46.54450841453773], [32.64588021471243, 46.54468920857911], [32.645619358074626, 46.54468840075706], [32.645620529288266, 46.54450841453773]], [[32.644840309594485, 46.54414601509228], [32.644577106297724, 46.544505177321426], [32.644579455587845, 46.54414520490608], [32.644840309594485, 46.54414601509228]], [[32.64406245294978, 46.54342363789056], [32.644846178312555, 46.54324608392863], [32.644845004591446, 46.54342607017278], [32.64406245294978, 46.54342363789056]], [[32.64641010817833, 46.54343091867748], [32.645889577210845, 46.543249318624106], [32.646411276727335, 46.543250932403026], [32.64641010817833, 46.54343091867748]], [[32.64617732032322, 46.53911044003792], [32.646955143837836, 46.5398328033115], [32.646694310428394, 46.53983199800467], [32.64617732032322, 46.53911044003792]], [[32.6453913153216, 46.539647976181065], [32.64591532037968, 46.53928961936283], [32.64591298031593, 46.539649592137195], [32.6453913153216, 46.539647976181065]], [[32.644863782779154, 46.540546289580874], [32.64512344686712, 46.540727085405955], [32.6448626092268, 46.5407262759107], [32.644863782779154, 46.540546289580874]], [[32.64303792564558, 46.5405406064967], [32.64277590850986, 46.5407197785378], [32.642777088957374, 46.540539792248566], [32.64303792564558, 46.5405406064967]], [[32.64200640866886, 46.53873748288205], [32.64277826939357, 46.540359805953614], [32.64225541561491, 46.54053816196802], [32.64200640866886, 46.53873748288205]], [[32.64148238333319, 46.539095821771134], [32.640955978266526, 46.539814130787505], [32.64122155360784, 46.539095003995406], [32.64148238333319, 46.539095821771134]], [[32.64095479183126, 46.53999411706386], [32.639648240362675, 46.54034998864706], [32.639903126354, 46.541250741163495], [32.64120851217536, 46.54107485302874], [32.64198629749022, 46.541797249733264], [32.63963871381263, 46.5417898783558], [32.63860728613526, 46.53998672473665], [32.63782717798601, 46.539624277487285], [32.63625978136648, 46.53997928423603], [32.63522488374323, 46.538716058623606], [32.63653022355618, 46.53854022366659], [32.63678504965292, 46.53944098324456], [32.638097576969784, 46.538185212999636], [32.64095479183126, 46.53999411706386]], [[32.63678144901244, 46.53998094184376], [32.63729952113163, 46.54052255565133], [32.6367766479974, 46.540700886562675], [32.63678144901244, 46.53998094184376]], [[32.63625136740289, 46.541239187361654], [32.638082030512614, 46.54052503408047], [32.63807485457125, 46.541604951176744], [32.63755676449, 46.541063340932006], [32.63625136740289, 46.541239187361654]], [[32.63833689138294, 46.54142578998765], [32.6385953435857, 46.54178658672399], [32.63833450105757, 46.54178576232911], [32.63833689138294, 46.54142578998765]], [[32.63755556677021, 46.54124332710153], [32.63729232967587, 46.541602472654674], [32.63729472687375, 46.54124250034307], [32.63755556677021, 46.54124332710153]], [[32.63625978136648, 46.53997928423603], [32.63599774473868, 46.540158440712844], [32.63599894756078, 46.53997845454008], [32.63625978136648, 46.53997928423603]], [[32.63625857940625, 46.54015927041399], [32.63651701185406, 46.54052007186949], [32.636256175451216, 46.540519242752715], [32.63625857940625, 46.54015927041399]], [[32.63599774473868, 46.540158440712844], [32.63521282995515, 46.54051592033822], [32.63521403538596, 46.54033593419246], [32.63599774473868, 46.540158440712844]], [[32.643581976285546, 46.53712249233821], [32.64384397340755, 46.53694331828184], [32.64384279663324, 46.53712330470565], [32.643581976285546, 46.53712249233821]], [[32.64462878027756, 46.53658577890574], [32.643847503662805, 46.536403358976145], [32.64358433154634, 46.53676251949504], [32.642801875741384, 46.53676007885516], [32.643587864352874, 46.536222560187426], [32.64462878027756, 46.53658577890574]], [[32.64228023859462, 46.536758448788575], [32.64227669276058, 46.53729840796845], [32.64149422936988, 46.53729595836264], [32.64228023859462, 46.536758448788575]], [[32.64310278544512, 46.53064135151202], [32.64284317596239, 46.53046055093458], [32.643103964397746, 46.5304613648978], [32.64310278544512, 46.53064135151202]], [[32.640243610911696, 46.529192472536366], [32.640505580679694, 46.52901330580023], [32.64050439320382, 46.529193292409104], [32.640243610911696, 46.529192472536366]], [[32.64624744901272, 46.52831124553743], [32.64572823292998, 46.527949657922406], [32.646249785941215, 46.527951272033256], [32.64624744901272, 46.52831124553743]], [[32.64911832830189, 46.5279601071372], [32.64885871150229, 46.527779320107506], [32.64911948727494, 46.52778012032133], [32.64911832830189, 46.5279601071372]], [[32.64990065827035, 46.52796250422678], [32.650424520959994, 46.527604125626716], [32.65042221163808, 46.52796409931407], [32.64990065827035, 46.52796250422678]], [[32.64990412740443, 46.52742254371711], [32.648861031137656, 46.52741934646863], [32.64886335072855, 46.52705937280692], [32.64990412740443, 46.52742254371711]], [[32.652515312042006, 46.52689053451478], [32.652777230511695, 46.526711339461336], [32.652776083662964, 46.52689132638109], [32.652515312042006, 46.52689053451478]], [[32.6527714961581, 46.52761127400301], [32.65381116612399, 46.5281543963184], [32.65276805541404, 46.528151234659475], [32.6527714961581, 46.52761127400301]], [[32.65383174709447, 46.5249146312529], [32.65356984074775, 46.52509382881041], [32.653570984903034, 46.524913841818716], [32.65383174709447, 46.5249146312529]], [[32.65360187295138, 46.520054190884075], [32.653338844568225, 46.52041337526499], [32.65308039509891, 46.520052610499135], [32.65360187295138, 46.520054190884075]], [[32.64865595634338, 46.51877917172345], [32.6489155297712, 46.518959959378044], [32.64865479620377, 46.518959158814916], [32.64865595634338, 46.51877917172345]], [[32.641891099290696, 46.516598304647566], [32.64215063984928, 46.51677910762993], [32.64188873450551, 46.5169582786991], [32.641891099290696, 46.516598304647566]], [[32.637464810520804, 46.515684407807704], [32.636940978000304, 46.516042727888326], [32.63694337538094, 46.51568275397483], [32.637464810520804, 46.515684407807704]], [[32.633033824885246, 46.515490287576455], [32.6327743207999, 46.51530946397263], [32.63303503645785, 46.5153103006834], [32.633033824885246, 46.515490287576455]], [[32.63122950707344, 46.512424640750275], [32.630702007695255, 46.51332289321281], [32.63018059553576, 46.5133212086168], [32.629925998160935, 46.51242043087728], [32.63122950707344, 46.512424640750275]], [[32.63175091072016, 46.512426320540335], [32.63174847932878, 46.512786294451196], [32.63122707223965, 46.51278461464013], [32.63122950707344, 46.512424640750275], [32.63175091072016, 46.512426320540335]], [[32.62472311524775, 46.510783561249674], [32.6244611818015, 46.51096269251889], [32.62446242148119, 46.51078270565747], [32.62472311524775, 46.510783561249674]], [[32.619772446024406, 46.51040722985584], [32.62003188357038, 46.51058808291289], [32.619771190879405, 46.51058721663182], [32.619772446024406, 46.51040722985584]], [[32.618991628319655, 46.51022464069873], [32.61872842023587, 46.510583745566265], [32.618730937397835, 46.51022377205202], [32.618991628319655, 46.51022464069873]], [[32.617426220092376, 46.510399406639515], [32.61768564978528, 46.51058026499477], [32.61742495720285, 46.5105793933666], [32.617426220092376, 46.510399406639515]], [[32.61768691181431, 46.51040027826225], [32.61794886470477, 46.51022116254719], [32.61794760354834, 46.51040114929087], [32.61768691181431, 46.51040027826225]], [[32.61742495720285, 46.5105793933666], [32.617163000870384, 46.51075850786018], [32.617164264632514, 46.51057852114429], [32.61742495720285, 46.5105793933666]], [[32.614806588046356, 46.51219052420238], [32.615066017496495, 46.512371388441856], [32.61480531642999, 46.51237051081761], [32.614806588046356, 46.51219052420238]], [[32.617140251081096, 46.51399826776896], [32.616884601462196, 46.51327744838438], [32.61714530692893, 46.51327832128263], [32.617140251081096, 46.51399826776896]], [[32.616350524762055, 46.51507556668596], [32.616612504585454, 46.51489645425938], [32.61661123881124, 46.515076440827194], [32.616350524762055, 46.51507556668596]], [[32.61582655995098, 46.5154337897065], [32.61608600816525, 46.51561465158683], [32.61582529155818, 46.515613776240755], [32.61582655995098, 46.5154337897065]], [[32.615041870822765, 46.5157911331493], [32.61634039124572, 46.51651545897888], [32.615036786752285, 46.51651107914055], [32.615041870822765, 46.5157911331493]], [[32.613232172485496, 46.513625138510484], [32.61270947988802, 46.51380336079792], [32.612710758487054, 46.51362337427244], [32.613232172485496, 46.513625138510484]], [[32.61245388981171, 46.51308253166793], [32.61167562262904, 46.51253991952575], [32.61245900738073, 46.51236258546231], [32.61245388981171, 46.51308253166793]], [[32.61245900738073, 46.51236258546231], [32.612720986838305, 46.51218348186274], [32.61271970833727, 46.51236346843396], [32.61245900738073, 46.51236258546231]], [[32.608012858277306, 46.514327334845106], [32.609322858469795, 46.51343186233311], [32.60983783003478, 46.514333574303116], [32.608012858277306, 46.514327334845106]], [[32.611137530187285, 46.51487797262409], [32.610103689231295, 46.51361451743123], [32.61192607520708, 46.51398069647112], [32.611137530187285, 46.51487797262409]], [[32.610103689231295, 46.51361451743123], [32.60984555846869, 46.513253655532786], [32.6101062636053, 46.5132545444738], [32.610103689231295, 46.51361451743123]], [[32.611398243131454, 46.51487885864406], [32.611395677142504, 46.51523883155402], [32.611134962476925, 46.515237945522976], [32.611137530187285, 46.51487797262409], [32.611398243131454, 46.51487885864406]], [[32.611395677142504, 46.51523883155402], [32.61191582521906, 46.51542058829094], [32.61139439412959, 46.51541881800043], [32.611395677142504, 46.51523883155402]], [[32.610355391428655, 46.51487531099892], [32.61138797888058, 46.5163187501467], [32.61217013844439, 46.516321404774075], [32.611900448763635, 46.51758042533463], [32.60981979529421, 46.51685338396682], [32.610355391428655, 46.51487531099892]], [[32.61138926195497, 46.51613876372887], [32.6121739798839, 46.51578144545369], [32.612172699416334, 46.51596143189954], [32.61138926195497, 46.51613876372887]], [[32.612172699416334, 46.51596143189954], [32.61243213795489, 46.51614230202144], [32.6121714189365, 46.51614141833965], [32.612172699416334, 46.51596143189954]], [[32.611900448763635, 46.51758042533463], [32.61268134760918, 46.51776306291226], [32.61189916731253, 46.51776041171778], [32.611900448763635, 46.51758042533463]], [[32.60333710063486, 46.51197133438876], [32.60385719050208, 46.512153127693566], [32.60333579116555, 46.512151320764715], [32.60333710063486, 46.51197133438876]], [[32.59866572198821, 46.50907518402791], [32.59892375899002, 46.509436071123], [32.59866307246274, 46.5094351567525], [32.59866572198821, 46.50907518402791]], [[32.52596580595976, 46.53525563269869], [32.52622504819171, 46.53543669700023], [32.52596423980445, 46.53543561648904], [32.52596580595976, 46.53525563269869]], [[32.52310480210802, 46.534343789240474], [32.52258161876842, 46.5345215971652], [32.52258319604891, 46.53434161343433], [32.52310480210802, 46.534343789240474]], [[32.51452557536132, 46.53124786361964], [32.51478476039981, 46.531428953757285], [32.514523971634, 46.5314278472353], [32.51452557536132, 46.53124786361964]], [[32.51141064759163, 46.52961468701633], [32.51114825285364, 46.5297935564121], [32.51114986763998, 46.52961357283509], [32.51141064759163, 46.52961468701633]], [[32.51114825285364, 46.5297935564121], [32.510885856392974, 46.52997242519373], [32.51088747205613, 46.52979244162942], [32.51114825285364, 46.5297935564121]], [[32.510634773664236, 46.52889140837953], [32.51037237989595, 46.52907027602176], [32.51037399720429, 46.52889029244273], [32.510634773664236, 46.52889140837953]], [[32.50521240211625, 46.52292839217089], [32.50495328926449, 46.52274728035615], [32.50521403611803, 46.522748408537176], [32.50521240211625, 46.52292839217089]], [[32.483657353784956, 46.513653587847955], [32.483400062268444, 46.513292444056276], [32.48366076303291, 46.513293621185184], [32.483657353784956, 46.513653587847955]], [[32.4715351893085, 46.50009888048385], [32.47127106269851, 46.500457642765994], [32.471274552119745, 46.50009767597978], [32.4715351893085, 46.50009888048385]], [[32.441251605689736, 46.504814722554336], [32.44072844308175, 46.5049921570804], [32.44073028887532, 46.504812174745844], [32.441251605689736, 46.504814722554336]], [[32.442556737789644, 46.50464109928533], [32.44229239889789, 46.5049997934261], [32.442296080145496, 46.5046398286558], [32.442556737789644, 46.50464109928533]], [[32.559908312401596, 46.62754551526852], [32.5604264448137, 46.62808746912859], [32.56173997971803, 46.62719257159717], [32.56251647966532, 46.62809548007292], [32.561724000159316, 46.629172370868794], [32.559898101162936, 46.62880538722512], [32.55962954494212, 46.62970429029178], [32.55807076220454, 46.628618356155904], [32.559908312401596, 46.62754551526852]], [[32.65776741837781, 46.645518806487836], [32.65438373829849, 46.643348795108544], [32.65308743924286, 46.64172499121581], [32.654916699413874, 46.64173052300454], [32.65959906528414, 46.645164297187286], [32.65776741837781, 46.645518806487836]], [[32.65308743924286, 46.64172499121581], [32.652827267693816, 46.64154421528171], [32.65308858966474, 46.64154500791966], [32.65308743924286, 46.64172499121581]], [[32.682344077258264, 46.64378981212106], [32.684968905748626, 46.64181721553211], [32.687319786395406, 46.642003651031644], [32.68393828275472, 46.63929455815594], [32.68576642472717, 46.639479580470116], [32.68654412700658, 46.64056163454863], [32.688112035920895, 46.640565919307754], [32.6883764541797, 46.64002667941612], [32.68524693004521, 46.63893819204442], [32.687079215010165, 46.63840325743124], [32.68655452088443, 46.63876179489702], [32.687074026960026, 46.63930317743015], [32.6883867871071, 46.63822683928099], [32.69150712715802, 46.64093509727542], [32.696467176981336, 46.64184829707581], [32.69802210579297, 46.6441922386284], [32.695928393664005, 46.644726653501955], [32.694630816543715, 46.643103317672484], [32.69175822544558, 46.642735641417644], [32.6891593702544, 46.640208795903575], [32.688889800499574, 46.64164795738804], [32.68652853431908, 46.6432613929562], [32.68418074410202, 46.64253498963745], [32.68469398832186, 46.64415628547063], [32.682344077258264, 46.64378981212106]], [[32.687079215010165, 46.63840325743124], [32.687341559473786, 46.63822398778122], [32.687340522760046, 46.63840397180258], [32.687079215010165, 46.63840325743124]], [[32.693075047596125, 46.64093931404937], [32.69333738462637, 46.64076003071294], [32.69333636770339, 46.64094001475611], [32.693075047596125, 46.64093931404937]], [[32.68131776656295, 46.64054719684437], [32.68105433335766, 46.640906436364794], [32.680796189236446, 46.64036575610374], [32.68131776656295, 46.64054719684437]], [[32.679755168925205, 46.639642899814554], [32.68055711646694, 46.636585364897535], [32.682119639772296, 46.637489651274095], [32.68082264833002, 46.63586615824577], [32.68370214147502, 46.63497422010947], [32.68421634808474, 46.63641553600237], [32.686304653075254, 46.63678125449978], [32.68290039524735, 46.63803177843233], [32.6844640455419, 46.63875604882196], [32.682368304712014, 46.63965018408944], [32.68288777739049, 46.64019158546354], [32.679755168925205, 46.639642899814554]], [[32.6847504417047, 46.63443715243202], [32.681612868144434, 46.63478843824776], [32.68161497927838, 46.63442847016927], [32.6847504417047, 46.63443715243202]], [[32.682668549671476, 46.63299150111649], [32.68318691166737, 46.633712885706856], [32.682403056500554, 46.63371071251037], [32.682668549671476, 46.63299150111649]], [[32.66198631408759, 46.555537313196446], [32.6617242866111, 46.55571652814195], [32.66172540502961, 46.55553654196493], [32.66198631408759, 46.555537313196446]], [[32.66198631408759, 46.555537313196446], [32.663556218075115, 46.55482198318943], [32.664333386298054, 46.55572421372737], [32.66329085953809, 46.55554116042808], [32.66198631408759, 46.555537313196446]], [[32.66433005685638, 46.55626417236826], [32.669551588855796, 46.555739406379196], [32.672667360661194, 46.558268216386125], [32.67371428710727, 46.55773123908912], [32.67344364931611, 46.55935037126961], [32.676822885631644, 46.561519839608245], [32.67969426491191, 46.56134792612423], [32.67890401991207, 46.56260563560983], [32.68151029452155, 46.56315288909794], [32.68150186795514, 46.56459277928233], [32.682815025047354, 46.563156514133], [32.68358844568546, 46.56477855876901], [32.68489529973138, 46.56442218757995], [32.6859328765568, 46.565504975865316], [32.68724076725732, 46.56496859160935], [32.68697152995173, 46.56640776835101], [32.685665681295525, 46.56658417679358], [32.68567295869028, 46.565324272836456], [32.68332120760129, 46.56585775425197], [32.68202482557296, 46.56441424489245], [32.68149660102287, 46.56549271046207], [32.683572747548986, 46.56747835233769], [32.68226686236874, 46.56765472185814], [32.67860374809044, 46.569264390696404], [32.67965824558042, 46.567467457741884], [32.67811480279685, 46.56368335305004], [32.67655018146193, 46.56349895066116], [32.677076348508926, 46.562780480225], [32.672658701608185, 46.55970810655128], [32.66900788088774, 46.55933762283765], [32.66745331233125, 46.55753322038947], [32.66433005685638, 46.55626417236826]], [[32.671112700878055, 46.55646386309542], [32.67085396366558, 46.55610314002052], [32.67111487568147, 46.556103890439], [32.671112700878055, 46.55646386309542]], [[32.686185530698324, 46.5669455822421], [32.68644753217567, 46.56676631155502], [32.6867074594863, 46.56694701280159], [32.686185530698324, 46.5669455822421]], [[32.68278774853936, 46.5678361564858], [32.6833086381928, 46.56801758874457], [32.68278669930709, 46.568016142653086], [32.68278774853936, 46.5678361564858]], [[32.670072318517065, 46.55592089887668], [32.67033540955546, 46.555561678413135], [32.67033322963901, 46.55592165107566], [32.670072318517065, 46.55592089887668]], [[32.68230679094603, 46.56081524339909], [32.68256667614091, 46.56099595413739], [32.68230574038038, 46.56099522977991], [32.68230679094603, 46.56081524339909]], [[32.68284544082347, 46.557936908495584], [32.682583470178216, 46.55811617128686], [32.68258451972, 46.557936184810195], [32.68284544082347, 46.557936908495584]], [[32.67633739865139, 46.555398828089835], [32.67790178657358, 46.55558323305949], [32.67633632854833, 46.555578814536766], [32.67633739865139, 46.555398828089835]], [[32.64329404738241, 46.541261365313446], [32.64355606543655, 46.54108219210509], [32.64355488754085, 46.54126217839244], [32.64329404738241, 46.541261365313446]], [[32.64329522614003, 46.54108137903119], [32.64303556646304, 46.54090057907963], [32.64329640488635, 46.54090139274321], [32.64329522614003, 46.54108137903119]], [[32.64355488754085, 46.54126217839244], [32.64381455066551, 46.54144297716337], [32.643553709633856, 46.541442164674066], [32.64355488754085, 46.54126217839244]], [[32.64329404738241, 46.541261365313446], [32.6425068014882, 46.541978867518814], [32.64224950464512, 46.54143809330611], [32.64329404738241, 46.541261365313446]], [[32.6425056200882, 46.542158853757265], [32.64197801546405, 46.54305715325098], [32.6406737720269, 46.54305306381008], [32.640420053318444, 46.54197232703783], [32.6425056200882, 46.542158853757265]], [[32.641976832272086, 46.54323713944493], [32.64328461691468, 46.542701255365934], [32.64354075191171, 46.543422013395045], [32.641976832272086, 46.54323713944493]], [[32.64354428597144, 46.54288205472152], [32.64433035598761, 46.54234453175628], [32.6443291805988, 46.54252451801887], [32.64354428597144, 46.54288205472152]], [[32.64354781992953, 46.54234209599656], [32.64328815342483, 46.542161296639094], [32.643548997892985, 46.542162109743494], [32.64354781992953, 46.54234209599656]], [[32.6443291805988, 46.54252451801887], [32.64484969940838, 46.542706125161885], [32.64432800519872, 46.542704504275726], [32.6443291805988, 46.54252451801887]], [[32.644850873084486, 46.5425261388949], [32.6451128921471, 46.54234696216295], [32.64511171934422, 46.54252694844074], [32.644850873084486, 46.5425261388949]], [[32.641994578960684, 46.54053734593565], [32.64199221288297, 46.54089731847782], [32.64069039585978, 46.54053325685254], [32.64069277051093, 46.54017328433864], [32.641994578960684, 46.54053734593565]], [[32.641991029827096, 46.541077304740334], [32.64172900666937, 46.54125647434959], [32.6417301905985, 46.541076488097886], [32.641991029827096, 46.541077304740334]], [[32.65438408981227, 46.52005655700407], [32.654643688372346, 46.52023733168769], [32.65438294853587, 46.52023654416476], [32.65438408981227, 46.52005655700407]], [[32.64969657383303, 46.51914234460735], [32.65047300649659, 46.52004467291492], [32.65020418210263, 46.52130378533783], [32.64865015553412, 46.51967910712361], [32.6494404695769, 46.51842159738489], [32.65074412477802, 46.518425585268226], [32.64969657383303, 46.51914234460735]], [[32.64944278461309, 46.518061623132], [32.649702357257745, 46.518242409021546], [32.64944162710054, 46.51824161026129], [32.64944278461309, 46.518061623132]], [[32.640852954272, 46.51587508682057], [32.640330329607416, 46.51605343544829], [32.64033270460839, 46.51569346140098], [32.640852954272, 46.51587508682057]], [[32.59217014449549, 46.50617235165739], [32.59269686318204, 46.50545426394593], [32.59321417006289, 46.50599607822501], [32.59217014449549, 46.50617235165739]], [[32.59294812621836, 46.5067150962032], [32.59033733711964, 46.50724574874174], [32.5908667910849, 46.50616769715535], [32.59294812621836, 46.5067150962032]], [[32.59111936453535, 46.5072485468941], [32.593198057932995, 46.508155913945934], [32.59319000117331, 46.509235831497534], [32.59215264469918, 46.50851217327519], [32.59136655259275, 46.50904934077459], [32.59085193638824, 46.508147545959524], [32.59111936453535, 46.5072485468941]], [[32.57599459072585, 46.50791344538749], [32.57625666789398, 46.50773442549573], [32.576255269234736, 46.507914411395646], [32.57599459072585, 46.50791344538749]], [[32.576521538872186, 46.50719543315165], [32.57625946517226, 46.50737445367874], [32.57626086379129, 46.50719446776167], [32.576521538872186, 46.50719543315165]], [[32.47299292266652, 46.511085074897785], [32.48006416224002, 46.50769760430821], [32.48162649476138, 46.50788468659072], [32.47875047011726, 46.508771572425644], [32.477433276264435, 46.51020549156546], [32.48281377578101, 46.520129449844745], [32.48151182093774, 46.51994356488213], [32.47712771307725, 46.51488386285504], [32.47271830796222, 46.512523738066086], [32.47299292266652, 46.511085074897785]], [[32.48359086038888, 46.520672933184514], [32.48799970523423, 46.52321262318367], [32.486944851203305, 46.52446783157668], [32.48357892304609, 46.52193281475707], [32.48359086038888, 46.520672933184514]], [[32.489503500113855, 46.52969900639468], [32.48818776832027, 46.53095306031038], [32.48741726469364, 46.52968967674611], [32.48429132050103, 46.52931564524942], [32.47599318269987, 46.52441818577457], [32.47024435891448, 46.525651640459834], [32.46738304370033, 46.52491839034937], [32.4676578644404, 46.52347974396262], [32.47367594977642, 46.521347704264905], [32.47654234986057, 46.521540848398644], [32.489503500113855, 46.52969900639468]], [[32.4676578644404, 46.52347974396262], [32.46739887453734, 46.523298547609016], [32.46765962249385, 46.523299761405376], [32.4676578644404, 46.52347974396262]], [[32.47237051321586, 46.52152168085895], [32.46766665453913, 46.52257983111895], [32.46821097351614, 46.52024248260571], [32.47237051321586, 46.52152168085895]], [[32.46925215449897, 46.52042730927852], [32.46951639226298, 46.520068553372084], [32.469512888798, 46.520428518793494], [32.46925215449897, 46.52042730927852]], [[32.47237051321586, 46.52152168085895], [32.472632994391695, 46.52134290052372], [32.47263125288128, 46.52152288328754], [32.47237051321586, 46.52152168085895]], [[32.47341694981619, 46.52116652142901], [32.474737985182955, 46.51937268705665], [32.475768785895745, 46.52063735174823], [32.47341694981619, 46.52116652142901]], [[32.47474318840354, 46.51883273836145], [32.47447899099926, 46.51919150658722], [32.474482461518, 46.51883154079965], [32.47474318840354, 46.51883273836145]], [[32.65231038872673, 46.640642711723295], [32.65257055424324, 46.640823488844894], [32.65230923576054, 46.64082269503312], [32.65231038872673, 46.640642711723295]], [[32.65204907112161, 46.64064191731967], [32.64971231336655, 46.63829495793055], [32.64501351114982, 46.63756052807145], [32.64920249559074, 46.636313539776836], [32.64843142749924, 46.63433131618211], [32.649991027569975, 46.63559600686677], [32.65260856769462, 46.634884036441974], [32.650769117994635, 46.636498319333775], [32.651281307258294, 46.638119763869135], [32.65232768189162, 46.63794296139069], [32.65258322673154, 46.63884367206818], [32.6538897716551, 46.63884763190241], [32.65388518096109, 46.639567565454705], [32.65231961205784, 46.63920284503912], [32.65204907112161, 46.64064191731967]], [[32.64554081741026, 46.63684221517436], [32.64111063314603, 46.63502853472735], [32.63981254104064, 46.63376454635079], [32.64658835755471, 46.636485481808855], [32.64554081741026, 46.63684221517436]], [[32.64869737333813, 46.633612184949115], [32.64843259306022, 46.634151332741574], [32.64843608967603, 46.63361138238571], [32.64869737333813, 46.633612184949115]], [[32.65078185426658, 46.634518501432446], [32.64999566926995, 46.63487607311009], [32.649996829667096, 46.63469608965665], [32.65078185426658, 46.634518501432446]], [[32.645556094743284, 46.63450243176199], [32.645295982851714, 46.634321638638895], [32.6455572698438, 46.634322448382605], [32.645556094743284, 46.63450243176199]], [[32.64685785101362, 46.63522640511696], [32.64554786872391, 46.635762315257814], [32.6450299884714, 46.63504076174128], [32.646341130887684, 46.63432487403362], [32.64685785101362, 46.63522640511696]], [[32.64607045660176, 46.635763933036074], [32.64633057796569, 46.63594472437899], [32.64606928314358, 46.63594391637988], [32.64607045660176, 46.635763933036074]], [[32.64451212194322, 46.634319205827644], [32.644768698037, 46.63503995078392], [32.64424729666765, 46.634858343742195], [32.64451212194322, 46.634319205827644]], [[32.67682822910907, 46.56061990821231], [32.67656836482529, 46.560439184478525], [32.676829297773814, 46.56043992191599], [32.67682822910907, 46.56061990821231]], [[32.68177439781352, 46.56261365636847], [32.68203744434819, 46.56225440930154], [32.68229628483619, 46.56261510695052], [32.68177439781352, 46.56261365636847]], [[32.63862280973836, 46.53764690329901], [32.63835840224922, 46.53818603788616], [32.63836198703277, 46.53764607902263], [32.63862280973836, 46.53764690329901]], [[32.63862400378156, 46.537466916994596], [32.63811073015128, 46.53620536363865], [32.639157570071916, 46.535668700291644], [32.639936440994006, 46.536211124959706], [32.63862400378156, 46.537466916994596]], [[32.63837751990371, 46.53530625668646], [32.637330679327626, 46.535842912926825], [32.63759748013255, 46.53494380776852], [32.63837751990371, 46.53530625668646]], [[32.639936440994006, 46.536211124959706], [32.640196068081444, 46.536391932002196], [32.639935251339395, 46.53639111132982], [32.639936440994006, 46.536211124959706]], [[32.64019725687436, 46.53621194562695], [32.640459260685944, 46.53603277931345], [32.64045807276611, 46.53621276569953], [32.64019725687436, 46.53621194562695]], [[32.65096912726286, 46.52400597998708], [32.651228733187786, 46.524186762316354], [32.65096797455101, 46.524185966957795], [32.65096912726286, 46.52400597998708]], [[32.654642547945976, 46.52041731884759], [32.65438066595026, 46.520596518469], [32.654381807248534, 46.52041653131974], [32.654642547945976, 46.52041731884759]], [[32.623671644174046, 46.51204004311348], [32.62419180307196, 46.51222174415956], [32.623669159472975, 46.512400016718445], [32.623671644174046, 46.51204004311348]], [[32.62419180307196, 46.51222174415956], [32.62445002414971, 46.51258257401436], [32.624189321789444, 46.512581717774516], [32.62419180307196, 46.51222174415956]], [[32.463177328310856, 46.55477710813372], [32.46291465415448, 46.55495586491226], [32.4629164298213, 46.554775883489185], [32.463177328310856, 46.55477710813372]], [[32.45794144045471, 46.556552314704966], [32.45820413859004, 46.55637356949865], [32.45820234724437, 46.55655355073166], [32.45794144045471, 46.556552314704966]], [[32.48463921147328, 46.547676217670165], [32.48411066005084, 46.54839379496164], [32.48306889367565, 46.5482091020599], [32.48307914523415, 46.54712920865656], [32.48333146931719, 46.54803029838991], [32.48463921147328, 46.547676217670165]], [[32.48567757310818, 46.54822086086009], [32.48592994514577, 46.54912194488411], [32.48514732816274, 46.54911842516478], [32.484373233187675, 46.548214988895836], [32.48567757310818, 46.54822086086009]], [[32.48187812182826, 46.56368282876355], [32.48499920749772, 46.564776858926066], [32.484494361743536, 46.56297469057735], [32.48553471386762, 46.56333935299442], [32.4862835560801, 46.5669425063387], [32.4876035978566, 46.5653285223094], [32.48943193756158, 46.5651567077523], [32.489201396093264, 46.56191586850072], [32.491553163757544, 46.56156636651909], [32.49155652649135, 46.56120640244095], [32.48817120155222, 46.56047134761419], [32.492100221282044, 46.55886895348608], [32.49132755515033, 46.55778558264912], [32.49211365609402, 46.557429096231715], [32.492627092938434, 46.55833132274719], [32.49316065750958, 46.557073760654895], [32.49160023616343, 46.55652686733738], [32.48950622069148, 46.557237500337514], [32.48978062784361, 46.555798807241516], [32.48587216157541, 46.555241338707766], [32.48614155770848, 46.55434260052972], [32.484062907765036, 46.553433295443334], [32.482753313290075, 46.55396735066845], [32.478858835178244, 46.551969787046886], [32.488491325831, 46.55417314193856], [32.488745461532815, 46.55489423695213], [32.48770524857424, 46.55452960376028], [32.48743926651169, 46.555068381456515], [32.49291483612042, 46.55545276420043], [32.497064343088645, 46.55817092770322], [32.496535851913244, 46.55888856133325], [32.497832147652005, 46.55979420700665], [32.49651254384038, 46.56140831236084], [32.496522533397574, 46.56032841920093], [32.49495864481256, 46.56014153590699], [32.49520788572461, 46.561402562696614], [32.49676848310573, 46.5619494070323], [32.49519620031651, 46.562662437537355], [32.49385468680554, 46.566616276762545], [32.49043360110527, 46.569660907104556], [32.48207225834901, 46.570703292315926], [32.482082537738336, 46.569623403348366], [32.484175420771095, 46.56909289169911], [32.48419418828891, 46.567113093884345], [32.48341985579352, 46.566209653033255], [32.48081031508992, 46.566197839262756], [32.480817183698754, 46.565477912881455], [32.48212707492523, 46.56494388210223], [32.48187812182826, 46.56368282876355]], [[32.484224894503, 46.56387342323556], [32.48370813093354, 46.56333112376138], [32.48396907130365, 46.563332301151654], [32.484224894503, 46.56387342323556]], [[32.488388140294475, 46.5651520443239], [32.487608681781474, 46.5647885768724], [32.48838983234726, 46.564972062489666], [32.488388140294475, 46.5651520443239]], [[32.48922166509304, 46.55975608461001], [32.48896243149368, 46.55957493724814], [32.4892233540711, 46.559576102581836], [32.48922166509304, 46.55975608461001]], [[32.47699952889271, 46.582559490892024], [32.47592071177096, 46.58615433007573], [32.47596753894727, 46.58129484603179], [32.47699952889271, 46.582559490892024]], [[32.485354274819294, 46.582417392442345], [32.48925285399478, 46.584234752741246], [32.49080561783137, 46.58568158483671], [32.49341609740237, 46.58569317428365], [32.493144984096624, 46.58677190580886], [32.4895003786515, 46.58567576777661], [32.482714853515525, 46.58546529799399], [32.481680960276385, 46.58438068560667], [32.483254048836066, 46.583667846838544], [32.483267729473326, 46.58222799784544], [32.48039810906468, 46.58203501112316], [32.478334038110575, 46.57950577252987], [32.480430776561704, 46.578615369728304], [32.482232172776996, 46.58132337119522], [32.48431697317527, 46.58169276575153], [32.48378637488373, 46.582590317079486], [32.485354274819294, 46.582417392442345]], [[32.48162091141283, 46.5906800182811], [32.48029490945702, 46.592833865087954], [32.48524012907198, 46.59447611997885], [32.48548759162453, 46.59591714087391], [32.4833817129069, 46.597707534672075], [32.4833885550187, 46.59698761198186], [32.48207961624629, 46.59734167049088], [32.4818288067366, 46.59626060426082], [32.4802622171977, 46.596253497870855], [32.481572857805276, 46.59571947936043], [32.480277703747475, 46.59463367207398], [32.47922299720596, 46.59570880656875], [32.47973140795623, 46.59715102725282], [32.478422441779024, 46.59750504379441], [32.477967640120596, 46.590483417482716], [32.47904468617185, 46.58706854239193], [32.48114514029294, 46.58581816694791], [32.48270971733047, 46.58600524105538], [32.480336196427054, 46.588514325980626], [32.48162091141283, 46.5906800182811]], [[32.48317878656462, 46.591587009737516], [32.48239041843452, 46.59212341119136], [32.48187169198851, 46.59176108590061], [32.482136197343365, 46.59140230639022], [32.48317878656462, 46.591587009737516]], [[32.4834381524787, 46.59176816973267], [32.48370264756215, 46.59140938655917], [32.48369922928452, 46.59176934828617], [32.4834381524787, 46.59176816973267]], [[32.482129339982436, 46.592122229644254], [32.48186654630126, 46.59230102829318], [32.48186826154679, 46.592121047501394], [32.482129339982436, 46.592122229644254]], [[32.481873407184686, 46.59158110509163], [32.481614047401905, 46.59139994156782], [32.48187512236441, 46.591401124276906], [32.481873407184686, 46.59158110509163]], [[32.488137348269156, 46.56407098593111], [32.48891849036802, 46.56425446792713], [32.48813396258378, 46.564430949636595], [32.488137348269156, 46.56407098593111]], [[32.48865585424901, 46.564433283673324], [32.4889134195332, 46.56479441352518], [32.48865247195041, 46.56479324738504], [32.48865585424901, 46.564433283673324]], [[32.50323763074437, 46.56791733206936], [32.50270748012187, 46.56881497505924], [32.500884010413245, 46.56844705517273], [32.50141088914357, 46.567909384901824], [32.50323763074437, 46.56791733206936]], [[32.49825609925536, 46.57041544103984], [32.49851873304645, 46.57023660342924], [32.49851707418745, 46.570416585378794], [32.49825609925536, 46.57041544103984]], [[32.5006081781072, 46.57006575463947], [32.501382851301955, 46.57096907986497], [32.49876478459653, 46.57185758456965], [32.498779707131256, 46.5702377471657], [32.5006081781072, 46.57006575463947]], [[32.49982525815655, 46.57006233416731], [32.50034885755942, 46.56988463306642], [32.500347204774464, 46.570064615077406], [32.49982525815655, 46.57006233416731]], [[32.498003427106916, 46.56951438637196], [32.49774079513769, 46.56969322282917], [32.49774245652255, 46.56951324087814], [32.498003427106916, 46.56951438637196]], [[32.49774079513769, 46.56969322282917], [32.49747816144213, 46.569872058671024], [32.49747982370609, 46.569692076732885], [32.49774079513769, 46.56969322282917]], [[32.498003427106916, 46.56951438637196], [32.498787996871854, 46.56933783729614], [32.49878633895553, 46.56951781928152], [32.498003427106916, 46.56951438637196]], [[32.496143299038344, 46.57310599248413], [32.49692459805294, 46.57328942014075], [32.496141632154874, 46.57328597427743], [32.496143299038344, 46.57310599248413]], [[32.49640928475631, 46.57256719625759], [32.49614663275732, 46.57274602888032], [32.49614829959284, 46.57256604706981], [32.49640928475631, 46.57256719625759]], [[32.495358666400676, 46.5732825230556], [32.49510101850545, 46.57292140792275], [32.49536200533154, 46.57292255950642], [32.495358666400676, 46.5732825230556]], [[32.49299131926519, 46.57525193563572], [32.49272696474419, 46.575610741855435], [32.49142869726007, 46.574885021281474], [32.49299131926519, 46.57525193563572]], [[32.4906355977717, 46.57596142713228], [32.489323833410516, 46.576675535077385], [32.48803066798257, 46.575409831631944], [32.48985934546515, 46.57523801190446], [32.4906355977717, 46.57596142713228]], [[32.489323833410516, 46.576675535077385], [32.48827812205269, 46.57685085124466], [32.488279815160475, 46.57667086978328], [32.489323833410516, 46.576675535077385]], [[32.48751036664389, 46.57522751283814], [32.48776289053958, 46.57612858918874], [32.48724088675777, 46.57612625063096], [32.48751036664389, 46.57522751283814]], [[32.48724258325441, 46.575946269175866], [32.48698837152892, 46.5752251731626], [32.48724936907827, 46.575226343298084], [32.48724258325441, 46.575946269175866]], [[32.48828150825203, 46.57649088831615], [32.488805206966035, 46.5763132406521], [32.48880351561766, 46.57649322213954], [32.48828150825203, 46.57649088831615]], [[32.498459004099125, 46.57671595000083], [32.49871835069578, 46.576897075744945], [32.49845734466733, 46.576895931743955], [32.498459004099125, 46.57671595000083]], [[32.49845734466733, 46.576895931743955], [32.49819467834359, 46.577074768877736], [32.49819633865479, 46.57689478714751], [32.49845734466733, 46.576895931743955]], [[32.491403456796604, 46.57758474476966], [32.4916661477935, 46.577405923344166], [32.49166446584649, 46.57758590487715], [32.491403456796604, 46.57758474476966]], [[32.48984246676284, 46.57703782715614], [32.48957977159387, 46.5772166443885], [32.48958146041662, 46.577036662902145], [32.48984246676284, 46.57703782715614]], [[32.49375253882556, 46.577595164299815], [32.49350158482002, 46.576514119368326], [32.49401354802032, 46.577596319048], [32.49375253882556, 46.577595164299815]], [[32.49505591422257, 46.577780913707144], [32.494776515433216, 46.579759558708744], [32.49190698193003, 46.57956686095311], [32.49295944522336, 46.578671585777016], [32.49322884370227, 46.57777283458768], [32.49505591422257, 46.577780913707144]], [[32.49582226233934, 46.57958418336678], [32.4971356763939, 46.57869001956489], [32.496866337724306, 46.5795887800474], [32.49582226233934, 46.57958418336678]], [[32.495301894776716, 46.57940189988235], [32.495561243533075, 46.57958303270783], [32.49530022474282, 46.57958188145336], [32.495301894776716, 46.57940189988235]], [[32.49191034443558, 46.579206897993096], [32.49165100968972, 46.5790257569345], [32.49191202566418, 46.57902691650448], [32.49191034443558, 46.579206897993096]], [[32.492174722003654, 46.57884809397736], [32.491915388073, 46.578666953510066], [32.492176402336426, 46.578668112470055], [32.492174722003654, 46.57884809397736]], [[32.49269843091162, 46.57867042860352], [32.49243909606905, 46.578489289314234], [32.49270010950113, 46.578490447075986], [32.49269843091162, 46.57867042860352]], [[32.49139167667102, 46.57884461528918], [32.49191875041733, 46.57830699049269], [32.49165269176577, 46.57884577544741], [32.49139167667102, 46.57884461528918]], [[32.51859957827385, 46.542424476683145], [32.51886200985902, 46.54224559072783], [32.518860419846305, 46.54242557411095], [32.51859957827385, 46.542424476683145]], [[32.51859957827385, 46.542424476683145], [32.51833714496484, 46.54260336202424], [32.51833873671664, 46.542423378660565], [32.51859957827385, 46.542424476683145]], [[32.51776286690541, 46.5485406115134], [32.51854229662925, 46.54890387441136], [32.51959055102757, 46.54836831193173], [32.51880157865945, 46.549084955257165], [32.51776286690541, 46.5485406115134]], [[32.52089490158609, 46.548373782356144], [32.5195969026531, 46.54764837903917], [32.52089806880743, 46.548013815852954], [32.52089490158609, 46.548373782356144]], [[32.52012022207747, 46.54747058568767], [32.51595277093823, 46.54673306735315], [32.51413797756494, 46.54546544394027], [32.52038901405963, 46.546571763362444], [32.52012022207747, 46.54747058568767]], [[32.50413859688199, 46.55496199751499], [32.50388097629056, 46.55460090111064], [32.504141875625336, 46.55460203232531], [32.50413859688199, 46.55496199751499]], [[32.504141875625336, 46.55460203232531], [32.504404413461465, 46.5544231803345], [32.50440277497583, 46.55460316294499], [32.504141875625336, 46.55460203232531]], [[32.508495912545314, 46.56362030078251], [32.52186883984893, 46.55629740645946], [32.51607926232935, 46.56185273728446], [32.50744236787081, 46.56469570574122], [32.50587504680153, 46.564868935901714], [32.50666441911833, 46.56415238526108], [32.50562227335881, 46.56396789679825], [32.50274201983441, 46.565035349438304], [32.50380715053636, 46.56270011201285], [32.50616049390309, 46.562170327159656], [32.508495912545314, 46.56362030078251]], [[32.52525122908761, 46.55739143146482], [32.52057380992953, 46.55521204840693], [32.521626911085754, 46.554136519061], [32.52632307374867, 46.55415606123285], [32.52474511577078, 46.555589433728365], [32.52604493929831, 46.556134795449246], [32.524996597781396, 46.55667041602582], [32.52525122908761, 46.55739143146482]], [[32.52551214262197, 46.557392513990315], [32.525510573756286, 46.55757249706913], [32.525249659359304, 46.55757141453687], [32.52525122908761, 46.55739143146482], [32.52551214262197, 46.557392513990315]], [[32.52629175074458, 46.55775572418881], [32.52681671051924, 46.55739791769171], [32.526285485422974, 46.55847565650498], [32.52629175074458, 46.55775572418881]], [[32.50587504680153, 46.564868935901714], [32.50561246310014, 46.56504779076376], [32.50561409818244, 46.5648678084505], [32.50587504680153, 46.564868935901714]], [[32.50561246310014, 46.56504779076376], [32.50534987767284, 46.56522664501073], [32.50535151363379, 46.56504666271026], [32.50561246310014, 46.56504779076376]], [[32.50169822275573, 46.56503080746336], [32.5019608191653, 46.56485196163572], [32.50195917200171, 46.56503194384993], [32.50169822275573, 46.56503080746336]], [[32.50222341384898, 46.56467311519293], [32.50144222014654, 46.56448972386438], [32.50222506011804, 46.56449313296015], [32.50222341384898, 46.56467311519293]], [[32.51129354881367, 46.57173180461392], [32.51102933195445, 46.57209065387698], [32.51077158534026, 46.571729573585635], [32.51129354881367, 46.57173180461392]], [[32.51181228241396, 46.572093997782076], [32.51389532668705, 46.572642835571834], [32.514410873455375, 46.57336498156346], [32.51126767997143, 46.57461151991955], [32.511802592236876, 46.573173891208434], [32.51362951344295, 46.57318167310759], [32.51181228241396, 46.572093997782076]], [[32.508952835717785, 46.57082183521317], [32.51077644048583, 46.571189626844294], [32.510773203737635, 46.57154959134426], [32.509469922340244, 46.571364021177466], [32.508952835717785, 46.57082183521317]], [[32.502167431307235, 46.57079250769577], [32.50268280463995, 46.57151470609754], [32.50164053187038, 46.57133018109986], [32.502167431307235, 46.57079250769577]], [[32.50475426489697, 46.573323584056105], [32.505786776527835, 46.574587972993754], [32.50395488687021, 46.57512001153415], [32.50371195034288, 46.573139077827626], [32.50057678858344, 46.57348541189414], [32.499541107961704, 46.57258094007161], [32.50188668116527, 46.57295115559879], [32.50320147853779, 46.57187693809322], [32.504238847052, 46.57260139504138], [32.5034575328291, 46.57241801725976], [32.502930630218565, 46.57295569644139], [32.50475426489697, 46.573323584056105]], [[32.50578841157796, 46.57440799097732], [32.506051040131524, 46.5742291361774], [32.50604940596046, 46.57440911820664], [32.50578841157796, 46.57440799097732]], [[32.50369717315297, 46.57475891562198], [32.50317189378619, 46.57511661368506], [32.50265648021342, 46.57439441778315], [32.50369717315297, 46.57475891562198]], [[32.4987531772902, 46.57311745778494], [32.50031249262894, 46.57384423598362], [32.49848223447336, 46.57419620499496], [32.4987531772902, 46.57311745778494]], [[32.49848223447336, 46.57419620499496], [32.498219581339924, 46.57437504232207], [32.49822124141232, 46.57419506050581], [32.49848223447336, 46.57419620499496]], [[32.509719549094385, 46.57262501536601], [32.50945694031966, 46.57280387871448], [32.5094585631267, 46.57262389654242], [32.509719549094385, 46.57262501536601]], [[32.506037966324186, 46.57566899225068], [32.50578023617054, 46.57530790100221], [32.506041234870054, 46.575309028266766], [32.506037966324186, 46.57566899225068]], [[32.50682096769736, 46.57567237051396], [32.50655670206922, 46.57603120901079], [32.50603469771563, 46.57602895621167], [32.506037966324186, 46.57566899225068], [32.50682096769736, 46.57567237051396]], [[32.50708849140061, 46.574953567307496], [32.506563232316104, 46.575311281009554], [32.50656486483869, 46.57513129899492], [32.50708849140061, 46.574953567307496]], [[32.50811946064972, 46.57639791716791], [32.508382091242915, 46.57621905708621], [32.50838046467071, 46.57639903911563], [32.50811946064972, 46.57639791716791]], [[32.517237040246286, 46.57841663558443], [32.512803027673456, 46.578037860196424], [32.510445820466536, 46.578927741854216], [32.50810644060236, 46.57783777314067], [32.50496775882428, 46.57854419015801], [32.504714938734416, 46.577643151016815], [32.50575897827652, 46.577647666396196], [32.50655343685183, 46.576391172977004], [32.50706565905602, 46.577473315267916], [32.50941474187376, 46.57748341317605], [32.50968386273906, 46.576584621981056], [32.511773518360044, 46.57641357024945], [32.51671821037455, 46.57805446704983], [32.515949588031305, 46.57643131657569], [32.517260999375694, 46.575716901944276], [32.51440123442967, 46.57444487516565], [32.51727217912332, 46.57445702580426], [32.51832253374821, 46.57374149689678], [32.516762978790105, 46.57301496327659], [32.51806791957674, 46.573020468156344], [32.519621135251555, 46.574466913648195], [32.51882859822618, 46.57554351715788], [32.52090867587002, 46.576452192348015], [32.51933787652587, 46.57698557014906], [32.51778140616616, 46.57589908580374], [32.51672940360545, 46.57679459152775], [32.5180248668043, 46.57787999065836], [32.517237040246286, 46.57841663558443]], [[32.51096785298326, 46.578929974631336], [32.51148826911901, 46.5791121870537], [32.51096461662727, 46.579289938652295], [32.51096785298326, 46.578929974631336]], [[32.508103185434436, 46.57819773707653], [32.50784054432293, 46.57837659641552], [32.507842172793865, 46.5781966144632], [32.508103185434436, 46.57819773707653]], [[32.504977586503685, 46.57746429885706], [32.50446048733123, 46.576922093114064], [32.505241869558276, 46.57710546416561], [32.504977586503685, 46.57746429885706]], [[32.519624313786395, 46.57410694886159], [32.522751499745716, 46.574660004883924], [32.522746762866404, 46.57519995224944], [32.520396187249695, 46.57537011084754], [32.519624313786395, 46.57410694886159]], [[32.50288787014113, 46.57763522617688], [32.50182405082327, 46.57979046590333], [32.50156962798439, 46.57906940195207], [32.50288787014113, 46.57763522617688]], [[32.50443917147135, 46.57926185737857], [32.504701828002005, 46.57908300593653], [32.50496120672383, 46.57926411757732], [32.50443917147135, 46.57926185737857]], [[32.50340660343626, 46.577997457087875], [32.50419291905763, 46.577640889754235], [32.50418635690877, 46.57836081720343], [32.50340660343626, 46.577997457087875]], [[32.50391385322836, 46.57961955841649], [32.50417651321347, 46.57944070820523], [32.50417487254252, 46.57962069001879], [32.50391385322836, 46.57961955841649]], [[32.51879038668236, 46.579863091490424], [32.51826993865579, 46.57968091219106], [32.51879197900563, 46.579683109292475], [32.51879038668236, 46.579863091490424]], [[32.51355065231521, 46.58200079741604], [32.513810074500995, 46.582181889066526], [32.513549042518534, 46.58218077940149], [32.51355065231521, 46.58200079741604]], [[32.51380042057934, 46.58326178090051], [32.51432410225373, 46.583084016555134], [32.51432249495579, 46.583263998527], [32.51380042057934, 46.58326178090051]], [[32.51458835142337, 46.58272516049329], [32.51432892405506, 46.58254407060516], [32.514589957811296, 46.58254517849731], [32.51458835142337, 46.58272516049329]], [[32.512240654560784, 46.58253518602693], [32.51353938341425, 46.58326067119386], [32.512749821934264, 46.583977266163956], [32.51144946983497, 46.58343175398885], [32.512240654560784, 46.58253518602693]], [[32.5132735139126, 46.58379950668961], [32.51353133373607, 46.58416058086321], [32.51327029226734, 46.584159470526274], [32.5132735139126, 46.58379950668961]], [[32.51733353081455, 46.59695587364508], [32.516279509044026, 46.59803135193294], [32.51628911869468, 46.59695146250369], [32.51733353081455, 46.59695587364508]], [[32.51573484382655, 46.60054888371001], [32.516255482497414, 46.600731074603424], [32.51573324022002, 46.60072886516745], [32.51573484382655, 46.60054888371001]], [[32.53505874652387, 46.539432727674026], [32.5342839574126, 46.53852962511968], [32.53532725154832, 46.53853386793668], [32.53609899227564, 46.539796931319884], [32.533231409512055, 46.53960527595128], [32.53505874652387, 46.539432727674026]], [[32.53609899227564, 46.539796931319884], [32.5363582898647, 46.539977972714006], [32.53609745935558, 46.53997691522763], [32.53609899227564, 46.539796931319884]], [[32.535043382482534, 46.54123256634354], [32.53478715796667, 46.540691554316396], [32.535307290168106, 46.54087365855379], [32.535043382482534, 46.54123256634354]], [[32.53479176978667, 46.54015160274402], [32.534267029256846, 46.54050944772088], [32.53374998543569, 46.53996737108828], [32.53479176978667, 46.54015160274402]], [[32.53606833108233, 46.54339660838644], [32.534770246825296, 46.54267137630738], [32.536593087803304, 46.54303875538559], [32.53606833108233, 46.54339660838644]], [[32.53419621944444, 46.548788698361356], [32.538347293570176, 46.55150537317552], [32.541735780472656, 46.551878977337296], [32.54172820566327, 46.55277889562284], [32.539641069863336, 46.55277051527369], [32.53990804581085, 46.55205163046603], [32.53626327356515, 46.55113696421701], [32.53419621944444, 46.548788698361356]], [[32.54172820566327, 46.55277889562284], [32.54198758356067, 46.552959924135536], [32.54172669065782, 46.55295887926277], [32.54172820566327, 46.55277889562284]], [[32.541989097703706, 46.55277994048909], [32.54225150302478, 46.55260100110165], [32.54224998975866, 46.55278098476036], [32.541989097703706, 46.55277994048909]], [[32.53393226569386, 46.54914760292287], [32.53340897472197, 46.54932545951637], [32.53341051702877, 46.54914547597281], [32.53393226569386, 46.54914760292287]], [[32.52867115690731, 46.554165760026194], [32.52736197839583, 46.55470032742812], [32.526583971817466, 46.55415714125656], [32.52867115690731, 46.554165760026194]], [[32.52839622621024, 46.555784533861356], [32.530755240247224, 46.55453430734291], [32.53257226864336, 46.55562168432658], [32.52839622621024, 46.555784533861356]], [[32.5273604157932, 46.55488031064013], [32.52657458072181, 46.5552370404245], [32.52657771114705, 46.55487707405811], [32.5273604157932, 46.55488031064013]], [[32.52036286175431, 46.57914973955253], [32.52010343201527, 46.578968662638125], [32.520364448834854, 46.578969757290544], [32.52036286175431, 46.57914973955253]], [[32.5357444970409, 46.58137306184394], [32.53600399053143, 46.58155410344271], [32.53574296072187, 46.58155304442853], [32.5357444970409, 46.58137306184394]], [[32.52656932503959, 46.58583517841932], [32.52526878880527, 46.585289822824194], [32.52657402572418, 46.58529523176289], [32.52656932503959, 46.58583517841932]], [[32.525265646391524, 46.58564978719993], [32.52422302488641, 46.585465467115256], [32.524226174181166, 46.585105502782284], [32.52474826705518, 46.58510767289629], [32.525265646391524, 46.58564978719993]], [[32.524226174181166, 46.585105502782284], [32.523968278728915, 46.584744452489524], [32.52422932341552, 46.58474553842641], [32.524226174181166, 46.585105502782284]], [[32.527091425095854, 46.58583733786577], [32.5276041441719, 46.58691938824963], [32.5265583562495, 46.587095053750446], [32.52630670724513, 46.5860140800032], [32.52656932503959, 46.58583517841932], [32.527091425095854, 46.58583733786577]], [[32.53622204581534, 46.58659467227483], [32.537008272748466, 46.58623787959204], [32.53700367551283, 46.58677782696387], [32.53622204581534, 46.58659467227483]], [[32.53204982983355, 46.58603771612188], [32.53230933309841, 46.58621876599008], [32.532048281036225, 46.58621769846448], [32.53204982983355, 46.58603771612188]], [[32.52838887096217, 46.58674263727325], [32.52812625471556, 46.58692154301164], [32.52812781653183, 46.58674156079249], [32.52838887096217, 46.58674263727325]], [[32.52551727305372, 46.586730763222796], [32.52525779009344, 46.58654969803899], [32.52551884349459, 46.58655078106541], [32.52551727305372, 46.586730763222796]], [[32.52785738581022, 46.587820376904624], [32.52733839560801, 46.58745825653756], [32.52812156917687, 46.58746148963471], [32.52785738581022, 46.587820376904624]], [[32.527593198942554, 46.58817926352899], [32.528354526552754, 46.59070224491919], [32.5275713062791, 46.59069901324556], [32.527593198942554, 46.58817926352899]], [[32.53385867455905, 46.58820496453809], [32.53411819416556, 46.58838601029428], [32.53385713163172, 46.58838494685858], [32.53385867455905, 46.58820496453809]], [[32.52863276361278, 46.58872351740187], [32.52889538695107, 46.588544610583156], [32.52889382757714, 46.5887245927652], [32.52863276361278, 46.58872351740187]], [[32.52992096750416, 46.590708692180996], [32.531754682668854, 46.58999625807424], [32.53253479848245, 46.59035942552553], [32.52992096750416, 46.590708692180996]], [[32.524707366438456, 46.589787207789904], [32.525743792832664, 46.59069145182227], [32.5249605730099, 46.59068820227595], [32.524707366438456, 46.589787207789904]], [[32.52600486613705, 46.59069253381288], [32.52679278545017, 46.5901558299975], [32.526788086140456, 46.59069577621012], [32.52600486613705, 46.59069253381288]], [[32.52627534831011, 46.58961372281196], [32.5265379836854, 46.58943482147775], [32.52653641645986, 46.58961480357052], [32.52627534831011, 46.58961372281196]], [[32.54407171277455, 46.55332822907843], [32.54277630849254, 46.55224312048554], [32.54434013943921, 46.55242935008408], [32.54407171277455, 46.55332822907843]], [[32.54719795996606, 46.55388061544068], [32.54771676449053, 46.554242647170476], [32.54719346898042, 46.55442056664926], [32.54719795996606, 46.55388061544068]], [[32.54377009291817, 46.55818674616424], [32.545076187436585, 46.55801195816223], [32.54533259458645, 46.55855294615941], [32.54377009291817, 46.55818674616424]], [[32.53938518505137, 46.58300767763917], [32.53912719854153, 46.582646661060075], [32.5393882337244, 46.582647712371255], [32.53938518505137, 46.58300767763917]], [[32.53914092462022, 46.581026817130095], [32.538615816253554, 46.58138467817089], [32.53861886984573, 46.58102471283933], [32.53914092462022, 46.581026817130095]], [[32.538615816253554, 46.58138467817089], [32.53835325947906, 46.5815636077696], [32.53835478716084, 46.581383625118995], [32.538615816253554, 46.58138467817089]], [[32.53835020407155, 46.581923573053636], [32.5386127626028, 46.58174464347953], [32.53861123575546, 46.58192462612528], [32.53835020407155, 46.581923573053636]], [[32.538582222873494, 46.58534429530603], [32.538057068944156, 46.5857021533473], [32.53779907862768, 46.585341133929006], [32.538582222873494, 46.58534429530603]], [[32.542482803605836, 46.58715984781564], [32.542224776988995, 46.58679883833987], [32.542485832215945, 46.58679988265404], [32.542482803605836, 46.58715984781564]], [[32.5382890836117, 46.58912287392334], [32.53905855037259, 46.590745873751445], [32.54297920140543, 46.5902216378536], [32.54453357005715, 46.59166774487824], [32.5385287642485, 46.59164368048992], [32.53671348527806, 46.59019643550605], [32.53305539672937, 46.59054154013669], [32.53411202576447, 46.58910593954552], [32.53463261737989, 46.58928804699469], [32.5382890836117, 46.58912287392334]], [[32.55234963580749, 46.593678468667775], [32.5523437076957, 46.59439839907898], [32.55077715550429, 46.59439225846237], [32.5500043080982, 46.59312930223387], [32.55234963580749, 46.593678468667775]], [[32.54687577862935, 46.59257698822562], [32.54844676224555, 46.59204323439758], [32.550005797826344, 46.59294931965719], [32.54687577862935, 46.59257698822562]], [[32.54609703720321, 46.592033935746215], [32.54583144621895, 46.592572847072994], [32.545574876241034, 46.592031862825564], [32.54609703720321, 46.592033935746215]], [[32.54609703720321, 46.592033935746215], [32.54635961944732, 46.59185498879206], [32.54635811770593, 46.59203497131285], [32.54609703720321, 46.592033935746215]], [[32.548695890653896, 46.593484125027075], [32.54817521138279, 46.59330208139896], [32.54869738473202, 46.59330414249401], [32.548695890653896, 46.593484125027075]], [[32.56644277631411, 46.56169472254508], [32.56670514483776, 46.56151572721574], [32.56670371196539, 46.5616957111909], [32.56644277631411, 46.56169472254508]], [[32.566178971439264, 46.5620537012125], [32.5659194695782, 46.5618727274188], [32.56618040606481, 46.56187371726116], [32.566178971439264, 46.5620537012125]], [[32.566700846179415, 46.562055679124036], [32.56644134256517, 46.561874706508334], [32.56670227907927, 46.561875695160325], [32.566700846179415, 46.562055679124036]], [[32.56540190820579, 46.56133079411593], [32.56592664681364, 46.56097280760714], [32.566181840676585, 46.56169373330408], [32.56540190820579, 46.56133079411593]], [[32.55729539712745, 46.56345958217584], [32.55755487769582, 46.56364057540925], [32.557293933039055, 46.563639565863234], [32.55729539712745, 46.56345958217584]], [[32.56585629506658, 46.56979201559195], [32.57026301006842, 46.57358842513153], [32.56947291006915, 46.57448539943161], [32.57025732316297, 46.57430835980868], [32.569984945528695, 46.575747248096825], [32.570767955076306, 46.57575018868495], [32.57102328108809, 46.576471102166], [32.57024452682807, 46.57592821249752], [32.56945724130997, 46.57646521905634], [32.57154245922984, 46.576833025666886], [32.57464922835573, 46.58008441876771], [32.575147376436405, 46.583146078821606], [32.57645397250316, 46.58297093499229], [32.57643715141331, 46.58513073693094], [32.57825471976856, 46.5863973723343], [32.57875870373892, 46.58873908060973], [32.58083751842313, 46.59000663575314], [32.580820867333884, 46.59216643624039], [32.57873360362511, 46.59197878088941], [32.57952519942025, 46.59090176236575], [32.57769487026449, 46.591254997447024], [32.57874336529544, 46.59071889766756], [32.576417524361396, 46.5876505048181], [32.572522841528404, 46.58493618879525], [32.5748680471085, 46.58548489394529], [32.5753929578697, 46.58512686609842], [32.5733257529826, 46.58241934438132], [32.57174395161429, 46.58439330968169], [32.57070545591724, 46.58366946261566], [32.57069835207111, 46.58456937940683], [32.568608560600104, 46.584741506815824], [32.57043304149171, 46.58510834949386], [32.56859285476304, 46.58672132264978], [32.56390539992742, 46.58526364109568], [32.5636790077275, 46.580943048330425], [32.5652422978699, 46.58130897762052], [32.5644332634551, 46.58454569739513], [32.5657442383551, 46.58383072648694], [32.5657356151355, 46.58491062588284], [32.56651875616956, 46.58491359599948], [32.56731048944764, 46.58383666113685], [32.568353228587185, 46.584020588966354], [32.56757582462769, 46.5832976982555], [32.57044867945571, 46.58312853262067], [32.57097643589366, 46.582410558099255], [32.56915061584683, 46.582223707592284], [32.569162021879706, 46.580783840357036], [32.56942162434571, 46.58096480653745], [32.570206131195825, 46.580787767783], [32.568387509532826, 46.579700987978086], [32.56944157089776, 46.57844503798865], [32.568147921999476, 46.577000250683795], [32.569197660092506, 46.57628425288641], [32.56710961483798, 46.57627637067921], [32.56605554216534, 46.577532299618746], [32.56580315041003, 46.576451408434295], [32.56423711227822, 46.57644545386798], [32.5655450189135, 46.576090450527296], [32.563983319005615, 46.57554454207944], [32.56318441549209, 46.57752137267881], [32.56345842644195, 46.57590251823445], [32.561893854101186, 46.57571654821378], [32.563984761570985, 46.575364558606935], [32.56347142482324, 46.57428266699088], [32.56529552019381, 46.574649590953925], [32.56686293984706, 46.57447554728837], [32.56453701825269, 46.57158689245502], [32.56296533741016, 46.572300855269184], [32.56245783900336, 46.57049902434297], [32.564038126765574, 46.5687051661008], [32.56586347533078, 46.56889209703938], [32.56585629506658, 46.56979201559195]], [[32.57051121481652, 46.57520925820404], [32.570770795320584, 46.57539022142487], [32.57050979385135, 46.57538924183653], [32.57051121481652, 46.57520925820404]], [[32.57515581224989, 46.58206617775915], [32.57541825097477, 46.58188716331694], [32.57541684591682, 46.58206714685343], [32.57515581224989, 46.58206617775915]], [[32.57769347228336, 46.59143498074037], [32.57794477081826, 46.5926958271272], [32.573764593861426, 46.59304030604002], [32.57429804080488, 46.59160238486401], [32.57194407555043, 46.59213356665739], [32.57013357897945, 46.589966916385194], [32.571707096330755, 46.589072875474535], [32.57014638489073, 46.58834706771335], [32.57249595819724, 46.58835587189222], [32.57300677881056, 46.58979768787019], [32.575357821312174, 46.589626450219654], [32.57586592155868, 46.59142821989818], [32.57769347228336, 46.59143498074037]], [[32.57513190951748, 46.585125896901154], [32.574872268193616, 46.58494494368114], [32.57513331566845, 46.58494591346799], [32.57513190951748, 46.585125896901154]], [[32.56498990530235, 46.580228085352026], [32.56368189540201, 46.58058308173552], [32.56343098173019, 46.579322202670724], [32.56498990530235, 46.580228085352026]], [[32.56652019081561, 46.58473361276257], [32.56626058015055, 46.58455264008908], [32.5665216254479, 46.584553629519945], [32.56652019081561, 46.58473361276257]], [[32.56967126020936, 46.58240565598557], [32.569408800147905, 46.58258465715514], [32.56941022511344, 46.58240467377604], [32.56967126020936, 46.58240565598557]], [[32.569162021879706, 46.580783840357036], [32.56890242114112, 46.58060287358764], [32.56916344757228, 46.580603856926885], [32.569162021879706, 46.580783840357036]], [[32.56475480471864, 46.57698739145854], [32.56579740391217, 46.57717134232635], [32.564751924506275, 46.57734735833207], [32.56475480471864, 46.57698739145854]], [[32.56427026951424, 46.572305833067624], [32.56425873739207, 46.57374570151549], [32.56295521663457, 46.573560739963305], [32.562962445829314, 46.57266082235326], [32.56427026951424, 46.572305833067624]], [[32.56637680963151, 46.569973978931515], [32.56663921848622, 46.569794984149695], [32.566637784981694, 46.56997496786161], [32.56637680963151, 46.569973978931515]], [[32.57246199330164, 46.59267546864121], [32.57350491950035, 46.59285934985629], [32.57246057792796, 46.592855451767555], [32.57246199330164, 46.59267546864121]], [[32.567099588642016, 46.57753625518664], [32.56762018132128, 46.57771821288812], [32.56709815627336, 46.577716238664806], [32.567099588642016, 46.57753625518664]], [[32.65986604525016, 46.64426515777157], [32.65960358107505, 46.64444436391172], [32.659604709995676, 46.64426438057855], [32.65986604525016, 46.64426515777157]], [[32.659353542349834, 46.64264375257698], [32.65961374097064, 46.64282451370769], [32.65935241266012, 46.64282373595666], [32.659353542349834, 46.64264375257698]], [[32.65935693135392, 46.64210380240366], [32.65856956008316, 46.642641415757325], [32.65857408913255, 46.64192148223991], [32.65935693135392, 46.64210380240366]], [[32.65335795822503, 46.64028591669318], [32.65361812554082, 46.64046669144883], [32.65335680874694, 46.64046590003424], [32.65335795822503, 46.64028591669318]], [[32.65779919573655, 46.64047927291532], [32.65753674314216, 46.64065847446384], [32.65753787876728, 46.640478491049784], [32.65779919573655, 46.64047927291532]], [[32.65545648346837, 46.6390323474359], [32.65519403019338, 46.63921154365398], [32.6551951735292, 46.63903156023839], [32.65545648346837, 46.6390323474359]], [[32.642472792211294, 46.6265734039823], [32.64220086933864, 46.62819243912233], [32.63984716561641, 46.628545028621126], [32.64010603879489, 46.62890581763524], [32.636716874656045, 46.627815183164145], [32.635406972213, 46.62835097811493], [32.635420264946525, 46.62637116069279], [32.637523468030814, 46.62439798293095], [32.637517461321636, 46.62529790054842], [32.63856483058291, 46.62494123944081], [32.64090291426733, 46.62692846198893], [32.642472792211294, 46.6265734039823]], [[32.640367299577235, 46.6289066391586], [32.64272338416974, 46.62819407198648], [32.647946201111424, 46.628570236616994], [32.653940257658874, 46.63092835679737], [32.65757307774002, 46.63489900238188], [32.65653019487337, 46.63453590239859], [32.65600077529343, 46.635614233779286], [32.65471605815141, 46.63219061040401], [32.64898425767699, 46.62965334918184], [32.640367299577235, 46.6289066391586]], [[32.6547114794809, 46.6329105448606], [32.65445134457872, 46.63272977243973], [32.65471262416501, 46.632730561255], [32.6547114794809, 46.6329105448606]], [[32.652888270170116, 46.63200509267727], [32.653151845866354, 46.63164591783796], [32.653410822292585, 46.632006676831416], [32.652888270170116, 46.63200509267727]], [[32.6435118829665, 46.62747658261945], [32.64272456840074, 46.62801408846306], [32.64246686706792, 46.62747332174518], [32.6435118829665, 46.62747658261945]], [[32.648991238738645, 46.62857344750195], [32.648728814966766, 46.62875262929814], [32.64872997931507, 46.62857264567556], [32.648991238738645, 46.62857344750195]], [[32.635435972731706, 46.624031375575505], [32.63673854712038, 46.624575480792124], [32.635433556276915, 46.624391342579464], [32.635435972731706, 46.624031375575505]], [[32.66018710596147, 46.634726809025366], [32.660447269567804, 46.63490756841787], [32.66018597934746, 46.63490679267083], [32.66018710596147, 46.634726809025366]], [[32.65862163365441, 46.63436217479187], [32.6588851830255, 46.63400298682221], [32.65888292121109, 46.634362954104496], [32.65862163365441, 46.63436217479187]], [[32.647925194367076, 46.63180994067861], [32.65026855387084, 46.63307703728707], [32.645827950315855, 46.632883390248445], [32.647925194367076, 46.63180994067861]], [[32.64504293338524, 46.63306094455373], [32.64582207948244, 46.63378330734202], [32.64529833475131, 46.63396167187311], [32.64504293338524, 46.63306094455373]], [[32.64504528685911, 46.63270097771811], [32.64557019520511, 46.632342630832376], [32.64556784524091, 46.63270259771109], [32.64504528685911, 46.63270097771811]], [[32.660456275247505, 46.63346769905553], [32.660193865418485, 46.63364690703269], [32.660194991956814, 46.63346692334728], [32.660456275247505, 46.63346769905553]], [[32.6382508327799, 46.63285968391588], [32.638513310919656, 46.63268052643596], [32.63877339230153, 46.63286133494506], [32.6382508327799, 46.63285968391588]], [[32.63825323127004, 46.63249971733484], [32.63799435343508, 46.63213892434203], [32.638255629714145, 46.632139750730936], [32.63825323127004, 46.63249971733484]], [[32.636954062505936, 46.63141567964714], [32.63669158538218, 46.631594833592374], [32.63669278974889, 46.631414850295776], [32.636954062505936, 46.63141567964714]], [[32.636951655493114, 46.631775646245], [32.63747540628618, 46.63159731987214], [32.63747420450616, 46.63177730317857], [32.636951655493114, 46.631775646245]], [[32.63747420450616, 46.63177730317857], [32.63799555350597, 46.63195894103669], [32.63747300271461, 46.6319572864793], [32.63747420450616, 46.63177730317857]], [[32.63669399410404, 46.63123486699345], [32.63617024426949, 46.63141318980316], [32.63617265643249, 46.631053223213584], [32.63669399410404, 46.63123486699345]], [[32.6581126599909, 46.63220081051573], [32.65889309903405, 46.63274310115435], [32.65836940696469, 46.632921525694336], [32.6581126599909, 46.63220081051573]], [[32.640343455774016, 46.63250630704945], [32.64008456398938, 46.632145518747386], [32.6403482249008, 46.63178637365406], [32.640343455774016, 46.63250630704945]], [[32.63982925755623, 46.63124477977068], [32.63930551783808, 46.63142311696135], [32.63930671353256, 46.631243133607356], [32.63982925755623, 46.63124477977068]], [[32.662036299734325, 46.63149251948594], [32.66124686339969, 46.63239012025156], [32.66151487416736, 46.6313109909609], [32.662036299734325, 46.63149251948594]], [[32.66151487416736, 46.6313109909609], [32.6612547241605, 46.63113023391832], [32.66151599623479, 46.631131007177046], [32.66151487416736, 46.6313109909609]], [[32.6612547241605, 46.63113023391832], [32.66099457588579, 46.63094947628308], [32.661255847083225, 46.630950250133594], [32.6612547241605, 46.63113023391832]], [[32.660995699663786, 46.63076949249747], [32.659688220060524, 46.630945598081226], [32.659429206865724, 46.63058485313229], [32.660995699663786, 46.63076949249747]], [[32.66020513031524, 46.631847069921506], [32.66072318241692, 46.63256855560586], [32.6604619034462, 46.63256778051851], [32.66020513031524, 46.631847069921506]], [[32.660206256745454, 46.63166708617898], [32.65968257935677, 46.631845516802365], [32.65968370751918, 46.63166553306955], [32.660206256745454, 46.63166708617898]], [[32.653931079971166, 46.632368225820535], [32.654452490117976, 46.63254978883337], [32.65392993271065, 46.63254820942272], [32.653931079971166, 46.632368225820535]], [[32.656806274449465, 46.632196899328704], [32.656549551617914, 46.63147618061581], [32.65706755153595, 46.632197682759404], [32.656806274449465, 46.632196899328704]], [[32.50448715158545, 46.63127863089877], [32.504224240544254, 46.63145747923116], [32.50422588402264, 46.63127749905453], [32.50448715158545, 46.63127863089877]], [[32.50370663931777, 46.63091527323413], [32.50344372748948, 46.63109411978112], [32.50344537353429, 46.63091413961428], [32.50370663931777, 46.63091527323413]], [[32.50501296847182, 46.63092093238463], [32.50475006089463, 46.63109978194993], [32.50475170260948, 46.6309198017477], [32.50501296847182, 46.63092093238463]], [[32.65576687198191, 46.63129384134189], [32.65524204085109, 46.63165223528311], [32.65524432659019, 46.63129226796659], [32.65576687198191, 46.63129384134189]], [[32.658378467125104, 46.63148165614072], [32.65785705398616, 46.63130011097804], [32.658379599596245, 46.63130167242082], [32.658378467125104, 46.63148165614072]], [[32.657339052052414, 46.63057861229022], [32.6570732356527, 46.63129776433917], [32.65655524417707, 46.63057626213036], [32.657339052052414, 46.63057861229022]], [[32.64035418605182, 46.6308864567813], [32.640091722670086, 46.6310656185823], [32.64009291574346, 46.63088563520146], [32.64035418605182, 46.6308864567813]], [[32.647146048371155, 46.631087591963635], [32.64662467686601, 46.63090599571312], [32.64714721806108, 46.63090760844545], [32.647146048371155, 46.631087591963635]], [[32.64662467686601, 46.63090599571312], [32.64610448199042, 46.630544413581184], [32.646365750827755, 46.630545221428775], [32.64662467686601, 46.63090599571312]], [[32.65629397490713, 46.630575477550515], [32.65368931861716, 46.629307713198166], [32.65552158610172, 46.62877328302861], [32.65447768920024, 46.62859014804882], [32.65500363917652, 46.62805177359625], [32.65578512860321, 46.62841410183024], [32.65629397490713, 46.630575477550515]], [[32.50450686170436, 46.629118868247204], [32.50424231793899, 46.629477696972955], [32.50424560453301, 46.62911773648784], [32.50450686170436, 46.629118868247204]], [[32.50528899348747, 46.62930224021969], [32.50424724780636, 46.628937756236695], [32.5045134312396, 46.6283989471799], [32.50529719245753, 46.6284023387939], [32.50528899348747, 46.62930224021969]], [[32.65238069874222, 46.62966371902607], [32.65290552938881, 46.62930533808461], [32.65290322830321, 46.62966530543786], [32.65238069874222, 46.62966371902607]], [[32.64925482337274, 46.62821428144944], [32.64899240220984, 46.628393463868655], [32.648993565669876, 46.62821348022964], [32.64925482337274, 46.62821428144944]], [[32.564086896135414, 46.627741499593114], [32.56487498121245, 46.62720453753036], [32.56487353898519, 46.62738451938572], [32.564086896135414, 46.627741499593114]], [[32.64586786451281, 46.62676395022576], [32.64560543925593, 46.62694312491038], [32.645606613882876, 46.62676314129113], [32.64586786451281, 46.62676395022576]], [[32.64534536326423, 46.62676233175997], [32.6430035740808, 46.62531515038222], [32.644832279450384, 46.62532084186995], [32.644305076614415, 46.62603915323726], [32.6463973977464, 46.625685664379006], [32.64561953403537, 46.62478332110238], [32.6461455345053, 46.6242449871531], [32.64614201625858, 46.62478493826392], [32.648226116262904, 46.62569130165573], [32.6503137629925, 46.626057675949454], [32.64925714852747, 46.62785431414428], [32.645871385728476, 46.626223999318555], [32.64534536326423, 46.62676233175997]], [[32.64273996236949, 46.625674302139], [32.64299884123371, 46.62603508480466], [32.64247634716086, 46.62603345325604], [32.64273996236949, 46.625674302139]], [[32.64483934201815, 46.6242409398515], [32.64535594219192, 46.625142478975214], [32.64509469937694, 46.6251416688931], [32.64483934201815, 46.6242409398515]], [[32.64901101623054, 46.625513724959184], [32.64849085684907, 46.625152153433895], [32.64927458576547, 46.62515455862738], [32.64901101623054, 46.625513724959184]], [[32.65030680884432, 46.62713757825904], [32.65056690320973, 46.62731836016936], [32.6503056497807, 46.62731756195731], [32.65030680884432, 46.62713757825904]], [[32.65448570597438, 46.62733026176509], [32.655268324202154, 46.6275126097643], [32.65526603892366, 46.62787257732063], [32.65448570597438, 46.62733026176509]], [[32.6207865997457, 46.626863555458186], [32.6205228338353, 46.62722265546744], [32.62052534936996, 46.62686268925162], [32.6207865997457, 46.626863555458186]], [[32.65448685118387, 46.62715027798742], [32.65214710643539, 46.62534331553586], [32.65397237401747, 46.62588881233851], [32.65448685118387, 46.62715027798742]], [[32.57037405439907, 46.62560543309635], [32.570107112470964, 46.6263243798853], [32.569323374071196, 46.6263214323385], [32.56932765630685, 46.6257814863371], [32.57037405439907, 46.62560543309635]], [[32.58761610224483, 46.62566887992505], [32.58865835005587, 46.62603260658572], [32.5870908780595, 46.62602696030627], [32.58761610224483, 46.62566887992505]], [[32.58997001300325, 46.62531736545986], [32.588401197237076, 46.62549171967833], [32.588402561393124, 46.62531173721621], [32.58997001300325, 46.62531736545986]], [[32.586837848916225, 46.62494612262821], [32.586577979014216, 46.62476519649471], [32.58684058752561, 46.62458615773455], [32.586837848916225, 46.62494612262821]], [[32.65005947457819, 46.624976974690604], [32.64979707176552, 46.62515615910723], [32.64979823242724, 46.624976175350426], [32.65005947457819, 46.624976974690604]], [[32.65476641192804, 46.6242713253519], [32.65450288296277, 46.62463050450065], [32.65450517304107, 46.62427053676831], [32.65476641192804, 46.6242713253519]], [[32.64144443118542, 46.62405036345602], [32.64065714611397, 46.62458785547743], [32.64092195629635, 46.624048724861886], [32.64144443118542, 46.62405036345602]], [[32.64117962617468, 46.624589495295254], [32.64143967787826, 46.62477029791582], [32.64117843696502, 46.62476947889652], [32.64117962617468, 46.624589495295254]], [[32.64745756915017, 46.62334910078448], [32.647729310289094, 46.62173005127788], [32.64981912243378, 46.62173646675123], [32.650335781820324, 46.62263798394618], [32.64928853374875, 46.622994753288744], [32.652163245758985, 46.62282354187309], [32.650588907066364, 46.6238986688308], [32.651105599614944, 46.62480018229892], [32.64745756915017, 46.62334910078448]], [[32.65216209302206, 46.62300352574326], [32.65242217386752, 46.62318430352984], [32.65216094027408, 46.623183509607735], [32.65216209302206, 46.62300352574326]], [[32.65189855306696, 46.62336269894295], [32.65241987006978, 46.62354427125157], [32.651897399431135, 46.62354268279102], [32.65189855306696, 46.62336269894295]], [[32.64720218082712, 46.62244837664879], [32.647462242449464, 46.622629165675065], [32.64720101166467, 46.62262836043539], [32.64720218082712, 46.62244837664879]], [[32.653726046859674, 46.623548231964776], [32.65346710835174, 46.62318747325373], [32.65372834200036, 46.62318826419355], [32.653726046859674, 46.623548231964776]], [[32.653726046859674, 46.623548231964776], [32.654770988489865, 46.623551389799], [32.65476870023091, 46.62391135758686], [32.65372489927282, 46.62372821584182], [32.653726046859674, 46.623548231964776]], [[32.63726703764391, 46.62367722079861], [32.63752707191799, 46.623858032291935], [32.63726583550552, 46.623857204351204], [32.63726703764391, 46.62367722079861]], [[32.638832057197526, 46.62404214662647], [32.638310781224526, 46.62386051253533], [32.63883445109716, 46.62368217946501], [32.638832057197526, 46.62404214662647]], [[32.63596930502801, 46.62241318732729], [32.634134637004145, 46.623307272050184], [32.633092134313166, 46.62294395877633], [32.63309578207271, 46.62240400826566], [32.634928016903125, 46.621869907165035], [32.63596930502801, 46.62241318732729]], [[32.64093028626471, 46.622788839409], [32.64119032854808, 46.62296964262683], [32.64092909630349, 46.62296882306226], [32.64093028626471, 46.622788839409]], [[32.64145631365512, 46.62225052690666], [32.64119389580048, 46.62242969163454], [32.641195084861785, 46.62224970795902], [32.64145631365512, 46.62225052690666]], [[32.63937245906082, 46.62134404034178], [32.63911003875799, 46.62152320031139], [32.63911123468714, 46.6213432166484], [32.63937245906082, 46.62134404034178]], [[32.645387673493566, 46.620282917845316], [32.642251855464735, 46.620453142897105], [32.64146225446238, 46.6213506084178], [32.640682153238956, 46.62080819874666], [32.641996566875065, 46.61955240696428], [32.645387673493566, 46.620282917845316]], [[32.643034333159015, 46.62063557440888], [32.642771928322766, 46.6208147428433], [32.642773112087916, 46.620634759085725], [32.643034333159015, 46.62063557440888]], [[32.64198826258092, 46.6208122932801], [32.64250952175535, 46.62099391066541], [32.64198588982298, 46.6211722607475], [32.64198826258092, 46.6208122932801]], [[32.646431379749004, 46.62046613550303], [32.64721153372293, 46.621008506150396], [32.64538179794685, 46.62118283688719], [32.646431379749004, 46.62046613550303]], [[32.58060144912432, 46.62060373249752], [32.58033883949079, 46.620782757057235], [32.58034023013873, 46.620602774630285], [32.58060144912432, 46.62060373249752]], [[32.5813864933335, 46.6204266200643], [32.58112249908421, 46.620785628887724], [32.58112527517346, 46.62042566399221], [32.5813864933335, 46.6204266200643]], [[32.58217291700512, 46.62006951973609], [32.581906158797516, 46.62078849535069], [32.581911700536246, 46.62006856546509], [32.58217291700512, 46.62006951973609]], [[32.6396384601231, 46.62062492868847], [32.63937604418265, 46.62080408930308], [32.63937723920032, 46.620624105612094], [32.6396384601231, 46.62062492868847]], [[32.50694805745325, 46.619230101029565], [32.50825084729517, 46.61959568342788], [32.50851857308852, 46.61887688316201], [32.50902960124632, 46.62013899096731], [32.50693988845891, 46.62013000412858], [32.50694805745325, 46.619230101029565]], [[32.58115164536436, 46.61700599634355], [32.58168790862025, 46.615208081637235], [32.58299387420027, 46.615212849205726], [32.58349556117439, 46.617914491510795], [32.58140868628206, 46.61754689998079], [32.58191862741056, 46.6191686529794], [32.58061395656575, 46.61898389034366], [32.58034162077333, 46.62042279219761], [32.57851309430713, 46.62041607047011], [32.578006040078236, 46.61843433806669], [32.57906203211443, 46.61699832720779], [32.58115164536436, 46.61700599634355]], [[32.58299940044626, 46.61449291851552], [32.58168929452812, 46.61502809900305], [32.58169345217194, 46.614488151066226], [32.58299940044626, 46.61449291851552]], [[32.48239613037119, 46.618941670163586], [32.481610790747936, 46.61911810215664], [32.481612508447114, 46.618938122219674], [32.48239613037119, 46.618941670163586]], [[32.506164428398485, 46.61922672123072], [32.507477004891314, 46.61851242860845], [32.50773494894445, 46.61887351413943], [32.506164428398485, 46.61922672123072]], [[32.50903936245006, 46.619059106894284], [32.50877652579601, 46.61923796635491], [32.508778153489715, 46.61905798566875], [32.50903936245006, 46.619059106894284]], [[32.50982298942472, 46.61906246699284], [32.5095601553202, 46.6192413282635], [32.50956178041757, 46.61906134755633], [32.50982298942472, 46.61906246699284]], [[32.55083150314097, 46.61941080383504], [32.55109569033661, 46.61905186550374], [32.55109271537307, 46.61941182905522], [32.55083150314097, 46.61941080383504]], [[32.55109569033661, 46.61905186550374], [32.55161959711117, 46.61887393233229], [32.55161811138173, 46.61905391412942], [32.55109569033661, 46.61905186550374]], [[32.59108002962847, 46.61668193797455], [32.5900637498544, 46.61289855933483], [32.59267017534529, 46.61362781976422], [32.59318041701768, 46.61524952463322], [32.59212888580778, 46.61614571905449], [32.595249851481846, 46.61795667910406], [32.59497656642892, 46.6195756000959], [32.59108002962847, 46.61668193797455]], [[32.482397845457626, 46.6187616901987], [32.483714142210985, 46.61768771134402], [32.48292025842513, 46.61876405249822], [32.482397845457626, 46.6187616901987]], [[32.50956665561612, 46.618521405400415], [32.50930382330485, 46.61870026610593], [32.509305449220854, 46.61852028538856], [32.50956665561612, 46.618521405400415]], [[32.47927544687387, 46.61748760701779], [32.477440120047234, 46.618199189880336], [32.476414389205786, 46.61621463459219], [32.47902805584172, 46.61604657839352], [32.47927544687387, 46.61748760701779]], [[32.5066950206822, 46.61832907181916], [32.50643545072869, 46.618147964603175], [32.50669665522106, 46.61814909116054], [32.5066950206822, 46.61832907181916]], [[32.50669828974424, 46.61796911049619], [32.50617751874424, 46.61778687614321], [32.506699924251734, 46.61778912982609], [32.50669828974424, 46.61796911049619]], [[32.53308302962067, 46.61771985770999], [32.532820278229394, 46.617898772762494], [32.53282182618237, 46.61771879140137], [32.53308302962067, 46.61771985770999]], [[32.59733683743985, 46.61832401847994], [32.59760071269462, 46.61796497171305], [32.597598046023435, 46.61832493750709], [32.59733683743985, 46.61832401847994]], [[32.51061958906412, 46.61762597563687], [32.510356764557045, 46.61780483881927], [32.510358386933525, 46.617624858045275], [32.51061958906412, 46.61762597563687]], [[32.50774799749979, 46.617433668622496], [32.50748516452625, 46.617612525181165], [32.50748679640626, 46.6174325444785], [32.50774799749979, 46.617433668622496]], [[32.59502084848771, 46.6136361647916], [32.59762604351869, 46.61454529552906], [32.59838566404958, 46.617787742259175], [32.596558558904064, 46.61760132630152], [32.595003405714124, 46.61597594307907], [32.59502084848771, 46.6136361647916]], [[32.635269008620995, 46.609991812286374], [32.63605613440089, 46.609454355516526], [32.636312482704206, 46.61017512192248], [32.635269008620995, 46.609991812286374]], [[32.64053169715678, 46.60406886844148], [32.64026936442851, 46.604248031858354], [32.64027055579734, 46.604068047626434], [32.64053169715678, 46.60406886844148]], [[32.51011341638053, 46.61582393187192], [32.5067048276801, 46.617249187781454], [32.506975829102586, 46.616170429421004], [32.51011341638053, 46.61582393187192]], [[32.45002841788261, 46.616630799559246], [32.44976539997748, 46.61680952273334], [32.44976722304733, 46.6166295436577], [32.45002841788261, 46.616630799559246]], [[32.510103677630205, 46.61690381673196], [32.51088889420561, 46.616727188606326], [32.51115333139916, 46.616368343306], [32.5111484723379, 46.616908285794025], [32.510103677630205, 46.61690381673196]], [[32.51141614630964, 46.616189478212085], [32.51167895948951, 46.6160106125022], [32.51167734157966, 46.616190593362695], [32.51141614630964, 46.616189478212085]], [[32.51167895948951, 46.6160106125022], [32.51194177093877, 46.61583174617639], [32.51194015390974, 46.61601172704956], [32.51167895948951, 46.6160106125022]], [[32.57880641267804, 46.616277435803745], [32.579853989373674, 46.61592131230968], [32.57985120529688, 46.616281277431355], [32.57880641267804, 46.616277435803745]], [[32.474855925174126, 46.61530755248434], [32.47538178051959, 46.61494998932262], [32.4761653441391, 46.61495357970842], [32.474855925174126, 46.61530755248434]], [[32.47538178051959, 46.61494998932262], [32.474861144672836, 46.61476761287551], [32.47538351860534, 46.6147700094323], [32.47538178051959, 46.61494998932262]], [[32.47878758472972, 46.61388562889511], [32.479306500443265, 46.61424796754632], [32.4793013252208, 46.61478790758732], [32.47878758472972, 46.61388562889511]], [[32.47956251246123, 46.614789096027714], [32.479830593059994, 46.61407036374632], [32.4798236997182, 46.61479028387187], [32.47956251246123, 46.614789096027714]], [[32.60050310950948, 46.61401541489846], [32.60023397499226, 46.61509440097961], [32.5997208717944, 46.61383269304108], [32.60050310950948, 46.61401541489846]], [[32.477742853370415, 46.613880864550055], [32.478273861194474, 46.61298334782331], [32.478789311468034, 46.61370564887336], [32.477742853370415, 46.613880864550055]], [[32.511437189175204, 46.61384972666941], [32.51117438571508, 46.61402859192848], [32.51117600516907, 46.613848611013175], [32.511437189175204, 46.61384972666941]], [[32.51195955723405, 46.61385195619316], [32.511696755473295, 46.61403082265864], [32.51169837319687, 46.61385084172939], [32.51195955723405, 46.61385195619316]], [[32.51170160859745, 46.613490879853686], [32.511442044848366, 46.61330978386814], [32.511704843935945, 46.61313091795505], [32.51170160859745, 46.613490879853686]], [[32.512227205104324, 46.613133146230616], [32.51196279090424, 46.6134919943035], [32.511966024512375, 46.613132032390936], [32.512227205104324, 46.613133146230616]], [[32.51144851886184, 46.612589860052886], [32.511185721566704, 46.61276872540091], [32.51118734091193, 46.612588744445475], [32.51144851886184, 46.612589860052886]], [[32.450868401702444, 46.61105520852048], [32.450599953800065, 46.61177387172508], [32.45060723363502, 46.611053954650735], [32.450868401702444, 46.61105520852048]], [[32.45034970712783, 46.610692741628874], [32.451138660537936, 46.61015656524358], [32.45139618979726, 46.61051777653496], [32.45034970712783, 46.610692741628874]], [[32.47075228822222, 46.607549159657765], [32.47021419104051, 46.609166561759], [32.47099591833227, 46.60935016713467], [32.469416651449016, 46.61060276995855], [32.468656032402336, 46.6082593953453], [32.47075228822222, 46.607549159657765]], [[32.47047885883492, 46.608807810965665], [32.47073826385534, 46.60898899937333], [32.47047710486524, 46.608987790902475], [32.47047885883492, 46.608807810965665]], [[32.58537895396729, 46.61072182361326], [32.583552132343186, 46.61053520062772], [32.58643870994478, 46.608745792839585], [32.58669302695826, 46.60964665127874], [32.585385821156585, 46.60982190925423], [32.58537895396729, 46.61072182361326]], [[32.450356990003755, 46.60997282444806], [32.45009400560358, 46.61015154872903], [32.450095827161356, 46.60997156943305], [32.450356990003755, 46.60997282444806]], [[32.515130711578614, 46.60972571822142], [32.514605167225284, 46.61008346559492], [32.514869547253376, 46.60972461107161], [32.515130711578614, 46.60972571822142]], [[32.45062179246681, 46.60961412022639], [32.45036245197729, 46.60943288650215], [32.45062361224222, 46.60943414089749], [32.45062179246681, 46.60961412022639]], [[32.45036245197729, 46.60943288650215], [32.4501031132177, 46.60925165219172], [32.450364272600204, 46.609252907175346], [32.45036245197729, 46.60943288650215]], [[32.45141254457859, 46.60889796241517], [32.45114593282444, 46.60943664789981], [32.451151386856175, 46.60889670983168], [32.45141254457859, 46.60889796241517]], [[32.513044623445474, 46.609356882121965], [32.51278184709823, 46.60953575131725], [32.512783460973814, 46.60935577021688], [32.513044623445474, 46.609356882121965]], [[32.452194203317056, 46.609081695982034], [32.4524608029271, 46.608543007968976], [32.452718333452, 46.60890421639092], [32.452194203317056, 46.609081695982034]], [[32.45167733479264, 46.60853925563044], [32.451417995858556, 46.608358024271865], [32.45167915100361, 46.60835927623577], [32.45167733479264, 46.60853925563044]], [[32.452718333452, 46.60890421639092], [32.45323883804961, 46.60908669323273], [32.45271652064855, 46.609084195799625], [32.452718333452, 46.60890421639092]], [[32.45324064912317, 46.60890671380843], [32.4540331648935, 46.6080105581392], [32.453761155520176, 46.60908918828139], [32.45324064912317, 46.60890671380843]], [[32.452729209907474, 46.607824339818094], [32.45298311510375, 46.608545506547486], [32.45272195900672, 46.608544257556275], [32.452729209907474, 46.607824339818094]], [[32.45325151519962, 46.60782683714195], [32.45351447795879, 46.607648105437434], [32.45351266787175, 46.607828084909734], [32.45325151519962, 46.60782683714195]], [[32.514613206405244, 46.60918355987881], [32.51408927348677, 46.609361323780874], [32.51409088302189, 46.60918134264004], [32.514613206405244, 46.60918355987881]], [[32.51383294210727, 46.608820270841484], [32.51330901017735, 46.60899803118514], [32.513310622276535, 46.60881805005367], [32.51383294210727, 46.608820270841484]], [[32.63293672011502, 46.607284535493235], [32.63267678016936, 46.60710371331383], [32.63293793589688, 46.6071045515036], [32.63293672011502, 46.607284535493235]], [[32.45299579794317, 46.607285650390715], [32.45273283525351, 46.60746438091456], [32.452734647900435, 46.60728440145416], [32.45299579794317, 46.607285650390715]], [[32.48328760724071, 46.60760646235469], [32.48302816669235, 46.607425302215646], [32.48328931869606, 46.607426482006254], [32.48328760724071, 46.60760646235469]], [[32.48303330355452, 46.606885361158064], [32.48198527460527, 46.60724059677503], [32.481988706082625, 46.60688063612329], [32.48303330355452, 46.606885361158064]], [[32.514627675957364, 46.60756372922874], [32.51410375874701, 46.60774149330711], [32.51410536814317, 46.6075615121147], [32.514627675957364, 46.60756372922874]], [[32.45430154841739, 46.60729188613228], [32.454042206593044, 46.60711066067101], [32.45430335585774, 46.60711190661938], [32.45430154841739, 46.60729188613228]], [[32.454042206593044, 46.60711066067101], [32.45352171813329, 46.60692818749077], [32.45404582315142, 46.606750701643534], [32.454042206593044, 46.60711066067101]], [[32.634761187337226, 46.60783033821113], [32.634498817429765, 46.608009488171476], [32.63450002806837, 46.60782950417335], [32.634761187337226, 46.60783033821113]], [[32.51333641376, 46.60593835117065], [32.51410858688916, 46.6072015497127], [32.51332351851315, 46.607378200795566], [32.51333641376, 46.60593835117065]], [[32.48068811967857, 46.60633477550844], [32.4817395724619, 46.6056195909644], [32.48172755675578, 46.60687945337441], [32.48068811967857, 46.60633477550844]], [[32.47468349080349, 46.60612737329783], [32.47598401135228, 46.60667330192732], [32.47415771677776, 46.606484934134414], [32.47468349080349, 46.60612737329783]], [[32.482258429507034, 46.60598191650946], [32.48332354435516, 46.60382687383298], [32.483299587083344, 46.60634659979522], [32.482258429507034, 46.60598191650946]], [[32.634770865108344, 46.606390465978706], [32.63608506419797, 46.60513473833213], [32.636075421672416, 46.60657461109254], [32.635819093215204, 46.60585384375808], [32.634770865108344, 46.606390465978706]], [[32.63609109040064, 46.604234817671234], [32.6355651854787, 46.60477310755124], [32.63556880635458, 46.60423315516873], [32.63609109040064, 46.604234817671234]], [[32.63687331393348, 46.60441729111369], [32.636353436782045, 46.60405566387388], [32.63661457796916, 46.604056493629784], [32.63687331393348, 46.60441729111369]], [[32.635044104989866, 46.604591458521895], [32.63478538037236, 46.60423065694453], [32.63504652235484, 46.60423149028199], [32.635044104989866, 46.604591458521895]], [[32.63400074235861, 46.60440813745773], [32.6342606738883, 46.60458895669005], [32.63399953021101, 46.60458812155396], [32.63400074235861, 46.60440813745773]], [[32.63478900892727, 46.603690704557444], [32.63504893967343, 46.60387152201923], [32.634787799420565, 46.60387068869218], [32.63478900892727, 46.603690704557444]], [[32.63557242712625, 46.60369320273481], [32.63505256556435, 46.60333156958225], [32.635574840916135, 46.60333323441696], [32.63557242712625, 46.60369320273481]], [[32.62929035168523, 46.60583287502839], [32.62773948270701, 46.60348799556288], [32.62983594400324, 46.60241486978772], [32.63191038121202, 46.60458141900684], [32.63138076905788, 46.60565964155242], [32.63373353437926, 46.60530722212875], [32.634509712759076, 46.60638963198262], [32.62929035168523, 46.60583287502839]], [[32.63373353437926, 46.60530722212875], [32.63477933254877, 46.60513057747541], [32.634778122949236, 46.60531056156444], [32.63373353437926, 46.60530722212875]], [[32.632699894241135, 46.603684016524966], [32.631395418678615, 46.603499833060674], [32.63139786011811, 46.60313986489873], [32.63244240675727, 46.603143225541324], [32.632699894241135, 46.603684016524966]], [[32.63217761568613, 46.603682338556354], [32.63191403837559, 46.60404146682666], [32.631916476426156, 46.60368149867797], [32.63217761568613, 46.603682338556354]], [[32.63244362400041, 46.602963241430786], [32.63218370628405, 46.60278241805842], [32.632444841231866, 46.60278325731451], [32.63244362400041, 46.602963241430786]], [[32.63347481510188, 46.604946417648044], [32.63321245495277, 46.6051255647767], [32.63321366972981, 46.60494558071329], [32.63347481510188, 46.604946417648044]], [[32.47731571923667, 46.60397957154125], [32.477037264325595, 46.605778180718524], [32.47626770956761, 46.60433475503765], [32.476789983328224, 46.604337144765545], [32.47731571923667, 46.60397957154125]], [[32.47679171610668, 46.60415716449929], [32.476271178566854, 46.603974794529286], [32.47679344886851, 46.60397718422731], [32.47679171610668, 46.60415716449929]], [[32.45849968152364, 46.605331964040886], [32.458236746335565, 46.60551070739373], [32.458238540630745, 46.605330727707035], [32.45849968152364, 46.605331964040886]], [[32.458759029868155, 46.60551317948083], [32.459025546711125, 46.60497447548351], [32.459281313469525, 46.605515649183765], [32.458759029868155, 46.60551317948083]], [[32.51543360717927, 46.605047312648956], [32.51517085960543, 46.605226187575454], [32.51517246532622, 46.60504620627511], [32.51543360717927, 46.605047312648956]], [[32.456680692795615, 46.60442339889972], [32.45589548151034, 46.60459965535524], [32.455897283502146, 46.60441967570956], [32.456680692795615, 46.60442339889972]], [[32.46086244938449, 46.604083205716336], [32.46059774158894, 46.60444193438756], [32.460601314390324, 46.60408197480073], [32.46086244938449, 46.604083205716336]], [[32.456684291538984, 46.60406343954458], [32.456160221025804, 46.60424093770979], [32.45616202211831, 46.60406095804484], [32.456684291538984, 46.60406343954458]], [[32.60841658558995, 46.60324350161577], [32.60946501146782, 46.60270712118089], [32.6084126950764, 46.60378345240137], [32.60841658558995, 46.60324350161577]], [[32.60946501146782, 46.60270712118089], [32.6099885708677, 46.60252891914859], [32.609987279280446, 46.60270890280584], [32.60946501146782, 46.60270712118089]], [[32.484376621443865, 46.60293168389625], [32.484902294056624, 46.60257407546361], [32.48490058823258, 46.60275405601109], [32.484376621443865, 46.60293168389625]], [[32.478635208520686, 46.602545686596116], [32.478372352722104, 46.602724476639374], [32.47837408016294, 46.60254449627677], [32.478635208520686, 46.602545686596116]], [[32.63766634269305, 46.60297990149047], [32.63740400583585, 46.603159058359324], [32.6374052066485, 46.60297907414981], [32.63766634269305, 46.60297990149047]], [[32.62984575042354, 46.60097499698155], [32.63506585960495, 46.60135174354011], [32.635054982766995, 46.60297160126237], [32.634017711203995, 46.60188835951052], [32.62984575042354, 46.60097499698155]], [[32.63610675717479, 46.6018950232845], [32.63558208200792, 46.60225332932633], [32.63558328881603, 46.60207334512455], [32.63610675717479, 46.6018950232845]], [[32.637146473935736, 46.60261827778732], [32.636890149604824, 46.60189751236552], [32.63741601344403, 46.60135921600719], [32.637146473935736, 46.60261827778732]], [[32.63689375695451, 46.60135755963096], [32.636633832018546, 46.601176746297746], [32.63689495938132, 46.601177575374685], [32.63689375695451, 46.60135755963096]], [[32.63140762540765, 46.60169999202242], [32.63035821024073, 46.60241655841134], [32.63036433069452, 46.60151663789754], [32.63140762540765, 46.60169999202242]], [[32.63036433069452, 46.60151663789754], [32.62984329888903, 46.60133496521737], [32.63036555475004, 46.60133665377766], [32.63036433069452, 46.60151663789754]], [[32.62984329888903, 46.60133496521737], [32.62958339761396, 46.60115413593345], [32.62984452466216, 46.601154981102304], [32.62984329888903, 46.60133496521737]], [[32.63036555475004, 46.60133665377766], [32.63062790587728, 46.6011575130329], [32.63062668269817, 46.60133749716379], [32.63036555475004, 46.60133665377766]], [[32.63166509583042, 46.60224078542231], [32.63192744707484, 46.602061641726095], [32.63192622816065, 46.60224162585472], [32.63166509583042, 46.60224078542231]], [[32.631663876039816, 46.60242076953996], [32.63218492436858, 46.602602433941684], [32.6316626562375, 46.60260075365188], [32.631663876039816, 46.60242076953996]], [[32.62645234794807, 46.600783979310144], [32.626968421891306, 46.60168560361818], [32.62696224517218, 46.602585523759046], [32.62644121460917, 46.60240383562214], [32.62645234794807, 46.600783979310144]], [[32.62696224517218, 46.602585523759046], [32.627222144505325, 46.60276635894679], [32.6269610097928, 46.602765507770094], [32.62696224517218, 46.602585523759046]], [[32.478908416411976, 46.6012870135165], [32.479952905864856, 46.601291766242106], [32.479949461573995, 46.601651727131056], [32.479162639727086, 46.602008124257694], [32.478908416411976, 46.6012870135165]], [[32.51624587091068, 46.601810963310584], [32.51598314172697, 46.60198984027338], [32.515984744576535, 46.60180985884916], [32.51624587091068, 46.601810963310584]], [[32.516508598365085, 46.60163208573226], [32.5162490748344, 46.601451000431126], [32.5165118005288, 46.601272122827545], [32.516508598365085, 46.60163208573226]], [[32.62801294005912, 46.60168900462125], [32.6285364293341, 46.601510717469566], [32.62853519921397, 46.601690701546744], [32.62801294005912, 46.60168900462125]], [[32.62827776254965, 46.60114990114922], [32.62801540374632, 46.60132903648239], [32.62801663557219, 46.60114905240439], [32.62827776254965, 46.60114990114922]], [[32.48100942587146, 46.60003664593272], [32.48074487059724, 46.60039542209471], [32.48074830946946, 46.60003546108095], [32.48100942587146, 46.60003664593272]], [[32.62801786738624, 46.60096906832068], [32.62645358492639, 46.60060399524691], [32.626456058847424, 46.6002440271033], [32.62854626987023, 46.60007084464643], [32.62801786738624, 46.60096906832068]], [[32.626718417508705, 46.60006489531178], [32.626462243442354, 46.59934410664428], [32.62672336170251, 46.59934495891182], [32.626718417508705, 46.60006489531178]], [[32.62542521239235, 46.598260787003234], [32.62672830570659, 46.59862502242045], [32.62803634317904, 46.59826930637932], [32.62803387989361, 46.598629274712444], [32.62515913472046, 46.59897986819701], [32.62542521239235, 46.598260787003234]], [[32.63376749563196, 46.60026766606066], [32.63324889319503, 46.59972604038899], [32.63351001348997, 46.599726877172046], [32.63376749563196, 46.60026766606066]], [[32.63428974146775, 46.600269336678274], [32.63428853045222, 46.600449320911125], [32.633765070130714, 46.60062763449978], [32.63376749563196, 46.60026766606066], [32.63428974146775, 46.600269336678274]], [[32.63481077806375, 46.60045098915526], [32.63506948500891, 46.60081179086319], [32.63480835945644, 46.60081095762468], [32.63481077806375, 46.60045098915526]], [[32.63742081616477, 46.60063927890638], [32.63716209439346, 46.60027848246265], [32.63742321745603, 46.60027931032171], [32.63742081616477, 46.60063927890638]], [[32.63768194096815, 46.60064010617981], [32.637679541360136, 46.601000074751994], [32.63715728830626, 46.60099841958845], [32.637158489845355, 46.600818435315574], [32.63741961550187, 46.60081926319017], [32.63742081616477, 46.60063927890638], [32.63768194096815, 46.60064010617981]], [[32.4807534676541, 46.59949551951728], [32.48048891335988, 46.59985429512518], [32.48049235386221, 46.5994943340918], [32.4807534676541, 46.59949551951728]], [[32.48179620706623, 46.59968023581647], [32.48075690636138, 46.59913555844616], [32.48154367610316, 46.598779149964116], [32.48179620706623, 46.59968023581647]], [[32.48075690636138, 46.59913555844616], [32.48049751449194, 46.59895439249874], [32.48075862569028, 46.59895557790199], [32.48075690636138, 46.59913555844616]], [[32.48049579429853, 46.5991343730355], [32.480232961177755, 46.59931316755253], [32.480234682252174, 46.599133187028926], [32.48049579429853, 46.5991343730355]], [[32.482325293226424, 46.598962677807236], [32.48207275671433, 46.598061592987634], [32.482852653010106, 46.59842509783066], [32.482325293226424, 46.598962677807236]], [[32.48207275671433, 46.598061592987634], [32.48155225945073, 46.59787924701751], [32.482074471622, 46.597881612372056], [32.48207275671433, 46.598061592987634]], [[32.48155225945073, 46.59787924701751], [32.48129287087434, 46.59769808284725], [32.481553976070835, 46.59769926641097], [32.48155225945073, 46.59787924701751]], [[32.478145786476446, 46.599123677523245], [32.47815097034855, 46.5985837360963], [32.4784120796691, 46.59858492684789], [32.47840517126447, 46.5993048487688], [32.47762010324243, 46.59948125508046], [32.478145786476446, 46.599123677523245]], [[32.47788467457898, 46.599122486153405], [32.47762875175718, 46.59858135280538], [32.477889861044574, 46.598582544748794], [32.47788467457898, 46.599122486153405]], [[32.572672146922024, 46.599155833214496], [32.571623429085534, 46.59969187581062], [32.57162626603879, 46.599331910023686], [32.572672146922024, 46.599155833214496]], [[32.629334544954794, 46.59935344880948], [32.62880984997023, 46.599711723893975], [32.62881230820987, 46.59935175559762], [32.629334544954794, 46.59935344880948]], [[32.57371660956623, 46.59915972977229], [32.573192964948156, 46.59933776562393], [32.57319437821701, 46.59915778268528], [32.57371660956623, 46.59915972977229]], [[32.57528471027747, 46.598985573737714], [32.575020780959164, 46.599344570042], [32.57502359537953, 46.598984604073905], [32.57528471027747, 46.598985573737714]], [[32.630381466403364, 46.59899685969907], [32.63011790016046, 46.599355984157576], [32.63012034970713, 46.59899601578551], [32.630381466403364, 46.59899685969907]], [[32.47971934925755, 46.59841089113555], [32.47894292484829, 46.59768740395878], [32.47946685847982, 46.59750980066334], [32.47971934925755, 46.59841089113555]], [[32.48049923466884, 46.59877441195624], [32.48102489219939, 46.59841682102017], [32.48102317378446, 46.598596801588954], [32.48049923466884, 46.59877441195624]], [[32.63873720683687, 46.599023550270346], [32.637180115578026, 46.59757871742686], [32.63796704203977, 46.59704124577552], [32.63873720683687, 46.599023550270346]], [[32.47789677609985, 46.59786262279565], [32.47841553377201, 46.59822496585302], [32.4781544261804, 46.5982237751163], [32.47789677609985, 46.59786262279565]], [[32.47789677609985, 46.59786262279565], [32.47763912942734, 46.597501469885934], [32.47790023352798, 46.59750266178465], [32.47789677609985, 46.59786262279565]], [[32.48103004734532, 46.59787687927938], [32.480504395100546, 46.598234470294315], [32.48050783530585, 46.59787450915769], [32.48103004734532, 46.59787687927938]], [[32.482854365357255, 46.5982451172044], [32.48311718471205, 46.59806631657553], [32.483115473245796, 46.5982462972149], [32.482854365357255, 46.5982451172044]], [[32.48311718471205, 46.59806631657553], [32.483380002337924, 46.59788751533029], [32.483378291752544, 46.59806749598276], [32.48311718471205, 46.59806631657553]], [[32.515497788795535, 46.59784805565931], [32.515760499439025, 46.59766917961155], [32.51575889607861, 46.597849161160674], [32.515497788795535, 46.59784805565931]], [[32.515760499439025, 46.59766917961155], [32.51602801570309, 46.596950358228625], [32.51602160587301, 46.597670284510116], [32.515760499439025, 46.59766917961155]], [[32.627254238037196, 46.59808677266463], [32.626991890722124, 46.59826590578012], [32.62699312580526, 46.59808592162624], [32.627254238037196, 46.59808677266463]], [[32.47999078870321, 46.59733219494892], [32.47972796269638, 46.59751098839086], [32.47972968533456, 46.597331007824714], [32.47999078870321, 46.59733219494892]], [[32.48156255892439, 46.596799363292234], [32.48129802322917, 46.59715814101542], [32.481301458050005, 46.59679817976551], [32.48156255892439, 46.596799363292234]], [[32.62648079544739, 46.59664434441014], [32.62856963811703, 46.59665114522596], [32.62856840831549, 46.596831129457414], [32.62752151687383, 46.5971877021988], [32.62648079544739, 46.59664434441014]], [[32.62856963811703, 46.59665114522596], [32.62883197242919, 46.59647200840392], [32.62883074350391, 46.59665199264638], [32.62856963811703, 46.59665114522596]], [[32.62804126960813, 46.59754936964451], [32.62752028357892, 46.597367686391884], [32.628042501185874, 46.59736938544651], [32.62804126960813, 46.59754936964451]], [[32.62466300045341, 46.595198488993304], [32.62597220702281, 46.59466281190899], [32.626222165294884, 46.596283523242235], [32.625177751207694, 46.596280106191784], [32.62466300045341, 46.595198488993304]], [[32.623879705644114, 46.59519591646967], [32.6246518159656, 46.596818346562976], [32.62386849781661, 46.59681577389463], [32.623879705644114, 46.59519591646967]], [[32.63404921872822, 46.59720876892357], [32.63509485991542, 46.59703212068514], [32.634830125251774, 46.5975712405772], [32.63404921872822, 46.59720876892357]], [[32.63457385506441, 46.59685046948433], [32.63483617063907, 46.59667131884664], [32.63483496158481, 46.596851303204176], [32.63457385506441, 46.59685046948433]], [[32.63431274855562, 46.59684963516857], [32.634052853706116, 46.596668815915024], [32.63431395933882, 46.59666965082146], [32.63431274855562, 46.59684963516857]], [[32.636136880095556, 46.59739541598111], [32.63561345525643, 46.59757373822373], [32.635614661763576, 46.59739375387343], [32.636136880095556, 46.59739541598111]], [[32.54292775651599, 46.59634103922991], [32.542142937452695, 46.59651788931069], [32.542144453384935, 46.596337907037054], [32.54292775651599, 46.59634103922991]], [[32.55756262245225, 46.594778678307804], [32.56043029231295, 46.59532969774974], [32.557561157647335, 46.59495866101181], [32.55756262245225, 46.594778678307804]], [[32.63249352091616, 46.59558388797937], [32.632231202922746, 46.595763033272604], [32.63223242055163, 46.59558304893306], [32.63249352091616, 46.59558388797937]], [[32.55651971446919, 46.59459465187897], [32.55599164817438, 46.5953125570972], [32.554950208848254, 46.59494853371213], [32.55521572137456, 46.594409601165076], [32.55651971446919, 46.59459465187897]], [[32.56095539318555, 46.59497173742146], [32.560692843613616, 46.595150717892665], [32.560694298060255, 46.59497073511891], [32.56095539318555, 46.59497173742146]], [[32.4860251003871, 46.59429966083033], [32.48576230885619, 46.594478468369466], [32.485764011334794, 46.59429848753609], [32.4860251003871, 46.59429966083033]], [[32.56383032858925, 46.594622757708606], [32.56279029690298, 46.59407882265073], [32.56435684260047, 46.59408479874046], [32.56383032858925, 46.594622757708606]], [[32.562523412612045, 46.59479775590057], [32.56017502016036, 46.59460876318667], [32.55991829775711, 46.59406781077563], [32.56200702424158, 46.59407582656208], [32.562523412612045, 46.59479775590057]], [[32.63093302848352, 46.5946789231113], [32.630670709754426, 46.59485806485261], [32.630671932511184, 46.59467808051604], [32.63093302848352, 46.5946789231113]], [[32.553911737262226, 46.59422453561291], [32.55338659750158, 46.5945824635206], [32.553388076107744, 46.59440248090659], [32.553911737262226, 46.59422453561291]], [[32.555478285289475, 46.594230633290934], [32.554697959710495, 46.59386762181295], [32.555481228601884, 46.59387066793261], [32.555478285289475, 46.594230633290934]], [[32.48681006664706, 46.594123196269706], [32.487072853024884, 46.59394438629187], [32.48707115490033, 46.59412436717334], [32.48681006664706, 46.594123196269706]], [[32.487333940430155, 46.59394555659238], [32.48655407792051, 46.59358208215252], [32.48655747751259, 46.593222120378684], [32.48734072930846, 46.593225632979824], [32.487333940430155, 46.59394555659238]], [[32.62519140159593, 46.594300279904154], [32.62414951438161, 46.593936885107574], [32.625192642468896, 46.594120295661895], [32.62519140159593, 46.594300279904154]], [[32.4862912916079, 46.593760890950215], [32.48602850356676, 46.5939396991317], [32.48603020513209, 46.59375971827379], [32.4862912916079, 46.593760890950215]], [[32.55704630030229, 46.59405672680456], [32.556783742367145, 46.59423569830378], [32.55678520970882, 46.59405571559582], [32.55704630030229, 46.59405672680456]], [[32.62937381505031, 46.59359395262078], [32.62963245347866, 46.59395476685741], [32.629371361022486, 46.593953921303985], [32.62937381505031, 46.59359395262078]], [[32.55756848153143, 46.594058747434524], [32.55861576669909, 46.59370281602306], [32.558612844158255, 46.594062781544466], [32.55756848153143, 46.594058747434524]], [[32.55965720700935, 46.59406680612107], [32.55939757496007, 46.593885818093966], [32.55966012263573, 46.59370684054935], [32.55965720700935, 46.59406680612107]], [[32.63276313226609, 46.59432483581965], [32.633026656476346, 46.59396570482988], [32.633546415312466, 46.59432734748574], [32.63276313226609, 46.59432483581965]], [[32.632504471271126, 46.59396402861921], [32.63224459619811, 46.593783205223424], [32.632505687918886, 46.59378404421728], [32.632504471271126, 46.59396402861921]], [[32.632506904554965, 46.593604059809664], [32.63198594120682, 46.59342239683374], [32.63250812117938, 46.59342407539632], [32.632506904554965, 46.593604059809664]], [[32.56749279925557, 46.59373672062441], [32.56697205401908, 46.593554762333746], [32.567494231118864, 46.5935567376432], [32.56749279925557, 46.59373672062441]], [[32.62623701506505, 46.59412371245609], [32.62597716016622, 46.593942874887325], [32.626238252468745, 46.593943728186765], [32.62623701506505, 46.59412371245609]], [[32.625456215581636, 46.59376118224188], [32.62519388332995, 46.59394031141393], [32.62519512417911, 46.59376032716024], [32.625456215581636, 46.59376118224188]], [[32.625456215581636, 46.59376118224188], [32.62571854610467, 46.5935820524576], [32.625717306996066, 46.593762036727675], [32.625456215581636, 46.59376118224188]], [[32.62676290842384, 46.593585464421004], [32.62650058131062, 46.59376459660999], [32.626501817826245, 46.593584612323916], [32.62676290842384, 46.593585464421004]], [[32.627023999033284, 46.59358631592226], [32.6270264685717, 46.59322634731165], [32.627288791351496, 46.59304721388726], [32.627023999033284, 46.59358631592226]], [[32.6291114964622, 46.59377309082124], [32.62884917614544, 46.59395222840958], [32.6288504048939, 46.59377224408141], [32.6291114964622, 46.59377309082124]], [[32.48316681009258, 46.59284687553833], [32.48290230440908, 46.593205657340036], [32.4829057281344, 46.59284569574905], [32.48316681009258, 46.59284687553833]], [[32.48629809424905, 46.59304096743184], [32.48551654845379, 46.592857466831184], [32.48630149547176, 46.59268100563824], [32.48629809424905, 46.59304096743184]], [[32.556531459948125, 46.59315479019723], [32.556007817610386, 46.59333274758148], [32.55600928747452, 46.59315276486389], [32.556531459948125, 46.59315479019723]], [[32.48682195922665, 46.59286333003011], [32.48655917728418, 46.59304213948316], [32.48656087703945, 46.59286215858191], [32.48682195922665, 46.59286333003011]], [[32.6218722860562, 46.58349004895097], [32.62212582464666, 46.58457081847544], [32.62055828597097, 46.584745618673445], [32.620828118200635, 46.58348659291372], [32.6218722860562, 46.58349004895097]], [[32.62132764394628, 46.58672804222775], [32.62106784063484, 46.586547193427116], [32.62132889727946, 46.586548057826086], [32.62132764394628, 46.58672804222775]], [[32.621838494012735, 46.58834962870426], [32.62155989135987, 46.590868545821365], [32.62286153316911, 46.591412809422316], [32.621295053063655, 46.59140763466486], [32.620019841181005, 46.587083682981], [32.621838494012735, 46.58834962870426]], [[32.62363854386516, 46.59231531017979], [32.622856539207405, 46.59213274650683], [32.622585460290324, 46.59357175936688], [32.62259795443619, 46.59177191699514], [32.62363854386516, 46.59231531017979]], [[32.62363231404794, 46.593215231458885], [32.62415946849934, 46.59249701108946], [32.62415449153596, 46.593216948144224], [32.62363231404794, 46.593215231458885]], [[32.62806959290729, 46.59340973164519], [32.62780727093266, 46.59358886685098], [32.62780850311483, 46.5934088825326], [32.62806959290729, 46.59340973164519]], [[32.62885286235549, 46.59341227540795], [32.628590542938404, 46.593591412417155], [32.62859177252762, 46.59341142808286], [32.62885286235549, 46.59341227540795]], [[32.56933468310353, 46.591943784981666], [32.57011365647553, 46.592486680064546], [32.571416236572794, 46.59285154414583], [32.56984830091858, 46.593025647898344], [32.56933468310353, 46.591943784981666]], [[32.48630489662921, 46.5923210438217], [32.486042115632486, 46.592499852107714], [32.48604381706726, 46.59231987120389], [32.48630489662921, 46.5923210438217]], [[32.48682705580204, 46.59232338726996], [32.486564276501106, 46.59250219676218], [32.48656597620747, 46.59232221584371], [32.48682705580204, 46.59232338726996]], [[32.62729372678169, 46.59232727655337], [32.6278171280591, 46.592148992143926], [32.62781589595966, 46.5923289765023], [32.62729372678169, 46.59232727655337]], [[32.627294960609646, 46.592147292205624], [32.62703511158305, 46.5919664569946], [32.627296194425774, 46.591967307852144], [32.627294960609646, 46.592147292205624]], [[32.54583896364011, 46.59167293456236], [32.54557638057505, 46.59185188032419], [32.54557788489465, 46.59167189781709], [32.54583896364011, 46.59167293456236]], [[32.61920263184572, 46.5919406542188], [32.618940287901864, 46.59211976907275], [32.618941549373986, 46.591939784891316], [32.61920263184572, 46.5919406542188]], [[32.629384857592925, 46.59197409326355], [32.62912254688939, 46.59215323156304], [32.62912377465575, 46.591973247172454], [32.629384857592925, 46.59197409326355]], [[32.628341756262245, 46.59179072094388], [32.628081905436225, 46.59160988809402], [32.62834298659776, 46.59161073655775], [32.628341756262245, 46.59179072094388]], [[32.55524075266261, 46.59134989509465], [32.55498262144904, 46.590988914294144], [32.55524369725169, 46.59098992956582], [32.55524075266261, 46.59134989509465]], [[32.55785152874813, 46.59136001517069], [32.558376607982694, 46.591002066356026], [32.55863476184793, 46.59136303957584], [32.55785152874813, 46.59136001517069]], [[32.55811699477862, 46.59082107539104], [32.5586406060326, 46.59064310816669], [32.558639145007454, 46.590823091027566], [32.55811699477862, 46.59082107539104]], [[32.558639145007454, 46.590823091027566], [32.55915983598152, 46.59100508714874], [32.55863768396829, 46.59100307388271], [32.558639145007454, 46.590823091027566]], [[32.55968344563321, 46.59082711515141], [32.55942528730711, 46.59046614424889], [32.559947434219325, 46.59046815390262], [32.55968344563321, 46.59082711515141]], [[32.62364477338361, 46.59141538875783], [32.623382446556136, 46.591594513865566], [32.623383693300156, 46.59141452957512], [32.62364477338361, 46.59141538875783]], [[32.55446341960369, 46.590626916449835], [32.55393831837981, 46.590984847249686], [32.553680197550435, 46.590623863523696], [32.55446341960369, 46.590626916449835]], [[32.55263293986201, 46.590979750039324], [32.55185267992254, 46.59061671917772], [32.55263590167785, 46.59061978461485], [32.55263293986201, 46.590979750039324]], [[32.63017422784557, 46.59107670581772], [32.62991192407943, 46.59125584597543], [32.629913149194266, 46.59107586154041], [32.63017422784557, 46.59107670581772]], [[32.52078816185465, 46.59013083506341], [32.520000183960725, 46.590667497302974], [32.52026760906072, 46.58994866478485], [32.52078816185465, 46.59013083506341]], [[32.52235616572587, 46.5899574038969], [32.523655206940404, 46.59068277445029], [32.52234984124903, 46.590677331730745], [32.52235616572587, 46.5899574038969]], [[32.52391628012409, 46.59068386120693], [32.524182078556535, 46.59014500135825], [32.524177353322884, 46.59068494736782], [32.52391628012409, 46.59068386120693]], [[32.528615600007264, 46.590703320952215], [32.5291424229393, 46.59016552483661], [32.52939882046057, 46.59070654547675], [32.528615600007264, 46.590703320952215]], [[32.62991437429735, 46.59089587709968], [32.62965452247753, 46.590715047790724], [32.62991559938869, 46.59071589265326], [32.62991437429735, 46.59089587709968]], [[32.62965452247753, 46.590715047790724], [32.629394672386084, 46.59053421789081], [32.6296557484213, 46.590535063343836], [32.62965452247753, 46.590715047790724]], [[32.62913359636265, 46.59053337184202], [32.62704992682384, 46.58980664437109], [32.62705363036759, 46.58926669108665], [32.62548473195002, 46.58962154270725], [32.62627413201304, 46.58872418189086], [32.625234825068304, 46.58800082802544], [32.62913359636265, 46.59053337184202]], [[32.625234825068304, 46.58800082802544], [32.62497500265249, 46.58781998808219], [32.625236065524746, 46.58782084358319], [32.625234825068304, 46.58800082802544]], [[32.62391332332162, 46.59033634141762], [32.623651002603296, 46.59051546719301], [32.62365224841138, 46.590335482862905], [32.62391332332162, 46.59033634141762]], [[32.54037304970303, 46.58967123127597], [32.53984938867621, 46.58984911473781], [32.53985091184751, 46.5896691323112], [32.54037304970303, 46.58967123127597]], [[32.622871520517705, 46.58997293497899], [32.622609198142825, 46.59015205837199], [32.62261044738364, 46.58997207405195], [32.622871520517705, 46.58997293497899]], [[32.54246463072503, 46.58931963830427], [32.542200532656615, 46.589678558886924], [32.54220356340164, 46.58931859389871], [32.54246463072503, 46.58931963830427]], [[32.5680492975855, 46.58941910013878], [32.56830893735172, 46.58960006869775], [32.568047867766296, 46.58959908326391], [32.5680492975855, 46.58941910013878]], [[32.540637159766874, 46.589312314955045], [32.54011350306055, 46.58949019965257], [32.54011502533854, 46.589310217207974], [32.540637159766874, 46.589312314955045]], [[32.55395308368439, 46.58918501957978], [32.55264626758587, 46.58935990544888], [32.552650709904825, 46.58881995714902], [32.553435384016986, 46.58864303423585], [32.55395308368439, 46.58918501957978]], [[32.53071661568001, 46.58927205028105], [32.529936527651486, 46.588908870464536], [32.530719722405635, 46.58891208585173], [32.53071661568001, 46.58927205028105]], [[32.539594414960156, 46.58912813464075], [32.53933182380556, 46.58930706611937], [32.539333348661195, 46.589127083688716], [32.539594414960156, 46.58912813464075]], [[32.536463154685585, 46.58893550153454], [32.536200554216876, 46.58911442579767], [32.53620208942676, 46.58893444344041], [32.536463154685585, 46.58893550153454]], [[32.56726752390166, 46.58923615716896], [32.567531454743914, 46.58887717812343], [32.5677896595475, 46.58923813099066], [32.56726752390166, 46.58923615716896]], [[32.522890939444494, 46.58851972666591], [32.522626716453125, 46.58887860164159], [32.522629876690466, 46.58851863760792], [32.522890939444494, 46.58851972666591]], [[32.485298062946775, 46.588356768924804], [32.48503529792865, 46.5885355750861], [32.4850370024605, 46.588355594085435], [32.485298062946775, 46.588356768924804]], [[32.53568303278512, 46.588572360759734], [32.5351593671902, 46.58875022277014], [32.53516090582685, 46.58857024042791], [32.53568303278512, 46.588572360759734]], [[32.62314007848749, 46.588893889205515], [32.622877762221414, 46.5890730132662], [32.62287901052623, 46.5888930289065], [32.62314007848749, 46.588893889205515]], [[32.52707107636288, 46.5881771062899], [32.526808448839276, 46.58835600891641], [32.52681001509556, 46.588176026776786], [32.52707107636288, 46.5881771062899]], [[32.56675112467723, 46.58851424850701], [32.56727611799994, 46.58815625837457], [32.56727325335547, 46.58851622466225], [32.56675112467723, 46.58851424850701]], [[32.62366470583503, 46.58853563924753], [32.62392701691654, 46.58835651335026], [32.62392577210397, 46.5885364977486], [32.62366470583503, 46.58853563924753]], [[32.52368201084513, 46.58762307994511], [32.52341779746406, 46.58798195684002], [32.5234209523658, 46.58762199270823], [32.52368201084513, 46.58762307994511]], [[32.553963418554964, 46.58792513987024], [32.55370088028113, 46.58810410455434], [32.553702357512755, 46.58792412172788], [32.553963418554964, 46.58792513987024]], [[32.52551413212679, 46.58709072752039], [32.524987303468464, 46.58762850719409], [32.525253076133744, 46.587089644473686], [32.52551413212679, 46.58709072752039]], [[32.55579525711991, 46.587392301520765], [32.556312968571085, 46.5879342763446], [32.55579084624647, 46.5879322501869], [32.55579525711991, 46.587392301520765]], [[32.48269773232393, 46.58726510799786], [32.482434964111995, 46.58744390820727], [32.48243667718545, 46.58726392724581], [32.48269773232393, 46.58726510799786]], [[32.48426406349941, 46.587272180001015], [32.48400130037288, 46.58745098382868], [32.48400300826251, 46.587271002823], [32.48426406349941, 46.587272180001015]], [[32.534912157843976, 46.58712932047749], [32.534649561067305, 46.58730824125014], [32.53465110131388, 46.58712825887537], [32.534912157843976, 46.58712932047749]], [[32.62210706424873, 46.587270585085896], [32.62236687447231, 46.587451431524016], [32.62210581345956, 46.58745056948087], [32.62210706424873, 46.587270585085896]], [[32.522644097008325, 46.586898799172765], [32.52238146120683, 46.58707769164482], [32.5223830420455, 46.58689770958036], [32.522644097008325, 46.586898799172765]], [[32.52316620697944, 46.58690097657054], [32.522903572875585, 46.58707987024756], [32.52290515198631, 46.58689988816949], [32.52316620697944, 46.58690097657054]], [[32.52421042710324, 46.586905324217945], [32.52394779639478, 46.58708422030488], [32.523949372049614, 46.5869042381996], [32.52421042710324, 46.586905324217945]], [[32.48453194323584, 46.586553432444425], [32.48426918447818, 46.586732236927496], [32.48427089143836, 46.58655225589152], [32.48453194323584, 46.586553432444425]], [[32.52369147000335, 46.58654318737146], [32.523428839355354, 46.58672208227849], [32.523430416707875, 46.58654210017536], [32.52369147000335, 46.58654318737146]], [[32.534918315226676, 46.58640939089455], [32.53465418176271, 46.586768294108616], [32.53465726215245, 46.586408329318964], [32.534918315226676, 46.58640939089455]], [[32.55580407848605, 46.58631240403392], [32.55606219319432, 46.586673383218134], [32.55580113808708, 46.58667236988577], [32.55580407848605, 46.58631240403392]], [[32.484274305309604, 46.586192293802334], [32.484011547464995, 46.58637109770858], [32.48401325525635, 46.586191116668466], [32.484274305309604, 46.586192293802334]], [[32.5088114565495, 46.58648026650719], [32.50933518542637, 46.58630252528206], [32.50933356143608, 46.586482507018474], [32.5088114565495, 46.58648026650719]], [[32.50933518542637, 46.58630252528206], [32.50959786013988, 46.58612366288808], [32.509596237029086, 46.58630364463722], [32.50933518542637, 46.58630252528206]], [[32.51064530251417, 46.58576817075275], [32.508561789876744, 46.585219273229875], [32.51013131090925, 46.58486602729509], [32.51064530251417, 46.58576817075275]], [[32.51064692212264, 46.585588188958475], [32.51090958907648, 46.585409323500414], [32.510907970347446, 46.58558930530741], [32.51064692212264, 46.585588188958475]], [[32.56232751997712, 46.58669752449053], [32.56260015699165, 46.585258658078445], [32.56337318704012, 46.586521531572515], [32.56232751997712, 46.58669752449053]], [[32.62289398925018, 46.58673321614434], [32.622373123978086, 46.586551509465025], [32.622896485536565, 46.586373247270636], [32.62289398925018, 46.58673321614434]], [[32.52239094601142, 46.58599779917212], [32.52186567977411, 46.58635558242167], [32.52186884477072, 46.585995618268434], [32.52239094601142, 46.58599779917212]], [[32.52343514867468, 46.586002153831565], [32.523172519815084, 46.586181048173714], [32.52317409798615, 46.58600106606019], [32.52343514867468, 46.586002153831565]], [[32.535704547957, 46.586052607181664], [32.53544195900028, 46.58623152983538], [32.535443496566394, 46.586051547406335], [32.535704547957, 46.586052607181664]], [[32.56050449609033, 46.58615056960249], [32.5602419878454, 46.58632954945719], [32.56024344333652, 46.58614956641552], [32.56050449609033, 46.58615056960249]], [[32.48088924644197, 46.585277039757614], [32.48062304405274, 46.58581579781851], [32.48036887520526, 46.58509468851024], [32.48088924644197, 46.585277039757614]], [[32.62237937318415, 46.585651587263165], [32.62264292343954, 46.58529247972525], [32.622640425568925, 46.58565244865675], [32.62237937318415, 46.585651587263165]], [[32.504644456718836, 46.58538236689615], [32.50438176940662, 46.58556121789024], [32.50438340973303, 46.58538123625878], [32.504644456718836, 46.58538236689615]], [[32.52318041051905, 46.585281137548776], [32.52265673626038, 46.585458942396315], [32.522658316098706, 46.58527896027349], [32.52318041051905, 46.585281137548776]], [[32.53936689178503, 46.58516746876558], [32.53910279369819, 46.58552638245681], [32.53910584450842, 46.585166417362416], [32.53936689178503, 46.58516746876558]], [[32.505169826159964, 46.58502466306151], [32.50490714230328, 46.58520351528659], [32.50490878087047, 46.58502353362954], [32.505169826159964, 46.58502466306151]], [[32.5062140074749, 46.58502917483304], [32.50595132701095, 46.58520802946885], [32.505952962122635, 46.5850280477836], [32.5062140074749, 46.58502917483304]], [[32.56364435131255, 46.585262645683535], [32.563120808206115, 46.58544063621135], [32.563122254124366, 46.585260653072304], [32.56364435131255, 46.585262645683535]], [[32.50569355274592, 46.58484693845461], [32.505174739175665, 46.584484718034815], [32.505696824618596, 46.584486975069524], [32.50569355274592, 46.58484693845461]], [[32.526322384456975, 46.584214257739426], [32.52605663664412, 46.58475312330689], [32.52606134224136, 46.58421317658788], [32.526322384456975, 46.584214257739426]], [[32.50282535546095, 46.58447453189531], [32.50256266661007, 46.58465337873447], [32.502564312904774, 46.58447339712392], [32.50282535546095, 46.58447453189531]], [[32.50700367009393, 46.58431262549657], [32.50465265379557, 46.584482458617614], [32.50413549171873, 46.58394025182443], [32.5070118278271, 46.583412716728894], [32.50700367009393, 46.58431262549657]], [[32.5033540152756, 46.58375687306669], [32.502043875846404, 46.584291144192214], [32.50126900371219, 46.583387824762134], [32.50231809408049, 46.58285242706794], [32.502311505920204, 46.58357235365371], [32.5033540152756, 46.58375687306669]], [[32.50126900371219, 46.583387824762134], [32.501009617800726, 46.58320670485167], [32.501270654215325, 46.58320784314699], [32.50126900371219, 46.583387824762134]], [[32.558960075260295, 46.583444795704764], [32.55921527995373, 46.584165734151064], [32.558954236772756, 46.58416472805491], [32.558960075260295, 46.583444795704764]], [[32.55921527995373, 46.584165734151064], [32.5594734072764, 46.58452670581746], [32.559212362353705, 46.58452570030437], [32.55921527995373, 46.584165734151064]], [[32.5101394170464, 46.583966118192905], [32.5098799986876, 46.58378501828928], [32.51014103822718, 46.583786136355286], [32.5101394170464, 46.583966118192905]], [[32.5098799986876, 46.58378501828928], [32.50935954341178, 46.58360279854807], [32.50988162071665, 46.5836050364529], [32.5098799986876, 46.58378501828928]], [[32.51092577551297, 46.58360950511528], [32.51040045746535, 46.58396723567027], [32.51040369808373, 46.583607271975296], [32.51092577551297, 46.58360950511528]], [[32.53728923368667, 46.58389916317397], [32.53702666036827, 46.5840780895893], [32.5370281925744, 46.583898107051844], [32.53728923368667, 46.58389916317397]], [[32.51432088764244, 46.58344398049312], [32.514058241390124, 46.58362285392421], [32.5140598495827, 46.583442871970746], [32.51432088764244, 46.58344398049312]], [[32.53572606024006, 46.58353285248093], [32.53546348358405, 46.58371177530757], [32.53546502094373, 46.58353179279834], [32.53572606024006, 46.58353285248093]], [[32.499963817478694, 46.583382127294], [32.500751885815866, 46.582845602741706], [32.500748581401965, 46.58320556596076], [32.499963817478694, 46.583382127294]], [[32.50283522771467, 46.58339464206913], [32.503360589678344, 46.58303694639039], [32.5033589461013, 46.58321692806807], [32.50283522771467, 46.58339464206913]], [[32.50544723899615, 46.58322597487101], [32.505184564783015, 46.58340482782666], [32.50518620232926, 46.583224846105246], [32.50544723899615, 46.58322597487101]], [[32.565490386510945, 46.58292981900429], [32.56574711265136, 46.58347075997587], [32.56522359365047, 46.58364876026502], [32.565490386510945, 46.58292981900429]], [[32.50701509081083, 46.58305275318171], [32.50675242256585, 46.583231609765974], [32.50675405491368, 46.58305162799655], [32.50701509081083, 46.58305275318171]], [[32.5109322496529, 46.58288957760074], [32.5106679756192, 46.583248425111236], [32.51067121438568, 46.582888461356454], [32.5109322496529, 46.58288957760074]], [[32.557135728826744, 46.58307777040937], [32.55687175796015, 46.58343672569464], [32.556874690941, 46.58307675958609], [32.557135728826744, 46.58307777040937]], [[32.50545705876126, 46.582146084379744], [32.50544887566291, 46.58304599313681], [32.50466576830074, 46.58304260507384], [32.504672325175996, 46.58232267816436], [32.50545705876126, 46.582146084379744]], [[32.50910662765143, 46.58270176953931], [32.50858293280779, 46.58287950996094], [32.50858455907792, 46.582699528130895], [32.50910662765143, 46.58270176953931]], [[32.509627073472224, 46.582883990423426], [32.50936441458837, 46.5830628530465], [32.50936603828275, 46.58288287120119], [32.509627073472224, 46.582883990423426]], [[32.50153663946887, 46.5826690359455], [32.50127395517411, 46.58284787989947], [32.501275605629765, 46.58266789826712], [32.50153663946887, 46.5826690359455]], [[32.500234778205545, 46.582303378372764], [32.501016223110064, 46.58248677836216], [32.500231470431714, 46.58266334159772], [32.500234778205545, 46.582303378372764]], [[32.49997374617318, 46.58230223773071], [32.49736176334348, 46.58247078009027], [32.49659199255235, 46.5810274844197], [32.499461620643835, 46.58122006497578], [32.49997374617318, 46.58230223773071]], [[32.499461620643835, 46.58122006497578], [32.49972430295748, 46.581041225124935], [32.49972264746214, 46.581221206766166], [32.499461620643835, 46.58122006497578]], [[32.5566180550265, 46.58253579898042], [32.555320236744194, 46.581630817779406], [32.556623924105715, 46.58181586665123], [32.5566180550265, 46.58253579898042]], [[32.55687909030679, 46.582536810380354], [32.55687615741032, 46.582896776523235], [32.556615120402455, 46.58289576511066], [32.5566180550265, 46.58253579898042], [32.55687909030679, 46.582536810380354]], [[32.50650118485531, 46.58215059331781], [32.50571481879649, 46.582507176041744], [32.50571809026125, 46.58214721250762], [32.50650118485531, 46.58215059331781]], [[32.51041503975854, 46.58234739886235], [32.51015238605729, 46.582526263331324], [32.51015400711369, 46.58234628144784], [32.51041503975854, 46.58234739886235]], [[32.56549326239696, 46.58256985244837], [32.56523078785701, 46.582748843977754], [32.56523222665692, 46.582568860703134], [32.56549326239696, 46.58256985244837]], [[32.566015333918415, 46.58257183415205], [32.56575286107848, 46.58275082688502], [32.56575429815079, 46.582570843598006], [32.566015333918415, 46.58257183415205]], [[32.575675071168455, 46.582428082420066], [32.57541122555025, 46.58278708094218], [32.57541403576049, 46.582427113909255], [32.575675071168455, 46.582428082420066]], [[32.511459170493254, 46.5823518625646], [32.510692264853624, 46.58054869639146], [32.51147533701662, 46.5805520430656], [32.511459170493254, 46.5823518625646]], [[32.510692264853624, 46.58054869639146], [32.51043286085207, 46.580367597688806], [32.51069388401169, 46.580368714430946], [32.510692264853624, 46.58054869639146]], [[32.51042800074029, 46.5809075435322], [32.50938714489267, 46.58054310669038], [32.50833816831738, 46.58107856986802], [32.5073005841509, 46.58035415033098], [32.50913099392056, 46.58000204119062], [32.51042800074029, 46.5809075435322]], [[32.536780948444864, 46.58227720729868], [32.536518381334766, 46.582456132620585], [32.536519915136175, 46.582276150044784], [32.536780948444864, 46.58227720729868]], [[32.565496138227815, 46.58220988586956], [32.565233665443024, 46.58238887742279], [32.56523510421534, 46.58220889413671], [32.565496138227815, 46.58220988586956]], [[32.51198608089104, 46.58181414501094], [32.511723434916945, 46.58199301313332], [32.51172505074431, 46.58181303119079], [32.51198608089104, 46.58181414501094]], [[32.50650771723188, 46.58143066609625], [32.50624505520538, 46.5816095215902], [32.50624668913974, 46.58142953978326], [32.50650771723188, 46.58143066609625]], [[32.513814901253504, 46.581641943072164], [32.513555481612606, 46.58146085142529], [32.51381811901136, 46.58128197904727], [32.513814901253504, 46.581641943072164]], [[32.556381976475166, 46.579475074060845], [32.55532170828344, 46.581450834708725], [32.55586140499383, 46.579293065346214], [32.556381976475166, 46.579475074060845]], [[32.50990594928563, 46.580905308219364], [32.50964330092223, 46.58108417158499], [32.50964492358163, 46.58090418966962], [32.50990594928563, 46.580905308219364]], [[32.49477484364004, 46.579939540253896], [32.495818925678, 46.579944146520376], [32.49607661122946, 46.58030525974323], [32.495291874333105, 46.58048178922242], [32.49477484364004, 46.579939540253896]], [[32.51252104656335, 46.58037651495091], [32.512258409319145, 46.58055538437985], [32.512260023295205, 46.58037540237754], [32.51252104656335, 46.58037651495091]], [[32.51486865133244, 46.5805664833837], [32.51539551071014, 46.58002874976424], [32.51512967561859, 46.5805675900086], [32.51486865133244, 46.5805664833837]], [[32.51539551071014, 46.58002874976424], [32.515658135138345, 46.57984987306771], [32.515656532436076, 46.580029855177315], [32.51539551071014, 46.58002874976424]], [[32.51878560962095, 46.5804030380499], [32.51852299273577, 46.580581921937664], [32.5185245859838, 46.5804019397695], [32.51878560962095, 46.5804030380499]], [[32.51617697494371, 46.58021204633456], [32.51591435045404, 46.5803909242107], [32.51591595232339, 46.58021094210564], [32.51617697494371, 46.58021204633456]], [[32.56811934192975, 46.58059991999652], [32.56864424952254, 46.580241922799935], [32.56864139472364, 46.580601889652826], [32.56811934192975, 46.58059991999652]], [[32.568123629289694, 46.58005996974555], [32.56838608131763, 46.579880971418405], [32.56838465308873, 46.580060954852996], [32.568123629289694, 46.58005996974555]], [[32.51017507943212, 46.58000651644082], [32.509651414063626, 46.58018426195081], [32.50965303664522, 46.58000428000678], [32.51017507943212, 46.58000651644082]], [[32.519836059888455, 46.57968749634899], [32.51957344991252, 46.57986638269668], [32.51957503964488, 46.57968640047816], [32.519836059888455, 46.57968749634899]], [[32.506003642807315, 46.57944861269734], [32.50574098875757, 46.579627467126656], [32.50574262424681, 46.579447485270734], [32.506003642807315, 46.57944861269734]], [[32.50652731285805, 46.57927088388121], [32.50626302762149, 46.57962972139844], [32.50626629512981, 46.57926975765269], [32.50652731285805, 46.57927088388121]], [[32.50783077316932, 46.57945648800904], [32.50756812505536, 46.57963534665624], [32.50756975449925, 46.57945536475107], [32.50783077316932, 46.57945648800904]], [[32.51723224800679, 46.57895658215774], [32.51644439799405, 46.57949322143523], [32.51644599805935, 46.57931323928772], [32.51723224800679, 46.57895658215774]], [[32.51723224800679, 46.57895658215774], [32.51749486122329, 46.578777701168534], [32.517493264658405, 46.578957683360784], [32.51723224800679, 46.57895658215774]], [[32.56812791652629, 46.57952001944306], [32.56786546540313, 46.57969901719227], [32.567866895331946, 46.57951903375854], [32.56812791652629, 46.57952001944306]], [[32.50731199641292, 46.57909427708409], [32.50678833060194, 46.57927200951422], [32.506789962605396, 46.57909202761867], [32.50731199641292, 46.57909427708409]], [[32.50626956257546, 46.57890979388399], [32.50574589517822, 46.579087521541695], [32.505747530620404, 46.57890753966857], [32.50626956257546, 46.57890979388399]], [[32.56317140709443, 46.57914122293916], [32.56290894157889, 46.57932020927936], [32.56291038788935, 46.57914022595195], [32.56317140709443, 46.57914122293916]], [[32.506530578576495, 46.57891092009844], [32.507054241734096, 46.57873318882677], [32.507052610625536, 46.57891317074082], [32.506530578576495, 46.57891092009844]], [[32.507054241734096, 46.57873318882677], [32.50731688714784, 46.57855433132086], [32.507315256918496, 46.57873431324767], [32.507054241734096, 46.57873318882677]], [[32.507315256918496, 46.57873431324767], [32.507574642737154, 46.57891541900116], [32.50731362667353, 46.578914295168744], [32.507315256918496, 46.57873431324767]], [[32.55664739817116, 46.57893613641861], [32.55638491229177, 46.57911510772573], [32.55638638017895, 46.578935124549574], [32.55664739817116, 46.57893613641861]], [[32.56734914787038, 46.57897711030438], [32.56682567741742, 46.57915511822985], [32.5668271107596, 46.578975134803635], [32.56734914787038, 46.57897711030438]], [[32.505750801457715, 46.57854757590513], [32.50548815095648, 46.57872642979579], [32.50548978723087, 46.57854644791826], [32.505750801457715, 46.57854757590513]], [[32.49765936775982, 46.57851233140506], [32.497400017052584, 46.57833120329486], [32.497661029925546, 46.578332349735014], [32.49765936775982, 46.57851233140506]], [[32.496616978529424, 46.57832776040142], [32.49557459644711, 46.57814317992158], [32.49558127251996, 46.577423253390805], [32.49454225615492, 46.57687870027357], [32.49480827645764, 46.576339908261396], [32.49793367148347, 46.57707362367868], [32.496616978529424, 46.57832776040142]], [[32.49532026409252, 46.577422102222684], [32.4947965757009, 46.5775997797197], [32.49479824728567, 46.5774197981], [32.49532026409252, 46.577422102222684]], [[32.55978252845098, 46.57858826586295], [32.560567031861964, 46.578411293126436], [32.56134862734368, 46.57859428161842], [32.55978252845098, 46.57858826586295]], [[32.56369777662179, 46.57860326505438], [32.563435315438205, 46.578782252633935], [32.56343675997984, 46.57860226927689], [32.56369777662179, 46.57860326505438]], [[32.56709099422402, 46.57861615596983], [32.56682854408803, 46.57879515137169], [32.56682997740273, 46.57861516793403], [32.56709099422402, 46.57861615596983]], [[32.51880471704197, 46.57824325150254], [32.51854211070355, 46.578422135541445], [32.518543703768216, 46.57824215330451], [32.51880471704197, 46.57824325150254]], [[32.48983571482867, 46.57775775309621], [32.48957301614086, 46.57793657027651], [32.48957470502841, 46.577756588813116], [32.48983571482867, 46.57775775309621]], [[32.56135153020293, 46.57823431498701], [32.560571393860435, 46.57787134320992], [32.5613544330065, 46.577874348332706], [32.56135153020293, 46.57823431498701]], [[32.56787833426874, 46.57807916608272], [32.56761588931436, 46.57825816332532], [32.567617319997055, 46.578078179851985], [32.56787833426874, 46.57807916608272]], [[32.56579453058057, 46.577531309238026], [32.565529206318146, 46.57807026856786], [32.565272507452384, 46.57752932669014], [32.56579453058057, 46.577531309238026]], [[32.562659498528205, 46.5778793449607], [32.5629248502311, 46.57734039236302], [32.563181524834086, 46.57788133944339], [32.562659498528205, 46.5778793449607]], [[32.502628506084164, 46.57745410984082], [32.50315545560628, 46.57691643265562], [32.50341153274893, 46.57745751153887], [32.502628506084164, 46.57745410984082]], [[32.5579641894817, 46.57750132091254], [32.557182621232286, 46.5773183093565], [32.55770756861406, 46.57696036227664], [32.5579641894817, 46.57750132091254]], [[32.562141818606754, 46.57733739801537], [32.5613558843874, 46.57769436499698], [32.56135733575439, 46.57751438165551], [32.562141818606754, 46.57733739801537]], [[32.50863659148753, 46.57694010654273], [32.50837395822587, 46.57711896717591], [32.508375584860474, 46.576938985169434], [32.50863659148753, 46.57694010654273]], [[32.520641327002416, 46.57717102834408], [32.52090550557383, 46.57681215705404], [32.52116334344644, 46.57717321453472], [32.520641327002416, 46.57717102834408]], [[32.50550778521352, 46.57656664688695], [32.50498250013133, 46.576924353129186], [32.504985775804556, 46.57656438928192], [32.50550778521352, 46.57656664688695]], [[32.561100681026964, 46.57697343051598], [32.56083821924373, 46.57715241218578], [32.56083967229603, 46.57697242883968], [32.561100681026964, 46.57697343051598]], [[32.50942448091056, 46.57640352095194], [32.50889922302219, 46.576761245294335], [32.50890247275947, 46.5764012812247], [32.50942448091056, 46.57640352095194]], [[32.494548945595234, 46.576158773697436], [32.494023592831475, 46.576516429373555], [32.4937659386866, 46.57615531141242], [32.494548945595234, 46.576158773697436]], [[32.51386155270207, 46.57642246246723], [32.513598939037095, 46.576601335187235], [32.51360054835524, 46.5764213530241], [32.51386155270207, 46.57642246246723]], [[32.55772220198905, 46.57516052925482], [32.55718701665753, 46.57677835958228], [32.55693920228834, 46.57515749940513], [32.55772220198905, 46.57516052925482]], [[32.50524841745076, 46.5763855364429], [32.50446868503128, 46.57602218352358], [32.50577533073791, 46.575847846948356], [32.50524841745076, 46.5763855364429]], [[32.50290431758652, 46.57583540750653], [32.5026400253956, 46.576194236841275], [32.5026433164854, 46.57583427307551], [32.50290431758652, 46.57583540750653]], [[32.513342764340784, 46.576060278655945], [32.51308015073756, 46.5762391501965], [32.51308176175178, 46.57605916803578], [32.513342764340784, 46.576060278655945]], [[32.51569178833573, 46.57607024744205], [32.51542918236505, 46.576249124404], [32.51543078560805, 46.57606914218095], [32.51569178833573, 46.57607024744205]], [[32.56241151623591, 46.57625849637351], [32.562149062210416, 46.576437481099866], [32.562150510889474, 46.57625749769958], [32.56241151623591, 46.57625849637351]], [[32.57859526876759, 46.576139267415044], [32.57833147316952, 46.57649827323238], [32.57833426343947, 46.57613830566621], [32.57859526876759, 46.576139267415044]], [[32.5086479714487, 46.57568023228784], [32.508385344340546, 46.57585909301021], [32.50838697086596, 46.575679110963605], [32.5086479714487, 46.57568023228784]], [[32.50499560244728, 46.575484497602595], [32.50473296434914, 46.57566334990308], [32.5047346029471, 46.575483367949246], [32.50499560244728, 46.575484497602595]], [[32.52039460047352, 46.57555009322413], [32.52013201240604, 46.5757289810657], [32.52013360006087, 46.575548998701684], [32.52039460047352, 46.57555009322413]], [[32.50891059682998, 46.57550137095028], [32.509698462612626, 46.5749647832466], [32.511003448802505, 46.57497036888766], [32.50891059682998, 46.57550137095028]], [[32.50891384634911, 46.57514140680039], [32.50865447394068, 46.57496030401608], [32.5089154710853, 46.57496142471685], [32.50891384634911, 46.57514140680039]], [[32.50865447394068, 46.57496030401608], [32.50813573430427, 46.57459809668601], [32.5083967296909, 46.57459921856362], [32.50865447394068, 46.57496030401608]], [[32.5198741881665, 46.5753679212209], [32.51961159928126, 46.575546807870495], [32.519613188647746, 46.575366825514436], [32.5198741881665, 46.5753679212209]], [[32.56033074726242, 46.57535057344082], [32.56006829082747, 46.57552955341336], [32.56006974634474, 46.57534957003452], [32.56033074726242, 46.57535057344082]], [[32.58878265016633, 46.575096406892456], [32.58982936701983, 46.57474018671967], [32.589826652947046, 46.57510015489927], [32.58878265016633, 46.575096406892456]], [[32.592433963953106, 46.575469451508184], [32.5921743106794, 46.57528853721453], [32.592435312387344, 46.57528946737439], [32.592433963953106, 46.575469451508184]], [[32.464286965084135, 46.574581149599254], [32.46402419836518, 46.574759907919386], [32.46402597158898, 46.57457992708955], [32.464286965084135, 46.574581149599254]], [[32.4608958345431, 46.5743852297879], [32.46063305770248, 46.5745639802815], [32.460634842133025, 46.57438399954561], [32.4608958345431, 46.5743852297879]], [[32.50082952129915, 46.574386460491546], [32.50083282416058, 46.57402649671059], [32.501358108233916, 46.57366880933871], [32.50082952129915, 46.574386460491546]], [[32.50787799520366, 46.57423701006184], [32.50761537258424, 46.57441586907887], [32.50761700157502, 46.57423588700745], [32.50787799520366, 46.57423701006184]], [[32.497702578888465, 46.573832806120215], [32.49743826232473, 46.57419162346591], [32.49744158760192, 46.57383165985916], [32.497702578888465, 46.573832806120215]], [[32.50344274843606, 46.57403785519683], [32.503180112285, 46.574216703984774], [32.50318175593748, 46.57403672202753], [32.50344274843606, 46.57403785519683]], [[32.566081384623104, 46.574292596478045], [32.56581895214255, 46.57447158975902], [32.56582038858103, 46.574291606208746], [32.566081384623104, 46.574292596478045]], [[32.5859267128161, 46.57310622644794], [32.58566435106842, 46.57328526552275], [32.585665721795074, 46.57310528147265], [32.5859267128161, 46.57310622644794]], [[32.5867028494609, 46.57400897811259], [32.58644322227261, 46.57382805084914], [32.586704216786536, 46.573828994061785], [32.5867028494609, 46.57400897811259]], [[32.5867028494609, 46.57400897811259], [32.58722484025488, 46.57401086276339], [32.58774273940667, 46.574552697221215], [32.586959745386004, 46.574549872871465], [32.58670011477028, 46.57436894619705], [32.5867028494609, 46.57400897811259]], [[32.58852709486606, 46.57437553213721], [32.588264735485865, 46.57455457714386], [32.58826609767029, 46.57437459307492], [32.58852709486606, 46.57437553213721]], [[32.509447203150614, 46.57388377162646], [32.50918458737581, 46.574062634283486], [32.50918621115515, 46.57388265215853], [32.509447203150614, 46.57388377162646]], [[32.51701597775524, 46.57391597719536], [32.51675338657016, 46.57409485732053], [32.51675498531181, 46.573914874994195], [32.51701597775524, 46.57391597719536]], [[32.55877787984686, 46.57372469368705], [32.55929840803318, 46.573906689156985], [32.55877496041574, 46.57408466047919], [32.55877787984686, 46.57372469368705]], [[32.558254432299414, 46.573902662633294], [32.558512505025945, 46.57426363692545], [32.558251509386714, 46.57426262938881], [32.558254432299414, 46.573902662633294]], [[32.59061642730209, 46.574203039072614], [32.59087607021447, 46.574383956903354], [32.59061507290151, 46.574383023199964], [32.59061642730209, 46.574203039072614]], [[32.45855765113298, 46.5732942520068], [32.45803209105944, 46.57365174168305], [32.458035676998605, 46.573291780302284], [32.45855765113298, 46.5732942520068]], [[32.46508233358853, 46.573324947372654], [32.46481780503916, 46.57368368848267], [32.464821346085806, 46.57332372670258], [32.46508233358853, 46.573324947372654]], [[32.50344603396701, 46.573677891250945], [32.5031833995742, 46.57385674006453], [32.503185043195145, 46.5736767580958], [32.50344603396701, 46.573677891250945]], [[32.5154500233248, 46.57390935505724], [32.51493124816188, 46.5735471783414], [32.51519223877109, 46.5735482846966], [32.5154500233248, 46.57390935505724]], [[32.563213319022914, 46.57392170377379], [32.56268988393852, 46.574099693052474], [32.562691330710194, 46.57391970956532], [32.563213319022914, 46.57392170377379]], [[32.589314162645636, 46.573838393440006], [32.58957379947511, 46.574019314218404], [32.58931280395401, 46.57401837754955], [32.589314162645636, 46.573838393440006]], [[32.58905452754294, 46.57365747207216], [32.58957787292072, 46.57347936185503], [32.589576515118544, 46.573659345981866], [32.58905452754294, 46.57365747207216]], [[32.59166446594113, 46.573666817803925], [32.59270574674176, 46.574030507801346], [32.59166176411208, 46.574026786133864], [32.59166446594113, 46.573666817803925]], [[32.50631856674042, 46.57351033460189], [32.506055942550695, 46.57368919005534], [32.506057576659074, 46.573509208003195], [32.50631856674042, 46.57351033460189]], [[32.50579822154945, 46.57332809875823], [32.5055355965434, 46.573506953019596], [32.50553723236279, 46.57332697097579], [32.50579822154945, 46.57332809875823]], [[32.49849550757269, 46.57275635020127], [32.49822954153547, 46.57329515133852], [32.49823452141835, 46.57275520576934], [32.49849550757269, 46.57275635020127]], [[32.50658282155384, 46.57315149645552], [32.5063201999698, 46.573330352536956], [32.506321833183506, 46.57315037046629], [32.50658282155384, 46.57315149645552]], [[32.51075701906548, 46.57334941350011], [32.51101962623786, 46.57317054717794], [32.511018008564136, 46.5733505293747], [32.51075701906548, 46.57334941350011]], [[32.51101962623786, 46.57317054717794], [32.51128223168359, 46.5729916802407], [32.5112806148887, 46.573171662450164], [32.51101962623786, 46.57317054717794]], [[32.51649879160675, 46.57337382520492], [32.515981615741666, 46.57283167086403], [32.516242602959025, 46.572832774810024], [32.51649879160675, 46.57337382520492]], [[32.52198116282749, 46.573216875979284], [32.52171859127088, 46.57339576759764], [32.52172017354775, 46.57321578511814], [32.52198116282749, 46.573216875979284]], [[32.561651704843584, 46.57337576358245], [32.561389262306854, 46.57355474669528], [32.561390713353745, 46.57337476322217], [32.561651704843584, 46.57337576358245]], [[32.58670558409906, 46.57364901000525], [32.58722893701211, 46.57347091055846], [32.587227571439456, 46.57365089463249], [32.58670558409906, 46.57364901000525]], [[32.46483196881826, 46.57224384122454], [32.46430291556324, 46.572961321803774], [32.4643100042232, 46.57224139818986], [32.46483196881826, 46.57224384122454]], [[32.49797187447157, 46.572934042597005], [32.49744823796498, 46.57311173257685], [32.49744990051588, 46.572931750741944], [32.49797187447157, 46.572934042597005]], [[32.52119977902217, 46.573033619138066], [32.520937205799605, 46.57321250896232], [32.5209387906513, 46.57303252649757], [32.52119977902217, 46.573033619138066]], [[32.45752088151135, 46.572569383447686], [32.45725810247547, 46.57274812623558], [32.45725989795751, 46.57256814554255], [32.45752088151135, 46.572569383447686]], [[32.45804284867063, 46.57257185747185], [32.457780071326894, 46.57275060146594], [32.45778186508238, 46.572570620757446], [32.45804284867063, 46.57257185747185]], [[32.50658608620764, 46.57279153228292], [32.5060624788902, 46.572969261812325], [32.506064112935896, 46.572789279737236], [32.50658608620764, 46.57279153228292]], [[32.507108059542, 46.57279378244709], [32.50684544141124, 46.5729726397589], [32.506847072867, 46.5727926576627], [32.507108059542, 46.57279378244709]], [[32.56060919259079, 46.57319177510884], [32.56087163592126, 46.57301279377704], [32.5608701831755, 46.57319277724908], [32.56060919259079, 46.57319177510884]], [[32.560873088653096, 46.57283281029929], [32.55958417111431, 46.570847975418495], [32.55775877928755, 46.5706609441959], [32.559589998554024, 46.57012804132377], [32.5614081248311, 46.57121496109845], [32.56191704422441, 46.57283681285616], [32.560873088653096, 46.57283281029929]], [[32.49797519607234, 46.57257407888133], [32.49719057696022, 46.572750622087845], [32.49719224034254, 46.57257064024864], [32.49797519607234, 46.57257407888133]], [[32.55853003130101, 46.57210383597339], [32.55748023458846, 46.57281973619823], [32.55722656979468, 46.57191880929583], [32.55853003130101, 46.57210383597339]], [[32.560091577428764, 46.572649818665276], [32.559829133304675, 46.57282879821607], [32.55983058947592, 46.572648814757656], [32.560091577428764, 46.572649818665276]], [[32.58697340981181, 46.5727500322187], [32.58749675318856, 46.572571931487744], [32.58749538854474, 46.57275191559624], [32.58697340981181, 46.5727500322187]], [[32.58697614253973, 46.57239006401951], [32.586452799228496, 46.5725681623746], [32.586454167312574, 46.57238817828394], [32.58697614253973, 46.57239006401951]], [[32.46484082062843, 46.571343936501634], [32.464572757771485, 46.572062639079405], [32.464579842638614, 46.57134271532013], [32.46484082062843, 46.571343936501634]], [[32.52199223229756, 46.571956998414606], [32.52172808470449, 46.57231587263468], [32.521731249060984, 46.571955907601186], [32.52199223229756, 46.571956998414606]], [[32.556439214743186, 46.57245572639575], [32.55670166815363, 46.572276754642864], [32.55670020165053, 46.57245673803714], [32.556439214743186, 46.57245572639575]], [[32.55670166815363, 46.572276754642864], [32.55696411983746, 46.57209778227622], [32.55696265421172, 46.57227776568254], [32.55670166815363, 46.572276754642864]], [[32.522514198816204, 46.57195917825536], [32.52225163510521, 46.57213807116592], [32.522253215549306, 46.57195808863268], [32.522514198816204, 46.57195917825536]], [[32.583584682070544, 46.57219778013643], [32.58332231705397, 46.57237681385755], [32.58332369548482, 46.57219682983219], [32.583584682070544, 46.57219778013643]], [[32.51781650233761, 46.57193947395571], [32.51834324845747, 46.57140172552189], [32.51912937131966, 46.57104505437959], [32.51912618984997, 46.57140501933363], [32.51781650233761, 46.57193947395571]], [[32.51939352977006, 46.570686186121755], [32.518348028408276, 46.57086177814399], [32.518352808221564, 46.57032183071452], [32.51939352977006, 46.570686186121755]], [[32.58515334659768, 46.57184350130789], [32.584630002646506, 46.572021591338796], [32.58463137673438, 46.57184160727233], [32.58515334659768, 46.57184350130789]], [[32.58750357621139, 46.57167201085941], [32.58724122657662, 46.57185105363485], [32.58724259201831, 46.57167106950363], [32.58750357621139, 46.57167201085941]], [[32.59324119495923, 46.57223252283542], [32.59350487152464, 46.57187348198926], [32.593502182041114, 46.5722334505149], [32.59324119495923, 46.57223252283542]], [[32.55618410068439, 46.57173478059813], [32.55592164820762, 46.57191375118376], [32.55592311725841, 46.571733767791294], [32.55618410068439, 46.57173478059813]], [[32.55618410068439, 46.57173478059813], [32.55644655143459, 46.57155580939874], [32.55644508412445, 46.5717357928096], [32.55618410068439, 46.57173478059813]], [[32.46667472400482, 46.570632544007665], [32.46588473275737, 46.57134881527423], [32.4656290578132, 46.57080765350283], [32.46667472400482, 46.570632544007665]], [[32.55696851663035, 46.571557832022904], [32.55670606757858, 46.57173680442568], [32.556707534025435, 46.571556821008514], [32.55696851663035, 46.571557832022904]], [[32.58149955866377, 46.5718301930471], [32.582022910917516, 46.571652117359], [32.58202152820983, 46.57183210137177], [32.58149955866377, 46.5718301930471]], [[32.58150094309806, 46.57165020904626], [32.58124134449254, 46.571469269996214], [32.58150232751907, 46.57147022503969], [32.58150094309806, 46.57165020904626]], [[32.58880713711101, 46.57185669287407], [32.58828789084453, 46.57149484719401], [32.58854887422661, 46.5714957861624], [32.58880713711101, 46.57185669287407]], [[32.588029633113756, 46.57113393930392], [32.5882892528069, 46.571314863027844], [32.58802827030117, 46.571313923469944], [32.588029633113756, 46.57113393930392]], [[32.58437726638065, 46.570940738972986], [32.585418445964024, 46.571304495145625], [32.584110782725084, 46.57165972679493], [32.58437726638065, 46.570940738972986]], [[32.465369850895904, 46.57062645313594], [32.465105337514025, 46.57098519514319], [32.46510887632496, 46.57062523317562], [32.465369850895904, 46.57062645313594]], [[32.55723242864776, 46.57119887556515], [32.55696998219986, 46.571377848593684], [32.55697144775533, 46.57119786515875], [32.55723242864776, 46.57119887556515]], [[32.57994615639142, 46.570204597893245], [32.580205744664426, 46.5703855398884], [32.57994476688395, 46.570384581903994], [32.57994615639142, 46.570204597893245]], [[32.58099006414024, 46.57020842623483], [32.58073047408756, 46.57002748600804], [32.58099145018149, 46.57002844219444], [32.58099006414024, 46.57020842623483]], [[32.50869185842944, 46.570820714673474], [32.508429255052334, 46.570999575739826], [32.50843088115666, 46.57081959353845], [32.50869185842944, 46.570820714673474]], [[32.561679255688404, 46.56995607638716], [32.56166910596117, 46.571215961383714], [32.56063535542222, 46.56995207184916], [32.561679255688404, 46.56995607638716]], [[32.583333344130686, 46.57093694149448], [32.583070984399626, 46.5711159746959], [32.58307236360122, 46.570935990636436], [32.583333344130686, 46.57093694149448]], [[32.52200488221067, 46.57051713799689], [32.52252999379119, 46.570159352539676], [32.52252683491736, 46.57051931772865], [32.52200488221067, 46.57051713799689]], [[32.58255316439849, 46.570574119022], [32.58307650112665, 46.57039603842372], [32.58307512196473, 46.570576022500354], [32.58255316439849, 46.570574119022]], [[32.587511763406965, 46.57059210591666], [32.58724941903039, 46.57077114876172], [32.587250784393525, 46.57059116459618], [32.587511763406965, 46.57059210591666]], [[32.65929498433588, 46.56866854684041], [32.658526751838714, 46.566326397798065], [32.661922596295796, 46.56579651644801], [32.66034448963435, 46.56777172226835], [32.662692083438166, 46.56795865746823], [32.66217685056175, 46.56687720244053], [32.66374485570119, 46.566521843850346], [32.66321513469569, 46.567780209421095], [32.66503415378728, 46.56904547366994], [32.66476430866973, 46.570484595512205], [32.66110833637965, 46.57083380155805], [32.66006778040859, 46.57029074725376], [32.66059984420299, 46.56867242559423], [32.65929498433588, 46.56866854684041]], [[32.66503193777395, 46.56940544528658], [32.6652918062549, 46.569586194954354], [32.665030829751345, 46.569585431086324], [32.66503193777395, 46.56940544528658]], [[32.50791543782493, 46.57009742067562], [32.507652835420245, 46.57027627998592], [32.507654464051775, 46.57009629778266], [32.50791543782493, 46.57009742067562]], [[32.511306481746445, 46.570291946410826], [32.50922030692465, 46.570103026210624], [32.510795859671425, 46.56902983936304], [32.511306481746445, 46.570291946410826]], [[32.52383329207743, 46.57034477401402], [32.5235738924806, 46.57016370480474], [32.52383644228899, 46.5699848087456], [32.52383329207743, 46.57034477401402]], [[32.558022681710966, 46.57030198582543], [32.558807071078654, 46.57012502450637], [32.55880561165003, 46.57030500801978], [32.558022681710966, 46.57030198582543]], [[32.579685179487505, 46.570203639319494], [32.579422811362996, 46.57038266414915], [32.579424202596925, 46.57020268015039], [32.579685179487505, 46.570203639319494]], [[32.47738334324241, 46.569782020971644], [32.477131020001984, 46.56888092153645], [32.47739198671291, 46.56888211403718], [32.47738334324241, 46.569782020971644]], [[32.47686486209632, 46.56941967257358], [32.47660216152909, 46.569598460218664], [32.476603892829196, 46.56941847885989], [32.47686486209632, 46.56941967257358]], [[32.47686659251669, 46.569239691201595], [32.476609086629914, 46.56887853474912], [32.47687005330766, 46.56887972844043], [32.47686659251669, 46.569239691201595]], [[32.48051499685224, 46.56979628499331], [32.48103865599472, 46.56961867251652], [32.48103693935162, 46.56979865399588], [32.48051499685224, 46.56979628499331]], [[32.48155888191685, 46.56980102061722], [32.480520151911044, 46.569256340582406], [32.4813030579165, 46.5692598931267], [32.48155888191685, 46.56980102061722]], [[32.514180420080486, 46.56994420912579], [32.51392105468224, 46.569763118145445], [32.514182027101356, 46.56976422673672], [32.514180420080486, 46.56994420912579]], [[32.51392105468224, 46.569763118145445], [32.513661691010356, 46.56958202657791], [32.51392266255088, 46.569583135757576], [32.51392105468224, 46.569763118145445]], [[32.58256006870806, 46.56967419864115], [32.58229771256229, 46.56985323012038], [32.582299094260925, 46.56967324603872], [32.58256006870806, 46.56967419864115]], [[32.58308339673785, 46.5694961179548], [32.58256421113491, 46.56913424634401], [32.58308615488976, 46.56913614972719], [32.58308339673785, 46.5694961179548]], [[32.58673292759618, 46.57004932767356], [32.586470583298215, 46.57022836874974], [32.58647195121175, 46.570048384584695], [32.58673292759618, 46.57004932767356]], [[32.590908551524336, 46.57006433612845], [32.59064622082926, 46.570243386824], [32.590647574931154, 46.570063402565104], [32.590908551524336, 46.57006433612845]], [[32.5953464941381, 46.569900131248424], [32.59508417877452, 46.57007919217502], [32.59482454225206, 46.56989828377968], [32.5953464941381, 46.569900131248424]], [[32.504270005454146, 46.56918173535486], [32.50375791566747, 46.56809957949749], [32.50506601017657, 46.56774526786077], [32.505834186616184, 46.56936849218922], [32.504270005454146, 46.56918173535486]], [[32.52384589256116, 46.568904912802815], [32.52436468336469, 46.56926704944202], [32.52409899037099, 46.56980591207182], [32.52357704438833, 46.569803739538436], [32.52384589256116, 46.568904912802815]], [[32.525146024006574, 46.56945028462412], [32.525403855591655, 46.569811332987115], [32.52514288251738, 46.56981024999471], [32.525146024006574, 46.56945028462412]], [[32.579166009873965, 46.56984175238326], [32.578645453395936, 46.56965984709442], [32.57916740193107, 46.56966176837334], [32.579166009873965, 46.56984175238326]], [[32.57969491170911, 46.568943751126056], [32.57995310372891, 46.56930467775373], [32.57943115856648, 46.5693027600708], [32.57969491170911, 46.568943751126056]], [[32.50975360632012, 46.56884538828168], [32.509491015999714, 46.569024251897375], [32.50949263847999, 46.56884426960493], [32.50975360632012, 46.56884538828168]], [[32.5867397626511, 46.569149406733146], [32.58647742273472, 46.56932844786739], [32.586478790582674, 46.56914846367376], [32.5867397626511, 46.569149406733146]], [[32.47530598903962, 46.568692576018776], [32.475046759720435, 46.568511397420544], [32.47530772457223, 46.568512594668654], [32.47530598903962, 46.568692576018776]], [[32.475046759720435, 46.568511397420544], [32.47478753212743, 46.568330218236284], [32.47504849609949, 46.568331416072176], [32.475046759720435, 46.568511397420544]], [[32.5089723270374, 46.56866204818134], [32.508709735053, 46.56884091000287], [32.50871136010709, 46.56866092772569], [32.5089723270374, 46.56866204818134]], [[32.58178406233268, 46.56877141861334], [32.58152032378417, 46.569130432433745], [32.58152309224123, 46.56877046425471], [32.58178406233268, 46.56877141861334]], [[32.47322174864518, 46.56832301871999], [32.47295904150611, 46.56850179800551], [32.472960784789905, 46.56832181671712], [32.47322174864518, 46.56832301871999]], [[32.49879462837817, 46.56861790929727], [32.499057251684235, 46.568439070352916], [32.499055594710505, 46.56861905237412], [32.49879462837817, 46.56861790929727]], [[32.499057251684235, 46.568439070352916], [32.499321529342936, 46.56808024875345], [32.49931821716935, 46.56844021282733], [32.499057251684235, 46.568439070352916]], [[32.510799095985114, 46.568669874702586], [32.51053974794266, 46.56848877608216], [32.51080071411868, 46.568489892363765], [32.510799095985114, 46.568669874702586]], [[32.51054136692382, 46.56830879374458], [32.510019436344564, 46.568306559409464], [32.509500750648, 46.56794435805673], [32.51054136692382, 46.56830879374458]], [[32.509499128245515, 46.568124340377835], [32.50897557537262, 46.56830208359579], [32.50897719951686, 46.568122101294406], [32.509499128245515, 46.568124340377835]], [[32.50897557537262, 46.56830208359579], [32.508452019094015, 46.56847982439884], [32.50845364498005, 46.5682998421172], [32.50897557537262, 46.56830208359579]], [[32.50897719951686, 46.568122101294406], [32.50871786016766, 46.56794099855965], [32.508978823645535, 46.567942118987304], [32.50897719951686, 46.568122101294406]], [[32.50871948514384, 46.56776101625381], [32.50610985985426, 46.56774977930718], [32.506113127021294, 46.56738981481876], [32.50871948514384, 46.56776101625381]], [[32.58465473421238, 46.56878187726727], [32.58152724482725, 46.56823051194328], [32.58127043239446, 46.56768960466221], [32.584402012061, 46.567701024390324], [32.58465473421238, 46.56878187726727]], [[32.57633312129489, 46.564971587326056], [32.57788068232584, 46.56731716845207], [32.57709499581646, 46.56767424501228], [32.57760854246684, 46.56875607743753], [32.57631070043481, 46.5678513321187], [32.57633312129489, 46.564971587326056]], [[32.57787370119656, 46.5682170886661], [32.57761413101028, 46.56803614137046], [32.577875097449194, 46.56803710463474], [32.57787370119656, 46.5682170886661]], [[32.57969769222387, 46.568583783019285], [32.579435331988115, 46.56876280795439], [32.579436723101985, 46.56858282390414], [32.57969769222387, 46.568583783019285]], [[32.4727015650815, 46.56814063283238], [32.47296427130734, 46.567961854123155], [32.472962528056975, 46.568141835423006], [32.4727015650815, 46.56814063283238]], [[32.47296427130734, 46.567961854123155], [32.47322697580704, 46.56778307479789], [32.47322523343646, 46.56796305611098], [32.47296427130734, 46.567961854123155]], [[32.5079333422465, 46.568117615984136], [32.507409784382084, 46.568295352016584], [32.50741141370493, 46.56811536975728], [32.5079333422465, 46.568117615984136]], [[32.51080556842629, 46.56794994531288], [32.51054298588945, 46.568128811401266], [32.51054460483957, 46.56794882905221], [32.51080556842629, 46.56794994531288]], [[32.579179929844436, 46.5680419120266], [32.579699082461254, 46.568403798957334], [32.57943811420252, 46.56840283984817], [32.579179929844436, 46.5680419120266]], [[32.579701862896016, 46.56804383081624], [32.57996421877608, 46.56786480523301], [32.57996282944181, 46.568044789318115], [32.579701862896016, 46.56804383081624]], [[32.58596780260696, 46.56770670210846], [32.58570546715071, 46.567885741532024], [32.58570683748309, 46.56770575731035], [32.58596780260696, 46.56770670210846]], [[32.58570683748309, 46.56770575731035], [32.585447243554704, 46.56752482769543], [32.58570820780233, 46.56752577308294], [32.58570683748309, 46.56770575731035]], [[32.51133072832144, 46.567592211291235], [32.51106814923694, 46.56777107860954], [32.511069766429856, 46.567591096235084], [32.51133072832144, 46.567592211291235]], [[32.57161899126434, 46.56711390247442], [32.57214516034367, 46.56657590391606], [32.572139499730675, 46.56729583965707], [32.57161899126434, 46.56711390247442]], [[32.581010853363566, 46.56750866502831], [32.580748502635586, 46.56768769304008], [32.58074988935388, 46.56750770892557], [32.581010853363566, 46.56750866502831]], [[32.50585706952672, 46.56684874110966], [32.50611966116741, 46.56666988577313], [32.506118027654374, 46.56684986804313], [32.50585706952672, 46.56684874110966]], [[32.50611966116741, 46.56666988577313], [32.50638225108204, 46.56649102982151], [32.50638061844769, 46.566671012104294], [32.50611966116741, 46.56666988577313]], [[32.5058619726079, 46.56630879430356], [32.50533842550701, 46.56648652095348], [32.50534006157777, 46.56630653869315], [32.5058619726079, 46.56630879430356]], [[32.57162324188214, 46.56657395069669], [32.571360864949675, 46.56675295711965], [32.57136228267176, 46.56657297319412], [32.57162324188214, 46.56657395069669]], [[32.50664483927062, 46.56631217325484], [32.50690742573319, 46.566133316073135], [32.506905794856166, 46.566313298381445], [32.50664483927062, 46.56631217325484]], [[32.50690742573319, 46.566133316073135], [32.50717164045249, 46.56577447594957], [32.507168380471356, 46.56613444059746], [32.50690742573319, 46.566133316073135]], [[32.57162749237767, 46.56603399886748], [32.57110274204649, 46.56639201117116], [32.57110557914875, 46.56603204330372], [32.57162749237767, 46.56603399886748]], [[32.5818048111218, 46.56607165645176], [32.58232948827913, 46.565713594794985], [32.58232672545151, 46.566073563204284], [32.5818048111218, 46.56607165645176]], [[32.58206853283371, 46.565712641728275], [32.58180896052151, 46.565531703864984], [32.582069915090656, 46.56553265752101], [32.58206853283371, 46.565712641728275]], [[32.57110983470012, 46.56549209145969], [32.57084604194844, 46.565851080692795], [32.57084888069511, 46.56549111280327], [32.57110983470012, 46.56549209145969]], [[32.504309355322384, 46.56486216226617], [32.504826339358736, 46.565404369384616], [32.50430443708407, 46.565402109082854], [32.504309355322384, 46.56486216226617]], [[32.5090031837069, 46.56524238369274], [32.50847965703648, 46.56542012483139], [32.50848128265751, 46.5652401424523], [32.5090031837069, 46.56524238369274]], [[32.57893985373775, 46.565341190221176], [32.578677506728496, 46.56552021356341], [32.57867890019129, 46.56534022942818], [32.57893985373775, 46.565341190221176]], [[32.579983668057004, 46.565345027440706], [32.57972132444642, 46.565524053187914], [32.57972271445719, 46.5653440690287], [32.579983668057004, 46.565345027440706]], [[32.58102748258939, 46.56534885513632], [32.5807651423776, 46.565527883288446], [32.580766528936344, 46.56534789910529], [32.58102748258939, 46.56534885513632]], [[32.580766528936344, 46.56534789910529], [32.580506962705044, 46.56516695829611], [32.580767915481786, 46.565167914916415], [32.580766528936344, 46.56534789910529]], [[32.57137220634565, 46.56531308555528], [32.57111267166636, 46.56513212353503], [32.57137362395897, 46.56513310158399], [32.57137220634565, 46.56531308555528]], [[32.659837180796885, 46.56543035607751], [32.660362463588854, 46.564891949258566], [32.660359093682445, 46.56543190680924], [32.659837180796885, 46.56543035607751]], [[32.57737972363692, 46.564615480056766], [32.576855024708145, 46.564973519007054], [32.57685782362189, 46.564613550780834], [32.57737972363692, 46.564615480056766]], [[32.57607497370001, 46.564610652402706], [32.57581262085087, 46.56478966917802], [32.575814023752926, 46.56460968508622], [32.57607497370001, 46.564610652402706]], [[32.575815426641526, 46.56442970098868], [32.57634012710825, 46.56407166677797], [32.576338725972455, 46.56425165089903], [32.575815426641526, 46.56442970098868]], [[32.650709488458595, 46.564502904468696], [32.650447380666044, 46.56468209308136], [32.650448536729854, 46.56450210740068], [32.650709488458595, 46.564502904468696]], [[32.51293033060627, 46.563819256916915], [32.51266777505469, 46.56399812811487], [32.51266938674456, 46.563818145578274], [32.51293033060627, 46.563819256916915]], [[32.48814242667548, 46.56353104032985], [32.488667691783355, 46.56317341050161], [32.48866430971176, 46.563533374293634], [32.48814242667548, 46.56353104032985]], [[32.488667691783355, 46.56317341050161], [32.48893032174871, 46.56299459466424], [32.48892863160009, 46.563174576576145], [32.488667691783355, 46.56317341050161]], [[32.568255048454105, 46.56350147037411], [32.56799124666025, 46.56386045311808], [32.56799410409181, 46.56350048523772], [32.568255048454105, 46.56350147037411]], [[32.57660527523136, 46.56353268047028], [32.575819635226615, 46.563889748661765], [32.575826649266084, 46.56298982800247], [32.57660527523136, 46.56353268047028]], [[32.65097621172146, 46.56360377240267], [32.65123600573797, 46.563784553979495], [32.65071179882699, 46.56414293308027], [32.65097621172146, 46.56360377240267]], [[32.65149810660457, 46.56360536351277], [32.65176020574527, 46.56342617243517], [32.65175905406271, 46.56360615817498], [32.65149810660457, 46.56360536351277]], [[32.48423342306642, 46.562973514392134], [32.48397077786284, 46.56315231938458], [32.48397248440566, 46.56297233761177], [32.48423342306642, 46.562973514392134]], [[32.48814919765669, 46.56281111278118], [32.48762562714155, 46.56298875837622], [32.48762732158819, 46.56280877649506], [32.48814919765669, 46.56281111278118]], [[32.485282284460695, 46.56243827009885], [32.48501964528065, 46.5626170775406], [32.48502134832308, 46.562437095721194], [32.485282284460695, 46.56243827009885]], [[32.48658696539346, 46.56244413305973], [32.486324330446024, 46.56262294351395], [32.486326029174315, 46.56244296165787], [32.48658696539346, 46.56244413305973]], [[32.4876290160186, 46.56262879460816], [32.48789334026829, 46.56226999923587], [32.487889953181885, 46.5626299630415], [32.4876290160186, 46.56262879460816]], [[32.4884169029855, 46.56209235236187], [32.48763579357773, 46.56190886700318], [32.48842028652328, 46.56173238849265], [32.4884169029855, 46.56209235236187]], [[32.48894215233532, 46.56173472112028], [32.48868629201787, 46.561193609235296], [32.48972832601994, 46.56137825163311], [32.48894215233532, 46.56173472112028]], [[32.488937082181145, 46.56227466695925], [32.48867276476915, 46.56263346477054], [32.4886761466786, 46.562273500921144], [32.488937082181145, 46.56227466695925]], [[32.55599948849091, 46.562374623494314], [32.556256024628176, 46.562915587044294], [32.55599508349328, 46.56291457454758], [32.55599948849091, 46.562374623494314]], [[32.48606679254628, 46.56226180780638], [32.485804156784894, 46.56244061706868], [32.485805857222545, 46.56226063522153], [32.48606679254628, 46.56226180780638]], [[32.57609179712042, 46.5624508427822], [32.57634993468271, 46.56281177777036], [32.57608899335145, 46.5628108111095], [32.57609179712042, 46.5624508427822]], [[32.48711392620243, 46.56190652840945], [32.486851295585346, 46.56208534010779], [32.48685299253917, 46.56190535821986], [32.48711392620243, 46.56190652840945]], [[32.613929452794984, 46.56240480808065], [32.614192945131364, 46.56204571837443], [32.61445133401542, 46.56240656816692], [32.613929452794984, 46.56240480808065]], [[32.680734847163755, 46.56189080281877], [32.68021085209703, 46.56224931774542], [32.68021190963636, 46.562069331440895], [32.680734847163755, 46.56189080281877]], [[32.509557524935396, 46.56164497320664], [32.50929496890852, 46.56182383672912], [32.50929659162942, 46.56164385421436], [32.509557524935396, 46.56164497320664]], [[32.487381640632286, 46.56118777033635], [32.48685808330302, 46.56136541252169], [32.486859780191764, 46.56118543061081], [32.487381640632286, 46.56118777033635]], [[32.61471737115667, 46.56168750715652], [32.61419422097915, 46.56186573334237], [32.61419549681471, 46.561685748304605], [32.61471737115667, 46.56168750715652]], [[32.56670944337247, 46.56097577525593], [32.56644707747848, 46.561154770620966], [32.56644851117244, 46.56097478663482], [32.56670944337247, 46.56097577525593]], [[32.577146742550546, 46.56101483207498], [32.57688441062563, 46.561193851490394], [32.57688580980745, 46.56101386726], [32.577146742550546, 46.56101483207498]], [[32.575844884195035, 46.5606500336189], [32.57558114629335, 46.5610090342578], [32.57558395324469, 46.56064906584025], [32.575844884195035, 46.5606500336189]], [[32.57689000727242, 46.560473914534484], [32.57663327706362, 46.55993299638355], [32.57741745712533, 46.55975590643743], [32.57689000727242, 46.560473914534484]], [[32.57636534525551, 46.560831951620536], [32.576627677126744, 46.56065293338397], [32.57662627710897, 46.560832917619784], [32.57636534525551, 46.560831951620536]], [[32.62385515551266, 46.56099796067531], [32.62333453280367, 46.560816258272226], [32.6238563993629, 46.56081797540801], [32.62385515551266, 46.56099796067531]], [[32.62333453280367, 46.560816258272226], [32.6230748459687, 46.56063541355469], [32.6233357783676, 46.56063627300996], [32.62333453280367, 46.560816258272226]], [[32.511661140647384, 46.5598540776286], [32.51139698450223, 46.56021292871726], [32.51140021584482, 46.55985296346717], [32.511661140647384, 46.5598540776286]], [[32.48869981822902, 46.55975375333295], [32.488437203238966, 46.55993256880234], [32.48843889482133, 46.55975258680176], [32.48869981822902, 46.55975375333295]], [[32.622555477475586, 46.56027372234926], [32.62229329784694, 46.56045284637148], [32.62229454683816, 46.560272861119294], [32.622555477475586, 46.56027372234926]], [[32.62203486605473, 46.56009201404164], [32.62177268559924, 46.56027113687391], [32.621773936304045, 46.56009115162678], [32.62203486605473, 46.56009201404164]], [[32.622297044784666, 46.55991289059774], [32.622561717938204, 46.559373795975624], [32.62255797369653, 46.55991375181694], [32.622297044784666, 46.55991289059774]], [[32.622561717938204, 46.559373795975624], [32.62282389146765, 46.5591946712863], [32.62282264427377, 46.55937465658354], [32.622561717938204, 46.559373795975624]], [[32.62308107792315, 46.55973548718445], [32.62281890262037, 46.559914612441], [32.62282014985013, 46.55973462716089], [32.62308107792315, 46.55973548718445]], [[32.50125549458711, 46.55638938117783], [32.49888081481836, 46.55925883696281], [32.49864973265703, 46.55601801129324], [32.49708928571758, 46.555471192652796], [32.50125549458711, 46.55638938117783]], [[32.49891395200886, 46.5556591896285], [32.49943741541154, 46.55548149171745], [32.49943576044384, 46.55566147415866], [32.49891395200886, 46.5556591896285]], [[32.565677204418016, 46.55953194525384], [32.56620048937807, 46.559353941341335], [32.566199054945095, 46.559533925372804], [32.565677204418016, 46.55953194525384]], [[32.577679780342095, 46.559576885725704], [32.57638075420303, 46.55885212477841], [32.57768257327448, 46.55921691712005], [32.577679780342095, 46.559576885725704]], [[32.45661534717031, 46.558705899437214], [32.45635263252541, 46.55888464085156], [32.45635443013285, 46.55870465974735], [32.45661534717031, 46.558705899437214]], [[32.54689212091485, 46.559279092008275], [32.54715603907615, 46.55892015804996], [32.54741396769193, 46.55928115781144], [32.54689212091485, 46.559279092008275]], [[32.57691518952689, 46.55723419710004], [32.57404512952719, 46.55722354625307], [32.575344085667986, 46.55794833369614], [32.57455007764087, 46.55938529930216], [32.573787033525505, 46.55686260585082], [32.57744679864137, 46.55597623518327], [32.57691518952689, 46.55723419710004]], [[32.576115626986024, 46.55939111107613], [32.57585610456009, 46.55921015967147], [32.57611843024427, 46.55903114253141], [32.576115626986024, 46.55939111107613]], [[32.67683464094385, 46.55953999034881], [32.67709770505941, 46.559180754492075], [32.677095569588644, 46.5595407271681], [32.67683464094385, 46.55953999034881]], [[32.678661141672144, 46.55954513558581], [32.678923132089544, 46.55936588187179], [32.67892207038844, 46.55954586823909], [32.678661141672144, 46.55954513558581]], [[32.678665391866524, 46.558825190100706], [32.67814034855956, 46.55936368214027], [32.67814354136658, 46.55882372304538], [32.678665391866524, 46.558825190100706]], [[32.67762062492316, 46.559002239971036], [32.677880485878596, 46.55918296135148], [32.67761955892865, 46.55918222632682], [32.67762062492316, 46.559002239971036]], [[32.48870996220655, 46.55867386116527], [32.48897594963641, 46.558135080874486], [32.48923179871844, 46.55867619235491], [32.48870996220655, 46.55867386116527]], [[32.526546404193276, 46.55847673669071], [32.52706511420403, 46.55883886144107], [32.52654327316772, 46.55883670282791], [32.526546404193276, 46.55847673669071]], [[32.52732916059422, 46.558479973677315], [32.52759164146415, 46.55830106837851], [32.52759007942452, 46.558481051482666], [32.52732916059422, 46.558479973677315]], [[32.565422027177064, 46.55881101821571], [32.56515966755629, 46.55899001071709], [32.5651611053988, 46.558810026693216], [32.565422027177064, 46.55881101821571]], [[32.566204792594476, 46.558813989212574], [32.56568151285198, 46.558991993179376], [32.5656829489691, 46.558812009143104], [32.566204792594476, 46.558813989212574]], [[32.54637777397771, 46.55837710598501], [32.5461153541625, 46.55855605460578], [32.546116854952906, 46.55837607103287], [32.54637777397771, 46.55837710598501]], [[32.585519897407835, 46.55798565577067], [32.5842098057566, 46.5587008594182], [32.58500080480062, 46.55762379479375], [32.58291347117071, 46.5576162033485], [32.58396539141529, 46.55654009670816], [32.58213210293812, 46.55743336227291], [32.5810898251478, 46.557249560704484], [32.57979636595913, 46.555804900403466], [32.58161580487867, 46.55671151703382], [32.58422767763033, 46.556361060759144], [32.585519897407835, 46.55798565577067]], [[32.57979636595913, 46.555804900403466], [32.579536848254, 46.555623957251655], [32.579797755250404, 46.55562491593532], [32.57979636595913, 46.555804900403466]], [[32.51246003642437, 46.55805758966951], [32.51219750728143, 46.55823646006906], [32.51219912020216, 46.558056477362946], [32.51246003642437, 46.55805758966951]], [[32.56621053002381, 46.55809405296078], [32.56594674124245, 46.55845303137332], [32.56594961165496, 46.55809306324835], [32.56621053002381, 46.55809405296078]], [[32.58734496283875, 46.55817224336047], [32.58786407630742, 46.55853409373283], [32.587342233905495, 46.55853221247518], [32.58734496283875, 46.55817224336047]], [[32.58734496283875, 46.55817224336047], [32.58708540869245, 46.5579913172907], [32.58734632728575, 46.55799225879454], [32.58734496283875, 46.55817224336047]], [[32.586301285093434, 46.55816847375098], [32.58682722241763, 46.55763040606628], [32.58682312393989, 46.55817035974592], [32.586301285093434, 46.55816847375098]], [[32.52759632749319, 46.55776111903164], [32.527332286383825, 46.55812000747673], [32.52733541211349, 46.557760041253225], [32.52759632749319, 46.55776111903164]], [[32.56569012934814, 46.55791208887593], [32.56542633803385, 46.55827106609115], [32.565429211869485, 46.5579110979795], [32.56569012934814, 46.55791208887593]], [[32.545599524407294, 46.557834048629076], [32.54533710467847, 46.55801299548176], [32.54533860801365, 46.5578330119111], [32.545599524407294, 46.557834048629076]], [[32.54507919581782, 46.55765199102812], [32.5448167752696, 46.557830936689896], [32.54481828031564, 46.55765095312647], [32.54507919581782, 46.55765199102812]], [[32.58212795791634, 46.557973315649846], [32.58265255452639, 46.55761525173996], [32.58264979461592, 46.55797522067601], [32.58212795791634, 46.557973315649846]], [[32.67632455673746, 46.55755866507613], [32.67736503297909, 46.55810157251429], [32.67579950261416, 46.55809714646356], [32.67632455673746, 46.55755866507613]], [[32.6797154472693, 46.55774819856109], [32.67919466777716, 46.55756674989271], [32.67971650628055, 46.557568212122995], [32.6797154472693, 46.55774819856109]], [[32.49603067673582, 46.557086440746936], [32.495771432987794, 46.5569053086915], [32.496032343044, 46.55690645844468], [32.49603067673582, 46.557086440746936]], [[32.495771432987794, 46.5569053086915], [32.49551219096491, 46.55672417604965], [32.495773100142564, 46.5567253263907], [32.495771432987794, 46.5569053086915]], [[32.526035536861244, 46.557214694158], [32.52577776009039, 46.5568536466296], [32.526038671067035, 46.55685472794467], [32.526035536861244, 46.557214694158]], [[32.52577776009039, 46.5568536466296], [32.525518417934315, 46.55667258161772], [32.52577932803333, 46.55667366352109], [32.52577776009039, 46.5568536466296]], [[32.5015147542428, 46.55657050088312], [32.50203986444702, 46.55621280861066], [32.502038218041335, 46.5563927911001], [32.5015147542428, 46.55657050088312]], [[32.530999083836036, 46.55651519337859], [32.53073662276156, 46.556694106624974], [32.53073817430051, 46.556514123382975], [32.530999083836036, 46.55651519337859]], [[32.539609106799475, 46.55655016940951], [32.539346673703925, 46.55672910251133], [32.539348196777695, 46.55654911905063], [32.539609106799475, 46.55655016940951]], [[32.673458765698804, 46.55683056288521], [32.672935853189635, 46.55700905846818], [32.672936934589266, 46.55682907212722], [32.673458765698804, 46.55683056288521]], [[32.578486252247856, 46.55652003870015], [32.57900946670536, 46.55634197586554], [32.579008074773036, 46.55652196029283], [32.578486252247856, 46.55652003870015]], [[32.502304062473065, 46.55585397904398], [32.50178060472815, 46.55603169008398], [32.50178225196479, 46.55585170759018], [32.502304062473065, 46.55585397904398]], [[32.675025333763685, 46.556655034493225], [32.675288395753334, 46.55629580261035], [32.675286248533276, 46.55665577540442], [32.675025333763685, 46.556655034493225]], [[32.675288395753334, 46.55629580261035], [32.67555038153991, 46.55611655650699], [32.675549308807945, 46.55629654291722], [32.675288395753334, 46.55629580261035]], [[32.50152134673434, 46.55585057097074], [32.50126538830998, 46.555309486283086], [32.501785546390714, 46.55549174258538], [32.50152134673434, 46.55585057097074]], [[32.526569884971394, 46.55577698993111], [32.5263074129974, 46.555955892997325], [32.5263089791401, 46.55577590984665], [32.526569884971394, 46.55577698993111]], [[32.5816213380777, 46.555991579073954], [32.58135904512067, 46.55617060903626], [32.581360429263114, 46.55599062454367], [32.5816213380777, 46.555991579073954]], [[32.50179048791115, 46.554951795035166], [32.50256825700166, 46.55549514883095], [32.50204480356937, 46.55567286110796], [32.50179048791115, 46.554951795035166]], [[32.50361515365799, 46.55513971703442], [32.503349325724564, 46.555678532269134], [32.50309334989219, 46.55513745158755], [32.50361515365799, 46.55513971703442]], [[32.66041636891028, 46.5562526214587], [32.66067840326611, 46.55607340954429], [32.66067728136498, 46.556253395684855], [32.66041636891028, 46.5562526214587]], [[32.66067840326611, 46.55607340954429], [32.66094043589671, 46.55589419701942], [32.66093931486895, 46.55607418317053], [32.66067840326611, 46.55607340954429]], [[32.66094043589671, 46.55589419701942], [32.661202466802116, 46.555714983884116], [32.661201346647694, 46.555894970045756], [32.66094043589671, 46.55589419701942]], [[32.6752916165062, 46.55575584337642], [32.67451103746031, 46.55539364610371], [32.67555467236492, 46.555396610809], [32.6752916165062, 46.55575584337642]], [[32.67425120575338, 46.55521291702414], [32.674774096697256, 46.55503441531716], [32.674773021439286, 46.55521440174774], [32.67425120575338, 46.55521291702414]], [[32.676077560834344, 46.555218103143275], [32.67581772474245, 46.55503737760518], [32.676078631779454, 46.55503811668955], [32.676077560834344, 46.555218103143275]], [[32.48509796833477, 46.554337907909975], [32.483793481984904, 46.55433202874792], [32.48379518858862, 46.554152046701354], [32.48509796833477, 46.554337907909975]], [[32.50179707638399, 46.55423186488794], [32.50153453095898, 46.55441071087073], [32.501536178915956, 46.55423072833243], [32.50179707638399, 46.55423186488794]], [[32.66120806741314, 46.554815052990214], [32.660946040874336, 46.55499426617823], [32.66094716183762, 46.55481427999285], [32.66120806741314, 46.554815052990214]], [[32.478578988374856, 46.5539483995484], [32.478316368509276, 46.554127191942996], [32.478318093207776, 46.55394721004603], [32.478578988374856, 46.5539483995484]], [[32.46318797677969, 46.55369721942876], [32.4624035195964, 46.55387352529022], [32.462405296885905, 46.55369354384802], [32.46318797677969, 46.55369721942876]], [[32.47832154255517, 46.553587246234876], [32.47623439561323, 46.5535777089157], [32.475201232277605, 46.55249303494246], [32.47911455505382, 46.55251092120753], [32.47832154255517, 46.553587246234876]], [[32.504148432923444, 46.55388210187718], [32.50388589687509, 46.55406095330434], [32.503887537038494, 46.55388097069078], [32.504148432923444, 46.55388210187718]], [[32.676081844553195, 46.55449815729415], [32.675558963025374, 46.55467666501966], [32.67556003566479, 46.55449667855806], [32.676081844553195, 46.55449815729415]], [[32.65912307708026, 46.5544488800301], [32.65782647710937, 46.55318508221024], [32.65443366578659, 46.553354872957215], [32.65209363174665, 46.55208785306326], [32.6507868616865, 46.55244385051998], [32.650275478999774, 46.550822381674266], [32.648443465517225, 46.551716714340806], [32.64376863710595, 46.54846243788961], [32.639342114306636, 46.547188639337314], [32.63910390951327, 46.54376808136889], [32.6393599940581, 46.54448884848135], [32.64197091614213, 46.54413707032908], [32.646136393291364, 46.54540996066693], [32.649503248144875, 46.549200111141126], [32.65653902047974, 46.55048137981883], [32.656534478952686, 46.551201324743474], [32.65496800974408, 46.551376600345314], [32.65548409317722, 46.55227810383091], [32.65392216599764, 46.551733420354196], [32.65469570575691, 46.55317567467155], [32.65730921343164, 46.55246357550516], [32.65912983873071, 46.55336896293298], [32.659914783185215, 46.553011320078845], [32.65861594173815, 46.552107503428594], [32.66148576028435, 46.552116031781885], [32.66095052466299, 46.554274321402474], [32.66121366775569, 46.55391512195355], [32.661994136679, 46.55427740976373], [32.65912307708026, 46.5544488800301]], [[32.63962680459768, 46.54358973997756], [32.63989003601312, 46.54323058916101], [32.639887655802845, 46.543590561449925], [32.63962680459768, 46.54358973997756]], [[32.63989122610115, 46.54305060300799], [32.63937072067496, 46.54286897335079], [32.639892416177766, 46.542870616849235], [32.63989122610115, 46.54305060300799]], [[32.656797636155595, 46.55084213529799], [32.65757803158737, 46.551204453234504], [32.656794232548464, 46.55138209398046], [32.656797636155595, 46.55084213529799]], [[32.65757803158737, 46.551204453234504], [32.657837788676154, 46.55138522011117], [32.65757689962794, 46.55138443947095], [32.65757803158737, 46.551204453234504]], [[32.65470255492351, 46.55209575783339], [32.65443937781981, 46.5524549423262], [32.65444166255644, 46.552094970033814], [32.65470255492351, 46.55209575783339]], [[32.657832133028315, 46.552285151232084], [32.65652880179895, 46.552101255770786], [32.656270181974435, 46.55174049975212], [32.65757350368456, 46.55192439814599], [32.657832133028315, 46.552285151232084]], [[32.65861481317418, 46.55228748965597], [32.658352790344175, 46.55246669699313], [32.658353919781405, 46.55228671077633], [32.65861481317418, 46.55228748965597]], [[32.66070532566659, 46.5517537404577], [32.66122822738998, 46.551575300590166], [32.66122710748253, 46.55175528688315], [32.66070532566659, 46.5517537404577]], [[32.66251594275133, 46.55427895037416], [32.662253923091434, 46.554458166593086], [32.66225503970981, 46.55427818036646], [32.66251594275133, 46.55427895037416]], [[32.66277573091022, 46.55445970602307], [32.66303886288656, 46.554100502357706], [32.66329753877177, 46.5544612430729], [32.66277573091022, 46.55445970602307]], [[32.67477732240931, 46.55449445599115], [32.6750393011717, 46.554315210983766], [32.675038226817506, 46.55449519744183], [32.67477732240931, 46.55449445599115]], [[32.6750393011717, 46.554315210983766], [32.67556325352129, 46.553956719139], [32.675561108293905, 46.55431669209075], [32.6750393011717, 46.554315210983766]], [[32.50128352532382, 46.55332967843993], [32.500760088625896, 46.55350738497068], [32.500763389540545, 46.55314741987366], [32.50128352532382, 46.55332967843993]], [[32.54432808821534, 46.55386921965584], [32.54511529189338, 46.553332383632295], [32.54537167774125, 46.5538733719076], [32.54432808821534, 46.55386921965584]], [[32.54485439709203, 46.553331345886306], [32.5443341139428, 46.553149284915776], [32.54485590177737, 46.55315136217971], [32.54485439709203, 46.553331345886306]], [[32.54693856029123, 46.55369959869405], [32.54667616497281, 46.5538785488348], [32.546677663664234, 46.55369856510007], [32.54693856029123, 46.55369959869405]], [[32.6693005188808, 46.55411877535662], [32.669038522244335, 46.554298007180755], [32.66903961642637, 46.554118020824504], [32.6693005188808, 46.55411877535662]], [[32.49711588723503, 46.552591473843464], [32.49763600537359, 46.55277374894331], [32.49710923723822, 46.55331140368344], [32.49711588723503, 46.552591473843464]], [[32.49764098757744, 46.55223380147733], [32.49790353516155, 46.55205496437175], [32.49790187532114, 46.55223494687905], [32.49764098757744, 46.55223380147733]], [[32.66930270548837, 46.55375880261758], [32.66904071059792, 46.55393803446257], [32.669041804758976, 46.5537580480949], [32.66930270548837, 46.55375880261758]], [[32.67086811008461, 46.55376331725813], [32.67034521866221, 46.55394180114924], [32.670346308510716, 46.55376181475804], [32.67086811008461, 46.55376331725813]], [[32.50180695861951, 46.55315196949509], [32.501290120127365, 46.55260974814312], [32.50155100981783, 46.55261088522967], [32.50180695861951, 46.55315196949509]], [[32.501290120127365, 46.55260974814312], [32.50103087997644, 46.55242862788018], [32.50129176878873, 46.55242976555458], [32.501290120127365, 46.55260974814312]], [[32.664607602783946, 46.553565143878274], [32.66408469290288, 46.55374359910972], [32.664085803440955, 46.55356361282665], [32.664607602783946, 46.553565143878274]], [[32.45693731397501, 46.552587777045964], [32.45641374151094, 46.552765280087414], [32.45641553853252, 46.55258529878799], [32.45693731397501, 46.552587777045964]], [[32.45771997726782, 46.552591489970816], [32.45719640728759, 46.55276899660519], [32.45719820172208, 46.552589015282535], [32.45771997726782, 46.552591489970816]], [[32.50337887985536, 46.55243884553127], [32.50285545850699, 46.55261656173797], [32.5028571019941, 46.55243657910686], [32.50337887985536, 46.55243884553127]], [[32.50441915912529, 46.55280333658199], [32.502612655715, 46.55063561844652], [32.50442898886103, 46.55172344048898], [32.50441915912529, 46.55280333658199]], [[32.66461203792994, 46.55284519865065], [32.66434892242636, 46.55320440605715], [32.66435114170304, 46.55284443344148], [32.66461203792994, 46.55284519865065]], [[32.478337063800005, 46.55196740880063], [32.47338197989878, 46.55176471494623], [32.47834051278366, 46.55160744486324], [32.478337063800005, 46.55196740880063]], [[32.50469642382246, 46.55100463952907], [32.50521000994819, 46.55190681115686], [32.506253555950614, 46.55191132012275], [32.506770437485216, 46.552453519281364], [32.504686599637665, 46.552084535802045], [32.50469642382246, 46.55100463952907]], [[32.50469642382246, 46.55100463952907], [32.50417793765327, 46.55064241372532], [32.50443881803136, 46.55064354418956], [32.50469642382246, 46.55100463952907]], [[32.66304777466294, 46.55266061217812], [32.66278464975751, 46.55301981597328], [32.66278687936246, 46.552659843403724], [32.66304777466294, 46.55266061217812]], [[32.66930817182388, 46.55285887067006], [32.66904618129829, 46.55303810256717], [32.669047275406896, 46.552858116170974], [32.66930817182388, 46.55285887067006]], [[32.458248916650845, 46.55187403680755], [32.45798624050566, 46.5520527823505], [32.45798803228437, 46.55187280098168], [32.458248916650845, 46.55187403680755]], [[32.4725975830186, 46.55194109102696], [32.472334953369646, 46.552119869710786], [32.47233669772008, 46.55193988792269], [32.4725975830186, 46.55194109102696]], [[32.50103417897649, 46.552068662700115], [32.500771641550266, 46.55224750703077], [32.50077329190474, 46.55206752444498], [32.50103417897649, 46.552068662700115]], [[32.45355300068917, 46.551851700916835], [32.45408018289008, 46.551314248409376], [32.45381388476251, 46.551852946856584], [32.45355300068917, 46.551851700916835]], [[32.502863675784994, 46.55171664852504], [32.50234025973683, 46.55189436241737], [32.502341904885604, 46.55171437977751], [32.502863675784994, 46.55171664852504]], [[32.67139751619784, 46.55250491234849], [32.67113553423415, 46.552684149064056], [32.67113662142216, 46.55250416261881], [32.67139751619784, 46.55250491234849]], [[32.669571252987254, 46.55249965174576], [32.66853096161455, 46.55195667336831], [32.670096314274474, 46.55196119843646], [32.669571252987254, 46.55249965174576]], [[32.45590635390011, 46.551322949001865], [32.45564367278757, 46.55150168916124], [32.45564547227546, 46.551321707844856], [32.45590635390011, 46.551322949001865]], [[32.54121703833075, 46.55151691855707], [32.54095463487972, 46.551695855612074], [32.54095615237056, 46.55151587195168], [32.54121703833075, 46.55151691855707]], [[32.661748889341425, 46.55175683092867], [32.661486879350846, 46.551936045495495], [32.66148799840661, 46.551756059203406], [32.661748889341425, 46.55175683092867]], [[32.50026142995129, 46.550985350600186], [32.49999889525452, 46.55116419320178], [32.500000548101, 46.550984210602955], [32.50026142995129, 46.550985350600186]], [[32.51408819047441, 46.55104491910844], [32.51382570065228, 46.551223793613865], [32.513827307796134, 46.55104381064256], [32.51408819047441, 46.55104491910844]], [[32.539132998067856, 46.55114856180914], [32.53887058958852, 46.55132749407668], [32.53887211394896, 46.551147510457284], [32.539132998067856, 46.55114856180914]], [[32.65757576765767, 46.55156442570167], [32.657052854163084, 46.5517428488418], [32.65705398786902, 46.551562862626554], [32.65757576765767, 46.55156442570167]], [[32.658879089649965, 46.55174830922677], [32.65861932736513, 46.5515675447122], [32.658880217319066, 46.551568322977396], [32.658879089649965, 46.55174830922677]], [[32.65861932736513, 46.5515675447122], [32.6583595668051, 46.55138677960667], [32.65862045588582, 46.55138755846198], [32.65861932736513, 46.5515675447122]], [[32.6583595668051, 46.55138677960667], [32.658099807969855, 46.55120601391021], [32.658360696177354, 46.55120679335561], [32.6583595668051, 46.55138677960667]], [[32.67114205720585, 46.55160423030698], [32.67088007875443, 46.55178346647483], [32.67088116675273, 46.55160348000573], [32.67114205720585, 46.55160423030698]], [[32.467913962809654, 46.55065947234561], [32.465312243858556, 46.549927381420765], [32.46740100773643, 46.54975713572086], [32.467913962809654, 46.55065947234561]], [[32.498436915336775, 46.550797375564294], [32.49896033340219, 46.55061967950692], [32.49895867713824, 46.550799662088686], [32.498436915336775, 46.550797375564294]], [[32.49948374806608, 46.5504419810356], [32.49922452422016, 46.55026085667461], [32.49974793457269, 46.550083156966295], [32.49948374806608, 46.5504419810356]], [[32.49870276756064, 46.55025857138292], [32.49818266976777, 46.550076301134034], [32.49870442463922, 46.55007858879109], [32.49870276756064, 46.55025857138292]], [[32.66044780222646, 46.55121300749993], [32.66018579059704, 46.55139221909935], [32.66018691393257, 46.55121223281428], [32.66044780222646, 46.55121300749993]], [[32.66279468264309, 46.55139993923046], [32.662534908964275, 46.55121918356622], [32.66279579735472, 46.55121995289715], [32.66279468264309, 46.55139993923046]], [[32.662534908964275, 46.55121918356622], [32.66227513701023, 46.55103842731095], [32.6625360245276, 46.55103919723202], [32.662534908964275, 46.55121918356622]], [[32.66983978790916, 46.55124049993326], [32.669577806943664, 46.551419733123566], [32.66957889923308, 46.55123974666655], [32.66983978790916, 46.55124049993326]], [[32.456960651267956, 46.55024801942939], [32.456697978812635, 46.55042676208035], [32.45669977474801, 46.55024678069852], [32.456960651267956, 46.55024801942939]], [[32.48774250585524, 46.55056999511799], [32.487485014859885, 46.5502088620338], [32.48774589249114, 46.550210030558304], [32.48774250585524, 46.55056999511799]], [[32.487490097278744, 46.54966891517312], [32.486964955526474, 46.55002654093353], [32.48696834723846, 46.549666576383245], [32.487490097278744, 46.54966891517312]], [[32.47757167698254, 46.55016401727588], [32.47704819435307, 46.55034161520943], [32.47704992301568, 46.55016163322919], [32.47757167698254, 46.55016401727588]], [[32.489048591892264, 46.550395846576336], [32.48957372362181, 46.55003821123285], [32.489572036364024, 46.55021819357233], [32.489048591892264, 46.550395846576336]], [[32.5036594583824, 46.550280185575495], [32.50339693820255, 46.550459036054725], [32.50339857977605, 46.55027905334064], [32.5036594583824, 46.550280185575495]], [[32.46453315790003, 46.54956375733479], [32.46349143716688, 46.54937888636224], [32.46297146705001, 46.5491964565262], [32.46453315790003, 46.54956375733479]], [[32.49635985784912, 46.54970831052274], [32.495575563775766, 46.54988484464263], [32.4955805659092, 46.54934489707358], [32.49635985784912, 46.54970831052274]], [[32.523226974130935, 46.55018342442785], [32.52244749465157, 46.549820193345184], [32.52323012613505, 46.549823457916645], [32.523226974130935, 46.55018342442785]], [[32.52505626679156, 46.54983105442815], [32.524792247852844, 46.55018993758956], [32.52479538950969, 46.54982997099695], [32.52505626679156, 46.54983105442815]], [[32.48853190687973, 46.54985356793592], [32.48801353976667, 46.54949126927044], [32.48853528821235, 46.54949360328656], [32.48853190687973, 46.54985356793592]], [[32.48723091721985, 46.549487763784576], [32.488018616817335, 46.548951322297135], [32.488801231750216, 46.548954822363335], [32.48853697885434, 46.54931362095327], [32.48723091721985, 46.549487763784576]], [[32.489578785298136, 46.54949826418002], [32.4890536588392, 46.549855899601596], [32.489055347789126, 46.5496759172652], [32.489578785298136, 46.54949826418002]], [[32.49870773874873, 46.549718623590245], [32.498445205120504, 46.54989746266961], [32.498446863029564, 46.54971748007346], [32.49870773874873, 46.549718623590245]], [[32.48697004307006, 46.549486594099506], [32.48644999235906, 46.54930427066982], [32.48697173888541, 46.54930661181003], [32.48697004307006, 46.549486594099506]], [[32.52610290904349, 46.54947541552065], [32.52688240818556, 46.54983862178898], [32.52609977606943, 46.54983538220382], [32.52610290904349, 46.54947541552065]], [[32.52610290904349, 46.54947541552065], [32.52532342032349, 46.5491122039563], [32.526104475507985, 46.54929543217046], [32.52610290904349, 46.54947541552065]], [[32.533148099549365, 46.54932439514235], [32.531057998523224, 46.549675825683536], [32.53158439716712, 46.54913801290827], [32.533148099549365, 46.54932439514235]], [[32.65706192350626, 46.55030295895992], [32.657323940115205, 46.55012375449495], [32.657322807358554, 46.55030374076077], [32.65706192350626, 46.55030295895992]], [[32.660197023467745, 46.54959235599181], [32.656019525274196, 46.550119839565696], [32.65524143501251, 46.54939753850519], [32.65341642470464, 46.54921203403992], [32.651604094547444, 46.54704665200068], [32.65342902598461, 46.54723218523539], [32.65446793387915, 46.547955287029545], [32.65394275730577, 46.54849366866665], [32.65446108104908, 46.54903520462627], [32.65654696773303, 46.54922147598083], [32.65681238398871, 46.548502313746745], [32.65654469714365, 46.54958144853453], [32.65784909915855, 46.549585357441025], [32.657592746072375, 46.548864631641166], [32.65915913472185, 46.548689319803266], [32.6591535014445, 46.54958925147416], [32.660197023467745, 46.54959235599181]], [[32.654203632404105, 46.54849445755758], [32.65446336536957, 46.54867523211686], [32.65420248939802, 46.54867444381591], [32.654203632404105, 46.54849445755758]], [[32.65550686936518, 46.548678379371495], [32.65576888322391, 46.54849917841003], [32.6557677453914, 46.548679164697866], [32.65550686936518, 46.548678379371495]], [[32.65942001090002, 46.548690096800804], [32.65916138795718, 46.548329347094935], [32.659422262410835, 46.54833012408275], [32.65942001090002, 46.548690096800804]], [[32.66593308482644, 46.55014921999637], [32.665671096320736, 46.550328444253886], [32.66567220148249, 46.55014845783367], [32.66593308482644, 46.55014921999637]], [[32.46192975876196, 46.54901157137205], [32.46114536522576, 46.54918786901846], [32.46114892752378, 46.54882790590647], [32.46192975876196, 46.54901157137205]], [[32.522713104863975, 46.5492813323616], [32.523492578443566, 46.54964456164632], [32.522709949501525, 46.54964129887998], [32.522713104863975, 46.5492813323616]], [[32.52218977636239, 46.549459137485194], [32.52193048123153, 46.54927806428197], [32.52219135576053, 46.54927915423675], [32.52218977636239, 46.549459137485194]], [[32.52193048123153, 46.54927806428197], [32.521671187825135, 46.54909699049174], [32.52193206147676, 46.54909808103461], [32.52193048123153, 46.54927806428197]], [[32.66280471466302, 46.549780062025135], [32.66254271768295, 46.549959279106865], [32.66254383317141, 46.54977929273268], [32.66280471466302, 46.549780062025135]], [[32.66723970164859, 46.549793048971054], [32.66671683662361, 46.54997151646984], [32.66671793831485, 46.549791530019185], [32.66723970164859, 46.549793048971054]], [[32.49507383937494, 46.54772275230886], [32.49585143839071, 46.54826615178383], [32.49610564479082, 46.54898723146788], [32.49507383937494, 46.54772275230886]], [[32.52715266363577, 46.54875980018071], [32.52532655835074, 46.548752237267855], [32.52507039574194, 46.54821120441682], [32.52715266363577, 46.54875980018071]], [[32.53185146116123, 46.548419146773355], [32.53263252873375, 46.548602330480804], [32.53288876842282, 46.549143346643156], [32.53185146116123, 46.548419146773355]], [[32.65445879668479, 46.54939517711281], [32.654196774203236, 46.54957437502194], [32.65419791726411, 46.54939438879215], [32.65445879668479, 46.54939517711281]], [[32.47810723212877, 46.54872654265608], [32.47784981383899, 46.54836538806529], [32.47811068224167, 46.54836657852697], [32.47810723212877, 46.54872654265608]], [[32.47784981383899, 46.54836538806529], [32.47759067220884, 46.54818421495047], [32.47785153973281, 46.54818540599956], [32.47784981383899, 46.54836538806529]], [[32.670895309781535, 46.549263655387946], [32.67063334182443, 46.54944289109136], [32.67063443054945, 46.54926290455274], [32.670895309781535, 46.549263655387946]], [[32.46142225890753, 46.547569263335994], [32.461154270842734, 46.54828796119542], [32.46063075342616, 46.54846548390541], [32.460639667323115, 46.54756557604438], [32.46142225890753, 46.547569263335994]], [[32.46141691837987, 46.54810920813898], [32.46193865136099, 46.54811166340519], [32.46219774025357, 46.54829287175853], [32.46141691837987, 46.54810920813898]], [[32.52350202882928, 46.54856466190005], [32.523239581784786, 46.54874355824552], [32.52324115767353, 46.54856357494694], [32.52350202882928, 46.54856466190005]], [[32.53341514386046, 46.548605525307735], [32.5331527290121, 46.5487844445144], [32.53315427213676, 46.54860446096031], [32.53341514386046, 46.548605525307735]], [[32.47915587760066, 46.548191352322114], [32.47889328754891, 46.5483701463428], [32.47889500999405, 46.54819016424734], [32.47915587760066, 46.548191352322114]], [[32.6703757304711, 46.54890218003762], [32.670113762555765, 46.5490814145626], [32.67011485298448, 46.548901428021956], [32.6703757304711, 46.54890218003762]], [[32.47942878980753, 46.54693266486925], [32.471089967925245, 46.54599446249265], [32.473435939038154, 46.546185275559075], [32.474757587731226, 46.54439145132442], [32.47997801289032, 46.544055322515504], [32.479183420683825, 46.54531163789565], [32.482045966269844, 46.546044595224295], [32.482808025822344, 46.548207922908105], [32.48073138170079, 46.547118575274006], [32.479943637409995, 46.54765496656743], [32.47942878980753, 46.54693266486925]], [[32.479943637409995, 46.54765496656743], [32.479681052531184, 46.54783376243442], [32.479682772340354, 46.54765378029949], [32.479943637409995, 46.54765496656743]], [[32.47838361950015, 46.54710789370911], [32.478896732422676, 46.54801018214614], [32.47707757936363, 46.5472819207647], [32.47838361950015, 46.54710789370911]], [[32.47733325988805, 46.54782305918764], [32.47785326561008, 46.54800542392811], [32.47733153230302, 46.548003041249935], [32.47733325988805, 46.54782305918764]], [[32.650028475349075, 46.54866175009226], [32.649766441889305, 46.54884093784605], [32.64976759956493, 46.54866095167775], [32.650028475349075, 46.54866175009226]], [[32.66933331359247, 46.54871918187317], [32.67037899910772, 46.54836222036735], [32.670376820027094, 46.548722193486576], [32.66933331359247, 46.54871918187317]], [[32.45750571632711, 46.547910736318265], [32.458029238454024, 46.54773322791388], [32.45802744707035, 46.547913209414766], [32.45750571632711, 46.547910736318265]], [[32.458029238454024, 46.54773322791388], [32.458293683980855, 46.54737450052767], [32.45855096754168, 46.54773569861551], [32.458029238454024, 46.54773322791388]], [[32.54020237328884, 46.54809303830321], [32.53993998310679, 46.54827197318558], [32.53994150377004, 46.54809198944256], [32.54020237328884, 46.54809303830321]], [[32.658116760189344, 46.54850621953211], [32.65785475399313, 46.548685425891826], [32.65785588492752, 46.54850543956486], [32.658116760189344, 46.54850621953211]], [[32.53681260167867, 46.54789937304455], [32.536550201355105, 46.54807830012029], [32.53655173321219, 46.547898316457086], [32.53681260167867, 46.54789937304455]], [[32.50237973895483, 46.54757477747782], [32.501598789575624, 46.54739138762801], [32.501602084241725, 46.547031422098414], [32.50237973895483, 46.54757477747782]], [[32.53995214800458, 46.54683210308103], [32.538653930146445, 46.546106915026044], [32.53786982294774, 46.54628373992229], [32.53735574690386, 46.54538171227146], [32.53865850449901, 46.545566963672094], [32.53995214800458, 46.54683210308103]], [[32.54151581373659, 46.54701837086914], [32.542295381432, 46.54738147250783], [32.541511267484296, 46.54755832230194], [32.54151581373659, 46.54701837086914]], [[32.54125191677339, 46.54737729263664], [32.53942280950765, 46.547729922459666], [32.539950627443375, 46.54701208686414], [32.54125191677339, 46.54737729263664]], [[32.65577229665597, 46.54795921951223], [32.65499310005099, 46.547416902902334], [32.65551483999931, 46.54741847527103], [32.65577229665597, 46.54795921951223]], [[32.66777134872819, 46.548174687059586], [32.667509375786096, 46.54835391562991], [32.667510474795534, 46.54817392911364], [32.66777134872819, 46.548174687059586]], [[32.67298882958105, 46.548189721047905], [32.67246599868154, 46.54836821496306], [32.67246708130815, 46.54818822835743], [32.67298882958105, 46.548189721047905]], [[32.53785913073961, 46.547543626036095], [32.537596735559795, 46.54772255554236], [32.53759826393884, 46.547542571841305], [32.53785913073961, 46.547543626036095]], [[32.67273228239314, 46.547469028501794], [32.672468163924385, 46.54800824174607], [32.672471411710816, 46.54746828187777], [32.67273228239314, 46.547469028501794]], [[32.538382390163, 46.54736574891454], [32.538126104027505, 46.54682474472187], [32.53864630593316, 46.54700683383475], [32.538382390163, 46.54736574891454]], [[32.649252804197545, 46.54757943599418], [32.64899077342446, 46.54775862201251], [32.64899193362015, 46.547578635824934], [32.649252804197545, 46.54757943599418]], [[32.65107774525204, 46.54776500674938], [32.65134092164073, 46.54740582969383], [32.65159948831967, 46.54776659698464], [32.65107774525204, 46.54776500674938]], [[32.650821490309085, 46.54704426581511], [32.650559467262575, 46.54722345546482], [32.64951946697577, 46.546680304494956], [32.65056177722983, 46.54686348298978], [32.650821490309085, 46.54704426581511]], [[32.626594131328154, 46.54210802082046], [32.624504900142966, 46.542461161786605], [32.618770084854724, 46.5419022233875], [32.619284221018695, 46.54298387534456], [32.61824209194619, 46.542800412273046], [32.61823578371486, 46.5437003408158], [32.6216093412443, 46.54623140784003], [32.62160183720047, 46.54731132184515], [32.61951363200152, 46.547484385016446], [32.61900322710757, 46.54586277790217], [32.617436794039136, 46.54603753982155], [32.616661809109694, 46.544955006304775], [32.61719490964659, 46.54333688250408], [32.61564124587334, 46.54171176320103], [32.61173632316105, 46.540618635911926], [32.60994784777486, 46.535392838811866], [32.60863862051566, 46.53610832771042], [32.608913648298035, 46.5341293762928], [32.602135351876115, 46.53374602066205], [32.60344460708319, 46.53303060598953], [32.60292694333241, 46.532488839422946], [32.60710358984251, 46.53196329052694], [32.606068219775985, 46.5308797877836], [32.60737476059119, 46.53052429913578], [32.607887268910474, 46.53178598928887], [32.619103927313226, 46.5314639082537], [32.62455452681218, 46.53526172266382], [32.6242875093375, 46.53616079670776], [32.620371520166806, 46.53668783806014], [32.62088689226384, 46.53758949781585], [32.61775324114253, 46.5381190395967], [32.62296474738851, 46.53885629588712], [32.62401551378018, 46.53777981401295], [32.62662004240872, 46.53832831528466], [32.6258462195572, 46.53706585624779], [32.62663484639886, 46.53616848241843], [32.6302703806102, 46.53852016209422], [32.628961343444274, 46.53923588375806], [32.63052754474779, 46.53906096314116], [32.63338455281944, 46.54087005541661], [32.635729687736564, 46.54123752730239], [32.63702549056149, 46.542501575944264], [32.63859056624533, 46.54250653135897], [32.63884544460967, 46.54340728587058], [32.63648337577995, 46.54555968235743], [32.632837396738076, 46.54464808880884], [32.63334214345047, 46.54716956524155], [32.6249918891542, 46.54750247531476], [32.62369624821305, 46.546238291942466], [32.626594131328154, 46.54210802082046]], [[32.617697656313396, 46.54603841192864], [32.618216857206576, 46.54640012558675], [32.61769512917316, 46.54639838313534], [32.617697656313396, 46.54603841192864]], [[32.608898142773526, 46.536289205469096], [32.6086360343896, 46.53646829916004], [32.60863732745883, 46.53628831343809], [32.608898142773526, 46.536289205469096]], [[32.60213666629842, 46.53356603499491], [32.60057449323977, 46.53320061035173], [32.60213929510525, 46.533206063643455], [32.60213666629842, 46.53356603499491]], [[32.60580743044473, 46.5308788893799], [32.604765578851094, 46.53069530400457], [32.605280636160124, 46.531597034037254], [32.604502177495384, 46.53105437424708], [32.60214849553232, 46.53194616373327], [32.60189296177602, 46.53122531346854], [32.5998039912662, 46.531578004774914], [32.60007138944147, 46.530678988367114], [32.60058900763498, 46.53122076788478], [32.602937436977406, 46.53104895346954], [32.605551853139886, 46.5301580470193], [32.60580743044473, 46.5308788893799]], [[32.60475905069347, 46.53159523302306], [32.604496951448375, 46.531774317405045], [32.60449825797891, 46.531594331624134], [32.60475905069347, 46.53159523302306]], [[32.60449825797891, 46.531594331624134], [32.603977980828304, 46.531412541267265], [32.604499564496926, 46.5314143458375], [32.60449825797891, 46.531594331624134]], [[32.60397667258737, 46.53159252704262], [32.60371326166799, 46.53195159538229], [32.60345508724598, 46.53159072008289], [32.60397667258737, 46.53159252704262]], [[32.60345377726958, 46.53177070584123], [32.603191672905815, 46.531949787210856], [32.60319298375625, 46.53176980146389], [32.60345377726958, 46.53177070584123]], [[32.60398975443244, 46.52979266903179], [32.60346425672927, 46.53033081961439], [32.60320609156961, 46.52996994367968], [32.60398975443244, 46.52979266903179]], [[32.603204780844806, 46.530149929483834], [32.60294268349818, 46.53032901035561], [32.60294399509694, 46.53014902456283], [32.603204780844806, 46.530149929483834]], [[32.60737476059119, 46.53052429913578], [32.60685708129547, 46.52998255006997], [32.60737865145599, 46.529984341470545], [32.60737476059119, 46.53052429913578]], [[32.60764073262358, 46.52980525037362], [32.60686097721666, 46.52944259238685], [32.60790410725087, 46.5294461727428], [32.60789633596985, 46.53052608819183], [32.60764073262358, 46.52980525037362]], [[32.607907992723796, 46.5289062149411], [32.607385135982035, 46.529084411914134], [32.60738643284996, 46.5289044259857], [32.607907992723796, 46.5289062149411]], [[32.625599007400425, 46.53508515587969], [32.62378452377064, 46.53345929087204], [32.62483145106781, 46.53292275863567], [32.62378949525408, 46.53273934629252], [32.62457313190821, 46.532561930635374], [32.62509968185824, 46.531843696529656], [32.622753777767834, 46.53165599369903], [32.6214448078829, 46.53237163040364], [32.621721850126015, 46.530032673073464], [32.6232853205274, 46.53021782304265], [32.62379819489148, 46.53147944305833], [32.62406643884717, 46.53040038314183], [32.62614903510892, 46.53094717946331], [32.62432102145182, 46.531301171046756], [32.62562003418552, 46.53202539102324], [32.6274505252646, 46.531311406230046], [32.62848878450435, 46.532034744078075], [32.62718480690959, 46.53203050160801], [32.62743452528071, 46.53365122734439], [32.62848142053745, 46.533114661625554], [32.62770270822808, 46.5325721591315], [32.62953074293952, 46.53221811364527], [32.62952339957869, 46.53329803128532], [32.63341968123369, 46.535650456259376], [32.63341362530718, 46.53655038749137], [32.63210467671598, 46.53726614562925], [32.631325869082524, 46.536723667918466], [32.63053120726574, 46.53852100483214], [32.628980958572356, 46.53635610611364], [32.62793523504582, 46.536712689818245], [32.62872259573096, 46.535995287573144], [32.62820588028237, 46.53527364870314], [32.62716263619728, 46.535270253156], [32.62820219513161, 46.53581360717812], [32.62741606128336, 46.53635101973781], [32.62690675580753, 46.53454945817546], [32.625599007400425, 46.53508515587969]], [[32.624575612385584, 46.53220195826778], [32.62431605724137, 46.53202111585201], [32.624576852606445, 46.53202197207538], [32.624575612385584, 46.53220195826778]], [[32.62327412041652, 46.531837698841535], [32.624054019944346, 46.53220024521574], [32.62353118387196, 46.53237851595067], [32.62327412041652, 46.531837698841535]], [[32.62353118387196, 46.53237851595067], [32.62300834438931, 46.532556784280125], [32.62300958980301, 46.532376798131345], [32.62353118387196, 46.53237851595067]], [[32.62614903510892, 46.53094717946331], [32.62641105949581, 46.530768045223034], [32.62640982538822, 46.53094803149277], [32.62614903510892, 46.53094717946331]], [[32.631843856022705, 46.53726530649625], [32.63158181804234, 46.537444452938324], [32.63158303534108, 46.537264466768576], [32.631843856022705, 46.53726530649625]], [[32.62088689226384, 46.53758949781585], [32.62114646239159, 46.53777034788131], [32.62088563960991, 46.53776948375579], [32.62088689226384, 46.53758949781585]], [[32.62244683395777, 46.53831461747128], [32.62166685791027, 46.53795206029875], [32.622449328984416, 46.53795464555527], [32.62244683395777, 46.53831461747128]], [[32.633386975782216, 46.54051008321521], [32.63364902265995, 46.54033093275966], [32.633647812057866, 46.540510918874155], [32.633386975782216, 46.54051008321521]], [[32.63676824577811, 46.541960789600836], [32.63703028858893, 46.54178163143317], [32.63702908909932, 46.54196161756951], [32.63676824577811, 46.541960789600836]], [[32.62369376070749, 46.54659826338641], [32.62316953944306, 46.54695651730812], [32.62317203044499, 46.5465965459085], [32.62369376070749, 46.54659826338641]], [[32.63393888837175, 46.536012099231456], [32.633679283941056, 46.53583127804036], [32.6339400978221, 46.53583211296889], [32.63393888837175, 46.536012099231456]], [[32.63134292161299, 46.53420386077558], [32.6326590877382, 46.53240819280207], [32.631619548878405, 46.5318648790192], [32.633960656704396, 46.5327723456313], [32.63134292161299, 46.53420386077558]], [[32.6336829148075, 46.535291319234084], [32.634202120291825, 46.53565296102929], [32.63368049424147, 46.53565129177731], [32.6336829148075, 46.535291319234084]], [[32.63446655641118, 46.53511383589296], [32.63420695448433, 46.534933015878224], [32.634467764080306, 46.534933849591404], [32.63446655641118, 46.53511383589296]], [[32.63447259464102, 46.53421390432809], [32.634729780483774, 46.53475469639749], [32.63420816300349, 46.53475302957618], [32.63447259464102, 46.53421390432809]], [[32.63499661873935, 46.53385559724215], [32.63526465304735, 46.53277651091166], [32.63655544202868, 46.5347605115414], [32.63603743178097, 46.53421889399522], [32.63499661873935, 46.53385559724215]], [[32.62532953222579, 46.53634420460265], [32.62481533769733, 46.53526257838888], [32.62611445117014, 46.53598679254661], [32.62532953222579, 46.53634420460265]], [[32.62507119367688, 46.53598337788583], [32.624809139712504, 46.53616250880602], [32.624810379333226, 46.535982522734024], [32.62507119367688, 46.53598337788583]], [[32.45624272603934, 46.54376496843936], [32.46383914491629, 46.54056100326004], [32.46747317503046, 46.54237788052855], [32.46615662944151, 46.54363167483254], [32.46381611100869, 46.54290076750664], [32.463021164038736, 46.54415696936579], [32.46067353623526, 46.54414592486331], [32.458039986395455, 46.54665333878792], [32.45624272603934, 46.54376496843936]], [[32.52195260328635, 46.546758298297384], [32.52169015993257, 46.546937191158165], [32.52169174084301, 46.546757207843115], [32.52195260328635, 46.546758298297384]], [[32.65551711722511, 46.54705850261951], [32.65603999064045, 46.54688008624487], [32.6560388537683, 46.54706007258901], [32.65551711722511, 46.54705850261951]], [[32.656561725502854, 46.54688165382505], [32.655263085558325, 46.54597779868025], [32.65578708706055, 46.54561939702789], [32.656561725502854, 46.54688165382505]], [[32.655264224951495, 46.54579781231656], [32.65500450298672, 46.545617039514525], [32.65526536433375, 46.54561782594717], [32.655264224951495, 46.54579781231656]], [[32.65500336274234, 46.54579702587901], [32.654741359426666, 46.54597622520045], [32.65474250054412, 46.5457962388466], [32.65500336274234, 46.54579702587901]], [[32.656566265985106, 46.5461617083522], [32.656825995741876, 46.546342477612065], [32.656565130880864, 46.54634169472897], [32.656566265985106, 46.5461617083522]], [[32.67247574194743, 46.54674833530677], [32.671952923243566, 46.54692682695338], [32.67195400751153, 46.54674684031141], [32.67247574194743, 46.54674833530677]], [[32.648739190147666, 46.54631793162283], [32.6482162984148, 46.54649631459256], [32.64821746111913, 46.54631632838002], [32.648739190147666, 46.54631793162283]], [[32.64926207846529, 46.546139546247915], [32.64900005467863, 46.54631873235194], [32.64900121478536, 46.54613874611867], [32.64926207846529, 46.546139546247915]], [[32.65369561812975, 46.54633304375366], [32.65343360793878, 46.54651224004423], [32.653434753399864, 46.54633225373217], [32.65369561812975, 46.54633304375366]], [[32.65995525101281, 46.54653181224387], [32.6602194859788, 46.54599262806369], [32.6602161168767, 46.54653258739852], [32.65995525101281, 46.54653181224387]], [[32.488311623328734, 46.54553282407893], [32.48804907605527, 46.54571163937309], [32.48805076808105, 46.545531656933925], [32.488311623328734, 46.54553282407893]], [[32.67195726025306, 46.54620688035125], [32.67143878885264, 46.54566542302097], [32.67196159709624, 46.54548693365778], [32.67195726025306, 46.54620688035125]], [[32.450487785863174, 46.5453573782535], [32.45101312035257, 46.54499992050429], [32.45100949153445, 46.545359883252836], [32.450487785863174, 46.5453573782535]], [[32.45101493473555, 46.5448199391214], [32.451806544339185, 46.543923784971206], [32.452842695361944, 46.54464870627557], [32.45283907868133, 46.545008669156424], [32.45101493473555, 46.5448199391214]], [[32.452837270315015, 46.54518865058824], [32.45335897457481, 46.5451911448656], [32.4536180209331, 46.54537237256154], [32.452837270315015, 46.54518865058824]], [[32.4877916057212, 46.545350506756485], [32.48726820243537, 46.54552815193], [32.487269897031055, 46.545348169506994], [32.4877916057212, 46.545350506756485]], [[32.495618910819964, 46.545205297329396], [32.495093865434534, 46.545562961069734], [32.495097202887166, 46.5452029957829], [32.495618910819964, 46.545205297329396]], [[32.648743833956395, 46.54559798667548], [32.64952525888786, 46.545780373278596], [32.64900237488096, 46.54595875987969], [32.648743833956395, 46.54559798667548]], [[32.47031965213535, 46.5447309678517], [32.4697961985283, 46.54490853288585], [32.46979795083004, 46.54472855094356], [32.47031965213535, 46.5447309678517]], [[32.47083960465406, 46.544913364353164], [32.47057700336495, 46.54509213933773], [32.470578753097456, 46.54491215737853], [32.47083960465406, 46.544913364353164]], [[32.51544385902671, 46.54529099307754], [32.515707915394394, 46.54493213132944], [32.51596556940339, 46.545293201833395], [32.51544385902671, 46.54529099307754]], [[32.65865769099971, 46.54544800900122], [32.65839457231095, 46.54580720316841], [32.65839683037346, 46.545447230306536], [32.65865769099971, 46.54544800900122]], [[32.49588476311109, 46.54466649917248], [32.49536139251016, 46.54484418152941], [32.495363060318475, 46.54466419885873], [32.49588476311109, 46.54466649917248]], [[32.5381428956195, 46.54484492323542], [32.53787898712652, 46.54520383731565], [32.53788204173564, 46.54484386973427], [32.5381428956195, 46.54484492323542]], [[32.45336800761311, 46.54429123757115], [32.45310354489718, 46.54464995368826], [32.4531071597845, 46.54428999076883], [32.45336800761311, 46.54429123757115]], [[32.47188650184272, 46.544558222292764], [32.47162390569215, 46.54473699971321], [32.47162565194311, 46.544557017712364], [32.47188650184272, 46.544558222292764]], [[32.472408201692126, 46.54456062966919], [32.47214560723209, 46.544739408294255], [32.47214735175906, 46.544559426278376], [32.472408201692126, 46.54456062966919]], [[32.53683709560124, 46.54501963354875], [32.53710101004064, 46.544660721882444], [32.53709795028854, 46.54502068943574], [32.53683709560124, 46.54501963354875]], [[32.53710101004064, 46.544660721882444], [32.537364920987905, 46.54430180957206], [32.53736186301852, 46.54466177716145], [32.53710101004064, 46.544660721882444]], [[32.53710406973406, 46.544300754306256], [32.53684474918163, 46.54411971465558], [32.53710559955879, 46.54412077050958], [32.53710406973406, 46.544300754306256]], [[32.65031246783915, 46.54506282314685], [32.647701554110995, 46.545414791659574], [32.64718099987895, 46.54523319748135], [32.64875079933563, 46.54451806908311], [32.65005392243747, 46.54470205283479], [32.650059705118224, 46.543802121254394], [32.6513651200071, 46.54362611737302], [32.65031246783915, 46.54506282314685]], [[32.64770737580775, 46.54451486041858], [32.64614107136144, 46.544690015806324], [32.646406602464126, 46.543970877466585], [32.64770737580775, 46.54451486041858]], [[32.6466674556873, 46.543971683483974], [32.64692947578019, 46.54379250263918], [32.64692830892167, 46.54397248890657], [32.6466674556873, 46.543971683483974]], [[32.649274829422154, 46.54415969724992], [32.648751960193216, 46.54433808279773], [32.648753121039675, 46.544158096506635], [32.649274829422154, 46.54415969724992]], [[32.650059705118224, 46.543802121254394], [32.64980000997714, 46.54362133664638], [32.650060861621114, 46.54362213492118], [32.650059705118224, 46.543802121254394]], [[32.654485064229924, 46.545255492138274], [32.65396448872096, 46.54507392876682], [32.65448734809059, 46.54489551938902], [32.654485064229924, 46.545255492138274]], [[32.65735452044028, 46.545264123159306], [32.65605363225615, 46.54472024966972], [32.6576221695415, 46.544184985559276], [32.65735452044028, 46.545264123159306]], [[32.65761990645807, 46.54454495847187], [32.657879632045436, 46.5447257253793], [32.657618774900094, 46.54472494491959], [32.65761990645807, 46.54454495847187]], [[32.65761538016107, 46.5452649042285], [32.657614248559696, 46.54544489065338], [32.65735338797679, 46.54544410957931], [32.65735452044028, 46.545264123159306], [32.65761538016107, 46.5452649042285]], [[32.66204999706745, 46.54527809139345], [32.66178801935587, 46.545457306939106], [32.661789137163375, 46.54527732043663], [32.66204999706745, 46.54527809139345]], [[32.467975513412, 46.54436010923329], [32.467712905462285, 46.54453887763187], [32.467714664626335, 46.54435889573866], [32.467975513412, 46.54436010923329]], [[32.51362269563875, 46.54474329421759], [32.513363451480586, 46.54456220164074], [32.513624303090076, 46.544563311046865], [32.51362269563875, 46.54474329421759]], [[32.513363451480586, 46.54456220164074], [32.51310420904646, 46.54438110847723], [32.513365059778515, 46.54438221847123], [32.513363451480586, 46.54456220164074]], [[32.53605606495899, 46.544836478571504], [32.53631845119502, 46.544657552476636], [32.5363169187402, 46.54483753623633], [32.53605606495899, 46.544836478571504]], [[32.53631845119502, 46.544657552476636], [32.53658236727041, 46.54429864199026], [32.536579304128885, 46.54465860954004], [32.53631845119502, 46.544657552476636]], [[32.63361754323386, 46.54501056987958], [32.633355473642574, 46.54518972005078], [32.63335668540852, 46.54500973409006], [32.63361754323386, 46.54501056987958]], [[32.66048595991122, 46.545093470245824], [32.66022397796423, 46.54527268220397], [32.660225100933665, 46.545092695724776], [32.66048595991122, 46.545093470245824]], [[32.66100767789858, 46.5450950175034], [32.660745697654306, 46.54527423066092], [32.660746818899526, 46.545094244172034], [32.66100767789858, 46.5450950175034]], [[32.47293338544024, 46.54420307057237], [32.472670794428176, 46.544381850428564], [32.47267253719773, 46.54420186838615], [32.47293338544024, 46.54420307057237]], [[32.49251885353181, 46.541951765046825], [32.4938698753134, 46.53691802523596], [32.49510387760048, 46.544483065140454], [32.49251885353181, 46.541951765046825]], [[32.65579049996909, 46.54507943785598], [32.65553077966304, 46.54489866623063], [32.65579277518692, 46.544719465046164], [32.65579049996909, 46.54507943785598]], [[32.48623836569707, 46.5440836109535], [32.48597581868358, 46.54426242153514], [32.48597751747549, 46.54408243910856], [32.48623836569707, 46.5440836109535]], [[32.53762424414104, 46.54448284804721], [32.53814900121397, 46.54412498797762], [32.538406800620436, 46.54448600851116], [32.53762424414104, 46.54448284804721]], [[32.46850248066713, 46.54382258865591], [32.468239877044134, 46.54400135829916], [32.468241634433674, 46.54382137637357], [32.46850248066713, 46.54382258865591]], [[32.658662203546456, 46.54472806318945], [32.65892644244538, 46.54418888183649], [32.659183917934556, 46.54472961875539], [32.658662203546456, 46.54472806318945]], [[32.66648902612005, 46.54457116023596], [32.66622706637428, 46.544750386017284], [32.66622816948346, 46.54457039941056], [32.66648902612005, 46.54457116023596]], [[32.479461478175274, 46.543513002920115], [32.47919891181173, 46.54369179788522], [32.479200632965664, 46.543511815633146], [32.479461478175274, 46.543513002920115]], [[32.48154824044514, 46.54352247980425], [32.481810798320836, 46.54334367940646], [32.48206821950459, 46.54370482541107], [32.48154824044514, 46.54352247980425]], [[32.48233077656757, 46.5435260238221], [32.48286272157316, 46.54244848927266], [32.48441754028168, 46.543535448366505], [32.48233077656757, 46.5435260238221]], [[32.53528118307121, 46.5439333832847], [32.53554356746556, 46.54375445893237], [32.5355420324982, 46.543934442700866], [32.53528118307121, 46.5439333832847]], [[32.53554356746556, 46.54375445893237], [32.53632764561547, 46.54357764979818], [32.53632611324879, 46.54375763359224], [32.53554356746556, 46.54375445893237]], [[32.537371036750784, 46.54358187432457], [32.53710712936884, 46.54394078670716], [32.53711018894495, 46.54358081908516], [32.537371036750784, 46.54358187432457]], [[32.65684300823149, 46.54364268128733], [32.65422991851996, 46.54435477203959], [32.65476075693574, 46.54291645640831], [32.65345995076592, 46.54237255342177], [32.655288149685255, 46.54201809736], [32.655283592964416, 46.542738043260165], [32.65710952614808, 46.54274353108399], [32.65684300823149, 46.54364268128733]], [[32.48494093354829, 46.543357816134694], [32.484678385819535, 46.54353662375808], [32.48468008885606, 46.543356641345234], [32.48494093354829, 46.543357816134694]], [[32.518850879449936, 46.543505474289276], [32.51806674655797, 46.543682163420456], [32.51806833926331, 46.54350218009805], [32.518850879449936, 46.543505474289276]], [[32.58614982506173, 46.54376874886744], [32.5866824534358, 46.5423307549021], [32.585386456855524, 46.5412461248539], [32.58329699679929, 46.54159851248383], [32.58462315859279, 46.53872349486273], [32.586961041225, 46.53999189088973], [32.58719322680409, 46.54377251897188], [32.58614982506173, 46.54376874886744]], [[32.584362332401945, 46.53872254744664], [32.582553101468385, 46.53655607764879], [32.58020298619412, 46.53690745747636], [32.58074401404145, 46.53438957888858], [32.58257792594899, 46.53331634425378], [32.583096771841866, 46.53367821695291], [32.5854426207261, 46.53386673284828], [32.587275059438205, 46.53297340778841], [32.590404645445496, 46.532984656781935], [32.58987762806412, 46.533702729516165], [32.591185691670944, 46.533167441095216], [32.59326134070741, 46.534614762343885], [32.59405314928337, 46.53335764340217], [32.59535581671286, 46.5335422491746], [32.594562695927344, 46.534979362641444], [32.58908571826195, 46.53495981915013], [32.588570898080626, 46.534058017495326], [32.58961953727923, 46.533341823370456], [32.58831553446149, 46.5333371377177], [32.58830737383639, 46.53441704983504], [32.58438018526823, 46.53638274053292], [32.584362332401945, 46.53872254744664]], [[32.58309814915745, 46.53349823170951], [32.58362112702347, 46.53332014628863], [32.58361975144416, 46.53350013154963], [32.58309814915745, 46.53349823170951]], [[32.5844021549731, 46.53350297685042], [32.584142727639836, 46.53332204373855], [32.58440352796779, 46.53332299157164], [32.5844021549731, 46.53350297685042]], [[32.59274376358642, 46.534072950120446], [32.59326671574839, 46.53389482053495], [32.593265372007465, 46.534074805995765], [32.59274376358642, 46.534072950120446]], [[32.59587742022147, 46.533544093123304], [32.595615282499566, 46.5337231569705], [32.59561661846077, 46.53354317144625], [32.59587742022147, 46.533544093123304]], [[32.64823257526115, 46.54397650709726], [32.64797055854944, 46.54415569093054], [32.647971721970926, 46.543975704648766], [32.64823257526115, 46.54397650709726]], [[32.49224626954886, 46.54321048613406], [32.48937867080012, 46.543017731450156], [32.48886205186868, 46.54247545386922], [32.49224626954886, 46.54321048613406]], [[32.649275988533375, 46.543979710943105], [32.64875892510506, 46.54325816496546], [32.64954147476489, 46.54326056511315], [32.649275988533375, 46.543979710943105]], [[32.66101664057687, 46.54365512534812], [32.66075354614516, 46.54401432511884], [32.66075578847438, 46.543654352055405], [32.66101664057687, 46.54365512534812]], [[32.6411919119996, 46.54359465988962], [32.64092987406336, 46.543773827547675], [32.64093106073748, 46.5435938413913], [32.6411919119996, 46.54359465988962]], [[32.6471903281637, 46.543793307461925], [32.64771319722547, 46.54361492903479], [32.64771203296425, 46.54379491532296], [32.6471903281637, 46.543793307461925]], [[32.64745351079374, 46.543434139117835], [32.64771668994217, 46.54307497013598], [32.64797521216849, 46.54343574576916], [32.64745351079374, 46.543434139117835]], [[32.64797637554537, 46.54325575946454], [32.6485015601324, 46.5427174047484], [32.648237225387454, 46.54325656189298], [32.64797637554537, 46.54325575946454]], [[32.64797521216849, 46.54343574576916], [32.64849575192387, 46.543617336350216], [32.647974048780455, 46.543615732068076], [32.64797521216849, 46.54343574576916]], [[32.48494603997412, 46.542817868839705], [32.484683494880144, 46.54299667650232], [32.48468519786769, 46.54281669407225], [32.48494603997412, 46.542817868839705]], [[32.52276673677055, 46.54316189804206], [32.523029158316106, 46.54298300251151], [32.52302758203364, 46.54316298598094], [32.52276673677055, 46.54316189804206]], [[32.523029158316106, 46.54298300251151], [32.52355242170716, 46.542805193102645], [32.5235508471637, 46.54298517659137], [32.523029158316106, 46.54298300251151]], [[32.456776983684506, 46.542507575847374], [32.45651434819363, 46.54268631847562], [32.45651614425075, 46.54250633685459], [32.456776983684506, 46.542507575847374]], [[32.5180778951747, 46.54242228004325], [32.51311708177067, 46.542941242970215], [32.51156008988628, 46.5420346549295], [32.5180778951747, 46.54242228004325]], [[32.52459579613563, 46.54280953409799], [32.52381169161014, 46.542986262739156], [32.52381326529166, 46.54280627924362], [32.52459579613563, 46.54280953409799]], [[32.645369049725076, 46.54306771620599], [32.64510702802027, 46.54324689349469], [32.64510820086812, 46.543066907239776], [32.645369049725076, 46.54306771620599]], [[32.53633990402017, 46.54213777923946], [32.53659615068057, 46.54267878773268], [32.53607446379126, 46.542676673156436], [32.53555738150968, 46.54213460475815], [32.53633990402017, 46.54213777923946]], [[32.53634143625466, 46.541957795393834], [32.53608212934675, 46.541776753990035], [32.53634296847446, 46.541777811542495], [32.53634143625466, 46.541957795393834]], [[32.644848525721024, 46.542886111423186], [32.644586503187966, 46.54306528752296], [32.64458767774857, 46.54288530127244], [32.644848525721024, 46.542886111423186]], [[32.65215227348744, 46.54290855415733], [32.651890274778566, 46.54308774705172], [32.651891425203075, 46.542907760660846], [32.65215227348744, 46.54290855415733]], [[32.507655635300715, 46.54111796593669], [32.50921091378963, 46.54220459004789], [32.50713396556419, 46.54111571943568], [32.507655635300715, 46.54111796593669]], [[32.51103841106472, 46.54203242620068], [32.51077595496061, 46.542211294118644], [32.51077757167717, 46.54203131094415], [32.51103841106472, 46.54203242620068]], [[32.646155104495456, 46.542530180676195], [32.64589308796265, 46.542709359796724], [32.64589425819081, 46.54252937350951], [32.646155104495456, 46.542530180676195]], [[32.65137203293136, 46.54254619910448], [32.65111003341568, 46.54272539022094], [32.6511111864041, 46.54254540383354], [32.65137203293136, 46.54254619910448]], [[32.652676265733184, 46.542550166537275], [32.652414270472306, 46.5427293606525], [32.65241541915078, 46.542549374240295], [32.652676265733184, 46.542550166537275]], [[32.64015683152175, 46.54233147918038], [32.63989479629679, 46.54251064451463], [32.639895986339184, 46.54233065833873], [32.64015683152175, 46.54233147918038]], [[32.65659010066071, 46.54238199312059], [32.65632811903837, 46.54256119624217], [32.65632925477611, 46.542381209750346], [32.65659010066071, 46.54238199312059]], [[32.535821290233734, 46.54177569584282], [32.53529807638441, 46.54195356158903], [32.53529961205182, 46.54177357776415], [32.535821290233734, 46.54177569584282]], [[32.63911345085994, 46.54232819224511], [32.63937548776319, 46.54214902869978], [32.63937429600827, 46.5423290148711], [32.63911345085994, 46.54232819224511]], [[32.63937548776319, 46.54214902869978], [32.6401592098484, 46.54197150680123], [32.64015802069078, 46.54215149299366], [32.63937548776319, 46.54214902869978]], [[32.657372638379734, 46.54238433966262], [32.65763461572477, 46.54220513413177], [32.657633484307794, 46.54238512065372], [32.657372638379734, 46.54238433966262]], [[32.65763461572477, 46.54220513413177], [32.65789659134586, 46.54202592799066], [32.657895460801704, 46.5422059145232], [32.65763461572477, 46.54220513413177]], [[32.50947661697758, 46.5416657594439], [32.50921740124825, 46.54148465748306], [32.50947823795704, 46.541485776287104], [32.50947661697758, 46.5416657594439]], [[32.50921740124825, 46.54148465748306], [32.50895818724267, 46.541303554935745], [32.50921902307404, 46.54130467432752], [32.50921740124825, 46.54148465748306]], [[32.5379095305826, 46.54160416047094], [32.53764716433316, 46.54178309038361], [32.537648692228785, 46.54160310649355], [32.5379095305826, 46.54160416047094]], [[32.64537608140419, 46.54198779852615], [32.64511406493873, 46.542166975879475], [32.645115237719125, 46.54198698959027], [32.64537608140419, 46.54198779852615]], [[32.53660533896007, 46.54159888463654], [32.53686770772191, 46.541419957116894], [32.536866177255256, 46.54159994099291], [32.53660533896007, 46.54159888463654]], [[32.53686770772191, 46.541419957116894], [32.53713007475997, 46.5412410289836], [32.53712854516987, 46.541421012871915], [32.53686770772191, 46.541419957116894]], [[32.53712854516987, 46.541421012871915], [32.53738785388962, 46.54160205192141], [32.537127015565105, 46.54160099675453], [32.53712854516987, 46.541421012871915]], [[32.5360867285037, 46.54123680242146], [32.53556352070231, 46.54141466942066], [32.53556505546369, 46.54123468557197], [32.5360867285037, 46.54123680242146]], [[32.64433505743018, 46.54162458664883], [32.64407303930835, 46.54180376162435], [32.64407421551404, 46.541623775343986], [32.64433505743018, 46.54162458664883]], [[32.65476874322661, 46.54165655113183], [32.65450675913841, 46.54183575009805], [32.65450790086624, 46.541655763617776], [32.65476874322661, 46.54165655113183]], [[32.48132167681915, 46.539921649843926], [32.48131653498083, 46.54046159710497], [32.48078972649436, 46.540999177679495], [32.48132167681915, 46.539921649843926]], [[32.50270470530744, 46.54055657913863], [32.502440584956474, 46.54091541089197], [32.50218304133789, 46.540554310080566], [32.50270470530744, 46.54055657913863]], [[32.50452725512768, 46.54092446820653], [32.50426805945542, 46.54074335508456], [32.50452889242, 46.54074448516029], [32.50452725512768, 46.54092446820653]], [[32.50426805945542, 46.54074335508456], [32.50400886550683, 46.540562241376264], [32.50426969759388, 46.54056337203964], [32.50426805945542, 46.54074335508456]], [[32.50557222443517, 46.540748999516026], [32.505309756701074, 46.54092785488658], [32.505311391407865, 46.540747871819164], [32.50557222443517, 46.540748999516026]], [[32.536088261526615, 46.541056818553805], [32.53661758917739, 46.54015901352091], [32.53687229903384, 46.540880005454504], [32.536088261526615, 46.541056818553805]], [[32.53661758917739, 46.54015901352091], [32.536879950926995, 46.53998008590263], [32.53687842057771, 46.54016006982446], [32.53661758917739, 46.54015901352091]], [[32.644599422735446, 46.54108543845312], [32.64511992872829, 46.541267044376355], [32.644598248287416, 46.54126542476076], [32.644599422735446, 46.54108543845312]], [[32.665204659264695, 46.54132759060632], [32.66494271096867, 46.54150681357835], [32.66494381819721, 46.541326826892686], [32.665204659264695, 46.54132759060632]], [[32.66729028871457, 46.54151366563228], [32.66781636370003, 46.54079523478235], [32.66755113073915, 46.54151442399777], [32.66729028871457, 46.54151366563228]], [[32.47818656799287, 46.54044736187955], [32.476362485351636, 46.54025903617664], [32.47845084535278, 46.540088586747316], [32.47818656799287, 46.54044736187955]], [[32.478972502938376, 46.54009096401282], [32.4787133966849, 46.539909793325435], [32.47897594629345, 46.539730999288246], [32.478972502938376, 46.54009096401282]], [[32.666509966807396, 46.541151413533036], [32.666248023640605, 46.541330639513184], [32.6662491265489, 46.54115065279799], [32.666509966807396, 46.541151413533036]], [[32.50296553731585, 46.54055771277557], [32.5034888420881, 46.540379995235895], [32.50348720137988, 46.54055997826535], [32.50296553731585, 46.54055771277557]], [[32.66703384796943, 46.540792959742795], [32.66677080707645, 46.541152173673325], [32.666773009413646, 46.54079220020677], [32.66703384796943, 46.540792959742795]], [[32.63625497345642, 46.54069922891353], [32.63599293333499, 46.54087838534674], [32.63599413620321, 46.54069839919683], [32.63625497345642, 46.54069922891353]], [[32.64068920851713, 46.54071324310093], [32.64042718285323, 46.54089240973249], [32.64042837106916, 46.54071242349495], [32.64068920851713, 46.54071324310093]], [[32.667038249069556, 46.54007301272218], [32.66651327288308, 46.54061145333889], [32.6665176808361, 46.53989150633343], [32.667038249069556, 46.54007301272218]], [[32.634433944969, 46.53997346387497], [32.633911067813926, 46.54015178169323], [32.633912277530946, 46.539971795562074], [32.634433944969, 46.53997346387497]], [[32.632870155946904, 46.53978846568354], [32.63260810913889, 46.539967614372024], [32.63260932315359, 46.5397876282613], [32.632870155946904, 46.53978846568354]], [[32.63469477870539, 46.539974297139324], [32.63469960711537, 46.53925435249509], [32.63521765160903, 46.53979597572093], [32.63469477870539, 46.539974297139324]], [[32.63339545578612, 46.53925018033032], [32.633652654396585, 46.539790974381894], [32.63339182156841, 46.53979013874384], [32.63339545578612, 46.53925018033032]], [[32.63573931743904, 46.53979763807611], [32.635477279983974, 46.53997679336398], [32.63547848451826, 46.539796807195884], [32.63573931743904, 46.53979763807611]], [[32.65347598268687, 46.539852742694144], [32.653214003072605, 46.54003193876837], [32.65321514900033, 46.53985195225564], [32.65347598268687, 46.539852742694144]], [[32.608096273674384, 46.538986312653755], [32.60731119395992, 46.53934360038421], [32.60731638419186, 46.538623657939716], [32.608096273674384, 46.538986312653755]], [[32.63313462555507, 46.539249344113216], [32.6328725822177, 46.539428493434485], [32.63287379533565, 46.539248507301394], [32.63313462555507, 46.539249344113216]], [[32.659740491853924, 46.53915158820077], [32.65921770480253, 46.5393300219633], [32.659218830864134, 46.53915003531505], [32.659740491853924, 46.53915158820077]], [[32.66860873522219, 46.539177623288666], [32.66834680846283, 46.53935685417962], [32.66834790436011, 46.53917686736369], [32.66860873522219, 46.539177623288666]], [[32.635753760608225, 46.5376378035511], [32.63705547521494, 46.538001921250206], [32.63601217784293, 46.53799860626269], [32.63548691593495, 46.538536903859296], [32.63496646835907, 46.53835525418403], [32.63496164362771, 46.53907519896335], [32.6333966671688, 46.53907019418105], [32.635753760608225, 46.5376378035511]], [[32.63654343386534, 46.53656037477239], [32.63523211546149, 46.53763614132058], [32.63602179899016, 46.53655871617217], [32.63654343386534, 46.53656037477239]], [[32.63705547521494, 46.538001921250206], [32.63757592644531, 46.538183561442466], [32.637053076707076, 46.53836189375714], [32.63705547521494, 46.538001921250206]], [[32.637053076707076, 46.53836189375714], [32.63678985034583, 46.53872103836568], [32.63679225062325, 46.53836106589195], [32.637053076707076, 46.53836189375714]], [[32.63601097514765, 46.53817859249829], [32.63627059849013, 46.53835940837747], [32.63600977244084, 46.53835857872818], [32.63601097514765, 46.53817859249829]], [[32.499337052154736, 46.53802202639677], [32.49881210068064, 46.538379708022376], [32.49881541272581, 46.538019742076045], [32.499337052154736, 46.53802202639677]], [[32.64201232309774, 46.537837551141024], [32.63991978479169, 46.53873093362146], [32.64018655732786, 46.53783182279849], [32.639669672429406, 46.5371102354656], [32.640977332156716, 46.53657437683625], [32.64096902830388, 46.537834281370564], [32.64201232309774, 46.537837551141024]], [[32.48786607600894, 46.537431273822655], [32.487342749281126, 46.537608919891184], [32.48734444316224, 46.53742893721578], [32.48786607600894, 46.537431273822655]], [[32.522031586393574, 46.53775912489796], [32.52229398417065, 46.537580230795946], [32.5222924057563, 46.53776021441688], [32.522031586393574, 46.53775912489796]], [[32.52229398417065, 46.537580230795946], [32.522817197893914, 46.53740242439592], [32.522815621218086, 46.53758240803619], [32.52229398417065, 46.537580230795946]], [[32.62323180016618, 46.53795722545961], [32.62296973064317, 46.5381363520578], [32.622970976426984, 46.537956366086185], [32.62323180016618, 46.53795722545961]], [[32.63992454393472, 46.538010988403784], [32.639662528818036, 46.53819015339841], [32.63966371944846, 46.538010167090555], [32.63992454393472, 46.538010988403784]], [[32.49647968202621, 46.536749552655245], [32.49726046159543, 46.53693297712288], [32.49751629530557, 46.53747407201242], [32.49647968202621, 46.536749552655245]], [[32.6253196285247, 46.53778409301266], [32.625057566674236, 46.53796322442228], [32.62505880555203, 46.53778323840209], [32.6253196285247, 46.53778409301266]], [[32.625843747055114, 46.5374258283602], [32.625579214354964, 46.53796493305943], [32.62558292578221, 46.537424974949666], [32.625843747055114, 46.5374258283602]], [[32.633405146522456, 46.537810290976196], [32.63314311102259, 46.537989440984944], [32.63314432318575, 46.53780945480091], [32.633405146522456, 46.537810290976196]], [[32.622191001983396, 46.53759381246967], [32.62140728518526, 46.53777121141216], [32.621408536115695, 46.53759122546142], [32.622191001983396, 46.53759381246967]], [[32.62245057647981, 46.537774659588685], [32.62323677973503, 46.5372372814945], [32.6240167560931, 46.53759982800844], [32.62245057647981, 46.537774659588685]], [[32.642535151690964, 46.53765919608257], [32.642273146824564, 46.5378383670969], [32.642274328814565, 46.53765838072647], [32.642535151690964, 46.53765919608257]], [[32.476918713181426, 46.536661775998724], [32.47665617174173, 46.53684056544314], [32.47665790088524, 46.5366605830474], [32.476918713181426, 46.536661775998724]], [[32.64488373144817, 46.537486521099694], [32.64462408354357, 46.537305724673224], [32.64488490479806, 46.53730653466704], [32.64488373144817, 46.537486521099694]], [[32.64462408354357, 46.537305724673224], [32.64436443736245, 46.53712492765651], [32.64462525774395, 46.53712573823993], [32.64462408354357, 46.537305724673224]], [[32.622978450879096, 46.53687645013646], [32.62141103794059, 46.53723125354278], [32.621412288835046, 46.5370512675749], [32.622978450879096, 46.53687645013646]], [[32.62375966349418, 46.53705901239807], [32.62349760003918, 46.537238140251766], [32.62349884403984, 46.53705815424084], [32.62375966349418, 46.53705901239807]], [[32.64618901123908, 46.537310575715864], [32.6459305297006, 46.53694979577259], [32.646455673290035, 46.536411449741166], [32.64618901123908, 46.537310575715864]], [[32.47796713693851, 46.5361265945244], [32.475355573088216, 46.53647462700725], [32.47197200541019, 46.53573909685194], [32.471975494498764, 46.535379132255514], [32.47796713693851, 46.5361265945244]], [[32.51996089305009, 46.535950551485854], [32.51969690863636, 46.53630942388618], [32.51970008244055, 46.53594945668341], [32.51996089305009, 46.535950551485854]], [[32.6375879011751, 46.53638369851881], [32.637063869630346, 46.536742017295985], [32.63706506878656, 46.53656203099396], [32.6375879011751, 46.53638369851881]], [[32.56247611076312, 46.535761087113336], [32.56325565865304, 46.536124046549055], [32.56273258790354, 46.536302038449776], [32.56247611076312, 46.535761087113336]], [[32.56247611076312, 46.535761087113336], [32.56195593553342, 46.53557910610692], [32.56247755630658, 46.53558110241949], [32.56247611076312, 46.535761087113336]], [[32.625068716146906, 46.536343350034805], [32.6248066604354, 46.53652248093287], [32.62480790007989, 46.53634249487231], [32.625068716146906, 46.536343350034805]], [[32.64254341927165, 46.53639929129386], [32.64202060282197, 46.53657764646366], [32.642021785594366, 46.536397660058334], [32.64254341927165, 46.53639929129386]], [[32.52257057738164, 46.53578148312091], [32.52178972769951, 46.53559823111851], [32.52257373213917, 46.53542151573364], [32.52257057738164, 46.53578148312091]], [[32.52178972769951, 46.53559823111851], [32.521010465833854, 46.535234990138385], [32.5215336611144, 46.53505718946712], [32.52178972769951, 46.53559823111851]], [[32.63576338846477, 46.536197913410696], [32.63628622157692, 46.53601958687585], [32.63628381815182, 46.5363795594774], [32.63576338846477, 46.536197913410696]], [[32.63602660928711, 46.5358387709898], [32.63628862495595, 46.535659614251436], [32.636287423272194, 46.5358396005665], [32.63602660928711, 46.5358387709898]], [[32.47145562886053, 46.53519674097609], [32.47093227080455, 46.53537431190181], [32.47093401877004, 46.53519432962511], [32.47145562886053, 46.53519674097609]], [[32.63498335346213, 46.53583544673651], [32.635503777071236, 46.53601709634624], [32.634980941443274, 46.536195419297584], [32.63498335346213, 46.53583544673651]], [[32.63498335346213, 46.53583544673651], [32.63472374638852, 46.535654627902694], [32.63498455945422, 46.53565546044742], [32.63498335346213, 46.53583544673651]], [[32.646458009503306, 46.53605147674101], [32.646196025250724, 46.53623065684845], [32.64619719421344, 46.53605067035056], [32.646458009503306, 46.53605147674101]], [[32.49571057089919, 46.535306242161006], [32.495448097347115, 46.53548507504945], [32.49544976432433, 46.53530509208055], [32.49571057089919, 46.535306242161006]], [[32.519965651057454, 46.5354106006182], [32.519703256183895, 46.53558948945772], [32.519704843032756, 46.53540950583628], [32.519965651057454, 46.5354106006182]], [[32.64202415110515, 46.53603768723054], [32.6420276992863, 46.535497727945994], [32.642549324346795, 46.535499359130554], [32.64202415110515, 46.53603768723054]], [[32.4706749625602, 46.53501314078284], [32.47015160375998, 46.535190708139176], [32.47015335429338, 46.53501072587938], [32.4706749625602, 46.53501314078284]], [[32.63707106439527, 46.53566209939813], [32.6365482372688, 46.53584042954855], [32.63654943809089, 46.535660443228316], [32.63707106439527, 46.53566209939813]], [[32.46989255018513, 46.535009517535755], [32.46441743727304, 46.53480402287103], [32.46181474343893, 46.53425183584459], [32.466769948963645, 46.53427504233155], [32.46989255018513, 46.535009517535755]], [[32.495974707950225, 46.53494742566311], [32.495712236998855, 46.53512625917918], [32.49571390308254, 46.53494627619162], [32.495974707950225, 46.53494742566311]], [[32.63994238909603, 46.53531119302343], [32.63967919660551, 46.53567034456858], [32.63968157753543, 46.535310371787205], [32.63994238909603, 46.53531119302343]], [[32.6409856354524, 46.53531447202201], [32.64020082318475, 46.535671986466944], [32.6402020119321, 46.53549200006885], [32.6409856354524, 46.53531447202201]], [[32.52101363083969, 46.5348750227985], [32.52049043563499, 46.535052821097096], [32.52049201985348, 46.53487283743794], [32.52101363083969, 46.5348750227985]], [[32.479027588699104, 46.53433152566544], [32.47850426336245, 46.534509131397755], [32.478505986259805, 46.53432914887531], [32.479027588699104, 46.53433152566544]], [[32.52127443635555, 46.53487611458689], [32.52049518824491, 46.534512870102446], [32.52049677241784, 46.534332886426114], [32.522322393042025, 46.534340524639354], [32.52205685299405, 46.534879386384425], [32.52127443635555, 46.53487611458689]], [[32.633161292250165, 46.53528964762444], [32.63290169383946, 46.53510882466314], [32.63316250423906, 46.53510966135469], [32.633161292250165, 46.53528964762444]], [[32.63290169383946, 46.53510882466314], [32.632642097152015, 46.534928001111965], [32.63290290667836, 46.53492883839291], [32.63290169383946, 46.53510882466314]], [[32.56091994751131, 46.53467518297858], [32.560657690003815, 46.53485416626188], [32.560659141509134, 46.53467418158314], [32.56091994751131, 46.53467518297858]], [[32.64203124736542, 46.534957768610035], [32.64176925389376, 46.53513693858703], [32.64177043743711, 46.5349569521411], [32.64203124736542, 46.534957768610035]], [[32.49624217011653, 46.534228642474936], [32.49597970352081, 46.53440747664444], [32.495981368679075, 46.534227493626766], [32.49624217011653, 46.534228642474936]], [[32.46077332452188, 46.53406694090372], [32.46129848238613, 46.533709434464214], [32.46129670267923, 46.533889416505374], [32.46077332452188, 46.53406694090372]], [[32.477989557648634, 46.53378682214969], [32.47772530819013, 46.5341455967249], [32.47772875907135, 46.53378563169592], [32.477989557648634, 46.53378682214969]], [[32.45790811619057, 46.533693417511834], [32.45948539991137, 46.532440948365014], [32.45947290022915, 46.53370082243716], [32.45790811619057, 46.533693417511834]], [[32.458444023650756, 46.532256032339774], [32.45870660225789, 46.53207728471367], [32.45870481409032, 46.53225726672955], [32.458444023650756, 46.532256032339774]], [[32.49650796177987, 46.53368984159799], [32.49624549866215, 46.53386867640799], [32.496247162911025, 46.53368869336593], [32.49650796177987, 46.53368984159799]], [[32.643862800262596, 46.53406353472401], [32.643338832229645, 46.534421882571515], [32.64334118887503, 46.53406190956712], [32.643862800262596, 46.53406353472401]], [[32.64177517149704, 46.534237006300266], [32.6422991479876, 46.5338786656276], [32.642297966235496, 46.534058652118006], [32.64177517149704, 46.534237006300266]], [[32.634475009851926, 46.533853931662144], [32.63421299696432, 46.53403308431084], [32.63421420542557, 46.53385309798023], [32.634475009851926, 46.533853931662144]], [[32.639692291155235, 46.53369049398818], [32.6394302961424, 46.53386965864337], [32.63943148736053, 46.533689672203536], [32.639692291155235, 46.53369049398818]], [[32.631608595919616, 46.53348475588398], [32.63134657542896, 46.5336639019564], [32.631347793344275, 46.53348391567191], [32.631608595919616, 46.53348475588398]], [[32.63682345004288, 46.53368142165385], [32.63708545268388, 46.53350226298539], [32.63708425372303, 46.53368224938453], [32.63682345004288, 46.53368142165385]], [[32.63708545268388, 46.53350226298539], [32.63734745360174, 46.533323103706266], [32.637346255513954, 46.533503090116284], [32.63708545268388, 46.53350226298539]], [[32.63734745360174, 46.533323103706266], [32.63760945279649, 46.5331439438165], [32.63760825558173, 46.53332393023741], [32.63734745360174, 46.533323103706266]], [[32.59953129224896, 46.53319696293219], [32.59926916815889, 46.53337603520683], [32.59927049203294, 46.533196049590835], [32.59953129224896, 46.53319696293219]], [[32.60005289271904, 46.533198787831125], [32.59979077032669, 46.533377861306356], [32.59979209247767, 46.533197875678944], [32.60005289271904, 46.533198787831125]], [[32.63839066159055, 46.53332640626327], [32.63812866407304, 46.533505567941425], [32.638129859576146, 46.53332558151591], [32.63839066159055, 46.53332640626327]], [[32.63891345856069, 46.53314806752752], [32.63865026983641, 46.533507216851845], [32.638652657384945, 46.53314724397449], [32.63891345856069, 46.53314806752752]], [[32.644136538284386, 46.532084494310446], [32.64543700568567, 46.53262850335365], [32.64464873938818, 46.533526008374245], [32.64412948446555, 46.53316441372346], [32.644136538284386, 46.532084494310446]], [[32.475393704457076, 46.532515013544156], [32.475131178144785, 46.53269379967997], [32.47513291207584, 46.53251381719704], [32.475393704457076, 46.532515013544156]], [[32.47669939535804, 46.53234100382811], [32.475913557922645, 46.532697386960095], [32.475915289269366, 46.532517404454744], [32.47669939535804, 46.53234100382811]], [[32.584155091753345, 46.531702176025405], [32.583640383749405, 46.53080035203396], [32.58441588432781, 46.53170312380517], [32.58572121595319, 46.53152786842022], [32.58467530490064, 46.53188405632658], [32.58492924239912, 46.53278492954788], [32.581796906878715, 46.53313350125941], [32.584155091753345, 46.531702176025405]], [[32.58416196024445, 46.53080224931788], [32.58494569616021, 46.530625105408326], [32.58494432508573, 46.53080509078475], [32.58416196024445, 46.53080224931788]], [[32.58494569616021, 46.530625105408326], [32.58546864040248, 46.53044701134112], [32.58546727106396, 46.53062699673509], [32.58494569616021, 46.530625105408326]], [[32.585470009727885, 46.53026702594144], [32.587038816809574, 46.529732729242816], [32.58834409295391, 46.52955744368542], [32.58625100027229, 46.530449843854605], [32.585470009727885, 46.53026702594144]], [[32.58519689183828, 46.53188594892521], [32.58545631588327, 46.53206687968089], [32.58519552153328, 46.5320659342675], [32.58519689183828, 46.53188594892521]], [[32.598229945898076, 46.53283241907618], [32.59796649114333, 46.533191473965324], [32.59796914746864, 46.53283150277335], [32.598229945898076, 46.53283241907618]], [[32.59718675225672, 46.53282875029744], [32.59692462227588, 46.53300781719221], [32.59692595387825, 46.53282783161631], [32.59718675225672, 46.53282875029744]], [[32.6232654085512, 46.53309760192064], [32.6230058535261, 46.53291675656055], [32.623267897715216, 46.5327376296409], [32.6232654085512, 46.53309760192064]], [[32.58753994601239, 46.53243439235736], [32.58675482715447, 46.532791539282975], [32.586756192342975, 46.53261155392818], [32.58753994601239, 46.53243439235736]], [[32.58806289926191, 46.532256286515356], [32.58936687616919, 46.53226097496522], [32.58805881665816, 46.53279624268512], [32.58806289926191, 46.532256286515356]], [[32.58806562093252, 46.53189631570691], [32.58780346562286, 46.5320753616462], [32.58780482731312, 46.53189537624498], [32.58806562093252, 46.53189631570691]], [[32.5901479085067, 46.53244376634286], [32.58936416306136, 46.53262094580939], [32.58936551962177, 46.53244096039017], [32.5901479085067, 46.53244376634286]], [[32.59640569047224, 46.53264600690021], [32.59275856298187, 46.53209310986452], [32.591449190891275, 46.53280840196545], [32.5906722056285, 46.53208566309115], [32.59146268712263, 46.531008547106154], [32.592759908304096, 46.53191312435239], [32.592767979966624, 46.53083321115951], [32.59694459497142, 46.530308032953265], [32.596949920538634, 46.529588090272235], [32.59512444078886, 46.529581643581416], [32.59617290769698, 46.528865388268244], [32.594605553472825, 46.529219825048], [32.59461224877702, 46.52831989677001], [32.59304893286899, 46.52813435532006], [32.597230659550334, 46.52688922289511], [32.59955510430597, 46.52995722076359], [32.5972080423758, 46.52994898021346], [32.59902956133992, 46.53049535081436], [32.59772296740712, 46.53085074397431], [32.59902558766638, 46.5310353078854], [32.59901499064501, 46.532475193156564], [32.59718808298482, 46.53264876471009], [32.59745818922373, 46.5313897834791], [32.59667714711289, 46.53120704195189], [32.59640569047224, 46.53264600690021]], [[32.59093029750843, 46.53244656694445], [32.59040735171323, 46.5326246859139], [32.590408704827645, 46.53244470047129], [32.59093029750843, 46.53244656694445]], [[32.5906722056285, 46.53208566309115], [32.590412764093074, 46.53190474410919], [32.590673557842536, 46.531905677625545], [32.5906722056285, 46.53208566309115]], [[32.59224370866275, 46.53119132417877], [32.59250584517611, 46.53101226797507], [32.592504499056936, 46.53119225351001], [32.59224370866275, 46.53119132417877]], [[32.59459617950791, 46.530479724397], [32.5943367324942, 46.53029881424687], [32.59459751868427, 46.53029973879286], [32.59459617950791, 46.530479724397]], [[32.59459751868427, 46.53029973879286], [32.5951204285436, 46.5301216004799], [32.59511909110289, 46.530301586101295], [32.59459751868427, 46.53029973879286]], [[32.59512444078886, 46.529581643581416], [32.59486231975503, 46.529760705880335], [32.594863658018674, 46.52958072024755], [32.59512444078886, 46.529581643581416]], [[32.594863658018674, 46.52958072024755], [32.59460421437348, 46.52939981068645], [32.594864996269486, 46.52940073460905], [32.594863658018674, 46.52958072024755]], [[32.59749010005721, 46.52707012656843], [32.59853583550701, 46.52671382063199], [32.59853450950594, 46.52689380643671], [32.59749010005721, 46.52707012656843]], [[32.59902956133992, 46.53049535081436], [32.5992916722922, 46.53031627895714], [32.59929034862115, 46.53049626466462], [32.59902956133992, 46.53049535081436]], [[32.59774954228659, 46.52725102965306], [32.598008986238504, 46.527431932148936], [32.5977482136636, 46.52743101542344], [32.59774954228659, 46.52725102965306]], [[32.60057845186296, 46.5326606533839], [32.60031633379091, 46.53283972809394], [32.600317654180834, 46.53265974243798], [32.60057845186296, 46.5326606533839]], [[32.642306238262364, 46.532798746565206], [32.64204425611603, 46.53297791727166], [32.64204543866171, 46.53279793075209], [32.642306238262364, 46.532798746565206]], [[32.47174784792437, 46.531958263390884], [32.468095038421126, 46.532121326512616], [32.46680870134666, 46.5303154328244], [32.47174784792437, 46.531958263390884]], [[32.49261274264268, 46.5318727259595], [32.49234859859093, 46.53223153485817], [32.492351952628624, 46.5318715688812], [32.49261274264268, 46.5318727259595]], [[32.58649676137987, 46.53243062611527], [32.58623459835605, 46.53260966841709], [32.58623596525445, 46.53242968306833], [32.58649676137987, 46.53243062611527]], [[32.630570267571336, 46.53276144633611], [32.63083228624546, 46.53258230200837], [32.630831066665465, 46.53276228831093], [32.630570267571336, 46.53276144633611]], [[32.63135266488877, 46.532763970476815], [32.63057514926721, 46.53204150111269], [32.63187426315878, 46.53276565026438], [32.63135266488877, 46.532763970476815]], [[32.63109674057507, 46.53204318442566], [32.63135875405677, 46.53186403885437], [32.63135753624652, 46.532044025190295], [32.63109674057507, 46.53204318442566]], [[32.460798263225556, 46.531547192100376], [32.4600123342489, 46.531903465645954], [32.460014118075186, 46.531723483580066], [32.460798263225556, 46.531547192100376]], [[32.63474667441213, 46.53223488742304], [32.634483462725505, 46.53259402715136], [32.63448587772808, 46.53223405438258], [32.63474667441213, 46.53223488742304]], [[32.582065990360185, 46.53205454293131], [32.5818038146642, 46.532233575048096], [32.58180519618157, 46.532053589788674], [32.582065990360185, 46.53205454293131]], [[32.60058109088184, 46.53230068204343], [32.600322935613995, 46.531939799756934], [32.60058372985014, 46.5319407106801], [32.60058109088184, 46.53230068204343]], [[32.60032425594064, 46.53175981407237], [32.60006082018971, 46.53211887391236], [32.599539230057765, 46.532117049081855], [32.60032425594064, 46.53175981407237]], [[32.633964284394715, 46.532232386517954], [32.633702277665385, 46.53241153806539], [32.633703487745414, 46.53223155169379], [32.633964284394715, 46.532232386517954]], [[32.638397829199384, 46.53224648755925], [32.63813583691982, 46.53242564930261], [32.63813703235418, 46.53224566284282], [32.638397829199384, 46.53224648755925]], [[32.6404865796999, 46.53189309085682], [32.640222218893705, 46.53243223042714], [32.640225784486326, 46.53189227090722], [32.6404865796999, 46.53189309085682]], [[32.5087866226894, 46.53140335333579], [32.5085225871531, 46.53176220003363], [32.5085258342792, 46.53140223313966], [32.5087866226894, 46.53140335333579]], [[32.58728324011348, 46.53189349553748], [32.587021082258566, 46.53207253967547], [32.587022446533254, 46.53189255429188], [32.58728324011348, 46.53189349553748]], [[32.58936958922501, 46.53190100409818], [32.590157385974756, 46.53118386812541], [32.58988982183461, 46.532082860740886], [32.58936958922501, 46.53190100409818]], [[32.589376371637044, 46.53100107683047], [32.58833049438869, 46.53135729830111], [32.588333214206, 46.53099732742373], [32.589376371637044, 46.53100107683047]], [[32.588333214206, 46.53099732742373], [32.587812997180606, 46.5308154637176], [32.588334574095114, 46.530817341976466], [32.588333214206, 46.53099732742373]], [[32.590157385974756, 46.53118386812541], [32.59041952927609, 46.53100481672462], [32.59041817626542, 46.53118480221298], [32.590157385974756, 46.53118386812541]], [[32.6230120805946, 46.532016825816626], [32.6227500390497, 46.53219595218071], [32.62275128530102, 46.53201596602585], [32.6230120805946, 46.532016825816626]], [[32.63526947271434, 46.53205656531164], [32.63500747110774, 46.532235719868915], [32.635008676868665, 46.53205573346554], [32.63526947271434, 46.53205656531164]], [[32.645962112235225, 46.53209015907755], [32.64570014548357, 46.53226933822229], [32.645701315922835, 46.53208935160882], [32.645962112235225, 46.53209015907755]], [[32.58232954410117, 46.531695524919556], [32.581806577685704, 46.531873604523526], [32.581807959176594, 46.53169361925265], [32.58232954410117, 46.531695524919556]], [[32.60162690692111, 46.53194434842712], [32.601367429515186, 46.53176345417489], [32.60162953894707, 46.531584376995426], [32.60162690692111, 46.53194434842712]], [[32.606322506743076, 46.53178061475128], [32.606060411717884, 46.53195970272299], [32.60606171309209, 46.53177971691405], [32.606322506743076, 46.53178061475128]], [[32.63344632386268, 46.53169075714158], [32.63318310627304, 46.53204989389484], [32.633185529821056, 46.53168992114395], [32.63344632386268, 46.53169075714158]], [[32.58703063190676, 46.530812641870305], [32.587284603513616, 46.531713510142296], [32.58650905512289, 46.53081075766612], [32.58703063190676, 46.530812641870305]], [[32.5872873302747, 46.53135353933478], [32.587549483783114, 46.531174494549965], [32.58754812128362, 46.53135447996818], [32.5872873302747, 46.53135353933478]], [[32.62014709755019, 46.53146737708002], [32.619885049281244, 46.531646496877904], [32.61988630497289, 46.53146651076527], [32.62014709755019, 46.53146737708002]], [[32.58311605305873, 46.53115842302463], [32.582853885129104, 46.531337457601765], [32.58285526313452, 46.53115747228992], [32.58311605305873, 46.53115842302463]], [[32.62901527780883, 46.531316491715884], [32.628753259298826, 46.531495631921636], [32.62875448568872, 46.53131564562129], [32.62901527780883, 46.531316491715884]], [[32.630839603479934, 46.5315023840731], [32.63058003077593, 46.53132155579784], [32.6308408229781, 46.53132239773057], [32.630839603479934, 46.5315023840731]], [[32.63058003077593, 46.53132155579784], [32.63032045979486, 46.531140726932826], [32.63058125112388, 46.53114156945484], [32.63058003077593, 46.53132155579784]], [[32.631882775851274, 46.531505745879485], [32.632144784164105, 46.5313265984759], [32.63214356897327, 46.53150658484469], [32.631882775851274, 46.531505745879485]], [[32.632144784164105, 46.5313265984759], [32.63240679075402, 46.531147450461546], [32.632405576436284, 46.5313274368413], [32.632144784164105, 46.5313265984759]], [[32.63762022721293, 46.53152406577117], [32.63736302769807, 46.5309832798559], [32.63788460927048, 46.530984932189355], [32.63762022721293, 46.53152406577117]], [[32.63814540007389, 46.53098575746425], [32.63762740964089, 46.53044414681721], [32.638410968745085, 46.530266636067694], [32.63814540007389, 46.53098575746425]], [[32.63763339468203, 46.52954421419845], [32.63606147842511, 46.53061916568373], [32.636587858321214, 46.529900877963925], [32.636073500018725, 46.52881930067096], [32.63763339468203, 46.52954421419845]], [[32.63606147842511, 46.53061916568373], [32.635799486352376, 46.53079832212748], [32.63580068943654, 46.53061833566282], [32.63606147842511, 46.53061916568373]], [[32.63580068943654, 46.53061833566282], [32.63528031628948, 46.530436687377396], [32.63580189250918, 46.53043834919244], [32.63580068943654, 46.53061833566282]], [[32.63606869151954, 46.52953924674463], [32.634501574116456, 46.52989423082839], [32.63502917303632, 46.52899596373403], [32.63606869151954, 46.52953924674463]], [[32.63475994662276, 46.53025503672892], [32.632932011325074, 46.53060916619329], [32.63371921773038, 46.52989172834291], [32.63163536815095, 46.529525056064074], [32.63111014532185, 46.53006333447413], [32.62694003242721, 46.52968982968545], [32.62980988303531, 46.529519162903306], [32.62877533251858, 46.528255877641094], [32.63033999755346, 46.528260944751985], [32.631652402086495, 46.52700524564782], [32.63475994662276, 46.53025503672892]], [[32.63424320502102, 46.5295334243313], [32.634505196082195, 46.52935427140952], [32.63450398877185, 46.52953425788818], [32.63424320502102, 46.5295334243313]], [[32.63709983931766, 46.531342425749926], [32.63683784715283, 46.53152158454902], [32.636839046837245, 46.5313415980865], [32.63709983931766, 46.531342425749926]], [[32.640753308736706, 46.53099397751316], [32.64022816149113, 46.531532297865375], [32.64023172691288, 46.53099233825976], [32.640753308736706, 46.53099397751316]], [[32.641798839074355, 46.53063727572503], [32.64127133552182, 46.531535574055404], [32.64153804983418, 46.530636458783995], [32.641798839074355, 46.53063727572503]], [[32.641798839074355, 46.53063727572503], [32.6420608107242, 46.53045810547766], [32.64205962832586, 46.53063809207151], [32.641798839074355, 46.53063727572503]], [[32.59067896656906, 46.531185735706], [32.59094110817345, 46.53100668310446], [32.59093975688565, 46.531186668604484], [32.59067896656906, 46.531185735706]], [[32.59068302297788, 46.530645779206274], [32.590160093705975, 46.530823897154654], [32.59016144755213, 46.5306439116607], [32.59068302297788, 46.530645779206274]], [[32.60815194602124, 46.53124692536873], [32.60841403075864, 46.53106783255055], [32.60841273718733, 46.53124781843274], [32.60815194602124, 46.53124692536873]], [[32.60841403075864, 46.53106783255055], [32.60867611377315, 46.530888739120975], [32.60867482107568, 46.53106872501444], [32.60841403075864, 46.53106783255055]], [[32.60841532431755, 46.530887846662665], [32.60815582928227, 46.530706967721784], [32.60841661786405, 46.53070786076905], [32.60841532431755, 46.530887846662665]], [[32.60867611377315, 46.530888739120975], [32.60919898368375, 46.53071053634364], [32.60919769272153, 46.530890522253976], [32.60867611377315, 46.530888739120975]], [[32.60919769272153, 46.530890522253976], [32.60945719210112, 46.53107139883885], [32.609196401746935, 46.53107050815859], [32.60919769272153, 46.530890522253976]], [[32.61884439390957, 46.53128305346409], [32.61963053849964, 46.53074569936994], [32.61962676894869, 46.53128565774304], [32.61884439390957, 46.53128305346409]], [[32.62093197980976, 46.531110000171246], [32.62066993583609, 46.531289121791275], [32.62067118891931, 46.53110913565097], [32.62093197980976, 46.531110000171246]], [[32.61078042985299, 46.52837605365241], [32.609985214674516, 46.53017324875207], [32.6125905166044, 46.53054208268035], [32.61102578928228, 46.53053677258735], [32.61050035364144, 46.53107495561445], [32.610502926963925, 46.53071498374392], [32.609983926333626, 46.530353234696236], [32.60894207046147, 46.5301696873314], [32.60895111262037, 46.52890978571795], [32.61078042985299, 46.52837605365241]], [[32.6125917963435, 46.53036209668652], [32.61285386227751, 46.530182993610566], [32.612852583412085, 46.53036297961563], [32.6125917963435, 46.53036209668652]], [[32.613374157586016, 46.53036474369028], [32.61285897761666, 46.52946304953311], [32.61338054317669, 46.52946481355265], [32.613374157586016, 46.53036474369028]], [[32.61285897761666, 46.52946304953311], [32.61259947452053, 46.52928218060346], [32.6128602564208, 46.52928306349947], [32.61285897761666, 46.52946304953311]], [[32.61233869263253, 46.52928129711294], [32.61234509508281, 46.528381366914125], [32.613912311312895, 46.52802668658858], [32.613133817087494, 46.527484085094905], [32.61156532847463, 46.52801874087209], [32.61235277761817, 46.5273014504869], [32.610528657475946, 46.5271152637809], [32.61132380948151, 46.52531806374868], [32.61080099831255, 46.525496276587056], [32.6108048545476, 46.524956318224376], [32.60898469247144, 46.52423014870104], [32.61186071806867, 46.52316000055393], [32.610559527580826, 46.522795596806745], [32.61108488228738, 46.52225741248055], [32.61473408646182, 46.52244975214701], [32.61498974986065, 46.523170575223666], [32.61655046738219, 46.523715789359365], [32.618639029724406, 46.52336279050937], [32.61812130570264, 46.52282109161018], [32.61864658620506, 46.52228287233299], [32.61967827676493, 46.523906222191506], [32.618371974272236, 46.52426185250117], [32.61914544365808, 46.525524363866865], [32.61757580695344, 46.52623908884263], [32.6186138383172, 46.526962516277806], [32.61704794780811, 46.52713727507961], [32.617821426854626, 46.52839979479257], [32.6167795814381, 46.52821631878285], [32.61703782845425, 46.52857716443973], [32.6167732522625, 46.52911624947704], [32.616259295141155, 46.528034584152074], [32.61443258963888, 46.52820843187076], [32.61233869263253, 46.52928129711294]], [[32.61234637553604, 46.52820138085722], [32.61208303618694, 46.5285604689024], [32.611561479363075, 46.52855869899307], [32.61234637553604, 46.52820138085722]], [[32.611570460451226, 46.527298796630745], [32.61130840424984, 46.527477896886474], [32.61130968808682, 46.52729791082311], [32.611570460451226, 46.527298796630745]], [[32.61026531147027, 46.52747434768904], [32.61104891573472, 46.52729702442099], [32.61104763103648, 46.52747701047881], [32.61026531147027, 46.52747434768904]], [[32.61054409341594, 46.52495543070544], [32.61001999521153, 46.525313626098516], [32.610022571189596, 46.5249536538843], [32.61054409341594, 46.52495543070544]], [[32.60975794352581, 46.52549272287818], [32.61001741918409, 46.52567359828985], [32.60975536575129, 46.52585269504697], [32.60975794352581, 46.52549272287818]], [[32.61473408646182, 46.52244975214701], [32.61499610717202, 46.52227064377785], [32.614994835734116, 46.52245063007845], [32.61473408646182, 46.52244975214701]], [[32.614994835734116, 46.52245063007845], [32.615513794847104, 46.522812356764184], [32.61499356428402, 46.52263061637333], [32.614994835734116, 46.52245063007845]], [[32.61812130570264, 46.52282109161018], [32.61759854057082, 46.5229993357341], [32.61759980343458, 46.522819349395995], [32.61812130570264, 46.52282109161018]], [[32.617863078531656, 46.522460248096024], [32.61707703662903, 46.522997591131485], [32.616820080980844, 46.52245675895623], [32.617863078531656, 46.522460248096024]], [[32.61812508905498, 46.522281132528896], [32.61656946145674, 46.52101599435782], [32.616575792208195, 46.52011606240481], [32.61761748225653, 46.52029954006228], [32.61812508905498, 46.522281132528896]], [[32.61967827676493, 46.523906222191506], [32.619937777969696, 46.52408707522598], [32.61967702071752, 46.524086208538776], [32.61967827676493, 46.523906222191506]], [[32.619939033155994, 46.523907088873294], [32.62020104387223, 46.52372796859685], [32.62019978955908, 46.523907954960684], [32.619939033155994, 46.523907088873294]], [[32.619937777969696, 46.52408707522598], [32.62019728089672, 46.52426792767117], [32.61993652277138, 46.52426706157296], [32.619937777969696, 46.52408707522598]], [[32.61180430584426, 46.53107938820671], [32.61232716744882, 46.53090117111065], [32.612325886811476, 46.53108115708182], [32.61180430584426, 46.53107938820671]], [[32.61024213828319, 46.530714095452936], [32.60998006123687, 46.53089319249443], [32.609981349614806, 46.53071320656742], [32.61024213828319, 46.530714095452936]], [[32.616035296921126, 46.522814108488376], [32.61577327698678, 46.522993219223345], [32.61577454587803, 46.52281323292347], [32.616035296921126, 46.522814108488376]], [[32.62020229817336, 46.52354798222732], [32.6199427986427, 46.523367129780915], [32.62020355246246, 46.52336799585206], [32.62020229817336, 46.52354798222732]], [[32.61284746782779, 46.53108292357874], [32.61337288043116, 46.53054472970066], [32.613108258354345, 46.53108380593539], [32.61284746782779, 46.53108292357874]], [[32.61415396978526, 46.530727357391335], [32.613631115774325, 46.53090558286631], [32.61363239209223, 46.530725596861856], [32.61415396978526, 46.530727357391335]], [[32.61390210878567, 46.52946657519412], [32.61546807609623, 46.52929185976167], [32.615987103230005, 46.52965358407345], [32.616770720507326, 46.52947622171469], [32.61702517817079, 46.53037702562545], [32.61441221117067, 46.531088208800455], [32.61390210878567, 46.52946657519412]], [[32.61650993756271, 46.529475347730845], [32.616250422236625, 46.52929448704743], [32.61651120430773, 46.529295361620335], [32.61650993756271, 46.529475347730845]], [[32.61702644325369, 46.5301970395326], [32.61728975807477, 46.5298379401355], [32.61728722966812, 46.53019791234925], [32.61702644325369, 46.5301970395326]], [[32.61781132749437, 46.529839683963424], [32.61781763968528, 46.528939753274514], [32.61859746131296, 46.52930233680125], [32.61781132749437, 46.529839683963424]], [[32.61729228643295, 46.52947796789888], [32.61703276848636, 46.52929710898262], [32.617293550593864, 46.52929798177199], [32.61729228643295, 46.52947796789888]], [[32.633713167968104, 46.53079166051521], [32.632667582176374, 46.531148288227165], [32.632668795621015, 46.53096830183646], [32.633713167968104, 46.53079166051521]], [[32.6363198646911, 46.53097996805445], [32.63605787172235, 46.531159125076144], [32.63605907396813, 46.53097913861772], [32.6363198646911, 46.53097996805445]], [[32.460031955397746, 46.52992366260529], [32.45976760701998, 46.53028239551368], [32.459771176070376, 46.529922431288185], [32.460031955397746, 46.52992366260529]], [[32.6008524355316, 46.53086170674729], [32.601114542290766, 46.530682630711276], [32.60111322462431, 46.53086261644721], [32.6008524355316, 46.53086170674729]], [[32.60189690706037, 46.53068535622679], [32.60085639107732, 46.53032174953939], [32.6013805976286, 46.52996359678735], [32.60189690706037, 46.53068535622679]], [[32.63162928404862, 46.53042498808417], [32.63110527103199, 46.53078327999104], [32.63110770820028, 46.53042330724401], [32.63162928404862, 46.53042498808417]], [[32.46550655964108, 46.53012936522264], [32.465247545524015, 46.52994816410565], [32.46550832520863, 46.529949382938575], [32.46550655964108, 46.53012936522264]], [[32.465247545524015, 46.52994816410565], [32.464727754340146, 46.529765742389394], [32.46524931193596, 46.52976818182347], [32.465247545524015, 46.52994816410565]], [[32.46472952245779, 46.52958576011672], [32.463947188775094, 46.52958209652988], [32.46290585156557, 46.52939722119984], [32.46472952245779, 46.52958576011672]], [[32.61728343696728, 46.53073787062702], [32.61780754003463, 46.530379642308176], [32.617806277523854, 46.53055962841166], [32.61728343696728, 46.53073787062702]], [[32.62067494809691, 46.53056917719578], [32.61885572549556, 46.52966317833694], [32.62016340924809, 46.529127557025234], [32.62067494809691, 46.53056917719578]], [[32.59981192322169, 46.53049809058156], [32.60007667376345, 46.52995904545726], [32.600333497872896, 46.53049991412037], [32.59981192322169, 46.53049809058156]], [[32.6084204984292, 46.530167903053915], [32.608157123677806, 46.53052698182804], [32.60815971243165, 46.5301670100234], [32.6084204984292, 46.530167903053915]], [[32.6138957318089, 46.530366505386795], [32.6136336683979, 46.53054561085169], [32.61363494469134, 46.5303656248358], [32.6138957318089, 46.530366505386795]], [[32.62954298093585, 46.5304182504547], [32.62928096849117, 46.5305973919151], [32.62928219309945, 46.53041740557562], [32.62954298093585, 46.5304182504547]], [[32.635019528196956, 46.53043585557808], [32.63475753359763, 46.53061500963381], [32.63475874011598, 46.53043502318422], [32.635019528196956, 46.53043585557808]], [[32.61858990200738, 46.53038225364012], [32.6183303754469, 46.53020139767059], [32.61859116192183, 46.5302022675146], [32.61858990200738, 46.53038225364012]], [[32.6183303754469, 46.53020139767059], [32.61754927944264, 46.5300187984619], [32.61859368171451, 46.52984229524642], [32.6183303754469, 46.53020139767059]], [[32.639195714612164, 46.529909133376115], [32.63867056254017, 46.53044744666585], [32.638934928931526, 46.529908310510265], [32.639195714612164, 46.529909133376115]], [[32.63032778680544, 46.530060808786445], [32.630065778656125, 46.53023995206824], [32.6300670006567, 46.53005996570149], [32.63032778680544, 46.530060808786445]], [[32.45378047341292, 46.52917401911016], [32.453257116511, 46.52935150935368], [32.453258922491344, 46.52917152740867], [32.45378047341292, 46.52917401911016]], [[32.45795825459882, 46.52865392083066], [32.45638643341208, 46.52936642398788], [32.456654388964004, 46.52864773479172], [32.45795825459882, 46.52865392083066]], [[32.46238607355586, 46.52921478888037], [32.4621235208235, 46.52939354515197], [32.46212529752015, 46.529213562944264], [32.46238607355586, 46.52921478888037]], [[32.51010998440506, 46.529249143049825], [32.510367527877925, 46.529610226724465], [32.50984596811405, 46.52960799301159], [32.51010998440506, 46.529249143049825]], [[32.51062992427664, 46.52943135912036], [32.51088908770381, 46.52961245805938], [32.51062830778312, 46.52961134268916], [32.51062992427664, 46.52943135912036]], [[32.58938586646785, 46.52974117841546], [32.5891237258936, 46.5299202274957], [32.58912508312038, 46.52974024199654], [32.58938586646785, 46.52974117841546]], [[32.60268583424425, 46.52978814745592], [32.60242373694792, 46.52996722715008], [32.602425050244314, 46.5297872413572], [32.60268583424425, 46.52978814745592]], [[32.61207406655523, 46.52982037106203], [32.61181199982119, 46.52999947236032], [32.61181328210766, 46.529819486365916], [32.61207406655523, 46.52982037106203]], [[32.62328780930973, 46.529857850580036], [32.62302577909491, 46.53003697767706], [32.62302702434151, 46.529856991448256], [32.62328780930973, 46.529857850580036]], [[32.60008327888105, 46.52905911669128], [32.60086693864324, 46.528881863400066], [32.60086298340079, 46.5294218207452], [32.60008327888105, 46.52905911669128]], [[32.60060220121188, 46.52942091049625], [32.60034009887346, 46.529599985411686], [32.600341419035615, 46.52941999965279], [32.60060220121188, 46.52942091049625]], [[32.60816230113588, 46.5298070381959], [32.608686454906895, 46.529448851767405], [32.60868516230854, 46.52962883770662], [32.60816230113588, 46.5298070381959]], [[32.62146356518608, 46.52967183797045], [32.62120152989859, 46.52985096087925], [32.621202781162964, 46.52967097468242], [32.62146356518608, 46.52967183797045]], [[32.626157679643505, 46.529687275492435], [32.625895659646545, 46.5298664091991], [32.62589689540594, 46.52968642290572], [32.626157679643505, 46.529687275492435]], [[32.58886701592317, 46.52937933397932], [32.58860487540097, 46.529558381882], [32.58860623432445, 46.5293783963831], [32.58886701592317, 46.52937933397932]], [[32.59043170578855, 46.52938494707204], [32.59016957035654, 46.52956399857685], [32.59017092411186, 46.52938401304285], [32.59043170578855, 46.52938494707204]], [[32.60425315300354, 46.52943359988136], [32.60373027934662, 46.52961178007876], [32.603731588311, 46.52943179424615], [32.60425315300354, 46.52943359988136]], [[32.6050355001363, 46.52943630387535], [32.60451262898834, 46.52961448765672], [32.60451393536861, 46.5294345018072], [32.6050355001363, 46.52943630387535]], [[32.6219863819365, 46.52949357654423], [32.62172434922119, 46.529672700663944], [32.62172559875081, 46.529492714450626], [32.6219863819365, 46.52949357654423]], [[32.62537532696634, 46.52968471594876], [32.625637347789144, 46.52950558343074], [32.62563611118021, 46.529685569724506], [32.62537532696634, 46.52968471594876]], [[32.625637347789144, 46.52950558343074], [32.62590060261306, 46.52914646399133], [32.62615891452968, 46.52950728918803], [32.625637347789144, 46.52950558343074]], [[32.62537903934169, 46.529144757066355], [32.62564353065602, 46.52860565187626], [32.62642586786424, 46.52860820954049], [32.62642463389859, 46.528788195878796], [32.62537903934169, 46.529144757066355]], [[32.50985244433091, 46.52888805878569], [32.508809338770426, 46.528883584337926], [32.50985406334633, 46.52870807521488], [32.50985244433091, 46.52888805878569]], [[32.59278008659012, 46.529213340984136], [32.5925179596682, 46.52939239790341], [32.59251930565838, 46.529212412311296], [32.59278008659012, 46.529213340984136]], [[32.621464815577085, 46.52949185176251], [32.621205283655726, 46.52931100227162], [32.6214660659561, 46.529311865548856], [32.621464815577085, 46.52949185176251]], [[32.621205283655726, 46.52931100227162], [32.6209457534571, 46.52913015219131], [32.621206534884124, 46.529131016057654], [32.621205283655726, 46.52931100227162]], [[32.62459421445036, 46.529502164782016], [32.624856236948446, 46.529323034052524], [32.62485499776725, 46.52950302033597], [32.62459421445036, 46.529502164782016]], [[32.626941264729226, 46.52950984336509], [32.62668171446915, 46.52932900624647], [32.62694249701945, 46.52932985703899], [32.626941264729226, 46.52950984336509]], [[32.62668171446915, 46.52932900624647], [32.6264221659318, 46.52914816853828], [32.62668294760892, 46.529149019919984], [32.62668171446915, 46.52932900624647]], [[32.591999091533566, 46.52903056759588], [32.59173966005028, 46.52884965155923], [32.59200043922061, 46.52885058200395], [32.591999091533566, 46.52903056759588]], [[32.60503941403389, 46.52889634625868], [32.60477732874647, 46.52907543141106], [32.60451785443431, 46.528894544224315], [32.60503941403389, 46.52889634625868]], [[32.63815615774576, 46.529365878709044], [32.6386836913514, 46.528467594489214], [32.63867772388152, 46.529367527382476], [32.63815615774576, 46.529365878709044]], [[32.63815974343019, 46.52882591902114], [32.63790135508526, 46.528465120664606], [32.63816213382919, 46.5284659458673], [32.63815974343019, 46.52882591902114]], [[32.637898962963575, 46.52882509380812], [32.63763698556903, 46.529004254558636], [32.637638182508425, 46.52882426800061], [32.637898962963575, 46.52882509380812]], [[32.50828941026661, 46.52870136001835], [32.50751033742409, 46.528338027361926], [32.508291034434215, 46.52852137648377], [32.50828941026661, 46.52870136001835]], [[32.623814349812484, 46.52913962202329], [32.62407637311247, 46.528960493071246], [32.62407513137096, 46.52914047935006], [32.623814349812484, 46.52913962202329]], [[32.62407637311247, 46.528960493071246], [32.624338394689744, 46.52878136350825], [32.62433715382149, 46.52896134979816], [32.62407637311247, 46.528960493071246]], [[32.50724956373454, 46.52833690431247], [32.50698716160218, 46.5285157641738], [32.50698879006058, 46.52833578066856], [32.50724956373454, 46.52833690431247]], [[32.59956568612386, 46.52851733476062], [32.599041481675016, 46.528875479292445], [32.59904413049874, 46.52851550778022], [32.59956568612386, 46.52851733476062]], [[32.6251207343041, 46.528783930105966], [32.6248587152752, 46.52896306146848], [32.62485995442077, 46.52878307516789], [32.6251207343041, 46.528783930105966]], [[32.625905545390076, 46.52842651869212], [32.627210667906766, 46.528250789128585], [32.62720574240383, 46.52897073455705], [32.62694865829337, 46.52842992532282], [32.625905545390076, 46.52842651869212]], [[32.45770285519556, 46.52811273849496], [32.456665156995165, 46.52756784229198], [32.4577064376151, 46.52775277425502], [32.45770285519556, 46.52811273849496]], [[32.6045283047253, 46.52745465708504], [32.60373682404307, 46.528711850858556], [32.603485213238265, 46.527451046062886], [32.6045283047253, 46.52745465708504]], [[32.61599471392711, 46.52857366742456], [32.61573266604523, 46.52875277780149], [32.615733935325686, 46.52857279168453], [32.61599471392711, 46.52857366742456]], [[32.618862020398765, 46.528763247510696], [32.61912405808996, 46.528584129934394], [32.61912280000685, 46.52876411612222], [32.618862020398765, 46.528763247510696]], [[32.61938357962699, 46.52876498413926], [32.619646871968015, 46.52840587915874], [32.61964435925919, 46.52876585156179], [32.61938357962699, 46.52876498413926]], [[32.62381807758535, 46.52859966318573], [32.62355605518243, 46.52877879156006], [32.62355729862281, 46.52859880528053], [32.62381807758535, 46.52859966318573]], [[32.62746775378711, 46.52879159779607], [32.627729763447704, 46.52861246042426], [32.62772853378874, 46.52879244678915], [32.62746775378711, 46.52879159779607]], [[32.628251321763635, 46.52861415661631], [32.62799177138562, 46.528433322441636], [32.62825254968814, 46.52843417023511], [32.628251321763635, 46.52861415661631]], [[32.63972680653303, 46.528470884599095], [32.63946840946043, 46.528110089735215], [32.64103070076661, 46.52847498386029], [32.63972680653303, 46.528470884599095]], [[32.60061011675108, 46.528340995788646], [32.60034801965659, 46.528520070772544], [32.600349339742834, 46.52834008497934], [32.60061011675108, 46.528340995788646]], [[32.6113019848804, 46.52837782711759], [32.611039922588404, 46.528556926705775], [32.611041207360536, 46.528376940682236], [32.6113019848804, 46.52837782711759]], [[32.62407885655978, 46.52860052049644], [32.62460165452749, 46.52842224702767], [32.62460041454435, 46.52860223333436], [32.62407885655978, 46.52860052049644]], [[32.62408009826559, 46.52842053420046], [32.6238205627077, 46.52823969059878], [32.62408133995948, 46.528240547898776], [32.62408009826559, 46.52842053420046]], [[32.62512816376018, 46.527704012150316], [32.624083823311594, 46.52788057527825], [32.62408630661609, 46.527520602634866], [32.62512816376018, 46.527704012150316]], [[32.62512816376018, 46.527704012150316], [32.62591295920032, 46.527346600571875], [32.625910487977606, 46.52770657330148], [32.62512816376018, 46.527704012150316]], [[32.62512444908554, 46.52824397115385], [32.62538398900945, 46.52842481180982], [32.625123210836925, 46.52842395747693], [32.62512444908554, 46.52824397115385]], [[32.63529477293474, 46.52827684941183], [32.6350352006854, 46.528096031145814], [32.63529718221398, 46.52791687633758], [32.63529477293474, 46.52827684941183]], [[32.63477442380222, 46.528095198819585], [32.634514854148385, 46.52791437937447], [32.634775630158686, 46.52791521229], [32.63477442380222, 46.528095198819585]], [[32.63451606135459, 46.52773439284439], [32.63425287007056, 46.52809353238365], [32.63347053955992, 46.52809102827109], [32.63451606135459, 46.52773439284439]], [[32.63555555070234, 46.528277680554275], [32.63555434690674, 46.528457667088034], [32.63529356827781, 46.528456835940375], [32.63529477293474, 46.52827684941183], [32.63555555070234, 46.528277680554275]], [[32.634770804663454, 46.52863515837404], [32.63503278966043, 46.52845600419823], [32.635031584130616, 46.528635990715884], [32.634770804663454, 46.52863515837404]], [[32.63451243970126, 46.52827435241752], [32.63398967530654, 46.52845267128472], [32.63399088427011, 46.528272684782195], [32.63451243970126, 46.52827435241752]], [[32.4584923214156, 46.52739651610327], [32.45796720647024, 46.527754010235284], [32.45797078709869, 46.52739404595694], [32.4584923214156, 46.52739651610327]], [[32.64260245729034, 46.52739996323412], [32.64311693213086, 46.52848151176439], [32.64103307217063, 46.52811501057063], [32.64260245729034, 46.52739996323412]], [[32.64416357416573, 46.527944801322164], [32.64520433614456, 46.5283080148974], [32.64389926907909, 46.52848394991924], [32.64416357416573, 46.527944801322164]], [[32.60843860625796, 46.527648099702986], [32.60791446826376, 46.52800628515727], [32.60791705839286, 46.52764631320372], [32.60843860625796, 46.527648099702986]], [[32.612869207706645, 46.528023161103846], [32.61260715225604, 46.52820226431461], [32.612608431835696, 46.52802227824646], [32.612869207706645, 46.528023161103846]], [[32.622257147158564, 46.52805454804478], [32.62173434512284, 46.52823281079731], [32.62173559455666, 46.528052824538264], [32.622257147158564, 46.52805454804478]], [[32.63868488481107, 46.52828760789343], [32.638427689799855, 46.52774682407867], [32.63894804789037, 46.52792845808848], [32.63868488481107, 46.52828760789343]], [[32.45928712453767, 46.5261403414395], [32.459796157507704, 46.527402681066576], [32.45719386431671, 46.52685038988817], [32.45746000465809, 46.52631168055272], [32.45928712453767, 46.5261403414395]], [[32.625648476736195, 46.527885706529815], [32.62538646377218, 46.52806483914726], [32.62538770113575, 46.52788485280742], [32.625648476736195, 46.527885706529815]], [[32.648337159990376, 46.52777771789639], [32.6480740594034, 46.528136889485076], [32.647554832806016, 46.52777531012109], [32.648337159990376, 46.52777771789639]], [[32.60009252551395, 46.52779921617873], [32.59983307287312, 46.52761831839286], [32.600093846410864, 46.52761923036833], [32.60009252551395, 46.52779921617873]], [[32.62252415754762, 46.52715547744458], [32.62252166395541, 46.52751545004642], [32.62147981933436, 46.527332016821475], [32.62252415754762, 46.52715547744458]], [[32.62147856908717, 46.52751200309799], [32.62121654427957, 46.52769112614013], [32.621217795400035, 46.527511139874704], [32.62147856908717, 46.52751200309799]], [[32.623824290301926, 46.527699731675504], [32.62330398523209, 46.527518029015766], [32.6238267753052, 46.52733975903141], [32.623824290301926, 46.527699731675504]], [[32.62773591156569, 46.527712528514165], [32.62747390627065, 46.52789166594107], [32.62747513673198, 46.52771167955293], [32.62773591156569, 46.527712528514165]], [[32.63999234190063, 46.527751759120115], [32.63920882409611, 46.52792928089778], [32.63921001579885, 46.52774929427455], [32.63999234190063, 46.527751759120115]], [[32.62878146329274, 46.52735594556792], [32.62982822403138, 46.52681936653833], [32.629561335731225, 46.52771845459743], [32.62878146329274, 46.52735594556792]], [[32.46032303962624, 46.526865196222246], [32.460853472734065, 46.525967744316645], [32.461366098610114, 46.52687011264551], [32.46032303962624, 46.526865196222246]], [[32.6183505462174, 46.52732161897186], [32.61808851209217, 46.52750073482644], [32.618089773535985, 46.52732074862035], [32.6183505462174, 46.52732161897186]], [[32.626433271409816, 46.5275282913906], [32.62695851571754, 46.52699003427979], [32.62669404533502, 46.527529142724426], [32.626433271409816, 46.5275282913906]], [[32.64025549377156, 46.5273926062417], [32.63999353100805, 46.52757177247576], [32.63999472010408, 46.52739178582573], [32.64025549377156, 46.5273926062417]], [[32.64442669954028, 46.52758563878547], [32.644690995006194, 46.527046488858005], [32.64468747426153, 46.52758644910044], [32.64442669954028, 46.52758563878547]], [[32.64625329124996, 46.52741131173417], [32.645991348036304, 46.52759049175813], [32.64599251732265, 46.52741050499111], [32.64625329124996, 46.52741131173417]], [[32.59957626713044, 46.52707744839166], [32.59905340098194, 46.527255607307325], [32.59905472528591, 46.52707562150261], [32.59957626713044, 46.52707744839166]], [[32.60035857999227, 46.5270801842668], [32.60009648816672, 46.527259258730425], [32.60009780902566, 46.52707927290289], [32.60035857999227, 46.5270801842668]], [[32.60505245954646, 46.52709648716481], [32.604790382997145, 46.527275572430646], [32.6047916883534, 46.52709558650117], [32.60505245954646, 46.52709648716481]], [[32.61991518255931, 46.5273268285971], [32.61965566606964, 46.527145975568], [32.61991643796215, 46.527146842347285], [32.61991518255931, 46.5273268285971]], [[32.61965566606964, 46.527145975568], [32.61887586812403, 46.52678339918997], [32.61965817856174, 46.526786003062064], [32.61965566606964, 46.527145975568]], [[32.63295504775617, 46.527189423367815], [32.63269306207175, 46.52736857282254], [32.632694275272186, 46.527188586311844], [32.63295504775617, 46.527189423367815]], [[32.60192583567972, 46.52672566821488], [32.601140892967955, 46.52708291479181], [32.60114221036923, 46.52690292893579], [32.60192583567972, 46.52672566821488]], [[32.60948686157568, 46.52693172145833], [32.609224800330054, 46.52711081693648], [32.60922609103247, 46.52693083090608], [32.60948686157568, 46.52693172145833]], [[32.620437981783255, 46.527148574122464], [32.620960777598185, 46.52697031724262], [32.62095952565242, 46.52715030351978], [32.620437981783255, 46.527148574122464]], [[32.62174184154614, 46.52715289315728], [32.62044550361274, 46.526068656438625], [32.62123030594527, 46.52571127690626], [32.62174184154614, 46.52715289315728]], [[32.632173945250464, 46.52700692391056], [32.63191195789003, 46.52718607157712], [32.631913173662646, 46.52700608507642], [32.632173945250464, 46.52700692391056]], [[32.63321582025178, 46.527190259829325], [32.633739784753686, 46.526831957888604], [32.63373857502154, 46.52701194443162], [32.63321582025178, 46.527190259829325]], [[32.64286441068186, 46.52722079099339], [32.64312636235083, 46.5270416181423], [32.643125183612874, 46.52722160486506], [32.64286441068186, 46.52722079099339]], [[32.64286912901095, 46.52650084408844], [32.64234640878513, 46.52667920132705], [32.64234759007294, 46.526499214602424], [32.64286912901095, 46.52650084408844]], [[32.610270460524525, 46.526754403489974], [32.610008402699194, 46.526933500779435], [32.610009690805505, 46.526753514726664], [32.610270460524525, 46.526754403489974]], [[32.60896790359184, 46.5265699676926], [32.60818430311843, 46.52674727673873], [32.60818559724106, 46.52656729071921], [32.60896790359184, 46.5265699676926]], [[32.626701443287295, 46.526449224336915], [32.62722051834617, 46.52681089799733], [32.62669897735047, 46.52680919715561], [32.626701443287295, 46.526449224336915]], [[32.64782840386271, 46.52579625823128], [32.64704144213733, 46.52651379437492], [32.64678883869564, 46.525253081605534], [32.64782840386271, 46.52579625823128]], [[32.61913915414679, 46.52642429523468], [32.61887712693575, 46.526603412944695], [32.618878385735414, 46.52642342669372], [32.61913915414679, 46.52642429523468]], [[32.631656051918185, 46.52646528612722], [32.631394065477295, 46.52664443262724], [32.63139528293745, 46.526464446119896], [32.631656051918185, 46.52646528612722]], [[32.631919252350954, 46.52610615248727], [32.63217880477942, 46.5262869778297], [32.63191560517293, 46.52664611205791], [32.631919252350954, 46.52610615248727]], [[32.631919252350954, 46.52610615248727], [32.63140015266136, 46.52574450003341], [32.63166091819721, 46.52574534001973], [32.631919252350954, 46.52610615248727]], [[32.63140015266136, 46.52574450003341], [32.63114060540019, 46.52556367292201], [32.63140137006317, 46.52556451349751], [32.63140015266136, 46.52574450003341]], [[32.63244078692579, 46.52610782950867], [32.632702767349706, 46.52592868057702], [32.63270155423066, 46.5261086671277], [32.63244078692579, 46.52610782950867]], [[32.640781787075596, 46.52667429857142], [32.64104492850889, 46.52631514377959], [32.64130332760004, 46.526675935201126], [32.640781787075596, 46.52667429857142]], [[32.59853981343397, 46.526173863183516], [32.599320789845855, 46.526356591945465], [32.598538487471025, 46.526353849005396], [32.59853981343397, 46.526173863183516]], [[32.60610204950632, 46.526200154001046], [32.60583998072067, 46.52637924172389], [32.60584128256949, 46.526199255743315], [32.60610204950632, 46.526200154001046]], [[32.63009265996357, 46.5262802506798], [32.6298306692983, 46.52645939359252], [32.629831891914186, 46.52627940711105], [32.63009265996357, 46.5262802506798]], [[32.635048460496684, 46.526116178948925], [32.63609513598398, 46.52557954220819], [32.635828357190185, 46.5264786453986], [32.635048460496684, 46.526116178948925]], [[32.45304873159221, 46.52413078409224], [32.45617415653427, 46.524505667532836], [32.456166972196435, 46.5252255962175], [32.454338071480414, 46.52557686770492], [32.45304873159221, 46.52413078409224]], [[32.45305053793174, 46.52395080198846], [32.45148241249913, 46.524303274516036], [32.45096634807608, 46.523760826412406], [32.45305053793174, 46.52395080198846]], [[32.45096634807608, 46.523760826412406], [32.45070922672283, 46.523399610458775], [32.45096997444492, 46.52340086230104], [32.45096634807608, 46.523760826412406]], [[32.6290495878364, 46.52627687283808], [32.62931280449211, 46.5259177452312], [32.62957112387653, 46.52627856294784], [32.6290495878364, 46.52627687283808]], [[32.59984496812689, 46.525998445893386], [32.60010705468379, 46.525819371950014], [32.60010573391346, 46.52599935781757], [32.59984496812689, 46.525998445893386]], [[32.62749113165615, 46.52537185598703], [32.626443142141675, 46.52608840020408], [32.62592160810679, 46.52608669583822], [32.62697699635091, 46.52429023758832], [32.62749113165615, 46.52537185598703]], [[32.64000542145551, 46.525771905718216], [32.639742275829896, 46.5261310581409], [32.63974465555066, 46.52577108475394], [32.64000542145551, 46.525771905718216]], [[32.644175327037985, 46.526144933862966], [32.643657322241346, 46.52560335002308], [32.64417885268002, 46.525604973513815], [32.644175327037985, 46.526144933862966]], [[32.645741104183905, 46.52596980335202], [32.64548384985916, 46.52542903501821], [32.645744614290386, 46.52542984289469], [32.645741104183905, 46.52596980335202]], [[32.45929962521719, 46.52488046573309], [32.45903529679542, 46.525239197349144], [32.45903887005475, 46.5248792328483], [32.45929962521719, 46.52488046573309]], [[32.460340863722344, 46.52506537362025], [32.46007832443657, 46.52524412538364], [32.46008010763041, 46.52506414310528], [32.460340863722344, 46.52506537362025]], [[32.60062858457249, 46.52582119400368], [32.601151431824654, 46.525643027783595], [32.60115011451175, 46.52582301367963], [32.60062858457249, 46.52582119400368]], [[32.60141351239112, 46.525463950816786], [32.601154066412576, 46.52528305597435], [32.601414828817596, 46.52528396490363], [32.60141351239112, 46.525463950816786]], [[32.60167427566993, 46.52546485915731], [32.60167296009203, 46.52564484507044], [32.60141219595204, 46.52564393672423], [32.60141351239112, 46.525463950816786], [32.60167427566993, 46.52546485915731]], [[32.60193503896136, 46.525465766903416], [32.60011762039075, 46.52437948480364], [32.60064573104521, 46.52348137705693], [32.60220105756159, 46.52474673030009], [32.60193503896136, 46.525465766903416]], [[32.600118941047164, 46.52419949888459], [32.59959874907596, 46.524017688642445], [32.60012158232202, 46.523839527029374], [32.600118941047164, 46.52419949888459]], [[32.45721358439755, 46.52487058601218], [32.45695103586251, 46.525049330563895], [32.45695282937232, 46.52486934837237], [32.45721358439755, 46.52487058601218]], [[32.63270519355293, 46.52556870745849], [32.6324432148747, 46.52574785641205], [32.6324444288317, 46.52556786985516], [32.63270519355293, 46.52556870745849]], [[32.64939415953376, 46.525621077644786], [32.64913223524533, 46.525800264969824], [32.64913339408509, 46.5256202780854], [32.64939415953376, 46.525621077644786]], [[32.60689084222462, 46.525302915106835], [32.60585950714303, 46.523679451415], [32.60742274010595, 46.523864817668276], [32.60689084222462, 46.525302915106835]], [[32.605860808804714, 46.523499465348664], [32.605337997419255, 46.52367765327354], [32.60533930080314, 46.523497667218436], [32.605860808804714, 46.523499465348664]], [[32.604815182626865, 46.523855838792635], [32.605594844631646, 46.5242185107893], [32.60455181495069, 46.524214909683735], [32.604815182626865, 46.523855838792635]], [[32.60455181495069, 46.524214909683735], [32.60428975068335, 46.52439399393106], [32.60429105756172, 46.524214007921344], [32.60455181495069, 46.524214909683735]], [[32.604554426947615, 46.52385493763591], [32.60377608563637, 46.523312272535485], [32.60403160791224, 46.52403311955476], [32.60324671780829, 46.5243903809149], [32.601954758200215, 46.522765977435384], [32.6043002053596, 46.522954105693316], [32.604554426947615, 46.52385493763591]], [[32.605081155273545, 46.52313679514565], [32.604047299658276, 46.52187328699137], [32.60483475809238, 46.521156047620394], [32.605081155273545, 46.52313679514565]], [[32.605609172107684, 46.52223866399564], [32.605090284463444, 46.521876892559206], [32.60561177694105, 46.521878691777005], [32.605609172107684, 46.52223866399564]], [[32.60613457014452, 46.52170050248827], [32.60587252319858, 46.521879590494386], [32.60587382473553, 46.521699604370866], [32.60613457014452, 46.52170050248827]], [[32.60639401575105, 46.52188138614606], [32.60769515629314, 46.52224583718238], [32.6090066440043, 46.52117038394651], [32.60925964495392, 46.52225119210928], [32.60742792606151, 46.52314487325702], [32.60639401575105, 46.52188138614606]], [[32.607168471020834, 46.52296399195509], [32.60690642135478, 46.523143082281806], [32.60690771953476, 46.522963096175886], [32.607168471020834, 46.52296399195509]], [[32.60768479156876, 46.52368572618684], [32.607165876370594, 46.5233239641724], [32.60768738282435, 46.523325753970035], [32.60768479156876, 46.52368572618684]], [[32.60743570462213, 46.52206495646862], [32.60717625467316, 46.52188407516594], [32.60743700100541, 46.521884970317195], [32.60743570462213, 46.52206495646862]], [[32.60923770679761, 46.52531095637532], [32.60897565256541, 46.525490051355014], [32.60897694401769, 46.525310065278745], [32.60923770679761, 46.52531095637532]], [[32.45799942965574, 46.52451433090325], [32.45747613121042, 46.52469184084489], [32.45747792296371, 46.524511858626404], [32.45799942965574, 46.52451433090325]], [[32.46712580781515, 46.524557210892304], [32.466863293110436, 46.52473597834841], [32.46686505386504, 46.524555995854094], [32.46712580781515, 46.524557210892304]], [[32.635574809863066, 46.525397895237255], [32.635317659223, 46.524857104283704], [32.635578420626935, 46.52485793532747], [32.635574809863066, 46.525397895237255]], [[32.638967127543566, 46.52504867151368], [32.63870397861013, 46.525407821583784], [32.63870636512915, 46.52504784819225], [32.638967127543566, 46.52504867151368]], [[32.64261662220546, 46.52524012237468], [32.64209864148842, 46.52469853145826], [32.642620163179714, 46.524700162031294], [32.64261662220546, 46.52524012237468]], [[32.65408908196524, 46.52545538108021], [32.653829460495295, 46.52527460524044], [32.65409022442006, 46.52527539409006], [32.65408908196524, 46.52545538108021]], [[32.46452003756184, 46.52436505133189], [32.46399676152946, 46.52454259120517], [32.46399853173895, 46.5243626087889], [32.46452003756184, 46.52436505133189]], [[32.6332303570808, 46.52503042112984], [32.63296838272013, 46.525209571315536], [32.63296959491987, 46.52502958473106], [32.6332303570808, 46.52503042112984]], [[32.655916708615045, 46.525100912363015], [32.655654808198264, 46.525280114704685], [32.655655945475004, 46.52510012767932], [32.655916708615045, 46.525100912363015]], [[32.465827330728814, 46.52401118233142], [32.46530406231049, 46.52418872822846], [32.465305828180796, 46.524008745762565], [32.465827330728814, 46.52401118233142]], [[32.64601122438016, 46.5245307159417], [32.645749294275376, 46.524709895538265], [32.6457504642436, 46.52452990868489], [32.64601122438016, 46.5245307159417]], [[32.63218973803848, 46.52466709881347], [32.631930193255904, 46.5244862734668], [32.63219095278683, 46.52448711222755], [32.63218973803848, 46.52466709881347]], [[32.63193384001452, 46.52394631369045], [32.631150351083974, 46.52412378047106], [32.63141354343959, 46.52376464782415], [32.63193384001452, 46.52394631369045]], [[32.63636190588931, 46.52468043822868], [32.63558804882306, 46.52341804198332], [32.63610955788738, 46.5234197022046], [32.63689661816978, 46.52270224116573], [32.63636190588931, 46.52468043822868]], [[32.6361107596378, 46.52323971550049], [32.63585120856097, 46.5230588989876], [32.636111961376706, 46.52305972879067], [32.6361107596378, 46.52323971550049]], [[32.63585120856097, 46.5230588989876], [32.63559286264432, 46.52269809517412], [32.635853613726375, 46.52269892556119], [32.63585120856097, 46.5230588989876]], [[32.63715497275474, 46.523063042059114], [32.63741692304996, 46.52288388214886], [32.63741572562798, 46.52306386889026], [32.63715497275474, 46.523063042059114]], [[32.636626266769866, 46.524141306849025], [32.63688822399988, 46.52396214820322], [32.63688702478679, 46.524142134899996], [32.636626266769866, 46.524141306849025]], [[32.60194292699707, 46.52438585127061], [32.602465756190085, 46.52420767894137], [32.602464443283814, 46.52438766491153], [32.60194292699707, 46.52438585127061]], [[32.602465756190085, 46.52420767894137], [32.60272782552377, 46.52402859888304], [32.602726513491206, 46.524208584864574], [32.602465756190085, 46.52420767894137]], [[32.620978303579044, 46.524450508762285], [32.6204605459742, 46.52390882045368], [32.62098331057025, 46.523730563276416], [32.620978303579044, 46.524450508762285]], [[32.62436941253146, 46.52428170440345], [32.62410741278265, 46.52446083424314], [32.62410865421477, 46.524280847815724], [32.62436941253146, 46.52428170440345]], [[32.62776173044429, 46.52393281293166], [32.62749974348224, 46.524111950589976], [32.62750097369595, 46.52393196408183], [32.62776173044429, 46.52393281293166]], [[32.46583615121625, 46.523111269839724], [32.465571874372635, 46.52347001688922], [32.46557540423892, 46.523110051890534], [32.46583615121625, 46.523111269839724]], [[32.60220762639856, 46.523846800477656], [32.60194555624151, 46.52402587934724], [32.60194687084484, 46.52384589337699], [32.60220762639856, 46.523846800477656]], [[32.62228584121586, 46.52391486226146], [32.62202383641952, 46.524093987325145], [32.62202508471684, 46.52391400092926], [32.62228584121586, 46.52391486226146]], [[32.62515416349237, 46.52392429768542], [32.624892168037334, 46.524103429346496], [32.62489340686229, 46.52392344289161], [32.62515416349237, 46.52392429768542]], [[32.63897428165926, 46.523968751171076], [32.63819081504362, 46.524146266238745], [32.63819200995107, 46.523966279516145], [32.63897428165926, 46.523968751171076]], [[32.59881780518524, 46.523834961806465], [32.59855837558099, 46.52365406107676], [32.59881913010919, 46.5236549758988], [32.59881780518524, 46.523834961806465]], [[32.59855837558099, 46.52365406107676], [32.59829894769894, 46.52347315975839], [32.59855970135334, 46.5234740751691], [32.59855837558099, 46.52365406107676]], [[32.63506412938061, 46.52377635273402], [32.634802167076046, 46.52395550719363], [32.63480337316662, 46.52377552053261], [32.63506412938061, 46.52377635273402]], [[32.46635940754638, 46.52293372142429], [32.46609689821049, 46.52311248719457], [32.46609866139625, 46.522932504671395], [32.46635940754638, 46.52293372142429]], [[32.62254909084115, 46.52355575016882], [32.62228708864011, 46.52373487585447], [32.622288336052385, 46.52355488944177], [32.62254909084115, 46.52355575016882]], [[32.62619965913441, 46.52356773793642], [32.62593766882237, 46.52374687201852], [32.625938904179144, 46.52356688553085], [32.62619965913441, 46.52356773793642]], [[32.62724391011311, 46.523391155094785], [32.62698069215879, 46.52375027809574], [32.62698315597168, 46.523390305072105], [32.62724391011311, 46.523391155094785]], [[32.634283068574575, 46.52359386769031], [32.63402110459404, 46.52377302036201], [32.6340223132564, 46.523593033710924], [32.634283068574575, 46.52359386769031]], [[32.46714516553097, 46.522577402992574], [32.46688089989729, 46.52293615314706], [32.466884421052185, 46.52257618803789], [32.46714516553097, 46.522577402992574]], [[32.59725593320858, 46.523469492171714], [32.59699651054398, 46.523288587910095], [32.59725726327365, 46.523289506286986], [32.59725593320858, 46.523469492171714]], [[32.59699651054398, 46.523288587910095], [32.59673708960154, 46.52310768305984], [32.59699784145737, 46.523108602025374], [32.59699651054398, 46.523288587910095]], [[32.59673708960154, 46.52310768305984], [32.59621825288308, 46.52274587159355], [32.59673842136325, 46.522927697175156], [32.59673708960154, 46.52310768305984]], [[32.595695417511905, 46.52292401539229], [32.59517658948074, 46.52256219921716], [32.595437338676696, 46.52256312173166], [32.595695417511905, 46.52292401539229]], [[32.597518016016046, 46.523290424069494], [32.59803819405726, 46.5234722437533], [32.59751668681207, 46.523470409959955], [32.597518016016046, 46.523290424069494]], [[32.62046305286625, 46.52354884770949], [32.62124781869442, 46.52319146779023], [32.62124656786169, 46.5233714541928], [32.62046305286625, 46.52354884770949]], [[32.62203007778647, 46.52319405528855], [32.621766826510736, 46.5235531662045], [32.621769324743816, 46.523193193383484], [32.62203007778647, 46.52319405528855]], [[32.622809845641854, 46.52355661030147], [32.623332599235006, 46.52337834234371], [32.62333135527908, 46.523558328783615], [32.622809845641854, 46.52355661030147]], [[32.62281109131999, 46.5233766238723], [32.622551583907665, 46.5231957773155], [32.62281233698618, 46.52319663743741], [32.62281109131999, 46.5233766238723]], [[32.623332599235006, 46.52337834234371], [32.62359583936434, 46.52301922778013], [32.62359335321041, 46.523379200687835], [32.623332599235006, 46.52337834234371]], [[32.63063249517719, 46.523582137889065], [32.63089568830049, 46.52322300640192], [32.63115400552277, 46.52358382070768], [32.63063249517719, 46.523582137889065]], [[32.63298171627837, 46.52322971857189], [32.6332400473714, 46.5235905282064], [32.632979292099606, 46.52358969184944], [32.63298171627837, 46.52322971857189]], [[32.63298292835034, 46.52304973192455], [32.63246142300817, 46.52304805745884], [32.63220188499812, 46.52286723269705], [32.63298292835034, 46.52304973192455]], [[32.63246385056155, 46.522688084167946], [32.63168281414444, 46.522505581404666], [32.63220552885902, 46.5223272727507], [32.63246385056155, 46.522688084167946]], [[32.63194477966129, 46.522326434052864], [32.63142449848094, 46.522144768229595], [32.63194599511935, 46.52214644739788], [32.63194477966129, 46.522326434052864]], [[32.63142449848094, 46.522144768229595], [32.63116618622661, 46.521783954458314], [32.63142693280625, 46.5217847949235], [32.63142449848094, 46.522144768229595]], [[32.63116618622661, 46.521783954458314], [32.63090787738135, 46.521423140090825], [32.6311686222273, 46.521423981139854], [32.63116618622661, 46.521783954458314]], [[32.63012564291364, 46.52142061337763], [32.630660548657524, 46.5194424449031], [32.629097361462925, 46.51925739622098], [32.627006559839, 46.51997056020748], [32.62702257055625, 46.51763073358514], [32.62884275487928, 46.518356616978785], [32.63119297966648, 46.5178242466983], [32.63273915551564, 46.520529081399346], [32.63534656226264, 46.52053742327888], [32.63560248973325, 46.52125820128147], [32.63325094806032, 46.52197064823042], [32.632473560309755, 46.52124819077578], [32.63012564291364, 46.52142061337763]], [[32.63012564291364, 46.52142061337763], [32.629863675814896, 46.521599756586966], [32.62986489811446, 46.521419769951194], [32.63012564291364, 46.52142061337763]], [[32.632224961014614, 46.51944748550166], [32.63275492047226, 46.51818925349196], [32.63379179226971, 46.519092531133396], [32.632224961014614, 46.51944748550166]], [[32.63379179226971, 46.519092531133396], [32.634051317678356, 46.51927335237072], [32.63379058303599, 46.519272517922104], [32.63379179226971, 46.519092531133396]], [[32.63481784535204, 46.52161568015499], [32.635077386142356, 46.52179649902874], [32.63481663940016, 46.52179566688455], [32.63481784535204, 46.52161568015499]], [[32.63897905084119, 46.52324880416174], [32.63871591074781, 46.52360795439754], [32.63871829703813, 46.523247980891746], [32.63897905084119, 46.52324880416174]], [[32.448110863431914, 46.522487149399545], [32.44863052909762, 46.52266964631478], [32.44810904087236, 46.52266713140057], [32.448110863431914, 46.522487149399545]], [[32.58865514689685, 46.5228989146134], [32.58839575561733, 46.522717990929046], [32.588656505338534, 46.52271892890285], [32.58865514689685, 46.5228989146134]], [[32.62620212809026, 46.52320776493327], [32.625942610178456, 46.52302692603353], [32.62620336255044, 46.52302777842312], [32.62620212809026, 46.52320776493327]], [[32.62698561973735, 46.52303033202559], [32.626723634591876, 46.52320946793994], [32.62672486732989, 46.523029481419165], [32.62698561973735, 46.52303033202559]], [[32.630379064083776, 46.52250137600179], [32.62959314445979, 46.52303880539908], [32.629857564141346, 46.52249968968006], [32.630379064083776, 46.52250137600179]], [[32.634285484142346, 46.52323389436058], [32.63533331586134, 46.522517277481285], [32.63532970296408, 46.52305723759831], [32.634285484142346, 46.52323389436058]], [[32.64185325728836, 46.5223578867301], [32.64289979374149, 46.52182118697834], [32.641847343427145, 46.52325782090205], [32.64185325728836, 46.5223578867301]], [[32.600651006453226, 46.52276143318659], [32.6003889364476, 46.5229405085242], [32.60039025614171, 46.52276052255372], [32.600651006453226, 46.52276143318659]], [[32.60925577377429, 46.52279115062924], [32.60899373177103, 46.52297024576692], [32.60899502305004, 46.522790259610616], [32.60925577377429, 46.52279115062924]], [[32.621511071620475, 46.52283235805095], [32.621249069515166, 46.523011481381914], [32.621250320323924, 46.5228314949679], [32.621511071620475, 46.52283235805095]], [[32.63141962969033, 46.5228647147732], [32.631157659856484, 46.52304386089287], [32.63115887794439, 46.522863874276496], [32.63141962969033, 46.5228647147732]], [[32.594132252478445, 46.522738489054056], [32.594394341969775, 46.52255942810751], [32.59439300248415, 46.52273941395178], [32.594132252478445, 46.522738489054056]], [[32.594653752502694, 46.52274033825514], [32.5949171780483, 46.52238129024677], [32.59491450253407, 46.522741261964136], [32.594653752502694, 46.52274033825514]], [[32.59517926324726, 46.52220222747681], [32.594922528922936, 46.5216613467434], [32.595183273800956, 46.521662269823416], [32.59517926324726, 46.52220222747681]], [[32.62699054712701, 46.52231038586404], [32.62724760316064, 46.522851195500536], [32.62698685160247, 46.52285034549379], [32.62699054712701, 46.52231038586404]], [[32.62725252705887, 46.52213124929488], [32.6267359614404, 46.521409602474904], [32.62751819545001, 46.521412152367674], [32.62725252705887, 46.52213124929488]], [[32.6001334674324, 46.52221965339783], [32.59987007696019, 46.52257871354008], [32.5996119720389, 46.52221782919445], [32.6001334674324, 46.52221965339783]], [[32.6001334674324, 46.52221965339783], [32.60039553479165, 46.522040578614636], [32.600394215148135, 46.522220564608], [32.6001334674324, 46.52221965339783]], [[32.60352187939733, 46.52241143882552], [32.603259820472026, 46.52259052078632], [32.60326113066934, 46.52241053474202], [32.60352187939733, 46.52241143882552]], [[32.621254072678276, 46.522291535691586], [32.62073132279258, 46.522469794195146], [32.62073257528747, 46.522289807774776], [32.621254072678276, 46.522291535691586]], [[32.648370840300544, 46.52255809818698], [32.64811125161979, 46.522377309367826], [32.6483720015236, 46.52237811121476], [32.648370840300544, 46.52255809818698]], [[32.600915710617535, 46.52222238524522], [32.601175141298135, 46.522403280677], [32.60091439268344, 46.52240237124424], [32.600915710617535, 46.52222238524522]], [[32.61578089015189, 46.5219133013383], [32.616559331623435, 46.52245588518536], [32.61603783294503, 46.52245413586053], [32.61578089015189, 46.5219133013383]], [[32.61656059789507, 46.522275898851916], [32.61682261178989, 46.522096786272705], [32.61682134639143, 46.52227677261732], [32.61656059789507, 46.522275898851916]], [[32.629599260614356, 46.52213887241808], [32.629076539256864, 46.52231716914831], [32.62907776418642, 46.52213718255125], [32.629599260614356, 46.52213887241808]], [[32.6366370670239, 46.52252142641885], [32.636121574873336, 46.52161983490644], [32.63690501177658, 46.5214423338483], [32.6366370670239, 46.52252142641885]], [[32.635597676281044, 46.521978148273504], [32.63533813289611, 46.52179733057858], [32.635598879661394, 46.521798161534065], [32.635597676281044, 46.521978148273504]], [[32.647068252116, 46.52237409603638], [32.64680633587853, 46.522553278159684], [32.64680750226796, 46.522373291217576], [32.647068252116, 46.52237409603638]], [[32.64967459429165, 46.522562098531075], [32.650197251161394, 46.52238370750088], [32.650196095965775, 46.52256369450808], [32.64967459429165, 46.522562098531075]], [[32.650197251161394, 46.52238370750088], [32.65045915547749, 46.522204517574956], [32.650458001154, 46.52238450459284], [32.650197251161394, 46.52238370750088]], [[32.65019840634594, 46.52220372048799], [32.64968037876952, 46.52166216348789], [32.65020302697343, 46.521483772379284], [32.65019840634594, 46.52220372048799]], [[32.61343417005925, 46.52190539475433], [32.61212787532031, 46.52226095390247], [32.61186969054765, 46.521900096952365], [32.61343417005925, 46.52190539475433]], [[32.6262095346739, 46.52212784578668], [32.625947551345135, 46.522306979957115], [32.62594878660721, 46.522126993423726], [32.6262095346739, 46.52212784578668]], [[32.643157005572796, 46.52236196134556], [32.64341893283553, 46.52218278760346], [32.6434177552636, 46.52236277448554], [32.643157005572796, 46.52236196134556]], [[32.64341893283553, 46.52218278760346], [32.643680858376165, 46.52200361325113], [32.643679681676566, 46.52218360014399], [32.64341893283553, 46.52218278760346]], [[32.603008248040204, 46.52132971371217], [32.603005626061694, 46.52168968585238], [32.6024815100839, 46.52204784685354], [32.603008248040204, 46.52132971371217]], [[32.622040063351534, 46.52175416373277], [32.62151982091887, 46.52157245295507], [32.62204255962318, 46.52139419078668], [32.622040063351534, 46.52175416373277]], [[32.637683657706084, 46.52198477456192], [32.63742171262313, 46.52216393512611], [32.637422909987734, 46.52198394835613], [32.637683657706084, 46.52198477456192]], [[32.601962645102084, 46.52168606128792], [32.60170058458049, 46.521865139694135], [32.601701899893655, 46.52168515366094], [32.601962645102084, 46.52168606128792]], [[32.60952297210992, 46.521892110130494], [32.6097850071754, 46.521713013725254], [32.60978371855368, 46.521892999932554], [32.60952297210992, 46.521892110130494]], [[32.6097850071754, 46.521713013725254], [32.61004704051885, 46.52153391670882], [32.61004575277049, 46.52171390292742], [32.6097850071754, 46.521713013725254]], [[32.61004704051885, 46.52153391670882], [32.610309072140296, 46.521354819081225], [32.61030778526528, 46.52153480531108], [32.61004704051885, 46.52153391670882]], [[32.610309072140296, 46.521354819081225], [32.610572388029105, 46.52099573459563], [32.61056981603805, 46.521355707083586], [32.610309072140296, 46.521354819081225]], [[32.62099707880644, 46.521750712718784], [32.620735080241246, 46.52192983491691], [32.62073633270013, 46.521749848479395], [32.62099707880644, 46.521750712718784]], [[32.626472749796925, 46.52176872445004], [32.6262107690631, 46.521947859242246], [32.626212003440465, 46.521767872692095], [32.626472749796925, 46.52176872445004]], [[32.62803845652205, 46.52159383592321], [32.628296747133504, 46.52195465670634], [32.62803599983345, 46.521953809103586], [32.62803845652205, 46.52159383592321]], [[32.62803845652205, 46.52159383592321], [32.627778940143465, 46.52141300114324], [32.628039684848694, 46.521413849324446], [32.62803845652205, 46.52159383592321]], [[32.62855872107347, 46.52177551711682], [32.62907898910424, 46.52195719594846], [32.62855749444533, 46.52195550371474], [32.62855872107347, 46.52177551711682]], [[32.639510082520005, 46.52181055454343], [32.63924814425669, 46.521989719315066], [32.63924933558259, 46.5218097325033], [32.639510082520005, 46.52181055454343]], [[32.639510082520005, 46.52181055454343], [32.639772019061255, 46.52163138916145], [32.63977082946882, 46.52181137598919], [32.639510082520005, 46.52181055454343]], [[32.5894482452261, 46.52146183900123], [32.58918614486445, 46.52164088861377], [32.589187501493015, 46.52146090285148], [32.5894482452261, 46.52146183900123]], [[32.497939657769514, 46.519836859067304], [32.496624359288326, 46.521091013898804], [32.49483255214932, 46.517483298096295], [32.4966576013798, 46.517491343680234], [32.497939657769514, 46.519836859067304]], [[32.59805810494869, 46.52077245462386], [32.59857826083219, 46.52095427186144], [32.59805545032854, 46.52113242658213], [32.59805810494869, 46.52077245462386]], [[32.598579586413976, 46.520774285867994], [32.598841651873784, 46.5205952145937], [32.598840327165675, 46.52077520059858], [32.598579586413976, 46.520774285867994]], [[32.624911987812055, 46.52122364538233], [32.62465000460183, 46.52140277660956], [32.62465124410972, 46.52122279007429], [32.624911987812055, 46.52122364538233]], [[32.624909510506406, 46.52158361845786], [32.62569421899025, 46.521226207740376], [32.62569174685063, 46.52158618084793], [32.624909510506406, 46.52158361845786]], [[32.62908266378726, 46.521417236105826], [32.62882069329138, 46.52159637691664], [32.62882191903499, 46.52141639030201], [32.62908266378726, 46.521417236105826]], [[32.638469482622575, 46.52144728920703], [32.638207542705786, 46.52162645160237], [32.63820873745293, 46.52144646479979], [32.638469482622575, 46.52144728920703]], [[32.64133768024206, 46.52145631845959], [32.64107574967106, 46.52163548744926], [32.64107693494701, 46.52145550059019], [32.64133768024206, 46.52145631845959]], [[32.6478551533964, 46.52165655902067], [32.64811706187334, 46.52147737444614], [32.6481158998449, 46.52165736144191], [32.6478551533964, 46.52165655902067]], [[32.64811822389064, 46.521297387444676], [32.64812287184849, 46.52057743938167], [32.6486443544469, 46.52057904238099], [32.64890277697204, 46.520939817062114], [32.64811822389064, 46.521297387444676]], [[32.58919157130072, 46.5209209455303], [32.58892811524949, 46.52127998034523], [32.58893083016358, 46.52092000880376], [32.58919157130072, 46.5209209455303]], [[32.616308718999605, 46.521015120036296], [32.61578469657028, 46.521373342318604], [32.615785965352096, 46.52119335596728], [32.616308718999605, 46.521015120036296]], [[32.636649066213664, 46.52072155873142], [32.63612277650859, 46.52143984814521], [32.63586684131213, 46.52071907130745], [32.636649066213664, 46.52072155873142]], [[32.58997379479013, 46.52092375214392], [32.589711698746385, 46.52110280299152], [32.58971305361401, 46.52092281720037], [32.58997379479013, 46.52092375214392]], [[32.63873142081734, 46.52126812620132], [32.637690836486684, 46.52090485379113], [32.63795636123096, 46.52018573205617], [32.6387373857142, 46.5203681920226], [32.63873142081734, 46.52126812620132]], [[32.647340648034415, 46.5205750304252], [32.64733598974466, 46.521294978427974], [32.64707990678537, 46.520574226251036], [32.647340648034415, 46.5205750304252]], [[32.609010517433, 46.520630425288914], [32.60874719305791, 46.52098950617576], [32.60874977705327, 46.52062953374278], [32.609010517433, 46.520630425288914]], [[32.61135589802448, 46.520818408734215], [32.61109644091551, 46.520637536262136], [32.61135718140629, 46.520638422459314], [32.61135589802448, 46.520818408734215]], [[32.61135718140629, 46.520638422459314], [32.6116204869142, 46.52027933548414], [32.61161792190937, 46.52063930806216], [32.61135718140629, 46.520638422459314]], [[32.622831020546634, 46.52049684022824], [32.62178681103468, 46.52067338299625], [32.62152357043851, 46.521032493542535], [32.62152731985036, 46.52049253407855], [32.62231328178777, 46.51995515998746], [32.622831020546634, 46.52049684022824]], [[32.62491446507022, 46.520863672283944], [32.62465248360573, 46.5210428035333], [32.62465372308986, 46.520862816986586], [32.62491446507022, 46.520863672283944]], [[32.62621940945629, 46.520687953271185], [32.625696691082474, 46.52086623460996], [32.62569792711083, 46.52068624803618], [32.62621940945629, 46.520687953271185]], [[32.626739659264615, 46.52086964272395], [32.6264776837441, 46.52104877817101], [32.62647891720134, 46.52086879158696], [32.626739659264615, 46.52086964272395]], [[32.641341233418764, 46.520916357832796], [32.64264966733969, 46.5202004905036], [32.643169967714506, 46.52038210538443], [32.6429045107142, 46.52110123938788], [32.641341233418764, 46.520916357832796]], [[32.59571277402515, 46.520584198669994], [32.5954506983868, 46.520763262743515], [32.5954520342874, 46.52058327681324], [32.59571277402515, 46.520584198669994]], [[32.61266088404452, 46.520642844530265], [32.61239886355438, 46.520821947601746], [32.61240014349233, 46.52064196130473], [32.61266088404452, 46.520642844530265]], [[32.623871497220094, 46.52086024752853], [32.62361199820345, 46.520679403322845], [32.62387273927527, 46.520680260992165], [32.623871497220094, 46.52086024752853]], [[32.64108286115639, 46.52055556620922], [32.64029826263875, 46.52091308285055], [32.64030182604501, 46.52037312223375], [32.64108286115639, 46.52055556620922]], [[32.589455023869085, 46.52056191007474], [32.58998056462877, 46.52002382307318], [32.590237242231694, 46.52056471487031], [32.589455023869085, 46.52056191007474]], [[32.59023859533847, 46.52038472905033], [32.590502038410456, 46.52002569111891], [32.590499333957666, 46.52038566278771], [32.59023859533847, 46.52038472905033]], [[32.62674089184905, 46.52068965612888], [32.626481384080364, 46.520508818401716], [32.62674212442169, 46.52050966952808], [32.62674089184905, 46.52068965612888]], [[32.626481384080364, 46.520508818401716], [32.6262218780336, 46.52032798008517], [32.62648261750214, 46.520328831800526], [32.626481384080364, 46.520508818401716]], [[32.59936710057585, 46.520057084177246], [32.59911033459374, 46.51951621254062], [32.59963180410747, 46.51951803895022], [32.59936710057585, 46.520057084177246]], [[32.5978026767666, 46.52005159414806], [32.59806075951797, 46.520412482642726], [32.59780002052632, 46.520411566140616], [32.5978026767666, 46.52005159414806]], [[32.59832415131886, 46.520053426535036], [32.59858753963789, 46.51969436978728], [32.59884562592197, 46.52005525654477], [32.59832415131886, 46.520053426535036]], [[32.61526956069438, 46.520471657734255], [32.615532839671765, 46.52011256166209], [32.615530300519985, 46.52047253441669], [32.61526956069438, 46.520471657734255]], [[32.615532839671765, 46.52011256166209], [32.6157961151689, 46.519753464950846], [32.61605431591568, 46.5201143132221], [32.615532839671765, 46.52011256166209]], [[32.61605304806776, 46.5202942996132], [32.61579104035776, 46.52047341050479], [32.615792309078785, 46.52029342412488], [32.61605304806776, 46.5202942996132]], [[32.62491818086844, 46.520323712593495], [32.624395461775954, 46.52050198799505], [32.624396702085406, 46.52032200143655], [32.62491818086844, 46.520323712593495]], [[32.625701635124805, 46.52014628828055], [32.62517768255119, 46.52050455385502], [32.62517892027776, 46.520324567280475], [32.625701635124805, 46.52014628828055]], [[32.60301873545173, 46.51988982492265], [32.603276852057746, 46.520250701764354], [32.60301611367423, 46.52024979715434], [32.60301873545173, 46.51988982492265]], [[32.60901309965692, 46.52027045282192], [32.60953715574035, 46.5199122615968], [32.60953586638118, 46.52009224785573], [32.60901309965692, 46.52027045282192]], [[32.62726606680578, 46.52015139675782], [32.627004096474685, 46.52033053344829], [32.627005328162745, 46.52015054683074], [32.62726606680578, 46.52015139675782]], [[32.629611492044326, 46.52033900602749], [32.62935197637396, 46.52015817477884], [32.62961271512285, 46.52015901935701], [32.629611492044326, 46.52033900602749]], [[32.62935197637396, 46.52015817477884], [32.6290924624255, 46.51997734294069], [32.629353200301715, 46.5199781881079], [32.62935197637396, 46.52015817477884]], [[32.64734181257896, 46.520395043410225], [32.64786678178951, 46.51985668885617], [32.64760255297819, 46.52039584698502], [32.64734181257896, 46.520395043410225]], [[32.615012634756035, 46.51993082134992], [32.614750625397164, 46.52010992986471], [32.614751897537616, 46.51992994349529], [32.615012634756035, 46.51993082134992]], [[32.61761874493877, 46.52011955363844], [32.617882006757974, 46.5197604520853], [32.617879483151675, 46.52012042496104], [32.61761874493877, 46.52011955363844]], [[32.62283600237585, 46.519776894088615], [32.62335623213286, 46.519958598899464], [32.62283351148511, 46.52013686716987], [32.62283600237585, 46.519776894088615]], [[32.62283849321884, 46.51941692098451], [32.62257651194486, 46.51959604752502], [32.622577758221304, 46.51941606097548], [32.62283849321884, 46.51941692098451]], [[32.627787544127216, 46.520153094829006], [32.628311476227076, 46.51979481721764], [32.62831024886731, 46.51997480387312], [32.627787544127216, 46.520153094829006]], [[32.63639432803678, 46.519820796152345], [32.636131187632955, 46.52017994065655], [32.636133590707715, 46.51981996703693], [32.63639432803678, 46.519820796152345]], [[32.63847903329965, 46.52000739453942], [32.637699211209025, 46.519644945965254], [32.638485002101014, 46.519107460186476], [32.637442066260945, 46.51910415925957], [32.63665266574636, 46.52018159831377], [32.63665746496233, 46.51946165101026], [32.635614522556544, 46.519458333401445], [32.635361011289774, 46.518377581542346], [32.63796472960582, 46.518925824034206], [32.63979342977583, 46.51839162528531], [32.63847903329965, 46.52000739453942]], [[32.468483992707014, 46.518983815586516], [32.467959024440376, 46.51934135672863], [32.46796253803386, 46.518981391329156], [32.468483992707014, 46.518983815586516]], [[32.590245360677855, 46.51948479986459], [32.58998191855757, 46.51984383724187], [32.58998462637624, 46.51948386556209], [32.590245360677855, 46.51948479986459]], [[32.59155172981632, 46.51912949069], [32.59102891410676, 46.51930761333452], [32.5910302645401, 46.51912762745699], [32.59155172981632, 46.51912949069]], [[32.59102891410676, 46.51930761333452], [32.59076682931999, 46.5194866666867], [32.590768180627165, 46.519306680820726], [32.59102891410676, 46.51930761333452]], [[32.59076682931999, 46.5194866666867], [32.59050339061741, 46.51984570527593], [32.59050609499244, 46.51948573357279], [32.59076682931999, 46.5194866666867]], [[32.5910302645401, 46.51912762745699], [32.59077223447102, 46.51876672318849], [32.591032965367965, 46.51876765568478], [32.5910302645401, 46.51912762745699]], [[32.59988989649407, 46.51987892338188], [32.60015195334447, 46.519699849050326], [32.60015063300443, 46.51987983511231], [32.59988989649407, 46.51987892338188]], [[32.60093547811335, 46.519522594573914], [32.59989518122195, 46.519158979122395], [32.60067869902776, 46.5189817263662], [32.60093547811335, 46.519522594573914]], [[32.612405263121445, 46.51992201605951], [32.61214580676285, 46.51974114594166], [32.61240782286241, 46.519562043402594], [32.612405263121445, 46.51992201605951]], [[32.61606065497302, 46.51921438118086], [32.61710359038815, 46.51921787705979], [32.61709853294126, 46.5199378227916], [32.6163163210307, 46.519935201708336], [32.61606065497302, 46.51921438118086]], [[32.64604161723129, 46.51985105561753], [32.64526057540444, 46.51966864546008], [32.646304690867886, 46.51949188810775], [32.64604161723129, 46.51985105561753]], [[32.64578321880183, 46.519490274470925], [32.64552365328964, 46.51930947974705], [32.645784388444945, 46.51931028745189], [32.64578321880183, 46.519490274470925]], [[32.60432503200354, 46.519534369662054], [32.60406298959986, 46.51971345360461], [32.60406429701355, 46.51953346745187], [32.60432503200354, 46.519534369662054]], [[32.6142329708254, 46.51956821326906], [32.61397096066659, 46.51974732000687], [32.613972235365424, 46.519567333642485], [32.6142329708254, 46.51956821326906]], [[32.63039859285665, 46.51962158943242], [32.630136635333926, 46.5198007333512], [32.63013785665543, 46.519620746653004], [32.63039859285665, 46.51962158943242]], [[32.461706864658346, 46.5187721323069], [32.46144436032254, 46.518950887550034], [32.46144613861434, 46.51877090503231], [32.461706864658346, 46.5187721323069]], [[32.60302135717898, 46.51952985266808], [32.60276193395742, 46.51934896135618], [32.60302266802377, 46.51934986653223], [32.60302135717898, 46.51952985266808]], [[32.60276193395742, 46.51934896135618], [32.60224177927734, 46.51916716309659], [32.602763245650536, 46.51916897522026], [32.60276193395742, 46.51934896135618]], [[32.60224177927734, 46.51916716309659], [32.60198236037284, 46.51898627001866], [32.60224309267967, 46.51898717696628], [32.60224177927734, 46.51916716309659]], [[32.615017719752274, 46.51921087579312], [32.614754441781955, 46.5195699707393], [32.61475698597752, 46.51920999796044], [32.615017719752274, 46.51921087579312]], [[32.618144004185204, 46.51958133635082], [32.61684918235657, 46.5183170717154], [32.618676807783096, 46.51796319756981], [32.618144004185204, 46.51958133635082]], [[32.621534818350675, 46.5194126149963], [32.62127283283191, 46.519591738538324], [32.62127408341294, 46.51941175201573], [32.621534818350675, 46.5194126149963]], [[32.62335996324971, 46.51941863921967], [32.6230979836737, 46.519597766959514], [32.62309922822831, 46.519417780399245], [32.62335996324971, 46.51941863921967]], [[32.623882675288215, 46.51924036849551], [32.623619455450246, 46.51959948401679], [32.6236219411039, 46.51923951086905], [32.623882675288215, 46.51924036849551]], [[32.47422520682295, 46.518470376848036], [32.47396100779683, 46.51882914389326], [32.47396448169229, 46.51846917811269], [32.47422520682295, 46.518470376848036]], [[32.60797791213694, 46.51918696571172], [32.60771588335818, 46.51936605807574], [32.60771717869422, 46.519186071832976], [32.60797791213694, 46.51918696571172]], [[32.599376360857995, 46.518797181782965], [32.598852249081716, 46.519155326348844], [32.598853573675584, 46.5189753402925], [32.599376360857995, 46.518797181782965]], [[32.601722943190104, 46.51880537635206], [32.60145957981197, 46.51916444045385], [32.60146221176935, 46.51880446822154], [32.601722943190104, 46.51880537635206]], [[32.6051137567113, 46.518637141764714], [32.604588378352226, 46.51917529893279], [32.60485302598823, 46.51863624136558], [32.6051137567113, 46.518637141764714]], [[32.6092828696947, 46.51901143990905], [32.60902084603177, 46.519190535283734], [32.609022137050935, 46.51901054900736], [32.6092828696947, 46.51901143990905]], [[32.62205753624839, 46.51923435263001], [32.62231951747458, 46.519055227266676], [32.62231827036112, 46.51923521382227], [32.62205753624839, 46.51923435263001]], [[32.622320764576095, 46.51887524070538], [32.62128408762974, 46.517971859629114], [32.62180429497967, 46.51815357148878], [32.62232949395205, 46.51761533461622], [32.62233572886209, 46.51671540152393], [32.62415706078906, 46.51726137268858], [32.623387321495954, 46.51545893332944], [32.62417443309572, 46.514741558984156], [32.62571399440152, 46.51834642205697], [32.62441158487181, 46.518162162288704], [32.624676031773184, 46.517623058168574], [32.62441902562324, 46.51708224240619], [32.622320764576095, 46.51887524070538]], [[32.621810538677295, 46.517253638536054], [32.62154856448152, 46.51743276281107], [32.621290339875785, 46.517071926701725], [32.621810538677295, 46.517253638536054]], [[32.62128783901331, 46.51743189988983], [32.62102461092503, 46.51779100952878], [32.62102711355709, 46.517431036374326], [32.62128783901331, 46.51743189988983]], [[32.621290339875785, 46.517071926701725], [32.62103086741524, 46.51689107659979], [32.62129159028905, 46.51689194009911], [32.621290339875785, 46.517071926701725]], [[32.623654250266526, 46.514559857868115], [32.6233922951029, 46.51473898650676], [32.62261140317136, 46.51455642197761], [32.623654250266526, 46.514559857868115]], [[32.62388888490949, 46.51834043549935], [32.62440910452626, 46.51852213553717], [32.62388764300904, 46.518520422110015], [32.62388888490949, 46.51834043549935]], [[32.62440910452626, 46.51852213553717], [32.62466859597298, 46.51870297798032], [32.62440786433565, 46.518702122152824], [32.62440910452626, 46.51852213553717]], [[32.645786727697526, 46.51895031339667], [32.646307026699226, 46.51913191404378], [32.64656659397805, 46.51931270700054], [32.645786727697526, 46.51895031339667]], [[32.60433156457961, 46.51863443878444], [32.603808795009144, 46.51881262000185], [32.603810103221065, 46.51863263382616], [32.60433156457961, 46.51863443878444]], [[32.60771976932907, 46.5188260993303], [32.60745774144845, 46.51900519111703], [32.60745903762055, 46.51882520486843], [32.60771976932907, 46.5188260993303]], [[32.60850325724528, 46.51864879287347], [32.60824123278336, 46.51882788647115], [32.608242526360414, 46.51864790020006], [32.60850325724528, 46.51864879287347]], [[32.61919197667591, 46.518864867303996], [32.61892998613593, 46.51904398548201], [32.61893124442902, 46.518863998990966], [32.61919197667591, 46.518864867303996]], [[32.62049438496318, 46.519049186478256], [32.62024117554682, 46.51796840193669], [32.621023359591014, 46.517970996097425], [32.62049438496318, 46.519049186478256]], [[32.62024117554682, 46.51796840193669], [32.6199817023335, 46.51778754948087], [32.62024242946336, 46.51778841538425], [32.62024117554682, 46.51796840193669]], [[32.62597225433755, 46.51870724820344], [32.62518758403171, 46.51906466109868], [32.625190059283234, 46.51870468785244], [32.62597225433755, 46.51870724820344]], [[32.597813301218636, 46.51861170594905], [32.59755522855623, 46.518250816814465], [32.597815957204375, 46.51825173384211], [32.597813301218636, 46.51861170594905]], [[32.59755522855623, 46.518250816814465], [32.59729582961629, 46.51806991314194], [32.59755655739086, 46.518070830758134], [32.59755522855623, 46.518250816814465]], [[32.59729582961629, 46.51806991314194], [32.597037762928856, 46.51770902282465], [32.59729848896902, 46.51770994102363], [32.59729582961629, 46.51806991314194]], [[32.59833741453883, 46.51825356611459], [32.59807934007841, 46.517892678134224], [32.59834006703031, 46.51789359396187], [32.59833741453883, 46.51825356611459]], [[32.59730247790253, 46.51716998280325], [32.59782259694603, 46.51735180347468], [32.59729981862626, 46.51752995495589], [32.59730247790253, 46.51716998280325]], [[32.59730247790253, 46.51716998280325], [32.59678236234045, 46.51698815977204], [32.597303807521556, 46.51698999671836], [32.59730247790253, 46.51716998280325]], [[32.59652563629665, 46.516447282170176], [32.59547874961109, 46.51698355700686], [32.59548008524287, 46.51680357095648], [32.59652563629665, 46.516447282170176]], [[32.59989914463494, 46.518619020867725], [32.59963709217763, 46.5187980946678], [32.5996384141635, 46.51861810858289], [32.59989914463494, 46.518619020867725]], [[32.460412143027845, 46.51786607747028], [32.46014963886261, 46.518044829770886], [32.46015142137304, 46.51786484726287], [32.460412143027845, 46.51786607747028]], [[32.46771235626372, 46.517900282018374], [32.46744987572513, 46.51807905117144], [32.467451634133994, 46.51789906844956], [32.46771235626372, 46.517900282018374]], [[32.60720089995313, 46.51846433730908], [32.6069388721222, 46.51864342791868], [32.6069401699912, 46.518463441669844], [32.60720089995313, 46.51846433730908]], [[32.46484794774726, 46.51752693476944], [32.46432296989399, 46.51788445927328], [32.4643265073194, 46.51752449399488], [32.46484794774726, 46.51752693476944]], [[32.59990178684696, 46.51825904866937], [32.600421925006394, 46.51844085754684], [32.599900465747275, 46.51843903477142], [32.59990178684696, 46.51825904866937]], [[32.60824511347734, 46.51828792764075], [32.60772495044983, 46.51810615425632], [32.60824770054468, 46.51792795505856], [32.60824511347734, 46.51828792764075]], [[32.61267623201217, 46.51848300845396], [32.612939518346934, 46.51812391824853], [32.612936962245634, 46.51848389101898], [32.61267623201217, 46.51848300845396]], [[32.612939518346934, 46.51812391824853], [32.613201524042374, 46.51794481380893], [32.61320024687093, 46.51812480020823], [32.612939518346934, 46.51812391824853]], [[32.61476334625312, 46.518310065913255], [32.61424061359652, 46.51848829492979], [32.61424188734899, 46.5183083085199], [32.61476334625312, 46.518310065913255]], [[32.46380860775991, 46.51716208557257], [32.46302290654649, 46.517518381659464], [32.46224962398263, 46.516614794136814], [32.46277105553163, 46.51661724434246], [32.46380860775991, 46.51716208557257]], [[32.463806837368104, 46.51734206821086], [32.46406578713089, 46.517523272716254], [32.46380506695933, 46.5175220508434], [32.463806837368104, 46.51734206821086]], [[32.599123571606434, 46.51771635177714], [32.59886152097223, 46.517895423834375], [32.59886284547725, 46.517715437738], [32.599123571606434, 46.51771635177714]], [[32.60042720244241, 46.5177209130588], [32.60016515604903, 46.517899988115886], [32.600166476249896, 46.517720001991], [32.60042720244241, 46.5177209130588]], [[32.63197394744023, 46.51800675275651], [32.63171200286592, 46.51818590037131], [32.631713218916964, 46.518005913590166], [32.63197394744023, 46.51800675275651]], [[32.63327759023109, 46.51801093967404], [32.63301564990291, 46.51819009028642], [32.633016861649686, 46.51801010347909], [32.63327759023109, 46.51801093967404]], [[32.6111169871264, 46.51775775517489], [32.610594247962936, 46.51793596752468], [32.610595533730496, 46.51775598117495], [32.6111169871264, 46.51775775517489]], [[32.616596048574536, 46.51723627919491], [32.61737443169751, 46.517778857762146], [32.616069529143026, 46.51795447608304], [32.616596048574536, 46.51723627919491]], [[32.63614920957103, 46.517480137952404], [32.63536462328695, 46.51783762097965], [32.635367031227375, 46.51747764724262], [32.63614920957103, 46.517480137952404]], [[32.65309528665537, 46.51771277721109], [32.65283226632765, 46.518071960596345], [32.6528345589373, 46.51771198619139], [32.65309528665537, 46.51771277721109]], [[32.602253599445206, 46.51754728771791], [32.601991559862725, 46.51772636698603], [32.60199287402518, 46.51754638081563], [32.602253599445206, 46.51754728771791]], [[32.610075367860766, 46.517574218453554], [32.60981335372906, 46.517753315718004], [32.60981464206678, 46.517573329379196], [32.610075367860766, 46.517574218453554]], [[32.615551881759, 46.517412765273846], [32.61502788916001, 46.51777098440514], [32.61503043139014, 46.51741101150099], [32.615551881759, 46.517412765273846]], [[32.62936788651994, 46.5178183476111], [32.62910838361054, 46.51763751576732], [32.62936911029522, 46.517638360865874], [32.62936788651994, 46.5178183476111]], [[32.62910838361054, 46.51763751576732], [32.628848882422815, 46.51745668333414], [32.629109608234934, 46.517457529021684], [32.62910838361054, 46.51763751576732]], [[32.62989056369977, 46.51764004928017], [32.629628614077184, 46.517819192120655], [32.62962983699163, 46.51763920537016], [32.62989056369977, 46.51764004928017]], [[32.59964898959441, 46.51717821969779], [32.59940017015992, 46.51555743148244], [32.59992688533566, 46.514839311644046], [32.599412073270926, 46.513937555637355], [32.60123044750062, 46.51484386355656], [32.59964898959441, 46.51717821969779]], [[32.59964766770989, 46.517358205828444], [32.59990707111908, 46.517539104204005], [32.599646345812694, 46.51753819195337], [32.59964766770989, 46.517358205828444]], [[32.59991235518864, 46.516819159647156], [32.60017043677661, 46.517180043581995], [32.59990971317918, 46.51717913193702], [32.59991235518864, 46.516819159647156]], [[32.605122883714316, 46.51737723817768], [32.60539794015197, 46.51539828882131], [32.606443399962416, 46.515041909006854], [32.60539012303307, 46.516478206609904], [32.60642650738749, 46.51738173106253], [32.605122883714316, 46.51737723817768]], [[32.6046184052364, 46.515035615319555], [32.60514635033957, 46.514137484810185], [32.60618788712749, 46.51432106627143], [32.605661259290684, 46.51503921527756], [32.6046184052364, 46.515035615319555]], [[32.60618788712749, 46.51432106627143], [32.606449896546316, 46.51414197718968], [32.60644859725444, 46.514321963564534], [32.60618788712749, 46.51432106627143]], [[32.60669891949623, 46.515762751101406], [32.60695833885127, 46.51594363358556], [32.60669762095304, 46.51594273743043], [32.60669891949623, 46.515762751101406]], [[32.60720868174089, 46.51738441966233], [32.60694925472592, 46.51720353776778], [32.60720997866202, 46.51720443336784], [32.60720868174089, 46.51738441966233]], [[32.63875527869, 46.51766838862946], [32.63849574522278, 46.51748757799125], [32.6387564714636, 46.51748840169089], [32.63875527869, 46.51766838862946]], [[32.63849574522278, 46.51748757799125], [32.638236213477214, 46.51730676676333], [32.63849693884578, 46.51730759105209], [32.63849574522278, 46.51748757799125]], [[32.63771954748173, 46.516585168651176], [32.63850051964616, 46.51676763020038], [32.63849813245734, 46.517127604107245], [32.63771954748173, 46.516585168651176]], [[32.601996816437016, 46.51700642227016], [32.60226804493269, 46.51556743940387], [32.603831032906925, 46.51575285423767], [32.60252613627925, 46.51592831813311], [32.6025182621248, 46.517008235446454], [32.60408129225144, 46.51719364694604], [32.601996816437016, 46.51700642227016]], [[32.60226804493269, 46.51556743940387], [32.60174924277381, 46.51520565265737], [32.602270671221376, 46.5152074669088], [32.60226804493269, 46.51556743940387]], [[32.61320663260573, 46.517224868154514], [32.61268390533416, 46.51740309010711], [32.61268518417826, 46.517223103695954], [32.61320663260573, 46.517224868154514]], [[32.616863098138595, 46.51633722022696], [32.6184286787456, 46.51616246269334], [32.618421119561916, 46.51724238200315], [32.61763768372035, 46.51741975659477], [32.616863098138595, 46.51633722022696]], [[32.62702503356649, 46.517270760172906], [32.62676307634933, 46.51744989644021], [32.62676430870937, 46.51726990973655], [32.62702503356649, 46.517270760172906]], [[32.592350080368085, 46.51697244975697], [32.59287018086081, 46.51715429289461], [32.59234873439399, 46.51715243573221], [32.592350080368085, 46.51697244975697]], [[32.59417647713741, 46.51679895336392], [32.59391709633846, 46.516618042041216], [32.594177817060284, 46.51661896733668], [32.59417647713741, 46.51679895336392]], [[32.59912886605634, 46.51699640731161], [32.59834537186076, 46.51717364958782], [32.5983466980366, 46.51699366348001], [32.59912886605634, 46.51699640731161]], [[32.601213331292726, 46.51718368421936], [32.60095392521262, 46.51700278878657], [32.60121596469427, 46.516823711872604], [32.601213331292726, 46.51718368421936]], [[32.613990079866525, 46.51704752394101], [32.613728081082144, 46.51722663023603], [32.61372935647078, 46.51704664379714], [32.613990079866525, 46.51704752394101]], [[32.6278084371136, 46.51709332118579], [32.62754648331612, 46.51727245926283], [32.62754771308191, 46.51709247253753], [32.6278084371136, 46.51709332118579]], [[32.62911083284759, 46.51727754227031], [32.628852558808006, 46.516916723078765], [32.62911328203769, 46.51691756875045], [32.62911083284759, 46.51727754227031]], [[32.62833111238389, 46.51691502995262], [32.62807775713676, 46.515834261928404], [32.62911940480759, 46.5160176348508], [32.62964695656351, 46.5151193902633], [32.6301586173305, 46.516560971909726], [32.628857460490536, 46.51619677599161], [32.62833111238389, 46.51691502995262]], [[32.62807775713676, 46.515834261928404], [32.62781949672853, 46.51547344035312], [32.62808021302505, 46.51547428835944], [32.62807775713676, 46.515834261928404]], [[32.63250025827934, 46.51728848206173], [32.632240747447284, 46.5171076572847], [32.63250147168968, 46.51710849523629], [32.63250025827934, 46.51728848206173]], [[32.6325026850884, 46.51692850840514], [32.63198245344553, 46.51674684509176], [32.63250389847548, 46.51674852156826], [32.6325026850884, 46.51692850840514]], [[32.635631366572056, 46.51693851740951], [32.63536823518028, 46.517297660365536], [32.63537064305148, 46.51693768659422], [32.635631366572056, 46.51693851740951]], [[32.461471032910254, 46.5162511491813], [32.461208540019825, 46.516429904010316], [32.46121031893376, 46.51624992141989], [32.461471032910254, 46.5162511491813]], [[32.609036337445325, 46.5170306995899], [32.609302220585356, 46.51631164499385], [32.609557783806665, 46.51703248067654], [32.609036337445325, 46.5170306995899]], [[32.61972725322627, 46.51688675018943], [32.61946527398569, 46.51706586968937], [32.619466530424546, 46.5168858831246], [32.61972725322627, 46.51688675018943]], [[32.62676677339402, 46.51690993631209], [32.626504817073105, 46.51708907200188], [32.62650605027033, 46.516909085292106], [32.62676677339402, 46.51690993631209]], [[32.63015617507368, 46.51692094549466], [32.62989422979034, 46.5171000889786], [32.629895451797104, 46.51692010219998], [32.63015617507368, 46.51692094549466]], [[32.59469925854245, 46.51662081614489], [32.594437198732855, 46.51679987807093], [32.59443853779495, 46.51661989203791], [32.59469925854245, 46.51662081614489]], [[32.60825546144921, 46.51684803717477], [32.60852264650151, 46.51594899803748], [32.60851618372577, 46.5168489297924], [32.60825546144921, 46.51684803717477]], [[32.607736607245414, 46.51648627750543], [32.60747459071698, 46.51666536943915], [32.60747588672763, 46.516485383116226], [32.607736607245414, 46.51648627750543]], [[32.61373190721138, 46.516686670902175], [32.613469909324465, 46.516865776619895], [32.61347118554945, 46.516685790175046], [32.61373190721138, 46.516686670902175]], [[32.61920706492246, 46.51670502890044], [32.618945084857216, 46.51688414721218], [32.61894634300562, 46.51670416065253], [32.61920706492246, 46.51670502890044]], [[32.62103211867732, 46.51671108999684], [32.62207750240314, 46.51635456714085], [32.62181303607258, 46.51689366531497], [32.62103211867732, 46.51671108999684]], [[32.61477733778677, 46.5163302149064], [32.61425462420232, 46.51650844410662], [32.61425589782053, 46.51632845763385], [32.61477733778677, 46.5163302149064]], [[32.63563377267552, 46.51657854360496], [32.635371846969775, 46.51675769969999], [32.63537305087653, 46.51657771280006], [32.63563377267552, 46.51657854360496]], [[32.63537305087653, 46.51657771280006], [32.63511353384509, 46.51639689450044], [32.635374254771754, 46.51639772589439], [32.63537305087653, 46.51657771280006]], [[32.63537666252759, 46.51603775206595], [32.63511473858955, 46.51621690759427], [32.63511594332247, 46.516036920682375], [32.63537666252759, 46.51603775206595]], [[32.45808533098078, 46.51587517692185], [32.45861033001983, 46.51551768101323], [32.458606755098, 46.51587764608044], [32.45808533098078, 46.51587517692185]], [[32.622336975808246, 46.51653541488833], [32.62260018915523, 46.5161763021065], [32.622858418244284, 46.51653713532866], [32.622336975808246, 46.51653541488833]], [[32.601481949841876, 46.51610467575009], [32.60121991470194, 46.516283753309565], [32.60122123134593, 46.51610376711046], [32.601481949841876, 46.51610467575009]], [[32.6377219397666, 46.51622519474096], [32.6374600225997, 46.51640435565318], [32.63746121959718, 46.516224368700385], [32.6377219397666, 46.51622519474096]], [[32.61269285698555, 46.51614318510901], [32.612957409684434, 46.51560410821513], [32.613214295083615, 46.5161449495014], [32.61269285698555, 46.51614318510901]], [[32.61322068014532, 46.51524501713326], [32.61243725635764, 46.51542235620455], [32.612439815485445, 46.515062383261814], [32.61322068014532, 46.51524501713326]], [[32.61921209395243, 46.51598508258303], [32.62026249049392, 46.5149086297679], [32.62104463063857, 46.514911223653044], [32.6207751529729, 46.51617026608175], [32.61921209395243, 46.51598508258303]], [[32.6192133511798, 46.51580509598938], [32.618953891642846, 46.51562424117467], [32.619214608395126, 46.51562510939002], [32.6192133511798, 46.51580509598938]], [[32.6213028434692, 46.515272060418276], [32.62182052797126, 46.5158137455145], [32.62155731126492, 46.516172856514935], [32.621296591822265, 46.516171993631446], [32.6213028434692, 46.515272060418276]], [[32.62156355860815, 46.51527292327481], [32.62182552233108, 46.51509379886656], [32.621824273759074, 46.51527378553711], [32.62156355860815, 46.51527292327481]], [[32.6278158102962, 46.51601340068211], [32.62755386173412, 46.51619253882526], [32.62755509142921, 46.51601255206567], [32.6278158102962, 46.51601340068211]], [[32.46174240970146, 46.51517248059328], [32.46121921324774, 46.51535000838159], [32.461220992059395, 46.51517002575669], [32.46174240970146, 46.51517248059328]], [[32.618169220129715, 46.515981606112796], [32.61790976323534, 46.51580074894317], [32.61817048080008, 46.51580161954087], [32.618169220129715, 46.515981606112796]], [[32.61790976323534, 46.51580074894317], [32.61765157043012, 46.51543990461203], [32.61791228626131, 46.515440775793074], [32.61790976323534, 46.51580074894317]], [[32.62599077847505, 46.516007447888036], [32.6257312953993, 46.515826608383854], [32.62599324815887, 46.5156474744155], [32.62599077847505, 46.516007447888036]], [[32.62729560311807, 46.51583171609498], [32.6270336537306, 46.51601085305007], [32.627034885135416, 46.51583086629537], [32.62729560311807, 46.51583171609498]], [[32.49302759049923, 46.51531542137131], [32.49355235630787, 46.514957764113745], [32.49354901217552, 46.51531773122684], [32.49302759049923, 46.51531542137131]], [[32.6051346175329, 46.51575736172549], [32.604875205138576, 46.515576475120966], [32.605135921228054, 46.51557737542445], [32.6051346175329, 46.51575736172549]], [[32.604875205138576, 46.515576475120966], [32.60461579446571, 46.515395587927735], [32.60487650968196, 46.51539648881981], [32.604875205138576, 46.515576475120966]], [[32.62651468232002, 46.515649178163684], [32.62625273125828, 46.515828313331156], [32.62625396523353, 46.51564832658671], [32.62651468232002, 46.515649178163684]], [[32.622868379611454, 46.51509724195208], [32.6226051732818, 46.5154563554397], [32.62260766527344, 46.51509638207202], [32.622868379611454, 46.51509724195208]], [[32.4612281071356, 46.514450095199734], [32.460965622178534, 46.51462884956104], [32.460967401782625, 46.51444886692087], [32.4612281071356, 46.514450095199734]], [[32.60305412453041, 46.515030197556214], [32.60279209971927, 46.51520927878334], [32.60279341112332, 46.51502929251592], [32.60305412453041, 46.515030197556214]], [[32.607748263035724, 46.51486640029141], [32.60722424397421, 46.5152245837513], [32.607225540746214, 46.51504459738821], [32.607748263035724, 46.51486640029141]], [[32.607748263035724, 46.51486640029141], [32.608010269984376, 46.51468730764483], [32.60800897581931, 46.51486729403611], [32.607748263035724, 46.51486640029141]], [[32.617132666945984, 46.515078187327], [32.61687068794692, 46.51525730094174], [32.61687195287255, 46.515077314374196], [32.617132666945984, 46.515078187327]], [[32.61817426273871, 46.51526165979082], [32.617914809238925, 46.5150808026201], [32.61817678397073, 46.51490168659554], [32.61817426273871, 46.51526165979082]], [[32.627820725515754, 46.51529345356537], [32.62808266886628, 46.51511431476761], [32.62808144095155, 46.515294301566364], [32.627820725515754, 46.51529345356537]], [[32.62834461049536, 46.514935175359305], [32.62808512466044, 46.51475434115291], [32.628345837525856, 46.514755188543816], [32.62834461049536, 46.514935175359305]], [[32.46227625451886, 46.51391505430352], [32.46149059037144, 46.514271340223154], [32.46149592386673, 46.513731392204896], [32.46227625451886, 46.51391505430352]], [[32.49329499297257, 46.51459664237594], [32.49277860194134, 46.51405438070771], [32.49330001153666, 46.514056691650524], [32.49329499297257, 46.51459664237594]], [[32.60696612475945, 46.51486371549209], [32.60670411354457, 46.515042805728186], [32.606705412025555, 46.51486281937058], [32.60696612475945, 46.51486371549209]], [[32.45236775070675, 46.51404803560651], [32.452630260863046, 46.5138693010673], [32.452628453771446, 46.51404928347712], [32.45236775070675, 46.51404803560651]], [[32.452630260863046, 46.5138693010673], [32.4528963816737, 46.51333060104866], [32.452890963084485, 46.513870548335966], [32.452630260863046, 46.5138693010673]], [[32.4528963816737, 46.51333060104866], [32.453158886632, 46.51315186525141], [32.45315708133076, 46.51333184769978], [32.4528963816737, 46.51333060104866]], [[32.46097274049259, 46.51390891896589], [32.46071025732494, 46.514087672765626], [32.46071203773846, 46.5139076901159], [32.46097274049259, 46.51390891896589]], [[32.60383888071185, 46.51467293651459], [32.603321386175, 46.514131170522795], [32.60410220656109, 46.51431386653539], [32.60383888071185, 46.51467293651459]], [[32.62131159527172, 46.51401215367979], [32.62052445671505, 46.51472950833549], [32.62052821519779, 46.51418954833615], [32.62131159527172, 46.51401215367979]], [[32.454194474451114, 46.51387677576703], [32.45471767930839, 46.513699280102585], [32.45471587911868, 46.51387926258041], [32.454194474451114, 46.51387677576703]], [[32.45471767930839, 46.513699280102585], [32.45498018011937, 46.51352054011896], [32.45497838080748, 46.513700522610286], [32.45471767930839, 46.513699280102585]], [[32.574381347612075, 46.51420713827326], [32.57516207070641, 46.51439003151424], [32.57437994244568, 46.51438712392483], [32.574381347612075, 46.51420713827326]], [[32.61818056572816, 46.514361726759745], [32.61765788208705, 46.51453997166396], [32.617659144382145, 46.51435998505718], [32.61818056572816, 46.514361726759745]], [[32.62835197250195, 46.51385525438061], [32.62834706454459, 46.5145752017226], [32.62782564054692, 46.51457350635719], [32.62835197250195, 46.51385525438061]], [[32.620267505270995, 46.514188683135195], [32.62000554081929, 46.514367804001374], [32.62000679535621, 46.51418781734003], [32.620267505270995, 46.514188683135195]], [[32.622091227358844, 46.51437471376831], [32.62157230438582, 46.51401301649857], [32.62183301351188, 46.51401387872316], [32.622091227358844, 46.51437471376831]], [[32.61296890999113, 46.513984229744835], [32.61270692265319, 46.51416333383174], [32.61270820127673, 46.513983347317684], [32.61296890999113, 46.513984229744835]], [[32.627828097991845, 46.5142135327188], [32.627047198534584, 46.51403099843412], [32.62782932669665, 46.51403354589104], [32.627828097991845, 46.5142135327188]], [[32.4860087675015, 46.513124205202864], [32.48548566884102, 46.51330184445153], [32.48548736741656, 46.51312186106017], [32.4860087675015, 46.513124205202864]], [[32.61974734083903, 46.514006964289024], [32.62027001258745, 46.51382870978454], [32.620268758935225, 46.514008696462724], [32.61974734083903, 46.514006964289024]], [[32.63226381638854, 46.51368790661514], [32.63200189360093, 46.51386705509236], [32.63174240064647, 46.51368622912835], [32.63226381638854, 46.51368790661514]], [[32.45837465425691, 46.51299669074085], [32.458112167042884, 46.513175438589364], [32.45811395597655, 46.512995455987934], [32.45837465425691, 46.51299669074085]], [[32.4828991458829, 46.51113028782243], [32.48188203910444, 46.508425818004454], [32.48367951272883, 46.511313804129784], [32.48313936152033, 46.513291266333205], [32.48158884878783, 46.511844321108825], [32.4828991458829, 46.51113028782243]], [[32.60384542020462, 46.51377300492147], [32.6035860215062, 46.513592115373186], [32.603848035914005, 46.51341303224418], [32.60384542020462, 46.51377300492147]], [[32.62809371956938, 46.51349443332148], [32.62783055538968, 46.513853559057566], [32.627833012740425, 46.51349358537347], [32.62809371956938, 46.51349443332148]], [[32.4914885085584, 46.512608724504204], [32.49122277191707, 46.513147515918206], [32.491227810749734, 46.51260756522869], [32.4914885085584, 46.512608724504204]], [[32.604893467608484, 46.51305666638462], [32.60515026105028, 46.5135975257355], [32.60463015308538, 46.5134157382997], [32.604893467608484, 46.51305666638462]], [[32.60567427796714, 46.5132393516686], [32.60593758476965, 46.5128802773148], [32.60593498290528, 46.51324025011644], [32.60567427796714, 46.5132393516686]], [[32.62027126622766, 46.51364872310065], [32.62001181338369, 46.513467870637506], [32.62027251985585, 46.51346873641103], [32.62027126622766, 46.51364872310065]], [[32.62001557677809, 46.512927910550594], [32.618971503442005, 46.51310442825942], [32.61923472220199, 46.5127453230229], [32.62001557677809, 46.512927910550594]], [[32.6207939328362, 46.51347046617552], [32.62053197357247, 46.51364958828539], [32.62053322634002, 46.513469601590366], [32.6207939328362, 46.51347046617552]], [[32.62131534586453, 46.513472193563274], [32.6210533882981, 46.51365131687232], [32.621054639344365, 46.51347133016649], [32.62131534586453, 46.513472193563274]], [[32.62574735853338, 46.51348678039869], [32.62548541539538, 46.51366591390007], [32.62548665181069, 46.51348592710302], [32.62574735853338, 46.51348678039869]], [[32.62574735853338, 46.51348678039869], [32.626009299950084, 46.513307646286755], [32.626008065267904, 46.51348763310018], [32.62574735853338, 46.51348678039869]], [[32.626009299950084, 46.513307646286755], [32.62653194468245, 46.51312936306676], [32.62653071173336, 46.513309349896545], [32.626009299950084, 46.513307646286755]], [[32.45472848008439, 46.51261938511508], [32.45446598281908, 46.512798124564355], [32.454467783765814, 46.51261814205984], [32.45472848008439, 46.51261938511508]], [[32.48575146283203, 46.51276306661397], [32.48548906597581, 46.512941877663046], [32.485490764518794, 46.51276189426021], [32.48575146283203, 46.51276306661397]], [[32.60932543798288, 46.5130718893976], [32.60906344313296, 46.513250985144666], [32.60906473374394, 46.51307099867962], [32.60932543798288, 46.5130718893976]], [[32.61115421910524, 46.51253814822394], [32.61036825506212, 46.513075446327804], [32.61037597265056, 46.51199552725072], [32.61115421910524, 46.51253814822394]], [[32.60984813451459, 46.51289368256359], [32.60958614223417, 46.513072779521416], [32.609587431111564, 46.51289279303952], [32.60984813451459, 46.51289368256359]], [[32.62210120823619, 46.512934819972095], [32.62183925583355, 46.513113945113155], [32.621840504262, 46.51293395837401], [32.62210120823619, 46.512934819972095]], [[32.62262386205508, 46.51275655462476], [32.62236191222233, 46.51293568097601], [32.622363158917594, 46.512755694220395], [32.62262386205508, 46.51275655462476]], [[32.62888074091695, 46.512777026078965], [32.62914022003108, 46.512957858523336], [32.62887951573702, 46.51295701296791], [32.62888074091695, 46.512777026078965]], [[32.45290902444283, 46.5120707238439], [32.452646523908285, 46.51224945912044], [32.45264833082673, 46.51206947665318], [32.45290902444283, 46.5120707238439]], [[32.45448038990979, 46.51135826436748], [32.45343041172691, 46.51207321644301], [32.453435824634056, 46.51153326893665], [32.45448038990979, 46.51135826436748]], [[32.49123116989104, 46.51224759807367], [32.4909687933964, 46.51242642179165], [32.49097047381954, 46.512246438218526], [32.49123116989104, 46.51224759807367]], [[32.62053823729019, 46.512749654753115], [32.621058392411236, 46.51293137001471], [32.62053698457065, 46.512929641471004], [32.62053823729019, 46.512749654753115]], [[32.62862003749524, 46.512776179934654], [32.62835810718411, 46.51295532007453], [32.62835933408528, 46.512775333196174], [32.62862003749524, 46.512776179934654]], [[32.58274055819545, 46.51207804609275], [32.58143291981811, 46.5126132413148], [32.58143568339722, 46.51225326956686], [32.58274055819545, 46.51207804609275]], [[32.60385588274138, 46.512333114075105], [32.60359256492609, 46.512692183636716], [32.60359518220627, 46.51233221090211], [32.60385588274138, 46.512333114075105]], [[32.61897527709159, 46.51256446820324], [32.61871331625097, 46.51274358617164], [32.61871457498271, 46.51256359948596], [32.61897527709159, 46.51256446820324]], [[32.618463949190144, 46.51112283652679], [32.61820073326517, 46.51148194010002], [32.618203253989904, 46.51112196666467], [32.618463949190144, 46.51112283652679]], [[32.61872212711989, 46.51148367925187], [32.61897653495068, 46.51238448150642], [32.618193170801135, 46.5125618602689], [32.61871709241001, 46.512203626097445], [32.61872212711989, 46.51148367925187]], [[32.62810231390182, 46.51223452521004], [32.627839155911246, 46.51259365106322], [32.62784161309717, 46.51223367729911], [32.62810231390182, 46.51223452521004]], [[32.628622489541094, 46.51241620615021], [32.628360560974684, 46.5125953463121], [32.628361787852334, 46.51241535942231], [32.628622489541094, 46.51241620615021]], [[32.629405818101354, 46.51223875585228], [32.62888196608514, 46.512597039184314], [32.62888441638631, 46.51223706537787], [32.629405818101354, 46.51223875585228]], [[32.58613647281264, 46.511190428807566], [32.58772377596003, 46.50813631379195], [32.589543116678506, 46.508862821017225], [32.58875292143257, 46.50993992883415], [32.58771152802744, 46.50975618893972], [32.58822474790691, 46.510837983592126], [32.586397167326105, 46.51119137175346], [32.58638897500856, 46.5122712878102], [32.58300676313412, 46.511359053061774], [32.58613647281264, 46.511190428807566]], [[32.619761149286376, 46.51202711063372], [32.61949919360928, 46.512206230434266], [32.61950044972311, 46.51202624371518], [32.619761149286376, 46.51202711063372]], [[32.62836301471823, 46.5122353725268], [32.62862616752176, 46.511876245430685], [32.6286237155464, 46.51223621924941], [32.62836301471823, 46.5122353725268]], [[32.62862616752176, 46.511876245430685], [32.629148790019954, 46.51169795014377], [32.62914756577102, 46.511877937072285], [32.62862616752176, 46.511876245430685]], [[32.628627393491826, 46.51169625851274], [32.62810722469011, 46.51151457759206], [32.62862861945013, 46.5115162715891], [32.628627393491826, 46.51169625851274]], [[32.63044984164152, 46.512062142727785], [32.62966651897646, 46.51223960019825], [32.62966774152769, 46.51205961327063], [32.63044984164152, 46.512062142727785]], [[32.611940167657686, 46.51200084462147], [32.61037725887216, 46.511815540717855], [32.61012042178045, 46.511274692799205], [32.611425183046606, 46.51109914170885], [32.611940167657686, 46.51200084462147]], [[32.627845298787754, 46.5116937166101], [32.62758337116428, 46.51187285501767], [32.6275846005766, 46.511692868120925], [32.627845298787754, 46.5116937166101]], [[32.577791467823765, 46.51151991248881], [32.578314251503215, 46.511341850000996], [32.57831285946014, 46.511521835834635], [32.577791467823765, 46.51151991248881]], [[32.578314251503215, 46.511341850000996], [32.57857633765011, 46.51116282493134], [32.57857494648089, 46.511342810776696], [32.578314251503215, 46.511341850000996]], [[32.581962602405014, 46.51153523271239], [32.58274882271952, 46.51099813049872], [32.582746067930955, 46.51135810238629], [32.581962602405014, 46.51153523271239]], [[32.61768312569096, 46.51094023844265], [32.6174186425737, 46.511479326916195], [32.61716173709613, 46.51093849457037], [32.61768312569096, 46.51094023844265]], [[32.57805773516963, 46.510800931113955], [32.57727426265626, 46.51097802932056], [32.57727565810134, 46.510798043493814], [32.57805773516963, 46.510800931113955]], [[32.455271451811214, 46.51046207866161], [32.455012564785385, 46.51028085429304], [32.455273249952384, 46.51028209605915], [32.455271451811214, 46.51046207866161]], [[32.455012564785385, 46.51028085429304], [32.454755479307885, 46.509919646741764], [32.45501616273684, 46.50992088908641], [32.455012564785385, 46.51028085429304]], [[32.62785021287706, 46.51097376894475], [32.627588288742885, 46.51115290739639], [32.62758951810808, 46.51097292047678], [32.62785021287706, 46.51097376894475]], [[32.58432121688142, 46.509923909555], [32.584580533994405, 46.51010484264083], [32.58431847257686, 46.51028388158239], [32.58432121688142, 46.509923909555]], [[32.5858867144375, 46.50974959696585], [32.58510739072969, 46.50938679082552], [32.58588944833783, 46.50938962483323], [32.5858867144375, 46.50974959696585]], [[32.595819535757144, 46.50618530525762], [32.59683161297564, 46.5103286710352], [32.594239439634855, 46.508339603901305], [32.594254171444234, 46.50635975433024], [32.595819535757144, 46.50618530525762]], [[32.62733497430273, 46.510072136757444], [32.626550437501145, 46.51042955993422], [32.62655167026122, 46.51024957301299], [32.62733497430273, 46.510072136757444]], [[32.5934453185832, 46.509956703281404], [32.59318597261978, 46.50977579019612], [32.59344666059965, 46.50977671705418], [32.5934453185832, 46.509956703281404]], [[32.6083046034839, 46.51000855246442], [32.60856787726274, 46.509649471750755], [32.60882598264135, 46.510010336681674], [32.6083046034839, 46.51000855246442]], [[32.61743127152947, 46.50967945967408], [32.61795138698139, 46.50986118904269], [32.617430008688345, 46.50985944642402], [32.61743127152947, 46.50967945967408]], [[32.6268160571689, 46.50971046302231], [32.62655413574594, 46.5098895991534], [32.626555368470584, 46.50970961221503], [32.6268160571689, 46.50971046302231]], [[32.59110856753678, 46.508688436774186], [32.590843833166495, 46.50922746319735], [32.5908478848356, 46.50868750460418], [32.59110856753678, 46.508688436774186]], [[32.45873719537009, 46.502738906245966], [32.45847475901309, 46.502917655463186], [32.45847654610995, 46.50273767252671], [32.45873719537009, 46.502738906245966]], [[32.470422736309224, 46.507293389362246], [32.4709458256273, 46.507115818778146], [32.47094407941272, 46.50729580194273], [32.470422736309224, 46.507293389362246]], [[32.456914443149024, 46.502550274842946], [32.45587544144104, 46.50218535405649], [32.45588082827572, 46.50164540539283], [32.4569216119378, 46.501830343201966], [32.456914443149024, 46.502550274842946]], [[32.46213273735948, 46.502034958315726], [32.46239693162272, 46.50167621752282], [32.46239338341824, 46.50203618368944], [32.46213273735948, 46.502034958315726]], [[32.47204601075146, 46.501181188135625], [32.47151600612427, 46.5020786976068], [32.470739305946466, 46.501535132076654], [32.47204601075146, 46.501181188135625]], [[32.455623777221746, 46.50128419939793], [32.45588621495558, 46.501105456677465], [32.455884419412826, 46.50128543958832], [32.455623777221746, 46.50128419939793]], [[32.461622105182734, 46.50095260735569], [32.46135790938661, 46.501311346397515], [32.4613614643351, 46.50095138024627], [32.461622105182734, 46.50095260735569]], [[32.46240402782773, 46.50095628512068], [32.46136679663012, 46.50041143097632], [32.46241289770158, 46.5000563694888], [32.46240402782773, 46.50095628512068]], [[32.4608384035052, 46.501128907308896], [32.461100823504495, 46.50095015254295], [32.46109904517876, 46.50113013561377], [32.4608384035052, 46.501128907308896]], [[32.468657661089885, 46.501165498113096], [32.46892180830587, 46.50080674199677], [32.46891830327098, 46.50116670860126], [32.468657661089885, 46.501165498113096]], [[32.46996786840602, 46.50045161126218], [32.470230255389886, 46.500272835390604], [32.47022850723105, 46.500452818750695], [32.46996786840602, 46.50045161126218]], [[32.459547679434195, 46.499862875582586], [32.45981009750882, 46.49968412373045], [32.459808315002675, 46.499864106803045], [32.459547679434195, 46.499862875582586]], [[32.46893407539912, 46.49954685870024], [32.469198212870154, 46.49918810180354], [32.46919470985731, 46.499548068526465], [32.46893407539912, 46.49954685870024]], [[32.66870313127096, 46.566536310559], [32.66792354041354, 46.56599408276425], [32.66818779209896, 46.565454882058695], [32.66870860995971, 46.56563638068538], [32.66870313127096, 46.566536310559]], [[32.669220679001526, 46.56725776470333], [32.668961903425775, 46.5668970379308], [32.669222867140135, 46.5668977927978], [32.669220679001526, 46.56725776470333]], [[32.66817901234571, 46.566894769758036], [32.667916950293765, 46.567073998441856], [32.667918048673386, 46.566894012509856], [32.66817901234571, 46.566894769758036]], [[33.224155029265525, 46.78421903599181], [33.223892268738624, 46.784039568127916], [33.224154282219175, 46.784039055273716], [33.224155029265525, 46.78421903599181]], [[33.223892268738624, 46.784039568127916], [33.22362950995812, 46.78386009965212], [33.22389152257265, 46.78385958740092], [33.223892268738624, 46.784039568127916]], [[33.223367497336426, 46.78386061130348], [33.223106228253954, 46.78404110309163], [33.223105484707574, 46.78386112235504], [33.223367497336426, 46.78386061130348]], [[33.24248227785622, 46.78112197641142], [33.24117308652255, 46.78130472493575], [33.24117228284185, 46.78112474434298], [33.24248227785622, 46.78112197641142]], [[33.20920137585983, 46.77938782538761], [33.208935207466745, 46.778308417579105], [33.211554361634825, 46.7781236238491], [33.210774727454286, 46.779744903317166], [33.20920137585983, 46.77938782538761]], [[33.24587269695838, 46.77769507846502], [33.24744541507093, 46.77787167139401], [33.24823467288567, 46.778589891812466], [33.24561644343702, 46.77895550535376], [33.24587269695838, 46.77769507846502]], [[33.21415565912329, 46.77343924258007], [33.21310568024465, 46.772901254913144], [33.214152805353216, 46.772719317829875], [33.21415565912329, 46.77343924258007]], [[33.22358108129764, 46.77216133997186], [33.223578102060934, 46.77144141551323], [33.224102006822484, 46.7714403908532], [33.22358108129764, 46.77216133997186]], [[33.37051473866404, 46.768540286938], [33.37025403710355, 46.76872111346047], [33.370252803822794, 46.76854113463685], [33.37051473866404, 46.768540286938]], [[33.256564386377526, 46.76723262077181], [33.25211491118049, 46.76796243987138], [33.251849620728954, 46.76724309307161], [33.25603625971388, 46.76633388972312], [33.256564386377526, 46.76723262077181]], [[33.259702372011986, 46.76614564655332], [33.25917938319208, 46.76632681489482], [33.25917851995948, 46.76614683407615], [33.259702372011986, 46.76614564655332]], [[33.25812565746955, 46.76506931680812], [33.257080542706355, 46.765611617611114], [33.25603455419352, 46.76597392799164], [33.256815197874076, 46.76489228213392], [33.25812565746955, 46.76506931680812]], [[33.05853318326402, 46.7588660579881], [33.06089346715008, 46.76174455218645], [33.05748886438569, 46.76192629583616], [33.055391016882574, 46.75940757058676], [33.05853318326402, 46.7588660579881]], [[33.17611768081088, 46.757125667958796], [33.1758569681112, 46.75748603485984], [33.17585579704455, 46.75712607066789], [33.17611768081088, 46.757125667958796]], [[33.15306985011498, 46.75643888310876], [33.155159729888666, 46.754636238414996], [33.15569073077049, 46.75715527968121], [33.15306985011498, 46.75643888310876]], [[33.15306985011498, 46.75643888310876], [33.15280847815148, 46.756619215402395], [33.15280796937316, 46.75643923307391], [33.15306985011498, 46.75643888310876]], [[33.175853454978785, 46.75640614221568], [33.17559215933064, 46.75658652643954], [33.17559157469457, 46.756406544315446], [33.175853454978785, 46.75640614221568]], [[33.083927880682964, 46.753090796490156], [33.08183459383463, 46.7541722108929], [33.08288455904759, 46.755791302557], [33.076597439785466, 46.75435581898571], [33.0755474392232, 46.75255668617141], [33.07554618174247, 46.75165677140849], [33.07711707467803, 46.75147574052096], [33.07658953553782, 46.748776347061515], [33.078684551986406, 46.748954909046624], [33.08025882890699, 46.751113614060614], [33.08261497937843, 46.75075197113572], [33.08313702659478, 46.74967169400533], [33.083927880682964, 46.753090796490156]], [[33.078684551986406, 46.748954909046624], [33.0797316672831, 46.748774201098314], [33.07973219808158, 46.74913416716703], [33.078684551986406, 46.748954909046624]], [[33.3088815581126, 46.75504451984746], [33.30783612338267, 46.75540730301237], [33.30731033127835, 46.75504874977232], [33.3088815581126, 46.75504451984746]], [[33.15070489507326, 46.7535622929145], [33.150443529091376, 46.753742619891], [33.15044302823748, 46.75356263745193], [33.15070489507326, 46.7535622929145]], [[32.96713893226792, 46.748077324550906], [32.966615138880584, 46.74825715618633], [32.966615250003706, 46.74807717298317], [32.96713893226792, 46.748077324550906]], [[32.96870997908554, 46.748077764876186], [32.968186190915105, 46.74825760370339], [32.9681862968089, 46.748077620497426], [32.96870997908554, 46.748077764876186]], [[33.13942837135891, 46.74727717495477], [33.13811321265821, 46.7449389864006], [33.139686953331164, 46.74601697643063], [33.13942837135891, 46.74727717495477]], [[33.13208903341494, 46.744046181171974], [33.129986246352246, 46.74062890343241], [33.128154041622686, 46.740810953346184], [33.12867465499559, 46.739550484574714], [33.135746394743855, 46.74080219938186], [33.13706636792986, 46.74512022834972], [33.13549901898713, 46.74656196151455], [33.134188066909836, 46.74584357286248], [33.13261929597413, 46.746745318162866], [33.13157108400826, 46.74638656143533], [33.13208903341494, 46.744046181171974]], [[32.93441142128827, 46.74590344829207], [32.93414937164067, 46.746083281117265], [32.93414959081099, 46.74590329793387], [32.93441142128827, 46.74590344829207]], [[33.12057291996551, 46.745858727255765], [33.120311490541894, 46.74603898571853], [33.12031109011059, 46.745859002812075], [33.12057291996551, 46.745858727255765]], [[33.1197874303892, 46.74585955212759], [33.119262976772866, 46.745500133203294], [33.12004846114361, 46.74549931193594], [33.1197874303892, 46.74585955212759]], [[33.11873932050662, 46.74550067771973], [33.118999168366365, 46.744600491043755], [33.1203062852351, 46.74369920749087], [33.120046862973275, 46.74477938020085], [33.11873932050662, 46.74550067771973]], [[33.117953836078776, 46.74550149000172], [33.11769239963795, 46.74568174249919], [33.1176920079286, 46.745501759564334], [33.117953836078776, 46.74550149000172]], [[32.93860213963905, 46.74464589000315], [32.93834011001582, 46.74482573247347], [32.93834031522913, 46.74464574923567], [32.93860213963905, 46.74464589000315]], [[33.0637542799786, 46.744644601531576], [33.064015465215284, 46.74410450564977], [33.06453996794669, 46.74482414448675], [33.0637542799786, 46.744644601531576]], [[33.11428405768935, 46.7435253964709], [33.11402299801451, 46.74388562366479], [33.113760420451754, 46.74352591818852], [33.11428405768935, 46.7435253964709]], [[32.91137654233035, 46.742108277516785], [32.91190133897066, 46.74138874891928], [32.915304567643325, 46.741571301631346], [32.91346988627925, 46.74282981316023], [32.91137654233035, 46.742108277516785]], [[33.11454358910813, 46.742445236489935], [33.11428215604129, 46.742625481290546], [33.11428177572265, 46.7424454982374], [33.11454358910813, 46.742445236489935]], [[33.11532711027898, 46.74154453233557], [33.11480425632835, 46.741905024959784], [33.11480387428182, 46.741725041887165], [33.11532711027898, 46.74154453233557]], [[33.11532711027898, 46.74154453233557], [33.11558776534589, 46.741004318946274], [33.11558891929346, 46.741544268200514], [33.11532711027898, 46.74154453233557]], [[33.11558776534589, 46.741004318946274], [33.11584918623, 46.74082407112277], [33.115849571743006, 46.74100405421724], [33.11558776534589, 46.741004318946274]], [[32.922898067384764, 46.74085673563041], [32.92237393879372, 46.741216348249104], [32.92211264945373, 46.74085620377915], [32.922898067384764, 46.74085673563041]], [[33.135484138674194, 46.74062252666231], [33.13626819134653, 46.74008164522123], [33.13679042923742, 46.73954107160055], [33.13653090171539, 46.740441299130055], [33.135484138674194, 46.74062252666231]], [[33.11610983262183, 46.7402838564839], [33.11637086104938, 46.73992362433016], [33.116371635526725, 46.740283590563656], [33.11610983262183, 46.7402838564839]], [[33.11794206041009, 46.740101999361094], [33.11532212140522, 46.73920475184259], [33.117937351093246, 46.73794220167107], [33.11794206041009, 46.740101999361094]], [[33.13469648448695, 46.739723538859245], [33.135221434377534, 46.74026287035559], [33.133911084442104, 46.73972446057819], [33.13469648448695, 46.739723538859245]], [[33.12395649363936, 46.7370359223244], [33.123172361770564, 46.73757671977984], [33.12290893621168, 46.73685706858548], [33.12395649363936, 46.7370359223244]], [[33.11898174604687, 46.73668123539829], [33.118720355610456, 46.73686149048058], [33.11871996060148, 46.7366815072737], [33.11898174604687, 46.73668123539829]], [[33.11217495002474, 46.736508126281635], [33.11191353771333, 46.736688365841005], [33.111913165354366, 46.736508382585555], [33.11217495002474, 46.736508126281635]], [[33.01819378473974, 46.735661739310565], [33.01583749169725, 46.734762171441375], [33.01583701749625, 46.733142318357174], [33.017407630730986, 46.73314209022533], [33.01819378473974, 46.735661739310565]], [[33.11295429101757, 46.73362762101881], [33.11269289520733, 46.7338078624351], [33.112692520293, 46.73362787909343], [33.11295429101757, 46.73362762101881]], [[33.113739981567434, 46.733806826537446], [33.113477832455885, 46.73362710307322], [33.113739603169606, 46.73362684320226], [33.113739981567434, 46.733806826537446]], [[33.113477832455885, 46.73362710307322], [33.11321568508608, 46.733447379001284], [33.11347745493256, 46.733447119730734], [33.113477832455885, 46.73362710307322]], [[33.092535548612545, 46.733285985781336], [33.09201262235344, 46.733646374848696], [33.09201201013209, 46.733286407917035], [33.092535548612545, 46.733285985781336]], [[33.108237376261826, 46.73111240699243], [33.1079759768553, 46.73129263771711], [33.107975617665055, 46.7311126542674], [33.108237376261826, 46.73111240699243]], [[33.1037847177076, 46.72967666124392], [33.10326155781738, 46.72985711833718], [33.103261214327205, 46.72967713481477], [33.1037847177076, 46.72967666124392]], [[33.109804275107024, 46.7293110760683], [33.109542889618034, 46.72949131041722], [33.10954252523826, 46.72931132691996], [33.109804275107024, 46.7293110760683]], [[33.116604728233824, 46.72696455837121], [33.11686607798053, 46.726784307845065], [33.116866466686886, 46.726964291376675], [33.116604728233824, 46.72696455837121]], [[33.11686607798053, 46.726784307845065], [33.11712742598614, 46.72660405671797], [33.11712781555931, 46.726784040253584], [33.11686607798053, 46.726784307845065]], [[33.11791224390728, 46.72642326682046], [33.11765089939134, 46.72660351974244], [33.11765050808085, 46.726423536204486], [33.11791224390728, 46.72642326682046]], [[33.1100594353936, 46.726071120750696], [33.10953633131777, 46.72625160659583], [33.109535967001015, 46.72607162299615], [33.1100594353936, 46.726071120750696]], [[33.109534145469766, 46.725171704912405], [33.10927205219543, 46.72499197149399], [33.109533781174015, 46.72499172127858], [33.109534145469766, 46.725171704912405]], [[33.10927205219543, 46.72499197149399], [33.10900996066204, 46.72481223746817], [33.10927168877365, 46.72481198785292], [33.10927205219543, 46.72499197149399]], [[33.108486504428384, 46.72481273490288], [33.10822513624627, 46.724992966369655], [33.10822477630635, 46.724812982722355], [33.108486504428384, 46.72481273490288]], [[33.10874787086958, 46.72463250283495], [33.10900887302899, 46.724272286506135], [33.10927132535536, 46.724632004206164], [33.10874787086958, 46.72463250283495]], [[33.111365143158146, 46.724629985747356], [33.11188785333842, 46.724269507867774], [33.11188822545413, 46.7244494915101], [33.111365143158146, 46.724629985747356]], [[33.11293513075991, 46.72444846313221], [33.112673779169484, 46.7246287047564], [33.11267340443886, 46.72444872112457], [33.11293513075991, 46.72444846313221]], [[33.111102307432006, 46.72409028920845], [33.1108409514572, 46.724270526661904], [33.11084058282679, 46.72409054300751], [33.111102307432006, 46.72409028920845]], [[33.10848433963887, 46.72373283290896], [33.108222976658624, 46.72391306440056], [33.108222616739454, 46.723733080719136], [33.10848433963887, 46.72373283290896]], [[33.061896587544894, 46.72286759422121], [33.06085052087425, 46.723588091348645], [33.06084971140793, 46.72286815566817], [33.061896587544894, 46.72286759422121]], [[33.06084971140793, 46.72286815566817], [33.06058779087746, 46.722688310598315], [33.060849509046214, 46.722688171733836], [33.06084971140793, 46.72286815566817]], [[33.110054310953714, 46.72355134980172], [33.10979295408379, 46.72373158487952], [33.10979258894563, 46.72355160120174], [33.110054310953714, 46.72355134980172]], [[33.11110156844097, 46.72373032188577], [33.110839476956826, 46.72355059201021], [33.11110119895079, 46.72355033821589], [33.11110156844097, 46.72373032188577]], [[33.110839476956826, 46.72355059201021], [33.11057738721348, 46.723370861527215], [33.110839108340585, 46.723370608333056], [33.110839476956826, 46.72355059201021]], [[32.75673063627584, 46.72316571416536], [32.75646810811682, 46.72334513989526], [32.75646891801736, 46.723165157502564], [32.75673063627584, 46.72316571416536]], [[33.11921378602705, 46.723182206447746], [33.11999814828071, 46.72282141854961], [33.119998946421845, 46.72318138581683], [33.11921378602705, 46.723182206447746]], [[33.10141545923744, 46.72247942748249], [33.10115441513411, 46.72283962663871], [33.10115374234026, 46.72247965912106], [33.10141545923744, 46.72247942748249]], [[33.04828205757197, 46.7171146561145], [33.050899647192836, 46.717833458604524], [33.05168645001726, 46.71963294761894], [33.055351770431315, 46.721071106369806], [33.049070720969965, 46.7210739720847], [33.04749951073628, 46.71999473037702], [33.04331179525401, 46.71945643956432], [33.04409529022466, 46.71747631441503], [33.04566544842662, 46.71747569861463], [33.045925767149534, 46.715855736345574], [33.04801940833369, 46.71603486121484], [33.04828205757197, 46.7171146561145]], [[33.04749966868627, 46.72017471443618], [33.047238119695024, 46.72035480681911], [33.04723796261377, 46.72017482276497], [33.04749966868627, 46.72017471443618]], [[33.05587463376031, 46.72053089996046], [33.05561311093297, 46.72071101146211], [33.055612926, 46.72053102744286], [33.05587463376031, 46.72053089996046]], [[33.06372544188492, 46.72016682917922], [33.064510345244436, 46.71998640527361], [33.06451055976043, 46.72016638928072], [33.06372544188492, 46.72016682917922]], [[33.069220806257405, 46.71980366878766], [33.068959331387774, 46.71998381078661], [33.068959102079816, 46.71980382679003], [33.069220806257405, 46.71980366878766]], [[33.1014100634275, 46.719599686545244], [33.10114903314533, 46.71995988586035], [33.101148360454914, 46.719599918160654], [33.1014100634275, 46.719599686545244]], [[33.10036258406157, 46.71924064168483], [33.09983984554366, 46.71960106726034], [33.099839513554386, 46.71942108339477], [33.10036258406157, 46.71924064168483]], [[32.765646986636284, 46.7190446852091], [32.76538450799863, 46.71922413161403], [32.76538528813432, 46.71904414897409], [32.765646986636284, 46.7190446852091]], [[33.065289815927976, 46.71530637388234], [33.06503289040551, 46.71926617293938], [33.063462469742696, 46.719087070465115], [33.062937603319206, 46.717827471084036], [33.065289815927976, 46.71530637388234]], [[32.78161496606091, 46.717996366685234], [32.782924878341476, 46.71763889046016], [32.7829212693806, 46.71853880491253], [32.78187303335723, 46.7188967801299], [32.78161496606091, 46.717996366685234]], [[32.77140739597275, 46.71833640004677], [32.77114493982603, 46.718515859726665], [32.77114570078861, 46.718335876991034], [32.77140739597275, 46.71833640004677]], [[32.76695935371979, 46.71814744402172], [32.76669688378367, 46.71832689348085], [32.76669765953122, 46.71814691079568], [32.76695935371979, 46.71814744402172]], [[32.80124135366291, 46.71821212246095], [32.80097899681084, 46.71839165072157], [32.800979658570185, 46.71821166763156], [32.80124135366291, 46.71821212246095]], [[32.76853105829833, 46.71779066537662], [32.76826859529351, 46.7179701184644], [32.76826936580545, 46.71779013574788], [32.76853105829833, 46.71779066537662]], [[33.08806027971049, 46.717810896343224], [33.0877988772196, 46.71799108140165], [33.08779858528554, 46.717811097423194], [33.08806027971049, 46.717810896343224]], [[32.776645757165625, 46.717266838546244], [32.77638332354087, 46.717446310313186], [32.7763840670577, 46.71726632747869], [32.776645757165625, 46.717266838546244]], [[33.081779068920774, 46.71745558906036], [33.081517647216494, 46.717635759794085], [33.08151737617108, 46.71745577577518], [33.081779068920774, 46.71745558906036]], [[33.08701321267306, 46.717631713084494], [33.08727461604806, 46.717451529808756], [33.08727490623625, 46.717631513801116], [33.08701321267306, 46.717631713084494]], [[33.088059694110534, 46.717450928371726], [33.0877977095002, 46.717271145453644], [33.08832079946347, 46.717090758704096], [33.088059694110534, 46.717450928371726]], [[33.088844181338295, 46.717090353562035], [33.08858219587196, 46.716910572429164], [33.088843590540264, 46.71673038555263], [33.088844181338295, 46.717090353562035]], [[33.05456101499629, 46.71549197645106], [33.053254191491725, 46.71711245027224], [33.05429933159139, 46.71549210091914], [33.05456101499629, 46.71549197645106]], [[32.771152549122775, 46.71671603211398], [32.77089010001001, 46.716895491272886], [32.770890861776856, 46.71671550848925], [32.771152549122775, 46.71671603211398]], [[32.771940644277784, 46.715997668153854], [32.77167820126269, 46.71617712915367], [32.77167896039015, 46.71599714633743], [32.771940644277784, 46.715997668153854]], [[33.04906615254183, 46.71603441719053], [33.048804791027536, 46.71639449745024], [33.04880446649213, 46.71603452909423], [33.04906615254183, 46.71603441719053]], [[33.050898124072845, 46.71621360128415], [33.05063626880687, 46.716033733201606], [33.05089727795199, 46.71531368035154], [33.050898124072845, 46.71621360128415]], [[33.07732874913891, 46.716378777482156], [33.077851606585995, 46.71601845446255], [33.07785186542975, 46.7161984385429], [33.07732874913891, 46.716378777482156]], [[33.07915977249286, 46.71583757275954], [33.07863666405256, 46.71601791768423], [33.07863614115223, 46.71565794951319], [33.07915977249286, 46.71583757275954]], [[32.806486195161014, 46.71516137897082], [32.806222581961876, 46.71570088586936], [32.80622451473408, 46.71516093615752], [32.806486195161014, 46.71516137897082]], [[33.04775756349265, 46.7158549865356], [33.047495562479654, 46.715495127049515], [33.0480184504255, 46.714954955997854], [33.04775756349265, 46.7158549865356]], [[32.80596218919212, 46.71534047598601], [32.80569986191015, 46.71552001520489], [32.80570050790757, 46.715340031973156], [32.80596218919212, 46.71534047598601]], [[32.807272518002804, 46.714802737295294], [32.80674851809917, 46.71498183793153], [32.806749160598024, 46.714801854671656], [32.807272518002804, 46.714802737295294]], [[32.87923476817647, 46.71472132324478], [32.878448922311286, 46.71508045984264], [32.87844932643127, 46.71490047596618], [32.87923476817647, 46.71472132324478]], [[32.87923476817647, 46.71472132324478], [32.87949684802617, 46.714541615206834], [32.8794964473939, 46.714721599101594], [32.87923476817647, 46.71472132324478]], [[32.771946710074936, 46.71455780539284], [32.77090076407978, 46.71437573178362], [32.77194822645137, 46.71419783964564], [32.771946710074936, 46.71455780539284]], [[32.772470820404045, 46.71437886430111], [32.7735190306882, 46.71402097488115], [32.77351827773056, 46.71420095778281], [32.772470820404045, 46.71437886430111]], [[32.80230325275244, 46.71407432282584], [32.79994884210384, 46.713890246734664], [32.79968983168589, 46.71316985607511], [32.802043552007405, 46.71353392072412], [32.80230325275244, 46.71407432282584]], [[32.791578736085626, 46.712975386159144], [32.79183902166406, 46.713335828747255], [32.79105539684943, 46.71297443178969], [32.791578736085626, 46.712975386159144]], [[32.79183971369221, 46.71315584559965], [32.79288708429246, 46.712977761611796], [32.79288639575056, 46.713157744776964], [32.79183971369221, 46.71315584559965]], [[32.79079372724134, 46.71297395370746], [32.79053136126894, 46.71315345816525], [32.790532057639936, 46.712973475026885], [32.79079372724134, 46.71297395370746]], [[32.7868693924693, 46.71278672757138], [32.786083675446484, 46.712965245911114], [32.7860843865989, 46.7127852628185], [32.7868693924693, 46.71278672757138]], [[32.78713035343352, 46.712967197730485], [32.78739272975028, 46.712787701081616], [32.787392022947294, 46.71296768418948], [32.78713035343352, 46.712967197730485]], [[32.78765369246787, 46.71296817005013], [32.7894867789823, 46.71261158805139], [32.789486079145156, 46.712791571189136], [32.78765369246787, 46.71296817005013]], [[32.7837300883321, 46.71260085317908], [32.783467700809645, 46.71278034141707], [32.783468420654046, 46.712600358349526], [32.7837300883321, 46.71260085317908]], [[32.78477675911334, 46.71260282651401], [32.784514375042825, 46.71278231715767], [32.784515091407705, 46.71260233407777], [32.78477675911334, 46.71260282651401]], [[32.79262679344156, 46.71261732137644], [32.79236443526489, 46.71279683006082], [32.79236512553333, 46.71261684689019], [32.79262679344156, 46.71261732137644]], [[32.85804395654877, 46.71271717014755], [32.85725942318128, 46.712536209849404], [32.85726084674645, 46.71199625842302], [32.85804395654877, 46.71271717014755]], [[33.06868780549756, 46.71224465115977], [33.069210680606155, 46.71188436735028], [33.06921114077017, 46.71224433583634], [33.06868780549756, 46.71224465115977]], [[32.85700013169598, 46.71163596409231], [32.85673799138169, 46.711815620631086], [32.85673846762943, 46.711635636809305], [32.85700013169598, 46.71163596409231]], [[32.85647728068047, 46.71145532510258], [32.85621513951008, 46.71163498044836], [32.85621561749292, 46.711454996624994], [32.85647728068047, 46.71145532510258]], [[32.95120023857049, 46.71081498537544], [32.94910695204265, 46.71081407355555], [32.9491071212213, 46.710634089209755], [32.95120023857049, 46.71081498537544]], [[32.95120023857049, 46.71081498537544], [32.951462060743914, 46.71063511230836], [32.95146189939358, 46.71081509666055], [32.95120023857049, 46.71081498537544]], [[32.95146189939358, 46.71081509666055], [32.95172339973613, 46.710995191694536], [32.95146173804168, 46.71099508100704], [32.95146189939358, 46.71081509666055]], [[33.079151877922975, 46.71043804770149], [33.07888995683268, 46.71025824412991], [33.07915135169922, 46.710078079182246], [33.079151877922975, 46.71043804770149]], [[33.079412744826186, 46.70989791363288], [33.07940984123708, 46.70791808632024], [33.08097972119201, 46.70791698614454], [33.081244878535315, 46.71025659642457], [33.079412744826186, 46.70989791363288]], [[33.079409049402386, 46.707378133297325], [33.07914793149124, 46.707738283252574], [33.07914740534331, 46.707378314562675], [33.079409049402386, 46.707378133297325]], [[33.07339001575312, 46.706482229103095], [33.07443632739271, 46.70630156871632], [33.074960601750895, 46.70702116470068], [33.07417616775016, 46.707381644939986], [33.07339001575312, 46.706482229103095]], [[33.07522249413313, 46.707200977384915], [33.07496110006003, 46.70738113344856], [33.07496085090426, 46.707201149077456], [33.07522249413313, 46.707200977384915]], [[32.8646023441535, 46.70606569188027], [32.865648893134185, 46.70606692538496], [32.865648000050214, 46.70642689351058], [32.8646023441535, 46.70606569188027]], [[32.91169681515763, 46.70629170837116], [32.91143488204662, 46.706471490513984], [32.911435176410045, 46.70629150617521], [32.91169681515763, 46.70629170837116]], [[32.91222009266126, 46.706292110968434], [32.91195816128383, 46.7064718943102], [32.911958453908035, 46.7062919099689], [32.91222009266126, 46.706292110968434]], [[32.91169769562217, 46.70575175531692], [32.91143576512842, 46.705931537480595], [32.911436059483364, 46.705751553124756], [32.91169769562217, 46.70575175531692]], [[33.07260388988198, 46.705582807708595], [33.07234273533528, 46.70594294226946], [33.072342254456046, 46.705582973409506], [33.07260388988198, 46.705582807708595]], [[32.91143664818477, 46.70539158439601], [32.911174718569065, 46.70557136597414], [32.91117501378792, 46.70539138160819], [32.91143664818477, 46.70539158439601]], [[32.91300674375405, 46.70521280418049], [32.91274482021125, 46.705392589362255], [32.912745110209926, 46.70521260498307], [32.91300674375405, 46.70521280418049]], [[32.912223593497906, 46.70413229841406], [32.91300732200395, 46.70485283540256], [32.91117530900394, 46.70521139723654], [32.911961087399455, 46.70467205064123], [32.912223593497906, 46.70413229841406]], [[32.91536172707561, 46.70503458564167], [32.914839027750595, 46.704674228611914], [32.91536285225016, 46.70431464799614], [32.91536172707561, 46.70503458564167]], [[33.07966539775276, 46.70377826332869], [33.08071244086854, 46.70413749888742], [33.08019025011453, 46.70485780450923], [33.07992861823743, 46.70485798755326], [33.07966539775276, 46.70377826332869]], [[33.12047471691825, 46.70176274413548], [33.12283334818909, 46.70356008358427], [33.12283620583139, 46.70481997304817], [33.121527645146216, 46.70464138560261], [33.12047471691825, 46.70176274413548]], [[32.91483931078193, 46.70449424420011], [32.9143169049089, 46.703953900329275], [32.91484015985962, 46.703954290930575], [32.91483931078193, 46.70449424420011]], [[32.91300905668699, 46.70377292893222], [32.912485512667956, 46.703952514382586], [32.91248580351383, 46.70377252995913], [32.91300905668699, 46.70377292893222]], [[32.913270395040335, 46.70395311194871], [32.91379422296321, 46.70359353847031], [32.91379364996911, 46.70395350733532], [32.913270395040335, 46.70395311194871]], [[33.07940271554639, 46.70305850727094], [33.08018785159035, 46.70323794444734], [33.08018838457781, 46.7035979133898], [33.07940271554639, 46.70305850727094]], [[33.08018785159035, 46.70323794444734], [33.08044894092328, 46.70287779185253], [33.0804494756394, 46.703237760815455], [33.08018785159035, 46.70323794444734]], [[33.09196154237574, 46.703589057677945], [33.09222255506119, 46.703228878297665], [33.09222316803987, 46.70358884712678], [33.09196154237574, 46.703589057677945]], [[33.09222163561524, 46.702688925011344], [33.0948359576434, 46.70160688002203], [33.09483249113523, 46.699627050639], [33.096925021015, 46.699445312572436], [33.097454709061616, 46.703044557320254], [33.09640757627875, 46.70268547495159], [33.095885608361336, 46.70340585221141], [33.09326750094845, 46.702328107976285], [33.09248448634077, 46.70340865156707], [33.09222163561524, 46.702688925011344]], [[33.0796640739852, 46.70287834094689], [33.07940218779097, 46.7026985382875], [33.07966327975519, 46.702338387449544], [33.0796640739852, 46.70287834094689]], [[33.119428250480986, 46.701763841085], [33.11916702987425, 46.70194409813441], [33.11916663386212, 46.701764113827096], [33.119428250480986, 46.701763841085]], [[33.092743337194925, 46.701788579883335], [33.0932659512389, 46.701428185688236], [33.09326626117486, 46.70160817015723], [33.092743337194925, 46.701788579883335]], [[33.11471571983916, 46.70014879965345], [33.111055040623654, 46.701052334676575], [33.113402023134725, 46.69745033686989], [33.11392597188396, 46.69780978613133], [33.11471571983916, 46.70014879965345]], [[32.834552580988266, 46.69342725452787], [32.840821412296755, 46.69649589085527], [32.840292393744555, 46.69847498736758], [32.84369267847913, 46.698659667386764], [32.8423783873957, 46.70081768220928], [32.84002441458622, 46.70063443076626], [32.837939068384856, 46.698111708983795], [32.83453938790396, 46.697746873975845], [32.83611060180883, 46.697209180459375], [32.832974802543376, 46.69612473688881], [32.83324303988036, 46.69396530862703], [32.834552580988266, 46.69342725452787]], [[32.83793691439948, 46.69883164531582], [32.83767477304799, 46.69901125858673], [32.837675312426526, 46.698831274520266], [32.83793691439948, 46.69883164531582]], [[32.83297591241754, 46.695764768652765], [32.83192844723413, 46.696123204810064], [32.831930680866805, 46.6954032683535], [32.83297591241754, 46.695764768652765]], [[33.12256154036352, 46.699060756571235], [33.119162673950115, 46.69996427044101], [33.11968151520947, 46.69798389604848], [33.12281702249036, 46.69636070987025], [33.12256154036352, 46.699060756571235]], [[33.07442519664628, 46.69820226475305], [33.076779849536216, 46.69838069388631], [33.07678035978506, 46.698740663165125], [33.074427175093994, 46.6996421418551], [33.07442519664628, 46.69820226475305]], [[33.12334471152395, 46.69833997578653], [33.12517799142188, 46.69923790909822], [33.123609186664694, 46.69959958409018], [33.12334471152395, 46.69833997578653]], [[33.10686603198183, 46.69943646053133], [33.105817851904185, 46.698537510592004], [33.10686212603868, 46.69745663112661], [33.108432061824914, 46.697635139103056], [33.1086958255903, 46.69871479785394], [33.10686603198183, 46.69943646053133]], [[32.83427393657388, 46.69900638379128], [32.83244271730309, 46.699003717037606], [32.83192174582115, 46.69828301363325], [32.83349134139735, 46.69828530833555], [32.83427393657388, 46.69900638379128]], [[33.12674551173356, 46.69833625951987], [33.1264843320199, 46.69851653334108], [33.12648391174148, 46.6983365489748], [33.12674551173356, 46.69833625951987]], [[33.09221060433041, 46.696209481581676], [33.0953506347867, 46.69674686282367], [33.091690470761925, 46.698009748141075], [33.09221060433041, 46.696209481581676]], [[33.095612862742925, 46.69710661375219], [33.09587350141872, 46.69656644106596], [33.09613605139265, 46.697106175402055], [33.095612862742925, 46.69710661375219]], [[33.1194195200521, 46.697804184922006], [33.119158318486235, 46.69798444205909], [33.11915792255779, 46.697804457626596], [33.1194195200521, 46.697804184922006]], [[33.12674466945039, 46.697976290773866], [33.127266597335904, 46.69743575692634], [33.12700626769998, 46.697976000724516], [33.12674466945039, 46.697976290773866]], [[33.12831255350848, 46.69725460399071], [33.12805138422532, 46.6974348814124], [33.12805095875602, 46.6972548970229], [33.12831255350848, 46.69725460399071]], [[33.09142704933401, 46.69693004981797], [33.09116606164526, 46.69729022776423], [33.091165455826044, 46.696930258526386], [33.09142704933401, 46.69693004981797]], [[33.09979804000246, 46.69692305539615], [33.09953677731368, 46.69710326781923], [33.09953644659202, 46.696923283241084], [33.09979804000246, 46.69692305539615]], [[33.12726575161646, 46.6970757881307], [33.12752649807046, 46.69671552807961], [33.12752734551198, 46.69707549689438], [33.12726575161646, 46.6970757881307]], [[33.12752649807046, 46.69671552807961], [33.12778766563978, 46.69653525183483], [33.12778809022359, 46.69671523624892], [33.12752649807046, 46.69671552807961]], [[33.12778766563978, 46.69653525183483], [33.128048831470814, 46.69635497499001], [33.12804925691968, 46.69653495940797], [33.12778766563978, 46.69653525183483]], [[33.096657955405504, 46.696385796251406], [33.09639732542131, 46.696925970735], [33.09639636456496, 46.696386016916016], [33.096657955405504, 46.696385796251406]], [[33.10084407854799, 46.69674215345959], [33.10058282021465, 46.696922368273256], [33.100582486019505, 46.696742383695145], [33.10084407854799, 46.69674215345959]], [[33.12700162587092, 46.69599617223457], [33.126740458277226, 46.69617644670241], [33.12674003718216, 46.69599646226397], [33.12700162587092, 46.69599617223457]], [[33.12830914294802, 46.69581472868445], [33.128048406026025, 46.696174990566355], [33.128047555148726, 46.69581502170199], [33.12830914294802, 46.69581472868445]], [[32.86462798804634, 46.69580659117026], [32.86410436117762, 46.69598595542816], [32.86410481268771, 46.6958059710497], [32.86462798804634, 46.69580659117026]], [[32.89026360047966, 46.695834046920794], [32.89000164694704, 46.696013780315084], [32.89000201241447, 46.695833795762674], [32.89026360047966, 46.695834046920794]], [[33.07677627806873, 46.695860908297455], [33.077037610553894, 46.69568074776007], [33.07703786650945, 46.695860732486565], [33.07677627806873, 46.695860908297455]], [[33.0770373546008, 46.6955007630279], [33.07781823658517, 46.69280046039845], [33.08017133405728, 46.69207889594452], [33.07729046755175, 46.68956108730453], [33.079118745563804, 46.68775998654963], [33.079381876915015, 46.68883971512281], [33.08513862114849, 46.69045544255205], [33.08330962227285, 46.691716684110766], [33.08147864347443, 46.69171800250266], [33.08121896374936, 46.69297808216806], [33.0770373546008, 46.6955007630279]], [[33.113913103543524, 46.691690310908314], [33.116790739546964, 46.69186739509104], [33.11678879969014, 46.69096747182846], [33.119142484314644, 46.69078506032086], [33.11783858077611, 46.69258626091584], [33.11626837433091, 46.69222789710346], [33.11653265485061, 46.69348752328945], [33.11391726637026, 46.69367014184732], [33.11339825534814, 46.69565049175257], [33.110520429304614, 46.69547332253692], [33.10973202461373, 46.69367423182937], [33.111824645606184, 46.69367220597266], [33.113913103543524, 46.691690310908314]], [[32.86332141200845, 46.69526508323198], [32.86305937198256, 46.69544475487433], [32.863059826956, 46.6952647704866], [32.86332141200845, 46.69526508323198]], [[33.12856816778033, 46.69473452836122], [33.12830829034885, 46.69545475980097], [33.12830658519966, 46.694734821965746], [33.12856816778033, 46.69473452836122]], [[33.105811523462656, 46.69529778876799], [33.10607205173107, 46.694757592772284], [33.10711838330633, 46.694756618076035], [33.105811523462656, 46.69529778876799]], [[33.10581082037003, 46.69493781956263], [33.1055488859231, 46.694758076532594], [33.10581046882878, 46.69475783495142], [33.10581082037003, 46.69493781956263]], [[32.892096868048114, 46.69475588077517], [32.89183456644391, 46.69511560300148], [32.8915737023016, 46.694755386251394], [32.892096868048114, 46.69475588077517]], [[32.8915737023016, 46.694755386251394], [32.891312480531084, 46.694575153492515], [32.89157406253009, 46.69457540164981], [32.8915737023016, 46.694755386251394]], [[32.892096868048114, 46.69475588077517], [32.892620747309465, 46.69439640368584], [32.892620390560644, 46.694576388299296], [32.892096868048114, 46.69475588077517]], [[32.892620747309465, 46.69439640368584], [32.89288268433298, 46.69421666423111], [32.892882328456636, 46.69439664885176], [32.892620747309465, 46.69439640368584]], [[32.89262110405486, 46.694216419066706], [32.89236023899873, 46.693856204052075], [32.89262181753536, 46.693856449811356], [32.89262110405486, 46.694216419066706]], [[33.12752183743311, 46.69473569919149], [33.12726110044995, 46.695095959347746], [33.12726025483611, 46.69473599040414], [33.12752183743311, 46.69473569919149]], [[33.126737089629934, 46.69473657103552], [33.12647592721846, 46.69491684493435], [33.12647550702077, 46.694736860454256], [33.126737089629934, 46.69473657103552]], [[32.88817312528961, 46.69475211354481], [32.88843507877274, 46.69457238429655], [32.888434708115504, 46.694752368879286], [32.88817312528961, 46.69475211354481]], [[32.88921982466457, 46.69457314670742], [32.88895971833808, 46.69385295476789], [32.8894825081574, 46.69403344584707], [32.88921982466457, 46.69457314670742]], [[33.1246423581327, 46.69383894709371], [33.12255013879612, 46.69402119189507], [33.12281294204573, 46.694560865019156], [33.12098066355847, 46.69402286199119], [33.12150099640584, 46.69276241576936], [33.12385433147705, 46.69239992276186], [33.12411384126551, 46.6914997164096], [33.1246423581327, 46.69383894709371]], [[32.8905284619539, 46.69421443622505], [32.89026651714011, 46.694394170284205], [32.89026688170691, 46.69421418567904], [32.8905284619539, 46.69421443622505]], [[32.888436561366056, 46.69385244590874], [32.888174611373366, 46.69403217518614], [32.88817498288538, 46.693852190582234], [32.888436561366056, 46.69385244590874]], [[33.12804287561573, 46.69383519254106], [33.12778172189473, 46.69401546943995], [33.12778129737209, 46.6938354849405], [33.12804287561573, 46.69383519254106]], [[32.89131428596683, 46.693675230406974], [32.89105234636724, 46.693854966286416], [32.89105270831647, 46.6936749816595], [32.89131428596683, 46.693675230406974]], [[33.109204878559645, 46.6916949010594], [33.10633116176927, 46.69349745757862], [33.107113401252825, 46.69223683302818], [33.105542574399834, 46.69151835253069], [33.10554047080122, 46.6904384441204], [33.10894150096862, 46.69079522685474], [33.109204878559645, 46.6916949010594]], [[32.82854032553444, 46.69215850853137], [32.82592520781751, 46.69197457510424], [32.82749748540596, 46.691077030783056], [32.82750550742379, 46.68855725113411], [32.829334105588984, 46.68927993365845], [32.82854032553444, 46.69215850853137]], [[33.119406427867624, 46.69186469551366], [33.11914565066228, 46.69222493739686], [33.11914485905256, 46.69186496816201], [33.119406427867624, 46.69186469551366]], [[33.11103659280747, 46.69205310836825], [33.1112974231392, 46.69169288490851], [33.111559732399854, 46.692052599540915], [33.11103659280747, 46.69205310836825]], [[32.88530257342943, 46.69150954238903], [32.88504062439606, 46.69168926456686], [32.88504100628872, 46.69150927990843], [32.88530257342943, 46.69150954238903]], [[33.105280307657445, 46.69115862403642], [33.10501978873579, 46.69169881856309], [33.105018742124706, 46.69115886439159], [33.105280307657445, 46.69115862403642]], [[32.88425668938437, 46.69132850422011], [32.88399473776267, 46.69150822400707], [32.883995123127306, 46.691328239349566], [32.88425668938437, 46.69132850422011]], [[32.88477982190959, 46.69132903216749], [32.88451787201833, 46.69150875315356], [32.88451825564514, 46.69132876849276], [32.88477982190959, 46.69132903216749]], [[33.11077355103908, 46.69133342315954], [33.11051235182724, 46.69151366076359], [33.11051198470973, 46.691333676072105], [33.11077355103908, 46.69133342315954]], [[32.82515444142932, 46.68765375695743], [32.826713943536205, 46.69071587671678], [32.82331539048133, 46.69017072427701], [32.82488707709279, 46.689453199769], [32.8241059131746, 46.688372090731434], [32.82515444142932, 46.68765375695743]], [[32.88269001975711, 46.690067013324885], [32.88242806905267, 46.69024672956603], [32.882428459604505, 46.6900667448787], [32.88269001975711, 46.690067013324885]], [[33.07702788606423, 46.68884132393833], [33.076766076521956, 46.68866151475692], [33.0770273743473, 46.68848135403595], [33.07702788606423, 46.68884132393833]], [[33.16019993553186, 46.68803516862842], [33.159938916906604, 46.688215518931024], [33.15993838565759, 46.688035534502305], [33.16019993553186, 46.68803516862842]], [[33.10552890317555, 46.68449894420246], [33.11049289945739, 46.68197446427369], [33.109974970212555, 46.68449475749081], [33.10736391573248, 46.68665705992499], [33.10552890317555, 46.68449894420246]], [[32.89682147063995, 46.68630094000774], [32.8965595849767, 46.686480688769784], [32.89655992854117, 46.686300703877706], [32.89682147063995, 46.68630094000774]], [[32.897867299846766, 46.68648186344938], [32.89760609695597, 46.68630164481109], [32.89786797828568, 46.68612189364484], [32.897867299846766, 46.68648186344938]], [[33.088791939639314, 46.68523309662167], [33.08696291313965, 46.68631441257579], [33.08565349475483, 46.68523548891927], [33.088791939639314, 46.68523309662167]], [[32.898135947548795, 46.682702412478555], [32.89734557770304, 46.6857614557508], [32.895776340756306, 46.685760037203785], [32.89577980217889, 46.683960187843866], [32.89395225640835, 46.682338640962556], [32.89473857309466, 46.68143944027406], [32.89683037957567, 46.68162133077818], [32.89736057620112, 46.67784211392106], [32.897620377777145, 46.67874227395887], [32.89866539088868, 46.679283160494215], [32.89840253319019, 46.68000286906808], [32.90049462706521, 46.68000470749131], [32.90075844560909, 46.67874503864472], [32.901279817947575, 46.67964541678707], [32.90101699318983, 46.68036513134639], [32.89970975880967, 46.680184007673766], [32.900231127522325, 46.681084390364155], [32.898659670136276, 46.682342906857], [32.89970476300028, 46.68288378362128], [32.898135947548795, 46.682702412478555]], [[32.89762105767258, 46.67838230366794], [32.89814440367859, 46.678202785262535], [32.89814406547239, 46.67838277041945], [32.89762105767258, 46.67838230366794]], [[32.900231458829836, 46.68090440528105], [32.90075482057567, 46.68072487502814], [32.900754491008186, 46.68090486011977], [32.900231458829836, 46.68090440528105]], [[32.89865428504544, 46.685222666637564], [32.89839241067142, 46.68540241963726], [32.8983927481357, 46.68522243470079], [32.89865428504544, 46.685222666637564]], [[32.89786967432596, 46.68522196903393], [32.89813154955887, 46.685042217225536], [32.898131211229206, 46.685222202166244], [32.89786967432596, 46.68522196903393]], [[32.89813154955887, 46.685042217225536], [32.89839342305454, 46.68486246481079], [32.898393085596744, 46.685042449758626], [32.89813154955887, 46.685042217225536]], [[32.81470545683788, 46.68385762332731], [32.814440846166995, 46.68475712105722], [32.814443927477036, 46.683857199525285], [32.81470545683788, 46.68385762332731]], [[32.81548881939802, 46.68421885979798], [32.81496391358028, 46.68475796809002], [32.81496698620463, 46.683858046531604], [32.81548881939802, 46.68421885979798]], [[32.87381038976244, 46.68429803958869], [32.87354843757719, 46.68447773568277], [32.873548857540854, 46.68429775087263], [32.87381038976244, 46.68429803958869]], [[33.161496420324696, 46.68425365626269], [33.159404167326926, 46.6842565900426], [33.16018610226387, 46.683355571542975], [33.159137879082394, 46.682637092823114], [33.161493202312926, 46.68317374893622], [33.161496420324696, 46.68425365626269]], [[32.87459665236866, 46.683578962824114], [32.87407317664346, 46.683758373231626], [32.87407401306032, 46.683398403552914], [32.87459665236866, 46.683578962824114]], [[32.90022748292976, 46.683064225902676], [32.89970309757055, 46.68378370865263], [32.89996595642365, 46.68306399756966], [32.90022748292976, 46.683064225902676]], [[32.91042612664, 46.68361261984762], [32.91016429906019, 46.6837923998714], [32.91016459741035, 46.68361241482217], [32.91042612664, 46.68361261984762]], [[32.91225683132707, 46.683614038289036], [32.911995009807335, 46.6837938225059], [32.9119953020776, 46.68361383744776], [32.91225683132707, 46.683614038289036]], [[32.87276721877264, 46.68303698734564], [32.87250484582395, 46.68339666593105], [32.87250569264708, 46.6830366962513], [32.87276721877264, 46.68303698734564]], [[32.91016519410206, 46.68325244470665], [32.9099033673994, 46.68343222414536], [32.90990366661236, 46.683252239086045], [32.91016519410206, 46.68325244470665]], [[32.907029334445525, 46.68181005724466], [32.908076942804136, 46.680910976834696], [32.90807572176807, 46.68163091729726], [32.91252010371967, 46.68253432804935], [32.91042642411873, 46.68343263479142], [32.91042791146959, 46.682532709425125], [32.907029334445525, 46.68181005724466]], [[32.90833967649883, 46.68019124606355], [32.90755452442872, 46.68055058520613], [32.907816651090705, 46.68019082590099], [32.90833967649883, 46.68019124606355]], [[32.91121336810201, 46.681993365592554], [32.910952438109774, 46.68163319214617], [32.91121395779441, 46.68163339536443], [32.91121336810201, 46.681993365592554]], [[32.90676843315322, 46.6814498742666], [32.906506603912305, 46.68162964598797], [32.906506914386455, 46.6814496608888], [32.90676843315322, 46.6814498742666]], [[32.874075267655485, 46.68285844899217], [32.87381332331535, 46.683038145745726], [32.87381374237824, 46.682858160888266], [32.874075267655485, 46.68285844899217]], [[32.901535442507765, 46.68288537357421], [32.90127358898592, 46.68306513325743], [32.90127391685435, 46.68288514823124], [32.901535442507765, 46.68288537357421]], [[32.91278104846498, 46.682894497873974], [32.91251923216206, 46.68307428331656], [32.91251952268406, 46.68289429823318], [32.91278104846498, 46.682894497873974]], [[32.90048967038384, 46.682704483588395], [32.90022781427226, 46.68288424088217], [32.900228145611585, 46.68270425585597], [32.90048967038384, 46.682704483588395]], [[32.9138271516164, 46.68289529045991], [32.91408896271927, 46.68271550201556], [32.91408867741115, 46.68289548711207], [32.9138271516164, 46.68289529045991]], [[32.91408896271927, 46.68271550201556], [32.914350772085115, 46.68253571296537], [32.91435048764824, 46.68271569806878], [32.91408896271927, 46.68271550201556]], [[32.914089248024645, 46.682535516913376], [32.913566486951574, 46.682355137910804], [32.914089533327285, 46.682355531805484], [32.914089248024645, 46.682535516913376]], [[32.91539658739137, 46.68271647630444], [32.91461172900886, 46.68289587862324], [32.914612012579944, 46.682715893524275], [32.91539658739137, 46.68271647630444]], [[32.87381416143711, 46.68267817602509], [32.87276975393349, 46.6819570781589], [32.87355473660876, 46.68177796293311], [32.87381416143711, 46.68267817602509]], [[32.87329405808972, 46.68141770385154], [32.873032118136365, 46.68159739886653], [32.87250950314993, 46.68141683241074], [32.87329405808972, 46.68141770385154]], [[32.91539714931437, 46.68235650608219], [32.915135344282874, 46.68253629753506], [32.91513562611152, 46.68235631242228], [32.91539714931437, 46.68235650608219]], [[32.87198476607986, 46.68213618798873], [32.871722818314375, 46.68231587997607], [32.871723244309024, 46.68213589511037], [32.87198476607986, 46.68213618798873]], [[32.91304430690013, 46.681814786282324], [32.9127824966906, 46.68199457236548], [32.912782786327384, 46.68181458724672], [32.91304430690013, 46.681814786282324]], [[33.09767835858823, 46.68198612077244], [33.09767738547063, 46.68144616555757], [33.09820042289739, 46.68144571788266], [33.09767835858823, 46.68198612077244]], [[32.87407861306588, 46.68141856991311], [32.873555156511934, 46.68159797803762], [32.87355557641108, 46.68141799313643], [32.87407861306588, 46.68141856991311]], [[32.90153871233407, 46.68108552298538], [32.90127653968839, 46.681445267816976], [32.90127719536541, 46.681085297656516], [32.90153871233407, 46.68108552298538]], [[32.91069180815602, 46.681093032952994], [32.91042999364081, 46.68127281367333], [32.91043029108241, 46.68109282854318], [32.91069180815602, 46.681093032952994]], [[32.906507845791, 46.680909705557184], [32.9062460182989, 46.681089476700606], [32.90624632963252, 46.68090949158571], [32.906507845791, 46.680909705557184]], [[32.90886179399682, 46.68073161927095], [32.90859967164763, 46.68109138093921], [32.90860027868023, 46.680731410679925], [32.90886179399682, 46.68073161927095]], [[32.90938452372911, 46.68091201979633], [32.90912270575741, 46.68109179752879], [32.909123007538305, 46.68091181239937], [32.90938452372911, 46.68091201979633]], [[32.87094210767373, 46.680695133802764], [32.87068016343128, 46.68087482345221], [32.87068059286687, 46.68069483854835], [32.87094210767373, 46.680695133802764]], [[32.9033699729718, 46.680727113346705], [32.902846619847544, 46.680906655567284], [32.90284694246766, 46.680726670464416], [32.9033699729718, 46.680727113346705]], [[32.87198859203167, 46.68051632392495], [32.871204477869895, 46.680335458627354], [32.87120576091687, 46.679795503836424], [32.87198859203167, 46.68051632392495]], [[32.90206272195695, 46.68054601655407], [32.90154132796904, 46.679645642104674], [32.902847587698595, 46.68036670024166], [32.90206272195695, 46.68054601655407]], [[32.907293009995215, 46.68055037362802], [32.90598637444237, 46.68000935136345], [32.90598699880751, 46.67964938106239], [32.907294241381635, 46.67983043304474], [32.907293009995215, 46.68055037362802]], [[33.07518476784438, 46.68002327222777], [33.07492350463162, 46.680203428988406], [33.07492325583697, 46.68002344375831], [33.07518476784438, 46.68002327222777]], [[32.55269305032876, 46.67881369863752], [32.552167079486615, 46.67917161275435], [32.55217005352763, 46.67881165292705], [32.55269305032876, 46.67881369863752]], [[32.8709451075287, 46.67943523930351], [32.87068316939379, 46.67961492900569], [32.87068359880051, 46.679434944061995], [32.8709451075287, 46.67943523930351]], [[32.87252135594166, 46.67637725307005], [32.87539241159606, 46.67872022700614], [32.87565226533166, 46.6794404514522], [32.87277989311621, 46.67763743936324], [32.87252135594166, 46.67637725307005]], [[32.9072948570571, 46.67947046271895], [32.90651126071141, 46.67892986890318], [32.906512191990736, 46.6783899133326], [32.90808091084743, 46.678571169702685], [32.9072948570571, 46.67947046271895]], [[32.90651126071141, 46.67892986890318], [32.90624944280438, 46.67910964012388], [32.906249754105126, 46.67892965494641], [32.90651126071141, 46.67892986890318]], [[32.87879157869008, 46.67890386360911], [32.878529265754494, 46.67926355632567], [32.87853007244708, 46.67890358630235], [32.87879157869008, 46.67890386360911]], [[32.8905586366932, 46.67927569403042], [32.890820507378145, 46.67909595876257], [32.89082014484204, 46.67927594384882], [32.8905586366932, 46.67927569403042]], [[32.890820507378145, 46.67909595876257], [32.89108237632641, 46.67891622288827], [32.891082014662125, 46.679096207981765], [32.890820507378145, 46.67909595876257]], [[32.910695070272865, 46.679113196131745], [32.910433265341354, 46.679292976928714], [32.91043356275154, 46.67911299173597], [32.910695070272865, 46.679113196131745]], [[32.90598793533274, 46.67910942556813], [32.90572705393593, 46.678749240059474], [32.905988559667904, 46.67874945521018], [32.90598793533274, 46.67910942556813]], [[32.90494253675807, 46.67874859102152], [32.905728306043514, 46.67802929928066], [32.9062509992782, 46.67820971417961], [32.90625037669764, 46.67856968457439], [32.90494253675807, 46.67874859102152]], [[33.076490803866534, 46.67894249414899], [33.07622955020339, 46.67912265392015], [33.076229297081376, 46.678942668661314], [33.076490803866534, 46.67894249414899]], [[32.877745959686834, 46.67872276578124], [32.87748404751393, 46.67890247109889], [32.877484454327714, 46.678722486085654], [32.877745959686834, 46.67872276578124]], [[32.901542635711166, 46.678925701527774], [32.902065974007726, 46.67874616519753], [32.9020656488167, 46.67892615035879], [32.901542635711166, 46.678925701527774]], [[32.901804794377945, 46.678565955916696], [32.9020666243804, 46.67838619485794], [32.90206629919563, 46.678566180030586], [32.901804794377945, 46.678565955916696]], [[32.901543616484794, 46.67838574603535], [32.89840691870936, 46.67766306223116], [32.898408605301725, 46.676763136268605], [32.89997691770319, 46.67712448893586], [32.89919443238915, 46.67604388919194], [32.90102389500843, 46.676585442839226], [32.903901619283495, 46.67586795376154], [32.90389874759997, 46.677487820914635], [32.901543616484794, 46.67838574603535]], [[32.898929583990665, 46.67784351056365], [32.89866774622116, 46.678023264455135], [32.8986680826843, 46.67784327928394], [32.898929583990665, 46.67784351056365]], [[32.8989322686335, 46.67640362897766], [32.89840961721827, 46.6762231806228], [32.89893260419935, 46.6762236437538], [32.8989322686335, 46.67640362897766]], [[32.86990080064641, 46.678714114942146], [32.87016403035494, 46.67799447206124], [32.87042381113544, 46.678714708398566], [32.86990080064641, 46.678714114942146]], [[32.87931539265482, 46.678544446373245], [32.87879198116223, 46.67872387858718], [32.878792383630525, 46.67854389355956], [32.87931539265482, 46.678544446373245]], [[32.86937909134452, 46.678173564189514], [32.86885565064266, 46.67835295093374], [32.868856086098596, 46.67817296596323], [32.86937909134452, 46.678173564189514]], [[32.87670198530864, 46.677821718287944], [32.87722335665069, 46.67854222077528], [32.8769618521677, 46.67854193988619], [32.87670198530864, 46.677821718287944]], [[32.8764404843067, 46.677821436210635], [32.87539489407494, 46.67764031689199], [32.875397376410774, 46.67656040657298], [32.87644253558453, 46.67692151095202], [32.8764404843067, 46.677821436210635]], [[32.8819312220915, 46.67818720447039], [32.88140782268658, 46.67836664867226], [32.88140821646414, 46.6781866636161], [32.8819312220915, 46.67818720447039]], [[32.89265497924735, 46.67711785430294], [32.89239133771266, 46.67819751954999], [32.891606828844, 46.67819677908728], [32.89265497924735, 46.67711785430294]], [[33.0934871871713, 46.67802994292378], [33.092964491313815, 46.678210354240974], [33.09296418263291, 46.678030369031056], [33.0934871871713, 46.67802994292378]], [[32.90520561629102, 46.677848881990926], [32.90494379928537, 46.67802865025894], [32.90494411490961, 46.67784866505407], [32.90520561629102, 46.677848881990926]], [[33.14343357970319, 46.67779824970759], [33.14291105286134, 46.67797888899614], [33.14291057834113, 46.67779890410234], [33.14343357970319, 46.67779824970759]], [[32.881147897570955, 46.677646437095085], [32.88062450080496, 46.677825877733376], [32.880624897176006, 46.67764589266527], [32.881147897570955, 46.677646437095085]], [[32.88559340153334, 46.67765096823377], [32.88533152052861, 46.67783069157531], [32.885331901270675, 46.67765070647711], [32.88559340153334, 46.67765096823377]], [[32.90468324650718, 46.67748847709552], [32.90415992900966, 46.67766802545136], [32.90416024723266, 46.67748804023921], [32.90468324650718, 46.67748847709552]], [[32.87147281954502, 46.677455993176544], [32.87121089273516, 46.677635684160535], [32.87121132035999, 46.677455699150556], [32.87147281954502, 46.677455993176544]], [[32.871995817927356, 46.67745657943567], [32.871733892845846, 46.67763627161855], [32.871734318734134, 46.67745628660491], [32.871995817927356, 46.67745657943567]], [[32.891608268464594, 46.6774768385529], [32.89134640822017, 46.67765657568352], [32.891346768988406, 46.677476590542945], [32.891608268464594, 46.6774768385529]], [[33.05112327758599, 46.677516756240024], [33.05164593468793, 46.67715655057969], [33.051646277652466, 46.67751652137715], [33.05112327758599, 46.677516756240024]], [[33.05164576320813, 46.676976565172424], [33.05269157795102, 46.67679610287427], [33.05295342614252, 46.677155952971724], [33.05243060365191, 46.67733617920709], [33.05164576320813, 46.676976565172424]], [[33.1439551470945, 46.677257638231424], [33.14369412614101, 46.6774379518214], [33.1436936490297, 46.67725796691668], [33.1439551470945, 46.677257638231424]], [[32.88768614960971, 46.67729307053019], [32.88794802021697, 46.67711334177364], [32.887947648168385, 46.67729332690511], [32.88768614960971, 46.67729307053019]], [[32.88794802021697, 46.67711334177364], [32.88820988908772, 46.676933612410586], [32.88820951791095, 46.67711359754934], [32.88794802021697, 46.67711334177364]], [[32.910436834075064, 46.67713315424037], [32.91017503786083, 46.6773129345151], [32.910175336107855, 46.67713294926106], [32.910436834075064, 46.67713315424037]], [[32.89134785127232, 46.676936635087074], [32.89108671602696, 46.676756401322365], [32.89134857277761, 46.6765766647547], [32.89134785127232, 46.676936635087074]], [[32.8981477855621, 46.67640293338044], [32.897100783229384, 46.67694195315805], [32.89631801366886, 46.67604131898048], [32.896841341366276, 46.67586180644632], [32.8981477855621, 46.67640293338044]], [[32.91043742882403, 46.67677318371266], [32.91017563435202, 46.67695296400134], [32.91017593259331, 46.67677297873592], [32.91043742882403, 46.67677318371266]], [[32.88742614617344, 46.676572873010514], [32.88716427645235, 46.67675260059053], [32.88716465109489, 46.67657261544683], [32.88742614617344, 46.676572873010514]], [[32.89187156305101, 46.676577160161514], [32.8916097080299, 46.67675689792747], [32.89161006791258, 46.67657691275691], [32.89187156305101, 46.676577160161514]], [[33.10054507646876, 46.676584074942234], [33.10106840250789, 46.67676359940829], [33.100283914198144, 46.676764289635834], [33.10002108971009, 46.676044577609474], [33.10054507646876, 46.676584074942234]], [[33.100544742636124, 46.67640408972119], [33.10080489823165, 46.6756839187129], [33.10106773136652, 46.67640362897766], [33.100544742636124, 46.67640408972119]], [[33.10054340733765, 46.67568414878012], [33.10028158349201, 46.675504392998825], [33.10054307352104, 46.675504163530626], [33.10054340733765, 46.67568414878012]], [[33.105251640740015, 46.67639985697651], [33.1055134853765, 46.67657960134001], [33.10525233966456, 46.67675982735997], [33.105251640740015, 46.67639985697651]], [[33.10577462935199, 46.67639937471976], [33.10603541953257, 46.67603916229781], [33.106036123652935, 46.67639913269499], [33.10577462935199, 46.67639937471976]], [[32.88507269059679, 46.676570533424], [32.88533494707561, 46.67621082548667], [32.885595680699495, 46.67657105751526], [32.88507269059679, 46.676570533424]], [[32.874352231176225, 46.67619929263818], [32.87461455693903, 46.675839609316384], [32.87513629608331, 46.676380136448756], [32.874352231176225, 46.67619929263818]], [[32.87435389984654, 46.67547935229478], [32.87409324621471, 46.67511909466002], [32.87435473415766, 46.67511938208892], [32.87435389984654, 46.67547935229478]], [[32.89370273497961, 46.67621890487841], [32.89344088775537, 46.67639864685271], [32.89344124155367, 46.67621866165999], [32.89370273497961, 46.67621890487841]], [[32.87330625859228, 46.676198139293916], [32.87356859128457, 46.67583845837683], [32.873567751732224, 46.67619842852635], [32.87330625859228, 46.676198139293916]], [[32.87356859128457, 46.67583845837683], [32.8738305015941, 46.67565876192298], [32.87383008269216, 46.675838747008086], [32.87356859128457, 46.67583845837683]], [[32.88245852083445, 46.676207906866885], [32.88193631828135, 46.67584739817886], [32.88245930134946, 46.67584793659886], [32.88245852083445, 46.676207906866885]], [[32.89056517743936, 46.676035961635314], [32.89004255748802, 46.67585547507798], [32.89056590411914, 46.67567599125539], [32.89056517743936, 46.676035961635314]], [[32.891611867274165, 46.67567698681864], [32.891349655009556, 46.676036709213456], [32.891350376480204, 46.675676738824194], [32.891611867274165, 46.67567698681864]], [[33.05582879498843, 46.67607467318957], [33.05608991558895, 46.67571457444395], [33.05635178110141, 46.67607441682539], [33.05582879498843, 46.67607467318957]], [[33.12983079664424, 46.67583465179112], [33.12956973548214, 46.676014933246535], [33.1295693052897, 46.67583494819086], [33.12983079664424, 46.67583465179112]], [[32.89422677540243, 46.67567943389659], [32.89370344082962, 46.67585893447288], [32.89370379374953, 46.67567894926159], [32.89422677540243, 46.67567943389659]], [[32.88952654301367, 46.67243525180052], [32.89240026931963, 46.67369788960077], [32.89135398362559, 46.67387688653643], [32.89187443504255, 46.67513727857965], [32.89292216536852, 46.67423833596864], [32.892396339676736, 46.67567772721655], [32.88847694011818, 46.674234089799036], [32.88952654301367, 46.67243525180052]], [[32.89762615647212, 46.67568252576052], [32.89684236886144, 46.675321850741504], [32.89762683625657, 46.67532255527613], [32.89762615647212, 46.67568252576052]], [[32.90102619530534, 46.67532554611257], [32.90076404718031, 46.675685290152586], [32.90076470612857, 46.67532531963363], [32.90102619530534, 46.67532554611257]], [[33.05739718160025, 46.675533940636164], [33.05713588085495, 46.67571405694139], [33.05713569115647, 46.67553407150493], [33.05739718160025, 46.675533940636164]], [[32.72007689986942, 46.675025954172355], [32.71981448464332, 46.67520529757081], [32.71981541487528, 46.6750253141839], [32.72007689986942, 46.675025954172355]], [[32.87540068596942, 46.675120525828966], [32.875138368908345, 46.675480211006885], [32.875139198010494, 46.6751202407903], [32.87540068596942, 46.675120525828966]], [[32.897892054426585, 46.67334295083889], [32.900507841391956, 46.672805298307146], [32.89946126580315, 46.67316435476947], [32.90050288661425, 46.67550507781803], [32.897892054426585, 46.67334295083889]], [[32.902333641236325, 46.675326669543736], [32.899983891254486, 46.67334479839739], [32.90129128937582, 46.67334593370183], [32.902333641236325, 46.675326669543736]], [[32.898155224562736, 46.67244325723699], [32.89710932357464, 46.67244232153648], [32.89789442724173, 46.67208305351599], [32.898155224562736, 46.67244325723699]], [[32.89841669981789, 46.67244348966837], [32.89841636258363, 46.67262347500879], [32.89815488646043, 46.67262324257598], [32.898155224562736, 46.67244325723699], [32.89841669981789, 46.67244348966837]], [[32.89605824659221, 46.675141155586886], [32.8957964123807, 46.67532090299605], [32.89579675834515, 46.675140917755655], [32.89605824659221, 46.675141155586886]], [[33.16905164189332, 46.67488350054169], [33.16879127638603, 46.675243856088684], [33.168790155593655, 46.67488388656548], [33.16905164189332, 46.67488350054169]], [[32.89501229362393, 46.67514020067659], [32.89553631057929, 46.674600723576006], [32.89579710430629, 46.67496093250956], [32.89501229362393, 46.67514020067659]], [[33.170616028009825, 46.67344129366551], [33.17088204583956, 46.67488078164364], [33.16931369031736, 46.67506309867996], [33.16878623298986, 46.67362399305494], [33.170616028009825, 46.67344129366551]], [[32.88873731575654, 46.674774300018875], [32.8884754590761, 46.674954030667706], [32.88847582934195, 46.67477404545907], [32.88873731575654, 46.674774300018875]], [[32.8743559855943, 46.67457942673747], [32.8740940822461, 46.67475912443499], [32.87409450025577, 46.67457913931395], [32.8743559855943, 46.67457942673747]], [[32.88664655354672, 46.67423229118254], [32.88612245177162, 46.674771727530796], [32.88586172327662, 46.674411496593336], [32.88664655354672, 46.67423229118254]], [[32.90311939543751, 46.67460739527505], [32.90338152271757, 46.67424764575515], [32.90364236690512, 46.674607836868105], [32.90311939543751, 46.67460739527505]], [[33.134533620310464, 46.67420934897578], [33.134273028412, 46.67456962625484], [33.13401065337535, 46.674209962655894], [33.134533620310464, 46.67420934897578]], [[32.88716952112062, 46.67423280806069], [32.88690766186797, 46.67441253513647], [32.886908037331864, 46.67423254992039], [32.88716952112062, 46.67423280806069]], [[33.158067638401036, 46.674359244432665], [33.157804058871406, 46.67363966577749], [33.158852090113136, 46.67435815808812], [33.158067638401036, 46.674359244432665]], [[32.90390480975188, 46.674068100828705], [32.90259771748293, 46.67388701005526], [32.90233720792958, 46.67334683118992], [32.90312196849956, 46.673167512688764], [32.90390480975188, 46.674068100828705]], [[33.13400976356172, 46.67384999248907], [33.133748725860535, 46.67403028351717], [33.133748281823955, 46.67385029842899], [33.13400976356172, 46.67384999248907]], [[33.149165792684556, 46.670231525018714], [33.15283339259159, 46.67274648474351], [33.15231347411223, 46.67382709182265], [33.149697665742764, 46.67347057266006], [33.14995566065943, 46.672210335298075], [33.14786338046424, 46.672033072493385], [33.147858962876455, 46.67041320690903], [33.149165792684556, 46.670231525018714]], [[33.1538823625214, 46.67382499267079], [33.154661672088615, 46.67202408548144], [33.15623154544033, 46.67238192412429], [33.15571273210877, 46.67382251647255], [33.1538823625214, 46.67382499267079]], [[32.90207507808862, 46.67370657837239], [32.90181327074075, 46.67388633961549], [32.901813596712444, 46.67370635429633], [32.90207507808862, 46.67370657837239]], [[33.16669439101354, 46.673627059599184], [33.16617198214116, 46.67380780508818], [33.16617143046615, 46.67362782025997], [33.16669439101354, 46.673627059599184]], [[33.16747938781016, 46.673805898942845], [33.16721735153967, 46.67362629654828], [33.167478831794746, 46.673625914126546], [33.16747938781016, 46.673805898942845]], [[33.167477163780525, 46.67308595964346], [33.16695476273673, 46.67326670871324], [33.16643125314507, 46.67308748571663], [33.167477163780525, 46.67308595964346]], [[32.87069776690912, 46.6734954377275], [32.87043671697078, 46.673315156814034], [32.87069819617565, 46.673315452590316], [32.87069776690912, 46.6734954377275]], [[32.87043671697078, 46.673315156814034], [32.86965314484618, 46.672954295623455], [32.87043800734983, 46.67277520137388], [32.87043671697078, 46.673315156814034]], [[33.15728005366756, 46.67328041597574], [33.15701909622897, 46.6734607600098], [33.1570185749469, 46.6732807750894], [33.15728005366756, 46.67328041597574]], [[33.16590884858653, 46.67326823001579], [33.16564791996401, 46.67344859369198], [33.165647370035735, 46.67326860884763], [33.16590884858653, 46.67326823001579]], [[32.89213986231781, 46.6731576875877], [32.89161654520996, 46.673337178713446], [32.891616905026986, 46.67315719343477], [32.89213986231781, 46.6731576875877]], [[32.902337532155734, 46.67316684585089], [32.90207637847179, 46.67298663703323], [32.90233785637878, 46.672986860506164], [32.902337532155734, 46.67316684585089]], [[32.90207637847179, 46.67298663703323], [32.90181522652395, 46.67280642761516], [32.90207670355977, 46.67280665168421], [32.90207637847179, 46.67298663703323]], [[32.90181522652395, 46.67280642761516], [32.901554403130035, 46.672446232239096], [32.901815878426646, 46.672446456902854], [32.90181522652395, 46.67280642761516]], [[32.90207670355977, 46.67280665168421], [32.90233882902924, 46.67244690443786], [32.90233818059872, 46.67280687515575], [32.90207670355977, 46.67280665168421]], [[32.903645245960305, 46.67298796890808], [32.90338344728703, 46.673167733773006], [32.90338376803783, 46.67298774842272], [32.903645245960305, 46.67298796890808]], [[33.16120169870508, 46.673094972678584], [33.157800391737936, 46.672379771302175], [33.16146156840513, 46.67255464931045], [33.16120169870508, 46.673094972678584]], [[32.893709087141616, 46.672979170409306], [32.892663532301626, 46.67279820876376], [32.89266424496717, 46.67243823815422], [32.893709087141616, 46.672979170409306]], [[33.108382015542674, 46.672617237564545], [33.10681386845416, 46.67297868342969], [33.108377698132216, 46.67045741357158], [33.10968502619848, 46.670456167849444], [33.108382015542674, 46.672617237564545]], [[33.06549838293674, 46.67138992134422], [33.062362186950836, 46.67265157310688], [33.062621584592485, 46.67085157489295], [33.06549838293674, 46.67138992134422]], [[33.10158363741638, 46.67262347500879], [33.09975231099932, 46.67208512923958], [33.10079686668381, 46.671364271189226], [33.10158363741638, 46.67262347500879]], [[33.109689031544946, 46.672436006455285], [33.109166443640504, 46.672616491867714], [33.109166081233184, 46.672436506570925], [33.109689031544946, 46.672436006455285]], [[32.870439297691725, 46.67223524588251], [32.869915486015, 46.6725946228855], [32.869916349710905, 46.67223465255964], [32.870439297691725, 46.67223524588251]], [[33.01529623748299, 46.67212758780855], [33.01503486317091, 46.67248759371313], [33.015034763347245, 46.67212762246377], [33.01529623748299, 46.67212758780855]], [[32.88534370246152, 46.672071165610554], [32.88508184761818, 46.67225088858009], [32.88508222911494, 46.672070903307116], [32.88534370246152, 46.672071165610554]], [[33.10393623231771, 46.67226139094292], [33.1031511243565, 46.67190213008843], [33.10419666896133, 46.67172119710703], [33.10393623231771, 46.67226139094292]], [[32.89737216160969, 46.67172261496253], [32.897110348278304, 46.671902365502916], [32.89711068983963, 46.67172238014702], [32.89737216160969, 46.67172261496253]], [[32.90155571036992, 46.67172629075186], [32.90129391087525, 46.67190605087515], [32.901294238548516, 46.671726065496216], [32.90155571036992, 46.67172629075186]], [[33.08040299374371, 46.67192037591339], [33.0783099107417, 46.671021899196774], [33.08066339552187, 46.67120024998015], [33.08040299374371, 46.67192037591339]], [[33.0783099107417, 46.671021899196774], [33.077786715380356, 46.67084227038443], [33.07830939083145, 46.67066192817908], [33.0783099107417, 46.671021899196774]], [[33.1049810842021, 46.67172048011313], [33.10445848748093, 46.67190094405357], [33.104458140711586, 46.671720958706565], [33.1049810842021, 46.67172048011313]], [[33.17505245855804, 46.67073480727183], [33.17636213131229, 46.67145273902109], [33.175578888060926, 46.67181391496261], [33.17505245855804, 46.67073480727183]], [[33.1774091877411, 46.67181109179287], [33.1766241872899, 46.67163232051478], [33.17662301463416, 46.67127235091186], [33.1774091877411, 46.67181109179287]], [[32.89737420570093, 46.670642702698835], [32.89998687948886, 46.671724930255635], [32.89737250229974, 46.67154262959948], [32.89737420570093, 46.670642702698835]], [[32.89842007198242, 46.670643635950995], [32.89815894347376, 46.670463418132584], [32.89842040918107, 46.67046365054796], [32.89842007198242, 46.670643635950995]], [[32.89005168329935, 46.671355843629144], [32.88978984750188, 46.671535577411646], [32.88979021336026, 46.671355592086975], [32.89005168329935, 46.671355843629144]], [[33.160147281162224, 46.670216682233374], [33.160410342521686, 46.67075627093442], [33.16171874865955, 46.671114400625655], [33.16041194002309, 46.671296225829224], [33.160147281162224, 46.670216682233374]], [[33.177929767785095, 46.671090340640376], [33.17740742093723, 46.67127113741981], [33.17740683201391, 46.6710911526174], [33.177929767785095, 46.671090340640376]], [[32.78861011185219, 46.66905357391068], [32.78155511133943, 46.66796040771565], [32.78078385193373, 46.664719186602895], [32.783654627730215, 46.66598455206805], [32.78418037827087, 46.66526560127565], [32.785221858089166, 46.66634747639867], [32.7844461098816, 46.66418618652865], [32.785227560749114, 46.66490759979412], [32.787059036809296, 46.66455105098418], [32.786531205875235, 46.66580996894994], [32.7883627039331, 46.665453399365916], [32.79123023137675, 46.6676184978528], [32.79176557347541, 46.66437972720533], [32.79307068854987, 46.66492205274362], [32.7943812892018, 46.66402448571271], [32.793852264918975, 46.66564340721476], [32.79280650023561, 46.6656415183375], [32.7938488438448, 46.6665433305174], [32.791490989959044, 46.66779895916769], [32.791749676568195, 46.668519373590954], [32.793844054065026, 46.66780322290188], [32.79514927228792, 46.66834552457167], [32.796987538210495, 46.66618897060402], [32.79461613769591, 46.67104435554495], [32.79017258867534, 46.67067632182558], [32.78861011185219, 46.66905357391068]], [[32.78078676207152, 46.66399924835186], [32.78052460064724, 46.66417873175712], [32.78026389601314, 46.66399824542871], [32.78078676207152, 46.66399924835186]], [[32.78026389601314, 46.66399824542871], [32.78000538343175, 46.66327780476661], [32.78026681298002, 46.66327830711161], [32.78026389601314, 46.66399824542871]], [[32.796987538210495, 46.66618897060402], [32.79724965501355, 46.66600944947184], [32.79724898207911, 46.666189434170334], [32.796987538210495, 46.66618897060402]], [[32.796988212012664, 46.66600898590842], [32.79620523584004, 46.665647622243135], [32.79698888580837, 46.66582900120713], [32.796988212012664, 46.66600898590842]], [[32.891098286117185, 46.67099687314087], [32.890836455520585, 46.671176609334076], [32.89083681790006, 46.67099662399176], [32.891098286117185, 46.67099687314087]], [[33.00928214737074, 46.671048319802495], [33.00980502014579, 46.6706883048389], [33.00980505269433, 46.67086829051547], [33.00928214737074, 46.671048319802495]], [[33.110470156417385, 46.67081538394394], [33.11020905493354, 46.67099562142059], [33.1102086890857, 46.670815636078856], [33.110470156417385, 46.67081538394394]], [[32.88325540378049, 46.670449182844685], [32.88247061713272, 46.67062836515468], [32.88247100727593, 46.67044837984711], [32.88325540378049, 46.670449182844685]], [[32.90051213495538, 46.67046548836219], [32.900250338099376, 46.67064524613964], [32.9002506692224, 46.67046526072655], [32.90051213495538, 46.67046548836219]], [[33.181848767034815, 46.67018425075549], [33.17975825263459, 46.67054752552787], [33.17792504271533, 46.669650462056744], [33.1800119497756, 46.66820731162891], [33.181848767034815, 46.67018425075549]], [[32.891099370630876, 46.67045691707513], [32.89057716587133, 46.670096447456096], [32.89110009362264, 46.67009694633618], [32.891099370630876, 46.67045691707513]], [[33.012942540593755, 46.67032802159125], [33.01058935144046, 46.67032826356512], [33.01215806349508, 46.66996813623626], [33.0118962838578, 46.668528277929866], [33.01346520332661, 46.669248047013944], [33.012942540593755, 46.67032802159125]], [[33.1700834704454, 46.67038232981205], [33.170605266930956, 46.67002158151635], [33.170605833254584, 46.67020156641755], [33.1700834704454, 46.67038232981205]], [[32.88691667200648, 46.670092888380154], [32.88665483193684, 46.670272615024835], [32.88665520818574, 46.670092629679495], [32.88691667200648, 46.670092888380154]], [[32.89214594916686, 46.67009793692685], [32.891884126385264, 46.67027767555234], [32.89188448527563, 46.67009769017537], [32.89214594916686, 46.67009793692685]], [[32.90182011548898, 46.6701066467182], [32.901558324699074, 46.67028640750425], [32.9015586514761, 46.670106422072706], [32.90182011548898, 46.6701066467182]], [[33.00614439773286, 46.66996861719063], [33.00588297305792, 46.67032860232852], [33.005882934000994, 46.66996863093219], [33.00614439773286, 46.66996861719063]], [[33.00509854280427, 46.669968668572096], [33.004575630527704, 46.670148676379455], [33.00457561533897, 46.669968690678076], [33.00509854280427, 46.669968668572096]], [[32.89188520304602, 46.66973771940436], [32.891623381142686, 46.66991745744532], [32.89162374089407, 46.66973747205852], [32.89188520304602, 46.66973771940436]], [[32.897898833475296, 46.66974324346235], [32.89763703145676, 46.6699229952793], [32.897637371246184, 46.669743009857875], [32.897898833475296, 46.66974324346235]], [[32.893977252321854, 46.669559691256644], [32.89371543820575, 46.66973943409667], [32.89371579101046, 46.669559448691906], [32.893977252321854, 46.669559691256644]], [[33.03699674600898, 46.669422843901536], [33.03673552884322, 46.66978289950026], [33.03673528496148, 46.669422928141636], [33.03699674600898, 46.669422843901536]], [[33.08118417836283, 46.66975999607586], [33.08013673243736, 46.668680820021784], [33.081182830959335, 46.6688600683525], [33.08118417836283, 46.66975999607586]], [[32.89920714839608, 46.669204446198414], [32.89894501787084, 46.66956418647135], [32.898945688754466, 46.66920421558553], [32.89920714839608, 46.669204446198414]], [[32.8725382829737, 46.6691778462724], [32.87227639973911, 46.669357539999794], [32.87227682370355, 46.669177554720704], [32.8725382829737, 46.6691778462724]], [[32.884303954208704, 46.66919034774968], [32.8840421098543, 46.669370068440124], [32.88404249476399, 46.66919008308272], [32.884303954208704, 46.66919034774968]], [[32.888225846317305, 46.66919424606126], [32.88796401492673, 46.66937397573771], [32.88796438681815, 46.669193990355886], [32.888225846317305, 46.66919424606126]], [[32.88901022483611, 46.669195009592706], [32.888486935664375, 46.66937448655419], [32.88848730582003, 46.66919450116917], [32.88901022483611, 46.669195009592706]], [[32.885349792024364, 46.66919140044309], [32.88587346861224, 46.66883195245027], [32.885873089785015, 46.66901193783056], [32.885349792024364, 46.66919140044309]], [[32.89005642785552, 46.669016033870285], [32.88979460338677, 46.6691957677472], [32.88979496919948, 46.669015782348566], [32.89005642785552, 46.669016033870285]], [[32.89685435411824, 46.6690223637348], [32.896332468960125, 46.668481934815986], [32.89685538123855, 46.66848240738132], [32.89685435411824, 46.6690223637348]], [[32.87097252542591, 46.667916190951885], [32.872539552239026, 46.66863789039551], [32.872015789265724, 46.668997277288625], [32.87097252542591, 46.667916190951885]], [[32.88587422625577, 46.66847198167261], [32.88561239057271, 46.66865170598687], [32.88561277026051, 46.66847172059683], [32.88587422625577, 46.66847198167261]], [[32.88796624622168, 46.668294063361365], [32.88770404557901, 46.66865377787825], [32.887704791065396, 46.668293807066576], [32.88796624622168, 46.668294063361365]], [[33.14784914738145, 46.66681350395984], [33.14941783318604, 46.66681146625318], [33.14916133646605, 46.66861165901756], [33.14863842385116, 46.66861233949043], [33.14784914738145, 46.66681350395984]], [[33.14837549002655, 46.66807272337541], [33.147853073353254, 46.668253385412726], [33.14785258259028, 46.66807340025104], [33.14837549002655, 46.66807272337541]], [[32.90234693336017, 46.667947268543976], [32.902084829744986, 46.668307016109736], [32.90208547975554, 46.667947045110154], [32.90234693336017, 46.667947268543976]], [[33.181057164545024, 46.66802567668772], [33.18079631159381, 46.668206074966655], [33.180795711484954, 46.66802609010072], [33.181057164545024, 46.66802567668772]], [[33.01163467259973, 46.66780836178224], [33.011111802858984, 46.667988399524106], [33.01111176597631, 46.66780841375727], [33.01163467259973, 46.66780836178224]], [[32.87045004909532, 46.66773561479591], [32.87071235965923, 46.66737593987059], [32.87097295369688, 46.66773620563643], [32.87045004909532, 46.66773561479591]], [[32.871496711373254, 46.667376823431994], [32.87123483340287, 46.66755651483761], [32.87123526079781, 46.66737652950893], [32.871496711373254, 46.667376823431994]], [[32.89633418943984, 46.66758200746119], [32.89659598445649, 46.66740225854566], [32.896595641238264, 46.66758224403517], [32.89633418943984, 46.66758200746119]], [[32.89659598445649, 46.66740225854566], [32.89738101848792, 46.66704299367382], [32.89738067787964, 46.66722297917912], [32.89659598445649, 46.66740225854566]], [[32.89790290027965, 46.667583417943966], [32.89842647820301, 46.66722391232044], [32.898687255743596, 46.66758411512037], [32.89790290027965, 46.667583417943966]], [[32.89894904297937, 46.667404360815034], [32.899734061478185, 46.66704507978725], [32.89973306307402, 46.66758503632521], [32.89894904297937, 46.667404360815034]], [[32.89947294590693, 46.666864864863854], [32.899996174566674, 46.66668533753404], [32.89999584264264, 46.66686532306519], [32.89947294590693, 46.666864864863854]], [[32.899996174566674, 46.66668533753404], [32.90025795312463, 46.66650558019891], [32.90025762207154, 46.66668556573718], [32.899996174566674, 46.66668533753404]], [[33.00928137713671, 46.66654867631703], [33.00274507762874, 46.664209203769765], [33.003529233257034, 46.66186936526072], [33.006927777142224, 46.66204919592172], [33.010848944356056, 46.660968975487954], [33.012940392957475, 46.66132873003878], [33.01215697395838, 46.665108520242384], [33.01346426479805, 46.66546834558514], [33.015555439612776, 46.66420817933279], [33.01634023553869, 46.66582794270503], [33.01477142590458, 46.66528819845259], [33.01032737175967, 46.66762850146621], [33.01032709754061, 46.666188615077544], [33.00928137713671, 46.66654867631703]], [[32.79463045387767, 46.66726467952201], [32.79410892263054, 46.6669037705451], [32.794631817173006, 46.66690471024599], [32.79463045387767, 46.66726467952201]], [[32.90287113014872, 46.66722777153523], [32.90260935675346, 46.667407534829984], [32.90260968000911, 46.667227549301785], [32.90287113014872, 46.66722777153523]], [[33.11909066996515, 46.66720702139357], [33.119351723668466, 46.667026763574796], [33.119352119815005, 46.66720674897866], [33.11909066996515, 46.66720702139357]], [[33.119351723668466, 46.667026763574796], [33.119612775636206, 46.66684650515636], [33.11961317264672, 46.66702649056419], [33.119351723668466, 46.667026763574796]], [[33.119612378629505, 46.66666651974284], [33.12117824662049, 46.66540497117272], [33.120128495071285, 46.66360621909394], [33.122481387256876, 46.663603724658856], [33.12196418921493, 46.66612407956747], [33.119612378629505, 46.66666651974284]], [[33.169809605161966, 46.66642304898873], [33.16798171679847, 46.66714569048429], [33.166148264898844, 46.66606845233377], [33.16823032346027, 46.6630056494616], [33.1700603265683, 46.66300294422852], [33.169809605161966, 46.66642304898873]], [[32.87358957485366, 46.666839197240755], [32.873327706408595, 46.66701889346265], [32.873328126849024, 46.66683890810232], [32.87358957485366, 46.666839197240755]], [[32.7771178237359, 46.6661519916639], [32.77528622879586, 46.666508381040714], [32.77424269661541, 46.66596636917945], [32.7771178237359, 46.6661519916639]], [[32.79071149804892, 46.66653763503448], [32.79045144361953, 46.666177187301166], [32.7907128873239, 46.66617766580171], [32.79071149804892, 46.66653763503448]], [[32.79045144361953, 46.666177187301166], [32.78992995068544, 46.66581625927039], [32.79019139264101, 46.66581673895968], [32.79045144361953, 46.666177187301166]], [[32.78967199909436, 46.66491585580515], [32.78940846469302, 46.66545532885141], [32.78862765175716, 46.66455395945798], [32.78967199909436, 46.66491585580515]], [[32.79045213911474, 46.66599720267923], [32.790976412294256, 46.66563818980405], [32.790975024794704, 46.66599815907696], [32.79045213911474, 46.66599720267923]], [[33.123009967595394, 46.66612296007987], [33.12248829804595, 46.66666347723608], [33.122487078412966, 46.66612352101843], [33.123009967595394, 46.66612296007987]], [[33.00117650479274, 46.66618907506048], [33.00091506535758, 46.66654904908708], [33.00091505928328, 46.66618907745], [33.00117650479274, 46.66618907506048]], [[32.773719811823284, 46.66596533631919], [32.773457617541155, 46.666144803412514], [32.77345836943803, 46.66596481899301], [32.773719811823284, 46.66596533631919]], [[32.86731790654976, 46.665572195655166], [32.8678390356629, 46.66629274219939], [32.86705514099375, 46.66611184824263], [32.86731790654976, 46.665572195655166]], [[32.86444114680692, 46.66592879537997], [32.86391780811337, 46.6661081600291], [32.863918259771964, 46.665928174707844], [32.86444114680692, 46.66592879537997]], [[32.99986927811299, 46.665829109374414], [32.999607833037345, 46.66600909460981], [32.99960783433895, 46.66582910877704], [32.99986927811299, 46.665829109374414]], [[33.00457526603832, 46.66582901797636], [33.00431383658313, 46.66600901396396], [33.00431382226548, 46.6658290281317], [33.00457526603832, 46.66582901797636]], [[32.85712215255177, 46.66537993268524], [32.85607734475023, 46.66501865149697], [32.8568621369531, 46.66483965004007], [32.85712215255177, 46.66537993268524]], [[33.11830278644999, 46.665587966153375], [33.11804173617229, 46.665768221621384], [33.11804134439476, 46.66558823616352], [33.11830278644999, 46.665587966153375]], [[33.11987183655339, 46.66576631899383], [33.119870643010216, 46.6652263626389], [33.12039352359288, 46.66522581366501], [33.11987183655339, 46.66576631899383]], [[33.12327018477336, 46.665582722461465], [33.12300915105535, 46.66576298924667], [33.1230087427912, 46.665583003821524], [33.12327018477336, 46.665582722461465]], [[32.86130474551725, 46.66556506488477], [32.85921461356735, 46.6650225546186], [32.86156848448393, 46.66466545482898], [32.86130474551725, 46.66556506488477]], [[32.85895364259289, 46.66484224732612], [32.85869548714926, 46.66358202738631], [32.86078555839841, 46.66412454720657], [32.85999939552092, 46.6648435316328], [32.85895364259289, 46.66484224732612]], [[33.15045912917395, 46.66519022895612], [33.15019370157802, 46.66375069036383], [33.15097800012064, 46.66374965817898], [33.15202675870769, 46.66482818506881], [33.15045912917395, 46.66519022895612]], [[32.795947180803225, 46.66474723273387], [32.79568438771167, 46.66510673564018], [32.795685743908585, 46.66474676620404], [32.795947180803225, 46.66474723273387]], [[32.7980373356148, 46.665110912956656], [32.796207941344484, 46.664927683393095], [32.79568913428694, 46.663846842514005], [32.79673216614418, 46.66456864400105], [32.79856489276403, 46.663851941329106], [32.7980373356148, 46.665110912956656]], [[32.8555549460762, 46.66483800732251], [32.85529254737796, 46.665197647559694], [32.855293507914595, 46.66483767698697], [32.8555549460762, 46.66483800732251]], [[32.86705734718047, 46.66521192146425], [32.86731922763328, 46.665032239548296], [32.86731878727634, 46.66521222492295], [32.86705734718047, 46.66521192146425]], [[32.86731922763328, 46.665032239548296], [32.86784254471965, 46.664852859285745], [32.8678421061023, 46.665032844669874], [32.86731922763328, 46.665032239548296]], [[33.120131684595684, 46.6650461029893], [33.118824093064276, 46.664867482473], [33.12013088719162, 46.66468613204961], [33.120131684595684, 46.6650461029893]], [[33.15255014104819, 46.66500747437979], [33.1522892075944, 46.66518780785993], [33.15228870216087, 46.66500782263791], [33.15255014104819, 46.66500747437979]], [[33.15568069049113, 46.66266344065656], [33.155165044630685, 46.66518394414221], [33.15359538678169, 46.66482609015702], [33.15437150350018, 46.66194527049981], [33.15568069049113, 46.66266344065656]], [[32.72014379061902, 46.66206713504255], [32.72092527982297, 46.66260900198348], [32.72065365704742, 46.66458818546489], [32.7198712124497, 46.66422630053516], [32.72014379061902, 46.66206713504255]], [[32.89817009785028, 46.66452389668849], [32.89764688402562, 46.66470341574801], [32.89764722372044, 46.664523430161566], [32.89817009785028, 46.66452389668849]], [[32.90104623420659, 46.66434643426563], [32.90026093245936, 46.664885710098424], [32.90026159449877, 46.66452573890239], [32.90104623420659, 46.66434643426563]], [[32.85555542546993, 46.66465802202554], [32.856341644496396, 46.66393906817244], [32.85634021416545, 46.6644790241331], [32.85555542546993, 46.66465802202554]], [[32.79464272259323, 46.6640249552175], [32.795689812343085, 46.66366685775892], [32.794641359507324, 46.6643849246758], [32.79464272259323, 46.6640249552175]], [[32.79569116843583, 46.663306888231645], [32.79621538094595, 46.66294785108563], [32.796214704651014, 46.66312783586933], [32.79569116843583, 46.663306888231645]], [[32.78627756665571, 46.663829650149744], [32.785753991010274, 46.664008656956064], [32.78575470204251, 46.66382867232024], [32.78627756665571, 46.663829650149744]], [[32.85503495646273, 46.66375743421164], [32.85451450471103, 46.66285684390757], [32.855821647776345, 46.662858498458284], [32.85503495646273, 46.66375743421164]], [[32.85425259242619, 46.66303649654903], [32.85399164751729, 46.662856177906136], [32.85425307611183, 46.66285651120551], [32.85425259242619, 46.66303649654903]], [[32.85529590917548, 46.663937750455496], [32.85503399424616, 46.66411740484855], [32.85503447535676, 46.66393741953294], [32.85529590917548, 46.663937750455496]], [[32.85817168148392, 46.66394135117994], [32.85790977604836, 46.664121012166156], [32.85791024761494, 46.663941026828], [32.85817168148392, 46.66394135117994]], [[33.11934419760689, 46.66360703982049], [33.11882212129343, 46.663967555009954], [33.11908276511114, 46.66360731220136], [33.11934419760689, 46.66360703982049]], [[33.17110888179938, 46.66390131077512], [33.170848015490236, 46.66408168652268], [33.17084744848383, 46.66390170143035], [33.17110888179938, 46.66390131077512]], [[32.78366324386346, 46.663824737109486], [32.78288038829116, 46.66346328232874], [32.78340468691622, 46.66310430403076], [32.78366324386346, 46.663824737109486]], [[32.78288038829116, 46.66346328232874], [32.782358249617545, 46.663282304368565], [32.78288110884645, 46.66328329770973], [32.78288038829116, 46.66346328232874]], [[32.782358249617545, 46.663282304368565], [32.78236041644736, 46.662742350495975], [32.78288254993627, 46.66292332845461], [32.782358249617545, 46.663282304368565]], [[32.78131470848377, 46.66274035668334], [32.78053334088485, 46.66201891656312], [32.78053771062604, 46.6609390086585], [32.78236258321476, 46.6622023965721], [32.78131470848377, 46.66274035668334]], [[32.78890029705393, 46.66167468694663], [32.79046535225499, 46.66257749378023], [32.79072191696103, 46.66383786523338], [32.788893991951035, 46.66329454940711], [32.78890029705393, 46.66167468694663]], [[32.796735539137366, 46.66366872022435], [32.79647343197576, 46.66384824026779], [32.796474107429056, 46.66366825550397], [32.796735539137366, 46.66366872022435]], [[32.78627898522928, 46.66346968084881], [32.785755413067925, 46.66364868767874], [32.785756124086504, 46.663468703031526], [32.78627898522928, 46.66346968084881]], [[32.79412122234713, 46.663664046141264], [32.7946468116939, 46.66294504670591], [32.79464408565296, 46.66366498573641], [32.79412122234713, 46.663664046141264]], [[32.855819733828326, 46.663578439847946], [32.855557822369526, 46.66375809545529], [32.85555830173564, 46.66357811012416], [32.855819733828326, 46.663578439847946]], [[32.856343074786146, 46.66339911216055], [32.85765117585351, 46.66304077511273], [32.857387853187866, 46.663760390992344], [32.856343074786146, 46.66339911216055]], [[32.79882766067466, 46.66349243168845], [32.79883166637019, 46.662412522795634], [32.79987736918149, 46.6624143565096], [32.79882766067466, 46.66349243168845]], [[33.14888456081054, 46.663032457509225], [33.14940791545391, 46.66321176128192], [33.14888554901813, 46.66339242812872], [33.14888456081054, 46.663032457509225]], [[33.14888456081054, 46.663032457509225], [33.14862263817094, 46.662852812060684], [33.148884066713855, 46.66285247219095], [33.14888456081054, 46.663032457509225]], [[32.780529699241555, 46.662918839660314], [32.780267542204236, 46.663098322518096], [32.78026827142144, 46.662918337918896], [32.780529699241555, 46.662918839660314]], [[32.85843593425051, 46.662861762761786], [32.857912605379916, 46.66304110005184], [32.857913076919324, 46.66286111467954], [32.85843593425051, 46.662861762761786]], [[32.78680467652405, 46.66275071758223], [32.786542541017404, 46.6629302148582], [32.78654324940597, 46.66275023017904], [32.78680467652405, 46.66275071758223]], [[32.79647883542056, 46.6624083619977], [32.79464749318778, 46.66276506193403], [32.79517714507229, 46.66096615102012], [32.79230429709352, 46.66024102804059], [32.79230774304114, 46.659341103829846], [32.78995853110454, 46.65843688487901], [32.79022620192993, 46.6568175004655], [32.78683509350181, 46.65501137085899], [32.782641318694445, 46.65788326021154], [32.78264636700639, 46.656623366544366], [32.781599327705905, 46.656981345166905], [32.78160367545803, 46.6559014362302], [32.77977610946523, 46.65535797459698], [32.780823129365615, 46.65500001252352], [32.78238785755693, 46.655902930338776], [32.78291424691233, 46.65500399907705], [32.78082385653344, 46.654820027661685], [32.77874228910049, 46.65247619952141], [32.78056829176727, 46.653379647583805], [32.78214019679427, 46.652482719795465], [32.783183549250204, 46.65302466060744], [32.78239940871362, 46.65302317202214], [32.78187447748104, 46.653562131423264], [32.78396768984894, 46.65302614381888], [32.79049455169751, 46.6550181299701], [32.79231187795993, 46.65826119458899], [32.79648964106513, 46.659528604363935], [32.79622349597875, 46.660788033236955], [32.79805476113254, 46.660431307830926], [32.79647883542056, 46.6624083619977]], [[32.782122126172155, 46.65698234187383], [32.782382803367895, 46.65716282414371], [32.78212140325706, 46.657162326682915], [32.782122126172155, 46.65698234187383]], [[32.796751727250864, 46.65934908411409], [32.79231601264053, 46.657181285143075], [32.79154356941938, 46.6541201146557], [32.78866762700138, 46.65429482519401], [32.782403739939966, 46.65194326227744], [32.7821488691525, 46.65032289993319], [32.783720659390376, 46.649425949755795], [32.78320152935515, 46.64852503508555], [32.78477753322938, 46.64654815911073], [32.78582221898594, 46.64673010594268], [32.785033891265044, 46.64780854651319], [32.78738538216829, 46.64799292677323], [32.78660485318447, 46.64709154128728], [32.787911611609296, 46.647093971008424], [32.78738185594829, 46.648892852493155], [32.790251254273365, 46.65033803993219], [32.78868515310306, 46.6497951990642], [32.78842238471346, 46.65015468627491], [32.79155601683127, 46.65088038350514], [32.79520228914377, 46.654306708132836], [32.7967739798173, 46.65340957910581], [32.79781414278941, 46.65485131201827], [32.79781145955246, 46.65557125221367], [32.79650517127141, 46.65538895021096], [32.79676319157462, 46.656289339884424], [32.79859229650923, 46.656472560393354], [32.79884635194638, 46.658452855101146], [32.80015272193373, 46.6586351304047], [32.80015073252944, 46.65917508527849], [32.796751727250864, 46.65934908411409]], [[32.785561580319474, 46.646549631243126], [32.78582363973358, 46.64637013557166], [32.78582292936317, 46.64655012076002], [32.785561580319474, 46.646549631243126]], [[32.78816593705028, 46.648894306834904], [32.788689358741614, 46.64871528826329], [32.78868865781868, 46.64889527341103], [32.78816593705028, 46.648894306834904]], [[32.7802733757459, 46.6616584455649], [32.77948618342081, 46.66237687530731], [32.77922842145797, 46.6614764480821], [32.7802733757459, 46.6616584455649]], [[32.852425035035964, 46.66213422419415], [32.852163119336936, 46.6623138720716], [32.85216360994443, 46.662133886722074], [32.852425035035964, 46.66213422419415]], [[32.85451595313737, 46.662316887836596], [32.85425501080795, 46.66213656977447], [32.85451643593687, 46.66213690246821], [32.85451595313737, 46.662316887836596]], [[32.85425549447037, 46.66195658440248], [32.85373264596155, 46.6619559172273], [32.8532102845993, 46.66177526229364], [32.85425549447037, 46.66195658440248]], [[32.860267326217944, 46.66232405602912], [32.860006364702265, 46.66214375106259], [32.86026778993126, 46.66214407061593], [32.860267326217944, 46.66232405602912]], [[32.860006364702265, 46.66214375106259], [32.859745404921696, 46.66196344549708], [32.860006829278674, 46.6619637656457], [32.860006364702265, 46.66214375106259]], [[32.79151382522706, 46.661859464934], [32.79125170958665, 46.66203897305898], [32.7912524023257, 46.661858988297084], [32.79151382522706, 46.661859464934]], [[32.8581773295187, 46.66178152665379], [32.857915434548474, 46.66196118773263], [32.857915906060725, 46.661781202326175], [32.8581773295187, 46.66178152665379]], [[32.85216508173864, 46.66159393063935], [32.85190316779353, 46.66177357794082], [32.85190365925442, 46.661593592576324], [32.85216508173864, 46.66159393063935]], [[32.78445970087395, 46.66076647787397], [32.78524252814756, 46.66112792197266], [32.785241102811064, 46.661487891397215], [32.78445970087395, 46.66076647787397]], [[32.85974680122674, 46.6614234892183], [32.859484913178754, 46.66160315390833], [32.85948537947682, 46.66142316847839], [32.85974680122674, 46.6614234892183]], [[32.77715628125976, 46.656792791959134], [32.77924380508926, 46.65769676948986], [32.77949569616665, 46.660037074899584], [32.78054208011551, 46.65985910054879], [32.77949057406643, 46.661296967546456], [32.7784544514765, 46.658955146865885], [32.7753250028356, 46.65714918309177], [32.77715628125976, 46.656792791959134]], [[32.78655033291759, 46.66095038307424], [32.78602607593444, 46.66130937599137], [32.78602749605231, 46.66094940653705], [32.78655033291759, 46.66095038307424]], [[32.79151659264671, 46.66113952581752], [32.79125448050295, 46.66131903397719], [32.79125517321539, 46.66113904919251], [32.79151659264671, 46.66113952581752]], [[32.85896253599043, 46.66142252520675], [32.85844016228566, 46.66124189411843], [32.858963004019046, 46.66124253977514], [32.85896253599043, 46.66142252520675]], [[32.85844016228566, 46.66124189411843], [32.858179212052356, 46.66106158496292], [32.85844063204479, 46.66106190868517], [32.85844016228566, 46.66124189411843]], [[33.005097696781945, 46.66096937625757], [33.00640484102167, 46.66132928252242], [33.00509773061504, 46.661329348223184], [33.005097696781945, 46.66096937625757]], [[33.005097696781945, 46.66096937625757], [33.004836260386334, 46.66078940161433], [33.00509767986565, 46.66078939026624], [33.005097696781945, 46.66096937625757]], [[32.78707316981007, 46.66095135722237], [32.78681104390736, 46.66113085518611], [32.78681175136043, 46.66095087044694], [32.78707316981007, 46.66095135722237]], [[33.00483629248409, 46.66114937359145], [33.004574886451195, 46.66132937032252], [33.004574871269604, 46.66114938434242], [33.00483629248409, 46.66114937359145]], [[32.78289047543565, 46.66094349714416], [32.782369083142505, 46.660582534492896], [32.78315333295754, 46.66058402346907], [32.78289047543565, 46.66094349714416]], [[32.78237052749462, 46.6602225650793], [32.782108389598335, 46.66040205227216], [32.781324868111334, 46.660220571441165], [32.78237052749462, 46.6602225650793]], [[32.78942663493256, 46.66077572654955], [32.78890309914699, 46.660954747927214], [32.788903799653454, 46.66077476315811], [32.78942663493256, 46.66077572654955]], [[33.173190577114745, 46.66083841696488], [33.172929732445276, 46.661018797526154], [33.1729291585915, 46.66083881235669], [33.173190577114745, 46.66083841696488]], [[32.79073441767502, 46.66059813978039], [32.790472305571214, 46.66077764616537], [32.79047300086612, 46.66059766137257], [32.79073441767502, 46.66059813978039]], [[33.171098093228615, 46.66048159298557], [33.1718834844435, 46.66084038795129], [33.171098660999064, 46.66066157818363], [33.171098093228615, 46.66048159298557]], [[33.172927437063215, 46.6602988568141], [33.169791009013586, 46.66048354005718], [33.168998346605754, 46.65778492218758], [33.16768965802296, 46.6572468892098], [33.1700439620092, 46.65778337303713], [33.169518341976286, 46.65688422223109], [33.17056393999, 46.656882668351614], [33.17213690604624, 46.65832020187458], [33.172927437063215, 46.6602988568141]], [[33.16768965802296, 46.6572468892098], [33.16742770120935, 46.65706728667117], [33.16768910163117, 46.65706690387211], [33.16768965802296, 46.6572468892098]], [[32.78419899947427, 46.66058600040909], [32.78393829980952, 46.660405522347425], [32.78419971558157, 46.66040601568346], [32.78419899947427, 46.66058600040909]], [[32.78393829980952, 46.660405522347425], [32.783677601879674, 46.660225043689], [32.783939016777396, 46.6602255376192], [32.78393829980952, 46.660405522347425]], [[32.80642136521058, 46.6600857963364], [32.8061586641566, 46.66044532373187], [32.80615995061876, 46.66008535377212], [32.80642136521058, 46.6600857963364]], [[32.850861433748776, 46.66033233670011], [32.850599521595484, 46.66051198105933], [32.85060001736069, 46.66033199566562], [32.850861433748776, 46.66033233670011]], [[32.786292460319636, 46.66004997135351], [32.78603033620626, 46.66022946756006], [32.78603104622771, 46.66004948280156], [32.786292460319636, 46.66004997135351]], [[32.78916801577838, 46.660055306007074], [32.78890590113246, 46.66023480881665], [32.788906601612005, 46.66005482402477], [32.78916801577838, 46.660055306007074]], [[32.783679037529666, 46.659865074221614], [32.78341690568473, 46.6600445644338], [32.78341762437371, 46.65986457970035], [32.783679037529666, 46.659865074221614]], [[32.80668406277628, 46.65972626830986], [32.806422007564954, 46.65990581134522], [32.80642264991317, 46.65972582634834], [32.80668406277628, 46.65972626830986]], [[32.787862352892276, 46.65969292054648], [32.788125171413355, 46.65933343530619], [32.78838517770813, 46.659693888679676], [32.787862352892276, 46.65969292054648]], [[32.782902001940656, 46.6580637412803], [32.7826348275091, 46.659503123087745], [32.78159425501187, 46.658241238667216], [32.782902001940656, 46.6580637412803]], [[32.78159425501187, 46.658241238667216], [32.78133357527669, 46.65806075463059], [32.78159497970332, 46.658061253898545], [32.78159425501187, 46.658241238667216]], [[32.786294587740784, 46.659510017034684], [32.78603388624532, 46.659329543710626], [32.78629529686755, 46.65933003225037], [32.786294587740784, 46.659510017034684]], [[32.78603388624532, 46.659329543710626], [32.78577318648467, 46.659149069789756], [32.786034596232675, 46.65914955892366], [32.78603388624532, 46.659329543710626]], [[32.85583121641396, 46.65925879014395], [32.85556932588601, 46.65943844593737], [32.85556980514168, 46.659258460469644], [32.85583121641396, 46.65925879014395]], [[32.784990384174996, 46.65878762923817], [32.784466853032036, 46.658966630387624], [32.78446756821008, 46.65878664560767], [32.784990384174996, 46.65878762923817]], [[32.78969572908415, 46.6587963744141], [32.78864939539295, 46.65897443259242], [32.78865009669281, 46.65879444776369], [32.78969572908415, 46.6587963744141]], [[32.786559540466016, 46.658610580986384], [32.786036016186955, 46.65878958933262], [32.78603672615386, 46.65860960452856], [32.786559540466016, 46.658610580986384]], [[32.78499109761142, 46.65860764444637], [32.786038856013704, 46.65806965008219], [32.78603743611396, 46.65842961971879], [32.78499109761142, 46.65860764444637]], [[32.78917361243342, 46.658615427442875], [32.78891290562535, 46.658434960641515], [32.78917431198508, 46.658435442596705], [32.78917361243342, 46.658615427442875]], [[32.78891290562535, 46.658434960641515], [32.78865290182494, 46.65807450839178], [32.78891430644323, 46.65807499093814], [32.78891290562535, 46.658434960641515]], [[32.78969852033842, 46.658076434994015], [32.78917501153002, 46.658255457744865], [32.789175711068246, 46.6580754728873], [32.78969852033842, 46.658076434994015]], [[32.784209740361945, 46.65788622892671], [32.78394690296978, 46.658245705232716], [32.78394833673347, 46.65788573563384], [32.784209740361945, 46.65788622892671]], [[32.80015471128073, 46.658095175479644], [32.79989264240415, 46.6582747035908], [32.79989330638081, 46.65809471861293], [32.80015471128073, 46.658095175479644]], [[32.78107289727621, 46.65788026999733], [32.78081294828295, 46.657519799991036], [32.78107435009363, 46.657520300444], [32.78107289727621, 46.65788026999733]], [[32.78081513005872, 46.6569798456277], [32.78003020262087, 46.65715832549799], [32.78003166232088, 46.65679835592416], [32.78081513005872, 46.6569798456277]], [[32.78081513005872, 46.6569798456277], [32.78107725564481, 46.65680036126899], [32.78107652926748, 46.65698034607128], [32.78081513005872, 46.6569798456277]], [[32.78211923447011, 46.65770228107597], [32.78159570438781, 46.657881269124175], [32.78159642906534, 46.65770128434412], [32.78211923447011, 46.65770228107597]], [[32.799632566324895, 46.65791427616832], [32.79989529827253, 46.65755476364518], [32.800155374383664, 46.657915190493235], [32.799632566324895, 46.65791427616832]], [[32.78630238776078, 46.657530184093744], [32.78551747027482, 46.657708701606715], [32.785518181935494, 46.65752871677459], [32.78630238776078, 46.657530184093744]], [[32.7815986030562, 46.65716132996976], [32.78133647744223, 46.65734081551145], [32.781337202966206, 46.657160830717416], [32.7815986030562, 46.65716132996976]], [[32.78525820504285, 46.65716825679862], [32.78499609147459, 46.6573477507442], [32.78499680485622, 46.657167765906806], [32.78525820504285, 46.65716825679862]], [[32.78604240564378, 46.657169725890974], [32.78578029465695, 46.65734922163729], [32.78578100543664, 46.65716923679071], [32.78604240564378, 46.657169725890974]], [[32.78630309681266, 46.657350199246764], [32.786565206078485, 46.65717070229998], [32.78656449790073, 46.65735068715573], [32.78630309681266, 46.657350199246764]], [[32.78682943547994, 46.65645125011661], [32.786304514895996, 46.65699022953569], [32.78630664196995, 46.65645027492636], [32.78682943547994, 46.65645125011661]], [[32.787610807029424, 46.65717264795181], [32.787348701205694, 46.65735214729949], [32.78734940678152, 46.65717216243462], [32.787610807029424, 46.65717264795181]], [[32.79963522561159, 46.657194336188596], [32.799373159381666, 46.65737386314241], [32.79937382506108, 46.65719387814179], [32.79963522561159, 46.657194336188596]], [[32.789179908156555, 46.656995563622374], [32.78891780837026, 46.65717506658001], [32.78891850873549, 46.65699508169129], [32.789179908156555, 46.656995563622374]], [[32.99255003925559, 46.65718954025115], [32.99228861154017, 46.65736950903673], [32.992288637126585, 46.65718952293253], [32.99255003925559, 46.65718954025115]], [[32.799637220009586, 46.656654381144], [32.7993744907341, 46.657013893135485], [32.79937582206097, 46.656653923105786], [32.799637220009586, 46.656654381144]], [[32.99673265763936, 46.65412997146663], [32.99516406055736, 46.657189680591685], [32.99385723333683, 46.65556974268738], [32.99281163219056, 46.65574966793264], [32.9928118945245, 46.65376981990829], [32.99385743713247, 46.65376988081483], [32.99438033894294, 46.65251000403494], [32.993073486988195, 46.65214995986149], [32.9935963276578, 46.65143004520033], [32.99568726547338, 46.65215008823567], [32.99568713670362, 46.65376996441202], [32.99673265763936, 46.65412997146663]], [[32.99307350996621, 46.65196997359204], [32.99281218067539, 46.651609984914955], [32.99307355592157, 46.65161000103606], [32.99307350996621, 46.65196997359204]], [[32.778203346088, 46.65643485402709], [32.777940476009896, 46.656794316570206], [32.777941949558354, 46.65643434702409], [32.778203346088, 46.65643485402709]], [[32.77585152127829, 46.656250284745965], [32.775327984652314, 46.656429244149926], [32.7753287300886, 46.65624925940022], [32.77585152127829, 46.656250284745965]], [[32.7797724561067, 46.65625789870098], [32.77951032884203, 46.65643738008467], [32.77951106040205, 46.65625739528411], [32.7797724561067, 46.65625789870098]], [[32.78055591517173, 46.656439390181745], [32.78029524753702, 46.65625890374322], [32.78055664326268, 46.656259405368615], [32.78055591517173, 46.656439390181745]], [[32.78029524753702, 46.65625890374322], [32.780034581636826, 46.65607841670814], [32.78029597648823, 46.65607891892754], [32.78029524753702, 46.65625890374322]], [[32.785523163368886, 46.65626882279023], [32.78526105503172, 46.65644831737986], [32.785261767511834, 46.656268332510926], [32.785523163368886, 46.65626882279023]], [[32.77768202829048, 46.65607386986135], [32.777158499377315, 46.65625283766], [32.777159238735635, 46.65607285288222], [32.77768202829048, 46.65607386986135]], [[32.78735434562265, 46.65591226822108], [32.78604666497496, 46.656089816673564], [32.78604737483963, 46.65590983178405], [32.78735434562265, 46.65591226822108]], [[32.79728732903255, 46.655930297266345], [32.797025261170845, 46.6561098188797], [32.797025934610836, 46.655929833865166], [32.79728732903255, 46.655930297266345]], [[32.77925259434326, 46.655536952023446], [32.77872907577347, 46.65571592704303], [32.7787298099071, 46.65553594222914], [32.77925259434326, 46.655536952023446]], [[32.774554267199356, 46.65390791476363], [32.77585598333887, 46.655170376089636], [32.775854496013906, 46.65553034566454], [32.77402550099486, 46.65534676183202], [32.774554267199356, 46.65390791476363]], [[32.79859563769148, 46.655572635234016], [32.79833491405648, 46.65539218977831], [32.79859630590868, 46.655392650185064], [32.79859563769148, 46.655572635234016]], [[32.79833491405648, 46.65539218977831], [32.79807419215594, 46.65521174372551], [32.798335583134495, 46.65521220472653], [32.79833491405648, 46.65539218977831]], [[32.798335583134495, 46.65521220472653], [32.79859764232385, 46.655032680070065], [32.79859697411947, 46.655212665130406], [32.798335583134495, 46.65521220472653]], [[32.798336252206084, 46.65503221966907], [32.79807553202712, 46.65485177361065], [32.79833692127125, 46.65485223460591], [32.798336252206084, 46.65503221966907]], [[32.77742358740288, 46.6553534224896], [32.77794784346928, 46.65499446861174], [32.77794637003399, 46.65535443824901], [32.77742358740288, 46.6553534224896]], [[32.777948580176314, 46.65481448378456], [32.77612405854542, 46.653551024449726], [32.776650528621424, 46.65265212177544], [32.77873861896091, 46.65337612401814], [32.777948580176314, 46.65481448378456]], [[32.77611885930302, 46.654810918243484], [32.775856726990654, 46.65499039129363], [32.77585747063529, 46.65481040649194], [32.77611885930302, 46.654810918243484]], [[32.79938247831192, 46.65485407261557], [32.7991204225786, 46.655033599080646], [32.799121089042146, 46.654853614008864], [32.79938247831192, 46.65485407261557]], [[32.77324508896362, 46.654445286578294], [32.77298219576329, 46.654804737814416], [32.77298370210925, 46.654444768264796], [32.77324508896362, 46.654445286578294]], [[32.798599646898474, 46.65449272485486], [32.79807620195306, 46.654671788544675], [32.79807687187256, 46.65449180347301], [32.798599646898474, 46.65449272485486]], [[32.77324584125858, 46.65426530179171], [32.773770114354235, 46.65390636701765], [32.773769363808036, 46.6540863518221], [32.77324584125858, 46.65426530179171]], [[32.79807821169229, 46.654131833312576], [32.79781615514951, 46.65431135681192], [32.797816825923334, 46.65413137173174], [32.79807821169229, 46.654131833312576]], [[32.77481639856583, 46.65372844466169], [32.774555763067276, 46.653547945118284], [32.774817145629065, 46.65354845983295], [32.77481639856583, 46.65372844466169]], [[32.774555763067276, 46.653547945118284], [32.77429512930299, 46.653367444978514], [32.774556510990465, 46.653367960287056], [32.774555763067276, 46.653547945118284]], [[32.77926065026997, 46.65355711862525], [32.778998534398426, 46.65373659894107], [32.77899926758739, 46.653556614061365], [32.77926065026997, 46.65355711862525]], [[32.9930733491155, 46.653229877358754], [32.9920277375709, 46.65376976795861], [32.99124358061958, 46.65376971063482], [32.992027869811736, 46.65286983681255], [32.9930733491155, 46.653229877358754]], [[32.77508151291074, 46.65282903456573], [32.774557258906476, 46.653187975450145], [32.774558754716956, 46.65282800575922], [32.77508151291074, 46.65282903456573]], [[32.774298124392395, 46.65264750560954], [32.77377461748015, 46.652826458071274], [32.77377536797591, 46.65264647322695], [32.774298124392395, 46.65264750560954]], [[33.17054979358499, 46.652383033581124], [33.17028954562291, 46.65274339380338], [33.17028841576965, 46.65238342288591], [33.17054979358499, 46.652383033581124]], [[32.78215103708597, 46.64978294483944], [32.78161816615653, 46.65230173829334], [32.78004917653509, 46.65247871926079], [32.77900806530594, 46.65139679506046], [32.77691560725106, 46.65175270719772], [32.7743093549534, 46.64994773216403], [32.77351549248257, 46.65228598644073], [32.77220785459075, 46.65246337691852], [32.772217677914966, 46.65012357360247], [32.77378512376528, 46.65030666973213], [32.77352826430254, 46.649226243076555], [32.77509941878039, 46.6485093963427], [32.77535705136525, 46.64940983468975], [32.7764025019734, 46.6494118825061], [32.77666830947181, 46.64833248295483], [32.777975833365375, 46.64815504117387], [32.77849340353092, 46.64941594948186], [32.77692670722431, 46.64905293284429], [32.77691930741974, 46.65085278255568], [32.77822983390644, 46.64995539818615], [32.77953227258778, 46.651037833589605], [32.78006012086996, 46.64977894467984], [32.77875476625745, 46.649416455167255], [32.77901686201106, 46.64923697523917], [32.77876137098683, 46.647796589842606], [32.78033022930287, 46.647619626164065], [32.77824233886126, 46.64689565258362], [32.78033824368756, 46.64563978987019], [32.77956444531887, 46.64311848945553], [32.777474524213105, 46.64293445727304], [32.77955713452771, 46.644918341363585], [32.77772553556368, 46.64545475751398], [32.77799129708603, 46.64437535406042], [32.7756392514346, 46.644370766082844], [32.7751203037484, 46.643469814268144], [32.7735538016906, 46.64310675140852], [32.774080212333004, 46.642207858809805], [32.77121243390188, 46.64058228011602], [32.77800234069247, 46.64167557601259], [32.78373644093132, 46.64546627684193], [32.78215103708597, 46.64978294483944]], [[32.778759903318495, 46.64815655995463], [32.77849781194878, 46.64833603933568], [32.7784985466604, 46.64815605429137], [32.778759903318495, 46.64815655995463]], [[32.7756392514346, 46.644370766082844], [32.775113591335135, 46.64508968042209], [32.775377913064474, 46.64437025332298], [32.7756392514346, 46.644370766082844]], [[32.77563627500205, 46.64509070656438], [32.77589687358698, 46.64527120384948], [32.77563553087605, 46.64527069167054], [32.77563627500205, 46.64509070656438]], [[32.77459763571088, 46.643468785795996], [32.774074218440305, 46.64364774007439], [32.77407496770206, 46.643467754936275], [32.77459763571088, 46.643468785795996]], [[32.77303715865799, 46.64166583448868], [32.77251299928222, 46.64202476687677], [32.77251375367885, 46.64184478170677], [32.77303715865799, 46.64166583448868]], [[32.76938319371705, 46.64057860771113], [32.76860307035756, 46.63967709898163], [32.771213951237335, 46.64022230971174], [32.77121243390188, 46.64058228011602], [32.76938319371705, 46.64057860771113]], [[32.76834175471509, 46.639676570191035], [32.76808274615638, 46.6391360852216], [32.767300350306535, 46.63877452311172], [32.76860613951282, 46.63895715816772], [32.76834175471509, 46.639676570191035]], [[32.767039039033385, 46.63877399135366], [32.765734036359476, 46.638411353232044], [32.767033631593684, 46.64003388761883], [32.76546417227085, 46.640390654667755], [32.76546883852444, 46.639310743788954], [32.76338068199154, 46.638766484077244], [32.76286670883555, 46.63678556509877], [32.76103838999216, 46.63660177431378], [32.75817450592577, 46.634255927568645], [32.760264821002735, 46.63426032656398], [32.76104393592367, 46.63534187783306], [32.763135078566854, 46.63516623922006], [32.762607768522024, 46.63624506758792], [32.765744133905656, 46.636071545210314], [32.76600155295505, 46.63697200619509], [32.76730575131797, 46.637514626544075], [32.767039039033385, 46.63877399135366]], [[32.75817450592577, 46.634255927568645], [32.756609190695535, 46.633712647613564], [32.757655944461085, 46.63335489567648], [32.75817450592577, 46.634255927568645]], [[32.75791642690843, 46.63353543406561], [32.75817851449134, 46.6333560013578], [32.75817771279362, 46.63353598661137], [32.75791642690843, 46.63353543406561]], [[32.76678468745402, 46.63715359199186], [32.767046763317026, 46.63697413906194], [32.76704599092203, 46.63715412431676], [32.76678468745402, 46.63715359199186]], [[32.772779600865015, 46.64076538982818], [32.77304167444353, 46.640585923275985], [32.77304092183067, 46.640765908492334], [32.772779600865015, 46.64076538982818]], [[32.7819120977302, 46.644202908034615], [32.782174157825274, 46.64402342064924], [32.78217343540967, 46.64420340586848], [32.7819120977302, 46.644202908034615]], [[32.79520976268604, 46.65232687225727], [32.79494770541223, 46.652506389242525], [32.79494838565964, 46.65232640413738], [32.79520976268604, 46.65232687225727]], [[32.81115314682693, 46.65253428376738], [32.8114151507297, 46.65235472958862], [32.81141452510906, 46.65253471487082], [32.81115314682693, 46.65253428376738]], [[32.8114151507297, 46.65235472958862], [32.81167840237542, 46.65181520420341], [32.811676528150734, 46.65235516009229], [32.8114151507297, 46.65235472958862]], [[32.77534661841269, 46.651929623698116], [32.77508449750884, 46.65210909508977], [32.77508524364047, 46.65192911020655], [32.77534661841269, 46.651929623698116]], [[33.17028672103044, 46.651843466467035], [33.17002647389749, 46.65220382612393], [33.17002534581093, 46.65184385516744], [33.17028672103044, 46.651843466467035]], [[33.17080777156045, 46.65130273081946], [33.172376007090875, 46.65130037895757], [33.172377150751885, 46.65166034990419], [33.17081060474222, 46.652202658216844], [33.17080777156045, 46.65130273081946]], [[32.774563241976075, 46.6517480965497], [32.77430111936679, 46.65192756614942], [32.77430186809242, 46.65174758127014], [32.774563241976075, 46.6517480965497]], [[32.77587234202891, 46.651210709261676], [32.77561022634166, 46.651390181889504], [32.77561097071056, 46.651210196977054], [32.77587234202891, 46.651210709261676]], [[32.77508972027976, 46.65084920078753], [32.77482760376126, 46.65102867163235], [32.774828350716916, 46.65084868671816], [32.77508972027976, 46.65084920078753]], [[32.774568476785056, 46.6504882022127], [32.774306360295256, 46.650667671874835], [32.774307108970575, 46.650487686955685], [32.774568476785056, 46.6504882022127]], [[32.707663422507984, 46.64943688915206], [32.707401090562335, 46.64961620507526], [32.70740206113979, 46.64943622107489], [32.707663422507984, 46.64943688915206]], [[32.70897312556042, 46.6489002684724], [32.70844847376885, 46.649258905778744], [32.70845040794187, 46.648898937716126], [32.70897312556042, 46.6489002684724]], [[32.70740497281624, 46.648896269039575], [32.706880310733325, 46.64925489913183], [32.70688225530929, 46.6488949311193], [32.70740497281624, 46.648896269039575]], [[32.9852328865117, 46.649449421916025], [32.986278664444214, 46.6481896474932], [32.986539755324586, 46.649269596763844], [32.9852328865117, 46.649449421916025]], [[32.98549463626527, 46.64800956438788], [32.98523332734896, 46.647829544560054], [32.98549468437841, 46.647829577992034], [32.98549463626527, 46.64800956438788]], [[32.709239306650446, 46.64800101263634], [32.709759127524656, 46.64854229200237], [32.708712732952186, 46.64871961934874], [32.709239306650446, 46.64800101263634]], [[32.77170024700297, 46.6488626373112], [32.76988294020648, 46.64597921279161], [32.7685746750844, 46.64633654718826], [32.768055826131146, 46.64543556382108], [32.768842922885874, 46.64471721041243], [32.77300779971168, 46.64868525237166], [32.77170024700297, 46.6488626373112]], [[32.77118739366092, 46.64652178849606], [32.77144950036167, 46.646342325831185], [32.77144874231676, 46.64652231084572], [32.77118739366092, 46.64652178849606]], [[32.77405473510986, 46.64832735166603], [32.773792627390215, 46.64850682023476], [32.77379337771309, 46.64832683525368], [32.77405473510986, 46.64832735166603]], [[32.70688808881318, 46.64781502694484], [32.7066257621808, 46.647994341153485], [32.706626735274966, 46.647814357114335], [32.70688808881318, 46.64781502694484]], [[32.82240714664818, 46.6480526455364], [32.82214519986209, 46.648232225100244], [32.822145789795904, 46.64805223957411], [32.82240714664818, 46.6480526455364]], [[32.99281268136012, 46.64783027170563], [32.99176717128148, 46.64837016044183], [32.99098318209074, 46.6478301421567], [32.99281268136012, 46.64783027170563]], [[32.708718529991536, 46.647639714964825], [32.70845621023813, 46.6478190333914], [32.70845717725502, 46.647639049317306], [32.708718529991536, 46.647639714964825]], [[32.77745385827074, 46.647974040631084], [32.77719324154676, 46.647793546946204], [32.77745459643575, 46.64779405558806], [32.77745385827074, 46.647974040631084]], [[32.77719324154676, 46.647793546946204], [32.77693262655654, 46.647613052665], [32.77719398057157, 46.64761356190066], [32.77719324154676, 46.647793546946204]], [[32.77797730623498, 46.647795071080836], [32.777715214033684, 46.64797454867915], [32.77771595133183, 46.64779456363294], [32.77797730623498, 46.647795071080836]], [[32.722622675284164, 46.6374150258619], [32.722316253146786, 46.646233631484336], [32.72047941260735, 46.64766905123499], [32.7160703119435, 46.64117867596941], [32.71528445828102, 46.64153669658721], [32.71398637700362, 46.63991357824642], [32.71267312935684, 46.64117019519485], [32.71241752959805, 46.64008963248142], [32.70928366064768, 46.63972173901403], [32.71163836123729, 46.63918773743685], [32.71320243006998, 46.639911615858914], [32.71190158395793, 46.63882842691826], [32.71372885841073, 46.63919298704974], [32.71399396404773, 46.63847370279383], [32.7173787954514, 46.64082194209335], [32.720003138728536, 46.63866855311841], [32.718701253514546, 46.637765425583204], [32.722622675284164, 46.6374150258619]], [[32.71084867211487, 46.640265665176024], [32.71058543542026, 46.64062497315015], [32.710587354838104, 46.64026500447365], [32.71084867211487, 46.640265665176024]], [[32.70902234602578, 46.639721074743186], [32.70745639861022, 46.639357107951305], [32.70720188198167, 46.63809654914227], [32.70902909989558, 46.63846118424998], [32.70902234602578, 46.639721074743186]], [[32.71817397034632, 46.63866406214241], [32.71869752259231, 46.63848536373793], [32.71869658983937, 46.63866534826235], [32.71817397034632, 46.63866406214241]], [[32.7184399480956, 46.63776478284172], [32.71660705176706, 46.63848020496748], [32.714778836008634, 46.6382956752427], [32.7184399480956, 46.63776478284172]], [[32.71660705176706, 46.63848020496748], [32.71686742177079, 46.638660836398756], [32.716606112082694, 46.638660189459664], [32.71660705176706, 46.63848020496748]], [[32.716606112082694, 46.638660189459664], [32.71608255130728, 46.638838878269475], [32.71608349273355, 46.63865889379111], [32.716606112082694, 46.638660189459664]], [[32.714778836008634, 46.6382956752427], [32.71451658151904, 46.63847500800284], [32.71451752812576, 46.638295023537445], [32.714778836008634, 46.6382956752427]], [[32.714780727461985, 46.637935706286655], [32.713994912387285, 46.6382937183366], [32.713736452094956, 46.63775311144733], [32.714780727461985, 46.637935706286655]], [[32.774842541512136, 46.647428972265864], [32.774056983434626, 46.64778739667895], [32.77405848228183, 46.647427426659064], [32.774842541512136, 46.647428972265864]], [[32.778500750752954, 46.647616099124264], [32.7782386611452, 46.647795577931745], [32.77823939670254, 46.647615592873514], [32.778500750752954, 46.647616099124264]], [[32.70584462607781, 46.647452375970694], [32.70506350557787, 46.646910405439456], [32.70637122531595, 46.64673378235731], [32.70584462607781, 46.647452375970694]], [[32.77641510972629, 46.64635213699137], [32.775365992780095, 46.64725001465093], [32.77589390047866, 46.64599114422989], [32.77641510972629, 46.64635213699137]], [[32.77797951548638, 46.64725511589855], [32.77771742590689, 46.647434593523464], [32.777718163183806, 46.64725460846019], [32.77797951548638, 46.64725511589855]], [[32.98497207001242, 46.647469537723154], [32.98444930784371, 46.64764945428144], [32.984449359423465, 46.64746946787508], [32.98497207001242, 46.647469537723154]], [[32.77432208096775, 46.6468879873761], [32.7737978794991, 46.6472469252476], [32.77380013029487, 46.646706970167635], [32.77432208096775, 46.6468879873761]], [[32.777458287154566, 46.646894130287514], [32.777195458599884, 46.6472535917925], [32.777196936599836, 46.646893621661555], [32.777458287154566, 46.646894130287514]], [[32.77353878070703, 46.64670645318737], [32.77327818311088, 46.64652595057855], [32.773539531824696, 46.64652646815255], [32.77353878070703, 46.64670645318737]], [[32.77327818311088, 46.64652595057855], [32.77249564616092, 46.646164424214014], [32.77328043902103, 46.64598599544962], [32.77327818311088, 46.64652595057855]], [[32.77380088054573, 46.64652698512958], [32.77432806896182, 46.645448106906144], [32.775372698165334, 46.64563014908343], [32.77484702227819, 46.64634906201152], [32.77380088054573, 46.64652698512958]], [[32.77432806896182, 46.645448106906144], [32.773545540506504, 46.64508658766891], [32.77432956588849, 46.64508813673168], [32.77432806896182, 46.645448106906144]], [[32.7863463361078, 46.646371112808424], [32.78608427841369, 46.64655060967994], [32.786084987917285, 46.64637062448851], [32.7863463361078, 46.646371112808424]], [[32.78791583224502, 46.646014059749255], [32.78739102376827, 46.64655304532513], [32.7873938444058, 46.64583310446437], [32.78791583224502, 46.646014059749255]], [[32.706387780269594, 46.643674052308555], [32.707957719034376, 46.64331809694226], [32.707169838776586, 46.644036029862896], [32.708215180251564, 46.64403870047668], [32.7084658799893, 46.64601919239391], [32.707419529940786, 46.64619650809297], [32.70794415880427, 46.64583787526016], [32.707425352203735, 46.64511660335499], [32.705331696133875, 46.64565119034433], [32.70507720006897, 46.64439062824599], [32.702726153280075, 46.64420455730374], [32.70247271108199, 46.64276400511533], [32.701947087547936, 46.643302597149734], [32.69803011751176, 46.64275236631922], [32.69673352998298, 46.640949069632136], [32.69803912996004, 46.64113250953496], [32.697262193884754, 46.63987054900143], [32.6998813160223, 46.63879752826045], [32.69831345645998, 46.63879340490162], [32.694933624599955, 46.635724666135225], [32.69780787067641, 46.63573229374483], [32.698064160454024, 46.636632904932], [32.69989723719841, 46.63591778005739], [32.700669216058756, 46.63807964491801], [32.70198365391168, 46.6366431812268], [32.703550468982456, 46.63682723849214], [32.70380587707768, 46.63790782118749], [32.70563599370712, 46.63773255746673], [32.7051065392108, 46.638991101923956], [32.702492443066, 46.63916432129008], [32.70222520689066, 46.640243546876626], [32.69935271466097, 46.63987606134284], [32.69934772984037, 46.640775982142785], [32.701169038666485, 46.64222064748165], [32.70247863107493, 46.64168410020733], [32.702735026023724, 46.64258470023722], [32.70325669846791, 46.6427660411144], [32.70352294363464, 46.64186679775981], [32.70560670852718, 46.643132085238996], [32.70613814130809, 46.641513570992224], [32.70692113898968, 46.64169556607768], [32.706387780269594, 46.643674052308555]], [[32.69675163035229, 46.63770935496351], [32.69648931935461, 46.63788864628596], [32.69649032571503, 46.637708662093544], [32.69675163035229, 46.63770935496351]], [[32.70430495695505, 46.64222879490637], [32.70456824298714, 46.64186950159704], [32.70456628354047, 46.64222946997884], [32.70430495695505, 46.64222879490637]], [[32.772234299209636, 46.64616390425868], [32.77197219596155, 46.646343368733135], [32.7719729522656, 46.64616338370639], [32.772234299209636, 46.64616390425868]], [[32.705330718818, 46.64583117443093], [32.70506839667881, 46.64601048514156], [32.70506937487084, 46.64583050106487], [32.705330718818, 46.64583117443093]], [[32.77197597740918, 46.64544344354243], [32.771191188146695, 46.64562186338278], [32.771192705890016, 46.645261893297565], [32.77197597740918, 46.64544344354243]], [[32.98549521359239, 46.645849727262295], [32.9849724189209, 46.64620963271628], [32.98497251860473, 46.64584965980596], [32.98549521359239, 46.645849727262295]], [[32.70742341148668, 46.64547657162381], [32.70716109795895, 46.64565588716325], [32.707162069198205, 46.64547590304158], [32.70742341148668, 46.64547657162381]], [[32.77328119097664, 46.64580601039526], [32.7722373208861, 46.645443964081714], [32.772501682463734, 46.64472454374291], [32.77328119097664, 46.64580601039526]], [[32.77694224450193, 46.64527324659596], [32.776679420423214, 46.645632707025506], [32.776680901762525, 46.645272736804756], [32.77694224450193, 46.64527324659596]], [[32.81562043222152, 46.645522099434565], [32.815358475264034, 46.645701663525855], [32.815359087654834, 46.64552167798728], [32.81562043222152, 46.645522099434565]], [[32.78478252994905, 46.645288262758385], [32.784520472336915, 46.64546775608239], [32.784521187000216, 46.64528777087518], [32.78478252994905, 46.645288262758385]], [[32.769888282619085, 46.64471931758814], [32.77067382363329, 46.64436092157315], [32.770671541916315, 46.64490087675825], [32.769888282619085, 46.64471931758814]], [[32.77119498245035, 46.64472193812705], [32.77119953537438, 46.64364202763213], [32.771456322438496, 46.64472246044406], [32.77119498245035, 46.64472193812705]], [[32.782962487053055, 46.64294499906911], [32.78609492025253, 46.64385083121051], [32.786091373143165, 46.6447507575094], [32.785049576096604, 46.64384887213276], [32.78426199060721, 46.64474732274848], [32.78243621618696, 46.64384393265505], [32.782962487053055, 46.64294499906911]], [[32.78530877607982, 46.64438931856644], [32.78478467129756, 46.644748307093366], [32.78478538506669, 46.644568321860284], [32.78530877607982, 46.64438931856644]], [[32.98235945324929, 46.644589381357925], [32.981575306776904, 46.64494923077663], [32.981575428989736, 46.6445892577929], [32.98235945324929, 46.644589381357925]], [[32.7097822302447, 46.64422267269933], [32.70951993056594, 46.644401993717544], [32.709520893939704, 46.64422200951847], [32.7097822302447, 46.64422267269933]], [[32.76753930723262, 46.64399462288935], [32.76858772281357, 46.643276801683584], [32.769627706714, 46.644538806641016], [32.76753930723262, 46.64399462288935]], [[32.76728105801737, 46.643274151431164], [32.76702049772743, 46.64309363452895], [32.76728182979782, 46.64309416636677], [32.76728105801737, 46.643274151431164]], [[32.76701972508031, 46.643273619590005], [32.766756845100865, 46.64363305725037], [32.76675839215068, 46.64327308715197], [32.76701972508031, 46.643273619590005]], [[32.76675839215068, 46.64327308715197], [32.766497833608895, 46.64309256906262], [32.766759165664446, 46.64309310209422], [32.76675839215068, 46.64327308715197]], [[32.766236501560776, 46.64309203543413], [32.76519506689917, 46.642189969677304], [32.76441186515726, 46.64200837303643], [32.767022815624266, 46.64255367931152], [32.766236501560776, 46.64309203543413]], [[32.77172523316121, 46.64292313116012], [32.773287958252354, 46.644186144649524], [32.77171841953935, 46.64454299708939], [32.77172523316121, 46.64292313116012]], [[32.77277055854801, 46.642925211941204], [32.773032642612364, 46.64274574549627], [32.77303188991281, 46.64292573064428], [32.77277055854801, 46.642925211941204]], [[32.70899918645536, 46.64404069716959], [32.7084755488123, 46.64421935082604], [32.708476515643554, 46.644039366637884], [32.70899918645536, 46.64404069716959]], [[32.710829493609964, 46.64386535099708], [32.71057007875093, 46.64350472174091], [32.71109274451056, 46.64350604269747], [32.710829493609964, 46.64386535099708]], [[32.71030778514813, 46.64368404460162], [32.70978608018061, 46.64350273582943], [32.71030874588494, 46.643504060367306], [32.71030778514813, 46.64368404460162]], [[32.76989209840831, 46.64381939227187], [32.76962999878765, 46.64399885146112], [32.76963076279753, 46.64381886638976], [32.76989209840831, 46.64381939227187]], [[32.68522187883843, 46.64325780557463], [32.684958458177974, 46.64361705394451], [32.684960547772334, 46.64325708630768], [32.68522187883843, 46.64325780557463]], [[33.17182704354226, 46.64302182701546], [33.17287237432931, 46.64302025239561], [33.17261390390564, 46.643920575566995], [33.17182989280689, 46.64392175567344], [33.17182704354226, 46.64302182701546]], [[32.70116309250453, 46.643300552159246], [32.700900768915474, 46.64347985339069], [32.700901760842406, 46.643299869301984], [32.70116309250453, 46.643300552159246]], [[32.76937172177976, 46.64327838467234], [32.76911574862638, 46.64201796187369], [32.77094047955741, 46.64310154942326], [32.76937172177976, 46.64327838467234]], [[32.770943518073565, 46.64238160892406], [32.769902018603275, 46.641479585782925], [32.7712071229984, 46.64184217635148], [32.770943518073565, 46.64238160892406]], [[32.78583713547579, 46.6429504159104], [32.78531518403185, 46.64276945110596], [32.785838555937055, 46.642590445300115], [32.78583713547579, 46.6429504159104]], [[32.77172674721947, 46.64256316089093], [32.77146465973206, 46.64274262434414], [32.77146541762419, 46.64256263920996], [32.77172674721947, 46.64256316089093]], [[32.68287620974492, 46.642171407853624], [32.68261383143773, 46.642350667056824], [32.68261488396902, 46.64217068324194], [32.68287620974492, 46.642171407853624]], [[32.772772819224905, 46.64238525648987], [32.77251073604887, 46.64256472235256], [32.77251149046723, 46.642384737199656], [32.772772819224905, 46.64238525648987]], [[32.70509089271986, 46.641870849934556], [32.7048276101353, 46.64223014445446], [32.704829567848805, 46.641870176064224], [32.70509089271986, 46.641870849934556]], [[32.70561256623781, 46.64205218009523], [32.70535026335314, 46.64223149161509], [32.70535124048141, 46.6420515074144], [32.70561256623781, 46.64205218009523]], [[32.70770414194532, 46.64187755581089], [32.707440876599, 46.64223685638323], [32.707442816980766, 46.64187688790909], [32.70770414194532, 46.64187755581089]], [[32.708225824315846, 46.64205887407634], [32.70796353000375, 46.64223819160665], [32.70796449846611, 46.64205820736407], [32.708225824315846, 46.64205887407634]], [[32.76754701633363, 46.64219477218363], [32.76728491684556, 46.64237422605218], [32.767285688588984, 46.64219424095929], [32.76754701633363, 46.64219477218363]], [[32.77355755648593, 46.6422068256077], [32.77329547676194, 46.642386293279664], [32.7732962285732, 46.64220630811134], [32.77355755648593, 46.6422068256077]], [[32.709010766907475, 46.641880886367055], [32.708748476043176, 46.64206020571028], [32.70874944189648, 46.64188022144952], [32.709010766907475, 46.641880886367055]], [[32.70274192651665, 46.641324811088296], [32.70247961770728, 46.64150411603603], [32.702480604330155, 46.64132413185904], [32.70274192651665, 46.641324811088296]], [[32.70979666674222, 46.641522908966664], [32.70849391701928, 46.64079965027577], [32.710060874507505, 46.64098361857554], [32.70979666674222, 46.641522908966664]], [[32.71450238132799, 46.64117477429941], [32.71397878937689, 46.64135345333401], [32.7139797378621, 46.64117346896802], [32.71450238132799, 46.64117477429941]], [[32.764415771388116, 46.64110844764187], [32.76415210261668, 46.64164786451903], [32.76389312648421, 46.641107370311886], [32.764415771388116, 46.64110844764187]], [[32.70091465502616, 46.64096007562979], [32.70196191331464, 46.64060283487895], [32.701697627040545, 46.641142106420254], [32.70091465502616, 46.64096007562979]], [[32.77042618992207, 46.64112066534344], [32.76990278164392, 46.6412996006285], [32.76990354467725, 46.641119615468384], [32.77042618992207, 46.64112066534344]], [[32.68419121706781, 46.640735151017765], [32.683928850056084, 46.6409144133096], [32.68392989817395, 46.64073442942645], [32.68419121706781, 46.640735151017765]], [[32.70274488372883, 46.64078485851032], [32.70248257754749, 46.64096416348793], [32.70248356414195, 46.640784179293796], [32.70274488372883, 46.64078485851032]], [[32.682885674273045, 46.64055155322219], [32.682623303855706, 46.64073081251751], [32.68262435629608, 46.64055082865128], [32.682885674273045, 46.64055155322219]], [[32.69647522929443, 46.640408424380794], [32.69621189691681, 46.64076769904834], [32.69621391167014, 46.64040773084903], [32.69647522929443, 46.640408424380794]], [[32.70326752293098, 46.640786215152886], [32.7045780396563, 46.64006965934582], [32.704835440763816, 46.64079027075664], [32.70326752293098, 46.640786215152886]], [[32.70797321420904, 46.640438348924356], [32.70771092692234, 46.6406176659425], [32.707711896167545, 46.64043768165278], [32.70797321420904, 46.640438348924356]], [[32.77696147679252, 46.6405936315694], [32.77669941610464, 46.64077310712238], [32.77670015658592, 46.64059312186103], [32.77696147679252, 46.6405936315694]], [[32.68759147149968, 46.6402045255216], [32.687329118252116, 46.64038379566101], [32.687330155075315, 46.6402038117024], [32.68759147149968, 46.6402045255216]], [[32.69726018612136, 46.64023051726961], [32.69673654692837, 46.640409117315734], [32.69673755255753, 46.64022913319885], [32.69726018612136, 46.64023051726961]], [[32.76363493929175, 46.640386890373826], [32.763372835657464, 46.64056633532986], [32.763373620324764, 46.64038635023023], [32.76363493929175, 46.640386890373826]], [[32.7748739014558, 46.639869596178194], [32.7738256347842, 46.64058747567771], [32.77383013471246, 46.639507564201665], [32.7748739014558, 46.639869596178194]], [[32.77383013471246, 46.639507564201665], [32.773569570620104, 46.63932706208792], [32.77383088467531, 46.63932757893572], [32.77383013471246, 46.639507564201665]], [[32.697000878831, 46.63986985727311], [32.69647724227609, 46.640048456149984], [32.69647824875243, 46.63986847202604], [32.697000878831, 46.63986985727311]], [[32.6922982298509, 46.63967732004895], [32.69203589465148, 46.6398566010411], [32.69203691584828, 46.63967661698564], [32.6922982298509, 46.63967732004895]], [[32.70458195806067, 46.63934972228561], [32.704319664886235, 46.63952903155004], [32.704320645339685, 46.63934904728065], [32.70458195806067, 46.63934972228561]], [[32.75135625415094, 46.63964091863372], [32.75214430897621, 46.638742694639944], [32.752402335804035, 46.63946320040413], [32.75135625415094, 46.63964091863372]], [[32.690474163869155, 46.6387724658422], [32.69021182705474, 46.63895174267648], [32.69021285426757, 46.63877175862336], [32.690474163869155, 46.6387724658422]], [[32.71007145011518, 46.6390037907889], [32.707732248168234, 46.636658010250976], [32.71137896320361, 46.63882710975712], [32.71007145011518, 46.6390037907889]], [[32.707732248168234, 46.636658010250976], [32.70747191823788, 46.63647735805921], [32.707733217208805, 46.63647802583576], [32.707732248168234, 46.636658010250976]], [[32.68969435077801, 46.63805040616118], [32.68916864662859, 46.638588939739016], [32.68943304467169, 46.638049697169706], [32.68969435077801, 46.63805040616118]], [[32.68969435077801, 46.63805040616118], [32.69047929545336, 46.637872545468916], [32.690478269156216, 46.63805252955499], [32.68969435077801, 46.63805040616118]], [[32.69100088145762, 46.63805394216699], [32.691266282355976, 46.63733471114637], [32.69022415295799, 46.63679193366245], [32.691789909711254, 46.63715613601158], [32.69100088145762, 46.63805394216699]], [[32.68996182492577, 46.636971210006955], [32.689181013881054, 46.63642913080069], [32.68996388085735, 46.63661124177833], [32.68996182492577, 46.636971210006955]], [[32.706678295901874, 46.6382751948773], [32.70615470638444, 46.638453838202764], [32.70615568071653, 46.6382738538697], [32.706678295901874, 46.6382751948773]], [[32.717914531308715, 46.63830344915684], [32.71739004117403, 46.63866212848658], [32.717391915335206, 46.63830215947228], [32.717914531308715, 46.63830344915684]], [[32.688650158773925, 46.63786758255961], [32.68786520824157, 46.63804543068867], [32.687866243202635, 46.63786544664697], [32.688650158773925, 46.63786758255961]], [[32.771746427332076, 46.63788354531759], [32.77148436256331, 46.63806300900374], [32.77148512026631, 46.63788302372141], [32.771746427332076, 46.63788354531759]], [[32.77305446775703, 46.63752617372609], [32.77358083219532, 46.636627282463444], [32.77541291831431, 46.635910945987106], [32.77514863865685, 46.63663037430813], [32.7738383839079, 46.637527725962855], [32.77305446775703, 46.63752617372609]], [[32.78194030059643, 46.63718348038406], [32.78141624333918, 46.63754245401578], [32.78141769284877, 46.637182483168715], [32.78194030059643, 46.63718348038406]], [[32.686827252930456, 46.63678268614582], [32.686564913764705, 46.636961954674774], [32.68656595299787, 46.63678197062118], [32.686827252930456, 46.63678268614582]], [[32.68787245276039, 46.63678554227697], [32.68761011702018, 46.63696481321077], [32.68761115278799, 46.636784829139295], [32.68787245276039, 46.63678554227697]], [[32.72523753601728, 46.637061361527174], [32.72549974834787, 46.63688200405806], [32.725498838200764, 46.63706198873696], [32.72523753601728, 46.637061361527174]], [[32.72549974834787, 46.63688200405806], [32.72628818996116, 46.6359839585564], [32.72602235100833, 46.636883256679496], [32.72549974834787, 46.63688200405806]], [[32.75476473608352, 46.637128459945465], [32.752945444105734, 46.634964703590526], [32.75424783363688, 46.63586744287184], [32.75529626709763, 46.63514974247199], [32.75476473608352, 46.637128459945465]], [[32.752945444105734, 46.634964703590526], [32.75268497139721, 46.634784153948125], [32.752946263190395, 46.63478471845233], [32.752945444105734, 46.634964703590526]], [[32.775409195102135, 46.63681087289767], [32.77514714760352, 46.63699034503745], [32.77514789313377, 46.63681035967565], [32.775409195102135, 46.63681087289767]], [[32.783249694764365, 46.63646602112952], [32.78272565308799, 46.63682500083037], [32.78272709387836, 46.63646502990662], [32.783249694764365, 46.63646602112952]], [[32.69127958915225, 46.63499491711364], [32.692582988831234, 46.63553838746312], [32.69153269892908, 46.63643549525309], [32.69049161025074, 46.63571273599104], [32.69127958915225, 46.63499491711364]], [[32.692842246171935, 46.63589905762593], [32.6936291810359, 46.63536120673931], [32.693627149498305, 46.635721175171], [32.692842246171935, 46.63589905762593]], [[32.77776238685004, 46.63645549423719], [32.77750034883158, 46.63663497179428], [32.77750108655035, 46.63645498639234], [32.77776238685004, 46.63645549423719]], [[32.70277050933446, 46.63610526735078], [32.702508225926174, 46.636284572587066], [32.702509212274464, 46.63610458824464], [32.70277050933446, 46.63610526735078]], [[32.7761953272017, 46.636272452825125], [32.77593328490121, 46.63645192679149], [32.775934027810955, 46.63627194140296], [32.7761953272017, 46.636272452825125]], [[32.7769792254166, 46.63627398351111], [32.776717185693805, 46.636453459277284], [32.77671792600452, 46.63627347387919], [32.7769792254166, 46.63627398351111]], [[32.68866151410071, 46.6358877575775], [32.68839918531092, 46.63606703036565], [32.688400218430125, 46.63588704625229], [32.68866151410071, 46.6358877575775]], [[32.74327591871393, 46.63530338938443], [32.742487767571134, 46.63620155264175], [32.74144857464429, 46.63493930075668], [32.73596143797292, 46.634926769418904], [32.73544236216721, 46.634205622625444], [32.73727573799626, 46.633309912455275], [32.744849604972686, 46.63404700118526], [32.747202874257155, 46.63369225104124], [32.75191425578707, 46.63190269409531], [32.75556971633128, 46.63245052290413], [32.75529707839366, 46.634969757307914], [32.750864188777726, 46.63298033429869], [32.74955279179997, 46.63405739292892], [32.74641733362523, 46.634050486580904], [32.74693487592701, 46.63513155399368], [32.74536964861153, 46.63458812052492], [32.744318552064705, 46.63584568478237], [32.74327591871393, 46.63530338938443]], [[32.74798924000632, 46.633154024943444], [32.74772879248983, 46.63297346401018], [32.74799007546987, 46.632974039815934], [32.74798924000632, 46.633154024943444]], [[32.75112959708141, 46.63208097700684], [32.750607866353604, 46.631899853956924], [32.751130422103245, 46.63190099180223], [32.75112959708141, 46.63208097700684]], [[32.74746164897763, 46.63423278333016], [32.74719952183178, 46.6344121913826], [32.747200359950185, 46.63423220630582], [32.74746164897763, 46.63423278333016]], [[32.74746081172545, 46.63441276841056], [32.74772126523321, 46.63459332992013], [32.747459974465244, 46.63459275348527], [32.74746081172545, 46.63441276841056]], [[32.759995574522875, 46.636059631013026], [32.759733479841096, 46.6362390677848], [32.75973427645628, 46.63605908259608], [32.759995574522875, 46.636059631013026]], [[32.781683339882804, 46.636103069378144], [32.78142131650101, 46.63628255595135], [32.78142204121058, 46.63610257049079], [32.781683339882804, 46.636103069378144]], [[32.78246723594111, 46.636104562459714], [32.7822052151375, 46.6362840508325], [32.78220593724807, 46.636104065362595], [32.78246723594111, 46.636104562459714]], [[32.77619681126714, 46.63591248202461], [32.775934770713576, 46.63609195600876], [32.77593551360906, 46.635911970608845], [32.77619681126714, 46.63591248202461]], [[32.69467334186871, 46.63554398490538], [32.69441103453011, 46.63572327153971], [32.69441204770493, 46.63554328731361], [32.69467334186871, 46.63554398490538]], [[32.69911434655101, 46.63573573697113], [32.69859575337172, 46.635014424254884], [32.699378631872065, 46.63519647088417], [32.69911434655101, 46.63573573697113]], [[32.78142421529759, 46.635562614074914], [32.78116146811428, 46.635922085543555], [32.781162919231285, 46.6355621146002], [32.78142421529759, 46.635562614074914]], [[32.7009453962031, 46.63538056375181], [32.70173125463537, 46.635022641248], [32.702250876810886, 46.635563955493], [32.7009453962031, 46.63538056375181]], [[32.702512171262526, 46.63556463518314], [32.702775436602444, 46.63520534553187], [32.70303476019419, 46.635565992773245], [32.702512171262526, 46.63556463518314]], [[32.7754136629353, 46.63573096058791], [32.776461814639816, 46.63501306572667], [32.777771228527484, 46.63429566893139], [32.77750625038351, 46.63519508841921], [32.7754136629353, 46.63573096058791]], [[32.78403789236054, 46.63538759048748], [32.78351458407772, 46.63556658839033], [32.78351530182905, 46.63538660288213], [32.78403789236054, 46.63538759048748]], [[32.69467941551584, 46.63446407940282], [32.69676872227442, 46.63464962274593], [32.693891489192104, 46.63518192188807], [32.69467941551584, 46.63446407940282]], [[32.69442015275337, 46.63410341329944], [32.691280612683194, 46.63481493291733], [32.69102239524413, 46.63427427497593], [32.69442015275337, 46.63410341329944]], [[32.6933709376094, 46.63482055408784], [32.69310862949221, 46.63499983775705], [32.693109646959385, 46.63481985352999], [32.6933709376094, 46.63482055408784]], [[32.691023419602, 46.634094290761226], [32.690498793227576, 46.634452846749525], [32.68997827127345, 46.63409146353893], [32.691023419602, 46.634094290761226]], [[32.68997724345072, 46.63427144773597], [32.68945363804811, 46.634450014718325], [32.68945466761316, 46.63427003053583], [32.68997724345072, 46.63427144773597]], [[32.697028003256904, 46.63501028353599], [32.69650340752159, 46.63536886707297], [32.69650541996234, 46.635008898522685], [32.697028003256904, 46.63501028353599]], [[32.697810876386804, 46.63519234088023], [32.6972872876755, 46.63537094372382], [32.697288291301895, 46.63519095943855], [32.697810876386804, 46.63519234088023]], [[32.78273213642685, 46.63520513149405], [32.78246939963228, 46.63556460600649], [32.782470842058444, 46.63520463500918], [32.78273213642685, 46.63520513149405]], [[32.75451157242976, 46.63532804840736], [32.75425109275966, 46.63514750232854], [32.754512386332436, 46.635148063259486], [32.75451157242976, 46.63532804840736]], [[32.75425109275966, 46.63514750232854], [32.753990614822115, 46.63496695565431], [32.754251907520796, 46.63496751717846], [32.75425109275966, 46.63514750232854]], [[32.7782901331111, 46.63519661009691], [32.77776680781606, 46.63537558168682], [32.77776754461897, 46.63519559624183], [32.7782901331111, 46.63519661009691]], [[32.781426389322, 46.63502265760778], [32.78064178167393, 46.63520114290691], [32.78064323620036, 46.63484117193047], [32.781426389322, 46.63502265760778]], [[32.70382355346336, 46.63466810269378], [32.70199353448376, 46.63484333774496], [32.70199452248881, 46.6346633533654], [32.70382355346336, 46.63466810269378]], [[32.68657946212139, 46.63444217740504], [32.686054803127554, 46.63480071291389], [32.68605688480949, 46.634440744681946], [32.68657946212139, 46.63444217740504]], [[32.68919131883675, 46.63462928939111], [32.68892899789291, 46.63480856345264], [32.68893002921022, 46.63462857929043], [32.68919131883675, 46.63462928939111]], [[32.75033417335299, 46.63459906144973], [32.751380985348796, 46.634241367091306], [32.75242285879468, 46.634963573978325], [32.75033417335299, 46.63459906144973]], [[32.77411017489366, 46.635008447017206], [32.7743729642637, 46.63464899175866], [32.77437146817015, 46.635008962594036], [32.77411017489366, 46.635008447017206]], [[32.774111672719755, 46.63464847618828], [32.77385113095151, 46.6344679746014], [32.774112421622014, 46.63446849076527], [32.774111672719755, 46.63464847618828]], [[32.7743729642637, 46.63464899175866], [32.77463500298457, 46.634469521302876], [32.774634255814824, 46.63464950673232], [32.7743729642637, 46.63464899175866]], [[32.75425353701962, 46.634607546861226], [32.75399143044171, 46.63478697050204], [32.75399224605347, 46.63460698534409], [32.75425353701962, 46.634607546861226]], [[32.68841054907674, 46.63408720480482], [32.688148228192354, 46.63426647709336], [32.68814926207861, 46.634086492927395], [32.68841054907674, 46.63408720480482]], [[32.77829380835693, 46.63429668275477], [32.77803178253737, 46.634476161618075], [32.77803251843867, 46.634296176141426], [32.77829380835693, 46.63429668275477]], [[32.7835203258955, 46.63412670416527], [32.783259755266435, 46.63394622393846], [32.78352104359172, 46.6339467186115], [32.7835203258955, 46.63412670416527]], [[32.783259755266435, 46.63394622393846], [32.78299918636985, 46.63376574311546], [32.783260473822, 46.633766238382094], [32.783259755266435, 46.63394622393846]], [[32.75033831193081, 46.63369913582207], [32.75007619684823, 46.63387855050549], [32.750077025414114, 46.633698565372136], [32.75033831193081, 46.63369913582207]], [[32.78064759961214, 46.633761258864446], [32.78038558414532, 46.633940743152976], [32.7803863122294, 46.633760757630846], [32.78064759961214, 46.633761258864446]], [[32.685539520229646, 46.633539388937166], [32.68449647506627, 46.63317654338905], [32.68554160523644, 46.633179420643266], [32.685539520229646, 46.633539388937166]], [[32.6865867355667, 46.63318228835077], [32.6868459418292, 46.63354297212468], [32.68606417038159, 46.633180855690355], [32.6865867355667, 46.63318228835077]], [[32.68684698000669, 46.63336298795818], [32.68710930079169, 46.6331837186245], [32.687108263490344, 46.63336370280117], [32.68684698000669, 46.63336298795818]], [[32.68763083048751, 46.63336513069716], [32.68736851053883, 46.633544401222935], [32.68736954698396, 46.633364417047495], [32.68763083048751, 46.63336513069716]], [[32.68371472463704, 46.632814410929655], [32.68345134505671, 46.63317365658812], [32.683453443882065, 46.632813688343454], [32.68371472463704, 46.632814410929655]], [[32.783786632759345, 46.63286729922705], [32.78352463196952, 46.6330467907572], [32.78352534962442, 46.63286680516925], [32.783786632759345, 46.63286729922705]], [[32.74773046512523, 46.63261349374528], [32.74720874069189, 46.63243235522437], [32.74773213772852, 46.63225352345758], [32.74773046512523, 46.63261349374528]], [[32.74851597629874, 46.63225524904167], [32.748255531324645, 46.63207468928404], [32.748517643673104, 46.631895278709585], [32.74851597629874, 46.63225524904167]], [[32.78143870761133, 46.63196290332546], [32.78117670345373, 46.632142389501645], [32.7811774288695, 46.63196240391318], [32.78143870761133, 46.63196290332546]], [[32.74982569146982, 46.63153817232339], [32.74904103123832, 46.63171644091959], [32.74904269510022, 46.63135647053896], [32.74982569146982, 46.63153817232339]], [[32.784836045167744, 46.63178935575175], [32.78457405305328, 46.631968849733546], [32.7845747672023, 46.63178886409909], [32.784836045167744, 46.63178935575175]], [[32.778566109968786, 46.631597405842946], [32.778304098107014, 46.63177688543903], [32.77830483303626, 46.63159689987375], [32.778566109968786, 46.631597405842946]], [[32.78353252579458, 46.631066948976425], [32.7832698144168, 46.63142642563083], [32.78327125132795, 46.63106645435287], [32.78353252579458, 46.631066948976425]], [[32.786928388157676, 46.63125331047327], [32.78666640553651, 46.63143280927901], [32.78666711273607, 46.631252823602985], [32.786928388157676, 46.63125331047327]], [[32.785101597496926, 46.63070993284449], [32.78483961147948, 46.63088942747862], [32.78484032472129, 46.630709441806914], [32.785101597496926, 46.63070993284449]], [[32.74982983803339, 46.630638246246946], [32.75009193824049, 46.63045883199694], [32.75009110981771, 46.6306388172329], [32.74982983803339, 46.630638246246946]], [[32.75009193824049, 46.63045883199694], [32.7506161334583, 46.63010000166857], [32.75061530678353, 46.630279986923064], [32.75009193824049, 46.63045883199694]], [[32.78040014449921, 46.630341031628234], [32.780138144762816, 46.63052051548476], [32.7801388735802, 46.630340529857556], [32.78040014449921, 46.630341031628234]], [[32.77857271621984, 46.62997753547056], [32.77909598677705, 46.62979855993045], [32.77909525451647, 46.629978545562174], [32.77857271621984, 46.62997753547056]], [[32.77883545161085, 46.629618069551825], [32.77909745127714, 46.6294385886499], [32.779096719030605, 46.62961857429302], [32.77883545161085, 46.629618069551825]], [[32.78536927355884, 46.629090551928435], [32.7851072962566, 46.62927004724113], [32.78510800857079, 46.62909006151507], [32.78536927355884, 46.629090551928435]], [[32.78537140786243, 46.628550594706894], [32.785109433178675, 46.62873009004588], [32.78511014547236, 46.628550104302725], [32.78537140786243, 46.628550594706894]], [[32.783549745793266, 46.62674729178931], [32.78328777382398, 46.626926783018504], [32.783288492110636, 46.62674679723996], [32.783549745793266, 46.62674729178931]], [[32.78563977550139, 46.626751226708414], [32.78511655580795, 46.62693023235806], [32.78511726803328, 46.62675024655795], [32.78563977550139, 46.626751226708414]], [[32.784595474542805, 46.6265692782216], [32.784333506882405, 46.62674877185811], [32.784334221698586, 46.62656878606151], [32.784595474542805, 46.6265692782216]], [[32.77911136262607, 46.626018860348], [32.7788493795464, 46.62619834141813], [32.778850112525284, 46.626018355669906], [32.77911136262607, 46.626018860348]], [[32.78460618297503, 46.62386949054294], [32.78408298768929, 46.62404849159752], [32.784083703268365, 46.62386850571856], [32.78460618297503, 46.62386949054294]], [[32.791922280907215, 46.62352305560143], [32.79165897119822, 46.62406253811257], [32.791661042593304, 46.62352258019519], [32.791922280907215, 46.62352305560143]], [[32.79140118691444, 46.623162132225], [32.79087732769136, 46.62352115039755], [32.79087871378277, 46.62316117844201], [32.79140118691444, 46.623162132225]], [[32.783305010801605, 46.62260712276085], [32.78278182342449, 46.62278611791832], [32.782782543284064, 46.62260613201492], [32.783305010801605, 46.62260712276085]], [[32.7982474916396, 46.6085954242894], [32.79798565585117, 46.608774949959155], [32.79798632499824, 46.60859496343794], [32.7982474916396, 46.6085954242894]], [[32.6982871669762, 46.59649627412077], [32.69984088633257, 46.59884020671499], [32.69879541783856, 46.59901744708014], [32.696713498848496, 46.59775203015843], [32.6982871669762, 46.59649627412077]], [[32.696978624674855, 46.597032780157406], [32.696193285734495, 46.59739067363449], [32.696195297563, 46.59703070269394], [32.696978624674855, 46.597032780157406]], [[32.69447879111063, 46.57722740089133], [32.69421676544835, 46.577406689585814], [32.6942177772058, 46.57722670351983], [32.69447879111063, 46.57722740089133]], [[32.69474182505661, 46.57686812550083], [32.69447980199479, 46.577047414815304], [32.69448081286926, 46.57686742873355], [32.69474182505661, 46.57686812550083]], [[32.69552788387921, 46.57633025389795], [32.69500485551922, 46.57650884947457], [32.695005864637494, 46.576328863367], [32.69552788387921, 46.57633025389795]], [[32.69370183012905, 46.57614539052698], [32.69344183571492, 46.57596470530234], [32.693702843545665, 46.57596540442979], [32.69370183012905, 46.57614539052698]], [[32.69344183571492, 46.57596470530234], [32.69318184302786, 46.57578401948524], [32.693442849985345, 46.5757847192038], [32.69344183571492, 46.57596470530234]], [[32.69109583177413, 46.57541842816418], [32.690833803745484, 46.57559770916112], [32.690834826631594, 46.57541772309508], [32.69109583177413, 46.57541842816418]], [[32.69318387326656, 46.57542404727982], [32.692921852067855, 46.575603333075726], [32.69292286804585, 46.575423346974524], [32.69318387326656, 46.57542404727982]], [[32.69135990034495, 46.57487917437901], [32.69057586896865, 46.575057045290144], [32.69057689268882, 46.57487705921139], [32.69135990034495, 46.57487917437901]], [[32.6973639632133, 46.574715226422406], [32.69710195916848, 46.57489452185558], [32.6971029612918, 46.57471453566199], [32.6973639632133, 46.574715226422406]], [[32.69162294341967, 46.5745199060341], [32.69136092146486, 46.574699188281336], [32.69136194257498, 46.57451920217795], [32.69162294341967, 46.5745199060341]], [[32.69031896384841, 46.57433639470735], [32.690580987471314, 46.57415711483934], [32.69057996379041, 46.574337100940895], [32.69031896384841, 46.57433639470735]], [[32.690580987471314, 46.57415711483934], [32.69084403216514, 46.57379784824394], [32.69084198655968, 46.57415782047303], [32.690580987471314, 46.57415711483934]], [[32.69032203745199, 46.57379643639875], [32.690060014722015, 46.573975715687155], [32.69006104011015, 46.573795729583], [32.69032203745199, 46.57379643639875]], [[32.69032511096715, 46.573256478038815], [32.69006309085694, 46.573435757357565], [32.69006411621558, 46.573255771236305], [32.69032511096715, 46.573256478038815]], [[32.69450406030653, 46.57272774727851], [32.693981063302765, 46.57290633836227], [32.69398207568106, 46.57272635215802], [32.69450406030653, 46.57272774727851]], [[32.69763596887111, 46.572736067986284], [32.697373975283554, 46.57291536412945], [32.69737497643777, 46.57273537786879], [32.69763596887111, 46.572736067986284]], [[32.694767072181016, 46.57236847149385], [32.69450507094836, 46.57254776105983], [32.6945060815805, 46.572367774835435], [32.694767072181016, 46.57236847149385]], [[32.68824540409452, 46.57181091801932], [32.68902836745087, 46.57181304903801], [32.68850433094009, 46.57217160122926], [32.68824540409452, 46.57181091801932]], [[32.68850845276057, 46.57145165665647], [32.68824849800541, 46.571270959577376], [32.688509483190984, 46.571271670499016], [32.68850845276057, 46.57145165665647]], [[32.688509483190984, 46.571271670499016], [32.68877252749101, 46.57091240848434], [32.688770468386444, 46.57127238082526], [32.688509483190984, 46.571271670499016]], [[32.697900958927946, 46.572016812374116], [32.69763896968603, 46.572196109157076], [32.69763996993849, 46.57201612286927], [32.697900958927946, 46.572016812374116]], [[32.69581606611141, 46.57147132085716], [32.69555407265861, 46.5716506128724], [32.69555507978895, 46.571470626602085], [32.69581606611141, 46.57147132085716]], [[32.68955342403203, 46.57127450823166], [32.689291410966526, 46.57145378586235], [32.68929243880698, 46.57127379969158], [32.68955342403203, 46.57127450823166]], [[32.69660002880403, 46.571293413756635], [32.696338038785264, 46.57147270758111], [32.69633904331597, 46.57129272129208], [32.69660002880403, 46.571293413756635]], [[32.68694460782644, 46.571087409901914], [32.68668258709991, 46.57126668154441], [32.68668362356364, 46.57108669541242], [32.68694460782644, 46.571087409901914]], [[32.68981646146502, 46.570915243799995], [32.68929552226919, 46.57073384114504], [32.68982056574313, 46.57019529897879], [32.68981646146502, 46.570915243799995]], [[32.699994825881305, 46.570942388899674], [32.69973284870698, 46.57112169054017], [32.6997338419954, 46.570941704183745], [32.699994825881305, 46.570942388899674]], [[32.69869090327925, 46.57075897302127], [32.69842892270894, 46.570938271673405], [32.69842992030436, 46.57075828533273], [32.69869090327925, 46.57075897302127]], [[32.68720973094835, 46.57036817917531], [32.686947714568085, 46.57054745145831], [32.68694875012878, 46.570367465299036], [32.68720973094835, 46.57036817917531]], [[32.689564720130484, 46.569294659927856], [32.688779734046015, 46.56965250511135], [32.68904379726762, 46.56911325611495], [32.689564720130484, 46.569294659927856]], [[32.69895786127601, 46.56967974189906], [32.69869788013639, 46.56949906844677], [32.69895885707797, 46.56949975550986], [32.69895786127601, 46.56967974189906]], [[32.69869788013639, 46.56949906844677], [32.69843790072327, 46.569318394401996], [32.698698876792044, 46.56931908205615], [32.69869788013639, 46.56949906844677]], [[32.68878488128914, 46.56875257395943], [32.68826190392407, 46.568931139068816], [32.688262935079365, 46.568751152835915], [32.68878488128914, 46.56875257395943]], [[32.695571192561125, 46.56859084550098], [32.695309212221495, 46.56877013707727], [32.69531022006053, 46.568590150720006], [32.695571192561125, 46.56859084550098]], [[32.69922779319538, 46.56806055062431], [32.69896582742433, 46.56823985062572], [32.69896682314991, 46.56805986419088], [32.69922779319538, 46.56806055062431]], [[32.69740300485836, 46.56769576025338], [32.69714103485763, 46.56787505607743], [32.69714203660623, 46.56769506966132], [32.69740300485836, 46.56769576025338]], [[32.68487862433869, 46.567301967883694], [32.684616615123126, 46.56748123494148], [32.68461765828326, 46.56730124872551], [32.68487862433869, 46.567301967883694]], [[32.69740800914158, 46.56679582806563], [32.69714604350456, 46.566975123939784], [32.69714704520513, 46.56679513749515], [32.69740800914158, 46.56679582806563]], [[32.6888054677939, 46.56515284792514], [32.688017441079275, 46.566050647269336], [32.688022600281194, 46.56515071561341], [32.6888054677939, 46.56515284792514]], [[32.698716814959525, 46.56607932604954], [32.69845685176472, 46.565898651978024], [32.6987178114336, 46.56589933955053], [32.698716814959525, 46.56607932604954]], [[32.69845685176472, 46.565898651978024], [32.69819689029606, 46.565717977314115], [32.69845784909231, 46.565718665477604], [32.69845685176472, 46.565898651978024]], [[32.697936930553524, 46.56553730205784], [32.69767497273227, 46.56571659920133], [32.69767597263948, 46.56553661270813], [32.697936930553524, 46.56553730205784]], [[32.69872080079851, 46.56535938001925], [32.69819788847715, 46.56553799081229], [32.69819888664867, 46.56535800430476], [32.69872080079851, 46.56535938001925]], [[32.687258350536375, 46.56190882304211], [32.6875048227431, 46.56442934570406], [32.68645893949097, 46.564786462269026], [32.687258350536375, 46.56190882304211]], [[32.69663715773224, 46.564633916891204], [32.69637520000703, 46.564813211086914], [32.6963762041814, 46.56463322458677], [32.69663715773224, 46.564633916891204]], [[32.68463643345522, 46.56406149586197], [32.68385253638511, 46.56423932136391], [32.68385358195417, 46.56405933505871], [32.68463643345522, 46.56406149586197]], [[32.69037632320442, 46.56425716447855], [32.69011947098322, 46.56353651221344], [32.69064136727213, 46.56353792474621], [32.69037632320442, 46.56425716447855]], [[32.6856833541212, 46.563524409555434], [32.685945340717886, 46.563345139874365], [32.68594430209257, 46.563525126238325], [32.6856833541212, 46.563524409555434]], [[32.685945340717886, 46.563345139874365], [32.68620836333111, 46.56298588320353], [32.68620628783625, 46.56334585595754], [32.685945340717886, 46.563345139874365]], [[32.69142727325931, 46.5630000796925], [32.69116428496644, 46.56335934844529], [32.691166327669386, 46.56299937552263], [32.69142727325931, 46.5630000796925]], [[32.6843827895662, 46.5628008718302], [32.68412080047058, 46.56298013794361], [32.68412184510653, 46.56280015159396], [32.6843827895662, 46.5628008718302]], [[32.689861599866866, 46.56299584574495], [32.68960373384947, 46.56245517865643], [32.69012459497495, 46.56263657998071], [32.689861599866866, 46.56299584574495]], [[32.69221112797278, 46.56282220214336], [32.69194916446849, 46.56300148624661], [32.69195018321647, 46.56282149976353], [32.69221112797278, 46.56282220214336]], [[32.697169080187706, 46.56283543426938], [32.69690713289515, 46.56301472976448], [32.69690813524736, 46.56283474319863], [32.697169080187706, 46.56283543426938]], [[32.69586636716119, 46.562471999849286], [32.69560441734724, 46.56265129236675], [32.695605423994834, 46.56247130581114], [32.69586636716119, 46.562471999849286]], [[32.69664819352217, 46.56265406496543], [32.69691013992296, 46.5624747700498], [32.69690913758997, 46.562654756627076], [32.69664819352217, 46.56265406496543]], [[32.69691013992296, 46.5624747700498], [32.69717208459792, 46.562295474524625], [32.697171083137455, 46.56247546111192], [32.69691013992296, 46.5624747700498]], [[32.68490676257989, 46.56244233777363], [32.685168746498, 46.5622630698305], [32.685167705343716, 46.56244305621526], [32.68490676257989, 46.56244233777363]], [[32.685169787642295, 46.56208308344004], [32.683865082552174, 46.562079485324816], [32.684402619352205, 46.55938113001682], [32.68544425144085, 46.55974397762371], [32.685169787642295, 46.56208308344004]], [[32.6854296884089, 46.562263787672435], [32.68568959090131, 46.5624444913129], [32.68542864811754, 46.56244377406169], [32.6854296884089, 46.562263787672435]], [[32.69482360378039, 46.56228923357716], [32.69456165142603, 46.562468523706464], [32.694562661515604, 46.56228853716254], [32.69482360378039, 46.56228923357716]], [[32.68830005008537, 46.56227164465039], [32.688040139717614, 46.562090946916065], [32.688301080874886, 46.56209165820631], [32.68830005008537, 46.56227164465039]], [[32.688040139717614, 46.562090946916065], [32.68778023107564, 46.561910248589726], [32.68804117136013, 46.56191096047075], [32.688040139717614, 46.562090946916065]], [[32.68986775362807, 46.561915926972375], [32.69012664450286, 46.562276607047686], [32.689345872930794, 46.56191451094788], [32.68986775362807, 46.561915926972375]], [[32.69012766925208, 46.56209662057261], [32.690650574747714, 46.56191804654515], [32.69064955173411, 46.56209803303476], [32.69012766925208, 46.56209662057261]], [[32.689345872930794, 46.56191451094788], [32.68908596077802, 46.561733815574065], [32.689346900249014, 46.56173452447466], [32.689345872930794, 46.56191451094788]], [[32.691955276809864, 46.56192156726252], [32.69169331681583, 46.56210085081666], [32.69169433637787, 46.561920864309435], [32.691955276809864, 46.56192156726252]], [[32.69639226966188, 46.56175343980845], [32.696912144560116, 46.562114796878156], [32.696390261611604, 46.56211341298562], [32.69639226966188, 46.56175343980845]], [[32.69717508892172, 46.56175551472852], [32.69743802980299, 46.561396231943604], [32.69743602869422, 46.56175620517816], [32.69717508892172, 46.56175551472852]], [[32.690911515140556, 46.56191875187901], [32.691173476821234, 46.56173947011355], [32.6911724555432, 46.56191945661769], [32.690911515140556, 46.56191875187901]], [[32.691173476821234, 46.56173947011355], [32.691435436776146, 46.561560187738394], [32.69143441637079, 46.56174017425263], [32.691173476821234, 46.56173947011355]], [[32.68726145317046, 46.56136886371197], [32.68699948044, 46.56154813650338], [32.68700051550431, 46.56136815005876], [32.68726145317046, 46.56136886371197]], [[32.690653643729675, 46.56137808704208], [32.690391682088226, 46.56155736762857], [32.69039270593527, 46.561377381126256], [32.690653643729675, 46.56137808704208]], [[32.69222028849904, 46.56120232349932], [32.69195731417885, 46.56156159422217], [32.691959351508764, 46.561201621159], [32.69222028849904, 46.56120232349932]], [[32.69274216250887, 46.561203726394446], [32.692480208564724, 46.56138301178769], [32.69248122549908, 46.56120302524448], [32.69274216250887, 46.561203726394446]], [[32.683612511776495, 46.56063887280294], [32.683087499704975, 46.56117738745548], [32.68282866075148, 46.5608166915098], [32.683612511776495, 46.56063887280294]], [[32.6903957774175, 46.56083742158507], [32.69013279285077, 46.56119668811163], [32.69013484222147, 46.5608367150873], [32.6903957774175, 46.56083742158507]], [[32.69274419462263, 46.56084375328212], [32.69248224242368, 46.561023038695545], [32.69248325933854, 46.560843052140925], [32.69274419462263, 46.56084375328212]], [[32.69744103139419, 46.560856272048966], [32.69717909455235, 46.561035568253835], [32.697180095936005, 46.56085558162091], [32.69744103139419, 46.560856272048966]], [[32.68361565044058, 46.56009891354129], [32.683353671879814, 46.560278178008836], [32.68335471895395, 46.56009819158708], [32.68361565044058, 46.56009891354129]], [[32.69562152904365, 46.55959152014532], [32.69535959233657, 46.55977081222399], [32.69536059969253, 46.55959082558141], [32.69562152904365, 46.55959152014532]], [[32.69327417948049, 46.55940526103147], [32.69301223596808, 46.559584547724654], [32.69301325107937, 46.559404561115635], [32.69327417948049, 46.55940526103147]], [[32.6924944447584, 46.558863199663406], [32.69223250130443, 46.55904248458828], [32.692233518974795, 46.55886249797528], [32.6924944447584, 46.558863199663406]], [[32.694583871159686, 46.55850881842188], [32.69432193627485, 46.55868810816292], [32.69432294702379, 46.558508121503515], [32.694583871159686, 46.55850881842188]], [[32.69276045012991, 46.55796396756192], [32.69249851189133, 46.55814325313675], [32.69249952865018, 46.55796326649083], [32.69276045012991, 46.55796396756192]], [[32.69302746161562, 46.556884747989926], [32.69328634970423, 46.557245421225446], [32.692762481892984, 46.55760399424417], [32.69302746161562, 46.556884747989926]], [[32.68311474410635, 46.556497739494695], [32.683373564571774, 46.556858435019805], [32.68284963543926, 46.55721696251373], [32.68311474410635, 46.556497739494695]], [[32.68441827189486, 46.556681332393], [32.68415840105536, 46.556500625760386], [32.68442035873047, 46.55632135927948], [32.68441827189486, 46.556681332393]], [[32.690681260595184, 46.55651844920333], [32.69120513158366, 46.55615988565514], [32.691204110609135, 46.55633987233618], [32.690681260595184, 46.55651844920333]], [[32.69224674780153, 46.556522671486846], [32.69250867904124, 46.55634338642068], [32.69250766237012, 46.55652337311797], [32.69224674780153, 46.556522671486846]], [[32.69250867904124, 46.55634338642068], [32.69303456616847, 46.55562484100767], [32.69276959275694, 46.55634408745234], [32.69250867904124, 46.55634338642068]], [[32.69355334717329, 46.556166200256335], [32.693291420217534, 46.55634548773041], [32.69329243429103, 46.556165501014284], [32.69355334717329, 46.556166200256335]], [[32.69042341678227, 46.555977783403186], [32.69016148046464, 46.55615706369373], [32.690162504879844, 46.555977077024636], [32.69042341678227, 46.555977783403186]], [[32.684168843359174, 46.554700759952375], [32.68390689268495, 46.55488002592559], [32.68390793773283, 46.55470003932361], [32.684168843359174, 46.554700759952375]], [[32.49082926212696, 46.52736503836493], [32.490314459240125, 46.52664278328883], [32.491095073160245, 46.52682624949906], [32.49082926212696, 46.52736503836493]], [[32.4731562118226, 46.52116532079837], [32.47289373321287, 46.52134410235048], [32.47289547384567, 46.52116411957343], [32.4731562118226, 46.52116532079837]], [[32.45531280469944, 46.506322477352], [32.45505033983712, 46.506501218477666], [32.45505213845953, 46.5063212357566], [32.45531280469944, 46.506322477352]], [[32.454793271702265, 46.50614001084819], [32.45453080603142, 46.50631875078383], [32.454532606357056, 46.506138768072574], [32.454793271702265, 46.50614001084819]], [[32.59008748504118, 46.5058049247766], [32.58982546237976, 46.50598397659534], [32.58982681615728, 46.50580399032371], [32.59008748504118, 46.5058049247766]]], [[[33.04537057773273, 46.67787915276921], [33.04327956919252, 46.679139860830205], [33.0419716115977, 46.67860039178888], [33.04145121619589, 46.682020303720854], [33.0458948004661, 46.67931882719275], [33.04537057773273, 46.67787915276921]]], [[[33.14763474795995, 46.68409239508164], [33.14659690084611, 46.68715347856409], [33.148429200223674, 46.687691072036024], [33.14999151559927, 46.68516924174012], [33.14763474795995, 46.68409239508164]]], [[[33.02314714742997, 46.68778499789369], [33.01974739525828, 46.68886554586297], [33.021317149430985, 46.689945174743706], [33.02497857585641, 46.68904450862528], [33.02314714742997, 46.68778499789369]]], [[[33.06081089358524, 46.68831113597815], [33.060028430670094, 46.69029138522516], [33.06160005140634, 46.69227038538025], [33.0642170432093, 46.693348856597346], [33.06290539966319, 46.690109854746936], [33.06081089358524, 46.68831113597815]], [[33.0615973912612, 46.68993058125344], [33.06133562762273, 46.6897507367801], [33.06159698203759, 46.68957061130245], [33.0615973912612, 46.68993058125344]]], [[[33.02105614889373, 46.69138510348017], [33.01556380946551, 46.693365817288765], [33.01844182620274, 46.69534522393131], [33.02105712822777, 46.69390489314447], [33.02105614889373, 46.69138510348017]]], [[[33.03178103069895, 46.69246253746192], [33.029428444865125, 46.695342925872446], [33.031259859407776, 46.6958823949109], [33.03256693749006, 46.69444215109657], [33.03178103069895, 46.69246253746192]]], [[[33.050878504531994, 46.69533539902867], [33.048788247670224, 46.69803608228563], [33.052453249103635, 46.70073423268665], [33.05428435339452, 46.7005533939488], [33.05454252103521, 46.69713356004308], [33.05297277677085, 46.69695431263302], [33.05375630803408, 46.69569405309718], [33.052970664799574, 46.694794494923734], [33.050878504531994, 46.69533539902867]]], [[[33.02655426173827, 46.70200306650007], [33.0234155422556, 46.70362361381642], [33.022631641603205, 46.70596357140303], [33.02629377937729, 46.7043429271854], [33.02734047957097, 46.704702651119305], [33.02655426173827, 46.70200306650007]], [[33.024462372035245, 46.70434333334459], [33.0247240838277, 46.70452326171526], [33.024462453335474, 46.704523317943845], [33.024462372035245, 46.70434333334459]]], [[[33.03649648468109, 46.70308023552412], [33.035190238425336, 46.70596039851719], [33.03728333766896, 46.70595973570475], [33.03859062683427, 46.70469941017994], [33.0383278490955, 46.70307963677964], [33.03649648468109, 46.70308023552412]]], [[[33.06083453967347, 46.70936934480858], [33.06345213200742, 46.71026784557583], [33.06423582516932, 46.70918750161284], [33.06554474320284, 46.70972671277112], [33.06554234668721, 46.707746884791895], [33.063970344878086, 46.70594792891282], [33.060571275173544, 46.707929608555084], [33.06083453967347, 46.70936934480858]], [[33.06501927095867, 46.707927167707325], [33.06423411706223, 46.7077476266135], [33.062664658022946, 46.708108465852284], [33.06449533424576, 46.70738751064079], [33.06501927095867, 46.707927167707325]]], [[[33.12288072820896, 46.72443821587], [33.119746784292545, 46.72750126543157], [33.12236826452562, 46.72929833113215], [33.12393546459635, 46.72785677357923], [33.12419225033549, 46.72569668797969], [33.12288072820896, 46.72443821587]]], [[[33.11818144835581, 46.72984268302184], [33.11792204956392, 46.7309228535202], [33.116613649485814, 46.73110417806607], [33.11635614880797, 46.73308426156956], [33.119761523859744, 46.73416065078081], [33.12054443732676, 46.733079926477316], [33.11923639062233, 46.733441264288565], [33.119496570208476, 46.73272105797257], [33.118447534859136, 46.731822229768085], [33.11713911480969, 46.7320035603115], [33.120017307902145, 46.731460626681304], [33.11818144835581, 46.72984268302184]], [[33.11844871697759, 46.73236217983759], [33.117664989074, 46.7330829233193], [33.11766342331298, 46.73236298995269], [33.11844871697759, 46.73236217983759]], [[33.11687890726258, 46.73272376138376], [33.117141452978814, 46.73308346041571], [33.1168796849256, 46.733083728065765], [33.11687890726258, 46.73272376138376]], [[33.11871127136444, 46.7327218752829], [33.11897343344589, 46.732901586775235], [33.11871166628991, 46.73290185861496], [33.11871127136444, 46.7327218752829]], [[33.118968288390704, 46.730561803036885], [33.118184200298586, 46.73110256688767], [33.11818341401033, 46.73074260009731], [33.118968288390704, 46.730561803036885]]], [[[33.15146931760319, 46.746001988490235], [33.1522517678054, 46.74492105006672], [33.1530397894201, 46.74581991578405], [33.154334553797625, 46.740778641077306], [33.1525019194549, 46.74078109788614], [33.152504964418966, 46.741860994755555], [33.15171700953147, 46.74096212465268], [33.15146931760319, 46.746001988490235]]], [[[33.042058276321434, 46.790190236483085], [33.03917381963562, 46.78749153081595], [33.03917525599601, 46.789471331912445], [33.04022369128068, 46.789830932103584], [33.03917852101663, 46.793970877300026], [33.042058276321434, 46.790190236483085]]]]}}]}