component,area_px,area_km2,perimeter_m,bbox_row0,bbox_col0,bbox_rows,bbox_cols,elongation,compactness,rectangularity_pca,min_dist_to_prewater_m,px_label_flood,px_label_nonflood,px_disputed,dominant_base_class,share_veg_agri,share_wetland,split
1,33780,3.378,17140.0,1,2052,180,348,2.552,0.1445,0.5133,464.86557196677836,0,0,0,VEG_AGRI,1.0,0.0,outside_patches
2,997,0.09970000000000001,2860.0,2,3258,39,57,1.79,0.1532,0.413,1257.179382586272,0,0,0,VEG_AGRI,1.0,0.0,train
3,13,0.0013000000000000002,160.0,3,2018,4,4,1.406,0.6381,0.6477,190.0,0,0,0,VEG_AGRI,1.0,0.0,outside_patches
4,15,0.0015,160.0,4,1195,4,4,1.147,0.7363,0.6308,4760.010504190091,0,0,0,VEG_AGRI,1.0,0.0,outside_patches
5,3,0.00030000000000000003,80.0,4,1228,2,2,1.732,0.589,0.7279,4482.0642565675025,0,0,0,VEG_AGRI,1.0,0.0,outside_patches
6,70,0.007,400.0,5,3214,10,10,1.192,0.5498,0.6834,1504.725888658795,0,0,0,VEG_AGRI,1.0,0.0,train
7,3,0.00030000000000000003,80.0,6,3191,1,3,31622.777,0.589,1.0,1632.4827717314508,0,0,0,VEG_AGRI,1.0,0.0,outside_patches
8,17,0.0017000000000000001,200.0,12,1220,6,4,1.716,0.5341,0.6878,4490.901913869863,0,0,0,VEG_AGRI,1.0,0.0,outside_patches
9,2,0.0002,60.0,12,1566,1,2,1.0,0.6981,,1967.587355112855,0,0,0,VEG_AGRI,1.0,0.0,outside_patches
10,1,0.0001,40.0,12,3175,1,1,1.0,0.7854,,1614.0012391568973,0,0,0,VEG_AGRI,1.0,0.0,outside_patches
11,118,0.0118,620.0,13,2673,20,10,2.006,0.3858,0.5886,1797.3869922751749,0,0,0,VEG_AGRI,1.0,0.0,outside_patches
12,1,0.0001,40.0,19,1223,1,1,1.0,0.7854,,4478.89495299901,0,0,0,VEG_AGRI,1.0,0.0,outside_patches
13,8,0.0008,120.0,21,1819,3,3,1.265,0.6981,0.6695,1023.9140588936164,0,0,0,VEG_AGRI,1.0,0.0,outside_patches
14,907,0.0907,3020.0,21,3176,65,30,2.358,0.125,0.4917,879.3179174792243,0,0,0,VEG_AGRI,1.0,0.0,outside_patches
15,10,0.001,140.0,23,1251,4,3,1.265,0.6411,0.8333,4176.1465491527,0,0,0,VEG_AGRI,1.0,0.0,outside_patches
16,1,0.0001,40.0,25,1224,1,1,1.0,0.7854,,4446.1668884557175,0,0,0,VEG_AGRI,1.0,0.0,outside_patches
17,4,0.0004,80.0,26,1419,2,2,1.0,0.7854,1.0,2733.0568965903367,0,0,0,VEG_AGRI,1.0,0.0,outside_patches
18,10,0.001,140.0,28,1439,4,3,1.265,0.6411,0.8333,2552.2147245088922,0,0,0,VEG_AGRI,1.0,0.0,outside_patches
19,5,0.0005,100.0,32,1233,2,3,1.732,0.6283,0.687,4317.707725170846,0,0,0,VEG_AGRI,1.0,0.0,outside_patches
20,98,0.0098,720.0,34,1401,9,22,3.475,0.2376,0.5649,2644.0121028467324,0,0,0,VEG_AGRI,1.0,0.0,outside_patches
21,58,0.0058000000000000005,380.0,34,3216,7,12,1.788,0.5047,0.6614,1239.112585683803,0,0,0,VEG_AGRI,1.0,0.0,train
22,21,0.0021000000000000003,240.0,34,3288,5,7,2.203,0.4581,0.6603,1335.440002396214,0,0,0,VEG_AGRI,1.0,0.0,train
23,4,0.0004,100.0,37,1237,2,3,2.449,0.5027,0.6387,4258.004227334679,0,0,0,VEG_AGRI,1.0,0.0,outside_patches
24,13433,1.3433000000000002,11280.0,37,1370,162,159,1.251,0.1327,0.5413,1406.1649974309557,0,0,0,VEG_AGRI,0.9997022258616839,0.0,outside_patches
25,10,0.001,140.0,38,3276,3,4,1.637,0.6411,0.6956,1273.4991166074674,0,0,0,VEG_AGRI,1.0,0.0,train
26,2,0.0002,60.0,42,1269,2,1,1.0,0.6981,,3961.577968436315,0,0,0,VEG_AGRI,1.0,0.0,outside_patches
27,24,0.0024000000000000002,240.0,44,1250,7,5,1.427,0.5236,0.6129,4078.0387442985384,0,0,0,VEG_AGRI,1.0,0.0,outside_patches
28,2,0.0002,60.0,48,3216,1,2,1.0,0.6981,,1172.7744881263404,0,0,0,VEG_AGRI,1.0,0.0,train
29,82,0.0082,520.0,49,1238,12,12,1.799,0.3811,0.5526,4086.48993636348,0,0,0,VEG_AGRI,1.0,0.0,outside_patches
30,8,0.0008,160.0,60,2025,3,5,2.003,0.3927,0.5337,240.0,0,0,0,VEG_AGRI,1.0,0.0,outside_patches
31,19,0.0019,200.0,63,1234,5,5,1.358,0.5969,0.6916,4171.055022413394,0,0,0,VEG_AGRI,1.0,0.0,outside_patches
32,10,0.001,140.0,64,1252,3,4,1.637,0.6411,0.6956,4010.012468808545,0,0,0,VEG_AGRI,1.0,0.0,outside_patches
33,32,0.0032,320.0,67,3235,10,5,2.399,0.3927,0.5423,870.0574693662484,0,0,0,VEG_AGRI,1.0,0.0,train
34,4,0.0004,80.0,68,3214,2,2,1.0,0.7854,1.0,972.6767191621274,0,0,0,VEG_AGRI,1.0,0.0,train
35,33,0.0033,300.0,76,1527,8,7,1.758,0.4608,0.6936,1530.5554547287727,0,0,0,VEG_AGRI,1.0,0.0,outside_patches
36,23,0.0023,240.0,77,3224,5,7,1.479,0.5018,0.6529,830.2409288875127,0,0,0,VEG_AGRI,1.0,0.0,train
37,1,0.0001,40.0,88,3622,1,1,1.0,0.7854,,746.7261881037789,0,0,0,VEG_AGRI,1.0,0.0,train
38,1544,0.1544,3400.0,93,3622,59,51,1.577,0.1678,0.5174,366.1966684720111,0,0,0,VEG_AGRI,1.0,0.0,train
39,48,0.0048000000000000004,360.0,102,3294,6,11,2.086,0.4654,0.6546,778.3315488916019,0,0,0,VEG_AGRI,1.0,0.0,train
40,2,0.0002,60.0,108,3313,2,1,1.0,0.6981,,884.0814442120137,0,0,0,VEG_AGRI,1.0,0.0,train
41,26,0.0026000000000000003,300.0,109,1524,9,6,2.913,0.363,0.5434,1348.0726983364066,0,0,0,VEG_AGRI,1.0,0.0,outside_patches
42,2906,0.2906,7120.0,109,2091,63,106,2.119,0.072,0.4771,401.62171256046406,0,0,0,VEG_AGRI,1.0,0.0,outside_patches
43,34,0.0034000000000000002,280.0,111,3268,6,8,1.52,0.545,0.6734,550.7267925205746,0,0,0,VEG_AGRI,1.0,0.0,train
44,161,0.0161,680.0,121,2202,10,22,2.267,0.4375,0.6837,1512.5144627407699,0,0,0,VEG_AGRI,1.0,0.0,outside_patches
45,1860,0.186,3580.0,124,2878,85,39,2.787,0.1824,0.7128,1530.5554547287727,0,0,0,VEG_AGRI,1.0,0.0,outside_patches
46,2874,0.2874,4920.0,126,181,89,67,2.203,0.1492,0.5169,1284.562182223967,0,0,0,VEG_AGRI,1.0,0.0,outside_patches
47,1,0.0001,40.0,127,2200,1,1,1.0,0.7854,,1492.8161306738348,0,0,0,VEG_AGRI,1.0,0.0,outside_patches
48,2,0.0002,60.0,130,199,1,2,1.0,0.6981,,1336.8619973654722,0,0,0,VEG_AGRI,1.0,0.0,outside_patches
49,7,0.0007,120.0,135,2164,2,4,2.181,0.6109,0.7464,1122.9425630903836,0,0,0,VEG_AGRI,1.0,0.0,outside_patches
50,1,0.0001,40.0,135,3367,1,1,1.0,0.7854,,1189.2854997854804,0,0,0,VEG_AGRI,1.0,0.0,train
51,18,0.0018000000000000002,200.0,143,3702,4,6,1.555,0.5655,0.6211,250.79872407968907,0,0,18,VEG_AGRI,1.0,0.0,train
52,140,0.014,620.0,144,3173,20,11,2.252,0.4577,0.6503,372.15588131856794,0,0,0,VEG_AGRI,1.0,0.0,outside_patches
53,9,0.0009000000000000001,140.0,144,3193,2,5,2.71,0.577,0.7912,318.27660925679095,0,0,0,VEG_AGRI,1.0,0.0,outside_patches
54,342,0.0342,1260.0,147,3700,23,31,2.029,0.2707,0.5015,197.9898987322333,0,0,342,VEG_AGRI,1.0,0.0,outside_patches
55,155,0.0155,740.0,148,1468,18,18,2.586,0.3557,0.6727,1556.4703659241313,0,0,0,VEG_AGRI,1.0,0.0,outside_patches
56,4,0.0004,80.0,153,3689,2,2,1.0,0.7854,1.0,420.11903075200007,0,0,4,VEG_AGRI,1.0,0.0,train
57,1810,0.18100000000000002,2680.0,158,3572,40,69,1.767,0.3167,0.6501,431.8564576337837,0,0,0,VEG_AGRI,1.0,0.0,train
58,53,0.0053,360.0,170,194,7,11,1.907,0.5139,0.686,1527.9397893896212,0,0,0,VEG_AGRI,1.0,0.0,outside_patches
59,4,0.0004,80.0,177,3378,2,2,1.0,0.7854,1.0,1056.882207249228,0,0,0,VEG_AGRI,1.0,0.0,train
60,187,0.0187,860.0,182,2284,17,25,3.282,0.3177,0.6694,2342.6907606425566,0,0,0,VEG_AGRI,1.0,0.0,outside_patches
61,2653,0.26530000000000004,3440.0,201,2302,68,71,1.644,0.2817,0.5349,2575.7329054077018,0,0,0,VEG_AGRI,1.0,0.0,outside_patches
62,32,0.0032,300.0,226,157,6,9,1.756,0.4468,0.6292,894.9860334105779,0,0,0,VEG_AGRI,1.0,0.0,outside_patches
63,1961,0.1961,3100.0,253,1692,33,104,4.497,0.2564,0.6923,563.6488268416781,0,0,0,VEG_AGRI,1.0,0.0,outside_patches
64,665,0.0665,1620.0,286,2316,34,30,1.496,0.3184,0.5273,2860.087411251621,0,0,0,VEG_AGRI,1.0,0.0,outside_patches
65,26,0.0026000000000000003,280.0,287,1771,4,10,2.824,0.4167,0.6114,1182.0744477400735,0,0,0,VEG_AGRI,1.0,0.0,outside_patches
66,19,0.0019,220.0,303,2343,6,5,1.655,0.4933,0.6139,3135.3628179207585,0,0,0,VEG_AGRI,1.0,0.0,outside_patches
67,83,0.0083,620.0,306,1762,12,18,3.3,0.2713,0.4968,1214.9897118905988,0,0,0,VEG_AGRI,1.0,0.0,outside_patches
68,6,0.0006000000000000001,100.0,312,3712,2,3,1.633,0.754,1.0,1553.2224567009066,0,0,6,VEG_AGRI,1.0,0.0,outside_patches
69,9,0.0009000000000000001,120.0,314,3728,3,3,1.0,0.7854,1.0,1622.65215003093,0,0,9,VEG_AGRI,1.0,0.0,outside_patches
70,162,0.0162,700.0,320,3694,15,17,1.48,0.4155,0.6804,1300.8458786497345,0,0,162,VEG_AGRI,1.0,0.0,train
71,153,0.015300000000000001,600.0,360,3655,16,14,1.331,0.5341,0.6935,760.5918747922567,0,0,153,VEG_AGRI,1.0,0.0,train
72,25,0.0025,240.0,375,1296,4,8,2.2,0.5454,0.6969,2886.884133456,0,0,0,VEG_AGRI,1.0,0.0,outside_patches
73,158,0.0158,780.0,379,1250,12,27,3.95,0.3263,0.6523,3163.0365157550746,0,0,0,VEG_AGRI,1.0,0.0,outside_patches
74,267,0.0267,880.0,379,3643,18,23,1.712,0.4333,0.6001,506.9516742254631,0,0,267,VEG_AGRI,1.0,0.0,train
75,441,0.0441,1620.0,383,1733,40,21,2.35,0.2112,0.498,1256.0652849274993,0,0,0,VEG_AGRI,1.0,0.0,outside_patches
76,2676,0.2676,2780.0,386,3165,79,47,1.776,0.4351,0.7317,1788.4350701101787,0,0,0,VEG_AGRI,1.0,0.0,outside_patches
77,379,0.0379,1560.0,396,1250,20,47,4.01,0.1957,0.5377,2998.132752230961,0,0,0,VEG_AGRI,1.0,0.0,outside_patches
78,1658,0.1658,4020.0,462,697,86,48,2.334,0.1289,0.4496,3705.6713291925935,0,0,0,VEG_AGRI,1.0,0.0,outside_patches
79,3,0.00030000000000000003,80.0,464,719,3,1,31622.777,0.589,1.0,4318.078276270591,0,0,0,VEG_AGRI,1.0,0.0,outside_patches
80,1608,0.1608,2080.0,465,3141,59,43,1.526,0.4671,0.6381,1285.0291825480074,0,0,0,VEG_AGRI,1.0,0.0,outside_patches
81,2,0.0002,60.0,469,786,1,2,1.0,0.6981,,3925.009554128499,0,0,0,VEG_AGRI,1.0,0.0,outside_patches
82,1805,0.18050000000000002,2320.0,470,1804,36,69,2.118,0.4214,0.7272,280.178514522438,0,0,0,VEG_AGRI,1.0,0.0,outside_patches
83,198,0.0198,880.0,514,1832,16,26,3.063,0.3213,0.6621,682.4221567329128,0,0,0,VEG_AGRI,1.0,0.0,outside_patches
84,3,0.00030000000000000003,80.0,547,1247,1,3,31622.777,0.589,1.0,3708.4363281577316,0,0,0,VEG_AGRI,1.0,0.0,outside_patches
85,4941,0.49410000000000004,8600.0,548,1199,142,65,2.414,0.084,0.5119,2340.7904647789387,0,0,0,VEG_AGRI,1.0,0.0,outside_patches
86,7,0.0007,120.0,577,2155,3,3,1.449,0.6109,0.6511,526.9724850502159,0,0,0,BUILT_UP,0.0,0.0,outside_patches
87,8,0.0008,140.0,595,1166,3,4,1.504,0.5129,0.5994,2870.139369438355,0,0,0,VEG_AGRI,1.0,0.0,outside_patches
88,5,0.0005,140.0,599,1263,2,4,2.525,0.3206,0.5391,3171.0093030453254,0,0,0,VEG_AGRI,1.0,0.0,outside_patches
89,1,0.0001,40.0,599,1269,1,1,1.0,0.7854,,3180.393057469469,0,0,0,VEG_AGRI,1.0,0.0,outside_patches
90,2,0.0002,60.0,610,1155,1,2,1.0,0.6981,,2699.870367258399,0,0,0,VEG_AGRI,1.0,0.0,outside_patches
91,70,0.007,420.0,616,1152,10,11,1.823,0.4987,0.6616,2603.113520382851,0,0,0,VEG_AGRI,1.0,0.0,outside_patches
92,23,0.0023,260.0,625,1179,7,6,2.073,0.4276,0.6294,2747.9810770818635,0,0,0,VEG_AGRI,1.0,0.0,outside_patches
93,29,0.0029000000000000002,260.0,625,2766,6,7,1.448,0.5391,0.6659,3110.401903291599,0,0,0,VEG_AGRI,1.0,0.0,outside_patches
94,7,0.0007,120.0,651,1258,3,3,1.08,0.6109,0.7778,2643.7095150564483,0,0,0,VEG_AGRI,1.0,0.0,outside_patches
95,62,0.006200000000000001,420.0,651,2777,10,11,1.649,0.4417,0.5753,3223.4918954450623,0,0,0,VEG_AGRI,1.0,0.0,outside_patches
96,1274,0.1274,2140.0,653,2483,32,60,1.922,0.3496,0.6405,335.4101966249684,0,0,0,VEG_AGRI,1.0,0.0,outside_patches
97,80,0.008,520.0,656,626,16,9,2.325,0.3718,0.5418,3706.9259501640977,0,0,0,VEG_AGRI,1.0,0.0,outside_patches
98,702,0.0702,2000.0,661,1757,38,38,1.199,0.2205,0.4622,1527.4161188098024,0,0,0,VEG_AGRI,1.0,0.0,outside_patches
99,171,0.0171,620.0,661,2564,13,18,1.515,0.559,0.7118,1117.5866856758807,0,0,0,VEG_AGRI,1.0,0.0,outside_patches
100,22,0.0022,200.0,665,2588,4,6,1.576,0.6912,0.7352,1356.244815658294,0,0,0,VEG_AGRI,1.0,0.0,outside_patches
101,13,0.0013000000000000002,160.0,665,2802,3,5,1.611,0.6381,0.8667,3481.2785007809994,0,0,0,VEG_AGRI,1.0,0.0,outside_patches
102,25,0.0025,240.0,667,2554,7,5,1.507,0.5454,0.6655,1025.9142264341594,0,0,0,VEG_AGRI,1.0,0.0,outside_patches
103,12,0.0012000000000000001,160.0,673,625,4,4,1.239,0.589,0.6458,3738.4622507121826,0,0,0,VEG_AGRI,1.0,0.0,outside_patches
104,9,0.0009000000000000001,140.0,675,2547,3,4,1.208,0.577,0.6749,967.729300992793,0,0,0,VEG_AGRI,1.0,0.0,outside_patches
105,238,0.0238,860.0,683,2792,17,26,2.727,0.4044,0.6798,3402.6166401756163,0,0,0,VEG_AGRI,1.0,0.0,outside_patches
106,118,0.0118,520.0,693,1778,12,14,1.25,0.5484,0.7074,1917.3158320944412,0,0,0,VEG_AGRI,1.0,0.0,outside_patches
107,52,0.005200000000000001,360.0,694,1127,7,11,2.062,0.5042,0.7102,1902.3406634985226,0,0,0,VEG_AGRI,1.0,0.0,outside_patches
108,13,0.0013000000000000002,160.0,702,2790,5,3,1.611,0.6381,0.8667,3408.3720454199242,0,0,0,VEG_AGRI,1.0,0.0,outside_patches
109,179,0.0179,740.0,706,1773,17,20,1.831,0.4108,0.7471,2018.142710513803,0,0,0,VEG_AGRI,1.0,0.0,outside_patches
110,3,0.00030000000000000003,80.0,709,2523,3,1,31622.777,0.589,1.0,902.7181176868004,0,0,0,VEG_AGRI,1.0,0.0,outside_patches
111,12,0.0012000000000000001,160.0,714,1281,4,4,1.309,0.589,0.6862,2001.5993605114886,0,0,0,VEG_AGRI,1.0,0.0,outside_patches
112,782,0.0782,1320.0,717,1729,36,27,1.29,0.564,0.7771,1851.8099254513138,0,0,0,VEG_AGRI,1.0,0.0,outside_patches
113,13,0.0013000000000000002,180.0,720,1230,4,5,2.011,0.5042,0.6189,1980.8079159777205,0,0,0,VEG_AGRI,1.0,0.0,outside_patches
114,1799,0.1799,3240.0,733,2778,57,51,1.312,0.2154,0.526,3372.3137457834496,0,0,0,VEG_AGRI,1.0,0.0,outside_patches
115,18,0.0018000000000000002,180.0,740,1236,5,4,1.398,0.6981,0.7068,1765.0495743746123,0,0,0,VEG_AGRI,1.0,0.0,outside_patches
116,3,0.00030000000000000003,80.0,745,1255,2,2,1.732,0.589,0.7279,1719.4475857088519,0,0,0,VEG_AGRI,1.0,0.0,outside_patches
117,1525,0.1525,2880.0,745,2510,39,63,1.606,0.231,0.636,863.1338250816034,0,0,0,VEG_AGRI,1.0,0.0,outside_patches
118,1215,0.12150000000000001,2280.0,769,2721,39,52,1.76,0.2937,0.5607,3028.398916919632,0,0,0,VEG_AGRI,1.0,0.0,outside_patches
119,16,0.0016,200.0,770,2829,7,3,3.038,0.5027,0.7011,3940.8120990476064,0,0,0,VEG_AGRI,1.0,0.0,outside_patches
120,12,0.0012000000000000001,160.0,773,2567,3,5,1.649,0.589,0.7116,1469.9659860010368,0,0,0,VEG_AGRI,1.0,0.0,outside_patches
121,13,0.0013000000000000002,160.0,778,2829,5,3,1.58,0.6381,0.6968,3965.5012293529808,0,0,0,VEG_AGRI,1.0,0.0,outside_patches
122,47,0.0047,380.0,782,714,7,12,3.268,0.409,0.6888,2525.569242764886,0,0,0,VEG_AGRI,1.0,0.0,outside_patches
123,3740,0.374,4100.0,782,2906,61,86,1.574,0.2796,0.655,2881.423259432741,0,0,0,VEG_AGRI,1.0,0.0,outside_patches
124,224,0.0224,880.0,786,606,27,17,2.497,0.3635,0.5325,2380.9661904361433,0,0,0,VEG_AGRI,1.0,0.0,outside_patches
125,42,0.004200000000000001,340.0,789,1095,6,11,2.104,0.4566,0.6345,1198.5407794480752,0,0,0,VEG_AGRI,1.0,0.0,outside_patches
126,22,0.0022,240.0,791,1086,5,7,1.935,0.48,0.669,1104.7624178980745,0,0,0,VEG_AGRI,1.0,0.0,outside_patches
127,98,0.0098,600.0,804,2887,11,15,1.761,0.3421,0.5837,3708.1801466487577,0,0,0,VEG_AGRI,1.0,0.0,outside_patches
128,4,0.0004,100.0,806,2877,2,3,2.449,0.5027,0.6387,3904.0107581818984,0,0,0,VEG_AGRI,1.0,0.0,outside_patches
129,8,0.0008,160.0,811,2536,4,4,2.534,0.3927,0.5753,1290.0,0,0,0,VEG_AGRI,1.0,0.0,outside_patches
130,396,0.0396,1300.0,812,2871,20,34,1.918,0.2945,0.5806,3738.8367174831264,0,0,0,VEG_AGRI,1.0,0.0,outside_patches
131,62,0.006200000000000001,440.0,814,2505,10,11,1.217,0.4024,0.5109,981.8350166906862,0,0,0,VEG_AGRI,1.0,0.0,outside_patches
132,1,0.0001,40.0,814,2541,1,1,1.0,0.7854,,1340.1492454200763,0,0,0,VEG_AGRI,1.0,0.0,outside_patches
133,500,0.05,1520.0,822,2502,19,42,2.517,0.272,0.623,968.7620966986684,0,0,0,VEG_AGRI,1.0,0.0,outside_patches
134,530,0.053000000000000005,1820.0,825,2727,29,36,1.956,0.2011,0.5138,3189.608126400483,0,0,0,VEG_AGRI,1.0,0.0,outside_patches
135,40,0.004,300.0,829,2902,9,6,1.568,0.5585,0.657,3773.4467002993433,0,0,0,VEG_AGRI,1.0,0.0,outside_patches
136,4,0.0004,100.0,836,2925,2,3,2.449,0.5027,0.6387,3622.1816630312733,0,0,0,VEG_AGRI,1.0,0.0,outside_patches
137,6,0.0006000000000000001,100.0,839,2891,2,3,1.633,0.754,1.0,3925.939378034256,0,0,0,VEG_AGRI,1.0,0.0,outside_patches
138,34,0.0034000000000000002,360.0,842,2908,8,6,1.465,0.3297,0.6877,3772.9829048115234,0,0,0,VEG_AGRI,1.0,0.0,outside_patches
139,2,0.0002,60.0,850,2617,2,1,1.0,0.6981,,2134.104027455082,0,0,0,VEG_AGRI,1.0,0.0,outside_patches
140,81,0.0081,480.0,854,378,11,13,1.051,0.4418,0.6505,2526.0443384865594,0,0,0,VEG_AGRI,1.0,0.0,outside_patches
141,18,0.0018000000000000002,200.0,856,2559,5,5,1.146,0.5655,0.6667,1588.0806024884255,0,0,0,VEG_AGRI,1.0,0.0,outside_patches
142,7,0.0007,140.0,859,397,2,5,2.817,0.4488,0.6534,2460.0203251192866,0,0,0,VEG_AGRI,1.0,0.0,outside_patches
143,57,0.0057,380.0,859,2618,7,12,1.965,0.496,0.6354,2170.760235493547,0,0,0,VEG_AGRI,1.0,0.0,outside_patches
144,60,0.006,440.0,863,2738,14,8,1.836,0.3895,0.5081,3358.943286213687,0,0,0,VEG_AGRI,1.0,0.0,outside_patches
145,34,0.0034000000000000002,480.0,864,331,6,12,2.973,0.1854,0.5056,2829.911659398576,0,0,0,VEG_AGRI,1.0,0.0,outside_patches
146,32,0.0032,360.0,864,2558,8,10,2.125,0.3103,0.5109,1607.0469812671936,0,0,0,VEG_AGRI,1.0,0.0,outside_patches
147,13,0.0013000000000000002,180.0,866,2596,4,5,1.526,0.5042,0.6129,1968.4003657792791,0,0,0,VEG_AGRI,1.0,0.0,outside_patches
148,46,0.0046,340.0,871,2761,8,9,1.286,0.5,0.6895,3593.883693165376,0,0,0,VEG_AGRI,1.0,0.0,outside_patches
149,10,0.001,160.0,873,321,4,3,1.318,0.4909,0.6237,2927.1487833726524,0,0,0,VEG_AGRI,1.0,0.0,outside_patches
150,59,0.0059,360.0,873,2559,11,7,1.438,0.5721,0.6757,1637.83393541592,0,0,0,VEG_AGRI,1.0,0.0,outside_patches
151,6,0.0006000000000000001,100.0,881,2635,3,2,1.633,0.754,1.0,2382.120903732638,0,0,0,VEG_AGRI,1.0,0.0,outside_patches
152,9,0.0009000000000000001,120.0,884,407,3,3,1.0,0.7854,1.0,2206.581065811995,0,0,0,VEG_AGRI,1.0,0.0,outside_patches
153,140,0.014,720.0,886,380,20,12,2.168,0.3394,0.5532,2231.815404552984,0,0,0,VEG_AGRI,1.0,0.0,outside_patches
154,26,0.0026000000000000003,220.0,886,2647,6,5,1.212,0.6751,0.6573,2514.4581921360314,0,0,0,VEG_AGRI,1.0,0.0,outside_patches
155,230,0.023,960.0,890,351,20,25,2.201,0.3136,0.5166,2391.0248848558645,0,0,0,VEG_AGRI,1.0,0.0,outside_patches
156,3,0.00030000000000000003,80.0,892,378,3,1,31622.777,0.589,1.0,2380.273093575609,0,0,0,VEG_AGRI,1.0,0.0,outside_patches
157,1,0.0001,40.0,895,396,1,1,1.0,0.7854,,2237.319825147938,0,0,0,VEG_AGRI,1.0,0.0,outside_patches
158,8,0.0008,120.0,896,2646,3,3,1.265,0.6981,0.6695,2533.31798240963,0,0,0,VEG_AGRI,1.0,0.0,outside_patches
159,18,0.0018000000000000002,200.0,900,372,5,5,1.235,0.5655,0.7168,2340.0854685246004,0,0,0,VEG_AGRI,1.0,0.0,outside_patches
160,350,0.035,1560.0,901,2630,26,31,1.558,0.1807,0.4662,2435.8366119261777,0,0,0,VEG_AGRI,1.0,0.0,outside_patches
161,78,0.0078000000000000005,440.0,904,2537,10,12,1.69,0.5063,0.6672,1606.5490966665163,0,0,0,VEG_AGRI,1.0,0.0,outside_patches
162,203,0.020300000000000002,920.0,904,3739,20,23,2.01,0.3014,0.5612,2381.029189237293,0,0,203,VEG_AGRI,1.0,0.0,outside_patches
163,1,0.0001,40.0,905,2409,1,1,1.0,0.7854,,930.2150289046076,0,0,0,VEG_AGRI,1.0,0.0,outside_patches
164,23,0.0023,240.0,907,2550,6,6,1.339,0.5018,0.7974,1733.5801106380977,0,0,0,VEG_AGRI,1.0,0.0,outside_patches
165,4,0.0004,100.0,908,345,3,2,1.633,0.5027,0.6667,2552.4889813670106,0,0,0,VEG_AGRI,1.0,0.0,outside_patches
166,20,0.002,220.0,910,363,6,5,1.056,0.5193,0.6667,2343.608329051593,0,0,0,VEG_AGRI,1.0,0.0,outside_patches
167,69,0.006900000000000001,420.0,911,2403,12,9,1.537,0.4915,0.6162,990.0,0,0,0,VEG_AGRI,1.0,0.0,outside_patches
168,1094,0.10940000000000001,2460.0,913,3675,43,39,1.023,0.2272,0.5948,2121.3203435596424,0,0,1094,VEG_AGRI,1.0,0.0,train
169,16,0.0016,200.0,918,355,5,5,1.296,0.5027,0.6793,2378.760181270907,0,0,0,VEG_AGRI,1.0,0.0,outside_patches
170,1327,0.1327,2820.0,930,2589,50,72,2.004,0.2097,0.4939,2344.013651837378,0,0,0,VEG_AGRI,1.0,0.0,outside_patches
171,5,0.0005,120.0,931,2609,3,3,2.618,0.4363,0.6495,2344.4615586526475,0,0,0,VEG_AGRI,1.0,0.0,outside_patches
172,1,0.0001,40.0,933,2553,1,1,1.0,0.7854,,1896.2331080328704,0,0,0,VEG_AGRI,1.0,0.0,outside_patches
173,1742,0.17420000000000002,3420.0,936,2380,67,43,1.636,0.1872,0.6004,1240.0,0,0,0,VEG_AGRI,1.0,0.0,outside_patches
174,586,0.058600000000000006,1680.0,946,2531,24,47,2.391,0.2609,0.4595,1950.20511741714,0,0,0,VEG_AGRI,1.0,0.0,outside_patches
175,2,0.0002,60.0,948,2547,1,2,1.0,0.6981,,1951.8196638009363,0,0,0,VEG_AGRI,1.0,0.0,outside_patches
176,7,0.0007,140.0,948,2580,3,4,1.456,0.4488,0.5985,2206.762334280699,0,0,0,VEG_AGRI,1.0,0.0,outside_patches
177,7,0.0007,120.0,949,2681,3,3,1.732,0.6109,0.7574,3067.898303399251,0,0,0,VEG_AGRI,1.0,0.0,outside_patches
178,21,0.0021000000000000003,240.0,950,79,5,6,1.592,0.4581,0.6711,4151.204644437564,0,0,0,VEG_AGRI,1.0,0.0,outside_patches
179,14,0.0014,160.0,950,2535,3,5,1.732,0.6872,0.7989,1882.2327167489148,0,0,0,VEG_AGRI,1.0,0.0,outside_patches
180,7,0.0007,120.0,956,2660,3,3,1.732,0.6109,0.7574,2911.0994486619657,0,0,0,VEG_AGRI,1.0,0.0,outside_patches
181,27,0.0027,260.0,959,84,7,6,1.204,0.5019,0.6338,4037.585912398645,0,0,0,VEG_AGRI,1.0,0.0,outside_patches
182,25,0.0025,220.0,968,2525,6,5,1.471,0.6491,0.6233,1956.016359849784,0,0,0,VEG_AGRI,1.0,0.0,outside_patches
183,134,0.0134,580.0,981,2589,12,17,1.773,0.5006,0.6721,2505.114767830009,0,0,0,VEG_AGRI,1.0,0.0,outside_patches
184,7,0.0007,120.0,982,2685,3,3,1.08,0.6109,0.7778,3258.588651548397,0,0,0,VEG_AGRI,1.0,0.0,outside_patches
185,1,0.0001,40.0,983,2569,1,1,1.0,0.7854,,2355.5254190944324,0,0,0,VEG_AGRI,1.0,0.0,outside_patches
186,43,0.0043,300.0,988,2689,10,5,1.891,0.6004,0.8148,3324.1540277189324,0,0,0,VEG_AGRI,1.0,0.0,outside_patches
187,12,0.0012000000000000001,160.0,992,2669,4,4,1.732,0.589,0.7333,3178.741889490243,0,0,0,VEG_AGRI,1.0,0.0,outside_patches
188,1084,0.10840000000000001,2660.0,998,2530,52,45,1.978,0.1925,0.4745,2243.7691503361034,0,0,0,VEG_AGRI,1.0,0.0,outside_patches
189,4,0.0004,80.0,1002,873,2,2,1.0,0.7854,1.0,2138.8782106515555,0,0,0,VEG_AGRI,1.0,0.0,outside_patches
190,4,0.0004,80.0,1004,2403,2,2,1.0,0.7854,1.0,1920.0,0,0,0,VEG_AGRI,1.0,0.0,outside_patches
191,189,0.0189,1040.0,1008,2612,16,30,2.833,0.2196,0.418,2893.5272592460574,0,0,0,VEG_AGRI,1.0,0.0,outside_patches
192,95,0.0095,500.0,1018,32,10,14,1.544,0.4775,0.6472,3420.7162992566336,0,0,0,VEG_AGRI,1.0,0.0,outside_patches
193,1273,0.1273,2880.0,1025,2613,56,47,1.814,0.1929,0.5259,3020.7449412355227,0,0,0,VEG_AGRI,1.0,0.0,outside_patches
194,106,0.0106,540.0,1035,965,14,13,1.961,0.4568,0.6664,2210.814329607984,0,0,0,VEG_AGRI,1.0,0.0,outside_patches
195,263,0.0263,1240.0,1038,2673,27,21,1.522,0.2149,0.4523,3527.449503536514,0,0,0,VEG_AGRI,1.0,0.0,outside_patches
196,3422,0.3422,7580.0,1051,2549,81,82,1.238,0.0748,0.5158,2883.210016630769,0,0,0,VEG_AGRI,1.0,0.0,outside_patches
197,60,0.006,400.0,1061,960,12,8,1.538,0.4712,0.6224,2472.44817943673,0,0,0,VEG_AGRI,1.0,0.0,outside_patches
198,42,0.004200000000000001,360.0,1070,2680,5,13,3.111,0.4072,0.6253,3770.0,0,0,0,VEG_AGRI,1.0,0.0,outside_patches
199,134,0.0134,660.0,1074,2685,17,15,2.052,0.3866,0.6558,3890.347028222546,0,0,0,VEG_AGRI,1.0,0.0,outside_patches
200,73,0.0073,540.0,1075,335,8,19,3.974,0.3146,0.6021,1718.1967291320282,0,0,0,WETLAND,0.4520547945205479,0.547945205479452,outside_patches
201,1,0.0001,40.0,1107,2553,1,1,1.0,0.7854,,3291.519405988669,0,0,0,VEG_AGRI,1.0,0.0,outside_patches
202,52,0.005200000000000001,380.0,1110,2611,8,11,1.747,0.4525,0.5707,3617.0291677010296,0,0,0,VEG_AGRI,1.0,0.0,outside_patches
203,13,0.0013000000000000002,180.0,1118,2612,4,5,1.462,0.5042,0.6665,3697.09345297086,0,0,0,VEG_AGRI,1.0,0.0,outside_patches
204,25,0.0025,240.0,1121,2598,7,5,1.399,0.5454,0.6794,3637.9252328765638,0,0,0,VEG_AGRI,1.0,0.0,outside_patches
205,6,0.0006000000000000001,120.0,1141,3748,3,3,1.732,0.5236,0.6492,180.27756377319946,0,0,0,VEG_AGRI,1.0,0.0,outside_patches
206,2,0.0002,60.0,1149,21,1,2,1.0,0.6981,,2203.270296627266,0,0,0,VEG_AGRI,1.0,0.0,outside_patches
207,1,0.0001,40.0,1167,675,1,1,1.0,0.7854,,1591.3830462839546,0,0,0,VEG_AGRI,1.0,0.0,outside_patches
208,1196,0.11960000000000001,2460.0,1171,3720,43,46,1.073,0.2484,0.451,94.33981132056603,0,62,444,VEG_AGRI,1.0,0.0,outside_patches
209,31,0.0031000000000000003,260.0,1174,70,5,8,1.529,0.5763,0.7454,1947.4342094150447,0,0,0,VEG_AGRI,1.0,0.0,outside_patches
210,6,0.0006000000000000001,140.0,1176,60,2,5,3.464,0.3847,0.6,1936.2076334938874,0,0,0,VEG_AGRI,1.0,0.0,outside_patches
211,37,0.0037,280.0,1176,2432,7,7,1.097,0.5931,0.6549,3568.6692197512507,0,0,0,VEG_AGRI,1.0,0.0,outside_patches
212,29,0.0029000000000000002,260.0,1178,3707,6,7,1.389,0.5391,0.6826,192.09372712298546,0,0,29,VEG_AGRI,1.0,0.0,outside_patches
213,1,0.0001,40.0,1179,48,1,1,1.0,0.7854,,1904.442175546425,0,0,0,VEG_AGRI,1.0,0.0,outside_patches
214,32,0.0032,260.0,1187,3662,6,7,1.327,0.5949,0.6933,635.6886030125127,0,0,32,VEG_AGRI,1.0,0.0,outside_patches
215,107,0.010700000000000001,500.0,1188,60,12,13,1.626,0.5378,0.7696,1722.9045243425417,0,0,0,VEG_AGRI,1.0,0.0,outside_patches
216,58,0.0058000000000000005,460.0,1188,2428,7,15,2.662,0.3444,0.528,3456.486655550691,0,0,0,VEG_AGRI,1.0,0.0,outside_patches
217,91,0.0091,620.0,1190,587,12,16,2.073,0.2975,0.5535,868.3317338436964,0,0,0,VEG_AGRI,1.0,0.0,outside_patches
218,2,0.0002,60.0,1195,2441,2,1,1.0,0.6981,,3542.273281383016,0,0,0,VEG_AGRI,1.0,0.0,outside_patches
219,3,0.00030000000000000003,80.0,1201,2412,2,2,1.732,0.589,0.7279,3275.0267174482715,0,0,0,VEG_AGRI,1.0,0.0,outside_patches
220,16,0.0016,180.0,1201,2444,5,4,1.252,0.6206,0.6375,3520.2556725328914,0,0,0,VEG_AGRI,1.0,0.0,outside_patches
221,13,0.0013000000000000002,180.0,1203,589,4,5,1.928,0.5042,0.5684,862.8441342444185,0,0,0,VEG_AGRI,1.0,0.0,outside_patches
222,11,0.0011,140.0,1206,2402,3,4,1.417,0.7053,0.7216,3159.3986769637036,0,0,0,VEG_AGRI,1.0,0.0,outside_patches
223,5,0.0005,120.0,1209,602,2,4,2.618,0.4363,0.6011,990.8077512817509,0,0,0,VEG_AGRI,1.0,0.0,outside_patches
224,2,0.0002,60.0,1211,595,2,1,1.0,0.6981,,920.0543462209175,0,0,0,VEG_AGRI,1.0,0.0,outside_patches
225,41,0.0041,340.0,1214,3665,8,9,1.853,0.4457,0.6693,751.6648189186453,0,0,28,VEG_AGRI,1.0,0.0,outside_patches
226,205,0.0205,980.0,1223,1789,27,16,2.975,0.2682,0.5681,3564.842212496929,0,0,0,VEG_AGRI,1.0,0.0,outside_patches
227,16,0.0016,180.0,1235,1784,4,5,1.424,0.6206,0.7083,3748.3329627982625,0,0,0,VEG_AGRI,1.0,0.0,outside_patches
228,10,0.001,160.0,1249,1761,5,3,2.435,0.4909,0.6521,3904.0107581818984,0,0,0,VEG_AGRI,1.0,0.0,outside_patches
229,8,0.0008,120.0,1249,1789,2,4,2.236,0.6981,1.0,3653.833603217311,0,0,0,VEG_AGRI,1.0,0.0,outside_patches
230,14,0.0014,180.0,1250,1771,4,5,1.388,0.543,0.6906,3794.5882517079503,0,0,0,VEG_AGRI,1.0,0.0,outside_patches
231,85,0.0085,440.0,1267,1735,8,14,1.985,0.5517,0.76,3974.7201159326933,0,0,0,VEG_AGRI,1.0,0.0,outside_patches
232,1,0.0001,40.0,1271,1757,1,1,1.0,0.7854,,3890.6169176622875,0,0,0,VEG_AGRI,1.0,0.0,outside_patches
233,230,0.023,960.0,1280,3512,16,27,1.961,0.3136,0.5474,2263.3824246026124,0,0,0,VEG_AGRI,1.0,0.0,test
234,11,0.0011,160.0,1297,3464,3,5,1.528,0.54,0.7333,2906.888370749726,0,0,0,VEG_AGRI,1.0,0.0,test
235,3,0.00030000000000000003,80.0,1297,3499,2,2,1.732,0.589,0.7279,2619.6373794859473,0,0,0,VEG_AGRI,1.0,0.0,test
236,3,0.00030000000000000003,80.0,1310,2715,1,3,31622.777,0.589,1.0,4043.57515077932,0,0,0,VEG_AGRI,1.0,0.0,outside_patches
237,86,0.0086,600.0,1313,3497,9,18,2.603,0.3002,0.5257,2596.2472917655587,0,0,0,VEG_AGRI,1.0,0.0,test
238,1327,0.1327,3080.0,1320,3608,34,70,2.235,0.1758,0.5629,1710.9354166653984,0,0,1269,VEG_AGRI,1.0,0.0,test
239,21,0.0021000000000000003,200.0,1343,3503,4,6,1.528,0.6597,0.8013,2811.1385593741193,0,0,0,VEG_AGRI,1.0,0.0,test
240,1429,0.1429,3480.0,1345,2834,55,62,2.13,0.1483,0.4923,2443.951718017359,0,0,0,VEG_AGRI,1.0,0.0,outside_patches
241,3491,0.3491,4280.0,1346,3673,77,95,1.831,0.2395,0.4871,1773.696704625681,0,0,3476,VEG_AGRI,1.0,0.0,outside_patches
242,12,0.0012000000000000001,160.0,1348,58,4,4,1.462,0.589,0.6143,292.0616373302047,0,0,0,VEG_AGRI,1.0,0.0,outside_patches
243,5,0.0005,100.0,1349,2858,2,3,1.732,0.6283,0.687,2735.781424017642,0,0,0,VEG_AGRI,1.0,0.0,outside_patches
244,23,0.0023,220.0,1351,3693,4,7,1.773,0.5972,0.7011,1843.529224069963,0,0,23,VEG_AGRI,1.0,0.0,test
245,26,0.0026000000000000003,240.0,1358,1383,5,7,1.604,0.5672,0.694,3171.1985116040905,0,0,0,VEG_AGRI,1.0,0.0,outside_patches
246,425,0.0425,1200.0,1358,3689,29,27,1.321,0.3709,0.6167,1910.4973174542802,0,0,420,VEG_AGRI,1.0,0.0,test
247,28,0.0028,260.0,1362,1374,7,6,1.417,0.5205,0.6339,3169.921134665656,0,0,0,VEG_AGRI,1.0,0.0,outside_patches
248,111,0.0111,600.0,1362,1413,16,13,2.069,0.3875,0.6435,3343.7852801877098,0,0,0,VEG_AGRI,1.0,0.0,outside_patches
249,79,0.0079,520.0,1362,2839,11,15,3.201,0.3671,0.7033,2873.0819688968154,0,0,0,VEG_AGRI,1.0,0.0,outside_patches
250,414,0.0414,1760.0,1369,1376,38,25,1.878,0.168,0.4594,3274.950381303509,0,0,0,VEG_AGRI,1.0,0.0,outside_patches
251,259,0.025900000000000003,800.0,1372,3014,17,22,1.556,0.5085,0.7554,1234.5849504995595,0,0,0,VEG_AGRI,1.0,0.0,outside_patches
252,50,0.005,300.0,1372,3405,6,9,1.525,0.6981,0.8236,2026.2526989494672,0,0,0,VEG_AGRI,1.0,0.0,test
253,109,0.0109,540.0,1383,2819,12,14,1.633,0.4697,0.646,3125.2519898401797,0,0,0,VEG_AGRI,1.0,0.0,outside_patches
254,31,0.0031000000000000003,260.0,1384,3401,7,6,1.522,0.5763,0.7498,1919.2706948213427,0,0,0,VEG_AGRI,1.0,0.0,test
255,2,0.0002,60.0,1385,3413,1,2,1.0,0.6981,,2041.6659863944446,0,0,0,VEG_AGRI,1.0,0.0,test
256,3,0.00030000000000000003,100.0,1394,3415,2,3,4.391,0.377,0.63,2011.889659002203,0,0,0,VEG_AGRI,1.0,0.0,test
257,15,0.0015,180.0,1395,3419,4,5,1.427,0.5818,0.6749,2031.9448811422026,0,0,0,VEG_AGRI,1.0,0.0,test
258,6,0.0006000000000000001,100.0,1396,1424,2,3,1.633,0.754,1.0,3688.9700459613387,0,0,0,VEG_AGRI,1.0,0.0,outside_patches
259,2,0.0002,60.0,1397,3407,2,1,1.0,0.6981,,1922.6284092356486,0,0,0,VEG_AGRI,1.0,0.0,test
260,347,0.0347,1100.0,1398,3652,34,17,2.545,0.3604,0.5956,2379.2435772740882,0,0,344,VEG_AGRI,1.0,0.0,test
261,198,0.0198,900.0,1401,1391,25,16,1.684,0.3072,0.4753,3632.588608692154,0,0,0,VEG_AGRI,1.0,0.0,outside_patches
262,4895,0.48950000000000005,6420.0,1401,2806,93,87,1.138,0.1492,0.5749,2636.9679558159214,0,0,0,VEG_AGRI,1.0,0.0,outside_patches
263,9,0.0009000000000000001,120.0,1406,1425,3,3,1.0,0.7854,1.0,3784.706065205064,0,0,0,VEG_AGRI,1.0,0.0,outside_patches
264,4,0.0004,120.0,1409,9,3,3,3.601,0.3491,0.5923,452.76925690687085,0,0,0,VEG_AGRI,1.0,0.0,outside_patches
265,5,0.0005,100.0,1417,2891,3,2,1.732,0.6283,0.687,2693.176563094221,0,0,0,VEG_AGRI,1.0,0.0,outside_patches
266,79,0.0079,440.0,1425,1385,11,10,1.354,0.5128,0.6279,3808.6480541000374,0,0,0,VEG_AGRI,1.0,0.0,outside_patches
267,25,0.0025,260.0,1425,1427,5,8,1.939,0.4647,0.5936,3971.3473784094986,0,0,0,VEG_AGRI,1.0,0.0,outside_patches
268,285,0.0285,1280.0,1427,373,16,44,6.185,0.2186,0.5796,1155.2488909321662,0,0,0,VEG_AGRI,1.0,0.0,outside_patches
269,2,0.0002,60.0,1443,2896,2,1,1.0,0.6981,,2773.463538610162,0,0,0,VEG_AGRI,1.0,0.0,outside_patches
270,34,0.0034000000000000002,300.0,1444,2533,7,8,1.892,0.4747,0.683,3800.065788904187,0,0,0,VEG_AGRI,1.0,0.0,outside_patches
271,417,0.0417,1500.0,1448,2536,29,30,1.465,0.2329,0.4695,3843.982310052948,0,0,0,VEG_AGRI,1.0,0.0,outside_patches
272,9,0.0009000000000000001,140.0,1450,1019,3,4,1.39,0.577,0.6712,1404.70637501223,0,0,0,VEG_AGRI,1.0,0.0,outside_patches
273,33,0.0033,260.0,1464,2801,5,8,1.684,0.6134,0.6912,3658.2509481991524,0,0,0,VEG_AGRI,1.0,0.0,outside_patches
274,17,0.0017000000000000001,200.0,1479,2890,4,6,1.326,0.5341,0.6651,2984.241947295829,0,0,0,VEG_AGRI,1.0,0.0,outside_patches
275,25,0.0025,220.0,1486,2536,6,5,1.246,0.6491,0.6124,3893.0836107127216,0,0,0,VEG_AGRI,1.0,0.0,outside_patches
276,2,0.0002,60.0,1488,2555,2,1,1.0,0.6981,,4073.5733699051007,0,0,0,VEG_AGRI,1.0,0.0,outside_patches
277,4,0.0004,100.0,1493,2895,4,1,40824.829,0.5027,1.0,3062.7112172060883,0,0,0,VEG_AGRI,1.0,0.0,outside_patches
278,1,0.0001,40.0,1499,2897,1,1,1.0,0.7854,,3084.5745249547786,0,0,0,VEG_AGRI,1.0,0.0,outside_patches
279,83,0.0083,600.0,1507,2837,17,10,1.724,0.2897,0.4763,3551.408171415953,0,0,0,VEG_AGRI,1.0,0.0,outside_patches
280,28,0.0028,320.0,1518,2899,10,4,2.683,0.3436,0.637,3191.880323571045,0,0,0,VEG_AGRI,1.0,0.0,outside_patches
281,7,0.0007,140.0,1527,2840,4,3,1.62,0.4488,0.588,3696.1060590843445,0,0,0,VEG_AGRI,1.0,0.0,outside_patches
282,12,0.0012000000000000001,160.0,1534,2598,4,4,1.732,0.589,0.7333,4320.01157405857,0,0,0,VEG_AGRI,1.0,0.0,outside_patches
283,15,0.0015,180.0,1537,1215,4,5,1.427,0.5818,0.6749,3551.2814588539727,0,0,0,VEG_AGRI,1.0,0.0,outside_patches
284,10,0.001,140.0,1540,1174,3,4,1.637,0.6411,0.6956,3201.4059411452336,0,0,0,VEG_AGRI,1.0,0.0,outside_patches
285,14,0.0014,160.0,1544,1158,4,4,1.021,0.6872,0.875,3083.6666486505965,0,0,0,VEG_AGRI,1.0,0.0,outside_patches
286,5,0.0005,100.0,1545,2651,2,3,1.732,0.6283,0.687,4805.257537323052,0,0,0,VEG_AGRI,1.0,0.0,outside_patches
287,34,0.0034000000000000002,320.0,1546,2838,5,10,2.542,0.4172,0.6771,3775.8442764499705,0,0,0,VEG_AGRI,1.0,0.0,outside_patches
288,22,0.0022,240.0,1549,2649,5,7,1.503,0.48,0.585,4770.324936521621,0,0,0,VEG_AGRI,1.0,0.0,outside_patches
289,23,0.0023,280.0,1551,2567,7,7,2.292,0.3687,0.6875,3968.0725799813695,0,0,0,VEG_AGRI,1.0,0.0,outside_patches
290,3,0.00030000000000000003,80.0,1561,2844,3,1,31622.777,0.589,1.0,3889.8971708774,0,0,0,VEG_AGRI,1.0,0.0,outside_patches
291,119,0.0119,640.0,1566,2563,13,17,1.236,0.3651,0.527,3881.2497987117504,0,0,0,VEG_AGRI,1.0,0.0,outside_patches
292,90,0.009000000000000001,600.0,1636,1865,19,7,2.658,0.3142,0.6706,2522.102297687388,0,0,0,VEG_AGRI,1.0,0.0,outside_patches
293,15,0.0015,180.0,1663,2955,4,5,1.399,0.5818,0.6785,3260.3834130359573,0,0,0,VEG_AGRI,1.0,0.0,outside_patches
294,35,0.0035,300.0,1664,2943,7,8,1.373,0.4887,0.6809,3348.6116526106757,0,0,0,VEG_AGRI,1.0,0.0,outside_patches
295,851,0.08510000000000001,2160.0,1669,1153,28,58,3.409,0.2292,0.6626,2716.4867016055864,0,0,0,VEG_AGRI,1.0,0.0,outside_patches
296,61,0.0061,380.0,1681,1875,9,10,1.08,0.5309,0.682,2349.4041797868667,0,0,0,VEG_AGRI,1.0,0.0,outside_patches
297,1089,0.10890000000000001,2180.0,1683,1218,40,44,1.183,0.288,0.677,2720.0,0,0,0,VEG_AGRI,1.0,0.0,outside_patches
298,1,0.0001,40.0,1689,1209,1,1,1.0,0.7854,,2949.2371895118913,0,0,0,VEG_AGRI,1.0,0.0,outside_patches
299,7,0.0007,120.0,1695,1264,2,4,2.181,0.6109,0.7464,3143.0240215435833,0,0,0,VEG_AGRI,1.0,0.0,outside_patches
300,172,0.0172,900.0,1695,1778,18,16,1.23,0.2668,0.5373,3250.0,0,0,0,VEG_AGRI,1.0,0.0,outside_patches
301,383,0.0383,1480.0,1697,1714,21,40,2.477,0.2197,0.4439,3650.342449688796,0,0,0,VEG_AGRI,1.0,0.0,outside_patches
302,1,0.0001,40.0,1702,1875,1,1,1.0,0.7854,,2430.1851781294363,0,0,0,VEG_AGRI,1.0,0.0,outside_patches
303,21,0.0021000000000000003,240.0,1703,1860,3,9,2.9,0.4581,0.6722,2500.019999920001,0,0,0,VEG_AGRI,1.0,0.0,outside_patches
304,43,0.0043,320.0,1704,2691,8,8,1.175,0.5277,0.6671,3300.969554539999,0,0,0,VEG_AGRI,1.0,0.0,outside_patches
305,14,0.0014,160.0,1705,1872,4,4,1.021,0.6872,0.875,2430.0,0,0,0,VEG_AGRI,1.0,0.0,outside_patches
306,1,0.0001,40.0,1706,1857,1,1,1.0,0.7854,,2610.0,0,0,0,VEG_AGRI,1.0,0.0,outside_patches
307,209,0.020900000000000002,960.0,1707,1813,15,30,4.068,0.285,0.6246,2760.0181158825753,0,0,0,VEG_AGRI,1.0,0.0,outside_patches
308,57,0.0057,360.0,1717,2696,9,9,1.482,0.5527,0.6463,3163.099745502819,0,0,0,VEG_AGRI,1.0,0.0,outside_patches
309,2302,0.23020000000000002,2300.0,1728,1985,64,47,1.371,0.5468,0.83,970.82439194738,0,0,0,VEG_AGRI,1.0,0.0,outside_patches
310,1,0.0001,40.0,1734,2505,1,1,1.0,0.7854,,3281.8439938546744,0,0,0,VEG_AGRI,1.0,0.0,outside_patches
311,55,0.0055000000000000005,480.0,1742,2559,11,11,1.951,0.3,0.579,3129.2331328937444,0,0,0,VEG_AGRI,1.0,0.0,outside_patches
312,163,0.016300000000000002,780.0,1756,1368,15,20,1.812,0.3367,0.5766,3363.04921165302,0,0,0,VEG_AGRI,1.0,0.0,outside_patches
313,901,0.0901,3200.0,1758,1712,41,40,1.11,0.1106,0.452,3709.514793069304,0,0,0,VEG_AGRI,1.0,0.0,outside_patches
314,54,0.0054,360.0,1760,2610,8,10,1.539,0.5236,0.6731,2816.043323530375,0,0,0,VEG_AGRI,1.0,0.0,outside_patches
315,4,0.0004,80.0,1769,2614,2,2,1.0,0.7854,1.0,2791.5945264310863,0,0,0,VEG_AGRI,1.0,0.0,outside_patches
316,10,0.001,160.0,1770,235,3,5,2.003,0.4909,0.6327,752.8612089887484,0,0,0,VEG_AGRI,1.0,0.0,outside_patches
317,1,0.0001,40.0,1782,2109,1,1,1.0,0.7854,,618.4658438426491,0,0,0,VEG_AGRI,1.0,0.0,outside_patches
318,21,0.0021000000000000003,220.0,1785,2093,5,6,1.285,0.5452,0.707,739.2563831310488,0,0,0,VEG_AGRI,1.0,0.0,outside_patches
319,12,0.0012000000000000001,160.0,1803,1729,3,5,1.761,0.589,0.6335,3965.47601177967,0,0,0,VEG_AGRI,1.0,0.0,outside_patches
320,163,0.016300000000000002,820.0,1824,2637,12,24,2.692,0.3046,0.582,2086.2646045025067,0,0,0,VEG_AGRI,1.0,0.0,outside_patches
321,910,0.091,1780.0,1825,1207,50,27,2.304,0.3609,0.7024,1507.1164520368027,0,0,0,VEG_AGRI,1.0,0.0,outside_patches
322,54,0.0054,360.0,1830,2618,7,11,1.73,0.5236,0.6912,2133.2135383031864,0,0,0,VEG_AGRI,1.0,0.0,outside_patches
323,1,0.0001,40.0,1834,148,1,1,1.0,0.7854,,272.02941017470886,0,0,0,VEG_AGRI,1.0,0.0,outside_patches
324,52,0.005200000000000001,400.0,1844,805,9,11,1.603,0.4084,0.6303,2754.650613054222,0,0,0,VEG_AGRI,1.0,0.0,outside_patches
325,5,0.0005,100.0,1853,2087,2,3,1.732,0.6283,0.687,1229.186723000212,0,0,0,VEG_AGRI,1.0,0.0,outside_patches
326,17,0.0017000000000000001,220.0,1864,2084,5,6,1.347,0.4414,0.588,1169.016680804855,0,0,0,VEG_AGRI,1.0,0.0,outside_patches
327,999,0.0999,2140.0,1865,2465,44,36,1.432,0.2741,0.6291,2271.7834403833476,0,0,0,VEG_AGRI,1.0,0.0,outside_patches
328,51,0.0051,340.0,1866,812,8,9,1.407,0.5544,0.6565,2574.024086911387,0,0,0,VEG_AGRI,1.0,0.0,outside_patches
329,62,0.006200000000000001,520.0,1866,2526,7,17,2.275,0.2881,0.5097,2202.2715545545243,0,0,0,VEG_AGRI,1.0,0.0,outside_patches
330,11,0.0011,140.0,1868,1804,3,4,1.417,0.7053,0.7216,3215.1205265121866,0,0,0,VEG_AGRI,1.0,0.0,outside_patches
331,3,0.00030000000000000003,80.0,1869,1750,2,2,1.732,0.589,0.7279,3744.569401146145,0,0,0,VEG_AGRI,1.0,0.0,outside_patches
332,1,0.0001,40.0,1874,1220,1,1,1.0,0.7854,,1522.957648787385,0,0,0,VEG_AGRI,1.0,0.0,outside_patches
333,162,0.0162,640.0,1874,2077,13,19,1.361,0.497,0.5837,990.4039579888603,0,0,0,VEG_AGRI,1.0,0.0,outside_patches
334,849,0.0849,2480.0,1889,2081,60,30,2.23,0.1735,0.4827,380.78865529319546,0,0,0,VEG_AGRI,1.0,0.0,outside_patches
335,26,0.0026000000000000003,240.0,1897,2641,7,5,1.788,0.5672,0.6631,1434.0502083260544,0,0,0,VEG_AGRI,1.0,0.0,outside_patches
336,1,0.0001,40.0,1920,2537,1,1,1.0,0.7854,,1888.5444130334874,0,0,0,VEG_AGRI,1.0,0.0,outside_patches
337,7336,0.7336,6640.0,1921,3418,137,77,2.296,0.2091,0.8177,879.2041856133307,0,0,0,VEG_AGRI,1.0,0.0,test
338,1,0.0001,40.0,1928,295,1,1,1.0,0.7854,,1245.3112060846477,0,0,0,VEG_AGRI,1.0,0.0,outside_patches
339,2,0.0002,60.0,1928,2483,1,2,1.0,0.6981,,2138.2469455140113,0,0,0,VEG_AGRI,1.0,0.0,outside_patches
340,7,0.0007,120.0,1942,295,3,3,1.449,0.6109,0.6511,1320.6059215375342,0,0,0,VEG_AGRI,1.0,0.0,outside_patches
341,4,0.0004,100.0,1953,2097,2,3,2.449,0.5027,0.6387,303.6445290137795,0,0,0,VEG_AGRI,1.0,0.0,outside_patches
342,5100,0.51,5500.0,1961,2,102,114,2.093,0.2119,0.5504,987.1676655968832,0,0,0,VEG_AGRI,1.0,0.0,outside_patches
343,7,0.0007,120.0,1976,1223,3,3,1.449,0.6109,0.6511,1287.6334882255899,0,0,0,VEG_AGRI,1.0,0.0,outside_patches
344,88,0.0088,560.0,2023,71,11,17,3.042,0.3526,0.5947,1543.5349040433132,0,0,0,VEG_AGRI,1.0,0.0,outside_patches
345,56,0.0056,340.0,2036,70,7,10,1.326,0.6088,0.6934,1578.670326572334,0,0,0,VEG_AGRI,1.0,0.0,outside_patches
346,1,0.0001,40.0,2040,67,1,1,1.0,0.7854,,1666.433316997713,0,0,0,VEG_AGRI,1.0,0.0,outside_patches
347,23,0.0023,220.0,2041,3651,4,7,1.773,0.5972,0.7011,2508.904143246609,0,23,0,VEG_AGRI,1.0,0.0,test
348,3349,0.33490000000000003,6380.0,2046,3622,133,54,2.499,0.1034,0.4803,2490.6424873915566,0,3349,0,VEG_AGRI,1.0,0.0,test
349,87,0.008700000000000001,500.0,2052,89,11,14,2.0,0.4373,0.6989,1295.414991421668,0,0,0,VEG_AGRI,1.0,0.0,outside_patches
350,21,0.0021000000000000003,220.0,2055,3664,6,5,1.193,0.5452,0.6755,2692.5266943894912,0,21,0,VEG_AGRI,1.0,0.0,test
351,1,0.0001,40.0,2057,3442,1,1,1.0,0.7854,,1201.5406776301834,0,0,0,VEG_AGRI,1.0,0.0,test
352,4,0.0004,80.0,2058,889,2,2,1.0,0.7854,1.0,1060.0,0,0,0,VEG_AGRI,1.0,0.0,outside_patches
353,39,0.0039000000000000003,300.0,2058,2700,6,9,1.566,0.5445,0.6938,226.27416997969522,0,0,0,VEG_AGRI,1.0,0.0,outside_patches
354,15,0.0015,220.0,2062,1282,7,4,2.997,0.3895,0.6006,2120.5895406702352,0,0,0,VEG_AGRI,1.0,0.0,outside_patches
355,278,0.027800000000000002,1440.0,2064,1227,20,29,1.517,0.1685,0.4842,1704.2300314218146,0,0,0,VEG_AGRI,1.0,0.0,outside_patches
356,14,0.0014,180.0,2070,1264,3,6,2.062,0.543,0.6932,2010.6217943710844,0,0,0,VEG_AGRI,1.0,0.0,outside_patches
357,21,0.0021000000000000003,200.0,2079,835,5,5,1.425,0.6597,0.6955,1573.848785620779,0,0,0,VEG_AGRI,1.0,0.0,outside_patches
358,55,0.0055000000000000005,380.0,2079,1223,9,10,1.15,0.4786,0.6513,1721.0461934532727,0,0,0,VEG_AGRI,1.0,0.0,outside_patches
359,5,0.0005,100.0,2082,1263,2,3,1.732,0.6283,0.687,2058.54317418897,0,0,0,VEG_AGRI,1.0,0.0,outside_patches
360,2,0.0002,60.0,2083,1234,1,2,1.0,0.6981,,1826.0887163552595,0,0,0,VEG_AGRI,1.0,0.0,outside_patches
361,30,0.003,260.0,2090,809,4,9,2.392,0.5577,0.777,1803.4688796871433,0,0,0,VEG_AGRI,1.0,0.0,outside_patches
362,6166,0.6166,7080.0,2092,2693,163,67,2.586,0.1546,0.5314,100.0,0,0,0,VEG_AGRI,1.0,0.0,outside_patches
363,17,0.0017000000000000001,220.0,2093,3686,3,8,2.965,0.4414,0.656,3135.4266057428295,0,17,0,VEG_AGRI,1.0,0.0,test
364,1419,0.1419,2580.0,2101,1745,61,43,2.133,0.2679,0.6157,3535.7884552105206,0,0,0,VEG_AGRI,1.0,0.0,outside_patches
365,38,0.0038,320.0,2128,3633,6,10,2.071,0.4663,0.6262,3022.002647252315,0,38,0,VEG_AGRI,1.0,0.0,test
366,3,0.00030000000000000003,80.0,2130,3371,2,2,1.732,0.589,0.7279,417.61226035642204,0,0,0,VEG_AGRI,1.0,0.0,test
367,2616,0.2616,3220.0,2148,1136,46,87,2.324,0.3171,0.7532,1524.6311029229332,0,0,0,VEG_AGRI,1.0,0.0,outside_patches
368,25,0.0025,280.0,2153,3676,7,7,2.023,0.4007,0.5429,3470.864445638867,0,25,0,VEG_AGRI,1.0,0.0,test
369,240,0.024,880.0,2165,2838,23,16,1.768,0.3895,0.6451,1543.5025105259792,0,0,0,VEG_AGRI,1.0,0.0,outside_patches
370,265,0.026500000000000003,780.0,2176,719,18,21,1.143,0.5474,0.6844,2783.6127604248404,0,0,0,VEG_AGRI,1.0,0.0,outside_patches
371,4328,0.4328,4580.0,2177,622,87,103,2.057,0.2593,0.5204,2995.279619668254,0,0,0,VEG_AGRI,1.0,0.0,outside_patches
372,86,0.0086,480.0,2183,450,11,13,1.825,0.4691,0.7187,2754.650613054222,0,0,0,VEG_AGRI,1.0,0.0,outside_patches
373,301,0.030100000000000002,1180.0,2188,1242,17,31,2.896,0.2717,0.593,2665.4080363051353,0,0,0,VEG_AGRI,1.0,0.0,outside_patches
374,480,0.048,1180.0,2190,518,27,26,1.306,0.4332,0.5934,3441.409594918919,0,0,0,VEG_AGRI,1.0,0.0,outside_patches
375,50,0.005,340.0,2204,3378,10,7,1.316,0.5435,0.713,988.8377015466189,0,0,0,VEG_AGRI,1.0,0.0,test
376,890,0.08900000000000001,1840.0,2207,1165,24,57,2.766,0.3303,0.6386,2132.6274873967086,0,0,0,VEG_AGRI,1.0,0.0,outside_patches
377,16,0.0016,220.0,2207,1254,5,6,2.653,0.4154,0.6466,2804.3180989324305,0,0,0,VEG_AGRI,1.0,0.0,outside_patches
378,13,0.0013000000000000002,260.0,2209,1273,5,8,4.316,0.2417,0.4805,2983.0353668704633,0,0,0,VEG_AGRI,1.0,0.0,outside_patches
379,35,0.0035,280.0,2210,3309,7,7,1.268,0.561,0.7695,341.32096331752024,0,0,0,VEG_AGRI,1.0,0.0,test
380,49,0.0049,420.0,2215,1247,7,13,2.484,0.3491,0.6152,2785.8212433679228,0,0,0,VEG_AGRI,1.0,0.0,outside_patches
381,87,0.008700000000000001,580.0,2223,1271,13,15,2.488,0.325,0.5974,3034.3368303469542,0,0,0,VEG_AGRI,1.0,0.0,outside_patches
382,212,0.0212,980.0,2225,1244,14,27,2.738,0.2774,0.6111,2837.780823108085,0,0,0,VEG_AGRI,1.0,0.0,outside_patches
383,40,0.004,340.0,2243,2854,9,8,2.216,0.4348,0.6961,1479.7972834141844,0,0,0,VEG_AGRI,1.0,0.0,outside_patches
384,98,0.0098,460.0,2247,480,10,13,1.43,0.582,0.6759,3153.173005085512,0,0,0,VEG_AGRI,1.0,0.0,outside_patches
385,103,0.0103,520.0,2247,522,14,12,1.254,0.4787,0.6054,3570.2240826032194,0,0,0,VEG_AGRI,1.0,0.0,outside_patches
386,16,0.0016,200.0,2251,537,5,5,1.179,0.5027,0.6383,3713.9332250324587,0,0,0,VEG_AGRI,1.0,0.0,outside_patches
387,16,0.0016,200.0,2251,2848,5,5,1.363,0.5027,0.7972,1413.5416513141736,0,0,0,VEG_AGRI,1.0,0.0,outside_patches
388,2,0.0002,60.0,2251,2863,2,1,1.0,0.6981,,1563.873396410336,0,0,0,VEG_AGRI,1.0,0.0,outside_patches
389,258,0.0258,780.0,2256,379,24,15,1.667,0.5329,0.6585,2226.9710370815333,0,0,0,VEG_AGRI,1.0,0.0,outside_patches
390,625,0.0625,2240.0,2259,631,42,47,1.469,0.1565,0.322,3709.94609125254,0,0,0,VEG_AGRI,1.0,0.0,outside_patches
391,86,0.0086,740.0,2261,717,14,17,2.026,0.1974,0.4039,3253.459696999488,0,0,0,VEG_AGRI,1.0,0.0,outside_patches
392,76,0.0076,480.0,2265,738,9,15,2.352,0.4145,0.6126,3128.4660778087396,0,0,0,VEG_AGRI,1.0,0.0,outside_patches
393,14,0.0014,220.0,2266,762,4,7,2.525,0.3635,0.5524,2983.28677803526,0,0,0,VEG_AGRI,1.0,0.0,outside_patches
394,8,0.0008,140.0,2267,409,4,3,1.044,0.5129,0.6667,2533.081127796739,0,0,0,VEG_AGRI,1.0,0.0,outside_patches
395,48,0.0048000000000000004,320.0,2270,442,8,8,1.251,0.589,0.6559,2865.397005652096,0,0,0,VEG_AGRI,1.0,0.0,outside_patches
396,323,0.0323,1200.0,2278,600,25,33,1.954,0.2819,0.458,4241.851011056377,0,0,0,VEG_AGRI,1.0,0.0,outside_patches
397,11,0.0011,140.0,2286,368,3,4,1.417,0.7053,0.7216,2251.7770760001977,0,0,0,VEG_AGRI,1.0,0.0,outside_patches
398,327,0.0327,1120.0,2286,561,14,38,3.66,0.3276,0.6258,3982.4615503479754,0,0,0,VEG_AGRI,1.0,0.0,outside_patches
399,22,0.0022,220.0,2287,1607,4,7,1.71,0.5712,0.6474,1871.3097017864254,0,0,0,VEG_AGRI,1.0,0.0,outside_patches
400,11,0.0011,180.0,2288,677,6,3,1.775,0.4266,0.5889,3819.1753036486816,0,0,0,VEG_AGRI,1.0,0.0,outside_patches
401,41,0.0041,300.0,2289,1619,6,9,1.353,0.5725,0.7451,1840.8965207202712,0,0,0,VEG_AGRI,1.0,0.0,outside_patches
402,345,0.0345,1320.0,2290,1577,27,29,2.04,0.2488,0.5535,1613.7533888422977,0,0,0,VEG_AGRI,1.0,0.0,outside_patches
403,54,0.0054,380.0,2300,493,7,12,2.16,0.4699,0.6646,3422.39682094289,0,0,0,VEG_AGRI,1.0,0.0,outside_patches
404,626,0.0626,1940.0,2300,1092,26,46,2.311,0.209,0.5525,2483.082761407682,0,0,0,VEG_AGRI,1.0,0.0,outside_patches
405,293,0.029300000000000003,900.0,2300,1557,24,19,1.429,0.4546,0.6426,1557.0806016388492,0,0,0,VEG_AGRI,1.0,0.0,outside_patches
406,57,0.0057,360.0,2301,747,9,9,1.744,0.5527,0.7341,3304.9205739321487,0,0,0,VEG_AGRI,1.0,0.0,outside_patches
407,63,0.0063,360.0,2301,759,8,10,1.396,0.6109,0.6155,3210.5451250527535,0,0,0,VEG_AGRI,1.0,0.0,outside_patches
408,1,0.0001,40.0,2302,1625,1,1,1.0,0.7854,,1766.3804799646084,0,0,0,VEG_AGRI,1.0,0.0,outside_patches
409,50,0.005,380.0,2306,420,8,10,1.697,0.4351,0.5829,2802.159881234474,0,0,0,VEG_AGRI,1.0,0.0,outside_patches
410,2,0.0002,60.0,2309,706,2,1,1.0,0.6981,,3723.237838226293,0,0,0,VEG_AGRI,1.0,0.0,outside_patches
411,6,0.0006000000000000001,120.0,2310,733,2,4,2.636,0.5236,0.658,3506.180257773408,0,0,0,VEG_AGRI,1.0,0.0,outside_patches
412,2,0.0002,60.0,2311,709,2,1,1.0,0.6981,,3712.2769293251813,0,0,0,VEG_AGRI,1.0,0.0,outside_patches
413,13,0.0013000000000000002,160.0,2315,621,4,4,1.101,0.6381,0.6634,4356.604182158393,0,0,0,VEG_AGRI,1.0,0.0,outside_patches
414,20,0.002,220.0,2317,1083,5,6,1.511,0.5193,0.6907,2517.180962902747,0,0,0,VEG_AGRI,1.0,0.0,outside_patches
415,198,0.0198,820.0,2321,424,12,26,2.429,0.37,0.6254,2798.9283663573815,0,0,0,VEG_AGRI,1.0,0.0,outside_patches
416,58,0.0058000000000000005,400.0,2329,445,10,10,1.042,0.4555,0.5786,2879.3922969960167,0,0,0,VEG_AGRI,1.0,0.0,outside_patches
417,614,0.0614,1720.0,2334,484,31,36,1.232,0.2608,0.4878,3031.913587159106,0,0,0,VEG_AGRI,1.0,0.0,outside_patches
418,1311,0.1311,3060.0,2337,408,31,75,3.147,0.1759,0.5561,2433.926868252208,0,0,0,VEG_AGRI,1.0,0.0,outside_patches
419,3,0.00030000000000000003,80.0,2339,2657,2,2,1.732,0.589,0.7279,852.3496934944013,0,0,0,VEG_AGRI,1.0,0.0,outside_patches
420,16,0.0016,200.0,2340,984,6,4,1.303,0.5027,0.6175,2623.2232081925476,0,0,0,VEG_AGRI,1.0,0.0,outside_patches
421,2,0.0002,60.0,2340,2634,1,2,1.0,0.6981,,998.2484660644363,0,0,0,VEG_AGRI,1.0,0.0,outside_patches
422,2,0.0002,60.0,2343,591,2,1,1.0,0.6981,,3959.911615175268,0,0,0,VEG_AGRI,1.0,0.0,outside_patches
423,2,0.0002,60.0,2343,593,2,1,1.0,0.6981,,3977.096931179827,0,0,0,VEG_AGRI,1.0,0.0,outside_patches
424,4,0.0004,100.0,2344,586,1,4,40824.829,0.5027,1.0,3917.0652279480873,0,0,0,VEG_AGRI,1.0,0.0,outside_patches
425,91,0.0091,540.0,2344,640,11,15,1.939,0.3922,0.5486,4355.869603190619,0,0,0,VEG_AGRI,1.0,0.0,outside_patches
426,174,0.017400000000000002,780.0,2345,679,26,11,3.123,0.3594,0.661,4120.594617285229,0,0,0,VEG_AGRI,1.0,0.0,outside_patches
427,1,0.0001,40.0,2347,985,1,1,1.0,0.7854,,2693.139431964116,0,0,0,VEG_AGRI,1.0,0.0,outside_patches
428,42,0.004200000000000001,300.0,2348,2767,6,9,1.478,0.5864,0.743,1024.1581909060728,0,0,0,VEG_AGRI,1.0,0.0,outside_patches
429,1,0.0001,40.0,2349,999,1,1,1.0,0.7854,,2710.0,0,0,0,VEG_AGRI,1.0,0.0,outside_patches
430,11,0.0011,160.0,2350,630,4,4,1.162,0.54,0.647,4262.229463555429,0,0,0,VEG_AGRI,1.0,0.0,outside_patches
431,4,0.0004,100.0,2354,2674,3,2,1.633,0.5027,0.6667,920.4890004774636,0,0,0,VEG_AGRI,1.0,0.0,outside_patches
432,6,0.0006000000000000001,120.0,2358,539,3,3,1.146,0.5236,0.6648,3433.846240005513,0,0,0,VEG_AGRI,1.0,0.0,outside_patches
433,1007,0.10070000000000001,2040.0,2358,2742,37,46,1.329,0.3041,0.5886,1080.4628637764465,0,0,0,VEG_AGRI,1.0,0.0,outside_patches
434,5,0.0005,100.0,2359,521,2,3,1.732,0.6283,0.687,3284.341638745884,0,0,0,VEG_AGRI,1.0,0.0,outside_patches
435,14,0.0014,220.0,2361,2648,5,6,2.054,0.3635,0.6234,1077.8218776773833,0,0,0,VEG_AGRI,1.0,0.0,outside_patches
436,13,0.0013000000000000002,160.0,2364,2630,3,5,1.691,0.6381,0.8667,1198.5407794480752,0,0,0,VEG_AGRI,1.0,0.0,outside_patches
437,26,0.0026000000000000003,240.0,2372,649,7,5,1.45,0.5672,0.6152,4331.801011126896,0,0,0,VEG_AGRI,1.0,0.0,outside_patches
438,4,0.0004,100.0,2374,262,2,3,1.633,0.5027,0.6667,1705.7549648176316,0,0,0,VEG_AGRI,1.0,0.0,outside_patches
439,44,0.0044,340.0,2374,924,7,10,1.659,0.4783,0.6005,3039.358484943821,0,0,0,VEG_AGRI,1.0,0.0,outside_patches
440,17,0.0017000000000000001,180.0,2375,910,4,5,1.537,0.6593,0.6966,3086.5028754238992,0,0,0,VEG_AGRI,1.0,0.0,outside_patches
441,2986,0.29860000000000003,4460.0,2400,177,68,71,1.272,0.1886,0.6118,780.5767098754611,0,0,0,VEG_AGRI,1.0,0.0,outside_patches
442,42,0.004200000000000001,360.0,2400,630,6,12,2.269,0.4072,0.5837,4057.905863866238,0,0,0,VEG_AGRI,1.0,0.0,outside_patches
443,15,0.0015,180.0,2403,2663,4,5,1.738,0.5818,0.6926,1423.6923825040296,0,0,0,VEG_AGRI,1.0,0.0,outside_patches
444,4,0.0004,100.0,2407,630,1,4,40824.829,0.5027,1.0,4040.309394093477,0,0,0,VEG_AGRI,1.0,0.0,outside_patches
445,4,0.0004,80.0,2409,3134,2,2,1.0,0.7854,1.0,731.7103251970686,0,0,0,VEG_AGRI,1.0,0.0,outside_patches
446,4,0.0004,100.0,2415,3115,2,3,2.449,0.5027,0.6387,822.8000972289685,0,0,0,VEG_AGRI,1.0,0.0,outside_patches
447,63,0.0063,420.0,2416,3091,8,12,1.892,0.4488,0.6342,898.9994438263018,0,0,0,VEG_AGRI,1.0,0.0,outside_patches
448,2081,0.2081,3940.0,2418,515,35,131,7.141,0.1685,0.6123,2833.813684771813,0,0,0,VEG_AGRI,1.0,0.0,outside_patches
449,1386,0.1386,2740.0,2418,871,79,37,2.367,0.232,0.5102,3112.0732639190874,0,0,0,VEG_AGRI,1.0,0.0,outside_patches
450,212,0.0212,860.0,2422,1967,15,28,2.318,0.3602,0.4981,2792.131802046601,0,0,0,VEG_AGRI,1.0,0.0,outside_patches
451,241,0.0241,800.0,2425,2716,20,20,1.527,0.4732,0.723,1596.151621870554,0,0,0,VEG_AGRI,1.0,0.0,outside_patches
452,104,0.010400000000000001,580.0,2428,3095,16,12,2.365,0.3885,0.5638,961.3012014972206,0,0,0,VEG_AGRI,1.0,0.0,outside_patches
453,21,0.0021000000000000003,220.0,2429,161,5,6,1.494,0.5452,0.7206,1390.3237033151668,0,0,0,VEG_AGRI,1.0,0.0,outside_patches
454,50,0.005,320.0,2430,2008,7,9,1.211,0.6136,0.7367,3131.2138221462938,0,0,0,VEG_AGRI,1.0,0.0,outside_patches
455,24,0.0024000000000000002,220.0,2432,945,7,4,1.661,0.6231,0.7474,3576.548615634911,0,0,0,VEG_AGRI,1.0,0.0,outside_patches
456,2,0.0002,60.0,2434,2023,2,1,1.0,0.6981,,3264.659247149693,0,0,0,VEG_AGRI,1.0,0.0,outside_patches
457,94,0.0094,520.0,2441,157,15,11,1.974,0.4368,0.7157,1219.1800523302536,0,0,0,VEG_AGRI,1.0,0.0,outside_patches
458,109,0.0109,520.0,2444,90,15,11,1.6,0.5066,0.684,1728.8724649319856,0,0,0,VEG_AGRI,1.0,0.0,outside_patches
459,8,0.0008,140.0,2451,70,3,4,1.225,0.5129,0.6667,1964.1283053812956,0,0,0,VEG_AGRI,1.0,0.0,outside_patches
460,11,0.0011,180.0,2452,2732,3,6,2.528,0.4266,0.5845,1880.957203128237,0,0,0,VEG_AGRI,1.0,0.0,outside_patches
461,16,0.0016,200.0,2456,597,4,6,1.753,0.5027,0.6826,3572.632082932694,0,0,0,VEG_AGRI,1.0,0.0,outside_patches
462,20,0.002,220.0,2457,1987,4,7,1.693,0.5193,0.7047,2840.158446284291,0,0,0,VEG_AGRI,1.0,0.0,outside_patches
463,2,0.0002,60.0,2460,579,2,1,1.0,0.6981,,3390.8700948281694,0,0,0,VEG_AGRI,1.0,0.0,outside_patches
464,35,0.0035,300.0,2463,91,8,7,1.269,0.4887,0.6364,1681.814496310458,0,0,0,VEG_AGRI,1.0,0.0,outside_patches
465,4,0.0004,100.0,2464,2691,2,3,2.449,0.5027,0.6387,1982.0443990990716,0,0,0,VEG_AGRI,1.0,0.0,outside_patches
466,154,0.0154,740.0,2469,2629,19,15,1.582,0.3534,0.5241,2125.5117030964566,0,0,0,VEG_AGRI,1.0,0.0,outside_patches
467,39,0.0039000000000000003,360.0,2474,2770,10,8,1.432,0.3782,0.4854,2185.79504986172,0,0,0,VEG_AGRI,1.0,0.0,outside_patches
468,80,0.008,400.0,2476,88,11,9,1.377,0.6283,0.6484,1615.5494421403512,0,0,0,VEG_AGRI,1.0,0.0,outside_patches
469,53,0.0053,360.0,2486,72,8,10,1.276,0.5139,0.6297,1739.2527130926087,0,0,0,VEG_AGRI,1.0,0.0,outside_patches
470,158,0.0158,800.0,2488,74,18,18,1.05,0.3102,0.4214,1597.6545308670459,0,0,0,VEG_AGRI,1.0,0.0,outside_patches
471,44,0.0044,320.0,2498,3083,9,7,1.535,0.54,0.6528,410.48751503547584,0,0,0,VEG_AGRI,1.0,0.0,outside_patches
472,3,0.00030000000000000003,80.0,2506,2733,2,2,1.732,0.589,0.7279,2414.0422531513404,0,0,0,VEG_AGRI,1.0,0.0,outside_patches
473,31,0.0031000000000000003,320.0,2509,726,5,10,2.306,0.3804,0.5992,3519.5738378388937,0,0,0,VEG_AGRI,1.0,0.0,outside_patches
474,111,0.0111,720.0,2510,900,21,8,2.92,0.2691,0.6012,2761.340254296815,0,0,0,VEG_AGRI,1.0,0.0,outside_patches
475,10,0.001,140.0,2511,83,4,3,1.323,0.6411,0.5931,1632.4827717314508,0,0,0,VEG_AGRI,1.0,0.0,outside_patches
476,54,0.0054,340.0,2512,2014,5,12,2.428,0.587,0.8531,2905.9421880003047,0,0,0,VEG_AGRI,1.0,0.0,outside_patches
477,106,0.0106,520.0,2512,2775,9,17,2.387,0.4926,0.6937,2554.9363984256047,0,0,0,VEG_AGRI,1.0,0.0,outside_patches
478,5,0.0005,120.0,2513,2035,2,4,3.516,0.4363,0.6101,3112.956793789467,0,0,0,VEG_AGRI,1.0,0.0,outside_patches
479,2,0.0002,60.0,2516,2807,2,1,1.0,0.6981,,2692.582403567252,0,0,0,VEG_AGRI,1.0,0.0,outside_patches
480,34,0.0034000000000000002,280.0,2518,382,6,8,1.83,0.545,0.687,1333.641631023867,0,0,0,VEG_AGRI,1.0,0.0,outside_patches
481,59,0.0059,460.0,2518,2002,7,16,3.124,0.3504,0.5834,2771.3715016215347,0,0,0,VEG_AGRI,1.0,0.0,outside_patches
482,37,0.0037,360.0,2519,545,7,11,2.203,0.3588,0.5198,2948.219801846531,0,0,0,VEG_AGRI,1.0,0.0,outside_patches
483,306,0.030600000000000002,980.0,2522,720,26,20,1.581,0.4004,0.5929,3244.009864349984,0,0,0,VEG_AGRI,1.0,0.0,outside_patches
484,437,0.0437,1740.0,2528,359,34,35,2.115,0.1814,0.4048,1080.1851693112621,0,0,0,VEG_AGRI,1.0,0.0,outside_patches
485,29,0.0029000000000000002,280.0,2530,2670,7,6,1.835,0.4648,0.6047,2655.880268385606,0,0,0,VEG_AGRI,1.0,0.0,outside_patches
486,28,0.0028,240.0,2530,2683,7,5,1.637,0.6109,0.6283,2646.1292485439935,0,0,0,VEG_AGRI,1.0,0.0,outside_patches
487,3,0.00030000000000000003,80.0,2542,363,2,2,1.732,0.589,0.7279,1120.714058089752,0,0,0,VEG_AGRI,1.0,0.0,outside_patches
488,6,0.0006000000000000001,120.0,2545,2766,3,3,1.354,0.5236,0.7962,2853.786957710754,0,0,0,VEG_AGRI,1.0,0.0,outside_patches
489,31,0.0031000000000000003,300.0,2548,2035,8,7,1.708,0.4328,0.6582,3052.8675044947495,0,0,0,VEG_AGRI,1.0,0.0,outside_patches
490,16,0.0016,200.0,2549,2741,4,5,1.4,0.5027,0.7216,2850.3508555965527,0,0,0,VEG_AGRI,1.0,0.0,outside_patches
491,237,0.023700000000000002,940.0,2550,2455,22,24,1.456,0.3371,0.4731,2540.9643838511392,0,0,0,VEG_AGRI,1.0,0.0,outside_patches
492,1,0.0001,40.0,2551,2686,1,1,1.0,0.7854,,2854.48769484123,0,0,0,VEG_AGRI,1.0,0.0,outside_patches
493,2,0.0002,60.0,2551,2767,2,1,1.0,0.6981,,2912.47317584214,0,0,0,VEG_AGRI,1.0,0.0,outside_patches
494,7,0.0007,140.0,2552,2043,4,3,2.097,0.4488,0.5498,3133.4485794408693,0,0,0,VEG_AGRI,1.0,0.0,outside_patches
495,2,0.0002,60.0,2557,2742,2,1,1.0,0.6981,,2930.9725348423176,0,0,0,VEG_AGRI,1.0,0.0,outside_patches
496,96,0.009600000000000001,620.0,2559,2033,13,16,2.6,0.3138,0.6061,3027.2925197278173,0,0,0,VEG_AGRI,1.0,0.0,outside_patches
497,13,0.0013000000000000002,200.0,2559,2455,5,5,1.398,0.4084,0.5622,2630.4752422328556,0,0,0,VEG_AGRI,1.0,0.0,outside_patches
498,28,0.0028,260.0,2560,2743,8,5,2.199,0.5205,0.6764,2961.958811327396,0,0,0,VEG_AGRI,1.0,0.0,outside_patches
499,1857,0.1857,3180.0,2564,286,79,46,2.051,0.2308,0.5654,393.57337308308854,0,0,0,VEG_AGRI,1.0,0.0,outside_patches
500,76,0.0076,500.0,2567,361,12,11,1.333,0.382,0.5102,1118.033988749895,0,0,0,VEG_AGRI,1.0,0.0,outside_patches
501,9,0.0009000000000000001,160.0,2576,2419,4,4,1.194,0.4418,0.5635,2829.8586537139977,0,0,0,VEG_AGRI,1.0,0.0,outside_patches
502,4,0.0004,80.0,2577,2038,2,2,1.0,0.7854,1.0,3070.1465763054375,0,0,0,VEG_AGRI,1.0,0.0,outside_patches
503,7,0.0007,120.0,2586,2465,2,4,2.181,0.6109,0.7464,2900.017241328058,0,0,0,VEG_AGRI,1.0,0.0,outside_patches
504,40,0.004,300.0,2587,2419,7,8,1.266,0.5585,0.6392,2933.428028774526,0,0,0,VEG_AGRI,1.0,0.0,outside_patches
505,1,0.0001,40.0,2588,363,1,1,1.0,0.7854,,1182.7087553578015,0,0,0,VEG_AGRI,1.0,0.0,outside_patches
506,14,0.0014,180.0,2589,2041,3,6,2.124,0.543,0.6985,3100.5805907926338,0,0,0,VEG_AGRI,1.0,0.0,outside_patches
507,11,0.0011,200.0,2595,334,4,6,3.269,0.3456,0.593,957.1311299921239,0,0,0,VEG_AGRI,1.0,0.0,outside_patches
508,112,0.0112,520.0,2608,369,14,12,1.298,0.5205,0.651,1328.2319074619463,0,0,0,VEG_AGRI,1.0,0.0,outside_patches
509,98,0.0098,480.0,2624,1389,12,12,1.103,0.5345,0.6162,2358.6648765774253,0,0,0,VEG_AGRI,1.0,0.0,outside_patches
510,205,0.0205,780.0,2632,267,18,21,1.635,0.4234,0.531,850.881895447306,0,0,0,VEG_AGRI,1.0,0.0,outside_patches
511,2969,0.2969,4400.0,2651,243,61,86,1.541,0.1927,0.5688,975.1410154434076,0,0,0,VEG_AGRI,1.0,0.0,outside_patches
512,3,0.00030000000000000003,80.0,2662,3028,2,2,1.732,0.589,0.7279,616.1980201201559,0,0,0,VEG_AGRI,1.0,0.0,outside_patches
513,3,0.00030000000000000003,80.0,2679,392,2,2,1.732,0.589,0.7279,1673.6188335460379,0,0,0,VEG_AGRI,1.0,0.0,outside_patches
514,722,0.0722,2020.0,2686,318,46,54,4.483,0.2224,0.5832,867.6404785393545,0,0,0,VEG_AGRI,1.0,0.0,outside_patches
515,2704,0.27040000000000003,3280.0,2697,738,80,60,1.679,0.3158,0.5092,1361.2494260788505,0,0,0,VEG_AGRI,1.0,0.0,outside_patches
516,2428,0.24280000000000002,3160.0,2723,320,71,54,1.784,0.3056,0.6442,494.06477308142496,0,0,0,VEG_AGRI,1.0,0.0,outside_patches
517,4,0.0004,100.0,2724,892,3,2,1.633,0.5027,0.6667,876.6413177577247,0,0,0,BARE_SAND,0.0,0.0,outside_patches
518,1,0.0001,40.0,2754,3013,1,1,1.0,0.7854,,1493.0840565755166,0,0,0,VEG_AGRI,1.0,0.0,outside_patches
519,10683,1.0683,7720.0,2800,281,157,108,1.457,0.2253,0.6254,225.61028345356956,0,0,0,VEG_AGRI,1.0,0.0,outside_patches
520,509,0.0509,1540.0,2804,1296,50,19,3.717,0.2697,0.6031,3510.056979594491,0,0,0,VEG_AGRI,1.0,0.0,outside_patches
521,425,0.0425,1240.0,2808,1251,29,26,1.248,0.3473,0.5757,3060.5881787656435,0,0,0,VEG_AGRI,1.0,0.0,outside_patches
522,124,0.012400000000000001,660.0,2812,3215,20,11,2.041,0.3577,0.5702,2468.1166909204276,0,0,0,VEG_AGRI,1.0,0.0,test
523,1194,0.1194,3040.0,2813,1210,60,51,1.518,0.1624,0.4001,2710.608787708031,0,0,0,VEG_AGRI,1.0,0.0,outside_patches
524,83,0.0083,500.0,2822,1167,8,17,2.494,0.4172,0.6548,2226.4994947226014,0,0,0,VEG_AGRI,1.0,0.0,outside_patches
525,1,0.0001,40.0,2823,3309,1,1,1.0,0.7854,,3052.752856030111,0,0,0,VEG_AGRI,1.0,0.0,test
526,47,0.0047,320.0,2824,300,6,10,1.695,0.5768,0.7148,230.21728866442675,0,0,0,VEG_AGRI,1.0,0.0,outside_patches
527,7,0.0007,160.0,2824,2187,5,3,4.109,0.3436,0.6365,3704.1868203426243,0,0,0,VEG_AGRI,1.0,0.0,outside_patches
528,27,0.0027,240.0,2825,2193,6,6,1.287,0.589,0.68,3614.000553403389,0,0,0,VEG_AGRI,1.0,0.0,outside_patches
529,11,0.0011,160.0,2825,3208,4,4,1.153,0.54,0.6871,2504.495957273639,0,0,0,VEG_AGRI,1.0,0.0,test
530,17,0.0017000000000000001,180.0,2828,1204,5,4,1.282,0.6593,0.7146,2596.959760951255,0,0,0,VEG_AGRI,1.0,0.0,outside_patches
531,42,0.004200000000000001,360.0,2829,3240,8,9,1.079,0.4072,0.5422,2725.233934912744,0,0,0,VEG_AGRI,1.0,0.0,test
532,15,0.0015,180.0,2832,1253,4,5,1.461,0.5818,0.723,3088.5757235334218,0,0,0,VEG_AGRI,1.0,0.0,outside_patches
533,28,0.0028,260.0,2832,3288,4,9,2.146,0.5205,0.7305,3045.5377193526924,0,0,0,VEG_AGRI,1.0,0.0,test
534,46,0.0046,400.0,2835,1173,6,11,2.153,0.3613,0.5862,2298.368986912241,0,0,0,VEG_AGRI,1.0,0.0,outside_patches
535,1510,0.151,4280.0,2836,1953,59,65,1.503,0.1036,0.3633,3371.6464820618426,0,0,0,VEG_AGRI,1.0,0.0,outside_patches
536,357,0.0357,1040.0,2838,1264,26,22,1.378,0.4148,0.6257,3216.2400407929754,0,0,0,VEG_AGRI,1.0,0.0,outside_patches
537,75,0.007500000000000001,480.0,2839,2008,12,12,1.646,0.4091,0.6774,3799.5394457749744,0,0,0,VEG_AGRI,1.0,0.0,outside_patches
538,13,0.0013000000000000002,160.0,2839,3227,4,4,1.161,0.6381,0.7133,2721.4885632682713,0,0,0,VEG_AGRI,1.0,0.0,test
539,93,0.009300000000000001,460.0,2842,1568,11,12,1.344,0.5523,0.7269,2989.3979326948097,0,0,0,VEG_AGRI,1.0,0.0,outside_patches
540,3,0.00030000000000000003,80.0,2843,1179,2,2,1.732,0.589,0.7279,2363.154671196957,0,0,0,VEG_AGRI,1.0,0.0,outside_patches
541,17,0.0017000000000000001,180.0,2843,3253,5,4,1.282,0.6593,0.7146,2909.518860567843,0,0,0,VEG_AGRI,1.0,0.0,test
542,114,0.0114,620.0,2845,3277,11,20,3.026,0.3727,0.6274,3088.251932728287,0,0,0,VEG_AGRI,1.0,0.0,test
543,14,0.0014,180.0,2847,1558,4,5,1.477,0.543,0.6913,3115.413295214617,0,0,0,VEG_AGRI,1.0,0.0,outside_patches
544,1,0.0001,40.0,2847,3311,1,1,1.0,0.7854,,3273.850943460927,0,0,0,VEG_AGRI,1.0,0.0,test
545,37,0.0037,340.0,2848,1205,11,5,2.665,0.4022,0.6073,2627.6224995230955,0,0,0,VEG_AGRI,1.0,0.0,outside_patches
546,56,0.0056,360.0,2849,1186,9,9,1.773,0.543,0.7153,2446.3237725207186,0,0,0,VEG_AGRI,1.0,0.0,outside_patches
547,21,0.0021000000000000003,200.0,2851,3320,6,4,1.544,0.6597,0.663,3360.014880919428,0,0,0,VEG_AGRI,1.0,0.0,test
548,1283,0.1283,2820.0,2855,3209,44,61,2.285,0.2027,0.627,2919.2464781172557,0,0,0,VEG_AGRI,1.0,0.0,test
549,12,0.0012000000000000001,160.0,2859,1572,4,4,1.0,0.589,0.75,3151.840732016769,0,0,0,VEG_AGRI,1.0,0.0,outside_patches
550,10,0.001,140.0,2859,3276,3,4,1.369,0.6411,0.8333,3184.6035860056427,0,0,0,VEG_AGRI,1.0,0.0,test
551,9,0.0009000000000000001,180.0,2860,1081,4,5,1.363,0.3491,0.4562,1456.0219778561036,0,0,0,VEG_AGRI,1.0,0.0,outside_patches
552,21,0.0021000000000000003,260.0,2863,1072,4,8,2.199,0.3904,0.6108,1383.9797686382558,0,0,0,VEG_AGRI,1.0,0.0,outside_patches
553,10,0.001,140.0,2863,2195,3,4,1.369,0.6411,0.8333,3360.9076155110242,0,0,0,VEG_AGRI,1.0,0.0,outside_patches
554,5,0.0005,100.0,2867,1193,2,3,1.732,0.6283,0.687,2544.661077629003,0,0,0,VEG_AGRI,1.0,0.0,outside_patches
555,2,0.0002,60.0,2873,1051,1,2,1.0,0.6981,,1233.085560697229,0,0,0,VEG_AGRI,1.0,0.0,outside_patches
556,138,0.013800000000000002,800.0,2875,476,12,24,2.66,0.271,0.5016,2046.2893246068602,0,0,0,VEG_AGRI,1.0,0.0,outside_patches
557,50,0.005,340.0,2876,1028,7,10,2.079,0.5435,0.7177,1085.7716150277645,0,0,0,VEG_AGRI,1.0,0.0,outside_patches
558,5,0.0005,100.0,2884,467,3,2,1.732,0.6283,0.687,1990.7787421006888,0,0,0,VEG_AGRI,1.0,0.0,outside_patches
559,23,0.0023,240.0,2884,3322,4,8,1.933,0.5018,0.7135,3662.690268095297,0,0,0,VEG_AGRI,1.0,0.0,test
560,6,0.0006000000000000001,140.0,2885,3341,4,3,1.374,0.3847,0.4954,3759.85372055882,0,0,6,VEG_AGRI,1.0,0.0,test
561,3,0.00030000000000000003,80.0,2887,1034,2,2,1.732,0.589,0.7279,1176.860229593982,0,0,0,VEG_AGRI,1.0,0.0,outside_patches
562,7,0.0007,140.0,2888,3331,3,4,2.293,0.4488,0.5899,3729.9329752691265,0,0,7,VEG_AGRI,1.0,0.0,test
563,482,0.0482,1160.0,2889,3248,29,28,1.207,0.4501,0.5767,3328.618331981004,0,0,0,VEG_AGRI,1.0,0.0,test
564,124,0.012400000000000001,700.0,2889,3293,16,14,1.295,0.318,0.5606,3531.3595115762428,0,0,0,VEG_AGRI,1.0,0.0,test
565,6,0.0006000000000000001,120.0,2890,3289,2,4,2.636,0.5236,0.658,3501.4282800023193,0,0,0,VEG_AGRI,1.0,0.0,test
566,1,0.0001,40.0,2892,503,1,1,1.0,0.7854,,2354.909764725604,0,0,0,VEG_AGRI,1.0,0.0,outside_patches
567,67,0.0067,380.0,2899,494,9,10,1.288,0.5831,0.7485,2305.8620947489467,0,0,0,VEG_AGRI,1.0,0.0,outside_patches
568,1,0.0001,40.0,2900,1987,1,1,1.0,0.7854,,4066.841526295314,0,0,0,VEG_AGRI,1.0,0.0,outside_patches
569,16,0.0016,180.0,2901,1981,4,5,1.338,0.6206,0.663,4037.189616552584,0,0,0,VEG_AGRI,1.0,0.0,outside_patches
570,1600,0.16,4180.0,2901,1969,54,57,1.384,0.1151,0.4561,3703.849348988158,0,0,0,VEG_AGRI,1.0,0.0,outside_patches
571,126,0.0126,780.0,2904,3218,9,25,4.371,0.2603,0.6224,3247.2141906563543,0,0,0,VEG_AGRI,1.0,0.0,test
572,15,0.0015,180.0,2907,1973,4,5,1.477,0.5818,0.6878,4031.0048375064002,0,0,0,VEG_AGRI,1.0,0.0,outside_patches
573,6,0.0006000000000000001,120.0,2910,2152,2,4,2.636,0.5236,0.658,3368.1003547994233,0,0,0,VEG_AGRI,1.0,0.0,outside_patches
574,21,0.0021000000000000003,220.0,2911,1911,4,7,1.583,0.5452,0.657,3651.205280451922,0,0,0,VEG_AGRI,1.0,0.0,outside_patches
575,514,0.0514,1360.0,2916,3368,29,29,1.178,0.3492,0.6282,3300.56055845064,0,0,514,VEG_AGRI,1.0,0.0,test
576,65,0.006500000000000001,360.0,2922,2613,10,8,1.318,0.6303,0.7486,578.013840664737,0,0,0,VEG_AGRI,1.0,0.0,outside_patches
577,4,0.0004,80.0,2929,2029,2,2,1.0,0.7854,1.0,4250.0,0,0,0,VEG_AGRI,1.0,0.0,outside_patches
578,12762,1.2762,11920.0,2930,2073,156,170,1.094,0.1129,0.5087,2221.7110523198103,0,0,0,VEG_AGRI,1.0,0.0,outside_patches
579,3,0.00030000000000000003,80.0,2941,582,2,2,1.732,0.589,0.7279,3276.537806893124,0,0,0,VEG_AGRI,1.0,0.0,outside_patches
580,20,0.002,240.0,2942,569,4,8,1.903,0.4363,0.5752,3166.891220108452,0,0,0,VEG_AGRI,1.0,0.0,outside_patches
581,44,0.0044,380.0,2944,546,6,12,2.053,0.3829,0.5378,2965.0295108143528,0,0,0,VEG_AGRI,1.0,0.0,outside_patches
582,52,0.005200000000000001,340.0,2945,531,8,9,1.229,0.5653,0.7156,2845.2943608702426,0,0,0,VEG_AGRI,1.0,0.0,outside_patches
583,2675,0.2675,7100.0,2959,485,61,109,2.199,0.0667,0.4056,2637.8210705049723,0,0,0,VEG_AGRI,1.0,0.0,outside_patches
584,1,0.0001,40.0,2990,555,1,1,1.0,0.7854,,3267.4148802991026,0,0,0,VEG_AGRI,1.0,0.0,outside_patches
585,12,0.0012000000000000001,140.0,2992,2832,3,4,1.369,0.7694,1.0,2618.7974339379516,0,0,0,VEG_AGRI,1.0,0.0,train
586,79,0.0079,440.0,2994,594,12,10,1.868,0.5128,0.6879,3625.7137228413385,0,0,0,VEG_AGRI,1.0,0.0,outside_patches
587,10,0.001,160.0,2997,2236,2,6,3.062,0.4909,0.8333,2167.809954770021,0,0,0,VEG_AGRI,1.0,0.0,outside_patches
588,20,0.002,200.0,3003,504,6,4,1.689,0.6283,0.6567,2936.153946917634,0,0,0,VEG_AGRI,1.0,0.0,outside_patches
589,7,0.0007,120.0,3012,552,3,3,1.449,0.6109,0.6511,3368.1003547994233,0,0,0,VEG_AGRI,1.0,0.0,outside_patches
590,4,0.0004,100.0,3013,580,3,2,1.633,0.5027,0.6667,3513.687521678614,0,0,0,VEG_AGRI,1.0,0.0,outside_patches
591,10,0.001,140.0,3018,549,4,3,1.323,0.6411,0.5931,3354.400095397089,0,0,0,VEG_AGRI,1.0,0.0,outside_patches
592,46,0.0046,380.0,3021,527,7,12,1.981,0.4003,0.5334,3234.4396732664527,0,0,0,VEG_AGRI,1.0,0.0,outside_patches
593,1,0.0001,40.0,3023,548,1,1,1.0,0.7854,,3332.4015364298466,0,0,0,VEG_AGRI,1.0,0.0,outside_patches
594,61,0.0061,360.0,3025,510,6,12,1.973,0.5915,0.8266,3134.278226322609,0,0,0,VEG_AGRI,1.0,0.0,outside_patches
595,4,0.0004,100.0,3030,1849,2,3,2.449,0.5027,0.6387,2327.767170487633,0,0,0,VEG_AGRI,1.0,0.0,outside_patches
596,2,0.0002,60.0,3040,1846,1,2,1.0,0.6981,,2227.3302404448245,0,0,0,VEG_AGRI,1.0,0.0,outside_patches
597,4,0.0004,80.0,3093,954,2,2,1.0,0.7854,1.0,2812.1522007174503,0,0,0,VEG_AGRI,1.0,0.0,outside_patches
598,639,0.0639,2580.0,3099,932,37,40,1.802,0.1206,0.4043,2868.1875810344063,0,0,0,VEG_AGRI,1.0,0.0,outside_patches
599,1,0.0001,40.0,3118,1181,1,1,1.0,0.7854,,3106.718526033538,0,0,0,VEG_AGRI,1.0,0.0,outside_patches
600,4668,0.46680000000000005,4940.0,3125,397,63,120,2.0,0.2404,0.6176,1563.2018423735306,0,0,0,VEG_AGRI,1.0,0.0,outside_patches
601,5,0.0005,120.0,3129,1181,4,2,2.618,0.4363,0.6011,2976.927946726289,0,0,0,VEG_AGRI,1.0,0.0,outside_patches
602,1641,0.1641,3240.0,3133,1159,73,43,1.876,0.1964,0.5212,2339.401632896754,0,0,0,VEG_AGRI,1.0,0.0,outside_patches
603,25,0.0025,240.0,3135,942,6,6,1.031,0.5454,0.6758,2895.3928921650686,0,0,0,VEG_AGRI,1.0,0.0,outside_patches
604,491,0.049100000000000005,1080.0,3151,742,25,26,1.176,0.529,0.6543,3063.739545065801,0,0,0,VEG_AGRI,1.0,0.0,outside_patches
605,90,0.009000000000000001,480.0,3162,402,12,11,1.358,0.4909,0.6498,1739.7988389466182,0,0,0,VEG_AGRI,1.0,0.0,outside_patches
606,23,0.0023,300.0,3172,985,10,5,2.568,0.3211,0.455,2368.902699563661,0,0,0,VEG_AGRI,1.0,0.0,outside_patches
607,203,0.020300000000000002,700.0,3176,400,18,17,1.176,0.5206,0.6418,1540.2921800749364,0,0,0,VEG_AGRI,1.0,0.0,outside_patches
608,1,0.0001,40.0,3176,1025,1,1,1.0,0.7854,,2333.452377915607,0,0,0,VEG_AGRI,1.0,0.0,outside_patches
609,86,0.0086,460.0,3177,1691,13,10,1.769,0.5107,0.7191,474.34164902525686,0,0,0,VEG_AGRI,1.0,0.0,outside_patches
610,246,0.0246,1420.0,3183,986,24,22,1.068,0.1533,0.3727,2115.585025471678,0,0,0,VEG_AGRI,1.0,0.0,outside_patches
611,6,0.0006000000000000001,120.0,3184,435,3,3,1.732,0.5236,0.6492,1573.848785620779,0,0,0,VEG_AGRI,1.0,0.0,outside_patches
612,615,0.061500000000000006,1240.0,3185,1561,28,33,1.64,0.5026,0.6124,425.440947723653,0,0,0,VEG_AGRI,1.0,0.0,train
613,34,0.0034000000000000002,340.0,3217,995,5,11,3.096,0.3696,0.6125,1934.0372281835735,0,0,0,VEG_AGRI,1.0,0.0,outside_patches
614,4,0.0004,100.0,3228,995,2,3,2.449,0.5027,0.6387,1881.6216410320114,0,0,0,VEG_AGRI,1.0,0.0,outside_patches
615,23,0.0023,280.0,3230,1052,9,4,2.157,0.3687,0.5999,1690.7394831847987,0,0,0,VEG_AGRI,1.0,0.0,outside_patches
616,1,0.0001,40.0,3238,693,1,1,1.0,0.7854,,2245.1057881534225,0,0,0,VEG_AGRI,1.0,0.0,outside_patches
617,22,0.0022,220.0,3264,1003,5,6,1.253,0.5712,0.6546,1480.6079832285116,0,0,0,VEG_AGRI,1.0,0.0,outside_patches
618,25,0.0025,240.0,3277,323,7,5,1.509,0.5454,0.6573,1329.2479076530458,0,0,0,VEG_AGRI,1.0,0.0,outside_patches
619,4,0.0004,100.0,3280,3100,3,2,2.449,0.5027,0.6387,4792.921864583232,0,0,0,VEG_AGRI,1.0,0.0,train
620,85,0.0085,420.0,3281,3080,12,9,1.385,0.6055,0.7374,4924.428900898052,0,0,0,VEG_AGRI,1.0,0.0,train
621,28,0.0028,260.0,3285,306,5,8,1.766,0.5205,0.6974,1426.6744548074028,0,0,0,VEG_AGRI,1.0,0.0,outside_patches
622,118,0.0118,660.0,3292,312,14,17,2.117,0.3404,0.4972,1226.5398485169571,0,0,0,VEG_AGRI,1.0,0.0,outside_patches
623,8307,0.8307,10440.0,3293,3163,217,91,4.077,0.0958,0.5235,3186.283101044224,157,13,6718,VEG_AGRI,1.0,0.0,val
624,16,0.0016,180.0,3295,338,3,6,2.025,0.6206,0.8889,1120.0446419674531,0,0,0,VEG_AGRI,1.0,0.0,outside_patches
625,56,0.0056,400.0,3309,268,10,10,1.969,0.4398,0.6101,1669.281282468596,0,0,0,VEG_AGRI,1.0,0.0,outside_patches
626,491,0.049100000000000005,1320.0,3315,1875,33,28,1.834,0.3541,0.6183,1844.5866745696717,0,0,0,VEG_AGRI,1.0,0.0,train
627,10,0.001,140.0,3326,621,4,3,1.323,0.6411,0.5931,1186.086000254619,0,0,0,VEG_AGRI,1.0,0.0,outside_patches
628,23,0.0023,240.0,3327,372,5,7,2.062,0.5018,0.6976,668.5057965343308,0,0,0,VEG_AGRI,1.0,0.0,outside_patches
629,23,0.0023,240.0,3327,611,7,5,1.907,0.5018,0.6109,1140.701538527936,0,0,0,VEG_AGRI,1.0,0.0,outside_patches
630,2,0.0002,60.0,3329,1023,1,2,1.0,0.6981,,850.881895447306,0,0,0,VEG_AGRI,1.0,0.0,outside_patches
631,1,0.0001,40.0,3331,645,1,1,1.0,0.7854,,1208.8010589009261,0,0,0,VEG_AGRI,1.0,0.0,outside_patches
632,13,0.0013000000000000002,200.0,3333,585,4,6,1.964,0.4084,0.609,1129.6902230257638,0,0,0,VEG_AGRI,1.0,0.0,outside_patches
633,43,0.0043,320.0,3336,600,6,10,1.733,0.5277,0.6436,1060.1886624558856,0,0,0,VEG_AGRI,1.0,0.0,outside_patches
634,4,0.0004,80.0,3337,394,2,2,1.0,0.7854,1.0,474.34164902525686,0,0,0,VEG_AGRI,1.0,0.0,outside_patches
635,20,0.002,220.0,3338,623,6,5,1.233,0.5193,0.6404,1049.3807697875925,0,0,0,VEG_AGRI,1.0,0.0,outside_patches
636,7,0.0007,120.0,3340,635,2,4,2.181,0.6109,0.7464,1089.0821823902913,0,0,0,VEG_AGRI,1.0,0.0,outside_patches
637,6,0.0006000000000000001,120.0,3341,1064,3,3,1.354,0.5236,0.7962,640.0,0,0,0,VEG_AGRI,1.0,0.0,train
638,38,0.0038,340.0,3342,648,8,9,2.514,0.4131,0.6695,1062.308806327049,0,0,0,VEG_AGRI,1.0,0.0,outside_patches
639,261,0.0261,1160.0,3344,524,24,21,1.621,0.2437,0.4865,702.1395872616783,0,0,0,VEG_AGRI,1.0,0.0,outside_patches
640,69,0.006900000000000001,480.0,3345,602,12,12,2.607,0.3763,0.703,910.0,0,0,0,VEG_AGRI,1.0,0.0,outside_patches
641,105,0.0105,620.0,3346,501,11,19,2.965,0.3433,0.5469,468.72166581031865,0,0,0,VEG_AGRI,1.0,0.0,outside_patches
642,17,0.0017000000000000001,180.0,3346,627,5,4,1.282,0.6593,0.7146,984.7842403288143,0,0,0,VEG_AGRI,1.0,0.0,outside_patches
643,4,0.0004,100.0,3347,639,2,3,2.618,0.5027,0.6698,1031.6006979447038,0,0,0,VEG_AGRI,1.0,0.0,outside_patches
644,13,0.0013000000000000002,200.0,3348,661,4,6,2.483,0.4084,0.63,1100.5907504608606,0,0,0,VEG_AGRI,1.0,0.0,outside_patches
645,29,0.0029000000000000002,260.0,3349,1079,5,8,2.004,0.5391,0.7032,566.1271941887264,0,0,0,VEG_AGRI,1.0,0.0,train
646,41,0.0041,360.0,3350,638,6,12,3.029,0.3975,0.6422,977.1898484941398,0,0,0,VEG_AGRI,1.0,0.0,outside_patches
647,11,0.0011,160.0,3351,585,4,4,1.882,0.54,0.6722,955.6673061269805,0,0,0,VEG_AGRI,1.0,0.0,outside_patches
648,5,0.0005,120.0,3352,633,2,4,3.516,0.4363,0.6101,965.4014708917737,0,0,0,VEG_AGRI,1.0,0.0,outside_patches
649,11,0.0011,160.0,3353,1059,3,5,2.026,0.54,0.6219,520.0,0,0,0,VEG_AGRI,1.0,0.0,train
650,77,0.0077,420.0,3355,588,8,13,1.666,0.5485,0.7096,861.4522621712708,0,0,0,VEG_AGRI,1.0,0.0,outside_patches
651,1,0.0001,40.0,3355,1043,1,1,1.0,0.7854,,541.2023651093923,0,0,0,VEG_AGRI,1.0,0.0,train
652,478,0.0478,1580.0,3356,1118,18,44,2.715,0.2406,0.5964,672.0119046564577,0,0,0,VEG_AGRI,1.0,0.0,train
653,4,0.0004,100.0,3358,486,2,3,2.618,0.5027,0.6698,332.41540277189324,0,0,0,VEG_AGRI,1.0,0.0,outside_patches
654,3,0.00030000000000000003,80.0,3361,610,2,2,1.732,0.589,0.7279,850.0,0,0,0,VEG_AGRI,1.0,0.0,outside_patches
655,22,0.0022,240.0,3362,632,4,8,2.072,0.48,0.6742,851.6454661418682,0,0,0,VEG_AGRI,1.0,0.0,outside_patches
656,42,0.004200000000000001,300.0,3364,1073,6,9,1.665,0.5864,0.6637,386.39358172723314,0,0,0,VEG_AGRI,1.0,0.0,train
657,40,0.004,460.0,3365,595,9,14,3.937,0.2375,0.5091,741.0802925459562,0,0,0,VEG_AGRI,1.0,0.0,outside_patches
658,6,0.0006000000000000001,120.0,3367,642,4,2,2.636,0.5236,0.658,833.8465086573187,0,0,0,VEG_AGRI,1.0,0.0,outside_patches
659,1,0.0001,40.0,3370,1014,1,1,1.0,0.7854,,573.149195236284,0,0,0,VEG_AGRI,1.0,0.0,outside_patches
660,7,0.0007,140.0,3373,1043,2,5,3.329,0.4488,0.6153,354.682957019364,0,0,0,VEG_AGRI,1.0,0.0,train
661,4,0.0004,100.0,3373,1100,2,3,1.633,0.5027,0.6667,466.6904755831214,0,0,0,VEG_AGRI,1.0,0.0,train
662,52,0.005200000000000001,400.0,3379,1068,7,13,2.502,0.4084,0.6054,241.66091947189145,0,0,0,VEG_AGRI,1.0,0.0,train
663,35,0.0035,300.0,3379,1090,5,10,2.302,0.4887,0.6526,353.5533905932738,0,0,0,VEG_AGRI,1.0,0.0,train
664,6,0.0006000000000000001,100.0,3380,3231,2,3,1.633,0.754,1.0,3801.907416021595,0,0,6,VEG_AGRI,1.0,0.0,val
665,107,0.010700000000000001,920.0,3385,1037,10,29,4.524,0.1589,0.3952,130.0,0,0,0,VEG_AGRI,1.0,0.0,train
666,28,0.0028,300.0,3389,646,3,12,4.517,0.391,0.6709,674.1661516273269,0,0,0,VEG_AGRI,1.0,0.0,outside_patches
667,2,0.0002,60.0,3390,455,2,1,1.0,0.6981,,360.5551275463989,0,0,0,VEG_AGRI,1.0,0.0,outside_patches
668,9,0.0009000000000000001,140.0,3391,1025,3,4,1.39,0.577,0.6712,322.49030993194197,0,0,0,VEG_AGRI,1.0,0.0,train
669,1,0.0001,40.0,3391,1097,1,1,1.0,0.7854,,340.0,0,0,0,VEG_AGRI,1.0,0.0,train
670,16,0.0016,200.0,3393,495,4,5,1.458,0.5027,0.6145,573.149195236284,0,0,0,VEG_AGRI,1.0,0.0,outside_patches
671,1,0.0001,40.0,3399,1023,1,1,1.0,0.7854,,344.81879299133334,0,0,0,VEG_AGRI,1.0,0.0,outside_patches
672,7,0.0007,120.0,3400,591,3,3,1.08,0.6109,0.7778,481.04053883222775,0,0,0,VEG_AGRI,1.0,0.0,outside_patches
673,1417,0.14170000000000002,3520.0,3402,343,50,62,1.776,0.1437,0.4408,676.7569726275452,0,0,0,VEG_AGRI,1.0,0.0,outside_patches
674,15,0.0015,200.0,3407,648,4,6,2.107,0.4712,0.6238,523.2590180780452,0,0,0,VEG_AGRI,1.0,0.0,outside_patches
675,1,0.0001,40.0,3409,655,1,1,1.0,0.7854,,581.3776741499454,0,0,0,VEG_AGRI,1.0,0.0,outside_patches
676,14,0.0014,180.0,3411,630,4,5,1.477,0.543,0.6913,389.48684188300894,0,0,0,VEG_AGRI,1.0,0.0,outside_patches
677,6,0.0006000000000000001,120.0,3411,643,2,4,2.031,0.5236,0.75,481.04053883222775,0,0,0,VEG_AGRI,1.0,0.0,outside_patches
678,7,0.0007,120.0,3419,653,3,3,1.08,0.6109,0.7778,499.2995093127971,0,0,0,VEG_AGRI,1.0,0.0,outside_patches
679,15,0.0015,180.0,3422,638,4,5,1.477,0.5818,0.6878,354.682957019364,0,0,0,VEG_AGRI,1.0,0.0,outside_patches
680,34,0.0034000000000000002,380.0,3423,1145,7,12,3.588,0.2959,0.5313,761.6429609731846,0,0,0,VEG_AGRI,1.0,0.0,train
681,35,0.0035,280.0,3424,352,5,9,1.729,0.561,0.7157,1069.6261028976435,0,0,0,VEG_AGRI,1.0,0.0,outside_patches
682,1090,0.109,2540.0,3425,3108,66,47,2.097,0.2123,0.4154,3868.4622267769396,0,0,0,VEG_AGRI,1.0,0.0,train
683,263,0.0263,1180.0,3429,443,25,29,2.687,0.2374,0.4317,750.0,0,0,0,VEG_AGRI,1.0,0.0,outside_patches
684,63,0.0063,560.0,3429,455,14,13,3.34,0.2524,0.555,750.2666192761078,0,0,0,VEG_AGRI,1.0,0.0,outside_patches
685,14,0.0014,220.0,3432,3151,5,5,2.024,0.3635,0.5885,4181.698219623219,0,0,0,VEG_AGRI,1.0,0.0,train
686,2,0.0002,60.0,3442,1187,1,2,1.0,0.6981,,1196.8291440301746,0,0,0,VEG_AGRI,1.0,0.0,train
687,3,0.00030000000000000003,80.0,3446,1202,2,2,1.732,0.589,0.7279,1351.4806694880988,0,0,0,VEG_AGRI,1.0,0.0,train
688,1,0.0001,40.0,3448,1173,1,1,1.0,0.7854,,1072.0074626605917,0,0,0,VEG_AGRI,1.0,0.0,train
689,50,0.005,440.0,3451,1151,9,13,3.098,0.3245,0.6221,887.693640846886,0,0,0,VEG_AGRI,1.0,0.0,train
690,17,0.0017000000000000001,220.0,3454,376,5,6,1.655,0.4414,0.5995,1161.077086157504,0,0,0,VEG_AGRI,1.0,0.0,outside_patches
691,54,0.0054,360.0,3454,388,9,9,1.188,0.5236,0.6701,1113.5977729862789,0,0,0,VEG_AGRI,1.0,0.0,outside_patches
692,28,0.0028,260.0,3456,3144,5,8,1.567,0.5205,0.6498,3996.711147931509,0,0,0,VEG_AGRI,1.0,0.0,train
693,17,0.0017000000000000001,200.0,3459,355,5,5,1.148,0.5341,0.7116,1332.2537295875736,0,0,0,VEG_AGRI,1.0,0.0,outside_patches
694,2,0.0002,60.0,3459,1179,1,2,1.0,0.6981,,1160.5602095539896,0,0,0,VEG_AGRI,1.0,0.0,train
695,2,0.0002,60.0,3463,375,2,1,1.0,0.6981,,1269.0941651429969,0,0,0,VEG_AGRI,1.0,0.0,outside_patches
696,455,0.0455,1400.0,3464,1497,26,30,1.16,0.2917,0.5829,1605.8953888718904,0,0,0,VEG_AGRI,1.0,0.0,train
697,32,0.0032,260.0,3465,346,7,6,1.203,0.5949,0.7619,1435.339681051144,0,0,0,VEG_AGRI,1.0,0.0,outside_patches
698,4,0.0004,100.0,3483,1458,2,3,1.633,0.5027,0.6667,2218.197466412763,0,0,0,VEG_AGRI,1.0,0.0,train
699,1806,0.1806,2520.0,3486,346,54,58,1.186,0.3574,0.6156,1429.4754282603112,0,0,0,VEG_AGRI,1.0,0.0,outside_patches
700,326,0.032600000000000004,1140.0,3487,408,22,27,1.467,0.3152,0.6004,1346.476884316994,0,0,0,VEG_AGRI,1.0,0.0,outside_patches
701,648,0.0648,3000.0,3492,1530,55,34,2.676,0.0905,0.4233,1576.9908052997648,0,0,0,VEG_AGRI,1.0,0.0,train
702,23,0.0023,200.0,3496,1185,5,5,1.213,0.7226,0.659,1375.9360450253494,0,0,0,VEG_AGRI,1.0,0.0,train
703,95,0.0095,740.0,3504,1501,13,20,2.083,0.218,0.3857,1875.446613476374,0,0,0,VEG_AGRI,1.0,0.0,train
704,547,0.054700000000000006,2880.0,3505,1450,50,27,2.343,0.0829,0.3792,2299.6086623597503,0,0,0,VEG_AGRI,1.0,0.0,train
705,2,0.0002,60.0,3508,1153,2,1,1.0,0.6981,,1202.1647141718975,0,0,0,VEG_AGRI,1.0,0.0,train
706,5,0.0005,100.0,3510,1428,2,3,1.732,0.6283,0.687,2604.995201531089,0,0,0,VEG_AGRI,1.0,0.0,train
707,16,0.0016,200.0,3512,1525,4,6,1.738,0.5027,0.6064,1810.1933598375617,0,0,0,VEG_AGRI,1.0,0.0,train
708,457,0.045700000000000005,1480.0,3513,3205,27,33,1.288,0.2622,0.5144,2948.101083748656,0,0,457,VEG_AGRI,1.0,0.0,val
709,17,0.0017000000000000001,200.0,3514,1416,5,5,1.098,0.5341,0.6579,2725.4724361108483,0,0,0,VEG_AGRI,1.0,0.0,train
710,6,0.0006000000000000001,120.0,3515,419,3,3,1.146,0.5236,0.6648,1621.1724152600182,0,0,0,VEG_AGRI,1.0,0.0,outside_patches
711,75,0.007500000000000001,400.0,3516,3134,12,8,1.458,0.589,0.7303,3534.416500640523,0,2,27,VEG_AGRI,1.0,0.0,train
712,3,0.00030000000000000003,80.0,3520,1496,2,2,1.732,0.589,0.7279,2107.534104113146,0,0,0,VEG_AGRI,1.0,0.0,train
713,37,0.0037,380.0,3520,1505,5,12,2.831,0.322,0.5792,1980.1010075246163,0,0,0,VEG_AGRI,1.0,0.0,train
714,260,0.026000000000000002,1360.0,3521,1329,19,33,2.337,0.1766,0.4406,2827.030243913213,0,0,0,VEG_AGRI,1.0,0.0,train
715,57,0.0057,360.0,3521,1712,8,10,1.361,0.5527,0.6784,1448.3784035948615,0,0,0,VEG_AGRI,1.0,0.0,train
716,2,0.0002,60.0,3523,1499,2,1,1.0,0.6981,,2111.9185590358356,0,0,0,VEG_AGRI,1.0,0.0,train
717,1,0.0001,40.0,3527,1497,1,1,1.0,0.7854,,2153.3694527414473,0,0,0,VEG_AGRI,1.0,0.0,train
718,9,0.0009000000000000001,140.0,3530,1314,3,4,1.621,0.577,0.6057,2685.609800399157,0,0,0,VEG_AGRI,1.0,0.0,train
719,9,0.0009000000000000001,140.0,3531,1438,3,4,1.618,0.577,0.7114,2621.0303317588678,0,0,0,VEG_AGRI,1.0,0.0,train
720,2,0.0002,60.0,3533,379,2,1,1.0,0.6981,,1891.0843450253615,0,0,0,VEG_AGRI,1.0,0.0,outside_patches
721,7,0.0007,120.0,3536,1320,3,3,1.449,0.6109,0.6511,2760.9056485146316,0,0,0,VEG_AGRI,1.0,0.0,train
722,53,0.0053,360.0,3536,1522,9,9,1.19,0.5139,0.6159,2012.212712413874,0,0,0,VEG_AGRI,1.0,0.0,train
723,12,0.0012000000000000001,160.0,3537,1440,3,5,1.85,0.589,0.7486,2630.684321616716,0,0,0,VEG_AGRI,1.0,0.0,train
724,15,0.0015,180.0,3537,1563,5,4,1.791,0.5818,0.6774,1789.3294833540301,0,0,0,VEG_AGRI,1.0,0.0,train
725,140,0.014,640.0,3542,3137,16,15,1.732,0.4295,0.7224,3267.3230633042704,0,0,0,VEG_AGRI,1.0,0.0,train
726,60,0.006,440.0,3543,1340,7,14,2.249,0.3895,0.635,2984.3927355493947,0,0,0,VEG_AGRI,1.0,0.0,train
727,11,0.0011,200.0,3543,3214,4,6,3.516,0.3456,0.5573,2899.137802864845,0,0,11,VEG_AGRI,1.0,0.0,val
728,22,0.0022,220.0,3548,1434,6,5,1.518,0.5712,0.6813,2750.0,0,0,0,VEG_AGRI,1.0,0.0,train
729,25,0.0025,260.0,3549,1533,4,9,2.088,0.4647,0.6538,2030.0246303924494,0,0,0,VEG_AGRI,1.0,0.0,train
730,4,0.0004,80.0,3549,3260,2,2,1.0,0.7854,1.0,2661.766330841233,0,0,4,VEG_AGRI,1.0,0.0,val
731,183,0.0183,800.0,3551,1329,15,19,1.279,0.3593,0.5912,2924.8076859855246,0,0,0,VEG_AGRI,1.0,0.0,train
732,14,0.0014,160.0,3551,3209,4,4,1.021,0.6872,0.875,2876.4213877664033,0,0,14,VEG_AGRI,1.0,0.0,val
733,2,0.0002,60.0,3552,3227,2,1,1.0,0.6981,,2797.373768376332,0,0,2,VEG_AGRI,1.0,0.0,val
734,1,0.0001,40.0,3553,1317,1,1,1.0,0.7854,,2804.728150819612,0,0,0,VEG_AGRI,1.0,0.0,train
735,31,0.0031000000000000003,260.0,3556,1318,6,7,1.45,0.5763,0.7157,2832.4194604613213,0,0,0,VEG_AGRI,1.0,0.0,train
736,27,0.0027,260.0,3556,3254,6,7,1.208,0.5019,0.653,2571.4781741247584,0,0,27,VEG_AGRI,1.0,0.0,val
737,7,0.0007,120.0,3557,1465,3,3,1.732,0.6109,0.7574,2577.0137756713684,0,0,0,VEG_AGRI,1.0,0.0,train
738,589,0.0589,1740.0,3559,1194,39,33,1.58,0.2445,0.4878,1909.2406867652908,0,0,0,VEG_AGRI,1.0,0.0,train
739,111,0.0111,560.0,3561,338,16,12,1.735,0.4448,0.6349,2277.586441828279,0,0,0,VEG_AGRI,1.0,0.0,outside_patches
740,148,0.0148,860.0,3564,3205,13,24,2.592,0.2515,0.5199,2629.315500277591,0,0,124,VEG_AGRI,1.0,0.0,val
741,77,0.0077,460.0,3567,2858,10,12,1.143,0.4573,0.5984,2651.527861441399,0,0,0,VEG_AGRI,1.0,0.0,train
742,8,0.0008,120.0,3570,1319,3,3,1.265,0.6981,0.6695,2905.236651290218,0,0,0,VEG_AGRI,1.0,0.0,train
743,13,0.0013000000000000002,160.0,3578,1324,4,4,1.174,0.6381,0.7487,2994.5617375502547,0,0,0,VEG_AGRI,1.0,0.0,train
744,124,0.012400000000000001,620.0,3581,1269,15,14,1.804,0.4054,0.626,2567.508519946915,0,0,0,VEG_AGRI,1.0,0.0,train
745,23,0.0023,220.0,3585,1189,6,5,1.351,0.5972,0.7416,2032.1663317750347,0,0,0,VEG_AGRI,1.0,0.0,train
746,1567,0.1567,2860.0,3588,1443,59,49,1.522,0.2407,0.6142,2733.093485411723,0,0,0,VEG_AGRI,1.0,0.0,train
747,6,0.0006000000000000001,100.0,3589,3217,3,2,1.633,0.754,1.0,2536.4542179980303,0,0,6,VEG_AGRI,1.0,0.0,val
748,26,0.0026000000000000003,240.0,3594,1170,7,5,1.411,0.5672,0.6521,1992.8873525616043,0,0,0,VEG_AGRI,1.0,0.0,train
749,24,0.0024000000000000002,260.0,3595,1228,8,5,1.694,0.4461,0.566,2355.5254190944324,0,0,0,VEG_AGRI,1.0,0.0,train
750,86,0.0086,420.0,3601,1529,10,11,1.115,0.6126,0.6791,2476.9739602991385,0,0,0,VEG_AGRI,1.0,0.0,train
751,17,0.0017000000000000001,220.0,3603,1562,7,4,1.891,0.4414,0.586,2372.8674636397204,0,0,0,VEG_AGRI,1.0,0.0,train
752,295,0.029500000000000002,1160.0,3611,3380,16,37,4.095,0.2755,0.649,1651.4841809717705,0,0,253,VEG_AGRI,1.0,0.0,val
753,9,0.0009000000000000001,160.0,3619,1175,5,3,2.618,0.4418,0.6109,2238.861317723811,0,0,0,VEG_AGRI,1.0,0.0,train
754,11,0.0011,200.0,3627,2807,5,5,3.097,0.3456,0.5937,2050.609665440988,0,0,0,VEG_AGRI,1.0,0.0,train
755,3,0.00030000000000000003,80.0,3629,1234,2,2,1.732,0.589,0.7279,2636.0955976595387,0,0,0,VEG_AGRI,1.0,0.0,train
756,6705,0.6705,4740.0,3633,1159,92,105,1.165,0.375,0.6144,1740.4022523543226,0,0,0,VEG_AGRI,1.0,0.0,train
757,16,0.0016,200.0,3635,1537,6,4,1.753,0.5027,0.6826,2772.814454665151,0,0,0,VEG_AGRI,1.0,0.0,train
758,7,0.0007,120.0,3638,257,3,3,1.449,0.6109,0.6511,3376.1812747540675,0,0,0,VEG_AGRI,1.0,0.0,outside_patches
759,1,0.0001,40.0,3639,261,1,1,1.0,0.7854,,3365.5014485214533,0,0,0,VEG_AGRI,1.0,0.0,outside_patches
760,2,0.0002,60.0,3641,2809,2,1,1.0,0.6981,,1960.2295783912657,0,0,0,VEG_AGRI,1.0,0.0,train
761,4860,0.48600000000000004,8060.0,3644,1452,96,104,1.352,0.094,0.4219,2514.4581921360314,0,0,0,VEG_AGRI,1.0,0.0,train
762,586,0.058600000000000006,1560.0,3645,1402,33,30,1.132,0.3026,0.5966,2509.123352886422,0,0,0,VEG_AGRI,1.0,0.0,train
763,5623,0.5623,7840.0,3646,1563,124,89,1.679,0.115,0.6104,2675.2383071420013,108,0,702,VEG_AGRI,1.0,0.0,train
764,112,0.0112,560.0,3652,906,12,16,1.608,0.4488,0.6215,919.2388155425118,0,0,0,VEG_AGRI,1.0,0.0,train
765,21,0.0021000000000000003,240.0,3652,1576,5,7,1.407,0.4581,0.5828,2780.593461835081,0,0,0,VEG_AGRI,1.0,0.0,train
766,117,0.0117,600.0,3657,377,11,18,1.987,0.4084,0.5313,2476.307735318856,0,0,0,VEG_AGRI,1.0,0.0,outside_patches
767,21,0.0021000000000000003,220.0,3660,932,5,6,1.299,0.5452,0.6444,1188.696765369537,0,0,0,VEG_AGRI,1.0,0.0,train
768,84,0.008400000000000001,440.0,3661,2786,12,9,1.534,0.5452,0.7296,1602.404443328837,0,0,0,VEG_AGRI,1.0,0.0,train
769,337,0.0337,1360.0,3663,902,23,32,1.816,0.229,0.4204,913.9474820797966,0,0,0,VEG_AGRI,1.0,0.0,train
770,14,0.0014,180.0,3671,889,4,5,1.515,0.543,0.6575,802.3091673413684,0,0,0,VEG_AGRI,1.0,0.0,train
771,306,0.030600000000000002,1200.0,3674,2793,31,18,2.318,0.267,0.5828,1469.8639392814562,0,0,0,VEG_AGRI,1.0,0.0,train
772,15,0.0015,220.0,3675,1489,3,7,2.137,0.3895,0.6571,2901.723625709382,0,0,0,VEG_AGRI,1.0,0.0,train
773,1,0.0001,40.0,3677,1497,1,1,1.0,0.7854,,2948.219801846531,0,0,0,VEG_AGRI,1.0,0.0,train
774,1,0.0001,40.0,3685,363,1,1,1.0,0.7854,,2559.9414055794323,0,0,0,VEG_AGRI,1.0,0.0,outside_patches
775,2,0.0002,60.0,3685,1501,2,1,1.0,0.6981,,2900.431002454635,0,0,0,VEG_AGRI,1.0,0.0,train
776,35,0.0035,260.0,3691,2881,8,5,1.624,0.6506,0.7436,1432.2360140703067,0,0,0,VEG_AGRI,1.0,0.0,train
777,23,0.0023,220.0,3694,3416,6,5,1.331,0.5972,0.706,1015.5294185792945,0,0,23,VEG_AGRI,1.0,0.0,val
778,35,0.0035,280.0,3695,975,6,8,1.738,0.561,0.6932,1691.892431568863,0,0,0,VEG_AGRI,1.0,0.0,train
779,2,0.0002,60.0,3700,372,1,2,1.0,0.6981,,2394.5354455509737,0,0,0,VEG_AGRI,1.0,0.0,outside_patches
780,450,0.045000000000000005,1740.0,3700,972,42,19,2.428,0.1868,0.5555,1710.0,0,0,0,VEG_AGRI,1.0,0.0,train
781,3,0.00030000000000000003,80.0,3701,2877,2,2,1.732,0.589,0.7279,1390.1438774457845,0,0,0,VEG_AGRI,1.0,0.0,train
782,307,0.0307,1620.0,3704,1800,25,22,1.215,0.147,0.5336,3482.326808328018,0,0,307,VEG_AGRI,1.0,0.0,train
783,2,0.0002,60.0,3706,2829,1,2,1.0,0.6981,,1419.8943622678414,0,0,0,VEG_AGRI,1.0,0.0,train
784,13,0.0013000000000000002,180.0,3707,1551,4,5,2.2,0.5042,0.6446,3079.4967121268373,0,0,0,VEG_AGRI,1.0,0.0,train
785,164,0.0164,900.0,3709,2842,25,15,2.43,0.2544,0.4246,1118.257573191436,0,0,0,VEG_AGRI,1.0,0.0,train
786,60,0.006,480.0,3713,1555,16,7,2.602,0.3272,0.5431,3000.1666620372944,0,0,0,VEG_AGRI,1.0,0.0,train
787,12,0.0012000000000000001,180.0,3715,2831,5,4,1.374,0.4654,0.5809,1287.0508925446577,0,0,0,VEG_AGRI,1.0,0.0,train
788,38,0.0038,320.0,3716,2881,9,7,1.424,0.4663,0.5976,1174.2657280190033,0,18,0,VEG_AGRI,1.0,0.0,train
789,6,0.0006000000000000001,100.0,3735,1557,2,3,1.633,0.754,1.0,2946.133058773822,0,0,0,VEG_AGRI,1.0,0.0,train
790,1266,0.12660000000000002,3800.0,3740,1478,66,34,2.069,0.1102,0.5291,1982.1705274773913,0,0,4,VEG_AGRI,1.0,0.0,train
791,16,0.0016,180.0,3740,1502,4,5,1.225,0.6206,0.8,2489.3774322107124,0,0,0,VEG_AGRI,1.0,0.0,train
792,148,0.0148,760.0,3743,1002,18,16,1.393,0.322,0.5199,2019.925741209315,0,0,0,VEG_AGRI,1.0,0.0,train
793,95,0.0095,500.0,3746,1020,12,13,1.339,0.4775,0.6682,2201.022489662475,0,0,0,VEG_AGRI,1.0,0.0,train
794,18,0.0018000000000000002,200.0,3748,1103,6,4,1.608,0.5655,0.5745,2158.7033144922902,0,0,0,VEG_AGRI,1.0,0.0,train
795,4,0.0004,100.0,3751,995,3,2,2.449,0.5027,0.6387,1951.3328778042974,0,0,0,VEG_AGRI,1.0,0.0,train
796,22,0.0022,220.0,3751,1654,4,7,1.749,0.5712,0.7375,3650.013698604431,19,0,2,VEG_AGRI,1.0,0.0,train
797,12,0.0012000000000000001,220.0,3759,1579,6,5,3.013,0.3116,0.5217,2987.5073221667594,0,0,0,VEG_AGRI,1.0,0.0,train
798,162,0.0162,680.0,3762,1570,16,17,1.7,0.4403,0.639,2859.1082525850607,0,0,115,VEG_AGRI,1.0,0.0,train
799,2120,0.21200000000000002,4780.0,3768,1856,65,66,1.229,0.1166,0.453,3538.954647915116,0,0,1708,VEG_AGRI,1.0,0.0,train
800,10,0.001,140.0,3772,1876,3,4,1.265,0.6411,0.8333,4147.698156809389,0,0,3,VEG_AGRI,1.0,0.0,train
801,16,0.0016,200.0,3778,1846,4,6,1.957,0.5027,0.6759,4319.317075649807,0,0,14,VEG_AGRI,1.0,0.0,train
802,6,0.0006000000000000001,160.0,3782,1830,4,4,2.579,0.2945,0.5471,4304.6486500061765,0,0,0,VEG_AGRI,1.0,0.0,train
803,9,0.0009000000000000001,140.0,3787,3335,4,3,1.618,0.577,0.7114,347.85054261852173,0,9,0,BUILT_UP,0.0,0.0,val
804,2,0.0002,60.0,3794,1842,1,2,1.0,0.6981,,4381.346824893003,0,0,0,VEG_AGRI,1.0,0.0,train
805,1,0.0001,40.0,3798,1845,1,1,1.0,0.7854,,4346.699897623484,0,0,0,VEG_AGRI,1.0,0.0,train
806,1,0.0001,40.0,3799,1489,1,1,1.0,0.7854,,2025.1419703319566,0,0,0,VEG_AGRI,1.0,0.0,train
807,1,0.0001,40.0,3800,1487,1,1,1.0,0.7854,,2003.0227157973022,0,0,0,VEG_AGRI,1.0,0.0,train
808,37,0.0037,300.0,3858,396,7,8,1.506,0.5166,0.6423,1757.5551200460256,0,0,0,VEG_AGRI,1.0,0.0,outside_patches
809,14,0.0014,160.0,3880,795,3,5,1.732,0.6872,0.7989,1109.8198051936179,0,0,0,VEG_AGRI,1.0,0.0,train
810,1,0.0001,40.0,3884,2975,1,1,1.0,0.7854,,1084.6197490364998,0,0,1,VEG_AGRI,1.0,0.0,train
811,110,0.011000000000000001,680.0,3885,3577,12,20,2.427,0.2989,0.5562,1442.5671561490649,0,4,106,VEG_AGRI,1.0,0.0,val
812,11,0.0011,160.0,3885,3605,4,4,1.153,0.54,0.6871,1432.2360140703067,0,0,11,VEG_AGRI,1.0,0.0,val
813,1,0.0001,40.0,3887,3612,1,1,1.0,0.7854,,1447.34239211045,0,0,1,VEG_AGRI,1.0,0.0,val
814,9,0.0009000000000000001,160.0,3888,2925,4,4,1.811,0.4418,0.5313,679.4115100585212,0,0,9,VEG_AGRI,1.0,0.0,train
815,3,0.00030000000000000003,80.0,3893,3551,2,2,1.732,0.589,0.7279,1611.4899937635357,0,0,3,VEG_AGRI,1.0,0.0,val
816,2177,0.2177,4800.0,3919,439,55,77,1.398,0.1187,0.4878,1101.1357772772622,0,0,0,VEG_AGRI,1.0,0.0,outside_patches
817,6,0.0006000000000000001,100.0,3921,554,3,2,1.633,0.754,1.0,933.9164844888434,0,0,0,VEG_AGRI,1.0,0.0,outside_patches
818,37,0.0037,300.0,3941,488,6,9,1.783,0.5166,0.6611,1386.0014430006918,0,0,0,VEG_AGRI,1.0,0.0,outside_patches
819,2,0.0002,60.0,3951,2615,2,1,1.0,0.6981,,894.9860334105779,0,2,0,BARE_SAND,0.0,0.0,train
820,5143,0.5143,5500.0,3991,2134,85,100,1.276,0.2136,0.6064,408.166632639171,0,0,4922,VEG_AGRI,1.0,0.0,train
821,427,0.0427,1560.0,3993,2195,20,43,2.597,0.2205,0.4591,174.6424919657298,0,0,411,VEG_AGRI,1.0,0.0,train
822,49,0.0049,340.0,4038,998,11,6,1.748,0.5327,0.6556,2910.0,0,0,0,VEG_AGRI,1.0,0.0,train
823,2,0.0002,60.0,4064,1337,1,2,1.0,0.6981,,272.02941017470886,0,0,2,VEG_AGRI,1.0,0.0,train
824,1,0.0001,40.0,4140,1059,1,1,1.0,0.7854,,2516.4459064323237,0,0,0,VEG_AGRI,1.0,0.0,outside_patches
825,16,0.0016,200.0,4149,1052,4,6,1.973,0.5027,0.6474,2568.462575160479,0,0,0,VEG_AGRI,1.0,0.0,outside_patches
826,24,0.0024000000000000002,240.0,4154,1042,5,7,1.695,0.5236,0.6909,2678.656379605268,0,0,0,VEG_AGRI,1.0,0.0,outside_patches
827,152,0.0152,720.0,4155,1050,16,18,1.999,0.3685,0.6269,2526.8557536986555,0,0,0,VEG_AGRI,1.0,0.0,outside_patches
828,19,0.0019,220.0,4163,73,5,6,1.322,0.4933,0.6879,4150.758966743311,0,0,0,VEG_AGRI,1.0,0.0,outside_patches
829,4,0.0004,100.0,4164,91,2,3,1.633,0.5027,0.6667,4018.3703164342633,0,0,0,VEG_AGRI,1.0,0.0,outside_patches
830,24,0.0024000000000000002,240.0,4167,96,5,7,1.8,0.5236,0.7288,3915.4182407502776,0,0,0,VEG_AGRI,1.0,0.0,outside_patches
831,4,0.0004,80.0,4170,61,2,2,1.0,0.7854,1.0,4266.755207414646,0,0,0,VEG_AGRI,1.0,0.0,outside_patches
832,68,0.0068000000000000005,420.0,4175,1064,13,8,2.124,0.4844,0.6814,2587.5084540924695,0,0,0,VEG_AGRI,1.0,0.0,outside_patches
833,240,0.024,1260.0,4176,1039,25,31,2.689,0.19,0.4426,2655.2965936030573,0,0,0,VEG_AGRI,1.0,0.0,outside_patches
834,221,0.0221,900.0,4178,90,24,19,1.66,0.3429,0.5931,3767.3332743467226,0,25,0,VEG_AGRI,1.0,0.0,outside_patches
835,777,0.0777,2740.0,4187,67,57,40,2.153,0.1301,0.3286,3677.839039436066,0,27,0,VEG_AGRI,1.0,0.0,outside_patches
836,18,0.0018000000000000002,220.0,4203,1056,5,6,1.872,0.4673,0.6097,2787.4360979222465,0,0,0,VEG_AGRI,1.0,0.0,outside_patches
837,41,0.0041,320.0,4206,109,8,8,1.348,0.5031,0.7406,3604.511062543712,0,0,0,VEG_AGRI,1.0,0.0,outside_patches
838,4,0.0004,100.0,4207,1000,3,2,1.633,0.5027,0.6667,3324.12394474093,0,0,0,VEG_AGRI,1.0,0.0,outside_patches
839,17,0.0017000000000000001,200.0,4215,1881,4,6,1.938,0.5341,0.6865,4023.493506891741,0,0,14,VEG_AGRI,1.0,0.0,outside_patches
840,5,0.0005,100.0,4219,1003,2,3,1.732,0.6283,0.687,3352.924096963723,0,0,0,VEG_AGRI,1.0,0.0,outside_patches
841,40,0.004,300.0,4220,1838,5,10,1.978,0.5585,0.7083,3609.0164865237175,0,0,40,VEG_AGRI,1.0,0.0,outside_patches
842,42,0.004200000000000001,400.0,4226,103,7,13,3.22,0.3299,0.5852,3552.492083031291,0,0,0,VEG_AGRI,1.0,0.0,outside_patches
843,4,0.0004,100.0,4228,1717,2,3,2.449,0.5027,0.6387,2442.457778550123,0,0,3,VEG_AGRI,1.0,0.0,test
844,50,0.005,400.0,4233,1715,8,12,2.147,0.3927,0.5865,2454.057864028475,0,0,50,VEG_AGRI,1.0,0.0,test
845,13,0.0013000000000000002,180.0,4242,3454,4,5,2.164,0.5042,0.6816,364.0054944640259,0,13,0,BUILT_UP,0.0,0.0,test
846,8,0.0008,120.0,4243,423,3,3,1.265,0.6981,0.6695,1123.7882362794157,0,0,2,VEG_AGRI,1.0,0.0,val
847,36,0.0036000000000000003,300.0,4245,108,7,8,1.353,0.5027,0.7266,3481.738071710737,0,0,0,VEG_AGRI,1.0,0.0,outside_patches
848,12,0.0012000000000000001,180.0,4245,383,4,5,2.263,0.4654,0.6316,1231.6655390161732,0,0,11,VEG_AGRI,1.0,0.0,val
849,5,0.0005,100.0,4245,412,2,3,1.732,0.6283,0.687,1141.796829562948,0,0,5,VEG_AGRI,1.0,0.0,val
850,256,0.0256,820.0,4249,78,20,19,1.168,0.4784,0.5709,3633.689584981084,0,8,0,VEG_AGRI,1.0,0.0,outside_patches
851,9,0.0009000000000000001,140.0,4254,113,3,4,1.39,0.577,0.6712,3454.041111509821,0,0,0,VEG_AGRI,1.0,0.0,outside_patches
852,1824,0.1824,4540.0,4254,1885,74,63,1.765,0.1112,0.3672,2960.760037557924,0,0,1657,VEG_AGRI,1.0,0.0,test
853,16,0.0016,180.0,4259,1889,4,5,1.618,0.6206,0.6565,3607.0209314613076,0,0,14,VEG_AGRI,1.0,0.0,test
854,105,0.0105,620.0,4264,103,9,19,2.833,0.3433,0.606,3361.859604445135,0,4,0,VEG_AGRI,1.0,0.0,outside_patches
855,5,0.0005,100.0,4267,1873,2,3,1.732,0.6283,0.687,3566.6510903086664,0,0,5,VEG_AGRI,1.0,0.0,test
856,50,0.005,400.0,4271,81,6,14,3.461,0.3927,0.6914,3614.2495763297807,0,0,0,VEG_AGRI,1.0,0.0,outside_patches
857,15,0.0015,180.0,4274,103,3,6,2.133,0.5818,0.7794,3475.701368069472,0,0,0,VEG_AGRI,1.0,0.0,outside_patches
858,11,0.0011,180.0,4297,1881,5,4,2.177,0.4266,0.6313,3227.4448097527556,0,0,11,VEG_AGRI,1.0,0.0,test
859,2680,0.268,2900.0,4322,3705,72,64,1.87,0.4005,0.6356,0.0,1373,8,589,WETLAND,0.11977611940298508,0.8402985074626865,outside_patches
860,3,0.00030000000000000003,80.0,4352,329,1,3,31622.777,0.589,1.0,1151.0864433221338,0,0,0,VEG_AGRI,1.0,0.0,val
861,2,0.0002,60.0,4384,3764,2,1,1.0,0.6981,,0.0,0,0,2,BARE_SAND,0.0,0.0,outside_patches
862,25,0.0025,340.0,4386,3750,6,11,3.674,0.2718,0.563,0.0,1,0,23,VEG_AGRI,0.6,0.0,outside_patches
863,385,0.0385,2120.0,4392,3661,31,48,1.994,0.1076,0.2405,0.0,12,41,295,PRE_EXISTING_WATER,0.02857142857142857,0.09090909090909091,test
864,168,0.016800000000000002,740.0,4396,3634,20,14,1.539,0.3855,0.5977,0.0,2,8,150,BUILT_UP,0.06547619047619048,0.0,test
865,78,0.0078000000000000005,440.0,4403,2786,10,12,1.664,0.5063,0.6629,312.5699921617557,0,0,77,VEG_AGRI,1.0,0.0,train
866,259,0.025900000000000003,1060.0,4406,3739,29,20,1.664,0.2897,0.4664,0.0,0,0,259,PRE_EXISTING_WATER,0.0,0.0,outside_patches
867,23,0.0023,260.0,4409,3627,7,6,2.093,0.4276,0.7329,0.0,0,1,10,PRE_EXISTING_WATER,0.0,0.0,test
868,5,0.0005,100.0,4421,3627,3,2,1.732,0.6283,0.687,0.0,0,0,3,PRE_EXISTING_WATER,0.0,0.0,test
869,22,0.0022,240.0,4424,3727,6,6,1.47,0.48,0.6385,0.0,0,0,22,PRE_EXISTING_WATER,0.0,0.0,outside_patches
870,447,0.044700000000000004,1200.0,4425,3691,23,35,1.539,0.3901,0.583,0.0,0,0,447,PRE_EXISTING_WATER,0.0,0.0,test
871,279,0.0279,1400.0,4428,3595,31,32,4.109,0.1789,0.5182,0.0,6,20,207,PRE_EXISTING_WATER,0.06810035842293907,0.07885304659498207,test
872,315,0.0315,1420.0,4431,3665,25,27,1.645,0.1963,0.4923,0.0,0,0,315,PRE_EXISTING_WATER,0.0,0.0,test
873,6,0.0006000000000000001,140.0,4431,3726,4,3,2.291,0.3847,0.6189,0.0,0,0,6,PRE_EXISTING_WATER,0.0,0.0,outside_patches
874,6,0.0006000000000000001,120.0,4446,3745,2,4,2.636,0.5236,0.658,0.0,0,0,6,PRE_EXISTING_WATER,0.0,0.0,outside_patches
875,128,0.0128,800.0,4449,3636,17,18,1.831,0.2513,0.4712,0.0,0,0,128,PRE_EXISTING_WATER,0.0,0.0,test
876,43,0.0043,300.0,4454,2782,6,9,1.508,0.6004,0.715,598.1638571495272,0,0,38,VEG_AGRI,0.5581395348837209,0.4418604651162791,train
877,253,0.0253,1400.0,4455,3712,23,47,8.283,0.1622,0.5619,0.0,142,17,57,WETLAND,0.19367588932806323,0.6126482213438735,outside_patches
878,2,0.0002,60.0,4458,1490,1,2,1.0,0.6981,,1788.6866690396055,0,0,2,VEG_AGRI,1.0,0.0,test
879,10,0.001,140.0,4459,3657,3,4,1.633,0.6411,0.675,0.0,0,0,10,PRE_EXISTING_WATER,0.0,0.0,test
880,2,0.0002,60.0,4464,3664,2,1,1.0,0.6981,,0.0,0,0,2,PRE_EXISTING_WATER,0.0,0.0,test
881,5,0.0005,100.0,4465,1310,2,3,1.732,0.6283,0.687,1808.9223311131964,5,0,0,VEG_AGRI,1.0,0.0,test
882,349,0.0349,1680.0,4465,3627,25,38,2.37,0.1554,0.439,0.0,0,0,349,PRE_EXISTING_WATER,0.0,0.0,test
883,1,0.0001,40.0,4465,3662,1,1,1.0,0.7854,,0.0,0,0,1,PRE_EXISTING_WATER,0.0,0.0,test
884,10,0.001,160.0,4465,3684,4,4,1.996,0.4909,0.6066,0.0,0,0,10,PRE_EXISTING_WATER,0.0,0.0,test
885,422,0.0422,1640.0,4467,3601,33,20,1.843,0.1972,0.5977,0.0,0,0,422,PRE_EXISTING_WATER,0.0,0.0,test
886,5,0.0005,100.0,4469,1326,3,2,1.732,0.6283,0.687,1714.7886167105262,5,0,0,VEG_AGRI,1.0,0.0,test
887,1,0.0001,40.0,4471,3634,1,1,1.0,0.7854,,0.0,0,0,1,PRE_EXISTING_WATER,0.0,0.0,test
888,92,0.0092,500.0,4472,1310,10,14,1.386,0.4624,0.6335,1641.2495239907914,82,0,10,VEG_AGRI,1.0,0.0,test
889,3,0.00030000000000000003,100.0,4472,1545,3,2,4.391,0.377,0.63,1285.4960132182441,0,0,3,VEG_AGRI,1.0,0.0,test
890,83,0.0083,420.0,4472,3587,8,13,1.803,0.5913,0.7414,0.0,0,0,83,PRE_EXISTING_WATER,0.0,0.0,test
891,2638,0.26380000000000003,4060.0,4474,2750,97,50,2.726,0.2011,0.6574,111.80339887498948,878,3,1223,WETLAND,0.018574677786201668,0.9814253222137983,train
892,36,0.0036000000000000003,420.0,4475,3735,7,14,5.398,0.2565,0.6378,141.4213562373095,0,36,0,VEG_AGRI,0.8611111111111112,0.0,outside_patches
893,568,0.0568,2060.0,4478,3726,33,43,2.716,0.1682,0.5158,240.20824298928628,0,98,119,WETLAND,0.01584507042253521,0.9841549295774648,outside_patches
894,88,0.0088,480.0,4479,676,11,12,1.505,0.48,0.622,2558.8278566562467,0,0,82,VEG_AGRI,1.0,0.0,val
895,38,0.0038,320.0,4482,3722,6,10,2.311,0.4663,0.6817,123.6931687685298,0,38,0,VEG_AGRI,1.0,0.0,outside_patches
896,110,0.011000000000000001,580.0,4483,693,18,11,2.532,0.4109,0.6546,2759.311508329569,0,0,98,VEG_AGRI,1.0,0.0,val
897,15,0.0015,180.0,4483,3588,4,5,1.2,0.5818,0.7046,0.0,0,0,15,PRE_EXISTING_WATER,0.0,0.0,test
898,86,0.0086,620.0,4483,3679,12,19,4.664,0.2811,0.669,0.0,37,1,34,PRE_EXISTING_WATER,0.313953488372093,0.29069767441860467,test
899,12,0.0012000000000000001,160.0,4485,3673,4,4,1.64,0.589,0.5979,0.0,0,0,12,PRE_EXISTING_WATER,0.0,0.0,test
900,1,0.0001,40.0,4486,1313,1,1,1.0,0.7854,,1614.0012391568973,0,0,1,VEG_AGRI,1.0,0.0,test
901,110,0.011000000000000001,720.0,4486,3574,18,15,1.575,0.2666,0.4021,0.0,0,0,110,PRE_EXISTING_WATER,0.0,0.0,test
902,1125,0.1125,3860.0,4488,667,77,33,3.47,0.0949,0.4957,2509.2827660508888,0,0,1031,VEG_AGRI,1.0,0.0,val
903,12,0.0012000000000000001,200.0,4488,3650,5,5,1.141,0.377,0.5273,0.0,0,0,12,PRE_EXISTING_WATER,0.0,0.0,test
904,89,0.0089,560.0,4489,3699,11,17,3.068,0.3566,0.5978,89.44271909999159,0,6,57,VEG_AGRI,0.9550561797752809,0.0449438202247191,test
905,29,0.0029000000000000002,260.0,4493,3629,4,9,2.41,0.5391,0.76,0.0,0,0,29,PRE_EXISTING_WATER,0.0,0.0,test
906,32,0.0032,320.0,4494,1310,6,10,2.881,0.3927,0.6998,1474.720312466062,31,0,1,VEG_AGRI,1.0,0.0,test
907,16,0.0016,200.0,4499,3630,4,6,1.969,0.5027,0.5803,0.0,0,0,16,PRE_EXISTING_WATER,0.0,0.0,test
908,126,0.0126,820.0,4499,3676,16,21,3.062,0.2355,0.5019,80.0,0,20,95,VEG_AGRI,0.8809523809523809,0.0,test
909,2,0.0002,60.0,4502,3664,1,2,1.0,0.6981,,0.0,0,0,2,PRE_EXISTING_WATER,0.0,0.0,test
910,58555,5.8555,54960.0,4504,3369,369,400,2.733,0.0244,0.5329,0.0,41156,1131,7433,WETLAND,0.02088634617026727,0.9570318503970626,test
911,30,0.003,260.0,4505,704,7,6,1.764,0.5577,0.6319,2623.4519244689814,0,0,30,VEG_AGRI,1.0,0.0,val
912,100,0.01,580.0,4510,1832,14,15,2.441,0.3736,0.6386,1337.3481222179962,17,0,83,VEG_AGRI,0.56,0.44,test
913,316,0.0316,1720.0,4511,1855,42,44,5.561,0.1342,0.3719,744.6475676452586,15,0,299,WETLAND,0.16772151898734178,0.8322784810126582,test
914,15,0.0015,180.0,4513,716,4,5,1.4,0.5818,0.6597,2511.7722826721374,0,0,11,VEG_AGRI,1.0,0.0,val
915,492,0.0492,1820.0,4513,3556,25,40,2.327,0.1867,0.5042,0.0,0,0,492,PRE_EXISTING_WATER,0.0,0.0,test
916,314,0.031400000000000004,1420.0,4514,3608,29,41,5.765,0.1957,0.5752,0.0,116,24,154,PRE_EXISTING_WATER,0.35987261146496813,0.2515923566878981,test
917,64,0.0064,480.0,4515,704,13,10,1.969,0.3491,0.6006,2517.816514363189,0,0,55,VEG_AGRI,1.0,0.0,val
918,21,0.0021000000000000003,200.0,4517,3653,5,5,1.065,0.6597,0.6658,72.80109889280519,0,21,0,VEG_AGRI,1.0,0.0,test
919,36,0.0036000000000000003,280.0,4523,1822,8,6,1.887,0.577,0.6897,1364.8809471891677,0,0,36,VEG_AGRI,0.6666666666666666,0.3333333333333333,test
920,1010,0.101,2660.0,4524,1933,41,65,2.055,0.1794,0.418,792.464510246358,0,16,975,WETLAND,0.03564356435643564,0.9643564356435643,test
921,7,0.0007,120.0,4524,3616,2,4,2.181,0.6109,0.7464,0.0,0,0,7,PRE_EXISTING_WATER,0.0,0.0,test
922,34,0.0034000000000000002,280.0,4527,3602,6,8,1.841,0.545,0.6863,0.0,0,0,34,PRE_EXISTING_WATER,0.0,0.0,test
923,1,0.0001,40.0,4529,3611,1,1,1.0,0.7854,,0.0,0,0,1,PRE_EXISTING_WATER,0.0,0.0,test
924,1,0.0001,40.0,4533,3636,1,1,1.0,0.7854,,120.83045973594572,0,1,0,VEG_AGRI,1.0,0.0,test
925,1,0.0001,40.0,4535,3602,1,1,1.0,0.7854,,0.0,0,0,1,PRE_EXISTING_WATER,0.0,0.0,test
926,2,0.0002,60.0,4538,3627,1,2,1.0,0.6981,,100.0,0,2,0,VEG_AGRI,1.0,0.0,test
927,2,0.0002,60.0,4541,2573,1,2,1.0,0.6981,,1601.998751560063,0,0,2,VEG_AGRI,1.0,0.0,train
928,1,0.0001,40.0,4541,3597,1,1,1.0,0.7854,,0.0,0,0,1,PRE_EXISTING_WATER,0.0,0.0,test
929,91,0.0091,500.0,4548,3586,11,14,2.234,0.4574,0.7295,0.0,28,5,49,VEG_AGRI,0.5274725274725275,0.0,test
930,11,0.0011,160.0,4549,3616,4,4,1.811,0.54,0.6613,127.27922061357856,0,11,0,VEG_AGRI,0.9090909090909091,0.0,test
931,34,0.0034000000000000002,280.0,4553,3630,6,8,1.776,0.545,0.6866,250.59928172283335,0,7,8,WETLAND,0.029411764705882353,0.9705882352941176,test
932,9,0.0009000000000000001,140.0,4559,2580,3,4,1.39,0.577,0.6712,1400.0,0,0,9,VEG_AGRI,1.0,0.0,train
933,9,0.0009000000000000001,120.0,4560,2547,3,3,1.0,0.7854,1.0,1428.6357128393506,0,0,9,VEG_AGRI,1.0,0.0,train
934,69,0.006900000000000001,480.0,4561,3580,12,10,1.56,0.3763,0.4988,0.0,1,36,30,VEG_AGRI,0.7391304347826086,0.0,test
935,2158,0.21580000000000002,5080.0,4569,1980,79,63,2.183,0.1051,0.4641,313.2091952673165,0,50,1304,WETLAND,0.0004633920296570899,0.9995366079703429,test
936,20,0.002,200.0,4572,3567,4,6,1.823,0.6283,0.7245,0.0,3,2,12,PRE_EXISTING_WATER,0.35,0.0,test
937,2,0.0002,60.0,4573,3555,1,2,1.0,0.6981,,0.0,0,0,2,PRE_EXISTING_WATER,0.0,0.0,test
938,2692,0.2692,5320.0,4574,2745,101,60,1.446,0.1195,0.4449,170.88007490635061,0,13,1440,WETLAND,0.001114413075780089,0.9988855869242199,train
939,17,0.0017000000000000001,200.0,4576,2539,6,4,1.382,0.5341,0.6443,1264.9110640673516,0,0,16,VEG_AGRI,1.0,0.0,train
940,1,0.0001,40.0,4579,3548,1,1,1.0,0.7854,,0.0,0,0,1,PRE_EXISTING_WATER,0.0,0.0,test
941,9,0.0009000000000000001,120.0,4580,2756,3,3,1.0,0.7854,1.0,696.3476143421474,0,0,9,WETLAND,0.0,1.0,train
942,7,0.0007,120.0,4582,3540,4,2,2.181,0.6109,0.7464,0.0,0,0,7,PRE_EXISTING_WATER,0.0,0.0,test
943,35,0.0035,260.0,4584,2748,6,7,1.181,0.6506,0.7416,724.4308110509934,0,0,10,WETLAND,0.0,1.0,train
944,41,0.0041,320.0,4586,3560,6,10,1.925,0.5031,0.656,64.03124237432849,0,41,0,VEG_AGRI,1.0,0.0,test
945,2,0.0002,60.0,4586,3578,2,1,1.0,0.6981,,156.5247584249853,0,1,1,VEG_AGRI,1.0,0.0,test
946,541,0.0541,2260.0,4587,861,30,36,1.254,0.1331,0.4804,522.0153254455274,0,0,528,VEG_AGRI,1.0,0.0,val
947,3,0.00030000000000000003,80.0,4587,1843,2,2,1.732,0.589,0.7279,877.2684879784524,0,0,0,WETLAND,0.0,1.0,test
948,35,0.0035,280.0,4587,3547,6,8,1.347,0.561,0.6664,0.0,9,3,20,VEG_AGRI,0.42857142857142855,0.11428571428571428,test
949,21,0.0021000000000000003,200.0,4593,1829,4,6,1.505,0.6597,0.7768,942.5497334358544,0,0,7,WETLAND,0.0,1.0,test
950,233,0.0233,960.0,4595,3531,20,26,2.679,0.3177,0.5678,10.0,19,76,135,VEG_AGRI,0.9227467811158798,0.04721030042918455,test
951,1,0.0001,40.0,4596,915,1,1,1.0,0.7854,,452.76925690687085,0,0,1,VEG_AGRI,1.0,0.0,val
952,83,0.0083,780.0,4596,975,8,29,4.676,0.1714,0.3709,417.73197148410844,0,0,83,VEG_AGRI,1.0,0.0,val
953,60,0.006,440.0,4598,898,7,14,2.986,0.3895,0.6681,439.31765272977594,0,0,59,VEG_AGRI,1.0,0.0,val
954,39,0.0039000000000000003,460.0,4599,1008,6,16,5.254,0.2316,0.5416,675.4257916307313,0,0,39,VEG_AGRI,1.0,0.0,val
955,13,0.0013000000000000002,160.0,4600,2760,4,4,1.161,0.6381,0.7133,896.9392398596461,0,0,13,WETLAND,0.0,1.0,train
956,6,0.0006000000000000001,140.0,4601,973,4,3,2.808,0.3847,0.5539,374.8332962798263,0,0,6,VEG_AGRI,1.0,0.0,val
957,15,0.0015,180.0,4602,2340,4,5,1.137,0.5818,0.6661,1400.0,0,15,0,BUILT_UP,0.0,0.0,train
958,6,0.0006000000000000001,120.0,4604,1032,3,3,1.354,0.5236,0.7962,883.2326986700617,0,0,6,VEG_AGRI,1.0,0.0,val
959,2,0.0002,60.0,4605,977,2,1,1.0,0.6981,,378.021163428716,0,0,2,VEG_AGRI,1.0,0.0,val
960,11,0.0011,140.0,4607,901,3,4,1.417,0.7053,0.7216,453.43136195018536,0,0,11,VEG_AGRI,1.0,0.0,val
961,127,0.012700000000000001,600.0,4610,1004,11,17,1.957,0.4433,0.6353,580.5170109479997,0,0,127,VEG_AGRI,1.0,0.0,val
962,14,0.0014,180.0,4624,3476,4,5,1.607,0.543,0.6674,0.0,0,0,14,PRE_EXISTING_WATER,0.0,0.0,test
963,46,0.0046,320.0,4627,3465,5,11,2.424,0.5645,0.8224,0.0,0,0,46,PRE_EXISTING_WATER,0.0,0.0,test
964,230,0.023,860.0,4627,3693,18,22,1.464,0.3908,0.4756,336.1547262794322,0,22,18,WETLAND,0.0,1.0,test
965,4,0.0004,80.0,4639,2047,2,2,1.0,0.7854,1.0,290.0,0,0,4,WETLAND,0.0,1.0,test
966,59,0.0059,480.0,4643,2054,10,14,2.654,0.3218,0.5523,170.0,0,0,11,WETLAND,0.0,1.0,test
967,123,0.0123,540.0,4646,3753,11,16,1.49,0.5301,0.6905,42.426406871192846,0,5,11,WETLAND,0.0,1.0,outside_patches
968,38,0.0038,320.0,4647,2019,7,9,1.44,0.4663,0.6528,290.0,0,0,12,WETLAND,0.0,1.0,test
969,3,0.00030000000000000003,80.0,4648,3455,1,3,31622.777,0.589,1.0,0.0,0,0,3,PRE_EXISTING_WATER,0.0,0.0,test
970,22,0.0022,260.0,4658,3449,6,7,2.149,0.409,0.6854,0.0,0,0,22,PRE_EXISTING_WATER,0.0,0.0,test
971,21,0.0021000000000000003,240.0,4664,3443,6,6,1.802,0.4581,0.612,0.0,0,0,21,PRE_EXISTING_WATER,0.0,0.0,test
972,11,0.0011,160.0,4665,2086,4,4,1.502,0.54,0.7083,92.19544457292886,0,0,11,WETLAND,0.0,1.0,test
973,2850,0.28500000000000003,5340.0,4665,3683,74,86,1.839,0.1256,0.4825,0.0,1658,168,614,WETLAND,0.002456140350877193,0.9873684210526316,outside_patches
974,2,0.0002,60.0,4668,2046,1,2,1.0,0.6981,,14.142135623730951,0,0,1,WETLAND,0.0,1.0,test
975,908,0.0908,2380.0,4670,612,58,32,2.261,0.2014,0.5352,1972.2322378462432,0,0,840,VEG_AGRI,1.0,0.0,val
976,15,0.0015,220.0,4671,3444,6,5,2.598,0.3895,0.685,0.0,0,0,15,PRE_EXISTING_WATER,0.0,0.0,test
977,10,0.001,160.0,4679,2044,4,4,1.668,0.4909,0.6901,0.0,0,0,5,WETLAND,0.0,0.7,test
978,61021,6.1021,58620.0,4679,2248,222,558,2.343,0.0223,0.5062,0.0,38290,647,14505,WETLAND,0.014978450041788893,0.8537061011782829,train
979,30,0.003,240.0,4680,2744,5,7,1.372,0.6545,0.8135,547.4486277268398,0,2,1,WETLAND,0.0,1.0,train
980,34,0.0034000000000000002,280.0,4683,2756,6,8,1.412,0.545,0.6877,415.9326868617085,0,0,16,WETLAND,0.0,1.0,train
981,6,0.0006000000000000001,120.0,4688,2798,2,4,2.031,0.5236,0.75,56.568542494923804,0,0,1,WETLAND,0.0,1.0,train
982,5,0.0005,100.0,4689,2038,2,3,1.732,0.6283,0.687,0.0,0,0,4,WETLAND,0.0,0.8,test
983,2,0.0002,60.0,4694,645,2,1,1.0,0.6981,,2381.5961034566717,0,0,2,VEG_AGRI,1.0,0.0,val
984,18,0.0018000000000000002,200.0,4696,2578,4,6,1.591,0.5655,0.75,20.0,6,0,11,WETLAND,0.05555555555555555,0.9444444444444444,train
985,21,0.0021000000000000003,260.0,4701,3400,7,6,2.346,0.3904,0.6457,0.0,0,0,21,PRE_EXISTING_WATER,0.0,0.0,test
986,15,0.0015,180.0,4717,1834,4,5,1.791,0.5818,0.6774,1066.255128944288,0,15,0,BUILT_UP,0.0,0.0,test
987,3,0.00030000000000000003,80.0,4725,2852,2,2,1.732,0.589,0.7279,142.12670403551894,0,3,0,WETLAND,0.0,1.0,train
988,17,0.0017000000000000001,200.0,4727,3691,5,5,1.148,0.5341,0.7116,134.1640786499874,0,0,5,WETLAND,0.0,1.0,test
989,54,0.0054,400.0,4728,2005,11,9,2.488,0.4241,0.6525,0.0,2,1,34,WETLAND,0.0,0.6851851851851852,test
990,66,0.0066,520.0,4733,2348,6,19,4.908,0.3067,0.6641,80.62257748298549,0,0,58,WETLAND,0.3787878787878788,0.6212121212121212,train
991,1,0.0001,40.0,4735,2789,1,1,1.0,0.7854,,76.15773105863909,0,0,1,BUILT_UP,0.0,0.0,train
992,16,0.0016,180.0,4739,2378,5,4,1.096,0.6206,0.6637,160.0,0,0,13,WETLAND,0.0,1.0,train
993,223,0.0223,1040.0,4739,3674,18,25,1.53,0.2591,0.4903,0.0,0,47,137,VEG_AGRI,0.6681614349775785,0.013452914798206279,test
994,188771,18.877100000000002,123500.0,4739,2931,838,838,2.976,0.0156,0.334,0.0,134606,3173,21796,WETLAND,0.018837639256029794,0.9648251055511705,test
995,78,0.0078000000000000005,580.0,4745,2043,9,17,1.88,0.2914,0.5174,0.0,0,0,78,PRE_EXISTING_WATER,0.0,0.0,test
996,162,0.0162,760.0,4747,2316,18,17,1.342,0.3525,0.5385,0.0,10,0,100,WETLAND,0.024691358024691357,0.5185185185185185,train
997,9,0.0009000000000000001,140.0,4748,2074,5,2,2.71,0.577,0.7912,0.0,0,0,9,PRE_EXISTING_WATER,0.0,0.0,test
998,19836,1.9836,42800.0,4749,1976,273,206,1.466,0.0136,0.3389,0.0,695,19,18382,PRE_EXISTING_WATER,0.002772736438798145,0.11554748941318814,test
999,18,0.0018000000000000002,200.0,4749,2268,5,5,1.42,0.5655,0.658,264.0075756488817,0,0,18,VEG_AGRI,1.0,0.0,outside_patches
1000,2023,0.2023,5980.0,4751,2204,68,109,2.6,0.0711,0.3115,0.0,340,3,1220,WETLAND,0.04844290657439446,0.7335640138408305,outside_patches
1001,1,0.0001,40.0,4758,2014,1,1,1.0,0.7854,,0.0,0,0,1,PRE_EXISTING_WATER,0.0,0.0,test
1002,16,0.0016,180.0,4758,2141,5,4,1.314,0.6206,0.7466,53.85164807134504,0,0,16,WETLAND,0.1875,0.8125,test
1003,179,0.0179,780.0,4766,3011,13,24,2.214,0.3697,0.5923,0.0,0,53,117,BUILT_UP,0.061452513966480445,0.0,train
1004,27,0.0027,240.0,4767,2141,6,6,1.289,0.589,0.7737,44.721359549995796,0,1,26,WETLAND,0.0,1.0,test
1005,72,0.007200000000000001,520.0,4767,3061,6,20,4.171,0.3346,0.6177,70.0,0,72,0,BUILT_UP,0.0,0.0,train
1006,173,0.0173,900.0,4769,2364,16,24,1.538,0.2684,0.4463,0.0,0,0,173,PRE_EXISTING_WATER,0.0,0.0,train
1007,244,0.0244,1020.0,4769,2907,19,25,2.01,0.2947,0.5521,0.0,58,28,114,PRE_EXISTING_WATER,0.040983606557377046,0.32786885245901637,train
1008,11,0.0011,180.0,4770,2076,3,6,3.019,0.4266,0.6109,0.0,0,0,11,PRE_EXISTING_WATER,0.0,0.0,test
1009,64,0.0064,400.0,4771,2995,8,12,1.515,0.5027,0.6608,0.0,10,2,48,VEG_AGRI,0.6875,0.0625,train
1010,67,0.0067,480.0,4772,2390,11,13,2.613,0.3654,0.6218,0.0,0,0,67,PRE_EXISTING_WATER,0.0,0.0,train
1011,131,0.0131,680.0,4774,3353,14,20,3.111,0.356,0.7079,0.0,48,23,44,WETLAND,0.2366412213740458,0.5267175572519084,test
1012,214,0.021400000000000002,800.0,4775,3080,18,21,1.312,0.4202,0.5261,0.0,0,32,169,PRE_EXISTING_WATER,0.037383177570093455,0.0,train
1013,45,0.0045000000000000005,340.0,4776,3389,5,12,2.601,0.4892,0.733,0.0,0,24,7,PRE_EXISTING_WATER,0.3333333333333333,0.0,test
1014,69,0.006900000000000001,600.0,4777,3039,5,23,5.53,0.2409,0.5853,0.0,0,5,59,PRE_EXISTING_WATER,0.10144927536231885,0.0,train
1015,15,0.0015,180.0,4778,2342,5,4,1.172,0.5818,0.6327,0.0,0,0,15,PRE_EXISTING_WATER,0.0,0.0,train
1016,1,0.0001,40.0,4780,2077,1,1,1.0,0.7854,,0.0,0,0,1,PRE_EXISTING_WATER,0.0,0.0,test
1017,87,0.008700000000000001,540.0,4781,3112,8,19,2.998,0.3749,0.6396,0.0,0,0,67,PRE_EXISTING_WATER,0.0,0.0,train
1018,7,0.0007,140.0,4782,2891,3,4,2.538,0.4488,0.6437,22.360679774997898,4,0,1,WETLAND,0.0,1.0,train
1019,44,0.0044,340.0,4782,3006,8,8,1.038,0.4783,0.661,10.0,7,0,8,WETLAND,0.25,0.6818181818181818,train
1020,20,0.002,220.0,4783,2980,3,8,2.988,0.5193,0.7095,30.0,11,0,9,WETLAND,0.4,0.6,train
1021,89,0.0089,460.0,4785,1982,11,12,1.286,0.5285,0.6837,0.0,0,5,83,PRE_EXISTING_WATER,0.25842696629213485,0.07865168539325842,test
1022,11,0.0011,160.0,4785,2146,4,4,1.973,0.54,0.6644,110.0,0,0,11,WETLAND,0.2727272727272727,0.7272727272727273,test
1023,119,0.0119,660.0,4786,3368,11,22,3.753,0.3433,0.6393,0.0,1,6,97,PRE_EXISTING_WATER,0.07563025210084033,0.0,test
1024,1,0.0001,40.0,4787,2335,1,1,1.0,0.7854,,0.0,0,0,1,PRE_EXISTING_WATER,0.0,0.0,train
1025,13,0.0013000000000000002,200.0,4787,3073,4,6,2.002,0.4084,0.542,0.0,0,0,10,PRE_EXISTING_WATER,0.0,0.0,train
1026,49,0.0049,500.0,4788,3134,4,20,5.725,0.2463,0.5841,0.0,0,0,49,PRE_EXISTING_WATER,0.0,0.0,train
1027,26,0.0026000000000000003,280.0,4789,3106,6,8,1.716,0.4167,0.5792,0.0,0,1,20,PRE_EXISTING_WATER,0.038461538461538464,0.0,train
1028,60,0.006,380.0,4790,3280,8,11,1.65,0.5221,0.731,0.0,0,9,21,PRE_EXISTING_WATER,0.0,0.0,test
1029,7,0.0007,120.0,4791,2315,3,3,1.449,0.6109,0.6511,0.0,0,0,7,PRE_EXISTING_WATER,0.0,0.0,train
1030,12,0.0012000000000000001,160.0,4791,2337,5,3,1.761,0.589,0.6335,0.0,0,0,12,PRE_EXISTING_WATER,0.0,0.0,train
1031,6,0.0006000000000000001,100.0,4792,2137,2,3,1.633,0.754,1.0,20.0,2,0,1,WETLAND,0.0,1.0,test
1032,1,0.0001,40.0,4792,3269,1,1,1.0,0.7854,,50.99019513592785,0,1,0,BUILT_UP,0.0,0.0,test
1033,28,0.0028,260.0,4794,2242,5,8,1.555,0.5205,0.6524,0.0,0,0,28,PRE_EXISTING_WATER,0.0,0.0,outside_patches
1034,70,0.007,500.0,4795,2258,10,15,2.532,0.3519,0.5306,0.0,0,0,70,PRE_EXISTING_WATER,0.0,0.0,outside_patches
1035,5,0.0005,100.0,4796,3239,3,2,1.732,0.6283,0.687,150.0,0,5,0,BUILT_UP,0.0,0.0,test
1036,36,0.0036000000000000003,300.0,4798,2348,8,7,1.024,0.5027,0.5684,0.0,0,0,36,PRE_EXISTING_WATER,0.0,0.0,train
1037,189,0.0189,1320.0,4799,3170,12,50,9.534,0.1363,0.4944,0.0,6,0,165,PRE_EXISTING_WATER,0.0,0.0,train
1038,15,0.0015,180.0,4802,1332,4,5,1.477,0.5818,0.6878,1674.873129523547,0,0,15,VEG_AGRI,1.0,0.0,test
1039,44,0.0044,380.0,4802,3352,8,11,2.262,0.3829,0.6273,0.0,0,0,39,PRE_EXISTING_WATER,0.0,0.0,test
1040,5,0.0005,120.0,4803,3271,2,4,3.401,0.4363,0.6217,0.0,0,0,0,PRE_EXISTING_WATER,0.0,0.0,test
1041,13,0.0013000000000000002,180.0,4806,2153,5,4,1.314,0.5042,0.684,60.0,0,0,13,VEG_AGRI,0.6923076923076923,0.3076923076923077,test
1042,722,0.0722,2260.0,4806,2504,36,49,2.059,0.1776,0.4459,0.0,0,0,722,PRE_EXISTING_WATER,0.0,0.0,train
1043,19,0.0019,220.0,4807,2227,8,3,2.564,0.4933,0.6392,0.0,0,0,19,PRE_EXISTING_WATER,0.0,0.0,outside_patches
1044,21,0.0021000000000000003,220.0,4807,3364,4,7,1.638,0.5452,0.7209,0.0,0,0,21,PRE_EXISTING_WATER,0.0,0.0,test
1045,2,0.0002,60.0,4810,2452,2,1,1.0,0.6981,,82.46211251235322,0,0,0,WETLAND,0.0,1.0,train
1046,9,0.0009000000000000001,160.0,4810,3581,3,4,1.684,0.4418,0.617,0.0,0,0,7,PRE_EXISTING_WATER,0.0,0.3333333333333333,test
1047,44,0.0044,400.0,4811,3065,10,10,1.93,0.3456,0.4202,0.0,0,22,22,BUILT_UP,0.045454545454545456,0.0,train
1048,64,0.0064,420.0,4811,3606,7,14,2.078,0.4559,0.602,28.284271247461902,1,12,49,VEG_AGRI,1.0,0.0,test
1049,5127,0.5127,10980.0,4813,2773,104,167,1.462,0.0534,0.2962,0.0,836,27,3790,WETLAND,0.015993758533255315,0.8921396528184123,train
1050,3,0.00030000000000000003,80.0,4813,3120,2,2,1.732,0.589,0.7279,0.0,0,0,0,PRE_EXISTING_WATER,0.0,0.0,train
1051,10,0.001,140.0,4814,3086,4,3,1.369,0.6411,0.8333,60.0,0,10,0,BUILT_UP,0.0,0.0,train
1052,80,0.008,500.0,4814,3229,8,17,3.148,0.4021,0.6362,0.0,0,0,76,PRE_EXISTING_WATER,0.0,0.0,test
1053,2,0.0002,60.0,4815,2547,2,1,1.0,0.6981,,0.0,0,0,2,PRE_EXISTING_WATER,0.0,0.0,train
1054,11,0.0011,160.0,4817,3564,3,5,2.359,0.54,0.6982,0.0,0,0,10,PRE_EXISTING_WATER,0.0,0.18181818181818182,test
1055,77,0.0077,460.0,4818,2550,13,10,2.183,0.4573,0.6114,0.0,0,0,77,PRE_EXISTING_WATER,0.0,0.0,train
1056,75,0.007500000000000001,500.0,4818,3202,10,15,3.062,0.377,0.6073,0.0,0,0,70,PRE_EXISTING_WATER,0.32,0.0,test
1057,6,0.0006000000000000001,120.0,4818,3385,2,4,2.031,0.5236,0.75,28.284271247461902,0,0,6,VEG_AGRI,1.0,0.0,test
1058,143,0.0143,1000.0,4818,3569,13,36,8.049,0.1797,0.5207,20.0,3,24,108,VEG_AGRI,0.7832167832167832,0.055944055944055944,test
1059,7,0.0007,140.0,4820,3322,5,2,2.817,0.4488,0.6534,0.0,3,0,3,WETLAND,0.14285714285714285,0.5714285714285714,test
1060,130,0.013000000000000001,860.0,4822,3067,8,32,5.185,0.2209,0.554,0.0,0,60,47,PRE_EXISTING_WATER,0.0,0.0,train
1061,116,0.011600000000000001,780.0,4823,3346,9,29,5.315,0.2396,0.5509,0.0,0,9,99,PRE_EXISTING_WATER,0.0603448275862069,0.0,test
1062,175,0.0175,960.0,4824,3117,17,26,2.049,0.2386,0.4986,0.0,0,58,113,BUILT_UP,0.10285714285714286,0.0,train
1063,12,0.0012000000000000001,180.0,4825,2201,5,4,1.56,0.4654,0.7329,0.0,0,0,12,PRE_EXISTING_WATER,0.0,0.0,outside_patches
1064,557,0.0557,2620.0,4828,3269,63,55,6.0,0.102,0.331,0.0,205,53,178,WETLAND,0.2746858168761221,0.5816876122082585,test
1065,28,0.0028,280.0,4831,1981,10,4,2.654,0.4488,0.6482,0.0,0,0,25,PRE_EXISTING_WATER,0.0,0.2857142857142857,test
1066,25,0.0025,240.0,4831,2122,5,7,1.465,0.5454,0.6903,0.0,0,0,25,PRE_EXISTING_WATER,0.0,0.0,test
1067,37,0.0037,280.0,4831,3526,6,8,1.322,0.5931,0.6634,0.0,3,0,32,PRE_EXISTING_WATER,0.0,0.3783783783783784,test
1068,21,0.0021000000000000003,240.0,4832,3105,6,6,1.536,0.4581,0.6737,0.0,0,1,7,PRE_EXISTING_WATER,0.23809523809523808,0.0,train
1069,9,0.0009000000000000001,180.0,4832,3224,5,4,3.773,0.3491,0.6348,0.0,0,0,9,PRE_EXISTING_WATER,0.0,0.0,test
1070,3,0.00030000000000000003,80.0,4833,2523,3,1,31622.777,0.589,1.0,0.0,0,0,3,PRE_EXISTING_WATER,0.0,0.0,train
1071,1,0.0001,40.0,4833,3157,1,1,1.0,0.7854,,113.13708498984761,0,1,0,BUILT_UP,0.0,0.0,train
1072,50,0.005,420.0,4835,2194,14,7,2.813,0.3562,0.5067,0.0,0,0,43,PRE_EXISTING_WATER,0.0,0.22,outside_patches
1073,23,0.0023,220.0,4835,3088,5,6,1.34,0.5972,0.7526,10.0,0,23,0,BUILT_UP,0.08695652173913043,0.0,train
1074,1,0.0001,40.0,4837,2545,1,1,1.0,0.7854,,0.0,0,0,1,PRE_EXISTING_WATER,0.0,0.0,train
1075,16,0.0016,200.0,4839,3338,4,6,1.77,0.5027,0.6657,0.0,0,0,16,PRE_EXISTING_WATER,0.0,0.0,test
1076,2,0.0002,80.0,4839,3377,2,2,1.0,0.3927,,56.568542494923804,0,2,0,VEG_AGRI,1.0,0.0,test
1077,1,0.0001,40.0,4841,2116,1,1,1.0,0.7854,,0.0,0,0,1,PRE_EXISTING_WATER,0.0,0.0,test
1078,69,0.006900000000000001,560.0,4843,2119,11,15,2.931,0.2765,0.5193,0.0,0,0,69,PRE_EXISTING_WATER,0.0,0.0,test
1079,12,0.0012000000000000001,180.0,4843,2800,5,4,2.303,0.4654,0.6275,0.0,1,0,6,WETLAND,0.0,0.75,train
1080,25,0.0025,260.0,4845,1598,9,4,1.945,0.4647,0.5828,378.549864614954,0,0,24,VEG_AGRI,1.0,0.0,test
1081,290,0.029,900.0,4845,1600,24,19,1.356,0.4499,0.5864,234.0939982143925,0,0,281,VEG_AGRI,1.0,0.0,test
1082,8,0.0008,140.0,4845,3052,3,4,1.483,0.5129,0.628,36.05551275463989,0,5,3,BUILT_UP,0.0,0.0,train
1083,19,0.0019,200.0,4845,3060,3,7,2.496,0.5969,0.7877,0.0,0,0,14,PRE_EXISTING_WATER,0.10526315789473684,0.0,train
1084,4,0.0004,80.0,4847,2139,2,2,1.0,0.7854,1.0,0.0,0,0,4,PRE_EXISTING_WATER,0.0,0.0,test
1085,15,0.0015,180.0,4848,2814,3,6,2.133,0.5818,0.7794,20.0,1,0,12,WETLAND,0.0,1.0,train
1086,2,0.0002,60.0,4848,3195,2,1,1.0,0.6981,,80.0,0,2,0,BUILT_UP,0.0,0.0,train
1087,6,0.0006000000000000001,100.0,4849,3336,2,3,1.633,0.754,1.0,70.0,0,6,0,VEG_AGRI,0.8333333333333334,0.0,test
1088,1240,0.124,3020.0,4850,2190,47,66,1.792,0.1709,0.4454,0.0,145,11,518,WETLAND,0.00967741935483871,0.8435483870967742,outside_patches
1089,13,0.0013000000000000002,180.0,4850,3142,5,4,1.975,0.5042,0.643,10.0,0,12,0,BARE_SAND,0.07692307692307693,0.0,train
1090,85,0.0085,480.0,4853,2886,15,8,2.063,0.4636,0.6366,0.0,7,0,64,PRE_EXISTING_WATER,0.0,0.4588235294117647,train
1091,3,0.00030000000000000003,80.0,4853,3349,2,2,1.732,0.589,0.7279,90.0,0,3,0,VEG_AGRI,1.0,0.0,test
1092,1359,0.1359,1860.0,4855,3293,43,48,1.457,0.4936,0.7044,40.0,950,25,210,WETLAND,0.0029433406916850625,0.9970566593083149,test
1093,101,0.010100000000000001,660.0,4865,2276,7,26,5.94,0.2914,0.6898,0.0,25,1,65,WETLAND,0.039603960396039604,0.504950495049505,outside_patches
1094,13,0.0013000000000000002,160.0,4865,3190,4,4,1.161,0.6381,0.7133,0.0,0,0,9,BUILT_UP,0.0,0.0,train
1095,84,0.008400000000000001,500.0,4869,647,9,16,2.612,0.4222,0.6501,1212.7654348636427,0,0,80,VEG_AGRI,1.0,0.0,val
1096,1,0.0001,40.0,4869,2045,1,1,1.0,0.7854,,0.0,0,0,1,PRE_EXISTING_WATER,0.0,0.0,test
1097,129,0.0129,720.0,4871,2892,26,10,4.807,0.3127,0.6417,0.0,2,0,114,PRE_EXISTING_WATER,0.0,0.40310077519379844,train
1098,1,0.0001,40.0,4872,1988,1,1,1.0,0.7854,,0.0,0,0,1,PRE_EXISTING_WATER,0.0,0.0,test
1099,10,0.001,140.0,4872,2989,3,4,1.369,0.6411,0.8333,78.10249675906654,0,10,0,BUILT_UP,0.0,0.0,train
1100,12,0.0012000000000000001,160.0,4873,626,4,4,1.148,0.589,0.6408,1006.8763578513501,0,0,5,VEG_AGRI,1.0,0.0,val
1101,16,0.0016,180.0,4873,632,4,5,1.424,0.6206,0.7083,1067.3799698326739,0,0,9,VEG_AGRI,1.0,0.0,val
1102,13,0.0013000000000000002,160.0,4873,2091,3,5,1.691,0.6381,0.8667,0.0,0,0,13,PRE_EXISTING_WATER,0.0,0.0,test
1103,32,0.0032,320.0,4873,2334,7,9,2.348,0.3927,0.6743,60.82762530298219,0,1,27,VEG_AGRI,1.0,0.0,train
1104,42,0.004200000000000001,320.0,4874,2075,6,10,1.601,0.5154,0.6743,0.0,0,0,42,PRE_EXISTING_WATER,0.0,0.0,test
1105,115,0.0115,520.0,4876,611,15,10,1.674,0.5344,0.6252,830.2409288875127,0,6,2,VEG_AGRI,1.0,0.0,val
1106,1,0.0001,40.0,4876,2070,1,1,1.0,0.7854,,0.0,0,0,1,PRE_EXISTING_WATER,0.0,0.0,test
1107,15,0.0015,180.0,4876,3071,4,5,1.399,0.5818,0.6785,263.0589287593181,0,15,0,BUILT_UP,0.0,0.0,train
1108,12,0.0012000000000000001,180.0,4876,3456,4,5,2.307,0.4654,0.6246,0.0,0,0,10,PRE_EXISTING_WATER,0.0,0.08333333333333333,test
1109,75806,7.5806000000000004,90160.0,4877,2194,336,552,2.278,0.0117,0.4103,0.0,40033,931,22488,WETLAND,0.012136242513785188,0.8095929082130702,train
1110,8,0.0008,140.0,4878,3113,3,4,2.142,0.5129,0.6604,56.568542494923804,0,8,0,BUILT_UP,0.0,0.0,train
1111,150,0.015000000000000001,700.0,4879,2772,20,14,1.896,0.3847,0.5658,0.0,9,0,123,WETLAND,0.0,0.6066666666666667,train
1112,32,0.0032,280.0,4880,2107,6,8,1.467,0.5129,0.6511,0.0,0,0,32,PRE_EXISTING_WATER,0.0,0.0,test
1113,30,0.003,260.0,4881,629,5,8,1.591,0.5577,0.6954,1017.8899744078434,0,0,30,VEG_AGRI,1.0,0.0,val
1114,1,0.0001,40.0,4881,2014,1,1,1.0,0.7854,,0.0,0,0,1,PRE_EXISTING_WATER,0.0,0.0,test
1115,93,0.009300000000000001,520.0,4881,3442,14,11,1.472,0.4322,0.5971,0.0,27,0,50,WETLAND,0.0,0.6236559139784946,test
1116,16,0.0016,200.0,4882,2152,4,6,1.677,0.5027,0.6396,0.0,0,0,16,PRE_EXISTING_WATER,0.0,0.0,test
1117,22,0.0022,220.0,4883,1966,5,6,1.215,0.5712,0.6308,98.48857801796103,0,0,0,WETLAND,0.0,1.0,test
1118,24,0.0024000000000000002,220.0,4883,2910,5,6,1.398,0.6231,0.6551,80.0,0,0,18,WETLAND,0.0,1.0,train
1119,7,0.0007,140.0,4883,3392,2,5,2.817,0.4488,0.6534,0.0,0,0,7,PRE_EXISTING_WATER,0.0,0.0,test
1120,1,0.0001,40.0,4884,2034,1,1,1.0,0.7854,,0.0,0,0,1,PRE_EXISTING_WATER,0.0,0.0,test
1121,83,0.0083,700.0,4886,2093,11,18,3.037,0.2129,0.4509,0.0,0,0,83,PRE_EXISTING_WATER,0.0,0.0,test
1122,14,0.0014,160.0,4886,2186,3,5,1.732,0.6872,0.7989,0.0,4,0,6,WETLAND,0.07142857142857142,0.5,outside_patches
1123,56,0.0056,400.0,4886,3174,8,12,1.962,0.4398,0.6722,0.0,0,17,22,PRE_EXISTING_WATER,0.0,0.0,train
1124,151,0.0151,640.0,4886,3454,13,19,1.707,0.4633,0.5771,10.0,5,39,71,VEG_AGRI,0.6225165562913907,0.2119205298013245,test
1125,23,0.0023,220.0,4887,1977,5,6,1.233,0.5972,0.7368,0.0,0,0,4,WETLAND,0.0,0.9130434782608695,test
1126,6,0.0006000000000000001,100.0,4887,2944,2,3,1.633,0.754,1.0,86.02325267042627,0,6,0,BARE_SAND,0.0,0.0,train
1127,6,0.0006000000000000001,140.0,4888,3217,2,5,3.464,0.3847,0.6,0.0,0,0,6,PRE_EXISTING_WATER,0.0,0.0,test
1128,481,0.048100000000000004,1720.0,4889,2912,32,39,1.757,0.2043,0.456,0.0,0,237,180,BUILT_UP,0.029106029106029108,0.08316008316008316,train
1129,13,0.0013000000000000002,180.0,4889,3373,3,6,2.399,0.5042,0.6791,14.142135623730951,6,0,1,WETLAND,0.46153846153846156,0.5384615384615384,test
1130,8,0.0008,140.0,4889,3415,3,4,1.715,0.5129,0.6658,0.0,5,0,1,WETLAND,0.375,0.625,test
1131,42,0.004200000000000001,320.0,4892,2076,8,8,1.422,0.5154,0.6986,0.0,0,0,42,PRE_EXISTING_WATER,0.0,0.0,test
1132,157,0.015700000000000002,1080.0,4893,2532,11,34,4.044,0.1691,0.4179,0.0,47,2,74,WETLAND,0.09554140127388536,0.6496815286624203,train
1133,13,0.0013000000000000002,180.0,4893,2573,2,7,3.824,0.5042,0.8454,36.05551275463989,0,0,13,WETLAND,0.0,1.0,train
1134,19,0.0019,200.0,4893,3133,4,6,1.422,0.5969,0.7605,30.0,0,19,0,BUILT_UP,0.0,0.0,train
1135,44,0.0044,340.0,4893,3395,7,10,2.028,0.4783,0.6837,0.0,25,0,10,WETLAND,0.22727272727272727,0.5909090909090909,test
1136,227,0.0227,1180.0,4894,770,22,22,1.917,0.2049,0.4215,1647.5436261295179,0,0,213,VEG_AGRI,1.0,0.0,val
1137,239,0.0239,1200.0,4894,1968,25,25,2.414,0.2086,0.4298,0.0,10,0,105,WETLAND,0.0,0.606694560669456,test
1138,19,0.0019,220.0,4894,2239,3,8,2.602,0.4933,0.7399,64.03124237432849,0,1,17,VEG_AGRI,0.6842105263157895,0.3157894736842105,outside_patches
1139,286,0.0286,1080.0,4895,3239,27,26,3.097,0.3081,0.5423,0.0,134,12,92,WETLAND,0.11888111888111888,0.6748251748251748,test
1140,168,0.016800000000000002,760.0,4898,3419,15,22,2.496,0.3655,0.5609,0.0,49,0,87,WETLAND,0.10714285714285714,0.5654761904761905,test
1141,50,0.005,420.0,4899,2222,10,8,1.532,0.3562,0.5428,50.0,0,4,27,WETLAND,0.38,0.4,outside_patches
1142,6259,0.6259,8180.0,4899,3234,103,152,1.759,0.1175,0.3704,0.0,3807,190,1006,WETLAND,0.014059753954305799,0.9787505991372424,test
1143,35,0.0035,280.0,4900,2091,6,8,1.369,0.561,0.6703,0.0,0,0,35,PRE_EXISTING_WATER,0.0,0.0,test
1144,636,0.0636,1960.0,4900,2231,40,50,2.038,0.208,0.3474,0.0,229,8,194,WETLAND,0.015723270440251572,0.8726415094339622,outside_patches
1145,16,0.0016,200.0,4902,2293,3,7,2.232,0.5027,0.7203,140.0,5,0,0,WETLAND,0.0,1.0,outside_patches
1146,39,0.0039000000000000003,320.0,4903,2406,6,10,1.938,0.4786,0.6171,0.0,0,0,30,PRE_EXISTING_WATER,0.0,0.0,train
1147,10,0.001,160.0,4903,3266,4,4,1.668,0.4909,0.6901,0.0,0,1,5,PRE_EXISTING_WATER,0.1,0.2,test
1148,9,0.0009000000000000001,140.0,4904,2461,3,4,1.39,0.577,0.6712,0.0,0,0,7,PRE_EXISTING_WATER,0.0,0.0,train
1149,144,0.014400000000000001,740.0,4904,2836,13,21,1.902,0.3305,0.5121,0.0,0,0,144,PRE_EXISTING_WATER,0.0,0.0,train
1150,21,0.0021000000000000003,360.0,4905,2502,4,14,9.735,0.2036,0.5652,44.721359549995796,19,0,2,WETLAND,0.0,1.0,train
1151,18,0.0018000000000000002,220.0,4905,3164,4,7,2.435,0.4673,0.6305,0.0,0,0,17,PRE_EXISTING_WATER,0.0,0.0,train
1152,12,0.0012000000000000001,160.0,4906,2216,3,5,2.07,0.589,0.6892,53.85164807134504,0,0,5,WETLAND,0.0,1.0,outside_patches
1153,4,0.0004,100.0,4906,2818,3,2,2.449,0.5027,0.6387,0.0,0,0,4,PRE_EXISTING_WATER,0.0,0.0,train
1154,68,0.0068000000000000005,560.0,4907,3450,16,10,3.411,0.2725,0.5628,36.05551275463989,0,14,53,VEG_AGRI,1.0,0.0,test
1155,314,0.031400000000000004,920.0,4908,3396,24,21,1.254,0.4662,0.6213,80.62257748298549,0,314,0,WETLAND,0.0,1.0,test
1156,1,0.0001,40.0,4910,2129,1,1,1.0,0.7854,,0.0,0,0,1,PRE_EXISTING_WATER,0.0,0.0,test
1157,1,0.0001,40.0,4910,2131,1,1,1.0,0.7854,,0.0,0,0,1,PRE_EXISTING_WATER,0.0,0.0,test
1158,118,0.0118,500.0,4910,2861,11,14,1.255,0.5931,0.7321,0.0,17,0,76,WETLAND,0.06779661016949153,0.5508474576271186,train
1159,84,0.008400000000000001,560.0,4911,3194,12,14,2.035,0.3366,0.597,0.0,0,0,84,PRE_EXISTING_WATER,0.0,0.0,test
1160,2,0.0002,60.0,4912,2367,1,2,1.0,0.6981,,20.0,1,0,0,WETLAND,0.0,1.0,train
1161,2,0.0002,60.0,4913,2229,2,1,1.0,0.6981,,0.0,0,0,1,PRE_EXISTING_WATER,0.0,0.5,outside_patches
1162,9,0.0009000000000000001,160.0,4913,2763,3,5,2.531,0.4418,0.6594,0.0,0,0,9,PRE_EXISTING_WATER,0.0,0.0,train
1163,27,0.0027,260.0,4913,2771,6,7,1.24,0.5019,0.6298,0.0,0,0,27,PRE_EXISTING_WATER,0.0,0.0,train
1164,39,0.0039000000000000003,380.0,4914,3021,11,7,1.822,0.3394,0.5063,0.0,0,37,0,BUILT_UP,0.0,0.0,train
1165,17,0.0017000000000000001,220.0,4914,3464,6,5,2.296,0.4414,0.6013,120.41594578792296,0,0,5,WETLAND,0.0,1.0,test
1166,54,0.0054,420.0,4915,2400,5,16,3.178,0.3847,0.6497,0.0,10,3,25,WETLAND,0.2777777777777778,0.3148148148148148,train
1167,392,0.0392,1820.0,4917,2738,40,30,1.444,0.1487,0.3297,0.0,23,3,326,PRE_EXISTING_WATER,0.0,0.22193877551020408,train
1168,61,0.0061,420.0,4917,3432,9,10,1.468,0.4346,0.5321,0.0,31,0,26,WETLAND,0.04918032786885246,0.819672131147541,test
1169,27,0.0027,240.0,4919,3737,7,5,1.749,0.589,0.658,454.8626166217664,0,0,26,WETLAND,0.2962962962962963,0.5555555555555556,outside_patches
1170,21,0.0021000000000000003,220.0,4920,2965,4,7,1.992,0.5452,0.6898,260.0,0,21,0,BARE_SAND,0.0,0.0,train
1171,15,0.0015,180.0,4923,2020,4,5,1.477,0.5818,0.6878,0.0,0,0,15,PRE_EXISTING_WATER,0.0,0.0,test
1172,17,0.0017000000000000001,200.0,4923,2205,3,7,2.409,0.5341,0.7237,0.0,0,0,9,WETLAND,0.0,0.7058823529411765,outside_patches
1173,1427,0.1427,2160.0,4923,2210,53,45,1.486,0.3843,0.5633,0.0,0,0,1427,PRE_EXISTING_WATER,0.0,0.0,outside_patches
1174,83,0.0083,580.0,4923,2426,11,18,3.201,0.3101,0.5192,0.0,32,1,26,WETLAND,0.0,0.8192771084337349,train
1175,13,0.0013000000000000002,180.0,4923,2736,5,4,1.982,0.5042,0.6043,90.0,0,0,7,WETLAND,0.0,1.0,train
1176,47,0.0047,360.0,4923,3383,7,11,2.186,0.4557,0.7139,60.0,0,47,0,WETLAND,0.0,1.0,test
1177,25,0.0025,280.0,4924,3189,6,8,2.166,0.4007,0.7029,0.0,0,0,25,PRE_EXISTING_WATER,0.0,0.0,train
1178,9,0.0009000000000000001,160.0,4925,2882,4,4,1.475,0.4418,0.6298,0.0,0,0,9,PRE_EXISTING_WATER,0.0,0.0,train
1179,13,0.0013000000000000002,160.0,4925,2944,4,4,1.174,0.6381,0.7487,130.0,0,13,0,BUILT_UP,0.0,0.0,train
1180,28,0.0028,320.0,4927,1972,10,6,3.001,0.3436,0.5206,94.86832980505139,0,0,0,WETLAND,0.0,1.0,test
1181,88,0.0088,440.0,4927,2643,9,13,1.336,0.5712,0.6272,0.0,0,0,88,PRE_EXISTING_WATER,0.0,0.0,train
1182,46,0.0046,440.0,4927,3443,10,12,4.059,0.2986,0.6898,10.0,17,0,18,WETLAND,0.043478260869565216,0.9130434782608695,test
1183,3,0.00030000000000000003,80.0,4928,2777,2,2,1.732,0.589,0.7279,0.0,0,0,3,PRE_EXISTING_WATER,0.0,0.0,train
1184,143,0.0143,640.0,4928,2922,16,15,1.65,0.4387,0.6361,0.0,0,9,130,PRE_EXISTING_WATER,0.0,0.0,train
1185,40,0.004,320.0,4929,3184,9,7,1.6,0.4909,0.6152,0.0,0,0,40,PRE_EXISTING_WATER,0.0,0.0,train
1186,172,0.0172,780.0,4929,3215,22,17,2.854,0.3553,0.6235,0.0,57,9,64,WETLAND,0.21511627906976744,0.6395348837209303,test
1187,10,0.001,140.0,4929,3745,3,4,1.369,0.6411,0.8333,584.1232746604094,0,0,10,VEG_AGRI,1.0,0.0,outside_patches
1188,10,0.001,140.0,4930,2863,4,3,1.323,0.6411,0.5931,0.0,0,0,10,PRE_EXISTING_WATER,0.0,0.0,train
1189,11,0.0011,200.0,4931,2663,6,3,2.783,0.3456,0.5915,0.0,0,0,11,PRE_EXISTING_WATER,0.0,0.0,train
1190,6,0.0006000000000000001,120.0,4931,2762,3,3,1.354,0.5236,0.7962,0.0,0,0,6,PRE_EXISTING_WATER,0.0,0.0,train
1191,15,0.0015,180.0,4932,2474,3,6,1.963,0.5818,0.7545,0.0,0,4,9,WETLAND,0.0,0.6666666666666666,train
1192,76,0.0076,540.0,4933,2449,6,20,4.422,0.3275,0.6427,0.0,4,0,48,PRE_EXISTING_WATER,0.0,0.4605263157894737,train
1193,28,0.0028,260.0,4933,3166,6,7,1.86,0.5205,0.6773,0.0,0,0,28,PRE_EXISTING_WATER,0.0,0.0,train
1194,78,0.0078000000000000005,400.0,4934,2487,8,12,1.558,0.6126,0.7352,0.0,33,6,18,WETLAND,0.0641025641025641,0.7307692307692307,train
1195,132,0.0132,880.0,4935,3137,16,24,2.465,0.2142,0.3826,0.0,0,0,132,PRE_EXISTING_WATER,0.0,0.0,train
1196,60,0.006,420.0,4938,2021,11,9,1.317,0.4274,0.6243,0.0,0,0,60,PRE_EXISTING_WATER,0.0,0.0,test
1197,1,0.0001,40.0,4938,2667,1,1,1.0,0.7854,,0.0,0,0,1,PRE_EXISTING_WATER,0.0,0.0,train
1198,2,0.0002,60.0,4938,2765,2,1,1.0,0.6981,,0.0,0,0,2,PRE_EXISTING_WATER,0.0,0.0,train
1199,8,0.0008,120.0,4939,3099,3,3,1.265,0.6981,0.6695,80.0,0,8,0,BARE_SAND,0.0,0.0,train
1200,793,0.07930000000000001,1760.0,4940,2165,42,32,1.753,0.3217,0.6523,0.0,197,12,256,WETLAND,0.0,0.8953341740226987,outside_patches
1201,285,0.0285,1260.0,4940,2663,28,27,1.886,0.2256,0.4421,0.0,0,0,285,PRE_EXISTING_WATER,0.0,0.0,train
1202,6,0.0006000000000000001,140.0,4940,2918,4,3,1.374,0.3847,0.4954,0.0,0,0,6,PRE_EXISTING_WATER,0.0,0.0,train
1203,61,0.0061,440.0,4941,2130,7,14,2.355,0.3959,0.6115,0.0,0,2,48,PRE_EXISTING_WATER,0.0,0.4098360655737705,test
1204,32,0.0032,260.0,4941,2935,6,7,1.199,0.5949,0.6377,14.142135623730951,2,3,22,BUILT_UP,0.3125,0.0,train
1205,22,0.0022,260.0,4942,2914,7,6,1.694,0.409,0.5519,0.0,0,0,22,PRE_EXISTING_WATER,0.0,0.0,train
1206,5,0.0005,120.0,4943,2642,4,2,3.516,0.4363,0.6101,0.0,0,0,5,PRE_EXISTING_WATER,0.0,0.0,train
1207,44,0.0044,320.0,4944,2501,7,9,1.717,0.54,0.6866,10.0,17,6,0,WETLAND,0.045454545454545456,0.9545454545454546,train
1208,22,0.0022,220.0,4944,3163,6,5,1.575,0.5712,0.6322,0.0,0,0,22,PRE_EXISTING_WATER,0.0,0.0,train
1209,199,0.0199,900.0,4944,3417,20,25,3.559,0.3087,0.6243,0.0,96,7,45,WETLAND,0.10050251256281408,0.8140703517587939,test
1210,290,0.029,1520.0,4946,3039,17,40,2.725,0.1577,0.3677,0.0,2,28,157,PRE_EXISTING_WATER,0.0,0.0,train
1211,15,0.0015,220.0,4946,3084,7,4,3.119,0.3895,0.5949,0.0,0,0,0,PRE_EXISTING_WATER,0.26666666666666666,0.0,train
1212,1307,0.1307,4220.0,4948,995,43,74,1.987,0.0922,0.4242,1850.6485349736183,0,0,1189,VEG_AGRI,1.0,0.0,val
1213,3183,0.3183,8880.0,4948,2063,111,121,1.349,0.0507,0.2241,0.0,74,28,2549,WETLAND,0.021991831605403706,0.9180018850141376,test
1214,131,0.0131,720.0,4948,2262,16,15,1.282,0.3176,0.5297,14.142135623730951,8,6,75,WETLAND,0.12213740458015267,0.8702290076335878,outside_patches
1215,50,0.005,320.0,4950,2642,8,8,1.259,0.6136,0.6439,0.0,0,0,50,PRE_EXISTING_WATER,0.0,0.0,train
1216,1143,0.1143,2600.0,4951,580,72,25,3.869,0.2125,0.6475,735.9347797189639,0,28,0,VEG_AGRI,1.0,0.0,val
1217,15,0.0015,180.0,4952,3354,4,5,1.399,0.5818,0.6785,36.05551275463989,0,15,0,VEG_AGRI,1.0,0.0,test
1218,21,0.0021000000000000003,220.0,4953,3130,5,6,1.497,0.5452,0.6111,0.0,0,0,21,PRE_EXISTING_WATER,0.0,0.0,train
1219,62,0.006200000000000001,400.0,4954,2926,11,9,1.335,0.4869,0.6554,30.0,8,0,30,WETLAND,0.14516129032258066,0.8548387096774194,train
1220,71,0.0071,460.0,4955,2292,13,10,1.548,0.4217,0.6267,0.0,0,0,57,PRE_EXISTING_WATER,0.0,0.352112676056338,outside_patches
1221,50,0.005,340.0,4955,2578,7,10,1.686,0.5435,0.6586,0.0,0,0,50,PRE_EXISTING_WATER,0.0,0.0,train
1222,13,0.0013000000000000002,160.0,4955,2813,4,4,1.174,0.6381,0.7487,0.0,0,0,13,PRE_EXISTING_WATER,0.0,0.0,train
1223,1,0.0001,40.0,4956,2031,1,1,1.0,0.7854,,0.0,0,0,1,PRE_EXISTING_WATER,0.0,0.0,test
1224,3,0.00030000000000000003,80.0,4956,3151,2,2,1.732,0.589,0.7279,0.0,0,0,3,PRE_EXISTING_WATER,0.0,0.0,train
1225,1,0.0001,40.0,4957,2681,1,1,1.0,0.7854,,0.0,0,0,1,PRE_EXISTING_WATER,0.0,0.0,train
1226,1,0.0001,40.0,4957,2683,1,1,1.0,0.7854,,0.0,0,0,1,PRE_EXISTING_WATER,0.0,0.0,train
1227,28,0.0028,260.0,4957,2731,7,6,1.645,0.5205,0.6564,0.0,0,0,28,PRE_EXISTING_WATER,0.0,0.07142857142857142,train
1228,10,0.001,160.0,4958,3117,4,4,1.556,0.4909,0.6846,0.0,0,0,10,PRE_EXISTING_WATER,0.0,0.0,train
1229,16,0.0016,200.0,4958,3351,4,6,1.563,0.5027,0.6479,60.0,0,13,3,VEG_AGRI,0.75,0.25,test
1230,24,0.0024000000000000002,220.0,4959,2317,5,6,1.322,0.6231,0.6633,0.0,0,0,24,PRE_EXISTING_WATER,0.0,0.0,train
1231,49,0.0049,320.0,4962,3083,8,8,1.493,0.6013,0.7118,20.0,0,35,13,BUILT_UP,0.02040816326530612,0.0,train
1232,457,0.045700000000000005,2200.0,4963,3034,42,37,1.97,0.1187,0.3461,0.0,0,122,259,PRE_EXISTING_WATER,0.024070021881838075,0.0,train
1233,187,0.0187,1080.0,4963,3183,30,24,5.868,0.2015,0.5918,10.0,101,4,39,WETLAND,0.3850267379679144,0.5026737967914439,train
1234,76,0.0076,380.0,4963,3749,10,9,1.096,0.6614,0.751,872.0091742636656,0,0,6,VEG_AGRI,1.0,0.0,outside_patches
1235,16,0.0016,200.0,4966,2305,5,5,1.263,0.5027,0.611,0.0,0,0,16,PRE_EXISTING_WATER,0.0,0.0,train
1236,16,0.0016,180.0,4966,2918,3,6,2.183,0.6206,0.7615,30.0,1,0,14,WETLAND,0.1875,0.4375,train
1237,35,0.0035,340.0,4966,3102,7,10,2.785,0.3805,0.5918,0.0,0,6,28,BUILT_UP,0.08571428571428572,0.0,train
1238,83,0.0083,700.0,4966,3423,11,23,4.642,0.2129,0.4794,41.23105625617661,0,35,48,VEG_AGRI,0.9156626506024096,0.0,test
1239,10,0.001,180.0,4967,3133,4,5,2.894,0.3879,0.5714,0.0,0,0,10,PRE_EXISTING_WATER,0.0,0.0,train
1240,22,0.0022,220.0,4970,2865,6,5,1.296,0.5712,0.6246,31.622776601683796,0,22,0,BUILT_UP,0.22727272727272727,0.0,train
1241,27,0.0027,240.0,4970,2892,5,7,1.459,0.589,0.7072,0.0,0,3,23,VEG_AGRI,0.5555555555555556,0.0,train
1242,84,0.008400000000000001,460.0,4971,2733,13,10,1.779,0.4989,0.6516,0.0,4,2,68,PRE_EXISTING_WATER,0.03571428571428571,0.2261904761904762,train
1243,11,0.0011,160.0,4971,3465,4,4,1.505,0.54,0.7367,120.83045973594572,0,1,10,VEG_AGRI,0.6363636363636364,0.0,test
1244,825,0.0825,3540.0,4973,3103,49,48,1.513,0.0827,0.394,0.0,0,0,825,PRE_EXISTING_WATER,0.0,0.0,train
1245,18,0.0018000000000000002,200.0,4973,3450,4,6,1.447,0.5655,0.6776,80.62257748298549,0,18,0,VEG_AGRI,0.6666666666666666,0.0,test
1246,66,0.0066,400.0,4973,3529,7,13,1.924,0.5184,0.6899,0.0,0,65,0,BUILT_UP,0.3333333333333333,0.045454545454545456,test
1247,117,0.0117,660.0,4975,2562,18,14,3.069,0.3375,0.662,0.0,0,0,117,PRE_EXISTING_WATER,0.0,0.0,train
1248,247,0.0247,1360.0,4975,2906,22,40,4.944,0.1678,0.4923,0.0,7,89,116,BUILT_UP,0.27125506072874495,0.032388663967611336,train
1249,17,0.0017000000000000001,200.0,4975,3458,4,6,1.466,0.5341,0.6509,125.29964086141668,0,1,16,VEG_AGRI,0.7647058823529411,0.0,test
1250,123,0.0123,580.0,4976,3080,17,12,1.982,0.4595,0.6181,0.0,0,60,31,BUILT_UP,0.0,0.0,train
1251,98,0.0098,480.0,4976,3756,11,13,1.414,0.5345,0.7286,1016.070863670443,0,0,15,VEG_AGRI,0.9183673469387755,0.08163265306122448,outside_patches
1252,26,0.0026000000000000003,240.0,4978,2839,5,7,1.807,0.5672,0.7059,0.0,0,0,26,PRE_EXISTING_WATER,0.0,0.0,train
1253,7,0.0007,120.0,4978,3523,3,3,1.08,0.6109,0.7778,84.85281374238569,0,7,0,BUILT_UP,0.42857142857142855,0.0,test
1254,139,0.013900000000000001,620.0,4979,2161,12,18,1.744,0.4544,0.5964,41.23105625617661,25,0,30,WETLAND,0.0,1.0,test
1255,9,0.0009000000000000001,140.0,4981,2864,4,3,1.39,0.577,0.6712,40.0,0,9,0,BUILT_UP,0.0,0.0,train
1256,4,0.0004,100.0,4982,1062,2,3,2.618,0.5027,0.6698,2449.346851713738,0,0,4,VEG_AGRI,1.0,0.0,val
1257,440,0.044000000000000004,1520.0,4982,2652,26,36,2.308,0.2393,0.5324,0.0,0,0,440,PRE_EXISTING_WATER,0.0,0.0,train
1258,23,0.0023,220.0,4983,3001,5,6,1.501,0.5972,0.6887,72.80109889280519,0,23,0,BUILT_UP,0.0,0.0,train
1259,1,0.0001,40.0,4983,3171,1,1,1.0,0.7854,,0.0,0,0,1,PRE_EXISTING_WATER,0.0,0.0,train
1260,18,0.0018000000000000002,180.0,4984,3351,5,4,1.265,0.6981,0.9,60.0,0,2,16,BUILT_UP,0.0,0.0,test
1261,380,0.038,1520.0,4985,2182,37,22,2.195,0.2067,0.468,10.0,3,3,90,WETLAND,0.002631578947368421,0.9973684210526316,outside_patches
1262,10,0.001,160.0,4985,2871,4,4,1.27,0.4909,0.8368,0.0,0,1,9,PRE_EXISTING_WATER,0.2,0.0,train
1263,727,0.0727,2060.0,4986,2761,31,56,2.564,0.2153,0.4369,0.0,0,0,727,PRE_EXISTING_WATER,0.0,0.0,train
1264,114,0.0114,660.0,4987,1938,18,14,1.998,0.3289,0.492,568.59475903318,0,114,0,VEG_AGRI,1.0,0.0,test
1265,214,0.021400000000000002,820.0,4987,2703,24,16,2.602,0.3999,0.6824,0.0,31,0,144,PRE_EXISTING_WATER,0.0,0.40186915887850466,train
1266,1,0.0001,40.0,4990,2745,1,1,1.0,0.7854,,0.0,0,0,1,PRE_EXISTING_WATER,0.0,0.0,train
1267,10,0.001,140.0,4990,3008,3,4,1.265,0.6411,0.8333,76.15773105863909,0,10,0,VEG_AGRI,0.5,0.0,train
1268,1,0.0001,40.0,4990,3480,1,1,1.0,0.7854,,0.0,0,0,0,VEG_AGRI,1.0,0.0,test
1269,1,0.0001,40.0,4991,1014,1,1,1.0,0.7854,,1977.2961336127676,0,0,1,VEG_AGRI,1.0,0.0,val
1270,10,0.001,160.0,4992,984,3,5,2.031,0.4909,0.6214,1695.9363195591984,0,0,10,VEG_AGRI,1.0,0.0,val
1271,1,0.0001,40.0,4994,3279,1,1,1.0,0.7854,,318.27660925679095,0,1,0,WETLAND,0.0,1.0,test
1272,8,0.0008,120.0,4995,2035,3,3,1.265,0.6981,0.6695,0.0,0,0,8,PRE_EXISTING_WATER,0.0,0.0,test
1273,6,0.0006000000000000001,100.0,4995,2049,2,3,1.633,0.754,1.0,0.0,0,0,6,PRE_EXISTING_WATER,0.0,0.0,test
1274,9,0.0009000000000000001,140.0,4995,2168,3,4,1.618,0.577,0.7114,42.426406871192846,0,0,8,WETLAND,0.0,1.0,test
1275,5,0.0005,100.0,4997,3004,3,2,1.732,0.6283,0.687,80.62257748298549,0,5,0,BUILT_UP,0.4,0.0,train
1276,13,0.0013000000000000002,180.0,4999,2855,4,5,1.538,0.5042,0.6419,40.0,0,11,2,VEG_AGRI,0.6923076923076923,0.0,train
1277,54,0.0054,360.0,4999,2990,10,8,1.704,0.5236,0.7205,150.0,0,54,0,BUILT_UP,0.0,0.0,train
1278,2061,0.2061,2840.0,4999,3288,77,38,2.248,0.3211,0.6829,0.0,1247,26,351,WETLAND,0.0009704027171276079,0.992721979621543,test
1279,48,0.0048000000000000004,320.0,5003,2175,7,9,1.314,0.589,0.7097,42.426406871192846,4,0,30,WETLAND,0.0,1.0,outside_patches
1280,8,0.0008,140.0,5004,2891,2,5,2.985,0.5129,0.6842,136.01470508735443,0,8,0,BUILT_UP,0.25,0.0,train
1281,61,0.0061,360.0,5005,2121,9,9,1.149,0.5915,0.7283,0.0,9,0,39,PRE_EXISTING_WATER,0.0,0.4918032786885246,test
1282,1016,0.10160000000000001,2880.0,5005,2746,64,42,2.747,0.1539,0.4512,0.0,345,25,308,WETLAND,0.08464566929133858,0.8356299212598425,train
1283,7,0.0007,120.0,5006,1055,2,4,2.181,0.6109,0.7464,2302.694074339881,0,0,6,VEG_AGRI,1.0,0.0,val
1284,1,0.0001,40.0,5006,2656,1,1,1.0,0.7854,,0.0,0,0,1,PRE_EXISTING_WATER,0.0,0.0,train
1285,2,0.0002,60.0,5006,2839,2,1,1.0,0.6981,,0.0,0,0,2,PRE_EXISTING_WATER,0.0,0.0,train
1286,102,0.0102,600.0,5008,2046,10,18,2.3,0.356,0.5819,0.0,0,0,75,PRE_EXISTING_WATER,0.0,0.46078431372549017,test
1287,254,0.025400000000000002,1300.0,5011,3043,30,28,2.369,0.1889,0.3732,0.0,0,6,183,PRE_EXISTING_WATER,0.06299212598425197,0.0,train
1288,202,0.020200000000000003,1140.0,5012,2195,32,19,2.511,0.1953,0.4079,0.0,69,0,72,WETLAND,0.019801980198019802,0.8910891089108911,outside_patches
1289,5,0.0005,100.0,5012,2722,2,3,1.732,0.6283,0.687,36.05551275463989,0,0,5,BUILT_UP,0.0,0.0,train
1290,9,0.0009000000000000001,140.0,5013,2934,3,4,1.88,0.577,0.6975,30.0,0,4,5,BUILT_UP,0.0,0.0,train
1291,21,0.0021000000000000003,220.0,5013,3079,5,6,1.287,0.5452,0.6551,0.0,0,0,21,PRE_EXISTING_WATER,0.0,0.0,train
1292,8,0.0008,140.0,5013,3089,3,4,1.715,0.5129,0.6658,0.0,0,0,8,PRE_EXISTING_WATER,0.0,0.0,train
1293,36,0.0036000000000000003,300.0,5014,2090,6,9,1.823,0.5027,0.7192,0.0,0,0,36,PRE_EXISTING_WATER,0.0,0.0,test
1294,120,0.012,660.0,5015,2033,19,14,3.259,0.3462,0.6904,0.0,20,0,50,WETLAND,0.0,0.9333333333333333,test
1295,33,0.0033,280.0,5015,2230,8,6,1.531,0.5289,0.6107,143.17821063276352,0,0,3,WETLAND,0.0,1.0,outside_patches
1296,3,0.00030000000000000003,80.0,5016,916,2,2,1.732,0.589,0.7279,996.2429422585637,0,3,0,WETLAND,0.0,1.0,val
1297,53,0.0053,400.0,5017,2966,9,11,1.849,0.4163,0.5963,210.2379604162864,0,53,0,BUILT_UP,0.0,0.0,train
1298,6,0.0006000000000000001,100.0,5018,2915,2,3,1.633,0.754,1.0,80.62257748298549,0,6,0,VEG_AGRI,0.6666666666666666,0.0,train
1299,60,0.006,420.0,5020,2070,8,13,2.959,0.4274,0.6899,0.0,1,0,49,WETLAND,0.0,0.5333333333333333,test
1300,13,0.0013000000000000002,160.0,5020,2880,4,4,1.497,0.6381,0.6527,260.0,0,13,0,BUILT_UP,0.0,0.0,train
1301,1,0.0001,40.0,5020,3161,1,1,1.0,0.7854,,28.284271247461902,1,0,0,WETLAND,0.0,1.0,train
1302,10,0.001,180.0,5022,3156,5,4,2.985,0.3879,0.6383,14.142135623730951,4,0,4,VEG_AGRI,0.9,0.0,train
1303,49,0.0049,320.0,5023,2115,7,9,1.443,0.6013,0.7181,0.0,0,0,49,PRE_EXISTING_WATER,0.02040816326530612,0.32653061224489793,test
1304,444,0.0444,1220.0,5023,2726,35,20,2.484,0.3749,0.6207,85.44003745317531,0,12,125,WETLAND,0.05630630630630631,0.9414414414414415,train
1305,42,0.004200000000000001,320.0,5023,2869,9,7,1.648,0.5154,0.6951,183.5755975068582,0,42,0,BUILT_UP,0.0,0.0,train
1306,25,0.0025,260.0,5025,3132,7,6,1.437,0.4647,0.7169,0.0,0,0,25,PRE_EXISTING_WATER,0.0,0.0,train
1307,25,0.0025,220.0,5028,3071,4,7,1.817,0.6491,0.8365,0.0,0,0,25,PRE_EXISTING_WATER,0.0,0.0,train
1308,18,0.0018000000000000002,220.0,5029,2083,6,5,1.669,0.4673,0.7638,0.0,0,0,17,PRE_EXISTING_WATER,0.0,0.3333333333333333,test
1309,13,0.0013000000000000002,160.0,5029,3182,3,5,1.89,0.6381,0.7294,0.0,0,0,12,VEG_AGRI,1.0,0.0,train
1310,77,0.0077,540.0,5030,2696,11,14,1.606,0.3318,0.5,0.0,8,0,51,PRE_EXISTING_WATER,0.12987012987012986,0.37662337662337664,train
1311,17,0.0017000000000000001,220.0,5030,3004,5,6,2.31,0.4414,0.7102,125.29964086141668,0,17,0,BUILT_UP,0.0,0.0,train
1312,6,0.0006000000000000001,120.0,5031,3112,3,3,1.354,0.5236,0.7962,0.0,0,0,6,PRE_EXISTING_WATER,0.0,0.0,train
1313,25,0.0025,280.0,5032,2095,3,11,4.194,0.4007,0.7022,0.0,5,0,12,WETLAND,0.0,0.68,test
1314,2,0.0002,60.0,5034,3151,2,1,1.0,0.6981,,40.0,2,0,0,WETLAND,0.0,1.0,train
1315,37,0.0037,300.0,5036,3119,8,7,1.158,0.5166,0.6578,0.0,0,0,37,PRE_EXISTING_WATER,0.0,0.0,train
1316,10,0.001,140.0,5037,2825,3,4,1.633,0.6411,0.675,161.55494421403512,0,10,0,BUILT_UP,0.0,0.0,train
1317,5,0.0005,100.0,5037,2877,2,3,1.732,0.6283,0.687,130.384048104053,0,5,0,BUILT_UP,0.0,0.0,train
1318,24,0.0024000000000000002,240.0,5037,2952,4,8,2.118,0.5236,0.7005,150.0,0,24,0,BUILT_UP,0.0,0.0,train
1319,42,0.004200000000000001,560.0,5037,3139,16,11,5.395,0.1683,0.4992,14.142135623730951,21,0,4,VEG_AGRI,0.7857142857142857,0.14285714285714285,train
1320,61,0.0061,560.0,5038,2912,6,19,4.259,0.2444,0.5366,0.0,0,60,0,BUILT_UP,0.3442622950819672,0.0,train
1321,5,0.0005,100.0,5041,3189,2,3,1.732,0.6283,0.687,90.0,0,0,5,VEG_AGRI,1.0,0.0,train
1322,746,0.0746,2400.0,5043,2989,36,40,1.119,0.1628,0.5026,0.0,0,6,717,PRE_EXISTING_WATER,0.010723860589812333,0.0,train
1323,2,0.0002,60.0,5043,3057,2,1,1.0,0.6981,,0.0,0,0,2,PRE_EXISTING_WATER,0.0,0.0,train
1324,314,0.031400000000000004,1400.0,5044,2918,22,42,3.586,0.2013,0.3891,0.0,0,68,214,PRE_EXISTING_WATER,0.03821656050955414,0.0,train
1325,15,0.0015,200.0,5044,3044,6,4,1.502,0.4712,0.5951,0.0,0,0,15,PRE_EXISTING_WATER,0.0,0.0,train
1326,8,0.0008,120.0,5047,3181,3,3,1.265,0.6981,0.6695,58.309518948453004,0,6,1,VEG_AGRI,0.75,0.125,train
1327,4,0.0004,100.0,5049,2208,3,2,2.449,0.5027,0.6387,10.0,0,0,4,PRE_EXISTING_WATER,0.5,0.0,outside_patches
1328,18,0.0018000000000000002,220.0,5049,2886,4,7,2.01,0.4673,0.6182,0.0,0,10,2,VEG_AGRI,0.7777777777777778,0.0,train
1329,1,0.0001,40.0,5050,3067,1,1,1.0,0.7854,,0.0,0,0,1,PRE_EXISTING_WATER,0.0,0.0,train
1330,60,0.006,400.0,5051,1995,7,13,2.297,0.4712,0.7022,460.9772228646444,0,60,0,VEG_AGRI,1.0,0.0,test
1331,142,0.0142,820.0,5051,2852,10,29,4.389,0.2654,0.5388,0.0,0,17,107,PRE_EXISTING_WATER,0.1267605633802817,0.0,train
1332,22,0.0022,260.0,5051,3194,5,7,1.523,0.409,0.6093,180.27756377319946,0,6,16,VEG_AGRI,0.6818181818181818,0.045454545454545456,train
1333,2,0.0002,80.0,5054,2755,2,2,1.0,0.3927,,220.0,0,0,2,WETLAND,0.0,1.0,train
1334,173,0.0173,660.0,5058,2172,16,16,1.352,0.4991,0.6166,0.0,0,2,43,WETLAND,0.0,0.8265895953757225,outside_patches
1335,8,0.0008,140.0,5058,2647,2,5,2.53,0.5129,0.8,20.0,5,0,2,WETLAND,0.0,1.0,train
1336,74,0.0074,420.0,5059,2894,7,14,1.943,0.5272,0.6515,0.0,0,0,74,PRE_EXISTING_WATER,0.0,0.0,train
1337,46,0.0046,320.0,5059,3256,8,8,1.324,0.5645,0.6928,72.80109889280519,0,2,4,WETLAND,0.0,1.0,test
1338,5662,0.5662,8920.0,5063,3216,175,82,2.709,0.0894,0.4197,0.0,2542,178,1099,WETLAND,0.0037089367714588485,0.971388202048746,outside_patches
1339,138,0.013800000000000002,820.0,5064,2811,10,29,4.68,0.2579,0.5541,0.0,0,3,118,PRE_EXISTING_WATER,0.0,0.18115942028985507,train
1340,36,0.0036000000000000003,360.0,5064,3168,7,11,3.194,0.3491,0.6591,64.03124237432849,0,36,0,VEG_AGRI,0.8333333333333334,0.0,train
1341,22,0.0022,280.0,5066,2969,8,5,2.147,0.3526,0.5249,0.0,0,0,22,PRE_EXISTING_WATER,0.0,0.0,train
1342,93,0.009300000000000001,600.0,5070,2876,8,19,3.45,0.3246,0.6435,0.0,21,8,43,WETLAND,0.1935483870967742,0.45161290322580644,train
1343,39,0.0039000000000000003,320.0,5074,2950,9,6,1.528,0.4786,0.6106,0.0,3,0,33,PRE_EXISTING_WATER,0.1282051282051282,0.0,train
1344,14,0.0014,200.0,5075,2825,4,6,1.799,0.4398,0.5533,0.0,0,0,14,PRE_EXISTING_WATER,0.0,0.0,train
1345,92,0.0092,580.0,5075,2854,14,14,1.874,0.3437,0.4998,0.0,19,7,33,VEG_AGRI,0.4891304347826087,0.2826086956521739,train
1346,1,0.0001,40.0,5076,3175,1,1,1.0,0.7854,,36.05551275463989,0,1,0,VEG_AGRI,1.0,0.0,train
1347,17,0.0017000000000000001,200.0,5077,3186,5,5,1.567,0.5341,0.6374,78.10249675906654,0,6,11,VEG_AGRI,1.0,0.0,train
1348,1003,0.1003,4540.0,5078,3057,92,75,3.741,0.0612,0.249,0.0,169,192,431,VEG_AGRI,0.5264207377866401,0.3190428713858425,train
1349,29,0.0029000000000000002,260.0,5078,3209,6,7,1.317,0.5391,0.6755,22.360679774997898,0,29,0,VEG_AGRI,0.6206896551724138,0.0,test
1350,67,0.0067,520.0,5079,2173,13,12,2.528,0.3114,0.5064,0.0,0,13,44,WETLAND,0.34328358208955223,0.5074626865671642,outside_patches
1351,134,0.0134,900.0,5080,3016,18,26,5.056,0.2079,0.548,0.0,0,0,134,PRE_EXISTING_WATER,0.0,0.0,train
1352,48,0.0048000000000000004,320.0,5082,2988,7,9,1.203,0.589,0.7273,0.0,0,0,48,PRE_EXISTING_WATER,0.0,0.0,train
1353,338,0.033800000000000004,1240.0,5083,2962,26,31,1.659,0.2762,0.496,0.0,91,13,189,VEG_AGRI,0.4970414201183432,0.023668639053254437,train
1354,143,0.0143,780.0,5083,2996,16,18,1.929,0.2954,0.5579,0.0,0,0,143,PRE_EXISTING_WATER,0.0,0.0,train
1355,46,0.0046,340.0,5084,3227,6,10,1.689,0.5,0.7231,44.721359549995796,0,46,0,BUILT_UP,0.41304347826086957,0.0,test
1356,34,0.0034000000000000002,300.0,5086,3143,6,8,1.379,0.4747,0.6738,80.0,0,10,23,VEG_AGRI,1.0,0.0,train
1357,1,0.0001,40.0,5087,2035,1,1,1.0,0.7854,,524.9761899362675,0,1,0,VEG_AGRI,1.0,0.0,test
1358,410,0.041,1680.0,5087,2729,28,55,6.826,0.1825,0.6238,0.0,0,1,401,PRE_EXISTING_WATER,0.01707317073170732,0.0,train
1359,23,0.0023,200.0,5088,2057,5,5,1.171,0.7226,0.5971,560.4462507680821,0,23,0,VEG_AGRI,1.0,0.0,test
1360,17,0.0017000000000000001,180.0,5089,2746,4,5,1.282,0.6593,0.7146,86.02325267042627,0,17,0,BUILT_UP,0.29411764705882354,0.0,train
1361,10,0.001,160.0,5089,3067,3,5,2.003,0.4909,0.6327,0.0,0,0,10,PRE_EXISTING_WATER,0.0,0.0,train
1362,2,0.0002,60.0,5091,674,1,2,1.0,0.6981,,269.2582403567252,0,2,0,WETLAND,0.0,1.0,val
1363,22,0.0022,220.0,5091,3154,3,8,2.663,0.5712,0.9167,50.0,0,4,18,VEG_AGRI,1.0,0.0,train
1364,1,0.0001,40.0,5092,678,1,1,1.0,0.7854,,270.0,0,1,0,WETLAND,0.0,1.0,val
1365,386,0.0386,1800.0,5092,2077,30,30,1.242,0.1497,0.4099,570.7889277132134,0,386,0,VEG_AGRI,1.0,0.0,test
1366,6,0.0006000000000000001,100.0,5093,627,2,3,1.633,0.754,1.0,142.12670403551894,0,6,0,WETLAND,0.0,1.0,val
1367,21,0.0021000000000000003,200.0,5093,3191,4,6,1.544,0.6597,0.663,70.71067811865476,0,21,0,VEG_AGRI,1.0,0.0,train
1368,33,0.0033,280.0,5093,3633,6,8,1.674,0.5289,0.7042,1504.1608956491323,0,0,27,WETLAND,0.0,1.0,test
1369,2,0.0002,60.0,5094,2994,2,1,1.0,0.6981,,0.0,0,0,2,PRE_EXISTING_WATER,0.0,0.0,train
1370,36,0.0036000000000000003,300.0,5094,3661,7,8,1.254,0.5027,0.6161,1690.0,6,5,17,WETLAND,0.05555555555555555,0.9444444444444444,test
1371,12,0.0012000000000000001,160.0,5095,708,4,4,1.31,0.589,0.6938,269.2582403567252,0,12,0,WETLAND,0.0,1.0,val
1372,109,0.0109,660.0,5095,2936,13,20,3.04,0.3144,0.512,0.0,0,29,22,WETLAND,0.22018348623853212,0.7798165137614679,train
1373,4,0.0004,80.0,5095,3202,2,2,1.0,0.7854,1.0,70.0,0,4,0,VEG_AGRI,1.0,0.0,test
1374,105,0.0105,580.0,5096,3052,10,18,2.336,0.3922,0.5284,0.0,0,0,105,PRE_EXISTING_WATER,0.0,0.0,train
1375,39,0.0039000000000000003,300.0,5098,761,6,9,1.764,0.5445,0.701,148.66068747318505,0,39,0,WETLAND,0.0,1.0,val
1376,8,0.0008,140.0,5099,3017,2,5,2.769,0.5129,0.6624,0.0,0,0,8,PRE_EXISTING_WATER,0.0,0.0,train
1377,4,0.0004,100.0,5100,735,2,3,2.618,0.5027,0.6698,327.56678708318395,0,4,0,WETLAND,0.0,1.0,val
1378,36,0.0036000000000000003,300.0,5100,3133,6,9,2.209,0.5027,0.7146,86.02325267042627,0,20,15,VEG_AGRI,1.0,0.0,train
1379,2,0.0002,60.0,5102,748,1,2,1.0,0.6981,,254.95097567963924,0,2,0,WETLAND,0.0,1.0,val
1380,24,0.0024000000000000002,220.0,5103,2670,5,6,1.286,0.6231,0.6498,121.65525060596438,5,0,15,WETLAND,0.0,1.0,train
1381,72,0.007200000000000001,460.0,5104,2178,14,9,2.471,0.4276,0.6869,0.0,0,0,69,PRE_EXISTING_WATER,0.0,0.041666666666666664,outside_patches
1382,167,0.0167,640.0,5105,3144,16,16,1.491,0.5123,0.6488,0.0,50,0,92,WETLAND,0.0,0.5269461077844312,train
1383,31,0.0031000000000000003,300.0,5107,2126,8,7,2.056,0.4328,0.6409,440.1136216933077,0,10,0,VEG_AGRI,1.0,0.0,test
1384,2,0.0002,60.0,5107,3057,2,1,1.0,0.6981,,0.0,0,0,2,PRE_EXISTING_WATER,0.0,0.0,train
1385,15,0.0015,180.0,5108,752,3,6,2.284,0.5818,0.7027,156.5247584249853,0,15,0,WETLAND,0.0,1.0,val
1386,2,0.0002,60.0,5108,775,2,1,1.0,0.6981,,50.0,0,1,0,WETLAND,0.0,1.0,val
1387,2,0.0002,60.0,5109,730,2,1,1.0,0.6981,,250.0,0,2,0,WETLAND,0.0,1.0,val
1388,73,0.0073,480.0,5109,1254,12,12,1.55,0.3982,0.5485,3624.168870237699,0,2,69,VEG_AGRI,1.0,0.0,outside_patches
1389,19,0.0019,180.0,5109,3750,4,5,1.291,0.7369,0.7436,2182.8879952943075,0,19,0,WETLAND,0.0,1.0,outside_patches
1390,77,0.0077,580.0,5110,2876,6,17,3.141,0.2876,0.6696,0.0,0,0,77,PRE_EXISTING_WATER,0.0,0.0,train
1391,226,0.022600000000000002,1280.0,5111,2538,10,50,8.373,0.1733,0.5728,0.0,0,14,172,PRE_EXISTING_WATER,0.26991150442477874,0.004424778761061947,train
1392,27,0.0027,280.0,5111,2771,7,7,2.124,0.4328,0.6087,0.0,0,0,27,PRE_EXISTING_WATER,0.0,0.0,train
1393,23,0.0023,260.0,5111,3200,4,9,2.599,0.4276,0.6059,0.0,0,0,23,PRE_EXISTING_WATER,0.0,0.0,test
1394,345,0.0345,1280.0,5112,2133,29,19,1.885,0.2646,0.6274,274.5906043549196,0,176,0,VEG_AGRI,1.0,0.0,outside_patches
1395,7,0.0007,140.0,5112,2903,2,5,3.635,0.4488,0.6362,0.0,0,0,7,PRE_EXISTING_WATER,0.0,0.0,train
1396,60,0.006,520.0,5113,735,12,14,3.003,0.2788,0.5392,84.85281374238569,0,60,0,WETLAND,0.0,1.0,val
1397,135412,13.5412,104280.0,5114,2227,383,768,2.674,0.0156,0.5317,0.0,93065,2318,25633,WETLAND,0.02911854193129117,0.9285883082740082,test
1398,4,0.0004,80.0,5114,3105,2,2,1.0,0.7854,1.0,134.1640786499874,0,4,0,VEG_AGRI,1.0,0.0,train
1399,95,0.0095,500.0,5115,2932,14,10,1.571,0.4775,0.6211,0.0,0,0,95,PRE_EXISTING_WATER,0.0,0.0,outside_patches
1400,491,0.049100000000000005,2140.0,5115,2974,30,38,1.91,0.1347,0.3871,0.0,0,0,491,PRE_EXISTING_WATER,0.0,0.0,outside_patches
1401,35,0.0035,320.0,5116,2761,9,7,2.372,0.4295,0.7042,0.0,0,0,35,PRE_EXISTING_WATER,0.0,0.0,outside_patches
1402,212,0.0212,1120.0,5117,2669,10,44,7.692,0.2124,0.6367,0.0,0,2,172,PRE_EXISTING_WATER,0.08490566037735849,0.06132075471698113,outside_patches
1403,42,0.004200000000000001,360.0,5117,2957,6,11,2.129,0.4072,0.6942,0.0,0,0,42,PRE_EXISTING_WATER,0.0,0.0,outside_patches
1404,91,0.0091,520.0,5118,3110,13,11,1.558,0.4229,0.6922,0.0,0,52,30,VEG_AGRI,0.8901098901098901,0.06593406593406594,outside_patches
1405,168,0.016800000000000002,1100.0,5120,2059,24,17,2.159,0.1745,0.4371,564.3580423808985,0,168,0,VEG_AGRI,1.0,0.0,outside_patches
1406,1,0.0001,40.0,5120,2911,1,1,1.0,0.7854,,0.0,0,0,1,PRE_EXISTING_WATER,0.0,0.0,outside_patches
1407,1694,0.1694,5820.0,5121,2477,57,92,2.25,0.0628,0.3974,0.0,0,4,1680,PRE_EXISTING_WATER,0.011806375442739079,0.0,outside_patches
1408,424,0.0424,1520.0,5122,1456,15,45,3.796,0.2306,0.683,3139.3311389530095,0,0,319,VEG_AGRI,1.0,0.0,outside_patches
1409,65,0.006500000000000001,380.0,5122,1504,9,10,1.385,0.5657,0.6377,3103.8685539178364,0,0,60,VEG_AGRI,1.0,0.0,outside_patches
1410,5,0.0005,100.0,5122,2954,2,3,1.732,0.6283,0.687,0.0,0,0,5,PRE_EXISTING_WATER,0.0,0.0,outside_patches
1411,6,0.0006000000000000001,120.0,5123,2075,2,4,2.636,0.5236,0.658,725.6031973468694,0,6,0,VEG_AGRI,1.0,0.0,outside_patches
1412,9,0.0009000000000000001,160.0,5123,2530,4,4,2.597,0.4418,0.6815,0.0,0,0,9,PRE_EXISTING_WATER,0.0,0.0,outside_patches
1413,8,0.0008,140.0,5123,3032,4,3,1.483,0.5129,0.628,0.0,0,0,8,PRE_EXISTING_WATER,0.0,0.0,outside_patches
1414,9,0.0009000000000000001,140.0,5124,2720,3,4,1.208,0.577,0.6749,0.0,0,0,9,PRE_EXISTING_WATER,0.0,0.0,outside_patches
1415,7,0.0007,120.0,5124,3018,3,3,1.449,0.6109,0.6511,0.0,0,0,7,PRE_EXISTING_WATER,0.0,0.0,outside_patches
1416,1895,0.1895,4560.0,5124,3164,58,68,1.285,0.1145,0.4783,0.0,2,0,1890,PRE_EXISTING_WATER,0.007387862796833773,0.002638522427440633,outside_patches
1417,22,0.0022,260.0,5125,2562,6,7,1.432,0.409,0.5642,0.0,0,0,22,PRE_EXISTING_WATER,0.0,0.0,outside_patches
1418,138,0.013800000000000002,720.0,5126,3045,12,21,2.342,0.3345,0.5853,0.0,0,0,138,PRE_EXISTING_WATER,0.0,0.0,outside_patches
1419,13,0.0013000000000000002,160.0,5128,748,3,5,1.823,0.6381,0.7012,14.142135623730951,0,2,0,WETLAND,0.0,1.0,outside_patches
1420,2,0.0002,60.0,5128,2701,2,1,1.0,0.6981,,0.0,0,0,2,PRE_EXISTING_WATER,0.0,0.0,outside_patches
1421,1,0.0001,40.0,5129,2087,1,1,1.0,0.7854,,840.9518416651456,0,1,0,VEG_AGRI,1.0,0.0,outside_patches
1422,90,0.009000000000000001,560.0,5129,2683,15,11,1.912,0.3606,0.6392,0.0,0,0,90,PRE_EXISTING_WATER,0.0,0.0,outside_patches
1423,2,0.0002,60.0,5129,2762,1,2,1.0,0.6981,,0.0,0,0,2,PRE_EXISTING_WATER,0.0,0.0,outside_patches
1424,41,0.0041,380.0,5130,1438,9,10,2.68,0.3568,0.6096,3213.502761785028,0,0,15,VEG_AGRI,1.0,0.0,outside_patches
1425,38,0.0038,280.0,5132,1415,7,7,1.139,0.6091,0.7325,3231.2536266904217,0,0,0,VEG_AGRI,1.0,0.0,outside_patches
1426,93,0.009300000000000001,660.0,5132,2530,14,13,1.234,0.2683,0.4868,0.0,0,0,93,PRE_EXISTING_WATER,0.0,0.0,outside_patches
1427,16718,1.6718000000000002,19560.0,5132,2965,238,240,1.797,0.0549,0.3586,0.0,9948,552,3757,WETLAND,0.024165570044263666,0.9475415719583682,test
1428,8,0.0008,120.0,5133,3221,3,3,1.265,0.6981,0.6695,0.0,0,0,8,PRE_EXISTING_WATER,0.0,0.0,outside_patches
1429,11,0.0011,160.0,5134,2109,4,4,1.252,0.54,0.6293,594.6427498927402,0,5,0,VEG_AGRI,1.0,0.0,outside_patches
1430,83,0.0083,480.0,5134,2674,11,12,1.037,0.4527,0.6002,0.0,0,0,83,PRE_EXISTING_WATER,0.0,0.0,outside_patches
1431,151,0.0151,960.0,5135,2596,15,25,3.034,0.2059,0.5363,0.0,0,0,151,PRE_EXISTING_WATER,0.0,0.0,outside_patches
1432,53,0.0053,620.0,5135,2629,7,20,4.205,0.1733,0.4277,0.0,0,0,53,PRE_EXISTING_WATER,0.0,0.0,outside_patches
1433,5,0.0005,100.0,5135,3044,3,2,1.732,0.6283,0.687,0.0,0,0,5,PRE_EXISTING_WATER,0.0,0.0,outside_patches
1434,237,0.023700000000000002,1140.0,5138,2176,34,18,2.774,0.2292,0.4204,0.0,0,2,226,PRE_EXISTING_WATER,0.0,0.0,outside_patches
1435,25,0.0025,260.0,5140,2082,6,6,1.269,0.4647,0.6141,790.2531240052139,0,25,0,VEG_AGRI,1.0,0.0,outside_patches
1436,93,0.009300000000000001,540.0,5141,3140,21,6,4.683,0.4008,0.8129,0.0,18,2,52,WETLAND,0.0,0.5053763440860215,outside_patches
1437,1,0.0001,40.0,5143,3029,1,1,1.0,0.7854,,0.0,0,0,1,PRE_EXISTING_WATER,0.0,0.0,outside_patches
1438,1798,0.17980000000000002,6240.0,5144,2368,66,87,2.645,0.058,0.4708,0.0,0,0,1798,PRE_EXISTING_WATER,0.0,0.0,outside_patches
1439,1,0.0001,40.0,5145,2561,1,1,1.0,0.7854,,0.0,0,0,1,PRE_EXISTING_WATER,0.0,0.0,outside_patches
1440,109,0.0109,480.0,5146,2585,13,11,1.435,0.5945,0.6867,0.0,0,0,109,PRE_EXISTING_WATER,0.0,0.0,outside_patches
1441,13,0.0013000000000000002,160.0,5147,1251,3,5,1.611,0.6381,0.8667,3369.64389809962,0,0,13,VEG_AGRI,1.0,0.0,outside_patches
1442,1,0.0001,40.0,5147,3007,1,1,1.0,0.7854,,0.0,0,0,1,PRE_EXISTING_WATER,0.0,0.0,outside_patches
1443,35,0.0035,320.0,5149,2450,5,11,3.204,0.4295,0.6325,0.0,0,0,35,PRE_EXISTING_WATER,0.0,0.0,outside_patches
1444,1,0.0001,40.0,5149,2681,1,1,1.0,0.7854,,0.0,0,0,1,PRE_EXISTING_WATER,0.0,0.0,outside_patches
1445,33,0.0033,280.0,5151,2178,8,6,1.969,0.5289,0.7243,0.0,0,0,33,PRE_EXISTING_WATER,0.09090909090909091,0.0,outside_patches
1446,3,0.00030000000000000003,80.0,5151,2703,1,3,31622.777,0.589,1.0,0.0,0,0,3,PRE_EXISTING_WATER,0.0,0.0,outside_patches
1447,2990,0.299,4100.0,5152,1988,61,80,1.309,0.2235,0.5459,155.24174696260025,0,2990,0,VEG_AGRI,1.0,0.0,outside_patches
1448,3,0.00030000000000000003,80.0,5152,2487,1,3,31622.777,0.589,1.0,0.0,0,0,3,PRE_EXISTING_WATER,0.0,0.0,outside_patches
1449,8,0.0008,120.0,5154,2492,3,3,1.265,0.6981,0.6695,0.0,0,0,8,PRE_EXISTING_WATER,0.0,0.0,outside_patches
1450,88,0.0088,440.0,5156,2990,10,12,1.274,0.5712,0.7044,0.0,0,23,59,VEG_AGRI,0.5227272727272727,0.0,outside_patches
1451,2,0.0002,60.0,5157,2430,2,1,1.0,0.6981,,0.0,0,0,2,PRE_EXISTING_WATER,0.0,0.0,outside_patches
1452,1,0.0001,40.0,5157,2609,1,1,1.0,0.7854,,0.0,0,0,1,PRE_EXISTING_WATER,0.0,0.0,outside_patches
1453,47,0.0047,400.0,5159,2675,4,15,3.71,0.3691,0.7188,0.0,0,0,47,PRE_EXISTING_WATER,0.0,0.0,outside_patches
1454,89,0.0089,480.0,5160,2201,12,11,1.255,0.4854,0.5947,41.23105625617661,0,2,1,WETLAND,0.0,1.0,outside_patches
1455,5,0.0005,100.0,5163,2982,3,2,1.732,0.6283,0.687,130.0,0,0,5,VEG_AGRI,1.0,0.0,outside_patches
1456,13768,1.3768,17620.0,5163,3316,183,167,2.166,0.0557,0.5471,0.0,0,0,13768,PRE_EXISTING_WATER,0.0,0.0,val
1457,9,0.0009000000000000001,120.0,5165,2654,3,3,1.0,0.7854,1.0,0.0,0,0,8,PRE_EXISTING_WATER,0.0,0.0,outside_patches
1458,47,0.0047,320.0,5168,2566,6,10,1.86,0.5768,0.7563,0.0,0,3,40,PRE_EXISTING_WATER,0.2127659574468085,0.0,outside_patches
1459,4,0.0004,100.0,5169,759,2,3,1.633,0.5027,0.6667,262.48809496813374,0,0,4,VEG_AGRI,1.0,0.0,outside_patches
1460,8,0.0008,120.0,5171,2237,3,3,1.265,0.6981,0.6695,0.0,2,0,2,WETLAND,0.0,0.75,outside_patches
1461,17,0.0017000000000000001,200.0,5171,2515,5,5,1.139,0.5341,0.6497,0.0,0,1,13,PRE_EXISTING_WATER,0.23529411764705882,0.0,outside_patches
1462,21,0.0021000000000000003,220.0,5173,3060,6,5,1.233,0.5452,0.6569,64.03124237432849,0,21,0,VEG_AGRI,0.6190476190476191,0.0,outside_patches
1463,4,0.0004,100.0,5174,2584,2,3,1.633,0.5027,0.6667,60.0,0,4,0,VEG_AGRI,1.0,0.0,outside_patches
1464,2,0.0002,60.0,5174,2648,1,2,1.0,0.6981,,80.0,0,2,0,VEG_AGRI,1.0,0.0,outside_patches
1465,44,0.0044,320.0,5174,3018,8,8,1.676,0.54,0.6506,0.0,0,0,44,PRE_EXISTING_WATER,0.0,0.0,outside_patches
1466,11,0.0011,160.0,5175,2202,4,4,1.505,0.54,0.7367,50.0,0,0,0,WETLAND,0.0,1.0,outside_patches
1467,9,0.0009000000000000001,140.0,5175,2574,4,3,1.208,0.577,0.6749,50.0,0,9,0,VEG_AGRI,0.5555555555555556,0.0,outside_patches
1468,19,0.0019,200.0,5178,2311,4,6,1.534,0.5969,0.6654,0.0,0,0,19,PRE_EXISTING_WATER,0.0,0.0,outside_patches
1469,25,0.0025,260.0,5178,2366,6,7,1.15,0.4647,0.6404,0.0,0,4,18,PRE_EXISTING_WATER,0.44,0.0,outside_patches
1470,1,0.0001,40.0,5178,2551,1,1,1.0,0.7854,,60.0,0,1,0,BUILT_UP,0.0,0.0,outside_patches
1471,83,0.0083,460.0,5179,2165,13,10,1.273,0.4929,0.6352,36.05551275463989,0,0,83,WETLAND,0.0,1.0,outside_patches
1472,13,0.0013000000000000002,180.0,5179,2509,4,5,1.413,0.5042,0.647,70.0,0,13,0,VEG_AGRI,1.0,0.0,outside_patches
1473,1,0.0001,40.0,5181,2515,1,1,1.0,0.7854,,90.0,0,1,0,VEG_AGRI,1.0,0.0,outside_patches
1474,44,0.0044,320.0,5181,3045,9,7,1.724,0.54,0.6428,0.0,10,13,19,VEG_AGRI,0.5,0.29545454545454547,outside_patches
1475,4,0.0004,80.0,5182,2933,2,2,1.0,0.7854,1.0,121.65525060596438,0,4,0,VEG_AGRI,1.0,0.0,outside_patches
1476,80,0.008,440.0,5185,2203,13,9,1.632,0.5193,0.6538,40.0,0,0,1,WETLAND,0.0,1.0,outside_patches
1477,79,0.0079,640.0,5186,1352,16,15,3.289,0.2424,0.4459,2645.467822522134,0,0,79,VEG_AGRI,1.0,0.0,outside_patches
1478,291,0.0291,920.0,5187,2183,28,15,1.946,0.432,0.6933,0.0,0,0,282,PRE_EXISTING_WATER,0.024054982817869417,0.013745704467353952,outside_patches
1479,3925,0.3925,6680.0,5187,2207,99,108,2.04,0.1105,0.4062,0.0,2013,10,1377,WETLAND,0.024713375796178345,0.6863694267515924,outside_patches
1480,411,0.041100000000000005,1200.0,5188,3155,18,35,2.736,0.3587,0.6931,0.0,0,0,411,PRE_EXISTING_WATER,0.0,0.0,outside_patches
1481,9,0.0009000000000000001,140.0,5190,2284,3,4,1.964,0.577,0.705,0.0,0,0,9,PRE_EXISTING_WATER,0.0,0.0,outside_patches
1482,165,0.0165,980.0,5192,682,14,34,6.095,0.2159,0.5787,230.21728866442675,0,0,165,VEG_AGRI,1.0,0.0,outside_patches
1483,1033,0.1033,2880.0,5192,2982,72,41,3.422,0.1565,0.5118,0.0,0,0,1033,PRE_EXISTING_WATER,0.0,0.0,outside_patches
1484,24,0.0024000000000000002,220.0,5193,2161,5,6,1.323,0.6231,0.7493,100.0,0,0,24,WETLAND,0.0,1.0,outside_patches
1485,42,0.004200000000000001,380.0,5193,3131,13,6,2.71,0.3655,0.5501,0.0,0,0,36,PRE_EXISTING_WATER,0.0,0.16666666666666666,outside_patches
1486,1,0.0001,40.0,5195,2419,1,1,1.0,0.7854,,0.0,0,0,1,PRE_EXISTING_WATER,0.0,0.0,outside_patches
1487,5,0.0005,120.0,5195,3216,3,3,1.0,0.4363,0.5556,125.29964086141668,0,0,0,WETLAND,0.0,1.0,outside_patches
1488,13,0.0013000000000000002,160.0,5196,3049,4,4,1.101,0.6381,0.6634,80.62257748298549,0,4,9,VEG_AGRI,1.0,0.0,outside_patches
1489,1,0.0001,40.0,5197,2284,1,1,1.0,0.7854,,0.0,0,0,1,PRE_EXISTING_WATER,0.0,0.0,outside_patches
1490,2,0.0002,60.0,5198,1655,2,1,1.0,0.6981,,1858.7361297397756,0,0,2,VEG_AGRI,1.0,0.0,outside_patches
1491,24,0.0024000000000000002,300.0,5198,2401,8,6,1.52,0.3351,0.4781,0.0,0,0,24,PRE_EXISTING_WATER,0.0,0.0,outside_patches
1492,1,0.0001,40.0,5201,2175,1,1,1.0,0.7854,,10.0,0,0,1,VEG_AGRI,1.0,0.0,outside_patches
1493,37,0.0037,300.0,5201,3040,9,6,1.478,0.5166,0.608,50.0,0,25,12,VEG_AGRI,0.6756756756756757,0.0,outside_patches
1494,28,0.0028,240.0,5203,2207,7,5,1.617,0.6109,0.7165,41.23105625617661,0,0,22,WETLAND,0.0,1.0,outside_patches
1495,23,0.0023,240.0,5204,2161,7,5,1.416,0.5018,0.6351,90.0,0,2,21,WETLAND,0.0,1.0,outside_patches
1496,69,0.006900000000000001,460.0,5206,2338,10,12,1.352,0.4098,0.5414,0.0,1,9,57,PRE_EXISTING_WATER,0.2028985507246377,0.08695652173913043,outside_patches
1497,12,0.0012000000000000001,180.0,5206,2361,4,5,1.428,0.4654,0.5948,0.0,0,0,12,PRE_EXISTING_WATER,0.0,0.0,outside_patches
1498,32,0.0032,280.0,5206,2975,4,10,2.441,0.5129,0.7929,0.0,0,10,19,VEG_AGRI,0.65625,0.0,outside_patches
1499,2,0.0002,60.0,5211,3133,2,1,1.0,0.6981,,0.0,0,0,2,PRE_EXISTING_WATER,0.0,0.0,outside_patches
1500,154,0.0154,860.0,5213,1402,18,20,1.836,0.2617,0.4709,2319.6982562393755,0,0,145,VEG_AGRI,1.0,0.0,outside_patches
1501,19,0.0019,200.0,5215,3036,4,6,1.586,0.5969,0.6135,63.24555320336759,0,19,0,VEG_AGRI,1.0,0.0,outside_patches
1502,522,0.0522,1540.0,5215,3158,25,47,1.712,0.2766,0.4631,0.0,0,0,521,PRE_EXISTING_WATER,0.005747126436781609,0.0,outside_patches
1503,15,0.0015,200.0,5216,2360,3,7,2.364,0.4712,0.628,0.0,0,0,15,PRE_EXISTING_WATER,0.0,0.0,outside_patches
1504,27,0.0027,260.0,5218,1663,8,5,1.823,0.5019,0.7074,1773.41478509682,0,0,27,VEG_AGRI,1.0,0.0,outside_patches
1505,53,0.0053,340.0,5219,2166,9,8,1.552,0.5761,0.734,0.0,0,0,51,WETLAND,0.0,0.9056603773584906,outside_patches
1506,20,0.002,200.0,5222,2357,5,5,1.55,0.6283,0.6586,0.0,0,0,20,PRE_EXISTING_WATER,0.0,0.0,outside_patches
1507,48,0.0048000000000000004,340.0,5224,2372,7,10,1.576,0.5218,0.6724,0.0,0,0,48,PRE_EXISTING_WATER,0.0,0.0,outside_patches
1508,1651,0.1651,2880.0,5226,2009,85,41,3.106,0.2501,0.5791,408.0441152620633,0,1648,0,VEG_AGRI,1.0,0.0,train
1509,185,0.018500000000000003,780.0,5227,2053,27,11,3.142,0.3821,0.6473,798.8116173416608,0,147,0,VEG_AGRI,1.0,0.0,outside_patches
1510,25,0.0025,240.0,5229,3267,6,6,1.232,0.5454,0.7014,56.568542494923804,0,8,10,WETLAND,0.0,1.0,outside_patches
1511,941,0.0941,3700.0,5230,2147,68,27,2.976,0.0864,0.5139,0.0,0,23,870,WETLAND,0.004250797024442083,0.7874601487778958,train
1512,885,0.08850000000000001,3720.0,5231,2288,47,56,1.506,0.0804,0.3359,0.0,0,22,838,PRE_EXISTING_WATER,0.04632768361581921,0.0,outside_patches
1513,137,0.0137,580.0,5233,1380,15,14,1.481,0.5118,0.7392,2180.8255317654366,0,0,137,VEG_AGRI,1.0,0.0,outside_patches
1514,109,0.0109,660.0,5233,3141,14,19,2.54,0.3144,0.5629,0.0,10,4,74,PRE_EXISTING_WATER,0.09174311926605505,0.3577981651376147,outside_patches
1515,1,0.0001,40.0,5236,2351,1,1,1.0,0.7854,,0.0,0,0,1,PRE_EXISTING_WATER,0.0,0.0,outside_patches
1516,1,0.0001,40.0,5238,1377,1,1,1.0,0.7854,,2270.0,0,0,1,VEG_AGRI,1.0,0.0,outside_patches
1517,7,0.0007,120.0,5238,2072,3,3,1.08,0.6109,0.7778,856.1541917201598,0,7,0,VEG_AGRI,1.0,0.0,outside_patches
1518,1113,0.11130000000000001,3240.0,5238,2164,94,39,4.918,0.1332,0.4409,0.0,97,13,489,WETLAND,0.04132973944294699,0.6469002695417789,outside_patches
1519,107,0.010700000000000001,500.0,5239,1418,14,11,1.532,0.5378,0.5998,2091.6261616264032,0,0,101,VEG_AGRI,1.0,0.0,outside_patches
1520,19,0.0019,200.0,5239,2961,5,5,1.171,0.5969,0.7991,50.0,0,3,16,VEG_AGRI,1.0,0.0,outside_patches
1521,5,0.0005,100.0,5241,2974,3,2,1.732,0.6283,0.687,0.0,0,0,5,PRE_EXISTING_WATER,0.0,0.0,outside_patches
1522,19,0.0019,200.0,5245,3018,6,4,1.526,0.5969,0.7483,10.0,1,6,5,VEG_AGRI,0.6842105263157895,0.21052631578947367,outside_patches
1523,19,0.0019,200.0,5249,2283,5,5,1.128,0.5969,0.76,0.0,0,1,12,PRE_EXISTING_WATER,0.3684210526315789,0.0,outside_patches
1524,17,0.0017000000000000001,200.0,5249,2362,5,5,1.435,0.5341,0.6161,0.0,0,0,17,PRE_EXISTING_WATER,0.0,0.0,test
1525,58,0.0058000000000000005,400.0,5250,3178,5,15,2.978,0.4555,0.6688,0.0,20,2,30,WETLAND,0.1896551724137931,0.5862068965517241,test
1526,4,0.0004,80.0,5255,1428,2,2,1.0,0.7854,1.0,2047.8769494283586,0,0,4,VEG_AGRI,1.0,0.0,train
1527,9,0.0009000000000000001,140.0,5255,2954,4,3,1.39,0.577,0.6712,56.568542494923804,0,0,9,VEG_AGRI,1.0,0.0,test
1528,8,0.0008,140.0,5259,1430,3,4,1.649,0.5129,0.6841,1994.4924166313594,0,0,8,VEG_AGRI,1.0,0.0,train
1529,34,0.0034000000000000002,340.0,5259,2146,7,10,3.171,0.3696,0.6769,130.0,0,0,34,WETLAND,0.0,1.0,train
1530,118,0.0118,680.0,5261,3006,20,13,3.491,0.3207,0.6257,10.0,2,33,74,VEG_AGRI,0.7711864406779662,0.0,test
1531,47,0.0047,440.0,5262,2044,11,10,2.468,0.3051,0.5659,749.5331880577403,0,6,0,VEG_AGRI,1.0,0.0,train
1532,536,0.0536,2040.0,5264,1436,40,34,2.036,0.1619,0.5662,1560.0,0,0,508,VEG_AGRI,1.0,0.0,train
1533,492,0.0492,1820.0,5264,2243,37,34,1.129,0.1867,0.3987,0.0,0,4,488,PRE_EXISTING_WATER,0.044715447154471545,0.0,outside_patches
1534,4,0.0004,80.0,5266,3454,2,2,1.0,0.7854,1.0,0.0,0,0,4,PRE_EXISTING_WATER,0.0,0.0,val
1535,14547,1.4547,21520.0,5269,3154,249,343,4.701,0.0395,0.331,0.0,3930,512,6256,WETLAND,0.03038427167113494,0.9615040901904173,val
1536,9,0.0009000000000000001,140.0,5270,2317,3,4,1.39,0.577,0.6712,0.0,0,0,9,PRE_EXISTING_WATER,0.0,0.0,test
1537,5,0.0005,100.0,5272,2288,2,3,1.732,0.6283,0.687,0.0,0,0,5,PRE_EXISTING_WATER,0.0,0.0,outside_patches
1538,30,0.003,280.0,5272,2300,6,8,1.929,0.4809,0.6924,0.0,0,0,30,PRE_EXISTING_WATER,0.0,0.0,outside_patches
1539,18,0.0018000000000000002,200.0,5276,2932,6,4,1.941,0.5655,0.6394,80.62257748298549,0,0,7,WETLAND,0.2222222222222222,0.7777777777777778,test
1540,94,0.0094,480.0,5280,2281,8,15,1.983,0.5127,0.6363,0.0,0,0,94,PRE_EXISTING_WATER,0.0,0.0,outside_patches
1541,12,0.0012000000000000001,160.0,5281,3435,4,4,1.31,0.589,0.6938,0.0,0,0,12,PRE_EXISTING_WATER,0.0,0.0,val
1542,159,0.0159,740.0,5284,2235,17,19,1.469,0.3649,0.4711,0.0,0,0,146,PRE_EXISTING_WATER,0.018867924528301886,0.0,outside_patches
1543,7,0.0007,120.0,5285,2218,2,4,2.181,0.6109,0.7464,114.0175425099138,0,0,4,WETLAND,0.0,1.0,outside_patches
1544,5,0.0005,100.0,5285,3209,2,3,1.732,0.6283,0.687,42.426406871192846,0,0,5,WETLAND,0.0,1.0,val
1545,168,0.016800000000000002,800.0,5285,3525,17,23,3.34,0.3299,0.6373,514.2956348249517,0,168,0,WETLAND,0.0,1.0,val
1546,15,0.0015,160.0,5285,3691,4,4,1.147,0.7363,0.6308,2051.828452868319,0,0,7,WETLAND,0.0,1.0,val
1547,1,0.0001,40.0,5287,2293,1,1,1.0,0.7854,,0.0,0,0,1,PRE_EXISTING_WATER,0.0,0.0,outside_patches
1548,1,0.0001,40.0,5289,2928,1,1,1.0,0.7854,,31.622776601683796,0,0,0,WETLAND,0.0,1.0,test
1549,90,0.009000000000000001,480.0,5293,2274,12,12,1.765,0.4909,0.6345,0.0,0,0,90,PRE_EXISTING_WATER,0.0,0.0,outside_patches
1550,478,0.0478,1400.0,5295,3555,29,30,1.639,0.3065,0.5273,791.2016177940993,0,61,105,WETLAND,0.0,1.0,val
1551,16,0.0016,220.0,5297,2906,4,7,2.726,0.4154,0.6347,178.04493814764857,0,2,5,WETLAND,0.0,1.0,test
1552,22,0.0022,260.0,5297,2969,6,7,2.355,0.409,0.6051,0.0,0,0,22,PRE_EXISTING_WATER,0.0,0.0,test
1553,6,0.0006000000000000001,100.0,5298,2147,2,3,1.633,0.754,1.0,108.16653826391969,0,0,1,WETLAND,0.0,1.0,train
1554,31,0.0031000000000000003,300.0,5299,1469,6,9,2.268,0.4328,0.624,1560.4166110369372,0,0,23,VEG_AGRI,1.0,0.0,train
1555,10,0.001,140.0,5299,3099,4,3,1.369,0.6411,0.8333,40.0,0,0,10,WETLAND,0.0,1.0,test
1556,163,0.016300000000000002,920.0,5300,2210,24,20,3.388,0.242,0.4637,0.0,0,2,139,PRE_EXISTING_WATER,0.13496932515337423,0.0,outside_patches
1557,44,0.0044,520.0,5302,2153,17,9,5.172,0.2045,0.467,0.0,0,0,42,WETLAND,0.0,0.6590909090909091,train
1558,13,0.0013000000000000002,160.0,5303,2016,4,4,1.406,0.6381,0.6477,430.0,0,0,0,VEG_AGRI,1.0,0.0,train
1559,20,0.002,220.0,5303,2962,5,6,1.481,0.5193,0.6472,0.0,0,0,20,PRE_EXISTING_WATER,0.0,0.0,test
1560,1119,0.1119,2620.0,5306,1457,65,59,4.504,0.2049,0.6084,890.5054744357274,0,0,1070,VEG_AGRI,1.0,0.0,train
1561,3,0.00030000000000000003,80.0,5306,2941,2,2,1.732,0.589,0.7279,0.0,0,1,0,VEG_AGRI,1.0,0.0,test
1562,7,0.0007,120.0,5307,789,3,3,1.449,0.6109,0.6511,277.8488797889961,0,0,6,VEG_AGRI,1.0,0.0,train
1563,30,0.003,260.0,5307,2907,4,9,2.308,0.5577,0.675,228.47319317591726,0,0,8,WETLAND,0.06666666666666667,0.9333333333333333,test
1564,3,0.00030000000000000003,80.0,5312,1910,1,3,31622.777,0.589,1.0,456.17978911828175,0,3,0,VEG_AGRI,1.0,0.0,train
1565,2,0.0002,60.0,5313,2379,2,1,1.0,0.6981,,110.0,0,0,1,WETLAND,0.0,1.0,test
1566,35,0.0035,280.0,5313,2452,6,8,1.39,0.561,0.6957,322.80024783137947,17,1,4,WETLAND,0.0,1.0,test
1567,306715,30.6715,395980.0,5320,527,1049,2191,3.878,0.0025,0.2084,0.0,27508,1315,261650,WETLAND,0.01136233963125377,0.510979247835939,train
1568,3192,0.31920000000000004,7280.0,5321,2024,85,112,1.768,0.0757,0.3983,0.0,276,14,2516,PRE_EXISTING_WATER,0.17324561403508773,0.27725563909774437,train
1569,98,0.0098,600.0,5321,2222,13,14,1.567,0.3421,0.5156,0.0,0,0,98,PRE_EXISTING_WATER,0.0,0.0,outside_patches
1570,1,0.0001,40.0,5322,3127,1,1,1.0,0.7854,,0.0,0,0,1,PRE_EXISTING_WATER,0.0,0.0,test
1571,115,0.0115,640.0,5324,2924,24,7,4.053,0.3528,0.6826,0.0,0,7,90,VEG_AGRI,0.8347826086956521,0.0,test
1572,10,0.001,180.0,5324,3116,2,7,4.367,0.3879,0.6055,0.0,0,0,10,PRE_EXISTING_WATER,0.0,0.0,test
1573,9,0.0009000000000000001,140.0,5326,3307,3,4,1.618,0.577,0.7114,0.0,0,0,9,PRE_EXISTING_WATER,0.0,0.0,val
1574,2425,0.24250000000000002,5940.0,5328,3597,75,69,1.609,0.0864,0.4849,945.1454914456292,877,171,564,WETLAND,0.11917525773195876,0.8808247422680412,val
1575,68,0.0068000000000000005,420.0,5329,2148,12,9,1.736,0.4844,0.627,0.0,0,0,65,PRE_EXISTING_WATER,0.0,0.17647058823529413,train
1576,344,0.0344,1200.0,5333,3526,28,24,1.515,0.3002,0.6039,488.3646178829912,0,4,67,WETLAND,0.0,1.0,val
1577,77,0.0077,540.0,5334,3304,15,10,1.836,0.3318,0.5116,0.0,0,0,77,PRE_EXISTING_WATER,0.0,0.0,val
1578,21,0.0021000000000000003,280.0,5335,2906,5,9,3.129,0.3366,0.6254,138.92443989449805,0,0,13,WETLAND,0.23809523809523808,0.7619047619047619,test
1579,122,0.0122,520.0,5335,3508,12,14,1.313,0.567,0.7202,484.66483264210535,0,13,72,WETLAND,0.00819672131147541,0.9918032786885246,val
1580,2,0.0002,60.0,5338,3076,2,1,1.0,0.6981,,40.0,0,1,1,VEG_AGRI,1.0,0.0,test
1581,238,0.0238,940.0,5340,3569,20,22,1.363,0.3385,0.5107,707.6722405181653,0,5,78,WETLAND,0.0,1.0,val
1582,148,0.0148,720.0,5341,3741,18,16,1.524,0.3588,0.4825,2246.1745257214543,0,0,16,WETLAND,0.0,1.0,outside_patches
1583,136,0.013600000000000001,720.0,5343,3366,17,19,2.78,0.3297,0.6965,0.0,0,0,136,PRE_EXISTING_WATER,0.0,0.0,val
1584,94,0.0094,480.0,5343,3725,14,10,1.964,0.5127,0.5853,2079.6393918177255,0,0,35,WETLAND,0.0,1.0,outside_patches
1585,3,0.00030000000000000003,80.0,5345,2906,2,2,1.732,0.589,0.7279,155.56349186104046,0,0,3,VEG_AGRI,1.0,0.0,test
1586,117,0.0117,560.0,5346,2137,15,13,1.979,0.4688,0.7254,0.0,0,0,107,WETLAND,0.0,0.5299145299145299,train
1587,16,0.0016,180.0,5346,2212,5,4,1.282,0.6206,0.6394,0.0,0,0,16,PRE_EXISTING_WATER,0.0,0.0,outside_patches
1588,452,0.045200000000000004,1460.0,5346,3314,20,47,2.9,0.2665,0.502,0.0,0,0,452,PRE_EXISTING_WATER,0.0,0.0,val
1589,7,0.0007,140.0,5353,3316,3,4,1.807,0.4488,0.6309,0.0,0,0,7,PRE_EXISTING_WATER,0.0,0.0,val
1590,261,0.0261,1000.0,5354,3492,19,31,3.019,0.328,0.6154,190.0,0,12,204,WETLAND,0.0,1.0,val
1591,127,0.012700000000000001,640.0,5356,1997,10,21,2.43,0.3896,0.5634,0.0,0,0,119,PRE_EXISTING_WATER,0.12598425196850394,0.0,train
1592,885,0.08850000000000001,2200.0,5356,3296,42,38,1.517,0.2298,0.5342,0.0,0,0,885,PRE_EXISTING_WATER,0.0,0.0,val
1593,282,0.028200000000000003,1080.0,5361,1946,15,36,2.943,0.3038,0.5393,0.0,1,0,263,PRE_EXISTING_WATER,0.1773049645390071,0.024822695035460994,train
1594,34,0.0034000000000000002,300.0,5361,3426,8,7,1.402,0.4747,0.623,240.41630560342614,0,5,7,WETLAND,0.0,1.0,val
1595,56,0.0056,480.0,5362,3520,9,15,3.329,0.3054,0.5298,381.8376618407357,0,5,10,WETLAND,0.0,1.0,val
1596,7,0.0007,120.0,5363,1923,3,3,1.732,0.6109,0.7574,30.0,0,0,0,WETLAND,0.0,1.0,train
1597,3,0.00030000000000000003,80.0,5363,3366,1,3,31622.777,0.589,1.0,0.0,0,0,3,PRE_EXISTING_WATER,0.0,0.0,val
1598,265,0.026500000000000003,1460.0,5364,1883,21,27,1.665,0.1562,0.4353,192.35384061671343,0,4,215,WETLAND,0.0,1.0,train
1599,17,0.0017000000000000001,220.0,5364,2215,4,6,1.751,0.4414,0.6412,0.0,0,0,17,PRE_EXISTING_WATER,0.0,0.0,outside_patches
1600,154,0.0154,760.0,5364,2222,13,24,2.518,0.335,0.5238,0.0,4,10,121,PRE_EXISTING_WATER,0.07792207792207792,0.2077922077922078,outside_patches
1601,55,0.0055000000000000005,360.0,5366,2129,9,9,1.31,0.5333,0.6443,0.0,0,0,47,WETLAND,0.0,0.5454545454545454,train
1602,1827,0.1827,5580.0,5367,1757,49,118,4.37,0.0737,0.4389,536.0037313302959,0,16,1285,WETLAND,0.013136288998357963,0.986863711001642,train
1603,35,0.0035,280.0,5367,3355,6,8,1.248,0.561,0.7112,0.0,0,0,35,PRE_EXISTING_WATER,0.0,0.0,val
1604,9,0.0009000000000000001,120.0,5369,2894,3,3,1.0,0.7854,1.0,134.1640786499874,0,9,0,VEG_AGRI,1.0,0.0,test
1605,4,0.0004,100.0,5371,2157,1,4,40824.829,0.5027,1.0,40.0,0,0,1,WETLAND,0.0,1.0,train
1606,1,0.0001,40.0,5373,3595,1,1,1.0,0.7854,,806.2257748298549,0,0,0,WETLAND,0.0,1.0,val
1607,18,0.0018000000000000002,200.0,5373,3692,4,6,1.578,0.5655,0.6927,1710.4970037974342,0,0,15,WETLAND,0.05555555555555555,0.7777777777777778,val
1608,13,0.0013000000000000002,200.0,5374,3587,4,6,2.333,0.4084,0.6339,722.0110802473879,0,0,12,WETLAND,0.0,1.0,val
1609,16,0.0016,200.0,5377,3427,4,6,1.67,0.5027,0.6362,353.5533905932738,0,0,1,WETLAND,0.0,1.0,val
1610,12,0.0012000000000000001,180.0,5378,2690,5,4,2.116,0.4654,0.6218,50.0,0,4,8,VEG_AGRI,0.5833333333333334,0.4166666666666667,test
1611,56,0.0056,360.0,5378,3718,10,8,1.792,0.543,0.6427,1948.7944991712184,0,0,0,WETLAND,0.16071428571428573,0.8392857142857143,outside_patches
1612,36,0.0036000000000000003,280.0,5379,1784,6,8,1.277,0.577,0.7188,1209.1732712891069,0,0,24,WETLAND,0.0,1.0,train
1613,515,0.051500000000000004,1220.0,5379,2002,20,34,1.666,0.4348,0.6513,50.0,0,0,386,WETLAND,0.0,1.0,train
1614,57,0.0057,380.0,5379,2036,9,10,1.283,0.496,0.6478,0.0,0,0,41,WETLAND,0.0,1.0,train
1615,3,0.00030000000000000003,80.0,5380,634,2,2,1.732,0.589,0.7279,0.0,0,0,3,PRE_EXISTING_WATER,0.0,0.0,train
1616,957,0.09570000000000001,3780.0,5380,2204,32,96,5.996,0.0842,0.4494,0.0,181,29,585,PRE_EXISTING_WATER,0.07210031347962383,0.400208986415883,outside_patches
1617,20,0.002,200.0,5380,2674,4,6,1.607,0.6283,0.7338,20.0,0,3,17,VEG_AGRI,0.55,0.0,test
1618,208,0.020800000000000003,1220.0,5381,1758,21,24,1.191,0.1756,0.4329,926.3368717696602,0,0,201,WETLAND,0.014423076923076924,0.9855769230769231,train
1619,236,0.0236,840.0,5381,1960,18,22,1.112,0.4203,0.5835,0.0,0,0,231,PRE_EXISTING_WATER,0.11864406779661017,0.0,train
1620,7,0.0007,120.0,5381,2653,2,4,2.181,0.6109,0.7464,50.0,0,7,0,VEG_AGRI,0.7142857142857143,0.2857142857142857,test
1621,27,0.0027,260.0,5381,3762,6,7,1.253,0.5019,0.6135,2190.0,0,0,0,WETLAND,0.0,1.0,outside_patches
1622,27,0.0027,260.0,5382,1948,6,7,1.342,0.5019,0.6318,0.0,0,0,24,PRE_EXISTING_WATER,0.1111111111111111,0.0,train
1623,77,0.0077,580.0,5382,3429,12,17,3.383,0.2876,0.5422,296.98484809834997,0,19,40,WETLAND,0.0,1.0,val
1624,2,0.0002,60.0,5385,3708,2,1,1.0,0.6981,,1849.8108011361594,0,0,0,WETLAND,0.0,1.0,val
1625,531,0.0531,1740.0,5385,3732,40,27,1.714,0.2204,0.5082,1813.3394607739613,0,0,52,WETLAND,0.0018832391713747645,0.9981167608286252,outside_patches
1626,55,0.0055000000000000005,620.0,5387,1904,12,17,3.009,0.1798,0.4187,60.0,0,0,55,WETLAND,0.0,1.0,train
1627,10,0.001,160.0,5388,2668,3,5,1.657,0.4909,0.6465,0.0,0,0,10,PRE_EXISTING_WATER,0.0,0.0,test
1628,4,0.0004,100.0,5389,1732,1,4,40824.829,0.5027,1.0,781.8567643756751,0,0,4,WETLAND,0.0,1.0,train
1629,787,0.0787,2200.0,5389,1824,34,70,4.234,0.2043,0.5409,330.15148038438355,0,4,783,WETLAND,0.0,1.0,train
1630,25,0.0025,260.0,5389,1940,8,5,2.171,0.4647,0.6351,0.0,0,0,25,PRE_EXISTING_WATER,0.12,0.04,train
1631,369,0.0369,1080.0,5389,3266,20,30,1.631,0.3975,0.6184,0.0,0,0,369,PRE_EXISTING_WATER,0.0,0.0,val
1632,890,0.08900000000000001,2400.0,5390,2078,42,49,1.676,0.1942,0.5135,0.0,13,9,795,PRE_EXISTING_WATER,0.0,0.13820224719101123,train
1633,26178,2.6178,21860.0,5390,2524,179,283,1.774,0.0688,0.6243,0.0,18152,440,4680,WETLAND,0.008709603483841394,0.9843379937351975,test
1634,2,0.0002,60.0,5391,2691,2,1,1.0,0.6981,,0.0,0,0,2,PRE_EXISTING_WATER,0.0,0.0,test
1635,63,0.0063,420.0,5391,3679,7,14,2.614,0.4488,0.6219,1550.4837954651443,0,0,24,WETLAND,0.0,1.0,val
1636,31,0.0031000000000000003,320.0,5392,1719,8,7,2.183,0.3804,0.5971,626.418390534633,0,0,31,WETLAND,0.0,1.0,train
1637,1,0.0001,40.0,5392,3449,1,1,1.0,0.7854,,212.13203435596427,0,1,0,WETLAND,0.0,1.0,val
1638,201,0.0201,900.0,5395,2640,13,30,3.097,0.3118,0.5154,10.0,0,114,75,VEG_AGRI,0.5870646766169154,0.2537313432835821,test
1639,68,0.0068000000000000005,480.0,5395,3424,10,13,1.961,0.3709,0.6254,286.0069929215018,0,13,3,WETLAND,0.0,1.0,val
1640,16,0.0016,200.0,5396,1996,4,6,1.83,0.5027,0.5746,110.0,0,0,10,WETLAND,0.0,1.0,train
1641,38,0.0038,320.0,5396,2694,6,10,1.966,0.4663,0.6339,40.0,0,36,2,VEG_AGRI,0.7631578947368421,0.0,test
1642,3092,0.30920000000000003,5340.0,5396,2755,65,101,2.018,0.1363,0.4387,0.0,2283,67,373,WETLAND,0.030077619663648126,0.943078913324709,test
1643,64,0.0064,400.0,5398,1747,9,10,1.299,0.5027,0.6366,799.8124780221924,0,0,64,WETLAND,0.0,1.0,train
1644,2,0.0002,80.0,5400,1705,2,2,1.0,0.3927,,487.03182647543684,0,0,2,WETLAND,0.0,1.0,train
1645,3035,0.3035,6800.0,5400,3650,95,91,1.679,0.0825,0.4185,1247.7980605851253,0,36,187,WETLAND,0.005271828665568369,0.9947281713344316,val
1646,3,0.00030000000000000003,80.0,5401,2145,3,1,31622.777,0.589,1.0,0.0,0,0,3,PRE_EXISTING_WATER,0.0,0.0,train
1647,1687,0.16870000000000002,4960.0,5401,3482,71,102,3.1,0.0862,0.3525,0.0,440,81,386,WETLAND,0.03615886188500297,0.9110847658565501,val
1648,23,0.0023,220.0,5402,965,6,5,1.746,0.5972,0.6776,1086.0018416190646,0,0,22,VEG_AGRI,1.0,0.0,train
1649,30,0.003,380.0,5402,2928,10,9,3.946,0.2611,0.505,14.142135623730951,12,2,9,VEG_AGRI,0.9333333333333333,0.0,test
1650,131,0.0131,580.0,5403,2803,9,20,2.401,0.4894,0.6335,0.0,38,9,48,WETLAND,0.12213740458015267,0.7557251908396947,test
1651,7,0.0007,120.0,5403,3646,2,4,2.181,0.6109,0.7464,1213.3424908079335,0,0,4,WETLAND,0.0,1.0,val
1652,38,0.0038,280.0,5404,1898,6,8,1.315,0.6091,0.6521,221.35943621178654,0,0,38,WETLAND,0.0,1.0,train
1653,6,0.0006000000000000001,120.0,5405,1734,3,3,1.354,0.5236,0.7962,694.0461079784254,0,0,6,WETLAND,0.0,1.0,train
1654,1,0.0001,40.0,5405,2145,1,1,1.0,0.7854,,0.0,0,0,1,PRE_EXISTING_WATER,0.0,0.0,train
1655,65,0.006500000000000001,560.0,5405,2576,8,17,2.238,0.2605,0.4511,0.0,0,46,8,VEG_AGRI,0.8307692307692308,0.03076923076923077,test
1656,44,0.0044,360.0,5407,3544,8,10,1.998,0.4266,0.741,196.468827043885,0,4,9,WETLAND,0.0,1.0,val
1657,86,0.0086,560.0,5408,2251,9,18,3.298,0.3446,0.6037,160.0,0,57,19,WETLAND,0.32558139534883723,0.36046511627906974,outside_patches
1658,7,0.0007,120.0,5409,3269,3,3,1.449,0.6109,0.6511,0.0,0,0,7,PRE_EXISTING_WATER,0.0,0.0,val
1659,57,0.0057,480.0,5411,1696,10,14,2.404,0.3109,0.4619,356.93136595149497,0,0,57,WETLAND,0.0,1.0,train
1660,21,0.0021000000000000003,220.0,5413,2302,5,6,1.687,0.5452,0.6702,0.0,3,0,14,PRE_EXISTING_WATER,0.0,0.3333333333333333,test
1661,1,0.0001,40.0,5415,22,1,1,1.0,0.7854,,0.0,0,0,1,PRE_EXISTING_WATER,0.0,0.0,train
1662,30,0.003,260.0,5415,2566,6,7,1.537,0.5577,0.6964,0.0,0,0,30,PRE_EXISTING_WATER,0.43333333333333335,0.0,test
1663,22,0.0022,240.0,5415,3667,6,6,1.839,0.48,0.6527,1414.3903280212292,0,0,1,WETLAND,0.09090909090909091,0.9090909090909091,val
1664,2123,0.21230000000000002,5480.0,5417,3149,55,103,2.384,0.0888,0.3797,0.0,0,0,2123,PRE_EXISTING_WATER,0.0,0.0,test
1665,12,0.0012000000000000001,160.0,5418,1761,3,5,1.649,0.589,0.7116,785.6844150166147,0,0,11,WETLAND,0.0,1.0,train
1666,2,0.0002,60.0,5418,1816,1,2,1.0,0.6981,,958.0187889597992,0,0,2,WETLAND,0.0,1.0,train
1667,21,0.0021000000000000003,260.0,5418,2921,8,5,3.048,0.3904,0.6251,22.360679774997898,5,0,6,VEG_AGRI,0.9523809523809523,0.0,test
1668,71,0.0071,420.0,5419,2200,10,10,1.351,0.5058,0.6902,0.0,0,0,68,PRE_EXISTING_WATER,0.0,0.1267605633802817,outside_patches
1669,76,0.0076,640.0,5420,1767,7,25,5.321,0.2332,0.496,782.6237921249264,0,0,73,WETLAND,0.0,1.0,train
1670,3,0.00030000000000000003,80.0,5420,2591,2,2,1.732,0.589,0.7279,72.11102550927978,0,3,0,VEG_AGRI,1.0,0.0,test
1671,94,0.0094,560.0,5421,1793,9,18,2.224,0.3767,0.5793,827.1033792700887,0,0,92,WETLAND,0.0,1.0,train
1672,3,0.00030000000000000003,100.0,5421,2879,2,3,4.391,0.377,0.63,0.0,0,0,2,PRE_EXISTING_WATER,0.0,0.3333333333333333,test
1673,30,0.003,260.0,5422,2311,5,8,1.723,0.5577,0.6744,0.0,3,1,21,PRE_EXISTING_WATER,0.4,0.1,test
1674,572,0.0572,1340.0,5422,3433,31,31,1.593,0.4003,0.5381,67.0820393249937,0,24,66,WETLAND,0.0017482517482517483,0.9982517482517482,val
1675,5,0.0005,100.0,5423,970,3,2,1.732,0.6283,0.687,978.008179924892,0,0,5,VEG_AGRI,1.0,0.0,train
1676,40,0.004,280.0,5423,3461,6,8,1.382,0.6411,0.7088,28.284271247461902,24,0,5,WETLAND,0.0,1.0,val
1677,223,0.0223,1260.0,5423,3636,22,31,2.152,0.1765,0.3265,1083.4205093129813,36,2,75,WETLAND,0.32286995515695066,0.6591928251121076,val
1678,9,0.0009000000000000001,140.0,5424,25,4,3,1.208,0.577,0.6749,0.0,0,0,9,PRE_EXISTING_WATER,0.0,0.0,train
1679,24,0.0024000000000000002,220.0,5424,2581,5,6,1.401,0.6231,0.7002,78.10249675906654,0,24,0,VEG_AGRI,1.0,0.0,test
1680,206,0.0206,1080.0,5425,1516,9,38,4.564,0.2219,0.6013,170.0,0,0,195,WETLAND,0.1553398058252427,0.8446601941747572,train
1681,18,0.0018000000000000002,180.0,5426,1710,4,5,1.398,0.6981,0.7068,378.021163428716,0,2,16,WETLAND,0.0,1.0,train
1682,1,0.0001,40.0,5426,3189,1,1,1.0,0.7854,,0.0,0,0,1,PRE_EXISTING_WATER,0.0,0.0,test
1683,14,0.0014,280.0,5426,3754,6,7,4.041,0.2244,0.4569,1740.4597093871494,0,0,10,WETLAND,0.14285714285714285,0.8571428571428571,outside_patches
1684,39,0.0039000000000000003,320.0,5427,2058,6,10,2.133,0.4786,0.6756,0.0,0,0,24,PRE_EXISTING_WATER,0.0,0.4358974358974359,train
1685,627,0.0627,3020.0,5428,1428,30,72,4.277,0.0864,0.344,50.99019513592785,0,8,616,WETLAND,0.023923444976076555,0.9760765550239234,train
1686,11,0.0011,160.0,5429,2873,4,4,1.811,0.54,0.6613,0.0,0,0,4,PRE_EXISTING_WATER,0.09090909090909091,0.0,test
1687,150,0.015000000000000001,760.0,5430,1809,16,22,2.89,0.3263,0.5587,681.8357573492314,0,0,146,WETLAND,0.0,1.0,train
1688,2,0.0002,60.0,5430,2034,1,2,1.0,0.6981,,114.0175425099138,0,0,2,WETLAND,0.0,1.0,train
1689,1,0.0001,40.0,5430,2093,1,1,1.0,0.7854,,0.0,0,0,1,PRE_EXISTING_WATER,0.0,0.0,train
1690,4,0.0004,80.0,5432,946,2,2,1.0,0.7854,1.0,770.2596964660686,0,0,4,VEG_AGRI,1.0,0.0,train
1691,3,0.00030000000000000003,80.0,5432,2917,3,1,31622.777,0.589,1.0,40.0,2,0,1,VEG_AGRI,1.0,0.0,test
1692,56,0.0056,360.0,5432,2928,9,9,1.08,0.543,0.6562,0.0,0,39,15,VEG_AGRI,0.7678571428571429,0.125,test
1693,4,0.0004,80.0,5433,2870,2,2,1.0,0.7854,1.0,0.0,0,0,4,PRE_EXISTING_WATER,0.25,0.0,test
1694,3,0.00030000000000000003,80.0,5435,48,2,2,1.732,0.589,0.7279,0.0,0,0,3,PRE_EXISTING_WATER,0.0,0.0,train
1695,15,0.0015,180.0,5435,76,4,5,1.319,0.5818,0.7119,0.0,0,0,15,PRE_EXISTING_WATER,0.0,0.0,train
1696,34,0.0034000000000000002,280.0,5435,1780,5,9,1.853,0.545,0.6368,676.8308503607086,0,0,34,WETLAND,0.0,1.0,train
1697,1,0.0001,40.0,5436,3385,1,1,1.0,0.7854,,262.48809496813374,0,1,0,VEG_AGRI,1.0,0.0,val
1698,265,0.026500000000000003,1040.0,5437,1512,18,31,2.312,0.3079,0.5147,20.0,0,9,256,WETLAND,0.0,1.0,train
1699,47,0.0047,540.0,5437,2038,9,18,5.835,0.2025,0.5356,0.0,0,0,40,PRE_EXISTING_WATER,0.0,0.1276595744680851,train
1700,1,0.0001,40.0,5438,2371,1,1,1.0,0.7854,,0.0,0,0,1,PRE_EXISTING_WATER,0.0,0.0,test
1701,1138,0.11380000000000001,3000.0,5439,3471,71,63,5.266,0.1589,0.5001,0.0,456,31,278,WETLAND,0.037785588752196834,0.843585237258348,val
1702,17248,1.7248,12980.0,5441,2077,156,213,1.666,0.1286,0.5322,84.85281374238569,14379,42,2564,WETLAND,0.006087662337662338,0.9939123376623377,outside_patches
1703,586,0.058600000000000006,1480.0,5441,3508,30,40,2.33,0.3362,0.5844,0.0,302,17,154,WETLAND,0.13993174061433447,0.643344709897611,val
1704,181,0.0181,1060.0,5442,23,14,30,2.062,0.2024,0.4076,0.0,0,0,181,PRE_EXISTING_WATER,0.0,0.0,train
1705,10,0.001,160.0,5442,1736,3,5,1.993,0.4909,0.566,452.76925690687085,0,0,10,WETLAND,0.0,1.0,train
1706,33,0.0033,300.0,5442,1784,3,12,4.02,0.4608,0.8715,636.0031446463138,0,0,33,WETLAND,0.0,1.0,train
1707,27,0.0027,260.0,5442,2908,7,6,1.89,0.5019,0.6968,10.0,2,9,10,VEG_AGRI,0.5185185185185185,0.4074074074074074,test
1708,13,0.0013000000000000002,200.0,5443,978,4,6,2.333,0.4084,0.6339,876.9264507357501,0,0,11,WETLAND,0.46153846153846156,0.5384615384615384,train
1709,224,0.0224,1180.0,5443,1759,24,26,1.537,0.2022,0.3829,405.2159917870962,0,0,224,WETLAND,0.0,1.0,train
1710,23,0.0023,240.0,5443,2934,7,5,1.58,0.5018,0.6495,0.0,0,4,15,VEG_AGRI,0.6086956521739131,0.0,test
1711,9,0.0009000000000000001,140.0,5444,1715,3,4,1.39,0.577,0.6712,282.842712474619,0,0,9,WETLAND,0.0,1.0,train
1712,22,0.0022,240.0,5445,666,4,8,2.431,0.48,0.675,0.0,0,0,22,PRE_EXISTING_WATER,0.0,0.0,train
1713,162,0.0162,780.0,5445,944,16,18,1.556,0.3346,0.5376,548.1788029466298,0,0,147,WETLAND,0.0,1.0,train
1714,4,0.0004,100.0,5446,15,2,3,2.449,0.5027,0.6387,0.0,0,0,4,PRE_EXISTING_WATER,0.0,0.0,train
1715,9,0.0009000000000000001,140.0,5447,1838,2,5,2.71,0.577,0.7912,650.0,0,0,9,WETLAND,0.0,1.0,train
1716,6,0.0006000000000000001,120.0,5448,632,3,3,2.031,0.5236,0.6579,0.0,0,0,6,PRE_EXISTING_WATER,0.0,0.0,train
1717,110,0.011000000000000001,540.0,5448,2332,14,13,1.508,0.474,0.6509,0.0,11,15,68,VEG_AGRI,0.42727272727272725,0.0,test
1718,3707,0.37070000000000003,5100.0,5448,2856,105,83,2.782,0.1791,0.5574,0.0,2078,175,832,WETLAND,0.024008632317237658,0.9603452926895063,test
1719,5,0.0005,100.0,5451,920,3,2,1.732,0.6283,0.687,447.7722635447622,0,0,5,WETLAND,0.0,1.0,train
1720,11,0.0011,140.0,5451,1641,4,3,1.417,0.7053,0.7216,114.0175425099138,0,0,11,WETLAND,0.0,1.0,train
1721,41,0.0041,360.0,5451,1741,7,11,2.524,0.3975,0.6271,420.4759208325728,0,0,41,WETLAND,0.0,1.0,train
1722,274,0.0274,1200.0,5451,1790,27,23,1.436,0.2391,0.4858,364.0054944640259,0,3,269,WETLAND,0.0,1.0,train
1723,19,0.0019,200.0,5451,2553,5,5,1.643,0.5969,0.6499,0.0,0,0,17,VEG_AGRI,0.7894736842105263,0.0,test
1724,21,0.0021000000000000003,220.0,5452,29,5,6,1.166,0.5452,0.6568,0.0,0,0,21,PRE_EXISTING_WATER,0.0,0.0,train
1725,159,0.0159,940.0,5452,2883,22,24,4.121,0.2261,0.5208,0.0,18,14,95,PRE_EXISTING_WATER,0.2138364779874214,0.24528301886792453,test
1726,11,0.0011,180.0,5453,645,5,4,1.33,0.4266,0.5192,0.0,0,0,11,PRE_EXISTING_WATER,0.0,0.0,train
1727,32,0.0032,280.0,5453,925,4,10,2.331,0.5129,0.7438,470.10637094172637,0,0,30,WETLAND,0.0,1.0,train
1728,4,0.0004,80.0,5453,1955,2,2,1.0,0.7854,1.0,72.80109889280519,0,0,4,WETLAND,0.0,1.0,train
1729,2,0.0002,60.0,5454,2057,2,1,1.0,0.6981,,0.0,0,0,2,PRE_EXISTING_WATER,0.0,0.0,train
1730,10,0.001,180.0,5457,3167,4,5,2.509,0.3879,0.5199,0.0,0,0,10,PRE_EXISTING_WATER,0.0,0.0,test
1731,9,0.0009000000000000001,140.0,5458,679,3,4,1.39,0.577,0.6712,0.0,0,0,9,PRE_EXISTING_WATER,0.0,0.0,train
1732,10,0.001,160.0,5460,1723,4,4,1.27,0.4909,0.8368,233.23807579381202,0,0,10,WETLAND,0.0,1.0,train
1733,2,0.0002,60.0,5460,2031,1,2,1.0,0.6981,,0.0,0,0,2,PRE_EXISTING_WATER,0.0,0.0,train
1734,6,0.0006000000000000001,140.0,5461,2112,4,3,3.601,0.3847,0.6885,142.12670403551894,0,0,5,WETLAND,0.0,1.0,train
1735,15,0.0015,220.0,5462,2844,5,6,2.779,0.3895,0.6259,0.0,0,0,14,PRE_EXISTING_WATER,0.06666666666666667,0.0,test
1736,392,0.0392,1820.0,5463,731,27,31,1.704,0.1487,0.5082,0.0,9,0,345,PRE_EXISTING_WATER,0.05612244897959184,0.17857142857142858,train
1737,31,0.0031000000000000003,260.0,5463,1631,4,9,2.627,0.5763,0.7825,64.03124237432849,0,0,31,WETLAND,0.0,1.0,train
1738,16,0.0016,180.0,5463,3366,5,4,1.161,0.6206,0.7078,545.6189146281496,9,0,5,WETLAND,0.0,1.0,val
1739,488,0.0488,1180.0,5465,1733,21,35,1.712,0.4404,0.5955,180.0,0,0,488,WETLAND,0.0,1.0,train
1740,8,0.0008,120.0,5467,554,3,3,1.265,0.6981,0.6695,0.0,0,0,8,PRE_EXISTING_WATER,0.0,0.0,train
1741,1648,0.1648,4040.0,5468,1591,48,90,2.833,0.1269,0.4073,0.0,20,6,1503,PRE_EXISTING_WATER,0.022451456310679612,0.09466019417475728,train
1742,569,0.056900000000000006,2200.0,5468,1819,32,55,3.447,0.1477,0.4395,140.0,0,0,524,WETLAND,0.0,1.0,train
1743,14,0.0014,180.0,5468,2409,3,6,2.155,0.543,0.633,60.82762530298219,0,0,5,WETLAND,0.21428571428571427,0.7857142857142857,test
1744,18,0.0018000000000000002,220.0,5468,2836,5,6,2.142,0.4673,0.6238,0.0,0,0,13,PRE_EXISTING_WATER,0.0,0.2222222222222222,test
1745,13,0.0013000000000000002,180.0,5468,2865,5,4,1.538,0.5042,0.6419,0.0,0,0,13,PRE_EXISTING_WATER,0.0,0.0,test
1746,124,0.012400000000000001,720.0,5469,1522,11,25,3.909,0.3006,0.6502,110.0,0,0,83,WETLAND,0.0,1.0,train
1747,6,0.0006000000000000001,100.0,5469,1832,3,2,1.633,0.754,1.0,420.11903075200007,0,0,6,WETLAND,0.0,1.0,train
1748,73,0.0073,440.0,5470,1849,9,13,2.238,0.4738,0.6755,331.36083051561786,0,0,73,WETLAND,0.0,1.0,train
1749,3,0.00030000000000000003,80.0,5470,2102,2,2,1.732,0.589,0.7279,161.24515496597098,0,0,2,WETLAND,0.0,1.0,train
1750,62,0.006200000000000001,380.0,5470,3265,8,11,1.365,0.5396,0.6312,228.25424421026653,0,0,40,WETLAND,0.14516129032258066,0.8548387096774194,val
1751,9,0.0009000000000000001,140.0,5471,781,4,3,1.39,0.577,0.6712,14.142135623730951,0,0,4,WETLAND,0.0,1.0,train
1752,54,0.0054,360.0,5471,1939,6,12,2.008,0.5236,0.5993,151.32745950421557,0,0,54,WETLAND,0.0,1.0,train
1753,20,0.002,200.0,5472,22,5,5,1.087,0.6283,0.7274,0.0,0,0,20,PRE_EXISTING_WATER,0.0,0.0,train
1754,8,0.0008,140.0,5472,3471,3,4,2.142,0.5129,0.6604,220.2271554554524,0,0,1,WETLAND,0.0,1.0,val
1755,38,0.0038,300.0,5473,1551,5,10,2.07,0.5306,0.7034,100.0,0,4,34,WETLAND,0.0,1.0,train
1756,378,0.0378,1520.0,5474,1579,34,33,1.886,0.2056,0.4115,0.0,8,6,190,WETLAND,0.0026455026455026454,0.6931216931216931,train
1757,43,0.0043,300.0,5476,782,6,9,1.623,0.6004,0.7638,0.0,0,0,40,PRE_EXISTING_WATER,0.09302325581395349,0.13953488372093023,train
1758,29,0.0029000000000000002,280.0,5477,1908,4,10,2.761,0.4648,0.6505,210.95023109728987,0,0,29,WETLAND,0.0,1.0,train
1759,37,0.0037,300.0,5477,1927,8,7,1.967,0.5166,0.7159,130.0,0,0,36,WETLAND,0.0,1.0,train
1760,24,0.0024000000000000002,240.0,5477,2879,7,5,2.041,0.5236,0.6347,0.0,5,2,14,PRE_EXISTING_WATER,0.5,0.0,test
1761,84,0.008400000000000001,420.0,5477,3596,8,13,1.602,0.5984,0.6856,711.6881339463234,0,3,48,WETLAND,0.3333333333333333,0.6666666666666666,val
1762,7,0.0007,160.0,5478,1329,2,6,5.039,0.3436,0.5657,164.92422502470643,0,0,7,WETLAND,0.0,1.0,train
1763,15,0.0015,180.0,5478,3393,4,5,1.2,0.5818,0.7046,427.20018726587654,0,0,0,WETLAND,0.0,1.0,val
1764,274,0.0274,1140.0,5479,1796,26,22,1.222,0.2649,0.5163,98.48857801796103,0,0,263,WETLAND,0.0,1.0,train
1765,83,0.0083,420.0,5481,1691,11,10,1.503,0.5913,0.6592,0.0,0,0,83,PRE_EXISTING_WATER,0.0,0.0,train
1766,67,0.0067,420.0,5482,1763,10,11,2.047,0.4773,0.7237,140.0,0,1,66,WETLAND,0.0,1.0,train
1767,7,0.0007,120.0,5483,1730,3,3,1.449,0.6109,0.6511,200.0,0,0,7,WETLAND,0.0,1.0,train
1768,106,0.0106,580.0,5484,702,12,16,1.155,0.396,0.5031,0.0,0,0,106,PRE_EXISTING_WATER,0.0,0.0,train
1769,25,0.0025,240.0,5484,722,4,8,2.075,0.5454,0.6799,0.0,0,0,25,PRE_EXISTING_WATER,0.0,0.0,train
1770,14,0.0014,160.0,5485,1571,4,4,1.021,0.6872,0.875,90.0,0,0,4,WETLAND,0.0,1.0,train
1771,148,0.0148,740.0,5486,3257,16,19,2.238,0.3396,0.4834,290.0,0,4,71,WETLAND,0.3581081081081081,0.6418918918918919,val
1772,30,0.003,260.0,5487,1707,6,7,1.235,0.5577,0.6993,20.0,24,0,4,WETLAND,0.13333333333333333,0.8333333333333334,train
1773,1,0.0001,40.0,5488,579,1,1,1.0,0.7854,,0.0,0,0,1,PRE_EXISTING_WATER,0.0,0.0,train
1774,155,0.0155,800.0,5490,1726,9,29,4.049,0.3043,0.6329,50.0,0,0,155,WETLAND,0.0,1.0,train
1775,4,0.0004,100.0,5490,2320,3,2,1.633,0.5027,0.6667,317.8049716414141,0,4,0,VEG_AGRI,1.0,0.0,test
1776,67,0.0067,520.0,5491,1255,7,19,3.858,0.3114,0.5802,134.53624047073708,0,67,0,WETLAND,0.0,1.0,train
1777,8,0.0008,160.0,5494,1407,3,5,3.25,0.3927,0.6192,94.86832980505139,0,0,8,WETLAND,0.0,1.0,train
1778,33,0.0033,260.0,5494,2512,5,8,1.669,0.6134,0.6816,0.0,0,2,25,PRE_EXISTING_WATER,0.21212121212121213,0.0,test
1779,5,0.0005,100.0,5495,748,3,2,1.732,0.6283,0.687,0.0,0,0,5,PRE_EXISTING_WATER,0.0,0.0,train
1780,3,0.00030000000000000003,80.0,5495,1682,2,2,1.732,0.589,0.7279,0.0,0,0,2,PRE_EXISTING_WATER,0.0,0.3333333333333333,train
1781,38,0.0038,300.0,5495,2500,5,10,2.031,0.5306,0.6903,0.0,0,4,30,VEG_AGRI,0.5263157894736842,0.0,test
1782,138,0.013800000000000002,640.0,5496,1363,9,23,3.308,0.4234,0.7299,114.0175425099138,0,11,16,WETLAND,0.07246376811594203,0.9130434782608695,train
1783,61,0.0061,440.0,5497,1706,6,15,2.987,0.3959,0.6744,42.426406871192846,0,0,60,WETLAND,0.0,1.0,train
1784,31,0.0031000000000000003,280.0,5497,3280,6,8,1.367,0.4969,0.6751,530.7541803886239,0,0,8,VEG_AGRI,0.5161290322580645,0.4838709677419355,val
1785,21,0.0021000000000000003,220.0,5497,3505,5,6,1.377,0.5452,0.7187,0.0,8,0,6,WETLAND,0.0,0.7142857142857143,val
1786,1098,0.10980000000000001,4800.0,5499,696,36,85,3.441,0.0599,0.3893,0.0,0,0,1098,PRE_EXISTING_WATER,0.0,0.0,train
1787,1,0.0001,40.0,5499,748,1,1,1.0,0.7854,,0.0,0,0,1,PRE_EXISTING_WATER,0.0,0.0,train
1788,25,0.0025,240.0,5499,1833,5,7,1.801,0.5454,0.6464,100.0,0,0,25,WETLAND,0.0,1.0,train
1789,1560,0.156,4740.0,5499,3604,64,75,2.346,0.0873,0.3584,854.2833253669417,0,33,290,WETLAND,0.0,1.0,val
1790,62,0.006200000000000001,440.0,5501,2848,10,12,2.369,0.4024,0.6173,0.0,9,5,31,VEG_AGRI,0.5161290322580645,0.03225806451612903,test
1791,2,0.0002,60.0,5502,763,1,2,1.0,0.6981,,0.0,0,0,2,PRE_EXISTING_WATER,0.0,0.0,train
1792,6,0.0006000000000000001,120.0,5502,1859,3,3,1.354,0.5236,0.7962,80.62257748298549,0,0,6,WETLAND,0.0,1.0,train
1793,123,0.0123,760.0,5503,1255,9,28,5.306,0.2676,0.6358,10.0,0,6,13,WETLAND,0.0,1.0,train
1794,116,0.011600000000000001,520.0,5503,3754,13,13,1.519,0.5391,0.7488,900.8884503644167,107,0,9,VEG_AGRI,0.6637931034482759,0.33620689655172414,outside_patches
1795,29,0.0029000000000000002,240.0,5505,3366,7,5,1.574,0.6327,0.6569,783.9005038906405,0,29,0,WETLAND,0.0,1.0,val
1796,275,0.0275,1640.0,5506,2388,27,41,3.166,0.1285,0.3738,0.0,35,46,153,PRE_EXISTING_WATER,0.15272727272727274,0.3927272727272727,test
1797,11,0.0011,160.0,5506,3298,4,4,1.505,0.54,0.7367,700.0,0,11,0,WETLAND,0.0,1.0,val
1798,1,0.0001,40.0,5506,3768,1,1,1.0,0.7854,,990.0505037623082,0,0,0,VEG_AGRI,1.0,0.0,outside_patches
1799,1014,0.1014,3780.0,5508,1385,49,68,2.661,0.0892,0.408,50.0,0,15,996,WETLAND,0.0,1.0,train
1800,2,0.0002,60.0,5508,1990,2,1,1.0,0.6981,,0.0,0,0,2,PRE_EXISTING_WATER,0.0,0.0,train
1801,2,0.0002,60.0,5508,1992,2,1,1.0,0.6981,,0.0,0,0,2,PRE_EXISTING_WATER,0.0,0.0,train
1802,784,0.0784,1760.0,5509,1337,30,38,1.223,0.3181,0.6462,0.0,411,50,204,WETLAND,0.003826530612244898,0.9668367346938775,train
1803,1898,0.1898,4640.0,5509,1506,72,70,2.084,0.1108,0.4798,30.0,0,6,56,WETLAND,0.0,1.0,train
1804,2,0.0002,60.0,5510,3325,2,1,1.0,0.6981,,891.9641248391104,0,0,2,VEG_AGRI,1.0,0.0,val
1805,1,0.0001,40.0,5513,751,1,1,1.0,0.7854,,0.0,0,0,1,PRE_EXISTING_WATER,0.0,0.0,train
1806,1,0.0001,40.0,5514,1672,1,1,1.0,0.7854,,67.0820393249937,0,0,1,WETLAND,0.0,1.0,train
1807,26,0.0026000000000000003,240.0,5515,3523,4,8,1.891,0.5672,0.7463,0.0,7,0,10,WETLAND,0.07692307692307693,0.7307692307692307,val
1808,30,0.003,240.0,5517,1596,5,7,1.452,0.6545,0.7804,0.0,1,0,19,PRE_EXISTING_WATER,0.3333333333333333,0.0,train
1809,10767,1.0767,19460.0,5517,3518,237,226,2.684,0.0357,0.2594,523.2590180780452,7069,77,2425,WETLAND,0.016624872294975387,0.9833751277050247,val
1810,2,0.0002,60.0,5518,2071,1,2,1.0,0.6981,,36.05551275463989,0,0,2,WETLAND,0.0,1.0,train
1811,6,0.0006000000000000001,100.0,5518,2772,2,3,1.633,0.754,1.0,0.0,0,0,5,PRE_EXISTING_WATER,0.3333333333333333,0.0,test
1812,5,0.0005,100.0,5520,1476,2,3,1.732,0.6283,0.687,260.0,0,0,3,WETLAND,0.0,1.0,train
1813,5,0.0005,100.0,5521,3195,2,3,1.732,0.6283,0.687,286.53097563788805,0,5,0,BUILT_UP,0.0,0.4,test
1814,44,0.0044,340.0,5521,3242,4,13,3.176,0.4783,0.7656,487.64741360946437,0,0,40,WETLAND,0.20454545454545456,0.7954545454545454,val
1815,27,0.0027,280.0,5522,692,9,5,2.422,0.4328,0.6647,0.0,0,0,27,PRE_EXISTING_WATER,0.0,0.0,train
1816,51,0.0051,420.0,5522,788,9,12,2.643,0.3633,0.5635,0.0,0,0,51,PRE_EXISTING_WATER,0.0,0.0,train
1817,2,0.0002,60.0,5523,690,2,1,1.0,0.6981,,0.0,0,0,2,PRE_EXISTING_WATER,0.0,0.0,train
1818,37,0.0037,380.0,5524,719,5,14,3.294,0.322,0.5297,0.0,0,0,37,PRE_EXISTING_WATER,0.0,0.0,train
1819,383,0.0383,1240.0,5524,2282,30,27,2.179,0.313,0.5309,148.66068747318505,0,29,55,WETLAND,0.0,1.0,outside_patches
1820,3,0.00030000000000000003,80.0,5525,680,1,3,31622.777,0.589,1.0,0.0,0,0,3,PRE_EXISTING_WATER,0.0,0.0,train
1821,39,0.0039000000000000003,300.0,5526,3202,6,9,1.6,0.5445,0.6254,371.6180835212409,0,39,0,WETLAND,0.23076923076923078,0.7692307692307693,val
1822,950,0.095,2260.0,5526,3733,49,36,1.925,0.2337,0.5014,344.38350715445125,762,7,111,WETLAND,0.25157894736842107,0.748421052631579,outside_patches
1823,5,0.0005,100.0,5527,1638,2,3,1.732,0.6283,0.687,143.17821063276352,0,0,5,WETLAND,0.0,1.0,train
1824,88,0.0088,420.0,5527,2346,11,10,1.235,0.6269,0.6948,0.0,52,0,25,VEG_AGRI,0.42045454545454547,0.38636363636363635,test
1825,4,0.0004,80.0,5527,3158,2,2,1.0,0.7854,1.0,170.29386365926402,0,4,0,BUILT_UP,0.25,0.0,test
1826,6,0.0006000000000000001,140.0,5527,3498,2,5,3.464,0.3847,0.6,170.88007490635061,0,2,1,WETLAND,0.0,1.0,val
1827,62,0.006200000000000001,360.0,5528,3186,9,9,1.532,0.6012,0.6525,332.41540277189324,0,62,0,BUILT_UP,0.1935483870967742,0.08064516129032258,test
1828,1454,0.1454,4360.0,5530,3514,65,68,1.557,0.0961,0.3498,98.48857801796103,616,11,453,WETLAND,0.10797799174690509,0.8920220082530949,val
1829,2,0.0002,60.0,5531,722,1,2,1.0,0.6981,,0.0,0,0,2,PRE_EXISTING_WATER,0.0,0.0,train
1830,2,0.0002,60.0,5533,787,2,1,1.0,0.6981,,0.0,0,0,2,PRE_EXISTING_WATER,0.0,0.0,train
1831,7,0.0007,120.0,5533,1465,2,4,2.181,0.6109,0.7464,98.48857801796103,0,0,7,WETLAND,0.0,1.0,train
1832,2,0.0002,60.0,5533,2535,1,2,1.0,0.6981,,375.89892258425004,0,0,0,WETLAND,0.0,1.0,test
1833,262,0.0262,1080.0,5533,3153,19,25,1.414,0.2823,0.4393,237.06539182259394,0,18,242,WETLAND,0.0916030534351145,0.6793893129770993,test
1834,34,0.0034000000000000002,260.0,5534,1503,5,8,1.672,0.632,0.7273,322.49030993194197,0,0,6,WETLAND,0.0,1.0,train
1835,5,0.0005,100.0,5535,1557,2,3,1.732,0.6283,0.687,212.13203435596427,0,0,0,WETLAND,0.0,1.0,train
1836,12,0.0012000000000000001,160.0,5535,2547,2,6,3.416,0.589,1.0,457.93012567421243,0,0,4,WETLAND,0.0,1.0,test
1837,10,0.001,140.0,5537,651,3,4,1.369,0.6411,0.8333,0.0,0,0,10,PRE_EXISTING_WATER,0.0,0.0,train
1838,44,0.0044,360.0,5537,2420,9,9,2.439,0.4266,0.72,0.0,0,0,35,PRE_EXISTING_WATER,0.0,0.25,test
1839,4,0.0004,100.0,5539,1552,3,2,2.618,0.5027,0.6698,273.1300056749533,0,0,0,WETLAND,0.0,1.0,train
1840,7,0.0007,120.0,5539,3102,2,4,2.181,0.6109,0.7464,30.0,0,3,0,VEG_AGRI,0.5714285714285714,0.42857142857142855,test
1841,17218,1.7218,20500.0,5540,2706,196,268,1.89,0.0515,0.4138,0.0,12830,389,2227,WETLAND,0.018469044023696132,0.9373330235799745,test
1842,5,0.0005,100.0,5542,790,3,2,1.732,0.6283,0.687,0.0,0,0,5,PRE_EXISTING_WATER,0.0,0.0,train
1843,13,0.0013000000000000002,180.0,5542,1114,3,6,2.469,0.5042,0.6362,20.0,2,0,10,WETLAND,0.0,1.0,train
1844,22,0.0022,220.0,5543,2365,5,6,1.291,0.5712,0.6858,184.39088914585773,0,0,21,VEG_AGRI,0.9545454545454546,0.045454545454545456,test
1845,10,0.001,140.0,5545,3515,3,4,1.369,0.6411,0.8333,230.0,0,0,10,WETLAND,0.0,1.0,val
1846,10,0.001,160.0,5546,734,3,5,1.982,0.4909,0.6619,0.0,0,0,10,PRE_EXISTING_WATER,0.0,0.0,train
1847,7,0.0007,120.0,5546,1990,3,3,1.08,0.6109,0.7778,150.0,0,0,7,WETLAND,0.0,1.0,train
1848,23,0.0023,240.0,5548,2429,5,7,1.498,0.5018,0.6357,0.0,7,0,13,PRE_EXISTING_WATER,0.17391304347826086,0.30434782608695654,test
1849,13,0.0013000000000000002,200.0,5548,2927,7,3,3.213,0.4084,0.6111,42.426406871192846,1,0,11,WETLAND,0.0,1.0,test
1850,12,0.0012000000000000001,180.0,5548,3251,4,5,1.795,0.4654,0.629,774.919350642375,0,0,12,WETLAND,0.16666666666666666,0.8333333333333334,val
1851,4,0.0004,80.0,5549,603,2,2,1.0,0.7854,1.0,0.0,0,0,4,PRE_EXISTING_WATER,0.0,0.0,train
1852,8,0.0008,120.0,5551,622,2,4,2.236,0.6981,1.0,0.0,0,0,8,PRE_EXISTING_WATER,0.0,0.0,train
1853,46,0.0046,380.0,5552,3059,8,11,1.862,0.4003,0.5962,20.0,0,9,33,VEG_AGRI,0.6956521739130435,0.1956521739130435,test
1854,11,0.0011,160.0,5552,3507,3,5,1.678,0.54,0.6487,313.2091952673165,0,0,6,WETLAND,0.0,1.0,val
1855,19,0.0019,240.0,5555,1501,3,9,3.822,0.4145,0.6658,241.86773244895647,0,0,2,WETLAND,0.0,1.0,train
1856,1,0.0001,40.0,5555,1680,1,1,1.0,0.7854,,10.0,0,0,1,PRE_EXISTING_WATER,0.0,0.0,train
1857,31,0.0031000000000000003,320.0,5555,3221,9,7,2.828,0.3804,0.5999,725.6031973468694,0,0,31,WETLAND,0.16129032258064516,0.8387096774193549,val
1858,11,0.0011,160.0,5556,3210,5,3,1.528,0.54,0.7333,670.5221845696085,0,0,10,WETLAND,0.0,1.0,val
1859,557,0.0557,2580.0,5558,2444,34,58,3.477,0.1052,0.4328,0.0,36,13,425,PRE_EXISTING_WATER,0.06463195691202872,0.19210053859964094,test
1860,12,0.0012000000000000001,160.0,5560,2376,4,4,1.0,0.589,0.75,258.0697580112788,0,0,7,VEG_AGRI,0.8333333333333334,0.16666666666666666,test
1861,28,0.0028,280.0,5560,2870,6,8,2.002,0.4488,0.7074,50.99019513592785,0,2,26,WETLAND,0.39285714285714285,0.6071428571428571,test
1862,17,0.0017000000000000001,200.0,5561,3040,4,6,1.672,0.5341,0.7018,14.142135623730951,3,0,12,VEG_AGRI,0.5294117647058824,0.4117647058823529,test
1863,2,0.0002,60.0,5561,3059,2,1,1.0,0.6981,,80.62257748298549,0,0,2,VEG_AGRI,0.5,0.0,test
1864,4,0.0004,80.0,5561,3588,2,2,1.0,0.7854,1.0,734.9829930005184,3,0,1,WETLAND,0.0,1.0,val
1865,9,0.0009000000000000001,140.0,5562,1298,3,4,1.618,0.577,0.7114,0.0,0,0,7,PRE_EXISTING_WATER,0.0,0.2222222222222222,train
1866,1209,0.12090000000000001,1720.0,5566,1413,32,50,1.673,0.5135,0.7587,0.0,0,0,1209,PRE_EXISTING_WATER,0.0,0.0,train
1867,20,0.002,200.0,5566,2331,6,4,1.607,0.6283,0.7338,0.0,0,0,20,PRE_EXISTING_WATER,0.0,0.0,test
1868,10,0.001,160.0,5567,1373,3,5,1.993,0.4909,0.566,138.92443989449805,0,0,10,WETLAND,0.0,1.0,train
1869,58,0.0058000000000000005,500.0,5567,3000,7,18,4.742,0.2915,0.6668,0.0,0,1,46,PRE_EXISTING_WATER,0.0,0.22413793103448276,test
1870,10,0.001,160.0,5567,3030,3,5,2.003,0.4909,0.6327,30.0,0,1,9,VEG_AGRI,1.0,0.0,test
1871,73,0.0073,400.0,5567,3384,10,10,1.157,0.5733,0.6906,1074.2439201596628,0,0,47,WETLAND,0.0273972602739726,0.9726027397260274,val
1872,85,0.0085,460.0,5568,1936,9,13,1.582,0.5048,0.64,78.10249675906654,0,0,85,WETLAND,0.0,1.0,train
1873,15,0.0015,180.0,5568,2712,5,4,1.319,0.5818,0.7119,0.0,0,0,15,PRE_EXISTING_WATER,0.0,0.0,test
1874,12,0.0012000000000000001,180.0,5568,3022,3,6,2.55,0.4654,0.6402,28.284271247461902,3,0,8,VEG_AGRI,0.75,0.25,test
1875,14,0.0014,180.0,5568,3244,4,5,1.287,0.543,0.6679,938.1364506296512,0,0,14,WETLAND,0.2857142857142857,0.7142857142857143,val
1876,26,0.0026000000000000003,240.0,5569,2990,5,7,1.49,0.5672,0.6875,0.0,0,0,19,WETLAND,0.0,0.5384615384615384,test
1877,303,0.0303,1300.0,5571,2726,37,22,2.484,0.2253,0.4055,0.0,39,33,177,PRE_EXISTING_WATER,0.3069306930693069,0.19471947194719472,test
1878,18,0.0018000000000000002,240.0,5573,3594,8,4,2.073,0.3927,0.5394,860.5230967266364,1,0,17,VEG_AGRI,1.0,0.0,val
1879,2524,0.2524,6000.0,5577,1877,80,88,1.84,0.0881,0.4154,10.0,151,1,2244,WETLAND,0.002377179080824089,0.9960380348652932,train
1880,8,0.0008,140.0,5577,2888,3,4,2.142,0.5129,0.6604,0.0,0,4,4,VEG_AGRI,1.0,0.0,test
1881,27,0.0027,240.0,5578,1016,6,6,1.498,0.589,0.6965,0.0,1,0,22,WETLAND,0.0,0.8518518518518519,train
1882,514,0.0514,2340.0,5578,2654,25,70,6.042,0.118,0.3668,0.0,112,65,220,WETLAND,0.06614785992217899,0.5933852140077821,test
1883,13,0.0013000000000000002,180.0,5578,3631,3,6,2.469,0.5042,0.6362,1200.6664815842908,2,0,11,VEG_AGRI,0.6923076923076923,0.3076923076923077,val
1884,69,0.006900000000000001,420.0,5579,3234,9,12,1.791,0.4915,0.7698,850.0,0,0,52,WETLAND,0.014492753623188406,0.9855072463768116,val
1885,28,0.0028,260.0,5580,1553,5,8,1.778,0.5205,0.6384,100.0,0,0,12,WETLAND,0.0,1.0,train
1886,13,0.0013000000000000002,180.0,5584,1632,3,6,2.443,0.5042,0.6339,0.0,0,0,11,PRE_EXISTING_WATER,0.15384615384615385,0.0,train
1887,15,0.0015,200.0,5584,2613,3,7,2.581,0.4712,0.5931,0.0,0,0,11,PRE_EXISTING_WATER,0.0,0.0,test
1888,7,0.0007,120.0,5585,655,3,3,1.08,0.6109,0.7778,0.0,0,0,7,PRE_EXISTING_WATER,0.0,0.0,train
1889,19,0.0019,200.0,5586,1378,4,6,1.592,0.5969,0.7345,70.71067811865476,0,0,19,WETLAND,0.0,1.0,train
1890,41,0.0041,340.0,5586,2645,10,7,2.101,0.4457,0.67,0.0,0,0,41,PRE_EXISTING_WATER,0.0,0.0,test
1891,39,0.0039000000000000003,300.0,5586,3217,8,7,1.394,0.5445,0.7094,687.6772498781678,0,3,36,BUILT_UP,0.358974358974359,0.05128205128205128,val
1892,2,0.0002,60.0,5587,1847,1,2,1.0,0.6981,,0.0,0,0,2,PRE_EXISTING_WATER,0.0,0.0,train
1893,19,0.0019,200.0,5587,3338,3,7,2.424,0.5969,0.7725,1515.5856953666462,0,0,17,WETLAND,0.0,1.0,val
1894,16,0.0016,180.0,5588,658,3,6,2.107,0.6206,0.7403,0.0,0,0,16,PRE_EXISTING_WATER,0.0,0.0,train
1895,7,0.0007,120.0,5591,1048,2,4,2.181,0.6109,0.7464,10.0,0,0,7,WETLAND,0.0,1.0,train
1896,5,0.0005,100.0,5591,3329,2,3,1.732,0.6283,0.687,1526.20444239951,0,0,4,WETLAND,0.0,1.0,val
1897,33,0.0033,280.0,5591,3641,7,7,1.124,0.5289,0.6606,1159.7413504743201,32,0,1,WETLAND,0.0,1.0,val
1898,1,0.0001,40.0,5592,1562,1,1,1.0,0.7854,,22.360679774997898,0,1,0,VEG_AGRI,1.0,0.0,train
1899,15,0.0015,180.0,5594,1408,5,4,1.2,0.5818,0.7046,0.0,0,0,9,WETLAND,0.0,0.9333333333333333,train
1900,9,0.0009000000000000001,140.0,5594,2537,4,3,1.627,0.577,0.6096,0.0,0,0,9,PRE_EXISTING_WATER,0.0,0.0,test
1901,19,0.0019,220.0,5598,924,6,5,1.507,0.4933,0.6847,0.0,0,0,19,PRE_EXISTING_WATER,0.0,0.0,train
1902,16,0.0016,180.0,5598,3054,4,5,1.225,0.6206,0.8,0.0,0,3,12,PRE_EXISTING_WATER,0.5,0.0,test
1903,1,0.0001,40.0,5602,2553,1,1,1.0,0.7854,,0.0,0,0,1,PRE_EXISTING_WATER,0.0,0.0,test
1904,70,0.007,640.0,5603,935,11,18,4.174,0.2148,0.4827,0.0,0,0,70,PRE_EXISTING_WATER,0.0,0.0,train
1905,9,0.0009000000000000001,140.0,5603,1300,3,4,1.964,0.577,0.705,165.52945357246847,0,0,9,WETLAND,0.0,1.0,train
1906,1,0.0001,40.0,5603,1413,1,1,1.0,0.7854,,0.0,0,0,1,WETLAND,0.0,1.0,train
1907,6,0.0006000000000000001,120.0,5603,3146,3,3,1.354,0.5236,0.7962,170.88007490635061,0,6,0,BUILT_UP,0.0,0.0,test
1908,7,0.0007,180.0,5605,2966,4,5,4.733,0.2715,0.5701,31.622776601683796,1,0,6,VEG_AGRI,0.7142857142857143,0.2857142857142857,test
1909,21,0.0021000000000000003,220.0,5608,3374,5,6,1.604,0.5452,0.6696,1334.541119636259,0,0,17,WETLAND,0.0,1.0,val
1910,44,0.0044,340.0,5611,2728,7,10,1.92,0.4783,0.6578,30.0,0,3,41,VEG_AGRI,0.8636363636363636,0.13636363636363635,test
1911,8,0.0008,140.0,5611,2759,4,3,1.907,0.5129,0.6201,20.0,2,0,3,VEG_AGRI,0.625,0.375,test
1912,520,0.052000000000000005,1800.0,5611,3039,41,33,1.542,0.2017,0.3904,0.0,0,0,520,PRE_EXISTING_WATER,0.0,0.0,test
1913,4,0.0004,100.0,5612,2617,2,3,1.633,0.5027,0.6667,0.0,0,0,4,PRE_EXISTING_WATER,0.0,0.0,test
1914,39,0.0039000000000000003,380.0,5614,2185,4,14,3.843,0.3394,0.6938,0.0,0,0,39,PRE_EXISTING_WATER,0.0,0.0,outside_patches
1915,9,0.0009000000000000001,120.0,5615,969,3,3,1.0,0.7854,1.0,0.0,0,0,9,PRE_EXISTING_WATER,0.0,0.0,train
1916,42,0.004200000000000001,300.0,5615,982,9,6,1.754,0.5864,0.6686,0.0,0,0,42,PRE_EXISTING_WATER,0.0,0.0,train
1917,9,0.0009000000000000001,140.0,5615,3402,3,4,1.964,0.577,0.705,1229.186723000212,0,0,0,WETLAND,0.4444444444444444,0.5555555555555556,val
1918,56,0.0056,340.0,5615,3661,8,9,1.268,0.6088,0.6604,930.2150289046076,0,4,52,WETLAND,0.0,1.0,val
1919,7,0.0007,140.0,5616,2608,3,4,1.807,0.4488,0.6309,20.0,4,0,0,VEG_AGRI,0.5714285714285714,0.2857142857142857,test
1920,26,0.0026000000000000003,240.0,5617,3125,4,8,1.896,0.5672,0.752,0.0,0,0,22,PRE_EXISTING_WATER,0.15384615384615385,0.0,test
1921,51,0.0051,380.0,5620,1081,8,11,2.218,0.4438,0.6236,0.0,0,0,51,PRE_EXISTING_WATER,0.0,0.0,train
1922,137,0.0137,620.0,5621,1058,13,16,1.366,0.4479,0.5758,0.0,0,0,137,PRE_EXISTING_WATER,0.0,0.0,train
1923,4,0.0004,100.0,5621,1431,2,3,2.449,0.5027,0.6387,170.0,0,0,1,WETLAND,0.0,1.0,train
1924,35,0.0035,380.0,5621,2804,7,11,2.344,0.3046,0.4889,0.0,16,0,8,WETLAND,0.2571428571428571,0.6285714285714286,test
1925,123,0.0123,580.0,5622,1016,14,15,1.806,0.4595,0.6723,0.0,0,0,123,PRE_EXISTING_WATER,0.0,0.0,train
1926,1,0.0001,40.0,5622,1160,1,1,1.0,0.7854,,110.45361017187261,0,0,1,WETLAND,0.0,1.0,train
1927,1,0.0001,40.0,5622,1277,1,1,1.0,0.7854,,0.0,0,0,1,PRE_EXISTING_WATER,0.0,0.0,train
1928,16,0.0016,180.0,5622,2950,3,6,2.183,0.6206,0.7615,58.309518948453004,1,0,13,VEG_AGRI,0.6875,0.3125,test
1929,1,0.0001,40.0,5623,1174,1,1,1.0,0.7854,,134.53624047073708,0,0,1,WETLAND,0.0,1.0,train
1930,5,0.0005,100.0,5623,1199,2,3,1.732,0.6283,0.687,86.02325267042627,0,5,0,WETLAND,0.0,1.0,train
1931,8,0.0008,120.0,5624,478,3,3,1.265,0.6981,0.6695,0.0,0,0,8,PRE_EXISTING_WATER,0.0,0.0,train
1932,207,0.0207,1000.0,5624,1034,14,30,2.176,0.2601,0.4528,0.0,0,0,207,PRE_EXISTING_WATER,0.0,0.0,train
1933,15,0.0015,200.0,5624,1845,5,5,2.079,0.4712,0.5775,14.142135623730951,1,0,14,WETLAND,0.0,0.9333333333333333,train
1934,14,0.0014,180.0,5624,3259,3,6,2.124,0.543,0.6985,771.7512552629896,0,3,11,WETLAND,0.42857142857142855,0.5714285714285714,val
1935,43,0.0043,320.0,5625,2725,6,10,1.762,0.5277,0.67,36.05551275463989,0,7,23,WETLAND,0.13953488372093023,0.8604651162790697,test
1936,5752,0.5752,11140.0,5626,3100,159,110,2.17,0.0582,0.3446,0.0,0,0,5752,PRE_EXISTING_WATER,0.0,0.0,test
1937,10,0.001,140.0,5627,2943,3,4,1.633,0.6411,0.675,44.721359549995796,1,2,6,WETLAND,0.0,1.0,test
1938,1,0.0001,40.0,5628,997,1,1,1.0,0.7854,,0.0,0,0,1,PRE_EXISTING_WATER,0.0,0.0,train
1939,72,0.007200000000000001,440.0,5628,1107,11,11,1.532,0.4673,0.5815,0.0,0,0,72,PRE_EXISTING_WATER,0.0,0.0,train
1940,4454,0.4454,9400.0,5628,1794,126,96,1.477,0.0633,0.356,50.0,271,8,4129,WETLAND,0.0,1.0,train
1941,4,0.0004,100.0,5629,1076,2,3,1.633,0.5027,0.6667,0.0,0,0,4,PRE_EXISTING_WATER,0.0,0.0,train
1942,3,0.00030000000000000003,80.0,5629,1095,3,1,31622.777,0.589,1.0,0.0,0,0,3,PRE_EXISTING_WATER,0.0,0.0,train
1943,2,0.0002,60.0,5630,1097,2,1,1.0,0.6981,,0.0,0,0,2,PRE_EXISTING_WATER,0.0,0.0,train
1944,49,0.0049,380.0,5631,1123,6,13,2.736,0.4264,0.6095,0.0,0,0,49,PRE_EXISTING_WATER,0.0,0.0,train
1945,4,0.0004,80.0,5631,2261,2,2,1.0,0.7854,1.0,180.27756377319946,0,0,1,WETLAND,0.0,1.0,outside_patches
1946,13,0.0013000000000000002,160.0,5631,2736,4,4,1.161,0.6381,0.7133,0.0,0,0,7,PRE_EXISTING_WATER,0.23076923076923078,0.0,test
1947,1,0.0001,40.0,5633,491,1,1,1.0,0.7854,,0.0,0,0,1,PRE_EXISTING_WATER,0.0,0.0,train
1948,20,0.002,220.0,5633,2811,5,6,1.083,0.5193,0.6686,20.0,17,0,2,WETLAND,0.2,0.8,test
1949,4,0.0004,80.0,5633,3687,2,2,1.0,0.7854,1.0,764.0026177965624,1,0,1,VEG_AGRI,0.5,0.5,val
1950,3,0.00030000000000000003,80.0,5635,1007,1,3,31622.777,0.589,1.0,0.0,0,0,3,PRE_EXISTING_WATER,0.0,0.0,train
1951,66,0.0066,480.0,5636,2729,15,9,2.922,0.36,0.576,0.0,0,1,50,PRE_EXISTING_WATER,0.0,0.4090909090909091,test
1952,5,0.0005,100.0,5636,2801,2,3,1.732,0.6283,0.687,0.0,1,0,4,WETLAND,0.0,0.6,test
1953,22,0.0022,220.0,5636,3250,4,7,1.821,0.5712,0.7351,622.4146527838174,0,1,5,WETLAND,0.2727272727272727,0.7272727272727273,val
1954,4,0.0004,80.0,5637,1838,2,2,1.0,0.7854,1.0,42.426406871192846,0,0,4,WETLAND,0.0,1.0,train
1955,1,0.0001,40.0,5637,3761,1,1,1.0,0.7854,,122.06555615733703,0,1,0,WETLAND,0.0,1.0,outside_patches
1956,3,0.00030000000000000003,80.0,5638,1439,1,3,31622.777,0.589,1.0,50.0,0,0,3,WETLAND,0.0,1.0,train
1957,44,0.0044,360.0,5639,3052,7,11,2.206,0.4266,0.6082,0.0,0,0,44,PRE_EXISTING_WATER,0.0,0.0,test
1958,2,0.0002,60.0,5641,650,1,2,1.0,0.6981,,0.0,0,0,2,PRE_EXISTING_WATER,0.0,0.0,train
1959,8,0.0008,140.0,5645,616,4,3,1.483,0.5129,0.628,0.0,0,0,8,PRE_EXISTING_WATER,0.0,0.0,train
1960,20,0.002,200.0,5645,3762,5,5,1.087,0.6283,0.7274,10.0,0,20,0,VEG_AGRI,0.85,0.15,outside_patches
1961,49,0.0049,320.0,5648,2272,8,8,1.238,0.6013,0.7426,0.0,33,0,6,WETLAND,0.08163265306122448,0.8163265306122449,outside_patches
1962,10,0.001,140.0,5649,1933,4,3,1.323,0.6411,0.5931,0.0,0,0,10,PRE_EXISTING_WATER,0.0,0.0,train
1963,7,0.0007,120.0,5649,2201,3,3,1.08,0.6109,0.7778,272.9468812791236,0,0,0,WETLAND,0.0,1.0,outside_patches
1964,18,0.0018000000000000002,200.0,5651,612,6,4,1.235,0.5655,0.6419,0.0,0,0,18,PRE_EXISTING_WATER,0.0,0.0,train
1965,1,0.0001,40.0,5652,3095,1,1,1.0,0.7854,,0.0,0,0,1,PRE_EXISTING_WATER,0.0,0.0,test
1966,172,0.0172,640.0,5652,3677,18,14,1.632,0.5277,0.7333,763.2168761236874,58,0,98,WETLAND,0.0,1.0,val
1967,1893,0.1893,5360.0,5653,1039,64,94,1.306,0.0828,0.3026,36.05551275463989,0,4,1874,WETLAND,0.0,1.0,train
1968,294,0.029400000000000003,1160.0,5653,1625,16,34,2.791,0.2746,0.6173,147.648230602334,0,0,202,WETLAND,0.0,1.0,train
1969,12,0.0012000000000000001,160.0,5654,1530,4,4,1.701,0.589,0.6488,0.0,0,0,12,PRE_EXISTING_WATER,0.0,0.0,train
1970,84,0.008400000000000001,440.0,5654,3090,11,11,1.031,0.5452,0.6945,0.0,0,0,84,PRE_EXISTING_WATER,0.0,0.0,test
1971,42,0.004200000000000001,280.0,5655,3077,8,6,1.334,0.6732,0.7666,0.0,0,0,42,PRE_EXISTING_WATER,0.0,0.0,test
1972,263,0.0263,1160.0,5656,2225,30,24,2.614,0.2456,0.4504,0.0,10,12,202,PRE_EXISTING_WATER,0.0,0.39543726235741444,outside_patches
1973,401,0.040100000000000004,1180.0,5657,3024,25,27,1.078,0.3619,0.6,0.0,0,0,401,PRE_EXISTING_WATER,0.0,0.0,test
1974,7,0.0007,120.0,5658,714,3,3,1.08,0.6109,0.7778,0.0,0,0,7,PRE_EXISTING_WATER,0.0,0.0,train
1975,12,0.0012000000000000001,160.0,5658,1265,3,5,2.07,0.589,0.6892,130.0,0,0,5,WETLAND,0.0,1.0,train
1976,8,0.0008,140.0,5658,1856,3,4,1.225,0.5129,0.6667,325.2691193458119,0,0,8,WETLAND,0.0,1.0,train
1977,161,0.0161,780.0,5658,1939,23,16,2.683,0.3325,0.6396,0.0,0,0,158,PRE_EXISTING_WATER,0.049689440993788817,0.0,train
1978,1,0.0001,40.0,5658,2708,1,1,1.0,0.7854,,92.19544457292886,0,0,1,WETLAND,0.0,1.0,test
1979,12,0.0012000000000000001,160.0,5659,1582,3,5,2.07,0.589,0.6892,250.79872407968907,0,0,12,WETLAND,0.0,1.0,train
1980,12,0.0012000000000000001,160.0,5659,1833,3,5,2.07,0.589,0.6892,169.70562748477138,0,0,12,WETLAND,0.0,1.0,train
1981,81,0.0081,480.0,5663,1917,10,13,1.871,0.4418,0.5551,0.0,0,0,81,PRE_EXISTING_WATER,0.0,0.0,train
1982,17,0.0017000000000000001,200.0,5664,621,3,7,2.354,0.5341,0.7194,0.0,0,0,17,PRE_EXISTING_WATER,0.0,0.0,train
1983,18,0.0018000000000000002,220.0,5665,681,5,6,1.431,0.4673,0.6181,0.0,0,0,18,PRE_EXISTING_WATER,0.0,0.0,train
1984,8,0.0008,120.0,5665,1030,2,4,2.236,0.6981,1.0,212.13203435596427,0,0,8,WETLAND,0.0,1.0,train
1985,27,0.0027,260.0,5667,1622,5,8,2.014,0.5019,0.6942,393.95431207184413,0,0,27,WETLAND,0.0,1.0,train
1986,11,0.0011,160.0,5667,3052,4,4,1.882,0.54,0.6722,0.0,0,0,11,PRE_EXISTING_WATER,0.0,0.0,test
1987,74,0.0074,480.0,5667,3113,12,12,1.874,0.4036,0.665,0.0,0,0,74,PRE_EXISTING_WATER,0.0,0.0,test
1988,23,0.0023,260.0,5670,1145,9,4,2.489,0.4276,0.6503,0.0,0,0,19,PRE_EXISTING_WATER,0.0,0.2608695652173913,train
1989,15,0.0015,180.0,5671,1468,4,5,1.578,0.5818,0.7151,0.0,0,0,8,PRE_EXISTING_WATER,0.2,0.06666666666666667,train
1990,1,0.0001,40.0,5671,2708,1,1,1.0,0.7854,,0.0,0,0,0,WETLAND,0.0,1.0,test
1991,221,0.0221,1100.0,5672,3069,18,23,1.67,0.2295,0.4801,0.0,0,0,221,PRE_EXISTING_WATER,0.0,0.0,test
1992,132,0.0132,800.0,5673,682,16,17,1.727,0.2592,0.4945,0.0,0,0,132,PRE_EXISTING_WATER,0.0,0.0,train
1993,19,0.0019,180.0,5674,674,4,5,1.291,0.7369,0.7436,0.0,0,0,19,PRE_EXISTING_WATER,0.0,0.0,train
1994,6,0.0006000000000000001,100.0,5675,1577,2,3,1.633,0.754,1.0,308.05843601498725,0,0,6,WETLAND,0.0,1.0,train
1995,1,0.0001,40.0,5675,3095,1,1,1.0,0.7854,,0.0,0,0,1,PRE_EXISTING_WATER,0.0,0.0,test
1996,15,0.0015,180.0,5676,1600,5,4,1.237,0.5818,0.6672,270.1851217221259,0,0,11,WETLAND,0.0,1.0,train
1997,104,0.010400000000000001,740.0,5676,1612,12,21,2.734,0.2387,0.5075,264.0075756488817,0,0,90,WETLAND,0.0,1.0,train
1998,530,0.053000000000000005,2240.0,5677,1564,33,42,1.875,0.1327,0.392,106.3014581273465,0,0,352,WETLAND,0.0,1.0,train
1999,2,0.0002,60.0,5677,3062,1,2,1.0,0.6981,,0.0,0,0,2,PRE_EXISTING_WATER,0.0,0.0,test
2000,28,0.0028,240.0,5679,1001,4,8,2.109,0.6109,0.7349,123.6931687685298,0,0,28,WETLAND,0.0,1.0,train
2001,1,0.0001,40.0,5679,2486,1,1,1.0,0.7854,,380.0,0,0,1,WETLAND,0.0,1.0,test
2002,54,0.0054,360.0,5683,2033,7,11,1.544,0.5236,0.6687,780.0,0,0,54,WETLAND,0.0,1.0,train
2003,2,0.0002,60.0,5683,3031,2,1,1.0,0.6981,,0.0,0,0,2,PRE_EXISTING_WATER,0.0,0.0,test
2004,2,0.0002,60.0,5684,1022,1,2,1.0,0.6981,,330.15148038438355,0,0,2,WETLAND,0.0,1.0,train
2005,1,0.0001,40.0,5684,1951,1,1,1.0,0.7854,,0.0,0,0,1,PRE_EXISTING_WATER,0.0,0.0,train
2006,28,0.0028,240.0,5685,3052,5,7,1.763,0.6109,0.6824,0.0,0,0,28,PRE_EXISTING_WATER,0.0,0.0,test
2007,59,0.0059,440.0,5685,3552,6,15,2.937,0.383,0.622,1392.0488497175666,23,0,25,WETLAND,0.0,1.0,val
2008,27,0.0027,240.0,5686,1866,7,5,1.49,0.589,0.7094,240.0,0,0,27,WETLAND,0.0,1.0,train
2009,11,0.0011,160.0,5687,476,4,4,1.153,0.54,0.6871,0.0,0,0,11,PRE_EXISTING_WATER,0.0,0.0,train
2010,7,0.0007,140.0,5687,1607,3,4,1.382,0.4488,0.5233,180.27756377319946,0,0,7,WETLAND,0.0,1.0,train
2011,144,0.014400000000000001,620.0,5687,1939,18,12,1.579,0.4707,0.6487,0.0,0,0,144,PRE_EXISTING_WATER,0.0,0.0,train
2012,37,0.0037,300.0,5687,3110,5,10,2.277,0.5166,0.6571,0.0,0,0,37,PRE_EXISTING_WATER,0.0,0.0,test
2013,1,0.0001,40.0,5688,1781,1,1,1.0,0.7854,,20.0,0,0,0,BARE_SAND,0.0,0.0,train
2014,8,0.0008,140.0,5688,3032,4,3,1.715,0.5129,0.6658,0.0,0,0,8,PRE_EXISTING_WATER,0.0,0.0,test
2015,1,0.0001,40.0,5688,3108,1,1,1.0,0.7854,,0.0,0,0,1,PRE_EXISTING_WATER,0.0,0.0,test
2016,3,0.00030000000000000003,80.0,5689,1957,2,2,1.732,0.589,0.7279,20.0,0,0,1,VEG_AGRI,1.0,0.0,train
2017,8,0.0008,120.0,5691,1191,3,3,1.265,0.6981,0.6695,30.0,0,0,8,WETLAND,0.0,1.0,train
2018,38,0.0038,300.0,5691,2013,4,11,2.785,0.5306,0.8057,580.0,0,0,38,WETLAND,0.0,1.0,train
2019,137,0.0137,800.0,5691,3078,14,21,1.901,0.269,0.4758,0.0,0,0,137,PRE_EXISTING_WATER,0.0,0.0,test
2020,34,0.0034000000000000002,300.0,5691,3100,6,9,1.956,0.4747,0.643,0.0,0,0,34,PRE_EXISTING_WATER,0.0,0.0,test
2021,463,0.0463,1500.0,5694,3510,31,38,2.461,0.2586,0.5432,888.8756943465155,191,21,201,WETLAND,0.07991360691144708,0.896328293736501,val
2022,22,0.0022,280.0,5695,2468,7,7,2.148,0.3526,0.5181,160.0,0,0,22,WETLAND,0.0,1.0,test
2023,138,0.013800000000000002,640.0,5695,3556,13,19,2.411,0.4234,0.5618,1385.1353724455962,4,0,61,WETLAND,0.0,1.0,val
2024,9,0.0009000000000000001,140.0,5696,1605,2,5,2.71,0.577,0.7912,100.0,0,0,9,WETLAND,0.0,1.0,train
2025,19,0.0019,220.0,5696,1835,5,6,1.915,0.4933,0.6614,427.20018726587654,0,0,19,WETLAND,0.0,1.0,train
2026,64,0.0064,380.0,5696,1875,7,12,1.926,0.557,0.7513,72.11102550927978,0,0,64,WETLAND,0.0,1.0,train
2027,1,0.0001,40.0,5697,415,1,1,1.0,0.7854,,0.0,0,0,1,PRE_EXISTING_WATER,0.0,0.0,train
2028,93,0.009300000000000001,520.0,5697,1547,12,14,1.319,0.4322,0.5971,172.04650534085255,0,0,35,WETLAND,0.0,1.0,train
2029,6,0.0006000000000000001,100.0,5697,1595,2,3,1.633,0.754,1.0,114.0175425099138,0,0,6,WETLAND,0.0,1.0,train
2030,12,0.0012000000000000001,160.0,5697,2653,3,5,1.681,0.589,0.7328,108.16653826391969,0,0,8,VEG_AGRI,0.5833333333333334,0.4166666666666667,test
2031,59,0.0059,400.0,5699,2026,7,13,2.501,0.4634,0.6376,622.4146527838174,0,0,59,WETLAND,0.0,1.0,train
2032,3,0.00030000000000000003,100.0,5700,1275,3,2,4.391,0.377,0.63,10.0,0,0,3,WETLAND,0.0,1.0,train
2033,13,0.0013000000000000002,160.0,5700,1778,3,5,1.691,0.6381,0.8667,84.85281374238569,0,0,13,WETLAND,0.0,1.0,train
2034,156,0.015600000000000001,600.0,5701,724,14,16,1.227,0.5445,0.6805,0.0,8,10,131,PRE_EXISTING_WATER,0.0,0.30128205128205127,train
2035,85,0.0085,600.0,5701,1325,11,16,1.978,0.2967,0.5273,240.83189157584593,0,0,44,WETLAND,0.0,1.0,train
2036,16,0.0016,180.0,5701,2660,4,5,1.225,0.6206,0.8,28.284271247461902,0,16,0,VEG_AGRI,0.875,0.0,test
2037,15,0.0015,160.0,5703,1786,4,4,1.147,0.7363,0.6308,80.62257748298549,0,0,15,WETLAND,0.0,1.0,train
2038,97,0.0097,960.0,5703,2799,17,30,8.648,0.1323,0.4933,0.0,0,1,73,PRE_EXISTING_WATER,0.07216494845360824,0.4639175257731959,test
2039,106,0.0106,560.0,5704,1920,14,13,1.388,0.4248,0.6852,0.0,0,0,86,WETLAND,0.0,0.5188679245283019,train
2040,44,0.0044,320.0,5704,2890,7,9,1.365,0.54,0.6942,70.71067811865476,0,19,25,BUILT_UP,0.0,0.0,test
2041,1,0.0001,40.0,5704,3113,1,1,1.0,0.7854,,0.0,0,0,1,PRE_EXISTING_WATER,0.0,0.0,test
2042,36,0.0036000000000000003,380.0,5704,3115,9,10,1.677,0.3133,0.3836,0.0,0,0,36,PRE_EXISTING_WATER,0.0,0.0,test
2043,7,0.0007,140.0,5705,714,3,4,1.456,0.4488,0.5985,0.0,0,0,7,PRE_EXISTING_WATER,0.0,0.0,train
2044,20,0.002,220.0,5705,1878,7,4,2.018,0.5193,0.6561,110.0,0,0,20,WETLAND,0.0,1.0,train
2045,7,0.0007,120.0,5706,1612,3,3,1.732,0.6109,0.7574,50.0,0,0,4,WETLAND,0.0,1.0,train
2046,5,0.0005,100.0,5706,1762,2,3,1.732,0.6283,0.687,22.360679774997898,1,0,0,VEG_AGRI,0.8,0.0,train
2047,13,0.0013000000000000002,160.0,5707,958,4,4,1.174,0.6381,0.7487,213.7755832643195,0,0,13,WETLAND,0.0,1.0,train
2048,7,0.0007,120.0,5707,2501,2,4,2.181,0.6109,0.7464,110.0,0,0,7,WETLAND,0.0,1.0,test
2049,95,0.0095,660.0,5709,1003,16,13,2.116,0.2741,0.4869,270.1851217221259,0,8,87,WETLAND,0.0,1.0,train
2050,41,0.0041,360.0,5709,1264,8,10,2.627,0.3975,0.6072,0.0,0,0,41,PRE_EXISTING_WATER,0.024390243902439025,0.0,train
2051,542,0.054200000000000005,1800.0,5711,1990,28,44,1.981,0.2102,0.4713,268.3281572999748,0,0,542,WETLAND,0.0,1.0,train
2052,7,0.0007,120.0,5711,2664,3,3,1.732,0.6109,0.7574,0.0,0,0,7,PRE_EXISTING_WATER,0.0,0.0,test
2053,1,0.0001,40.0,5711,3127,1,1,1.0,0.7854,,0.0,0,0,1,PRE_EXISTING_WATER,0.0,0.0,test
2054,2,0.0002,60.0,5712,1381,2,1,1.0,0.6981,,259.42243542145695,0,0,1,WETLAND,0.0,1.0,train
2055,361,0.0361,1520.0,5712,2806,37,36,3.579,0.1963,0.4257,40.0,34,18,106,WETLAND,0.0110803324099723,0.9889196675900277,test
2056,2,0.0002,60.0,5713,149,2,1,1.0,0.6981,,0.0,0,0,2,PRE_EXISTING_WATER,0.0,0.0,train
2057,1,0.0001,40.0,5713,151,1,1,1.0,0.7854,,0.0,0,0,1,PRE_EXISTING_WATER,0.0,0.0,train
2058,20,0.002,300.0,5713,938,7,8,4.095,0.2793,0.6592,336.00595232822883,0,0,20,WETLAND,0.0,1.0,train
2059,198,0.0198,900.0,5713,1011,22,22,2.006,0.3072,0.5725,180.27756377319946,0,0,198,WETLAND,0.0,1.0,train
2060,32,0.0032,260.0,5713,1788,5,8,1.594,0.5949,0.7248,50.0,0,0,32,WETLAND,0.0,1.0,train
2061,9,0.0009000000000000001,140.0,5713,1935,3,4,1.964,0.577,0.705,0.0,0,0,9,PRE_EXISTING_WATER,0.0,0.0,train
2062,2,0.0002,60.0,5714,751,2,1,1.0,0.6981,,0.0,0,0,2,PRE_EXISTING_WATER,0.0,0.0,train
2063,1,0.0001,40.0,5715,1054,1,1,1.0,0.7854,,233.23807579381202,0,0,1,WETLAND,0.0,1.0,train
2064,48,0.0048000000000000004,300.0,5715,3104,7,8,1.14,0.6702,0.8571,0.0,0,0,48,PRE_EXISTING_WATER,0.0,0.0,test
2065,249,0.024900000000000002,1320.0,5718,2672,34,31,5.588,0.1796,0.5144,0.0,0,4,85,WETLAND,0.01606425702811245,0.9598393574297188,test
2066,3,0.00030000000000000003,80.0,5718,3060,2,2,1.732,0.589,0.7279,0.0,0,0,3,PRE_EXISTING_WATER,0.0,0.0,test
2067,23,0.0023,220.0,5718,3562,5,6,1.383,0.5972,0.6166,1386.0014430006918,0,0,14,WETLAND,0.0,1.0,val
2068,75,0.007500000000000001,540.0,5719,981,7,19,3.339,0.3232,0.5811,300.0,0,2,73,WETLAND,0.0,1.0,train
2069,3,0.00030000000000000003,80.0,5719,3671,2,2,1.732,0.589,0.7279,1131.591799192624,0,0,3,WETLAND,0.0,1.0,val
2070,28,0.0028,240.0,5720,1915,5,7,1.637,0.6109,0.6283,20.0,7,0,16,WETLAND,0.07142857142857142,0.8214285714285714,train
2071,110,0.011000000000000001,640.0,5722,3049,13,14,1.485,0.3375,0.5567,0.0,0,0,110,PRE_EXISTING_WATER,0.0,0.0,test
2072,31,0.0031000000000000003,260.0,5722,3073,6,7,1.376,0.5763,0.6696,0.0,0,0,31,PRE_EXISTING_WATER,0.0,0.0,test
2073,50,0.005,320.0,5722,3540,6,10,1.62,0.6136,0.7336,1164.0017182117904,0,9,17,WETLAND,0.0,1.0,val
2074,69,0.006900000000000001,460.0,5723,1367,14,9,2.694,0.4098,0.7246,235.3720459187964,0,0,9,WETLAND,0.0,1.0,train
2075,62,0.006200000000000001,420.0,5723,1893,6,14,2.864,0.4417,0.6838,0.0,2,0,58,WETLAND,0.06451612903225806,0.8225806451612904,train
2076,10,0.001,160.0,5724,153,3,5,2.003,0.4909,0.6327,0.0,0,0,10,PRE_EXISTING_WATER,0.0,0.0,train
2077,91,0.0091,540.0,5724,1089,9,17,2.695,0.3922,0.5741,0.0,0,0,68,PRE_EXISTING_WATER,0.0989010989010989,0.06593406593406594,train
2078,3,0.00030000000000000003,80.0,5724,3147,3,1,31622.777,0.589,1.0,0.0,0,0,3,PRE_EXISTING_WATER,0.0,0.0,test
2079,3,0.00030000000000000003,80.0,5725,883,2,2,1.732,0.589,0.7279,281.60255680657446,0,0,3,WETLAND,0.0,1.0,train
2080,4,0.0004,80.0,5725,1030,2,2,1.0,0.7854,1.0,228.47319317591726,0,0,4,WETLAND,0.0,1.0,train
2081,120,0.012,600.0,5725,1456,19,11,2.56,0.4189,0.7125,0.0,84,2,18,WETLAND,0.225,0.7,train
2082,56,0.0056,400.0,5725,3116,12,6,2.429,0.4398,0.7597,0.0,0,0,56,PRE_EXISTING_WATER,0.0,0.0,test
2083,9,0.0009000000000000001,140.0,5726,1165,3,4,1.627,0.577,0.6096,0.0,0,0,9,WETLAND,0.0,1.0,train
2084,2,0.0002,60.0,5726,1284,1,2,1.0,0.6981,,31.622776601683796,0,0,0,WETLAND,0.0,1.0,train
2085,6,0.0006000000000000001,120.0,5726,1310,2,4,2.031,0.5236,0.75,199.24858845171275,0,0,0,WETLAND,0.0,1.0,train
2086,11,0.0011,140.0,5727,918,3,4,1.417,0.7053,0.7216,380.0,0,0,11,WETLAND,0.0,1.0,train
2087,454,0.0454,1280.0,5727,3539,31,24,1.726,0.3482,0.6065,1140.0,0,36,186,WETLAND,0.037444933920704845,0.9625550660792952,val
2088,17,0.0017000000000000001,180.0,5728,197,4,5,1.36,0.6593,0.7712,0.0,0,0,17,PRE_EXISTING_WATER,0.0,0.0,train
2089,17,0.0017000000000000001,180.0,5728,997,4,5,1.282,0.6593,0.7146,261.72504656604804,0,0,17,WETLAND,0.0,1.0,train
2090,4,0.0004,80.0,5728,3093,2,2,1.0,0.7854,1.0,0.0,0,0,4,PRE_EXISTING_WATER,0.0,0.0,test
2091,4,0.0004,100.0,5729,369,2,3,1.633,0.5027,0.6667,0.0,0,0,4,PRE_EXISTING_WATER,0.0,0.0,train
2092,16,0.0016,180.0,5730,132,4,5,1.225,0.6206,0.8,0.0,0,0,16,PRE_EXISTING_WATER,0.0,0.0,train
2093,37,0.0037,320.0,5730,2421,6,10,2.465,0.4541,0.6781,0.0,0,0,32,PRE_EXISTING_WATER,0.0,0.2972972972972973,test
2094,48,0.0048000000000000004,300.0,5731,1982,7,8,1.192,0.6702,0.7291,107.70329614269008,0,0,48,WETLAND,0.0,1.0,train
2095,9,0.0009000000000000001,140.0,5731,2828,3,4,1.39,0.577,0.6712,180.27756377319946,0,9,0,WETLAND,0.3333333333333333,0.5555555555555556,test
2096,52,0.005200000000000001,320.0,5732,1029,7,9,1.289,0.6381,0.7284,98.48857801796103,0,0,52,WETLAND,0.0,1.0,train
2097,163,0.016300000000000002,960.0,5734,1058,18,28,4.885,0.2223,0.6409,0.0,0,0,159,PRE_EXISTING_WATER,0.006134969325153374,0.0,train
2098,80,0.008,460.0,5735,956,9,14,1.753,0.4751,0.6226,219.3171219946131,0,0,80,WETLAND,0.0,1.0,train
2099,68,0.0068000000000000005,500.0,5735,2629,11,14,1.756,0.3418,0.5195,41.23105625617661,0,8,59,WETLAND,0.014705882352941176,0.9852941176470589,test
2100,5,0.0005,100.0,5736,720,3,2,1.732,0.6283,0.687,0.0,0,0,5,PRE_EXISTING_WATER,0.0,0.0,train
2101,10,0.001,160.0,5736,1793,2,6,3.226,0.4909,0.6967,150.0,0,0,10,WETLAND,0.0,1.0,train
2102,1,0.0001,40.0,5737,723,1,1,1.0,0.7854,,0.0,0,0,1,PRE_EXISTING_WATER,0.0,0.0,train
2103,4,0.0004,80.0,5737,3485,2,2,1.0,0.7854,1.0,602.0797289396147,0,4,0,VEG_AGRI,0.5,0.5,val
2104,58,0.0058000000000000005,380.0,5737,3657,8,10,1.477,0.5047,0.6949,1293.2130528261769,0,0,18,WETLAND,0.0,1.0,val
2105,3,0.00030000000000000003,80.0,5738,84,2,2,1.732,0.589,0.7279,0.0,0,0,3,PRE_EXISTING_WATER,0.0,0.0,train
2106,3,0.00030000000000000003,80.0,5738,1890,3,1,31622.777,0.589,1.0,72.80109889280519,0,0,3,WETLAND,0.0,1.0,train
2107,46,0.0046,400.0,5739,2741,4,16,4.521,0.3613,0.6808,22.360679774997898,2,0,44,VEG_AGRI,0.45652173913043476,0.0,test
2108,13,0.0013000000000000002,160.0,5740,706,3,5,1.89,0.6381,0.7294,0.0,0,0,13,PRE_EXISTING_WATER,0.0,0.0,train
2109,2287,0.22870000000000001,4160.0,5740,1126,38,113,3.85,0.1661,0.6102,0.0,1479,93,363,WETLAND,0.019239177962396152,0.8841276781810232,train
2110,5,0.0005,100.0,5741,696,3,2,1.732,0.6283,0.687,0.0,0,0,5,PRE_EXISTING_WATER,0.0,0.0,train
2111,7,0.0007,120.0,5741,714,2,4,2.181,0.6109,0.7464,0.0,0,0,7,PRE_EXISTING_WATER,0.0,0.0,train
2112,10,0.001,140.0,5741,988,3,4,1.265,0.6411,0.8333,170.88007490635061,0,0,10,WETLAND,0.0,1.0,train
2113,13,0.0013000000000000002,180.0,5742,1009,3,6,2.469,0.5042,0.6362,108.16653826391969,0,0,13,WETLAND,0.0,1.0,train
2114,57,0.0057,380.0,5742,1722,9,10,1.21,0.496,0.6287,156.5247584249853,0,0,43,WETLAND,0.0,1.0,train
2115,12,0.0012000000000000001,180.0,5742,1886,4,5,1.306,0.4654,0.6453,36.05551275463989,0,0,12,WETLAND,0.0,1.0,train
2116,3,0.00030000000000000003,80.0,5742,2491,1,3,31622.777,0.589,1.0,0.0,0,1,0,BUILT_UP,0.0,0.0,test
2117,8,0.0008,140.0,5743,2732,3,4,2.449,0.5129,0.7463,30.0,0,0,8,VEG_AGRI,0.75,0.25,test
2118,2,0.0002,60.0,5743,3125,1,2,1.0,0.6981,,0.0,0,0,2,PRE_EXISTING_WATER,0.0,0.0,test
2119,36,0.0036000000000000003,360.0,5744,1796,9,9,2.076,0.3491,0.6361,31.622776601683796,0,0,36,WETLAND,0.0,1.0,train
2120,154,0.0154,780.0,5744,2420,16,23,3.567,0.3181,0.6739,0.0,40,0,62,WETLAND,0.045454545454545456,0.8571428571428571,test
2121,1,0.0001,40.0,5745,681,1,1,1.0,0.7854,,0.0,0,0,1,PRE_EXISTING_WATER,0.0,0.0,train
2122,1,0.0001,40.0,5745,683,1,1,1.0,0.7854,,0.0,0,0,1,PRE_EXISTING_WATER,0.0,0.0,train
2123,7384,0.7384000000000001,17380.0,5746,1630,166,112,1.801,0.0307,0.3948,0.0,0,0,1799,WETLAND,0.0010834236186348862,0.9981040086673889,train
2124,131,0.0131,660.0,5746,2695,12,20,2.213,0.3779,0.5852,0.0,0,28,99,PRE_EXISTING_WATER,0.04580152671755725,0.007633587786259542,test
2125,6,0.0006000000000000001,100.0,5746,3120,2,3,1.633,0.754,1.0,0.0,0,0,6,PRE_EXISTING_WATER,0.0,0.0,test
2126,12,0.0012000000000000001,240.0,5747,1888,6,6,3.339,0.2618,0.5195,0.0,0,0,12,WETLAND,0.0,0.9166666666666666,train
2127,29,0.0029000000000000002,400.0,5747,2716,9,7,1.566,0.2278,0.4447,30.0,2,11,12,WETLAND,0.1724137931034483,0.3793103448275862,test
2128,18,0.0018000000000000002,200.0,5747,3083,6,4,1.479,0.5655,0.6506,0.0,0,0,18,PRE_EXISTING_WATER,0.0,0.0,test
2129,11,0.0011,140.0,5748,717,3,4,1.417,0.7053,0.7216,0.0,0,0,11,PRE_EXISTING_WATER,0.0,0.0,train
2130,214,0.021400000000000002,1140.0,5748,1016,14,42,6.088,0.2069,0.5442,0.0,0,0,211,PRE_EXISTING_WATER,0.0,0.0,train
2131,14,0.0014,180.0,5748,3144,5,4,1.583,0.543,0.6893,0.0,0,0,14,PRE_EXISTING_WATER,0.0,0.0,test
2132,16,0.0016,180.0,5749,704,3,6,2.107,0.6206,0.7403,0.0,0,0,16,PRE_EXISTING_WATER,0.0,0.0,train
2133,39,0.0039000000000000003,280.0,5750,1810,7,7,1.208,0.6251,0.7093,0.0,0,0,39,PRE_EXISTING_WATER,0.0,0.4358974358974359,train
2134,3189,0.3189,8100.0,5750,2750,97,82,2.029,0.0611,0.4182,198.49433241279206,0,98,1697,WETLAND,0.04390090937597993,0.9266227657572906,test
2135,3,0.00030000000000000003,80.0,5750,3120,2,2,1.732,0.589,0.7279,0.0,0,0,3,PRE_EXISTING_WATER,0.0,0.0,test
2136,45,0.0045000000000000005,340.0,5751,673,9,8,1.599,0.4892,0.6548,0.0,0,0,45,PRE_EXISTING_WATER,0.0,0.0,train
2137,40,0.004,320.0,5751,688,7,9,1.675,0.4909,0.6607,0.0,0,0,40,PRE_EXISTING_WATER,0.0,0.0,train
2138,46,0.0046,320.0,5751,1961,6,10,1.627,0.5645,0.7353,0.0,0,0,46,PRE_EXISTING_WATER,0.0,0.0,train
2139,91,0.0091,500.0,5752,658,11,14,1.518,0.4574,0.5893,0.0,0,0,91,PRE_EXISTING_WATER,0.0,0.0,train
2140,114,0.0114,760.0,5752,3433,15,21,2.187,0.248,0.4555,178.04493814764857,0,114,0,WETLAND,0.0,1.0,val
2141,9,0.0009000000000000001,160.0,5753,787,5,3,2.618,0.4418,0.6109,0.0,0,0,1,WETLAND,0.3333333333333333,0.5555555555555556,train
2142,6,0.0006000000000000001,100.0,5753,1367,2,3,1.633,0.754,1.0,264.1968962724581,0,0,6,WETLAND,0.0,1.0,train
2143,35334,3.5334000000000003,45540.0,5753,2172,341,399,3.611,0.0214,0.4579,0.0,670,335,33086,WETLAND,0.003933888039848305,0.9866134601233939,test
2144,164,0.0164,900.0,5754,3064,15,24,2.009,0.2544,0.4796,0.0,0,0,164,PRE_EXISTING_WATER,0.0,0.0,test
2145,1,0.0001,40.0,5755,3207,1,1,1.0,0.7854,,193.13207915827968,0,1,0,BUILT_UP,0.0,0.0,val
2146,1,0.0001,40.0,5756,1845,1,1,1.0,0.7854,,0.0,0,0,1,PRE_EXISTING_WATER,0.0,0.0,train
2147,416,0.041600000000000005,1640.0,5756,1814,19,50,3.642,0.1944,0.4736,0.0,33,0,310,PRE_EXISTING_WATER,0.06971153846153846,0.3269230769230769,train
2148,2086,0.2086,3340.0,5756,1913,74,64,1.736,0.235,0.5353,0.0,11,0,2071,PRE_EXISTING_WATER,0.0,0.02732502396931927,train
2149,12,0.0012000000000000001,160.0,5756,3653,4,4,1.309,0.589,0.6862,1486.6068747318504,0,0,12,WETLAND,0.0,1.0,val
2150,54,0.0054,440.0,5757,637,7,13,2.337,0.3505,0.6229,0.0,0,0,54,PRE_EXISTING_WATER,0.0,0.0,train
2151,10,0.001,220.0,5757,1977,5,5,2.989,0.2596,0.5018,0.0,0,0,10,PRE_EXISTING_WATER,0.0,0.0,train
2152,24,0.0024000000000000002,220.0,5758,2725,6,5,1.233,0.6231,0.6915,148.66068747318505,0,24,0,BUILT_UP,0.0,0.0,test
2153,115,0.0115,580.0,5758,3373,17,12,1.983,0.4296,0.6226,389.10152916687434,110,0,4,VEG_AGRI,0.9739130434782609,0.02608695652173913,val
2154,29,0.0029000000000000002,260.0,5759,2676,3,10,3.467,0.5391,0.9084,31.622776601683796,1,13,9,WETLAND,0.3793103448275862,0.4827586206896552,test
2155,206,0.0206,1120.0,5760,625,17,30,2.735,0.2064,0.3844,0.0,0,0,206,PRE_EXISTING_WATER,0.0,0.0,train
2156,2,0.0002,60.0,5760,2692,1,2,1.0,0.6981,,94.33981132056603,2,0,0,VEG_AGRI,1.0,0.0,test
2157,135,0.0135,800.0,5760,3120,13,22,2.818,0.2651,0.5138,0.0,0,0,135,PRE_EXISTING_WATER,0.0,0.0,test
2158,45,0.0045000000000000005,320.0,5762,685,8,8,1.292,0.5522,0.6593,0.0,0,0,45,PRE_EXISTING_WATER,0.0,0.0,train
2159,39,0.0039000000000000003,440.0,5762,992,5,16,4.568,0.2531,0.534,0.0,0,0,39,PRE_EXISTING_WATER,0.0,0.0,train
2160,33,0.0033,280.0,5762,3092,6,8,1.312,0.5289,0.6483,0.0,0,0,33,PRE_EXISTING_WATER,0.0,0.0,test
2161,90,0.009000000000000001,520.0,5763,1310,10,15,1.714,0.4183,0.601,0.0,0,0,90,PRE_EXISTING_WATER,0.0,0.0,train
2162,163,0.016300000000000002,800.0,5763,3388,20,20,3.199,0.32,0.5886,298.328677803526,62,9,62,VEG_AGRI,0.5153374233128835,0.48466257668711654,val
2163,11,0.0011,160.0,5765,1890,3,5,2.043,0.54,0.6333,53.85164807134504,0,0,11,WETLAND,0.0,1.0,train
2164,3,0.00030000000000000003,80.0,5766,607,1,3,31622.777,0.589,1.0,0.0,0,0,3,PRE_EXISTING_WATER,0.0,0.0,train
2165,140,0.014,800.0,5766,1856,9,29,4.723,0.2749,0.549,0.0,11,0,94,WETLAND,0.02142857142857143,0.8857142857142857,train
2166,288,0.028800000000000003,1400.0,5767,1282,19,43,3.784,0.1846,0.3802,0.0,13,0,229,WETLAND,0.034722222222222224,0.5104166666666666,train
2167,19,0.0019,200.0,5767,1774,5,5,1.417,0.5969,0.6918,102.95630140987001,0,0,15,WETLAND,0.0,1.0,train
2168,4,0.0004,80.0,5767,1906,2,2,1.0,0.7854,1.0,102.95630140987001,0,0,4,WETLAND,0.0,1.0,train
2169,3,0.00030000000000000003,80.0,5767,2439,1,3,31622.777,0.589,1.0,214.7091055358389,0,0,3,WETLAND,0.0,1.0,test
2170,54,0.0054,460.0,5767,2703,6,16,3.13,0.3207,0.6168,171.17242768623692,0,0,52,WETLAND,0.05555555555555555,0.9444444444444444,test
2171,5,0.0005,100.0,5767,2794,3,2,1.732,0.6283,0.687,291.547594742265,0,0,5,WETLAND,0.0,1.0,test
2172,2,0.0002,60.0,5768,618,1,2,1.0,0.6981,,0.0,0,0,2,PRE_EXISTING_WATER,0.0,0.0,train
2173,22,0.0022,240.0,5768,1115,4,8,2.005,0.48,0.6875,0.0,0,0,20,WETLAND,0.13636363636363635,0.45454545454545453,train
2174,14,0.0014,160.0,5768,2695,4,4,1.348,0.6872,0.6975,178.88543819998318,0,6,6,BUILT_UP,0.0,0.0,test
2175,2081,0.2081,4040.0,5769,842,29,129,5.591,0.1602,0.5999,0.0,8,10,2038,PRE_EXISTING_WATER,0.0019221528111484864,0.01874098990869774,train
2176,23,0.0023,220.0,5769,1663,5,6,1.269,0.5972,0.7575,106.3014581273465,0,0,0,WETLAND,0.0,1.0,train
2177,27,0.0027,220.0,5769,3433,6,5,1.22,0.701,0.7444,254.95097567963924,0,27,0,WETLAND,0.0,1.0,val
2178,4,0.0004,80.0,5770,2580,2,2,1.0,0.7854,1.0,50.0,0,0,4,WETLAND,0.0,1.0,test
2179,104,0.010400000000000001,520.0,5770,3475,15,10,1.849,0.4833,0.696,585.9180830116101,0,5,29,WETLAND,0.0,1.0,val
2180,1,0.0001,40.0,5771,972,1,1,1.0,0.7854,,0.0,0,0,1,PRE_EXISTING_WATER,0.0,0.0,train
2181,5292,0.5292,11620.0,5771,1687,216,119,6.238,0.0493,0.3243,0.0,1439,13,3043,WETLAND,0.005668934240362812,0.9822373393801965,train
2182,263,0.0263,1180.0,5771,2756,14,28,2.124,0.2374,0.6342,290.0,0,11,179,WETLAND,0.0,0.9961977186311787,test
2183,74,0.0074,600.0,5772,3081,13,13,1.568,0.2583,0.5269,0.0,0,0,74,PRE_EXISTING_WATER,0.0,0.0,test
2184,34,0.0034000000000000002,360.0,5773,617,11,6,2.096,0.3297,0.5022,0.0,0,0,34,PRE_EXISTING_WATER,0.0,0.0,train
2185,8,0.0008,140.0,5773,679,4,3,2.142,0.5129,0.6604,0.0,0,0,8,PRE_EXISTING_WATER,0.0,0.0,train
2186,126,0.0126,620.0,5773,3103,10,19,2.203,0.4119,0.6671,0.0,0,0,126,PRE_EXISTING_WATER,0.0,0.0,test
2187,12,0.0012000000000000001,160.0,5773,3457,4,4,1.732,0.589,0.7333,445.5333881989093,0,0,11,WETLAND,0.0,1.0,val
2188,12,0.0012000000000000001,180.0,5774,1190,3,6,2.804,0.4654,0.6462,0.0,0,0,12,PRE_EXISTING_WATER,0.0,0.0,train
2189,7,0.0007,120.0,5774,2791,3,3,1.732,0.6109,0.7574,345.39832078341084,0,0,7,WETLAND,0.0,1.0,test
2190,143,0.0143,840.0,5775,1812,20,14,2.236,0.2547,0.5076,0.0,6,0,56,WETLAND,0.07692307692307693,0.8601398601398601,train
2191,12,0.0012000000000000001,160.0,5775,1917,3,5,1.761,0.589,0.6335,0.0,0,0,10,PRE_EXISTING_WATER,0.0,0.16666666666666666,train
2192,7,0.0007,120.0,5777,564,2,4,2.181,0.6109,0.7464,0.0,0,0,7,PRE_EXISTING_WATER,0.0,0.0,train
2193,11,0.0011,220.0,5777,691,4,7,3.716,0.2856,0.4969,0.0,0,0,11,PRE_EXISTING_WATER,0.0,0.0,train
2194,31,0.0031000000000000003,400.0,5778,596,7,13,5.627,0.2435,0.5825,0.0,0,0,31,PRE_EXISTING_WATER,0.0,0.0,train
2195,19,0.0019,240.0,5778,1246,4,7,1.893,0.4145,0.6262,0.0,0,0,16,PRE_EXISTING_WATER,0.0,0.21052631578947367,train
2196,19,0.0019,180.0,5778,1448,5,4,1.291,0.7369,0.7436,0.0,1,2,16,WETLAND,0.0,0.7894736842105263,train
2197,2,0.0002,60.0,5779,663,2,1,1.0,0.6981,,0.0,0,0,2,PRE_EXISTING_WATER,0.0,0.0,train
2198,121,0.012100000000000001,560.0,5779,1139,11,17,1.412,0.4849,0.6192,0.0,0,19,46,WETLAND,0.0,0.743801652892562,train
2199,38,0.0038,320.0,5779,1179,5,11,2.068,0.4663,0.5577,0.0,0,0,38,PRE_EXISTING_WATER,0.0,0.0,train
2200,2,0.0002,60.0,5779,1434,2,1,1.0,0.6981,,10.0,0,0,2,PRE_EXISTING_WATER,0.0,0.5,train
2201,151,0.0151,640.0,5779,2557,9,22,2.626,0.4633,0.7147,158.11388300841895,0,5,39,WETLAND,0.052980132450331126,0.9470198675496688,test
2202,50,0.005,480.0,5780,679,6,15,3.403,0.2727,0.544,0.0,0,0,50,PRE_EXISTING_WATER,0.0,0.0,train
2203,6,0.0006000000000000001,100.0,5780,1710,2,3,1.633,0.754,1.0,240.0,0,0,6,WETLAND,0.0,1.0,train
2204,3,0.00030000000000000003,80.0,5780,3533,2,2,1.732,0.589,0.7279,1141.6216536138406,0,3,0,WETLAND,0.0,1.0,val
2205,61,0.0061,440.0,5782,630,5,16,3.206,0.3959,0.674,0.0,0,0,61,PRE_EXISTING_WATER,0.0,0.0,train
2206,73,0.0073,620.0,5783,587,16,14,3.616,0.2386,0.5098,0.0,0,0,73,PRE_EXISTING_WATER,0.0,0.0,train
2207,65,0.006500000000000001,460.0,5783,1095,7,15,3.007,0.386,0.7347,0.0,3,0,50,PRE_EXISTING_WATER,0.12307692307692308,0.26153846153846155,train
2208,2,0.0002,60.0,5783,3129,1,2,1.0,0.6981,,0.0,0,0,2,PRE_EXISTING_WATER,0.0,0.0,test
2209,2,0.0002,60.0,5783,3310,1,2,1.0,0.6981,,58.309518948453004,0,2,0,VEG_AGRI,0.5,0.0,val
2210,12,0.0012000000000000001,160.0,5783,3440,3,5,1.85,0.589,0.7486,415.9326868617085,0,5,5,WETLAND,0.0,1.0,val
2211,13,0.0013000000000000002,180.0,5783,3450,4,5,1.462,0.5042,0.6665,464.00431032480725,2,0,0,WETLAND,0.0,1.0,val
2212,21,0.0021000000000000003,240.0,5784,1126,4,8,2.664,0.4581,0.6602,0.0,2,0,10,WETLAND,0.0,0.5238095238095238,train
2213,93,0.009300000000000001,440.0,5784,1404,13,9,1.58,0.6037,0.7608,0.0,0,0,93,PRE_EXISTING_WATER,0.0,0.0,train
2214,9,0.0009000000000000001,140.0,5785,1430,3,4,1.39,0.577,0.6712,0.0,0,0,9,PRE_EXISTING_WATER,0.1111111111111111,0.4444444444444444,train
2215,17,0.0017000000000000001,220.0,5785,3412,5,6,2.287,0.4414,0.7468,392.0459156782532,0,0,4,WETLAND,0.0,1.0,val
2216,32,0.0032,320.0,5786,609,5,10,2.77,0.3927,0.6139,0.0,0,0,32,PRE_EXISTING_WATER,0.0,0.0,train
2217,4,0.0004,100.0,5786,3391,2,3,2.618,0.5027,0.6698,372.0215047547655,1,1,1,WETLAND,0.0,1.0,val
2218,26,0.0026000000000000003,220.0,5787,1372,5,6,1.212,0.6751,0.6573,0.0,0,0,23,PRE_EXISTING_WATER,0.0,0.15384615384615385,train
2219,482,0.0482,2100.0,5787,1866,31,40,1.43,0.1373,0.3888,0.0,1,0,469,PRE_EXISTING_WATER,0.0,0.2551867219917012,train
2220,22,0.0022,220.0,5788,538,6,5,1.311,0.5712,0.6758,0.0,0,0,22,PRE_EXISTING_WATER,0.0,0.0,train
2221,15,0.0015,180.0,5788,1164,4,5,1.381,0.5818,0.6614,0.0,0,0,15,PRE_EXISTING_WATER,0.0,0.0,train
2222,29,0.0029000000000000002,280.0,5788,1263,5,9,1.886,0.4648,0.6229,0.0,4,0,16,WETLAND,0.0,0.8620689655172413,train
2223,214,0.021400000000000002,720.0,5788,1960,16,20,1.589,0.5188,0.6783,0.0,15,0,189,PRE_EXISTING_WATER,0.004672897196261682,0.3598130841121495,train
2224,1889,0.1889,4440.0,5789,3417,53,80,1.737,0.1204,0.4638,250.0,830,10,810,WETLAND,0.0005293806246691371,0.9994706193753309,val
2225,14,0.0014,180.0,5790,649,3,6,1.854,0.543,0.7778,0.0,0,0,14,PRE_EXISTING_WATER,0.0,0.0,train
2226,257,0.0257,1020.0,5790,1134,24,19,1.649,0.3104,0.5737,0.0,15,0,160,PRE_EXISTING_WATER,0.09727626459143969,0.29961089494163423,train
2227,2,0.0002,60.0,5791,2363,2,1,1.0,0.6981,,0.0,0,0,2,PRE_EXISTING_WATER,0.0,0.5,test
2228,1,0.0001,40.0,5792,1833,1,1,1.0,0.7854,,72.11102550927978,0,0,1,WETLAND,0.0,1.0,train
2229,30,0.003,260.0,5793,1359,5,8,1.674,0.5577,0.75,0.0,0,1,27,PRE_EXISTING_WATER,0.0,0.43333333333333335,train
2230,1,0.0001,40.0,5793,3491,1,1,1.0,0.7854,,822.0097323024831,0,0,1,WETLAND,0.0,1.0,val
2231,195,0.0195,660.0,5794,1233,14,18,1.308,0.5625,0.7178,0.0,0,1,186,PRE_EXISTING_WATER,0.0,0.06666666666666667,train
2232,1,0.0001,40.0,5794,1393,1,1,1.0,0.7854,,0.0,0,0,1,PRE_EXISTING_WATER,0.0,0.0,train
2233,8,0.0008,120.0,5794,1861,2,4,2.236,0.6981,1.0,80.0,0,0,8,WETLAND,0.0,1.0,train
2234,27,0.0027,260.0,5795,1598,5,8,1.939,0.5019,0.6723,130.0,0,0,19,WETLAND,0.0,1.0,train
2235,10,0.001,140.0,5795,2734,3,4,1.265,0.6411,0.8333,519.7114584074513,0,10,0,BUILT_UP,0.0,0.0,test
2236,1,0.0001,40.0,5796,514,1,1,1.0,0.7854,,0.0,0,0,1,PRE_EXISTING_WATER,0.0,0.0,train
2237,24,0.0024000000000000002,240.0,5796,639,4,8,1.775,0.5236,0.702,0.0,0,0,24,PRE_EXISTING_WATER,0.0,0.0,train
2238,2,0.0002,60.0,5797,3452,2,1,1.0,0.6981,,586.6856057549052,1,0,1,WETLAND,0.0,1.0,val
2239,4,0.0004,80.0,5799,1402,2,2,1.0,0.7854,1.0,0.0,0,0,4,PRE_EXISTING_WATER,0.0,0.0,train
2240,204,0.0204,1160.0,5799,1597,23,27,2.086,0.1905,0.4359,210.2379604162864,0,0,194,WETLAND,0.0,1.0,train
2241,33,0.0033,280.0,5801,1854,6,8,1.883,0.5289,0.7014,0.0,0,0,32,WETLAND,0.030303030303030304,0.9090909090909091,train
2242,119,0.0119,600.0,5804,1353,9,21,2.756,0.4154,0.6407,0.0,0,2,109,PRE_EXISTING_WATER,0.0,0.226890756302521,train
2243,967,0.09670000000000001,3220.0,5804,3384,49,56,1.73,0.1172,0.4187,50.99019513592785,62,45,316,WETLAND,0.0,1.0,val
2244,10,0.001,160.0,5805,1189,4,4,1.668,0.4909,0.6901,0.0,0,0,10,PRE_EXISTING_WATER,0.0,0.1,train
2245,5,0.0005,120.0,5805,1595,3,3,1.0,0.4363,0.5556,202.48456731316588,0,0,5,WETLAND,0.0,1.0,train
2246,30,0.003,280.0,5806,594,7,6,1.224,0.4809,0.6361,0.0,0,0,30,PRE_EXISTING_WATER,0.0,0.0,train
2247,1,0.0001,40.0,5806,1427,1,1,1.0,0.7854,,14.142135623730951,0,0,1,WETLAND,0.0,1.0,train
2248,139,0.013900000000000001,680.0,5806,1964,19,14,2.491,0.3778,0.5619,0.0,10,0,121,PRE_EXISTING_WATER,0.0,0.2517985611510791,train
2249,6,0.0006000000000000001,140.0,5807,548,2,4,2.669,0.3847,0.75,0.0,0,0,6,PRE_EXISTING_WATER,0.0,0.0,train
2250,18,0.0018000000000000002,200.0,5807,2744,5,5,1.138,0.5655,0.6525,674.1661516273269,0,7,11,BUILT_UP,0.16666666666666666,0.0,test
2251,30,0.003,320.0,5808,579,10,6,1.916,0.3682,0.4905,0.0,0,0,30,PRE_EXISTING_WATER,0.0,0.0,train
2252,2324,0.23240000000000002,6580.0,5808,895,63,239,6.972,0.0675,0.2097,0.0,6,9,2226,PRE_EXISTING_WATER,0.008175559380378658,0.027969018932874356,train
2253,8,0.0008,120.0,5808,1862,2,4,2.236,0.6981,1.0,41.23105625617661,0,0,2,WETLAND,0.0,1.0,train
2254,80,0.008,440.0,5810,470,12,9,1.791,0.5193,0.7166,0.0,0,0,80,PRE_EXISTING_WATER,0.0,0.0,train
2255,1,0.0001,40.0,5810,1626,1,1,1.0,0.7854,,347.1310991541957,0,0,1,WETLAND,0.0,1.0,train
2256,19,0.0019,220.0,5810,1650,5,6,1.206,0.4933,0.6327,424.85291572496004,0,0,13,WETLAND,0.0,1.0,train
2257,7,0.0007,120.0,5810,1844,3,3,1.08,0.6109,0.7778,0.0,0,0,4,WETLAND,0.0,1.0,train
2258,4,0.0004,80.0,5811,1193,2,2,1.0,0.7854,1.0,0.0,0,0,4,PRE_EXISTING_WATER,0.0,0.0,train
2259,3,0.00030000000000000003,80.0,5812,647,1,3,31622.777,0.589,1.0,0.0,0,0,3,PRE_EXISTING_WATER,0.0,0.0,train
2260,2,0.0002,60.0,5812,1593,1,2,1.0,0.6981,,260.0,0,0,2,WETLAND,0.0,1.0,train
2261,1,0.0001,40.0,5812,1805,1,1,1.0,0.7854,,70.0,0,0,1,WETLAND,0.0,1.0,train
2262,21,0.0021000000000000003,200.0,5813,1909,4,6,1.687,0.6597,0.7149,0.0,0,0,21,PRE_EXISTING_WATER,0.0,0.0,train
2263,12,0.0012000000000000001,160.0,5814,522,4,4,1.31,0.589,0.6938,0.0,0,0,12,PRE_EXISTING_WATER,0.0,0.0,train
2264,4035,0.4035,8160.0,5814,1484,117,114,3.342,0.0762,0.4728,78.10249675906654,1366,11,1815,WETLAND,0.0,1.0,train
2265,4,0.0004,80.0,5815,534,2,2,1.0,0.7854,1.0,0.0,0,0,4,PRE_EXISTING_WATER,0.0,0.0,train
2266,40,0.004,400.0,5816,623,5,13,3.295,0.3142,0.5685,0.0,0,0,40,PRE_EXISTING_WATER,0.0,0.0,train
2267,2,0.0002,60.0,5816,664,1,2,1.0,0.6981,,0.0,0,0,2,PRE_EXISTING_WATER,0.0,0.0,train
2268,6,0.0006000000000000001,120.0,5816,1647,3,3,2.031,0.5236,0.6579,475.3945729601885,0,0,3,WETLAND,0.0,1.0,train
2269,44,0.0044,380.0,5816,1738,10,9,2.204,0.3829,0.6105,0.0,0,0,35,WETLAND,0.0,0.7045454545454546,train
2270,203,0.020300000000000002,1040.0,5817,645,22,20,1.445,0.2359,0.4554,0.0,0,0,203,PRE_EXISTING_WATER,0.0,0.0,train
2271,24,0.0024000000000000002,260.0,5817,1920,6,7,2.31,0.4461,0.7101,0.0,0,0,22,WETLAND,0.041666666666666664,0.875,train
2272,7,0.0007,120.0,5818,91,3,3,1.449,0.6109,0.6511,0.0,0,0,7,PRE_EXISTING_WATER,0.0,0.0,train
2273,5,0.0005,100.0,5818,1402,2,3,1.732,0.6283,0.687,40.0,0,0,5,WETLAND,0.0,1.0,train
2274,82,0.0082,500.0,5819,1423,7,17,2.699,0.4122,0.6869,72.80109889280519,0,2,38,WETLAND,0.0,1.0,train
2275,24,0.0024000000000000002,220.0,5821,1860,5,6,1.269,0.6231,0.7276,0.0,7,0,10,WETLAND,0.0,0.6666666666666666,train
2276,522,0.0522,1780.0,5822,1849,30,40,1.955,0.207,0.4999,0.0,54,0,402,WETLAND,0.011494252873563218,0.5498084291187739,train
2277,12,0.0012000000000000001,160.0,5823,1286,3,5,1.649,0.589,0.7116,0.0,0,0,12,PRE_EXISTING_WATER,0.0,0.0,train
2278,8,0.0008,140.0,5825,1852,3,4,1.649,0.5129,0.6841,53.85164807134504,0,0,2,WETLAND,0.0,1.0,train
2279,141,0.014100000000000001,740.0,5825,1896,15,20,1.726,0.3236,0.5402,0.0,25,0,88,WETLAND,0.0,0.6595744680851063,train
2280,19,0.0019,220.0,5825,3484,7,4,2.202,0.4933,0.6643,580.7753438292641,0,0,15,WETLAND,0.0,1.0,val
2281,22,0.0022,260.0,5826,1251,3,10,3.516,0.409,0.6449,0.0,0,0,22,PRE_EXISTING_WATER,0.0,0.0,train
2282,49,0.0049,320.0,5826,1408,6,10,1.87,0.6013,0.7442,120.0,0,0,49,WETLAND,0.0,1.0,train
2283,28,0.0028,240.0,5826,2800,5,7,1.472,0.6109,0.7208,452.54833995939043,0,0,28,VEG_AGRI,0.8214285714285714,0.0,test
2284,7,0.0007,120.0,5828,59,3,3,1.449,0.6109,0.6511,0.0,0,0,7,PRE_EXISTING_WATER,0.0,0.0,train
2285,11,0.0011,180.0,5828,450,5,4,1.901,0.4266,0.618,0.0,0,0,11,PRE_EXISTING_WATER,0.0,0.0,train
2286,2,0.0002,60.0,5828,537,1,2,1.0,0.6981,,0.0,0,0,2,PRE_EXISTING_WATER,0.0,0.0,train
2287,10,0.001,140.0,5828,633,3,4,1.633,0.6411,0.675,0.0,0,0,10,PRE_EXISTING_WATER,0.0,0.0,train
2288,4,0.0004,100.0,5829,579,2,3,2.449,0.5027,0.6387,0.0,0,0,4,PRE_EXISTING_WATER,0.0,0.0,train
2289,14,0.0014,160.0,5830,609,3,5,1.732,0.6872,0.7989,0.0,0,0,14,PRE_EXISTING_WATER,0.0,0.0,train
2290,14,0.0014,180.0,5830,1816,4,5,1.619,0.543,0.6857,0.0,6,0,8,WETLAND,0.0,0.8571428571428571,train
2291,20,0.002,220.0,5831,3027,4,7,2.104,0.5193,0.6266,206.15528128088303,0,0,0,WETLAND,0.3,0.7,test
2292,18,0.0018000000000000002,220.0,5832,1422,3,8,3.128,0.4673,0.6548,143.17821063276352,0,0,18,WETLAND,0.0,1.0,train
2293,21,0.0021000000000000003,220.0,5832,1965,5,6,1.396,0.5452,0.6126,0.0,1,0,20,WETLAND,0.19047619047619047,0.5238095238095238,train
2294,19,0.0019,200.0,5832,2945,5,5,1.106,0.5969,0.76,30.0,8,0,11,WETLAND,0.3684210526315789,0.631578947368421,test
2295,11,0.0011,160.0,5833,1738,4,4,1.505,0.54,0.7367,0.0,0,0,9,PRE_EXISTING_WATER,0.0,0.18181818181818182,train
2296,12,0.0012000000000000001,160.0,5834,539,4,4,1.0,0.589,0.75,0.0,0,0,12,PRE_EXISTING_WATER,0.0,0.0,train
2297,885,0.08850000000000001,2440.0,5834,3305,32,72,3.557,0.1868,0.4806,80.0,593,22,84,WETLAND,0.0,1.0,val
2298,26,0.0026000000000000003,240.0,5835,2290,6,6,1.552,0.5672,0.6773,42.426406871192846,0,0,21,WETLAND,0.0,1.0,outside_patches
2299,7,0.0007,120.0,5835,2953,2,4,2.181,0.6109,0.7464,31.622776601683796,1,0,6,VEG_AGRI,1.0,0.0,test
2300,5,0.0005,100.0,5836,518,2,3,1.732,0.6283,0.687,0.0,0,0,5,PRE_EXISTING_WATER,0.0,0.0,train
2301,30,0.003,260.0,5836,631,6,7,1.391,0.5577,0.6794,0.0,0,0,30,PRE_EXISTING_WATER,0.0,0.0,train
2302,6,0.0006000000000000001,120.0,5837,513,2,4,2.031,0.5236,0.75,0.0,0,0,6,PRE_EXISTING_WATER,0.0,0.0,train
2303,3294,0.3294,4200.0,5837,2842,57,123,2.361,0.2347,0.471,0.0,104,2,3141,PRE_EXISTING_WATER,0.01973284760170006,0.03855494839101396,test
2304,4,0.0004,80.0,5839,521,2,2,1.0,0.7854,1.0,0.0,0,0,4,PRE_EXISTING_WATER,0.0,0.0,train
2305,7,0.0007,120.0,5839,666,2,4,2.181,0.6109,0.7464,0.0,0,0,7,PRE_EXISTING_WATER,0.0,0.0,train
2306,56,0.0056,400.0,5839,3646,9,11,2.184,0.4398,0.6515,907.0832376358853,0,2,50,WETLAND,0.017857142857142856,0.9821428571428571,val
2307,1,0.0001,40.0,5840,603,1,1,1.0,0.7854,,0.0,0,0,1,PRE_EXISTING_WATER,0.0,0.0,train
2308,81,0.0081,460.0,5840,1727,14,9,1.965,0.481,0.6164,0.0,0,0,45,WETLAND,0.0,0.8148148148148148,train
2309,126,0.0126,700.0,5842,3016,11,23,3.319,0.3231,0.5911,58.309518948453004,0,12,35,WETLAND,0.0,1.0,test
2310,6,0.0006000000000000001,100.0,5843,461,2,3,1.633,0.754,1.0,0.0,0,0,6,PRE_EXISTING_WATER,0.0,0.0,train
2311,26,0.0026000000000000003,360.0,5843,509,8,10,5.07,0.2521,0.5653,0.0,0,0,26,PRE_EXISTING_WATER,0.0,0.0,train
2312,7,0.0007,120.0,5843,1283,3,3,1.449,0.6109,0.6511,150.0,0,0,7,WETLAND,0.0,1.0,train
2313,30,0.003,260.0,5844,2768,6,7,1.585,0.5577,0.6859,655.1335741663679,0,19,8,BUILT_UP,0.0,0.26666666666666666,test
2314,1,0.0001,40.0,5845,469,1,1,1.0,0.7854,,0.0,0,0,1,PRE_EXISTING_WATER,0.0,0.0,train
2315,2427,0.2427,6920.0,5845,3120,74,90,1.449,0.0637,0.3773,0.0,1217,40,763,WETLAND,0.1895344046147507,0.7515451174289246,test
2316,601,0.0601,1480.0,5846,3053,27,42,1.944,0.3448,0.5093,70.71067811865476,463,11,79,WETLAND,0.04991680532445923,0.9417637271214643,test
2317,6,0.0006000000000000001,120.0,5846,3439,3,3,1.354,0.5236,0.7962,172.04650534085255,0,0,0,WETLAND,0.0,1.0,val
2318,18,0.0018000000000000002,200.0,5847,2999,4,6,1.394,0.5655,0.7272,0.0,2,0,12,PRE_EXISTING_WATER,0.0,0.3333333333333333,test
2319,64,0.0064,480.0,5848,3128,11,11,1.583,0.3491,0.5914,357.77087639996637,0,10,40,BUILT_UP,0.125,0.0,test
2320,20,0.002,200.0,5848,3457,6,4,1.583,0.6283,0.7295,322.49030993194197,0,0,15,WETLAND,0.0,1.0,val
2321,5,0.0005,100.0,5849,607,2,3,1.732,0.6283,0.687,0.0,0,0,5,PRE_EXISTING_WATER,0.0,0.0,train
2322,21,0.0021000000000000003,220.0,5849,3150,6,5,1.931,0.5452,0.6524,206.15528128088303,0,2,14,BUILT_UP,0.0,0.0,test
2323,270,0.027,880.0,5849,3584,22,19,1.679,0.4381,0.5684,718.4010022264724,17,8,142,WETLAND,0.0,1.0,val
2324,10,0.001,140.0,5850,3202,3,4,1.265,0.6411,0.8333,228.47319317591726,0,10,0,BUILT_UP,0.3,0.0,val
2325,33,0.0033,300.0,5852,536,5,10,2.693,0.4608,0.6922,0.0,0,0,33,PRE_EXISTING_WATER,0.0,0.0,train
2326,6061,0.6061000000000001,5540.0,5852,3009,100,135,1.894,0.2482,0.5507,0.0,1243,2,4475,PRE_EXISTING_WATER,0.04784688995215311,0.2707474014189078,test
2327,96,0.009600000000000001,520.0,5853,1820,12,13,1.533,0.4461,0.5816,0.0,8,0,79,WETLAND,0.08333333333333333,0.8020833333333334,train
2328,9,0.0009000000000000001,140.0,5853,2649,3,4,1.618,0.577,0.7114,78.10249675906654,7,0,0,VEG_AGRI,1.0,0.0,test
2329,10,0.001,140.0,5854,1682,3,4,1.323,0.6411,0.5931,362.49137920783716,0,0,0,WETLAND,0.0,1.0,train
2330,348,0.034800000000000005,1300.0,5854,3623,29,25,1.723,0.2588,0.5668,658.0273550544841,66,20,124,WETLAND,0.022988505747126436,0.9770114942528736,val
2331,20,0.002,220.0,5855,200,5,6,1.45,0.5193,0.6304,0.0,0,0,20,PRE_EXISTING_WATER,0.0,0.0,train
2332,10,0.001,160.0,5855,3156,5,3,1.791,0.4909,0.6087,160.31219541881399,0,0,7,BUILT_UP,0.4,0.0,test
2333,4,0.0004,100.0,5856,33,2,3,2.449,0.5027,0.6387,0.0,0,0,4,PRE_EXISTING_WATER,0.0,0.0,train
2334,7,0.0007,140.0,5856,1747,3,4,1.807,0.4488,0.6309,152.31546211727817,0,0,0,WETLAND,0.0,1.0,train
2335,11,0.0011,160.0,5856,2429,3,5,1.528,0.54,0.7333,759.2759709091287,0,0,11,WETLAND,0.0,1.0,test
2336,43,0.0043,320.0,5856,3427,8,8,1.559,0.5277,0.6711,20.0,0,1,12,WETLAND,0.046511627906976744,0.9534883720930233,val
2337,14,0.0014,160.0,5857,596,3,5,1.732,0.6872,0.7989,0.0,0,0,14,PRE_EXISTING_WATER,0.0,0.0,train
2338,7,0.0007,120.0,5858,467,3,3,1.732,0.6109,0.7574,0.0,0,0,7,PRE_EXISTING_WATER,0.0,0.0,train
2339,152,0.0152,740.0,5858,732,12,25,3.401,0.3488,0.7214,0.0,5,9,135,WETLAND,0.03289473684210526,0.6052631578947368,train
2340,6,0.0006000000000000001,100.0,5858,1972,2,3,1.633,0.754,1.0,78.10249675906654,0,0,6,WETLAND,0.0,1.0,train
2341,14,0.0014,180.0,5861,534,4,5,1.661,0.543,0.6816,0.0,0,0,14,PRE_EXISTING_WATER,0.0,0.0,train
2342,266,0.026600000000000002,820.0,5861,3653,17,22,1.327,0.4971,0.6607,586.9412236331676,0,30,21,WETLAND,0.015037593984962405,0.9849624060150376,val
2343,93,0.009300000000000001,640.0,5862,604,12,16,2.206,0.2853,0.4267,0.0,0,0,93,PRE_EXISTING_WATER,0.0,0.0,train
2344,6258,0.6258,17880.0,5862,622,130,169,2.034,0.0246,0.3186,0.0,0,0,6258,PRE_EXISTING_WATER,0.0,0.0,train
2345,97,0.0097,620.0,5862,3605,13,15,1.219,0.3171,0.4533,720.9022125087424,13,3,28,WETLAND,0.05154639175257732,0.9484536082474226,val
2346,9,0.0009000000000000001,140.0,5863,545,4,3,1.621,0.577,0.6057,0.0,0,0,9,PRE_EXISTING_WATER,0.0,0.0,train
2347,10,0.001,160.0,5863,1684,3,5,1.982,0.4909,0.6619,300.1666203960727,0,0,0,WETLAND,0.0,1.0,train
2348,210,0.021,780.0,5864,2575,15,24,1.706,0.4338,0.5924,0.0,29,6,133,PRE_EXISTING_WATER,0.17142857142857143,0.11428571428571428,test
2349,28,0.0028,260.0,5866,514,6,7,1.621,0.5205,0.7081,0.0,0,0,28,PRE_EXISTING_WATER,0.0,0.0,train
2350,118,0.0118,600.0,5866,1882,16,14,1.354,0.4119,0.5647,0.0,0,0,118,WETLAND,0.0,1.0,train
2351,8,0.0008,140.0,5867,468,4,3,1.649,0.5129,0.6841,0.0,0,0,8,PRE_EXISTING_WATER,0.0,0.0,train
2352,19,0.0019,220.0,5867,595,5,6,1.831,0.4933,0.6751,0.0,0,0,19,PRE_EXISTING_WATER,0.0,0.0,train
2353,2,0.0002,60.0,5868,325,2,1,1.0,0.6981,,0.0,0,0,2,PRE_EXISTING_WATER,0.0,0.0,train
2354,17,0.0017000000000000001,200.0,5868,556,3,7,2.771,0.5341,0.7054,0.0,0,0,17,PRE_EXISTING_WATER,0.0,0.0,train
2355,4,0.0004,100.0,5868,648,2,3,2.449,0.5027,0.6387,0.0,0,0,4,PRE_EXISTING_WATER,0.0,0.0,train
2356,22,0.0022,220.0,5868,1350,5,6,1.508,0.5712,0.6233,0.0,0,0,21,PRE_EXISTING_WATER,0.0,0.09090909090909091,train
2357,36,0.0036000000000000003,360.0,5868,2993,7,11,2.739,0.3491,0.5508,0.0,1,0,34,PRE_EXISTING_WATER,0.05555555555555555,0.0,test
2358,10,0.001,160.0,5869,312,3,5,2.416,0.4909,0.6454,0.0,0,0,10,PRE_EXISTING_WATER,0.0,0.0,train
2359,1156,0.11560000000000001,4380.0,5869,1624,69,58,2.22,0.0757,0.3341,0.0,202,2,514,WETLAND,0.04325259515570934,0.9143598615916955,train
2360,1,0.0001,40.0,5869,1692,1,1,1.0,0.7854,,241.66091947189145,0,0,0,WETLAND,0.0,1.0,train
2361,45,0.0045000000000000005,380.0,5869,3390,7,12,2.25,0.3916,0.6075,22.360679774997898,0,3,12,WETLAND,0.17777777777777778,0.8,val
2362,49,0.0049,540.0,5869,3406,9,15,2.116,0.2112,0.3505,64.03124237432849,5,10,9,WETLAND,0.0,0.9795918367346939,val
2363,17,0.0017000000000000001,200.0,5869,3439,4,6,1.746,0.5341,0.6465,178.04493814764857,0,3,9,WETLAND,0.0,1.0,val
2364,23,0.0023,260.0,5871,340,4,9,2.39,0.4276,0.633,0.0,0,0,23,PRE_EXISTING_WATER,0.0,0.0,train
2365,7,0.0007,120.0,5871,677,3,3,1.449,0.6109,0.6511,0.0,0,0,7,PRE_EXISTING_WATER,0.0,0.0,train
2366,29,0.0029000000000000002,260.0,5871,1130,4,9,2.206,0.5391,0.735,170.0,0,0,29,WETLAND,0.0,1.0,train
2367,93,0.009300000000000001,440.0,5871,3304,11,11,1.178,0.6037,0.6929,40.0,43,8,21,WETLAND,0.021505376344086023,0.978494623655914,val
2368,37,0.0037,280.0,5871,3430,7,7,1.298,0.5931,0.7533,130.384048104053,0,6,20,WETLAND,0.0,1.0,val
2369,2,0.0002,60.0,5872,359,2,1,1.0,0.6981,,0.0,0,0,2,PRE_EXISTING_WATER,0.0,0.0,train
2370,577,0.0577,2180.0,5872,688,35,39,1.054,0.1526,0.3891,0.0,0,0,577,PRE_EXISTING_WATER,0.0,0.0,train
2371,26,0.0026000000000000003,240.0,5872,3374,6,6,1.439,0.5672,0.6576,50.0,0,26,0,WETLAND,0.0,1.0,val
2372,7,0.0007,120.0,5873,654,3,3,1.08,0.6109,0.7778,0.0,0,0,7,PRE_EXISTING_WATER,0.0,0.0,train
2373,112,0.0112,900.0,5873,2650,16,21,2.16,0.1738,0.3462,10.0,48,0,13,VEG_AGRI,0.5714285714285714,0.33035714285714285,test
2374,1817,0.1817,3620.0,5873,2837,45,70,2.0,0.1742,0.6009,0.0,0,0,1774,PRE_EXISTING_WATER,0.002201430930104568,0.18051733626857458,test
2375,4,0.0004,100.0,5873,3476,2,3,1.633,0.5027,0.6667,150.33296378372907,0,0,1,WETLAND,0.0,1.0,val
2376,10,0.001,140.0,5873,3678,3,4,1.633,0.6411,0.675,600.0833275470999,0,3,1,WETLAND,0.0,1.0,val
2377,1,0.0001,40.0,5875,309,1,1,1.0,0.7854,,0.0,0,0,1,PRE_EXISTING_WATER,0.0,0.0,train
2378,9,0.0009000000000000001,140.0,5875,2897,3,4,1.964,0.577,0.705,10.0,1,0,6,WETLAND,0.0,0.7777777777777778,test
2379,33,0.0033,380.0,5875,3330,9,10,2.232,0.2872,0.4525,14.142135623730951,0,12,3,VEG_AGRI,0.42424242424242425,0.3333333333333333,val
2380,46,0.0046,360.0,5875,3534,5,13,2.787,0.446,0.6647,543.415126767741,0,46,0,WETLAND,0.13043478260869565,0.8695652173913043,val
2381,7,0.0007,160.0,5876,27,3,4,1.812,0.3436,0.5747,0.0,0,0,7,PRE_EXISTING_WATER,0.0,0.0,train
2382,135,0.0135,720.0,5876,563,21,12,2.498,0.3272,0.5547,0.0,0,0,135,PRE_EXISTING_WATER,0.0,0.0,train
2383,167,0.0167,1380.0,5876,586,24,23,1.031,0.1102,0.295,0.0,0,0,167,PRE_EXISTING_WATER,0.0,0.0,train
2384,100,0.01,560.0,5876,3342,8,20,2.887,0.4007,0.6437,0.0,42,1,48,WETLAND,0.06,0.91,val
2385,19639,1.9639000000000002,35260.0,5876,3264,147,313,2.117,0.0199,0.4417,0.0,9584,1283,5147,WETLAND,0.024339324812872345,0.9683283262895259,val
2386,2,0.0002,60.0,5877,396,1,2,1.0,0.6981,,0.0,0,0,2,PRE_EXISTING_WATER,0.0,0.0,train
2387,31,0.0031000000000000003,300.0,5877,530,8,7,2.321,0.4328,0.6819,0.0,0,0,31,PRE_EXISTING_WATER,0.0,0.0,train
2388,1,0.0001,40.0,5877,3518,1,1,1.0,0.7854,,388.9730067755345,0,1,0,WETLAND,0.0,1.0,val
2389,66,0.0066,380.0,5878,3279,8,11,1.565,0.5744,0.6837,158.11388300841895,0,0,11,WETLAND,0.030303030303030304,0.9696969696969697,val
2390,16,0.0016,200.0,5878,3688,4,6,1.677,0.5027,0.6396,557.8530272392541,0,0,2,WETLAND,0.0625,0.9375,val
2391,10,0.001,160.0,5879,557,3,5,1.657,0.4909,0.6465,0.0,0,0,10,PRE_EXISTING_WATER,0.0,0.0,train
2392,6842,0.6842,11040.0,5879,2586,105,144,1.49,0.0705,0.4393,0.0,4201,0,2118,WETLAND,0.1353405437006723,0.5710318620286466,test
2393,57,0.0057,380.0,5879,3440,9,10,1.545,0.496,0.7626,248.39484696748443,0,2,31,WETLAND,0.0,1.0,val
2394,2,0.0002,60.0,5880,125,2,1,1.0,0.6981,,0.0,0,0,2,PRE_EXISTING_WATER,0.0,0.0,train
2395,2,0.0002,60.0,5880,1806,1,2,1.0,0.6981,,90.0,0,0,2,WETLAND,0.0,1.0,train
2396,20,0.002,220.0,5881,3600,5,6,1.895,0.5193,0.7167,599.3329625508679,12,2,1,VEG_AGRI,0.8,0.2,val
2397,1,0.0001,40.0,5882,115,1,1,1.0,0.7854,,0.0,0,0,1,PRE_EXISTING_WATER,0.0,0.0,train
2398,36,0.0036000000000000003,280.0,5882,1124,6,8,1.405,0.577,0.6927,280.0,0,0,36,WETLAND,0.0,1.0,train
2399,10,0.001,140.0,5882,2902,4,3,1.323,0.6411,0.5931,10.0,0,0,10,PRE_EXISTING_WATER,0.2,0.4,test
2400,2,0.0002,60.0,5883,620,2,1,1.0,0.6981,,0.0,0,0,2,PRE_EXISTING_WATER,0.0,0.0,train
2401,3,0.00030000000000000003,80.0,5883,3562,2,2,1.732,0.589,0.7279,567.5385449465084,0,3,0,WETLAND,0.0,1.0,val
2402,24,0.0024000000000000002,220.0,5884,883,6,5,1.233,0.6231,0.6915,0.0,7,0,11,PRE_EXISTING_WATER,0.20833333333333334,0.375,train
2403,190,0.019,700.0,5884,3613,17,18,1.564,0.4873,0.6637,578.013840664737,141,8,23,VEG_AGRI,0.968421052631579,0.031578947368421054,val
2404,6,0.0006000000000000001,120.0,5885,425,3,3,2.031,0.5236,0.6579,0.0,0,0,6,PRE_EXISTING_WATER,0.0,0.0,train
2405,459,0.0459,1480.0,5886,2567,42,28,3.241,0.2633,0.5608,0.0,117,31,194,WETLAND,0.034858387799564274,0.4684095860566449,test
2406,43,0.0043,300.0,5887,3552,7,8,1.359,0.6004,0.6618,490.40799340956914,0,43,0,WETLAND,0.023255813953488372,0.9767441860465116,val
2407,10,0.001,160.0,5888,414,3,5,2.216,0.4909,0.6599,0.0,0,0,10,PRE_EXISTING_WATER,0.0,0.0,train
2408,110,0.011000000000000001,680.0,5888,609,10,22,3.039,0.2989,0.6085,0.0,0,0,110,PRE_EXISTING_WATER,0.0,0.0,train
2409,1,0.0001,40.0,5888,1573,1,1,1.0,0.7854,,98.99494936611666,0,0,1,WETLAND,0.0,1.0,train
2410,4,0.0004,100.0,5889,2679,3,2,1.633,0.5027,0.6667,250.0,4,0,0,VEG_AGRI,1.0,0.0,test
2411,13,0.0013000000000000002,200.0,5890,600,4,6,1.607,0.4084,0.5527,0.0,0,0,13,PRE_EXISTING_WATER,0.0,0.0,train
2412,1817,0.1817,3040.0,5890,1525,66,81,3.147,0.2471,0.5264,0.0,0,0,1817,PRE_EXISTING_WATER,0.0,0.002201430930104568,train
2413,94,0.0094,780.0,5890,1710,22,16,5.355,0.1942,0.502,64.03124237432849,0,4,80,WETLAND,0.0,1.0,train
2414,1,0.0001,40.0,5891,494,1,1,1.0,0.7854,,0.0,0,0,1,PRE_EXISTING_WATER,0.0,0.0,train
2415,7537,0.7537,8480.0,5892,1080,94,147,1.716,0.1317,0.5542,20.0,6527,101,221,WETLAND,0.0,1.0,train
2416,1,0.0001,40.0,5893,2671,1,1,1.0,0.7854,,169.70562748477138,1,0,0,WETLAND,0.0,1.0,test
2417,4,0.0004,100.0,5894,520,3,2,1.633,0.5027,0.6667,0.0,0,0,4,PRE_EXISTING_WATER,0.0,0.0,train
2418,7,0.0007,120.0,5894,1016,3,3,1.449,0.6109,0.6511,394.0812099047606,0,0,7,WETLAND,0.0,1.0,train
2419,25,0.0025,260.0,5895,606,6,7,1.599,0.4647,0.5675,0.0,0,0,25,PRE_EXISTING_WATER,0.0,0.0,train
2420,1,0.0001,40.0,5895,717,1,1,1.0,0.7854,,0.0,0,0,1,PRE_EXISTING_WATER,0.0,0.0,train
2421,31,0.0031000000000000003,280.0,5895,1640,6,8,1.844,0.4969,0.6711,150.0,0,0,0,WETLAND,0.0,1.0,train
2422,23,0.0023,240.0,5897,426,5,7,1.459,0.5018,0.5884,0.0,0,0,23,PRE_EXISTING_WATER,0.0,0.0,train
2423,1,0.0001,40.0,5897,3443,1,1,1.0,0.7854,,332.41540277189324,0,0,1,WETLAND,0.0,1.0,val
2424,14,0.0014,180.0,5899,265,4,5,2.037,0.543,0.6856,0.0,0,0,14,PRE_EXISTING_WATER,0.0,0.0,train
2425,5,0.0005,120.0,5899,512,3,3,2.618,0.4363,0.6495,0.0,0,0,5,PRE_EXISTING_WATER,0.0,0.0,train
2426,57,0.0057,500.0,5899,518,13,8,1.934,0.2865,0.5403,0.0,0,0,57,PRE_EXISTING_WATER,0.0,0.0,train
2427,2,0.0002,60.0,5900,623,2,1,1.0,0.6981,,0.0,0,0,2,PRE_EXISTING_WATER,0.0,0.0,train
2428,58,0.0058000000000000005,460.0,5900,1947,8,14,3.386,0.3444,0.6938,67.0820393249937,0,0,57,WETLAND,0.0,1.0,train
2429,2,0.0002,60.0,5900,3008,1,2,1.0,0.6981,,10.0,0,0,2,WETLAND,0.0,1.0,test
2430,13,0.0013000000000000002,180.0,5901,399,3,6,2.399,0.5042,0.6791,0.0,0,0,13,PRE_EXISTING_WATER,0.0,0.0,train
2431,5,0.0005,100.0,5901,3286,3,2,1.732,0.6283,0.687,20.0,0,0,5,WETLAND,0.0,1.0,val
2432,5,0.0005,100.0,5901,3615,3,2,1.732,0.6283,0.687,530.3772242470448,0,0,1,WETLAND,0.0,1.0,val
2433,5,0.0005,100.0,5902,248,2,3,1.732,0.6283,0.687,0.0,0,0,5,PRE_EXISTING_WATER,0.0,0.0,train
2434,946,0.0946,5260.0,5902,552,57,68,2.12,0.043,0.2923,0.0,0,0,946,PRE_EXISTING_WATER,0.0,0.0,train
2435,148,0.0148,980.0,5902,585,8,35,6.149,0.1937,0.4971,0.0,0,0,148,PRE_EXISTING_WATER,0.0,0.0,train
2436,1,0.0001,40.0,5902,725,1,1,1.0,0.7854,,0.0,0,0,1,PRE_EXISTING_WATER,0.0,0.0,train
2437,16,0.0016,200.0,5902,1808,4,6,1.973,0.5027,0.6474,120.0,0,0,16,WETLAND,0.0,1.0,train
2438,22,0.0022,240.0,5902,2560,4,8,2.469,0.48,0.676,108.16653826391969,0,22,0,BUILT_UP,0.0,0.0,test
2439,121,0.012100000000000001,700.0,5902,3188,16,17,1.047,0.3103,0.4354,0.0,56,0,42,WETLAND,0.049586776859504134,0.8677685950413223,test
2440,15,0.0015,220.0,5903,726,5,6,2.401,0.3895,0.6248,0.0,0,0,15,PRE_EXISTING_WATER,0.0,0.0,train
2441,19,0.0019,200.0,5903,871,5,5,1.405,0.5969,0.6951,20.0,5,0,1,WETLAND,0.2631578947368421,0.5789473684210527,train
2442,1,0.0001,40.0,5904,637,1,1,1.0,0.7854,,0.0,0,0,1,PRE_EXISTING_WATER,0.0,0.0,train
2443,4,0.0004,100.0,5904,639,3,2,2.449,0.5027,0.6387,0.0,0,0,4,PRE_EXISTING_WATER,0.0,0.0,train
2444,48,0.0048000000000000004,340.0,5904,646,10,7,1.577,0.5218,0.686,0.0,0,0,48,PRE_EXISTING_WATER,0.0,0.0,train
2445,69,0.006900000000000001,540.0,5904,1464,7,16,3.062,0.2974,0.5834,162.78820596099706,0,0,68,WETLAND,0.0,1.0,train
2446,6,0.0006000000000000001,120.0,5904,1847,3,3,2.031,0.5236,0.6579,197.2308292331602,0,0,6,WETLAND,0.0,1.0,train
2447,14,0.0014,160.0,5904,2936,3,5,1.732,0.6872,0.7989,0.0,0,0,14,PRE_EXISTING_WATER,0.0,0.0,test
2448,1,0.0001,40.0,5905,533,1,1,1.0,0.7854,,0.0,0,0,1,PRE_EXISTING_WATER,0.0,0.0,train
2449,14,0.0014,160.0,5906,797,5,3,1.732,0.6872,0.7989,0.0,0,0,14,PRE_EXISTING_WATER,0.0,0.0,train
2450,1,0.0001,40.0,5907,435,1,1,1.0,0.7854,,0.0,0,0,1,PRE_EXISTING_WATER,0.0,0.0,train
2451,1,0.0001,40.0,5907,535,1,1,1.0,0.7854,,0.0,0,0,1,PRE_EXISTING_WATER,0.0,0.0,train
2452,9,0.0009000000000000001,140.0,5907,630,3,4,1.39,0.577,0.6712,0.0,0,0,9,PRE_EXISTING_WATER,0.0,0.0,train
2453,973,0.09730000000000001,2900.0,5907,2822,42,64,2.63,0.1454,0.4897,0.0,16,0,939,PRE_EXISTING_WATER,0.008221993833504625,0.0842754367934224,test
2454,19,0.0019,220.0,5908,409,5,6,1.693,0.4933,0.7212,0.0,0,0,19,PRE_EXISTING_WATER,0.0,0.0,train
2455,10,0.001,160.0,5908,543,3,5,2.135,0.4909,0.6729,0.0,0,0,10,PRE_EXISTING_WATER,0.0,0.0,train
2456,1,0.0001,40.0,5909,711,1,1,1.0,0.7854,,0.0,0,0,1,PRE_EXISTING_WATER,0.0,0.0,train
2457,51,0.0051,380.0,5909,1034,9,10,1.825,0.4438,0.7793,250.19992006393608,0,0,34,WETLAND,0.0,1.0,train
2458,33,0.0033,280.0,5909,3570,5,9,1.889,0.5289,0.6421,260.0,0,33,0,WETLAND,0.030303030303030304,0.9696969696969697,val
2459,11,0.0011,140.0,5910,567,3,4,1.417,0.7053,0.7216,0.0,0,0,11,PRE_EXISTING_WATER,0.0,0.0,train
2460,61,0.0061,380.0,5911,509,9,10,1.797,0.5309,0.6654,0.0,0,0,61,PRE_EXISTING_WATER,0.0,0.0,train
2461,42,0.004200000000000001,380.0,5911,599,11,7,2.294,0.3655,0.5964,0.0,0,0,42,PRE_EXISTING_WATER,0.0,0.0,train
2462,122,0.0122,880.0,5913,620,23,18,3.373,0.198,0.4011,0.0,0,0,122,PRE_EXISTING_WATER,0.0,0.0,train
2463,115,0.0115,720.0,5913,3638,17,18,3.516,0.2788,0.614,264.0075756488817,0,0,19,VEG_AGRI,0.9478260869565217,0.05217391304347826,val
2464,12,0.0012000000000000001,160.0,5914,732,4,4,1.239,0.589,0.6458,0.0,0,0,12,PRE_EXISTING_WATER,0.0,0.0,train
2465,6,0.0006000000000000001,120.0,5914,1696,3,3,1.354,0.5236,0.7962,0.0,0,0,4,PRE_EXISTING_WATER,0.0,0.3333333333333333,train
2466,104,0.010400000000000001,500.0,5914,1935,13,12,1.637,0.5228,0.6714,50.0,0,0,104,WETLAND,0.0,1.0,train
2467,3,0.00030000000000000003,80.0,5915,542,2,2,1.732,0.589,0.7279,0.0,0,0,3,PRE_EXISTING_WATER,0.0,0.0,train
2468,66,0.0066,380.0,5915,670,7,12,1.705,0.5744,0.6613,0.0,0,0,66,PRE_EXISTING_WATER,0.0,0.0,train
2469,4,0.0004,100.0,5915,1849,2,3,2.618,0.5027,0.6698,258.0697580112788,0,0,4,WETLAND,0.0,1.0,train
2470,26,0.0026000000000000003,240.0,5915,1927,6,6,1.006,0.5672,0.7003,117.04699910719626,0,0,26,WETLAND,0.0,1.0,train
2471,15,0.0015,200.0,5915,2145,4,6,2.554,0.4712,0.6764,178.88543819998318,0,0,15,WETLAND,0.0,1.0,train
2472,24,0.0024000000000000002,260.0,5916,715,4,9,2.127,0.4461,0.6656,0.0,0,0,24,PRE_EXISTING_WATER,0.0,0.0,train
2473,4,0.0004,80.0,5916,3677,2,2,1.0,0.7854,1.0,180.0,0,0,0,WETLAND,0.0,1.0,val
2474,61,0.0061,460.0,5917,1266,11,11,1.068,0.3623,0.523,10.0,35,0,12,WETLAND,0.2786885245901639,0.6229508196721312,train
2475,140,0.014,700.0,5917,1847,13,19,2.121,0.359,0.5513,228.47319317591726,0,0,140,WETLAND,0.0,1.0,train
2476,3,0.00030000000000000003,80.0,5917,2977,2,2,1.732,0.589,0.7279,0.0,0,0,1,WETLAND,0.0,0.6666666666666666,test
2477,63,0.0063,580.0,5918,520,13,16,4.792,0.2353,0.5766,0.0,0,0,63,PRE_EXISTING_WATER,0.0,0.0,train
2478,1,0.0001,40.0,5918,711,1,1,1.0,0.7854,,0.0,0,0,1,PRE_EXISTING_WATER,0.0,0.0,train
2479,5,0.0005,100.0,5918,1903,2,3,1.732,0.6283,0.687,255.53864678361276,0,0,5,WETLAND,0.0,1.0,train
2480,259,0.025900000000000003,1320.0,5918,1911,34,17,2.743,0.1868,0.4402,196.97715603592206,0,0,259,WETLAND,0.0,1.0,train
2481,27,0.0027,280.0,5918,2809,7,7,1.978,0.4328,0.59,31.622776601683796,0,0,18,VEG_AGRI,1.0,0.0,test
2482,20,0.002,240.0,5918,2891,7,5,1.647,0.4363,0.6015,10.0,0,0,20,VEG_AGRI,0.4,0.35,test
2483,19851,1.9851,27600.0,5919,1872,189,258,1.38,0.0327,0.4321,50.0,642,157,15498,WETLAND,0.0,1.0,train
2484,2,0.0002,60.0,5921,283,2,1,1.0,0.6981,,0.0,0,0,2,PRE_EXISTING_WATER,0.0,0.0,train
2485,171,0.0171,720.0,5921,1250,16,18,1.203,0.4145,0.5418,0.0,1,0,168,PRE_EXISTING_WATER,0.011695906432748537,0.011695906432748537,train
2486,6,0.0006000000000000001,120.0,5922,436,3,3,1.354,0.5236,0.7962,0.0,0,0,6,PRE_EXISTING_WATER,0.0,0.0,train
2487,1,0.0001,40.0,5923,343,1,1,1.0,0.7854,,0.0,0,0,1,PRE_EXISTING_WATER,0.0,0.0,train
2488,43,0.0043,380.0,5923,1949,8,11,2.946,0.3742,0.6298,31.622776601683796,0,0,33,WETLAND,0.0,1.0,train
2489,107,0.010700000000000001,520.0,5924,2224,13,12,1.236,0.4973,0.6272,0.0,0,0,107,PRE_EXISTING_WATER,0.0,0.0,outside_patches
2490,36,0.0036000000000000003,320.0,5925,253,8,7,1.326,0.4418,0.6002,0.0,0,0,36,PRE_EXISTING_WATER,0.0,0.0,train
2491,4,0.0004,100.0,5925,398,3,2,1.633,0.5027,0.6667,0.0,0,0,4,PRE_EXISTING_WATER,0.0,0.0,train
2492,73,0.0073,440.0,5925,547,10,12,1.25,0.4738,0.6155,0.0,0,0,73,PRE_EXISTING_WATER,0.0,0.0,train
2493,1294,0.12940000000000002,4080.0,5925,3100,52,64,1.423,0.0977,0.3797,0.0,432,41,723,WETLAND,0.01777434312210201,0.9343122102009274,test
2494,32,0.0032,280.0,5926,322,5,8,1.517,0.5129,0.6591,0.0,0,0,32,PRE_EXISTING_WATER,0.0,0.0,train
2495,10,0.001,160.0,5926,1623,3,5,1.791,0.4909,0.6087,121.65525060596438,0,0,0,WETLAND,0.0,1.0,train
2496,3,0.00030000000000000003,80.0,5927,437,2,2,1.732,0.589,0.7279,0.0,0,0,3,PRE_EXISTING_WATER,0.0,0.0,train
2497,2,0.0002,60.0,5927,617,2,1,1.0,0.6981,,0.0,0,0,2,PRE_EXISTING_WATER,0.0,0.0,train
2498,26,0.0026000000000000003,280.0,5927,753,9,5,2.386,0.4167,0.5698,0.0,0,0,26,PRE_EXISTING_WATER,0.0,0.0,train
2499,5,0.0005,120.0,5927,2892,3,3,2.887,0.4363,0.765,50.0,0,0,5,VEG_AGRI,1.0,0.0,test
2500,16,0.0016,200.0,5927,3176,5,5,1.769,0.5027,0.6793,0.0,0,0,0,PRE_EXISTING_WATER,0.375,0.125,test
2501,8,0.0008,120.0,5928,276,3,3,1.265,0.6981,0.6695,0.0,0,0,8,PRE_EXISTING_WATER,0.0,0.0,train
2502,13,0.0013000000000000002,160.0,5928,292,3,5,1.611,0.6381,0.8667,0.0,0,0,13,PRE_EXISTING_WATER,0.0,0.0,train
2503,77,0.0077,620.0,5928,1454,7,21,4.489,0.2517,0.5905,304.138126514911,0,0,77,WETLAND,0.0,1.0,train
2504,39,0.0039000000000000003,440.0,5928,2877,6,14,2.956,0.2531,0.4538,0.0,2,0,37,PRE_EXISTING_WATER,0.02564102564102564,0.1282051282051282,test
2505,150,0.015000000000000001,620.0,5928,2901,14,16,1.656,0.4904,0.6769,0.0,0,0,150,PRE_EXISTING_WATER,0.0,0.0,test
2506,17,0.0017000000000000001,200.0,5928,2923,5,5,1.207,0.5341,0.6989,0.0,0,0,17,PRE_EXISTING_WATER,0.0,0.0,test
2507,51,0.0051,420.0,5928,3649,9,12,3.134,0.3633,0.7097,164.92422502470643,0,0,27,VEG_AGRI,1.0,0.0,val
2508,10,0.001,180.0,5929,336,3,6,3.304,0.3879,0.5962,0.0,0,0,10,PRE_EXISTING_WATER,0.0,0.0,train
2509,94,0.0094,580.0,5929,1479,19,10,3.578,0.3511,0.6291,167.63054614240212,0,0,64,WETLAND,0.0,1.0,train
2510,38,0.0038,320.0,5930,299,5,11,2.23,0.4663,0.6672,0.0,0,0,38,PRE_EXISTING_WATER,0.0,0.0,train
2511,320,0.032,1420.0,5930,1026,24,43,3.276,0.1994,0.3705,30.0,0,36,16,WETLAND,0.0,1.0,train
2512,8,0.0008,140.0,5930,2722,4,3,1.649,0.5129,0.6841,660.9841147864296,4,0,4,VEG_AGRI,1.0,0.0,test
2513,84,0.008400000000000001,480.0,5931,181,12,12,1.941,0.4581,0.6876,0.0,0,0,84,PRE_EXISTING_WATER,0.0,0.0,train
2514,435,0.043500000000000004,1820.0,5931,1873,36,35,1.557,0.165,0.3852,393.57337308308854,0,0,434,WETLAND,0.0,1.0,train
2515,601,0.0601,2320.0,5931,1927,35,43,1.846,0.1403,0.4202,85.44003745317531,0,4,582,WETLAND,0.0,1.0,train
2516,49,0.0049,540.0,5932,277,6,18,4.655,0.2112,0.4244,0.0,0,0,49,PRE_EXISTING_WATER,0.0,0.0,train
2517,8,0.0008,140.0,5932,397,3,4,1.715,0.5129,0.6658,0.0,0,0,8,PRE_EXISTING_WATER,0.0,0.0,train
2518,1,0.0001,40.0,5932,597,1,1,1.0,0.7854,,0.0,0,0,1,PRE_EXISTING_WATER,0.0,0.0,train
2519,1,0.0001,40.0,5932,599,1,1,1.0,0.7854,,0.0,0,0,1,PRE_EXISTING_WATER,0.0,0.0,train
2520,12,0.0012000000000000001,140.0,5932,1864,3,4,1.369,0.7694,1.0,361.24783736376884,0,0,11,WETLAND,0.0,1.0,train
2521,15945,1.5945,28500.0,5932,2869,141,313,3.113,0.0247,0.4066,0.0,3232,317,11107,PRE_EXISTING_WATER,0.08196926936343682,0.309689557855127,test
2522,50,0.005,380.0,5933,195,11,7,1.819,0.4351,0.6477,0.0,0,0,50,PRE_EXISTING_WATER,0.0,0.0,train
2523,29,0.0029000000000000002,260.0,5933,3533,5,8,1.882,0.5391,0.6469,259.42243542145695,0,29,0,WETLAND,0.0,1.0,val
2524,142,0.0142,860.0,5934,1669,23,20,4.617,0.2413,0.5525,0.0,19,2,82,WETLAND,0.007042253521126761,0.5140845070422535,train
2525,2,0.0002,60.0,5934,2175,1,2,1.0,0.6981,,108.16653826391969,0,0,2,WETLAND,0.0,1.0,outside_patches
2526,19,0.0019,200.0,5935,409,4,6,1.858,0.5969,0.6754,0.0,0,0,19,PRE_EXISTING_WATER,0.0,0.0,train
2527,8,0.0008,140.0,5936,439,3,4,1.715,0.5129,0.6658,0.0,0,0,8,PRE_EXISTING_WATER,0.0,0.0,train
2528,10,0.001,140.0,5936,488,3,4,1.633,0.6411,0.675,0.0,0,0,10,PRE_EXISTING_WATER,0.0,0.0,train
2529,7,0.0007,140.0,5936,518,3,4,1.807,0.4488,0.6309,0.0,0,0,7,PRE_EXISTING_WATER,0.0,0.0,train
2530,20,0.002,220.0,5936,524,4,7,2.018,0.5193,0.6561,0.0,0,0,20,PRE_EXISTING_WATER,0.0,0.0,train
2531,29,0.0029000000000000002,360.0,5936,536,6,12,4.093,0.2812,0.5291,0.0,0,0,29,PRE_EXISTING_WATER,0.0,0.0,train
2532,123,0.0123,1020.0,5937,302,16,19,1.645,0.1486,0.3909,0.0,0,0,123,PRE_EXISTING_WATER,0.0,0.0,train
2533,3,0.00030000000000000003,80.0,5937,435,1,3,31622.777,0.589,1.0,0.0,0,0,3,PRE_EXISTING_WATER,0.0,0.0,train
2534,100,0.01,680.0,5937,1637,9,22,3.808,0.2718,0.5667,120.41594578792296,0,0,14,WETLAND,0.0,1.0,train
2535,13,0.0013000000000000002,180.0,5938,1853,4,5,1.865,0.5042,0.5766,299.66648127543397,0,0,13,WETLAND,0.0,1.0,train
2536,14,0.0014,180.0,5939,336,3,6,2.155,0.543,0.633,0.0,0,0,14,PRE_EXISTING_WATER,0.0,0.0,train
2537,2,0.0002,60.0,5939,2013,2,1,1.0,0.6981,,233.45235059857504,0,0,1,WETLAND,0.0,1.0,train
2538,39,0.0039000000000000003,360.0,5939,2936,6,10,2.024,0.3782,0.5744,0.0,0,0,39,PRE_EXISTING_WATER,0.0,0.0,test
2539,14,0.0014,180.0,5939,3390,5,4,1.361,0.543,0.669,480.52055106935853,0,14,0,WETLAND,0.0,1.0,val
2540,62,0.006200000000000001,420.0,5940,751,6,13,2.432,0.4417,0.7021,0.0,0,0,62,PRE_EXISTING_WATER,0.0,0.0,train
2541,121,0.012100000000000001,880.0,5940,1458,13,18,1.31,0.1963,0.4709,291.547594742265,0,0,121,WETLAND,0.0,1.0,train
2542,8,0.0008,120.0,5941,147,3,3,1.265,0.6981,0.6695,0.0,0,0,8,PRE_EXISTING_WATER,0.0,0.0,train
2543,65,0.006500000000000001,420.0,5941,279,8,13,2.167,0.463,0.6459,0.0,0,0,65,PRE_EXISTING_WATER,0.0,0.0,train
2544,1,0.0001,40.0,5941,461,1,1,1.0,0.7854,,0.0,0,0,1,PRE_EXISTING_WATER,0.0,0.0,train
2545,10,0.001,200.0,5941,497,4,6,4.197,0.3142,0.6235,0.0,0,0,10,PRE_EXISTING_WATER,0.0,0.0,train
2546,2,0.0002,60.0,5941,3385,1,2,1.0,0.6981,,515.4609587543949,0,2,0,WETLAND,0.0,1.0,val
2547,2,0.0002,60.0,5942,549,2,1,1.0,0.6981,,0.0,0,0,2,PRE_EXISTING_WATER,0.0,0.0,train
2548,2,0.0002,60.0,5943,407,2,1,1.0,0.6981,,0.0,0,0,2,PRE_EXISTING_WATER,0.0,0.0,train
2549,21,0.0021000000000000003,220.0,5943,504,5,6,1.898,0.5452,0.6182,0.0,0,0,21,PRE_EXISTING_WATER,0.0,0.0,train
2550,5,0.0005,100.0,5943,519,2,3,1.732,0.6283,0.687,0.0,0,0,5,PRE_EXISTING_WATER,0.0,0.0,train
2551,700,0.07,1880.0,5943,2181,55,29,3.651,0.2489,0.5235,0.0,0,0,700,PRE_EXISTING_WATER,0.0,0.0,outside_patches
2552,5,0.0005,120.0,5943,3401,3,3,2.887,0.4363,0.765,510.0,0,5,0,WETLAND,0.0,1.0,val
2553,9,0.0009000000000000001,160.0,5944,254,3,5,1.959,0.4418,0.6073,0.0,0,0,9,PRE_EXISTING_WATER,0.0,0.0,train
2554,12,0.0012000000000000001,180.0,5944,439,5,4,1.983,0.4654,0.6816,0.0,0,0,12,PRE_EXISTING_WATER,0.0,0.0,train
2555,1,0.0001,40.0,5946,159,1,1,1.0,0.7854,,0.0,0,0,1,PRE_EXISTING_WATER,0.0,0.0,train
2556,7,0.0007,160.0,5946,210,3,4,1.811,0.3436,0.5714,0.0,0,0,7,PRE_EXISTING_WATER,0.0,0.0,train
2557,15,0.0015,220.0,5948,199,3,8,2.91,0.3895,0.5521,0.0,0,0,15,PRE_EXISTING_WATER,0.0,0.0,train
2558,1,0.0001,40.0,5948,645,1,1,1.0,0.7854,,0.0,0,0,1,PRE_EXISTING_WATER,0.0,0.0,train
2559,1646,0.1646,3360.0,5948,2111,63,56,1.484,0.1832,0.5769,28.284271247461902,1,6,947,WETLAND,0.0,1.0,train
2560,1,0.0001,40.0,5949,184,1,1,1.0,0.7854,,0.0,0,0,1,PRE_EXISTING_WATER,0.0,0.0,train
2561,10,0.001,160.0,5949,190,3,4,1.529,0.4909,0.7037,0.0,0,0,10,PRE_EXISTING_WATER,0.0,0.0,train
2562,195,0.0195,1220.0,5949,528,13,27,1.683,0.1646,0.4998,0.0,0,0,195,PRE_EXISTING_WATER,0.0,0.0,train
2563,9,0.0009000000000000001,140.0,5949,562,3,4,1.618,0.577,0.7114,0.0,0,0,9,PRE_EXISTING_WATER,0.0,0.0,train
2564,1,0.0001,40.0,5949,748,1,1,1.0,0.7854,,0.0,0,0,1,PRE_EXISTING_WATER,0.0,0.0,train
2565,3,0.00030000000000000003,80.0,5949,750,2,2,1.732,0.589,0.7279,0.0,0,0,3,PRE_EXISTING_WATER,0.0,0.0,train
2566,34,0.0034000000000000002,280.0,5950,165,6,8,1.49,0.545,0.6961,0.0,0,0,34,PRE_EXISTING_WATER,0.0,0.0,train
2567,36,0.0036000000000000003,320.0,5950,277,8,8,1.946,0.4418,0.7185,0.0,0,0,36,PRE_EXISTING_WATER,0.0,0.0,train
2568,25,0.0025,260.0,5950,515,5,8,1.71,0.4647,0.608,0.0,0,0,25,PRE_EXISTING_WATER,0.0,0.0,train
2569,17,0.0017000000000000001,180.0,5950,1614,5,4,1.414,0.6593,0.6185,155.56349186104046,0,0,8,WETLAND,0.0,1.0,train
2570,10,0.001,140.0,5950,1863,3,4,1.369,0.6411,0.8333,360.5551275463989,0,0,10,WETLAND,0.0,1.0,train
2571,1,0.0001,40.0,5950,2865,1,1,1.0,0.7854,,0.0,0,0,1,PRE_EXISTING_WATER,0.0,0.0,test
2572,9,0.0009000000000000001,140.0,5951,19,3,4,1.39,0.577,0.6712,0.0,0,0,9,PRE_EXISTING_WATER,0.0,0.0,train
2573,7,0.0007,140.0,5951,611,4,3,2.294,0.4488,0.6135,0.0,0,0,7,PRE_EXISTING_WATER,0.0,0.0,train
2574,18,0.0018000000000000002,200.0,5951,761,4,6,1.932,0.5655,0.6403,0.0,0,0,18,PRE_EXISTING_WATER,0.0,0.0,train
2575,5,0.0005,100.0,5951,2384,3,2,1.732,0.6283,0.687,889.5504482602435,0,0,5,WETLAND,0.0,1.0,test
2576,1,0.0001,40.0,5952,355,1,1,1.0,0.7854,,0.0,0,0,1,PRE_EXISTING_WATER,0.0,0.0,train
2577,51,0.0051,380.0,5953,620,11,8,1.323,0.4438,0.5899,0.0,0,0,51,PRE_EXISTING_WATER,0.0,0.0,train
2578,1908,0.1908,2980.0,5953,871,42,74,1.85,0.27,0.6105,20.0,1628,39,58,WETLAND,0.0005241090146750524,0.999475890985325,train
2579,2,0.0002,60.0,5955,221,2,1,1.0,0.6981,,0.0,0,0,2,PRE_EXISTING_WATER,0.0,0.0,train
2580,20,0.002,240.0,5956,314,6,6,1.748,0.4363,0.7678,0.0,0,0,20,PRE_EXISTING_WATER,0.0,0.0,train
2581,16,0.0016,220.0,5957,506,5,6,1.433,0.4154,0.5503,0.0,0,0,16,PRE_EXISTING_WATER,0.0,0.0,train
2582,10,0.001,180.0,5957,1630,4,5,2.422,0.3879,0.6899,210.95023109728987,0,0,10,WETLAND,0.0,1.0,train
2583,13,0.0013000000000000002,160.0,5957,1644,3,5,1.89,0.6381,0.7294,106.3014581273465,0,0,13,WETLAND,0.0,1.0,train
2584,1991,0.1991,4820.0,5957,3157,74,72,1.459,0.1077,0.3891,0.0,309,200,1237,WETLAND,0.022601707684580613,0.9492717227523857,test
2585,90,0.009000000000000001,640.0,5958,273,14,15,2.531,0.2761,0.4921,0.0,0,0,90,PRE_EXISTING_WATER,0.0,0.0,train
2586,29,0.0029000000000000002,280.0,5958,605,4,10,2.88,0.4648,0.6959,0.0,0,0,29,PRE_EXISTING_WATER,0.0,0.0,train
2587,8,0.0008,140.0,5958,2160,4,3,1.715,0.5129,0.6658,104.40306508910551,0,0,7,WETLAND,0.0,1.0,train
2588,4,0.0004,100.0,5959,433,2,3,2.449,0.5027,0.6387,0.0,0,0,4,PRE_EXISTING_WATER,0.0,0.0,train
2589,1,0.0001,40.0,5959,515,1,1,1.0,0.7854,,0.0,0,0,1,PRE_EXISTING_WATER,0.0,0.0,train
2590,1,0.0001,40.0,5959,517,1,1,1.0,0.7854,,0.0,0,0,1,PRE_EXISTING_WATER,0.0,0.0,train
2591,1,0.0001,40.0,5959,616,1,1,1.0,0.7854,,0.0,0,0,1,PRE_EXISTING_WATER,0.0,0.0,train
2592,42,0.004200000000000001,340.0,5959,1534,7,10,2.496,0.4566,0.7319,0.0,0,0,37,PRE_EXISTING_WATER,0.07142857142857142,0.14285714285714285,train
2593,6,0.0006000000000000001,120.0,5959,2020,2,4,2.449,0.5236,0.6365,446.43028571099427,0,0,6,WETLAND,0.0,1.0,train
2594,5,0.0005,100.0,5959,3115,3,2,1.732,0.6283,0.687,44.721359549995796,0,0,5,WETLAND,0.0,1.0,test
2595,20,0.002,220.0,5960,302,5,6,1.454,0.5193,0.6712,0.0,0,0,20,PRE_EXISTING_WATER,0.0,0.0,train
2596,12528,1.2528000000000001,35060.0,5960,523,127,330,3.13,0.0128,0.3038,0.0,6,4,12498,PRE_EXISTING_WATER,0.0,0.003751596424010217,train
2597,5684,0.5684,6640.0,5960,1720,125,114,1.889,0.162,0.4049,0.0,28,0,5638,PRE_EXISTING_WATER,0.0005277973258268825,0.050140745953553834,train
2598,6,0.0006000000000000001,100.0,5960,1917,2,3,1.633,0.754,1.0,531.5072906367325,0,0,6,WETLAND,0.0,1.0,train
2599,65,0.006500000000000001,460.0,5962,1444,13,10,2.502,0.386,0.6306,278.0287754891569,0,0,65,WETLAND,0.0,1.0,train
2600,4,0.0004,100.0,5962,1674,2,3,1.633,0.5027,0.6667,22.360679774997898,0,0,2,WETLAND,0.25,0.75,train
2601,111,0.0111,520.0,5962,2365,14,12,1.906,0.5159,0.6797,660.0,0,0,106,WETLAND,0.08108108108108109,0.918918918918919,test
2602,2,0.0002,60.0,5963,312,1,2,1.0,0.6981,,0.0,0,0,2,PRE_EXISTING_WATER,0.0,0.0,train
2603,39,0.0039000000000000003,320.0,5963,1555,4,12,3.549,0.4786,0.7666,0.0,0,0,34,PRE_EXISTING_WATER,0.0,0.48717948717948717,train
2604,10,0.001,140.0,5963,1870,4,3,1.637,0.6411,0.6956,430.11626335213134,0,0,10,WETLAND,0.0,1.0,train
2605,12,0.0012000000000000001,180.0,5963,3407,3,6,2.879,0.4654,0.6522,586.6856057549052,0,0,12,WETLAND,0.0,1.0,val
2606,20,0.002,240.0,5965,219,4,8,2.422,0.4363,0.622,0.0,0,0,20,PRE_EXISTING_WATER,0.0,0.0,train
2607,46,0.0046,340.0,5965,633,10,7,2.02,0.5,0.66,0.0,0,0,46,PRE_EXISTING_WATER,0.0,0.0,train
2608,15,0.0015,200.0,5965,645,5,5,1.181,0.4712,0.5848,0.0,0,0,15,PRE_EXISTING_WATER,0.0,0.0,train
2609,381,0.0381,1020.0,5965,1622,23,25,1.172,0.4602,0.6614,50.0,0,0,286,WETLAND,0.0,1.0,train
2610,22,0.0022,220.0,5965,3393,4,7,1.916,0.5712,0.6921,518.6520991955977,0,1,21,WETLAND,0.0,1.0,val
2611,18,0.0018000000000000002,220.0,5966,192,5,6,1.781,0.4673,0.6522,0.0,0,0,18,PRE_EXISTING_WATER,0.0,0.0,train
2612,79,0.0079,620.0,5966,1851,9,19,2.349,0.2583,0.461,256.3201123595259,0,0,79,WETLAND,0.0,1.0,train
2613,11,0.0011,180.0,5967,512,4,5,1.271,0.4266,0.5912,0.0,0,0,11,PRE_EXISTING_WATER,0.0,0.0,train
2614,120,0.012,620.0,5967,816,12,19,2.22,0.3923,0.5809,0.0,2,0,88,PRE_EXISTING_WATER,0.075,0.23333333333333334,train
2615,20,0.002,220.0,5967,2113,6,5,1.469,0.5193,0.6666,364.0054944640259,0,0,9,WETLAND,0.0,1.0,train
2616,6,0.0006000000000000001,100.0,5968,185,2,3,1.633,0.754,1.0,0.0,0,0,6,PRE_EXISTING_WATER,0.0,0.0,train
2617,5,0.0005,120.0,5968,243,3,3,2.618,0.4363,0.6495,0.0,0,0,5,PRE_EXISTING_WATER,0.0,0.0,train
2618,4,0.0004,100.0,5968,3421,2,3,2.618,0.5027,0.6698,493.9635614091387,0,0,4,WETLAND,0.0,1.0,val
2619,91,0.0091,480.0,5968,3522,9,15,2.036,0.4963,0.7086,0.0,0,0,42,WETLAND,0.03296703296703297,0.5054945054945055,val
2620,57,0.0057,400.0,5969,1609,9,11,2.283,0.4477,0.708,223.60679774997897,0,0,53,WETLAND,0.0,1.0,train
2621,9,0.0009000000000000001,140.0,5970,3266,4,3,1.39,0.577,0.6712,60.0,0,0,8,WETLAND,0.0,1.0,val
2622,2,0.0002,60.0,5972,581,2,1,1.0,0.6981,,0.0,0,0,2,PRE_EXISTING_WATER,0.0,0.0,train
2623,25,0.0025,260.0,5973,297,4,9,1.998,0.4647,0.6817,0.0,0,0,25,PRE_EXISTING_WATER,0.0,0.0,train
2624,2,0.0002,60.0,5973,320,1,2,1.0,0.6981,,0.0,0,0,2,PRE_EXISTING_WATER,0.0,0.0,train
2625,5,0.0005,100.0,5974,513,2,3,1.732,0.6283,0.687,0.0,0,0,5,PRE_EXISTING_WATER,0.0,0.0,train
2626,1,0.0001,40.0,5974,2561,1,1,1.0,0.7854,,474.23622805517505,0,1,0,WETLAND,0.0,1.0,test
2627,16,0.0016,180.0,5975,640,4,5,1.577,0.6206,0.629,0.0,0,0,16,PRE_EXISTING_WATER,0.0,0.0,train
2628,21,0.0021000000000000003,220.0,5975,1922,5,6,1.193,0.5452,0.6727,618.5466837676846,0,0,21,WETLAND,0.0,1.0,train
2629,3,0.00030000000000000003,80.0,5976,238,2,2,1.732,0.589,0.7279,0.0,0,0,3,PRE_EXISTING_WATER,0.0,0.0,train
2630,5,0.0005,100.0,5976,572,2,3,1.732,0.6283,0.687,0.0,0,0,5,PRE_EXISTING_WATER,0.0,0.0,train
2631,23,0.0023,220.0,5976,653,4,7,1.725,0.5972,0.6968,0.0,0,0,23,PRE_EXISTING_WATER,0.0,0.0,train
2632,9,0.0009000000000000001,140.0,5976,1530,4,3,1.627,0.577,0.6096,22.360679774997898,0,0,9,WETLAND,0.0,1.0,train
2633,9,0.0009000000000000001,140.0,5976,1551,2,5,2.71,0.577,0.7912,50.0,0,0,7,WETLAND,0.0,1.0,train
2634,18,0.0018000000000000002,200.0,5976,1819,5,5,1.628,0.5655,0.634,0.0,0,0,16,PRE_EXISTING_WATER,0.0,0.16666666666666666,train
2635,1,0.0001,40.0,5977,576,1,1,1.0,0.7854,,0.0,0,0,1,PRE_EXISTING_WATER,0.0,0.0,train
2636,48,0.0048000000000000004,360.0,5977,803,7,11,1.786,0.4654,0.6385,0.0,0,0,48,PRE_EXISTING_WATER,0.0,0.0,train
2637,53,0.0053,420.0,5977,1596,6,15,3.79,0.3776,0.6961,155.24174696260025,0,0,27,WETLAND,0.0,1.0,train
2638,36,0.0036000000000000003,300.0,5978,27,8,7,1.998,0.5027,0.6773,0.0,0,0,36,PRE_EXISTING_WATER,0.0,0.0,train
2639,50,0.005,320.0,5978,38,9,7,1.581,0.6136,0.6734,0.0,0,0,50,PRE_EXISTING_WATER,0.0,0.0,train
2640,31,0.0031000000000000003,440.0,5978,194,8,14,5.754,0.2012,0.4867,0.0,0,0,31,PRE_EXISTING_WATER,0.0,0.0,train
2641,25,0.0025,240.0,5978,701,6,6,1.161,0.5454,0.6995,0.0,0,0,25,PRE_EXISTING_WATER,0.0,0.0,train
2642,12,0.0012000000000000001,160.0,5978,1535,3,5,2.07,0.589,0.6892,41.23105625617661,0,0,12,WETLAND,0.0,1.0,train
2643,40,0.004,340.0,5978,2095,6,11,2.122,0.4348,0.6022,496.4876634922564,0,0,32,WETLAND,0.0,1.0,train
2644,1,0.0001,40.0,5979,36,1,1,1.0,0.7854,,0.0,0,0,1,PRE_EXISTING_WATER,0.0,0.0,train
2645,60,0.006,400.0,5979,1368,10,8,1.357,0.4712,0.718,196.97715603592206,0,0,60,WETLAND,0.0,1.0,train
2646,278,0.027800000000000002,1140.0,5979,3134,18,30,1.812,0.2688,0.5039,0.0,45,6,177,WETLAND,0.050359712230215826,0.8597122302158273,test
2647,9,0.0009000000000000001,120.0,5979,3237,3,3,1.0,0.7854,1.0,197.2308292331602,0,9,0,WETLAND,0.0,1.0,val
2648,18,0.0018000000000000002,200.0,5980,313,4,6,1.761,0.5655,0.6793,0.0,0,0,18,PRE_EXISTING_WATER,0.0,0.0,train
2649,9,0.0009000000000000001,140.0,5980,521,3,4,1.39,0.577,0.6712,0.0,0,0,9,PRE_EXISTING_WATER,0.0,0.0,train
2650,30,0.003,280.0,5980,3250,7,7,1.76,0.4809,0.7037,194.164878389476,0,30,0,WETLAND,0.06666666666666667,0.9333333333333333,val
2651,426,0.0426,1640.0,5981,1884,24,37,1.95,0.199,0.5126,505.3711507397311,0,0,418,WETLAND,0.0,1.0,train
2652,8,0.0008,140.0,5981,2565,3,4,1.715,0.5129,0.6658,456.0701700396552,0,8,0,VEG_AGRI,0.5,0.0,test
2653,10,0.001,160.0,5982,232,4,4,1.556,0.4909,0.6846,0.0,0,0,10,PRE_EXISTING_WATER,0.0,0.0,train
2654,9,0.0009000000000000001,140.0,5982,1450,3,4,1.39,0.577,0.6712,186.01075237738274,0,0,9,WETLAND,0.0,1.0,train
2655,18,0.0018000000000000002,200.0,5982,2707,4,6,1.349,0.5655,0.7254,706.6116330771806,0,0,9,WETLAND,0.0,1.0,test
2656,3,0.00030000000000000003,80.0,5983,268,1,3,31622.777,0.589,1.0,0.0,0,0,3,PRE_EXISTING_WATER,0.0,0.0,train
2657,35,0.0035,300.0,5983,3114,5,10,2.01,0.4887,0.6596,0.0,10,3,17,WETLAND,0.05714285714285714,0.8571428571428571,test
2658,7,0.0007,140.0,5984,272,3,4,2.784,0.4488,0.6689,0.0,0,0,7,PRE_EXISTING_WATER,0.0,0.0,train
2659,9,0.0009000000000000001,140.0,5984,336,3,4,1.964,0.577,0.705,0.0,0,0,9,PRE_EXISTING_WATER,0.0,0.0,train
2660,3,0.00030000000000000003,80.0,5985,277,3,1,31622.777,0.589,1.0,0.0,0,0,3,PRE_EXISTING_WATER,0.0,0.0,train
2661,27,0.0027,260.0,5985,518,6,7,1.199,0.5019,0.6338,0.0,0,0,27,PRE_EXISTING_WATER,0.0,0.0,train
2662,4,0.0004,80.0,5985,1615,2,2,1.0,0.7854,1.0,222.03603311174518,0,0,4,WETLAND,0.0,1.0,train
2663,2,0.0002,60.0,5986,305,2,1,1.0,0.6981,,0.0,0,0,2,PRE_EXISTING_WATER,0.0,0.0,train
2664,1,0.0001,40.0,5986,717,1,1,1.0,0.7854,,0.0,0,0,1,PRE_EXISTING_WATER,0.0,0.0,train
2665,30,0.003,260.0,5986,1437,7,6,1.725,0.5577,0.7123,212.13203435596427,0,0,30,WETLAND,0.0,1.0,train
2666,2,0.0002,60.0,5987,251,2,1,1.0,0.6981,,0.0,0,0,2,PRE_EXISTING_WATER,0.0,0.0,train
2667,1,0.0001,40.0,5987,253,1,1,1.0,0.7854,,0.0,0,0,1,PRE_EXISTING_WATER,0.0,0.0,train
2668,244,0.0244,1400.0,5987,448,28,32,3.614,0.1564,0.4324,0.0,0,0,244,PRE_EXISTING_WATER,0.0,0.0,train
2669,38,0.0038,300.0,5987,1495,8,7,1.747,0.5306,0.6592,14.142135623730951,0,0,38,WETLAND,0.0,1.0,train
2670,27,0.0027,260.0,5988,294,6,7,1.603,0.5019,0.6471,0.0,0,0,27,PRE_EXISTING_WATER,0.0,0.0,train
2671,41,0.0041,400.0,5988,699,11,9,1.196,0.322,0.4386,0.0,0,0,41,PRE_EXISTING_WATER,0.0,0.0,train
2672,21,0.0021000000000000003,220.0,5988,718,4,7,1.831,0.5452,0.6943,0.0,0,0,21,PRE_EXISTING_WATER,0.0,0.0,train
2673,23,0.0023,220.0,5989,1377,5,6,1.248,0.5972,0.696,319.06112267087633,0,0,23,WETLAND,0.0,1.0,train
2674,9,0.0009000000000000001,140.0,5989,1689,3,4,1.208,0.577,0.6749,311.44823004794875,0,0,0,WETLAND,0.0,1.0,train
2675,339,0.0339,980.0,5989,1702,16,33,2.102,0.4436,0.6335,0.0,0,0,174,WETLAND,0.0,1.0,train
2676,9,0.0009000000000000001,160.0,5990,215,3,5,2.283,0.4418,0.6348,0.0,0,0,9,PRE_EXISTING_WATER,0.0,0.0,train
2677,1,0.0001,40.0,5990,321,1,1,1.0,0.7854,,0.0,0,0,1,PRE_EXISTING_WATER,0.0,0.0,train
2678,19,0.0019,200.0,5990,1086,4,6,1.588,0.5969,0.6706,0.0,0,0,19,PRE_EXISTING_WATER,0.0,0.0,train
2679,4,0.0004,80.0,5990,1759,2,2,1.0,0.7854,1.0,0.0,0,0,4,PRE_EXISTING_WATER,0.0,0.0,train
2680,109,0.0109,640.0,5990,3237,13,19,2.379,0.3344,0.5087,138.92443989449805,0,109,0,WETLAND,0.009174311926605505,0.9908256880733946,val
2681,11,0.0011,140.0,5991,233,3,4,1.417,0.7053,0.7216,0.0,0,0,11,PRE_EXISTING_WATER,0.0,0.0,train
2682,66,0.0066,460.0,5991,3121,9,14,2.49,0.392,0.6516,36.05551275463989,28,2,34,WETLAND,0.045454545454545456,0.9545454545454546,test
2683,394,0.039400000000000004,1740.0,5992,1400,25,31,1.589,0.1635,0.4663,170.88007490635061,0,0,385,WETLAND,0.0,1.0,train
2684,3,0.00030000000000000003,80.0,5992,1843,2,2,1.732,0.589,0.7279,208.80613017821102,0,0,3,WETLAND,0.0,1.0,train
2685,23,0.0023,220.0,5992,2782,6,5,1.191,0.5972,0.665,721.2489168102785,0,23,0,VEG_AGRI,1.0,0.0,test
2686,12,0.0012000000000000001,160.0,5993,471,3,5,2.07,0.589,0.6892,0.0,0,0,12,PRE_EXISTING_WATER,0.0,0.0,train
2687,61,0.0061,380.0,5993,1614,10,8,1.546,0.5309,0.5795,98.99494936611666,0,0,60,WETLAND,0.0,1.0,train
2688,11,0.0011,160.0,5993,1625,4,4,1.505,0.54,0.7367,72.11102550927978,0,0,11,WETLAND,0.0,1.0,train
2689,351,0.0351,1260.0,5993,1658,23,36,2.508,0.2778,0.5154,192.09372712298546,0,0,254,WETLAND,0.0,1.0,train
2690,28,0.0028,300.0,5994,1427,9,6,2.695,0.391,0.6172,232.59406699226017,0,0,28,WETLAND,0.0,1.0,train
2691,16,0.0016,180.0,5995,110,4,5,1.282,0.6206,0.6394,0.0,0,0,16,PRE_EXISTING_WATER,0.0,0.0,train
2692,16,0.0016,180.0,5995,480,4,5,1.424,0.6206,0.7083,0.0,0,0,16,PRE_EXISTING_WATER,0.0,0.0,train
2693,4,0.0004,80.0,5995,690,2,2,1.0,0.7854,1.0,0.0,0,0,4,PRE_EXISTING_WATER,0.0,0.0,train
2694,3,0.00030000000000000003,80.0,5995,2805,3,1,31622.777,0.589,1.0,594.138031100518,0,3,0,VEG_AGRI,1.0,0.0,test
2695,1,0.0001,40.0,5996,273,1,1,1.0,0.7854,,0.0,0,0,1,PRE_EXISTING_WATER,0.0,0.0,train
2696,6,0.0006000000000000001,140.0,5996,468,3,4,1.633,0.3847,0.5,0.0,0,0,6,PRE_EXISTING_WATER,0.0,0.0,train
2697,1242,0.1242,3180.0,5996,872,40,102,4.743,0.1543,0.3845,0.0,168,14,938,PRE_EXISTING_WATER,0.0,0.24879227053140096,train
2698,739,0.07390000000000001,2480.0,5996,2848,44,50,1.584,0.151,0.4033,85.44003745317531,595,2,119,WETLAND,0.20974289580514208,0.7848443843031123,test
2699,6,0.0006000000000000001,120.0,5998,529,2,4,2.636,0.5236,0.658,0.0,0,0,6,PRE_EXISTING_WATER,0.0,0.0,train
2700,5,0.0005,100.0,5998,1594,2,3,1.732,0.6283,0.687,261.72504656604804,0,0,5,WETLAND,0.0,1.0,train
2701,86,0.0086,480.0,5998,3282,11,13,1.531,0.4691,0.6433,120.41594578792296,0,3,53,WETLAND,0.11627906976744186,0.8837209302325582,val
2702,2,0.0002,60.0,5999,311,2,1,1.0,0.6981,,0.0,0,0,2,PRE_EXISTING_WATER,0.0,0.0,train
2703,6,0.0006000000000000001,100.0,5999,2073,2,3,1.633,0.754,1.0,630.0793600809346,0,0,6,WETLAND,0.0,1.0,train
2704,57,0.0057,360.0,5999,3224,7,11,1.501,0.5527,0.7033,0.0,0,53,0,WETLAND,0.05263157894736842,0.8596491228070176,val
2705,1,0.0001,40.0,6000,167,1,1,1.0,0.7854,,0.0,0,0,1,PRE_EXISTING_WATER,0.0,0.0,train
2706,19,0.0019,200.0,6000,293,3,7,2.311,0.5969,0.9048,0.0,0,0,19,PRE_EXISTING_WATER,0.0,0.0,train
2707,14,0.0014,180.0,6000,3298,4,5,1.228,0.543,0.6631,220.0,0,0,14,WETLAND,0.0,1.0,val
2708,1,0.0001,40.0,6001,704,1,1,1.0,0.7854,,0.0,0,0,1,PRE_EXISTING_WATER,0.0,0.0,train
2709,53,0.0053,400.0,6001,3529,9,11,1.89,0.4163,0.5892,0.0,24,0,22,WETLAND,0.0,1.0,val
2710,11,0.0011,160.0,6002,143,3,5,2.098,0.54,0.7333,0.0,0,0,11,PRE_EXISTING_WATER,0.0,0.0,train
2711,57,0.0057,380.0,6002,279,10,9,1.23,0.496,0.7406,0.0,0,0,57,PRE_EXISTING_WATER,0.0,0.0,train
2712,165,0.0165,580.0,6002,3132,13,16,1.284,0.6164,0.7817,0.0,0,139,0,WETLAND,0.15151515151515152,0.696969696969697,test
2713,1,0.0001,40.0,6003,219,1,1,1.0,0.7854,,0.0,0,0,1,PRE_EXISTING_WATER,0.0,0.0,train
2714,1,0.0001,40.0,6003,221,1,1,1.0,0.7854,,0.0,0,0,1,PRE_EXISTING_WATER,0.0,0.0,train
2715,21,0.0021000000000000003,280.0,6003,1753,9,5,3.195,0.3366,0.5635,0.0,0,0,21,PRE_EXISTING_WATER,0.0,0.0,train
2716,1,0.0001,40.0,6003,2127,1,1,1.0,0.7854,,192.09372712298546,0,0,1,WETLAND,0.0,1.0,train
2717,8,0.0008,120.0,6004,88,2,4,2.236,0.6981,1.0,0.0,0,0,8,PRE_EXISTING_WATER,0.0,0.0,train
2718,56,0.0056,360.0,6004,3758,11,7,1.436,0.543,0.6631,886.4536084872124,0,0,11,VEG_AGRI,1.0,0.0,outside_patches
2719,20,0.002,220.0,6005,1594,4,7,2.014,0.5193,0.6584,255.53864678361276,0,0,20,WETLAND,0.0,1.0,train
2720,1,0.0001,40.0,6006,107,1,1,1.0,0.7854,,0.0,0,0,1,PRE_EXISTING_WATER,0.0,0.0,train
2721,18,0.0018000000000000002,200.0,6006,3337,4,6,1.447,0.5655,0.6776,205.18284528683193,0,0,17,WETLAND,0.0,1.0,val
2722,3,0.00030000000000000003,80.0,6007,421,3,1,31622.777,0.589,1.0,0.0,0,0,3,PRE_EXISTING_WATER,0.0,0.0,train
2723,313,0.0313,1460.0,6007,1365,32,32,1.596,0.1845,0.3603,190.0,0,0,263,WETLAND,0.0,1.0,train
2724,69,0.006900000000000001,460.0,6007,1905,8,15,2.532,0.4098,0.6268,548.1788029466298,0,0,69,WETLAND,0.0,1.0,train
2725,4,0.0004,100.0,6009,331,2,3,2.449,0.5027,0.6387,0.0,0,0,4,PRE_EXISTING_WATER,0.0,0.0,train
2726,1,0.0001,40.0,6010,35,1,1,1.0,0.7854,,0.0,0,0,1,PRE_EXISTING_WATER,0.0,0.0,train
2727,16,0.0016,180.0,6010,237,4,5,1.25,0.6206,0.6431,0.0,0,0,16,PRE_EXISTING_WATER,0.0,0.0,train
2728,40,0.004,340.0,6010,1582,5,12,2.856,0.4348,0.6297,286.53097563788805,0,0,40,WETLAND,0.0,1.0,train
2729,11,0.0011,140.0,6010,1689,3,4,1.417,0.7053,0.7216,257.0992026436488,0,0,2,WETLAND,0.0,1.0,train
2730,137,0.0137,700.0,6011,2244,12,21,1.656,0.3513,0.4883,0.0,29,0,100,WETLAND,0.0,0.6861313868613139,outside_patches
2731,33,0.0033,260.0,6011,3737,6,7,1.443,0.6134,0.6706,669.1038783328041,0,0,25,VEG_AGRI,1.0,0.0,outside_patches
2732,7,0.0007,120.0,6012,272,2,4,2.181,0.6109,0.7464,0.0,0,0,7,PRE_EXISTING_WATER,0.0,0.0,train
2733,16,0.0016,200.0,6012,431,4,6,2.449,0.5027,0.7256,0.0,0,0,16,PRE_EXISTING_WATER,0.0,0.0,train
2734,43,0.0043,320.0,6012,1044,8,8,1.556,0.5277,0.6961,28.284271247461902,0,0,0,WETLAND,0.0,1.0,train
2735,11,0.0011,140.0,6012,2797,3,4,1.417,0.7053,0.7216,740.2702209328698,0,11,0,VEG_AGRI,1.0,0.0,test
2736,21,0.0021000000000000003,240.0,6013,219,4,8,3.045,0.4581,0.6897,0.0,0,0,21,PRE_EXISTING_WATER,0.0,0.0,train
2737,6,0.0006000000000000001,120.0,6013,713,3,3,1.354,0.5236,0.7962,0.0,0,0,6,PRE_EXISTING_WATER,0.0,0.0,train
2738,1,0.0001,40.0,6014,509,1,1,1.0,0.7854,,0.0,0,0,1,PRE_EXISTING_WATER,0.0,0.0,train
2739,24,0.0024000000000000002,220.0,6014,1394,6,5,1.34,0.6231,0.734,380.52595180880894,0,0,22,WETLAND,0.0,1.0,train
2740,1,0.0001,40.0,6014,1433,1,1,1.0,0.7854,,133.41664064126334,0,0,1,WETLAND,0.0,1.0,train
2741,129,0.0129,1020.0,6014,2903,14,28,2.739,0.1558,0.3389,120.83045973594572,5,1,52,VEG_AGRI,0.6201550387596899,0.31007751937984496,test
2742,36,0.0036000000000000003,320.0,6015,489,7,9,1.913,0.4418,0.608,0.0,0,0,36,PRE_EXISTING_WATER,0.0,0.0,train
2743,75,0.007500000000000001,460.0,6016,1667,13,10,2.031,0.4454,0.5972,170.0,0,3,66,WETLAND,0.0,1.0,train
2744,2686,0.2686,8080.0,6016,3250,60,138,2.506,0.0517,0.3251,0.0,971,109,1330,WETLAND,0.029411764705882353,0.9292628443782577,val
2745,34,0.0034000000000000002,340.0,6017,158,5,11,2.451,0.3696,0.6052,0.0,0,0,34,PRE_EXISTING_WATER,0.0,0.0,train
2746,14,0.0014,160.0,6017,2842,4,4,1.021,0.6872,0.875,424.4997055358225,0,14,0,WETLAND,0.0,1.0,test
2747,73,0.0073,460.0,6018,100,10,13,1.895,0.4335,0.6351,0.0,0,0,73,PRE_EXISTING_WATER,0.0,0.0,train
2748,11,0.0011,180.0,6019,994,2,7,3.945,0.4266,0.6533,0.0,0,0,8,PRE_EXISTING_WATER,0.0,0.0,train
2749,1266,0.12660000000000002,2060.0,6019,3738,61,28,2.267,0.3749,0.7208,670.0,27,4,402,VEG_AGRI,1.0,0.0,outside_patches
2750,1,0.0001,40.0,6021,453,1,1,1.0,0.7854,,0.0,0,0,1,PRE_EXISTING_WATER,0.0,0.0,train
2751,1,0.0001,40.0,6021,1002,1,1,1.0,0.7854,,10.0,0,0,1,PRE_EXISTING_WATER,0.0,0.0,train
2752,6,0.0006000000000000001,100.0,6021,1120,3,2,1.633,0.754,1.0,80.62257748298549,0,6,0,WETLAND,0.0,1.0,train
2753,45,0.0045000000000000005,360.0,6021,1398,10,8,2.281,0.4363,0.6687,270.0,0,0,45,WETLAND,0.0,1.0,train
2754,7,0.0007,120.0,6021,1635,3,3,1.449,0.6109,0.6511,28.284271247461902,0,0,7,WETLAND,0.0,1.0,train
2755,194,0.0194,760.0,6021,2153,23,15,2.284,0.4221,0.6827,0.0,2,0,174,PRE_EXISTING_WATER,0.04639175257731959,0.030927835051546393,train
2756,42,0.004200000000000001,520.0,6022,504,11,9,1.76,0.1952,0.4256,0.0,0,0,42,PRE_EXISTING_WATER,0.0,0.0,train
2757,538,0.0538,1740.0,6023,1294,27,53,4.632,0.2233,0.5935,186.81541692269406,0,1,530,WETLAND,0.0,1.0,train
2758,40,0.004,380.0,6024,114,9,9,1.308,0.3481,0.5182,0.0,0,0,40,PRE_EXISTING_WATER,0.0,0.0,train
2759,101,0.010100000000000001,620.0,6024,1533,14,13,1.334,0.3302,0.6066,138.92443989449805,0,0,25,WETLAND,0.0,1.0,train
2760,6,0.0006000000000000001,120.0,6024,3388,3,3,1.146,0.5236,0.6648,10.0,0,0,6,WETLAND,0.3333333333333333,0.5,val
2761,3,0.00030000000000000003,80.0,6025,71,3,1,31622.777,0.589,1.0,0.0,0,0,3,PRE_EXISTING_WATER,0.0,0.0,train
2762,60,0.006,600.0,6025,1562,7,20,5.595,0.2094,0.4916,336.1547262794322,0,0,60,WETLAND,0.0,1.0,train
2763,23,0.0023,200.0,6025,2256,5,5,1.008,0.7226,0.92,0.0,9,0,11,WETLAND,0.0,0.7391304347826086,outside_patches
2764,1,0.0001,40.0,6026,523,1,1,1.0,0.7854,,0.0,0,0,1,PRE_EXISTING_WATER,0.0,0.0,train
2765,13,0.0013000000000000002,180.0,6026,1356,4,5,1.828,0.5042,0.6995,351.7101079013795,0,0,13,WETLAND,0.0,1.0,train
2766,23132,2.3132,31180.0,6026,1454,188,656,5.224,0.0299,0.1883,0.0,9553,133,12061,PRE_EXISTING_WATER,0.017335293100466886,0.4692201279612658,train
2767,13,0.0013000000000000002,160.0,6026,1586,3,5,1.89,0.6381,0.7294,256.3201123595259,0,0,13,WETLAND,0.0,1.0,train
2768,6,0.0006000000000000001,120.0,6026,1866,2,4,2.449,0.5236,0.6365,230.8679276123039,0,0,6,WETLAND,0.0,1.0,train
2769,3,0.00030000000000000003,80.0,6026,3297,2,2,1.732,0.589,0.7279,20.0,1,0,2,WETLAND,0.0,1.0,val
2770,5,0.0005,100.0,6027,296,3,2,1.732,0.6283,0.687,0.0,0,0,5,PRE_EXISTING_WATER,0.0,0.0,train
2771,18,0.0018000000000000002,280.0,6028,488,3,10,3.771,0.2885,0.5303,0.0,0,0,18,PRE_EXISTING_WATER,0.0,0.0,train
2772,1,0.0001,40.0,6028,499,1,1,1.0,0.7854,,0.0,0,0,1,PRE_EXISTING_WATER,0.0,0.0,train
2773,1,0.0001,40.0,6029,299,1,1,1.0,0.7854,,0.0,0,0,1,PRE_EXISTING_WATER,0.0,0.0,train
2774,33,0.0033,300.0,6029,1641,9,6,1.845,0.4608,0.6258,100.4987562112089,0,0,33,WETLAND,0.0,1.0,train
2775,3,0.00030000000000000003,80.0,6030,89,2,2,1.732,0.589,0.7279,0.0,0,0,3,PRE_EXISTING_WATER,0.0,0.0,train
2776,3,0.00030000000000000003,80.0,6030,2925,2,2,1.732,0.589,0.7279,256.12496949731394,0,0,0,WETLAND,0.0,1.0,test
2777,4,0.0004,100.0,6031,1600,1,4,40824.829,0.5027,1.0,125.29964086141668,0,0,4,WETLAND,0.0,1.0,train
2778,32,0.0032,280.0,6033,439,8,6,1.872,0.5129,0.6153,0.0,0,0,32,PRE_EXISTING_WATER,0.0,0.0,train
2779,16,0.0016,200.0,6034,858,4,6,1.429,0.5027,0.6691,0.0,0,0,16,PRE_EXISTING_WATER,0.0,0.0,train
2780,2,0.0002,60.0,6035,513,2,1,1.0,0.6981,,0.0,0,0,2,PRE_EXISTING_WATER,0.0,0.0,train
2781,104,0.010400000000000001,880.0,6035,1354,21,15,1.638,0.1688,0.3294,85.44003745317531,0,0,94,WETLAND,0.0,1.0,train
2782,5,0.0005,100.0,6035,1586,2,3,1.732,0.6283,0.687,245.96747752497689,0,0,5,WETLAND,0.0,1.0,train
2783,30,0.003,260.0,6035,1992,6,7,1.783,0.5577,0.6366,738.24115301167,0,0,30,WETLAND,0.0,1.0,train
2784,1,0.0001,40.0,6036,515,1,1,1.0,0.7854,,0.0,0,0,1,PRE_EXISTING_WATER,0.0,0.0,train
2785,21,0.0021000000000000003,200.0,6036,1573,5,5,1.065,0.6597,0.6658,339.55853692699293,0,0,10,WETLAND,0.0,1.0,train
2786,6,0.0006000000000000001,120.0,6037,51,3,3,1.732,0.5236,0.6492,0.0,0,0,6,PRE_EXISTING_WATER,0.0,0.0,train
2787,1,0.0001,40.0,6037,231,1,1,1.0,0.7854,,0.0,0,0,1,PRE_EXISTING_WATER,0.0,0.0,train
2788,3,0.00030000000000000003,80.0,6037,1854,2,2,1.732,0.589,0.7279,110.0,0,0,3,WETLAND,0.0,1.0,train
2789,2,0.0002,80.0,6037,2252,2,2,1.0,0.3927,,30.0,2,0,0,WETLAND,0.0,1.0,outside_patches
2790,33,0.0033,280.0,6038,293,7,7,1.709,0.5289,0.6953,0.0,0,0,33,PRE_EXISTING_WATER,0.0,0.0,train
2791,5,0.0005,120.0,6038,315,3,3,2.618,0.4363,0.6495,0.0,0,0,5,PRE_EXISTING_WATER,0.0,0.0,train
2792,3,0.00030000000000000003,80.0,6038,461,1,3,31622.777,0.589,1.0,0.0,0,0,3,PRE_EXISTING_WATER,0.0,0.0,train
2793,36,0.0036000000000000003,320.0,6039,239,8,8,1.833,0.4418,0.7186,0.0,0,0,36,PRE_EXISTING_WATER,0.0,0.0,train
2794,1,0.0001,40.0,6039,284,1,1,1.0,0.7854,,0.0,0,0,1,PRE_EXISTING_WATER,0.0,0.0,train
2795,6,0.0006000000000000001,100.0,6039,1397,2,3,1.633,0.754,1.0,170.29386365926402,0,0,6,WETLAND,0.0,1.0,train
2796,59,0.0059,380.0,6040,97,9,10,1.633,0.5134,0.6878,0.0,0,0,59,PRE_EXISTING_WATER,0.0,0.0,train
2797,6,0.0006000000000000001,120.0,6040,266,3,3,1.354,0.5236,0.7962,0.0,0,0,6,PRE_EXISTING_WATER,0.0,0.0,train
2798,54,0.0054,520.0,6040,469,11,10,1.978,0.251,0.5055,0.0,0,0,54,PRE_EXISTING_WATER,0.0,0.0,train
2799,5,0.0005,100.0,6040,1378,2,3,1.732,0.6283,0.687,170.88007490635061,0,0,5,WETLAND,0.0,1.0,train
2800,1,0.0001,40.0,6041,129,1,1,1.0,0.7854,,0.0,0,0,1,PRE_EXISTING_WATER,0.0,0.0,train
2801,20,0.002,280.0,6041,1345,8,5,2.419,0.3206,0.5169,232.59406699226017,0,0,20,WETLAND,0.0,1.0,train
2802,7,0.0007,140.0,6042,83,3,4,2.538,0.4488,0.6437,0.0,0,0,7,PRE_EXISTING_WATER,0.0,0.0,train
2803,11,0.0011,160.0,6042,504,3,4,1.466,0.54,0.8313,0.0,0,0,11,PRE_EXISTING_WATER,0.0,0.0,train
2804,10,0.001,160.0,6042,519,3,5,1.657,0.4909,0.6465,0.0,0,0,10,PRE_EXISTING_WATER,0.0,0.0,train
2805,23,0.0023,220.0,6042,1744,6,5,1.373,0.5972,0.6303,0.0,0,0,23,PRE_EXISTING_WATER,0.0,0.34782608695652173,train
2806,10,0.001,160.0,6043,165,4,4,1.265,0.4909,0.625,0.0,0,0,10,PRE_EXISTING_WATER,0.0,0.0,train
2807,7,0.0007,120.0,6043,593,4,2,2.181,0.6109,0.7464,0.0,0,0,7,PRE_EXISTING_WATER,0.0,0.0,train
2808,39,0.0039000000000000003,320.0,6043,2240,11,5,2.435,0.4786,0.6813,0.0,18,0,11,WETLAND,0.0,0.8974358974358975,outside_patches
2809,3,0.00030000000000000003,80.0,6044,90,1,3,31622.777,0.589,1.0,0.0,0,0,3,PRE_EXISTING_WATER,0.0,0.0,train
2810,4,0.0004,100.0,6044,2975,2,3,1.633,0.5027,0.6667,107.70329614269008,0,4,0,WETLAND,0.0,1.0,test
2811,6,0.0006000000000000001,120.0,6045,632,3,3,1.146,0.5236,0.6648,0.0,0,0,6,PRE_EXISTING_WATER,0.0,0.0,train
2812,18,0.0018000000000000002,220.0,6046,306,4,7,1.841,0.4673,0.6117,0.0,0,0,18,PRE_EXISTING_WATER,0.0,0.0,train
2813,21,0.0021000000000000003,240.0,6046,3208,8,4,2.31,0.4581,0.6516,338.3784863137726,0,1,19,WETLAND,0.38095238095238093,0.6190476190476191,val
2814,48,0.0048000000000000004,360.0,6047,483,6,12,2.882,0.4654,0.7358,0.0,0,0,48,PRE_EXISTING_WATER,0.0,0.0,train
2815,2,0.0002,60.0,6047,514,2,1,1.0,0.6981,,0.0,0,0,2,PRE_EXISTING_WATER,0.0,0.0,train
2816,4,0.0004,100.0,6048,1950,2,3,1.633,0.5027,0.6667,773.1752712031083,0,0,4,WETLAND,0.0,1.0,train
2817,261,0.0261,960.0,6048,2119,21,25,2.695,0.3559,0.6964,0.0,0,0,250,PRE_EXISTING_WATER,0.038314176245210725,0.0,train
2818,1,0.0001,40.0,6049,496,1,1,1.0,0.7854,,0.0,0,0,1,PRE_EXISTING_WATER,0.0,0.0,train
2819,34,0.0034000000000000002,280.0,6049,1992,6,8,2.021,0.545,0.6513,594.8108943185221,0,0,34,WETLAND,0.0,1.0,train
2820,15,0.0015,200.0,6050,507,3,7,2.689,0.4712,0.6719,0.0,0,0,15,PRE_EXISTING_WATER,0.0,0.0,train
2821,7,0.0007,120.0,6050,2797,3,3,1.449,0.6109,0.6511,797.1198153351854,0,0,7,VEG_AGRI,1.0,0.0,test
2822,22,0.0022,260.0,6051,531,6,7,2.519,0.409,0.626,0.0,0,0,22,PRE_EXISTING_WATER,0.0,0.0,train
2823,1,0.0001,40.0,6052,3282,1,1,1.0,0.7854,,20.0,0,0,1,WETLAND,0.0,1.0,val
2824,2,0.0002,60.0,6053,55,2,1,1.0,0.6981,,0.0,0,0,2,PRE_EXISTING_WATER,0.0,0.0,train
2825,10,0.001,140.0,6053,118,3,4,1.637,0.6411,0.6956,0.0,0,0,10,PRE_EXISTING_WATER,0.0,0.0,train
2826,56,0.0056,360.0,6053,284,5,12,2.475,0.543,0.882,0.0,0,0,56,PRE_EXISTING_WATER,0.0,0.0,train
2827,17,0.0017000000000000001,180.0,6053,3114,4,5,1.282,0.6593,0.7146,125.29964086141668,0,9,0,WETLAND,0.23529411764705882,0.7647058823529411,test
2828,1,0.0001,40.0,6054,53,1,1,1.0,0.7854,,0.0,0,0,1,PRE_EXISTING_WATER,0.0,0.0,train
2829,13,0.0013000000000000002,180.0,6054,100,4,5,1.134,0.5042,0.6652,0.0,0,0,13,PRE_EXISTING_WATER,0.0,0.0,train
2830,9,0.0009000000000000001,120.0,6055,315,3,3,1.0,0.7854,1.0,0.0,0,0,9,PRE_EXISTING_WATER,0.0,0.0,train
2831,7,0.0007,120.0,6055,3292,2,4,2.181,0.6109,0.7464,10.0,0,0,5,WETLAND,0.0,1.0,val
2832,6,0.0006000000000000001,100.0,6056,1305,2,3,1.633,0.754,1.0,140.0,0,0,6,WETLAND,0.0,1.0,train
2833,18,0.0018000000000000002,220.0,6056,1838,3,8,2.512,0.4673,0.75,0.0,5,0,12,WETLAND,0.3333333333333333,0.3888888888888889,train
2834,26,0.0026000000000000003,280.0,6056,1884,4,10,3.406,0.4167,0.6642,110.45361017187261,0,0,26,WETLAND,0.0,1.0,train
2835,8,0.0008,160.0,6058,121,4,4,1.295,0.3927,0.6665,0.0,0,0,8,PRE_EXISTING_WATER,0.0,0.0,train
2836,22,0.0022,220.0,6058,494,5,6,1.47,0.5712,0.63,0.0,0,0,22,PRE_EXISTING_WATER,0.0,0.0,train
2837,18,0.0018000000000000002,220.0,6058,3281,5,6,1.64,0.4673,0.6594,0.0,0,0,12,WETLAND,0.0,0.9444444444444444,val
2838,27,0.0027,260.0,6059,234,7,6,1.33,0.5019,0.6958,0.0,0,0,27,PRE_EXISTING_WATER,0.0,0.0,train
2839,15,0.0015,260.0,6059,508,4,9,4.943,0.2788,0.5459,0.0,0,0,15,PRE_EXISTING_WATER,0.0,0.0,train
2840,121,0.012100000000000001,580.0,6059,1034,13,14,1.302,0.452,0.5209,56.568542494923804,0,0,115,WETLAND,0.0,1.0,train
2841,2,0.0002,60.0,6060,505,1,2,1.0,0.6981,,0.0,0,0,2,PRE_EXISTING_WATER,0.0,0.0,train
2842,1,0.0001,40.0,6060,993,1,1,1.0,0.7854,,63.24555320336759,0,1,0,WETLAND,0.0,1.0,train
2843,4,0.0004,100.0,6060,3364,1,4,40824.829,0.5027,1.0,220.2271554554524,0,0,3,WETLAND,0.0,1.0,val
2844,40,0.004,360.0,6061,83,6,11,2.422,0.3879,0.66,0.0,0,0,40,PRE_EXISTING_WATER,0.0,0.0,train
2845,40,0.004,320.0,6061,321,6,10,1.654,0.4909,0.6175,0.0,0,0,40,PRE_EXISTING_WATER,0.0,0.0,train
2846,387,0.038700000000000005,1680.0,6062,650,26,38,2.375,0.1723,0.5102,0.0,0,0,387,PRE_EXISTING_WATER,0.0,0.0,train
2847,1,0.0001,40.0,6062,1731,1,1,1.0,0.7854,,10.0,0,0,1,WETLAND,0.0,1.0,train
2848,7,0.0007,120.0,6063,681,2,4,2.181,0.6109,0.7464,0.0,0,0,7,PRE_EXISTING_WATER,0.0,0.0,train
2849,9,0.0009000000000000001,140.0,6063,3515,3,4,1.39,0.577,0.6712,374.8332962798263,0,0,9,WETLAND,0.3333333333333333,0.6666666666666666,val
2850,5,0.0005,120.0,6064,482,4,2,2.618,0.4363,0.6011,0.0,0,0,5,PRE_EXISTING_WATER,0.0,0.0,train
2851,218,0.0218,1220.0,6064,3192,24,22,1.1,0.1841,0.4274,372.15588131856794,46,2,161,WETLAND,0.3623853211009174,0.6376146788990825,val
2852,26,0.0026000000000000003,260.0,6065,96,6,7,1.4,0.4833,0.5662,0.0,0,0,26,PRE_EXISTING_WATER,0.0,0.0,train
2853,2,0.0002,60.0,6065,3064,2,1,1.0,0.6981,,111.80339887498948,0,0,2,WETLAND,0.0,1.0,test
2854,4,0.0004,80.0,6066,583,2,2,1.0,0.7854,1.0,0.0,0,0,4,PRE_EXISTING_WATER,0.0,0.0,train
2855,2,0.0002,80.0,6066,671,2,2,1.0,0.3927,,0.0,0,0,2,PRE_EXISTING_WATER,0.0,0.0,train
2856,54,0.0054,540.0,6066,1361,8,19,6.432,0.2327,0.5936,0.0,1,0,47,PRE_EXISTING_WATER,0.037037037037037035,0.14814814814814814,train
2857,17,0.0017000000000000001,200.0,6067,209,3,7,2.739,0.5341,0.6968,0.0,0,0,17,PRE_EXISTING_WATER,0.0,0.0,train
2858,26,0.0026000000000000003,220.0,6067,1974,6,5,1.253,0.6751,0.6899,504.47993022517755,0,0,26,WETLAND,0.0,1.0,train
2859,15,0.0015,160.0,6067,3276,4,4,1.147,0.7363,0.6308,10.0,0,0,9,WETLAND,0.0,1.0,val
2860,1,0.0001,40.0,6068,51,1,1,1.0,0.7854,,0.0,0,0,1,PRE_EXISTING_WATER,0.0,0.0,train
2861,1,0.0001,40.0,6068,53,1,1,1.0,0.7854,,0.0,0,0,1,PRE_EXISTING_WATER,0.0,0.0,train
2862,11,0.0011,180.0,6068,292,5,4,2.082,0.4266,0.625,0.0,0,0,11,PRE_EXISTING_WATER,0.0,0.0,train
2863,4,0.0004,100.0,6068,591,2,3,1.633,0.5027,0.6667,0.0,0,0,4,PRE_EXISTING_WATER,0.0,0.0,train
2864,13,0.0013000000000000002,160.0,6068,1010,4,4,1.497,0.6381,0.6527,254.95097567963924,0,0,13,WETLAND,0.0,1.0,train
2865,1,0.0001,40.0,6069,485,1,1,1.0,0.7854,,0.0,0,0,1,PRE_EXISTING_WATER,0.0,0.0,train
2866,56,0.0056,380.0,6069,515,8,10,1.28,0.4873,0.6582,0.0,0,0,56,PRE_EXISTING_WATER,0.0,0.0,train
2867,13,0.0013000000000000002,200.0,6069,680,4,6,2.019,0.4084,0.5378,0.0,0,0,13,PRE_EXISTING_WATER,0.0,0.0,train
2868,7,0.0007,120.0,6069,3516,3,3,1.08,0.6109,0.7778,434.1658669218482,0,0,7,WETLAND,0.0,1.0,val
2869,2,0.0002,60.0,6070,375,1,2,1.0,0.6981,,0.0,0,0,2,PRE_EXISTING_WATER,0.0,0.0,train
2870,66,0.0066,420.0,6070,642,10,11,1.847,0.4702,0.7553,0.0,0,0,66,PRE_EXISTING_WATER,0.0,0.0,train
2871,2,0.0002,60.0,6072,217,2,1,1.0,0.6981,,0.0,0,0,2,PRE_EXISTING_WATER,0.0,0.0,train
2872,13,0.0013000000000000002,180.0,6073,312,4,5,1.074,0.5042,0.586,0.0,0,0,13,PRE_EXISTING_WATER,0.0,0.0,train
2873,1,0.0001,40.0,6073,451,1,1,1.0,0.7854,,0.0,0,0,1,PRE_EXISTING_WATER,0.0,0.0,train
2874,8,0.0008,140.0,6073,2081,2,5,2.769,0.5129,0.6624,0.0,0,0,7,PRE_EXISTING_WATER,0.0,0.375,train
2875,13,0.0013000000000000002,220.0,6074,353,4,7,3.761,0.3375,0.5935,0.0,0,0,13,PRE_EXISTING_WATER,0.0,0.0,train
2876,23,0.0023,220.0,6075,3150,4,7,1.994,0.5972,0.6856,545.6189146281496,0,0,5,WETLAND,0.0,1.0,test
2877,28,0.0028,260.0,6076,2122,4,9,2.201,0.5205,0.719,0.0,0,0,27,WETLAND,0.0,0.8571428571428571,train
2878,1,0.0001,40.0,6077,83,1,1,1.0,0.7854,,0.0,0,0,1,PRE_EXISTING_WATER,0.0,0.0,train
2879,82,0.0082,440.0,6077,496,9,12,1.349,0.5323,0.7253,0.0,0,0,82,PRE_EXISTING_WATER,0.0,0.0,train
2880,155,0.0155,740.0,6077,698,12,22,2.366,0.3557,0.5827,0.0,0,0,155,PRE_EXISTING_WATER,0.0,0.0,train
2881,16,0.0016,200.0,6077,2074,5,5,1.313,0.5027,0.6522,0.0,0,0,13,PRE_EXISTING_WATER,0.0625,0.0625,train
2882,2,0.0002,60.0,6078,86,1,2,1.0,0.6981,,0.0,0,0,2,PRE_EXISTING_WATER,0.0,0.0,train
2883,102,0.0102,460.0,6078,634,11,12,1.26,0.6058,0.6746,0.0,0,0,102,PRE_EXISTING_WATER,0.0,0.0,train
2884,49,0.0049,440.0,6078,1229,5,16,3.16,0.3181,0.5663,136.01470508735443,0,0,49,WETLAND,0.0,1.0,train
2885,4,0.0004,100.0,6079,90,3,2,1.633,0.5027,0.6667,0.0,0,0,4,PRE_EXISTING_WATER,0.0,0.0,train
2886,33,0.0033,320.0,6079,211,7,8,2.011,0.405,0.6313,0.0,0,0,33,PRE_EXISTING_WATER,0.0,0.0,train
2887,4,0.0004,80.0,6079,1780,2,2,1.0,0.7854,1.0,10.0,0,0,4,PRE_EXISTING_WATER,0.0,0.25,train
2888,28,0.0028,300.0,6079,1851,6,9,2.472,0.391,0.6547,246.98178070456936,0,0,28,WETLAND,0.0,1.0,train
2889,2,0.0002,60.0,6080,366,1,2,1.0,0.6981,,0.0,0,0,2,PRE_EXISTING_WATER,0.0,0.0,train
2890,2,0.0002,60.0,6081,1609,1,2,1.0,0.6981,,30.0,1,0,0,WETLAND,0.0,1.0,train
2891,6,0.0006000000000000001,120.0,6082,1846,3,3,1.354,0.5236,0.7962,260.0,0,0,6,WETLAND,0.0,1.0,train
2892,22143,2.2143,21460.0,6082,1869,190,328,3.239,0.0604,0.4752,0.0,3119,93,18081,WETLAND,0.00027096599376778217,0.999232263017658,train
2893,1,0.0001,40.0,6082,2347,1,1,1.0,0.7854,,451.7742799230607,0,0,0,VEG_AGRI,1.0,0.0,test
2894,2,0.0002,60.0,6083,225,2,1,1.0,0.6981,,0.0,0,0,2,PRE_EXISTING_WATER,0.0,0.0,train
2895,2069,0.2069,4160.0,6083,1877,30,115,4.545,0.1502,0.556,140.0,0,22,1954,WETLAND,0.0,1.0,train
2896,1,0.0001,40.0,6084,227,1,1,1.0,0.7854,,0.0,0,0,1,PRE_EXISTING_WATER,0.0,0.0,train
2897,5,0.0005,100.0,6084,516,2,3,1.732,0.6283,0.687,0.0,0,0,5,PRE_EXISTING_WATER,0.0,0.0,train
2898,3,0.00030000000000000003,80.0,6084,1157,1,3,31622.777,0.589,1.0,0.0,0,0,3,PRE_EXISTING_WATER,0.0,0.0,train
2899,78,0.0078000000000000005,460.0,6085,9,15,7,2.327,0.4632,0.7138,0.0,0,0,78,PRE_EXISTING_WATER,0.0,0.0,train
2900,13,0.0013000000000000002,180.0,6085,205,4,5,1.314,0.5042,0.684,0.0,0,0,13,PRE_EXISTING_WATER,0.0,0.0,train
2901,384,0.038400000000000004,1760.0,6085,1831,27,38,2.053,0.1558,0.4569,120.0,0,0,307,WETLAND,0.0,1.0,train
2902,2,0.0002,60.0,6086,131,2,1,1.0,0.6981,,0.0,0,0,2,PRE_EXISTING_WATER,0.0,0.0,train
2903,48,0.0048000000000000004,320.0,6086,1294,7,9,1.423,0.589,0.7508,0.0,1,0,43,PRE_EXISTING_WATER,0.041666666666666664,0.3333333333333333,train
2904,29,0.0029000000000000002,260.0,6087,507,5,8,2.004,0.5391,0.7032,0.0,0,0,29,PRE_EXISTING_WATER,0.0,0.0,train
2905,31,0.0031000000000000003,260.0,6087,522,6,7,1.506,0.5763,0.6527,0.0,0,0,31,PRE_EXISTING_WATER,0.0,0.0,train
2906,7,0.0007,160.0,6089,652,2,6,5.424,0.3436,0.5832,0.0,0,0,7,PRE_EXISTING_WATER,0.0,0.0,train
2907,63,0.0063,420.0,6089,762,10,11,1.442,0.4488,0.6811,0.0,0,0,63,PRE_EXISTING_WATER,0.0,0.0,train
2908,129,0.0129,740.0,6090,477,11,25,4.356,0.296,0.6346,0.0,0,0,129,PRE_EXISTING_WATER,0.0,0.0,train
2909,1,0.0001,40.0,6091,187,1,1,1.0,0.7854,,0.0,0,0,1,PRE_EXISTING_WATER,0.0,0.0,train
2910,10254,1.0254,9760.0,6091,1240,80,241,4.225,0.1353,0.5456,0.0,8,0,10171,PRE_EXISTING_WATER,0.0,0.014628437682855471,train
2911,9,0.0009000000000000001,160.0,6092,144,4,4,2.136,0.4418,0.5409,0.0,0,0,9,PRE_EXISTING_WATER,0.0,0.0,train
2912,3,0.00030000000000000003,80.0,6092,1866,2,2,1.732,0.589,0.7279,308.05843601498725,0,0,2,WETLAND,0.0,1.0,train
2913,2,0.0002,60.0,6093,650,1,2,1.0,0.6981,,0.0,0,0,2,PRE_EXISTING_WATER,0.0,0.0,train
2914,3,0.00030000000000000003,80.0,6093,791,2,2,1.732,0.589,0.7279,0.0,0,0,3,PRE_EXISTING_WATER,0.0,0.0,train
2915,1,0.0001,40.0,6095,132,1,1,1.0,0.7854,,0.0,0,0,1,PRE_EXISTING_WATER,0.0,0.0,train
2916,34,0.0034000000000000002,260.0,6095,1275,6,7,1.404,0.632,0.7029,0.0,0,0,34,PRE_EXISTING_WATER,0.0,0.0,train
2917,5,0.0005,120.0,6096,205,3,3,2.618,0.4363,0.6495,0.0,0,0,5,PRE_EXISTING_WATER,0.0,0.0,train
2918,7,0.0007,120.0,6097,1491,3,3,1.08,0.6109,0.7778,0.0,0,0,7,PRE_EXISTING_WATER,0.0,0.0,train
2919,5,0.0005,100.0,6098,793,2,3,1.732,0.6283,0.687,0.0,0,0,5,PRE_EXISTING_WATER,0.0,0.0,train
2920,16,0.0016,200.0,6098,1610,3,7,2.633,0.5027,0.6453,14.142135623730951,0,0,15,WETLAND,0.25,0.6875,train
2921,1,0.0001,40.0,6099,531,1,1,1.0,0.7854,,0.0,0,0,1,PRE_EXISTING_WATER,0.0,0.0,train
2922,4,0.0004,100.0,6102,521,3,2,1.633,0.5027,0.6667,0.0,0,0,4,PRE_EXISTING_WATER,0.0,0.0,train
2923,2,0.0002,60.0,6104,677,2,1,1.0,0.6981,,0.0,0,0,2,PRE_EXISTING_WATER,0.0,0.0,train
2924,20,0.002,200.0,6104,2306,5,5,1.087,0.6283,0.7274,693.1089380465382,0,1,0,VEG_AGRI,1.0,0.0,test
2925,1,0.0001,40.0,6105,511,1,1,1.0,0.7854,,0.0,0,0,1,PRE_EXISTING_WATER,0.0,0.0,train
2926,14,0.0014,180.0,6105,708,4,5,1.227,0.543,0.5573,10.0,0,4,7,WETLAND,0.0,0.9285714285714286,train
2927,11,0.0011,160.0,6107,517,4,4,1.382,0.54,0.6335,0.0,0,0,11,PRE_EXISTING_WATER,0.0,0.0,train
2928,155,0.0155,820.0,6107,915,12,25,2.56,0.2897,0.4997,0.0,0,0,155,PRE_EXISTING_WATER,0.0,0.0,train
2929,60,0.006,420.0,6107,1214,7,14,3.074,0.4274,0.7196,0.0,0,0,60,WETLAND,0.03333333333333333,0.9666666666666667,train
2930,137,0.0137,680.0,6107,1639,13,20,2.366,0.3723,0.6244,0.0,40,0,52,WETLAND,0.014598540145985401,0.6496350364963503,train
2931,8,0.0008,120.0,6108,542,3,3,1.265,0.6981,0.6695,0.0,0,0,8,PRE_EXISTING_WATER,0.0,0.0,train
2932,13,0.0013000000000000002,160.0,6108,1871,3,5,1.691,0.6381,0.8667,158.11388300841895,0,0,12,WETLAND,0.0,1.0,train
2933,5,0.0005,100.0,6108,3432,3,2,1.732,0.6283,0.687,693.5416353759881,0,0,5,WETLAND,0.0,1.0,val
2934,6,0.0006000000000000001,100.0,6109,437,2,3,1.633,0.754,1.0,0.0,0,0,6,PRE_EXISTING_WATER,0.0,0.0,train
2935,7,0.0007,120.0,6112,690,3,3,1.08,0.6109,0.7778,0.0,0,0,5,WETLAND,0.0,0.8571428571428571,train
2936,98,0.0098,680.0,6112,804,13,20,2.936,0.2663,0.467,0.0,0,0,98,PRE_EXISTING_WATER,0.0,0.0,train
2937,12,0.0012000000000000001,140.0,6113,218,3,4,1.369,0.7694,1.0,0.0,0,0,12,PRE_EXISTING_WATER,0.0,0.0,train
2938,17,0.0017000000000000001,220.0,6114,209,6,4,1.522,0.4414,0.6839,0.0,0,0,17,PRE_EXISTING_WATER,0.0,0.0,train
2939,1,0.0001,40.0,6115,523,1,1,1.0,0.7854,,0.0,0,0,1,PRE_EXISTING_WATER,0.0,0.0,train
2940,3,0.00030000000000000003,80.0,6116,1239,3,1,31622.777,0.589,1.0,0.0,0,0,3,PRE_EXISTING_WATER,0.0,0.0,train
2941,2,0.0002,60.0,6117,311,2,1,1.0,0.6981,,0.0,0,0,2,PRE_EXISTING_WATER,0.0,0.0,train
2942,1,0.0001,40.0,6117,313,1,1,1.0,0.7854,,0.0,0,0,1,PRE_EXISTING_WATER,0.0,0.0,train
2943,2,0.0002,60.0,6117,881,1,2,1.0,0.6981,,0.0,0,0,2,PRE_EXISTING_WATER,0.0,0.0,train
2944,1,0.0001,40.0,6118,1237,1,1,1.0,0.7854,,0.0,0,0,1,PRE_EXISTING_WATER,0.0,0.0,train
2945,59,0.0059,400.0,6120,1164,6,14,2.684,0.4634,0.6333,0.0,0,0,59,PRE_EXISTING_WATER,0.0,0.0,train
2946,17,0.0017000000000000001,200.0,6121,219,4,6,1.746,0.5341,0.6465,0.0,0,0,17,PRE_EXISTING_WATER,0.0,0.0,train
2947,2,0.0002,60.0,6121,908,1,2,1.0,0.6981,,0.0,0,0,2,PRE_EXISTING_WATER,0.0,0.0,train
2948,25,0.0025,220.0,6121,1232,5,6,1.185,0.6491,0.763,0.0,0,0,25,WETLAND,0.0,0.88,train
2949,71,0.0071,380.0,6123,2296,10,9,1.155,0.6179,0.738,650.0,0,33,0,VEG_AGRI,1.0,0.0,outside_patches
2950,36,0.0036000000000000003,440.0,6124,39,7,15,6.906,0.2337,0.6343,0.0,0,0,36,PRE_EXISTING_WATER,0.0,0.0,train
2951,1,0.0001,40.0,6124,1159,1,1,1.0,0.7854,,0.0,0,0,1,PRE_EXISTING_WATER,0.0,0.0,train
2952,12,0.0012000000000000001,180.0,6125,313,4,5,2.177,0.4654,0.6181,0.0,0,0,12,PRE_EXISTING_WATER,0.0,0.0,train
2953,45,0.0045000000000000005,340.0,6125,1145,6,11,1.946,0.4892,0.6453,0.0,0,0,45,PRE_EXISTING_WATER,0.0,0.28888888888888886,train
2954,24,0.0024000000000000002,240.0,6126,1241,6,5,1.423,0.5236,0.6005,0.0,0,0,24,PRE_EXISTING_WATER,0.0,0.16666666666666666,train
2955,8,0.0008,120.0,6127,3736,3,3,1.265,0.6981,0.6695,802.807573457052,0,0,1,VEG_AGRI,1.0,0.0,outside_patches
2956,4,0.0004,100.0,6128,553,2,3,2.618,0.5027,0.6698,0.0,0,0,4,PRE_EXISTING_WATER,0.0,0.0,train
2957,3,0.00030000000000000003,80.0,6129,1174,2,2,1.732,0.589,0.7279,0.0,0,0,3,PRE_EXISTING_WATER,0.0,0.0,train
2958,14,0.0014,160.0,6129,2309,4,4,1.021,0.6872,0.875,780.0,0,12,0,VEG_AGRI,0.8571428571428571,0.0,test
2959,4,0.0004,80.0,6130,1960,2,2,1.0,0.7854,1.0,0.0,0,0,4,PRE_EXISTING_WATER,0.0,0.0,train
2960,27,0.0027,260.0,6131,562,5,7,1.438,0.5019,0.662,0.0,0,0,27,PRE_EXISTING_WATER,0.0,0.0,train
2961,9,0.0009000000000000001,140.0,6131,2054,3,4,1.39,0.577,0.6867,22.360679774997898,3,2,1,WETLAND,0.2222222222222222,0.7777777777777778,train
2962,24,0.0024000000000000002,280.0,6132,35,6,8,2.729,0.3847,0.6563,0.0,0,0,24,PRE_EXISTING_WATER,0.0,0.0,train
2963,42,0.004200000000000001,400.0,6132,276,8,11,2.348,0.3299,0.5181,0.0,0,0,42,PRE_EXISTING_WATER,0.0,0.0,train
2964,11,0.0011,160.0,6133,543,3,5,2.026,0.54,0.6219,0.0,0,0,11,PRE_EXISTING_WATER,0.0,0.0,train
2965,3,0.00030000000000000003,80.0,6133,680,2,2,1.732,0.589,0.7279,0.0,0,0,3,PRE_EXISTING_WATER,0.0,0.0,train
2966,16,0.0016,200.0,6134,314,3,7,2.433,0.5027,0.7421,0.0,0,0,16,PRE_EXISTING_WATER,0.0,0.0,train
2967,35,0.0035,280.0,6135,1232,5,9,2.232,0.561,0.6958,10.0,0,2,31,WETLAND,0.0,1.0,train
2968,1,0.0001,40.0,6137,2835,1,1,1.0,0.7854,,0.0,0,0,0,PRE_EXISTING_WATER,0.0,0.0,test
2969,7,0.0007,120.0,6139,1739,2,4,2.181,0.6109,0.7464,70.0,0,0,1,WETLAND,0.0,1.0,train
2970,1,0.0001,40.0,6139,2289,1,1,1.0,0.7854,,580.7753438292641,0,0,0,VEG_AGRI,1.0,0.0,outside_patches
2971,1,0.0001,40.0,6141,295,1,1,1.0,0.7854,,0.0,0,0,1,PRE_EXISTING_WATER,0.0,0.0,train
2972,2,0.0002,60.0,6143,37,2,1,1.0,0.6981,,0.0,0,0,2,PRE_EXISTING_WATER,0.0,0.0,train
2973,32,0.0032,360.0,6143,688,8,10,3.137,0.3103,0.5952,0.0,0,0,32,PRE_EXISTING_WATER,0.0,0.03125,train
2974,12,0.0012000000000000001,140.0,6147,543,3,4,1.369,0.7694,1.0,0.0,0,0,12,PRE_EXISTING_WATER,0.0,0.0,train
2975,1,0.0001,40.0,6147,1139,1,1,1.0,0.7854,,0.0,0,0,1,PRE_EXISTING_WATER,0.0,0.0,train
2976,2,0.0002,60.0,6148,1746,1,2,1.0,0.6981,,143.17821063276352,0,0,2,WETLAND,0.0,1.0,train
2977,42,0.004200000000000001,440.0,6149,2024,9,13,4.413,0.2726,0.6347,94.33981132056603,0,0,34,WETLAND,0.0,1.0,train
2978,67,0.0067,400.0,6152,702,7,13,2.049,0.5262,0.6999,0.0,0,0,67,PRE_EXISTING_WATER,0.0,0.0,train
2979,90,0.009000000000000001,460.0,6153,3625,10,12,1.212,0.5345,0.7421,922.8217596047461,0,9,81,VEG_AGRI,0.9222222222222223,0.07777777777777778,outside_patches
2980,83,0.0083,600.0,6154,579,11,14,1.627,0.2897,0.493,0.0,0,0,83,PRE_EXISTING_WATER,0.0,0.0,train
2981,6,0.0006000000000000001,100.0,6155,1125,2,3,1.633,0.754,1.0,0.0,0,0,6,PRE_EXISTING_WATER,0.0,0.0,train
2982,27,0.0027,280.0,6155,1253,6,8,1.906,0.4328,0.6806,0.0,0,0,23,WETLAND,0.0,0.9259259259259259,train
2983,10,0.001,140.0,6160,15,3,4,1.633,0.6411,0.675,0.0,0,0,10,PRE_EXISTING_WATER,0.0,0.0,train
2984,10,0.001,140.0,6161,1863,3,4,1.633,0.6411,0.675,60.0,6,0,0,WETLAND,0.0,1.0,train
2985,7,0.0007,140.0,6163,1978,3,4,1.807,0.4488,0.6309,110.0,0,0,7,WETLAND,0.0,1.0,train
2986,5,0.0005,100.0,6165,769,2,3,1.732,0.6283,0.687,0.0,0,0,5,PRE_EXISTING_WATER,0.0,0.0,train
2987,90,0.009000000000000001,480.0,6165,1890,10,14,2.014,0.4909,0.5864,125.29964086141668,0,0,83,WETLAND,0.0,1.0,train
2988,10,0.001,160.0,6166,33,3,5,2.435,0.4909,0.6521,0.0,0,0,10,PRE_EXISTING_WATER,0.0,0.0,train
2989,1,0.0001,40.0,6166,1135,1,1,1.0,0.7854,,0.0,0,0,1,PRE_EXISTING_WATER,0.0,0.0,train
2990,269,0.0269,1160.0,6166,1600,16,40,4.539,0.2512,0.6096,261.72504656604804,0,0,269,WETLAND,0.0,1.0,train
2991,30,0.003,240.0,6166,3668,7,5,1.3,0.6545,0.7505,568.5068161420758,0,22,0,VEG_AGRI,0.8333333333333334,0.16666666666666666,outside_patches
2992,4,0.0004,120.0,6167,587,3,3,3.162,0.3491,0.612,0.0,0,0,4,PRE_EXISTING_WATER,0.0,0.0,train
2993,2,0.0002,60.0,6170,1972,1,2,1.0,0.6981,,167.63054614240212,0,0,1,WETLAND,0.0,1.0,train
2994,14,0.0014,180.0,6170,3713,5,4,1.619,0.543,0.6857,330.60550509633083,0,0,5,VEG_AGRI,1.0,0.0,outside_patches
2995,20,0.002,200.0,6171,1763,5,5,1.55,0.6283,0.6586,311.44823004794875,0,0,3,WETLAND,0.0,1.0,train
2996,1,0.0001,40.0,6174,1408,1,1,1.0,0.7854,,60.0,0,0,1,WETLAND,0.0,1.0,train
2997,2,0.0002,60.0,6176,1905,1,2,1.0,0.6981,,282.842712474619,0,0,2,WETLAND,0.0,1.0,train
2998,529173,52.917300000000004,379020.0,6177,2544,933,1222,2.26,0.0046,0.4788,111.80339887498948,10728,4396,216593,VEG_AGRI,0.9916341158751486,0.00011149472856702817,train
2999,15,0.0015,200.0,6180,1839,5,5,1.985,0.4712,0.7013,197.2308292331602,0,0,15,WETLAND,0.0,1.0,train
3000,85,0.0085,480.0,6181,2871,10,14,1.994,0.4636,0.6187,509.9019513592785,2,34,35,VEG_AGRI,0.9882352941176471,0.0,outside_patches
3001,2,0.0002,60.0,6182,1655,1,2,1.0,0.6981,,440.1136216933077,0,0,2,WETLAND,0.0,1.0,train
3002,1,0.0001,40.0,6182,1785,1,1,1.0,0.7854,,386.39358172723314,0,0,1,WETLAND,0.0,1.0,train
3003,27,0.0027,260.0,6186,475,8,5,2.182,0.5019,0.6564,0.0,0,0,27,PRE_EXISTING_WATER,0.0,0.0,train
3004,54,0.0054,460.0,6186,2886,11,12,1.764,0.3207,0.4443,673.5725647619564,0,18,36,VEG_AGRI,1.0,0.0,outside_patches
3005,1,0.0001,40.0,6188,125,1,1,1.0,0.7854,,0.0,0,0,1,PRE_EXISTING_WATER,0.0,0.0,train
3006,2,0.0002,60.0,6188,127,2,1,1.0,0.6981,,0.0,0,0,2,PRE_EXISTING_WATER,0.0,0.0,train
3007,6,0.0006000000000000001,120.0,6188,134,2,4,2.636,0.5236,0.658,0.0,0,0,6,PRE_EXISTING_WATER,0.0,0.0,train
3008,14,0.0014,180.0,6189,1115,4,5,1.199,0.543,0.6913,0.0,0,0,14,PRE_EXISTING_WATER,0.0,0.0,train
3009,166,0.0166,720.0,6192,1091,15,20,1.917,0.4024,0.6725,0.0,0,0,166,PRE_EXISTING_WATER,0.0,0.0,train
3010,1,0.0001,40.0,6193,467,1,1,1.0,0.7854,,0.0,0,0,1,PRE_EXISTING_WATER,0.0,0.0,train
3011,464,0.046400000000000004,2280.0,6194,447,37,37,1.107,0.1122,0.3594,0.0,0,0,463,PRE_EXISTING_WATER,0.0,0.004310344827586207,train
3012,10,0.001,160.0,6195,2874,4,4,1.265,0.4909,0.625,636.0031446463138,3,0,7,VEG_AGRI,1.0,0.0,outside_patches
3013,239,0.0239,1120.0,6195,2901,33,22,5.093,0.2394,0.6658,822.1921916437786,0,8,194,VEG_AGRI,1.0,0.0,outside_patches
3014,197,0.019700000000000002,740.0,6196,2662,16,19,1.698,0.4521,0.602,534.1348144429456,19,0,118,VEG_AGRI,1.0,0.0,outside_patches
3015,23,0.0023,220.0,6197,557,5,6,1.248,0.5972,0.696,0.0,13,1,5,WETLAND,0.08695652173913043,0.6086956521739131,train
3016,684,0.0684,1660.0,6197,1150,19,54,2.991,0.3119,0.6635,0.0,0,0,684,PRE_EXISTING_WATER,0.0,0.0,train
3017,65,0.006500000000000001,400.0,6198,1402,9,11,1.291,0.5105,0.6225,0.0,0,0,65,PRE_EXISTING_WATER,0.0,0.0,train
3018,22,0.0022,240.0,6199,2887,5,7,1.897,0.48,0.6217,743.3034373659252,0,0,22,VEG_AGRI,1.0,0.0,outside_patches
3019,1,0.0001,40.0,6202,2919,1,1,1.0,0.7854,,1000.0,0,0,1,VEG_AGRI,1.0,0.0,outside_patches
3020,2,0.0002,60.0,6203,129,1,2,1.0,0.6981,,0.0,0,0,2,PRE_EXISTING_WATER,0.0,0.0,train
3021,4,0.0004,80.0,6203,380,2,2,1.0,0.7854,1.0,0.0,0,0,4,PRE_EXISTING_WATER,0.0,0.0,train
3022,2,0.0002,60.0,6204,485,2,1,1.0,0.6981,,0.0,0,0,2,PRE_EXISTING_WATER,0.0,0.0,train
3023,285,0.0285,1200.0,6205,1052,12,40,4.231,0.2487,0.5999,0.0,0,0,267,PRE_EXISTING_WATER,0.04912280701754386,0.08771929824561403,train
3024,15,0.0015,180.0,6207,2877,5,4,1.688,0.5818,0.6073,754.7184905645282,0,0,15,VEG_AGRI,1.0,0.0,outside_patches
3025,8,0.0008,120.0,6208,658,2,4,2.236,0.6981,1.0,0.0,0,0,8,PRE_EXISTING_WATER,0.0,0.0,train
3026,19,0.0019,220.0,6211,1113,4,7,2.291,0.4933,0.617,0.0,0,0,19,PRE_EXISTING_WATER,0.0,0.47368421052631576,train
3027,33,0.0033,260.0,6211,2868,6,7,1.232,0.6134,0.6408,742.4957912338629,0,0,26,VEG_AGRI,1.0,0.0,outside_patches
3028,359,0.0359,1280.0,6212,2626,36,20,2.273,0.2753,0.5016,934.3446901438462,3,97,1,VEG_AGRI,1.0,0.0,outside_patches
3029,116,0.011600000000000001,660.0,6214,3229,17,15,1.748,0.3346,0.5369,1426.3590010933433,0,20,18,VEG_AGRI,1.0,0.0,outside_patches
3030,20,0.002,260.0,6215,478,4,8,2.138,0.3718,0.5908,0.0,0,0,20,PRE_EXISTING_WATER,0.0,0.0,train
3031,1,0.0001,40.0,6218,476,1,1,1.0,0.7854,,0.0,0,0,1,PRE_EXISTING_WATER,0.0,0.0,train
3032,1,0.0001,40.0,6223,99,1,1,1.0,0.7854,,0.0,0,0,1,PRE_EXISTING_WATER,0.0,0.0,train
3033,1,0.0001,40.0,6229,125,1,1,1.0,0.7854,,0.0,0,0,1,PRE_EXISTING_WATER,0.0,0.0,train
3034,789,0.0789,1980.0,6231,2909,22,58,3.697,0.2529,0.6288,1194.7384651043926,17,37,531,VEG_AGRI,1.0,0.0,outside_patches
3035,1,0.0001,40.0,6233,95,1,1,1.0,0.7854,,0.0,0,0,1,PRE_EXISTING_WATER,0.0,0.0,train
3036,46,0.0046,500.0,6235,1002,8,17,5.203,0.2312,0.5417,0.0,0,0,46,PRE_EXISTING_WATER,0.0,0.0,train
3037,2,0.0002,60.0,6236,1189,1,2,1.0,0.6981,,80.0,0,0,2,WETLAND,0.0,1.0,train
3038,66,0.0066,480.0,6236,3536,15,8,2.838,0.36,0.6274,1752.5124821238792,0,0,60,VEG_AGRI,1.0,0.0,outside_patches
3039,13,0.0013000000000000002,180.0,6237,1121,2,7,3.824,0.5042,0.8454,90.55385138137417,0,0,8,WETLAND,0.0,1.0,train
3040,1,0.0001,40.0,6237,1187,1,1,1.0,0.7854,,90.0,0,0,1,WETLAND,0.0,1.0,train
3041,46793,4.6793000000000005,60720.0,6237,1042,337,772,5.181,0.0159,0.2882,0.0,74,9,46650,PRE_EXISTING_WATER,0.0001709657427392986,0.007159190477208129,train
3042,2,0.0002,60.0,6238,119,2,1,1.0,0.6981,,0.0,0,0,2,PRE_EXISTING_WATER,0.0,0.0,train
3043,19,0.0019,200.0,6239,1150,4,6,1.418,0.5969,0.7225,70.71067811865476,0,0,0,WETLAND,0.0,1.0,train
3044,13,0.0013000000000000002,160.0,6239,3233,4,4,1.174,0.6381,0.7487,1688.8457596832222,0,0,12,VEG_AGRI,1.0,0.0,outside_patches
3045,2,0.0002,60.0,6240,1757,1,2,1.0,0.6981,,64.03124237432849,0,0,2,WETLAND,0.0,1.0,train
3046,284,0.0284,1220.0,6240,1794,19,22,1.292,0.2398,0.645,0.0,70,3,137,WETLAND,0.11619718309859155,0.7605633802816901,train
3047,8,0.0008,120.0,6241,3241,3,3,1.265,0.6981,0.6695,1682.914139223983,0,0,8,VEG_AGRI,1.0,0.0,outside_patches
3048,2,0.0002,60.0,6244,257,2,1,1.0,0.6981,,0.0,0,0,2,PRE_EXISTING_WATER,0.0,0.0,train
3049,32,0.0032,280.0,6245,654,6,8,1.7,0.5129,0.6717,30.0,0,32,0,WETLAND,0.0,1.0,train
3050,15,0.0015,160.0,6245,1762,4,4,1.147,0.7363,0.6308,14.142135623730951,0,3,12,WETLAND,0.0,1.0,train
3051,23,0.0023,240.0,6248,3026,6,5,1.256,0.5018,0.7059,1965.7314160383153,0,5,0,VEG_AGRI,1.0,0.0,outside_patches
3052,21,0.0021000000000000003,200.0,6249,120,4,6,1.687,0.6597,0.7149,0.0,0,0,21,PRE_EXISTING_WATER,0.0,0.0,train
3053,47,0.0047,400.0,6252,137,10,8,1.621,0.3691,0.5913,0.0,0,0,47,PRE_EXISTING_WATER,0.0,0.0,train
3054,15,0.0015,180.0,6255,270,3,6,2.284,0.5818,0.7027,0.0,0,0,15,PRE_EXISTING_WATER,0.0,0.0,train
3055,52,0.005200000000000001,380.0,6256,300,5,14,2.892,0.4525,0.7212,0.0,0,0,38,PRE_EXISTING_WATER,0.0,0.0,train
3056,64,0.0064,560.0,6256,3033,8,15,2.457,0.2565,0.5134,2037.670238286853,0,27,24,VEG_AGRI,1.0,0.0,outside_patches
3057,3693,0.3693,7560.0,6257,3139,73,113,1.755,0.0812,0.4397,1874.2731924668826,37,38,2783,VEG_AGRI,1.0,0.0,train
3058,10,0.001,140.0,6257,3534,4,3,1.323,0.6411,0.5931,1862.900963551203,0,0,10,VEG_AGRI,1.0,0.0,outside_patches
3059,275,0.0275,940.0,6260,3256,26,21,2.402,0.3911,0.6228,1698.3815825661793,0,9,225,VEG_AGRI,1.0,0.0,train
3060,250,0.025,880.0,6262,1792,20,24,2.357,0.4057,0.711,0.0,55,2,178,WETLAND,0.024,0.492,train
3061,52,0.005200000000000001,440.0,6264,3005,14,7,2.543,0.3375,0.5198,2072.003861000264,0,2,37,VEG_AGRI,1.0,0.0,outside_patches
3062,55,0.0055000000000000005,460.0,6266,3556,12,11,2.978,0.3266,0.5957,1634.7782724271815,0,0,46,VEG_AGRI,1.0,0.0,train
3063,4,0.0004,100.0,6269,1021,2,3,2.449,0.5027,0.6387,0.0,0,0,4,PRE_EXISTING_WATER,0.0,0.0,train
3064,58,0.0058000000000000005,340.0,6270,3634,9,8,1.295,0.6305,0.6771,979.4896630388705,3,0,34,VEG_AGRI,1.0,0.0,train
3065,16,0.0016,180.0,6270,3731,5,4,1.424,0.6206,0.7083,618.4658438426491,0,0,16,VEG_AGRI,1.0,0.0,outside_patches
3066,10,0.001,160.0,6277,3705,4,4,1.031,0.4909,0.5861,676.0177512462228,0,0,10,VEG_AGRI,1.0,0.0,train
3067,3,0.00030000000000000003,80.0,6278,760,2,2,1.732,0.589,0.7279,0.0,0,0,3,PRE_EXISTING_WATER,0.0,0.0,train
3068,658,0.0658,1820.0,6278,3003,24,51,2.725,0.2496,0.5593,2203.2022149589448,19,0,461,VEG_AGRI,1.0,0.0,train
3069,70,0.007,480.0,6278,3720,12,10,1.204,0.3818,0.5348,680.6614430096654,0,7,58,VEG_AGRI,0.8857142857142857,0.11428571428571428,outside_patches
3070,1,0.0001,40.0,6284,1252,1,1,1.0,0.7854,,31.622776601683796,0,0,1,WETLAND,0.0,1.0,train
3071,52,0.005200000000000001,380.0,6286,3752,10,9,1.099,0.4525,0.7473,863.1338250816034,0,0,49,VEG_AGRI,1.0,0.0,outside_patches
3072,34,0.0034000000000000002,280.0,6287,3695,5,9,1.869,0.545,0.6833,782.6237921249264,0,0,34,VEG_AGRI,1.0,0.0,train
3073,26,0.0026000000000000003,220.0,6288,688,7,4,1.805,0.6751,0.7816,0.0,0,0,26,PRE_EXISTING_WATER,0.0,0.0,train
3074,70,0.007,600.0,6289,3738,15,12,2.01,0.2443,0.4056,822.8000972289685,0,8,43,VEG_AGRI,1.0,0.0,outside_patches
3075,43,0.0043,320.0,6292,3133,7,9,1.359,0.5277,0.6709,2370.65391822594,1,0,40,VEG_AGRI,1.0,0.0,train
3076,66,0.0066,480.0,6292,3720,14,9,2.26,0.36,0.5706,820.5485969764375,2,0,55,VEG_AGRI,1.0,0.0,outside_patches
3077,27,0.0027,280.0,6294,1273,7,7,2.268,0.4328,0.6773,219.3171219946131,0,0,24,WETLAND,0.0,1.0,train
3078,20,0.002,200.0,6294,3506,4,6,1.607,0.6283,0.7338,2215.423210133901,0,0,18,VEG_AGRI,1.0,0.0,train
3079,8,0.0008,140.0,6295,357,2,5,2.769,0.5129,0.6624,0.0,0,0,8,PRE_EXISTING_WATER,0.0,0.0,train
3080,147,0.014700000000000001,600.0,6297,1540,14,16,1.606,0.5131,0.6762,0.0,0,0,147,PRE_EXISTING_WATER,0.0,0.0,train
3081,1,0.0001,40.0,6298,315,1,1,1.0,0.7854,,0.0,0,0,1,PRE_EXISTING_WATER,0.0,0.0,train
3082,12,0.0012000000000000001,160.0,6298,633,3,5,2.07,0.589,0.6892,0.0,0,0,11,PRE_EXISTING_WATER,0.0,0.08333333333333333,train
3083,49,0.0049,460.0,6298,707,10,9,1.481,0.291,0.5113,0.0,0,0,49,PRE_EXISTING_WATER,0.0,0.0,train
3084,12,0.0012000000000000001,160.0,6298,3663,4,4,1.31,0.589,0.6938,1020.8329931972223,0,0,12,VEG_AGRI,1.0,0.0,train
3085,9,0.0009000000000000001,160.0,6300,3061,5,3,1.814,0.4418,0.5803,2437.314095474771,0,0,8,VEG_AGRI,1.0,0.0,train
3086,469,0.046900000000000004,1200.0,6300,3283,20,33,1.784,0.4093,0.7204,1851.620911525899,0,12,368,VEG_AGRI,1.0,0.0,train
3087,1,0.0001,40.0,6306,341,1,1,1.0,0.7854,,0.0,0,0,1,PRE_EXISTING_WATER,0.0,0.0,train
3088,18,0.0018000000000000002,220.0,6308,1532,4,7,2.063,0.4673,0.6388,0.0,0,0,18,PRE_EXISTING_WATER,0.0,0.0,train
3089,3,0.00030000000000000003,80.0,6310,3265,3,1,31622.777,0.589,1.0,2115.490486861144,0,0,2,VEG_AGRI,1.0,0.0,train
3090,500,0.05,2640.0,6311,1542,33,33,1.092,0.0902,0.4426,0.0,0,0,500,PRE_EXISTING_WATER,0.0,0.0,train
3091,42,0.004200000000000001,380.0,6312,359,7,12,3.188,0.3655,0.6658,0.0,0,0,42,PRE_EXISTING_WATER,0.0,0.0,train
3092,5,0.0005,120.0,6312,1246,2,4,3.401,0.4363,0.6217,223.60679774997897,0,0,5,WETLAND,0.0,1.0,train
3093,11,0.0011,160.0,6314,2652,5,3,1.811,0.54,0.6726,1388.8484438555563,5,0,6,VEG_AGRI,1.0,0.0,train
3094,210,0.021,1080.0,6314,3248,25,23,3.072,0.2262,0.4973,2187.647137908671,1,0,189,VEG_AGRI,1.0,0.0,train
3095,32,0.0032,280.0,6315,346,7,7,1.093,0.5129,0.7037,0.0,0,0,32,PRE_EXISTING_WATER,0.0,0.0,train
3096,33,0.0033,300.0,6315,1230,4,11,2.548,0.4608,0.7224,196.468827043885,0,0,33,WETLAND,0.0,1.0,train
3097,28,0.0028,260.0,6316,809,4,9,2.267,0.5205,0.7078,0.0,0,0,28,PRE_EXISTING_WATER,0.0,0.0,train
3098,7,0.0007,120.0,6317,1527,2,4,2.181,0.6109,0.7464,0.0,0,0,7,PRE_EXISTING_WATER,0.0,0.0,train
3099,7,0.0007,140.0,6319,1486,4,3,1.456,0.4488,0.5985,0.0,0,0,7,PRE_EXISTING_WATER,0.0,0.0,train
3100,61,0.0061,460.0,6319,1640,14,8,2.152,0.3623,0.5497,0.0,0,0,61,PRE_EXISTING_WATER,0.0,0.0,train
3101,15,0.0015,200.0,6319,3101,4,6,1.542,0.4712,0.6177,2610.4788832702707,1,0,14,VEG_AGRI,1.0,0.0,train
3102,58,0.0058000000000000005,600.0,6320,826,10,20,5.082,0.2025,0.4229,0.0,0,0,58,PRE_EXISTING_WATER,0.0,0.0,train
3103,50,0.005,440.0,6322,720,10,12,2.834,0.3245,0.6593,0.0,0,0,50,PRE_EXISTING_WATER,0.0,0.0,train
3104,70,0.007,460.0,6326,1473,9,14,1.931,0.4157,0.528,0.0,0,0,70,PRE_EXISTING_WATER,0.0,0.0,train
3105,8,0.0008,160.0,6326,1523,4,3,1.554,0.3927,0.54,0.0,0,0,8,PRE_EXISTING_WATER,0.0,0.0,train
3106,2,0.0002,60.0,6327,1349,2,1,1.0,0.6981,,0.0,0,0,2,PRE_EXISTING_WATER,0.0,0.0,train
3107,2,0.0002,60.0,6328,733,1,2,1.0,0.6981,,0.0,0,0,2,PRE_EXISTING_WATER,0.0,0.0,train
3108,104,0.010400000000000001,560.0,6328,852,10,17,1.937,0.4167,0.6066,0.0,0,0,89,PRE_EXISTING_WATER,0.07692307692307693,0.1346153846153846,train
3109,2,0.0002,60.0,6329,351,2,1,1.0,0.6981,,0.0,0,0,2,PRE_EXISTING_WATER,0.0,0.0,train
3110,3,0.00030000000000000003,80.0,6329,374,2,2,1.732,0.589,0.7279,0.0,0,0,3,PRE_EXISTING_WATER,0.0,0.0,train
3111,1239,0.12390000000000001,3540.0,6329,882,18,132,11.743,0.1242,0.5789,0.0,0,0,1177,PRE_EXISTING_WATER,0.009685230024213076,0.010492332526230832,train
3112,29,0.0029000000000000002,280.0,6329,3235,9,5,2.254,0.4648,0.6911,2418.139780905976,0,0,17,VEG_AGRI,1.0,0.0,train
3113,46,0.0046,320.0,6329,3316,9,7,1.406,0.5645,0.6885,2114.190152280537,0,2,31,VEG_AGRI,1.0,0.0,train
3114,9,0.0009000000000000001,160.0,6330,875,3,5,1.473,0.4418,0.5356,0.0,0,0,9,PRE_EXISTING_WATER,0.0,0.0,train
3115,57,0.0057,400.0,6330,1508,11,8,1.538,0.4477,0.6057,0.0,0,0,57,PRE_EXISTING_WATER,0.0,0.0,train
3116,90,0.009000000000000001,480.0,6330,1746,10,14,1.494,0.4909,0.6452,0.0,4,0,79,PRE_EXISTING_WATER,0.0,0.24444444444444444,train
3117,333,0.0333,1340.0,6332,1379,23,29,1.682,0.233,0.5518,0.0,0,0,333,PRE_EXISTING_WATER,0.0,0.0,train
3118,8,0.0008,160.0,6333,1624,3,5,2.003,0.3927,0.5337,0.0,0,0,8,PRE_EXISTING_WATER,0.0,0.0,train
3119,271,0.027100000000000003,1040.0,6333,3193,28,23,2.294,0.3149,0.4562,2606.338427756457,11,0,99,VEG_AGRI,1.0,0.0,train
3120,43,0.0043,320.0,6334,871,7,9,1.348,0.5277,0.6904,0.0,0,0,42,PRE_EXISTING_WATER,0.11627906976744186,0.0,train
3121,1407,0.14070000000000002,3480.0,6335,3114,89,43,2.198,0.146,0.34,2785.139134765084,1,0,1120,VEG_AGRI,1.0,0.0,train
3122,54,0.0054,520.0,6336,666,14,8,2.101,0.251,0.4626,0.0,0,0,54,PRE_EXISTING_WATER,0.0,0.2222222222222222,train
3123,18,0.0018000000000000002,220.0,6337,1412,5,6,2.098,0.4673,0.6243,0.0,0,0,18,PRE_EXISTING_WATER,0.0,0.0,train
3124,369,0.0369,1580.0,6338,1290,26,33,1.912,0.1857,0.4525,0.0,0,0,369,PRE_EXISTING_WATER,0.0,0.0,train
3125,21,0.0021000000000000003,220.0,6338,1525,4,7,1.881,0.5452,0.6775,0.0,0,0,21,PRE_EXISTING_WATER,0.0,0.0,train
3126,191,0.019100000000000002,620.0,6338,3616,13,18,1.383,0.6244,0.7925,1550.3870484495155,4,0,70,VEG_AGRI,1.0,0.0,train
3127,185,0.018500000000000003,780.0,6340,1348,18,17,1.514,0.3821,0.6611,0.0,0,0,185,PRE_EXISTING_WATER,0.0,0.0,train
3128,3,0.00030000000000000003,80.0,6340,1439,1,3,31622.777,0.589,1.0,0.0,0,0,3,PRE_EXISTING_WATER,0.0,0.0,train
3129,1,0.0001,40.0,6340,1761,1,1,1.0,0.7854,,0.0,0,0,1,PRE_EXISTING_WATER,0.0,0.0,train
3130,19,0.0019,260.0,6341,1541,4,9,3.361,0.3532,0.5955,0.0,0,0,19,PRE_EXISTING_WATER,0.0,0.0,train
3131,9,0.0009000000000000001,160.0,6341,1782,3,5,1.88,0.4418,0.6243,0.0,0,0,8,PRE_EXISTING_WATER,0.0,0.2222222222222222,train
3132,7,0.0007,120.0,6341,1794,2,4,2.181,0.6109,0.7464,0.0,0,0,7,PRE_EXISTING_WATER,0.0,0.42857142857142855,train
3133,56,0.0056,360.0,6342,1427,8,9,1.465,0.543,0.5964,0.0,0,0,56,PRE_EXISTING_WATER,0.0,0.0,train
3134,2,0.0002,60.0,6343,1061,1,2,1.0,0.6981,,50.0,0,0,2,WETLAND,0.0,1.0,train
3135,22,0.0022,340.0,6344,396,7,10,5.793,0.2392,0.6504,0.0,0,0,22,PRE_EXISTING_WATER,0.0,0.0,train
3136,188,0.0188,1100.0,6344,1320,24,24,2.802,0.1952,0.3927,0.0,0,0,188,PRE_EXISTING_WATER,0.0,0.0,train
3137,8,0.0008,180.0,6345,1475,5,4,3.779,0.3103,0.5543,0.0,0,0,8,PRE_EXISTING_WATER,0.0,0.0,train
3138,4,0.0004,100.0,6345,1518,2,3,2.618,0.5027,0.6698,0.0,0,0,4,PRE_EXISTING_WATER,0.0,0.0,train
3139,1,0.0001,40.0,6345,1541,1,1,1.0,0.7854,,0.0,0,0,1,PRE_EXISTING_WATER,0.0,0.0,train
3140,1,0.0001,40.0,6346,725,1,1,1.0,0.7854,,0.0,0,0,1,PRE_EXISTING_WATER,0.0,0.0,train
3141,2,0.0002,60.0,6346,1531,2,1,1.0,0.6981,,0.0,0,0,2,PRE_EXISTING_WATER,0.0,0.0,train
3142,2,0.0002,60.0,6346,1543,2,1,1.0,0.6981,,0.0,0,0,2,PRE_EXISTING_WATER,0.0,0.0,train
3143,16,0.0016,180.0,6347,1419,4,5,1.618,0.6206,0.6565,0.0,0,0,16,PRE_EXISTING_WATER,0.0,0.0,train
3144,4,0.0004,100.0,6348,725,2,3,2.449,0.5027,0.6387,0.0,0,0,4,PRE_EXISTING_WATER,0.0,0.0,train
3145,17,0.0017000000000000001,240.0,6348,1500,3,8,3.341,0.3709,0.6375,0.0,0,0,17,PRE_EXISTING_WATER,0.0,0.0,train
3146,33,0.0033,300.0,6349,1542,9,6,1.421,0.4608,0.5748,0.0,0,0,33,PRE_EXISTING_WATER,0.0,0.0,train
3147,27,0.0027,340.0,6351,712,3,12,4.609,0.2935,0.7258,0.0,0,0,27,PRE_EXISTING_WATER,0.0,0.0,train
3148,2,0.0002,60.0,6351,1565,2,1,1.0,0.6981,,0.0,0,0,2,PRE_EXISTING_WATER,0.0,0.0,train
3149,1138,0.11380000000000001,4220.0,6352,728,41,72,1.692,0.0803,0.3777,0.0,0,0,1138,PRE_EXISTING_WATER,0.0,0.0,train
3150,415,0.0415,1560.0,6352,3263,48,17,3.649,0.2143,0.4866,2488.4734276258605,0,0,102,VEG_AGRI,1.0,0.0,train
3151,12,0.0012000000000000001,180.0,6354,1490,4,5,2.002,0.4654,0.6784,0.0,0,0,12,PRE_EXISTING_WATER,0.0,0.0,train
3152,2,0.0002,60.0,6355,3648,2,1,1.0,0.6981,,1601.530517973354,0,2,0,VEG_AGRI,1.0,0.0,train
3153,32,0.0032,260.0,6356,3615,6,7,1.259,0.5949,0.6639,1752.8548142958105,0,2,16,VEG_AGRI,1.0,0.0,train
3154,83,0.0083,460.0,6357,650,8,14,2.011,0.4929,0.7548,0.0,0,0,83,PRE_EXISTING_WATER,0.0,0.0,train
3155,1,0.0001,40.0,6358,1467,1,1,1.0,0.7854,,0.0,0,0,1,PRE_EXISTING_WATER,0.0,0.0,train
3156,1,0.0001,40.0,6358,1469,1,1,1.0,0.7854,,0.0,0,0,1,PRE_EXISTING_WATER,0.0,0.0,train
3157,468,0.0468,1360.0,6358,3160,28,36,2.576,0.318,0.6242,2976.3400343374747,0,0,292,VEG_AGRI,1.0,0.0,train
3158,28,0.0028,260.0,6359,795,5,8,1.778,0.5205,0.6676,0.0,0,0,28,PRE_EXISTING_WATER,0.0,0.0,train
3159,39,0.0039000000000000003,320.0,6359,1366,7,9,1.976,0.4786,0.6575,0.0,0,0,39,PRE_EXISTING_WATER,0.0,0.0,train
3160,13,0.0013000000000000002,180.0,6359,1390,4,5,1.462,0.5042,0.6665,0.0,0,0,13,PRE_EXISTING_WATER,0.0,0.0,train
3161,4,0.0004,100.0,6359,3043,3,2,1.633,0.5027,0.6667,2977.599704459953,1,0,2,VEG_AGRI,1.0,0.0,train
3162,8,0.0008,120.0,6361,1573,3,3,1.265,0.6981,0.6695,0.0,0,0,8,PRE_EXISTING_WATER,0.0,0.0,train
3163,1,0.0001,40.0,6362,1537,1,1,1.0,0.7854,,0.0,0,0,1,PRE_EXISTING_WATER,0.0,0.0,train
3164,1,0.0001,40.0,6362,3045,1,1,1.0,0.7854,,3013.1047110912027,0,0,1,VEG_AGRI,1.0,0.0,train
3165,68,0.0068000000000000005,460.0,6364,1427,11,10,1.22,0.4038,0.6267,0.0,0,0,68,PRE_EXISTING_WATER,0.0,0.0,train
3166,355,0.035500000000000004,1820.0,6364,1468,21,42,2.342,0.1347,0.4132,0.0,0,0,355,PRE_EXISTING_WATER,0.0,0.0,train
3167,119,0.0119,660.0,6366,809,15,15,1.187,0.3433,0.4791,0.0,0,0,119,PRE_EXISTING_WATER,0.0,0.0,train
3168,1,0.0001,40.0,6366,1351,1,1,1.0,0.7854,,0.0,0,0,1,PRE_EXISTING_WATER,0.0,0.0,train
3169,84,0.008400000000000001,720.0,6368,1515,14,14,1.686,0.2036,0.4262,0.0,0,0,84,PRE_EXISTING_WATER,0.0,0.0,train
3170,91,0.0091,460.0,6369,3198,12,11,1.201,0.5404,0.6688,2924.534150937547,0,0,57,VEG_AGRI,1.0,0.0,train
3171,7,0.0007,120.0,6371,1043,3,3,1.08,0.6109,0.7778,177.2004514666935,0,0,7,WETLAND,0.0,1.0,train
3172,122,0.0122,700.0,6371,1248,17,17,2.825,0.3129,0.606,0.0,0,0,122,PRE_EXISTING_WATER,0.0,0.0,train
3173,12,0.0012000000000000001,180.0,6371,1347,3,6,2.627,0.4654,0.6677,0.0,0,0,12,PRE_EXISTING_WATER,0.0,0.0,train
3174,11,0.0011,140.0,6373,1312,3,4,1.417,0.7053,0.7216,0.0,0,0,11,PRE_EXISTING_WATER,0.0,0.0,train
3175,5,0.0005,100.0,6373,1361,2,3,1.732,0.6283,0.687,0.0,0,0,5,PRE_EXISTING_WATER,0.0,0.0,train
3176,16,0.0016,200.0,6373,1534,3,7,2.595,0.5027,0.641,0.0,0,0,16,PRE_EXISTING_WATER,0.0,0.0,train
3177,39,0.0039000000000000003,300.0,6374,3285,6,9,1.568,0.5445,0.6401,2618.110005328271,0,1,1,VEG_AGRI,1.0,0.0,train
3178,29,0.0029000000000000002,260.0,6378,1239,5,8,1.85,0.5391,0.7171,0.0,0,0,29,PRE_EXISTING_WATER,0.0,0.0,train
3179,18,0.0018000000000000002,220.0,6378,1337,4,7,2.569,0.4673,0.6483,0.0,0,0,18,PRE_EXISTING_WATER,0.0,0.0,train
3180,30,0.003,420.0,6378,1369,13,5,2.849,0.2137,0.4366,0.0,0,0,30,PRE_EXISTING_WATER,0.0,0.0,train
3181,20,0.002,200.0,6379,1324,4,6,1.607,0.6283,0.7338,0.0,0,0,20,PRE_EXISTING_WATER,0.0,0.0,train
3182,14,0.0014,180.0,6379,1452,5,4,1.512,0.543,0.6445,0.0,0,0,14,PRE_EXISTING_WATER,0.0,0.0,train
3183,444,0.0444,2060.0,6380,798,34,32,1.025,0.1315,0.3929,0.0,0,0,444,PRE_EXISTING_WATER,0.0,0.0,train
3184,1,0.0001,40.0,6380,1439,1,1,1.0,0.7854,,0.0,0,0,1,PRE_EXISTING_WATER,0.0,0.0,train
3185,2,0.0002,60.0,6382,1043,1,2,1.0,0.6981,,240.83189157584593,0,0,2,WETLAND,0.0,1.0,train
3186,29,0.0029000000000000002,280.0,6382,1445,7,7,2.367,0.4648,0.6622,0.0,0,0,29,PRE_EXISTING_WATER,0.0,0.0,train
3187,23,0.0023,240.0,6383,1020,8,4,2.179,0.5018,0.5953,393.57337308308854,0,0,23,WETLAND,0.0,1.0,train
3188,3,0.00030000000000000003,80.0,6383,1283,2,2,1.732,0.589,0.7279,0.0,0,0,3,PRE_EXISTING_WATER,0.0,0.0,train
3189,46,0.0046,500.0,6383,1484,8,15,2.849,0.2312,0.3814,0.0,0,0,46,PRE_EXISTING_WATER,0.0,0.0,train
3190,10,0.001,240.0,6384,1263,4,8,5.827,0.2182,0.4489,0.0,0,0,10,PRE_EXISTING_WATER,0.0,0.0,train
3191,33,0.0033,280.0,6384,1376,7,7,1.096,0.5289,0.6597,0.0,0,0,33,PRE_EXISTING_WATER,0.0,0.0,train
3192,30,0.003,260.0,6384,1394,4,9,2.409,0.5577,0.8032,0.0,0,0,30,PRE_EXISTING_WATER,0.0,0.0,train
3193,291,0.0291,1700.0,6384,1412,40,29,1.766,0.1265,0.2588,0.0,0,0,291,PRE_EXISTING_WATER,0.0,0.0,train
3194,5,0.0005,100.0,6385,803,2,3,1.732,0.6283,0.687,0.0,0,0,5,PRE_EXISTING_WATER,0.0,0.0,train
3195,175,0.0175,940.0,6387,1467,19,24,2.311,0.2489,0.4782,0.0,0,0,175,PRE_EXISTING_WATER,0.0,0.0,train
3196,23,0.0023,220.0,6387,1518,7,4,1.611,0.5972,0.7878,0.0,0,0,23,PRE_EXISTING_WATER,0.0,0.0,train
3197,4,0.0004,80.0,6387,3524,2,2,1.0,0.7854,1.0,2604.035330021465,0,0,0,VEG_AGRI,1.0,0.0,train
3198,529,0.0529,1720.0,6388,3225,34,34,1.774,0.2247,0.4106,2941.564209736038,4,0,304,VEG_AGRI,1.0,0.0,train
3199,15920,1.592,19840.0,6389,746,162,240,1.554,0.0508,0.3627,0.0,0,0,15920,PRE_EXISTING_WATER,0.0,0.0,train
3200,707,0.0707,1600.0,6389,3164,35,43,1.899,0.347,0.538,3222.8093334853056,0,0,429,VEG_AGRI,1.0,0.0,train
3201,56,0.0056,420.0,6390,1253,13,7,2.704,0.3989,0.6384,0.0,0,0,56,PRE_EXISTING_WATER,0.0,0.0,train
3202,22,0.0022,220.0,6392,836,4,7,1.916,0.5712,0.6921,0.0,0,0,22,PRE_EXISTING_WATER,0.0,0.0,train
3203,26,0.0026000000000000003,280.0,6392,1165,7,7,2.606,0.4167,0.6828,0.0,0,0,26,PRE_EXISTING_WATER,0.0,0.0,train
3204,25,0.0025,220.0,6392,1216,4,7,1.747,0.6491,0.8159,0.0,0,0,25,PRE_EXISTING_WATER,0.0,0.0,train
3205,6,0.0006000000000000001,140.0,6392,1283,3,3,1.529,0.3847,0.5831,0.0,0,0,6,PRE_EXISTING_WATER,0.0,0.0,train
3206,1,0.0001,40.0,6392,1325,1,1,1.0,0.7854,,0.0,0,0,1,PRE_EXISTING_WATER,0.0,0.0,train
3207,39,0.0039000000000000003,300.0,6392,1441,5,10,2.214,0.5445,0.7212,0.0,0,0,39,PRE_EXISTING_WATER,0.0,0.0,train
3208,2,0.0002,60.0,6392,1463,2,1,1.0,0.6981,,0.0,0,0,2,PRE_EXISTING_WATER,0.0,0.0,train
3209,3,0.00030000000000000003,80.0,6393,786,2,2,1.732,0.589,0.7279,0.0,0,0,3,PRE_EXISTING_WATER,0.0,0.0,train
3210,6,0.0006000000000000001,100.0,6393,1243,2,3,1.633,0.754,1.0,0.0,0,0,6,PRE_EXISTING_WATER,0.0,0.0,train
3211,114,0.0114,620.0,6393,1366,15,16,1.964,0.3727,0.6572,0.0,0,0,114,PRE_EXISTING_WATER,0.0,0.0,train
3212,216,0.0216,840.0,6393,1399,24,16,1.78,0.3847,0.5607,0.0,0,0,216,PRE_EXISTING_WATER,0.0,0.0,train
3213,14,0.0014,220.0,6393,1498,3,8,3.37,0.3635,0.5806,0.0,0,0,14,PRE_EXISTING_WATER,0.0,0.0,train
3214,46,0.0046,400.0,6394,1315,6,13,2.408,0.3613,0.5888,0.0,0,0,46,PRE_EXISTING_WATER,0.0,0.0,train
3215,33,0.0033,280.0,6394,1509,8,6,1.848,0.5289,0.6166,0.0,0,0,33,PRE_EXISTING_WATER,0.0,0.0,train
3216,1,0.0001,40.0,6394,2860,1,1,1.0,0.7854,,2510.5577069647293,0,0,0,VEG_AGRI,1.0,0.0,train
3217,2,0.0002,60.0,6395,831,2,1,1.0,0.6981,,0.0,0,0,2,PRE_EXISTING_WATER,0.0,0.0,train
3218,1043,0.1043,4160.0,6395,1147,41,72,1.907,0.0757,0.3573,0.0,0,0,1043,PRE_EXISTING_WATER,0.0,0.0,train
3219,5,0.0005,100.0,6395,1290,2,3,1.732,0.6283,0.687,0.0,0,0,5,PRE_EXISTING_WATER,0.0,0.0,train
3220,13,0.0013000000000000002,180.0,6397,1516,5,4,1.689,0.5042,0.5778,0.0,0,0,13,PRE_EXISTING_WATER,0.0,0.0,train
3221,2,0.0002,60.0,6398,1234,1,2,1.0,0.6981,,0.0,0,0,2,PRE_EXISTING_WATER,0.0,0.0,train
3222,5,0.0005,120.0,6398,1299,3,3,1.621,0.4363,0.6507,0.0,0,0,5,PRE_EXISTING_WATER,0.0,0.0,train
3223,37,0.0037,480.0,6398,1449,10,11,1.542,0.2018,0.3854,0.0,0,0,37,PRE_EXISTING_WATER,0.0,0.0,train
3224,1,0.0001,40.0,6398,1729,1,1,1.0,0.7854,,0.0,0,0,1,PRE_EXISTING_WATER,0.0,0.0,train
3225,156,0.015600000000000001,920.0,6398,3069,10,31,4.607,0.2316,0.5054,3400.0,0,0,119,VEG_AGRI,0.9743589743589743,0.0,train
3226,59,0.0059,420.0,6400,1026,9,11,1.536,0.4203,0.5429,203.9607805437114,0,0,51,WETLAND,0.0,1.0,train
3227,43,0.0043,300.0,6401,834,8,7,1.197,0.6004,0.6017,0.0,0,0,43,PRE_EXISTING_WATER,0.0,0.0,train
3228,6,0.0006000000000000001,100.0,6401,1282,2,3,1.633,0.754,1.0,0.0,0,0,6,PRE_EXISTING_WATER,0.0,0.0,train
3229,38,0.0038,300.0,6401,1384,7,8,1.226,0.5306,0.6535,0.0,0,0,38,PRE_EXISTING_WATER,0.0,0.0,train
3230,12,0.0012000000000000001,140.0,6401,1499,4,3,1.369,0.7694,1.0,0.0,0,0,12,PRE_EXISTING_WATER,0.0,0.0,train
3231,12,0.0012000000000000001,160.0,6403,1242,4,4,1.309,0.589,0.6862,0.0,0,0,12,PRE_EXISTING_WATER,0.0,0.0,train
3232,54,0.0054,360.0,6404,1344,9,9,1.263,0.5236,0.7028,0.0,0,0,54,PRE_EXISTING_WATER,0.0,0.0,train
3233,39,0.0039000000000000003,340.0,6405,773,8,9,2.125,0.424,0.5411,0.0,0,0,39,PRE_EXISTING_WATER,0.0,0.0,train
3234,13,0.0013000000000000002,180.0,6405,1361,5,4,1.134,0.5042,0.6652,0.0,0,0,13,PRE_EXISTING_WATER,0.0,0.0,train
3235,7,0.0007,140.0,6405,1537,4,3,1.566,0.4488,0.5216,0.0,0,0,7,PRE_EXISTING_WATER,0.0,0.0,train
3236,23,0.0023,240.0,6407,1314,6,6,1.163,0.5018,0.6386,0.0,0,0,23,PRE_EXISTING_WATER,0.0,0.0,train
3237,4,0.0004,100.0,6408,1260,2,3,2.618,0.5027,0.6698,0.0,0,0,4,PRE_EXISTING_WATER,0.0,0.0,train
3238,91,0.0091,760.0,6408,1329,16,22,5.187,0.198,0.5412,0.0,0,0,91,PRE_EXISTING_WATER,0.0,0.0,train
3239,9,0.0009000000000000001,160.0,6409,1488,3,5,2.201,0.4418,0.6078,0.0,0,0,9,PRE_EXISTING_WATER,0.0,0.0,train
3240,43,0.0043,300.0,6410,1276,7,8,1.112,0.6004,0.697,0.0,0,0,43,PRE_EXISTING_WATER,0.0,0.0,train
3241,91,0.0091,540.0,6411,1363,12,15,2.628,0.3922,0.6852,0.0,0,0,91,PRE_EXISTING_WATER,0.0,0.0,train
3242,10,0.001,140.0,6411,1433,3,4,1.637,0.6411,0.6956,0.0,0,0,10,PRE_EXISTING_WATER,0.0,0.0,train
3243,12,0.0012000000000000001,160.0,6411,1442,4,4,1.31,0.589,0.6938,0.0,0,0,12,PRE_EXISTING_WATER,0.0,0.0,train
3244,8,0.0008,140.0,6413,1467,3,4,1.715,0.5129,0.6658,0.0,0,0,8,PRE_EXISTING_WATER,0.0,0.0,train
3245,3,0.00030000000000000003,80.0,6414,654,2,2,1.732,0.589,0.7279,0.0,0,0,3,PRE_EXISTING_WATER,0.0,0.0,train
3246,31,0.0031000000000000003,280.0,6415,1224,5,9,2.085,0.4969,0.6844,0.0,0,0,31,PRE_EXISTING_WATER,0.0,0.0,train
3247,6,0.0006000000000000001,140.0,6415,1264,2,4,2.424,0.3847,0.6629,0.0,0,0,6,PRE_EXISTING_WATER,0.0,0.0,train
3248,1,0.0001,40.0,6416,1381,1,1,1.0,0.7854,,0.0,0,0,1,PRE_EXISTING_WATER,0.0,0.0,train
3249,73,0.0073,420.0,6416,1475,10,11,1.224,0.52,0.6342,0.0,0,0,73,PRE_EXISTING_WATER,0.0,0.0,train
3250,114,0.0114,560.0,6417,3152,12,16,2.04,0.4568,0.6505,3569.677856613955,0,0,80,VEG_AGRI,1.0,0.0,train
3251,245,0.0245,1120.0,6418,1352,17,26,1.802,0.2454,0.5159,0.0,0,0,245,PRE_EXISTING_WATER,0.0,0.0,train
3252,43,0.0043,320.0,6418,1407,7,9,1.685,0.5277,0.6882,0.0,0,0,43,PRE_EXISTING_WATER,0.0,0.0,train
3253,1,0.0001,40.0,6419,1285,1,1,1.0,0.7854,,0.0,0,0,1,PRE_EXISTING_WATER,0.0,0.0,train
3254,6,0.0006000000000000001,100.0,6420,1399,2,3,1.633,0.754,1.0,0.0,0,0,6,PRE_EXISTING_WATER,0.0,0.0,train
3255,176,0.0176,960.0,6421,1065,13,27,2.304,0.24,0.4713,104.40306508910551,0,7,169,WETLAND,0.0,1.0,train
3256,147,0.014700000000000001,1040.0,6421,1311,24,23,3.183,0.1708,0.4137,0.0,0,0,147,PRE_EXISTING_WATER,0.0,0.0,train
3257,4,0.0004,80.0,6422,1468,2,2,1.0,0.7854,1.0,0.0,0,0,4,PRE_EXISTING_WATER,0.0,0.0,train
3258,1,0.0001,40.0,6422,1515,1,1,1.0,0.7854,,0.0,0,0,1,PRE_EXISTING_WATER,0.0,0.0,train
3259,3,0.00030000000000000003,80.0,6424,744,1,3,31622.777,0.589,1.0,0.0,0,0,3,PRE_EXISTING_WATER,0.0,0.0,train
3260,8,0.0008,140.0,6424,1447,2,5,2.769,0.5129,0.6624,0.0,0,0,8,PRE_EXISTING_WATER,0.0,0.0,train
3261,357,0.0357,1520.0,6425,1396,34,28,3.203,0.1942,0.4298,0.0,0,0,357,PRE_EXISTING_WATER,0.0,0.0,train
3262,189,0.0189,1440.0,6425,1419,25,28,2.802,0.1145,0.3506,0.0,0,0,189,PRE_EXISTING_WATER,0.0,0.0,train
3263,1,0.0001,40.0,6427,1249,1,1,1.0,0.7854,,0.0,0,0,1,PRE_EXISTING_WATER,0.0,0.0,train
3264,3,0.00030000000000000003,80.0,6428,1469,2,2,1.732,0.589,0.7279,0.0,0,0,3,PRE_EXISTING_WATER,0.0,0.0,train
3265,16,0.0016,200.0,6428,1628,4,6,1.969,0.5027,0.5803,0.0,0,0,16,PRE_EXISTING_WATER,0.0,0.1875,train
3266,308,0.0308,960.0,6430,3214,17,27,2.148,0.42,0.7193,3316.519259705874,0,0,228,VEG_AGRI,1.0,0.0,train
3267,1324,0.13240000000000002,4380.0,6431,635,49,86,3.221,0.0867,0.453,0.0,0,4,1320,PRE_EXISTING_WATER,0.0,0.015105740181268883,train
3268,9,0.0009000000000000001,160.0,6432,1332,3,5,2.201,0.4418,0.6078,0.0,0,0,9,PRE_EXISTING_WATER,0.0,0.0,train
3269,2,0.0002,80.0,6433,1166,2,2,1.0,0.3927,,0.0,0,0,2,PRE_EXISTING_WATER,0.0,0.0,train
3270,38,0.0038,340.0,6434,1489,9,7,1.711,0.4131,0.5841,0.0,0,0,38,PRE_EXISTING_WATER,0.0,0.0,train
3271,17,0.0017000000000000001,220.0,6434,3094,5,6,1.44,0.4414,0.5625,3760.0,0,2,8,VEG_AGRI,1.0,0.0,train
3272,58,0.0058000000000000005,360.0,6435,1366,10,8,1.407,0.5624,0.7234,0.0,0,0,58,PRE_EXISTING_WATER,0.0,0.0,train
3273,2,0.0002,60.0,6436,1505,2,1,1.0,0.6981,,0.0,0,0,2,PRE_EXISTING_WATER,0.0,0.0,train
3274,161,0.0161,720.0,6436,3608,17,17,1.437,0.3903,0.5504,2479.516081819192,0,22,47,VEG_AGRI,1.0,0.0,train
3275,5,0.0005,100.0,6437,637,2,3,1.732,0.6283,0.687,0.0,0,0,5,PRE_EXISTING_WATER,0.0,0.2,train
3276,45,0.0045000000000000005,380.0,6438,1356,12,7,2.789,0.3916,0.6043,0.0,0,0,45,PRE_EXISTING_WATER,0.0,0.0,train
3277,7,0.0007,180.0,6438,1478,3,6,5.651,0.2715,0.5769,0.0,0,0,7,PRE_EXISTING_WATER,0.0,0.0,train
3278,8,0.0008,120.0,6439,1145,3,3,1.265,0.6981,0.6695,0.0,0,0,8,PRE_EXISTING_WATER,0.0,0.0,train
3279,4,0.0004,100.0,6439,1381,2,3,2.449,0.5027,0.6387,0.0,0,0,4,PRE_EXISTING_WATER,0.0,0.0,train
3280,55,0.0055000000000000005,460.0,6440,1464,9,12,2.309,0.3266,0.5374,0.0,0,0,55,PRE_EXISTING_WATER,0.0,0.0,train
3281,403,0.0403,1000.0,6440,1668,19,31,1.924,0.5064,0.6803,10.0,35,11,338,WETLAND,0.02481389578163772,0.9602977667493796,train
3282,7,0.0007,120.0,6441,1015,3,3,1.08,0.6109,0.7778,174.928556845359,0,0,7,WETLAND,0.0,1.0,train
3283,49,0.0049,460.0,6441,1221,9,14,3.187,0.291,0.4614,0.0,0,0,49,PRE_EXISTING_WATER,0.0,0.0,train
3284,183,0.0183,880.0,6441,3142,25,17,1.267,0.297,0.4302,3822.0544213812545,2,1,82,VEG_AGRI,1.0,0.0,train
3285,16,0.0016,200.0,6442,1421,3,7,2.522,0.5027,0.6839,0.0,0,0,16,PRE_EXISTING_WATER,0.0,0.0,train
3286,20,0.002,200.0,6443,697,5,5,1.55,0.6283,0.6586,0.0,0,0,20,PRE_EXISTING_WATER,0.0,0.0,train
3287,8,0.0008,140.0,6443,1265,2,5,2.53,0.5129,0.8,0.0,0,0,8,PRE_EXISTING_WATER,0.0,0.0,train
3288,5,0.0005,100.0,6444,1252,2,3,1.732,0.6283,0.687,0.0,0,0,5,PRE_EXISTING_WATER,0.0,0.0,train
3289,2,0.0002,60.0,6445,685,2,1,1.0,0.6981,,0.0,0,0,2,PRE_EXISTING_WATER,0.0,0.0,train
3290,2,0.0002,60.0,6445,687,2,1,1.0,0.6981,,0.0,0,0,2,PRE_EXISTING_WATER,0.0,0.0,train
3291,84,0.008400000000000001,620.0,6445,736,14,15,3.032,0.2746,0.4982,0.0,0,0,84,PRE_EXISTING_WATER,0.0,0.0,train
3292,192,0.019200000000000002,1060.0,6445,3111,16,25,2.112,0.2147,0.4684,3877.434718986253,6,5,79,VEG_AGRI,1.0,0.0,train
3293,59,0.0059,500.0,6447,713,8,16,3.833,0.2966,0.6125,0.0,0,0,59,PRE_EXISTING_WATER,0.0,0.0,train
3294,19,0.0019,260.0,6447,763,7,5,1.439,0.3532,0.5256,0.0,0,0,19,PRE_EXISTING_WATER,0.0,0.0,train
3295,97,0.0097,600.0,6447,1186,14,16,2.072,0.3386,0.5335,0.0,0,0,97,PRE_EXISTING_WATER,0.0,0.0,train
3296,5,0.0005,100.0,6447,1395,2,3,1.732,0.6283,0.687,0.0,0,0,5,PRE_EXISTING_WATER,0.0,0.0,train
3297,59,0.0059,420.0,6449,1240,12,8,2.226,0.4203,0.6747,0.0,0,0,59,PRE_EXISTING_WATER,0.0,0.0,train
3298,56,0.0056,620.0,6450,1303,17,13,4.194,0.1831,0.4455,0.0,0,0,56,PRE_EXISTING_WATER,0.0,0.0,train
3299,19,0.0019,200.0,6451,3096,4,6,1.366,0.5969,0.7441,3930.0,0,0,5,VEG_AGRI,1.0,0.0,train
3300,85,0.0085,520.0,6452,1159,8,17,2.432,0.395,0.6108,0.0,0,0,85,PRE_EXISTING_WATER,0.0,0.0,train
3301,3,0.00030000000000000003,80.0,6452,1483,1,3,31622.777,0.589,1.0,0.0,0,0,3,PRE_EXISTING_WATER,0.0,0.0,train
3302,2,0.0002,60.0,6453,756,1,2,1.0,0.6981,,0.0,0,0,2,PRE_EXISTING_WATER,0.0,0.0,train
3303,43,0.0043,340.0,6453,1378,8,7,1.125,0.4674,0.6612,0.0,0,0,43,PRE_EXISTING_WATER,0.0,0.0,train
3304,54,0.0054,380.0,6453,3485,10,9,1.628,0.4699,0.7217,3325.32705158455,0,4,36,VEG_AGRI,1.0,0.0,train
3305,17,0.0017000000000000001,200.0,6454,1223,5,5,1.92,0.5341,0.6585,0.0,0,0,17,PRE_EXISTING_WATER,0.0,0.0,train
3306,9,0.0009000000000000001,160.0,6454,1319,4,4,2.177,0.4418,0.5606,0.0,0,0,9,PRE_EXISTING_WATER,0.0,0.0,train
3307,60,0.006,380.0,6454,1344,7,12,1.762,0.5221,0.6773,0.0,0,0,60,PRE_EXISTING_WATER,0.0,0.0,train
3308,2,0.0002,60.0,6454,1388,1,2,1.0,0.6981,,0.0,0,0,2,PRE_EXISTING_WATER,0.0,0.0,train
3309,24,0.0024000000000000002,220.0,6455,1207,5,6,1.233,0.6231,0.6915,0.0,0,0,24,PRE_EXISTING_WATER,0.0,0.0,train
3310,31,0.0031000000000000003,280.0,6455,1252,6,8,1.782,0.4969,0.6763,0.0,0,0,31,PRE_EXISTING_WATER,0.0,0.0,train
3311,1,0.0001,40.0,6456,1463,1,1,1.0,0.7854,,0.0,0,0,1,PRE_EXISTING_WATER,0.0,0.0,train
3312,83,0.0083,440.0,6458,646,10,12,1.355,0.5387,0.72,0.0,1,0,81,PRE_EXISTING_WATER,0.04819277108433735,0.0,train
3313,8,0.0008,140.0,6458,1391,3,4,1.715,0.5129,0.6658,0.0,0,0,8,PRE_EXISTING_WATER,0.0,0.0,train
3314,10,0.001,140.0,6459,3031,4,3,1.369,0.6411,0.8333,3699.47293543283,0,0,5,VEG_AGRI,1.0,0.0,train
3315,661,0.0661,1420.0,6459,3198,33,33,1.056,0.4119,0.6227,3668.7054937675225,29,4,207,VEG_AGRI,1.0,0.0,train
3316,33,0.0033,320.0,6461,755,6,10,2.842,0.405,0.6623,0.0,0,0,33,PRE_EXISTING_WATER,0.0,0.0,train
3317,18,0.0018000000000000002,200.0,6461,1405,4,6,1.549,0.5655,0.6209,0.0,0,0,18,PRE_EXISTING_WATER,0.0,0.0,train
3318,17,0.0017000000000000001,240.0,6463,781,4,8,2.824,0.3709,0.586,0.0,0,0,17,PRE_EXISTING_WATER,0.0,0.0,train
3319,2,0.0002,60.0,6463,3337,2,1,1.0,0.6981,,3419.15194163699,0,0,2,VEG_AGRI,1.0,0.0,train
3320,114,0.0114,480.0,6466,722,11,12,1.153,0.6218,0.5485,0.0,0,0,114,PRE_EXISTING_WATER,0.0,0.0,train
3321,4,0.0004,80.0,6466,1325,2,2,1.0,0.7854,1.0,0.0,0,0,4,PRE_EXISTING_WATER,0.0,0.0,train
3322,6,0.0006000000000000001,100.0,6467,771,2,3,1.633,0.754,1.0,0.0,0,0,6,PRE_EXISTING_WATER,0.0,0.0,train
3323,1,0.0001,40.0,6468,735,1,1,1.0,0.7854,,0.0,0,0,1,PRE_EXISTING_WATER,0.0,0.0,train
3324,1,0.0001,40.0,6468,1236,1,1,1.0,0.7854,,0.0,0,0,1,PRE_EXISTING_WATER,0.0,0.0,train
3325,64,0.0064,660.0,6468,1245,18,9,3.88,0.1846,0.4734,0.0,0,0,64,PRE_EXISTING_WATER,0.0,0.0,train
3326,239,0.0239,1040.0,6468,1282,20,28,2.037,0.2777,0.4417,0.0,0,0,239,PRE_EXISTING_WATER,0.0,0.0,train
3327,1,0.0001,40.0,6470,1199,1,1,1.0,0.7854,,0.0,0,0,1,PRE_EXISTING_WATER,0.0,0.0,train
3328,511,0.0511,1280.0,6470,1525,25,37,2.052,0.3919,0.6173,0.0,0,0,511,PRE_EXISTING_WATER,0.0,0.0,train
3329,1,0.0001,40.0,6471,1187,1,1,1.0,0.7854,,0.0,0,0,1,PRE_EXISTING_WATER,0.0,0.0,train
3330,59,0.0059,360.0,6471,1316,6,12,1.961,0.5721,0.6657,0.0,0,0,59,PRE_EXISTING_WATER,0.0,0.0,train
3331,39,0.0039000000000000003,320.0,6471,3065,9,7,2.145,0.4786,0.6693,3992.1172327475556,0,13,9,VEG_AGRI,1.0,0.0,train
3332,2,0.0002,60.0,6473,695,2,1,1.0,0.6981,,0.0,0,0,2,PRE_EXISTING_WATER,0.0,0.0,train
3333,21,0.0021000000000000003,240.0,6473,1185,5,7,2.219,0.4581,0.6082,0.0,0,0,21,PRE_EXISTING_WATER,0.0,0.0,train
3334,36,0.0036000000000000003,320.0,6473,1334,7,9,2.025,0.4418,0.6658,0.0,0,0,36,PRE_EXISTING_WATER,0.0,0.0,train
3335,1,0.0001,40.0,6476,1171,1,1,1.0,0.7854,,0.0,0,0,1,PRE_EXISTING_WATER,0.0,0.0,train
3336,1,0.0001,40.0,6477,1173,1,1,1.0,0.7854,,0.0,0,0,1,PRE_EXISTING_WATER,0.0,0.0,train
3337,9,0.0009000000000000001,120.0,6478,1209,3,3,1.0,0.7854,1.0,0.0,0,0,9,PRE_EXISTING_WATER,0.0,0.0,train
3338,25,0.0025,240.0,6478,1215,7,5,1.691,0.5454,0.644,0.0,0,0,25,PRE_EXISTING_WATER,0.0,0.0,train
3339,181,0.0181,620.0,6478,3472,14,17,1.294,0.5917,0.6495,3531.628519535994,0,1,48,VEG_AGRI,1.0,0.0,train
3340,35,0.0035,260.0,6479,1154,6,7,1.144,0.6506,0.7378,0.0,0,0,35,PRE_EXISTING_WATER,0.0,0.0,train
3341,7,0.0007,120.0,6480,731,2,4,2.181,0.6109,0.7464,0.0,0,0,7,PRE_EXISTING_WATER,0.0,0.0,train
3342,42,0.004200000000000001,340.0,6480,1298,8,9,1.924,0.4566,0.6732,0.0,0,0,42,PRE_EXISTING_WATER,0.0,0.0,train
3343,15,0.0015,180.0,6482,1327,5,4,1.2,0.5818,0.7046,0.0,0,0,15,PRE_EXISTING_WATER,0.0,0.0,train
3344,50,0.005,440.0,6484,1178,10,10,1.301,0.3245,0.5219,0.0,0,0,50,PRE_EXISTING_WATER,0.0,0.0,train
3345,52,0.005200000000000001,360.0,6488,1308,7,11,2.084,0.5042,0.6574,0.0,0,0,52,PRE_EXISTING_WATER,0.0,0.0,train
3346,56,0.0056,360.0,6490,1192,10,8,1.608,0.543,0.7265,0.0,0,0,56,PRE_EXISTING_WATER,0.0,0.0,train
3347,25,0.0025,240.0,6490,1250,5,7,1.995,0.5454,0.6646,0.0,0,0,25,PRE_EXISTING_WATER,0.0,0.0,train
3348,34,0.0034000000000000002,260.0,6490,2981,6,7,1.49,0.632,0.6305,3622.154055254967,0,0,28,VEG_AGRI,1.0,0.0,train
3349,9,0.0009000000000000001,140.0,6492,1203,3,4,1.627,0.577,0.6096,0.0,0,0,9,PRE_EXISTING_WATER,0.0,0.0,train
3350,167,0.0167,600.0,6493,942,11,18,1.723,0.5829,0.7494,0.0,0,0,167,PRE_EXISTING_WATER,0.0,0.0,train
3351,10,0.001,160.0,6497,1059,3,5,2.003,0.4909,0.6327,0.0,0,0,10,PRE_EXISTING_WATER,0.0,0.0,train
3352,41,0.0041,340.0,6497,1253,8,9,1.509,0.4457,0.6732,0.0,0,0,41,PRE_EXISTING_WATER,0.0,0.0,train
3353,9,0.0009000000000000001,140.0,6499,3209,4,3,1.39,0.577,0.6712,4061.1574704756276,2,0,2,VEG_AGRI,1.0,0.0,train
3354,4,0.0004,100.0,6500,1184,3,2,2.618,0.5027,0.6698,0.0,0,0,4,PRE_EXISTING_WATER,0.0,0.0,train
3355,53,0.0053,420.0,6506,3269,11,10,2.529,0.3776,0.5722,3930.801444998208,0,18,0,VEG_AGRI,1.0,0.0,train
3356,8,0.0008,140.0,6507,934,3,4,1.907,0.5129,0.6201,0.0,0,0,8,PRE_EXISTING_WATER,0.0,0.0,train
3357,67,0.0067,620.0,6507,3107,13,11,1.792,0.219,0.4093,4491.113447687556,0,5,30,VEG_AGRI,1.0,0.0,train
3358,34,0.0034000000000000002,300.0,6516,3096,7,8,1.534,0.4747,0.7096,4538.546022681713,0,7,3,VEG_AGRI,1.0,0.0,train
3359,98,0.0098,480.0,6522,1412,8,15,2.102,0.5345,0.7879,0.0,0,0,98,PRE_EXISTING_WATER,0.0,0.0,train
3360,12,0.0012000000000000001,160.0,6528,953,3,5,2.07,0.589,0.6892,0.0,0,0,12,PRE_EXISTING_WATER,0.0,0.0,train
3361,188,0.0188,780.0,6528,3268,15,22,1.356,0.3883,0.5208,4138.0671816682725,3,12,58,VEG_AGRI,1.0,0.0,train
3362,409,0.0409,1140.0,6531,1370,22,35,1.729,0.3955,0.5353,0.0,0,0,409,PRE_EXISTING_WATER,0.0,0.0,train
3363,31,0.0031000000000000003,260.0,6531,3331,7,6,1.402,0.5763,0.7028,4098.9022920777215,0,0,10,VEG_AGRI,1.0,0.0,train
3364,596,0.0596,1840.0,6536,945,22,52,2.474,0.2212,0.508,0.0,0,0,596,PRE_EXISTING_WATER,0.0,0.0,train
3365,1,0.0001,40.0,6553,3612,1,1,1.0,0.7854,,3584.20144523156,0,0,1,VEG_AGRI,1.0,0.0,train
3366,87,0.008700000000000001,460.0,6561,739,14,8,1.808,0.5167,0.739,406.07881008493905,0,0,0,VEG_AGRI,1.0,0.0,train
3367,3,0.00030000000000000003,80.0,6574,2813,3,1,31622.777,0.589,1.0,1770.4519197086374,0,0,3,VEG_AGRI,1.0,0.0,train
3368,1,0.0001,40.0,6575,2815,1,1,1.0,0.7854,,1792.5400971805345,0,0,1,VEG_AGRI,1.0,0.0,train
3369,17027,1.7027,24380.0,6581,697,160,235,1.603,0.036,0.4546,260.768096208106,177,158,11973,VEG_AGRI,0.9980619016855582,0.00023492100781112352,train
3370,7,0.0007,160.0,6586,858,3,4,1.812,0.3436,0.5747,414.84937025383084,0,3,0,VEG_AGRI,1.0,0.0,train
3371,14,0.0014,200.0,6588,1500,2,8,4.42,0.4398,0.7615,170.0,0,0,11,VEG_AGRI,1.0,0.0,train
3372,12,0.0012000000000000001,160.0,6593,1478,5,3,1.649,0.589,0.7116,180.27756377319946,0,0,0,VEG_AGRI,1.0,0.0,train
3373,1566,0.15660000000000002,3320.0,6594,851,51,73,1.768,0.1785,0.3749,380.1315561749642,94,42,525,VEG_AGRI,1.0,0.0,train
3374,13,0.0013000000000000002,160.0,6596,747,5,3,1.691,0.6381,0.8667,544.0588203494177,0,0,11,VEG_AGRI,1.0,0.0,train
3375,30,0.003,260.0,6598,759,4,9,2.112,0.5577,0.7477,664.8308055437865,0,0,30,VEG_AGRI,1.0,0.0,train
3376,218,0.0218,860.0,6607,1031,25,18,1.666,0.3704,0.4924,350.14282800023193,5,2,102,VEG_AGRI,1.0,0.0,train
3377,19,0.0019,220.0,6613,1413,3,8,2.552,0.4933,0.7488,139.2838827718412,0,0,19,WETLAND,0.3684210526315789,0.631578947368421,train
3378,208,0.020800000000000003,820.0,6614,1504,25,14,1.953,0.3887,0.6051,90.0,0,0,138,VEG_AGRI,0.9615384615384616,0.038461538461538464,train
3379,8329,0.8329000000000001,14040.0,6620,926,98,198,2.826,0.0531,0.4516,404.4749683231337,31,26,6616,VEG_AGRI,0.9980790010805619,0.0019209989194381078,train
3380,1014,0.1014,2560.0,6623,1267,34,66,2.612,0.1944,0.5101,60.82762530298219,4,68,557,VEG_AGRI,0.9940828402366864,0.0039447731755424065,train
3381,61,0.0061,360.0,6624,1640,8,10,1.389,0.5915,0.709,698.7131027825369,33,0,9,VEG_AGRI,1.0,0.0,train
3382,30,0.003,240.0,6627,3118,5,7,1.342,0.6545,0.7962,4516.658056572359,0,0,15,VEG_AGRI,1.0,0.0,train
3383,75,0.007500000000000001,440.0,6631,2573,12,9,1.615,0.4868,0.643,254.95097567963924,0,0,62,VEG_AGRI,1.0,0.0,train
3384,154,0.0154,700.0,6633,1338,12,20,1.875,0.3949,0.6318,164.92422502470643,0,0,70,VEG_AGRI,1.0,0.0,train
3385,26,0.0026000000000000003,240.0,6640,1501,6,6,1.074,0.5672,0.7365,200.0,0,0,26,VEG_AGRI,1.0,0.0,train
3386,16,0.0016,200.0,6644,1459,5,5,1.082,0.5027,0.6994,560.0,0,0,16,VEG_AGRI,1.0,0.0,train
3387,42,0.004200000000000001,320.0,6644,2583,5,11,2.357,0.5154,0.7203,190.0,0,0,40,VEG_AGRI,1.0,0.0,train
3388,31,0.0031000000000000003,280.0,6645,1019,6,8,1.555,0.4969,0.6924,745.2516353554684,0,0,5,VEG_AGRI,1.0,0.0,train
3389,1,0.0001,40.0,6646,3678,1,1,1.0,0.7854,,4376.528304489759,0,0,0,VEG_AGRI,1.0,0.0,train
3390,9747,0.9747,13300.0,6648,1268,137,231,2.548,0.0692,0.3599,300.0,22,10,9126,VEG_AGRI,1.0,0.0,train
3391,78,0.0078000000000000005,440.0,6648,2716,9,13,1.79,0.5063,0.6813,552.268050859363,0,0,77,VEG_AGRI,0.9102564102564102,0.0,train
3392,13,0.0013000000000000002,160.0,6656,1204,4,4,1.161,0.6381,0.7133,564.3580423808985,0,0,10,VEG_AGRI,1.0,0.0,train
3393,8,0.0008,140.0,6664,2649,5,2,2.53,0.5129,0.8,216.33307652783938,0,3,1,VEG_AGRI,1.0,0.0,train
3394,218,0.0218,840.0,6666,1578,21,21,1.915,0.3882,0.7414,442.9446918070021,10,0,79,VEG_AGRI,1.0,0.0,train
3395,2,0.0002,60.0,6668,1165,2,1,1.0,0.6981,,800.0624975587845,0,0,2,VEG_AGRI,1.0,0.0,train
3396,258,0.0258,980.0,6672,1606,17,24,1.664,0.3376,0.6392,718.6793443532381,76,0,25,VEG_AGRI,1.0,0.0,train
3397,165,0.0165,780.0,6677,1184,15,22,1.316,0.3408,0.4969,756.6372975210778,0,0,165,VEG_AGRI,1.0,0.0,train
3398,85,0.0085,480.0,6682,3214,10,13,1.568,0.4636,0.6487,5450.009174304205,0,15,0,VEG_AGRI,1.0,0.0,train
3399,59,0.0059,380.0,6687,1646,12,7,1.723,0.5134,0.651,1060.7544484940895,1,0,1,VEG_AGRI,1.0,0.0,train
3400,24,0.0024000000000000002,240.0,6698,1501,4,8,2.476,0.5236,0.6726,447.21359549995793,0,0,22,VEG_AGRI,1.0,0.0,train
3401,13,0.0013000000000000002,180.0,6703,1037,4,5,1.796,0.5042,0.7069,1270.9838708654017,0,0,13,VEG_AGRI,1.0,0.0,train
3402,12,0.0012000000000000001,240.0,6703,1572,5,6,2.49,0.2618,0.4699,590.3388857258177,0,0,0,VEG_AGRI,1.0,0.0,train
3403,107,0.010700000000000001,520.0,6707,1514,11,14,1.338,0.4973,0.6618,494.9747468305833,13,0,67,VEG_AGRI,0.9906542056074766,0.0,train
3404,11,0.0011,180.0,6707,1567,6,3,2.201,0.4266,0.5958,596.4059020499378,0,0,8,VEG_AGRI,1.0,0.0,train
3405,115,0.0115,520.0,6707,1603,15,11,1.553,0.5344,0.6533,852.1150157109073,20,4,13,VEG_AGRI,1.0,0.0,train
3406,55,0.0055000000000000005,380.0,6708,2743,10,9,1.951,0.4786,0.7096,791.2016177940993,0,0,54,VEG_AGRI,0.7272727272727273,0.0,train
3407,122,0.0122,600.0,6710,692,16,14,1.059,0.4259,0.5386,1072.0074626605917,1,2,67,VEG_AGRI,1.0,0.0,train
3408,85,0.0085,420.0,6711,1558,13,8,1.617,0.6055,0.7202,581.8075283115543,0,0,22,VEG_AGRI,1.0,0.0,train
3409,25,0.0025,220.0,6718,1640,5,6,1.328,0.6491,0.6722,1214.3310915891102,4,0,0,VEG_AGRI,1.0,0.0,train
3410,7,0.0007,120.0,6719,1574,3,3,1.732,0.6109,0.7574,724.0165743959182,0,0,6,VEG_AGRI,1.0,0.0,train
3411,159,0.0159,640.0,6720,1540,16,16,1.473,0.4878,0.5838,622.0128616033595,0,0,38,VEG_AGRI,1.0,0.0,train
3412,2,0.0002,60.0,6720,1659,2,1,1.0,0.6981,,1377.679207943562,0,0,0,VEG_AGRI,1.0,0.0,train
3413,366,0.0366,1300.0,6721,1598,30,29,1.53,0.2721,0.4679,1024.4998779892558,48,8,128,VEG_AGRI,1.0,0.0,train
3414,29,0.0029000000000000002,260.0,6728,1635,7,6,1.373,0.5391,0.6936,1232.233744059949,8,0,13,VEG_AGRI,1.0,0.0,train
3415,45,0.0045000000000000005,340.0,6732,1515,8,9,1.997,0.4892,0.6992,745.4528824815154,1,0,21,VEG_AGRI,0.8888888888888888,0.0,train
3416,101,0.010100000000000001,480.0,6733,1645,9,15,1.874,0.5509,0.7361,1337.0115930686616,3,0,15,VEG_AGRI,1.0,0.0,train
3417,43,0.0043,340.0,6734,701,6,11,2.219,0.4674,0.6468,1318.4839779079607,1,0,20,VEG_AGRI,1.0,0.0,train
3418,2428,0.24280000000000002,5940.0,6735,1351,100,79,2.244,0.0865,0.3427,1255.746789762968,81,17,1552,VEG_AGRI,1.0,0.0,train
3419,19,0.0019,220.0,6741,1529,5,6,1.813,0.4933,0.6564,830.0,0,0,0,VEG_AGRI,1.0,0.0,train
3420,5,0.0005,100.0,6745,761,2,3,1.732,0.6283,0.687,1601.7802595861892,0,0,1,VEG_AGRI,1.0,0.0,train
3421,20,0.002,220.0,6745,1628,5,6,1.469,0.5193,0.6666,1287.245120402482,0,0,13,VEG_AGRI,1.0,0.0,train
3422,6,0.0006000000000000001,100.0,6747,1457,2,3,1.633,0.754,1.0,1126.1438629233835,0,0,6,VEG_AGRI,1.0,0.0,train
3423,48,0.0048000000000000004,320.0,6749,1590,10,6,1.685,0.589,0.7387,1071.8675291284833,7,0,15,VEG_AGRI,1.0,0.0,train
3424,63,0.0063,400.0,6756,1598,11,9,1.654,0.4948,0.6166,1201.0412149464314,5,0,20,VEG_AGRI,1.0,0.0,train
3425,57,0.0057,340.0,6757,1346,9,8,1.581,0.6196,0.6666,1378.1872151489436,1,0,50,VEG_AGRI,1.0,0.0,train
3426,238,0.0238,740.0,6757,1561,22,15,1.408,0.5462,0.6827,1028.8342918079666,14,0,13,VEG_AGRI,1.0,0.0,train
3427,41,0.0041,300.0,6758,1337,8,7,1.236,0.5725,0.724,1382.316895650198,0,0,36,VEG_AGRI,1.0,0.0,train
3428,234,0.0234,760.0,6766,1643,15,23,1.789,0.5091,0.685,1555.6349186104046,14,0,101,VEG_AGRI,1.0,0.0,train
3429,124,0.012400000000000001,540.0,6769,1607,16,11,1.981,0.5344,0.7147,1328.5330255586423,1,0,10,VEG_AGRI,1.0,0.0,train
3430,68,0.0068000000000000005,460.0,6783,3008,13,9,1.694,0.4038,0.5632,3552.590604052203,0,1,46,VEG_AGRI,1.0,0.0,train
3431,21,0.0021000000000000003,220.0,6784,1343,5,6,1.074,0.5452,0.6885,1645.1443705644804,0,0,21,VEG_AGRI,1.0,0.0,train
3432,112,0.0112,560.0,6790,1712,14,14,2.214,0.4488,0.6928,2214.0009033421825,11,0,35,VEG_AGRI,1.0,0.0,train
3433,34,0.0034000000000000002,300.0,6804,1548,8,6,1.409,0.4747,0.6614,1467.6852523616908,0,1,12,VEG_AGRI,1.0,0.0,train
3434,6558,0.6558,6780.0,6816,1004,57,200,3.835,0.1793,0.5545,2225.24155992108,54,16,4744,VEG_AGRI,0.9650808173223544,0.000609942055504727,train
3435,736,0.0736,1660.0,6822,1678,38,38,1.983,0.3356,0.5623,2332.0591759215718,37,0,83,VEG_AGRI,1.0,0.0,train
3436,611,0.0611,1500.0,6830,1593,35,32,1.88,0.3412,0.5511,1828.332573685652,2,0,167,VEG_AGRI,1.0,0.0,train
3437,107,0.010700000000000001,540.0,6831,1433,11,16,1.951,0.4611,0.6803,1955.632889885011,0,0,65,VEG_AGRI,1.0,0.0,train
3438,89,0.0089,440.0,6838,1390,10,12,1.179,0.5777,0.7243,2220.360331117452,0,0,87,VEG_AGRI,1.0,0.0,train
3439,22,0.0022,220.0,6847,1029,5,6,1.717,0.5712,0.6775,2699.79628861142,0,0,21,VEG_AGRI,1.0,0.0,train
3440,32,0.0032,280.0,6849,1214,7,7,1.345,0.5129,0.6641,2242.4317157942623,0,0,10,VEG_AGRI,1.0,0.0,train
3441,2727,0.2727,4640.0,6872,1685,104,119,5.723,0.1592,0.4984,3255.0422424294284,23,28,1816,VEG_AGRI,1.0,0.0,train
3442,36,0.0036000000000000003,280.0,6889,1361,7,7,1.318,0.577,0.6751,2708.966592632696,0,0,3,VEG_AGRI,1.0,0.0,train
3443,1,0.0001,40.0,6893,2653,1,1,1.0,0.7854,,2115.325034125962,0,0,0,VEG_AGRI,1.0,0.0,train
3444,201,0.0201,680.0,6898,1377,23,11,2.254,0.5462,0.775,2804.0149785619906,0,0,45,VEG_AGRI,1.0,0.0,train
3445,1560,0.156,3360.0,6900,2898,64,58,1.786,0.1736,0.5299,3316.0518693168838,0,0,8,VEG_AGRI,0.8262820512820512,0.0,train
3446,141,0.014100000000000001,940.0,6906,2602,16,25,3.815,0.2005,0.4903,2313.8712150852302,0,41,0,VEG_AGRI,1.0,0.0,train
3447,36,0.0036000000000000003,260.0,6907,1429,6,7,1.192,0.6692,0.7099,2661.5221208924786,0,0,36,VEG_AGRI,1.0,0.0,train
3448,2,0.0002,60.0,6920,3556,2,1,1.0,0.6981,,4334.293483371886,0,0,0,VEG_AGRI,1.0,0.0,train
3449,19,0.0019,220.0,6923,3194,6,5,1.37,0.4933,0.686,3322.845166419886,0,0,0,VEG_AGRI,1.0,0.0,train
3450,3,0.00030000000000000003,80.0,6927,2656,2,2,1.732,0.589,0.7279,2452.46814454337,0,0,3,VEG_AGRI,1.0,0.0,train
3451,16,0.0016,200.0,6934,3574,6,4,1.553,0.5027,0.6382,4335.262391136204,0,0,0,VEG_AGRI,1.0,0.0,train
3452,3,0.00030000000000000003,80.0,6936,3256,2,2,1.732,0.589,0.7279,3144.5985435346115,0,0,0,VEG_AGRI,1.0,0.0,train
3453,14,0.0014,180.0,6942,3572,6,3,1.823,0.543,0.5958,4250.0,0,0,0,VEG_AGRI,1.0,0.0,train
3454,62,0.006200000000000001,380.0,6945,1362,8,11,1.795,0.5396,0.6981,3265.715848018624,0,0,62,VEG_AGRI,1.0,0.0,train
3455,64,0.0064,380.0,6948,3272,10,9,1.2,0.557,0.7103,2940.0,0,0,0,VEG_AGRI,1.0,0.0,train
3456,1140,0.114,2980.0,6952,3226,48,48,1.152,0.1613,0.4609,2538.99586451022,0,0,0,VEG_AGRI,0.9964912280701754,0.0,train
3457,17,0.0017000000000000001,200.0,6953,3577,3,7,2.354,0.5341,0.7194,4235.717176582969,0,0,0,VEG_AGRI,1.0,0.0,train
3458,97,0.0097,460.0,6958,3205,9,14,1.529,0.5761,0.671,2914.5497079308834,0,0,0,VEG_AGRI,1.0,0.0,train
3459,2250,0.225,6960.0,6980,3269,113,70,2.264,0.0584,0.2804,1621.8816233005416,0,0,0,VEG_AGRI,0.9884444444444445,0.0,train
3460,23,0.0023,220.0,6994,3317,7,4,1.611,0.5972,0.7878,2546.566315649369,0,0,0,VEG_AGRI,1.0,0.0,train
3461,30,0.003,260.0,7009,3441,4,9,2.132,0.5577,0.7725,2915.647440964013,0,0,0,VEG_AGRI,1.0,0.0,train
3462,30,0.003,280.0,7015,3336,8,6,2.102,0.4809,0.6845,2372.4459951703852,0,0,0,VEG_AGRI,1.0,0.0,train
3463,28,0.0028,300.0,7028,3268,9,6,2.05,0.391,0.554,2150.0232556881797,0,0,0,VEG_AGRI,1.0,0.0,train
3464,51,0.0051,400.0,7029,1580,7,13,2.9,0.4006,0.6592,3740.9223461601014,0,0,4,VEG_AGRI,1.0,0.0,train
3465,6,0.0006000000000000001,120.0,7038,3273,4,2,2.031,0.5236,0.75,2100.0238093888365,0,0,0,VEG_AGRI,1.0,0.0,train
3466,172,0.0172,820.0,7038,3334,20,18,1.304,0.3214,0.4744,2045.9960899278374,0,0,0,VEG_AGRI,1.0,0.0,train
3467,283,0.028300000000000002,900.0,7041,1645,19,25,1.758,0.439,0.5959,4012.4057621332367,7,0,32,VEG_AGRI,1.0,0.0,train
3468,22,0.0022,220.0,7058,3328,5,6,1.164,0.5712,0.6747,1968.4003657792791,0,0,0,VEG_AGRI,1.0,0.0,train
3469,7,0.0007,140.0,7060,3447,5,2,3.329,0.4488,0.6153,2547.508586835381,0,0,0,VEG_AGRI,1.0,0.0,train
3470,23,0.0023,240.0,7067,3442,6,5,1.341,0.5018,0.6015,2455.381844031596,0,0,0,VEG_AGRI,1.0,0.0,train
3471,158,0.0158,700.0,7069,1628,17,18,2.29,0.4052,0.6099,4239.540069394321,5,0,41,VEG_AGRI,1.0,0.0,train
3472,34,0.0034000000000000002,300.0,7077,3332,8,7,1.548,0.4747,0.6859,1767.8518037437414,0,0,0,VEG_AGRI,1.0,0.0,train
3473,26,0.0026000000000000003,260.0,7090,1570,7,6,2.3,0.4833,0.6684,4334.1550502952705,0,0,12,VEG_AGRI,1.0,0.0,train
3474,608,0.0608,1740.0,7099,995,36,37,1.906,0.2524,0.4297,5233.067933822376,4,0,436,VEG_AGRI,0.9983552631578947,0.0,train
3475,11,0.0011,180.0,7105,1570,5,4,1.444,0.4266,0.6495,4484.473213210221,0,0,9,VEG_AGRI,1.0,0.0,train
3476,405,0.0405,1120.0,7106,1855,32,23,2.387,0.4057,0.6465,5598.115754430235,0,0,402,VEG_AGRI,1.0,0.0,train
3477,355,0.035500000000000004,1080.0,7114,754,16,30,2.055,0.3825,0.7326,3674.914965002592,0,0,180,VEG_AGRI,1.0,0.0,train
3478,41,0.0041,400.0,7126,724,10,8,1.313,0.322,0.5009,3412.1693979050924,0,0,18,VEG_AGRI,1.0,0.0,train
3479,7,0.0007,120.0,7127,2345,3,3,1.08,0.6109,0.7778,5157.227937564909,0,4,0,VEG_AGRI,1.0,0.0,outside_patches
3480,1393,0.1393,2160.0,7132,1064,56,45,1.715,0.3752,0.5873,5348.429676082505,9,0,983,VEG_AGRI,0.9863603732950467,0.0,train
3481,3,0.00030000000000000003,80.0,7143,2339,1,3,31622.777,0.589,1.0,5326.856483893667,0,0,0,VEG_AGRI,1.0,0.0,outside_patches
3482,435,0.043500000000000004,1140.0,7157,755,28,25,1.286,0.4206,0.6684,3844.6846424641903,0,0,306,VEG_AGRI,1.0,0.0,train
3483,82,0.0082,500.0,7178,2498,13,10,1.523,0.4122,0.6344,5141.060201942786,0,0,0,VEG_AGRI,1.0,0.0,outside_patches
3484,1,0.0001,40.0,7187,761,1,1,1.0,0.7854,,3976.9460645072872,0,0,1,VEG_AGRI,1.0,0.0,train
3485,100,0.01,520.0,7193,2479,15,10,1.782,0.4647,0.6745,5330.459642469868,0,0,0,VEG_AGRI,1.0,0.0,outside_patches
3486,639,0.0639,1560.0,7221,1020,28,44,1.591,0.33,0.5078,6258.154680095404,12,0,348,VEG_AGRI,1.0,0.0,train
3487,39,0.0039000000000000003,300.0,7227,957,8,7,1.116,0.5445,0.6481,5814.232537489363,0,0,18,VEG_AGRI,1.0,0.0,train
3488,310,0.031,1040.0,7230,920,19,31,2.836,0.3602,0.6675,5489.571932309476,0,0,188,VEG_AGRI,0.9903225806451613,0.0,train
3489,15,0.0015,180.0,7255,1408,6,3,1.963,0.5818,0.7545,6087.446098323993,0,0,1,VEG_AGRI,1.0,0.0,train
3490,53,0.0053,400.0,7262,1339,9,11,1.876,0.4163,0.5976,6324.531603209838,3,0,32,VEG_AGRI,1.0,0.0,train
3491,750,0.075,1860.0,7269,2173,26,52,2.855,0.2724,0.6255,7067.566766575326,0,3,333,VEG_AGRI,1.0,0.0,outside_patches
3492,357,0.0357,1140.0,7278,2240,27,27,1.112,0.3452,0.5464,6906.113233939913,0,7,210,VEG_AGRI,1.0,0.0,outside_patches
3493,417,0.0417,1680.0,7297,2220,29,50,3.444,0.1857,0.343,7151.3984646361305,0,4,97,VEG_AGRI,1.0,0.0,outside_patches
3494,14,0.0014,180.0,7309,2352,5,4,1.26,0.543,0.6606,6331.271594237606,0,0,0,VEG_AGRI,1.0,0.0,outside_patches
3495,12,0.0012000000000000001,160.0,7314,2299,4,4,1.732,0.589,0.7333,6842.696836774226,0,0,0,VEG_AGRI,1.0,0.0,outside_patches
3496,224,0.0224,760.0,7318,2320,17,21,1.662,0.4873,0.6526,6445.246310266195,0,0,0,VEG_AGRI,1.0,0.0,outside_patches
3497,19,0.0019,200.0,7319,1304,5,5,1.168,0.5969,0.7258,6926.651427638033,0,0,18,VEG_AGRI,1.0,0.0,train
3498,325,0.0325,1060.0,7324,2170,18,34,3.173,0.3635,0.7078,7597.697019492157,10,2,259,VEG_AGRI,1.0,0.0,outside_patches
3499,53,0.0053,360.0,7325,1281,7,11,1.997,0.5139,0.6965,6974.130770210722,0,0,52,VEG_AGRI,1.0,0.0,train
3500,52,0.005200000000000001,320.0,7329,2145,8,8,1.057,0.6381,0.6781,7896.23961135932,0,0,45,VEG_AGRI,1.0,0.0,train
3501,118,0.0118,540.0,7332,2276,14,13,1.384,0.5085,0.7133,6944.494222043821,0,0,0,VEG_AGRI,1.0,0.0,outside_patches
3502,103,0.0103,440.0,7334,2241,9,13,1.452,0.6686,0.7257,7283.19984622144,0,0,0,VEG_AGRI,1.0,0.0,outside_patches
3503,74,0.0074,440.0,7344,2259,9,13,1.608,0.4803,0.6749,7097.978585484743,0,0,0,VEG_AGRI,1.0,0.0,outside_patches
3504,103,0.0103,620.0,7351,2235,7,22,3.296,0.3367,0.6018,7234.94989616376,0,0,0,VEG_AGRI,1.0,0.0,outside_patches
3505,3360,0.336,5860.0,7353,2251,71,113,2.138,0.123,0.403,6126.548783777045,0,0,0,VEG_AGRI,0.9717261904761905,0.0,outside_patches
3506,1484,0.1484,3600.0,7360,31,65,65,1.418,0.1439,0.3568,0.0,0,0,1484,PRE_EXISTING_WATER,0.0,0.3247978436657682,outside_patches
3507,6,0.0006000000000000001,100.0,7360,2133,2,3,1.633,0.754,1.0,8243.185064039264,0,0,6,VEG_AGRI,1.0,0.0,train
3508,24,0.0024000000000000002,220.0,7366,2230,6,5,1.416,0.6231,0.6957,7436.90795962946,0,0,0,VEG_AGRI,1.0,0.0,outside_patches
3509,7290,0.729,14100.0,7369,2106,180,143,1.869,0.0461,0.3224,7279.32002318898,0,4,0,VEG_AGRI,0.9895747599451303,0.0,train
3510,16,0.0016,200.0,7372,2511,5,5,1.263,0.5027,0.611,4643.070105005953,0,0,0,VEG_AGRI,1.0,0.0,outside_patches
3511,34,0.0034000000000000002,320.0,7373,19,8,8,2.159,0.4172,0.6449,0.0,0,0,34,PRE_EXISTING_WATER,0.0,0.11764705882352941,outside_patches
3512,1,0.0001,40.0,7374,2219,1,1,1.0,0.7854,,7583.310622676616,0,0,0,VEG_AGRI,1.0,0.0,outside_patches
3513,197,0.019700000000000002,820.0,7392,2501,15,25,2.223,0.3682,0.6071,4517.753866690836,0,0,0,VEG_AGRI,1.0,0.0,outside_patches
3514,6,0.0006000000000000001,120.0,7413,2279,3,3,1.732,0.5236,0.6492,6936.490467087806,0,0,0,VEG_AGRI,1.0,0.0,outside_patches
3515,159,0.0159,920.0,7414,2266,23,16,2.34,0.2361,0.4076,6931.623186527093,0,0,0,VEG_AGRI,0.9622641509433962,0.0,outside_patches
3516,125,0.0125,680.0,7419,2349,20,14,2.742,0.3397,0.6055,6123.26710180113,0,0,0,VEG_AGRI,1.0,0.0,outside_patches
3517,20,0.002,200.0,7423,2215,5,5,1.184,0.6283,0.7584,7552.145390549629,0,0,0,VEG_AGRI,1.0,0.0,outside_patches
3518,1,0.0001,40.0,7423,2221,1,1,1.0,0.7854,,7533.213125884598,0,0,0,VEG_AGRI,1.0,0.0,outside_patches
3519,959,0.0959,2280.0,7426,2201,51,51,2.776,0.2318,0.4846,7230.17288866594,0,0,0,VEG_AGRI,0.9854014598540146,0.0,outside_patches
3520,277,0.027700000000000002,1140.0,7427,2568,23,27,1.681,0.2678,0.4126,3802.578072834271,0,0,0,VEG_AGRI,1.0,0.0,outside_patches
3521,18,0.0018000000000000002,200.0,7428,2323,4,6,1.447,0.5655,0.6776,6461.741251396561,0,0,0,VEG_AGRI,0.7222222222222222,0.0,outside_patches
3522,1607,0.1607,3120.0,7434,2280,48,60,1.583,0.2075,0.5447,6354.533814529591,0,0,0,VEG_AGRI,0.9489732420659615,0.0,outside_patches
3523,91,0.0091,480.0,7437,2546,12,12,1.555,0.4963,0.6923,4170.191842109905,0,0,0,VEG_AGRI,0.989010989010989,0.0,outside_patches
3524,46,0.0046,320.0,7438,2605,8,8,1.273,0.5645,0.7497,3620.055248197187,0,0,0,VEG_AGRI,1.0,0.0,outside_patches
3525,30,0.003,240.0,7444,2273,6,6,1.12,0.6545,0.7574,6960.0,0,0,0,VEG_AGRI,1.0,0.0,outside_patches
3526,242,0.024200000000000003,1280.0,7458,2562,16,38,3.75,0.1856,0.4095,3751.9195087314974,0,0,0,VEG_AGRI,1.0,0.0,outside_patches
3527,12,0.0012000000000000001,160.0,7461,2356,4,4,1.31,0.589,0.6938,6151.828996322964,0,0,0,VEG_AGRI,1.0,0.0,outside_patches
3528,14,0.0014,180.0,7465,2598,4,5,1.43,0.543,0.6953,3725.922704512266,0,0,0,VEG_AGRI,1.0,0.0,outside_patches
3529,14724,1.4724000000000002,23140.0,7469,2203,166,219,1.692,0.0346,0.4782,5697.1747384120135,0,0,0,VEG_AGRI,0.9593181200760663,0.0,outside_patches
3530,425,0.0425,1040.0,7475,2620,26,25,1.297,0.4938,0.6268,3321.806737304264,0,0,0,VEG_AGRI,0.7105882352941176,0.0,outside_patches
3531,170,0.017,660.0,7476,2397,13,19,1.672,0.4904,0.6432,5602.231698171721,0,0,0,VEG_AGRI,1.0,0.0,outside_patches
3532,64,0.0064,360.0,7485,2657,8,10,1.271,0.6206,0.7095,3108.504463564432,0,0,0,VEG_AGRI,0.90625,0.0,outside_patches
3533,23,0.0023,240.0,7490,2400,8,4,1.822,0.5018,0.6566,5727.704601321546,0,0,0,VEG_AGRI,1.0,0.0,outside_patches
3534,4,0.0004,100.0,7498,2135,4,1,40824.829,0.5027,1.0,8406.098976338548,0,0,0,VEG_AGRI,1.0,0.0,train
3535,7,0.0007,120.0,7499,2600,3,3,1.08,0.6109,0.7778,3757.5657013550676,0,0,0,VEG_AGRI,0.5714285714285714,0.0,outside_patches
3536,1806,0.1806,2920.0,7502,2002,80,34,2.56,0.2662,0.7068,9438.273147138729,0,0,0,VEG_AGRI,1.0,0.0,train
3537,3,0.00030000000000000003,80.0,7502,2121,2,2,1.732,0.589,0.7279,8539.045614118711,0,0,0,VEG_AGRI,1.0,0.0,train
3538,15,0.0015,180.0,7503,3025,3,6,1.963,0.5818,0.7545,751.6648189186453,0,0,0,VEG_AGRI,1.0,0.0,outside_patches
3539,14,0.0014,200.0,7506,2165,5,5,1.192,0.4398,0.5616,8073.840474024738,0,0,0,VEG_AGRI,0.7142857142857143,0.0,train
3540,244,0.0244,1020.0,7507,2588,21,23,1.259,0.2947,0.5121,3697.580289865252,0,0,0,VEG_AGRI,0.8565573770491803,0.0,outside_patches
3541,3,0.00030000000000000003,80.0,7510,2138,2,2,1.732,0.589,0.7279,8374.491029310379,0,0,0,VEG_AGRI,1.0,0.0,train
3542,1,0.0001,40.0,7511,2105,1,1,1.0,0.7854,,8714.275644022284,0,0,0,VEG_AGRI,1.0,0.0,train
3543,2,0.0002,60.0,7511,2207,2,1,1.0,0.6981,,7697.49309840548,0,0,0,VEG_AGRI,1.0,0.0,outside_patches
3544,5,0.0005,100.0,7512,2099,2,3,1.732,0.6283,0.687,8754.91290647714,0,0,0,VEG_AGRI,1.0,0.0,train
3545,1,0.0001,40.0,7512,2103,1,1,1.0,0.7854,,8734.969948431419,0,0,0,VEG_AGRI,1.0,0.0,train
3546,25,0.0025,260.0,7520,2512,5,8,1.977,0.4647,0.6261,4611.398920067532,0,0,0,VEG_AGRI,1.0,0.0,outside_patches
3547,490,0.049,1560.0,7521,2468,26,43,1.789,0.253,0.4088,4703.456176047567,0,0,0,VEG_AGRI,0.963265306122449,0.0,outside_patches
3548,1,0.0001,40.0,7522,2611,1,1,1.0,0.7854,,3708.7059737865447,0,0,0,BARE_SAND,0.0,0.0,outside_patches
3549,533,0.0533,1340.0,7528,2745,26,34,1.317,0.373,0.589,2165.848563496534,0,0,0,VEG_AGRI,0.9174484052532833,0.0,outside_patches
3550,141,0.014100000000000001,620.0,7529,2432,13,18,1.467,0.4609,0.6418,5324.90375499877,0,0,0,VEG_AGRI,1.0,0.0,outside_patches
3551,4,0.0004,100.0,7530,2117,2,3,1.633,0.5027,0.6667,8592.147577875976,0,0,0,VEG_AGRI,1.0,0.0,train
3552,88,0.0088,460.0,7532,2092,8,15,2.303,0.5226,0.7186,8724.494254683192,0,0,0,VEG_AGRI,1.0,0.0,train
3553,26,0.0026000000000000003,260.0,7533,2111,8,5,1.358,0.4833,0.5636,8633.944637302233,0,0,0,VEG_AGRI,1.0,0.0,train
3554,15,0.0015,220.0,7537,2519,6,5,2.861,0.3895,0.6165,4606.918709940517,0,0,0,VEG_AGRI,1.0,0.0,outside_patches
3555,13,0.0013000000000000002,160.0,7538,2467,5,3,1.58,0.6381,0.6968,5134.919668310304,0,0,0,VEG_AGRI,1.0,0.0,outside_patches
3556,53,0.0053,360.0,7542,2786,8,10,1.412,0.5139,0.6183,2040.7106605298068,0,0,0,VEG_AGRI,0.9622641509433962,0.0,outside_patches
3557,65,0.006500000000000001,460.0,7544,2162,9,13,1.946,0.386,0.5746,8066.033721724699,0,0,0,VEG_AGRI,1.0,0.0,train
3558,556,0.055600000000000004,1540.0,7545,2452,32,39,1.565,0.2946,0.4513,4981.76675487723,0,0,0,VEG_AGRI,0.9982014388489209,0.0,outside_patches
3559,54,0.0054,340.0,7556,2421,8,9,1.062,0.587,0.6838,5570.008976653448,0,0,0,VEG_AGRI,1.0,0.0,outside_patches
3560,843,0.0843,2100.0,7557,2494,40,46,1.456,0.2402,0.4558,4515.1522676428085,0,0,0,VEG_AGRI,0.7912218268090154,0.0,outside_patches
3561,8,0.0008,160.0,7570,2033,3,4,2.016,0.3927,0.6196,9462.92238159016,0,0,0,VEG_AGRI,1.0,0.0,outside_patches
3562,238,0.0238,880.0,7574,2436,16,24,1.928,0.3862,0.6302,5318.966064941569,0,0,0,VEG_AGRI,1.0,0.0,outside_patches
3563,36,0.0036000000000000003,300.0,7581,2355,10,5,1.821,0.5027,0.6368,6296.427558544607,0,0,0,VEG_AGRI,0.7222222222222222,0.0,outside_patches
3564,10,0.001,160.0,7581,2606,4,4,1.1,0.4909,0.6538,3898.640788787805,0,0,0,VEG_AGRI,0.9,0.0,outside_patches
3565,370,0.037000000000000005,1320.0,7591,2593,30,27,1.263,0.2668,0.5505,3889.8071931652344,0,0,0,VEG_AGRI,0.9891891891891892,0.0,outside_patches
3566,26,0.0026000000000000003,240.0,7603,2495,5,7,1.407,0.5672,0.6534,4990.090179545857,0,0,0,VEG_AGRI,1.0,0.0,outside_patches
3567,52,0.005200000000000001,360.0,7605,2279,7,11,2.103,0.5042,0.7093,7036.661140057832,0,0,0,VEG_AGRI,1.0,0.0,outside_patches
3568,30,0.003,260.0,7608,2019,6,7,1.474,0.5577,0.6693,9628.966715073846,0,0,0,VEG_AGRI,1.0,0.0,outside_patches
3569,120,0.012,520.0,7609,2484,15,11,1.359,0.5577,0.7259,5081.899251264236,0,0,0,VEG_AGRI,1.0,0.0,outside_patches
3570,39,0.0039000000000000003,340.0,7614,2009,10,5,2.345,0.424,0.6883,9755.741899004914,0,0,0,VEG_AGRI,1.0,0.0,outside_patches
3571,15,0.0015,200.0,7618,2203,5,5,1.119,0.4712,0.624,7862.684020104076,0,0,0,VEG_AGRI,1.0,0.0,outside_patches
3572,6,0.0006000000000000001,120.0,7619,2033,3,3,1.732,0.5236,0.6492,9548.03644735398,0,0,0,VEG_AGRI,1.0,0.0,outside_patches
3573,655,0.0655,2020.0,7626,2184,29,51,2.851,0.2017,0.4838,7660.313309519396,0,0,0,VEG_AGRI,1.0,0.0,outside_patches
3574,58,0.0058000000000000005,420.0,7629,2033,7,13,2.319,0.4132,0.5617,9472.412575474107,0,0,0,VEG_AGRI,1.0,0.0,outside_patches
3575,158,0.0158,900.0,7634,877,13,22,1.748,0.2451,0.5524,3848.8050093503043,0,0,0,VEG_AGRI,0.9873417721518988,0.0,outside_patches
3576,45,0.0045000000000000005,300.0,7634,2882,9,6,1.478,0.6283,0.7895,2075.7649192526596,0,0,0,VEG_AGRI,1.0,0.0,outside_patches
3577,58,0.0058000000000000005,380.0,7636,857,7,12,2.226,0.5047,0.7154,3650.3835414925925,0,0,0,VEG_AGRI,0.8448275862068966,0.0,outside_patches
3578,64,0.0064,360.0,7637,1700,9,9,1.14,0.6206,0.6824,9933.101227713327,0,0,0,VEG_AGRI,1.0,0.0,outside_patches
3579,84,0.008400000000000001,540.0,7637,2088,13,13,2.325,0.362,0.5857,8950.558641783206,0,0,0,VEG_AGRI,1.0,0.0,outside_patches
3580,34,0.0034000000000000002,280.0,7649,2036,7,7,1.178,0.545,0.6833,9547.109510213026,0,0,0,VEG_AGRI,1.0,0.0,outside_patches
