zone,date,year,valid_share,n_valid,in_training,pool_observed_share,scenes,raster
ZONE_1_KAKHOVKA_LOWER_DNIPRO,2017-07-01,2017,0.6528,62703248,False,0.9942,S2B_MSIL2A_20170701T084019_N0500_R064_T36TWS_20231007T160957.SAFE|S2B_MSIL2A_20170701T084019_N0500_R064_T36TWT_20231007T160957.SAFE|S2B_MSIL2A_20170701T084019_N0500_R064_T36TXT_20231007T160957.SAFE,/mnt/f/data_kakhovka_dem_swot/rf_by_date/ZONE_1_KAKHOVKA_LOWER_DNIPRO/2017-07-01_rf.tif
ZONE_1_KAKHOVKA_LOWER_DNIPRO,2018-09-19,2018,0.655,62912535,False,0.9942,S2A_MSIL2A_20180919T083621_N0500_R064_T36TWS_20230824T132744.SAFE|S2A_MSIL2A_20180919T083621_N0500_R064_T36TWT_20230824T132744.SAFE|S2A_MSIL2A_20180919T083621_N0500_R064_T36TXT_20230824T132744.SAFE,/mnt/f/data_kakhovka_dem_swot/rf_by_date/ZONE_1_KAKHOVKA_LOWER_DNIPRO/2018-09-19_rf.tif
ZONE_1_KAKHOVKA_LOWER_DNIPRO,2019-08-25,2019,0.6526,62686724,False,0.9941,S2A_MSIL2A_20190825T083601_N0500_R064_T36TWS_20230721T173639.SAFE|S2A_MSIL2A_20190825T083601_N0500_R064_T36TWT_20230721T173639.SAFE|S2A_MSIL2A_20190825T083601_N0500_R064_T36TXT_20230721T173639.SAFE,/mnt/f/data_kakhovka_dem_swot/rf_by_date/ZONE_1_KAKHOVKA_LOWER_DNIPRO/2019-08-25_rf.tif
ZONE_1_KAKHOVKA_LOWER_DNIPRO,2019-09-09,2019,0.6519,62618011,False,0.9941,S2B_MSIL2A_20190909T083559_N0500_R064_T36TWS_20230703T014234.SAFE|S2B_MSIL2A_20190909T083559_N0500_R064_T36TWT_20230703T014234.SAFE|S2B_MSIL2A_20190909T083559_N0500_R064_T36TXT_20230703T014234.SAFE,/mnt/f/data_kakhovka_dem_swot/rf_by_date/ZONE_1_KAKHOVKA_LOWER_DNIPRO/2019-09-09_rf.tif
ZONE_1_KAKHOVKA_LOWER_DNIPRO,2020-06-10,2020,0.6532,62739106,False,0.9923,S2A_MSIL2A_20200610T083611_N0500_R064_T36TWS_20230618T091046.SAFE|S2A_MSIL2A_20200610T083611_N0500_R064_T36TWT_20230618T091046.SAFE|S2A_MSIL2A_20200610T083611_N0500_R064_T36TXT_20230618T091046.SAFE,/mnt/f/data_kakhovka_dem_swot/rf_by_date/ZONE_1_KAKHOVKA_LOWER_DNIPRO/2020-06-10_rf.tif
ZONE_1_KAKHOVKA_LOWER_DNIPRO,2020-07-05,2020,0.6476,62201656,False,0.9942,S2B_MSIL2A_20200705T083559_N0500_R064_T36TWS_20230615T043858.SAFE|S2B_MSIL2A_20200705T083559_N0500_R064_T36TWT_20230615T043858.SAFE|S2B_MSIL2A_20200705T083559_N0500_R064_T36TXT_20230615T043858.SAFE,/mnt/f/data_kakhovka_dem_swot/rf_by_date/ZONE_1_KAKHOVKA_LOWER_DNIPRO/2020-07-05_rf.tif
ZONE_1_KAKHOVKA_LOWER_DNIPRO,2021-04-01,2021,0.652,62625979,True,0.9942,S2B_MSIL2A_20210401T083559_N0500_R064_T36TWS_20230511T202941.SAFE|S2B_MSIL2A_20210401T083559_N0500_R064_T36TWT_20230511T202941.SAFE|S2B_MSIL2A_20210401T083559_N0500_R064_T36TXT_20230511T202941.SAFE,/mnt/f/data_kakhovka_dem_swot/rf_by_date/ZONE_1_KAKHOVKA_LOWER_DNIPRO/2021-04-01_rf.tif
ZONE_1_KAKHOVKA_LOWER_DNIPRO,2021-04-06,2021,0.6281,60328510,True,0.8678,S2A_MSIL2A_20210406T083601_N0500_R064_T36TWS_20230525T011135.SAFE|S2A_MSIL2A_20210406T083601_N0500_R064_T36TWT_20230525T011135.SAFE|S2A_MSIL2A_20210406T083601_N0500_R064_T36TXS_20230525T011135.SAFE|S2A_MSIL2A_20210406T083601_N0500_R064_T36TXT_20230525T011135.SAFE,/mnt/f/data_kakhovka_dem_swot/rf_by_date/ZONE_1_KAKHOVKA_LOWER_DNIPRO/2021-04-06_rf.tif
ZONE_1_KAKHOVKA_LOWER_DNIPRO,2021-05-01,2021,0.2649,25439280,True,0.5229,S2B_MSIL2A_20210501T083559_N0500_R064_T36TXS_20230226T184530.SAFE|S2B_MSIL2A_20210501T083559_N0500_R064_T36TXT_20230226T184530.SAFE,/mnt/f/data_kakhovka_dem_swot/rf_by_date/ZONE_1_KAKHOVKA_LOWER_DNIPRO/2021-05-01_rf.tif
ZONE_1_KAKHOVKA_LOWER_DNIPRO,2021-05-04,2021,0.4267,40981586,True,0.4776,S2B_MSIL2A_20210504T084559_N0500_R107_T36TWS_20230306T183611.SAFE|S2B_MSIL2A_20210504T084559_N0500_R107_T36TWT_20230306T183611.SAFE,/mnt/f/data_kakhovka_dem_swot/rf_by_date/ZONE_1_KAKHOVKA_LOWER_DNIPRO/2021-05-04_rf.tif
ZONE_1_KAKHOVKA_LOWER_DNIPRO,2021-05-26,2021,0.4895,47021566,True,0.4342,S2A_MSIL2A_20210526T083601_N0500_R064_T36TWS_20230226T213419.SAFE|S2A_MSIL2A_20210526T083601_N0500_R064_T36TWT_20230226T213419.SAFE|S2A_MSIL2A_20210526T083601_N0500_R064_T36TXS_20230226T213419.SAFE,/mnt/f/data_kakhovka_dem_swot/rf_by_date/ZONE_1_KAKHOVKA_LOWER_DNIPRO/2021-05-26_rf.tif
ZONE_1_KAKHOVKA_LOWER_DNIPRO,2021-06-13,2021,0.332,31892031,True,0.4713,S2B_MSIL2A_20210613T084559_N0500_R107_T36TWS_20230319T224920.SAFE|S2B_MSIL2A_20210613T084559_N0500_R107_T36TWT_20230319T224920.SAFE,/mnt/f/data_kakhovka_dem_swot/rf_by_date/ZONE_1_KAKHOVKA_LOWER_DNIPRO/2021-06-13_rf.tif
ZONE_1_KAKHOVKA_LOWER_DNIPRO,2021-06-25,2021,0.4531,43520149,True,0.4268,S2A_MSIL2A_20210625T083601_N0500_R064_T36TWS_20230308T163218.SAFE|S2A_MSIL2A_20210625T083601_N0500_R064_T36TXS_20230308T163218.SAFE|S2A_MSIL2A_20210625T083601_N0500_R064_T36TXT_20230308T163218.SAFE,/mnt/f/data_kakhovka_dem_swot/rf_by_date/ZONE_1_KAKHOVKA_LOWER_DNIPRO/2021-06-25_rf.tif
ZONE_1_KAKHOVKA_LOWER_DNIPRO,2021-06-30,2021,0.3961,38041172,True,0.8458,S2B_MSIL2A_20210630T083559_N0500_R064_T36TWT_20230319T153615.SAFE|S2B_MSIL2A_20210630T083559_N0500_R064_T36TXT_20230319T153615.SAFE,/mnt/f/data_kakhovka_dem_swot/rf_by_date/ZONE_1_KAKHOVKA_LOWER_DNIPRO/2021-06-30_rf.tif
ZONE_1_KAKHOVKA_LOWER_DNIPRO,2021-07-08,2021,0.3047,29263188,True,0.4362,S2A_MSIL2A_20210708T084601_N0500_R107_T36TWT_20230826T111634.SAFE,/mnt/f/data_kakhovka_dem_swot/rf_by_date/ZONE_1_KAKHOVKA_LOWER_DNIPRO/2021-07-08_rf.tif
ZONE_1_KAKHOVKA_LOWER_DNIPRO,2021-07-15,2021,0.6526,62683993,True,0.9941,S2A_MSIL2A_20210715T083601_N0500_R064_T36TWS_20230207T164304.SAFE|S2A_MSIL2A_20210715T083601_N0500_R064_T36TWT_20230207T164304.SAFE|S2A_MSIL2A_20210715T083601_N0500_R064_T36TXT_20230207T164304.SAFE,/mnt/f/data_kakhovka_dem_swot/rf_by_date/ZONE_1_KAKHOVKA_LOWER_DNIPRO/2021-07-15_rf.tif
ZONE_1_KAKHOVKA_LOWER_DNIPRO,2021-07-20,2021,0.3541,34013529,True,0.5404,S2B_MSIL2A_20210720T083559_N0500_R064_T36TXS_20230214T133511.SAFE|S2B_MSIL2A_20210720T083559_N0500_R064_T36TXT_20230214T133511.SAFE,/mnt/f/data_kakhovka_dem_swot/rf_by_date/ZONE_1_KAKHOVKA_LOWER_DNIPRO/2021-07-20_rf.tif
ZONE_1_KAKHOVKA_LOWER_DNIPRO,2021-07-28,2021,0.1554,14931061,True,0.0699,S2A_MSIL2A_20210728T084601_N0500_R107_T36TWS_20230221T004352.SAFE,/mnt/f/data_kakhovka_dem_swot/rf_by_date/ZONE_1_KAKHOVKA_LOWER_DNIPRO/2021-07-28_rf.tif
ZONE_1_KAKHOVKA_LOWER_DNIPRO,2021-08-02,2021,0.4321,41506482,True,0.4908,S2B_MSIL2A_20210802T084559_N0500_R107_T36TWS_20230210T041527.SAFE|S2B_MSIL2A_20210802T084559_N0500_R107_T36TWT_20230210T041527.SAFE,/mnt/f/data_kakhovka_dem_swot/rf_by_date/ZONE_1_KAKHOVKA_LOWER_DNIPRO/2021-08-02_rf.tif
ZONE_1_KAKHOVKA_LOWER_DNIPRO,2021-08-04,2021,0.2335,22426292,True,0.5339,S2A_MSIL2A_20210804T083601_N0500_R064_T36TXT_20230122T130132.SAFE,/mnt/f/data_kakhovka_dem_swot/rf_by_date/ZONE_1_KAKHOVKA_LOWER_DNIPRO/2021-08-04_rf.tif
ZONE_1_KAKHOVKA_LOWER_DNIPRO,2021-08-19,2021,0.3583,34414141,True,0.5405,S2B_MSIL2A_20210819T083559_N0500_R064_T36TXS_20230216T171338.SAFE|S2B_MSIL2A_20210819T083559_N0500_R064_T36TXT_20230216T171338.SAFE,/mnt/f/data_kakhovka_dem_swot/rf_by_date/ZONE_1_KAKHOVKA_LOWER_DNIPRO/2021-08-19_rf.tif
ZONE_1_KAKHOVKA_LOWER_DNIPRO,2021-08-24,2021,0.3823,36722103,True,0.4502,S2A_MSIL2A_20210824T083601_N0500_R064_T36TWS_20230217T220111.SAFE|S2A_MSIL2A_20210824T083601_N0500_R064_T36TWT_20230217T220111.SAFE,/mnt/f/data_kakhovka_dem_swot/rf_by_date/ZONE_1_KAKHOVKA_LOWER_DNIPRO/2021-08-24_rf.tif
ZONE_1_KAKHOVKA_LOWER_DNIPRO,2021-08-29,2021,0.1345,12914287,True,0.0,S2B_MSIL2A_20210829T083559_N0500_R064_T36TXS_20230218T210145.SAFE,/mnt/f/data_kakhovka_dem_swot/rf_by_date/ZONE_1_KAKHOVKA_LOWER_DNIPRO/2021-08-29_rf.tif
ZONE_1_KAKHOVKA_LOWER_DNIPRO,2021-09-08,2021,0.6508,62506718,True,0.9942,S2B_MSIL2A_20210908T083559_N0500_R064_T36TWS_20230117T045558.SAFE|S2B_MSIL2A_20210908T083559_N0500_R064_T36TWT_20230117T045558.SAFE|S2B_MSIL2A_20210908T083559_N0500_R064_T36TXT_20230117T045558.SAFE,/mnt/f/data_kakhovka_dem_swot/rf_by_date/ZONE_1_KAKHOVKA_LOWER_DNIPRO/2021-09-08_rf.tif
ZONE_1_KAKHOVKA_LOWER_DNIPRO,2021-09-13,2021,0.6514,62569664,True,0.9941,S2A_MSIL2A_20210913T083601_N0500_R064_T36TWS_20230121T062133.SAFE|S2A_MSIL2A_20210913T083601_N0500_R064_T36TWT_20230121T062133.SAFE|S2A_MSIL2A_20210913T083601_N0500_R064_T36TXT_20230121T062133.SAFE,/mnt/f/data_kakhovka_dem_swot/rf_by_date/ZONE_1_KAKHOVKA_LOWER_DNIPRO/2021-09-13_rf.tif
ZONE_1_KAKHOVKA_LOWER_DNIPRO,2021-10-01,2021,0.1558,14967716,True,0.0699,S2B_MSIL2A_20211001T084719_N0500_R107_T36TWS_20230113T173132.SAFE,/mnt/f/data_kakhovka_dem_swot/rf_by_date/ZONE_1_KAKHOVKA_LOWER_DNIPRO/2021-10-01_rf.tif
ZONE_1_KAKHOVKA_LOWER_DNIPRO,2021-10-18,2021,0.1837,17645304,True,0.4483,S2B_MSIL2A_20211018T083859_N0500_R064_T36TXS_20230115T215818.SAFE|S2B_MSIL2A_20211018T083859_N0500_R064_T36TXT_20230105T082556.SAFE,/mnt/f/data_kakhovka_dem_swot/rf_by_date/ZONE_1_KAKHOVKA_LOWER_DNIPRO/2021-10-18_rf.tif
ZONE_1_KAKHOVKA_LOWER_DNIPRO,2021-10-26,2021,0.4414,42397838,True,0.4921,S2A_MSIL2A_20211026T085041_N0500_R107_T36TWS_20230111T162807.SAFE|S2A_MSIL2A_20211026T085041_N0500_R107_T36TWT_20230111T162807.SAFE,/mnt/f/data_kakhovka_dem_swot/rf_by_date/ZONE_1_KAKHOVKA_LOWER_DNIPRO/2021-10-26_rf.tif
ZONE_1_KAKHOVKA_LOWER_DNIPRO,2021-10-28,2021,0.1162,11159909,True,0.0,S2B_MSIL2A_20211028T083949_N0500_R064_T36TXS_20230113T165815.SAFE,/mnt/f/data_kakhovka_dem_swot/rf_by_date/ZONE_1_KAKHOVKA_LOWER_DNIPRO/2021-10-28_rf.tif
ZONE_1_KAKHOVKA_LOWER_DNIPRO,2021-10-31,2021,0.3134,30099405,True,0.4491,S2B_MSIL2A_20211031T085019_N0500_R107_T36TWT_20230116T061858.SAFE,/mnt/f/data_kakhovka_dem_swot/rf_by_date/ZONE_1_KAKHOVKA_LOWER_DNIPRO/2021-10-31_rf.tif
ZONE_1_KAKHOVKA_LOWER_DNIPRO,2021-11-05,2021,0.1196,11488946,True,0.0699,S2A_MSIL2A_20211105T085141_N0500_R107_T36TWS_20230103T130516.SAFE,/mnt/f/data_kakhovka_dem_swot/rf_by_date/ZONE_1_KAKHOVKA_LOWER_DNIPRO/2021-11-05_rf.tif
ZONE_1_KAKHOVKA_LOWER_DNIPRO,2021-11-15,2021,0.3134,30099331,True,0.4489,S2A_MSIL2A_20211115T085231_N0500_R107_T36TWT_20230104T155547.SAFE,/mnt/f/data_kakhovka_dem_swot/rf_by_date/ZONE_1_KAKHOVKA_LOWER_DNIPRO/2021-11-15_rf.tif
ZONE_1_KAKHOVKA_LOWER_DNIPRO,2021-11-17,2021,0.5062,48622453,True,0.6075,S2B_MSIL2A_20211117T084139_N0500_R064_T36TWS_20221230T091916.SAFE|S2B_MSIL2A_20211117T084139_N0500_R064_T36TXS_20221230T091916.SAFE|S2B_MSIL2A_20211117T084139_N0500_R064_T36TXT_20221230T091916.SAFE,/mnt/f/data_kakhovka_dem_swot/rf_by_date/ZONE_1_KAKHOVKA_LOWER_DNIPRO/2021-11-17_rf.tif
ZONE_1_KAKHOVKA_LOWER_DNIPRO,2021-11-25,2021,0.3132,30086993,True,0.4436,S2A_MSIL2A_20211125T085311_N0500_R107_T36TWT_20230104T133951.SAFE,/mnt/f/data_kakhovka_dem_swot/rf_by_date/ZONE_1_KAKHOVKA_LOWER_DNIPRO/2021-11-25_rf.tif
ZONE_1_KAKHOVKA_LOWER_DNIPRO,2022-02-05,2022,0.1393,13377740,True,0.2621,S2B_MSIL2A_20220205T084039_N0510_R064_T36TXT_20240512T002343.SAFE,/mnt/f/data_kakhovka_dem_swot/rf_by_date/ZONE_1_KAKHOVKA_LOWER_DNIPRO/2022-02-05_rf.tif
ZONE_1_KAKHOVKA_LOWER_DNIPRO,2022-02-13,2022,0.1485,14261886,True,0.0672,S2A_MSIL2A_20220213T085051_N0510_R107_T36TWS_20240518T225415.SAFE,/mnt/f/data_kakhovka_dem_swot/rf_by_date/ZONE_1_KAKHOVKA_LOWER_DNIPRO/2022-02-13_rf.tif
ZONE_1_KAKHOVKA_LOWER_DNIPRO,2022-02-15,2022,0.6392,61394408,True,0.9855,S2B_MSIL2A_20220215T083929_N0510_R064_T36TWS_20240515T082319.SAFE|S2B_MSIL2A_20220215T083929_N0510_R064_T36TWT_20240515T082319.SAFE|S2B_MSIL2A_20220215T083929_N0510_R064_T36TXT_20240515T082319.SAFE,/mnt/f/data_kakhovka_dem_swot/rf_by_date/ZONE_1_KAKHOVKA_LOWER_DNIPRO/2022-02-15_rf.tif
ZONE_1_KAKHOVKA_LOWER_DNIPRO,2022-02-23,2022,0.3136,30122573,True,0.4491,S2A_MSIL2A_20220223T084941_N0510_R107_T36TWT_20240518T094420.SAFE,/mnt/f/data_kakhovka_dem_swot/rf_by_date/ZONE_1_KAKHOVKA_LOWER_DNIPRO/2022-02-23_rf.tif
ZONE_1_KAKHOVKA_LOWER_DNIPRO,2022-03-15,2022,0.4409,42351790,True,0.4897,S2A_MSIL2A_20220315T084731_N0510_R107_T36TWS_20240524T154053.SAFE|S2A_MSIL2A_20220315T084731_N0510_R107_T36TWT_20240524T154053.SAFE,/mnt/f/data_kakhovka_dem_swot/rf_by_date/ZONE_1_KAKHOVKA_LOWER_DNIPRO/2022-03-15_rf.tif
ZONE_1_KAKHOVKA_LOWER_DNIPRO,2022-03-17,2022,0.1905,18299407,True,0.52,S2B_MSIL2A_20220317T083659_N0510_R064_T36TXT_20240531T174500.SAFE,/mnt/f/data_kakhovka_dem_swot/rf_by_date/ZONE_1_KAKHOVKA_LOWER_DNIPRO/2022-03-17_rf.tif
ZONE_1_KAKHOVKA_LOWER_DNIPRO,2022-03-22,2022,0.7104,68232584,True,0.9941,S2A_MSIL2A_20220322T083631_N0510_R064_T36TWS_20240528T001912.SAFE|S2A_MSIL2A_20220322T083631_N0510_R064_T36TWT_20240528T001912.SAFE|S2A_MSIL2A_20220322T083631_N0510_R064_T36TXS_20240528T001912.SAFE|S2A_MSIL2A_20220322T083631_N0510_R064_T36TXT_20240528T001912.SAFE,/mnt/f/data_kakhovka_dem_swot/rf_by_date/ZONE_1_KAKHOVKA_LOWER_DNIPRO/2022-03-22_rf.tif
ZONE_1_KAKHOVKA_LOWER_DNIPRO,2022-04-06,2022,0.5748,55210763,True,0.9399,S2B_MSIL2A_20220406T083559_N0510_R064_T36TWS_20240602T003828.SAFE|S2B_MSIL2A_20220406T083559_N0510_R064_T36TWT_20240602T003828.SAFE|S2B_MSIL2A_20220406T083559_N0510_R064_T36TXT_20240602T003828.SAFE,/mnt/f/data_kakhovka_dem_swot/rf_by_date/ZONE_1_KAKHOVKA_LOWER_DNIPRO/2022-04-06_rf.tif
ZONE_1_KAKHOVKA_LOWER_DNIPRO,2022-04-26,2022,0.6462,62068840,True,0.9911,S2B_MSIL2A_20220426T083559_N0510_R064_T36TWS_20240531T010010.SAFE|S2B_MSIL2A_20220426T083559_N0510_R064_T36TWT_20240531T010010.SAFE|S2B_MSIL2A_20220426T083559_N0510_R064_T36TXT_20240531T010010.SAFE,/mnt/f/data_kakhovka_dem_swot/rf_by_date/ZONE_1_KAKHOVKA_LOWER_DNIPRO/2022-04-26_rf.tif
ZONE_1_KAKHOVKA_LOWER_DNIPRO,2022-05-06,2022,0.5044,48450476,True,0.9511,S2B_MSIL2A_20220506T083559_N0510_R064_T36TWT_20240612T225239.SAFE|S2B_MSIL2A_20220506T083559_N0510_R064_T36TXT_20240612T225239.SAFE,/mnt/f/data_kakhovka_dem_swot/rf_by_date/ZONE_1_KAKHOVKA_LOWER_DNIPRO/2022-05-06_rf.tif
ZONE_1_KAKHOVKA_LOWER_DNIPRO,2022-05-09,2022,0.1565,15029239,True,0.0699,S2B_MSIL2A_20220509T084559_N0510_R107_T36TWS_20240612T002208.SAFE,/mnt/f/data_kakhovka_dem_swot/rf_by_date/ZONE_1_KAKHOVKA_LOWER_DNIPRO/2022-05-09_rf.tif
ZONE_1_KAKHOVKA_LOWER_DNIPRO,2022-05-16,2022,0.1935,18589200,True,0.4849,S2B_MSIL2A_20220516T083559_N0510_R064_T36TXT_20240613T234636.SAFE,/mnt/f/data_kakhovka_dem_swot/rf_by_date/ZONE_1_KAKHOVKA_LOWER_DNIPRO/2022-05-16_rf.tif
ZONE_1_KAKHOVKA_LOWER_DNIPRO,2022-05-31,2022,0.4055,38948806,True,0.4922,S2A_MSIL2A_20220531T083611_N0510_R064_T36TWS_20240615T123859.SAFE|S2A_MSIL2A_20220531T083611_N0510_R064_T36TWT_20240615T123859.SAFE,/mnt/f/data_kakhovka_dem_swot/rf_by_date/ZONE_1_KAKHOVKA_LOWER_DNIPRO/2022-05-31_rf.tif
ZONE_1_KAKHOVKA_LOWER_DNIPRO,2022-06-03,2022,0.1536,14758017,True,0.0699,S2A_MSIL2A_20220603T084611_N0510_R107_T36TWS_20240714T224832.SAFE,/mnt/f/data_kakhovka_dem_swot/rf_by_date/ZONE_1_KAKHOVKA_LOWER_DNIPRO/2022-06-03_rf.tif
ZONE_1_KAKHOVKA_LOWER_DNIPRO,2022-06-05,2022,0.0871,8370157,True,0.0,S2B_MSIL2A_20220605T083559_N0510_R064_T36TXS_20240630T093909.SAFE,/mnt/f/data_kakhovka_dem_swot/rf_by_date/ZONE_1_KAKHOVKA_LOWER_DNIPRO/2022-06-05_rf.tif
ZONE_1_KAKHOVKA_LOWER_DNIPRO,2022-06-15,2022,0.2685,25793309,True,0.4485,S2B_MSIL2A_20220615T083609_N0510_R064_T36TWT_20240620T030007.SAFE,/mnt/f/data_kakhovka_dem_swot/rf_by_date/ZONE_1_KAKHOVKA_LOWER_DNIPRO/2022-06-15_rf.tif
ZONE_1_KAKHOVKA_LOWER_DNIPRO,2022-06-20,2022,0.7017,67399666,True,0.9905,S2A_MSIL2A_20220620T083611_N0510_R064_T36TWS_20240703T013224.SAFE|S2A_MSIL2A_20220620T083611_N0510_R064_T36TWT_20240703T013224.SAFE|S2A_MSIL2A_20220620T083611_N0510_R064_T36TXS_20240703T013224.SAFE|S2A_MSIL2A_20220620T083611_N0510_R064_T36TXT_20240703T013224.SAFE,/mnt/f/data_kakhovka_dem_swot/rf_by_date/ZONE_1_KAKHOVKA_LOWER_DNIPRO/2022-06-20_rf.tif
ZONE_1_KAKHOVKA_LOWER_DNIPRO,2022-07-03,2022,0.4407,42332946,True,0.4922,S2A_MSIL2A_20220703T084611_N0510_R107_T36TWS_20240701T083701.SAFE|S2A_MSIL2A_20220703T084611_N0510_R107_T36TWT_20240701T083701.SAFE,/mnt/f/data_kakhovka_dem_swot/rf_by_date/ZONE_1_KAKHOVKA_LOWER_DNIPRO/2022-07-03_rf.tif
ZONE_1_KAKHOVKA_LOWER_DNIPRO,2022-07-05,2022,0.1865,17913599,True,0.531,S2B_MSIL2A_20220705T083609_N0510_R064_T36TXT_20240701T082145.SAFE,/mnt/f/data_kakhovka_dem_swot/rf_by_date/ZONE_1_KAKHOVKA_LOWER_DNIPRO/2022-07-05_rf.tif
ZONE_1_KAKHOVKA_LOWER_DNIPRO,2022-07-08,2022,0.1528,14677639,True,0.0699,S2B_MSIL2A_20220708T084609_N0510_R107_T36TWS_20240703T153214.SAFE,/mnt/f/data_kakhovka_dem_swot/rf_by_date/ZONE_1_KAKHOVKA_LOWER_DNIPRO/2022-07-08_rf.tif
ZONE_1_KAKHOVKA_LOWER_DNIPRO,2022-07-15,2022,0.3211,30839493,True,0.5398,S2B_MSIL2A_20220715T083609_N0510_R064_T36TXS_20240704T025825.SAFE|S2B_MSIL2A_20220715T083609_N0510_R064_T36TXT_20240704T025825.SAFE,/mnt/f/data_kakhovka_dem_swot/rf_by_date/ZONE_1_KAKHOVKA_LOWER_DNIPRO/2022-07-15_rf.tif
ZONE_1_KAKHOVKA_LOWER_DNIPRO,2022-07-18,2022,0.2999,28807224,True,0.4341,S2B_MSIL2A_20220718T084609_N0510_R107_T36TWT_20240709T034859.SAFE,/mnt/f/data_kakhovka_dem_swot/rf_by_date/ZONE_1_KAKHOVKA_LOWER_DNIPRO/2022-07-18_rf.tif
ZONE_1_KAKHOVKA_LOWER_DNIPRO,2022-07-20,2022,0.0912,8764624,True,0.0,S2A_MSIL2A_20220720T083611_N0510_R064_T36TXS_20240714T103202.SAFE,/mnt/f/data_kakhovka_dem_swot/rf_by_date/ZONE_1_KAKHOVKA_LOWER_DNIPRO/2022-07-20_rf.tif
ZONE_1_KAKHOVKA_LOWER_DNIPRO,2022-08-07,2022,0.4417,42423590,True,0.4922,S2B_MSIL2A_20220807T084559_N0510_R107_T36TWS_20240717T184000.SAFE|S2B_MSIL2A_20220807T084559_N0510_R107_T36TWT_20240717T184000.SAFE,/mnt/f/data_kakhovka_dem_swot/rf_by_date/ZONE_1_KAKHOVKA_LOWER_DNIPRO/2022-08-07_rf.tif
ZONE_1_KAKHOVKA_LOWER_DNIPRO,2022-08-09,2022,0.6525,62677084,True,0.9941,S2A_MSIL2A_20220809T083611_N0510_R064_T36TWS_20240715T192610.SAFE|S2A_MSIL2A_20220809T083611_N0510_R064_T36TWT_20240715T192610.SAFE|S2A_MSIL2A_20220809T083611_N0510_R064_T36TXT_20240715T192610.SAFE,/mnt/f/data_kakhovka_dem_swot/rf_by_date/ZONE_1_KAKHOVKA_LOWER_DNIPRO/2022-08-09_rf.tif
ZONE_1_KAKHOVKA_LOWER_DNIPRO,2022-08-24,2022,0.2515,24155855,True,0.5405,S2B_MSIL2A_20220824T083559_N0510_R064_T36TXT_20240704T173635.SAFE,/mnt/f/data_kakhovka_dem_swot/rf_by_date/ZONE_1_KAKHOVKA_LOWER_DNIPRO/2022-08-24_rf.tif
ZONE_1_KAKHOVKA_LOWER_DNIPRO,2022-08-29,2022,0.3636,34922485,True,0.5405,S2A_MSIL2A_20220829T083611_N0510_R064_T36TXS_20240714T072701.SAFE|S2A_MSIL2A_20220829T083611_N0510_R064_T36TXT_20240714T072701.SAFE,/mnt/f/data_kakhovka_dem_swot/rf_by_date/ZONE_1_KAKHOVKA_LOWER_DNIPRO/2022-08-29_rf.tif
ZONE_1_KAKHOVKA_LOWER_DNIPRO,2022-09-08,2022,0.0882,8471340,True,0.0,S2A_MSIL2A_20220908T083611_N0510_R064_T36TXS_20240728T075811.SAFE,/mnt/f/data_kakhovka_dem_swot/rf_by_date/ZONE_1_KAKHOVKA_LOWER_DNIPRO/2022-09-08_rf.tif
ZONE_1_KAKHOVKA_LOWER_DNIPRO,2022-09-18,2022,0.4785,45956184,True,0.5836,S2A_MSIL2A_20220918T083621_N0510_R064_T36TWS_20240727T143426.SAFE|S2A_MSIL2A_20220918T083621_N0510_R064_T36TXS_20240727T143426.SAFE|S2A_MSIL2A_20220918T083621_N0510_R064_T36TXT_20240727T143426.SAFE,/mnt/f/data_kakhovka_dem_swot/rf_by_date/ZONE_1_KAKHOVKA_LOWER_DNIPRO/2022-09-18_rf.tif
ZONE_1_KAKHOVKA_LOWER_DNIPRO,2022-09-21,2022,0.1246,11970447,True,0.0661,S2A_MSIL2A_20220921T084641_N0510_R107_T36TWS_20240728T164828.SAFE,/mnt/f/data_kakhovka_dem_swot/rf_by_date/ZONE_1_KAKHOVKA_LOWER_DNIPRO/2022-09-21_rf.tif
ZONE_1_KAKHOVKA_LOWER_DNIPRO,2022-10-03,2022,0.2966,28487703,True,0.4803,S2B_MSIL2A_20221003T083719_N0510_R064_T36TXS_20240724T123722.SAFE|S2B_MSIL2A_20221003T083719_N0510_R064_T36TXT_20240724T123722.SAFE,/mnt/f/data_kakhovka_dem_swot/rf_by_date/ZONE_1_KAKHOVKA_LOWER_DNIPRO/2022-10-03_rf.tif
ZONE_1_KAKHOVKA_LOWER_DNIPRO,2022-10-11,2022,0.4423,42479460,True,0.4921,S2A_MSIL2A_20221011T084911_N0510_R107_T36TWS_20240724T222613.SAFE|S2A_MSIL2A_20221011T084911_N0510_R107_T36TWT_20240724T222613.SAFE,/mnt/f/data_kakhovka_dem_swot/rf_by_date/ZONE_1_KAKHOVKA_LOWER_DNIPRO/2022-10-11_rf.tif
ZONE_1_KAKHOVKA_LOWER_DNIPRO,2022-10-18,2022,0.6515,62577398,True,0.9941,S2A_MSIL2A_20221018T083941_N0510_R064_T36TWS_20240726T053731.SAFE|S2A_MSIL2A_20221018T083941_N0510_R064_T36TWT_20240726T053731.SAFE|S2A_MSIL2A_20221018T083941_N0510_R064_T36TXT_20240726T053731.SAFE,/mnt/f/data_kakhovka_dem_swot/rf_by_date/ZONE_1_KAKHOVKA_LOWER_DNIPRO/2022-10-18_rf.tif
ZONE_1_KAKHOVKA_LOWER_DNIPRO,2023-02-10,2023,0.4632,44486485,True,0.8776,S2B_MSIL2A_20230210T084009_N0510_R064_T36TWS_20240813T110453.SAFE|S2B_MSIL2A_20230210T084009_N0510_R064_T36TWT_20240813T110453.SAFE|S2B_MSIL2A_20230210T084009_N0510_R064_T36TXT_20240813T110453.SAFE,/mnt/f/data_kakhovka_dem_swot/rf_by_date/ZONE_1_KAKHOVKA_LOWER_DNIPRO/2023-02-10_rf.tif
ZONE_1_KAKHOVKA_LOWER_DNIPRO,2023-05-06,2023,0.6535,62771867,True,0.9942,S2A_MSIL2A_20230506T083601_N0510_R064_T36TWS_20240901T235325.SAFE|S2A_MSIL2A_20230506T083601_N0510_R064_T36TWT_20240901T235325.SAFE|S2A_MSIL2A_20230506T083601_N0510_R064_T36TXT_20240901T235325.SAFE,/mnt/f/data_kakhovka_dem_swot/rf_by_date/ZONE_1_KAKHOVKA_LOWER_DNIPRO/2023-05-06_rf.tif
ZONE_1_KAKHOVKA_LOWER_DNIPRO,2023-05-11,2023,0.2864,27511805,True,0.5387,S2B_MSIL2A_20230511T083559_N0510_R064_T36TWS_20240905T200531.SAFE|S2B_MSIL2A_20230511T083559_N0510_R064_T36TWT_20240905T200531.SAFE|S2B_MSIL2A_20230511T083559_N0510_R064_T36TXT_20240905T200531.SAFE,/mnt/f/data_kakhovka_dem_swot/rf_by_date/ZONE_1_KAKHOVKA_LOWER_DNIPRO/2023-05-11_rf.tif
ZONE_1_KAKHOVKA_LOWER_DNIPRO,2023-05-16,2023,0.1023,9825999,True,0.0127,S2A_MSIL2A_20230516T083601_N0510_R064_T36TWS_20240904T071531.SAFE,/mnt/f/data_kakhovka_dem_swot/rf_by_date/ZONE_1_KAKHOVKA_LOWER_DNIPRO/2023-05-16_rf.tif
ZONE_1_KAKHOVKA_LOWER_DNIPRO,2023-05-18,2023,0.0005,48677,True,0.0,S2B_MSIL2A_20230518T082609_N0510_R021_T36TXT_20240905T141445.SAFE,/mnt/f/data_kakhovka_dem_swot/rf_by_date/ZONE_1_KAKHOVKA_LOWER_DNIPRO/2023-05-18_rf.tif
ZONE_1_KAKHOVKA_LOWER_DNIPRO,2023-05-19,2023,0.166,15940911,True,0.1613,S2A_MSIL2A_20230519T084601_N0510_R107_T36TWT_20240905T093022.SAFE,/mnt/f/data_kakhovka_dem_swot/rf_by_date/ZONE_1_KAKHOVKA_LOWER_DNIPRO/2023-05-19_rf.tif
ZONE_1_KAKHOVKA_LOWER_DNIPRO,2023-06-05,2023,0.6535,62772718,True,0.9941,S2A_MSIL2A_20230605T083601_N0510_R064_T36TWS_20240911T212038.SAFE|S2A_MSIL2A_20230605T083601_N0510_R064_T36TWT_20240911T212038.SAFE|S2A_MSIL2A_20230605T083601_N0510_R064_T36TXT_20240911T212038.SAFE,/mnt/f/data_kakhovka_dem_swot/rf_by_date/ZONE_1_KAKHOVKA_LOWER_DNIPRO/2023-06-05_rf.tif
ZONE_1_KAKHOVKA_LOWER_DNIPRO,2023-06-18,2023,0.2971,28541503,False,0.4451,S2A_MSIL2A_20230618T084601_N0510_R107_T36TWT_20240909T044759.SAFE,/mnt/f/data_kakhovka_dem_swot/rf_by_date/ZONE_1_KAKHOVKA_LOWER_DNIPRO/2023-06-18_rf.tif
ZONE_1_KAKHOVKA_LOWER_DNIPRO,2023-06-25,2023,0.1259,12090560,False,0.0514,S2A_MSIL2A_20230625T083601_N0510_R064_T36TWS_20240910T091441.SAFE,/mnt/f/data_kakhovka_dem_swot/rf_by_date/ZONE_1_KAKHOVKA_LOWER_DNIPRO/2023-06-25_rf.tif
ZONE_1_KAKHOVKA_LOWER_DNIPRO,2023-06-30,2023,0.1642,15770109,False,0.0697,S2B_MSIL2A_20230630T083609_N0510_R064_T36TWS_20240926T151304.SAFE,/mnt/f/data_kakhovka_dem_swot/rf_by_date/ZONE_1_KAKHOVKA_LOWER_DNIPRO/2023-06-30_rf.tif
ZONE_1_KAKHOVKA_LOWER_DNIPRO,2023-07-03,2023,0.3835,36837570,False,0.4787,S2B_MSIL2A_20230703T084609_N0510_R107_T36TWS_20240913T052852.SAFE|S2B_MSIL2A_20230703T084609_N0510_R107_T36TWT_20240913T052852.SAFE,/mnt/f/data_kakhovka_dem_swot/rf_by_date/ZONE_1_KAKHOVKA_LOWER_DNIPRO/2023-07-03_rf.tif
ZONE_1_KAKHOVKA_LOWER_DNIPRO,2023-07-05,2023,0.5087,48860910,False,0.9323,S2A_MSIL2A_20230705T083601_N0510_R064_T36TWT_20240912T220325.SAFE|S2A_MSIL2A_20230705T083601_N0510_R064_T36TXT_20240912T220325.SAFE,/mnt/f/data_kakhovka_dem_swot/rf_by_date/ZONE_1_KAKHOVKA_LOWER_DNIPRO/2023-07-05_rf.tif
ZONE_1_KAKHOVKA_LOWER_DNIPRO,2023-07-08,2023,0.1314,12619923,False,0.0689,S2A_MSIL2A_20230708T084601_N0510_R107_T36TWS_20240930T204405.SAFE,/mnt/f/data_kakhovka_dem_swot/rf_by_date/ZONE_1_KAKHOVKA_LOWER_DNIPRO/2023-07-08_rf.tif
ZONE_1_KAKHOVKA_LOWER_DNIPRO,2023-07-15,2023,0.1198,11502854,False,0.0297,S2A_MSIL2A_20230715T083601_N0510_R064_T36TWS_20240925T134235.SAFE,/mnt/f/data_kakhovka_dem_swot/rf_by_date/ZONE_1_KAKHOVKA_LOWER_DNIPRO/2023-07-15_rf.tif
ZONE_1_KAKHOVKA_LOWER_DNIPRO,2023-07-25,2023,0.0517,4967254,False,0.0,S2A_MSIL2A_20230725T083601_N0510_R064_T36UWU_20241021T002519.SAFE,/mnt/f/data_kakhovka_dem_swot/rf_by_date/ZONE_1_KAKHOVKA_LOWER_DNIPRO/2023-07-25_rf.tif
ZONE_1_KAKHOVKA_LOWER_DNIPRO,2023-07-30,2023,0.3595,34527023,False,0.4553,S2B_MSIL2A_20230730T083609_N0510_R064_T36TWS_20241020T234519.SAFE|S2B_MSIL2A_20230730T083609_N0510_R064_T36TWT_20241020T234519.SAFE,/mnt/f/data_kakhovka_dem_swot/rf_by_date/ZONE_1_KAKHOVKA_LOWER_DNIPRO/2023-07-30_rf.tif
ZONE_1_KAKHOVKA_LOWER_DNIPRO,2023-08-04,2023,0.3768,36193792,False,0.4802,S2A_MSIL2A_20230804T083601_N0510_R064_T36TWS_20241027T020224.SAFE|S2A_MSIL2A_20230804T083601_N0510_R064_T36TWT_20241027T020224.SAFE,/mnt/f/data_kakhovka_dem_swot/rf_by_date/ZONE_1_KAKHOVKA_LOWER_DNIPRO/2023-08-04_rf.tif
ZONE_1_KAKHOVKA_LOWER_DNIPRO,2023-08-06,2023,0.0003,31014,False,0.0,S2B_MSIL2A_20230806T082609_N0510_R021_T36TXT_20241025T205015.SAFE,/mnt/f/data_kakhovka_dem_swot/rf_by_date/ZONE_1_KAKHOVKA_LOWER_DNIPRO/2023-08-06_rf.tif
ZONE_1_KAKHOVKA_LOWER_DNIPRO,2023-08-12,2023,0.0641,6161615,False,0.0513,S2B_MSIL2A_20230812T084609_N0510_R107_T36TWS_20241027T022239.SAFE|S2B_MSIL2A_20230812T084609_N0510_R107_T36TWT_20241015T180530.SAFE,/mnt/f/data_kakhovka_dem_swot/rf_by_date/ZONE_1_KAKHOVKA_LOWER_DNIPRO/2023-08-12_rf.tif
ZONE_1_KAKHOVKA_LOWER_DNIPRO,2023-08-17,2023,0.3483,33454632,False,0.5331,S2A_MSIL2A_20230817T084601_N0510_R107_T36TWT_20241023T214259.SAFE|S2A_MSIL2A_20230817T084601_N0510_R107_T36TXT_20241023T214259.SAFE,/mnt/f/data_kakhovka_dem_swot/rf_by_date/ZONE_1_KAKHOVKA_LOWER_DNIPRO/2023-08-17_rf.tif
ZONE_1_KAKHOVKA_LOWER_DNIPRO,2023-08-27,2023,0.155,14891989,False,0.0696,S2A_MSIL2A_20230827T084601_N0510_R107_T36TWS_20241023T201027.SAFE,/mnt/f/data_kakhovka_dem_swot/rf_by_date/ZONE_1_KAKHOVKA_LOWER_DNIPRO/2023-08-27_rf.tif
ZONE_1_KAKHOVKA_LOWER_DNIPRO,2023-09-08,2023,0.6546,62872530,False,0.9925,S2B_MSIL2A_20230908T083609_N0510_R064_T36TWS_20241023T130704.SAFE|S2B_MSIL2A_20230908T083609_N0510_R064_T36TWT_20241023T130704.SAFE|S2B_MSIL2A_20230908T083609_N0510_R064_T36TXT_20241023T130704.SAFE,/mnt/f/data_kakhovka_dem_swot/rf_by_date/ZONE_1_KAKHOVKA_LOWER_DNIPRO/2023-09-08_rf.tif
ZONE_1_KAKHOVKA_LOWER_DNIPRO,2023-09-23,2023,0.2838,27258202,False,0.546,S2A_MSIL2A_20230923T083641_N0510_R064_T36TXT_20241028T095503.SAFE|S2A_MSIL2A_20230923T083641_N0510_R064_T36UXU_20241028T095503.SAFE,/mnt/f/data_kakhovka_dem_swot/rf_by_date/ZONE_1_KAKHOVKA_LOWER_DNIPRO/2023-09-23_rf.tif
ZONE_1_KAKHOVKA_LOWER_DNIPRO,2023-09-28,2023,0.2836,27242550,False,0.5432,S2B_MSIL2A_20230928T083729_N0510_R064_T36TXT_20241027T111008.SAFE|S2B_MSIL2A_20230928T083729_N0510_R064_T36UXU_20241027T111008.SAFE,/mnt/f/data_kakhovka_dem_swot/rf_by_date/ZONE_1_KAKHOVKA_LOWER_DNIPRO/2023-09-28_rf.tif
ZONE_1_KAKHOVKA_LOWER_DNIPRO,2023-10-03,2023,0.2838,27256065,False,0.5457,S2A_MSIL2A_20231003T083801_N0510_R064_T36TXT_20241028T044108.SAFE|S2A_MSIL2A_20231003T083801_N0510_R064_T36UXU_20241028T044108.SAFE,/mnt/f/data_kakhovka_dem_swot/rf_by_date/ZONE_1_KAKHOVKA_LOWER_DNIPRO/2023-10-03_rf.tif
ZONE_1_KAKHOVKA_LOWER_DNIPRO,2023-11-07,2023,0.2836,27243477,False,0.5444,S2B_MSIL2A_20231107T084049_N0510_R064_T36TXT_20241110T191746.SAFE|S2B_MSIL2A_20231107T084049_N0510_R064_T36UXU_20241110T191746.SAFE,/mnt/f/data_kakhovka_dem_swot/rf_by_date/ZONE_1_KAKHOVKA_LOWER_DNIPRO/2023-11-07_rf.tif
ZONE_1_KAKHOVKA_LOWER_DNIPRO,2024-01-01,2024,0.1498,14385188,False,0.0103,S2A_MSIL2A_20240101T084351_N0510_R064_T36TWS_20240101T114651.SAFE,/mnt/f/data_kakhovka_dem_swot/rf_by_date/ZONE_1_KAKHOVKA_LOWER_DNIPRO/2024-01-01_rf.tif
ZONE_1_KAKHOVKA_LOWER_DNIPRO,2024-01-09,2024,0.2692,25853459,False,0.4049,S2B_MSIL2A_20240109T085239_N0510_R107_T36TWT_20240109T103400.SAFE|S2B_MSIL2A_20240109T085239_N0510_R107_T36TXT_20240109T103400.SAFE,/mnt/f/data_kakhovka_dem_swot/rf_by_date/ZONE_1_KAKHOVKA_LOWER_DNIPRO/2024-01-09_rf.tif
ZONE_1_KAKHOVKA_LOWER_DNIPRO,2024-01-29,2024,0.4026,38666716,False,0.5445,S2B_MSIL2A_20240129T085129_N0510_R107_T36TWS_20240129T103304.SAFE|S2B_MSIL2A_20240129T085129_N0510_R107_T36TWT_20240129T103304.SAFE|S2B_MSIL2A_20240129T085129_N0510_R107_T36TXT_20240129T103304.SAFE,/mnt/f/data_kakhovka_dem_swot/rf_by_date/ZONE_1_KAKHOVKA_LOWER_DNIPRO/2024-01-29_rf.tif
ZONE_1_KAKHOVKA_LOWER_DNIPRO,2024-03-06,2024,0.2445,23483653,False,0.4761,S2B_MSIL2A_20240306T083719_N0510_R064_T36TXT_20240306T111931.SAFE,/mnt/f/data_kakhovka_dem_swot/rf_by_date/ZONE_1_KAKHOVKA_LOWER_DNIPRO/2024-03-06_rf.tif
ZONE_1_KAKHOVKA_LOWER_DNIPRO,2024-03-09,2024,0.4381,42078132,False,0.4758,S2B_MSIL2A_20240309T084709_N0510_R107_T36TWS_20240309T102721.SAFE|S2B_MSIL2A_20240309T084709_N0510_R107_T36TWT_20240309T102721.SAFE,/mnt/f/data_kakhovka_dem_swot/rf_by_date/ZONE_1_KAKHOVKA_LOWER_DNIPRO/2024-03-09_rf.tif
ZONE_1_KAKHOVKA_LOWER_DNIPRO,2024-03-28,2024,0.0004,35628,False,0.0,S2A_MSIL2A_20240328T082601_N0510_R021_T36TXT_20240328T114557.SAFE,/mnt/f/data_kakhovka_dem_swot/rf_by_date/ZONE_1_KAKHOVKA_LOWER_DNIPRO/2024-03-28_rf.tif
ZONE_1_KAKHOVKA_LOWER_DNIPRO,2024-03-29,2024,0.1368,13140243,False,0.0578,S2B_MSIL2A_20240329T084559_N0510_R107_T36TWS_20240329T102631.SAFE,/mnt/f/data_kakhovka_dem_swot/rf_by_date/ZONE_1_KAKHOVKA_LOWER_DNIPRO/2024-03-29_rf.tif
ZONE_1_KAKHOVKA_LOWER_DNIPRO,2024-04-08,2024,0.0032,304215,False,0.0,S2B_MSIL2A_20240408T084559_N0510_R107_T36TWT_20240408T102015.SAFE,/mnt/f/data_kakhovka_dem_swot/rf_by_date/ZONE_1_KAKHOVKA_LOWER_DNIPRO/2024-04-08_rf.tif
ZONE_1_KAKHOVKA_LOWER_DNIPRO,2024-04-10,2024,0.2832,27205645,False,0.5365,S2A_MSIL2A_20240410T083601_N0510_R064_T36TXT_20240410T122250.SAFE|S2A_MSIL2A_20240410T083601_N0510_R064_T36UXU_20240410T122250.SAFE,/mnt/f/data_kakhovka_dem_swot/rf_by_date/ZONE_1_KAKHOVKA_LOWER_DNIPRO/2024-04-10_rf.tif
ZONE_1_KAKHOVKA_LOWER_DNIPRO,2024-04-30,2024,0.2834,27216417,False,0.5391,S2A_MSIL2A_20240430T083601_N0510_R064_T36TXT_20240430T120153.SAFE|S2A_MSIL2A_20240430T083601_N0510_R064_T36UXU_20240430T120153.SAFE,/mnt/f/data_kakhovka_dem_swot/rf_by_date/ZONE_1_KAKHOVKA_LOWER_DNIPRO/2024-04-30_rf.tif
ZONE_1_KAKHOVKA_LOWER_DNIPRO,2024-05-10,2024,0.2831,27192428,False,0.5367,S2A_MSIL2A_20240510T083601_N0510_R064_T36TXT_20240510T115800.SAFE|S2A_MSIL2A_20240510T083601_N0510_R064_T36UXU_20240510T115800.SAFE,/mnt/f/data_kakhovka_dem_swot/rf_by_date/ZONE_1_KAKHOVKA_LOWER_DNIPRO/2024-05-10_rf.tif
ZONE_1_KAKHOVKA_LOWER_DNIPRO,2024-07-14,2024,0.2838,27258931,False,0.5461,S2B_MSIL2A_20240714T083559_N0510_R064_T36TXT_20240714T100905.SAFE|S2B_MSIL2A_20240714T083559_N0510_R064_T36UXU_20240714T100905.SAFE,/mnt/f/data_kakhovka_dem_swot/rf_by_date/ZONE_1_KAKHOVKA_LOWER_DNIPRO/2024-07-14_rf.tif
ZONE_1_KAKHOVKA_LOWER_DNIPRO,2024-07-24,2024,0.2158,20725212,False,0.4682,S2B_MSIL2A_20240724T083559_N0511_R064_T36TXT_20240724T120413.SAFE,/mnt/f/data_kakhovka_dem_swot/rf_by_date/ZONE_1_KAKHOVKA_LOWER_DNIPRO/2024-07-24_rf.tif
ZONE_1_KAKHOVKA_LOWER_DNIPRO,2024-07-29,2024,0.4144,39803734,False,0.4839,S2A_MSIL2A_20240729T083601_N0511_R064_T36TWS_20240729T145049.SAFE|S2A_MSIL2A_20240729T083601_N0511_R064_T36TWT_20240729T145049.SAFE,/mnt/f/data_kakhovka_dem_swot/rf_by_date/ZONE_1_KAKHOVKA_LOWER_DNIPRO/2024-07-29_rf.tif
ZONE_1_KAKHOVKA_LOWER_DNIPRO,2024-08-03,2024,0.1319,12665343,False,0.0696,S2B_MSIL2A_20240803T083559_N0511_R064_T36TWS_20240806T150817.SAFE,/mnt/f/data_kakhovka_dem_swot/rf_by_date/ZONE_1_KAKHOVKA_LOWER_DNIPRO/2024-08-03_rf.tif
ZONE_1_KAKHOVKA_LOWER_DNIPRO,2024-08-13,2024,0.4773,45840901,False,0.9196,S2B_MSIL2A_20240813T083609_N0511_R064_T36TWT_20240813T121433.SAFE|S2B_MSIL2A_20240813T083609_N0511_R064_T36TXT_20240813T121433.SAFE,/mnt/f/data_kakhovka_dem_swot/rf_by_date/ZONE_1_KAKHOVKA_LOWER_DNIPRO/2024-08-13_rf.tif
ZONE_1_KAKHOVKA_LOWER_DNIPRO,2024-08-18,2024,0.2516,24162835,False,0.5403,S2A_MSIL2A_20240818T083601_N0511_R064_T36TXT_20240818T115150.SAFE|S2A_MSIL2A_20240818T083601_N0511_R064_T36UXU_20240818T131851.SAFE,/mnt/f/data_kakhovka_dem_swot/rf_by_date/ZONE_1_KAKHOVKA_LOWER_DNIPRO/2024-08-18_rf.tif
ZONE_1_KAKHOVKA_LOWER_DNIPRO,2024-09-29,2024,0.0004,39362,False,0.0,S2B_MSIL2A_20240929T082639_N0511_R021_T36TXT_20240929T114417.SAFE,/mnt/f/data_kakhovka_dem_swot/rf_by_date/ZONE_1_KAKHOVKA_LOWER_DNIPRO/2024-09-29_rf.tif
ZONE_1_KAKHOVKA_LOWER_DNIPRO,2024-10-05,2024,0.4408,42337718,False,0.4918,S2B_MSIL2A_20241005T084729_N0511_R107_T36TWS_20241005T115539.SAFE|S2B_MSIL2A_20241005T084729_N0511_R107_T36TWT_20241005T115539.SAFE,/mnt/f/data_kakhovka_dem_swot/rf_by_date/ZONE_1_KAKHOVKA_LOWER_DNIPRO/2024-10-05_rf.tif
ZONE_1_KAKHOVKA_LOWER_DNIPRO,2024-10-22,2024,0.4633,44502805,False,0.8953,S2B_MSIL2A_20241022T083919_N0511_R064_T36TWT_20241022T112024.SAFE|S2B_MSIL2A_20241022T083919_N0511_R064_T36TXT_20241022T112024.SAFE,/mnt/f/data_kakhovka_dem_swot/rf_by_date/ZONE_1_KAKHOVKA_LOWER_DNIPRO/2024-10-22_rf.tif
ZONE_1_KAKHOVKA_LOWER_DNIPRO,2024-10-27,2024,0.2805,26938036,False,0.4212,S2A_MSIL2A_20241027T084051_N0511_R064_T36TWS_20241027T124752.SAFE|S2A_MSIL2A_20241027T084051_N0511_R064_T36TXT_20241027T124752.SAFE,/mnt/f/data_kakhovka_dem_swot/rf_by_date/ZONE_1_KAKHOVKA_LOWER_DNIPRO/2024-10-27_rf.tif
ZONE_1_KAKHOVKA_LOWER_DNIPRO,2024-10-30,2024,0.1449,13919995,False,0.0654,S2A_MSIL2A_20241030T085111_N0511_R107_T36TWS_20241030T120452.SAFE,/mnt/f/data_kakhovka_dem_swot/rf_by_date/ZONE_1_KAKHOVKA_LOWER_DNIPRO/2024-10-30_rf.tif
ZONE_1_KAKHOVKA_LOWER_DNIPRO,2024-11-16,2024,0.0182,1748731,False,0.0,S2C_MSIL2A_20241116T084701_N0511_R064_T36TWT_20260627T111957.SAFE,/mnt/f/data_kakhovka_dem_swot/rf_by_date/ZONE_1_KAKHOVKA_LOWER_DNIPRO/2024-11-16_rf.tif
ZONE_1_KAKHOVKA_LOWER_DNIPRO,2024-11-19,2024,0.1651,15860591,False,0.0697,S2A_MSIL2A_20241119T085251_N0511_R107_T36TWS_20241119T120054.SAFE|S2C_MSIL2A_20241119T085651_N0511_R107_T36TWT_20260625T192516.SAFE|S2C_MSIL2A_20241119T085651_N0511_R107_T36TXT_20260625T192516.SAFE,/mnt/f/data_kakhovka_dem_swot/rf_by_date/ZONE_1_KAKHOVKA_LOWER_DNIPRO/2024-11-19_rf.tif
ZONE_1_KAKHOVKA_LOWER_DNIPRO,2025-02-12,2025,0.3462,33252089,False,0.5077,S2B_MSIL2A_20250212T085009_N0511_R107_T36TWT_20250212T095930.SAFE|S2B_MSIL2A_20250212T085009_N0511_R107_T36TXT_20250212T095930.SAFE,/mnt/f/data_kakhovka_dem_swot/rf_by_date/ZONE_1_KAKHOVKA_LOWER_DNIPRO/2025-02-12_rf.tif
ZONE_1_KAKHOVKA_LOWER_DNIPRO,2025-02-19,2025,0.1535,14742410,False,0.0496,S2B_MSIL2A_20250219T083919_N0511_R064_T36TWS_20250219T113035.SAFE,/mnt/f/data_kakhovka_dem_swot/rf_by_date/ZONE_1_KAKHOVKA_LOWER_DNIPRO/2025-02-19_rf.tif
ZONE_1_KAKHOVKA_LOWER_DNIPRO,2025-02-27,2025,0.3804,36539188,False,0.466,S2C_MSIL2A_20250227T084941_N0511_R107_T36TWS_20250227T125813.SAFE|S2C_MSIL2A_20250227T084941_N0511_R107_T36TWT_20250227T125813.SAFE|S2C_MSIL2A_20250227T084941_N0511_R107_T36TXT_20250227T125813.SAFE,/mnt/f/data_kakhovka_dem_swot/rf_by_date/ZONE_1_KAKHOVKA_LOWER_DNIPRO/2025-02-27_rf.tif
ZONE_1_KAKHOVKA_LOWER_DNIPRO,2025-05-03,2025,0.4228,40609137,False,0.4624,S2B_MSIL2A_20250503T084559_N0511_R107_T36TWS_20250503T110740.SAFE|S2B_MSIL2A_20250503T084559_N0511_R107_T36TWT_20250503T110740.SAFE,/mnt/f/data_kakhovka_dem_swot/rf_by_date/ZONE_1_KAKHOVKA_LOWER_DNIPRO/2025-05-03_rf.tif
ZONE_1_KAKHOVKA_LOWER_DNIPRO,2025-05-04,2025,0.0004,38689,False,0.0,S2A_MSIL2A_20250504T083521_N0511_R021_T36TXT_20250504T121114.SAFE,/mnt/f/data_kakhovka_dem_swot/rf_by_date/ZONE_1_KAKHOVKA_LOWER_DNIPRO/2025-05-04_rf.tif
ZONE_1_KAKHOVKA_LOWER_DNIPRO,2025-06-09,2025,0.4914,47204149,False,0.5762,S2B_MSIL2A_20250609T083559_N0511_R064_T36TWS_20250609T105639.SAFE|S2A_MSIL2A_20250609T085431_N0511_R107_T36TWT_20250609T112415.SAFE|S2A_MSIL2A_20250609T085431_N0511_R107_T36TXT_20250609T112415.SAFE,/mnt/f/data_kakhovka_dem_swot/rf_by_date/ZONE_1_KAKHOVKA_LOWER_DNIPRO/2025-06-09_rf.tif
ZONE_1_KAKHOVKA_LOWER_DNIPRO,2025-06-27,2025,0.4409,42350228,False,0.4916,S2C_MSIL2A_20250627T084621_N0511_R107_T36TWS_20250627T143100.SAFE|S2C_MSIL2A_20250627T084621_N0511_R107_T36TWT_20250627T143100.SAFE,/mnt/f/data_kakhovka_dem_swot/rf_by_date/ZONE_1_KAKHOVKA_LOWER_DNIPRO/2025-06-27_rf.tif
ZONE_1_KAKHOVKA_LOWER_DNIPRO,2025-07-06,2025,0.0548,5263080,False,0.0231,S2A_MSIL2A_20250706T083741_N0511_R064_T36UXU_20250706T120116.SAFE,/mnt/f/data_kakhovka_dem_swot/rf_by_date/ZONE_1_KAKHOVKA_LOWER_DNIPRO/2025-07-06_rf.tif
ZONE_1_KAKHOVKA_LOWER_DNIPRO,2025-07-09,2025,0.0641,6160768,False,0.122,S2A_MSIL2A_20250709T084731_N0511_R107_T36TXT_20250709T125915.SAFE,/mnt/f/data_kakhovka_dem_swot/rf_by_date/ZONE_1_KAKHOVKA_LOWER_DNIPRO/2025-07-09_rf.tif
ZONE_1_KAKHOVKA_LOWER_DNIPRO,2025-07-19,2025,0.2854,27417026,False,0.4479,S2B_MSIL2A_20250719T083559_N0511_R064_T36TWT_20250719T112250.SAFE,/mnt/f/data_kakhovka_dem_swot/rf_by_date/ZONE_1_KAKHOVKA_LOWER_DNIPRO/2025-07-19_rf.tif
ZONE_1_KAKHOVKA_LOWER_DNIPRO,2025-07-26,2025,0.0002,16392,False,0.0,S2B_MSIL2A_20250726T082559_N0511_R021_T36TXT_20250726T110230.SAFE,/mnt/f/data_kakhovka_dem_swot/rf_by_date/ZONE_1_KAKHOVKA_LOWER_DNIPRO/2025-07-26_rf.tif
ZONE_1_KAKHOVKA_LOWER_DNIPRO,2025-07-27,2025,0.1544,14834051,False,0.0698,S2C_MSIL2A_20250727T084701_N0511_R107_T36TWS_20250727T125918.SAFE,/mnt/f/data_kakhovka_dem_swot/rf_by_date/ZONE_1_KAKHOVKA_LOWER_DNIPRO/2025-07-27_rf.tif
ZONE_1_KAKHOVKA_LOWER_DNIPRO,2025-08-15,2025,0.4273,41044699,False,0.4908,S2A_MSIL2A_20250815T083741_N0511_R064_T36TWS_20250815T124220.SAFE|S2A_MSIL2A_20250815T083741_N0511_R064_T36TWT_20250815T124220.SAFE,/mnt/f/data_kakhovka_dem_swot/rf_by_date/ZONE_1_KAKHOVKA_LOWER_DNIPRO/2025-08-15_rf.tif
ZONE_1_KAKHOVKA_LOWER_DNIPRO,2025-08-16,2025,0.2163,20776607,False,0.1905,S2C_MSIL2A_20250816T084621_N0511_R107_T36TWS_20250816T143314.SAFE|S2C_MSIL2A_20250816T084621_N0511_R107_T36TXT_20250816T143314.SAFE,/mnt/f/data_kakhovka_dem_swot/rf_by_date/ZONE_1_KAKHOVKA_LOWER_DNIPRO/2025-08-16_rf.tif
ZONE_1_KAKHOVKA_LOWER_DNIPRO,2025-08-18,2025,0.3293,31629016,False,0.5375,S2B_MSIL2A_20250818T083559_N0511_R064_T36TWT_20250818T111754.SAFE|S2A_MSIL2A_20250818T084731_N0511_R107_T36TXT_20250818T122714.SAFE,/mnt/f/data_kakhovka_dem_swot/rf_by_date/ZONE_1_KAKHOVKA_LOWER_DNIPRO/2025-08-18_rf.tif
ZONE_1_KAKHOVKA_LOWER_DNIPRO,2025-08-28,2025,0.5374,51613706,False,0.9505,S2A_MSIL2A_20250828T085431_N0511_R107_T36TWT_20250828T111813.SAFE|S2B_MSIL2A_20250828T083559_N0511_R064_T36TXT_20250828T105658.SAFE,/mnt/f/data_kakhovka_dem_swot/rf_by_date/ZONE_1_KAKHOVKA_LOWER_DNIPRO/2025-08-28_rf.tif
ZONE_1_KAKHOVKA_LOWER_DNIPRO,2025-08-31,2025,0.4794,46044536,False,0.5771,S2B_MSIL2A_20250831T084559_N0511_R107_T36TWT_20250831T110735.SAFE|S2B_MSIL2A_20250831T084559_N0511_R107_T36TXT_20250831T110735.SAFE|S2B_MSIL2A_20250831T084559_N0511_R107_T36TWS_20250831T110735.SAFE,/mnt/f/data_kakhovka_dem_swot/rf_by_date/ZONE_1_KAKHOVKA_LOWER_DNIPRO/2025-08-31_rf.tif
ZONE_1_KAKHOVKA_LOWER_DNIPRO,2025-09-04,2025,0.1677,16111026,False,0.0695,S2A_MSIL2A_20250904T083741_N0511_R064_T36TWS_20250904T120515.SAFE,/mnt/f/data_kakhovka_dem_swot/rf_by_date/ZONE_1_KAKHOVKA_LOWER_DNIPRO/2025-09-04_rf.tif
ZONE_1_KAKHOVKA_LOWER_DNIPRO,2025-09-12,2025,0.2837,27251022,False,0.5447,S2C_MSIL2A_20250912T083611_N0511_R064_T36TXT_20250912T142415.SAFE|S2C_MSIL2A_20250912T083611_N0511_R064_T36UXU_20250912T142415.SAFE,/mnt/f/data_kakhovka_dem_swot/rf_by_date/ZONE_1_KAKHOVKA_LOWER_DNIPRO/2025-09-12_rf.tif
ZONE_1_KAKHOVKA_LOWER_DNIPRO,2025-09-22,2025,0.2838,27257486,False,0.5461,S2C_MSIL2A_20250922T083651_N0511_R064_T36TXT_20250922T141015.SAFE|S2C_MSIL2A_20250922T083651_N0511_R064_T36UXU_20250922T141015.SAFE,/mnt/f/data_kakhovka_dem_swot/rf_by_date/ZONE_1_KAKHOVKA_LOWER_DNIPRO/2025-09-22_rf.tif
ZONE_1_KAKHOVKA_LOWER_DNIPRO,2025-10-29,2025,0.0006,61724,False,0.0,S2C_MSIL2A_20251029T083101_N0511_R021_T36TXT_20251029T111721.SAFE,/mnt/f/data_kakhovka_dem_swot/rf_by_date/ZONE_1_KAKHOVKA_LOWER_DNIPRO/2025-10-29_rf.tif
ZONE_1_KAKHOVKA_LOWER_DNIPRO,2025-11-01,2025,0.4313,41430762,False,0.4908,S2C_MSIL2A_20251101T084131_N0511_R064_T36TWS_20251101T120911.SAFE|S2C_MSIL2A_20251101T084131_N0511_R064_T36TWT_20251101T120911.SAFE,/mnt/f/data_kakhovka_dem_swot/rf_by_date/ZONE_1_KAKHOVKA_LOWER_DNIPRO/2025-11-01_rf.tif
ZONE_1_KAKHOVKA_LOWER_DNIPRO,2026-05-03,2026,0.4206,40401624,False,0.4709,S2C_MSIL2A_20260503T084641_N0512_R107_T36TWS_20260503T123913.SAFE|S2C_MSIL2A_20260503T084641_N0512_R107_T36TWT_20260503T123913.SAFE,/mnt/f/data_kakhovka_dem_swot/rf_by_date/ZONE_1_KAKHOVKA_LOWER_DNIPRO/2026-05-03_rf.tif
ZONE_1_KAKHOVKA_LOWER_DNIPRO,2026-05-08,2026,0.4415,42410822,False,0.4921,S2B_MSIL2A_20260508T084559_N0512_R107_T36TWS_20260508T124950.SAFE|S2B_MSIL2A_20260508T084559_N0512_R107_T36TWT_20260508T124950.SAFE,/mnt/f/data_kakhovka_dem_swot/rf_by_date/ZONE_1_KAKHOVKA_LOWER_DNIPRO/2026-05-08_rf.tif
ZONE_1_KAKHOVKA_LOWER_DNIPRO,2026-05-12,2026,0.4248,40803933,False,0.4909,S2A_MSIL2A_20260512T083741_N0512_R064_T36TWS_20260512T135854.SAFE|S2A_MSIL2A_20260512T083741_N0512_R064_T36TWT_20260512T135854.SAFE,/mnt/f/data_kakhovka_dem_swot/rf_by_date/ZONE_1_KAKHOVKA_LOWER_DNIPRO/2026-05-12_rf.tif
ZONE_1_KAKHOVKA_LOWER_DNIPRO,2026-05-15,2026,0.1736,16677562,False,0.4308,S2B_MSIL2A_20260515T083559_N0512_R064_T36TXT_20260515T123712.SAFE,/mnt/f/data_kakhovka_dem_swot/rf_by_date/ZONE_1_KAKHOVKA_LOWER_DNIPRO/2026-05-15_rf.tif
ZONE_1_KAKHOVKA_LOWER_DNIPRO,2026-05-22,2026,0.0088,841904,False,0.0,S2B_MSIL2A_20260522T082559_N0512_R021_T36TXS_20260522T122936.SAFE,/mnt/f/data_kakhovka_dem_swot/rf_by_date/ZONE_1_KAKHOVKA_LOWER_DNIPRO/2026-05-22_rf.tif
ZONE_1_KAKHOVKA_LOWER_DNIPRO,2026-06-14,2026,0.6876,66044968,False,0.8836,S2B_MSIL2A_20260614T083559_N0512_R064_T36TWS_20260614T123752.SAFE|S2B_MSIL2A_20260614T083559_N0512_R064_T36TWT_20260614T123752.SAFE|S2B_MSIL2A_20260614T083559_N0512_R064_T36TXS_20260614T123752.SAFE|S2B_MSIL2A_20260614T083559_N0512_R064_T36TXT_20260614T123752.SAFE,/mnt/f/data_kakhovka_dem_swot/rf_by_date/ZONE_1_KAKHOVKA_LOWER_DNIPRO/2026-06-14_rf.tif
ZONE_1_KAKHOVKA_LOWER_DNIPRO,2026-06-22,2026,0.2641,25369440,False,0.3852,S2C_MSIL2A_20260622T084601_N0512_R107_T36TWT_20260622T140913.SAFE,/mnt/f/data_kakhovka_dem_swot/rf_by_date/ZONE_1_KAKHOVKA_LOWER_DNIPRO/2026-06-22_rf.tif
ZONE_1_KAKHOVKA_LOWER_DNIPRO,2026-06-27,2026,0.112,10758622,False,0.0445,S2B_MSIL2A_20260627T084559_N0512_R107_T36TWS_20260627T125002.SAFE,/mnt/f/data_kakhovka_dem_swot/rf_by_date/ZONE_1_KAKHOVKA_LOWER_DNIPRO/2026-06-27_rf.tif
ZONE_1_KAKHOVKA_LOWER_DNIPRO,2026-06-29,2026,0.6943,66684834,False,0.9458,S2C_MSIL2A_20260629T083601_N0512_R064_T36TWS_20260629T135713.SAFE|S2C_MSIL2A_20260629T083601_N0512_R064_T36TWT_20260629T135713.SAFE|S2C_MSIL2A_20260629T083601_N0512_R064_T36TXS_20260629T135713.SAFE|S2C_MSIL2A_20260629T083601_N0512_R064_T36TXT_20260629T135713.SAFE,/mnt/f/data_kakhovka_dem_swot/rf_by_date/ZONE_1_KAKHOVKA_LOWER_DNIPRO/2026-06-29_rf.tif
ZONE_1_KAKHOVKA_LOWER_DNIPRO,2026-07-02,2026,0.4391,42171809,False,0.4914,S2C_MSIL2A_20260702T084601_N0512_R107_T36TWS_20260702T140813.SAFE|S2C_MSIL2A_20260702T084601_N0512_R107_T36TWT_20260702T140813.SAFE,/mnt/f/data_kakhovka_dem_swot/rf_by_date/ZONE_1_KAKHOVKA_LOWER_DNIPRO/2026-07-02_rf.tif
ZONE_1_KAKHOVKA_LOWER_DNIPRO,2026-07-07,2026,0.4427,42520886,False,0.4921,S2B_MSIL2A_20260707T084559_N0512_R107_T36TWS_20260707T124955.SAFE|S2B_MSIL2A_20260707T084559_N0512_R107_T36TWT_20260707T124955.SAFE,/mnt/f/data_kakhovka_dem_swot/rf_by_date/ZONE_1_KAKHOVKA_LOWER_DNIPRO/2026-07-07_rf.tif
ZONE_1_KAKHOVKA_LOWER_DNIPRO,2026-07-12,2026,0.1558,14963112,False,0.0697,S2C_MSIL2A_20260712T084601_N0512_R107_T36TWS_20260712T141714.SAFE,/mnt/f/data_kakhovka_dem_swot/rf_by_date/ZONE_1_KAKHOVKA_LOWER_DNIPRO/2026-07-12_rf.tif
ZONE_1_KAKHOVKA_LOWER_DNIPRO,2026-07-19,2026,0.5924,56899841,False,0.9501,S2C_MSIL2A_20260719T083601_N0512_R064_T36TWT_20260719T135608.SAFE|S2C_MSIL2A_20260719T083601_N0512_R064_T36TXS_20260719T135608.SAFE|S2C_MSIL2A_20260719T083601_N0512_R064_T36TXT_20260719T135608.SAFE,/mnt/f/data_kakhovka_dem_swot/rf_by_date/ZONE_1_KAKHOVKA_LOWER_DNIPRO/2026-07-19_rf.tif
ZONE_1_KAKHOVKA_LOWER_DNIPRO,2026-07-21,2026,0.0096,919577,False,0.0,S2B_MSIL2A_20260721T082559_N0512_R021_T36TXS_20260721T122901.SAFE,/mnt/f/data_kakhovka_dem_swot/rf_by_date/ZONE_1_KAKHOVKA_LOWER_DNIPRO/2026-07-21_rf.tif
ZONE_1_KAKHOVKA_LOWER_DNIPRO,2026-07-29,2026,0.2866,27529441,False,0.4547,S2C_MSIL2A_20260729T083601_N0512_R064_T36TXS_20260729T135511.SAFE|S2C_MSIL2A_20260729T083601_N0512_R064_T36TXT_20260729T135511.SAFE,/mnt/f/data_kakhovka_dem_swot/rf_by_date/ZONE_1_KAKHOVKA_LOWER_DNIPRO/2026-07-29_rf.tif
ZONE_1_KAKHOVKA_LOWER_DNIPRO,2026-07-31,2026,0.0003,26460,False,0.0,S2B_MSIL2A_20260731T082559_N0512_R021_T36TXT_20260731T123008.SAFE,/mnt/f/data_kakhovka_dem_swot/rf_by_date/ZONE_1_KAKHOVKA_LOWER_DNIPRO/2026-07-31_rf.tif
ZONE_1_KAKHOVKA_LOWER_DNIPRO,2026-08-01,2026,0.3135,30107352,False,0.4489,S2C_MSIL2A_20260801T084601_N0512_R107_T36TWT_20260801T141213.SAFE,/mnt/f/data_kakhovka_dem_swot/rf_by_date/ZONE_1_KAKHOVKA_LOWER_DNIPRO/2026-08-01_rf.tif
ZONE_1_KAKHOVKA_LOWER_DNIPRO,2026-08-13,2026,0.5164,49597888,False,0.6102,S2B_MSIL2A_20260813T083559_N0512_R064_T36TWS_20260813T123628.SAFE|S2B_MSIL2A_20260813T083559_N0512_R064_T36TXS_20260813T123628.SAFE|S2B_MSIL2A_20260813T083559_N0512_R064_T36TXT_20260813T123628.SAFE,/mnt/f/data_kakhovka_dem_swot/rf_by_date/ZONE_1_KAKHOVKA_LOWER_DNIPRO/2026-08-13_rf.tif
ZONE_1_KAKHOVKA_LOWER_DNIPRO,2026-08-16,2026,0.157,15083747,False,0.0698,S2B_MSIL2A_20260816T084559_N0512_R107_T36TWS_20260816T125202.SAFE,/mnt/f/data_kakhovka_dem_swot/rf_by_date/ZONE_1_KAKHOVKA_LOWER_DNIPRO/2026-08-16_rf.tif
ZONE_1_KAKHOVKA_LOWER_DNIPRO,2026-08-18,2026,0.3636,34922005,False,0.5404,S2C_MSIL2A_20260818T083601_N0512_R064_T36TXS_20260818T135915.SAFE|S2C_MSIL2A_20260818T083601_N0512_R064_T36TXT_20260818T135915.SAFE,/mnt/f/data_kakhovka_dem_swot/rf_by_date/ZONE_1_KAKHOVKA_LOWER_DNIPRO/2026-08-18_rf.tif
ZONE_1_KAKHOVKA_LOWER_DNIPRO,2026-08-21,2026,0.4424,42491171,False,0.4921,S2C_MSIL2A_20260821T084601_N0512_R107_T36TWS_20260821T140714.SAFE|S2C_MSIL2A_20260821T084601_N0512_R107_T36TWT_20260821T140714.SAFE,/mnt/f/data_kakhovka_dem_swot/rf_by_date/ZONE_1_KAKHOVKA_LOWER_DNIPRO/2026-08-21_rf.tif
ZONE_1_KAKHOVKA_LOWER_DNIPRO,2026-08-23,2026,0.5111,49092903,False,0.9507,S2B_MSIL2A_20260823T083559_N0512_R064_T36TWT_20260823T123515.SAFE|S2B_MSIL2A_20260823T083559_N0512_R064_T36TXT_20260823T123515.SAFE,/mnt/f/data_kakhovka_dem_swot/rf_by_date/ZONE_1_KAKHOVKA_LOWER_DNIPRO/2026-08-23_rf.tif
ZONE_1_KAKHOVKA_LOWER_DNIPRO,2026-08-30,2026,0.0093,894247,False,0.0,S2B_MSIL2A_20260830T082559_N0512_R021_T36TXS_20260830T122957.SAFE,/mnt/f/data_kakhovka_dem_swot/rf_by_date/ZONE_1_KAKHOVKA_LOWER_DNIPRO/2026-08-30_rf.tif
ZONE_1_KAKHOVKA_LOWER_DNIPRO,2026-09-05,2026,0.1266,12161916,False,0.0655,S2B_MSIL2A_20260905T084559_N0512_R107_T36TWS_20260905T124708.SAFE,/mnt/f/data_kakhovka_dem_swot/rf_by_date/ZONE_1_KAKHOVKA_LOWER_DNIPRO/2026-09-05_rf.tif
ZONE_1_KAKHOVKA_LOWER_DNIPRO,2026-09-09,2026,0.4364,41920167,False,0.4855,S2A_MSIL2A_20260909T084501_N0512_R064_T36TWS_20260909T134008.SAFE|S2A_MSIL2A_20260909T084501_N0512_R064_T36TWT_20260909T134008.SAFE|S2B_MSIL2A_20260909T082559_N0512_R021_T36TXS_20260909T122932.SAFE,/mnt/f/data_kakhovka_dem_swot/rf_by_date/ZONE_1_KAKHOVKA_LOWER_DNIPRO/2026-09-09_rf.tif
ZONE_1_KAKHOVKA_LOWER_DNIPRO,2026-09-10,2026,0.4408,42336473,False,0.492,S2C_MSIL2A_20260910T084601_N0512_R107_T36TWS_20260910T153114.SAFE|S2C_MSIL2A_20260910T084601_N0512_R107_T36TWT_20260910T153114.SAFE,/mnt/f/data_kakhovka_dem_swot/rf_by_date/ZONE_1_KAKHOVKA_LOWER_DNIPRO/2026-09-10_rf.tif
ZONE_1_KAKHOVKA_LOWER_DNIPRO,2026-09-12,2026,0.5223,50168974,False,0.7789,S2B_MSIL2A_20260912T083559_N0512_R064_T36TWT_20260912T125638.SAFE|S2B_MSIL2A_20260912T083559_N0512_R064_T36TXS_20260912T125638.SAFE|S2B_MSIL2A_20260912T083559_N0512_R064_T36TXT_20260912T125638.SAFE,/mnt/f/data_kakhovka_dem_swot/rf_by_date/ZONE_1_KAKHOVKA_LOWER_DNIPRO/2026-09-12_rf.tif
ZONE_2_KHERSON_DELTA,2017-04-30,2017,1.0,7227166,False,,S2A_MSIL2A_20170430T084601_N0500_R107_T36TVS_20231113T073802.SAFE|S2A_MSIL2A_20170430T084601_N0500_R107_T36TVT_20231113T073802.SAFE,/mnt/f/data_kakhovka_dem_swot/rf_by_date/ZONE_2_KHERSON_DELTA/2017-04-30_rf.tif
ZONE_2_KHERSON_DELTA,2017-07-24,2017,1.0,7226944,False,,S2B_MSIL2A_20170724T085019_N0500_R107_T36TVS_20231008T061816.SAFE|S2B_MSIL2A_20170724T085019_N0500_R107_T36TVT_20231008T061816.SAFE,/mnt/f/data_kakhovka_dem_swot/rf_by_date/ZONE_2_KHERSON_DELTA/2017-07-24_rf.tif
ZONE_2_KHERSON_DELTA,2017-08-08,2017,0.9998,7225523,False,,S2A_MSIL2A_20170808T084601_N0500_R107_T36TVS_20231002T230303.SAFE|S2A_MSIL2A_20170808T084601_N0500_R107_T36TVT_20231002T230303.SAFE,/mnt/f/data_kakhovka_dem_swot/rf_by_date/ZONE_2_KHERSON_DELTA/2017-08-08_rf.tif
ZONE_2_KHERSON_DELTA,2018-04-10,2018,0.9636,6964027,False,,S2B_MSIL2A_20180410T084559_N0500_R107_T36TVS_20230908T101654.SAFE|S2B_MSIL2A_20180410T084559_N0500_R107_T36TVT_20230908T101654.SAFE,/mnt/f/data_kakhovka_dem_swot/rf_by_date/ZONE_2_KHERSON_DELTA/2018-04-10_rf.tif
ZONE_2_KHERSON_DELTA,2018-04-30,2018,1.0,7227174,False,,S2B_MSIL2A_20180430T084559_N0500_R107_T36TVS_20230828T230638.SAFE|S2B_MSIL2A_20180430T084559_N0500_R107_T36TVT_20230828T230638.SAFE,/mnt/f/data_kakhovka_dem_swot/rf_by_date/ZONE_2_KHERSON_DELTA/2018-04-30_rf.tif
ZONE_2_KHERSON_DELTA,2018-07-04,2018,0.9752,7048115,False,,S2A_MSIL2A_20180704T085021_N0500_R107_T36TVS_20230805T102237.SAFE|S2A_MSIL2A_20180704T085021_N0500_R107_T36TVT_20230805T102237.SAFE,/mnt/f/data_kakhovka_dem_swot/rf_by_date/ZONE_2_KHERSON_DELTA/2018-07-04_rf.tif
ZONE_2_KHERSON_DELTA,2018-08-13,2018,0.9999,7226771,False,,S2A_MSIL2A_20180813T084601_N0500_R107_T36TVS_20230809T181231.SAFE|S2A_MSIL2A_20180813T084601_N0500_R107_T36TVT_20230809T181231.SAFE,/mnt/f/data_kakhovka_dem_swot/rf_by_date/ZONE_2_KHERSON_DELTA/2018-08-13_rf.tif
ZONE_2_KHERSON_DELTA,2018-08-18,2018,0.9582,6925418,False,,S2B_MSIL2A_20180818T084549_N0500_R107_T36TVS_20230804T082848.SAFE|S2B_MSIL2A_20180818T084549_N0500_R107_T36TVT_20230804T082848.SAFE,/mnt/f/data_kakhovka_dem_swot/rf_by_date/ZONE_2_KHERSON_DELTA/2018-08-18_rf.tif
ZONE_2_KHERSON_DELTA,2018-10-07,2018,0.9999,7226269,False,,S2B_MSIL2A_20181007T084829_N0500_R107_T36TVS_20230729T061249.SAFE|S2B_MSIL2A_20181007T084829_N0500_R107_T36TVT_20230729T061249.SAFE,/mnt/f/data_kakhovka_dem_swot/rf_by_date/ZONE_2_KHERSON_DELTA/2018-10-07_rf.tif
ZONE_2_KHERSON_DELTA,2018-10-12,2018,1.0,7226878,False,,S2A_MSIL2A_20181012T084901_N0500_R107_T36TVS_20230730T085425.SAFE|S2A_MSIL2A_20181012T084901_N0500_R107_T36TVT_20230730T085425.SAFE,/mnt/f/data_kakhovka_dem_swot/rf_by_date/ZONE_2_KHERSON_DELTA/2018-10-12_rf.tif
ZONE_2_KHERSON_DELTA,2019-04-20,2019,0.9992,7221501,False,,S2A_MSIL2A_20190420T084601_N0500_R107_T36TVS_20221105T204217.SAFE|S2A_MSIL2A_20190420T084601_N0500_R107_T36TVT_20221105T204217.SAFE,/mnt/f/data_kakhovka_dem_swot/rf_by_date/ZONE_2_KHERSON_DELTA/2019-04-20_rf.tif
ZONE_2_KHERSON_DELTA,2019-05-30,2019,0.965,6974077,False,,S2A_MSIL2A_20190530T084601_N0500_R107_T36TVS_20221202T025603.SAFE|S2A_MSIL2A_20190530T084601_N0500_R107_T36TVT_20221202T025603.SAFE,/mnt/f/data_kakhovka_dem_swot/rf_by_date/ZONE_2_KHERSON_DELTA/2019-05-30_rf.tif
ZONE_2_KHERSON_DELTA,2019-08-28,2019,0.9944,7187085,False,,S2A_MSIL2A_20190828T084601_N0500_R107_T36TVS_20230721T043808.SAFE|S2A_MSIL2A_20190828T084601_N0500_R107_T36TVT_20230721T043808.SAFE,/mnt/f/data_kakhovka_dem_swot/rf_by_date/ZONE_2_KHERSON_DELTA/2019-08-28_rf.tif
ZONE_2_KHERSON_DELTA,2019-09-07,2019,0.9827,7102227,False,,S2A_MSIL2A_20190907T084601_N0500_R107_T36TVS_20230704T161112.SAFE|S2A_MSIL2A_20190907T084601_N0500_R107_T36TVT_20230704T161112.SAFE,/mnt/f/data_kakhovka_dem_swot/rf_by_date/ZONE_2_KHERSON_DELTA/2019-09-07_rf.tif
ZONE_2_KHERSON_DELTA,2019-10-02,2019,0.9995,7223434,False,,S2B_MSIL2A_20191002T084759_N0500_R107_T36TVS_20230709T045349.SAFE|S2B_MSIL2A_20191002T084759_N0500_R107_T36TVT_20230709T045349.SAFE,/mnt/f/data_kakhovka_dem_swot/rf_by_date/ZONE_2_KHERSON_DELTA/2019-10-02_rf.tif
ZONE_2_KHERSON_DELTA,2020-01-15,2020,0.9999,7226779,False,,S2A_MSIL2A_20200115T085311_N0500_R107_T36TVS_20230604T101146.SAFE|S2A_MSIL2A_20200115T085311_N0500_R107_T36TVT_20230604T101146.SAFE,/mnt/f/data_kakhovka_dem_swot/rf_by_date/ZONE_2_KHERSON_DELTA/2020-01-15_rf.tif
ZONE_2_KHERSON_DELTA,2020-01-25,2020,0.9999,7226721,False,,S2A_MSIL2A_20200125T085241_N0500_R107_T36TVS_20230628T060436.SAFE|S2A_MSIL2A_20200125T085241_N0500_R107_T36TVT_20230628T060436.SAFE,/mnt/f/data_kakhovka_dem_swot/rf_by_date/ZONE_2_KHERSON_DELTA/2020-01-25_rf.tif
ZONE_2_KHERSON_DELTA,2020-05-19,2020,0.9997,7224851,False,,S2B_MSIL2A_20200519T084559_N0500_R107_T36TVS_20230619T045403.SAFE|S2B_MSIL2A_20200519T084559_N0500_R107_T36TVT_20230619T045403.SAFE,/mnt/f/data_kakhovka_dem_swot/rf_by_date/ZONE_2_KHERSON_DELTA/2020-05-19_rf.tif
ZONE_2_KHERSON_DELTA,2020-09-16,2020,1.0,7227017,False,,S2B_MSIL2A_20200916T084609_N0500_R107_T36TVS_20230413T181720.SAFE|S2B_MSIL2A_20200916T084609_N0500_R107_T36TVT_20230413T181720.SAFE,/mnt/f/data_kakhovka_dem_swot/rf_by_date/ZONE_2_KHERSON_DELTA/2020-09-16_rf.tif
ZONE_2_KHERSON_DELTA,2021-08-02,2021,0.9998,7226057,True,,S2B_MSIL2A_20210802T084559_N0500_R107_T36TVS_20230210T041527.SAFE|S2B_MSIL2A_20210802T084559_N0500_R107_T36TVT_20230210T041527.SAFE,/mnt/f/data_kakhovka_dem_swot/rf_by_date/ZONE_2_KHERSON_DELTA/2021-08-02_rf.tif
ZONE_2_KHERSON_DELTA,2021-11-25,2021,1.0,7226897,True,,S2A_MSIL2A_20211125T085311_N0500_R107_T36TVS_20230104T133951.SAFE|S2A_MSIL2A_20211125T085311_N0500_R107_T36TVT_20230104T133951.SAFE,/mnt/f/data_kakhovka_dem_swot/rf_by_date/ZONE_2_KHERSON_DELTA/2021-11-25_rf.tif
ZONE_2_KHERSON_DELTA,2022-02-13,2022,0.9773,7062870,True,,S2A_MSIL2A_20220213T085051_N0510_R107_T36TVS_20240518T225415.SAFE|S2A_MSIL2A_20220213T085051_N0510_R107_T36TVT_20240518T225415.SAFE,/mnt/f/data_kakhovka_dem_swot/rf_by_date/ZONE_2_KHERSON_DELTA/2022-02-13_rf.tif
ZONE_2_KHERSON_DELTA,2022-06-03,2022,0.994,7183940,True,,S2A_MSIL2A_20220603T084611_N0510_R107_T36TVS_20240714T224832.SAFE|S2A_MSIL2A_20220603T084611_N0510_R107_T36TVT_20240714T224832.SAFE,/mnt/f/data_kakhovka_dem_swot/rf_by_date/ZONE_2_KHERSON_DELTA/2022-06-03_rf.tif
ZONE_2_KHERSON_DELTA,2022-07-18,2022,0.9985,7216334,True,,S2B_MSIL2A_20220718T084609_N0510_R107_T36TVS_20240709T034859.SAFE|S2B_MSIL2A_20220718T084609_N0510_R107_T36TVT_20240709T034859.SAFE,/mnt/f/data_kakhovka_dem_swot/rf_by_date/ZONE_2_KHERSON_DELTA/2022-07-18_rf.tif
ZONE_2_KHERSON_DELTA,2022-08-07,2022,0.997,7205174,True,,S2B_MSIL2A_20220807T084559_N0510_R107_T36TVS_20240717T184000.SAFE|S2B_MSIL2A_20220807T084559_N0510_R107_T36TVT_20240717T184000.SAFE,/mnt/f/data_kakhovka_dem_swot/rf_by_date/ZONE_2_KHERSON_DELTA/2022-08-07_rf.tif
ZONE_2_KHERSON_DELTA,2022-10-11,2022,0.9998,7226010,True,,S2A_MSIL2A_20221011T084911_N0510_R107_T36TVS_20240724T222613.SAFE|S2A_MSIL2A_20221011T084911_N0510_R107_T36TVT_20240724T222613.SAFE,/mnt/f/data_kakhovka_dem_swot/rf_by_date/ZONE_2_KHERSON_DELTA/2022-10-11_rf.tif
ZONE_2_KHERSON_DELTA,2022-11-15,2022,0.9967,7203506,True,,S2B_MSIL2A_20221115T085129_N0510_R107_T36TVS_20240802T171345.SAFE|S2B_MSIL2A_20221115T085129_N0510_R107_T36TVT_20240802T171345.SAFE,/mnt/f/data_kakhovka_dem_swot/rf_by_date/ZONE_2_KHERSON_DELTA/2022-11-15_rf.tif
ZONE_2_KHERSON_DELTA,2023-02-08,2023,0.9621,6953545,True,,S2A_MSIL2A_20230208T085121_N0510_R107_T36TVS_20240812T154245.SAFE|S2A_MSIL2A_20230208T085121_N0510_R107_T36TVT_20240812T154245.SAFE,/mnt/f/data_kakhovka_dem_swot/rf_by_date/ZONE_2_KHERSON_DELTA/2023-02-08_rf.tif
ZONE_2_KHERSON_DELTA,2023-02-13,2023,0.9529,6886964,True,,S2B_MSIL2A_20230213T085009_N0510_R107_T36TVS_20240817T083951.SAFE|S2B_MSIL2A_20230213T085009_N0510_R107_T36TVT_20240817T083951.SAFE,/mnt/f/data_kakhovka_dem_swot/rf_by_date/ZONE_2_KHERSON_DELTA/2023-02-13_rf.tif
ZONE_2_KHERSON_DELTA,2023-02-23,2023,0.9943,7186151,True,,S2B_MSIL2A_20230223T084849_N0510_R107_T36TVS_20240818T134305.SAFE|S2B_MSIL2A_20230223T084849_N0510_R107_T36TVT_20240818T134305.SAFE,/mnt/f/data_kakhovka_dem_swot/rf_by_date/ZONE_2_KHERSON_DELTA/2023-02-23_rf.tif
ZONE_2_KHERSON_DELTA,2023-06-08,2023,0.2568,1855661,False,,S2A_MSIL2A_20230608T084601_N0510_R107_T36TVS_20240909T163659.SAFE|S2A_MSIL2A_20230608T084601_N0510_R107_T36TVT_20240909T163659.SAFE,/mnt/f/data_kakhovka_dem_swot/rf_by_date/ZONE_2_KHERSON_DELTA/2023-06-08_rf.tif
ZONE_2_KHERSON_DELTA,2023-06-15,2023,0.0,0,False,,S2A_MSIL2A_20230615T083601_N0510_R064_T36TVS_20240911T232944.SAFE,/mnt/f/data_kakhovka_dem_swot/rf_by_date/ZONE_2_KHERSON_DELTA/2023-06-15_rf.tif
ZONE_2_KHERSON_DELTA,2023-06-18,2023,0.7521,5435242,False,,S2A_MSIL2A_20230618T084601_N0510_R107_T36TVS_20240909T044759.SAFE|S2A_MSIL2A_20230618T084601_N0510_R107_T36TVT_20240909T044759.SAFE,/mnt/f/data_kakhovka_dem_swot/rf_by_date/ZONE_2_KHERSON_DELTA/2023-06-18_rf.tif
ZONE_2_KHERSON_DELTA,2023-06-20,2023,0.0,0,False,,S2B_MSIL2A_20230620T083609_N0510_R064_T36TVS_20240909T160521.SAFE,/mnt/f/data_kakhovka_dem_swot/rf_by_date/ZONE_2_KHERSON_DELTA/2023-06-20_rf.tif
ZONE_2_KHERSON_DELTA,2023-06-23,2023,0.7976,5764121,False,,S2B_MSIL2A_20230623T084559_N0510_R107_T36TVS_20241002T064209.SAFE|S2B_MSIL2A_20230623T084559_N0510_R107_T36TVT_20241002T064209.SAFE,/mnt/f/data_kakhovka_dem_swot/rf_by_date/ZONE_2_KHERSON_DELTA/2023-06-23_rf.tif
ZONE_2_KHERSON_DELTA,2023-06-25,2023,0.0,0,False,,S2A_MSIL2A_20230625T083601_N0510_R064_T36TVS_20240910T091441.SAFE,/mnt/f/data_kakhovka_dem_swot/rf_by_date/ZONE_2_KHERSON_DELTA/2023-06-25_rf.tif
ZONE_2_KHERSON_DELTA,2023-06-28,2023,0.5529,3995686,False,,S2A_MSIL2A_20230628T084601_N0510_R107_T36TVS_20240910T222026.SAFE,/mnt/f/data_kakhovka_dem_swot/rf_by_date/ZONE_2_KHERSON_DELTA/2023-06-28_rf.tif
ZONE_2_KHERSON_DELTA,2023-06-30,2023,0.0,0,False,,S2B_MSIL2A_20230630T083609_N0510_R064_T36TVS_20240926T151304.SAFE,/mnt/f/data_kakhovka_dem_swot/rf_by_date/ZONE_2_KHERSON_DELTA/2023-06-30_rf.tif
ZONE_2_KHERSON_DELTA,2023-07-01,2023,0.0,0,False,,S2A_MSIL2A_20230701T085601_N0510_R007_T36TVT_20240929T180451.SAFE,/mnt/f/data_kakhovka_dem_swot/rf_by_date/ZONE_2_KHERSON_DELTA/2023-07-01_rf.tif
ZONE_2_KHERSON_DELTA,2023-07-03,2023,0.9131,6599060,False,,S2B_MSIL2A_20230703T084609_N0510_R107_T36TVS_20240913T052852.SAFE|S2B_MSIL2A_20230703T084609_N0510_R107_T36TVT_20240913T052852.SAFE,/mnt/f/data_kakhovka_dem_swot/rf_by_date/ZONE_2_KHERSON_DELTA/2023-07-03_rf.tif
ZONE_2_KHERSON_DELTA,2023-07-05,2023,0.0,0,False,,S2A_MSIL2A_20230705T083601_N0510_R064_T36TVS_20240912T220325.SAFE,/mnt/f/data_kakhovka_dem_swot/rf_by_date/ZONE_2_KHERSON_DELTA/2023-07-05_rf.tif
ZONE_2_KHERSON_DELTA,2023-07-08,2023,0.6811,4922555,False,,S2A_MSIL2A_20230708T084601_N0510_R107_T36TVS_20240930T204405.SAFE,/mnt/f/data_kakhovka_dem_swot/rf_by_date/ZONE_2_KHERSON_DELTA/2023-07-08_rf.tif
ZONE_2_KHERSON_DELTA,2023-07-11,2023,0.0,0,False,,S2A_MSIL2A_20230711T085601_N0510_R007_T36TVT_20241020T210719.SAFE,/mnt/f/data_kakhovka_dem_swot/rf_by_date/ZONE_2_KHERSON_DELTA/2023-07-11_rf.tif
ZONE_2_KHERSON_DELTA,2023-07-15,2023,0.0,0,False,,S2A_MSIL2A_20230715T083601_N0510_R064_T36TVS_20240925T134235.SAFE,/mnt/f/data_kakhovka_dem_swot/rf_by_date/ZONE_2_KHERSON_DELTA/2023-07-15_rf.tif
ZONE_2_KHERSON_DELTA,2023-07-21,2023,0.0,0,False,,S2A_MSIL2A_20230721T085601_N0510_R007_T36TVT_20241021T235401.SAFE,/mnt/f/data_kakhovka_dem_swot/rf_by_date/ZONE_2_KHERSON_DELTA/2023-07-21_rf.tif
ZONE_2_KHERSON_DELTA,2023-07-25,2023,0.0,0,False,,S2A_MSIL2A_20230725T083601_N0510_R064_T36TVS_20241021T002519.SAFE,/mnt/f/data_kakhovka_dem_swot/rf_by_date/ZONE_2_KHERSON_DELTA/2023-07-25_rf.tif
ZONE_2_KHERSON_DELTA,2023-07-28,2023,0.2282,1649255,False,,S2A_MSIL2A_20230728T084601_N0510_R107_T36TVS_20241020T004741.SAFE,/mnt/f/data_kakhovka_dem_swot/rf_by_date/ZONE_2_KHERSON_DELTA/2023-07-28_rf.tif
ZONE_2_KHERSON_DELTA,2023-07-30,2023,0.0,0,False,,S2B_MSIL2A_20230730T083609_N0510_R064_T36TVS_20241020T234519.SAFE,/mnt/f/data_kakhovka_dem_swot/rf_by_date/ZONE_2_KHERSON_DELTA/2023-07-30_rf.tif
ZONE_2_KHERSON_DELTA,2023-08-07,2023,0.9637,6964903,False,,S2A_MSIL2A_20230807T084601_N0510_R107_T36TVS_20241016T161808.SAFE|S2A_MSIL2A_20230807T084601_N0510_R107_T36TVT_20241016T161808.SAFE,/mnt/f/data_kakhovka_dem_swot/rf_by_date/ZONE_2_KHERSON_DELTA/2023-08-07_rf.tif
ZONE_2_KHERSON_DELTA,2023-10-11,2023,0.9992,7221427,False,,S2B_MSIL2A_20231011T084809_N0510_R107_T36TVS_20241103T001341.SAFE|S2B_MSIL2A_20231011T084809_N0510_R107_T36TVT_20241103T001341.SAFE,/mnt/f/data_kakhovka_dem_swot/rf_by_date/ZONE_2_KHERSON_DELTA/2023-10-11_rf.tif
ZONE_2_KHERSON_DELTA,2023-10-31,2023,1.0,7227047,False,,S2B_MSIL2A_20231031T085019_N0510_R107_T36TVS_20241121T023147.SAFE|S2B_MSIL2A_20231031T085019_N0510_R107_T36TVT_20241121T023147.SAFE,/mnt/f/data_kakhovka_dem_swot/rf_by_date/ZONE_2_KHERSON_DELTA/2023-10-31_rf.tif
ZONE_2_KHERSON_DELTA,2024-02-28,2024,0.9983,7214619,False,,S2B_MSIL2A_20240228T084819_N0510_R107_T36TVS_20240228T103032.SAFE|S2B_MSIL2A_20240228T084819_N0510_R107_T36TVT_20240228T103032.SAFE,/mnt/f/data_kakhovka_dem_swot/rf_by_date/ZONE_2_KHERSON_DELTA/2024-02-28_rf.tif
ZONE_2_KHERSON_DELTA,2024-04-03,2024,0.9993,7222454,False,,S2A_MSIL2A_20240403T084601_N0510_R107_T36TVS_20240403T131551.SAFE|S2A_MSIL2A_20240403T084601_N0510_R107_T36TVT_20240403T131551.SAFE,/mnt/f/data_kakhovka_dem_swot/rf_by_date/ZONE_2_KHERSON_DELTA/2024-04-03_rf.tif
ZONE_2_KHERSON_DELTA,2024-07-07,2024,0.9997,7225209,False,,S2B_MSIL2A_20240707T084559_N0510_R107_T36TVS_20240707T102759.SAFE|S2B_MSIL2A_20240707T084559_N0510_R107_T36TVT_20240707T102759.SAFE,/mnt/f/data_kakhovka_dem_swot/rf_by_date/ZONE_2_KHERSON_DELTA/2024-07-07_rf.tif
ZONE_2_KHERSON_DELTA,2024-08-11,2024,0.9872,7135036,False,,S2A_MSIL2A_20240811T084601_N0511_R107_T36TVS_20240811T151854.SAFE|S2A_MSIL2A_20240811T084601_N0511_R107_T36TVT_20240811T151854.SAFE,/mnt/f/data_kakhovka_dem_swot/rf_by_date/ZONE_2_KHERSON_DELTA/2024-08-11_rf.tif
ZONE_2_KHERSON_DELTA,2024-09-25,2024,0.9999,7226755,False,,S2B_MSIL2A_20240925T084619_N0511_R107_T36TVS_20240925T114307.SAFE|S2B_MSIL2A_20240925T084619_N0511_R107_T36TVT_20240925T114307.SAFE,/mnt/f/data_kakhovka_dem_swot/rf_by_date/ZONE_2_KHERSON_DELTA/2024-09-25_rf.tif
ZONE_2_KHERSON_DELTA,2024-10-05,2024,0.9998,7225977,False,,S2B_MSIL2A_20241005T084729_N0511_R107_T36TVS_20241005T115539.SAFE|S2B_MSIL2A_20241005T084729_N0511_R107_T36TVT_20241005T115539.SAFE,/mnt/f/data_kakhovka_dem_swot/rf_by_date/ZONE_2_KHERSON_DELTA/2024-10-05_rf.tif
ZONE_2_KHERSON_DELTA,2024-10-30,2024,0.9944,7186771,False,,S2A_MSIL2A_20241030T085111_N0511_R107_T36TVS_20241030T120452.SAFE|S2A_MSIL2A_20241030T085111_N0511_R107_T36TVT_20241030T120452.SAFE,/mnt/f/data_kakhovka_dem_swot/rf_by_date/ZONE_2_KHERSON_DELTA/2024-10-30_rf.tif
ZONE_2_KHERSON_DELTA,2024-12-14,2024,0.9987,7217505,False,,S2B_MSIL2A_20241214T085259_N0511_R107_T36TVS_20241214T100813.SAFE|S2B_MSIL2A_20241214T085259_N0511_R107_T36TVT_20241214T100813.SAFE,/mnt/f/data_kakhovka_dem_swot/rf_by_date/ZONE_2_KHERSON_DELTA/2024-12-14_rf.tif
ZONE_2_KHERSON_DELTA,2025-01-13,2025,0.9825,7100885,False,,S2B_MSIL2A_20250113T085229_N0511_R107_T36TVS_20250113T101017.SAFE|S2B_MSIL2A_20250113T085229_N0511_R107_T36TVT_20250113T101017.SAFE,/mnt/f/data_kakhovka_dem_swot/rf_by_date/ZONE_2_KHERSON_DELTA/2025-01-13_rf.tif
ZONE_2_KHERSON_DELTA,2025-02-02,2025,0.9993,7221950,False,,S2B_MSIL2A_20250202T085109_N0511_R107_T36TVS_20250202T095914.SAFE|S2B_MSIL2A_20250202T085109_N0511_R107_T36TVT_20250202T095914.SAFE,/mnt/f/data_kakhovka_dem_swot/rf_by_date/ZONE_2_KHERSON_DELTA/2025-02-02_rf.tif
ZONE_2_KHERSON_DELTA,2025-02-27,2025,0.9731,7032500,False,,S2C_MSIL2A_20250227T084941_N0511_R107_T36TVS_20250227T125813.SAFE|S2C_MSIL2A_20250227T084941_N0511_R107_T36TVT_20250227T125813.SAFE,/mnt/f/data_kakhovka_dem_swot/rf_by_date/ZONE_2_KHERSON_DELTA/2025-02-27_rf.tif
ZONE_2_KHERSON_DELTA,2025-04-18,2025,0.9999,7226632,False,,S2C_MSIL2A_20250418T084621_N0511_R107_T36TVS_20250418T141016.SAFE|S2C_MSIL2A_20250418T084621_N0511_R107_T36TVT_20250418T141016.SAFE,/mnt/f/data_kakhovka_dem_swot/rf_by_date/ZONE_2_KHERSON_DELTA/2025-04-18_rf.tif
ZONE_2_KHERSON_DELTA,2025-04-23,2025,1.0,7227117,False,,S2B_MSIL2A_20250423T084559_N0511_R107_T36TVS_20250423T111053.SAFE|S2B_MSIL2A_20250423T084559_N0511_R107_T36TVT_20250423T111053.SAFE,/mnt/f/data_kakhovka_dem_swot/rf_by_date/ZONE_2_KHERSON_DELTA/2025-04-23_rf.tif
ZONE_2_KHERSON_DELTA,2025-04-28,2025,0.9996,7224300,False,,S2C_MSIL2A_20250428T084621_N0511_R107_T36TVS_20250428T142913.SAFE|S2C_MSIL2A_20250428T084621_N0511_R107_T36TVT_20250428T142913.SAFE,/mnt/f/data_kakhovka_dem_swot/rf_by_date/ZONE_2_KHERSON_DELTA/2025-04-28_rf.tif
ZONE_2_KHERSON_DELTA,2025-05-03,2025,0.9953,7193567,False,,S2B_MSIL2A_20250503T084559_N0511_R107_T36TVS_20250503T110740.SAFE|S2B_MSIL2A_20250503T084559_N0511_R107_T36TVT_20250503T110740.SAFE,/mnt/f/data_kakhovka_dem_swot/rf_by_date/ZONE_2_KHERSON_DELTA/2025-05-03_rf.tif
ZONE_2_KHERSON_DELTA,2025-06-27,2025,1.0,7227190,False,,S2C_MSIL2A_20250627T084621_N0511_R107_T36TVS_20250627T143100.SAFE|S2C_MSIL2A_20250627T084621_N0511_R107_T36TVT_20250627T143100.SAFE,/mnt/f/data_kakhovka_dem_swot/rf_by_date/ZONE_2_KHERSON_DELTA/2025-06-27_rf.tif
ZONE_2_KHERSON_DELTA,2025-09-27,2025,0.0,0,False,,S2B_MSIL2A_20250927T083629_N0511_R064_T36TVS_20250927T124722.SAFE,/mnt/f/data_kakhovka_dem_swot/rf_by_date/ZONE_2_KHERSON_DELTA/2025-09-27_rf.tif
ZONE_2_KHERSON_DELTA,2025-11-14,2025,0.9876,7137255,False,,S2C_MSIL2A_20251114T085241_N0511_R107_T36TVS_20251114T123115.SAFE|S2C_MSIL2A_20251114T085241_N0511_R107_T36TVT_20251114T123115.SAFE,/mnt/f/data_kakhovka_dem_swot/rf_by_date/ZONE_2_KHERSON_DELTA/2025-11-14_rf.tif
ZONE_2_KHERSON_DELTA,2026-03-16,2026,0.0,0,False,,S2B_MSIL2A_20260316T083609_N0512_R064_T36TVS_20260316T125407.SAFE,/mnt/f/data_kakhovka_dem_swot/rf_by_date/ZONE_2_KHERSON_DELTA/2026-03-16_rf.tif
ZONE_2_KHERSON_DELTA,2026-04-25,2026,0.0,0,False,,S2B_MSIL2A_20260425T083559_N0512_R064_T36TVS_20260425T123614.SAFE,/mnt/f/data_kakhovka_dem_swot/rf_by_date/ZONE_2_KHERSON_DELTA/2026-04-25_rf.tif
ZONE_2_KHERSON_DELTA,2026-05-03,2026,0.9791,7076369,False,,S2C_MSIL2A_20260503T084641_N0512_R107_T36TVS_20260503T123913.SAFE|S2C_MSIL2A_20260503T084641_N0512_R107_T36TVT_20260503T123913.SAFE,/mnt/f/data_kakhovka_dem_swot/rf_by_date/ZONE_2_KHERSON_DELTA/2026-05-03_rf.tif
ZONE_2_KHERSON_DELTA,2026-05-05,2026,0.0,0,False,,S2B_MSIL2A_20260505T083559_N0512_R064_T36TVS_20260505T123805.SAFE,/mnt/f/data_kakhovka_dem_swot/rf_by_date/ZONE_2_KHERSON_DELTA/2026-05-05_rf.tif
ZONE_2_KHERSON_DELTA,2026-05-08,2026,0.9692,7004635,False,,S2B_MSIL2A_20260508T084559_N0512_R107_T36TVS_20260508T124950.SAFE|S2B_MSIL2A_20260508T084559_N0512_R107_T36TVT_20260508T124950.SAFE,/mnt/f/data_kakhovka_dem_swot/rf_by_date/ZONE_2_KHERSON_DELTA/2026-05-08_rf.tif
ZONE_2_KHERSON_DELTA,2026-07-02,2026,0.9917,7167232,False,,S2C_MSIL2A_20260702T084601_N0512_R107_T36TVS_20260702T140813.SAFE|S2C_MSIL2A_20260702T084601_N0512_R107_T36TVT_20260702T140813.SAFE,/mnt/f/data_kakhovka_dem_swot/rf_by_date/ZONE_2_KHERSON_DELTA/2026-07-02_rf.tif
ZONE_2_KHERSON_DELTA,2026-08-16,2026,0.9995,7223662,False,,S2B_MSIL2A_20260816T084559_N0512_R107_T36TVS_20260816T125202.SAFE|S2B_MSIL2A_20260816T084559_N0512_R107_T36TVT_20260816T125202.SAFE,/mnt/f/data_kakhovka_dem_swot/rf_by_date/ZONE_2_KHERSON_DELTA/2026-08-16_rf.tif
ZONE_2_KHERSON_DELTA,2026-08-23,2026,0.0,0,False,,S2B_MSIL2A_20260823T083559_N0512_R064_T36TVS_20260823T123515.SAFE,/mnt/f/data_kakhovka_dem_swot/rf_by_date/ZONE_2_KHERSON_DELTA/2026-08-23_rf.tif
ZONE_2_KHERSON_DELTA,2026-09-10,2026,0.9999,7226550,False,,S2C_MSIL2A_20260910T084601_N0512_R107_T36TVS_20260910T153114.SAFE|S2C_MSIL2A_20260910T084601_N0512_R107_T36TVT_20260910T153114.SAFE,/mnt/f/data_kakhovka_dem_swot/rf_by_date/ZONE_2_KHERSON_DELTA/2026-09-10_rf.tif
ZONE_3_DNIPRO_BUG_ESTUARY,2017-01-10,2017,0.1007,2966678,False,,S2A_MSIL2A_20170110T085321_N0500_R107_T36TUS_20231025T192138.SAFE|S2A_MSIL2A_20170110T085321_N0500_R107_T36TUT_20231025T192138.SAFE|S2A_MSIL2A_20170110T085321_N0500_R107_T36TVS_20231025T192138.SAFE,/mnt/f/data_kakhovka_dem_swot/rf_by_date/ZONE_3_DNIPRO_BUG_ESTUARY/2017-01-10_rf.tif
ZONE_3_DNIPRO_BUG_ESTUARY,2017-02-09,2017,0.2031,5983868,False,,S2A_MSIL2A_20170209T085111_N0500_R107_T36TUS_20231026T222537.SAFE|S2A_MSIL2A_20170209T085111_N0500_R107_T36TUT_20231026T222537.SAFE|S2A_MSIL2A_20170209T085111_N0500_R107_T36TVT_20231026T222537.SAFE,/mnt/f/data_kakhovka_dem_swot/rf_by_date/ZONE_3_DNIPRO_BUG_ESTUARY/2017-02-09_rf.tif
ZONE_3_DNIPRO_BUG_ESTUARY,2017-03-31,2017,0.9854,29035362,False,,S2A_MSIL2A_20170331T085011_N0500_R107_T36TUS_20231111T125536.SAFE|S2A_MSIL2A_20170331T085011_N0500_R107_T36TUT_20231111T125536.SAFE|S2A_MSIL2A_20170331T085011_N0500_R107_T36TVS_20231111T125536.SAFE|S2A_MSIL2A_20170331T085011_N0500_R107_T36TVT_20231111T125536.SAFE,/mnt/f/data_kakhovka_dem_swot/rf_by_date/ZONE_3_DNIPRO_BUG_ESTUARY/2017-03-31_rf.tif
ZONE_3_DNIPRO_BUG_ESTUARY,2017-06-29,2017,0.9766,28774284,False,,S2A_MSIL2A_20170629T084601_N0500_R107_T36TUS_20231017T094152.SAFE|S2A_MSIL2A_20170629T084601_N0500_R107_T36TUT_20231017T094152.SAFE|S2A_MSIL2A_20170629T084601_N0500_R107_T36TVS_20231017T094152.SAFE|S2A_MSIL2A_20170629T084601_N0500_R107_T36TVT_20231017T094152.SAFE,/mnt/f/data_kakhovka_dem_swot/rf_by_date/ZONE_3_DNIPRO_BUG_ESTUARY/2017-06-29_rf.tif
ZONE_3_DNIPRO_BUG_ESTUARY,2017-08-08,2017,0.8529,25130615,False,,S2A_MSIL2A_20170808T084601_N0500_R107_T36TUS_20231002T230303.SAFE|S2A_MSIL2A_20170808T084601_N0500_R107_T36TUT_20231002T230303.SAFE|S2A_MSIL2A_20170808T084601_N0500_R107_T36TVS_20231002T230303.SAFE|S2A_MSIL2A_20170808T084601_N0500_R107_T36TVT_20231002T230303.SAFE,/mnt/f/data_kakhovka_dem_swot/rf_by_date/ZONE_3_DNIPRO_BUG_ESTUARY/2017-08-08_rf.tif
ZONE_3_DNIPRO_BUG_ESTUARY,2017-09-02,2017,0.8091,23839834,False,,S2B_MSIL2A_20170902T085009_N0500_R107_T36TUS_20230928T021349.SAFE|S2B_MSIL2A_20170902T085009_N0500_R107_T36TUT_20230928T021349.SAFE|S2B_MSIL2A_20170902T085009_N0500_R107_T36TVS_20230928T021349.SAFE|S2B_MSIL2A_20170902T085009_N0500_R107_T36TVT_20230928T021349.SAFE,/mnt/f/data_kakhovka_dem_swot/rf_by_date/ZONE_3_DNIPRO_BUG_ESTUARY/2017-09-02_rf.tif
ZONE_3_DNIPRO_BUG_ESTUARY,2017-09-27,2017,0.7684,22640714,False,,S2A_MSIL2A_20170927T085011_N0500_R107_T36TUS_20231013T113014.SAFE|S2A_MSIL2A_20170927T085011_N0500_R107_T36TUT_20231013T113014.SAFE|S2A_MSIL2A_20170927T085011_N0500_R107_T36TVS_20231013T113014.SAFE|S2A_MSIL2A_20170927T085011_N0500_R107_T36TVT_20231013T113014.SAFE,/mnt/f/data_kakhovka_dem_swot/rf_by_date/ZONE_3_DNIPRO_BUG_ESTUARY/2017-09-27_rf.tif
ZONE_3_DNIPRO_BUG_ESTUARY,2018-01-25,2018,0.2377,7003666,False,,S2A_MSIL2A_20180125T085231_N0500_R107_T36TUS_20230809T164909.SAFE|S2A_MSIL2A_20180125T085231_N0500_R107_T36TUT_20230809T164909.SAFE|S2A_MSIL2A_20180125T085231_N0500_R107_T36TVS_20230809T164909.SAFE|S2A_MSIL2A_20180125T085231_N0500_R107_T36TVT_20230809T164909.SAFE,/mnt/f/data_kakhovka_dem_swot/rf_by_date/ZONE_3_DNIPRO_BUG_ESTUARY/2018-01-25_rf.tif
ZONE_3_DNIPRO_BUG_ESTUARY,2018-03-01,2018,0.0,137,False,,S2B_MSIL2A_20180301T084859_N0500_R107_T36TUS_20230830T234239.SAFE|S2B_MSIL2A_20180301T084859_N0500_R107_T36TUT_20230830T234239.SAFE|S2B_MSIL2A_20180301T084859_N0500_R107_T36TVS_20230830T234239.SAFE|S2B_MSIL2A_20180301T084859_N0500_R107_T36TVT_20230830T234239.SAFE,/mnt/f/data_kakhovka_dem_swot/rf_by_date/ZONE_3_DNIPRO_BUG_ESTUARY/2018-03-01_rf.tif
ZONE_3_DNIPRO_BUG_ESTUARY,2018-07-14,2018,0.9638,28396817,False,,S2A_MSIL2A_20180714T084601_N0500_R107_T36TUS_20230801T170029.SAFE|S2A_MSIL2A_20180714T084601_N0500_R107_T36TUT_20230801T170029.SAFE|S2A_MSIL2A_20180714T084601_N0500_R107_T36TVS_20230801T170029.SAFE|S2A_MSIL2A_20180714T084601_N0500_R107_T36TVT_20230801T170029.SAFE,/mnt/f/data_kakhovka_dem_swot/rf_by_date/ZONE_3_DNIPRO_BUG_ESTUARY/2018-07-14_rf.tif
ZONE_3_DNIPRO_BUG_ESTUARY,2018-08-13,2018,0.9925,29243659,False,,S2A_MSIL2A_20180813T084601_N0500_R107_T36TUS_20230809T181231.SAFE|S2A_MSIL2A_20180813T084601_N0500_R107_T36TUT_20230809T181231.SAFE|S2A_MSIL2A_20180813T084601_N0500_R107_T36TVS_20230809T181231.SAFE|S2A_MSIL2A_20180813T084601_N0500_R107_T36TVT_20230809T181231.SAFE,/mnt/f/data_kakhovka_dem_swot/rf_by_date/ZONE_3_DNIPRO_BUG_ESTUARY/2018-08-13_rf.tif
ZONE_3_DNIPRO_BUG_ESTUARY,2018-08-23,2018,0.9889,29136742,False,,S2A_MSIL2A_20180823T084601_N0500_R107_T36TUS_20230825T182229.SAFE|S2A_MSIL2A_20180823T084601_N0500_R107_T36TUT_20230825T182229.SAFE|S2A_MSIL2A_20180823T084601_N0500_R107_T36TVS_20230825T182229.SAFE|S2A_MSIL2A_20180823T084601_N0500_R107_T36TVT_20230825T182229.SAFE,/mnt/f/data_kakhovka_dem_swot/rf_by_date/ZONE_3_DNIPRO_BUG_ESTUARY/2018-08-23_rf.tif
ZONE_3_DNIPRO_BUG_ESTUARY,2018-09-17,2018,0.8943,26349256,False,,S2B_MSIL2A_20180917T084609_N0500_R107_T36TUS_20230803T004732.SAFE|S2B_MSIL2A_20180917T084609_N0500_R107_T36TUT_20230803T004732.SAFE|S2B_MSIL2A_20180917T084609_N0500_R107_T36TVS_20230803T004732.SAFE|S2B_MSIL2A_20180917T084609_N0500_R107_T36TVT_20230803T004732.SAFE,/mnt/f/data_kakhovka_dem_swot/rf_by_date/ZONE_3_DNIPRO_BUG_ESTUARY/2018-09-17_rf.tif
ZONE_3_DNIPRO_BUG_ESTUARY,2018-09-22,2018,0.9994,29446840,False,,S2A_MSIL2A_20180922T084641_N0500_R107_T36TUS_20230824T083525.SAFE|S2A_MSIL2A_20180922T084641_N0500_R107_T36TUT_20230824T083525.SAFE|S2A_MSIL2A_20180922T084641_N0500_R107_T36TVS_20230824T083525.SAFE|S2A_MSIL2A_20180922T084641_N0500_R107_T36TVT_20230824T083525.SAFE,/mnt/f/data_kakhovka_dem_swot/rf_by_date/ZONE_3_DNIPRO_BUG_ESTUARY/2018-09-22_rf.tif
ZONE_3_DNIPRO_BUG_ESTUARY,2018-10-07,2018,0.9993,29444115,False,,S2B_MSIL2A_20181007T084829_N0500_R107_T36TUS_20230729T061249.SAFE|S2B_MSIL2A_20181007T084829_N0500_R107_T36TUT_20230729T061249.SAFE|S2B_MSIL2A_20181007T084829_N0500_R107_T36TVS_20230729T061249.SAFE|S2B_MSIL2A_20181007T084829_N0500_R107_T36TVT_20230729T061249.SAFE,/mnt/f/data_kakhovka_dem_swot/rf_by_date/ZONE_3_DNIPRO_BUG_ESTUARY/2018-10-07_rf.tif
ZONE_3_DNIPRO_BUG_ESTUARY,2018-10-17,2018,0.9987,29427181,False,,S2B_MSIL2A_20181017T084939_N0500_R107_T36TUS_20230730T174621.SAFE|S2B_MSIL2A_20181017T084939_N0500_R107_T36TUT_20230730T174621.SAFE|S2B_MSIL2A_20181017T084939_N0500_R107_T36TVS_20230730T174621.SAFE|S2B_MSIL2A_20181017T084939_N0500_R107_T36TVT_20230730T174621.SAFE,/mnt/f/data_kakhovka_dem_swot/rf_by_date/ZONE_3_DNIPRO_BUG_ESTUARY/2018-10-17_rf.tif
ZONE_3_DNIPRO_BUG_ESTUARY,2019-02-19,2019,0.9908,29193922,False,,S2A_MSIL2A_20190219T085011_N0500_R107_T36TUS_20221201T145439.SAFE|S2A_MSIL2A_20190219T085011_N0500_R107_T36TUT_20221201T145439.SAFE|S2A_MSIL2A_20190219T085011_N0500_R107_T36TVS_20221201T145439.SAFE|S2A_MSIL2A_20190219T085011_N0500_R107_T36TVT_20221201T145439.SAFE,/mnt/f/data_kakhovka_dem_swot/rf_by_date/ZONE_3_DNIPRO_BUG_ESTUARY/2019-02-19_rf.tif
ZONE_3_DNIPRO_BUG_ESTUARY,2019-02-24,2019,0.2935,8646591,False,,S2B_MSIL2A_20190224T084939_N0500_R107_T36TUS_20221127T111725.SAFE|S2B_MSIL2A_20190224T084939_N0500_R107_T36TUT_20221127T111725.SAFE|S2B_MSIL2A_20190224T084939_N0500_R107_T36TVS_20221127T111725.SAFE|S2B_MSIL2A_20190224T084939_N0500_R107_T36TVT_20221127T111725.SAFE,/mnt/f/data_kakhovka_dem_swot/rf_by_date/ZONE_3_DNIPRO_BUG_ESTUARY/2019-02-24_rf.tif
ZONE_3_DNIPRO_BUG_ESTUARY,2019-03-01,2019,0.125,3683305,False,,S2A_MSIL2A_20190301T084901_N0500_R107_T36TUS_20221111T234831.SAFE|S2A_MSIL2A_20190301T084901_N0500_R107_T36TVS_20221111T234831.SAFE,/mnt/f/data_kakhovka_dem_swot/rf_by_date/ZONE_3_DNIPRO_BUG_ESTUARY/2019-03-01_rf.tif
ZONE_3_DNIPRO_BUG_ESTUARY,2019-03-16,2019,0.5173,15243353,False,,S2B_MSIL2A_20190316T084719_N0500_R107_T36TVS_20221110T151834.SAFE|S2B_MSIL2A_20190316T084719_N0500_R107_T36TVT_20221110T151834.SAFE,/mnt/f/data_kakhovka_dem_swot/rf_by_date/ZONE_3_DNIPRO_BUG_ESTUARY/2019-03-16_rf.tif
ZONE_3_DNIPRO_BUG_ESTUARY,2019-03-31,2019,0.8882,26170657,False,,S2A_MSIL2A_20190331T084601_N0500_R107_T36TUS_20221115T165314.SAFE|S2A_MSIL2A_20190331T084601_N0500_R107_T36TUT_20221115T165314.SAFE|S2A_MSIL2A_20190331T084601_N0500_R107_T36TVS_20221115T165314.SAFE|S2A_MSIL2A_20190331T084601_N0500_R107_T36TVT_20221115T165314.SAFE,/mnt/f/data_kakhovka_dem_swot/rf_by_date/ZONE_3_DNIPRO_BUG_ESTUARY/2019-03-31_rf.tif
ZONE_3_DNIPRO_BUG_ESTUARY,2019-04-20,2019,0.9993,29444362,False,,S2A_MSIL2A_20190420T084601_N0500_R107_T36TUS_20221105T204217.SAFE|S2A_MSIL2A_20190420T084601_N0500_R107_T36TUT_20221105T204217.SAFE|S2A_MSIL2A_20190420T084601_N0500_R107_T36TVS_20221105T204217.SAFE|S2A_MSIL2A_20190420T084601_N0500_R107_T36TVT_20221105T204217.SAFE,/mnt/f/data_kakhovka_dem_swot/rf_by_date/ZONE_3_DNIPRO_BUG_ESTUARY/2019-04-20_rf.tif
ZONE_3_DNIPRO_BUG_ESTUARY,2019-05-30,2019,0.9501,27994358,False,,S2A_MSIL2A_20190530T084601_N0500_R107_T36TUS_20221202T025603.SAFE|S2A_MSIL2A_20190530T084601_N0500_R107_T36TUT_20221202T025603.SAFE|S2A_MSIL2A_20190530T084601_N0500_R107_T36TVS_20221202T025603.SAFE|S2A_MSIL2A_20190530T084601_N0500_R107_T36TVT_20221202T025603.SAFE,/mnt/f/data_kakhovka_dem_swot/rf_by_date/ZONE_3_DNIPRO_BUG_ESTUARY/2019-05-30_rf.tif
ZONE_3_DNIPRO_BUG_ESTUARY,2019-07-24,2019,0.8344,24585236,False,,S2B_MSIL2A_20190724T084609_N0500_R107_T36TUS_20230619T104503.SAFE|S2B_MSIL2A_20190724T084609_N0500_R107_T36TUT_20230619T104503.SAFE|S2B_MSIL2A_20190724T084609_N0500_R107_T36TVS_20230619T104503.SAFE|S2B_MSIL2A_20190724T084609_N0500_R107_T36TVT_20230619T104503.SAFE,/mnt/f/data_kakhovka_dem_swot/rf_by_date/ZONE_3_DNIPRO_BUG_ESTUARY/2019-07-24_rf.tif
ZONE_3_DNIPRO_BUG_ESTUARY,2019-09-22,2019,0.6982,20572060,False,,S2B_MSIL2A_20190922T084639_N0500_R107_T36TUS_20230806T111451.SAFE|S2B_MSIL2A_20190922T084639_N0500_R107_T36TUT_20230806T111451.SAFE|S2B_MSIL2A_20190922T084639_N0500_R107_T36TVS_20230806T111451.SAFE|S2B_MSIL2A_20190922T084639_N0500_R107_T36TVT_20230806T111451.SAFE,/mnt/f/data_kakhovka_dem_swot/rf_by_date/ZONE_3_DNIPRO_BUG_ESTUARY/2019-09-22_rf.tif
ZONE_3_DNIPRO_BUG_ESTUARY,2020-01-25,2020,0.9963,29357032,False,,S2A_MSIL2A_20200125T085241_N0500_R107_T36TUS_20230628T060436.SAFE|S2A_MSIL2A_20200125T085241_N0500_R107_T36TUT_20230628T060436.SAFE|S2A_MSIL2A_20200125T085241_N0500_R107_T36TVS_20230628T060436.SAFE|S2A_MSIL2A_20200125T085241_N0500_R107_T36TVT_20230628T060436.SAFE,/mnt/f/data_kakhovka_dem_swot/rf_by_date/ZONE_3_DNIPRO_BUG_ESTUARY/2020-01-25_rf.tif
ZONE_3_DNIPRO_BUG_ESTUARY,2020-02-14,2020,0.4622,13618531,False,,S2A_MSIL2A_20200214T085041_N0500_R107_T36TUS_20230615T134245.SAFE|S2A_MSIL2A_20200214T085041_N0500_R107_T36TVS_20230615T134245.SAFE,/mnt/f/data_kakhovka_dem_swot/rf_by_date/ZONE_3_DNIPRO_BUG_ESTUARY/2020-02-14_rf.tif
ZONE_3_DNIPRO_BUG_ESTUARY,2020-04-09,2020,0.9969,29373820,False,,S2B_MSIL2A_20200409T084559_N0500_R107_T36TUS_20230621T123850.SAFE|S2B_MSIL2A_20200409T084559_N0500_R107_T36TUT_20230621T123850.SAFE|S2B_MSIL2A_20200409T084559_N0500_R107_T36TVS_20230621T123850.SAFE|S2B_MSIL2A_20200409T084559_N0500_R107_T36TVT_20230621T123850.SAFE,/mnt/f/data_kakhovka_dem_swot/rf_by_date/ZONE_3_DNIPRO_BUG_ESTUARY/2020-04-09_rf.tif
ZONE_3_DNIPRO_BUG_ESTUARY,2020-06-28,2020,0.5859,17262036,False,,S2B_MSIL2A_20200628T084559_N0500_R107_T36TUT_20230414T164203.SAFE|S2B_MSIL2A_20200628T084559_N0500_R107_T36TVS_20230414T164203.SAFE|S2B_MSIL2A_20200628T084559_N0500_R107_T36TVT_20230414T164203.SAFE,/mnt/f/data_kakhovka_dem_swot/rf_by_date/ZONE_3_DNIPRO_BUG_ESTUARY/2020-06-28_rf.tif
ZONE_3_DNIPRO_BUG_ESTUARY,2021-01-19,2021,0.1177,3467885,True,,S2A_MSIL2A_20210119T085301_N0500_R107_T36TUS_20230527T161941.SAFE|S2A_MSIL2A_20210119T085301_N0500_R107_T36TUT_20230527T161941.SAFE|S2A_MSIL2A_20210119T085301_N0500_R107_T36TVS_20230527T161941.SAFE|S2A_MSIL2A_20210119T085301_N0500_R107_T36TVT_20230527T161941.SAFE,/mnt/f/data_kakhovka_dem_swot/rf_by_date/ZONE_3_DNIPRO_BUG_ESTUARY/2021-01-19_rf.tif
ZONE_3_DNIPRO_BUG_ESTUARY,2021-04-24,2021,0.7541,22217887,True,,S2B_MSIL2A_20210424T084559_N0500_R107_T36TUS_20230526T052513.SAFE|S2B_MSIL2A_20210424T084559_N0500_R107_T36TUT_20230526T052513.SAFE|S2B_MSIL2A_20210424T084559_N0500_R107_T36TVS_20230526T052513.SAFE|S2B_MSIL2A_20210424T084559_N0500_R107_T36TVT_20230526T052513.SAFE,/mnt/f/data_kakhovka_dem_swot/rf_by_date/ZONE_3_DNIPRO_BUG_ESTUARY/2021-04-24_rf.tif
ZONE_3_DNIPRO_BUG_ESTUARY,2021-05-04,2021,0.9222,27172303,True,,S2B_MSIL2A_20210504T084559_N0500_R107_T36TUS_20230306T183611.SAFE|S2B_MSIL2A_20210504T084559_N0500_R107_T36TUT_20230306T183611.SAFE|S2B_MSIL2A_20210504T084559_N0500_R107_T36TVS_20230306T183611.SAFE|S2B_MSIL2A_20210504T084559_N0500_R107_T36TVT_20230306T183611.SAFE,/mnt/f/data_kakhovka_dem_swot/rf_by_date/ZONE_3_DNIPRO_BUG_ESTUARY/2021-05-04_rf.tif
ZONE_3_DNIPRO_BUG_ESTUARY,2021-05-14,2021,0.6165,18166159,True,,S2B_MSIL2A_20210514T084559_N0500_R107_T36TUS_20230330T133313.SAFE|S2B_MSIL2A_20210514T084559_N0500_R107_T36TUT_20230330T133313.SAFE|S2B_MSIL2A_20210514T084559_N0500_R107_T36TVS_20230330T133313.SAFE|S2B_MSIL2A_20210514T084559_N0500_R107_T36TVT_20230330T133313.SAFE,/mnt/f/data_kakhovka_dem_swot/rf_by_date/ZONE_3_DNIPRO_BUG_ESTUARY/2021-05-14_rf.tif
ZONE_3_DNIPRO_BUG_ESTUARY,2021-08-02,2021,0.9381,27639657,True,,S2B_MSIL2A_20210802T084559_N0500_R107_T36TUS_20230210T041527.SAFE|S2B_MSIL2A_20210802T084559_N0500_R107_T36TUT_20230210T041527.SAFE|S2B_MSIL2A_20210802T084559_N0500_R107_T36TVS_20230210T041527.SAFE|S2B_MSIL2A_20210802T084559_N0500_R107_T36TVT_20230210T041527.SAFE,/mnt/f/data_kakhovka_dem_swot/rf_by_date/ZONE_3_DNIPRO_BUG_ESTUARY/2021-08-02_rf.tif
ZONE_3_DNIPRO_BUG_ESTUARY,2021-09-16,2021,0.8344,24584467,True,,S2A_MSIL2A_20210916T084611_N0500_R107_T36TUS_20230117T181621.SAFE|S2A_MSIL2A_20210916T084611_N0500_R107_T36TUT_20230117T181621.SAFE|S2A_MSIL2A_20210916T084611_N0500_R107_T36TVS_20230117T181621.SAFE|S2A_MSIL2A_20210916T084611_N0500_R107_T36TVT_20230117T181621.SAFE,/mnt/f/data_kakhovka_dem_swot/rf_by_date/ZONE_3_DNIPRO_BUG_ESTUARY/2021-09-16_rf.tif
ZONE_3_DNIPRO_BUG_ESTUARY,2021-10-01,2021,0.7472,22015999,True,,S2B_MSIL2A_20211001T084719_N0500_R107_T36TUS_20230113T173132.SAFE|S2B_MSIL2A_20211001T084719_N0500_R107_T36TUT_20230113T173132.SAFE|S2B_MSIL2A_20211001T084719_N0500_R107_T36TVS_20230113T173132.SAFE|S2B_MSIL2A_20211001T084719_N0500_R107_T36TVT_20230113T173132.SAFE,/mnt/f/data_kakhovka_dem_swot/rf_by_date/ZONE_3_DNIPRO_BUG_ESTUARY/2021-10-01_rf.tif
ZONE_3_DNIPRO_BUG_ESTUARY,2022-02-13,2022,0.8119,23921220,True,,S2A_MSIL2A_20220213T085051_N0510_R107_T36TUT_20240518T225415.SAFE|S2A_MSIL2A_20220213T085051_N0510_R107_T36TVS_20240518T225415.SAFE|S2A_MSIL2A_20220213T085051_N0510_R107_T36TVT_20240518T225415.SAFE,/mnt/f/data_kakhovka_dem_swot/rf_by_date/ZONE_3_DNIPRO_BUG_ESTUARY/2022-02-13_rf.tif
ZONE_3_DNIPRO_BUG_ESTUARY,2022-02-23,2022,0.9918,29221894,True,,S2A_MSIL2A_20220223T084941_N0510_R107_T36TUS_20240518T094420.SAFE|S2A_MSIL2A_20220223T084941_N0510_R107_T36TUT_20240518T094420.SAFE|S2A_MSIL2A_20220223T084941_N0510_R107_T36TVS_20240518T094420.SAFE|S2A_MSIL2A_20220223T084941_N0510_R107_T36TVT_20240518T094420.SAFE,/mnt/f/data_kakhovka_dem_swot/rf_by_date/ZONE_3_DNIPRO_BUG_ESTUARY/2022-02-23_rf.tif
ZONE_3_DNIPRO_BUG_ESTUARY,2022-02-28,2022,0.3025,8913505,True,,S2B_MSIL2A_20220228T084809_N0510_R107_T36TUT_20240524T091211.SAFE|S2B_MSIL2A_20220228T084809_N0510_R107_T36TVS_20240524T091211.SAFE|S2B_MSIL2A_20220228T084809_N0510_R107_T36TVT_20240524T091211.SAFE,/mnt/f/data_kakhovka_dem_swot/rf_by_date/ZONE_3_DNIPRO_BUG_ESTUARY/2022-02-28_rf.tif
ZONE_3_DNIPRO_BUG_ESTUARY,2022-06-13,2022,0.9844,29005093,True,,S2A_MSIL2A_20220613T084611_N0510_R107_T36TUS_20240628T074058.SAFE|S2A_MSIL2A_20220613T084611_N0510_R107_T36TUT_20240628T074058.SAFE|S2A_MSIL2A_20220613T084611_N0510_R107_T36TVS_20240628T074058.SAFE|S2A_MSIL2A_20220613T084611_N0510_R107_T36TVT_20240628T074058.SAFE,/mnt/f/data_kakhovka_dem_swot/rf_by_date/ZONE_3_DNIPRO_BUG_ESTUARY/2022-06-13_rf.tif
ZONE_3_DNIPRO_BUG_ESTUARY,2022-07-23,2022,0.8178,24096535,True,,S2A_MSIL2A_20220723T084611_N0510_R107_T36TUS_20240718T024311.SAFE|S2A_MSIL2A_20220723T084611_N0510_R107_T36TUT_20240718T024311.SAFE|S2A_MSIL2A_20220723T084611_N0510_R107_T36TVS_20240718T024311.SAFE|S2A_MSIL2A_20220723T084611_N0510_R107_T36TVT_20240718T024311.SAFE,/mnt/f/data_kakhovka_dem_swot/rf_by_date/ZONE_3_DNIPRO_BUG_ESTUARY/2022-07-23_rf.tif
ZONE_3_DNIPRO_BUG_ESTUARY,2022-10-16,2022,0.9993,29444895,True,,S2B_MSIL2A_20221016T084839_N0510_R107_T36TUS_20240722T091214.SAFE|S2B_MSIL2A_20221016T084839_N0510_R107_T36TUT_20240722T091214.SAFE|S2B_MSIL2A_20221016T084839_N0510_R107_T36TVS_20240722T091214.SAFE|S2B_MSIL2A_20221016T084839_N0510_R107_T36TVT_20240722T091214.SAFE,/mnt/f/data_kakhovka_dem_swot/rf_by_date/ZONE_3_DNIPRO_BUG_ESTUARY/2022-10-16_rf.tif
ZONE_3_DNIPRO_BUG_ESTUARY,2022-10-21,2022,0.7116,20968342,True,,S2A_MSIL2A_20221021T085011_N0510_R107_T36TUT_20240725T062252.SAFE|S2A_MSIL2A_20221021T085011_N0510_R107_T36TVS_20240725T062252.SAFE|S2A_MSIL2A_20221021T085011_N0510_R107_T36TVT_20240725T062252.SAFE,/mnt/f/data_kakhovka_dem_swot/rf_by_date/ZONE_3_DNIPRO_BUG_ESTUARY/2022-10-21_rf.tif
ZONE_3_DNIPRO_BUG_ESTUARY,2023-01-19,2023,0.7552,22251885,True,,S2A_MSIL2A_20230119T085301_N0510_R107_T36TUS_20240811T083228.SAFE|S2A_MSIL2A_20230119T085301_N0510_R107_T36TUT_20240811T083228.SAFE|S2A_MSIL2A_20230119T085301_N0510_R107_T36TVS_20240811T083228.SAFE|S2A_MSIL2A_20230119T085301_N0510_R107_T36TVT_20240811T083228.SAFE,/mnt/f/data_kakhovka_dem_swot/rf_by_date/ZONE_3_DNIPRO_BUG_ESTUARY/2023-01-19_rf.tif
ZONE_3_DNIPRO_BUG_ESTUARY,2023-02-08,2023,0.6823,20103004,True,,S2A_MSIL2A_20230208T085121_N0510_R107_T36TUT_20240812T154245.SAFE|S2A_MSIL2A_20230208T085121_N0510_R107_T36TVS_20240812T154245.SAFE|S2A_MSIL2A_20230208T085121_N0510_R107_T36TVT_20240812T154245.SAFE,/mnt/f/data_kakhovka_dem_swot/rf_by_date/ZONE_3_DNIPRO_BUG_ESTUARY/2023-02-08_rf.tif
ZONE_3_DNIPRO_BUG_ESTUARY,2023-02-13,2023,0.8571,25254713,True,,S2B_MSIL2A_20230213T085009_N0510_R107_T36TUS_20240817T083951.SAFE|S2B_MSIL2A_20230213T085009_N0510_R107_T36TUT_20240817T083951.SAFE|S2B_MSIL2A_20230213T085009_N0510_R107_T36TVS_20240817T083951.SAFE|S2B_MSIL2A_20230213T085009_N0510_R107_T36TVT_20240817T083951.SAFE,/mnt/f/data_kakhovka_dem_swot/rf_by_date/ZONE_3_DNIPRO_BUG_ESTUARY/2023-02-13_rf.tif
ZONE_3_DNIPRO_BUG_ESTUARY,2023-03-05,2023,0.8136,23973177,True,,S2B_MSIL2A_20230305T084749_N0510_R107_T36TUS_20240819T214246.SAFE|S2B_MSIL2A_20230305T084749_N0510_R107_T36TUT_20240819T214246.SAFE|S2B_MSIL2A_20230305T084749_N0510_R107_T36TVS_20240819T214246.SAFE|S2B_MSIL2A_20230305T084749_N0510_R107_T36TVT_20240819T214246.SAFE,/mnt/f/data_kakhovka_dem_swot/rf_by_date/ZONE_3_DNIPRO_BUG_ESTUARY/2023-03-05_rf.tif
ZONE_3_DNIPRO_BUG_ESTUARY,2023-06-15,2023,0.0,0,False,,S2A_MSIL2A_20230615T083601_N0510_R064_T36TVS_20240911T232944.SAFE,/mnt/f/data_kakhovka_dem_swot/rf_by_date/ZONE_3_DNIPRO_BUG_ESTUARY/2023-06-15_rf.tif
ZONE_3_DNIPRO_BUG_ESTUARY,2023-06-16,2023,0.1697,5000968,False,,S2B_MSIL2A_20230616T085559_N0510_R007_T36TUS_20240909T032949.SAFE,/mnt/f/data_kakhovka_dem_swot/rf_by_date/ZONE_3_DNIPRO_BUG_ESTUARY/2023-06-16_rf.tif
ZONE_3_DNIPRO_BUG_ESTUARY,2023-06-18,2023,0.9032,26613202,False,,S2A_MSIL2A_20230618T084601_N0510_R107_T36TUS_20240909T044759.SAFE|S2A_MSIL2A_20230618T084601_N0510_R107_T36TUT_20240909T044759.SAFE|S2A_MSIL2A_20230618T084601_N0510_R107_T36TVS_20240909T044759.SAFE|S2A_MSIL2A_20230618T084601_N0510_R107_T36TVT_20240909T044759.SAFE,/mnt/f/data_kakhovka_dem_swot/rf_by_date/ZONE_3_DNIPRO_BUG_ESTUARY/2023-06-18_rf.tif
ZONE_3_DNIPRO_BUG_ESTUARY,2023-06-23,2023,0.9634,28387387,False,,S2B_MSIL2A_20230623T084559_N0510_R107_T36TUS_20241002T064209.SAFE|S2B_MSIL2A_20230623T084559_N0510_R107_T36TUT_20241002T064209.SAFE|S2B_MSIL2A_20230623T084559_N0510_R107_T36TVS_20241002T064209.SAFE|S2B_MSIL2A_20230623T084559_N0510_R107_T36TVT_20241002T064209.SAFE,/mnt/f/data_kakhovka_dem_swot/rf_by_date/ZONE_3_DNIPRO_BUG_ESTUARY/2023-06-23_rf.tif
ZONE_3_DNIPRO_BUG_ESTUARY,2023-06-25,2023,0.0,0,False,,S2A_MSIL2A_20230625T083601_N0510_R064_T36TVS_20240910T091441.SAFE,/mnt/f/data_kakhovka_dem_swot/rf_by_date/ZONE_3_DNIPRO_BUG_ESTUARY/2023-06-25_rf.tif
ZONE_3_DNIPRO_BUG_ESTUARY,2023-06-28,2023,0.1712,5043541,False,,S2A_MSIL2A_20230628T084601_N0510_R107_T36TVS_20240910T222026.SAFE,/mnt/f/data_kakhovka_dem_swot/rf_by_date/ZONE_3_DNIPRO_BUG_ESTUARY/2023-06-28_rf.tif
ZONE_3_DNIPRO_BUG_ESTUARY,2023-07-01,2023,0.3038,8951124,False,,S2A_MSIL2A_20230701T085601_N0510_R007_T36TUS_20240929T180451.SAFE|S2A_MSIL2A_20230701T085601_N0510_R007_T36TVT_20240929T180451.SAFE,/mnt/f/data_kakhovka_dem_swot/rf_by_date/ZONE_3_DNIPRO_BUG_ESTUARY/2023-07-01_rf.tif
ZONE_3_DNIPRO_BUG_ESTUARY,2023-07-03,2023,0.5692,16772690,False,,S2B_MSIL2A_20230703T084609_N0510_R107_T36TVS_20240913T052852.SAFE|S2B_MSIL2A_20230703T084609_N0510_R107_T36TVT_20240913T052852.SAFE,/mnt/f/data_kakhovka_dem_swot/rf_by_date/ZONE_3_DNIPRO_BUG_ESTUARY/2023-07-03_rf.tif
ZONE_3_DNIPRO_BUG_ESTUARY,2023-07-06,2023,0.1522,4485600,False,,S2B_MSIL2A_20230706T085559_N0510_R007_T36TUT_20240912T233246.SAFE,/mnt/f/data_kakhovka_dem_swot/rf_by_date/ZONE_3_DNIPRO_BUG_ESTUARY/2023-07-06_rf.tif
ZONE_3_DNIPRO_BUG_ESTUARY,2023-07-08,2023,0.2629,7747068,False,,S2A_MSIL2A_20230708T084601_N0510_R107_T36TVS_20240930T204405.SAFE,/mnt/f/data_kakhovka_dem_swot/rf_by_date/ZONE_3_DNIPRO_BUG_ESTUARY/2023-07-08_rf.tif
ZONE_3_DNIPRO_BUG_ESTUARY,2023-07-11,2023,0.138,4065473,False,,S2A_MSIL2A_20230711T085601_N0510_R007_T36TVT_20241020T210719.SAFE,/mnt/f/data_kakhovka_dem_swot/rf_by_date/ZONE_3_DNIPRO_BUG_ESTUARY/2023-07-11_rf.tif
ZONE_3_DNIPRO_BUG_ESTUARY,2023-07-15,2023,0.0,0,False,,S2A_MSIL2A_20230715T083601_N0510_R064_T36TVS_20240925T134235.SAFE,/mnt/f/data_kakhovka_dem_swot/rf_by_date/ZONE_3_DNIPRO_BUG_ESTUARY/2023-07-15_rf.tif
ZONE_3_DNIPRO_BUG_ESTUARY,2023-07-16,2023,0.374,11018935,False,,S2B_MSIL2A_20230716T085559_N0510_R007_T36TUS_20240913T192316.SAFE|S2B_MSIL2A_20230716T085559_N0510_R007_T36TUT_20240913T192316.SAFE,/mnt/f/data_kakhovka_dem_swot/rf_by_date/ZONE_3_DNIPRO_BUG_ESTUARY/2023-07-16_rf.tif
ZONE_3_DNIPRO_BUG_ESTUARY,2023-07-21,2023,0.5467,16108190,False,,S2A_MSIL2A_20230721T085601_N0510_R007_T36TUS_20241021T235401.SAFE|S2A_MSIL2A_20230721T085601_N0510_R007_T36TUT_20241021T235401.SAFE|S2A_MSIL2A_20230721T085601_N0510_R007_T36TVT_20241021T235401.SAFE,/mnt/f/data_kakhovka_dem_swot/rf_by_date/ZONE_3_DNIPRO_BUG_ESTUARY/2023-07-21_rf.tif
ZONE_3_DNIPRO_BUG_ESTUARY,2023-07-26,2023,0.2229,6568483,False,,S2B_MSIL2A_20230726T085559_N0510_R007_T36TUS_20240928T121751.SAFE,/mnt/f/data_kakhovka_dem_swot/rf_by_date/ZONE_3_DNIPRO_BUG_ESTUARY/2023-07-26_rf.tif
ZONE_3_DNIPRO_BUG_ESTUARY,2023-07-28,2023,0.7239,21328904,False,,S2A_MSIL2A_20230728T084601_N0510_R107_T36TUS_20241020T004741.SAFE|S2A_MSIL2A_20230728T084601_N0510_R107_T36TUT_20241020T004741.SAFE|S2A_MSIL2A_20230728T084601_N0510_R107_T36TVS_20241020T004741.SAFE,/mnt/f/data_kakhovka_dem_swot/rf_by_date/ZONE_3_DNIPRO_BUG_ESTUARY/2023-07-28_rf.tif
ZONE_3_DNIPRO_BUG_ESTUARY,2023-07-30,2023,0.0,0,False,,S2B_MSIL2A_20230730T083609_N0510_R064_T36TVS_20241020T234519.SAFE,/mnt/f/data_kakhovka_dem_swot/rf_by_date/ZONE_3_DNIPRO_BUG_ESTUARY/2023-07-30_rf.tif
ZONE_3_DNIPRO_BUG_ESTUARY,2023-08-17,2023,0.9209,27135318,False,,S2A_MSIL2A_20230817T084601_N0510_R107_T36TUS_20241023T214259.SAFE|S2A_MSIL2A_20230817T084601_N0510_R107_T36TUT_20241023T214259.SAFE|S2A_MSIL2A_20230817T084601_N0510_R107_T36TVS_20241023T214259.SAFE|S2A_MSIL2A_20230817T084601_N0510_R107_T36TVT_20241023T214259.SAFE,/mnt/f/data_kakhovka_dem_swot/rf_by_date/ZONE_3_DNIPRO_BUG_ESTUARY/2023-08-17_rf.tif
ZONE_3_DNIPRO_BUG_ESTUARY,2023-09-01,2023,0.8515,25088101,False,,S2B_MSIL2A_20230901T084609_N0510_R107_T36TUS_20241105T120424.SAFE|S2B_MSIL2A_20230901T084609_N0510_R107_T36TUT_20241105T120424.SAFE|S2B_MSIL2A_20230901T084609_N0510_R107_T36TVS_20241105T120424.SAFE|S2B_MSIL2A_20230901T084609_N0510_R107_T36TVT_20241105T120424.SAFE,/mnt/f/data_kakhovka_dem_swot/rf_by_date/ZONE_3_DNIPRO_BUG_ESTUARY/2023-09-01_rf.tif
ZONE_3_DNIPRO_BUG_ESTUARY,2023-09-11,2023,0.9878,29105344,False,,S2B_MSIL2A_20230911T084559_N0510_R107_T36TUS_20241104T191300.SAFE|S2B_MSIL2A_20230911T084559_N0510_R107_T36TUT_20241104T191300.SAFE|S2B_MSIL2A_20230911T084559_N0510_R107_T36TVS_20241104T191300.SAFE|S2B_MSIL2A_20230911T084559_N0510_R107_T36TVT_20241104T191300.SAFE,/mnt/f/data_kakhovka_dem_swot/rf_by_date/ZONE_3_DNIPRO_BUG_ESTUARY/2023-09-11_rf.tif
ZONE_3_DNIPRO_BUG_ESTUARY,2023-09-21,2023,0.8639,25455029,False,,S2B_MSIL2A_20230921T084639_N0510_R107_T36TUS_20241025T180108.SAFE|S2B_MSIL2A_20230921T084639_N0510_R107_T36TUT_20241025T180108.SAFE|S2B_MSIL2A_20230921T084639_N0510_R107_T36TVS_20241025T180108.SAFE|S2B_MSIL2A_20230921T084639_N0510_R107_T36TVT_20241025T180108.SAFE,/mnt/f/data_kakhovka_dem_swot/rf_by_date/ZONE_3_DNIPRO_BUG_ESTUARY/2023-09-21_rf.tif
ZONE_3_DNIPRO_BUG_ESTUARY,2024-03-24,2024,0.9774,28799114,False,,S2A_MSIL2A_20240324T084621_N0510_R107_T36TUS_20240324T134651.SAFE|S2A_MSIL2A_20240324T084621_N0510_R107_T36TUT_20240324T134651.SAFE|S2A_MSIL2A_20240324T084621_N0510_R107_T36TVS_20240324T134651.SAFE|S2A_MSIL2A_20240324T084621_N0510_R107_T36TVT_20240324T134651.SAFE,/mnt/f/data_kakhovka_dem_swot/rf_by_date/ZONE_3_DNIPRO_BUG_ESTUARY/2024-03-24_rf.tif
ZONE_3_DNIPRO_BUG_ESTUARY,2024-04-08,2024,0.9243,27234799,False,,S2B_MSIL2A_20240408T084559_N0510_R107_T36TUS_20240408T113615.SAFE|S2B_MSIL2A_20240408T084559_N0510_R107_T36TUT_20240408T113615.SAFE|S2B_MSIL2A_20240408T084559_N0510_R107_T36TVS_20240408T113615.SAFE|S2B_MSIL2A_20240408T084559_N0510_R107_T36TVT_20240408T113615.SAFE,/mnt/f/data_kakhovka_dem_swot/rf_by_date/ZONE_3_DNIPRO_BUG_ESTUARY/2024-04-08_rf.tif
ZONE_3_DNIPRO_BUG_ESTUARY,2024-06-07,2024,0.8552,25199012,False,,S2B_MSIL2A_20240607T084559_N0510_R107_T36TUS_20240607T114050.SAFE|S2B_MSIL2A_20240607T084559_N0510_R107_T36TUT_20240607T114050.SAFE|S2B_MSIL2A_20240607T084559_N0510_R107_T36TVS_20240607T114050.SAFE|S2B_MSIL2A_20240607T084559_N0510_R107_T36TVT_20240607T114050.SAFE,/mnt/f/data_kakhovka_dem_swot/rf_by_date/ZONE_3_DNIPRO_BUG_ESTUARY/2024-06-07_rf.tif
ZONE_3_DNIPRO_BUG_ESTUARY,2024-06-22,2024,0.9243,27233657,False,,S2A_MSIL2A_20240622T084601_N0510_R107_T36TUS_20240622T120548.SAFE|S2A_MSIL2A_20240622T084601_N0510_R107_T36TUT_20240622T120548.SAFE|S2A_MSIL2A_20240622T084601_N0510_R107_T36TVS_20240622T120548.SAFE|S2A_MSIL2A_20240622T084601_N0510_R107_T36TVT_20240622T120548.SAFE,/mnt/f/data_kakhovka_dem_swot/rf_by_date/ZONE_3_DNIPRO_BUG_ESTUARY/2024-06-22_rf.tif
ZONE_3_DNIPRO_BUG_ESTUARY,2024-06-27,2024,0.8221,24221428,False,,S2B_MSIL2A_20240627T084559_N0510_R107_T36TUS_20240627T102420.SAFE|S2B_MSIL2A_20240627T084559_N0510_R107_T36TUT_20240627T102420.SAFE|S2B_MSIL2A_20240627T084559_N0510_R107_T36TVS_20240627T102420.SAFE|S2B_MSIL2A_20240627T084559_N0510_R107_T36TVT_20240627T102420.SAFE,/mnt/f/data_kakhovka_dem_swot/rf_by_date/ZONE_3_DNIPRO_BUG_ESTUARY/2024-06-27_rf.tif
ZONE_3_DNIPRO_BUG_ESTUARY,2024-07-27,2024,0.9917,29220785,False,,S2B_MSIL2A_20240727T084559_N0511_R107_T36TUS_20240727T103723.SAFE|S2B_MSIL2A_20240727T084559_N0511_R107_T36TUT_20240727T103723.SAFE|S2B_MSIL2A_20240727T084559_N0511_R107_T36TVS_20240727T103723.SAFE|S2B_MSIL2A_20240727T084559_N0511_R107_T36TVT_20240727T103723.SAFE,/mnt/f/data_kakhovka_dem_swot/rf_by_date/ZONE_3_DNIPRO_BUG_ESTUARY/2024-07-27_rf.tif
ZONE_3_DNIPRO_BUG_ESTUARY,2024-08-11,2024,0.8223,24229802,False,,S2A_MSIL2A_20240811T084601_N0511_R107_T36TUS_20240811T151854.SAFE|S2A_MSIL2A_20240811T084601_N0511_R107_T36TUT_20240811T151854.SAFE|S2A_MSIL2A_20240811T084601_N0511_R107_T36TVS_20240811T151854.SAFE|S2A_MSIL2A_20240811T084601_N0511_R107_T36TVT_20240811T151854.SAFE,/mnt/f/data_kakhovka_dem_swot/rf_by_date/ZONE_3_DNIPRO_BUG_ESTUARY/2024-08-11_rf.tif
ZONE_3_DNIPRO_BUG_ESTUARY,2024-11-19,2024,0.8606,25356867,False,,S2A_MSIL2A_20241119T085251_N0511_R107_T36TUS_20241119T120054.SAFE|S2A_MSIL2A_20241119T085251_N0511_R107_T36TUT_20241119T120054.SAFE|S2A_MSIL2A_20241119T085251_N0511_R107_T36TVS_20241119T120054.SAFE|S2A_MSIL2A_20241119T085251_N0511_R107_T36TVT_20241119T120054.SAFE,/mnt/f/data_kakhovka_dem_swot/rf_by_date/ZONE_3_DNIPRO_BUG_ESTUARY/2024-11-19_rf.tif
ZONE_3_DNIPRO_BUG_ESTUARY,2024-11-24,2024,0.9969,29373755,False,,S2B_MSIL2A_20241124T085209_N0511_R107_T36TUS_20241124T104119.SAFE|S2B_MSIL2A_20241124T085209_N0511_R107_T36TUT_20241124T104119.SAFE|S2B_MSIL2A_20241124T085209_N0511_R107_T36TVS_20241124T104119.SAFE|S2B_MSIL2A_20241124T085209_N0511_R107_T36TVT_20241124T104119.SAFE,/mnt/f/data_kakhovka_dem_swot/rf_by_date/ZONE_3_DNIPRO_BUG_ESTUARY/2024-11-24_rf.tif
ZONE_3_DNIPRO_BUG_ESTUARY,2024-12-14,2024,0.985,29022057,False,,S2B_MSIL2A_20241214T085259_N0511_R107_T36TUS_20241214T100813.SAFE|S2B_MSIL2A_20241214T085259_N0511_R107_T36TUT_20241214T100813.SAFE|S2B_MSIL2A_20241214T085259_N0511_R107_T36TVS_20241214T100813.SAFE|S2B_MSIL2A_20241214T085259_N0511_R107_T36TVT_20241214T100813.SAFE,/mnt/f/data_kakhovka_dem_swot/rf_by_date/ZONE_3_DNIPRO_BUG_ESTUARY/2024-12-14_rf.tif
ZONE_3_DNIPRO_BUG_ESTUARY,2025-01-13,2025,0.9239,27221777,False,,S2B_MSIL2A_20250113T085229_N0511_R107_T36TUS_20250113T101017.SAFE|S2B_MSIL2A_20250113T085229_N0511_R107_T36TUT_20250113T101017.SAFE|S2B_MSIL2A_20250113T085229_N0511_R107_T36TVS_20250113T101017.SAFE|S2B_MSIL2A_20250113T085229_N0511_R107_T36TVT_20250113T101017.SAFE,/mnt/f/data_kakhovka_dem_swot/rf_by_date/ZONE_3_DNIPRO_BUG_ESTUARY/2025-01-13_rf.tif
ZONE_3_DNIPRO_BUG_ESTUARY,2025-02-02,2025,0.9904,29181320,False,,S2B_MSIL2A_20250202T085109_N0511_R107_T36TUS_20250202T095914.SAFE|S2B_MSIL2A_20250202T085109_N0511_R107_T36TUT_20250202T095914.SAFE|S2B_MSIL2A_20250202T085109_N0511_R107_T36TVS_20250202T095914.SAFE|S2B_MSIL2A_20250202T085109_N0511_R107_T36TVT_20250202T095914.SAFE,/mnt/f/data_kakhovka_dem_swot/rf_by_date/ZONE_3_DNIPRO_BUG_ESTUARY/2025-02-02_rf.tif
ZONE_3_DNIPRO_BUG_ESTUARY,2025-02-27,2025,0.715,21067048,False,,S2C_MSIL2A_20250227T084941_N0511_R107_T36TUS_20250227T125813.SAFE|S2C_MSIL2A_20250227T084941_N0511_R107_T36TUT_20250227T125813.SAFE|S2C_MSIL2A_20250227T084941_N0511_R107_T36TVS_20250227T125813.SAFE|S2C_MSIL2A_20250227T084941_N0511_R107_T36TVT_20250227T125813.SAFE,/mnt/f/data_kakhovka_dem_swot/rf_by_date/ZONE_3_DNIPRO_BUG_ESTUARY/2025-02-27_rf.tif
ZONE_3_DNIPRO_BUG_ESTUARY,2025-04-13,2025,0.7936,23383242,False,,S2B_MSIL2A_20250413T084559_N0511_R107_T36TUS_20250413T111228.SAFE|S2B_MSIL2A_20250413T084559_N0511_R107_T36TUT_20250413T111228.SAFE|S2B_MSIL2A_20250413T084559_N0511_R107_T36TVS_20250413T111228.SAFE|S2B_MSIL2A_20250413T084559_N0511_R107_T36TVT_20250413T111228.SAFE,/mnt/f/data_kakhovka_dem_swot/rf_by_date/ZONE_3_DNIPRO_BUG_ESTUARY/2025-04-13_rf.tif
ZONE_3_DNIPRO_BUG_ESTUARY,2025-06-09,2025,0.4812,14178629,False,,S2A_MSIL2A_20250609T085431_N0511_R107_T36TUS_20250609T112415.SAFE|S2A_MSIL2A_20250609T085431_N0511_R107_T36TUT_20250609T112415.SAFE|S2B_MSIL2A_20250609T083559_N0511_R064_T36TVS_20250609T105639.SAFE,/mnt/f/data_kakhovka_dem_swot/rf_by_date/ZONE_3_DNIPRO_BUG_ESTUARY/2025-06-09_rf.tif
ZONE_3_DNIPRO_BUG_ESTUARY,2025-06-29,2025,0.4781,14086461,False,,S2A_MSIL2A_20250629T085431_N0511_R107_T36TUS_20250629T110326.SAFE|S2A_MSIL2A_20250629T085431_N0511_R107_T36TUT_20250629T110326.SAFE|S2B_MSIL2A_20250629T083559_N0511_R064_T36TVS_20250629T114228.SAFE,/mnt/f/data_kakhovka_dem_swot/rf_by_date/ZONE_3_DNIPRO_BUG_ESTUARY/2025-06-29_rf.tif
ZONE_3_DNIPRO_BUG_ESTUARY,2025-07-22,2025,0.9453,27853435,False,,S2B_MSIL2A_20250722T084559_N0511_R107_T36TUS_20250722T112749.SAFE|S2B_MSIL2A_20250722T084559_N0511_R107_T36TUT_20250722T112749.SAFE|S2B_MSIL2A_20250722T084559_N0511_R107_T36TVS_20250722T112749.SAFE|S2B_MSIL2A_20250722T084559_N0511_R107_T36TVT_20250722T112749.SAFE,/mnt/f/data_kakhovka_dem_swot/rf_by_date/ZONE_3_DNIPRO_BUG_ESTUARY/2025-07-22_rf.tif
ZONE_3_DNIPRO_BUG_ESTUARY,2025-08-08,2025,0.4777,14074598,False,,S2A_MSIL2A_20250808T085431_N0511_R107_T36TUS_20250808T112013.SAFE|S2A_MSIL2A_20250808T085431_N0511_R107_T36TUT_20250808T112013.SAFE|S2B_MSIL2A_20250808T083559_N0511_R064_T36TVS_20250808T110822.SAFE,/mnt/f/data_kakhovka_dem_swot/rf_by_date/ZONE_3_DNIPRO_BUG_ESTUARY/2025-08-08_rf.tif
ZONE_3_DNIPRO_BUG_ESTUARY,2025-08-21,2025,0.8619,25394470,False,,S2B_MSIL2A_20250821T084559_N0511_R107_T36TUS_20250821T095143.SAFE|S2B_MSIL2A_20250821T084559_N0511_R107_T36TUT_20250821T095143.SAFE|S2B_MSIL2A_20250821T084559_N0511_R107_T36TVS_20250821T095143.SAFE|S2B_MSIL2A_20250821T084559_N0511_R107_T36TVT_20250821T095143.SAFE,/mnt/f/data_kakhovka_dem_swot/rf_by_date/ZONE_3_DNIPRO_BUG_ESTUARY/2025-08-21_rf.tif
ZONE_3_DNIPRO_BUG_ESTUARY,2025-09-27,2025,0.4813,14180820,False,,S2A_MSIL2A_20250927T084741_N0511_R107_T36TUS_20250927T105719.SAFE|S2A_MSIL2A_20250927T084741_N0511_R107_T36TUT_20250927T105719.SAFE|S2B_MSIL2A_20250927T083629_N0511_R064_T36TVS_20250927T124722.SAFE,/mnt/f/data_kakhovka_dem_swot/rf_by_date/ZONE_3_DNIPRO_BUG_ESTUARY/2025-09-27_rf.tif
ZONE_3_DNIPRO_BUG_ESTUARY,2025-10-05,2025,0.6702,19747644,False,,S2C_MSIL2A_20251005T084841_N0511_R107_T36TUS_20251005T141514.SAFE|S2C_MSIL2A_20251005T084841_N0511_R107_T36TVS_20251005T141514.SAFE|S2C_MSIL2A_20251005T084841_N0511_R107_T36TVT_20251005T141514.SAFE,/mnt/f/data_kakhovka_dem_swot/rf_by_date/ZONE_3_DNIPRO_BUG_ESTUARY/2025-10-05_rf.tif
ZONE_3_DNIPRO_BUG_ESTUARY,2025-10-15,2025,0.8763,25819084,False,,S2C_MSIL2A_20251015T084941_N0511_R107_T36TUS_20251015T123304.SAFE|S2C_MSIL2A_20251015T084941_N0511_R107_T36TUT_20251015T123304.SAFE|S2C_MSIL2A_20251015T084941_N0511_R107_T36TVS_20251015T123304.SAFE|S2C_MSIL2A_20251015T084941_N0511_R107_T36TVT_20251015T123304.SAFE,/mnt/f/data_kakhovka_dem_swot/rf_by_date/ZONE_3_DNIPRO_BUG_ESTUARY/2025-10-15_rf.tif
ZONE_3_DNIPRO_BUG_ESTUARY,2026-02-22,2026,0.6474,19074995,False,,S2C_MSIL2A_20260222T084951_N0512_R107_T36TUS_20260222T123719.SAFE|S2C_MSIL2A_20260222T084951_N0512_R107_T36TUT_20260222T123719.SAFE|S2C_MSIL2A_20260222T084951_N0512_R107_T36TVS_20260222T123719.SAFE|S2C_MSIL2A_20260222T084951_N0512_R107_T36TVT_20260222T123719.SAFE,/mnt/f/data_kakhovka_dem_swot/rf_by_date/ZONE_3_DNIPRO_BUG_ESTUARY/2026-02-22_rf.tif
ZONE_3_DNIPRO_BUG_ESTUARY,2026-04-05,2026,0.4683,13797510,False,,S2A_MSIL2A_20260405T084731_N0512_R107_T36TUS_20260405T143325.SAFE|S2A_MSIL2A_20260405T084731_N0512_R107_T36TUT_20260405T143325.SAFE|S2B_MSIL2A_20260405T083559_N0512_R064_T36TVS_20260405T125704.SAFE,/mnt/f/data_kakhovka_dem_swot/rf_by_date/ZONE_3_DNIPRO_BUG_ESTUARY/2026-04-05_rf.tif
ZONE_3_DNIPRO_BUG_ESTUARY,2026-04-15,2026,0.3808,11219000,False,,S2A_MSIL2A_20260415T085441_N0512_R107_T36TUS_20260415T172321.SAFE|S2A_MSIL2A_20260415T085441_N0512_R107_T36TUT_20260415T172321.SAFE|S2B_MSIL2A_20260415T083559_N0512_R064_T36TVS_20260415T123541.SAFE,/mnt/f/data_kakhovka_dem_swot/rf_by_date/ZONE_3_DNIPRO_BUG_ESTUARY/2026-04-15_rf.tif
ZONE_3_DNIPRO_BUG_ESTUARY,2026-04-25,2026,0.4733,13946095,False,,S2A_MSIL2A_20260425T084731_N0512_R107_T36TUS_20260425T142112.SAFE|S2A_MSIL2A_20260425T084731_N0512_R107_T36TUT_20260425T142112.SAFE|S2B_MSIL2A_20260425T083559_N0512_R064_T36TVS_20260425T123614.SAFE,/mnt/f/data_kakhovka_dem_swot/rf_by_date/ZONE_3_DNIPRO_BUG_ESTUARY/2026-04-25_rf.tif
ZONE_3_DNIPRO_BUG_ESTUARY,2026-05-05,2026,0.4814,14185351,False,,S2A_MSIL2A_20260505T085431_N0512_R107_T36TUS_20260505T135817.SAFE|S2A_MSIL2A_20260505T085431_N0512_R107_T36TUT_20260505T135817.SAFE|S2B_MSIL2A_20260505T083559_N0512_R064_T36TVS_20260505T123805.SAFE,/mnt/f/data_kakhovka_dem_swot/rf_by_date/ZONE_3_DNIPRO_BUG_ESTUARY/2026-05-05_rf.tif
ZONE_3_DNIPRO_BUG_ESTUARY,2026-06-22,2026,0.9798,28870347,False,,S2C_MSIL2A_20260622T084601_N0512_R107_T36TUS_20260622T140913.SAFE|S2C_MSIL2A_20260622T084601_N0512_R107_T36TUT_20260622T140913.SAFE|S2C_MSIL2A_20260622T084601_N0512_R107_T36TVS_20260622T140913.SAFE|S2C_MSIL2A_20260622T084601_N0512_R107_T36TVT_20260622T140913.SAFE,/mnt/f/data_kakhovka_dem_swot/rf_by_date/ZONE_3_DNIPRO_BUG_ESTUARY/2026-06-22_rf.tif
ZONE_3_DNIPRO_BUG_ESTUARY,2026-09-05,2026,0.9467,27895184,False,,S2B_MSIL2A_20260905T084559_N0512_R107_T36TUS_20260905T124708.SAFE|S2B_MSIL2A_20260905T084559_N0512_R107_T36TUT_20260905T124708.SAFE|S2B_MSIL2A_20260905T084559_N0512_R107_T36TVS_20260905T124708.SAFE|S2B_MSIL2A_20260905T084559_N0512_R107_T36TVT_20260905T124708.SAFE,/mnt/f/data_kakhovka_dem_swot/rf_by_date/ZONE_3_DNIPRO_BUG_ESTUARY/2026-09-05_rf.tif
ZONE_4_DAM_TO_KHERSON_FLOODWAY,2017-09-12,2017,0.4758,12309358,False,,S2B_MSIL2A_20170912T084549_N0500_R107_T36TVS_20231004T020054.SAFE|S2B_MSIL2A_20170912T084549_N0500_R107_T36TVT_20231004T020054.SAFE,/mnt/f/data_kakhovka_dem_swot/rf_by_date/ZONE_4_DAM_TO_KHERSON_FLOODWAY/2017-09-12_rf.tif
ZONE_4_DAM_TO_KHERSON_FLOODWAY,2017-09-14,2017,0.1442,3730400,False,,S2A_MSIL2A_20170914T084011_N0500_R064_T36TVS_20230929T064354.SAFE,/mnt/f/data_kakhovka_dem_swot/rf_by_date/ZONE_4_DAM_TO_KHERSON_FLOODWAY/2017-09-14_rf.tif
ZONE_4_DAM_TO_KHERSON_FLOODWAY,2018-06-11,2018,0.1319,3413348,False,,S2A_MSIL2A_20180611T083601_N0500_R064_T36TVS_20230716T053627.SAFE,/mnt/f/data_kakhovka_dem_swot/rf_by_date/ZONE_4_DAM_TO_KHERSON_FLOODWAY/2018-06-11_rf.tif
ZONE_4_DAM_TO_KHERSON_FLOODWAY,2018-08-13,2018,0.476,12313132,False,,S2A_MSIL2A_20180813T084601_N0500_R107_T36TVS_20230809T181231.SAFE|S2A_MSIL2A_20180813T084601_N0500_R107_T36TVT_20230809T181231.SAFE,/mnt/f/data_kakhovka_dem_swot/rf_by_date/ZONE_4_DAM_TO_KHERSON_FLOODWAY/2018-08-13_rf.tif
ZONE_4_DAM_TO_KHERSON_FLOODWAY,2019-06-16,2019,0.1349,3489763,False,,S2A_MSIL2A_20190616T083601_N0500_R064_T36TVS_20230726T061520.SAFE,/mnt/f/data_kakhovka_dem_swot/rf_by_date/ZONE_4_DAM_TO_KHERSON_FLOODWAY/2019-06-16_rf.tif
ZONE_4_DAM_TO_KHERSON_FLOODWAY,2019-07-26,2019,0.139,3594588,False,,S2A_MSIL2A_20190726T083611_N0500_R064_T36TVS_20230723T140935.SAFE,/mnt/f/data_kakhovka_dem_swot/rf_by_date/ZONE_4_DAM_TO_KHERSON_FLOODWAY/2019-07-26_rf.tif
ZONE_4_DAM_TO_KHERSON_FLOODWAY,2019-08-05,2019,0.1128,2919282,False,,S2A_MSIL2A_20190805T083601_N0500_R064_T36TVS_20230723T180647.SAFE,/mnt/f/data_kakhovka_dem_swot/rf_by_date/ZONE_4_DAM_TO_KHERSON_FLOODWAY/2019-08-05_rf.tif
ZONE_4_DAM_TO_KHERSON_FLOODWAY,2019-08-10,2019,0.1392,3601464,False,,S2B_MSIL2A_20190810T083609_N0500_R064_T36TVS_20230706T111941.SAFE,/mnt/f/data_kakhovka_dem_swot/rf_by_date/ZONE_4_DAM_TO_KHERSON_FLOODWAY/2019-08-10_rf.tif
ZONE_4_DAM_TO_KHERSON_FLOODWAY,2019-09-19,2019,0.1181,3056155,False,,S2B_MSIL2A_20190919T083619_N0500_R064_T36TVS_20230630T125147.SAFE,/mnt/f/data_kakhovka_dem_swot/rf_by_date/ZONE_4_DAM_TO_KHERSON_FLOODWAY/2019-09-19_rf.tif
ZONE_4_DAM_TO_KHERSON_FLOODWAY,2019-09-22,2019,0.4138,10705002,False,,S2B_MSIL2A_20190922T084639_N0500_R107_T36TVS_20230806T111451.SAFE|S2B_MSIL2A_20190922T084639_N0500_R107_T36TVT_20230806T111451.SAFE,/mnt/f/data_kakhovka_dem_swot/rf_by_date/ZONE_4_DAM_TO_KHERSON_FLOODWAY/2019-09-22_rf.tif
ZONE_4_DAM_TO_KHERSON_FLOODWAY,2021-07-03,2021,0.4269,11042200,True,,S2B_MSIL2A_20210703T084559_N0500_R107_T36TVS_20230201T055348.SAFE|S2B_MSIL2A_20210703T084559_N0500_R107_T36TVT_20230201T055348.SAFE,/mnt/f/data_kakhovka_dem_swot/rf_by_date/ZONE_4_DAM_TO_KHERSON_FLOODWAY/2021-07-03_rf.tif
ZONE_4_DAM_TO_KHERSON_FLOODWAY,2021-08-24,2021,0.1359,3514575,True,,S2A_MSIL2A_20210824T083601_N0500_R064_T36TVS_20230217T220111.SAFE,/mnt/f/data_kakhovka_dem_swot/rf_by_date/ZONE_4_DAM_TO_KHERSON_FLOODWAY/2021-08-24_rf.tif
ZONE_4_DAM_TO_KHERSON_FLOODWAY,2021-09-08,2021,0.6792,17569519,True,,S2B_MSIL2A_20210908T083559_N0500_R064_T36TVS_20230117T045558.SAFE|S2B_MSIL2A_20210908T083559_N0500_R064_T36TWS_20230117T045558.SAFE|S2B_MSIL2A_20210908T083559_N0500_R064_T36TWT_20230117T045558.SAFE,/mnt/f/data_kakhovka_dem_swot/rf_by_date/ZONE_4_DAM_TO_KHERSON_FLOODWAY/2021-09-08_rf.tif
ZONE_4_DAM_TO_KHERSON_FLOODWAY,2022-02-15,2022,0.6608,17093930,True,,S2B_MSIL2A_20220215T083929_N0510_R064_T36TVS_20240515T082319.SAFE|S2B_MSIL2A_20220215T083929_N0510_R064_T36TWS_20240515T082319.SAFE|S2B_MSIL2A_20220215T083929_N0510_R064_T36TWT_20240515T082319.SAFE,/mnt/f/data_kakhovka_dem_swot/rf_by_date/ZONE_4_DAM_TO_KHERSON_FLOODWAY/2022-02-15_rf.tif
ZONE_4_DAM_TO_KHERSON_FLOODWAY,2022-08-24,2022,0.1213,3138092,True,,S2B_MSIL2A_20220824T083559_N0510_R064_T36TVS_20240704T173635.SAFE,/mnt/f/data_kakhovka_dem_swot/rf_by_date/ZONE_4_DAM_TO_KHERSON_FLOODWAY/2022-08-24_rf.tif
ZONE_4_DAM_TO_KHERSON_FLOODWAY,2023-06-08,2023,0.1508,3900120,False,,S2A_MSIL2A_20230608T084601_N0510_R107_T36TVS_20240909T163659.SAFE|S2A_MSIL2A_20230608T084601_N0510_R107_T36TVT_20240909T163659.SAFE,/mnt/f/data_kakhovka_dem_swot/rf_by_date/ZONE_4_DAM_TO_KHERSON_FLOODWAY/2023-06-08_rf.tif
ZONE_4_DAM_TO_KHERSON_FLOODWAY,2023-06-15,2023,0.0961,2485578,False,,S2A_MSIL2A_20230615T083601_N0510_R064_T36TVS_20240911T232944.SAFE,/mnt/f/data_kakhovka_dem_swot/rf_by_date/ZONE_4_DAM_TO_KHERSON_FLOODWAY/2023-06-15_rf.tif
ZONE_4_DAM_TO_KHERSON_FLOODWAY,2023-06-18,2023,0.5804,15014117,False,,S2A_MSIL2A_20230618T084601_N0510_R107_T36TVS_20240909T044759.SAFE|S2A_MSIL2A_20230618T084601_N0510_R107_T36TVT_20240909T044759.SAFE|S2A_MSIL2A_20230618T084601_N0510_R107_T36TWT_20240909T044759.SAFE,/mnt/f/data_kakhovka_dem_swot/rf_by_date/ZONE_4_DAM_TO_KHERSON_FLOODWAY/2023-06-18_rf.tif
ZONE_4_DAM_TO_KHERSON_FLOODWAY,2023-06-20,2023,0.1383,3577082,False,,S2B_MSIL2A_20230620T083609_N0510_R064_T36TVS_20240909T160521.SAFE,/mnt/f/data_kakhovka_dem_swot/rf_by_date/ZONE_4_DAM_TO_KHERSON_FLOODWAY/2023-06-20_rf.tif
ZONE_4_DAM_TO_KHERSON_FLOODWAY,2023-06-23,2023,0.3844,9943688,False,,S2B_MSIL2A_20230623T084559_N0510_R107_T36TVS_20241002T064209.SAFE|S2B_MSIL2A_20230623T084559_N0510_R107_T36TVT_20241002T064209.SAFE,/mnt/f/data_kakhovka_dem_swot/rf_by_date/ZONE_4_DAM_TO_KHERSON_FLOODWAY/2023-06-23_rf.tif
ZONE_4_DAM_TO_KHERSON_FLOODWAY,2023-06-25,2023,0.3461,8952502,False,,S2A_MSIL2A_20230625T083601_N0510_R064_T36TVS_20240910T091441.SAFE|S2A_MSIL2A_20230625T083601_N0510_R064_T36TWS_20240910T091441.SAFE,/mnt/f/data_kakhovka_dem_swot/rf_by_date/ZONE_4_DAM_TO_KHERSON_FLOODWAY/2023-06-25_rf.tif
ZONE_4_DAM_TO_KHERSON_FLOODWAY,2023-06-28,2023,0.261,6750968,False,,S2A_MSIL2A_20230628T084601_N0510_R107_T36TVS_20240910T222026.SAFE,/mnt/f/data_kakhovka_dem_swot/rf_by_date/ZONE_4_DAM_TO_KHERSON_FLOODWAY/2023-06-28_rf.tif
ZONE_4_DAM_TO_KHERSON_FLOODWAY,2023-06-30,2023,0.5215,13490727,False,,S2B_MSIL2A_20230630T083609_N0510_R064_T36TVS_20240926T151304.SAFE|S2B_MSIL2A_20230630T083609_N0510_R064_T36TWS_20240926T151304.SAFE,/mnt/f/data_kakhovka_dem_swot/rf_by_date/ZONE_4_DAM_TO_KHERSON_FLOODWAY/2023-06-30_rf.tif
ZONE_4_DAM_TO_KHERSON_FLOODWAY,2023-07-01,2023,0.0,0,False,,S2A_MSIL2A_20230701T085601_N0510_R007_T36TVT_20240929T180451.SAFE,/mnt/f/data_kakhovka_dem_swot/rf_by_date/ZONE_4_DAM_TO_KHERSON_FLOODWAY/2023-07-01_rf.tif
ZONE_4_DAM_TO_KHERSON_FLOODWAY,2023-07-03,2023,0.907,23464214,False,,S2B_MSIL2A_20230703T084609_N0510_R107_T36TVS_20240913T052852.SAFE|S2B_MSIL2A_20230703T084609_N0510_R107_T36TVT_20240913T052852.SAFE|S2B_MSIL2A_20230703T084609_N0510_R107_T36TWS_20240913T052852.SAFE|S2B_MSIL2A_20230703T084609_N0510_R107_T36TWT_20240913T052852.SAFE,/mnt/f/data_kakhovka_dem_swot/rf_by_date/ZONE_4_DAM_TO_KHERSON_FLOODWAY/2023-07-03_rf.tif
ZONE_4_DAM_TO_KHERSON_FLOODWAY,2023-07-05,2023,0.3441,8900359,False,,S2A_MSIL2A_20230705T083601_N0510_R064_T36TVS_20240912T220325.SAFE|S2A_MSIL2A_20230705T083601_N0510_R064_T36TWT_20240912T220325.SAFE,/mnt/f/data_kakhovka_dem_swot/rf_by_date/ZONE_4_DAM_TO_KHERSON_FLOODWAY/2023-07-05_rf.tif
ZONE_4_DAM_TO_KHERSON_FLOODWAY,2023-07-08,2023,0.6255,16182117,False,,S2A_MSIL2A_20230708T084601_N0510_R107_T36TVS_20240930T204405.SAFE|S2A_MSIL2A_20230708T084601_N0510_R107_T36TWS_20240930T204405.SAFE,/mnt/f/data_kakhovka_dem_swot/rf_by_date/ZONE_4_DAM_TO_KHERSON_FLOODWAY/2023-07-08_rf.tif
ZONE_4_DAM_TO_KHERSON_FLOODWAY,2023-07-11,2023,0.0,0,False,,S2A_MSIL2A_20230711T085601_N0510_R007_T36TVT_20241020T210719.SAFE,/mnt/f/data_kakhovka_dem_swot/rf_by_date/ZONE_4_DAM_TO_KHERSON_FLOODWAY/2023-07-11_rf.tif
ZONE_4_DAM_TO_KHERSON_FLOODWAY,2023-07-15,2023,0.3368,8711678,False,,S2A_MSIL2A_20230715T083601_N0510_R064_T36TVS_20240925T134235.SAFE|S2A_MSIL2A_20230715T083601_N0510_R064_T36TWS_20240925T134235.SAFE,/mnt/f/data_kakhovka_dem_swot/rf_by_date/ZONE_4_DAM_TO_KHERSON_FLOODWAY/2023-07-15_rf.tif
ZONE_4_DAM_TO_KHERSON_FLOODWAY,2023-07-21,2023,0.0,0,False,,S2A_MSIL2A_20230721T085601_N0510_R007_T36TVT_20241021T235401.SAFE,/mnt/f/data_kakhovka_dem_swot/rf_by_date/ZONE_4_DAM_TO_KHERSON_FLOODWAY/2023-07-21_rf.tif
ZONE_4_DAM_TO_KHERSON_FLOODWAY,2023-07-25,2023,0.1339,3462899,False,,S2A_MSIL2A_20230725T083601_N0510_R064_T36TVS_20241021T002519.SAFE,/mnt/f/data_kakhovka_dem_swot/rf_by_date/ZONE_4_DAM_TO_KHERSON_FLOODWAY/2023-07-25_rf.tif
ZONE_4_DAM_TO_KHERSON_FLOODWAY,2023-07-28,2023,0.0043,110905,False,,S2A_MSIL2A_20230728T084601_N0510_R107_T36TVS_20241020T004741.SAFE,/mnt/f/data_kakhovka_dem_swot/rf_by_date/ZONE_4_DAM_TO_KHERSON_FLOODWAY/2023-07-28_rf.tif
ZONE_4_DAM_TO_KHERSON_FLOODWAY,2023-07-30,2023,0.5194,13435885,False,,S2B_MSIL2A_20230730T083609_N0510_R064_T36TVS_20241020T234519.SAFE|S2B_MSIL2A_20230730T083609_N0510_R064_T36TWS_20241020T234519.SAFE|S2B_MSIL2A_20230730T083609_N0510_R064_T36TWT_20241020T234519.SAFE,/mnt/f/data_kakhovka_dem_swot/rf_by_date/ZONE_4_DAM_TO_KHERSON_FLOODWAY/2023-07-30_rf.tif
ZONE_4_DAM_TO_KHERSON_FLOODWAY,2023-08-07,2023,0.4517,11686269,False,,S2A_MSIL2A_20230807T084601_N0510_R107_T36TVS_20241016T161808.SAFE|S2A_MSIL2A_20230807T084601_N0510_R107_T36TVT_20241016T161808.SAFE,/mnt/f/data_kakhovka_dem_swot/rf_by_date/ZONE_4_DAM_TO_KHERSON_FLOODWAY/2023-08-07_rf.tif
ZONE_4_DAM_TO_KHERSON_FLOODWAY,2023-08-09,2023,0.1362,3523130,False,,S2B_MSIL2A_20230809T083609_N0510_R064_T36TVS_20241017T041051.SAFE,/mnt/f/data_kakhovka_dem_swot/rf_by_date/ZONE_4_DAM_TO_KHERSON_FLOODWAY/2023-08-09_rf.tif
ZONE_4_DAM_TO_KHERSON_FLOODWAY,2023-08-17,2023,0.6437,16651388,False,,S2A_MSIL2A_20230817T084601_N0510_R107_T36TVS_20241023T214259.SAFE|S2A_MSIL2A_20230817T084601_N0510_R107_T36TVT_20241023T214259.SAFE|S2A_MSIL2A_20230817T084601_N0510_R107_T36TWT_20241023T214259.SAFE,/mnt/f/data_kakhovka_dem_swot/rf_by_date/ZONE_4_DAM_TO_KHERSON_FLOODWAY/2023-08-17_rf.tif
ZONE_4_DAM_TO_KHERSON_FLOODWAY,2023-08-24,2023,0.146,3777238,False,,S2A_MSIL2A_20230824T083611_N0510_R064_T36TVS_20241027T181539.SAFE,/mnt/f/data_kakhovka_dem_swot/rf_by_date/ZONE_4_DAM_TO_KHERSON_FLOODWAY/2023-08-24_rf.tif
ZONE_4_DAM_TO_KHERSON_FLOODWAY,2023-08-27,2023,0.866,22401801,False,,S2A_MSIL2A_20230827T084601_N0510_R107_T36TVS_20241023T201027.SAFE|S2A_MSIL2A_20230827T084601_N0510_R107_T36TVT_20241023T201027.SAFE|S2A_MSIL2A_20230827T084601_N0510_R107_T36TWS_20241023T201027.SAFE,/mnt/f/data_kakhovka_dem_swot/rf_by_date/ZONE_4_DAM_TO_KHERSON_FLOODWAY/2023-08-27_rf.tif
ZONE_4_DAM_TO_KHERSON_FLOODWAY,2023-09-03,2023,0.1462,3781578,False,,S2A_MSIL2A_20230903T083601_N0510_R064_T36TVS_20241105T232744.SAFE,/mnt/f/data_kakhovka_dem_swot/rf_by_date/ZONE_4_DAM_TO_KHERSON_FLOODWAY/2023-09-03_rf.tif
ZONE_4_DAM_TO_KHERSON_FLOODWAY,2023-09-08,2023,0.6898,17845150,False,,S2B_MSIL2A_20230908T083609_N0510_R064_T36TVS_20241023T130704.SAFE|S2B_MSIL2A_20230908T083609_N0510_R064_T36TWS_20241023T130704.SAFE|S2B_MSIL2A_20230908T083609_N0510_R064_T36TWT_20241023T130704.SAFE,/mnt/f/data_kakhovka_dem_swot/rf_by_date/ZONE_4_DAM_TO_KHERSON_FLOODWAY/2023-09-08_rf.tif
ZONE_4_DAM_TO_KHERSON_FLOODWAY,2023-09-13,2023,0.1469,3798982,False,,S2A_MSIL2A_20230913T083601_N0510_R064_T36TVS_20241105T190146.SAFE,/mnt/f/data_kakhovka_dem_swot/rf_by_date/ZONE_4_DAM_TO_KHERSON_FLOODWAY/2023-09-13_rf.tif
ZONE_4_DAM_TO_KHERSON_FLOODWAY,2023-09-28,2023,0.1369,3541155,False,,S2B_MSIL2A_20230928T083729_N0510_R064_T36TVS_20241027T111008.SAFE,/mnt/f/data_kakhovka_dem_swot/rf_by_date/ZONE_4_DAM_TO_KHERSON_FLOODWAY/2023-09-28_rf.tif
ZONE_4_DAM_TO_KHERSON_FLOODWAY,2023-10-01,2023,0.4753,12296484,False,,S2B_MSIL2A_20231001T084719_N0510_R107_T36TVS_20241102T032208.SAFE|S2B_MSIL2A_20231001T084719_N0510_R107_T36TVT_20241102T032208.SAFE,/mnt/f/data_kakhovka_dem_swot/rf_by_date/ZONE_4_DAM_TO_KHERSON_FLOODWAY/2023-10-01_rf.tif
ZONE_4_DAM_TO_KHERSON_FLOODWAY,2023-10-03,2023,0.1411,3651005,False,,S2A_MSIL2A_20231003T083801_N0510_R064_T36TVS_20241028T044108.SAFE,/mnt/f/data_kakhovka_dem_swot/rf_by_date/ZONE_4_DAM_TO_KHERSON_FLOODWAY/2023-10-03_rf.tif
ZONE_4_DAM_TO_KHERSON_FLOODWAY,2023-10-11,2023,0.4756,12304489,False,,S2B_MSIL2A_20231011T084809_N0510_R107_T36TVS_20241103T001341.SAFE|S2B_MSIL2A_20231011T084809_N0510_R107_T36TVT_20241103T001341.SAFE,/mnt/f/data_kakhovka_dem_swot/rf_by_date/ZONE_4_DAM_TO_KHERSON_FLOODWAY/2023-10-11_rf.tif
ZONE_4_DAM_TO_KHERSON_FLOODWAY,2023-10-21,2023,0.4614,11935447,False,,S2B_MSIL2A_20231021T084919_N0510_R107_T36TVS_20241103T143154.SAFE|S2B_MSIL2A_20231021T084919_N0510_R107_T36TVT_20241103T143154.SAFE,/mnt/f/data_kakhovka_dem_swot/rf_by_date/ZONE_4_DAM_TO_KHERSON_FLOODWAY/2023-10-21_rf.tif
ZONE_4_DAM_TO_KHERSON_FLOODWAY,2023-10-28,2023,0.1388,3589915,False,,S2B_MSIL2A_20231028T083949_N0510_R064_T36TVS_20241107T065052.SAFE,/mnt/f/data_kakhovka_dem_swot/rf_by_date/ZONE_4_DAM_TO_KHERSON_FLOODWAY/2023-10-28_rf.tif
ZONE_4_DAM_TO_KHERSON_FLOODWAY,2023-10-31,2023,0.4722,12216585,False,,S2B_MSIL2A_20231031T085019_N0510_R107_T36TVS_20241121T023147.SAFE|S2B_MSIL2A_20231031T085019_N0510_R107_T36TVT_20241121T023147.SAFE,/mnt/f/data_kakhovka_dem_swot/rf_by_date/ZONE_4_DAM_TO_KHERSON_FLOODWAY/2023-10-31_rf.tif
ZONE_4_DAM_TO_KHERSON_FLOODWAY,2023-11-07,2023,0.1439,3723512,False,,S2B_MSIL2A_20231107T084049_N0510_R064_T36TVS_20241110T191746.SAFE,/mnt/f/data_kakhovka_dem_swot/rf_by_date/ZONE_4_DAM_TO_KHERSON_FLOODWAY/2023-11-07_rf.tif
ZONE_4_DAM_TO_KHERSON_FLOODWAY,2023-11-10,2023,0.4746,12277712,False,,S2B_MSIL2A_20231110T085109_N0510_R107_T36TVS_20241031T190639.SAFE|S2B_MSIL2A_20231110T085109_N0510_R107_T36TVT_20241031T190639.SAFE,/mnt/f/data_kakhovka_dem_swot/rf_by_date/ZONE_4_DAM_TO_KHERSON_FLOODWAY/2023-11-10_rf.tif
ZONE_4_DAM_TO_KHERSON_FLOODWAY,2024-02-28,2024,0.4752,12292781,False,,S2B_MSIL2A_20240228T084819_N0510_R107_T36TVS_20240228T103032.SAFE|S2B_MSIL2A_20240228T084819_N0510_R107_T36TVT_20240228T103032.SAFE,/mnt/f/data_kakhovka_dem_swot/rf_by_date/ZONE_4_DAM_TO_KHERSON_FLOODWAY/2024-02-28_rf.tif
ZONE_4_DAM_TO_KHERSON_FLOODWAY,2024-03-06,2024,0.1318,3409740,False,,S2B_MSIL2A_20240306T083719_N0510_R064_T36TVS_20240306T111931.SAFE,/mnt/f/data_kakhovka_dem_swot/rf_by_date/ZONE_4_DAM_TO_KHERSON_FLOODWAY/2024-03-06_rf.tif
ZONE_4_DAM_TO_KHERSON_FLOODWAY,2024-03-09,2024,0.989,25584930,False,,S2B_MSIL2A_20240309T084709_N0510_R107_T36TVS_20240309T102721.SAFE|S2B_MSIL2A_20240309T084709_N0510_R107_T36TVT_20240309T102721.SAFE|S2B_MSIL2A_20240309T084709_N0510_R107_T36TWS_20240309T102721.SAFE|S2B_MSIL2A_20240309T084709_N0510_R107_T36TWT_20240309T102721.SAFE,/mnt/f/data_kakhovka_dem_swot/rf_by_date/ZONE_4_DAM_TO_KHERSON_FLOODWAY/2024-03-09_rf.tif
ZONE_4_DAM_TO_KHERSON_FLOODWAY,2024-04-30,2024,0.1211,3131489,False,,S2A_MSIL2A_20240430T083601_N0510_R064_T36TVS_20240430T120153.SAFE,/mnt/f/data_kakhovka_dem_swot/rf_by_date/ZONE_4_DAM_TO_KHERSON_FLOODWAY/2024-04-30_rf.tif
ZONE_4_DAM_TO_KHERSON_FLOODWAY,2024-05-05,2024,0.1362,3522749,False,,S2B_MSIL2A_20240505T083559_N0510_R064_T36TVS_20240505T101538.SAFE,/mnt/f/data_kakhovka_dem_swot/rf_by_date/ZONE_4_DAM_TO_KHERSON_FLOODWAY/2024-05-05_rf.tif
ZONE_4_DAM_TO_KHERSON_FLOODWAY,2024-05-10,2024,0.1373,3551101,False,,S2A_MSIL2A_20240510T083601_N0510_R064_T36TVS_20240510T115800.SAFE,/mnt/f/data_kakhovka_dem_swot/rf_by_date/ZONE_4_DAM_TO_KHERSON_FLOODWAY/2024-05-10_rf.tif
ZONE_4_DAM_TO_KHERSON_FLOODWAY,2024-09-07,2024,0.1425,3685269,False,,S2A_MSIL2A_20240907T083601_N0511_R064_T36TVS_20240907T130250.SAFE,/mnt/f/data_kakhovka_dem_swot/rf_by_date/ZONE_4_DAM_TO_KHERSON_FLOODWAY/2024-09-07_rf.tif
ZONE_4_DAM_TO_KHERSON_FLOODWAY,2024-10-30,2024,0.8466,21900540,False,,S2A_MSIL2A_20241030T085111_N0511_R107_T36TVS_20241030T120452.SAFE|S2A_MSIL2A_20241030T085111_N0511_R107_T36TVT_20241030T120452.SAFE|S2A_MSIL2A_20241030T085111_N0511_R107_T36TWS_20241030T120452.SAFE,/mnt/f/data_kakhovka_dem_swot/rf_by_date/ZONE_4_DAM_TO_KHERSON_FLOODWAY/2024-10-30_rf.tif
ZONE_4_DAM_TO_KHERSON_FLOODWAY,2025-01-20,2025,0.1348,3486029,False,,S2B_MSIL2A_20250120T084159_N0511_R064_T36TVS_20250120T104828.SAFE,/mnt/f/data_kakhovka_dem_swot/rf_by_date/ZONE_4_DAM_TO_KHERSON_FLOODWAY/2025-01-20_rf.tif
ZONE_4_DAM_TO_KHERSON_FLOODWAY,2025-04-17,2025,0.1472,3808919,False,,S2A_MSIL2A_20250417T083741_N0511_R064_T36TVS_20250417T142513.SAFE,/mnt/f/data_kakhovka_dem_swot/rf_by_date/ZONE_4_DAM_TO_KHERSON_FLOODWAY/2025-04-17_rf.tif
ZONE_4_DAM_TO_KHERSON_FLOODWAY,2025-04-20,2025,0.1422,3679535,False,,S2B_MSIL2A_20250420T083559_N0511_R064_T36TVS_20250420T105507.SAFE,/mnt/f/data_kakhovka_dem_swot/rf_by_date/ZONE_4_DAM_TO_KHERSON_FLOODWAY/2025-04-20_rf.tif
ZONE_4_DAM_TO_KHERSON_FLOODWAY,2025-04-23,2025,0.476,12313134,False,,S2B_MSIL2A_20250423T084559_N0511_R107_T36TVS_20250423T111053.SAFE|S2B_MSIL2A_20250423T084559_N0511_R107_T36TVT_20250423T111053.SAFE,/mnt/f/data_kakhovka_dem_swot/rf_by_date/ZONE_4_DAM_TO_KHERSON_FLOODWAY/2025-04-23_rf.tif
ZONE_4_DAM_TO_KHERSON_FLOODWAY,2025-06-27,2025,1.0,25867732,False,,S2C_MSIL2A_20250627T084621_N0511_R107_T36TVS_20250627T143100.SAFE|S2C_MSIL2A_20250627T084621_N0511_R107_T36TVT_20250627T143100.SAFE|S2C_MSIL2A_20250627T084621_N0511_R107_T36TWS_20250627T143100.SAFE|S2C_MSIL2A_20250627T084621_N0511_R107_T36TWT_20250627T143100.SAFE,/mnt/f/data_kakhovka_dem_swot/rf_by_date/ZONE_4_DAM_TO_KHERSON_FLOODWAY/2025-06-27_rf.tif
ZONE_4_DAM_TO_KHERSON_FLOODWAY,2025-07-09,2025,0.1236,3197690,False,,S2B_MSIL2A_20250709T083559_N0511_R064_T36TVS_20250709T125936.SAFE,/mnt/f/data_kakhovka_dem_swot/rf_by_date/ZONE_4_DAM_TO_KHERSON_FLOODWAY/2025-07-09_rf.tif
ZONE_4_DAM_TO_KHERSON_FLOODWAY,2025-08-31,2025,0.9999,25866830,False,,S2B_MSIL2A_20250831T084559_N0511_R107_T36TVS_20250831T110735.SAFE|S2B_MSIL2A_20250831T084559_N0511_R107_T36TVT_20250831T110735.SAFE|S2B_MSIL2A_20250831T084559_N0511_R107_T36TWS_20250831T110735.SAFE|S2B_MSIL2A_20250831T084559_N0511_R107_T36TWT_20250831T110735.SAFE,/mnt/f/data_kakhovka_dem_swot/rf_by_date/ZONE_4_DAM_TO_KHERSON_FLOODWAY/2025-08-31_rf.tif
ZONE_4_DAM_TO_KHERSON_FLOODWAY,2025-09-27,2025,0.139,3596644,False,,S2B_MSIL2A_20250927T083629_N0511_R064_T36TVS_20250927T124722.SAFE,/mnt/f/data_kakhovka_dem_swot/rf_by_date/ZONE_4_DAM_TO_KHERSON_FLOODWAY/2025-09-27_rf.tif
ZONE_4_DAM_TO_KHERSON_FLOODWAY,2026-03-16,2026,0.1392,3601660,False,,S2B_MSIL2A_20260316T083609_N0512_R064_T36TVS_20260316T125407.SAFE,/mnt/f/data_kakhovka_dem_swot/rf_by_date/ZONE_4_DAM_TO_KHERSON_FLOODWAY/2026-03-16_rf.tif
ZONE_4_DAM_TO_KHERSON_FLOODWAY,2026-05-03,2026,0.4688,12126182,False,,S2C_MSIL2A_20260503T084641_N0512_R107_T36TVS_20260503T123913.SAFE|S2C_MSIL2A_20260503T084641_N0512_R107_T36TVT_20260503T123913.SAFE,/mnt/f/data_kakhovka_dem_swot/rf_by_date/ZONE_4_DAM_TO_KHERSON_FLOODWAY/2026-05-03_rf.tif
ZONE_4_DAM_TO_KHERSON_FLOODWAY,2026-07-01,2026,0.1342,3471901,False,,S2A_MSIL2A_20260701T084501_N0512_R064_T36TVS_20260701T134111.SAFE,/mnt/f/data_kakhovka_dem_swot/rf_by_date/ZONE_4_DAM_TO_KHERSON_FLOODWAY/2026-07-01_rf.tif
ZONE_4_DAM_TO_KHERSON_FLOODWAY,2026-08-01,2026,0.476,12313032,False,,S2C_MSIL2A_20260801T084601_N0512_R107_T36TVS_20260801T141213.SAFE|S2C_MSIL2A_20260801T084601_N0512_R107_T36TVT_20260801T141213.SAFE,/mnt/f/data_kakhovka_dem_swot/rf_by_date/ZONE_4_DAM_TO_KHERSON_FLOODWAY/2026-08-01_rf.tif
ZONE_4_DAM_TO_KHERSON_FLOODWAY,2026-08-21,2026,0.476,12313134,False,,S2C_MSIL2A_20260821T084601_N0512_R107_T36TVS_20260821T140714.SAFE|S2C_MSIL2A_20260821T084601_N0512_R107_T36TVT_20260821T140714.SAFE,/mnt/f/data_kakhovka_dem_swot/rf_by_date/ZONE_4_DAM_TO_KHERSON_FLOODWAY/2026-08-21_rf.tif
ZONE_4_DAM_TO_KHERSON_FLOODWAY,2026-09-09,2026,0.1432,3705608,False,,S2A_MSIL2A_20260909T084501_N0512_R064_T36TVS_20260909T134008.SAFE,/mnt/f/data_kakhovka_dem_swot/rf_by_date/ZONE_4_DAM_TO_KHERSON_FLOODWAY/2026-09-09_rf.tif
