variant,frame,component,area_km2,n_may_valid_dates_median,n_may_water_dates_median,may_water_fraction_median,p73_dominant,pre_water_frac_median,dist_to_pre_water_m_min,hand_median,reason
A,B1,6,0.0011,11.0,6.0,0.08,2,0.0,1201.0412149464314,63.94095993041992,SEASONALLY_WET_BUT_DRY_AT_EVENT_ONSET
A,B1,10,0.002,11.0,6.0,0.08,2,0.0,1734.877517290486,63.743404388427734,SEASONALLY_WET_BUT_DRY_AT_EVENT_ONSET
A,B1,11,0.0028,11.0,6.0,0.08,2,0.0,1517.4320413118999,63.78506088256836,SEASONALLY_WET_BUT_DRY_AT_EVENT_ONSET
A,B1,15,0.0014,11.0,6.0,0.08,2,0.0,1440.3124660989365,63.77967834472656,SEASONALLY_WET_BUT_DRY_AT_EVENT_ONSET
A,B1,33,0.0012,15.0,8.0,0.02,7,0.0,14.142135623730951,21.53504753112793,SEASONALLY_WET_BUT_DRY_AT_EVENT_ONSET
A,B1,57,0.0012,15.0,8.0,0.02,10,0.0,10.0,18.20039939880371,SEASONALLY_WET_BUT_DRY_AT_EVENT_ONSET
A,B1,58,0.0024,15.0,8.5,0.035,3,0.0,10.0,18.20039939880371,SEASONALLY_WET_BUT_DRY_AT_EVENT_ONSET
A,B1,59,0.0012,15.0,8.0,0.02,3,0.0,10.0,18.20039939880371,SEASONALLY_WET_BUT_DRY_AT_EVENT_ONSET
A,B1,85,0.002,15.0,8.0,0.02,3,0.0,291.547594742265,21.33614730834961,SEASONALLY_WET_BUT_DRY_AT_EVENT_ONSET
A,B1,92,0.0012,15.0,9.0,0.09,10,0.0,30.0,18.278392791748047,SEASONALLY_WET_BUT_DRY_AT_EVENT_ONSET
A,B1,94,0.002,15.0,10.0,0.05,3,0.0,30.0,18.766582489013672,SEASONALLY_WET_BUT_DRY_AT_EVENT_ONSET
A,B1,108,0.0112,15.0,8.0,0.02,3,0.0,70.71067811865476,18.29343032836914,SEASONALLY_WET_BUT_DRY_AT_EVENT_ONSET
A,B1,112,0.0012,15.0,8.0,0.02,10,0.0,314.00636936215164,18.20039939880371,SEASONALLY_WET_BUT_DRY_AT_EVENT_ONSET
A,B1,113,0.0028,15.0,8.0,0.02,3,0.0,174.928556845359,18.181549072265625,SEASONALLY_WET_BUT_DRY_AT_EVENT_ONSET
A,B1,114,0.002,15.0,9.0,0.09,2,0.0,246.98178070456936,18.20039939880371,SEASONALLY_WET_BUT_DRY_AT_EVENT_ONSET
A,B1,115,0.0016,15.0,8.0,0.02,3,0.0,296.98484809834997,18.20039939880371,SEASONALLY_WET_BUT_DRY_AT_EVENT_ONSET
A,B1,116,0.0012,15.0,8.0,0.02,3,0.0,240.41630560342614,18.196048736572266,SEASONALLY_WET_BUT_DRY_AT_EVENT_ONSET
A,B1,117,0.0012,15.0,9.0,0.09,3,0.0,94.86832980505139,18.190250396728516,SEASONALLY_WET_BUT_DRY_AT_EVENT_ONSET
A,B1,118,0.0012,15.0,9.0,0.09,3,0.0,170.29386365926402,18.180099487304688,SEASONALLY_WET_BUT_DRY_AT_EVENT_ONSET
A,B1,133,0.001,15.0,8.0,0.02,7,0.0,50.0,24.85011100769043,SEASONALLY_WET_BUT_DRY_AT_EVENT_ONSET
A,B1,135,0.0012,15.0,9.0,0.09,7,0.0,30.0,28.158721923828125,SEASONALLY_WET_BUT_DRY_AT_EVENT_ONSET
A,B1,139,0.004,15.0,9.0,0.09,10,0.0,212.13203435596427,18.20039939880371,SEASONALLY_WET_BUT_DRY_AT_EVENT_ONSET
A,B1,140,0.0016,15.0,9.5,0.105,10,0.0,221.35943621178654,18.198949813842773,SEASONALLY_WET_BUT_DRY_AT_EVENT_ONSET
A,B1,145,0.036,15.0,9.0,0.09,10,0.0,158.11388300841895,18.20039939880371,SEASONALLY_WET_BUT_DRY_AT_EVENT_ONSET
A,B1,149,0.0131,15.0,9.0,0.09,10,0.0,10.0,18.20039939880371,SEASONALLY_WET_BUT_DRY_AT_EVENT_ONSET
A,B1,153,0.0024,15.0,15.0,0.15,10,0.0,296.98484809834997,18.20039939880371,SEASONALLY_WET_BUT_DRY_AT_EVENT_ONSET
A,B1,156,0.088,15.0,11.0,0.09,10,0.0,98.99494936611666,18.20039939880371,SEASONALLY_WET_BUT_DRY_AT_EVENT_ONSET
A,B1,164,0.0016,15.0,8.5,0.035,7,0.0,31.622776601683796,18.766921997070312,SEASONALLY_WET_BUT_DRY_AT_EVENT_ONSET
A,B1,176,0.0532,15.0,9.0,0.09,2,0.0,130.0,18.20039939880371,SEASONALLY_WET_BUT_DRY_AT_EVENT_ONSET
A,B1,180,0.0012,15.0,8.0,0.02,3,0.0,278.92651361962703,18.20039939880371,SEASONALLY_WET_BUT_DRY_AT_EVENT_ONSET
A,B1,181,0.0024,15.0,10.5,0.105,10,0.0,271.6615541441225,18.20039939880371,SEASONALLY_WET_BUT_DRY_AT_EVENT_ONSET
A,B1,185,0.002,15.0,10.0,0.15,3,0.0,152.97058540778355,18.20039939880371,SEASONALLY_WET_BUT_DRY_AT_EVENT_ONSET
A,B1,199,0.0016,15.0,8.5,0.055,10,0.0,114.0175425099138,18.120649337768555,SEASONALLY_WET_BUT_DRY_AT_EVENT_ONSET
A,B1,200,0.0016,15.0,9.0,0.09,10,0.0,30.0,18.198949813842773,SEASONALLY_WET_BUT_DRY_AT_EVENT_ONSET
A,B1,203,0.09,15.0,11.0,0.05,10,0.0,50.0,18.20039939880371,SEASONALLY_WET_BUT_DRY_AT_EVENT_ONSET
A,B1,214,0.0012,11.0,6.0,0.08,6,0.0,10.0,0.0,SEASONALLY_WET_BUT_DRY_AT_EVENT_ONSET
A,B1,225,0.0012,11.0,6.0,0.08,6,0.0,14.142135623730951,0.0,SEASONALLY_WET_BUT_DRY_AT_EVENT_ONSET
A,B1,229,0.0024,11.0,9.0,0.12,6,0.0,10.0,0.0,SEASONALLY_WET_BUT_DRY_AT_EVENT_ONSET
A,B1,242,0.0016,11.0,8.0,0.08,6,0.0,10.0,0.0,SEASONALLY_WET_BUT_DRY_AT_EVENT_ONSET
A,B1,245,0.0016,11.0,8.0,0.055,6,0.0,30.0,0.0,SEASONALLY_WET_BUT_DRY_AT_EVENT_ONSET
A,B1,262,0.0016,11.0,7.5,0.1,6,0.0,10.0,0.0,SEASONALLY_WET_BUT_DRY_AT_EVENT_ONSET
A,B1,265,0.0024,11.0,7.5,0.12,6,0.0,10.0,0.0,SEASONALLY_WET_BUT_DRY_AT_EVENT_ONSET
A,B1,277,0.0012,11.0,10.0,0.12,6,0.0,10.0,0.0,SEASONALLY_WET_BUT_DRY_AT_EVENT_ONSET
A,B1,278,0.0012,11.0,7.0,0.08,6,0.0,10.0,0.0,SEASONALLY_WET_BUT_DRY_AT_EVENT_ONSET
A,B1,284,0.0032,11.0,7.0,0.125,6,0.0,10.0,0.0,SEASONALLY_WET_BUT_DRY_AT_EVENT_ONSET
A,B1,289,0.0016,11.0,7.5,0.1,6,0.0,30.0,0.0,SEASONALLY_WET_BUT_DRY_AT_EVENT_ONSET
A,B1,291,0.002,11.0,7.0,0.17,6,0.0,10.0,0.0,SEASONALLY_WET_BUT_DRY_AT_EVENT_ONSET
A,B1,296,0.002,11.0,7.0,0.08,6,0.0,14.142135623730951,0.0,SEASONALLY_WET_BUT_DRY_AT_EVENT_ONSET
A,B1,299,0.0012,11.0,9.0,0.08,6,0.0,14.142135623730951,0.0,SEASONALLY_WET_BUT_DRY_AT_EVENT_ONSET
A,B1,303,0.0012,11.0,6.0,0.08,10,0.0,10.0,0.0,SEASONALLY_WET_BUT_DRY_AT_EVENT_ONSET
A,B1,306,0.0012,11.0,7.0,0.08,6,0.0,14.142135623730951,0.0,SEASONALLY_WET_BUT_DRY_AT_EVENT_ONSET
A,B1,323,0.0012,11.0,8.0,0.03,6,0.0,10.0,0.0913500040769577,SEASONALLY_WET_BUT_DRY_AT_EVENT_ONSET
A,B1,325,0.0148,11.0,6.0,0.08,10,0.0,142.12670403551894,0.35438522696495056,SEASONALLY_WET_BUT_DRY_AT_EVENT_ONSET
A,B1,332,0.002,11.0,9.0,0.12,6,0.0,10.0,0.1116500049829483,SEASONALLY_WET_BUT_DRY_AT_EVENT_ONSET
A,B1,333,0.0012,11.0,9.0,0.12,6,0.0,10.0,0.0,SEASONALLY_WET_BUT_DRY_AT_EVENT_ONSET
A,B1,336,0.002,11.0,8.0,0.08,6,0.0,30.0,0.0,SEASONALLY_WET_BUT_DRY_AT_EVENT_ONSET
A,B1,351,0.001,11.0,9.0,0.17,6,0.0,10.0,0.0,SEASONALLY_WET_BUT_DRY_AT_EVENT_ONSET
A,B1,354,0.0012,11.0,9.0,0.12,6,0.0,10.0,0.0,SEASONALLY_WET_BUT_DRY_AT_EVENT_ONSET
A,B1,375,0.0012,11.0,7.0,0.08,6,0.0,10.0,0.0,SEASONALLY_WET_BUT_DRY_AT_EVENT_ONSET
A,B1,380,0.0012,11.0,7.0,0.12,6,0.0,10.0,0.0,SEASONALLY_WET_BUT_DRY_AT_EVENT_ONSET
A,B1,381,0.0012,11.0,7.0,0.17,6,0.0,30.0,0.9468500018119812,SEASONALLY_WET_BUT_DRY_AT_EVENT_ONSET
A,B1,385,0.002,11.0,7.0,0.08,6,0.0,10.0,0.0,SEASONALLY_WET_BUT_DRY_AT_EVENT_ONSET
A,B1,386,0.0012,11.0,8.0,0.08,6,0.0,14.142135623730951,0.0,SEASONALLY_WET_BUT_DRY_AT_EVENT_ONSET
A,B1,390,0.0028,11.0,6.0,0.08,6,0.0,30.0,0.0,SEASONALLY_WET_BUT_DRY_AT_EVENT_ONSET
A,B1,394,0.0032,11.0,7.0,0.1,6,0.0,10.0,0.0,SEASONALLY_WET_BUT_DRY_AT_EVENT_ONSET
A,B1,396,0.0044,11.0,7.0,0.12,6,0.0,10.0,0.0,SEASONALLY_WET_BUT_DRY_AT_EVENT_ONSET
A,B1,405,0.0012,11.0,7.0,0.17,6,0.0,10.0,0.0,SEASONALLY_WET_BUT_DRY_AT_EVENT_ONSET
A,B1,411,0.0016,11.0,7.0,0.075,6,0.0,30.0,0.0,SEASONALLY_WET_BUT_DRY_AT_EVENT_ONSET
A,B1,412,0.0024,11.0,7.0,0.08,6,0.0,14.142135623730951,0.0,SEASONALLY_WET_BUT_DRY_AT_EVENT_ONSET
A,B1,422,0.0024,11.0,8.5,0.19,6,0.0,10.0,0.0,SEASONALLY_WET_BUT_DRY_AT_EVENT_ONSET
A,B1,425,0.0036,11.0,7.0,0.12,6,0.0,10.0,0.0,SEASONALLY_WET_BUT_DRY_AT_EVENT_ONSET
A,B1,430,0.0012,11.0,7.0,0.17,6,0.0,14.142135623730951,0.0,SEASONALLY_WET_BUT_DRY_AT_EVENT_ONSET
A,B1,432,0.0012,11.0,6.0,0.08,6,0.0,14.142135623730951,0.0,SEASONALLY_WET_BUT_DRY_AT_EVENT_ONSET
A,B1,436,0.002,11.0,6.0,0.08,6,0.0,10.0,0.0,SEASONALLY_WET_BUT_DRY_AT_EVENT_ONSET
A,B1,437,0.002,11.0,8.0,0.03,6,0.0,10.0,0.0,SEASONALLY_WET_BUT_DRY_AT_EVENT_ONSET
A,B1,447,0.0012,11.0,7.0,0.12,6,0.0,10.0,0.0,SEASONALLY_WET_BUT_DRY_AT_EVENT_ONSET
A,B1,452,0.0012,11.0,7.0,0.08,6,0.0,10.0,0.0,SEASONALLY_WET_BUT_DRY_AT_EVENT_ONSET
A,B1,457,0.002,11.0,7.0,0.12,6,0.0,10.0,0.0,SEASONALLY_WET_BUT_DRY_AT_EVENT_ONSET
A,B1,458,0.0012,11.0,9.0,0.07,6,0.0,30.0,0.0,SEASONALLY_WET_BUT_DRY_AT_EVENT_ONSET
A,B1,460,0.0016,11.0,7.5,0.1,6,0.0,10.0,0.0,SEASONALLY_WET_BUT_DRY_AT_EVENT_ONSET
A,B1,483,0.0012,11.0,8.0,0.08,6,7.0,10.0,0.0,SEASONALLY_WET_BUT_DRY_AT_EVENT_ONSET
A,B1,489,0.002,11.0,9.0,0.17,6,0.0,30.0,0.0,SEASONALLY_WET_BUT_DRY_AT_EVENT_ONSET
A,B1,491,0.0036,11.0,7.0,0.12,6,0.0,14.142135623730951,0.0,SEASONALLY_WET_BUT_DRY_AT_EVENT_ONSET
A,B1,493,0.0036,11.0,6.0,0.08,6,0.0,110.45361017187261,0.65829998254776,SEASONALLY_WET_BUT_DRY_AT_EVENT_ONSET
A,B1,501,0.0012,11.0,6.0,0.08,6,7.0,50.99019513592785,0.0,SEASONALLY_WET_BUT_DRY_AT_EVENT_ONSET
A,B1,503,0.0012,11.0,8.0,0.08,6,0.0,10.0,0.0,SEASONALLY_WET_BUT_DRY_AT_EVENT_ONSET
A,B1,508,0.0032,11.0,8.0,0.1,6,0.0,30.0,0.0,SEASONALLY_WET_BUT_DRY_AT_EVENT_ONSET
A,B1,510,0.0028,11.0,6.0,0.08,6,0.0,30.0,0.0,SEASONALLY_WET_BUT_DRY_AT_EVENT_ONSET
A,B1,517,0.0012,11.0,8.0,0.03,6,0.0,50.0,0.0,SEASONALLY_WET_BUT_DRY_AT_EVENT_ONSET
A,B1,520,0.0012,11.0,8.0,0.08,6,0.0,31.622776601683796,0.0,SEASONALLY_WET_BUT_DRY_AT_EVENT_ONSET
A,B1,522,0.0012,11.0,7.0,0.17,6,0.0,31.622776601683796,0.0,SEASONALLY_WET_BUT_DRY_AT_EVENT_ONSET
A,B1,523,0.0012,11.0,7.0,0.08,6,0.0,31.622776601683796,0.0,SEASONALLY_WET_BUT_DRY_AT_EVENT_ONSET
A,B1,525,0.0032,11.0,7.5,0.17,6,0.0,31.622776601683796,0.0,SEASONALLY_WET_BUT_DRY_AT_EVENT_ONSET
A,B1,527,0.0012,11.0,7.0,0.17,6,0.0,42.426406871192846,0.0,SEASONALLY_WET_BUT_DRY_AT_EVENT_ONSET
A,B1,530,0.0012,11.0,8.0,0.12,6,0.0,30.0,0.0,SEASONALLY_WET_BUT_DRY_AT_EVENT_ONSET
A,B1,535,0.0012,11.0,7.0,0.08,6,0.0,14.142135623730951,0.0,SEASONALLY_WET_BUT_DRY_AT_EVENT_ONSET
A,B1,538,0.0012,11.0,8.0,0.08,6,0.0,30.0,0.0,SEASONALLY_WET_BUT_DRY_AT_EVENT_ONSET
A,B1,544,0.002,11.0,7.0,0.17,6,0.0,31.622776601683796,0.0,SEASONALLY_WET_BUT_DRY_AT_EVENT_ONSET
A,B1,546,0.0012,11.0,7.0,0.17,6,7.0,10.0,0.0,SEASONALLY_WET_BUT_DRY_AT_EVENT_ONSET
A,B1,559,0.0012,11.0,7.0,0.08,6,0.0,42.426406871192846,0.002899999963119626,SEASONALLY_WET_BUT_DRY_AT_EVENT_ONSET
A,B1,567,0.002,11.0,8.0,0.03,6,0.0,14.142135623730951,0.0,SEASONALLY_WET_BUT_DRY_AT_EVENT_ONSET
A,B1,568,0.0024,11.0,8.0,0.075,6,0.0,10.0,0.004350000061094761,SEASONALLY_WET_BUT_DRY_AT_EVENT_ONSET
A,B1,570,0.0016,11.0,7.0,0.145,6,0.0,30.0,0.0,SEASONALLY_WET_BUT_DRY_AT_EVENT_ONSET
A,B1,571,0.0028,11.0,7.0,0.17,6,0.0,30.0,0.0,SEASONALLY_WET_BUT_DRY_AT_EVENT_ONSET
A,B1,582,0.0012,11.0,8.0,0.08,6,0.0,14.142135623730951,0.0,SEASONALLY_WET_BUT_DRY_AT_EVENT_ONSET
A,B1,585,0.0012,11.0,7.0,0.17,6,0.0,14.142135623730951,0.0,SEASONALLY_WET_BUT_DRY_AT_EVENT_ONSET
A,B1,589,0.0012,11.0,8.0,0.03,6,0.0,14.142135623730951,0.0,SEASONALLY_WET_BUT_DRY_AT_EVENT_ONSET
A,B1,605,0.0012,11.0,6.0,0.08,3,0.0,1366.5284482951683,8.40349006652832,SEASONALLY_WET_BUT_DRY_AT_EVENT_ONSET
A,B1,606,0.0012,11.0,8.0,0.12,6,0.0,30.0,0.0,SEASONALLY_WET_BUT_DRY_AT_EVENT_ONSET
A,B1,620,0.0083,15.0,10.0,0.12,6,8.0,10.0,0.0812000036239624,SEASONALLY_WET_BUT_DRY_AT_EVENT_ONSET
A,B1,632,0.0272,15.0,11.0,0.08,6,8.0,10.0,0.028999999165534973,SEASONALLY_WET_BUT_DRY_AT_EVENT_ONSET
A,B1,646,0.0012,15.0,8.0,0.02,6,0.0,30.0,0.059450000524520874,SEASONALLY_WET_BUT_DRY_AT_EVENT_ONSET
A,B1,651,0.0012,15.0,10.0,0.15,6,0.0,50.99019513592785,0.0,SEASONALLY_WET_BUT_DRY_AT_EVENT_ONSET
A,B1,652,0.0012,15.0,9.0,0.09,6,8.0,10.0,0.0,SEASONALLY_WET_BUT_DRY_AT_EVENT_ONSET
A,B1,657,0.0016,15.0,10.0,0.035,6,0.0,10.0,0.0,SEASONALLY_WET_BUT_DRY_AT_EVENT_ONSET
A,B1,659,0.0036,15.0,8.0,0.02,6,0.0,10.0,0.015949999913573265,SEASONALLY_WET_BUT_DRY_AT_EVENT_ONSET
A,B1,675,0.0012,11.0,6.0,0.08,3,0.0,2069.2993983471797,10.121222496032715,SEASONALLY_WET_BUT_DRY_AT_EVENT_ONSET
A,B1,683,0.0011,11.0,6.0,0.08,3,0.0,2064.0009689920207,10.14116382598877,SEASONALLY_WET_BUT_DRY_AT_EVENT_ONSET
A,B1,714,0.0016,11.0,7.5,0.1,6,0.0,158.11388300841895,0.0,SEASONALLY_WET_BUT_DRY_AT_EVENT_ONSET
A,B1,734,0.0012,11.0,8.0,0.03,6,0.0,10.0,0.0,SEASONALLY_WET_BUT_DRY_AT_EVENT_ONSET
A,B1,757,0.0012,11.0,6.5,0.125,3,0.0,838.6298349093001,15.414938926696777,SEASONALLY_WET_BUT_DRY_AT_EVENT_ONSET
A,B1,760,0.0013,11.0,7.0,0.08,3,0.0,912.6883367283708,12.520129203796387,SEASONALLY_WET_BUT_DRY_AT_EVENT_ONSET
A,B1,783,0.002,11.0,6.0,0.08,3,0.0,1346.1797799699712,7.377123832702637,SEASONALLY_WET_BUT_DRY_AT_EVENT_ONSET
A,B1,805,0.0017,11.0,6.0,0.08,3,0.0,1205.404496424333,11.044079780578613,SEASONALLY_WET_BUT_DRY_AT_EVENT_ONSET
A,B1,827,0.0012,11.0,7.0,0.17,3,0.0,1097.7249200050076,13.14772891998291,SEASONALLY_WET_BUT_DRY_AT_EVENT_ONSET
A,B1,836,0.002,11.0,6.0,0.08,3,0.0,1158.360910942699,13.246781349182129,SEASONALLY_WET_BUT_DRY_AT_EVENT_ONSET
A,B1,837,0.0012,11.0,8.0,0.08,3,0.0,1266.5701717630966,14.856880187988281,SEASONALLY_WET_BUT_DRY_AT_EVENT_ONSET
A,B1,857,0.0072,15.0,10.5,0.105,6,0.0,10.0,0.0,SEASONALLY_WET_BUT_DRY_AT_EVENT_ONSET
A,B1,862,0.0012,15.0,12.0,0.12,6,0.0,31.622776601683796,0.0,SEASONALLY_WET_BUT_DRY_AT_EVENT_ONSET
A,B1,867,0.0012,15.0,8.0,0.02,6,0.0,14.142135623730951,0.0,SEASONALLY_WET_BUT_DRY_AT_EVENT_ONSET
A,B1,871,0.0012,15.0,8.0,0.02,6,0.0,14.142135623730951,0.0,SEASONALLY_WET_BUT_DRY_AT_EVENT_ONSET
A,B1,874,0.0012,15.0,11.0,0.05,6,0.0,14.142135623730951,0.0,SEASONALLY_WET_BUT_DRY_AT_EVENT_ONSET
A,B1,878,0.0012,15.0,11.0,0.02,10,0.0,14.142135623730951,0.0,SEASONALLY_WET_BUT_DRY_AT_EVENT_ONSET
A,B1,894,0.0016,15.0,9.5,0.07,6,0.0,14.142135623730951,0.0,SEASONALLY_WET_BUT_DRY_AT_EVENT_ONSET
A,B1,897,0.0012,15.0,10.0,0.12,3,0.0,2083.122656014283,10.226634979248047,SEASONALLY_WET_BUT_DRY_AT_EVENT_ONSET
A,B1,927,0.0012,15.0,9.0,0.02,10,0.0,10.0,0.0,SEASONALLY_WET_BUT_DRY_AT_EVENT_ONSET
A,B1,932,0.0012,15.0,11.0,0.05,6,0.0,14.142135623730951,0.0,SEASONALLY_WET_BUT_DRY_AT_EVENT_ONSET
A,B1,945,0.0012,15.0,8.0,0.02,6,0.0,10.0,0.0,SEASONALLY_WET_BUT_DRY_AT_EVENT_ONSET
A,B1,973,0.0016,11.0,7.0,0.17,3,0.0,2550.3333115496885,8.27261734008789,SEASONALLY_WET_BUT_DRY_AT_EVENT_ONSET
A,B1,982,0.0016,15.0,8.5,0.055,6,0.0,14.142135623730951,0.0,SEASONALLY_WET_BUT_DRY_AT_EVENT_ONSET
A,B1,986,0.0014,11.0,7.0,0.17,3,0.0,2902.6367323521554,5.6825032234191895,SEASONALLY_WET_BUT_DRY_AT_EVENT_ONSET
A,B1,1008,0.0011,11.0,7.0,0.17,3,0.0,2204.2232191862963,10.635294914245605,SEASONALLY_WET_BUT_DRY_AT_EVENT_ONSET
A,B1,1010,0.0012,15.0,9.0,0.09,6,0.0,14.142135623730951,0.0,SEASONALLY_WET_BUT_DRY_AT_EVENT_ONSET
A,B1,1020,0.0024,15.0,8.5,0.035,6,0.0,10.0,0.0,SEASONALLY_WET_BUT_DRY_AT_EVENT_ONSET
A,B1,1022,0.0012,11.0,9.0,0.17,3,0.0,2714.295488704205,5.874330997467041,SEASONALLY_WET_BUT_DRY_AT_EVENT_ONSET
A,B1,1030,0.0016,15.0,13.0,0.015,3,0.0,1756.4168070250296,12.332990646362305,SEASONALLY_WET_BUT_DRY_AT_EVENT_ONSET
A,B1,1032,0.0012,15.0,9.0,0.09,3,0.0,685.4195795277518,6.57277250289917,SEASONALLY_WET_BUT_DRY_AT_EVENT_ONSET
A,B1,1039,0.0016,15.0,8.5,0.055,3,0.0,662.872536767062,6.5645928382873535,SEASONALLY_WET_BUT_DRY_AT_EVENT_ONSET
A,B1,1075,0.0016,15.0,12.5,0.015,6,0.0,10.0,0.0,SEASONALLY_WET_BUT_DRY_AT_EVENT_ONSET
A,B1,1094,0.0012,15.0,10.0,0.09,6,0.0,10.0,0.0,SEASONALLY_WET_BUT_DRY_AT_EVENT_ONSET
A,B1,1107,0.002,15.0,10.0,0.12,6,0.0,10.0,0.0,SEASONALLY_WET_BUT_DRY_AT_EVENT_ONSET
A,B1,1122,0.0024,15.0,13.5,0.08,3,0.0,1244.266852407473,12.602267265319824,SEASONALLY_WET_BUT_DRY_AT_EVENT_ONSET
A,B1,1123,0.0016,15.0,10.5,0.105,10,0.0,10.0,0.0,SEASONALLY_WET_BUT_DRY_AT_EVENT_ONSET
A,B1,1146,0.0011,11.0,7.0,0.12,10,0.0,4505.219195555306,9.129021644592285,SEASONALLY_WET_BUT_DRY_AT_EVENT_ONSET
A,B1,1147,0.0014,11.0,7.0,0.17,3,0.0,630.7138812488591,12.066404342651367,SEASONALLY_WET_BUT_DRY_AT_EVENT_ONSET
A,B1,1200,0.0012,11.0,8.0,0.03,10,0.0,2704.311372604863,9.653895378112793,SEASONALLY_WET_BUT_DRY_AT_EVENT_ONSET
A,B1,1203,0.0012,15.0,8.0,0.02,10,0.0,10.0,0.0,SEASONALLY_WET_BUT_DRY_AT_EVENT_ONSET
A,B1,1215,0.001,11.0,8.0,0.12,3,0.0,233.45235059857504,11.920133590698242,SEASONALLY_WET_BUT_DRY_AT_EVENT_ONSET
A,B1,1226,0.0012,15.0,8.0,0.02,6,0.0,14.142135623730951,0.0,SEASONALLY_WET_BUT_DRY_AT_EVENT_ONSET
A,B1,1240,0.0012,11.0,8.0,0.03,8,0.0,4428.747001127971,10.249399185180664,SEASONALLY_WET_BUT_DRY_AT_EVENT_ONSET
A,B1,1255,0.0013,11.0,8.0,0.12,3,0.0,210.0,12.508170127868652,SEASONALLY_WET_BUT_DRY_AT_EVENT_ONSET
A,B1,1292,0.0012,11.0,9.0,0.12,8,0.0,3829.895559933717,10.745311737060547,SEASONALLY_WET_BUT_DRY_AT_EVENT_ONSET
A,B1,1322,0.0011,11.0,7.0,0.17,3,0.0,60.0,11.484152793884277,SEASONALLY_WET_BUT_DRY_AT_EVENT_ONSET
A,B1,1336,0.0017,11.0,7.0,0.17,3,0.0,42.426406871192846,11.140753746032715,SEASONALLY_WET_BUT_DRY_AT_EVENT_ONSET
A,B1,1341,0.0012,15.0,8.0,0.02,6,0.0,130.0,0.0,SEASONALLY_WET_BUT_DRY_AT_EVENT_ONSET
A,B1,1354,0.0011,11.0,9.0,0.12,3,0.0,2771.894658893083,10.390329360961914,SEASONALLY_WET_BUT_DRY_AT_EVENT_ONSET
A,B1,1384,0.0013,15.0,9.0,0.09,3,0.0,158.11388300841895,9.4837007522583,SEASONALLY_WET_BUT_DRY_AT_EVENT_ONSET
A,B1,1441,0.0012,15.0,9.0,0.09,10,0.0,10.0,0.0,SEASONALLY_WET_BUT_DRY_AT_EVENT_ONSET
A,B1,1546,0.0016,15.0,9.0,0.085,6,0.0,10.0,0.0,SEASONALLY_WET_BUT_DRY_AT_EVENT_ONSET
A,B1,1547,0.0012,15.0,8.0,0.02,3,0.0,1158.015543937127,8.759367942810059,SEASONALLY_WET_BUT_DRY_AT_EVENT_ONSET
A,B1,1554,0.0011,15.0,8.0,0.02,3,0.0,1218.2774724995945,8.309308052062988,SEASONALLY_WET_BUT_DRY_AT_EVENT_ONSET
A,B1,1615,0.0012,15.0,8.0,0.02,3,0.0,302.3243291566195,0.0,SEASONALLY_WET_BUT_DRY_AT_EVENT_ONSET
A,B1,1626,0.0012,15.0,9.0,0.09,10,0.0,10.0,0.0,SEASONALLY_WET_BUT_DRY_AT_EVENT_ONSET
A,B1,1630,0.002,15.0,12.0,0.12,6,0.0,10.0,0.0,SEASONALLY_WET_BUT_DRY_AT_EVENT_ONSET
A,B1,1667,0.0012,15.0,11.0,0.02,6,0.0,14.142135623730951,0.0,SEASONALLY_WET_BUT_DRY_AT_EVENT_ONSET
A,B1,1668,0.0055,15.0,12.0,0.09,6,0.0,14.142135623730951,0.0,SEASONALLY_WET_BUT_DRY_AT_EVENT_ONSET
A,B1,1674,0.0036,15.0,11.0,0.05,6,0.0,10.0,0.0,SEASONALLY_WET_BUT_DRY_AT_EVENT_ONSET
A,B1,1689,0.002,15.0,10.0,0.09,6,0.0,10.0,0.0,SEASONALLY_WET_BUT_DRY_AT_EVENT_ONSET
A,B1,1694,0.0032,15.0,10.0,0.09,6,0.0,10.0,0.0,SEASONALLY_WET_BUT_DRY_AT_EVENT_ONSET
A,B1,1697,0.0016,15.0,10.5,0.05,10,0.0,10.0,0.0,SEASONALLY_WET_BUT_DRY_AT_EVENT_ONSET
A,B1,1699,0.0016,15.0,10.5,0.035,6,0.0,10.0,0.0,SEASONALLY_WET_BUT_DRY_AT_EVENT_ONSET
A,B1,1701,0.0012,15.0,9.0,0.09,6,0.0,14.142135623730951,0.0,SEASONALLY_WET_BUT_DRY_AT_EVENT_ONSET
A,B1,1706,0.0016,15.0,8.5,0.055,6,0.0,14.142135623730951,0.0,SEASONALLY_WET_BUT_DRY_AT_EVENT_ONSET
A,B1,1711,0.0016,15.0,11.0,0.07,10,0.0,10.0,0.0,SEASONALLY_WET_BUT_DRY_AT_EVENT_ONSET
A,B1,1715,0.0477,15.0,11.0,0.09,3,0.0,2702.3323259732506,8.589094161987305,SEASONALLY_WET_BUT_DRY_AT_EVENT_ONSET
A,B1,1729,0.0016,15.0,11.0,0.05,3,0.0,1656.0193235587562,6.407620429992676,SEASONALLY_WET_BUT_DRY_AT_EVENT_ONSET
A,B1,1730,0.0201,15.0,12.0,0.09,3,0.0,1690.266251216062,7.135001182556152,SEASONALLY_WET_BUT_DRY_AT_EVENT_ONSET
A,B1,1739,0.0039,15.0,10.0,0.09,3,0.0,2949.2032822442065,8.870543479919434,SEASONALLY_WET_BUT_DRY_AT_EVENT_ONSET
A,B1,1740,0.0032,15.0,10.5,0.085,6,0.0,10.0,0.0,SEASONALLY_WET_BUT_DRY_AT_EVENT_ONSET
A,B1,1746,0.0028,15.0,12.0,0.12,3,0.0,2733.093485411723,8.56129264831543,SEASONALLY_WET_BUT_DRY_AT_EVENT_ONSET
A,B1,1749,0.0012,15.0,12.0,0.12,3,0.0,2149.4650497274897,7.878087997436523,SEASONALLY_WET_BUT_DRY_AT_EVENT_ONSET
A,B1,1752,0.002,15.0,8.0,0.02,7,0.0,785.4934754662193,25.374919891357422,SEASONALLY_WET_BUT_DRY_AT_EVENT_ONSET
A,B1,1755,0.0152,15.0,12.0,0.05,3,0.0,2675.5560169803957,8.607483863830566,SEASONALLY_WET_BUT_DRY_AT_EVENT_ONSET
A,B1,1783,0.001,15.0,13.0,0.01,3,0.0,2336.364697559009,7.8863325119018555,SEASONALLY_WET_BUT_DRY_AT_EVENT_ONSET
A,B1,1784,0.0011,15.0,12.0,0.12,3,0.0,3160.9650425147065,13.725547790527344,SEASONALLY_WET_BUT_DRY_AT_EVENT_ONSET
A,B1,1788,0.0036,15.0,9.0,0.09,7,0.0,961.7692030835673,25.251256942749023,SEASONALLY_WET_BUT_DRY_AT_EVENT_ONSET
A,B1,1790,0.002,15.0,12.0,0.12,10,0.0,14.142135623730951,0.0,SEASONALLY_WET_BUT_DRY_AT_EVENT_ONSET
A,B1,1791,0.0012,15.0,8.0,0.02,7,0.0,1029.271587094485,25.223411560058594,SEASONALLY_WET_BUT_DRY_AT_EVENT_ONSET
A,B1,1798,0.0132,15.0,8.0,0.02,3,0.0,967.9876032264049,25.42013168334961,SEASONALLY_WET_BUT_DRY_AT_EVENT_ONSET
A,B1,1799,0.0023,15.0,12.0,0.05,3,0.0,2779.9640285442542,8.6968412399292,SEASONALLY_WET_BUT_DRY_AT_EVENT_ONSET
A,B1,1800,0.002,15.0,12.0,0.12,3,0.0,2817.8360491696462,8.831157684326172,SEASONALLY_WET_BUT_DRY_AT_EVENT_ONSET
A,B1,1801,0.002,15.0,10.0,0.09,3,0.0,3203.9038687201587,13.253408432006836,SEASONALLY_WET_BUT_DRY_AT_EVENT_ONSET
A,B1,1804,0.0016,15.0,13.0,0.01,3,0.0,2858.7060009731676,9.020121574401855,SEASONALLY_WET_BUT_DRY_AT_EVENT_ONSET
A,B1,1805,0.0016,15.0,10.5,0.07,3,0.0,3322.3184675765206,13.257908821105957,SEASONALLY_WET_BUT_DRY_AT_EVENT_ONSET
A,B1,1808,0.0032,15.0,10.0,0.07,10,0.0,10.0,0.0,SEASONALLY_WET_BUT_DRY_AT_EVENT_ONSET
A,B1,1818,0.0032,15.0,11.0,0.065,6,0.0,10.0,0.0,SEASONALLY_WET_BUT_DRY_AT_EVENT_ONSET
A,B1,1821,0.0028,15.0,11.0,0.02,1,0.0,10.0,0.0,SEASONALLY_WET_BUT_DRY_AT_EVENT_ONSET
A,B1,1825,0.0012,15.0,11.0,0.02,10,0.0,14.142135623730951,0.0,SEASONALLY_WET_BUT_DRY_AT_EVENT_ONSET
A,B1,1826,0.0012,15.0,12.0,0.12,10,0.0,10.0,0.0,SEASONALLY_WET_BUT_DRY_AT_EVENT_ONSET
A,B1,1828,0.0012,15.0,12.0,0.09,10,0.0,14.142135623730951,0.0,SEASONALLY_WET_BUT_DRY_AT_EVENT_ONSET
A,B1,1832,0.0012,15.0,10.0,0.12,10,0.0,10.0,0.0,SEASONALLY_WET_BUT_DRY_AT_EVENT_ONSET
A,B1,1838,0.0032,15.0,10.0,0.09,6,0.0,10.0,0.0,SEASONALLY_WET_BUT_DRY_AT_EVENT_ONSET
A,B1,1841,0.0016,15.0,11.5,0.035,6,0.0,10.0,0.0,SEASONALLY_WET_BUT_DRY_AT_EVENT_ONSET
A,B1,1845,0.0012,15.0,8.0,0.02,6,0.0,30.0,0.0,SEASONALLY_WET_BUT_DRY_AT_EVENT_ONSET
A,B1,1847,0.0028,15.0,10.0,0.12,6,0.0,14.142135623730951,0.0,SEASONALLY_WET_BUT_DRY_AT_EVENT_ONSET
A,B1,1863,0.0024,15.0,10.0,0.035,6,0.0,14.142135623730951,0.0,SEASONALLY_WET_BUT_DRY_AT_EVENT_ONSET
A,B1,1870,0.0012,15.0,11.0,0.02,6,0.0,14.142135623730951,0.0,SEASONALLY_WET_BUT_DRY_AT_EVENT_ONSET
A,B1,1888,0.0012,15.0,11.0,0.05,3,0.0,1310.3434664239753,29.00751495361328,SEASONALLY_WET_BUT_DRY_AT_EVENT_ONSET
A,B1,1928,0.001,15.0,8.0,0.02,3,0.0,951.3148795220224,20.269187927246094,SEASONALLY_WET_BUT_DRY_AT_EVENT_ONSET
A,B1,1936,0.0028,15.0,9.0,0.09,3,0.0,633.2456079595025,37.19589614868164,SEASONALLY_WET_BUT_DRY_AT_EVENT_ONSET
A,B1,1940,0.0068,15.0,9.0,0.05,3,0.0,1105.3506231056278,20.889678955078125,SEASONALLY_WET_BUT_DRY_AT_EVENT_ONSET
A,B1,1957,0.002,15.0,8.0,0.02,3,0.0,1286.9343417595164,16.415302276611328,SEASONALLY_WET_BUT_DRY_AT_EVENT_ONSET
A,B1,1971,0.0016,15.0,10.5,0.07,1,0.0,10.0,0.0,SEASONALLY_WET_BUT_DRY_AT_EVENT_ONSET
A,B1,1976,0.0012,15.0,11.0,0.05,6,0.0,14.142135623730951,0.0,SEASONALLY_WET_BUT_DRY_AT_EVENT_ONSET
A,B1,1988,0.0012,15.0,11.0,0.08,10,0.0,10.0,0.0,SEASONALLY_WET_BUT_DRY_AT_EVENT_ONSET
A,B1,2001,0.0016,15.0,8.5,0.055,10,0.0,10.0,0.0,SEASONALLY_WET_BUT_DRY_AT_EVENT_ONSET
A,B1,2023,0.0024,15.0,10.0,0.07,1,0.0,10.0,0.0,SEASONALLY_WET_BUT_DRY_AT_EVENT_ONSET
A,B1,2028,0.0024,15.0,9.0,0.09,6,0.0,14.142135623730951,0.0,SEASONALLY_WET_BUT_DRY_AT_EVENT_ONSET
A,B1,2088,0.0012,15.0,10.0,0.15,3,0.0,3636.0693062701653,9.801072120666504,SEASONALLY_WET_BUT_DRY_AT_EVENT_ONSET
A,B1,2118,0.0012,15.0,8.0,0.02,3,0.0,3570.6862085599178,10.308563232421875,SEASONALLY_WET_BUT_DRY_AT_EVENT_ONSET
A,B1,2158,0.001,15.0,9.0,0.09,8,0.0,3733.7648560132975,11.139777183532715,SEASONALLY_WET_BUT_DRY_AT_EVENT_ONSET
A,B1,2190,0.0012,15.0,12.0,0.12,10,0.0,10.0,0.0,SEASONALLY_WET_BUT_DRY_AT_EVENT_ONSET
A,B1,2217,0.0012,15.0,9.0,0.09,1,0.0,10.0,3.2421998977661133,SEASONALLY_WET_BUT_DRY_AT_EVENT_ONSET
A,B1,2218,0.0016,15.0,8.5,0.055,1,0.0,10.0,3.2451000213623047,SEASONALLY_WET_BUT_DRY_AT_EVENT_ONSET
A,B1,2219,0.004,15.0,8.0,0.02,1,0.0,10.0,3.2451000213623047,SEASONALLY_WET_BUT_DRY_AT_EVENT_ONSET
A,B1,2220,0.0012,15.0,10.0,0.05,10,0.0,10.0,0.0,SEASONALLY_WET_BUT_DRY_AT_EVENT_ONSET
A,B1,2246,0.001,15.0,9.0,0.09,3,0.0,1462.3952953972466,11.252473831176758,SEASONALLY_WET_BUT_DRY_AT_EVENT_ONSET
A,B1,2250,0.0012,15.0,12.0,0.12,3,0.0,1290.348790056394,9.409563064575195,SEASONALLY_WET_BUT_DRY_AT_EVENT_ONSET
A,B1,2266,0.0028,15.0,9.0,0.09,1,0.0,10.0,3.2451000213623047,SEASONALLY_WET_BUT_DRY_AT_EVENT_ONSET
A,B1,2279,0.0036,15.0,9.0,0.02,6,0.0,10.0,0.11890000104904175,SEASONALLY_WET_BUT_DRY_AT_EVENT_ONSET
A,B1,2281,0.002,15.0,8.0,0.02,1,0.0,10.0,3.2363998889923096,SEASONALLY_WET_BUT_DRY_AT_EVENT_ONSET
A,B1,2287,0.0156,15.0,9.0,0.09,1,0.0,10.0,3.2451000213623047,SEASONALLY_WET_BUT_DRY_AT_EVENT_ONSET
A,B1,2301,0.0012,15.0,11.0,0.05,3,0.0,1134.6365056704283,9.885727882385254,SEASONALLY_WET_BUT_DRY_AT_EVENT_ONSET
A,B1,2307,0.0012,15.0,10.0,0.12,6,0.0,10.0,0.0,SEASONALLY_WET_BUT_DRY_AT_EVENT_ONSET
A,B1,2311,0.0021,15.0,10.0,0.12,6,0.0,10.0,0.0,SEASONALLY_WET_BUT_DRY_AT_EVENT_ONSET
A,B1,2312,0.0012,15.0,9.0,0.09,6,0.0,10.0,0.121799997985363,SEASONALLY_WET_BUT_DRY_AT_EVENT_ONSET
A,B1,2326,0.0016,15.0,9.5,0.105,6,0.0,10.0,0.0,SEASONALLY_WET_BUT_DRY_AT_EVENT_ONSET
A,B1,2353,0.0016,15.0,8.5,0.055,3,0.0,2832.1370023358686,11.379220962524414,SEASONALLY_WET_BUT_DRY_AT_EVENT_ONSET
A,B1,2354,0.0012,15.0,10.0,0.15,3,0.0,1294.6814279968644,8.952198028564453,SEASONALLY_WET_BUT_DRY_AT_EVENT_ONSET
A,B1,2376,0.0028,15.0,8.0,0.02,3,0.0,2671.666146808018,11.039276123046875,SEASONALLY_WET_BUT_DRY_AT_EVENT_ONSET
A,B1,2377,0.0016,15.0,10.0,0.135,3,0.0,3154.8375552474963,12.764388084411621,SEASONALLY_WET_BUT_DRY_AT_EVENT_ONSET
A,B1,2410,0.0015,15.0,12.0,0.12,3,0.0,1472.7525250360293,7.528573036193848,SEASONALLY_WET_BUT_DRY_AT_EVENT_ONSET
A,B1,2433,0.007,15.0,10.0,0.09,3,0.0,2588.010819142764,8.469071388244629,SEASONALLY_WET_BUT_DRY_AT_EVENT_ONSET
A,B1,2475,0.001,15.0,8.0,0.02,3,0.0,1270.9445306542689,9.751534461975098,SEASONALLY_WET_BUT_DRY_AT_EVENT_ONSET
A,B1,2476,0.0012,15.0,9.0,0.09,3,0.0,1251.3193037750198,9.923588752746582,SEASONALLY_WET_BUT_DRY_AT_EVENT_ONSET
A,B1,2487,0.0012,15.0,9.0,0.09,3,0.0,1314.0015220691337,9.9478178024292,SEASONALLY_WET_BUT_DRY_AT_EVENT_ONSET
A,B1,2496,0.0016,15.0,9.0,0.09,3,0.0,1448.3784035948615,9.915125846862793,SEASONALLY_WET_BUT_DRY_AT_EVENT_ONSET
A,B1,2504,0.0012,15.0,10.0,0.15,3,0.0,2551.4309710435045,9.77952766418457,SEASONALLY_WET_BUT_DRY_AT_EVENT_ONSET
A,B1,2513,0.001,15.0,8.0,0.02,3,0.0,2117.4040710265954,9.133429527282715,SEASONALLY_WET_BUT_DRY_AT_EVENT_ONSET
A,B1,2520,0.0012,15.0,10.0,0.12,3,0.0,2701.592123174777,10.423751831054688,SEASONALLY_WET_BUT_DRY_AT_EVENT_ONSET
A,B1,2521,0.0032,15.0,9.0,0.05,3,0.0,1902.2355269524328,11.923820495605469,SEASONALLY_WET_BUT_DRY_AT_EVENT_ONSET
A,B1,2528,0.0011,15.0,8.0,0.02,3,0.0,2189.29212303886,9.268614768981934,SEASONALLY_WET_BUT_DRY_AT_EVENT_ONSET
A,B1,2562,0.002,15.0,10.0,0.09,3,0.0,1922.1342304844372,10.379758834838867,SEASONALLY_WET_BUT_DRY_AT_EVENT_ONSET
A,B1,2613,0.0016,15.0,9.0,0.09,3,0.0,1962.9060089571276,11.633668899536133,SEASONALLY_WET_BUT_DRY_AT_EVENT_ONSET
A,B1,2615,0.0012,15.0,10.0,0.15,3,0.0,2888.7713651308577,13.29975414276123,SEASONALLY_WET_BUT_DRY_AT_EVENT_ONSET
A,B1,2647,0.001,15.0,10.0,0.15,3,0.0,2077.137453323684,12.761834144592285,SEASONALLY_WET_BUT_DRY_AT_EVENT_ONSET
A,B1,2649,0.0027,15.0,9.0,0.09,3,0.0,2108.5065804972014,13.424651145935059,SEASONALLY_WET_BUT_DRY_AT_EVENT_ONSET
A,B1,2662,0.0012,15.0,9.0,0.09,3,0.0,2201.317787144782,13.113744735717773,SEASONALLY_WET_BUT_DRY_AT_EVENT_ONSET
A,B1,2673,0.0012,15.0,10.0,0.15,3,0.0,2882.117277280715,12.456663131713867,SEASONALLY_WET_BUT_DRY_AT_EVENT_ONSET
A,B1,2680,0.002,15.0,10.0,0.15,3,0.0,2680.7834675706276,12.83852481842041,SEASONALLY_WET_BUT_DRY_AT_EVENT_ONSET
A,B1,2691,0.0012,15.0,10.0,0.09,3,0.0,3301.9085390119453,15.36960506439209,SEASONALLY_WET_BUT_DRY_AT_EVENT_ONSET
A,B1,2703,0.0012,15.0,9.0,0.09,3,0.0,3166.228039797513,12.919069290161133,SEASONALLY_WET_BUT_DRY_AT_EVENT_ONSET
A,B1,2732,0.0012,15.0,9.0,0.09,3,0.0,2891.5393824051575,13.7354097366333,SEASONALLY_WET_BUT_DRY_AT_EVENT_ONSET
A,B1,2757,0.002,15.0,10.0,0.09,3,0.0,3952.8470752104745,14.01926040649414,SEASONALLY_WET_BUT_DRY_AT_EVENT_ONSET
A,B1,2770,0.0011,15.0,10.0,0.09,3,0.0,3370.370899470858,15.704817771911621,SEASONALLY_WET_BUT_DRY_AT_EVENT_ONSET
A,B1,2771,0.0012,15.0,10.0,0.15,3,0.0,3439.9127895922015,15.760110855102539,SEASONALLY_WET_BUT_DRY_AT_EVENT_ONSET
A,B1,2808,0.0012,15.0,10.0,0.15,3,0.0,3864.6345234704927,16.63345718383789,SEASONALLY_WET_BUT_DRY_AT_EVENT_ONSET
A,B1,2899,0.0012,15.0,12.0,0.12,3,0.0,4790.260953225826,18.018096923828125,SEASONALLY_WET_BUT_DRY_AT_EVENT_ONSET
A,B1,2967,0.0016,15.0,10.0,0.12,3,0.0,6364.353855655734,19.927371978759766,SEASONALLY_WET_BUT_DRY_AT_EVENT_ONSET
A,B1,2974,0.0013,15.0,10.0,0.09,3,0.0,6430.256604522093,20.005985260009766,SEASONALLY_WET_BUT_DRY_AT_EVENT_ONSET
A,B1,2975,0.0012,15.0,9.0,0.09,3,0.0,6466.915802761004,19.981998443603516,SEASONALLY_WET_BUT_DRY_AT_EVENT_ONSET
A,B2,13,0.0028,15.0,10.0,0.12,6,0.0,10.0,0.0,SEASONALLY_WET_BUT_DRY_AT_EVENT_ONSET
A,B2,14,0.0012,15.0,9.0,0.09,6,0.0,10.0,0.0,SEASONALLY_WET_BUT_DRY_AT_EVENT_ONSET
A,B2,15,0.0016,15.0,10.0,0.135,6,0.0,10.0,0.0,SEASONALLY_WET_BUT_DRY_AT_EVENT_ONSET
A,B2,19,0.0012,15.0,10.0,0.15,6,0.0,10.0,0.0,SEASONALLY_WET_BUT_DRY_AT_EVENT_ONSET
A,B2,24,0.0016,15.0,9.0,0.09,6,0.0,10.0,0.0,SEASONALLY_WET_BUT_DRY_AT_EVENT_ONSET
A,B2,25,0.0028,15.0,9.0,0.09,6,0.0,10.0,0.0,SEASONALLY_WET_BUT_DRY_AT_EVENT_ONSET
A,B2,27,0.0096,15.0,10.0,0.15,6,0.0,10.0,,SEASONALLY_WET_BUT_DRY_AT_EVENT_ONSET
A,B2,32,0.0016,15.0,9.0,0.09,6,0.0,14.142135623730951,,SEASONALLY_WET_BUT_DRY_AT_EVENT_ONSET
A,B2,33,0.0012,15.0,10.0,0.15,6,0.0,14.142135623730951,,SEASONALLY_WET_BUT_DRY_AT_EVENT_ONSET
A,B2,35,0.0016,15.0,9.0,0.085,6,0.0,14.142135623730951,,SEASONALLY_WET_BUT_DRY_AT_EVENT_ONSET
A,B2,39,0.0012,15.0,10.0,0.15,6,0.0,14.142135623730951,,SEASONALLY_WET_BUT_DRY_AT_EVENT_ONSET
A,B2,42,0.0024,15.0,9.0,0.09,6,0.0,14.142135623730951,,SEASONALLY_WET_BUT_DRY_AT_EVENT_ONSET
A,B2,47,0.0016,15.0,10.0,0.05,6,0.0,10.0,0.0,SEASONALLY_WET_BUT_DRY_AT_EVENT_ONSET
A,B2,48,0.0012,15.0,10.0,0.15,6,0.0,14.142135623730951,,SEASONALLY_WET_BUT_DRY_AT_EVENT_ONSET
A,B2,50,0.0016,15.0,8.5,0.055,6,0.0,14.142135623730951,,SEASONALLY_WET_BUT_DRY_AT_EVENT_ONSET
A,B2,54,0.0012,15.0,9.0,0.09,6,0.0,14.142135623730951,,SEASONALLY_WET_BUT_DRY_AT_EVENT_ONSET
A,B2,59,0.0012,15.0,9.0,0.09,6,0.0,10.0,0.0,SEASONALLY_WET_BUT_DRY_AT_EVENT_ONSET
A,B2,60,0.0016,15.0,8.0,0.02,6,0.0,14.142135623730951,,SEASONALLY_WET_BUT_DRY_AT_EVENT_ONSET
A,B2,63,0.0024,15.0,9.5,0.07,6,0.0,10.0,0.0,SEASONALLY_WET_BUT_DRY_AT_EVENT_ONSET
A,B2,65,0.0016,15.0,9.0,0.09,6,0.0,10.0,0.0,SEASONALLY_WET_BUT_DRY_AT_EVENT_ONSET
A,B2,73,0.0016,15.0,9.0,0.07,6,3.5,10.0,0.0,SEASONALLY_WET_BUT_DRY_AT_EVENT_ONSET
A,B2,80,0.0012,15.0,9.0,0.09,6,0.0,10.0,0.0,SEASONALLY_WET_BUT_DRY_AT_EVENT_ONSET
A,B2,115,0.0012,15.0,10.0,0.15,6,13.0,10.0,0.0,SEASONALLY_WET_BUT_DRY_AT_EVENT_ONSET
A,B2,130,0.0012,15.0,8.0,0.02,6,0.0,14.142135623730951,0.0,SEASONALLY_WET_BUT_DRY_AT_EVENT_ONSET
A,B2,144,0.0027,15.0,9.0,0.05,6,0.0,10.0,0.0,SEASONALLY_WET_BUT_DRY_AT_EVENT_ONSET
A,B2,148,0.001,15.0,8.0,0.02,6,3.0,14.142135623730951,0.0,SEASONALLY_WET_BUT_DRY_AT_EVENT_ONSET
A,B2,160,0.0016,15.0,8.0,0.02,6,0.0,14.142135623730951,0.0,SEASONALLY_WET_BUT_DRY_AT_EVENT_ONSET
A,B2,179,0.0028,15.0,9.0,0.09,6,0.0,14.142135623730951,0.0,SEASONALLY_WET_BUT_DRY_AT_EVENT_ONSET
A,B2,207,0.0012,15.0,9.0,0.09,6,0.0,14.142135623730951,0.0,SEASONALLY_WET_BUT_DRY_AT_EVENT_ONSET
A,B2,208,0.002,15.0,12.0,0.12,10,3.0,10.0,0.0,SEASONALLY_WET_BUT_DRY_AT_EVENT_ONSET
A,B2,216,0.0016,15.0,10.0,0.15,6,0.0,10.0,0.0,SEASONALLY_WET_BUT_DRY_AT_EVENT_ONSET
A,B2,218,0.0028,15.0,9.0,0.09,1,0.0,10.0,0.05510000139474869,SEASONALLY_WET_BUT_DRY_AT_EVENT_ONSET
A,B2,219,0.0028,15.0,10.0,0.09,6,0.0,10.0,0.0,SEASONALLY_WET_BUT_DRY_AT_EVENT_ONSET
A,B2,222,0.0012,15.0,10.0,0.15,6,0.0,10.0,0.0,SEASONALLY_WET_BUT_DRY_AT_EVENT_ONSET
A,B2,227,0.0018,15.0,9.0,0.05,6,0.0,10.0,0.0,SEASONALLY_WET_BUT_DRY_AT_EVENT_ONSET
A,B2,249,0.0012,15.0,13.0,0.12,10,3.0,10.0,0.0,SEASONALLY_WET_BUT_DRY_AT_EVENT_ONSET
A,B2,258,0.002,15.0,11.0,0.08,10,0.0,10.0,0.0,SEASONALLY_WET_BUT_DRY_AT_EVENT_ONSET
A,B2,260,0.0012,15.0,9.0,0.09,6,0.0,10.0,0.0,SEASONALLY_WET_BUT_DRY_AT_EVENT_ONSET
A,B2,261,0.0012,15.0,11.0,0.05,6,0.0,14.142135623730951,0.0,SEASONALLY_WET_BUT_DRY_AT_EVENT_ONSET
A,B2,280,0.0012,15.0,8.0,0.02,6,0.0,10.0,0.08844999969005585,SEASONALLY_WET_BUT_DRY_AT_EVENT_ONSET
A,B2,301,0.0012,15.0,9.0,0.09,6,0.0,10.0,0.0,SEASONALLY_WET_BUT_DRY_AT_EVENT_ONSET
A,B2,334,0.0012,15.0,9.0,0.09,6,0.0,10.0,0.0,SEASONALLY_WET_BUT_DRY_AT_EVENT_ONSET
A,B2,336,0.0024,15.0,9.0,0.05,10,0.0,10.0,0.0,SEASONALLY_WET_BUT_DRY_AT_EVENT_ONSET
A,B2,341,0.0012,15.0,9.0,0.09,6,0.0,10.0,0.0,SEASONALLY_WET_BUT_DRY_AT_EVENT_ONSET
A,B2,343,0.002,15.0,10.0,0.15,10,0.0,10.0,0.0,SEASONALLY_WET_BUT_DRY_AT_EVENT_ONSET
A,B2,354,0.0028,15.0,8.0,0.02,10,0.0,10.0,0.17399999499320984,SEASONALLY_WET_BUT_DRY_AT_EVENT_ONSET
A,B2,357,0.002,15.0,8.0,0.02,1,0.0,10.0,0.15369999408721924,SEASONALLY_WET_BUT_DRY_AT_EVENT_ONSET
A,B2,358,0.0015,15.0,10.0,0.12,6,7.0,10.0,0.0,SEASONALLY_WET_BUT_DRY_AT_EVENT_ONSET
A,B2,361,0.0031,15.0,10.0,0.05,10,0.0,10.0,0.15369999408721924,SEASONALLY_WET_BUT_DRY_AT_EVENT_ONSET
A,B2,366,0.0078,15.0,11.0,0.05,1,0.0,10.0,8.984199523925781,SEASONALLY_WET_BUT_DRY_AT_EVENT_ONSET
A,B2,367,0.0072,15.0,10.0,0.05,6,0.0,10.0,8.984199523925781,SEASONALLY_WET_BUT_DRY_AT_EVENT_ONSET
A,B2,370,0.0046,15.0,8.0,0.02,7,0.0,10.0,8.984199523925781,SEASONALLY_WET_BUT_DRY_AT_EVENT_ONSET
A,B2,373,0.0028,15.0,11.0,0.07,10,0.0,10.0,8.984199523925781,SEASONALLY_WET_BUT_DRY_AT_EVENT_ONSET
A,B2,375,0.0027,15.0,8.0,0.02,6,0.0,10.0,8.984199523925781,SEASONALLY_WET_BUT_DRY_AT_EVENT_ONSET
A,B2,376,0.0052,15.0,9.0,0.09,1,0.0,10.0,8.984199523925781,SEASONALLY_WET_BUT_DRY_AT_EVENT_ONSET
A,B2,380,0.0036,15.0,9.0,0.09,1,0.0,10.0,8.982749938964844,SEASONALLY_WET_BUT_DRY_AT_EVENT_ONSET
A,B2,386,0.002,15.0,8.0,0.02,1,7.0,10.0,8.978399276733398,SEASONALLY_WET_BUT_DRY_AT_EVENT_ONSET
A,B2,396,0.0016,15.0,8.0,0.02,1,1.5,10.0,0.07829999923706055,SEASONALLY_WET_BUT_DRY_AT_EVENT_ONSET
A,B2,411,0.002,15.0,9.0,0.05,6,0.0,10.0,0.0,SEASONALLY_WET_BUT_DRY_AT_EVENT_ONSET
A,B2,418,0.0011,15.0,10.0,0.15,6,0.0,10.0,0.0,SEASONALLY_WET_BUT_DRY_AT_EVENT_ONSET
A,B2,435,0.0016,15.0,11.0,0.085,6,0.0,10.0,0.0,SEASONALLY_WET_BUT_DRY_AT_EVENT_ONSET
A,B2,443,0.0012,15.0,11.0,0.12,6,0.0,10.0,0.0,SEASONALLY_WET_BUT_DRY_AT_EVENT_ONSET
A,B2,452,0.0012,15.0,9.0,0.05,1,13.0,10.0,0.0,SEASONALLY_WET_BUT_DRY_AT_EVENT_ONSET
A,B2,453,0.0024,15.0,10.0,0.05,6,7.0,10.0,0.0,SEASONALLY_WET_BUT_DRY_AT_EVENT_ONSET
A,B2,458,0.0015,15.0,9.0,0.09,6,0.0,14.142135623730951,0.0,SEASONALLY_WET_BUT_DRY_AT_EVENT_ONSET
A,B2,463,0.0012,15.0,10.0,0.15,6,0.0,10.0,0.0,SEASONALLY_WET_BUT_DRY_AT_EVENT_ONSET
A,B2,466,0.0012,15.0,8.0,0.02,6,7.0,10.0,0.0,SEASONALLY_WET_BUT_DRY_AT_EVENT_ONSET
A,B2,494,0.0012,15.0,10.0,0.15,10,3.0,10.0,1.0990999937057495,SEASONALLY_WET_BUT_DRY_AT_EVENT_ONSET
A,B2,514,0.0028,15.0,9.0,0.09,10,0.0,10.0,0.10584999620914459,SEASONALLY_WET_BUT_DRY_AT_EVENT_ONSET
A,B2,521,0.002,15.0,9.0,0.09,6,3.0,10.0,1.2382999658584595,SEASONALLY_WET_BUT_DRY_AT_EVENT_ONSET
A,B2,541,0.0012,15.0,9.0,0.09,6,0.0,14.142135623730951,0.0,SEASONALLY_WET_BUT_DRY_AT_EVENT_ONSET
A,B2,543,0.0016,15.0,8.5,0.055,6,10.0,10.0,0.0,SEASONALLY_WET_BUT_DRY_AT_EVENT_ONSET
A,B2,577,0.0012,15.0,12.0,0.12,6,10.0,10.0,0.0,SEASONALLY_WET_BUT_DRY_AT_EVENT_ONSET
A,B2,584,0.0012,15.0,10.0,0.09,6,0.0,14.142135623730951,0.001449999981559813,SEASONALLY_WET_BUT_DRY_AT_EVENT_ONSET
A,B2,591,0.0039,15.0,10.0,0.15,6,0.0,10.0,0.028999999165534973,SEASONALLY_WET_BUT_DRY_AT_EVENT_ONSET
A,B2,600,0.0012,15.0,10.0,0.09,1,0.0,10.0,0.0,SEASONALLY_WET_BUT_DRY_AT_EVENT_ONSET
A,B2,611,0.0012,15.0,9.0,0.05,6,3.0,10.0,0.0,SEASONALLY_WET_BUT_DRY_AT_EVENT_ONSET
A,B2,624,0.0012,15.0,9.0,0.05,6,3.0,10.0,0.0,SEASONALLY_WET_BUT_DRY_AT_EVENT_ONSET
A,B2,656,0.0014,15.0,10.0,0.09,6,0.0,10.0,0.0,SEASONALLY_WET_BUT_DRY_AT_EVENT_ONSET
A,B2,662,0.0012,15.0,11.0,0.09,6,13.0,10.0,0.0,SEASONALLY_WET_BUT_DRY_AT_EVENT_ONSET
A,B2,663,0.0016,15.0,8.5,0.055,6,7.0,10.0,0.0,SEASONALLY_WET_BUT_DRY_AT_EVENT_ONSET
A,B2,669,0.0022,15.0,11.0,0.05,6,0.0,10.0,0.0,SEASONALLY_WET_BUT_DRY_AT_EVENT_ONSET
A,B2,679,0.002,15.0,10.0,0.12,6,0.0,10.0,0.028999999165534973,SEASONALLY_WET_BUT_DRY_AT_EVENT_ONSET
A,B2,688,0.0012,15.0,10.0,0.15,8,7.0,70.0,0.0,SEASONALLY_WET_BUT_DRY_AT_EVENT_ONSET
A,B2,692,0.0016,15.0,8.0,0.02,10,1.5,10.0,0.0,SEASONALLY_WET_BUT_DRY_AT_EVENT_ONSET
A,B2,700,0.0072,15.0,9.0,0.09,6,10.0,10.0,,SEASONALLY_WET_BUT_DRY_AT_EVENT_ONSET
A,B2,704,0.0012,15.0,9.0,0.09,6,0.0,10.0,0.002899999963119626,SEASONALLY_WET_BUT_DRY_AT_EVENT_ONSET
A,B2,706,0.002,15.0,9.0,0.09,6,13.0,10.0,0.0,SEASONALLY_WET_BUT_DRY_AT_EVENT_ONSET
A,B2,711,0.0016,15.0,8.0,0.02,10,0.0,114.0175425099138,0.0,SEASONALLY_WET_BUT_DRY_AT_EVENT_ONSET
A,B2,717,0.0064,15.0,9.0,0.09,1,0.0,10.0,,SEASONALLY_WET_BUT_DRY_AT_EVENT_ONSET
A,B2,724,0.0024,15.0,8.5,0.055,1,15.5,10.0,,SEASONALLY_WET_BUT_DRY_AT_EVENT_ONSET
A,B2,735,0.0011,15.0,8.0,0.02,6,0.0,10.0,0.0,SEASONALLY_WET_BUT_DRY_AT_EVENT_ONSET
A,B2,742,0.0012,15.0,9.0,0.09,6,17.0,10.0,0.0,SEASONALLY_WET_BUT_DRY_AT_EVENT_ONSET
A,B2,751,0.0012,15.0,11.0,0.05,6,3.0,10.0,0.0,SEASONALLY_WET_BUT_DRY_AT_EVENT_ONSET
A,B2,757,0.0012,15.0,9.0,0.02,6,0.0,14.142135623730951,0.0,SEASONALLY_WET_BUT_DRY_AT_EVENT_ONSET
A,B2,762,0.0012,15.0,9.0,0.05,6,0.0,10.0,0.0,SEASONALLY_WET_BUT_DRY_AT_EVENT_ONSET
A,B2,767,0.0016,15.0,9.0,0.055,6,3.5,10.0,0.0,SEASONALLY_WET_BUT_DRY_AT_EVENT_ONSET
A,B2,776,0.0012,15.0,10.0,0.09,6,17.0,10.0,0.0,SEASONALLY_WET_BUT_DRY_AT_EVENT_ONSET
A,B2,788,0.0012,15.0,10.0,0.12,6,0.0,10.0,0.0,SEASONALLY_WET_BUT_DRY_AT_EVENT_ONSET
A,B2,790,0.0016,15.0,11.5,0.085,3,0.0,890.0561780022651,,SEASONALLY_WET_BUT_DRY_AT_EVENT_ONSET
A,B2,799,0.002,15.0,11.0,0.05,6,0.0,10.0,0.0,SEASONALLY_WET_BUT_DRY_AT_EVENT_ONSET
A,B2,800,0.0016,15.0,13.0,0.08,6,17.0,10.0,0.0,SEASONALLY_WET_BUT_DRY_AT_EVENT_ONSET
A,B2,801,0.0035,15.0,10.0,0.09,6,0.0,10.0,0.41760000586509705,SEASONALLY_WET_BUT_DRY_AT_EVENT_ONSET
A,B2,808,0.0016,15.0,13.0,0.08,6,5.0,10.0,0.0,SEASONALLY_WET_BUT_DRY_AT_EVENT_ONSET
A,B2,820,0.002,15.0,10.0,0.09,6,3.0,10.0,1.2503639459609985,SEASONALLY_WET_BUT_DRY_AT_EVENT_ONSET
A,B2,825,0.0011,15.0,9.0,0.02,6,0.0,10.0,1.261963963508606,SEASONALLY_WET_BUT_DRY_AT_EVENT_ONSET
A,B2,826,0.0015,15.0,8.0,0.02,6,10.0,10.0,1.261963963508606,SEASONALLY_WET_BUT_DRY_AT_EVENT_ONSET
A,B2,848,0.0017,15.0,9.0,0.09,3,0.0,654.3699259593154,,SEASONALLY_WET_BUT_DRY_AT_EVENT_ONSET
A,B2,851,0.0016,15.0,10.0,0.12,6,7.0,10.0,0.018850000575184822,SEASONALLY_WET_BUT_DRY_AT_EVENT_ONSET
A,B2,857,0.0012,15.0,8.0,0.02,6,7.0,10.0,7.1890997886657715,SEASONALLY_WET_BUT_DRY_AT_EVENT_ONSET
A,B2,874,0.0011,15.0,10.0,0.15,3,0.0,933.9164844888434,,SEASONALLY_WET_BUT_DRY_AT_EVENT_ONSET
A,B2,884,0.0012,15.0,10.0,0.12,6,0.0,10.0,0.0,SEASONALLY_WET_BUT_DRY_AT_EVENT_ONSET
A,B2,886,0.0012,15.0,9.0,0.02,3,0.0,710.0704190430693,,SEASONALLY_WET_BUT_DRY_AT_EVENT_ONSET
A,B2,905,0.0012,15.0,11.0,0.05,6,13.0,10.0,0.0,SEASONALLY_WET_BUT_DRY_AT_EVENT_ONSET
A,B2,922,0.002,15.0,9.0,0.09,3,0.0,230.21728866442675,8.415124893188477,SEASONALLY_WET_BUT_DRY_AT_EVENT_ONSET
A,B2,924,0.0012,15.0,9.0,0.05,3,0.0,298.328677803526,8.182662963867188,SEASONALLY_WET_BUT_DRY_AT_EVENT_ONSET
A,B2,925,0.0072,15.0,10.0,0.07,3,0.0,270.0,8.075868606567383,SEASONALLY_WET_BUT_DRY_AT_EVENT_ONSET
A,B2,927,0.0133,15.0,9.0,0.09,3,0.0,509.31326312987375,8.130786895751953,SEASONALLY_WET_BUT_DRY_AT_EVENT_ONSET
A,B2,929,0.0019,15.0,9.0,0.09,3,0.0,414.00483088968906,8.368841171264648,SEASONALLY_WET_BUT_DRY_AT_EVENT_ONSET
A,B2,933,0.002,15.0,10.0,0.09,3,0.0,361.38621999185307,8.066549301147461,SEASONALLY_WET_BUT_DRY_AT_EVENT_ONSET
A,B2,934,0.0178,15.0,11.0,0.09,3,0.0,351.28336140500596,8.086930274963379,SEASONALLY_WET_BUT_DRY_AT_EVENT_ONSET
A,B2,937,0.0011,15.0,9.0,0.09,3,0.0,482.70073544588683,8.433869361877441,SEASONALLY_WET_BUT_DRY_AT_EVENT_ONSET
A,B2,943,0.0044,15.0,9.0,0.09,3,0.0,559.4640292279746,8.354938507080078,SEASONALLY_WET_BUT_DRY_AT_EVENT_ONSET
A,B2,947,0.0012,11.0,8.0,0.03,6,0.0,10.0,0.0,SEASONALLY_WET_BUT_DRY_AT_EVENT_ONSET
A,B2,951,0.0032,15.0,9.0,0.09,3,0.0,598.1638571495272,8.412618637084961,SEASONALLY_WET_BUT_DRY_AT_EVENT_ONSET
A,B2,952,0.0012,15.0,8.0,0.02,3,0.0,654.3699259593154,8.391143798828125,SEASONALLY_WET_BUT_DRY_AT_EVENT_ONSET
A,B2,953,0.0032,15.0,9.0,0.09,3,0.0,514.78150704935,7.513818264007568,SEASONALLY_WET_BUT_DRY_AT_EVENT_ONSET
A,B2,955,0.004,15.0,9.5,0.12,3,0.0,594.138031100518,8.370794296264648,SEASONALLY_WET_BUT_DRY_AT_EVENT_ONSET
A,B2,956,0.0012,15.0,9.0,0.09,3,0.0,570.087712549569,8.50037956237793,SEASONALLY_WET_BUT_DRY_AT_EVENT_ONSET
A,B2,957,0.0016,15.0,11.0,0.05,3,0.0,488.4669896727925,8.105602264404297,SEASONALLY_WET_BUT_DRY_AT_EVENT_ONSET
A,B2,959,0.001,15.0,8.0,0.02,3,0.0,849.5881355103778,7.022161483764648,SEASONALLY_WET_BUT_DRY_AT_EVENT_ONSET
A,B2,960,0.0058,15.0,8.0,0.02,3,0.0,1012.5709851659783,7.350803852081299,SEASONALLY_WET_BUT_DRY_AT_EVENT_ONSET
A,B2,966,0.0012,15.0,8.0,0.02,3,0.0,679.5586803212802,8.43317985534668,SEASONALLY_WET_BUT_DRY_AT_EVENT_ONSET
A,B2,971,0.0016,15.0,11.5,0.12,3,0.0,541.2947441089743,8.262137413024902,SEASONALLY_WET_BUT_DRY_AT_EVENT_ONSET
A,B2,980,0.0013,15.0,8.0,0.02,3,0.0,724.0165743959182,7.116628170013428,SEASONALLY_WET_BUT_DRY_AT_EVENT_ONSET
A,B2,981,0.0013,15.0,8.0,0.02,3,0.0,786.0025445251433,6.980926513671875,SEASONALLY_WET_BUT_DRY_AT_EVENT_ONSET
A,B2,985,0.0012,15.0,10.0,0.15,3,0.0,607.4537019394976,8.427777290344238,SEASONALLY_WET_BUT_DRY_AT_EVENT_ONSET
A,B2,987,0.0012,15.0,9.0,0.09,3,0.0,631.9810123729984,7.775883197784424,SEASONALLY_WET_BUT_DRY_AT_EVENT_ONSET
A,B2,991,0.001,15.0,8.0,0.02,3,0.0,698.1403870282825,8.556310653686523,SEASONALLY_WET_BUT_DRY_AT_EVENT_ONSET
A,B2,993,0.0012,15.0,9.0,0.05,3,0.0,588.727441181401,8.327245712280273,SEASONALLY_WET_BUT_DRY_AT_EVENT_ONSET
A,B2,998,0.0017,15.0,9.0,0.09,3,0.0,892.6925562588724,,SEASONALLY_WET_BUT_DRY_AT_EVENT_ONSET
A,B2,1003,0.0011,15.0,9.0,0.09,3,0.0,715.122367151245,8.682437896728516,SEASONALLY_WET_BUT_DRY_AT_EVENT_ONSET
A,B2,1004,0.0026,15.0,8.0,0.02,3,0.0,1223.1925441237777,7.001948833465576,SEASONALLY_WET_BUT_DRY_AT_EVENT_ONSET
A,B2,1007,0.0012,15.0,12.0,0.12,3,0.0,1619.1973320136121,,SEASONALLY_WET_BUT_DRY_AT_EVENT_ONSET
A,B2,1015,0.0015,15.0,10.0,0.15,3,0.0,679.7793759742935,8.51675796508789,SEASONALLY_WET_BUT_DRY_AT_EVENT_ONSET
A,B2,1018,0.0023,15.0,9.0,0.09,3,0.0,718.4705978674423,8.007674217224121,SEASONALLY_WET_BUT_DRY_AT_EVENT_ONSET
A,B2,1023,0.0016,15.0,10.0,0.1,3,0.0,751.6648189186453,8.794546127319336,SEASONALLY_WET_BUT_DRY_AT_EVENT_ONSET
A,B2,1029,0.0015,15.0,8.0,0.02,3,0.0,1060.7544484940895,7.979194164276123,SEASONALLY_WET_BUT_DRY_AT_EVENT_ONSET
A,B2,1032,0.0024,15.0,9.0,0.09,3,0.0,804.114419718985,8.901546478271484,SEASONALLY_WET_BUT_DRY_AT_EVENT_ONSET
A,B2,1040,0.0018,15.0,10.0,0.05,3,0.0,785.175139698144,9.01009464263916,SEASONALLY_WET_BUT_DRY_AT_EVENT_ONSET
A,B2,1046,0.0015,15.0,8.0,0.02,3,0.0,790.0632886041473,9.12282943725586,SEASONALLY_WET_BUT_DRY_AT_EVENT_ONSET
A,B2,1053,0.0011,15.0,9.0,0.09,3,0.0,721.8032973047435,8.4862642288208,SEASONALLY_WET_BUT_DRY_AT_EVENT_ONSET
A,B2,1055,0.002,15.0,10.0,0.05,3,0.0,814.9846624323675,8.391718864440918,SEASONALLY_WET_BUT_DRY_AT_EVENT_ONSET
A,B2,1059,0.0012,15.0,12.0,0.09,3,0.0,851.4693182963201,8.331911087036133,SEASONALLY_WET_BUT_DRY_AT_EVENT_ONSET
A,B2,1063,0.0016,15.0,10.5,0.1,3,0.0,755.3806987208503,8.730043411254883,SEASONALLY_WET_BUT_DRY_AT_EVENT_ONSET
A,B2,1065,0.0066,15.0,9.0,0.09,3,0.0,769.0253571892151,8.6741304397583,SEASONALLY_WET_BUT_DRY_AT_EVENT_ONSET
A,B2,1068,0.0012,15.0,9.0,0.09,3,0.0,904.7651629014017,9.242115020751953,SEASONALLY_WET_BUT_DRY_AT_EVENT_ONSET
A,B2,1080,0.0024,15.0,10.0,0.15,3,0.0,879.2041856133307,9.276838302612305,SEASONALLY_WET_BUT_DRY_AT_EVENT_ONSET
A,B2,1082,0.0013,15.0,9.0,0.05,3,0.0,1001.7983829094555,8.368690490722656,SEASONALLY_WET_BUT_DRY_AT_EVENT_ONSET
A,B2,1083,0.0011,15.0,9.0,0.09,3,0.0,1108.0162453682708,8.316054344177246,SEASONALLY_WET_BUT_DRY_AT_EVENT_ONSET
A,B2,1088,0.001,15.0,10.0,0.02,3,0.0,980.0510190801293,9.69644546508789,SEASONALLY_WET_BUT_DRY_AT_EVENT_ONSET
A,B2,1089,0.0012,15.0,10.0,0.15,3,0.0,810.0,8.721296310424805,SEASONALLY_WET_BUT_DRY_AT_EVENT_ONSET
A,B2,1093,0.0012,11.0,9.0,0.12,6,10.0,10.0,0.3784500062465668,SEASONALLY_WET_BUT_DRY_AT_EVENT_ONSET
A,B2,1098,0.002,15.0,12.0,0.12,3,0.0,1182.285921425101,8.371855735778809,SEASONALLY_WET_BUT_DRY_AT_EVENT_ONSET
A,B2,1100,0.0011,15.0,10.0,0.09,3,0.0,866.8333173107735,9.038475036621094,SEASONALLY_WET_BUT_DRY_AT_EVENT_ONSET
A,B2,1105,0.0018,15.0,10.0,0.15,3,0.0,1087.8419002777932,8.576028823852539,SEASONALLY_WET_BUT_DRY_AT_EVENT_ONSET
A,B2,1108,0.001,15.0,11.0,0.05,3,0.0,1895.6001688119782,,SEASONALLY_WET_BUT_DRY_AT_EVENT_ONSET
A,B2,1111,0.0099,15.0,9.0,0.09,3,0.0,961.3532129243653,9.243169784545898,SEASONALLY_WET_BUT_DRY_AT_EVENT_ONSET
A,B2,1119,0.0012,11.0,10.0,0.21,6,14.0,10.0,0.0,SEASONALLY_WET_BUT_DRY_AT_EVENT_ONSET
A,B2,1121,0.0015,15.0,10.0,0.15,3,0.0,1059.9056561788884,9.463799476623535,SEASONALLY_WET_BUT_DRY_AT_EVENT_ONSET
A,B2,1128,0.0012,15.0,10.0,0.09,3,0.0,930.0,9.025284767150879,SEASONALLY_WET_BUT_DRY_AT_EVENT_ONSET
A,B2,1129,0.002,15.0,9.0,0.05,3,0.0,968.4007434941384,9.089560508728027,SEASONALLY_WET_BUT_DRY_AT_EVENT_ONSET
A,B2,1137,0.003,15.0,11.0,0.09,3,0.0,1097.679370308106,9.683221817016602,SEASONALLY_WET_BUT_DRY_AT_EVENT_ONSET
A,B2,1142,0.0017,15.0,9.0,0.09,3,0.0,594.138031100518,,SEASONALLY_WET_BUT_DRY_AT_EVENT_ONSET
A,B2,1147,0.001,15.0,9.0,0.09,3,0.0,1346.1797799699712,8.846969604492188,SEASONALLY_WET_BUT_DRY_AT_EVENT_ONSET
A,B2,1149,0.002,15.0,9.0,0.05,3,0.0,1008.0674580602232,9.484199523925781,SEASONALLY_WET_BUT_DRY_AT_EVENT_ONSET
A,B2,1158,0.0012,15.0,10.0,0.05,3,0.0,1010.0495037373169,9.394100189208984,SEASONALLY_WET_BUT_DRY_AT_EVENT_ONSET
A,B2,1161,0.0012,15.0,9.0,0.09,3,0.0,1417.391971192161,,SEASONALLY_WET_BUT_DRY_AT_EVENT_ONSET
A,B2,1162,0.0019,15.0,10.0,0.15,3,0.0,1424.4297104455522,,SEASONALLY_WET_BUT_DRY_AT_EVENT_ONSET
A,B2,1163,0.001,15.0,9.0,0.09,3,0.0,1467.4126890551272,,SEASONALLY_WET_BUT_DRY_AT_EVENT_ONSET
A,B2,1173,0.0011,15.0,10.0,0.15,3,0.0,1150.0434774390053,9.997092247009277,SEASONALLY_WET_BUT_DRY_AT_EVENT_ONSET
A,B2,1180,0.0012,15.0,8.0,0.02,3,0.0,1185.32695911297,10.031820297241211,SEASONALLY_WET_BUT_DRY_AT_EVENT_ONSET
A,B2,1188,0.0016,15.0,8.0,0.02,3,0.0,1090.0458705944443,9.933545112609863,SEASONALLY_WET_BUT_DRY_AT_EVENT_ONSET
A,B2,1192,0.0019,15.0,9.0,0.09,3,0.0,1994.041122946064,,SEASONALLY_WET_BUT_DRY_AT_EVENT_ONSET
A,B2,1201,0.0031,15.0,11.0,0.09,3,0.0,1254.1929676090517,9.796929359436035,SEASONALLY_WET_BUT_DRY_AT_EVENT_ONSET
A,B2,1209,0.0011,15.0,11.0,0.05,3,0.0,630.6346010171025,,SEASONALLY_WET_BUT_DRY_AT_EVENT_ONSET
A,B2,1211,0.0011,15.0,8.0,0.02,3,0.0,1189.0332207301863,9.623298645019531,SEASONALLY_WET_BUT_DRY_AT_EVENT_ONSET
A,B2,1216,0.001,15.0,8.0,0.02,3,0.0,1259.2855117089214,9.443134307861328,SEASONALLY_WET_BUT_DRY_AT_EVENT_ONSET
A,B2,1219,0.0011,15.0,8.0,0.02,8,0.0,1868.1006396872735,9.052443504333496,SEASONALLY_WET_BUT_DRY_AT_EVENT_ONSET
A,B2,1223,0.001,15.0,8.0,0.02,3,0.0,1319.1285001848757,9.386940956115723,SEASONALLY_WET_BUT_DRY_AT_EVENT_ONSET
A,B2,1237,0.0016,15.0,9.0,0.09,3,0.0,1702.9973576021778,,SEASONALLY_WET_BUT_DRY_AT_EVENT_ONSET
A,B2,1244,0.0012,15.0,9.0,0.09,3,0.0,1046.2313319720452,,SEASONALLY_WET_BUT_DRY_AT_EVENT_ONSET
A,B2,1256,0.0016,15.0,10.5,0.105,6,8.5,10.0,0.0,SEASONALLY_WET_BUT_DRY_AT_EVENT_ONSET
A,B2,1257,0.002,15.0,9.0,0.09,3,0.0,1290.0387591076478,11.05104923248291,SEASONALLY_WET_BUT_DRY_AT_EVENT_ONSET
A,B2,1274,0.0011,15.0,8.0,0.02,3,0.0,1266.0568707605516,9.967668533325195,SEASONALLY_WET_BUT_DRY_AT_EVENT_ONSET
A,B2,1277,0.0031,15.0,9.0,0.09,3,0.0,1376.154061142865,9.903569221496582,SEASONALLY_WET_BUT_DRY_AT_EVENT_ONSET
A,B2,1283,0.0024,15.0,9.0,0.085,3,0.0,2040.4411287758342,9.384883880615234,SEASONALLY_WET_BUT_DRY_AT_EVENT_ONSET
A,B2,1292,0.0014,15.0,8.0,0.02,3,0.0,1294.0247292845684,9.755859375,SEASONALLY_WET_BUT_DRY_AT_EVENT_ONSET
A,B2,1313,0.0034,15.0,10.0,0.09,3,0.0,817.4350127074322,15.841058731079102,SEASONALLY_WET_BUT_DRY_AT_EVENT_ONSET
A,B2,1315,0.0024,15.0,9.5,0.105,3,0.0,1073.7783756436893,14.032313346862793,SEASONALLY_WET_BUT_DRY_AT_EVENT_ONSET
A,B2,1317,0.002,15.0,9.0,0.09,3,0.0,1347.3678042761749,9.869681358337402,SEASONALLY_WET_BUT_DRY_AT_EVENT_ONSET
A,B2,1320,0.0048,15.0,8.0,0.02,3,0.0,1270.9838708654017,10.214219093322754,SEASONALLY_WET_BUT_DRY_AT_EVENT_ONSET
A,B2,1322,0.0016,15.0,9.0,0.09,3,0.0,1334.541119636259,9.86086368560791,SEASONALLY_WET_BUT_DRY_AT_EVENT_ONSET
A,B2,1326,0.0011,15.0,9.0,0.09,3,0.0,1461.8481453283716,9.67819595336914,SEASONALLY_WET_BUT_DRY_AT_EVENT_ONSET
A,B2,1328,0.0022,15.0,13.0,0.01,3,0.0,2293.686988235317,9.250343322753906,SEASONALLY_WET_BUT_DRY_AT_EVENT_ONSET
A,B2,1329,0.0017,15.0,9.0,0.09,3,0.0,2296.8238939892626,,SEASONALLY_WET_BUT_DRY_AT_EVENT_ONSET
A,B2,1339,0.0016,15.0,11.0,0.07,3,0.0,1510.0331122197285,10.071892738342285,SEASONALLY_WET_BUT_DRY_AT_EVENT_ONSET
A,B2,1349,0.0024,15.0,10.0,0.105,3,0.0,1412.8694207179942,10.082529067993164,SEASONALLY_WET_BUT_DRY_AT_EVENT_ONSET
A,B2,1354,0.0028,15.0,9.0,0.09,3,0.0,2305.8620947489467,9.246309280395508,SEASONALLY_WET_BUT_DRY_AT_EVENT_ONSET
A,B2,1363,0.0024,15.0,9.5,0.07,3,0.0,1318.5598204101323,10.340768814086914,SEASONALLY_WET_BUT_DRY_AT_EVENT_ONSET
A,B2,1368,0.0012,15.0,9.0,0.09,3,0.0,1440.0694427700353,10.080662727355957,SEASONALLY_WET_BUT_DRY_AT_EVENT_ONSET
A,B2,1372,0.0026,15.0,9.0,0.09,3,0.0,2301.5212360523637,9.336427688598633,SEASONALLY_WET_BUT_DRY_AT_EVENT_ONSET
A,B2,1383,0.002,15.0,8.0,0.02,3,0.0,436.57759905886144,14.879581451416016,SEASONALLY_WET_BUT_DRY_AT_EVENT_ONSET
A,B2,1385,0.0019,15.0,9.0,0.09,3,0.0,1385.1353724455962,10.219908714294434,SEASONALLY_WET_BUT_DRY_AT_EVENT_ONSET
A,B2,1386,0.0068,15.0,9.0,0.09,3,0.0,1465.4009690183775,10.49106502532959,SEASONALLY_WET_BUT_DRY_AT_EVENT_ONSET
A,B2,1387,0.002,15.0,9.0,0.09,3,0.0,2134.9004660639334,,SEASONALLY_WET_BUT_DRY_AT_EVENT_ONSET
A,B2,1390,0.0013,15.0,9.0,0.09,3,0.0,2359.512661546871,,SEASONALLY_WET_BUT_DRY_AT_EVENT_ONSET
A,B2,1392,0.0014,15.0,9.0,0.07,3,0.0,984.7842403288143,14.95121955871582,SEASONALLY_WET_BUT_DRY_AT_EVENT_ONSET
A,B2,1395,0.001,15.0,8.0,0.02,3,0.0,1419.0842117365694,10.236917495727539,SEASONALLY_WET_BUT_DRY_AT_EVENT_ONSET
A,B2,1398,0.0016,15.0,11.0,0.05,3,0.0,1498.3324063771697,10.316607475280762,SEASONALLY_WET_BUT_DRY_AT_EVENT_ONSET
A,B2,1402,0.0039,15.0,8.0,0.02,3,0.0,2359.194777885031,,SEASONALLY_WET_BUT_DRY_AT_EVENT_ONSET
A,B2,1405,0.0012,15.0,10.0,0.15,3,0.0,1423.0249470757708,,SEASONALLY_WET_BUT_DRY_AT_EVENT_ONSET
A,B2,1407,0.0017,15.0,10.0,0.15,3,0.0,2356.6925976885486,9.560653686523438,SEASONALLY_WET_BUT_DRY_AT_EVENT_ONSET
A,B2,1408,0.001,15.0,9.0,0.09,3,0.0,2203.678742466787,,SEASONALLY_WET_BUT_DRY_AT_EVENT_ONSET
A,B2,1409,0.0021,15.0,10.0,0.09,3,0.0,1618.9502771858065,,SEASONALLY_WET_BUT_DRY_AT_EVENT_ONSET
A,B2,1413,0.009,15.0,11.0,0.12,3,0.0,1392.6234236145822,10.339174270629883,SEASONALLY_WET_BUT_DRY_AT_EVENT_ONSET
A,B2,1422,0.0024,15.0,9.5,0.05,3,0.0,1986.00100704909,,SEASONALLY_WET_BUT_DRY_AT_EVENT_ONSET
A,B2,1425,0.001,15.0,8.0,0.02,3,0.0,963.8464608017192,,SEASONALLY_WET_BUT_DRY_AT_EVENT_ONSET
A,B2,1428,0.0011,15.0,10.0,0.15,3,0.0,933.9164844888434,16.35264778137207,SEASONALLY_WET_BUT_DRY_AT_EVENT_ONSET
A,B2,1440,0.0012,15.0,8.0,0.02,3,0.0,452.76925690687085,15.676728248596191,SEASONALLY_WET_BUT_DRY_AT_EVENT_ONSET
A,B2,1441,0.0012,15.0,9.0,0.09,3,0.0,842.0213774008353,15.80155086517334,SEASONALLY_WET_BUT_DRY_AT_EVENT_ONSET
A,B2,1444,0.0016,15.0,8.5,0.035,3,0.0,1844.3969204051496,10.050079345703125,SEASONALLY_WET_BUT_DRY_AT_EVENT_ONSET
A,B2,1447,0.0027,15.0,10.0,0.15,3,0.0,2350.5318547086317,,SEASONALLY_WET_BUT_DRY_AT_EVENT_ONSET
A,B2,1457,0.0011,15.0,9.0,0.09,3,0.0,1040.096149401583,,SEASONALLY_WET_BUT_DRY_AT_EVENT_ONSET
A,B2,1463,0.0012,15.0,9.0,0.09,3,0.0,550.0909015790027,14.951286315917969,SEASONALLY_WET_BUT_DRY_AT_EVENT_ONSET
A,B2,1464,0.004,15.0,10.0,0.12,3,0.0,1012.4228365658294,15.444534301757812,SEASONALLY_WET_BUT_DRY_AT_EVENT_ONSET
A,B2,1483,0.0012,15.0,9.0,0.05,3,0.0,1506.5855435387664,10.540332794189453,SEASONALLY_WET_BUT_DRY_AT_EVENT_ONSET
A,B2,1485,0.001,15.0,8.0,0.02,3,0.0,1617.7144370994529,10.77850341796875,SEASONALLY_WET_BUT_DRY_AT_EVENT_ONSET
A,B2,1489,0.0012,15.0,10.0,0.12,3,0.0,2482.780699135548,,SEASONALLY_WET_BUT_DRY_AT_EVENT_ONSET
A,B2,1493,0.001,15.0,9.0,0.09,3,0.0,2170.0230413523263,,SEASONALLY_WET_BUT_DRY_AT_EVENT_ONSET
A,B2,1501,0.002,15.0,9.0,0.09,3,0.0,804.114419718985,14.934196472167969,SEASONALLY_WET_BUT_DRY_AT_EVENT_ONSET
A,B2,1505,0.0012,15.0,10.0,0.12,3,0.0,1658.010856418015,10.531787872314453,SEASONALLY_WET_BUT_DRY_AT_EVENT_ONSET
A,B2,1506,0.0016,15.0,9.0,0.09,3,0.0,2480.8466296810852,,SEASONALLY_WET_BUT_DRY_AT_EVENT_ONSET
A,B2,1513,0.0015,15.0,11.0,0.12,3,0.0,1530.5554547287727,10.794448852539062,SEASONALLY_WET_BUT_DRY_AT_EVENT_ONSET
A,B2,1514,0.0012,15.0,11.0,0.05,10,0.0,1521.9066988485201,10.718765258789062,SEASONALLY_WET_BUT_DRY_AT_EVENT_ONSET
A,B2,1515,0.0029,15.0,12.0,0.05,3,0.0,1510.0,10.804265975952148,SEASONALLY_WET_BUT_DRY_AT_EVENT_ONSET
A,B2,1519,0.0012,15.0,10.0,0.15,3,0.0,1839.6195258802836,10.55708122253418,SEASONALLY_WET_BUT_DRY_AT_EVENT_ONSET
A,B2,1528,0.001,15.0,10.0,0.15,6,0.0,10.0,0.0,SEASONALLY_WET_BUT_DRY_AT_EVENT_ONSET
A,B2,1529,0.0012,15.0,9.0,0.09,3,0.0,1254.1929676090517,12.644363403320312,SEASONALLY_WET_BUT_DRY_AT_EVENT_ONSET
A,B2,1530,0.0021,15.0,11.0,0.09,3,0.0,1537.3353570382747,10.881880760192871,SEASONALLY_WET_BUT_DRY_AT_EVENT_ONSET
A,B2,1548,0.0024,15.0,10.0,0.15,3,0.0,1924.2141252989493,10.645130157470703,SEASONALLY_WET_BUT_DRY_AT_EVENT_ONSET
A,B2,1554,0.001,15.0,10.0,0.15,3,0.0,2579.321616239433,,SEASONALLY_WET_BUT_DRY_AT_EVENT_ONSET
A,B2,1567,0.0024,15.0,9.5,0.12,3,0.0,898.9994438263018,15.464741706848145,SEASONALLY_WET_BUT_DRY_AT_EVENT_ONSET
A,B2,1574,0.0016,15.0,9.5,0.12,3,0.0,1714.7011401407535,11.31639289855957,SEASONALLY_WET_BUT_DRY_AT_EVENT_ONSET
A,B2,1575,0.0012,15.0,10.0,0.15,3,0.0,2126.0761980700504,11.069231986999512,SEASONALLY_WET_BUT_DRY_AT_EVENT_ONSET
A,B2,1577,0.0015,15.0,11.0,0.05,3,0.0,1925.0194804209125,,SEASONALLY_WET_BUT_DRY_AT_EVENT_ONSET
A,B2,1579,0.0013,15.0,11.0,0.05,3,0.0,1990.4019694524018,,SEASONALLY_WET_BUT_DRY_AT_EVENT_ONSET
A,B2,1582,0.0013,15.0,10.0,0.09,3,0.0,2560.0781238079435,10.006330490112305,SEASONALLY_WET_BUT_DRY_AT_EVENT_ONSET
A,B2,1586,0.0016,15.0,10.0,0.07,3,0.0,979.8979538707079,16.692228317260742,SEASONALLY_WET_BUT_DRY_AT_EVENT_ONSET
A,B2,1592,0.0011,15.0,8.0,0.02,3,0.0,2616.295090390226,,SEASONALLY_WET_BUT_DRY_AT_EVENT_ONSET
A,B2,1595,0.0018,15.0,9.5,0.12,3,0.0,2262.144999773445,,SEASONALLY_WET_BUT_DRY_AT_EVENT_ONSET
A,B2,1603,0.0024,15.0,11.0,0.07,3,0.0,1762.3280057923384,11.77798843383789,SEASONALLY_WET_BUT_DRY_AT_EVENT_ONSET
A,B2,1604,0.002,15.0,11.0,0.05,3,0.0,1730.0289014926889,11.55160903930664,SEASONALLY_WET_BUT_DRY_AT_EVENT_ONSET
A,B2,1605,0.0012,15.0,10.0,0.05,3,0.0,1782.638493918495,11.295260429382324,SEASONALLY_WET_BUT_DRY_AT_EVENT_ONSET
A,B2,1608,0.0016,15.0,10.5,0.135,3,0.0,1983.3809518093087,10.990906715393066,SEASONALLY_WET_BUT_DRY_AT_EVENT_ONSET
A,B2,1617,0.0012,15.0,10.0,0.15,3,0.0,1765.0495743746123,11.463982582092285,SEASONALLY_WET_BUT_DRY_AT_EVENT_ONSET
A,B2,1624,0.002,15.0,10.0,0.09,3,0.0,2630.0760445279907,,SEASONALLY_WET_BUT_DRY_AT_EVENT_ONSET
A,B2,1628,0.0024,15.0,10.0,0.105,3,0.0,2300.8259386576815,11.179439544677734,SEASONALLY_WET_BUT_DRY_AT_EVENT_ONSET
A,B2,1629,0.0031,15.0,11.0,0.09,3,0.0,2653.2432983049257,,SEASONALLY_WET_BUT_DRY_AT_EVENT_ONSET
A,B2,1635,0.0012,15.0,10.0,0.12,3,0.0,751.6648189186453,16.01102638244629,SEASONALLY_WET_BUT_DRY_AT_EVENT_ONSET
A,B2,1636,0.002,15.0,9.0,0.09,3,0.0,830.0602387778854,15.426810264587402,SEASONALLY_WET_BUT_DRY_AT_EVENT_ONSET
A,B2,1638,0.0012,15.0,9.0,0.09,3,0.0,1811.767093199344,11.584493637084961,SEASONALLY_WET_BUT_DRY_AT_EVENT_ONSET
A,B2,1640,0.002,15.0,8.0,0.02,3,0.0,1807.373785358192,11.820764541625977,SEASONALLY_WET_BUT_DRY_AT_EVENT_ONSET
A,B2,1644,0.0016,15.0,10.5,0.135,3,0.0,2650.4716561397145,10.456575393676758,SEASONALLY_WET_BUT_DRY_AT_EVENT_ONSET
A,B2,1653,0.0012,15.0,11.0,0.05,3,0.0,1859.3009439033801,11.676201820373535,SEASONALLY_WET_BUT_DRY_AT_EVENT_ONSET
A,B2,1655,0.0036,15.0,10.0,0.09,3,0.0,1944.2736432920137,11.793949127197266,SEASONALLY_WET_BUT_DRY_AT_EVENT_ONSET
A,B2,1669,0.0039,15.0,11.0,0.05,3,0.0,1839.8369492974098,11.701704978942871,SEASONALLY_WET_BUT_DRY_AT_EVENT_ONSET
A,B2,1680,0.0024,15.0,10.0,0.09,6,0.0,10.0,0.0,SEASONALLY_WET_BUT_DRY_AT_EVENT_ONSET
A,B2,1681,0.002,15.0,12.0,0.12,6,10.0,10.0,0.0,SEASONALLY_WET_BUT_DRY_AT_EVENT_ONSET
A,B2,1683,0.002,15.0,12.0,0.09,3,0.0,1167.6472069936194,14.34506607055664,SEASONALLY_WET_BUT_DRY_AT_EVENT_ONSET
A,B2,1686,0.0012,15.0,8.0,0.02,3,0.0,1806.931099959265,11.973833084106445,SEASONALLY_WET_BUT_DRY_AT_EVENT_ONSET
A,B2,1706,0.0012,15.0,9.0,0.09,3,0.0,1084.527546906947,15.67209529876709,SEASONALLY_WET_BUT_DRY_AT_EVENT_ONSET
A,B2,1714,0.0016,15.0,10.0,0.07,3,0.0,1284.1339493993607,13.311655044555664,SEASONALLY_WET_BUT_DRY_AT_EVENT_ONSET
A,B2,1736,0.0016,15.0,9.0,0.07,3,0.0,838.6894538504703,16.461698532104492,SEASONALLY_WET_BUT_DRY_AT_EVENT_ONSET
A,B2,1738,0.0016,15.0,12.5,0.065,3,0.0,1850.0,12.378783226013184,SEASONALLY_WET_BUT_DRY_AT_EVENT_ONSET
A,B2,1743,0.002,15.0,12.0,0.05,3,0.0,2096.520927632252,12.242466926574707,SEASONALLY_WET_BUT_DRY_AT_EVENT_ONSET
A,B2,1745,0.002,15.0,10.0,0.09,3,0.0,2196.0418939537562,11.528533935546875,SEASONALLY_WET_BUT_DRY_AT_EVENT_ONSET
A,B2,1751,0.0023,15.0,11.0,0.09,3,0.0,796.1155694998057,16.850765228271484,SEASONALLY_WET_BUT_DRY_AT_EVENT_ONSET
A,B2,1753,0.002,15.0,8.0,0.02,3,0.0,1066.6770832824711,15.437379837036133,SEASONALLY_WET_BUT_DRY_AT_EVENT_ONSET
A,B2,1754,0.007,15.0,10.0,0.07,3,0.0,1162.497311824849,14.898261070251465,SEASONALLY_WET_BUT_DRY_AT_EVENT_ONSET
A,B2,1769,0.0012,15.0,10.0,0.15,3,0.0,947.9451460923253,16.151531219482422,SEASONALLY_WET_BUT_DRY_AT_EVENT_ONSET
A,B2,1781,0.0012,15.0,8.0,0.02,3,0.0,886.0022573334675,16.481367111206055,SEASONALLY_WET_BUT_DRY_AT_EVENT_ONSET
A,B2,1785,0.0015,15.0,9.0,0.09,3,0.0,2040.245083317198,12.817215919494629,SEASONALLY_WET_BUT_DRY_AT_EVENT_ONSET
A,B2,1795,0.0012,15.0,11.0,0.135,3,0.0,2056.4532574313475,12.731321334838867,SEASONALLY_WET_BUT_DRY_AT_EVENT_ONSET
A,B2,1797,0.0016,15.0,10.0,0.12,3,0.0,2114.000946073582,13.412029266357422,SEASONALLY_WET_BUT_DRY_AT_EVENT_ONSET
A,B2,1817,0.0011,15.0,10.0,0.15,3,0.0,1145.8621208504974,15.444915771484375,SEASONALLY_WET_BUT_DRY_AT_EVENT_ONSET
A,B2,1818,0.0019,15.0,11.0,0.09,3,0.0,1395.2060779684125,12.3798189163208,SEASONALLY_WET_BUT_DRY_AT_EVENT_ONSET
A,B2,1826,0.0012,15.0,11.0,0.05,3,0.0,1035.8571330062848,16.227691650390625,SEASONALLY_WET_BUT_DRY_AT_EVENT_ONSET
A,B2,1829,0.0012,15.0,13.0,0.02,10,0.0,1847.4306482247175,11.832149505615234,SEASONALLY_WET_BUT_DRY_AT_EVENT_ONSET
A,B2,1835,0.0012,15.0,9.0,0.09,3,0.0,1643.4719346554111,,SEASONALLY_WET_BUT_DRY_AT_EVENT_ONSET
A,B2,1837,0.0015,15.0,10.0,0.09,3,0.0,1467.3104647619741,12.470450401306152,SEASONALLY_WET_BUT_DRY_AT_EVENT_ONSET
A,B2,1843,0.0012,15.0,10.0,0.09,3,0.0,3004.1637771599603,,SEASONALLY_WET_BUT_DRY_AT_EVENT_ONSET
A,B2,1846,0.0023,15.0,9.0,0.09,3,0.0,1527.3833834371774,,SEASONALLY_WET_BUT_DRY_AT_EVENT_ONSET
A,B2,1859,0.0012,15.0,9.0,0.09,3,0.0,1304.837154590564,15.378837585449219,SEASONALLY_WET_BUT_DRY_AT_EVENT_ONSET
A,B2,1860,0.0016,15.0,9.5,0.09,3,0.0,1366.5284482951683,15.207559585571289,SEASONALLY_WET_BUT_DRY_AT_EVENT_ONSET
A,B2,1879,0.0015,15.0,12.0,0.05,3,0.0,2186.7327225795107,12.990827560424805,SEASONALLY_WET_BUT_DRY_AT_EVENT_ONSET
A,B2,1882,0.0011,15.0,10.0,0.15,3,0.0,2390.0209204105304,,SEASONALLY_WET_BUT_DRY_AT_EVENT_ONSET
A,B2,1883,0.0012,15.0,9.0,0.09,3,0.0,2392.5300416086734,,SEASONALLY_WET_BUT_DRY_AT_EVENT_ONSET
A,B2,1889,0.0011,15.0,10.0,0.15,3,0.0,1498.0654191322888,12.651193618774414,SEASONALLY_WET_BUT_DRY_AT_EVENT_ONSET
A,B2,1900,0.0012,15.0,9.0,0.09,3,0.0,2175.5459085020475,13.810394287109375,SEASONALLY_WET_BUT_DRY_AT_EVENT_ONSET
A,B2,1906,0.0011,15.0,9.0,0.09,3,0.0,2398.207664069148,,SEASONALLY_WET_BUT_DRY_AT_EVENT_ONSET
A,B2,1925,0.0014,15.0,12.0,0.12,8,0.0,1895.2836199366047,12.531339645385742,SEASONALLY_WET_BUT_DRY_AT_EVENT_ONSET
A,B2,1933,0.0066,15.0,9.0,0.09,3,0.0,1582.2136391777187,14.31721305847168,SEASONALLY_WET_BUT_DRY_AT_EVENT_ONSET
A,B2,1940,0.0012,15.0,8.0,0.02,3,0.0,2506.8306683938586,,SEASONALLY_WET_BUT_DRY_AT_EVENT_ONSET
A,B2,1946,0.0028,15.0,9.0,0.09,3,0.0,1195.4078801814885,16.629772186279297,SEASONALLY_WET_BUT_DRY_AT_EVENT_ONSET
A,B2,1951,0.002,15.0,11.0,0.12,3,0.0,2894.304752440558,12.649290084838867,SEASONALLY_WET_BUT_DRY_AT_EVENT_ONSET
A,B2,1955,0.0016,15.0,10.0,0.135,3,0.0,1528.9865924853625,14.09809684753418,SEASONALLY_WET_BUT_DRY_AT_EVENT_ONSET
A,B2,1971,0.001,15.0,9.0,0.09,3,0.0,2531.600284405103,13.078256607055664,SEASONALLY_WET_BUT_DRY_AT_EVENT_ONSET
A,B2,1975,0.0024,15.0,9.0,0.07,3,0.0,2550.0,,SEASONALLY_WET_BUT_DRY_AT_EVENT_ONSET
A,B2,1977,0.0016,15.0,8.0,0.02,3,0.0,2361.7366491630687,,SEASONALLY_WET_BUT_DRY_AT_EVENT_ONSET
A,B2,1987,0.0028,15.0,10.0,0.15,3,0.0,2680.7834675706276,12.899587631225586,SEASONALLY_WET_BUT_DRY_AT_EVENT_ONSET
A,B2,1997,0.0015,15.0,10.0,0.15,3,0.0,2850.2982300103263,,SEASONALLY_WET_BUT_DRY_AT_EVENT_ONSET
A,B2,1998,0.0024,15.0,10.5,0.105,3,0.0,1570.0318468107582,14.343384742736816,SEASONALLY_WET_BUT_DRY_AT_EVENT_ONSET
A,B2,2003,0.0063,15.0,10.0,0.09,3,0.0,2937.2436058318353,13.15108585357666,SEASONALLY_WET_BUT_DRY_AT_EVENT_ONSET
A,B2,2005,0.0011,15.0,9.0,0.09,3,0.0,2684.9581002317336,,SEASONALLY_WET_BUT_DRY_AT_EVENT_ONSET
A,B2,2023,0.0012,15.0,10.0,0.09,3,0.0,2789.587783167972,13.364768981933594,SEASONALLY_WET_BUT_DRY_AT_EVENT_ONSET
A,B2,2029,0.002,15.0,8.0,0.02,3,0.0,2352.7430798963155,,SEASONALLY_WET_BUT_DRY_AT_EVENT_ONSET
A,B2,2035,0.0011,15.0,9.0,0.09,3,0.0,1454.1664278891878,16.842506408691406,SEASONALLY_WET_BUT_DRY_AT_EVENT_ONSET
A,B2,2037,0.0012,15.0,9.0,0.09,3,0.0,2743.3191575170395,,SEASONALLY_WET_BUT_DRY_AT_EVENT_ONSET
A,B2,2044,0.0012,15.0,10.0,0.09,3,0.0,1319.4695904036594,17.76047134399414,SEASONALLY_WET_BUT_DRY_AT_EVENT_ONSET
A,B2,2045,0.0018,15.0,11.0,0.12,3,0.0,1784.6568297574745,14.054176330566406,SEASONALLY_WET_BUT_DRY_AT_EVENT_ONSET
A,B2,2046,0.0017,15.0,10.0,0.12,3,0.0,1926.0841103129428,12.52374267578125,SEASONALLY_WET_BUT_DRY_AT_EVENT_ONSET
A,B2,2053,0.004,15.0,11.0,0.12,3,0.0,3074.05269961333,13.007392883300781,SEASONALLY_WET_BUT_DRY_AT_EVENT_ONSET
A,B2,2054,0.0012,15.0,9.0,0.09,3,0.0,2692.248131209306,,SEASONALLY_WET_BUT_DRY_AT_EVENT_ONSET
A,B2,2058,0.0011,15.0,8.0,0.02,3,0.0,1870.0267377767625,,SEASONALLY_WET_BUT_DRY_AT_EVENT_ONSET
A,B2,2061,0.0011,15.0,9.0,0.09,3,0.0,1522.6949793047852,17.080345153808594,SEASONALLY_WET_BUT_DRY_AT_EVENT_ONSET
A,B2,2069,0.002,15.0,9.0,0.09,3,0.0,2900.2413692656687,,SEASONALLY_WET_BUT_DRY_AT_EVENT_ONSET
A,B2,2071,0.0016,15.0,8.0,0.02,3,0.0,2017.7710474679727,,SEASONALLY_WET_BUT_DRY_AT_EVENT_ONSET
A,B2,2078,0.0012,15.0,9.0,0.09,3,0.0,1271.2985487288186,18.02233123779297,SEASONALLY_WET_BUT_DRY_AT_EVENT_ONSET
A,B2,2089,0.002,15.0,9.0,0.09,3,0.0,2717.094035914105,,SEASONALLY_WET_BUT_DRY_AT_EVENT_ONSET
A,B2,2090,0.0055,15.0,9.0,0.09,3,0.0,2338.2472067769054,,SEASONALLY_WET_BUT_DRY_AT_EVENT_ONSET
A,B2,2091,0.002,15.0,9.0,0.09,3,0.0,2232.7113561766105,,SEASONALLY_WET_BUT_DRY_AT_EVENT_ONSET
A,B2,2094,0.0019,15.0,9.0,0.09,3,0.0,2098.2373554962746,,SEASONALLY_WET_BUT_DRY_AT_EVENT_ONSET
A,B2,2097,0.0017,15.0,9.0,0.09,3,0.0,1467.2763884149435,17.959247589111328,SEASONALLY_WET_BUT_DRY_AT_EVENT_ONSET
A,B2,2102,0.0032,15.0,9.0,0.09,3,0.0,3322.5592545506242,13.023433685302734,SEASONALLY_WET_BUT_DRY_AT_EVENT_ONSET
A,B2,2106,0.0011,15.0,9.0,0.05,3,0.0,2793.313444638822,,SEASONALLY_WET_BUT_DRY_AT_EVENT_ONSET
A,B2,2107,0.0012,15.0,10.0,0.15,3,0.0,2922.7726562290127,,SEASONALLY_WET_BUT_DRY_AT_EVENT_ONSET
A,B2,2125,0.0012,15.0,11.0,0.05,3,0.0,2768.7181149405587,13.697583198547363,SEASONALLY_WET_BUT_DRY_AT_EVENT_ONSET
A,B2,2126,0.0012,15.0,11.0,0.05,3,0.0,2950.8303916016594,13.457778930664062,SEASONALLY_WET_BUT_DRY_AT_EVENT_ONSET
A,B2,2127,0.0024,15.0,10.0,0.09,3,0.0,3001.233079918986,13.402351379394531,SEASONALLY_WET_BUT_DRY_AT_EVENT_ONSET
A,B2,2132,0.0016,15.0,9.5,0.12,3,0.0,2199.136194054384,,SEASONALLY_WET_BUT_DRY_AT_EVENT_ONSET
A,B2,2141,0.0021,15.0,10.0,0.05,3,0.0,3060.228749619871,13.846284866333008,SEASONALLY_WET_BUT_DRY_AT_EVENT_ONSET
A,B2,2145,0.0012,15.0,9.0,0.09,3,0.0,2999.7666575918865,,SEASONALLY_WET_BUT_DRY_AT_EVENT_ONSET
A,B2,2147,0.0014,15.0,10.0,0.15,3,0.0,2786.574958618555,,SEASONALLY_WET_BUT_DRY_AT_EVENT_ONSET
A,B2,2162,0.0011,15.0,9.0,0.09,3,0.0,1981.1612756158947,,SEASONALLY_WET_BUT_DRY_AT_EVENT_ONSET
A,B2,2171,0.0012,15.0,9.0,0.05,3,0.0,3310.135948869774,13.20383071899414,SEASONALLY_WET_BUT_DRY_AT_EVENT_ONSET
A,B2,2176,0.001,15.0,9.0,0.09,3,0.0,2709.7785887411537,,SEASONALLY_WET_BUT_DRY_AT_EVENT_ONSET
A,B2,2179,0.0012,15.0,9.0,0.09,3,0.0,1988.4164553734713,,SEASONALLY_WET_BUT_DRY_AT_EVENT_ONSET
A,B2,2185,0.002,15.0,11.0,0.12,3,0.0,2694.921149124775,14.442806243896484,SEASONALLY_WET_BUT_DRY_AT_EVENT_ONSET
A,B2,2196,0.001,15.0,8.0,0.02,3,0.0,2059.368835347374,,SEASONALLY_WET_BUT_DRY_AT_EVENT_ONSET
A,B2,2201,0.0086,15.0,9.0,0.09,3,0.0,2096.902477465273,13.110116958618164,SEASONALLY_WET_BUT_DRY_AT_EVENT_ONSET
A,B2,2210,0.0016,15.0,9.0,0.09,3,0.0,2990.819285747636,,SEASONALLY_WET_BUT_DRY_AT_EVENT_ONSET
A,B2,2217,0.0044,15.0,9.0,0.05,3,0.0,2208.3930809527546,13.285416603088379,SEASONALLY_WET_BUT_DRY_AT_EVENT_ONSET
A,B2,2219,0.0011,15.0,10.0,0.12,3,0.0,2736.0738294132343,14.414613723754883,SEASONALLY_WET_BUT_DRY_AT_EVENT_ONSET
A,B2,2220,0.0012,15.0,11.0,0.05,3,0.0,2866.391459657944,14.020744323730469,SEASONALLY_WET_BUT_DRY_AT_EVENT_ONSET
A,B2,2224,0.0014,15.0,10.0,0.07,3,0.0,2910.6184909740405,,SEASONALLY_WET_BUT_DRY_AT_EVENT_ONSET
A,B2,2225,0.0012,15.0,8.0,0.02,3,0.0,2977.4149861918813,,SEASONALLY_WET_BUT_DRY_AT_EVENT_ONSET
A,B2,2232,0.0012,15.0,9.0,0.09,3,0.0,2505.7134712492566,13.771818161010742,SEASONALLY_WET_BUT_DRY_AT_EVENT_ONSET
A,B2,2251,0.0019,15.0,11.0,0.05,3,0.0,2347.6371099469357,13.590542793273926,SEASONALLY_WET_BUT_DRY_AT_EVENT_ONSET
A,B2,2252,0.0014,15.0,8.0,0.02,3,0.0,2412.073796549351,13.615472793579102,SEASONALLY_WET_BUT_DRY_AT_EVENT_ONSET
A,B2,2253,0.0012,15.0,11.0,0.05,8,0.0,2675.2569970004747,15.59207534790039,SEASONALLY_WET_BUT_DRY_AT_EVENT_ONSET
A,B2,2256,0.0012,15.0,10.0,0.12,3,0.0,2865.274855925693,14.66786003112793,SEASONALLY_WET_BUT_DRY_AT_EVENT_ONSET
A,B2,2259,0.0012,15.0,10.0,0.05,3,0.0,3189.890280244761,14.241488456726074,SEASONALLY_WET_BUT_DRY_AT_EVENT_ONSET
A,B2,2266,0.0021,15.0,9.0,0.09,3,0.0,2253.219918250325,,SEASONALLY_WET_BUT_DRY_AT_EVENT_ONSET
A,B2,2268,0.0012,15.0,9.0,0.09,3,0.0,2114.190152280537,,SEASONALLY_WET_BUT_DRY_AT_EVENT_ONSET
A,B2,2273,0.0016,15.0,9.5,0.09,3,0.0,3156.7388235329195,13.783257484436035,SEASONALLY_WET_BUT_DRY_AT_EVENT_ONSET
A,B2,2277,0.0024,15.0,8.0,0.02,3,0.0,2488.0916381837706,,SEASONALLY_WET_BUT_DRY_AT_EVENT_ONSET
A,B2,2278,0.002,15.0,9.0,0.09,3,0.0,2234.323163734378,,SEASONALLY_WET_BUT_DRY_AT_EVENT_ONSET
A,B2,2290,0.001,15.0,9.0,0.09,3,0.0,3169.0061533547077,,SEASONALLY_WET_BUT_DRY_AT_EVENT_ONSET
A,B2,2297,0.0012,15.0,9.0,0.09,3,0.0,1617.7144370994529,17.660511016845703,SEASONALLY_WET_BUT_DRY_AT_EVENT_ONSET
A,B2,2303,0.0012,15.0,9.0,0.09,3,0.0,3063.494736408078,,SEASONALLY_WET_BUT_DRY_AT_EVENT_ONSET
A,B2,2306,0.0014,15.0,9.0,0.09,3,0.0,3178.1283800375336,,SEASONALLY_WET_BUT_DRY_AT_EVENT_ONSET
A,B2,2308,0.0013,15.0,10.0,0.15,3,0.0,2670.0187265260893,,SEASONALLY_WET_BUT_DRY_AT_EVENT_ONSET
A,B2,2314,0.0011,15.0,8.0,0.02,3,0.0,2391.5267090291927,14.275248527526855,SEASONALLY_WET_BUT_DRY_AT_EVENT_ONSET
A,B2,2321,0.0034,15.0,9.0,0.09,3,0.0,2234.86017459706,,SEASONALLY_WET_BUT_DRY_AT_EVENT_ONSET
A,B2,2324,0.0012,15.0,8.0,0.02,3,0.0,1606.5490966665163,17.88558578491211,SEASONALLY_WET_BUT_DRY_AT_EVENT_ONSET
A,B2,2374,0.0011,15.0,9.0,0.09,3,0.0,2884.753022357373,,SEASONALLY_WET_BUT_DRY_AT_EVENT_ONSET
A,B2,2376,0.0012,15.0,9.0,0.09,3,0.0,2230.0,,SEASONALLY_WET_BUT_DRY_AT_EVENT_ONSET
A,B2,2389,0.0012,15.0,10.0,0.15,3,0.0,2290.720410700529,,SEASONALLY_WET_BUT_DRY_AT_EVENT_ONSET
A,B2,2391,0.0012,15.0,8.0,0.02,3,0.0,2253.7524265100637,,SEASONALLY_WET_BUT_DRY_AT_EVENT_ONSET
A,B2,2406,0.0012,15.0,8.0,0.02,3,0.0,3662.1578338460513,13.4921293258667,SEASONALLY_WET_BUT_DRY_AT_EVENT_ONSET
A,B2,2407,0.0015,15.0,9.0,0.09,3,0.0,3379.023527588998,,SEASONALLY_WET_BUT_DRY_AT_EVENT_ONSET
A,B2,2410,0.001,15.0,8.0,0.02,3,0.0,2805.084668953862,,SEASONALLY_WET_BUT_DRY_AT_EVENT_ONSET
A,B2,2412,0.0012,15.0,9.0,0.09,3,0.0,2299.6086623597503,,SEASONALLY_WET_BUT_DRY_AT_EVENT_ONSET
A,B2,2416,0.0012,15.0,9.0,0.05,3,0.0,2362.9219199965114,16.002182006835938,SEASONALLY_WET_BUT_DRY_AT_EVENT_ONSET
A,B2,2431,0.0011,15.0,9.0,0.09,3,0.0,3327.4164151785994,13.979706764221191,SEASONALLY_WET_BUT_DRY_AT_EVENT_ONSET
A,B2,2441,0.0013,15.0,10.0,0.09,3,0.0,3545.715724645731,14.140759468078613,SEASONALLY_WET_BUT_DRY_AT_EVENT_ONSET
A,B2,2452,0.0023,15.0,9.0,0.05,3,0.0,3300.8029326210917,,SEASONALLY_WET_BUT_DRY_AT_EVENT_ONSET
A,B2,2466,0.0011,15.0,9.0,0.09,3,0.0,2350.0212764994276,,SEASONALLY_WET_BUT_DRY_AT_EVENT_ONSET
A,B2,2475,0.0038,15.0,8.0,0.02,3,0.0,3351.686142824235,,SEASONALLY_WET_BUT_DRY_AT_EVENT_ONSET
A,B2,2480,0.0012,15.0,8.0,0.02,10,0.0,2385.330165826106,,SEASONALLY_WET_BUT_DRY_AT_EVENT_ONSET
A,B2,2483,0.0012,15.0,13.0,0.01,3,0.0,1601.8114745499859,13.511202812194824,SEASONALLY_WET_BUT_DRY_AT_EVENT_ONSET
A,B2,2489,0.0012,15.0,9.0,0.09,3,0.0,2843.1848339494218,,SEASONALLY_WET_BUT_DRY_AT_EVENT_ONSET
A,B2,2492,0.0012,15.0,9.0,0.09,3,0.0,2418.470591096778,,SEASONALLY_WET_BUT_DRY_AT_EVENT_ONSET
A,B2,2503,0.0012,15.0,9.0,0.09,3,0.0,3299.484808269315,,SEASONALLY_WET_BUT_DRY_AT_EVENT_ONSET
A,B2,2506,0.0011,15.0,9.0,0.09,3,0.0,2415.9884105682295,,SEASONALLY_WET_BUT_DRY_AT_EVENT_ONSET
A,B2,2507,0.002,15.0,9.0,0.09,3,0.0,2410.1867147588378,,SEASONALLY_WET_BUT_DRY_AT_EVENT_ONSET
A,B2,2508,0.002,15.0,8.0,0.02,3,0.0,2427.385424690525,,SEASONALLY_WET_BUT_DRY_AT_EVENT_ONSET
A,B2,2528,0.0015,15.0,8.0,0.02,3,0.0,3747.025486969631,13.88938045501709,SEASONALLY_WET_BUT_DRY_AT_EVENT_ONSET
A,B2,2538,0.001,15.0,9.0,0.09,3,0.0,2778.5247884444007,14.91463851928711,SEASONALLY_WET_BUT_DRY_AT_EVENT_ONSET
A,B2,2541,0.0049,15.0,8.0,0.02,3,0.0,3808.6480541000374,13.732234001159668,SEASONALLY_WET_BUT_DRY_AT_EVENT_ONSET
A,B2,2542,0.001,15.0,10.0,0.09,3,0.0,3399.838231445726,,SEASONALLY_WET_BUT_DRY_AT_EVENT_ONSET
A,B2,2546,0.0023,15.0,9.0,0.09,3,0.0,3412.477106150311,,SEASONALLY_WET_BUT_DRY_AT_EVENT_ONSET
A,B2,2551,0.0012,15.0,9.0,0.09,3,0.0,2478.911051248108,,SEASONALLY_WET_BUT_DRY_AT_EVENT_ONSET
A,B2,2554,0.0012,15.0,9.0,0.09,8,0.0,1882.817038376273,14.421274185180664,SEASONALLY_WET_BUT_DRY_AT_EVENT_ONSET
A,B2,2556,0.0012,15.0,10.0,0.15,3,0.0,3371.7947743004765,,SEASONALLY_WET_BUT_DRY_AT_EVENT_ONSET
A,B2,2557,0.0012,15.0,9.0,0.09,3,0.0,2498.839730755056,,SEASONALLY_WET_BUT_DRY_AT_EVENT_ONSET
A,B2,2558,0.0012,15.0,8.0,0.02,3,0.0,2493.3912649241397,,SEASONALLY_WET_BUT_DRY_AT_EVENT_ONSET
A,B2,2563,0.0028,15.0,12.0,0.05,8,0.0,1739.7126199461795,13.696858406066895,SEASONALLY_WET_BUT_DRY_AT_EVENT_ONSET
A,B2,2568,0.0012,15.0,10.0,0.15,3,0.0,3459.50863563021,,SEASONALLY_WET_BUT_DRY_AT_EVENT_ONSET
A,B2,2569,0.0016,15.0,10.0,0.15,3,0.0,3414.7035010378277,,SEASONALLY_WET_BUT_DRY_AT_EVENT_ONSET
A,B2,2570,0.001,15.0,9.0,0.09,3,0.0,3392.8896239046744,,SEASONALLY_WET_BUT_DRY_AT_EVENT_ONSET
A,B2,2574,0.0013,15.0,10.0,0.15,3,0.0,2534.284909002932,,SEASONALLY_WET_BUT_DRY_AT_EVENT_ONSET
A,B2,2582,0.0027,15.0,10.0,0.15,3,0.0,3781.137395017536,13.977729797363281,SEASONALLY_WET_BUT_DRY_AT_EVENT_ONSET
A,B2,2583,0.0024,15.0,9.0,0.09,3,0.0,3823.7416230702615,,SEASONALLY_WET_BUT_DRY_AT_EVENT_ONSET
A,B2,2584,0.0012,15.0,8.0,0.02,3,0.0,3524.2304124446805,,SEASONALLY_WET_BUT_DRY_AT_EVENT_ONSET
A,B2,2593,0.0012,15.0,10.0,0.15,3,0.0,1576.1345120261785,13.152888298034668,SEASONALLY_WET_BUT_DRY_AT_EVENT_ONSET
A,B2,2598,0.0016,15.0,8.0,0.02,3,0.0,3483.8197427536347,,SEASONALLY_WET_BUT_DRY_AT_EVENT_ONSET
A,B2,2607,0.0016,15.0,10.0,0.05,3,0.0,3522.3003846918,,SEASONALLY_WET_BUT_DRY_AT_EVENT_ONSET
A,B2,2610,0.0011,15.0,8.0,0.02,3,0.0,2624.080791439166,,SEASONALLY_WET_BUT_DRY_AT_EVENT_ONSET
A,B2,2611,0.0016,15.0,8.0,0.02,3,0.0,2602.498799231231,,SEASONALLY_WET_BUT_DRY_AT_EVENT_ONSET
A,B2,2617,0.0024,15.0,9.0,0.09,3,0.0,1438.401890988746,13.156326293945312,SEASONALLY_WET_BUT_DRY_AT_EVENT_ONSET
A,B2,2619,0.0017,15.0,9.0,0.09,3,0.0,3739.652390263031,14.044251441955566,SEASONALLY_WET_BUT_DRY_AT_EVENT_ONSET
A,B2,2620,0.001,15.0,9.0,0.09,3,0.0,3810.852922903218,14.057518005371094,SEASONALLY_WET_BUT_DRY_AT_EVENT_ONSET
A,B2,2621,0.0013,15.0,10.0,0.05,3,0.0,3842.52521136817,13.961627006530762,SEASONALLY_WET_BUT_DRY_AT_EVENT_ONSET
A,B2,2624,0.0036,15.0,10.0,0.15,3,0.0,3859.663197741482,,SEASONALLY_WET_BUT_DRY_AT_EVENT_ONSET
A,B2,2628,0.0012,15.0,8.0,0.02,3,0.0,3592.798352259698,,SEASONALLY_WET_BUT_DRY_AT_EVENT_ONSET
A,B2,2634,0.0012,15.0,12.0,0.09,8,0.0,2196.952434623927,15.21641731262207,SEASONALLY_WET_BUT_DRY_AT_EVENT_ONSET
A,B2,2648,0.0016,15.0,10.0,0.05,3,0.0,3621.077187799233,,SEASONALLY_WET_BUT_DRY_AT_EVENT_ONSET
A,B2,2650,0.0015,15.0,8.0,0.02,3,0.0,3518.1955602268613,,SEASONALLY_WET_BUT_DRY_AT_EVENT_ONSET
A,B2,2663,0.0018,15.0,9.0,0.05,3,0.0,1474.1099009232655,13.169711112976074,SEASONALLY_WET_BUT_DRY_AT_EVENT_ONSET
A,B2,2669,0.0016,15.0,9.0,0.07,3,0.0,3946.9735241067933,13.834440231323242,SEASONALLY_WET_BUT_DRY_AT_EVENT_ONSET
A,B2,2670,0.0015,15.0,10.0,0.15,3,0.0,3706.4538308199662,,SEASONALLY_WET_BUT_DRY_AT_EVENT_ONSET
A,B2,2690,0.0028,15.0,13.0,0.01,8,0.0,1635.1758315239374,13.869131088256836,SEASONALLY_WET_BUT_DRY_AT_EVENT_ONSET
A,B2,2700,0.0019,15.0,10.0,0.05,3,0.0,4096.950085124298,,SEASONALLY_WET_BUT_DRY_AT_EVENT_ONSET
A,B2,2704,0.0012,15.0,9.0,0.09,3,0.0,3593.466293149276,,SEASONALLY_WET_BUT_DRY_AT_EVENT_ONSET
A,B2,2713,0.0014,15.0,9.5,0.105,3,0.0,1589.0248582070703,13.704389572143555,SEASONALLY_WET_BUT_DRY_AT_EVENT_ONSET
A,B2,2722,0.0011,15.0,9.0,0.09,3,0.0,3626.0446770551516,,SEASONALLY_WET_BUT_DRY_AT_EVENT_ONSET
A,B2,2730,0.0022,15.0,10.5,0.05,3,0.0,1079.3516572461451,16.465951919555664,SEASONALLY_WET_BUT_DRY_AT_EVENT_ONSET
A,B2,2738,0.001,15.0,9.0,0.09,3,0.0,2749.872724327437,,SEASONALLY_WET_BUT_DRY_AT_EVENT_ONSET
A,B2,2743,0.0012,15.0,9.0,0.09,3,0.0,1333.0416347586447,13.418440818786621,SEASONALLY_WET_BUT_DRY_AT_EVENT_ONSET
A,B2,2751,0.0015,15.0,10.0,0.15,3,0.0,3710.76811455526,,SEASONALLY_WET_BUT_DRY_AT_EVENT_ONSET
A,B2,2757,0.001,15.0,9.0,0.09,3,0.0,3694.996617048519,,SEASONALLY_WET_BUT_DRY_AT_EVENT_ONSET
A,B2,2776,0.0016,15.0,10.5,0.05,3,0.0,4110.304125000971,,SEASONALLY_WET_BUT_DRY_AT_EVENT_ONSET
A,B2,2783,0.002,15.0,10.0,0.15,3,0.0,2770.1624501101014,,SEASONALLY_WET_BUT_DRY_AT_EVENT_ONSET
A,B2,2800,0.0016,11.0,6.5,0.08,3,0.0,1070.046727951635,0.0,SEASONALLY_WET_BUT_DRY_AT_EVENT_ONSET
A,B2,2814,0.0011,15.0,9.0,0.09,3,0.0,2810.4448046528155,14.502941131591797,SEASONALLY_WET_BUT_DRY_AT_EVENT_ONSET
A,B2,2825,0.0028,15.0,10.0,0.15,3,0.0,1530.0326793895613,13.605489730834961,SEASONALLY_WET_BUT_DRY_AT_EVENT_ONSET
A,B2,2834,0.0012,15.0,11.0,0.05,3,0.0,3754.703716673261,,SEASONALLY_WET_BUT_DRY_AT_EVENT_ONSET
A,B2,2835,0.0011,15.0,10.0,0.15,3,0.0,3730.3351055903813,,SEASONALLY_WET_BUT_DRY_AT_EVENT_ONSET
A,B2,2849,0.0012,15.0,9.0,0.09,3,0.0,3750.3333185198353,,SEASONALLY_WET_BUT_DRY_AT_EVENT_ONSET
A,B2,2852,0.001,15.0,8.0,0.02,3,0.0,2870.853531617383,,SEASONALLY_WET_BUT_DRY_AT_EVENT_ONSET
A,B2,2856,0.0011,15.0,12.0,0.12,3,0.0,1190.0420160649792,13.723788261413574,SEASONALLY_WET_BUT_DRY_AT_EVENT_ONSET
A,B2,2859,0.0012,15.0,12.0,0.05,3,0.0,2078.701517774979,15.064717292785645,SEASONALLY_WET_BUT_DRY_AT_EVENT_ONSET
A,B2,2861,0.0012,15.0,10.0,0.15,3,0.0,4011.807572653504,14.248647689819336,SEASONALLY_WET_BUT_DRY_AT_EVENT_ONSET
A,B2,2871,0.0012,15.0,10.0,0.15,3,0.0,1572.5775020646836,13.797384262084961,SEASONALLY_WET_BUT_DRY_AT_EVENT_ONSET
A,B2,2879,0.0011,15.0,9.0,0.09,3,0.0,3798.236432872498,,SEASONALLY_WET_BUT_DRY_AT_EVENT_ONSET
A,B2,2889,0.0012,15.0,11.0,0.05,3,0.0,1954.7378340841515,15.146651268005371,SEASONALLY_WET_BUT_DRY_AT_EVENT_ONSET
A,B2,2891,0.0023,15.0,9.0,0.09,3,0.0,2787.723085243583,14.546374320983887,SEASONALLY_WET_BUT_DRY_AT_EVENT_ONSET
A,B2,2893,0.0013,15.0,8.0,0.02,3,0.0,3323.6425800618213,14.861088752746582,SEASONALLY_WET_BUT_DRY_AT_EVENT_ONSET
A,B2,2899,0.0012,15.0,10.0,0.05,3,0.0,3895.1508314826524,,SEASONALLY_WET_BUT_DRY_AT_EVENT_ONSET
A,B2,2909,0.0056,15.0,9.0,0.09,3,0.0,1468.1280598094977,13.97623348236084,SEASONALLY_WET_BUT_DRY_AT_EVENT_ONSET
A,B2,2936,0.0044,15.0,8.0,0.02,3,0.0,1685.7639217873896,14.158181190490723,SEASONALLY_WET_BUT_DRY_AT_EVENT_ONSET
A,B2,2940,0.0018,15.0,11.0,0.05,3,0.0,3932.8615536273333,14.476839065551758,SEASONALLY_WET_BUT_DRY_AT_EVENT_ONSET
A,B2,2947,0.0017,11.0,6.0,0.08,3,0.0,970.4638066409278,0.0,SEASONALLY_WET_BUT_DRY_AT_EVENT_ONSET
A,B2,2948,0.0012,15.0,11.0,0.05,10,0.0,827.6472678623425,16.25145721435547,SEASONALLY_WET_BUT_DRY_AT_EVENT_ONSET
A,B2,2957,0.0012,15.0,9.0,0.09,3,0.0,3083.6666486505965,,SEASONALLY_WET_BUT_DRY_AT_EVENT_ONSET
A,B2,2974,0.0012,15.0,12.0,0.12,3,0.0,1061.0372283760828,14.158246994018555,SEASONALLY_WET_BUT_DRY_AT_EVENT_ONSET
A,B2,2978,0.0011,15.0,9.0,0.09,3,0.0,4318.448795574634,,SEASONALLY_WET_BUT_DRY_AT_EVENT_ONSET
A,B2,2984,0.0012,15.0,10.0,0.15,3,0.0,4014.2994407492824,,SEASONALLY_WET_BUT_DRY_AT_EVENT_ONSET
A,B2,2992,0.0015,11.0,7.0,0.17,3,0.0,1036.9667304209909,0.0,SEASONALLY_WET_BUT_DRY_AT_EVENT_ONSET
A,B2,2994,0.0012,15.0,11.0,0.09,3,0.0,802.6207074328447,16.5122127532959,SEASONALLY_WET_BUT_DRY_AT_EVENT_ONSET
A,B2,2996,0.0038,15.0,9.0,0.09,3,0.0,1682.4089871371941,14.447786331176758,SEASONALLY_WET_BUT_DRY_AT_EVENT_ONSET
A,B2,3003,0.0013,15.0,8.0,0.02,3,0.0,4013.302879175704,,SEASONALLY_WET_BUT_DRY_AT_EVENT_ONSET
A,B2,3022,0.0012,15.0,10.0,0.15,1,7.0,10.0,0.14799153804779053,SEASONALLY_WET_BUT_DRY_AT_EVENT_ONSET
A,B2,3023,0.002,15.0,10.0,0.09,3,0.0,1058.0170130957251,14.270187377929688,SEASONALLY_WET_BUT_DRY_AT_EVENT_ONSET
A,B2,3024,0.002,15.0,11.0,0.09,3,0.0,1381.9551367537226,14.520946502685547,SEASONALLY_WET_BUT_DRY_AT_EVENT_ONSET
A,B2,3043,0.001,15.0,12.0,0.05,3,0.0,664.0783086353597,15.322586059570312,SEASONALLY_WET_BUT_DRY_AT_EVENT_ONSET
A,B2,3046,0.0012,15.0,9.0,0.05,3,0.0,1619.1973320136121,14.201530456542969,SEASONALLY_WET_BUT_DRY_AT_EVENT_ONSET
A,B2,3051,0.0036,15.0,9.0,0.09,3,0.0,4031.6001785891417,14.815711975097656,SEASONALLY_WET_BUT_DRY_AT_EVENT_ONSET
A,B2,3053,0.004,15.0,11.0,0.05,3,0.0,4359.380689960444,,SEASONALLY_WET_BUT_DRY_AT_EVENT_ONSET
A,B2,3054,0.0014,15.0,9.0,0.09,3,0.0,4035.17038054157,,SEASONALLY_WET_BUT_DRY_AT_EVENT_ONSET
A,B2,3057,0.0012,15.0,8.0,0.02,3,0.0,3132.6985172531363,,SEASONALLY_WET_BUT_DRY_AT_EVENT_ONSET
A,B2,3061,0.0011,11.0,7.0,0.17,3,0.0,1110.045044131093,0.0,SEASONALLY_WET_BUT_DRY_AT_EVENT_ONSET
A,B2,3068,0.0024,15.0,10.0,0.15,3,0.0,1549.5160534825059,14.125741958618164,SEASONALLY_WET_BUT_DRY_AT_EVENT_ONSET
A,B2,3075,0.0018,15.0,8.0,0.02,3,0.0,4036.5579396312396,,SEASONALLY_WET_BUT_DRY_AT_EVENT_ONSET
A,B2,3082,0.0027,15.0,9.0,0.09,3,0.0,1580.9490820390135,14.777260780334473,SEASONALLY_WET_BUT_DRY_AT_EVENT_ONSET
A,B2,3089,0.002,15.0,11.0,0.05,3,0.0,557.3149917237109,14.005824089050293,SEASONALLY_WET_BUT_DRY_AT_EVENT_ONSET
A,B2,3130,0.0016,15.0,10.0,0.135,3,0.0,602.162768692984,16.39480972290039,SEASONALLY_WET_BUT_DRY_AT_EVENT_ONSET
A,B2,3131,0.001,15.0,9.0,0.09,3,0.0,3720.013440835933,14.855405807495117,SEASONALLY_WET_BUT_DRY_AT_EVENT_ONSET
A,B2,3133,0.0019,15.0,10.0,0.15,3,0.0,4593.14706927614,,SEASONALLY_WET_BUT_DRY_AT_EVENT_ONSET
A,B2,3139,0.0012,15.0,8.0,0.02,3,0.0,3810.852922903218,,SEASONALLY_WET_BUT_DRY_AT_EVENT_ONSET
A,B2,3142,0.0015,15.0,9.0,0.09,3,0.0,3266.7108840544797,,SEASONALLY_WET_BUT_DRY_AT_EVENT_ONSET
A,B2,3152,0.0027,15.0,14.0,0.12,3,0.0,1816.865432551349,15.91734790802002,SEASONALLY_WET_BUT_DRY_AT_EVENT_ONSET
A,B2,3155,0.0018,15.0,9.0,0.09,3,0.0,3612.3261203828206,14.907357215881348,SEASONALLY_WET_BUT_DRY_AT_EVENT_ONSET
A,B2,3160,0.0011,15.0,10.0,0.09,3,0.0,4015.1961346863245,,SEASONALLY_WET_BUT_DRY_AT_EVENT_ONSET
A,B2,3173,0.002,15.0,10.0,0.15,3,0.0,4166.173304124542,,SEASONALLY_WET_BUT_DRY_AT_EVENT_ONSET
A,B2,3176,0.0016,15.0,9.0,0.09,3,0.0,3323.4018715767734,,SEASONALLY_WET_BUT_DRY_AT_EVENT_ONSET
A,B2,3183,0.0016,15.0,9.0,0.09,3,0.0,1525.0573759698354,15.285844802856445,SEASONALLY_WET_BUT_DRY_AT_EVENT_ONSET
A,B2,3187,0.0015,15.0,10.0,0.15,3,0.0,4267.57542405521,,SEASONALLY_WET_BUT_DRY_AT_EVENT_ONSET
A,B2,3224,0.0014,15.0,10.0,0.12,3,0.0,373.36309405188945,13.49498462677002,SEASONALLY_WET_BUT_DRY_AT_EVENT_ONSET
A,B2,3227,0.002,15.0,9.0,0.09,3,0.0,3782.5123925771873,15.002140045166016,SEASONALLY_WET_BUT_DRY_AT_EVENT_ONSET
A,B2,3228,0.0012,15.0,9.0,0.09,3,0.0,4294.67111662814,,SEASONALLY_WET_BUT_DRY_AT_EVENT_ONSET
A,B2,3245,0.0012,15.0,11.0,0.05,3,0.0,3732.693397534815,15.03031063079834,SEASONALLY_WET_BUT_DRY_AT_EVENT_ONSET
A,B2,3247,0.007,15.0,9.0,0.09,3,0.0,4479.754457556798,,SEASONALLY_WET_BUT_DRY_AT_EVENT_ONSET
A,B2,3257,0.0013,11.0,8.0,0.12,3,0.0,907.8546139112804,0.0,SEASONALLY_WET_BUT_DRY_AT_EVENT_ONSET
A,B2,3260,0.0016,15.0,9.5,0.09,3,0.0,4244.4552065017715,,SEASONALLY_WET_BUT_DRY_AT_EVENT_ONSET
A,B2,3261,0.0032,15.0,9.0,0.09,3,0.0,4391.651170118137,,SEASONALLY_WET_BUT_DRY_AT_EVENT_ONSET
A,B2,3274,0.0015,15.0,9.0,0.09,3,0.0,1244.588285337766,15.348512649536133,SEASONALLY_WET_BUT_DRY_AT_EVENT_ONSET
A,B2,3279,0.0041,15.0,10.0,0.05,3,0.0,4290.104893822528,,SEASONALLY_WET_BUT_DRY_AT_EVENT_ONSET
A,B2,3285,0.001,15.0,9.0,0.09,3,0.0,4563.2554169145515,,SEASONALLY_WET_BUT_DRY_AT_EVENT_ONSET
A,B2,3308,0.0028,15.0,10.0,0.12,3,0.0,281.7800560721074,13.556403160095215,SEASONALLY_WET_BUT_DRY_AT_EVENT_ONSET
A,B2,3322,0.0015,15.0,11.0,0.05,10,0.0,361.24783736376884,14.84988784790039,SEASONALLY_WET_BUT_DRY_AT_EVENT_ONSET
A,B2,3323,0.0016,15.0,9.0,0.09,3,0.0,559.4640292279746,15.764257431030273,SEASONALLY_WET_BUT_DRY_AT_EVENT_ONSET
A,B2,3328,0.0016,15.0,9.5,0.12,3,0.0,4861.460685843299,,SEASONALLY_WET_BUT_DRY_AT_EVENT_ONSET
A,B2,3350,0.0016,15.0,10.0,0.12,3,0.0,1345.2880732393342,15.532291412353516,SEASONALLY_WET_BUT_DRY_AT_EVENT_ONSET
A,B2,3354,0.0018,15.0,8.0,0.02,3,0.0,4166.173304124542,,SEASONALLY_WET_BUT_DRY_AT_EVENT_ONSET
A,B2,3368,0.0168,15.0,9.0,0.09,3,0.0,2222.6560687609767,15.472245216369629,SEASONALLY_WET_BUT_DRY_AT_EVENT_ONSET
A,B2,3370,0.0016,15.0,8.5,0.055,3,0.0,4392.561894839958,,SEASONALLY_WET_BUT_DRY_AT_EVENT_ONSET
A,B2,3386,0.0012,15.0,10.0,0.15,3,0.0,4285.720476186006,,SEASONALLY_WET_BUT_DRY_AT_EVENT_ONSET
A,B2,3407,0.0048,15.0,9.0,0.07,3,0.0,4639.849135478436,,SEASONALLY_WET_BUT_DRY_AT_EVENT_ONSET
A,B2,3417,0.0028,15.0,10.0,0.05,10,0.0,2152.4404753674376,15.547662734985352,SEASONALLY_WET_BUT_DRY_AT_EVENT_ONSET
A,B2,3435,0.0012,15.0,9.0,0.09,3,0.0,4512.493767308715,,SEASONALLY_WET_BUT_DRY_AT_EVENT_ONSET
A,B2,3464,0.0012,15.0,11.0,0.05,3,0.0,284.60498941515414,0.7318335771560669,SEASONALLY_WET_BUT_DRY_AT_EVENT_ONSET
A,B2,3474,0.0015,15.0,10.0,0.15,3,0.0,4751.778614371676,,SEASONALLY_WET_BUT_DRY_AT_EVENT_ONSET
A,B2,3478,0.0011,15.0,8.0,0.02,6,0.0,10.0,0.0,SEASONALLY_WET_BUT_DRY_AT_EVENT_ONSET
A,B2,3481,0.0016,15.0,10.5,0.135,10,0.0,976.2171889492624,15.709693908691406,SEASONALLY_WET_BUT_DRY_AT_EVENT_ONSET
A,B2,3489,0.0012,15.0,9.0,0.09,3,0.0,4086.7835763592866,,SEASONALLY_WET_BUT_DRY_AT_EVENT_ONSET
A,B2,3496,0.0012,15.0,8.0,0.02,3,0.0,4496.776623315862,,SEASONALLY_WET_BUT_DRY_AT_EVENT_ONSET
A,B2,3503,0.0023,15.0,9.0,0.09,3,0.0,291.547594742265,0.0,SEASONALLY_WET_BUT_DRY_AT_EVENT_ONSET
A,B2,3505,0.0012,15.0,8.0,0.02,3,0.0,764.8529270389178,5.522530555725098,SEASONALLY_WET_BUT_DRY_AT_EVENT_ONSET
A,B2,3506,0.0016,15.0,10.0,0.07,3,0.0,271.6615541441225,14.094188690185547,SEASONALLY_WET_BUT_DRY_AT_EVENT_ONSET
A,B2,3509,0.0016,15.0,9.0,0.035,3,0.0,1931.2690128513946,15.592941284179688,SEASONALLY_WET_BUT_DRY_AT_EVENT_ONSET
A,B2,3513,0.0012,15.0,8.0,0.02,3,0.0,4726.457447179653,,SEASONALLY_WET_BUT_DRY_AT_EVENT_ONSET
A,B2,3523,0.0066,15.0,10.0,0.09,3,0.0,271.6615541441225,0.0,SEASONALLY_WET_BUT_DRY_AT_EVENT_ONSET
A,B2,3533,0.0012,15.0,9.0,0.05,3,0.0,4233.414697380827,,SEASONALLY_WET_BUT_DRY_AT_EVENT_ONSET
A,B2,3544,0.1022,15.0,10.0,0.09,3,0.0,470.0,6.400305271148682,SEASONALLY_WET_BUT_DRY_AT_EVENT_ONSET
A,B2,3545,0.0012,15.0,8.0,0.02,3,0.0,930.0537618869137,15.80286979675293,SEASONALLY_WET_BUT_DRY_AT_EVENT_ONSET
A,B2,3558,0.0012,15.0,9.0,0.09,3,0.0,891.4033879226621,16.06901741027832,SEASONALLY_WET_BUT_DRY_AT_EVENT_ONSET
A,B2,3561,0.0021,15.0,8.0,0.02,3,0.0,2161.7122842783683,15.527865409851074,SEASONALLY_WET_BUT_DRY_AT_EVENT_ONSET
A,B2,3564,0.0028,15.0,10.0,0.05,3,0.0,4405.01986374636,,SEASONALLY_WET_BUT_DRY_AT_EVENT_ONSET
A,B2,3566,0.002,15.0,10.0,0.15,3,0.0,4850.45358703699,,SEASONALLY_WET_BUT_DRY_AT_EVENT_ONSET
A,B2,3572,0.0026,15.0,11.0,0.12,3,0.0,221.35943621178654,2.022491216659546,SEASONALLY_WET_BUT_DRY_AT_EVENT_ONSET
A,B2,3573,0.0012,15.0,9.0,0.09,3,0.0,290.0,13.84262752532959,SEASONALLY_WET_BUT_DRY_AT_EVENT_ONSET
A,B2,3580,0.0012,15.0,10.0,0.15,3,0.0,4283.4798937312635,,SEASONALLY_WET_BUT_DRY_AT_EVENT_ONSET
A,B2,3582,0.0018,15.0,10.0,0.15,3,0.0,5015.755177438388,,SEASONALLY_WET_BUT_DRY_AT_EVENT_ONSET
A,B2,3585,0.0012,15.0,8.0,0.02,3,0.0,3863.4958263210274,,SEASONALLY_WET_BUT_DRY_AT_EVENT_ONSET
A,B2,3596,0.0016,15.0,11.5,0.085,3,0.0,3306.5087327875,15.440526008605957,SEASONALLY_WET_BUT_DRY_AT_EVENT_ONSET
A,B2,3605,0.0017,15.0,9.0,0.09,3,0.0,354.682957019364,0.0,SEASONALLY_WET_BUT_DRY_AT_EVENT_ONSET
A,B2,3616,0.0027,15.0,10.0,0.09,3,0.0,2644.5793616376877,15.443133354187012,SEASONALLY_WET_BUT_DRY_AT_EVENT_ONSET
A,B2,3617,0.0012,15.0,10.0,0.15,3,0.0,4717.732506194051,,SEASONALLY_WET_BUT_DRY_AT_EVENT_ONSET
A,B2,3622,0.0027,15.0,10.0,0.05,3,0.0,2754.0878707840825,15.386832237243652,SEASONALLY_WET_BUT_DRY_AT_EVENT_ONSET
A,B2,3625,0.0012,15.0,9.0,0.09,3,0.0,3597.8048863160993,15.439560890197754,SEASONALLY_WET_BUT_DRY_AT_EVENT_ONSET
A,B2,3631,0.0011,15.0,10.0,0.15,3,7.0,86.02325267042627,0.15369999408721924,SEASONALLY_WET_BUT_DRY_AT_EVENT_ONSET
A,B2,3637,0.0054,15.0,9.0,0.09,3,0.0,930.0,6.362837314605713,SEASONALLY_WET_BUT_DRY_AT_EVENT_ONSET
A,B2,3640,0.0031,15.0,8.0,0.02,3,0.0,2227.3302404448245,15.458373069763184,SEASONALLY_WET_BUT_DRY_AT_EVENT_ONSET
A,B2,3643,0.002,15.0,9.0,0.09,3,0.0,4224.523641784953,,SEASONALLY_WET_BUT_DRY_AT_EVENT_ONSET
A,B2,3663,0.0015,15.0,8.0,0.02,3,0.0,770.0,16.262470245361328,SEASONALLY_WET_BUT_DRY_AT_EVENT_ONSET
A,B2,3673,0.002,15.0,9.0,0.05,3,0.0,711.1961754677818,0.0,SEASONALLY_WET_BUT_DRY_AT_EVENT_ONSET
A,B2,3674,0.0012,15.0,14.0,0.08,3,0.0,521.7278984298232,0.0,SEASONALLY_WET_BUT_DRY_AT_EVENT_ONSET
A,B2,3679,0.0019,15.0,9.0,0.09,8,0.0,710.0704190430693,16.208839416503906,SEASONALLY_WET_BUT_DRY_AT_EVENT_ONSET
A,B2,3682,0.0033,15.0,9.0,0.09,3,0.0,4072.370317149461,,SEASONALLY_WET_BUT_DRY_AT_EVENT_ONSET
A,B2,3683,0.0012,15.0,8.0,0.02,3,0.0,4551.593127686173,,SEASONALLY_WET_BUT_DRY_AT_EVENT_ONSET
A,B2,3690,0.002,15.0,8.0,0.02,8,0.0,708.3784299369936,2.220987319946289,SEASONALLY_WET_BUT_DRY_AT_EVENT_ONSET
A,B2,3696,0.0018,15.0,9.0,0.09,3,0.0,810.0617260431454,16.889816284179688,SEASONALLY_WET_BUT_DRY_AT_EVENT_ONSET
A,B2,3701,0.0172,15.0,9.0,0.09,3,0.0,4202.154209450196,,SEASONALLY_WET_BUT_DRY_AT_EVENT_ONSET
A,B2,3702,0.0031,15.0,9.0,0.09,3,0.0,4427.301661283089,,SEASONALLY_WET_BUT_DRY_AT_EVENT_ONSET
A,B2,3704,0.0012,15.0,11.0,0.05,3,0.0,4832.908027264744,,SEASONALLY_WET_BUT_DRY_AT_EVENT_ONSET
A,B2,3707,0.0018,15.0,8.0,0.02,3,0.0,592.283715798434,0.0,SEASONALLY_WET_BUT_DRY_AT_EVENT_ONSET
A,B2,3712,0.0294,15.0,10.0,0.09,3,0.0,793.0952023559341,7.073772430419922,SEASONALLY_WET_BUT_DRY_AT_EVENT_ONSET
A,B2,3716,0.002,15.0,8.0,0.02,3,0.0,1623.884232326923,16.12381362915039,SEASONALLY_WET_BUT_DRY_AT_EVENT_ONSET
A,B2,3732,0.0079,15.0,11.0,0.09,3,0.0,580.5170109479997,0.0,SEASONALLY_WET_BUT_DRY_AT_EVENT_ONSET
A,B2,3735,0.0049,15.0,9.0,0.05,3,0.0,1030.0,6.229451656341553,SEASONALLY_WET_BUT_DRY_AT_EVENT_ONSET
A,B2,3739,0.0012,15.0,13.0,0.01,10,0.0,823.7718130647589,16.770076751708984,SEASONALLY_WET_BUT_DRY_AT_EVENT_ONSET
A,B2,3743,0.0012,15.0,9.0,0.09,3,0.0,2661.0148440021903,15.454062461853027,SEASONALLY_WET_BUT_DRY_AT_EVENT_ONSET
A,B2,3746,0.0011,15.0,9.0,0.09,3,0.0,281.7800560721074,0.0,SEASONALLY_WET_BUT_DRY_AT_EVENT_ONSET
A,B2,3750,0.0011,15.0,9.0,0.09,3,0.0,834.8652585896721,0.0,SEASONALLY_WET_BUT_DRY_AT_EVENT_ONSET
A,B2,3753,0.0022,15.0,9.0,0.09,3,0.0,470.0,0.0,SEASONALLY_WET_BUT_DRY_AT_EVENT_ONSET
A,B2,3755,0.0035,15.0,10.0,0.09,3,0.0,30.0,0.0,SEASONALLY_WET_BUT_DRY_AT_EVENT_ONSET
A,B2,3758,0.0012,15.0,11.0,0.12,3,0.0,1489.2279879185726,16.02219009399414,SEASONALLY_WET_BUT_DRY_AT_EVENT_ONSET
A,B2,3762,0.0051,15.0,9.0,0.09,3,0.0,4514.177665976385,,SEASONALLY_WET_BUT_DRY_AT_EVENT_ONSET
A,B2,3770,0.0016,15.0,8.0,0.02,3,0.0,710.0,0.0,SEASONALLY_WET_BUT_DRY_AT_EVENT_ONSET
A,B2,3772,0.002,15.0,10.0,0.15,3,0.0,550.0909015790027,0.0,SEASONALLY_WET_BUT_DRY_AT_EVENT_ONSET
A,B2,3787,0.0012,14.0,8.0,0.13,3,0.0,192.35384061671343,0.0,SEASONALLY_WET_BUT_DRY_AT_EVENT_ONSET
A,B2,3788,0.0011,15.0,12.0,0.09,3,0.0,410.1219330881975,0.0,SEASONALLY_WET_BUT_DRY_AT_EVENT_ONSET
A,B2,3793,0.0021,15.0,8.0,0.02,3,0.0,619.8386886924694,16.693225860595703,SEASONALLY_WET_BUT_DRY_AT_EVENT_ONSET
A,B2,3794,0.0012,15.0,9.0,0.09,10,0.0,702.1395872616783,17.08962631225586,SEASONALLY_WET_BUT_DRY_AT_EVENT_ONSET
A,B2,3803,0.0012,15.0,10.0,0.09,3,0.0,604.1522986797286,0.0,SEASONALLY_WET_BUT_DRY_AT_EVENT_ONSET
A,B2,3810,0.0016,15.0,9.5,0.12,3,0.0,3523.2087647484077,15.337656021118164,SEASONALLY_WET_BUT_DRY_AT_EVENT_ONSET
A,B2,3813,0.0012,15.0,10.0,0.15,3,0.0,4068.734446974882,,SEASONALLY_WET_BUT_DRY_AT_EVENT_ONSET
A,B2,3814,0.0011,15.0,9.0,0.09,8,0.0,659.2419889539804,0.0,SEASONALLY_WET_BUT_DRY_AT_EVENT_ONSET
A,B2,3821,0.0011,15.0,8.0,0.02,8,0.0,608.7692502089769,16.728239059448242,SEASONALLY_WET_BUT_DRY_AT_EVENT_ONSET
A,B2,3829,0.002,15.0,8.0,0.02,3,0.0,4441.733895676327,,SEASONALLY_WET_BUT_DRY_AT_EVENT_ONSET
A,B2,3843,0.0012,15.0,9.0,0.09,3,0.0,3303.11973746033,15.443425178527832,SEASONALLY_WET_BUT_DRY_AT_EVENT_ONSET
A,B2,3844,0.0012,15.0,9.0,0.09,3,0.0,3638.158875035558,15.39124870300293,SEASONALLY_WET_BUT_DRY_AT_EVENT_ONSET
A,B2,3847,0.001,15.0,10.0,0.15,3,0.0,4092.7496869464176,,SEASONALLY_WET_BUT_DRY_AT_EVENT_ONSET
A,B2,3872,0.0013,15.0,10.0,0.15,3,0.0,1943.6563482261981,16.038869857788086,SEASONALLY_WET_BUT_DRY_AT_EVENT_ONSET
A,B2,3883,0.0024,15.0,11.5,0.105,3,0.0,904.7651629014017,0.0,SEASONALLY_WET_BUT_DRY_AT_EVENT_ONSET
A,B2,3884,0.0017,15.0,11.0,0.05,3,0.0,670.6713054842886,0.0,SEASONALLY_WET_BUT_DRY_AT_EVENT_ONSET
A,B2,3893,0.0016,15.0,9.5,0.105,3,0.0,3266.955769519998,15.479170799255371,SEASONALLY_WET_BUT_DRY_AT_EVENT_ONSET
A,B2,3902,0.0012,15.0,10.0,0.15,3,0.0,870.0,0.0,SEASONALLY_WET_BUT_DRY_AT_EVENT_ONSET
A,B2,3928,0.0011,15.0,10.0,0.09,3,0.0,5083.483057904295,,SEASONALLY_WET_BUT_DRY_AT_EVENT_ONSET
A,B2,3941,0.0026,15.0,9.0,0.09,8,0.0,431.04524124504616,16.379638671875,SEASONALLY_WET_BUT_DRY_AT_EVENT_ONSET
A,B2,3947,0.0022,15.0,10.0,0.09,3,0.0,492.5444142409901,0.0,SEASONALLY_WET_BUT_DRY_AT_EVENT_ONSET
A,B2,3951,0.0012,15.0,10.0,0.05,3,0.0,443.846820423443,16.926170349121094,SEASONALLY_WET_BUT_DRY_AT_EVENT_ONSET
A,B2,3961,0.0015,15.0,9.0,0.09,3,0.0,949.2101980067429,0.0,SEASONALLY_WET_BUT_DRY_AT_EVENT_ONSET
A,B2,3966,0.0028,15.0,10.0,0.09,3,0.0,373.36309405188945,16.755996704101562,SEASONALLY_WET_BUT_DRY_AT_EVENT_ONSET
A,B2,3969,0.0011,15.0,8.0,0.02,3,0.0,4013.103537164223,15.72040843963623,SEASONALLY_WET_BUT_DRY_AT_EVENT_ONSET
A,B2,3976,0.0012,15.0,10.0,0.15,3,0.0,342.0526275297414,0.0,SEASONALLY_WET_BUT_DRY_AT_EVENT_ONSET
A,B2,3987,0.0011,15.0,8.0,0.02,3,0.0,2876.5604460883487,15.87226390838623,SEASONALLY_WET_BUT_DRY_AT_EVENT_ONSET
A,B2,4003,0.0011,15.0,9.0,0.09,3,0.0,354.682957019364,16.49151611328125,SEASONALLY_WET_BUT_DRY_AT_EVENT_ONSET
A,B2,4020,0.001,15.0,9.0,0.09,3,0.0,371.21422386541167,0.0,SEASONALLY_WET_BUT_DRY_AT_EVENT_ONSET
A,B2,4024,0.0012,15.0,9.0,0.09,3,0.0,5211.621628629615,,SEASONALLY_WET_BUT_DRY_AT_EVENT_ONSET
A,B2,4037,0.0011,15.0,9.0,0.05,3,0.0,1567.322557739791,17.093128204345703,SEASONALLY_WET_BUT_DRY_AT_EVENT_ONSET
A,B2,4039,0.0012,15.0,9.0,0.09,3,0.0,5012.245005982848,,SEASONALLY_WET_BUT_DRY_AT_EVENT_ONSET
A,B2,4051,0.001,15.0,13.0,0.01,3,0.0,798.1227975693967,0.0,SEASONALLY_WET_BUT_DRY_AT_EVENT_ONSET
A,B2,4058,0.0015,15.0,10.0,0.15,3,0.0,4100.268283905335,,SEASONALLY_WET_BUT_DRY_AT_EVENT_ONSET
A,B2,4059,0.002,15.0,9.0,0.09,3,0.0,4180.071769718793,,SEASONALLY_WET_BUT_DRY_AT_EVENT_ONSET
A,B2,4072,0.0064,15.0,9.0,0.09,3,0.0,3201.4059411452336,15.828519821166992,SEASONALLY_WET_BUT_DRY_AT_EVENT_ONSET
A,B2,4073,0.0012,15.0,10.0,0.15,3,0.0,3778.28003197222,15.937736511230469,SEASONALLY_WET_BUT_DRY_AT_EVENT_ONSET
A,B2,4079,0.0012,15.0,12.0,0.08,3,0.0,910.0,0.0,SEASONALLY_WET_BUT_DRY_AT_EVENT_ONSET
A,B2,4093,0.0014,15.0,10.0,0.07,3,0.0,2777.9488836189917,16.154340744018555,SEASONALLY_WET_BUT_DRY_AT_EVENT_ONSET
A,B2,4095,0.0036,15.0,9.0,0.09,3,0.0,3956.6905362941898,16.061195373535156,SEASONALLY_WET_BUT_DRY_AT_EVENT_ONSET
A,B2,4096,0.0015,15.0,10.0,0.15,3,0.0,3526.2586405424095,16.01626205444336,SEASONALLY_WET_BUT_DRY_AT_EVENT_ONSET
A,B2,4105,0.0016,15.0,8.0,0.02,3,0.0,5498.672567083805,,SEASONALLY_WET_BUT_DRY_AT_EVENT_ONSET
A,B2,4117,0.0012,15.0,9.0,0.05,10,0.0,3932.8615536273333,16.108505249023438,SEASONALLY_WET_BUT_DRY_AT_EVENT_ONSET
A,B2,4118,0.0016,15.0,9.0,0.09,3,0.0,5411.635612271026,,SEASONALLY_WET_BUT_DRY_AT_EVENT_ONSET
A,B2,4126,0.0012,15.0,9.0,0.05,3,0.0,2434.6252278328175,16.341447830200195,SEASONALLY_WET_BUT_DRY_AT_EVENT_ONSET
A,B2,4141,0.0012,15.0,8.0,0.02,3,0.0,3073.662310664592,16.21938705444336,SEASONALLY_WET_BUT_DRY_AT_EVENT_ONSET
A,B2,4152,0.002,15.0,10.0,0.12,3,0.0,721.2489168102785,0.0,SEASONALLY_WET_BUT_DRY_AT_EVENT_ONSET
A,B2,4164,0.0016,15.0,11.5,0.12,3,0.0,407.18546143004664,0.0,SEASONALLY_WET_BUT_DRY_AT_EVENT_ONSET
A,B2,4166,0.001,15.0,9.0,0.09,3,0.0,785.175139698144,17.37393569946289,SEASONALLY_WET_BUT_DRY_AT_EVENT_ONSET
A,B2,4168,0.0015,15.0,9.0,0.09,3,0.0,2371.033529918968,16.42376136779785,SEASONALLY_WET_BUT_DRY_AT_EVENT_ONSET
A,B2,4171,0.0016,15.0,9.5,0.105,3,0.0,3811.5875957401267,16.186817169189453,SEASONALLY_WET_BUT_DRY_AT_EVENT_ONSET
A,B2,4197,0.0016,15.0,9.0,0.09,3,0.0,668.8796603276257,0.0,SEASONALLY_WET_BUT_DRY_AT_EVENT_ONSET
A,B2,4198,0.0092,15.0,11.0,0.08,3,0.0,693.5416353759881,0.0,SEASONALLY_WET_BUT_DRY_AT_EVENT_ONSET
A,B2,4211,0.0012,15.0,13.0,0.01,3,0.0,496.58836071740546,0.0,SEASONALLY_WET_BUT_DRY_AT_EVENT_ONSET
A,B2,4212,0.0012,15.0,12.0,0.12,3,0.0,986.0020283954794,0.0,SEASONALLY_WET_BUT_DRY_AT_EVENT_ONSET
A,B2,4217,0.0012,15.0,12.0,0.12,3,0.0,3310.377621963996,16.46190643310547,SEASONALLY_WET_BUT_DRY_AT_EVENT_ONSET
A,B2,4219,0.0028,15.0,11.0,0.09,3,0.0,5563.542037227722,,SEASONALLY_WET_BUT_DRY_AT_EVENT_ONSET
A,B2,4240,0.0012,15.0,13.0,0.05,3,0.0,1328.5330255586423,0.0,SEASONALLY_WET_BUT_DRY_AT_EVENT_ONSET
A,B2,4248,0.0012,15.0,10.0,0.15,3,0.0,2210.0,16.95025634765625,SEASONALLY_WET_BUT_DRY_AT_EVENT_ONSET
A,B2,4255,0.0069,15.0,9.0,0.09,3,0.0,547.8138369920935,0.0,SEASONALLY_WET_BUT_DRY_AT_EVENT_ONSET
A,B2,4259,0.0014,15.0,10.0,0.15,3,0.0,784.4743462982075,0.0,SEASONALLY_WET_BUT_DRY_AT_EVENT_ONSET
A,B2,4262,0.0036,15.0,10.0,0.09,3,0.0,1190.0,0.0,SEASONALLY_WET_BUT_DRY_AT_EVENT_ONSET
A,B2,4293,0.0027,15.0,10.0,0.15,3,0.0,270.0,0.0,SEASONALLY_WET_BUT_DRY_AT_EVENT_ONSET
A,B2,4294,0.0014,15.0,10.0,0.02,3,0.0,577.0615218501404,0.0,SEASONALLY_WET_BUT_DRY_AT_EVENT_ONSET
A,B2,4296,0.0016,15.0,12.0,0.1,3,0.0,840.5950273467004,0.0,SEASONALLY_WET_BUT_DRY_AT_EVENT_ONSET
A,B2,4297,0.0012,15.0,11.0,0.05,3,0.0,1062.1675950620975,0.0,SEASONALLY_WET_BUT_DRY_AT_EVENT_ONSET
A,B2,4342,0.001,15.0,11.0,0.05,8,0.0,2912.0782956507196,17.358795166015625,SEASONALLY_WET_BUT_DRY_AT_EVENT_ONSET
A,B2,4344,0.0012,15.0,8.0,0.02,3,0.0,5554.76372134765,,SEASONALLY_WET_BUT_DRY_AT_EVENT_ONSET
A,B2,4352,0.0024,15.0,9.5,0.09,3,0.0,686.5857557508748,0.0,SEASONALLY_WET_BUT_DRY_AT_EVENT_ONSET
A,B2,4358,0.0012,15.0,9.0,0.09,3,0.0,5363.450381983598,,SEASONALLY_WET_BUT_DRY_AT_EVENT_ONSET
A,B2,4361,0.001,15.0,10.0,0.09,3,0.0,1387.7319625922005,0.0,SEASONALLY_WET_BUT_DRY_AT_EVENT_ONSET
A,B2,4389,0.0012,15.0,9.0,0.09,3,0.0,3993.619911809335,,SEASONALLY_WET_BUT_DRY_AT_EVENT_ONSET
A,B2,4403,0.0056,15.0,11.0,0.09,3,0.0,450.0,0.0,SEASONALLY_WET_BUT_DRY_AT_EVENT_ONSET
A,B2,4419,0.0012,15.0,11.0,0.05,3,0.0,470.95647357266466,0.0,SEASONALLY_WET_BUT_DRY_AT_EVENT_ONSET
A,B2,4432,0.0016,15.0,10.0,0.12,3,0.0,2584.1439588382073,16.891521453857422,SEASONALLY_WET_BUT_DRY_AT_EVENT_ONSET
A,B2,4433,0.0011,15.0,8.0,0.02,3,0.0,2761.340254296815,16.92721939086914,SEASONALLY_WET_BUT_DRY_AT_EVENT_ONSET
A,B2,4435,0.0012,15.0,12.0,0.12,3,0.0,1290.348790056394,0.0,SEASONALLY_WET_BUT_DRY_AT_EVENT_ONSET
A,B2,4439,0.0038,15.0,11.0,0.05,3,0.0,918.3681179135085,0.0,SEASONALLY_WET_BUT_DRY_AT_EVENT_ONSET
A,B2,4469,0.0012,15.0,10.0,0.12,3,0.0,1092.245393673052,0.0,SEASONALLY_WET_BUT_DRY_AT_EVENT_ONSET
A,B2,4472,0.0068,15.0,10.0,0.09,3,0.0,550.8175741568165,0.0,SEASONALLY_WET_BUT_DRY_AT_EVENT_ONSET
A,B2,4479,0.0016,15.0,9.0,0.07,3,0.0,5159.321660838758,,SEASONALLY_WET_BUT_DRY_AT_EVENT_ONSET
A,B2,4486,0.0012,15.0,11.0,0.05,3,0.0,5320.24435529046,,SEASONALLY_WET_BUT_DRY_AT_EVENT_ONSET
A,B2,4493,0.0028,15.0,10.0,0.12,3,0.0,590.0847396772772,0.0,SEASONALLY_WET_BUT_DRY_AT_EVENT_ONSET
A,B2,4508,0.0026,15.0,10.0,0.12,3,0.0,1351.5176654413362,0.0,SEASONALLY_WET_BUT_DRY_AT_EVENT_ONSET
A,B2,4513,0.001,15.0,11.0,0.05,3,0.0,1104.6266337545912,13.619853973388672,SEASONALLY_WET_BUT_DRY_AT_EVENT_ONSET
A,B2,4518,0.0012,15.0,11.0,0.05,3,0.0,3728.4044844946743,16.81755828857422,SEASONALLY_WET_BUT_DRY_AT_EVENT_ONSET
A,B2,4521,0.0012,15.0,9.0,0.09,3,0.0,4405.5646630142655,,SEASONALLY_WET_BUT_DRY_AT_EVENT_ONSET
A,B2,4532,0.0012,15.0,10.0,0.15,3,0.0,3949.3037361033653,,SEASONALLY_WET_BUT_DRY_AT_EVENT_ONSET
A,B2,4540,0.001,15.0,10.0,0.05,3,0.0,1038.5566907973775,0.0,SEASONALLY_WET_BUT_DRY_AT_EVENT_ONSET
A,B2,4549,0.0024,15.0,10.0,0.1,3,0.0,3854.0627913929993,17.0399112701416,SEASONALLY_WET_BUT_DRY_AT_EVENT_ONSET
A,B2,4550,0.0012,15.0,9.0,0.09,3,0.0,4050.802389650722,,SEASONALLY_WET_BUT_DRY_AT_EVENT_ONSET
A,B2,4558,0.0019,15.0,10.0,0.15,3,0.0,854.2833253669417,0.0,SEASONALLY_WET_BUT_DRY_AT_EVENT_ONSET
A,B2,4562,0.0012,15.0,12.0,0.12,3,0.0,898.1091247727081,13.984587669372559,SEASONALLY_WET_BUT_DRY_AT_EVENT_ONSET
A,B2,4565,0.002,15.0,10.0,0.12,3,0.0,3357.6479863142295,17.26932144165039,SEASONALLY_WET_BUT_DRY_AT_EVENT_ONSET
A,B2,4577,0.0016,15.0,8.5,0.055,3,0.0,690.6518659932804,0.0,SEASONALLY_WET_BUT_DRY_AT_EVENT_ONSET
A,B2,4579,0.0022,15.0,10.0,0.135,3,0.0,1048.9041900955492,0.0,SEASONALLY_WET_BUT_DRY_AT_EVENT_ONSET
A,B2,4584,0.002,15.0,10.0,0.09,3,0.0,3958.0045477487765,,SEASONALLY_WET_BUT_DRY_AT_EVENT_ONSET
A,B2,4586,0.002,15.0,9.0,0.09,3,0.0,4494.641253759859,,SEASONALLY_WET_BUT_DRY_AT_EVENT_ONSET
A,B2,4593,0.002,15.0,10.0,0.12,3,0.0,1250.0,0.0,SEASONALLY_WET_BUT_DRY_AT_EVENT_ONSET
A,B2,4597,0.0074,15.0,11.0,0.05,3,0.0,725.6721022610693,0.0,SEASONALLY_WET_BUT_DRY_AT_EVENT_ONSET
A,B2,4598,0.002,15.0,11.0,0.05,3,0.0,1138.5077953180646,0.0,SEASONALLY_WET_BUT_DRY_AT_EVENT_ONSET
A,B2,4603,0.0012,15.0,11.0,0.05,3,0.0,2832.701890421934,17.074968338012695,SEASONALLY_WET_BUT_DRY_AT_EVENT_ONSET
A,B2,4605,0.0012,15.0,12.0,0.12,3,0.0,3838.880045013129,17.052236557006836,SEASONALLY_WET_BUT_DRY_AT_EVENT_ONSET
A,B2,4611,0.0028,15.0,12.0,0.12,3,0.0,977.4456506629922,0.0,SEASONALLY_WET_BUT_DRY_AT_EVENT_ONSET
A,B2,4619,0.0018,15.0,8.0,0.02,3,0.0,4359.9311921176,,SEASONALLY_WET_BUT_DRY_AT_EVENT_ONSET
A,B2,4628,0.002,15.0,9.0,0.09,3,0.0,4201.071291944473,,SEASONALLY_WET_BUT_DRY_AT_EVENT_ONSET
A,B2,4630,0.0012,15.0,9.0,0.09,3,0.0,5188.390887356118,,SEASONALLY_WET_BUT_DRY_AT_EVENT_ONSET
A,B2,4634,0.0036,15.0,10.0,0.15,3,0.0,1153.5163631262453,0.0,SEASONALLY_WET_BUT_DRY_AT_EVENT_ONSET
A,B2,4636,0.0034,15.0,10.0,0.15,3,0.0,881.0221336606703,0.0,SEASONALLY_WET_BUT_DRY_AT_EVENT_ONSET
A,B2,4639,0.0012,15.0,11.0,0.05,3,0.0,4144.031853159432,,SEASONALLY_WET_BUT_DRY_AT_EVENT_ONSET
A,B2,4641,0.0012,15.0,10.0,0.05,3,0.0,5197.095342592822,,SEASONALLY_WET_BUT_DRY_AT_EVENT_ONSET
A,B2,4642,0.0016,15.0,11.5,0.12,3,0.0,5161.569528738328,,SEASONALLY_WET_BUT_DRY_AT_EVENT_ONSET
A,B2,4647,0.0012,15.0,10.0,0.09,3,0.0,1255.1493934986386,0.0,SEASONALLY_WET_BUT_DRY_AT_EVENT_ONSET
A,B2,4665,0.0011,15.0,13.0,0.08,3,0.0,1561.8578680533003,0.0,SEASONALLY_WET_BUT_DRY_AT_EVENT_ONSET
A,B2,4673,0.0016,15.0,8.5,0.035,3,0.0,3008.421513019743,17.14147186279297,SEASONALLY_WET_BUT_DRY_AT_EVENT_ONSET
A,B2,4676,0.0012,15.0,12.0,0.12,3,0.0,4016.590594023742,17.236221313476562,SEASONALLY_WET_BUT_DRY_AT_EVENT_ONSET
A,B2,4678,0.0069,15.0,9.0,0.09,3,0.0,4471.800532224129,,SEASONALLY_WET_BUT_DRY_AT_EVENT_ONSET
A,B2,4682,0.0016,15.0,11.5,0.085,3,0.0,1012.4228365658294,0.0,SEASONALLY_WET_BUT_DRY_AT_EVENT_ONSET
A,B2,4683,0.0012,15.0,11.0,0.05,3,0.0,1174.1379816699568,0.0,SEASONALLY_WET_BUT_DRY_AT_EVENT_ONSET
A,B2,4686,0.0011,15.0,9.0,0.09,3,0.0,3090.792778560219,17.221006393432617,SEASONALLY_WET_BUT_DRY_AT_EVENT_ONSET
A,B2,4688,0.002,15.0,9.0,0.09,3,0.0,4729.503145151719,,SEASONALLY_WET_BUT_DRY_AT_EVENT_ONSET
A,B2,4691,0.0011,15.0,9.0,0.09,3,0.0,5057.84539107316,,SEASONALLY_WET_BUT_DRY_AT_EVENT_ONSET
A,B2,4692,0.0016,15.0,9.0,0.09,3,0.0,5079.468476130155,,SEASONALLY_WET_BUT_DRY_AT_EVENT_ONSET
A,B2,4704,0.0018,15.0,9.0,0.09,3,0.0,3782.8296287303237,17.179664611816406,SEASONALLY_WET_BUT_DRY_AT_EVENT_ONSET
A,B2,4705,0.0016,15.0,9.0,0.09,3,0.0,4355.800730061007,,SEASONALLY_WET_BUT_DRY_AT_EVENT_ONSET
A,B2,4722,0.0021,15.0,10.0,0.05,3,0.0,1231.6655390161732,0.0,SEASONALLY_WET_BUT_DRY_AT_EVENT_ONSET
A,B2,4729,0.0024,15.0,9.0,0.07,3,0.0,3161.803282938393,17.410709381103516,SEASONALLY_WET_BUT_DRY_AT_EVENT_ONSET
A,B2,4733,0.0012,15.0,10.0,0.15,3,0.0,4988.566928487579,,SEASONALLY_WET_BUT_DRY_AT_EVENT_ONSET
A,B2,4751,0.0012,15.0,11.0,0.05,3,0.0,4681.132341645555,,SEASONALLY_WET_BUT_DRY_AT_EVENT_ONSET
A,B2,4752,0.001,15.0,10.0,0.15,3,0.0,5046.047958551326,,SEASONALLY_WET_BUT_DRY_AT_EVENT_ONSET
A,B2,4759,0.0039,15.0,9.0,0.09,3,0.0,1174.1379816699568,0.0,SEASONALLY_WET_BUT_DRY_AT_EVENT_ONSET
A,B2,4763,0.0015,15.0,10.0,0.15,3,0.0,4982.710105956396,,SEASONALLY_WET_BUT_DRY_AT_EVENT_ONSET
A,B2,4764,0.002,15.0,10.0,0.05,3,0.0,4956.309110618506,,SEASONALLY_WET_BUT_DRY_AT_EVENT_ONSET
A,B2,4765,0.0012,15.0,9.0,0.09,3,0.0,4982.710105956396,,SEASONALLY_WET_BUT_DRY_AT_EVENT_ONSET
A,B2,4771,0.0012,15.0,10.0,0.12,3,0.0,1582.2136391777187,0.0,SEASONALLY_WET_BUT_DRY_AT_EVENT_ONSET
A,B2,4783,0.0011,15.0,9.0,0.09,3,0.0,1459.1093173576817,0.0,SEASONALLY_WET_BUT_DRY_AT_EVENT_ONSET
A,B2,4787,0.0028,15.0,10.0,0.15,3,0.0,1064.048871058092,0.0,SEASONALLY_WET_BUT_DRY_AT_EVENT_ONSET
A,B2,4800,0.0018,15.0,10.0,0.15,3,0.0,3368.827689271151,17.47873306274414,SEASONALLY_WET_BUT_DRY_AT_EVENT_ONSET
A,B2,4805,0.0025,15.0,8.0,0.02,3,0.0,1410.0354605470034,0.0,SEASONALLY_WET_BUT_DRY_AT_EVENT_ONSET
A,B2,4806,0.0011,15.0,8.0,0.02,3,0.0,1030.0,0.0,SEASONALLY_WET_BUT_DRY_AT_EVENT_ONSET
A,B2,4812,0.004,15.0,9.0,0.09,3,0.0,3918.9029077026134,17.505931854248047,SEASONALLY_WET_BUT_DRY_AT_EVENT_ONSET
A,B2,4813,0.0012,15.0,9.0,0.05,3,0.0,4126.330088589617,17.573226928710938,SEASONALLY_WET_BUT_DRY_AT_EVENT_ONSET
A,B2,4815,0.001,15.0,9.0,0.05,3,0.0,4969.60763038693,,SEASONALLY_WET_BUT_DRY_AT_EVENT_ONSET
A,B2,4818,0.0016,15.0,10.5,0.07,3,0.0,1366.235704408284,0.0,SEASONALLY_WET_BUT_DRY_AT_EVENT_ONSET
A,B2,4829,0.0012,15.0,10.0,0.15,3,0.0,4830.838436544944,,SEASONALLY_WET_BUT_DRY_AT_EVENT_ONSET
A,B2,4836,0.002,15.0,9.0,0.09,3,0.0,1471.6657229140046,0.0,SEASONALLY_WET_BUT_DRY_AT_EVENT_ONSET
A,B2,4840,0.0012,15.0,10.0,0.15,3,0.0,4275.347939057125,,SEASONALLY_WET_BUT_DRY_AT_EVENT_ONSET
A,B2,4841,0.0012,15.0,10.0,0.15,3,0.0,4609.056302541769,,SEASONALLY_WET_BUT_DRY_AT_EVENT_ONSET
A,B2,4843,0.0012,15.0,10.0,0.12,3,0.0,4871.242141384474,,SEASONALLY_WET_BUT_DRY_AT_EVENT_ONSET
A,B2,4854,0.0012,15.0,10.0,0.15,3,0.0,3791.17396066179,17.789426803588867,SEASONALLY_WET_BUT_DRY_AT_EVENT_ONSET
A,B2,4856,0.0018,15.0,8.0,0.02,3,0.0,1440.0694427700353,0.3309903144836426,SEASONALLY_WET_BUT_DRY_AT_EVENT_ONSET
A,B2,4858,0.0267,15.0,11.0,0.09,3,0.0,1581.4550262337527,0.09232031553983688,SEASONALLY_WET_BUT_DRY_AT_EVENT_ONSET
A,B2,4859,0.0026,15.0,8.0,0.02,3,0.0,1613.7533888422977,0.06884228438138962,SEASONALLY_WET_BUT_DRY_AT_EVENT_ONSET
A,B2,4860,0.0038,15.0,9.0,0.09,3,0.0,1570.0318468107582,0.36117637157440186,SEASONALLY_WET_BUT_DRY_AT_EVENT_ONSET
A,B2,4861,0.0012,15.0,9.0,0.09,3,0.0,1274.7548783981963,0.0,SEASONALLY_WET_BUT_DRY_AT_EVENT_ONSET
A,B2,4864,0.0027,15.0,8.0,0.02,3,0.0,3659.863385428478,17.864376068115234,SEASONALLY_WET_BUT_DRY_AT_EVENT_ONSET
A,B2,4870,0.0012,15.0,8.0,0.02,3,0.0,3626.0446770551516,17.793777465820312,SEASONALLY_WET_BUT_DRY_AT_EVENT_ONSET
A,B2,4872,0.0051,15.0,8.0,0.02,3,0.0,1576.8956845650887,0.15348243713378906,SEASONALLY_WET_BUT_DRY_AT_EVENT_ONSET
A,B2,4873,0.0017,15.0,9.0,0.09,3,0.0,1658.73445734994,0.2042759656906128,SEASONALLY_WET_BUT_DRY_AT_EVENT_ONSET
A,B2,4874,0.0024,15.0,14.0,0.08,3,0.0,1172.092146548214,0.0,SEASONALLY_WET_BUT_DRY_AT_EVENT_ONSET
A,B2,4893,0.0031,15.0,10.0,0.09,3,0.0,1590.2829936838284,0.0,SEASONALLY_WET_BUT_DRY_AT_EVENT_ONSET
A,B2,4904,0.0012,15.0,10.0,0.05,3,0.0,4699.978723356096,,SEASONALLY_WET_BUT_DRY_AT_EVENT_ONSET
A,B2,4908,0.0012,15.0,8.0,0.02,3,0.0,1630.7666908543356,0.0,SEASONALLY_WET_BUT_DRY_AT_EVENT_ONSET
A,B2,4923,0.0016,15.0,9.5,0.07,3,0.0,1453.616180427282,0.0,SEASONALLY_WET_BUT_DRY_AT_EVENT_ONSET
A,B2,4924,0.001,15.0,9.0,0.09,3,0.0,1626.0996279441183,0.0,SEASONALLY_WET_BUT_DRY_AT_EVENT_ONSET
A,B2,4928,0.0012,15.0,10.0,0.15,3,0.0,4377.784827969506,,SEASONALLY_WET_BUT_DRY_AT_EVENT_ONSET
A,B2,4930,0.0011,15.0,11.0,0.12,3,0.0,1770.7060738586738,0.0,SEASONALLY_WET_BUT_DRY_AT_EVENT_ONSET
A,B2,4939,0.0018,15.0,10.0,0.05,3,0.0,1404.0655255364686,0.30095577239990234,SEASONALLY_WET_BUT_DRY_AT_EVENT_ONSET
A,B2,4940,0.0011,15.0,8.0,0.02,3,0.0,1391.7614738165446,0.0,SEASONALLY_WET_BUT_DRY_AT_EVENT_ONSET
A,B2,4958,0.0012,15.0,9.0,0.09,3,0.0,2131.9005605327843,0.0,SEASONALLY_WET_BUT_DRY_AT_EVENT_ONSET
A,B2,4959,0.0012,15.0,8.0,0.02,3,0.0,2226.0727750906976,0.0,SEASONALLY_WET_BUT_DRY_AT_EVENT_ONSET
A,B2,4976,0.0012,15.0,11.0,0.05,3,0.0,2962.3301639081355,18.376075744628906,SEASONALLY_WET_BUT_DRY_AT_EVENT_ONSET
A,B2,4979,0.0017,15.0,11.0,0.09,3,0.0,1476.787053031005,0.0,SEASONALLY_WET_BUT_DRY_AT_EVENT_ONSET
A,B2,4981,0.0016,15.0,11.0,0.12,3,0.0,1790.2513789968157,0.0,SEASONALLY_WET_BUT_DRY_AT_EVENT_ONSET
A,B2,4982,0.0011,15.0,10.0,0.15,3,0.0,1807.373785358192,0.0,SEASONALLY_WET_BUT_DRY_AT_EVENT_ONSET
A,B2,4986,0.0024,15.0,8.5,0.055,3,0.0,2430.0205760445733,0.0,SEASONALLY_WET_BUT_DRY_AT_EVENT_ONSET
A,B2,4994,0.0016,15.0,10.5,0.105,3,0.0,1863.1693428134759,0.0,SEASONALLY_WET_BUT_DRY_AT_EVENT_ONSET
A,B2,4996,0.0024,15.0,13.5,0.08,3,0.0,1858.0096878111267,0.0,SEASONALLY_WET_BUT_DRY_AT_EVENT_ONSET
A,B2,5002,0.0014,15.0,8.0,0.02,8,0.0,3409.589418097141,18.099411010742188,SEASONALLY_WET_BUT_DRY_AT_EVENT_ONSET
A,B2,5008,0.0028,15.0,10.0,0.12,3,0.0,1908.7692369692047,0.0,SEASONALLY_WET_BUT_DRY_AT_EVENT_ONSET
A,B2,5009,0.002,15.0,13.0,0.01,3,0.0,1555.9562975867927,0.0,SEASONALLY_WET_BUT_DRY_AT_EVENT_ONSET
A,B2,5018,0.0016,15.0,8.5,0.055,3,0.0,3914.920177985753,18.3189640045166,SEASONALLY_WET_BUT_DRY_AT_EVENT_ONSET
A,B2,5024,0.0032,15.0,9.5,0.09,3,0.0,1897.6301009416984,0.0,SEASONALLY_WET_BUT_DRY_AT_EVENT_ONSET
A,B2,5026,0.0024,15.0,12.5,0.1,3,0.0,1962.9060089571276,0.0,SEASONALLY_WET_BUT_DRY_AT_EVENT_ONSET
A,B2,5030,0.0012,15.0,10.0,0.15,3,0.0,3452.100809652001,18.303462982177734,SEASONALLY_WET_BUT_DRY_AT_EVENT_ONSET
A,B2,5036,0.0012,15.0,15.0,0.15,3,0.0,1678.3920876839238,0.0,SEASONALLY_WET_BUT_DRY_AT_EVENT_ONSET
A,B2,5048,0.0012,15.0,9.0,0.09,3,0.0,2305.8620947489467,0.3763746917247772,SEASONALLY_WET_BUT_DRY_AT_EVENT_ONSET
A,B2,5054,0.0012,15.0,9.0,0.09,8,0.0,3090.792778560219,18.786039352416992,SEASONALLY_WET_BUT_DRY_AT_EVENT_ONSET
A,B2,5059,0.0016,15.0,10.0,0.15,3,0.0,2351.0423220350585,0.0,SEASONALLY_WET_BUT_DRY_AT_EVENT_ONSET
A,B2,5060,0.0015,15.0,10.0,0.12,3,0.0,2472.44817943673,0.0,SEASONALLY_WET_BUT_DRY_AT_EVENT_ONSET
A,B2,5066,0.0012,15.0,12.0,0.12,3,0.0,1749.5713760804388,0.0,SEASONALLY_WET_BUT_DRY_AT_EVENT_ONSET
A,B2,5073,0.0016,15.0,12.5,0.085,3,0.0,2024.1047403728887,0.0,SEASONALLY_WET_BUT_DRY_AT_EVENT_ONSET
A,B2,5074,0.0012,15.0,11.0,0.05,3,0.0,2014.0009930484146,0.0,SEASONALLY_WET_BUT_DRY_AT_EVENT_ONSET
A,B2,5075,0.0012,15.0,14.0,0.08,3,0.0,1879.627622695517,0.0,SEASONALLY_WET_BUT_DRY_AT_EVENT_ONSET
A,B2,5087,0.0012,15.0,14.0,0.08,3,0.0,1955.7607215607945,0.0,SEASONALLY_WET_BUT_DRY_AT_EVENT_ONSET
A,B2,5093,0.002,15.0,12.0,0.12,3,0.0,2050.0,0.0,SEASONALLY_WET_BUT_DRY_AT_EVENT_ONSET
A,B2,5100,0.001,15.0,12.0,0.05,3,0.0,2017.1762441591463,0.0,SEASONALLY_WET_BUT_DRY_AT_EVENT_ONSET
A,B2,5113,0.0012,15.0,10.0,0.15,3,0.0,1996.246477767713,0.0,SEASONALLY_WET_BUT_DRY_AT_EVENT_ONSET
A,B2,5120,0.0016,15.0,10.0,0.12,3,0.0,2116.8372634664192,0.0,SEASONALLY_WET_BUT_DRY_AT_EVENT_ONSET
A,B2,5123,0.0012,15.0,13.0,0.01,3,0.0,1901.8412131405714,0.0,SEASONALLY_WET_BUT_DRY_AT_EVENT_ONSET
A,B2,5126,0.0011,15.0,9.0,0.09,3,0.0,2504.595775769016,0.621068000793457,SEASONALLY_WET_BUT_DRY_AT_EVENT_ONSET
A,B2,5128,0.0012,15.0,12.0,0.12,3,0.0,2130.5867736377227,0.0,SEASONALLY_WET_BUT_DRY_AT_EVENT_ONSET
A,B2,5145,0.0015,15.0,13.0,0.08,3,0.0,2180.137610335641,0.0,SEASONALLY_WET_BUT_DRY_AT_EVENT_ONSET
A,B2,5152,0.0012,15.0,14.0,0.08,3,0.0,2149.4650497274897,0.0,SEASONALLY_WET_BUT_DRY_AT_EVENT_ONSET
A,B2,5153,0.0016,15.0,10.5,0.105,3,0.0,2175.5459085020475,0.0,SEASONALLY_WET_BUT_DRY_AT_EVENT_ONSET
A,B2,5155,0.0015,15.0,12.0,0.08,3,0.0,1966.9773765857096,0.0,SEASONALLY_WET_BUT_DRY_AT_EVENT_ONSET
A,B2,5163,0.0011,15.0,9.0,0.09,3,0.0,2602.191384199095,0.0,SEASONALLY_WET_BUT_DRY_AT_EVENT_ONSET
A,B2,5168,0.0038,15.0,12.0,0.12,3,0.0,2230.022421411946,0.0,SEASONALLY_WET_BUT_DRY_AT_EVENT_ONSET
A,B2,5177,0.0021,15.0,12.0,0.12,3,0.0,2236.1797781037194,0.0,SEASONALLY_WET_BUT_DRY_AT_EVENT_ONSET
A,B2,5178,0.0012,15.0,11.0,0.05,3,0.0,2294.733099948663,0.0,SEASONALLY_WET_BUT_DRY_AT_EVENT_ONSET
A,B2,5183,0.001,15.0,12.0,0.12,3,0.0,2214.72345903501,0.0,SEASONALLY_WET_BUT_DRY_AT_EVENT_ONSET
A,B2,5184,0.0043,15.0,11.0,0.05,3,0.0,2253.7524265100637,0.0,SEASONALLY_WET_BUT_DRY_AT_EVENT_ONSET
A,B2,5189,0.0016,15.0,11.5,0.065,3,0.0,2304.821034267086,0.0,SEASONALLY_WET_BUT_DRY_AT_EVENT_ONSET
A,B2,5195,0.001,15.0,9.0,0.09,3,0.0,2146.8348795377815,14.006831169128418,SEASONALLY_WET_BUT_DRY_AT_EVENT_ONSET
A,B2,5201,0.0028,15.0,11.0,0.05,3,0.0,2056.4532574313475,0.0,SEASONALLY_WET_BUT_DRY_AT_EVENT_ONSET
A,B2,5202,0.0032,15.0,11.0,0.07,3,0.0,2036.516633862832,0.0,SEASONALLY_WET_BUT_DRY_AT_EVENT_ONSET
A,B2,5211,0.0036,15.0,10.0,0.15,3,0.0,2345.591609807641,0.0,SEASONALLY_WET_BUT_DRY_AT_EVENT_ONSET
A,B2,5215,0.0012,15.0,11.0,0.02,3,0.0,2045.3361581901395,0.0,SEASONALLY_WET_BUT_DRY_AT_EVENT_ONSET
A,B2,5221,0.0018,15.0,10.0,0.12,3,0.0,2747.544358149655,1.6480669975280762,SEASONALLY_WET_BUT_DRY_AT_EVENT_ONSET
A,B2,5223,0.0012,15.0,12.0,0.08,3,0.0,2370.0,0.0,SEASONALLY_WET_BUT_DRY_AT_EVENT_ONSET
A,B2,5228,0.0012,15.0,9.0,0.09,3,0.0,2390.0209204105304,0.0,SEASONALLY_WET_BUT_DRY_AT_EVENT_ONSET
A,B2,5236,0.0012,15.0,9.0,0.05,3,0.0,3236.8194265358707,19.340587615966797,SEASONALLY_WET_BUT_DRY_AT_EVENT_ONSET
A,B2,5239,0.0011,15.0,10.0,0.15,3,0.0,2350.5318547086317,3.5337133407592773,SEASONALLY_WET_BUT_DRY_AT_EVENT_ONSET
A,B2,5252,0.0032,15.0,10.0,0.12,3,0.0,2086.7678356731494,0.0,SEASONALLY_WET_BUT_DRY_AT_EVENT_ONSET
A,B2,5253,0.0016,15.0,8.0,0.02,3,0.0,2079.663434308542,0.0,SEASONALLY_WET_BUT_DRY_AT_EVENT_ONSET
A,B2,5279,0.0033,15.0,9.0,0.09,3,0.0,2567.8395588509807,1.5709562301635742,SEASONALLY_WET_BUT_DRY_AT_EVENT_ONSET
A,B2,5281,0.0012,15.0,11.0,0.05,3,0.0,2529.0709756746646,0.0,SEASONALLY_WET_BUT_DRY_AT_EVENT_ONSET
A,B2,5283,0.0012,15.0,11.0,0.05,3,0.0,2161.8973148602595,0.0,SEASONALLY_WET_BUT_DRY_AT_EVENT_ONSET
A,B2,5285,0.0011,15.0,11.0,0.05,3,0.0,2514.0007955448223,14.27790355682373,SEASONALLY_WET_BUT_DRY_AT_EVENT_ONSET
A,B2,5287,0.002,15.0,10.0,0.12,3,0.0,2426.89101527036,14.21558952331543,SEASONALLY_WET_BUT_DRY_AT_EVENT_ONSET
A,B2,5288,0.0015,15.0,9.0,0.09,3,0.0,2366.981199756348,14.218804359436035,SEASONALLY_WET_BUT_DRY_AT_EVENT_ONSET
A,B2,5303,0.0012,15.0,12.0,0.12,3,0.0,2590.019304947359,0.0,SEASONALLY_WET_BUT_DRY_AT_EVENT_ONSET
A,B2,5305,0.002,15.0,8.0,0.02,3,0.0,2477.2969139770066,14.310674667358398,SEASONALLY_WET_BUT_DRY_AT_EVENT_ONSET
A,B2,5308,0.002,15.0,10.0,0.05,3,0.0,2756.700926832652,14.456604957580566,SEASONALLY_WET_BUT_DRY_AT_EVENT_ONSET
A,B2,5310,0.0015,15.0,9.0,0.09,3,0.0,2277.05950734714,0.0,SEASONALLY_WET_BUT_DRY_AT_EVENT_ONSET
A,B2,5315,0.0012,15.0,12.0,0.08,3,0.0,2618.587405453559,0.0,SEASONALLY_WET_BUT_DRY_AT_EVENT_ONSET
A,B2,5322,0.002,15.0,12.0,0.12,3,0.0,2655.899094468764,0.0,SEASONALLY_WET_BUT_DRY_AT_EVENT_ONSET
A,B2,5329,0.0012,15.0,9.0,0.09,3,0.0,2529.229131573492,14.398062705993652,SEASONALLY_WET_BUT_DRY_AT_EVENT_ONSET
A,B2,5332,0.0012,15.0,13.0,0.01,3,0.0,2707.655812691118,0.0,SEASONALLY_WET_BUT_DRY_AT_EVENT_ONSET
A,B2,5334,0.0011,15.0,8.0,0.02,3,0.0,2395.704489289111,0.0,SEASONALLY_WET_BUT_DRY_AT_EVENT_ONSET
A,B2,5339,0.0011,15.0,8.0,0.02,3,0.0,2445.608308785362,14.932157516479492,SEASONALLY_WET_BUT_DRY_AT_EVENT_ONSET
A,B2,5369,0.0108,15.0,8.0,0.02,3,0.0,3060.3594560116626,0.2045038938522339,SEASONALLY_WET_BUT_DRY_AT_EVENT_ONSET
A,B2,5376,0.0016,15.0,9.5,0.12,3,0.0,2596.959760951255,16.524654388427734,SEASONALLY_WET_BUT_DRY_AT_EVENT_ONSET
A,B2,5394,0.001,15.0,10.0,0.12,3,0.0,3584.3269940115674,1.5746779441833496,SEASONALLY_WET_BUT_DRY_AT_EVENT_ONSET
A,B2,5408,0.0011,15.0,11.0,0.12,3,0.0,3374.996296294264,0.0,SEASONALLY_WET_BUT_DRY_AT_EVENT_ONSET
A,B2,5420,0.0258,15.0,9.0,0.09,3,0.0,3234.4705903748763,18.20232391357422,SEASONALLY_WET_BUT_DRY_AT_EVENT_ONSET
A,B2,5432,0.0026,15.0,9.0,0.09,3,0.0,3283.8087642248597,18.526899337768555,SEASONALLY_WET_BUT_DRY_AT_EVENT_ONSET
A,B2,5433,0.0084,15.0,8.0,0.02,3,0.0,3378.6683767425297,18.889535903930664,SEASONALLY_WET_BUT_DRY_AT_EVENT_ONSET
A,B2,5437,0.0012,15.0,11.0,0.08,3,0.0,3569.2296087531267,0.0,SEASONALLY_WET_BUT_DRY_AT_EVENT_ONSET
A,B2,5440,0.0012,15.0,8.0,0.02,3,0.0,3710.1212918178294,0.07180023193359375,SEASONALLY_WET_BUT_DRY_AT_EVENT_ONSET
A,B2,5443,0.001,15.0,10.0,0.15,3,0.0,3663.468302032925,0.0,SEASONALLY_WET_BUT_DRY_AT_EVENT_ONSET
A,B2,5449,0.0097,15.0,9.0,0.09,10,0.0,3543.8115074027287,19.303010940551758,SEASONALLY_WET_BUT_DRY_AT_EVENT_ONSET
A,B2,5463,0.0018,15.0,9.0,0.09,3,0.0,4187.242529398076,0.0,SEASONALLY_WET_BUT_DRY_AT_EVENT_ONSET
A,B2,5465,0.0012,15.0,12.0,0.12,3,0.0,3984.8964854811475,0.0,SEASONALLY_WET_BUT_DRY_AT_EVENT_ONSET
A,B2,5466,0.0012,15.0,10.0,0.12,3,0.0,4085.7067931999236,0.0,SEASONALLY_WET_BUT_DRY_AT_EVENT_ONSET
A,B2,5477,0.0012,15.0,8.0,0.02,3,0.0,4072.1738666221017,0.0,SEASONALLY_WET_BUT_DRY_AT_EVENT_ONSET
A,B2,5486,0.0012,15.0,10.0,0.09,3,0.0,4359.655949728143,0.0,SEASONALLY_WET_BUT_DRY_AT_EVENT_ONSET
A,B2,5496,0.0012,15.0,9.0,0.085,3,0.0,4530.275929786176,0.19400978088378906,SEASONALLY_WET_BUT_DRY_AT_EVENT_ONSET
A,B2,5568,0.0014,15.0,10.0,0.09,3,0.0,5124.860973724068,0.0,SEASONALLY_WET_BUT_DRY_AT_EVENT_ONSET
A,B2,5640,0.0017,15.0,9.0,0.09,3,0.0,5459.899266470033,0.0,SEASONALLY_WET_BUT_DRY_AT_EVENT_ONSET
A,B2,5642,0.0012,15.0,8.0,0.02,3,0.0,6114.000327118081,0.0,SEASONALLY_WET_BUT_DRY_AT_EVENT_ONSET
A,B2,5666,0.0012,15.0,8.0,0.02,3,0.0,6425.464963720524,0.0,SEASONALLY_WET_BUT_DRY_AT_EVENT_ONSET
A,B2,5668,0.0039,15.0,9.0,0.09,3,0.0,6578.221644183176,0.5091037750244141,SEASONALLY_WET_BUT_DRY_AT_EVENT_ONSET
A,B2,5672,0.0022,15.0,8.0,0.02,3,0.0,6522.468857725578,1.0533370971679688,SEASONALLY_WET_BUT_DRY_AT_EVENT_ONSET
A,B2,5673,0.0064,15.0,10.5,0.09,3,0.0,6611.338744913923,0.27022838592529297,SEASONALLY_WET_BUT_DRY_AT_EVENT_ONSET
A,B2,5682,0.0012,15.0,9.0,0.09,3,0.0,7669.276367428676,22.742935180664062,SEASONALLY_WET_BUT_DRY_AT_EVENT_ONSET
A,B2,5684,0.0011,15.0,8.0,0.02,3,0.0,7772.264792195387,23.05425262451172,SEASONALLY_WET_BUT_DRY_AT_EVENT_ONSET
A,B2,5703,0.0012,15.0,9.0,0.09,3,0.0,7039.730108462965,0.0,SEASONALLY_WET_BUT_DRY_AT_EVENT_ONSET
A,B2,5704,0.0023,15.0,8.0,0.02,3,0.0,7779.575823912253,32.64753723144531,SEASONALLY_WET_BUT_DRY_AT_EVENT_ONSET
A,B2,5722,0.0013,11.0,9.0,0.12,10,10.0,10.0,0.0,SEASONALLY_WET_BUT_DRY_AT_EVENT_ONSET
A,B2,5726,0.0011,11.0,8.0,0.12,10,3.0,361.24783736376884,0.0,SEASONALLY_WET_BUT_DRY_AT_EVENT_ONSET
A,B2,5728,0.0038,11.0,8.5,0.12,6,7.0,192.35384061671343,0.0,SEASONALLY_WET_BUT_DRY_AT_EVENT_ONSET
A,B2,5729,0.0044,11.0,11.0,0.07,8,10.0,10.0,0.0,SEASONALLY_WET_BUT_DRY_AT_EVENT_ONSET
A,B2,5731,0.0016,11.0,10.0,0.095,10,17.0,70.71067811865476,0.0,SEASONALLY_WET_BUT_DRY_AT_EVENT_ONSET
A,B2,5745,0.0012,11.0,6.0,0.08,3,0.0,1754.8219282878817,,SEASONALLY_WET_BUT_DRY_AT_EVENT_ONSET
A,B2,5749,0.002,11.0,8.0,0.03,3,0.0,1928.9893727027115,,SEASONALLY_WET_BUT_DRY_AT_EVENT_ONSET
