,2023-05-26,2023-05-27,2023-05-28,2023-05-29,2023-05-30,2023-05-31,2023-06-01,2023-06-02,2023-06-03,2023-06-04,2023-06-05,2023-06-06,2023-06-07,2023-06-08,2023-06-09,2023-06-10,2023-06-11,2023-06-12,2023-06-13,2023-06-14,2023-06-15,2023-06-16,2023-06-17,2023-06-18,2023-06-19,2023-06-20,2023-06-21,2023-06-22,2023-06-23,2023-06-24,2023-06-25,2023-06-26,2023-06-27,2023-06-28,2023-06-29,2023-06-30,2023-07-01,2023-07-02,2023-07-03,2023-07-04,2023-07-05,2023-07-06,2023-07-07,2023-07-08,2023-07-09,2023-07-10
22511100010011,0.925379,0.9289613,0.9333727,0.9036474,0.9133924,0.9319799,0.957988,0.9839962,0.971529,0.7865049,0.8234756,5.5297008,5.9312887,6.332877,6.734465,6.0863047,5.331648,4.611831,3.795377,3.1547642,2.7025342,2.2503045,1.9285647,1.5713727,1.3273652,1.0833577,0.9174229,0.7514881,0.6518594,0.6327141,0.6103772,0.5595705,0.5452122,0.60188997,0.6585677,0.6326411,0.6067145,0.5693368,0.5340508,0.45010665,0.3661625,0.3692455,0.3881811,0.4147488,0.2433923,0.413772
22511100010021,0.8501446,0.8646096,0.8886073,0.8950294,0.8781397,0.8969881,0.90797144,0.9189548,0.9253579,0.7740004,0.7676806,5.425979,5.82801,6.230041,6.632072,5.9815583,5.200936,4.5427766,3.813874,3.124369,2.685771,2.2471733,1.8889511,1.5424496,1.2969047,1.0513597,0.8876153,0.7238709,0.5953387,0.6025655,0.536772,0.5437897,0.5232979,0.5682214,0.6131449,0.5874407,0.5617366,0.5561313,0.5365291,0.44548666,0.3544442,0.3351622,0.3582398,0.3637541,0.2747054,0.4041123
22511100010031,0.8671635,0.915973,0.8971096,0.8836217,0.8973814,0.9069023,0.9277834,0.9486645,0.9251339,0.7802586,0.75318,5.3891754,5.802322,6.2154684,6.628615,5.9374757,5.1999693,4.505392,3.7928736,3.1447096,2.678664,2.2126184,1.8685108,1.5605121,1.3026046,1.044697,0.877529,0.7103611,0.5738046,0.6075464,0.5905977,0.5655955,0.5047532,0.5550514,0.6053496,0.6013653,0.5973811,0.5398167,0.5251195,0.39648724,0.267855,0.3418748,0.3238916,0.379257,0.2337289,0.3703599
22511100010041,0.8510877,0.9134397,0.8584514,0.8958159,0.9031466,0.9053323,0.9181511,0.9309699,0.9054219,0.7772376,0.7763252,5.348604,5.7514167,6.154229,6.557042,5.9369373,5.2541766,4.5267143,3.7941368,3.1328888,2.6600757,2.1872623,1.8825123,1.5204928,1.328363,1.0416805,0.86502236,0.6883642,0.6137671,0.5824683,0.5538812,0.5535431,0.5168195,0.56932175,0.621824,0.6050294,0.5882348,0.4965438,0.5753136,0.4634842,0.3516548,0.2896928,0.2944823,0.3593867,0.2739484,0.4115612
22511100010051,0.8880554,0.920901,0.9015702,0.8695003,0.9057261,0.9041022,0.92716354,0.9502249,0.8801281,0.7554338,0.8143374,5.375316,5.773509,6.1717014,6.569894,5.9112563,5.22292,4.4908423,3.7717476,3.162261,2.6986163,2.2349713,1.8812422,1.5080873,1.2379981,1.066321,0.89914143,0.7319619,0.5915445,0.6229689,0.5423485,0.5524503,0.529787,0.5591943,0.5886017,0.6089732,0.6293447,0.5336884,0.5452317,0.46210876,0.3789858,0.3176849,0.3255307,0.3838043,0.2432038,0.3733112
22511100010061,0.8905372,0.9164994,0.8821221,0.8672296,0.8598113,0.8652241,0.881664,0.8981038,0.8671948,0.7511194,0.7641614,5.2911353,5.7238774,6.1566195,6.5893617,5.9179025,5.1910777,4.474902,3.796421,3.1075282,2.6413832,2.1752384,1.8504035,1.5247071,1.2723022,1.0455626,0.8658518,0.686141,0.6046902,0.6143455,0.5620693,0.5783238,0.5085098,0.5503116,0.5921135,0.6077837,0.6234538,0.5180452,0.5368591,0.46980277,0.40274644,0.3356901,0.3462249,0.4005807,0.25237,0.3773928
22511100010071,0.8546733,0.9009347,0.9076274,0.8926236,0.9020583,0.8914571,0.91041416,0.9293712,0.9192873,0.8228675,0.7613138,5.3137817,5.7390676,6.164354,6.5896397,5.9483557,5.2390537,4.4775414,3.786111,3.147405,2.7021036,2.2568026,1.877452,1.550896,1.2912382,1.045531,0.9028304,0.7601298,0.6174292,0.5685812,0.5524211,0.5619874,0.515667,0.5539815,0.592296,0.5931506,0.5940052,0.533568,0.5321376,0.4668721,0.4016066,0.3363411,0.3348383,0.4242742,0.2703194,0.3948578
22511100010081,0.8618969,0.9286603,0.9187999,0.8497737,0.8780413,0.8526383,0.8911266,0.9296148,0.8638254,0.7513439,0.7926986,5.362947,5.760797,6.1586475,6.5564976,5.9042645,5.2507906,4.4892573,3.796708,3.1259482,2.6599216,2.1938953,1.831112,1.503012,1.2524583,1.072393,0.92173254,0.7710722,0.6204119,0.6029705,0.580868,0.5537283,0.5326853,0.5749309,0.6171765,0.60630924,0.595442,0.5508697,0.5175229,0.45317215,0.38882136,0.3244706,0.3672452,0.3913821,0.2670054,0.4031764
22511100010091,0.8690949,0.8715441,0.886008,0.8726936,0.8490475,0.8720496,0.892805,0.9135604,0.8904047,0.7546218,0.7547577,5.314504,5.7174525,6.120401,6.5233493,5.8826456,5.171866,4.467818,3.7578442,3.105816,2.64001,2.1742046,1.8668053,1.4959975,1.2797532,1.0444046,0.8849987,0.7255928,0.5661869,0.5717762,0.5672204,0.5503678,0.4985672,0.54322237,0.5878775,0.5924019,0.5969263,0.5163103,0.4921946,0.40109974,0.3100049,0.3170225,0.3563757,0.3587073,0.2683926,0.3612078
22511100010101,0.8366576,0.8651949,0.8770881,0.8559427,0.8258388,0.8280062,0.8607317,0.8934572,0.8499895,0.7393276,0.7232734,5.2883487,5.7028184,6.1172886,6.531759,5.8930335,5.229394,4.4687195,3.755348,3.1107829,2.661191,2.211599,1.820152,1.4949185,1.2140436,0.996789,0.838408,0.680027,0.5570076,0.5704801,0.5333058,0.545274,0.4992321,0.52754813,0.5558642,0.57044107,0.5850179,0.5158202,0.50328,0.44245306,0.38162613,0.3207992,0.3317125,0.3583037,0.2332264,0.3548611
22511100010111,0.8664622,0.9073277,0.8807187,0.8703846,0.8792426,0.8802428,0.9102566,0.9402704,0.8918076,0.7514681,0.7539512,5.2985334,5.713315,6.1280966,6.5428786,5.9075713,5.192999,4.460988,3.767484,3.117898,2.6673913,2.2168846,1.8670954,1.5134389,1.2467986,1.0407658,0.8657363,0.6907068,0.5926472,0.5730026,0.5469965,0.5535103,0.5302557,0.56642723,0.6025988,0.5990606,0.5955224,0.5219619,0.4883471,0.41489896,0.3414508,0.3260959,0.3468465,0.375488,0.195491,0.3827946
22511100010121,0.8852787,0.8798895,0.8751211,0.8601802,0.8661444,0.8628588,0.88183844,0.9008181,0.8946157,0.768176,0.7479588,5.304371,5.71914,6.133909,6.5486784,5.870569,5.176762,4.4621673,3.7697098,3.1454978,2.6595778,2.173658,1.8693697,1.5095406,1.2183625,1.0349,0.8740259,0.7131519,0.5831334,0.5986929,0.5572832,0.5357382,0.5453624,0.5736804,0.6019984,0.6009329,0.5998674,0.5427709,0.516831,0.4063629,0.2958948,0.3405409,0.3688021,0.4031295,0.2574915,0.3871923
22511100010131,0.870413,0.9190579,0.8823051,0.8436165,0.8494267,0.8602611,0.8567015,0.8531419,0.8495823,0.7229723,0.743565,5.3248854,5.7276387,6.1303926,6.533146,5.89446,5.1543007,4.466647,3.7648275,3.106516,2.6633537,2.2201915,1.8422122,1.5282941,1.2509199,1.0181139,0.84309876,0.6680836,0.5789542,0.5823222,0.570924,0.5595622,0.5247359,0.5508531,0.5769702,0.5895795,0.6021888,0.5349452,0.515314,0.43070346,0.3460929,0.3272331,0.3437004,0.3812508,0.2267215,0.3694386
22511100010141,0.8810205,0.9388286,0.8723456,0.8449401,0.8984185,0.855192,0.8591541,0.86311626,0.8670784,0.7580579,0.7643145,5.387883,5.772305,6.156727,6.5411487,5.8859334,5.213646,4.4660463,3.7430913,3.1189547,2.6476288,2.176303,1.8698057,1.5166007,1.2285856,1.0315919,0.87165534,0.7117188,0.5811416,0.574964,0.5472062,0.5443591,0.5434173,0.56710327,0.5907892,0.5947021,0.5986151,0.5275041,0.5565011,0.44600666,0.3355122,0.3489605,0.3050215,0.4034906,0.2661648,0.3657179
22511100010151,0.8681405,0.9061658,0.9202687,0.8403195,0.8370457,0.8441492,0.8282582,0.8123672,0.8329244,0.7367784,0.7376345,5.364035,5.754512,6.1449885,6.5354652,5.890927,5.240389,4.4595494,3.7493727,3.1137269,2.659971,2.2062154,1.8366754,1.5059446,1.234205,1.0302322,0.8618677,0.6935032,0.5856307,0.5873497,0.5733599,0.5766408,0.5364205,0.56308186,0.5897432,0.5909334,0.5921236,0.529425,0.5277635,0.4646551,0.4015467,0.3518795,0.3562358,0.3848576,0.2750958,0.3709874
22511100010161,0.8702028,0.8670722,0.8639417,0.8405007,0.8232958,0.8273623,0.8375533,0.84774435,0.8579354,0.7162717,0.7463028,5.325709,5.7245097,6.1233106,6.522111,5.8705354,5.194074,4.422617,3.7229803,3.0949728,2.6280062,2.1610396,1.8118186,1.4532707,1.1908199,1.0079383,0.8585916,0.7092449,0.5754423,0.5495654,0.5554422,0.5521303,0.4739428,0.5275366,0.5811304,0.5760313,0.5709322,0.5002515,0.4929731,0.41475326,0.3365334,0.3244225,0.3330723,0.3907595,0.2127192,0.3526598
22511100010171,0.8714358,0.8642073,0.8569789,0.8337608,0.8115729,0.8176308,0.8032534,0.788876,0.822316,0.7528683,0.697337,5.286332,5.694049,6.101766,6.5094833,5.862981,5.1686773,4.41446,3.7166235,3.0887299,2.6311007,2.1734712,1.7870911,1.46655,1.1728281,1.0036069,0.85334593,0.703085,0.5535832,0.5736261,0.549551,0.5337786,0.4884952,0.5378303,0.5871654,0.589326,0.5914867,0.4941028,0.4958945,0.4276666,0.3594387,0.295374,0.3578978,0.3463717,0.2333684,0.3750931
22511100010181,0.9290967,0.9011591,0.8732215,0.8460435,0.8670441,0.8652567,0.8555748,0.84589285,0.8362109,0.760508,0.7524667,5.334262,5.7218623,6.1094627,6.4970627,5.8816295,5.2085385,4.4461746,3.723619,3.0536766,2.6192834,2.18489,1.8445793,1.5135418,1.2081134,1.0351098,0.8368816,0.6386534,0.5649199,0.5623244,0.5262672,0.5332796,0.5136077,0.5363883,0.5591688,0.5825763,0.6059838,0.5066393,0.5150194,0.45074525,0.3864711,0.2948722,0.34095,0.3905854,0.2647229,0.3612063
22511100010191,0.8220528,0.83826244,0.8544721,0.8286019,0.8161513,0.8202165,0.8229172,0.8256179,0.8166101,0.7261333,0.7089079,5.3173304,5.7165656,6.115801,6.515036,5.841226,5.1900096,4.425389,3.6945806,3.0667512,2.6322668,2.197782,1.8001277,1.4343927,1.1990478,1.0128355,0.8577341,0.7026327,0.5544969,0.5708196,0.5512991,0.551177,0.5171871,0.5571709,0.5971547,0.58751154,0.5778684,0.5209923,0.5068524,0.4255609,0.3442694,0.3073447,0.3389558,0.393196,0.2414581,0.3242774
22511100010201,0.8815882,0.8730142,0.8644402,0.8246267,0.8432538,0.8163055,0.82304776,0.82979,0.8280599,0.7336835,0.7215701,5.3345947,5.722891,6.1111875,6.4994836,5.858419,5.126622,4.412434,3.6866732,3.0619674,2.6031177,2.1442678,1.8085903,1.4591249,1.1582061,1.002527,0.84765714,0.6927873,0.5909461,0.5875021,0.565536,0.543863,0.5134685,0.54592067,0.5783728,0.57857454,0.5787763,0.5102293,0.4987745,0.43444556,0.3701166,0.3316526,0.3469304,0.3893419,0.2575532,0.3621586
22511100010211,0.8887175,0.8649121,0.8933958,0.856614,0.8516683,0.8262321,0.831574,0.8369159,0.8422578,0.7362334,0.7342144,5.3255305,5.712639,6.099747,6.4868555,5.836283,5.200943,4.4048743,3.7056613,3.0512395,2.597729,2.1442182,1.8112799,1.4519068,1.1682106,1.009346,0.850882,0.692418,0.5772028,0.5642545,0.5512777,0.5557373,0.529731,0.5560068,0.5822826,0.5971444,0.6120063,0.5195685,0.5091582,0.43722734,0.3652965,0.3303801,0.3678697,0.3691328,0.2633923,0.3872579
22511100010221,0.8128945,0.83981,0.855927,0.8247112,0.8366807,0.8178684,0.82358694,0.8293055,0.8350241,0.7299103,0.7335399,5.316722,5.701696,6.08667,6.471644,5.804047,5.095207,4.386368,3.6730676,3.0125875,2.567511,2.1224346,1.8037268,1.4527669,1.1365849,1.0129943,0.8579809,0.7029675,0.5519131,0.5715108,0.4906508,0.5031458,0.4896902,0.5291963,0.5687024,0.5583364,0.5479703,0.5087246,0.4950345,0.40451506,0.3139956,0.3011428,0.3266175,0.3389999,0.2338959,0.373605
22511100010231,0.8337667,0.8639327,0.8363094,0.7743372,0.8155772,0.7840352,0.79750973,0.8109843,0.7915168,0.6940395,0.6761172,5.2906294,5.6791077,6.067586,6.456064,5.8110037,5.0884724,4.365941,3.6543968,3.0144248,2.583245,2.1520655,1.76491,1.4164368,1.130286,0.961386,0.7955732,0.6297604,0.5420783,0.5547085,0.5142801,0.5211275,0.477004,0.52248305,0.5679621,0.57194865,0.5759352,0.4659136,0.5040072,0.4190344,0.3340616,0.3176773,0.344641,0.3452508,0.2412359,0.3200852
22511100010241,0.8814393,0.8857447,0.8767888,0.8653401,0.8505633,0.849401,0.8521521,0.8549032,0.8576543,0.7283668,0.7555003,5.29355,5.695397,6.097244,6.4990907,5.805625,5.094921,4.3842173,3.6721382,3.032074,2.5728238,2.1135738,1.7787772,1.4537448,1.160567,0.9968369,0.88024306,0.7636492,0.5710435,0.5767921,0.5398556,0.5419939,0.4882606,0.5400589,0.5918572,0.57095635,0.5500555,0.5202107,0.5287514,0.42851806,0.3282847,0.3140438,0.3497057,0.3603242,0.2359543,0.3852412
22511100010251,0.916305,0.8865532,0.8568014,0.8570019,0.8375223,0.8286447,0.8284705,0.8282963,0.8281221,0.7439114,0.7271274,5.3130517,5.69928,6.0855074,6.4717355,5.8236623,5.1079264,4.392191,3.6750767,3.0344212,2.5802596,2.126098,1.7837225,1.4488593,1.1493509,0.9892597,0.82298625,0.6567128,0.580369,0.5740272,0.5332041,0.5508624,0.5181951,0.5531188,0.5880425,0.5687194,0.5493963,0.4957269,0.5059016,0.40787786,0.3098541,0.3368107,0.3399227,0.3873387,0.2406518,0.3792661
22511100010261,0.8391182,0.8545507,0.8699832,0.850496,0.8408501,0.8525195,0.85510504,0.8576906,0.8302168,0.733625,0.7375626,5.3524065,5.723995,6.0955844,6.467173,5.8310876,5.112195,4.393302,3.687244,3.0124798,2.5710952,2.1297107,1.7622707,1.4483904,1.1926739,1.0002025,0.8823802,0.7645579,0.5935832,0.6053465,0.5593629,0.5802177,0.5306331,0.5639516,0.5972701,0.5830976,0.5689251,0.5132802,0.527101,0.43964246,0.3521839,0.3275226,0.3571331,0.3898964,0.2533499,0.3775979
22511100010271,0.9124762,0.88988596,0.8672957,0.9022336,0.8682727,0.8487817,0.9242895,0.9997974,0.8633025,0.7605839,0.7450926,5.3873796,5.7594795,6.131579,6.5036783,5.8266788,5.1044087,4.3821387,3.6925867,3.059437,2.5886233,2.1178093,1.7892363,1.4517243,1.2244836,1.0050021,0.90111345,0.7972248,0.6109143,0.6074333,0.5475753,0.5920112,0.5056578,0.5392763,0.5728948,0.5828314,0.592768,0.5094407,0.5408819,0.4518667,0.3628515,0.3284011,0.3424865,0.4025187,0.2731928,0.4067637
22511100010281,0.8486239,0.84651285,0.8444018,0.8566012,0.8528653,0.8440257,0.8462944,0.8485631,0.8508318,0.741556,0.7166542,5.381935,5.739085,6.0962353,6.4533854,5.8012586,5.0849032,4.368548,3.6689126,2.9854395,2.5191905,2.0529416,1.7403328,1.4071687,1.1822035,0.9941291,0.90565693,0.8171848,0.5981012,0.5714822,0.5193949,0.5393167,0.4958121,0.5403997,0.5849872,0.58881986,0.5926525,0.5043397,0.4959468,0.408723,0.3214992,0.3133985,0.350006,0.3839815,0.2218028,0.3643208
22511100010291,0.7296524,0.7749135,0.8201746,0.8335453,0.8595254,0.8317547,0.83646977,0.84118485,0.8458999,0.7438601,0.712916,5.363159,5.72802,6.092881,6.4577417,5.777616,5.0711975,4.3647795,3.6451738,2.9959593,2.550917,2.1058748,1.7716569,1.4437491,1.9519405,0.9576795,0.8180599,0.6784403,0.5388207,0.5557641,0.5389652,0.5206032,0.4884846,0.5173331,0.5461816,0.5574837,0.5687857,0.4911538,0.4906127,0.4173122,0.3440117,0.3283604,0.3532696,0.3558339,0.2324728,0.3523718
22511100010301,0.756261,0.790995,0.7230327,0.7255295,0.7454777,0.7124485,0.7447764,0.7771043,0.8094322,0.5930331,0.6036831,5.102525,5.485098,5.86767,6.250242,5.6071625,4.9112186,4.206444,3.5262635,2.8883686,2.4626827,2.0369968,1.6797523,1.3592794,1.1557168,0.9521542,0.819887,0.6876198,0.5553526,0.615474,0.5868047,0.5439529,0.5628363,0.56794345,0.5730506,0.5857781,0.5985056,0.5456328,0.4795114,0.438488,0.3974646,0.3039409,0.3391815,0.4237716,0.2435044,0.3940178
22511100010311,0.6797363,0.7916895,0.7176378,0.7333586,0.7117553,0.70017,0.9341168,1.1680636,0.7584371,0.5899802,0.610877,4.7631383,5.2522435,5.7413487,6.230454,5.589346,4.9237065,4.212798,3.5155063,2.890389,2.4436939,1.9969989,1.661621,1.3540204,1.2117481,0.9468817,0.9082209,0.8695601,0.5674594,0.6010686,0.5790952,0.5255053,0.4888047,0.54980654,0.6108084,0.5809178,0.5510272,0.4973663,0.5298977,0.458888,0.3878783,0.3009254,0.3252509,0.3964252,0.2800196,0.3974395
22511100010321,0.7019347,0.8352273,0.6787241,0.6815828,0.6998224,0.6658298,0.6970655,0.7283012,0.7301997,0.5860233,0.6016607,4.3993235,4.963541,5.527759,6.0919766,5.4432087,4.843319,4.091027,3.4205456,2.8043299,2.3848581,1.9653866,1.6094044,1.3361324,1.1363766,0.9034771,0.88466936,0.8658616,0.553235,0.5524665,0.5352781,0.5481568,0.5025266,0.5452716,0.5880166,0.5827309,0.5774452,0.5115377,0.5083636,0.449826,0.3912884,0.3221852,0.3440377,0.386571,0.3610746,0.3959638
22511100010331,0.4730092,0.426125,0.6862253,0.6395949,0.64503,0.6408173,0.65917134,0.6775254,0.6765671,0.5241327,0.529464,4.534403,5.0900126,5.6456223,6.201232,5.529168,4.841648,4.1609306,3.4582086,2.844477,2.413852,1.9832269,1.6324044,1.3168344,1.0984161,0.8799977,0.7769926,0.6739875,0.5709824,0.547089,0.5190531,0.4801379,0.5023333,0.5167298,0.5311262,0.5493473,0.5675684,0.4706681,0.50753,0.2943971,0.0812642,0.3248373,0.3146986,0.3340434,0.2287392,0.3646114
22511100010341,0.7346766,0.6867742,0.7136303,0.6753039,0.7076095,0.6697034,0.6732077,0.676712,0.7160755,0.5675863,0.5785608,4.451254,5.0142217,5.57719,6.1401577,5.480789,4.8329906,4.133405,3.4288187,2.8142772,2.404366,1.9944547,1.6390132,1.3206542,1.1257656,0.9308769,0.81328124,0.6956856,0.57809,0.5859954,0.5577091,0.5520625,0.5182129,0.5476909,0.5771689,0.59212625,0.6070836,0.530307,0.5420352,0.47794247,0.41384974,0.349757,0.3761568,0.390653,0.345414,0.3992708
22511100010351,0.6566491,0.6644645,0.6562649,0.618834,0.643991,0.6339288,0.6342458,0.6345628,0.6664001,0.5735217,0.5243842,4.3880644,4.9509664,5.513868,6.07677,5.4156218,4.78265,4.0536757,3.375541,2.7512417,2.3810205,2.0107996,1.5794073,1.2291723,1.036286,0.8433996,0.7301091,0.6168186,0.5035281,0.5258583,0.4989002,0.5131656,0.4582288,0.48617125,0.5141137,0.5202168,0.52632,0.4557994,0.4775613,0.42206788,0.36657444,0.311081,0.3397425,0.350269,0.286153,0.368451
22511100010361,0.6884302,0.6299941,0.6522955,0.6541136,0.6469475,0.6433396,0.6362681,0.6291966,0.6862232,0.5691883,0.5505988,4.3734136,4.9436517,5.5138903,6.0841284,5.4327583,4.7727056,4.066552,3.4086173,2.7858086,2.398346,2.010883,1.5954058,1.2686934,1.0778134,0.8869334,0.7574735,0.6280136,0.4985537,0.52,0.5311968,0.5183785,0.4922176,0.5139111,0.5356046,0.5490049,0.5624052,0.4722417,0.4702669,0.420185,0.3701031,0.3200212,0.344607,0.3557387,0.2978362,0.3421226
22511100010371,0.6866629,0.63708,0.6774681,0.6633643,0.6530356,0.6558787,0.6485065,0.6411343,0.6555783,0.5653922,0.5608141,4.4054394,4.9579053,5.510371,6.0628376,5.42002,4.7593255,4.0672097,3.4114053,2.7862375,2.380802,1.9753662,1.6032718,1.262389,1.0632851,0.8641813,0.7508739,0.63756657,0.5242592,0.5600179,0.4969762,0.5240036,0.4654026,0.5071513,0.5489,0.5519893,0.5550786,0.4866163,0.4875337,0.43822595,0.38891822,0.3396105,0.3436622,0.389869,0.2892397,0.3524821
22511100010381,0.7189022,0.7001243,0.7118109,0.6884256,0.6931064,0.6734374,0.659731,0.6460246,0.7328648,0.5854987,0.6029098,4.3692813,4.941558,5.513834,6.0861106,5.465563,4.7734413,4.0889874,3.4323664,2.8098009,2.382632,1.9554632,1.6447446,1.3375102,1.11968,0.90185,0.7813826,0.6609152,0.5404478,0.5445763,0.5482043,0.5151966,0.4860497,0.5289823,0.5719149,0.56446946,0.557024,0.5112375,0.5019107,0.4428608,0.3838109,0.324761,0.3623131,0.3820941,0.262923,0.3482696
22511100010391,0.7041999,0.637348,0.6619835,0.6651386,0.659944,0.6447221,0.6570449,0.6693677,0.6816856,0.5859418,0.5553721,4.383346,4.9387884,5.4942303,6.0496726,5.4118547,4.758777,4.059986,3.3935778,2.7766254,2.3677528,1.9588804,1.5989039,1.2654054,1.0764365,0.8874677,0.7659029,0.644338,0.5227732,0.5455974,0.5241752,0.5204144,0.5188616,0.53254765,0.5462337,0.5561063,0.5659789,0.4914467,0.5180036,0.45872027,0.39943692,0.3401536,0.3699503,0.3875221,0.3032814,0.372441
22511100010401,0.6994859,0.595553,0.672735,0.6442575,0.6648758,0.6622672,0.64872,0.6351728,0.7023103,0.5426174,0.5625438,4.347995,4.9084415,5.468888,6.0293345,5.418472,4.7301493,4.045294,3.3874803,2.7621827,2.3592186,1.9562542,1.6014527,1.2784321,1.0828961,0.8873602,0.77616286,0.66496545,0.5537681,0.5749041,0.5303756,0.5361422,0.503493,0.5281836,0.5528742,0.5648286,0.576783,0.5153998,0.5003835,0.44445965,0.38853577,0.3326119,0.3497129,0.3630673,0.3181852,0.3858782
22511100010411,0.6836029,0.6464418,0.7010537,0.6588503,0.6679247,0.662274,0.6860167,0.7097594,0.6694916,0.5810037,0.5732545,4.325183,4.887853,5.450524,6.0131946,5.3595324,4.75109,4.030614,3.376098,2.763822,2.3838027,2.0037832,1.6116308,1.280819,1.0878296,0.8948401,0.77897686,0.6631136,0.5472503,0.5790254,0.5281277,0.5575964,0.510648,0.53430593,0.5579639,0.5767533,0.5955427,0.527076,0.4921902,0.4462186,0.400247,0.3542754,0.375924,0.4121478,0.3478145,0.3837327
22511100010421,0.6814178,0.5911168,0.6439187,0.6349379,0.6557583,0.6212711,0.64060926,0.6599474,0.6580085,0.5129447,0.5493584,4.2843084,4.84404,5.4037714,5.963503,5.334548,4.712467,4.0035605,3.3565962,2.7097392,2.3178656,1.9259921,1.5644432,1.2568016,1.0595045,0.8622075,0.74927616,0.6363448,0.5234134,0.5463314,0.5090861,0.5319613,0.4878019,0.5053371,0.5228723,0.54214996,0.5614276,0.4959877,0.4610363,0.4135192,0.3660021,0.318485,0.3247549,0.3373074,0.270149,0.3534993
22511100010431,0.6967761,0.6359057,0.6470193,0.6224108,0.6402985,0.6205626,0.6358518,0.651141,0.6495495,0.5367675,0.532635,4.237945,4.8073826,5.37682,5.946257,5.3165264,4.6675577,4.000591,3.318702,2.7077553,2.3134854,1.9192153,1.562861,1.2310874,1.0375341,0.8439808,0.72616774,0.60835475,0.4905417,0.5225418,0.5083256,0.5113701,0.5014971,0.5196608,0.5378245,0.54073155,0.5436386,0.4755911,0.4670284,0.4220294,0.3770304,0.3320314,0.3321479,0.3660238,0.2830106,0.3712552
22511100010441,0.6592295,0.6380013,0.6732617,0.6519119,0.6544129,0.652198,0.6594645,0.6667309,0.6828849,0.5638875,0.5414944,4.2222047,4.7952824,5.3683605,5.941438,5.2812085,4.653402,3.967211,3.322888,2.7010994,2.3203242,1.9395489,1.5615023,1.2556481,1.0548834,0.8541186,0.73744136,0.62076414,0.5040869,0.5514648,0.523963,0.5264414,0.4950359,0.51646596,0.537896,0.55295324,0.5680105,0.5003866,0.4706731,0.42719758,0.38372204,0.3402465,0.3477236,0.375706,0.3155073,0.3644884
22511100010451,0.6361428,0.6036908,0.65262,0.6298497,0.63006,0.6171895,0.6244379,0.6316863,0.6613514,0.5232747,0.5134472,4.160637,4.738793,5.3169484,5.8951044,5.2656546,4.610812,3.9374464,3.2834165,2.693303,2.3162332,1.9391633,1.5499734,1.2342945,1.0392939,0.8442933,0.73275846,0.62122357,0.5096887,0.5427974,0.5128844,0.4891022,0.5109829,0.53582156,0.5606602,0.5713071,0.5819541,0.4967924,0.4877219,0.4420902,0.3964585,0.3508268,0.3261721,0.3784213,0.337774,0.3799331
22511100010461,0.6320013,0.6496575,0.6259725,0.6166273,0.6290013,0.6211066,0.6409348,0.660763,0.6475808,0.5382685,0.5438351,4.157035,4.7374034,5.317772,5.8981404,5.2696457,4.6117864,3.945639,3.2714996,2.6835995,2.3141844,1.9447696,1.550498,1.253525,1.0575101,0.8614953,0.7559256,0.6503559,0.5447862,0.5839348,0.5551046,0.5349537,0.5286632,0.5515893,0.5745154,0.5727343,0.5709532,0.502172,0.5138755,0.46003926,0.40620303,0.3523668,0.3876476,0.3926058,0.3808749,0.4199428
22511100010471,0.799212,0.6467662,0.6428949,0.6103223,0.6148394,0.6376032,0.6757458,0.7138884,0.6583945,0.5603451,0.5596626,4.149846,4.7280345,5.3062224,5.8844104,5.270114,4.588608,3.9491506,3.3096275,2.7284248,2.340036,1.9516468,1.5699912,1.2433916,1.0761322,0.9088727,0.80356926,0.6982658,0.5929623,0.5912907,0.591125,0.6023613,0.582477,0.6102079,0.6379388,0.63074565,0.6235525,0.5672284,0.5309721,0.47064266,0.41031322,0.3499838,0.3461117,0.4679954,0.3864351,0.4447486
22511100010481,0.7672405,0.73493904,0.7026376,0.6775629,0.6855316,0.6651018,0.67089015,0.6766785,0.7132368,0.5646232,0.5811387,4.1485186,4.7326946,5.316871,5.901047,5.2733235,4.645848,3.9225826,3.3126397,2.708588,2.2967253,1.8848628,1.5828649,1.2689203,1.0794426,0.8899649,0.77010643,0.650248,0.5303895,0.5872615,0.5427253,0.5628158,0.5075109,0.5452398,0.5829687,0.5833385,0.5837083,0.5397805,0.5251554,0.4647808,0.4044062,0.3440316,0.3688264,0.4136072,0.3212131,0.4222279
22511100010491,0.7036892,0.6635102,0.6393068,0.6076243,0.6383793,0.618968,0.6279787,0.6369894,0.6680209,0.5114835,0.5181629,4.061309,4.6526613,5.2440133,5.8353653,5.2420363,4.6011763,3.9023912,3.2638268,2.6442146,2.2522995,1.8603845,1.5413308,1.1953152,1.0182576,0.8412001,0.7282718,0.61534345,0.5024151,0.534611,0.5191863,0.5289406,0.4819886,0.5110218,0.540055,0.55063665,0.5612183,0.5032151,0.4658459,0.3251315,0.1844171,0.2824751,0.3094003,0.3445117,0.2453132,0.3279081
22511100010501,0.6695825,0.6633928,0.6419323,0.6330572,0.6568459,0.6395035,0.6523168,0.6651301,0.6495858,0.5176371,0.540351,4.034699,4.6257586,5.2168183,5.807878,5.2118454,4.5868516,3.9164028,3.2514756,2.6690645,2.282677,1.8962892,1.5248947,1.216276,1.0435843,0.8708927,0.74815327,0.62541384,0.5026744,0.5616715,0.5446846,0.5232283,0.51242,0.5458803,0.5793406,0.5770671,0.5747936,0.4964799,0.5080118,0.40482214,0.3016325,0.29694,0.3182665,0.376061,0.2568139,0.3573906
22511100010511,0.6894847,0.660009,0.6601063,0.6405704,0.6503937,0.6660709,0.6565524,0.6470339,0.6607589,0.5390283,0.549431,4.0717,4.6673884,5.2630763,5.8587646,5.2331734,4.5726185,3.8994107,3.2384272,2.690351,2.254478,1.818605,1.5451396,1.2466223,1.0606636,0.8747048,0.752687,0.6306691,0.5086513,0.5749997,0.5374439,0.5191486,0.4960577,0.53741056,0.5787634,0.5730966,0.5674298,0.502383,0.4938171,0.45864564,0.4234742,0.3148409,0.3335425,0.356878,0.2564223,0.3531195
22511100010521,0.6594061,0.6989485,0.6832937,0.6634394,0.6848918,0.6410799,0.66935605,0.6976322,0.6502236,0.5669707,0.5670369,4.1309752,4.7143207,5.297666,5.8810115,5.2241726,4.597906,3.9423087,3.2694862,2.696932,2.248654,1.8003757,1.5725577,1.2280461,1.0613122,0.8945783,0.7790192,0.6634601,0.547901,0.5331228,0.5192709,0.5212926,0.5340286,0.5578457,0.5816628,0.5807946,0.5799263,0.5127387,0.5159375,0.4448212,0.3737049,0.3025886,0.3402298,0.3774848,0.2529709,0.3986587
22511100010531,0.6894199,0.6894199,0.6486408,0.637471,0.6553034,0.6199818,0.6499727,0.6799635,0.6766988,0.5376854,0.5445949,4.038356,4.6299343,5.2215133,5.8130918,5.2112904,4.595855,3.8902614,3.2497244,2.64097,2.2572377,1.8735052,1.5087999,1.2383709,1.0510219,0.8636729,0.7570254,0.6503779,0.5437304,0.5539405,0.5388472,0.506187,0.4860586,0.51483923,0.5436199,0.5642414,0.5848629,0.5110674,0.4983795,0.435067,0.3717545,0.308442,0.3478387,0.3512714,0.2367814,0.3585337
22511100010541,0.7102317,0.7102317,0.6471596,0.6758525,0.6448508,0.6556871,0.6849434,0.7141996,0.6825625,0.5491348,0.5480089,4.0542455,4.6427426,5.2312393,5.8197365,5.2157903,4.590178,3.8996732,3.254235,2.6588416,2.320628,1.9824141,1.5630738,1.2333772,1.0598483,0.8863195,0.7689083,0.6514972,0.534086,0.5604269,0.543722,0.5249585,0.4809366,0.5179932,0.5550498,0.5632092,0.5713686,0.4891431,0.477551,0.42885727,0.38016352,0.3314698,0.3269632,0.3741311,0.2663413,0.3375299
22511100010551,0.6963086,0.6963086,0.6656919,0.6379691,0.6626463,0.6127851,0.654404,0.6960229,0.6935476,0.5639095,0.5488191,4.0837846,4.6645555,5.245326,5.8260965,5.188981,4.539632,3.8917458,3.2789726,2.6763186,2.3091505,1.9419823,1.5397373,1.2315415,1.0463763,0.8612113,0.7571,0.6529886,0.5488773,0.5689988,0.5344271,0.5412763,0.4991801,0.5324125,0.5656449,0.57639635,0.5871478,0.5257992,0.503305,0.4399946,0.3766842,0.3133738,0.3448848,0.3593815,0.2433692,0.3957156
22511100010561,0.7338188,0.7338188,0.6933488,0.656003,0.6505356,0.6541553,0.6916035,0.7290517,0.6980939,0.5576745,0.5546711,4.032345,4.626011,5.2196765,5.8133426,5.19096,4.5348883,3.8605907,3.2643356,2.6704955,2.2846384,1.8987815,1.5313165,1.2662235,1.0775948,0.8889659,0.76655483,0.64414376,0.5217327,0.5704047,0.5407958,0.5307258,0.531452,0.54969233,0.5679327,0.577555,0.5871773,0.4973502,0.5074635,0.44018942,0.37291536,0.3056413,0.3554271,0.3715119,0.2511287,0.3714748
22511100010571,0.6462111,0.6462111,0.6485587,0.6104531,0.6042097,0.6208379,0.64677894,0.67272,0.6152289,0.4968812,0.5127336,3.9053986,4.511722,5.118046,5.7243695,5.118952,4.529453,3.824636,3.167543,2.6042407,2.066295,1.528349,1.4813865,1.2011348,1.0099461,0.8187573,0.7101127,0.601468,0.4928234,0.5431943,0.4778517,0.4846763,0.4711516,0.50512165,0.5390917,0.5379096,0.5367275,0.4588078,0.4579683,0.3967934,0.3356185,0.2744436,0.3214931,0.3181663,0.2054877,0.3218521
22511100010581,0.6841548,0.6462797,0.6135096,0.6157848,0.6082023,0.6127991,0.64334637,0.6738936,0.6224012,0.4971094,0.5181396,3.8863535,4.491427,5.0965004,5.701574,5.076123,4.4402575,3.8185906,3.1660683,2.5980203,2.217059,1.8360977,1.4551364,1.185085,0.9956112,0.8061373,0.6962565,0.5863757,0.4764949,0.5284069,0.4902578,0.506683,0.4699341,0.49992836,0.5299226,0.5350179,0.5401132,0.4626365,0.4513353,0.40203696,0.35273862,0.3034403,0.3206743,0.3082944,0.222835,0.3213124
22511100010591,0.6212697,0.6337286,0.6476308,0.5744831,0.6280836,0.6046385,0.6318464,0.6590544,0.634516,0.5062475,0.4949993,3.8525226,4.4619117,5.071301,5.68069,5.0931654,4.416739,3.79318,3.1455638,2.564814,2.1953537,1.8258933,1.4564328,1.1594816,0.991777,0.8240723,0.7220519,0.6200315,0.5180111,0.5236418,0.4772891,0.4944541,0.4994883,0.52083397,0.5421796,0.54776156,0.5533435,0.4698303,0.444417,0.39163,0.338843,0.286056,0.3129903,0.342826,0.2226278,0.3192992
22511100010601,0.6248166,0.6402105,0.644751,0.5995363,0.613359,0.6178191,0.63686144,0.6559038,0.6337407,0.5034043,0.4996208,3.8020837,4.4267354,5.0513873,5.6760387,5.06097,4.430356,3.7817495,3.15339,2.5803294,2.2080524,1.8357751,1.463498,1.1869844,1.0134182,0.8398521,0.7204356,0.6010191,0.4816026,0.5072517,0.4851115,0.4901023,0.4773518,0.50621945,0.5350871,0.53093785,0.5267886,0.4251437,0.4593542,0.40628135,0.35320854,0.3001357,0.3254887,0.3558166,0.225603,0.3546394
22511100010611,0.5959752,0.6495033,0.6170371,0.6022954,0.5783687,0.61623,0.63930935,0.6623887,0.6004666,0.5172372,0.4870753,3.7657075,4.394997,5.0242863,5.653576,5.0388846,4.4085536,3.7415235,3.122261,2.555939,2.1917863,1.8276335,1.4634807,1.1501241,0.97715944,0.8041948,0.6889847,0.5737745,0.4585644,0.5228829,0.4801499,0.4925355,0.4713047,0.50511247,0.5389202,0.53038937,0.5218585,0.4826073,0.4734763,0.4017978,0.3301193,0.2584408,0.3033503,0.3289232,0.211065,0.3264936
22511100010621,0.6769256,0.6383418,0.5900893,0.6205042,0.6274665,0.6016002,0.6369391,0.672278,0.6347584,0.5043381,0.5231853,3.749554,4.3832784,5.0170026,5.650727,5.0234313,4.4179916,3.7363005,3.1165354,2.5656874,2.2001019,1.8345163,1.4689307,1.1742612,0.9893549,0.8044486,0.69187766,0.57930666,0.4667357,0.5240683,0.4850613,0.4949819,0.4604707,0.4882018,0.5159329,0.51828885,0.5206448,0.4489983,0.4615077,0.40226883,0.34302998,0.2837911,0.3006114,0.3418479,0.249533,0.3362623
22511100010631,0.6308649,0.630049,0.6276847,0.6201775,0.6050873,0.620712,0.6365709,0.6524297,0.6165868,0.4806965,0.5125567,3.7330742,4.362404,4.9917336,5.621063,5.0314584,4.4166737,3.7661855,3.1364775,2.5574205,2.1819227,1.8064249,1.430927,1.1590239,0.99006987,0.8211158,0.7198688,0.6186218,0.5173748,0.5255136,0.4826126,0.5165472,0.4920062,0.5100709,0.5281356,0.53256154,0.5369875,0.4633584,0.4502453,0.39393207,0.33761883,0.2813056,0.3152931,0.3152177,0.2607477,0.283662
22511100010641,0.6332629,0.68658,0.6559689,0.6222906,0.6821364,0.670629,0.7157636,0.7608983,0.6342624,0.5240693,0.5496874,3.6407945,4.3142896,4.987785,5.6612797,5.012042,4.434626,3.7909021,3.1518009,2.574968,2.2097013,1.8444347,1.479168,1.1925844,1.0308367,0.8690891,0.75512207,0.641155,0.527188,0.5766052,0.4903955,0.5134793,0.5084,0.5184535,0.5285069,0.5614297,0.5943525,0.4854881,0.5176139,0.52062064,0.5236274,0.4301265,0.3366256,0.3719567,0.2774593,0.3481155
22511100010651,0.6739911,0.6946004,0.6513127,0.6380898,0.6694918,0.632164,0.7154532,0.7987424,0.6789085,0.5463219,0.5259825,3.5627809,4.2515216,4.9402623,5.6290026,4.9993362,4.3547473,3.7173388,3.0957372,2.5575385,2.195418,1.8332974,1.4711769,1.2034307,1.0351039,0.8667771,0.7503437,0.63391024,0.5174768,0.5698221,0.5295016,0.5172491,0.4742985,0.5271345,0.5799705,0.577684,0.5753975,0.5177553,0.5185319,0.52058524,0.5226386,0.2331025,0.3338776,0.3811367,0.2756458,0.38966
22511100010661,0.7243872,0.5938344,0.6268114,0.6174992,0.6481262,0.6409655,0.629667,0.6183685,0.60707,0.5206876,0.4986379,3.3841825,4.1207924,4.8574023,5.5940123,4.9352183,4.311963,3.692183,3.0316052,2.4934952,2.143219,1.7929426,1.4426664,1.184889,0.9915864,0.7982838,0.7032927,0.60830164,0.5133106,0.5210352,0.511611,0.4758998,0.456807,0.48893574,0.5210645,0.52969044,0.5383164,0.4523165,0.4576943,0.38899684,0.3202994,0.3220899,0.3025398,0.322949,0.2378194,0.3267695
22511100010671,0.6841385,0.6160245,0.6294784,0.6230032,0.6372512,0.6044918,0.630374,0.6562562,0.6435888,0.5235693,0.479497,3.2780693,3.6874366,4.0968037,4.506171,4.9155383,4.3204474,3.6535892,3.0505097,2.4979782,2.1365554,1.7751329,1.4137102,1.1534586,0.9858444,0.8182301,0.7143124,0.61039466,0.5064769,0.5287153,0.5013263,0.48012,0.4431424,0.5012584,0.5593744,0.55411845,0.5488625,0.4606346,0.4770405,0.4550293,0.4330181,0.36800224,0.3029864,0.315521,0.2784143,0.3257783
22511100010681,0.8012864,0.6552393,0.6050135,0.5988472,0.6575882,0.6136149,0.6449238,0.6762327,0.658351,0.5320817,0.5141215,3.2206235,3.979942,4.7392607,5.4985795,4.87979,4.2693634,3.6173646,3.0253222,2.4979396,2.1297276,1.7615159,1.3933039,1.1584038,0.9872612,0.8161187,0.7063171,0.5965156,0.486714,0.525776,0.4936045,0.4628271,0.4392222,0.4887099,0.5381976,0.53325105,0.5283045,0.4612091,0.4597025,0.3651265,0.2705505,0.1759745,0.2994611,0.3472675,0.2040544,0.3295788
22511100010691,0.6217407,0.6677891,0.5512555,0.6107559,0.6309104,0.6189702,0.3062402,0.6222799,0.6456424,0.4997188,0.5003684,3.21274,3.9269083,4.6410766,5.355245,4.824489,4.248711,3.6139846,3.003201,2.457878,2.1075692,1.7572603,1.4069514,1.1376787,0.9617623,0.7858458,0.6855856,0.5853255,0.4850653,0.5439901,0.4898045,0.4986485,0.4462077,0.4838228,0.5214379,0.5279793,0.5345207,0.4542694,0.4229619,0.38191015,0.34085837,0.2998066,0.3162158,0.3356064,0.2056173,0.3427145
22511100010701,0.6838471,0.6448636,0.5727504,0.5759639,0.6096406,0.5986177,0.60603,0.6134423,0.6208546,0.4746315,0.4943206,3.1382744,3.5503879,3.962501,4.3746142,4.786728,4.2217975,3.6312823,3.004236,2.43828,2.0897856,1.741291,1.3927965,1.0914643,0.9472334,0.8030024,0.7003045,0.5976066,0.4949087,0.5277127,0.4562998,0.4541605,0.4283311,0.47933066,0.5303302,0.5339795,0.5376288,0.4506074,0.4487857,0.391831,0.3348763,0.2779216,0.3240435,0.3167909,0.2136942,0.3237445
22511100010711,0.5786785,0.786371,0.7254049,0.6644388,0.6396154,0.6141086,0.62496597,0.6358233,0.6466807,0.5344372,0.5350252,3.156341,3.5515857,3.9468303,4.342075,4.7373195,4.159776,3.55064,2.9864395,2.4323702,2.0810266,1.7296828,1.3783392,1.1297997,1.0013849,0.8729699,0.74249786,0.61202574,0.4815537,0.5212475,0.5011269,0.5410918,0.6642442,0.636188,0.6081317,0.6032297,0.5983277,0.5283333,0.4848084,0.40674073,0.32867306,0.2506054,0.3186952,0.3387338,0.2287006,0.353355
22511100010721,0.8707617,1.2818778,1.0744592,0.8670406,0.907056,0.5802762,0.59393877,0.60760134,0.6212639,0.7513782,0.7258987,3.1127462,3.510382,3.9080174,4.305653,4.7032886,4.1616716,3.6504145,3.1850839,2.6629837,2.238743,1.8145026,1.3902621,1.1684669,1.0870917,1.0057164,0.90375924,0.80180204,0.6998448,0.5245331,0.4846585,0.8549432,0.7472305,0.804564,0.8618975,0.8158078,0.7697181,0.7028231,0.7080502,1.1921211,1.676192,0.2694168,0.2804985,0.487111,0.6540359,0.3394814
22511100010731,0.5759322,0.6870065,0.7413597,0.6505016,0.6737333,0.5962245,0.6085344,0.6208443,0.6331542,0.5223393,0.5529396,3.0590935,3.4751484,3.8912036,4.3072586,4.723314,4.1813283,3.5814407,2.97263,2.4251728,2.0732493,1.7213259,1.3694023,1.138044,0.9647474,0.7914509,0.6985669,0.60568297,0.512799,0.5060022,0.5342909,0.4917037,0.4698572,0.51609236,0.5623275,0.5247766,0.4872256,0.519279,0.4998724,0.43326002,0.36664766,0.3000353,0.2848441,0.3684678,0.2177441,0.334959
22511100010741,0.6553758,0.7840581,0.7136612,0.7142161,0.7820721,0.670878,0.6714798,0.67208165,0.6726835,0.5591509,0.5864751,3.1189556,3.814617,4.510278,5.2059393,4.720406,4.1596956,3.5658338,2.9703858,2.463632,2.1133983,1.7631644,1.4129305,1.1268985,0.9776367,0.8283749,0.7151738,0.60197264,0.4887715,0.5208078,0.5117005,0.4765841,0.4438075,0.4878796,0.5319517,0.52898335,0.526015,0.4694416,0.5237091,0.4454236,0.3671381,0.29242,0.3343979,0.3554785,0.2063069,0.3439714
22511100010751,0.5712353,0.7101769,0.8374219,0.6603229,0.7261891,0.5877052,0.605624,0.62354285,0.6414617,0.5180578,0.5433342,3.037792,3.7745554,4.5113187,5.248082,4.6490045,4.0692296,3.461747,2.908713,2.4129562,2.0618415,1.7107266,1.3596117,1.1346556,0.97252685,0.8103981,0.72272754,0.63505703,0.5473865,0.542164,0.4736092,0.4497063,0.4741984,0.49274766,0.5112969,0.51853985,0.5257828,0.4971673,0.4938369,0.42635494,0.35887298,0.291391,0.3507604,0.3239282,0.2290874,0.3363297
22511100010761,0.6673362,0.6509562,0.61991674,0.5888773,0.6257906,0.6223338,0.62343025,0.6245267,0.6256231,0.5050709,0.5063004,3.0635145,3.4517882,3.8400621,4.228336,4.6166096,4.158828,3.532452,2.8908122,2.4523768,2.119184,1.7859911,1.4527982,1.1030827,0.9547037,0.8063247,0.7046402,0.60295576,0.5012713,0.5010078,0.4784304,0.473717,0.4649412,0.49358496,0.5222287,0.5286827,0.5351367,0.4665118,0.532351,0.4543936,0.3764362,0.2984788,0.325109,0.3517439,0.2190249,0.348879
22511100010771,0.5929773,0.5929773,0.5929773,0.5929773,0.6404985,0.5899642,0.6074915,0.6250187,0.642546,0.5032239,0.5388551,3.0803537,3.4795275,3.8787014,4.277875,4.677049,4.140518,3.464789,2.9455144,2.4235973,2.0505624,1.6775272,1.304492,1.1420014,0.9824789,0.8229564,0.72809356,0.63323075,0.5383679,0.5046111,0.4982056,0.479408,0.4545145,0.4946326,0.5347507,0.56442976,0.5941088,0.4868997,0.5611528,0.4814785,0.4018042,0.3221299,0.347654,0.3220859,0.2156807,0.3245429
22511100010781,0.6092284,0.6092284,0.5296557,0.6237204,0.5911452,0.5850216,0.598424,0.6118264,0.6252288,0.4826803,0.5369499,3.0359929,3.2459235,3.4558542,3.6657848,3.8757157,4.085646,3.5112562,2.959985,2.4368794,2.0825465,1.7282137,1.3738807,1.1314002,0.9677078,0.8040154,0.7052624,0.6065094,0.5077564,0.5252005,0.499907,0.4767691,0.4406255,0.4816861,0.5227467,0.517297,0.5118473,0.5131434,0.46064526,0.4081471,0.35564896,0.3031508,0.3067487,0.3534825,0.2084169,0.364466
22511100010791,0.6670354,0.6670354,0.6001142,0.6285572,0.6881069,0.5975523,0.6149373,0.6323223,0.6497073,0.477317,0.5167817,3.0537913,3.264184,3.4745765,3.6849692,3.895362,4.1057544,3.5438137,2.9686277,2.4447165,2.0971556,1.7495948,1.4020339,1.1328739,0.9792982,0.8257224,0.7136218,0.6015212,0.4894206,0.485516,0.4791299,0.476219,0.4880811,0.51486284,0.5416446,0.53412145,0.5265983,0.480959,0.4020119,0.3230648,0.2441177,0.3073136,0.3123771,0.3383607,0.1945726,0.3321225
22511100010801,0.6490964,0.6490964,0.6012132,0.6261329,0.6411687,0.6337274,0.6427243,0.6517211,0.660718,0.5244749,0.5658048,3.1270049,3.3275795,3.5281541,3.7287288,3.9293034,4.129878,3.5216725,3.0048108,2.492633,2.1272826,1.7619321,1.3965816,1.1609805,1.0054992,0.8500181,0.7363759,0.6227337,0.5090915,0.5215115,0.4877584,0.5084785,0.4849243,0.5096003,0.5342763,0.5275209,0.5207655,0.4567112,0.4119669,0.3672226,0.3224783,0.2761301,0.3427965,0.3447552,0.2298095,0.371665
22511100020011,0.9158965,0.9158965,0.9305773,0.945345,0.9677367,0.9185279,0.95495075,0.9913736,0.9179466,0.805255,0.7728218,6.1767645,6.4546485,6.732532,7.010416,6.2578335,5.55481,4.7260556,3.9671812,3.2580419,2.8244805,2.390919,1.9573575,1.6140705,1.3340832,1.0825555,0.9034894,0.7244233,0.6321103,0.573924,0.5528513,0.5619902,0.537492,0.578823,0.6201539,0.6028027,0.5854515,0.5053388,0.5416821,0.46137378,0.38106543,0.3007571,0.3109925,0.3611834,0.2878744,0.3829839
22511100020021,0.9158443,0.9158443,0.9032195,0.8832295,0.8757395,0.861716,0.9050765,0.948437,0.8772697,0.765571,0.7600813,6.1529956,6.405413,6.657831,6.9102488,6.21084,5.4954343,4.6730523,3.924303,3.2136626,2.7175126,2.2213624,1.9140027,1.5733451,1.3687539,1.0442613,0.87089133,0.6975214,0.5989889,0.5856059,0.5475654,0.5902506,0.4982409,0.5439065,0.5895721,0.59460115,0.5996302,0.5410746,0.5257289,0.45312393,0.38051897,0.307914,0.3480662,0.34238,0.3022275,0.3761157
22511100020031,0.9225522,0.9225522,0.886002,0.8756072,0.8787076,0.8767123,0.8967282,0.9167441,0.9033685,0.7965831,0.7465589,6.1103616,6.3651757,6.61999,6.874804,6.1808553,5.44395,4.658541,3.9090774,3.2012916,2.7755792,2.3498669,1.9241544,1.5749073,1.3617533,1.0576806,0.8753473,0.693014,0.5702607,0.565246,0.528699,0.5550912,0.5156297,0.5465552,0.5774808,0.5787532,0.5800256,0.5054171,0.5116299,0.43907133,0.36651278,0.2939542,0.3468569,0.3663868,0.238548,0.3961381
22511100020041,0.923339,0.923339,0.8903291,0.8940649,0.915938,0.9242866,0.93505377,0.9458209,0.9233137,0.8174227,0.7807606,6.0313597,6.3061895,6.5810194,6.8558493,6.173105,5.432186,4.6250873,3.9071116,3.2345092,2.7706168,2.3067243,1.8428317,1.544302,1.352015,1.0796425,0.8861722,0.6927018,0.5881622,0.5885643,0.5663257,0.5610886,0.456625,0.5172361,0.5778472,0.5930415,0.6082357,0.5271341,0.5291471,0.46340412,0.39766118,0.3319182,0.4048675,0.3694115,0.2419223,0.3993146
22511100020051,0.9143492,0.9143492,0.8754135,0.8852775,0.921308,0.8785579,0.90543544,0.932313,0.8883915,0.7765891,0.7581198,5.954309,6.2548003,6.555292,6.8557835,6.1416535,5.4102626,4.644901,3.8985243,3.1969895,2.7284214,2.2598531,1.8703632,1.5309377,1.3533539,1.0458469,0.8697124,0.6935779,0.576448,0.5712187,0.5331531,0.5373231,0.535145,0.5744955,0.613846,0.6050264,0.5962068,0.5205824,0.5165481,0.4386115,0.3606749,0.2827383,0.301514,0.373504,0.2100342,0.3647004
22511100020061,0.9489616,0.9489616,0.8941111,0.923356,0.9175469,0.9037183,0.9313522,0.9589861,0.9188887,0.7763823,0.7722581,5.8902855,6.1965857,6.502886,6.809186,6.1011014,5.347751,4.5944014,3.8532987,3.164808,2.733594,2.3023796,1.8711654,1.5411042,1.1877493,1.0575716,0.8850114,0.712451,0.5857272,0.5892397,0.5547904,0.5515234,0.5009352,0.5374938,0.5740525,0.5800443,0.5860361,0.5148506,0.5141988,0.45154095,0.38888305,0.3262252,0.318169,0.3740781,0.2442341,0.3573182
22511100020071,0.8514249,0.9207593,0.9348796,0.895126,0.9206034,0.8983226,0.92222834,0.9461341,0.8877345,0.7865864,0.7730486,5.691336,6.0646634,6.437991,6.811319,6.089636,5.3674784,4.5733852,3.8538942,3.1618264,2.6953735,2.2289207,1.8940603,1.5576468,1.3139997,1.0703526,0.8940433,0.7177341,0.6051733,0.5713097,0.5494342,0.5600646,0.5523248,0.5694206,0.5865164,0.59906054,0.6116047,0.5557283,0.5492968,0.46874335,0.38818994,0.3076365,0.3107262,0.3825048,0.2678034,0.3688675
22511100030011,0.9061536,0.9142332,0.9502498,0.9540662,0.9282361,0.9764196,1.0504144,1.0318545,0.9836769,0.9075698,0.8344966,6.153736,6.4635816,6.773427,7.083272,6.4159427,5.622058,4.8680487,4.0668373,3.3691702,2.9115553,2.4539404,1.9963254,1.6886475,1.3865316,1.0844157,0.90846986,0.732524,0.6404774,0.6472517,0.5645806,0.6043828,0.565037,0.59019744,0.6153579,0.6376688,0.6599797,0.5444592,0.5802982,0.50710183,0.4339055,0.4103608,0.3817404,0.4262076,0.3199425,0.4200552
22511100030021,1.0619158,0.9811054,0.9301774,0.9726503,0.991312,0.8930066,0.9422533,1.0646138,0.9364194,0.8665466,0.8677407,6.178826,6.478945,6.7790637,7.0791826,6.3966193,5.602491,4.829179,4.075205,3.41164,2.9402037,2.4687672,1.9973308,1.6372422,1.3665268,1.0958116,0.89917,0.7025284,0.6272084,0.611761,0.5451458,0.5773522,0.5162697,0.5602455,0.6042213,0.6453493,0.6864773,0.5620481,0.5644436,0.49926296,0.4340823,0.3648799,0.4223874,0.4060598,0.3182959,0.3752038
22511100030031,0.8109685,0.9763373,0.8863864,0.852398,0.9436207,0.915927,0.9693391,1.0227512,0.9448347,0.7805833,0.8430012,6.125124,6.4307027,6.736281,7.041859,6.324389,5.5416517,4.785642,4.0517683,3.337568,2.8720043,2.4064403,1.9408764,1.6041842,1.3449168,1.0856495,0.9197351,0.7538206,0.5324496,0.6042788,0.5656575,0.5707746,0.5618784,0.5821617,0.602445,0.59924316,0.5960413,0.5503388,0.4769492,0.4207616,0.364574,0.3083864,0.340171,0.3775349,0.3060919,0.4161773
22511100030041,0.971442,0.971442,0.8504481,0.9207779,0.9232578,0.9513986,0.9485682,1.0282688,0.9325107,0.8947283,0.8187204,6.161834,6.444109,6.726384,7.008659,6.350082,5.626495,4.7655907,4.0454283,3.3325338,2.8815022,2.4304707,1.9794391,1.6783935,1.3547034,1.0310134,0.9128594,0.7947054,0.5912978,0.6222702,0.5507738,0.5896015,0.5442432,0.56014943,0.5760557,0.5655981,0.5551405,0.5258982,0.5172794,0.44062197,0.36396453,0.2873071,0.3650696,0.3829497,0.25823,0.3705174
22511100030051,0.9600994,0.9742393,0.9289106,0.8957167,0.9417434,0.938795,0.976597,0.9329469,0.9686711,0.8154456,0.7796795,2.3372543,3.894829,5.452404,7.009979,6.3013453,5.5698037,4.7870474,4.032516,3.3516774,2.8976529,2.4436285,1.989604,1.5994352,1.4459006,1.0966678,0.89536417,0.6940605,0.6080029,0.6715358,0.6390427,0.5371639,0.4910697,0.5415051,0.5919405,0.56480765,0.5376748,0.5473602,0.5737563,0.48028722,0.38681817,0.2933491,0.32715335,0.3609576,0.2620305,0.4040256
22511100030061,0.9459983,0.9459983,0.9324188,0.9576109,0.9567593,0.9437753,1.0135154,1.0217406,0.969866,0.8203572,0.810537,2.3618665,3.9131958,5.464525,7.0158544,6.329126,5.623409,4.8237796,4.02241,3.3562639,2.9046223,2.4529805,2.0013387,1.6301726,1.3096186,1.1324116,0.9289028,0.725394,0.5918977,0.6440704,0.6049613,0.5801694,0.4940425,0.5354791,0.5769158,0.5864144,0.595913,0.4721255,0.59234,0.5330545,0.4737689,0.3854101,0.3425928,0.4345417,0.2292071,0.4213114
22511100030071,0.9634351,0.9634351,0.8945157,0.9868881,0.9573748,0.9256421,0.9670836,1.0346978,0.9402972,0.8561085,0.8215462,2.3731337,3.9247212,5.476309,7.0278964,6.297761,5.5493836,4.7602916,4.035476,3.3644998,2.8865235,2.4085474,1.9418439,1.6253662,1.3334297,1.1053721,0.9253629,0.7453537,0.5894746,0.5908309,0.5850808,0.5446446,0.5081393,0.55761904,0.6070988,0.6024601,0.5978214,0.5135843,0.5643402,0.47913733,0.39393446,0.3087316,0.3982422,0.388316,0.2541695,0.370782
22511100030081,0.9220178,0.9587888,0.9427074,0.9494934,0.9524358,0.9648524,0.8505772,0.9765457,0.9521822,0.8424207,0.8245996,6.07853,6.3836517,6.688773,6.993895,6.3130827,5.5566173,4.7830606,4.024779,3.3375518,2.8706627,2.4037735,1.9368844,1.6407558,1.367353,1.0939502,0.912974,0.7319979,0.629753,0.6217095,0.6093595,0.5609781,0.518182,0.5789564,0.6397308,0.6180243,0.5963178,0.5119337,0.545397,0.46294904,0.38050106,0.2980531,0.3269468,0.3915738,0.2363402,0.3864372
22511100030091,0.9441564,0.92592,0.9460141,0.9250341,0.9572371,0.9914223,0.9912727,0.9911231,0.9264963,0.8364693,0.8149128,6.14572,6.438899,6.7320786,7.0252576,6.329181,5.5925484,4.7633424,3.967916,3.3214564,2.8542192,2.386982,1.9197448,1.6379552,1.3810203,1.1240854,0.94269174,0.7612981,0.6069844,0.622157,0.5737322,0.551276,0.5218038,0.5847604,0.647717,0.6420906,0.6364642,0.537092,0.5045991,0.4468478,0.3890965,0.3313452,0.3722584,0.4055333,0.2574731,0.4233202
22511100030101,0.9582035,0.9655179,1.0031316,0.9369039,0.9649763,0.9555071,0.9769086,0.9983102,0.9652101,0.8415753,0.8773575,6.123394,6.4304833,6.7375727,7.044662,6.3138723,5.6430326,4.7737384,3.9875991,3.3131752,2.8673186,2.421462,1.9756054,1.6121101,1.36488,1.1176498,0.9471005,0.7765512,0.6332104,0.5813008,0.5728938,0.572001,0.5122947,0.583302,0.6543094,0.63990515,0.6255009,0.4991195,0.5431069,0.47759816,0.41208944,0.3465807,0.4097011,0.4123792,0.2669535,0.3812906
22511100030111,0.9565497,0.9565497,0.9591253,0.9374696,0.9648815,0.9572609,0.9457065,0.9341521,0.9225977,0.8338342,0.8278687,6.095241,6.4008117,6.706382,7.0119524,6.267712,5.5279875,4.737666,3.9785879,3.3122573,2.8549037,2.3975503,1.9401968,1.5869792,1.3477664,1.1085536,0.9366817,0.7648097,0.6128126,0.6188515,0.5875537,0.5374141,0.5058343,0.55693555,0.6080368,0.6160679,0.624099,0.5281026,0.5453193,0.47798386,0.41064844,0.343313,0.36308554,0.3828581,0.2556932,0.3770179
22511100040015,0.404769,0.404769,0.404769,0.4549113,0.4281536,0.4081589,0.4151511,0.4221433,0.4291355,0.2577732,0.3415193,0.3405823,0.33964533,0.33870834,0.33777136,0.33683437,0.3358974,0.33496043,0.33402345,0.33308646,0.33214948,0.3312125,0.3302755,0.32933852,0.32840154,0.32746455,0.32652757,0.32559058,0.3246536,0.3517141,0.3787746,0.38611454,0.3934545,0.40079445,0.4081344,0.43601456,0.4638947,0.429197,0.3985129,0.35310143,0.30768996,0.2622785,0.228092,0.2325713,0.0062037,0.0062037
22511100040025,0.3559761,0.3559761,0.3559761,0.4062314,0.4245033,0.3896036,0.42340893,0.45721427,0.4910196,0.2120347,0.3099381,0.3172728,0.32460752,0.33194223,0.3392769,0.34661162,0.35394633,0.36128104,0.36861575,0.37595046,0.38328516,0.39061987,0.39795455,0.40528926,0.41262397,0.41995868,0.4272934,0.4346281,0.4419628,0.4702349,0.45166436,0.43309385,0.4145233,0.38236114,0.350199,0.3818975,0.413596,0.3882099,0.465012,0.39194164,0.31887126,0.2458009,0.241456,0.2651867,0.1357726,0.2929241
22511100040035,0.3836219,0.39710256,0.41058323,0.4240639,0.4842073,0.4286656,0.4451498,0.461634,0.4781182,0.2098463,0.3215327,0.34107304,0.36061338,0.38015375,0.3996941,0.41923442,0.43877476,0.4583151,0.47785544,0.4973958,0.5169361,0.5364765,0.55601686,0.5755572,0.59509754,0.61463785,0.6341782,0.65371853,0.6732589,0.4554199,0.2985794,0.3569511,0.3750885,0.45621404,0.5373396,0.54680336,0.5562671,0.59485775,0.6334484,0.5180315,0.40261453,0.2871976,0.2324558,0.3253506,0.1055778,0.2605446
22511100040045,0.350001,0.36338753,0.37677407,0.3901606,0.3576597,0.4195267,0.42737746,0.43522823,0.443079,0.2551019,0.3123717,0.3283345,0.34429732,0.36026013,0.37622294,0.39218575,0.40814856,0.42411137,0.44007418,0.45603696,0.47199976,0.48796257,0.5039254,0.5198882,0.47267857,0.42546895,0.37825933,0.3310497,0.2838401,0.4138955,0.4419399,0.3645156,0.4326303,0.43256596,0.4325016,0.4219542,0.4114068,0.4093297,0.3762873,0.3432449,0.3102025,0.2771601,0.2547519,0.2282621,0.1171997,0.2737653
22511100040055,0.4198731,0.421825,0.4237769,0.4257288,0.3981554,0.4314758,0.41697907,0.40248233,0.3879856,0.2833051,0.3432261,1.5028657,1.6930417,1.8832177,2.0733936,2.2635696,2.4537456,2.1799476,1.9061496,1.6323518,1.3585538,1.0847558,0.8109578,0.7357018,0.6610957,0.5864895,0.53119606,0.47590256,0.4206091,0.4267547,0.3958687,0.3466289,0.356667,0.3922356,0.4278042,0.41395134,0.4000985,0.4531152,0.40553996,0.3579647,0.31038946,0.2628142,0.2118667,0.1747788,0.1793858,0.2950022
22511100040065,0.4903535,0.46684223,0.44333097,0.4198197,0.4432637,0.419883,0.42676616,0.43364933,0.4405325,0.2573151,0.3680334,1.3612156,1.5807412,1.8002667,2.0197923,2.239318,2.4588437,2.1972609,1.9356781,1.6740954,1.4125127,1.1509299,0.8893472,0.7266235,0.65595394,0.5852844,0.50118786,0.41709128,0.3329947,0.4518181,0.4229108,0.3615912,0.4313656,0.4412115,0.4510574,0.4545723,0.4580872,0.4189254,0.38012838,0.34133136,0.3025343,0.2637373,0.1611163,0.1713012,0.1667095,0.2580316
22511100040075,0.4615184,0.4615184,0.4615184,0.4615184,0.4438921,0.4322014,0.44738147,0.46256155,0.4777416,0.2743218,0.3720834,1.4172777,1.6366986,1.8561196,2.0755405,2.2949615,2.5143826,2.138757,1.7631313,1.5546995,1.3462677,1.1378359,0.9294041,0.7530353,0.66632426,0.5796132,0.5546336,0.529654,0.5046744,0.439158,0.460309,0.3978361,0.4328977,0.43405864,0.4352196,0.47028095,0.5053423,0.4503505,0.439517,0.40410987,0.36870274,0.3332956,0.2270052,0.2588909,0.169036,0.1856242
22511100040085,0.3433945,0.36719906,0.39100364,0.4148082,0.4283467,0.3447292,0.38634115,0.42795312,0.4695651,0.3239816,0.3310438,1.317563,1.5755188,1.8334748,2.0914307,2.3493865,2.6073425,2.2293255,1.8513085,1.6031276,1.3549469,1.106766,0.8585851,0.7215014,0.6682562,0.6150111,0.58305055,0.55108994,0.5191294,0.4193177,0.4641422,0.358467,0.5259762,0.50031936,0.4746625,0.48460135,0.4945402,0.5124022,0.35258,0.3426241,0.3326682,0.3227123,0.3070214,0.2355523,0.133219,0.259433
22511100040095,0.4065625,0.4065625,0.4065625,0.4065625,0.4372946,0.4206461,0.45745313,0.49426016,0.5310672,0.2831737,0.3467458,1.2787366,1.5358703,1.7930039,2.0501378,2.3072712,2.564405,2.2416463,1.8221844,1.5804304,1.3386765,1.0969225,0.8551685,0.6753637,0.60837597,0.5413882,0.51466304,0.48793793,0.4612128,0.4851849,0.3800771,0.3865321,0.4870149,0.48859236,0.4901698,0.52487093,0.5595721,0.4135896,0.6117372,0.48298058,0.35422394,0.2254673,0.2919381,0.1962101,0.1573532,0.3388901
22511100040105,0.4315768,0.42170534,0.41183385,0.4019624,0.4779948,0.4165842,0.42491436,0.43324453,0.4415747,0.1959341,0.3689837,1.3035111,1.5563298,1.8091486,2.0619674,2.314786,2.5676048,2.150402,1.7829973,1.5446056,1.306214,1.0678225,0.8294308,0.7242754,0.6428066,0.5613378,0.5142215,0.46710512,0.4199888,0.4541752,0.4013413,0.3522204,0.4418861,0.45942965,0.4769732,0.48355696,0.4901407,0.4850327,0.429682,0.37433124,0.31898052,0.2636298,0.2552833,0.1872935,0.1279654,0.2636041
22511100040115,0.3394629,0.3687072,0.3979515,0.4271958,0.4720461,0.3955419,0.40177622,0.40801057,0.4142449,0.2421621,0.3519819,0.71596557,1.0799491,1.4439329,1.8079165,2.1719,2.535884,2.133255,1.7158661,1.4998336,1.2838011,1.0677686,0.8517361,0.7021323,0.6322421,0.5623519,0.5410733,0.51979476,0.4985162,0.4714528,0.4189888,0.3626096,0.5377583,0.49837524,0.4589922,0.46307686,0.4671615,0.4707588,0.4129123,0.3550658,0.2972193,0.2393728,0.2492296,0.1976841,0.1753042,0.1719805
22511100040125,0.3750258,0.4020592,0.4290926,0.456126,0.3842748,0.4220478,0.44124597,0.46044412,0.4796423,0.2155264,0.3067431,0.7162442,1.1257453,1.5352465,1.9447476,2.3542488,2.7637498,2.2365024,1.7038016,1.4919977,1.2801938,1.0683898,0.8565859,0.7076763,0.65822,0.6087637,0.5423788,0.4759939,0.409609,0.4862359,0.4433755,0.3503024,0.4029629,0.41796115,0.4329594,0.4674182,0.501877,0.498333,0.4935576,0.42226976,0.35098192,0.2796941,0.2732772,0.1616952,0.1378653,0.2698194
22511100040135,0.3878114,0.39099413,0.39417687,0.3973596,0.444589,0.4322811,0.45148823,0.47069538,0.4899025,0.2188552,0.3087465,0.70790446,1.1070623,1.5062203,1.9053782,2.304536,2.703694,2.2185924,1.9385061,1.6584201,1.3783339,1.0982478,0.8181617,0.6711702,0.5923061,0.5134419,0.46627468,0.41910744,0.3719402,0.43475,0.378371,0.4485621,0.4025608,0.40962115,0.4166815,0.44438055,0.4720796,0.4135084,0.4613762,0.38361213,0.30584806,0.228084,0.1828787,0.1820986,0.1953125,0.2403998
22511100040145,0.3970747,0.43179646,0.4665182,0.4395058,0.4463858,0.3997193,0.45202976,0.50434023,0.5566507,0.2576763,0.33148,0.74100775,1.1505355,1.5600632,1.9695909,2.3791187,2.7886465,2.2681394,1.9874436,1.7067479,1.4260522,1.1453565,0.8646608,0.6307203,0.6149739,0.5992275,0.5523244,0.5054213,0.4585182,0.4877522,0.4962042,0.4827765,0.5032412,0.51353437,0.5238275,0.493308,0.4627885,0.498708,0.503657,0.42101532,0.33837366,0.255732,0.2135577,0.3110102,0.1804281,0.3218663
22511100040155,0.4396696,0.4711408,0.502612,0.3997325,0.4686178,0.3977994,0.4221339,0.4464684,0.4708029,0.2885811,0.3332697,0.7449735,1.1566772,1.5683811,1.9800848,2.3917887,2.8034923,2.3087666,2.0205193,1.7322718,1.4440243,1.155777,0.8675295,0.7030086,0.6537122,0.6044158,0.56249195,0.52056813,0.4786443,0.4260292,0.422724,0.4472726,0.4050168,0.4595079,0.513999,0.5361242,0.5582494,0.4970545,0.4866507,0.40610826,0.32556584,0.2450234,0.2123761,0.252644,0.1712642,0.2574686
22511100040165,0.436449,0.4601954,0.4839418,0.503687,0.4796652,0.4652482,0.48118812,0.49712807,0.513068,0.3072959,0.4195149,0.830237,1.240959,1.6516812,2.0624032,2.4731255,2.8838475,2.367619,2.0687227,1.7698264,1.4709301,1.1720337,0.8731374,0.7500739,0.683364,0.616654,0.5515236,0.4863932,0.4212628,0.4158951,0.4462773,0.3908158,0.494018,0.48010224,0.4661865,0.4875086,0.5088307,0.4982618,0.4638964,0.39667258,0.32944873,0.2622249,0.1537199,0.2675284,0.2317269,0.3203534
22511100040175,0.3441707,0.41577074,0.4873708,0.4426451,0.5164767,0.4532073,0.4813474,0.5094875,0.5376276,0.3495224,0.3734966,0.8164325,1.2593684,1.7023042,2.14524,2.588176,3.031112,2.4835243,2.160194,1.8368633,1.5135326,1.1902021,0.8668715,0.7978331,0.7036214,0.6094097,0.54845184,0.48749396,0.4265361,0.4801065,0.4679335,0.4619764,0.4589257,0.4633346,0.4677435,0.48469234,0.5016412,0.5164189,0.4565131,0.39819893,0.33988476,0.2815706,0.29198906,0.3024075,0.2785537,0.3306901
22511100040185,0.3397916,0.3887354,0.4376792,0.4328223,0.5126051,0.451865,0.4685846,0.4853042,0.5020238,0.2777197,0.3149032,0.6164885,0.9180739,1.2196592,1.5212445,1.82283,2.1244152,2.4260006,2.099781,1.7735616,1.4473422,1.1211227,0.7949032,0.757288,0.7006728,0.6440576,0.55982816,0.47559872,0.3913693,0.462007,0.4186691,0.3624938,0.4343003,0.4843822,0.5344641,0.5130596,0.4916551,0.4501006,0.4630081,0.38734496,0.31168184,0.2360187,0.2326306,0.1524233,0.1639088,0.2802059
22511100040195,0.3457707,0.3934812,0.4411917,0.4312648,0.4514964,0.3672974,0.3976085,0.4279196,0.4582307,0.2766636,0.3277271,0.35487387,0.38202062,0.40916738,0.43631414,0.46346092,0.49060768,0.51775444,0.5449012,0.57204795,0.5991947,0.62634146,0.6534882,0.680635,0.6587233,0.6368116,0.54714644,0.45748132,0.3678162,0.4043326,0.4048295,0.39129,0.3894216,0.41085,0.4322784,0.44536465,0.4584509,0.4559387,0.4314448,0.35512602,0.27880725,0.2024885,0.2337801,0.2370687,0.1648663,0.2508701
22511100040205,0.3830081,0.40298665,0.4229652,0.415469,0.401659,0.4164262,0.45553496,0.49464375,0.5337525,0.3479021,0.3732451,0.4009479,0.42865068,0.4563535,0.48405626,0.51175904,0.53946185,0.56716466,0.59486747,0.6225702,0.650273,0.67797583,0.7056786,0.7333814,0.6505925,0.5678036,0.5065249,0.44524628,0.3839676,0.3802291,0.3791018,0.3356139,0.3959222,0.4092472,0.4225722,0.4020038,0.3814354,0.4337254,0.3947361,0.341943,0.2891499,0.2363568,0.1264207,0.2355839,0.1293946,0.2537062
22511100040215,0.4448494,0.4448494,0.4448494,0.382986,0.4262939,0.4170974,0.4115878,0.4060782,0.4005686,0.3142131,0.3506767,0.3827093,0.4147419,0.4467745,0.47880712,0.51083976,0.54287237,0.574905,0.6069376,0.6389702,0.6710028,0.7030354,0.73506796,0.7671006,0.67052054,0.5739405,0.52457345,0.47520638,0.4258393,0.3262284,0.2942743,0.3540535,0.3947017,0.4251898,0.4556779,0.4269663,0.3982547,0.4195045,0.4150511,0.36626422,0.31747738,0.2686905,0.21568935,0.1626882,0.1784975,0.2925932
22511100040225,0.4746562,0.4746562,0.4746562,0.4560647,0.466125,0.3661632,0.3607921,0.355421,0.3500499,0.2581053,0.3846003,0.39163718,0.39867407,0.40571097,0.41274786,0.41978472,0.42682162,0.4338585,0.44089538,0.44793227,0.45496917,0.46200606,0.46904293,0.47607982,0.48311672,0.4901536,0.47893837,0.46772313,0.4565079,0.495966,0.442223,0.427961,0.467074,0.44377074,0.4204675,0.43635485,0.4522422,0.3733042,0.3159314,0.29242104,0.26891068,0.2454003,0.2397455,0.2340907,0.1128913,0.2361343
22511100040235,0.4809542,0.4809542,0.4809542,0.4809542,0.4809542,0.47174612,0.46253806,0.45332998,0.4441219,0.3567586,0.422412,0.4200839,0.4177558,0.41542774,0.41309965,0.41077155,0.40844348,0.40611538,0.40378729,0.4014592,0.39913112,0.39680302,0.39447492,0.39214686,0.38981876,0.38749066,0.3851626,0.3828345,0.3805064,0.45208025,0.5236541,0.3136129,0.5040851,0.4886674,0.4732497,0.4569926,0.4407355,0.4244784,0.4082213,0.35550928,0.30279723,0.2500852,0.22858696,0.2070887,0.2104031,0.1857859
22511100040245,0.4778262,0.4778262,0.4778262,0.4778262,0.4778262,0.46262637,0.44742656,0.43222675,0.4170269,0.4018271,0.3535625,0.3954336,0.43730474,0.47917584,0.52104694,0.56291807,0.6047892,0.6466603,0.6885314,0.7304025,0.77227366,0.8141448,0.85601586,0.897887,0.8387191,0.77955127,0.7203834,0.66121554,0.6020477,0.5428798,0.48371196,0.4245441,0.4237477,0.4374256,0.4511035,0.3873854,0.3236673,0.4760606,0.446812,0.3870882,0.3273644,0.2676406,0.24410985,0.2205791,0.1667154,0.2480227
22511100040255,0.4334064,0.4334064,0.4334064,0.4334064,0.4935487,0.45671394,0.4198792,0.38304445,0.3462097,0.3755482,1.3475288,2.3195095,2.1933162,2.0671227,1.9409295,1.8147362,1.688543,1.5623497,1.4361564,1.3099631,1.1837698,1.0575765,0.9313832,0.8051899,0.74158293,0.67797595,0.614369,0.55076206,0.48715508,0.4235481,0.41754445,0.4115408,0.6447157,0.5282369,0.4117581,0.3924785,0.3731989,0.4242527,0.4827277,0.3984857,0.3142437,0.2300017,0.23591734,0.241833,0.1687112,0.2707044
22511100040265,0.4899499,0.4899499,0.4899499,0.4899499,0.4979208,0.4717934,0.49085924,0.50992507,0.5289909,0.3458987,0.433786,2.2907186,2.1689792,2.0472398,1.9255003,1.8037609,1.6820214,1.560282,1.4385426,1.3168031,1.1950637,1.0733243,0.9515848,0.8298454,0.7458924,0.66193944,0.5779865,0.4940335,0.4100805,0.4129077,0.5022867,0.4586448,0.4755385,0.487698,0.4998575,0.5139392,0.5280209,0.4780867,0.4064079,0.36268124,0.31895456,0.2752279,0.1369001,0.246191,0.2096909,0.3081873
22511100040275,0.4746075,0.4746075,0.4746075,0.4746075,0.5045947,0.5092296,0.52765566,0.5460817,0.5645078,0.3939829,0.3975019,2.3583145,2.2392068,2.120099,2.0009913,1.8818836,1.7627759,1.6436683,1.5245606,1.4054528,1.2863451,1.1672374,1.0481297,0.8538322,0.77687985,0.6999275,0.6229752,0.54602283,0.4690705,0.401794,0.4170397,0.4279163,0.4837493,0.46019655,0.4366438,0.4732529,0.509862,0.5058928,0.4349999,0.38344857,0.33189723,0.2803459,0.0710238,0.2501675,0.2382343,0.3889091
22511100040285,0.5073935,0.5073935,0.5073935,0.4772365,0.4688161,0.4877437,0.50410634,0.520469,0.5368317,0.3847546,0.3893454,2.4825573,2.3487983,2.215039,2.0812798,1.9475205,1.8137614,1.6800021,1.5462428,1.4124837,1.2787244,1.1449652,1.011206,0.8196338,0.7408759,0.662118,0.58336014,0.50460225,0.4258444,0.4886271,0.389373,0.4492226,0.3752454,0.4488191,0.5223928,0.47481364,0.4272345,0.444794,0.428082,0.37464663,0.32121128,0.2677759,0.25853974,0.2493036,0.2144139,0.2965979
22511100040295,0.4779111,0.4779111,0.4779111,0.5166386,0.4649049,0.4669504,0.48797145,0.50899255,0.5300136,0.334287,0.4102178,2.5011742,2.3676271,2.23408,2.1005332,1.9669862,1.8334392,1.6998923,1.5663453,1.4327983,1.2992513,1.1657044,1.0321574,0.8159751,0.74073666,0.6654982,0.59025973,0.51502126,0.4397828,0.4872699,0.4184467,0.4034567,0.4695361,0.4707586,0.4719811,0.4870434,0.5021057,0.4478703,0.4232278,0.36940417,0.31558055,0.2617569,0.2593346,0.2569123,0.2552667,0.3311685
22511100040305,0.5428124,0.5428124,0.5428124,0.4865938,0.4732953,0.4253766,0.47354662,0.52171665,0.5698867,0.3291307,0.3436254,2.523443,2.6856842,2.8479254,3.0101664,3.1724076,3.3346486,2.9513824,2.568116,2.1848495,1.801583,1.4183166,1.0350502,0.8522031,0.7886268,0.7250505,0.62193215,0.51881385,0.4156955,0.4871518,0.5082542,0.4145867,0.4077711,0.43590006,0.464029,0.4771981,0.4903672,0.4182997,0.4699576,0.4145264,0.3590952,0.303664,0.27423424,0.2448045,0.1954287,0.2520214
22511100040315,0.5123607,0.5123607,0.5123607,0.4814147,0.5120757,0.4647329,0.48930332,0.51387376,0.5384442,0.3558579,0.3613316,2.5633097,2.7413168,2.919324,3.097331,3.275338,3.453345,2.9423807,2.4211187,1.899857,1.6267264,1.3535956,1.080465,0.9073578,0.8120627,0.7167676,0.6205163,0.524265,0.4280137,0.4507574,0.4230958,0.422074,0.4355681,0.4506209,0.4656737,0.4683197,0.4709657,0.4607487,0.4818448,0.40413642,0.32642806,0.2487197,0.2390849,0.2294501,0.2138465,0.2828913
22511100040325,0.5940127,0.5940127,0.5940127,0.5144324,0.5324545,0.4995427,0.52485764,0.5501726,0.5754876,0.3633553,0.4034846,2.6347275,2.7992415,2.9637554,3.1282694,3.2927833,3.4572973,2.9760697,2.4633322,1.9505947,1.6622083,1.373822,1.0854357,0.8886921,0.79460603,0.70052,0.62979555,0.55907106,0.4883466,0.4052664,0.4494727,0.4738802,0.4777668,0.4905639,0.503361,0.4727555,0.44215,0.4860795,0.4449344,0.3873646,0.3297948,0.272225,0.2639357,0.2556464,0.2064478,0.3303435
22511100040335,0.5273155,0.5273155,0.5273155,0.4723153,0.4958249,0.4867442,0.51074016,0.53473604,0.558732,0.416676,0.4139979,2.7290099,2.905023,3.0810363,3.2570496,3.433063,3.6090763,2.9718893,2.4830174,1.9941455,1.6961721,1.3981987,1.1002254,0.8894832,0.78578836,0.6820935,0.6027326,0.5233717,0.4440108,0.4209117,0.4503923,0.4076107,0.4314581,0.45397675,0.4764954,0.48355365,0.4906119,0.4383449,0.4297918,0.39473763,0.35968345,0.3246293,0.29328775,0.2619462,0.142905,0.2443118
22511100040345,0.5284682,0.5284682,0.5284682,0.5434219,0.5451515,0.5391535,0.5394406,0.5397277,0.5400148,0.3731504,0.4168971,2.8033984,2.9484808,3.0935633,3.2386456,3.383728,3.5288105,2.9818242,2.5121675,2.0425107,1.7311372,1.4197637,1.1083902,0.9442928,0.8121343,0.6799759,0.5961526,0.51232934,0.4285061,0.4818229,0.4265835,0.4407219,0.4594192,0.4469645,0.4345098,0.4543892,0.4742686,0.3570322,0.4036884,0.35851046,0.31333253,0.2681546,0.2730766,0.2779986,0.1008717,0.270153
22511100040355,0.5429067,0.5429067,0.5429067,0.5509107,0.5067948,0.4821818,0.4855985,0.4890152,0.4924319,0.3960033,0.4406558,2.847676,2.9929159,3.1381557,3.2833953,3.4286351,3.573875,3.047012,2.5299335,2.0128546,1.7056284,1.3984021,1.0911759,0.9058471,0.7974922,0.6891373,0.6022339,0.51533043,0.428427,0.4672398,0.4763084,0.4075099,0.3988032,0.4571451,0.515487,0.5098428,0.5041986,0.4406525,0.3980757,0.35032827,0.30258083,0.2548334,0.2516163,0.2483992,0.1007791,0.2982004
22511100040365,0.5514674,0.5514674,0.5514674,0.5094356,0.5479486,0.456077,0.49399206,0.53190714,0.5698222,0.424327,0.3730849,2.800182,2.9437854,3.087389,3.2309923,3.3745956,3.5181992,3.098572,2.5545583,2.0105445,1.7263334,1.4421222,1.157911,0.8882459,0.7944796,0.7007133,0.63147515,0.562237,0.4929989,0.4262746,0.4106093,0.4164974,0.4133263,0.45286655,0.4924068,0.49386385,0.4953209,0.4129067,0.4370957,0.3902408,0.3433859,0.296531,0.25448686,0.2124427,0.1523001,0.3080326
22511100040375,0.4951798,0.4951798,0.4951798,0.555284,0.4872424,0.5136591,0.51463765,0.51561624,0.5165948,0.3588468,0.4231322,2.791174,2.9402907,3.0894077,3.2385247,3.3876414,3.5367584,3.0075586,2.528528,2.0494974,1.7523257,1.455154,1.1579823,0.8884357,0.78410447,0.6797732,0.5834347,0.4870962,0.3907577,0.4587528,0.4121674,0.3919884,0.4379159,0.45840925,0.4789026,0.4672641,0.4556256,0.4272783,0.4351052,0.37475294,0.31440067,0.2540484,0.24464636,0.2352443,0.1207187,0.2465043
22511100040385,0.6093177,0.6093177,0.6093177,0.5571167,0.5515644,0.5809118,0.5745396,0.5681674,0.5617952,0.3826177,0.415796,2.7677987,2.931941,3.0960836,3.260226,3.4243684,3.5885108,3.0129488,2.560123,2.1072972,1.8016725,1.4960477,1.190423,0.9169684,0.82371444,0.7304605,0.6439877,0.55751497,0.4710422,0.5085292,0.4591981,0.3993381,0.4429503,0.4891157,0.5352811,0.49755684,0.4598326,0.4679781,0.4551281,0.3790456,0.3029631,0.2268806,0.22553895,0.2241973,0.1975714,0.259529
22511100040395,0.5617486,0.5617486,0.5617486,0.5230952,0.4981152,0.5488191,0.5365053,0.52419144,0.5118776,0.381451,0.449816,2.7684636,2.9300778,3.091692,3.2533064,3.4149206,3.576535,3.0274787,2.5578938,2.0883088,1.7770078,1.4657068,1.1544058,0.9239605,0.8210859,0.7182113,0.65412617,0.59004104,0.5259559,0.3860667,0.4791173,0.3902318,0.3763967,0.44206384,0.507731,0.5029901,0.4982493,0.4837858,0.4415585,0.3900876,0.3386167,0.2871458,0.28607464,0.2850035,0.2040191,0.3306644
22511100040405,0.5749006,0.5749006,0.5749006,0.5137543,0.507642,0.5427196,0.5498393,0.556959,0.5640787,0.3508144,0.4696539,2.7538161,2.931331,3.1088457,3.2863603,3.463875,3.6413898,3.0392988,2.55399,2.068681,1.770578,1.4724753,1.1743724,0.9470497,0.8376428,0.7282359,0.67711776,0.6259996,0.57488143,0.5237633,0.4089332,0.4606507,0.446184,0.4814542,0.5167244,0.5201365,0.5235485,0.4768105,0.4974629,0.4310089,0.3645549,0.2981009,0.268173,0.2382451,0.1620265,0.338884
22511100040415,0.5337034,0.5337034,0.5337034,0.4847966,0.5175087,0.5279476,0.5517499,0.5755522,0.5993545,0.3652523,0.411029,2.694441,2.879926,3.0654106,3.2508955,3.4363801,3.621865,3.0784051,2.591985,2.105565,1.7946227,1.4836802,1.172738,0.9369722,0.8435922,0.7502122,0.6866925,0.62317276,0.55965304,0.4961333,0.4093013,0.4466159,0.4327917,0.45713535,0.481479,0.4567249,0.4319708,0.4899469,0.4560443,0.39618066,0.33631703,0.2764534,0.27422526,0.2719971,0.2346676,0.2840666
22511100040425,0.5332099,0.5332099,0.5332099,0.518836,0.5339355,0.5162102,0.5431922,0.5701742,0.5971562,0.4011075,0.4327478,2.6977527,2.860584,3.0234156,3.1862469,3.3490784,3.5119097,3.0240037,2.5501244,2.076245,1.7884482,1.5006514,1.2128546,0.9436932,0.8023995,0.6611058,0.61244434,0.5637829,0.5151214,0.4664599,0.512162,0.4340001,0.4602486,0.45234206,0.4444355,0.46179095,0.4791464,0.4337655,0.4567745,0.38867158,0.32056862,0.2524657,0.27930465,0.3061436,0.1587458,0.3390421
22511100040435,0.5396263,0.5396263,0.5396263,0.5237507,0.522227,0.5367399,0.53297627,0.52921265,0.525449,0.3923435,0.4639443,2.6515305,2.8324192,3.013308,3.194197,3.3750856,3.5559745,2.9861643,2.5267775,2.0673904,1.7585535,1.4497164,1.1408795,0.9017403,0.7857007,0.6696611,0.6178151,0.565969,0.51412296,0.4622769,0.4496597,0.3756857,0.4151273,0.44352096,0.4719146,0.49073336,0.5095521,0.4964306,0.4706603,0.41476363,0.35886696,0.3029703,0.29277524,0.2825802,0.0985776,0.2795574
22511100040445,0.4494856,0.4494856,0.4494856,0.4897009,0.530552,0.4976743,0.5083376,0.5190009,0.5296642,0.3760108,0.3866591,2.5673027,2.7587404,2.9501781,3.1416156,3.3330534,3.5244908,2.9450767,2.503249,2.0614212,1.7483716,1.4353222,1.1222727,0.9240461,0.79905415,0.6740622,0.6186904,0.5633186,0.5079468,0.452575,0.4546817,0.3945931,0.429185,0.4488284,0.4684718,0.45008624,0.4317007,0.4549034,0.4778295,0.39288193,0.30793437,0.2229868,0.4432126,0.2245558,0.1613958,0.2705818
22511100040455,0.4321857,0.4321857,0.4321857,0.5090078,0.5005434,0.5124416,0.52794296,0.5434443,0.5589456,0.3790201,0.4558385,2.6372757,2.809351,2.9814262,3.1535015,3.325577,3.4976523,2.995832,2.549662,2.1034923,1.7853625,1.4672328,1.149103,0.9783678,0.81443244,0.6504971,0.61341655,0.57633597,0.5392554,0.5021748,0.4481052,0.3968696,0.4339159,0.4603,0.4866841,0.5004517,0.5142193,0.4931315,0.5111915,0.4297577,0.3483239,0.2668901,0.3767203,0.3117252,0.136339,0.3448363
22511100040465,0.5522708,0.5522708,0.5522708,0.5522708,0.5436599,0.4709698,0.49628076,0.5215917,0.5469027,0.3755053,0.4273605,2.568521,2.7657106,2.9629,3.1600895,3.357279,3.5544686,3.062357,2.5911646,2.1199722,1.8120669,1.5041616,1.1962563,0.9587811,0.8318052,0.7048294,0.6398622,0.57489496,0.50992775,0.4449605,0.4503653,0.3626404,0.466699,0.49122974,0.5157605,0.4965909,0.4774213,0.4344271,0.5695203,0.474082,0.3786437,0.2832054,0.2447969,0.265122,0.1719097,0.2976689
22511100040475,0.5100731,0.5100731,0.5100731,0.5100731,0.5494045,0.5448845,0.5556743,0.5664641,0.5772539,0.4421299,0.395028,2.5091321,2.723748,2.938364,3.1529799,3.367596,3.5822117,3.0493958,2.5282674,2.0071392,1.7363648,1.4655906,1.1948164,0.9571651,0.83015037,0.7031356,0.6391319,0.5751282,0.5111245,0.4471208,0.460062,0.429752,0.4792907,0.4773709,0.4754511,0.4846315,0.4938119,0.454137,0.4901666,0.41339847,0.33663034,0.2598622,0.2484498,0.2752444,0.1388952,0.3385374
22511100040485,0.4934624,0.4934624,0.4934624,0.4934624,0.5881172,0.51452,0.53327656,0.5520331,0.5707897,0.3960349,0.4009297,2.6256685,2.839996,3.0543237,3.2686512,3.4829786,3.6973062,3.1150055,2.5909894,2.066973,1.771287,1.4756011,1.1799151,0.9204369,0.8070955,0.6937541,0.6387415,0.5837289,0.5287163,0.4737037,0.4719691,0.4089025,0.4265243,0.4656806,0.5048369,0.50858337,0.5123298,0.485738,0.4814119,0.42514294,0.36887395,0.312605,0.3538878,0.2640034,0.2254987,0.3276256
22511100040495,0.5263074,0.5263074,0.5263074,0.5263074,0.5593603,0.5406016,0.5445799,0.5485582,0.5525365,0.4427961,0.4051283,2.6533148,2.851404,3.0494928,3.247582,3.445671,3.64376,3.0268474,2.559865,2.0928824,1.77915,1.4654177,1.1516854,0.9101032,0.7522679,0.5944326,0.56669444,0.5389563,0.51121813,0.48348,0.494062,0.4733494,0.4582748,0.49647406,0.5346733,0.5095903,0.4845073,0.4752402,0.4974739,0.40993154,0.32238916,0.2348468,0.2942834,0.2727466,0.2205363,0.3005895
22511100040505,0.5241664,0.5241664,0.5241664,0.5241664,0.5252477,0.4682283,0.4960948,0.5239613,0.5518278,0.3991035,0.3690446,2.5951674,2.8036911,3.012215,3.220739,3.4292626,3.6377864,3.134285,2.6037197,2.0731547,1.770083,1.4670112,1.1639396,0.9579277,0.8208432,0.6837587,0.6397931,0.59582746,0.5518618,0.5078962,0.4465789,0.408462,0.4718428,0.45722196,0.4426011,0.49401924,0.5454374,0.4352189,0.3912653,0.35421103,0.31715676,0.2801025,0.0998822,0.2572253,0.2014894,0.3311291
22511100040515,0.5198321,0.5198321,0.5198321,0.5198321,0.5066579,0.6684857,0.64073706,0.6129884,0.5852398,0.3801606,0.4384665,2.713427,2.9062357,3.099044,3.2918527,3.484661,3.6774695,3.1199005,2.6331422,2.146384,1.8048483,1.4633127,1.1217772,0.9457283,0.8482708,0.7508133,0.6755648,0.6003164,0.5250679,0.4498195,0.4353122,0.3762981,0.4300837,0.4748768,0.5196699,0.4935843,0.4674987,0.4921441,0.43410718,0.37607026,0.31803334,0.2599964,0.2000779,0.2698846,0.2064955,0.2841204
22511100040525,0.5364379,0.5364379,0.5364379,0.5364379,0.5664924,0.5927297,0.5962512,0.5997727,0.6032942,0.3936293,0.4520018,2.8562183,3.0496314,3.2430444,3.4364574,3.6298704,3.8232832,3.2331865,2.6500852,2.1942618,1.854893,1.5155243,1.1761556,1.0116142,0.88566715,0.7597201,0.6906631,0.6216061,0.5525491,0.4834921,0.4550467,0.4740208,0.432926,0.46381265,0.4946993,0.50524133,0.5157834,0.4909173,0.4397365,0.38855565,0.33737484,0.286194,0.2392071,0.2840022,0.204086,0.3198533
22511100040535,0.5691231,0.5691231,0.5691231,0.5691231,0.6038703,0.5562385,0.562321,0.5684035,0.574486,0.4219876,0.4963242,2.9751651,3.3464694,3.717774,4.089078,4.4603825,3.8601875,3.2606778,2.6512897,2.2096581,1.9015884,1.5935187,1.285449,1.032569,0.8906717,0.7487743,0.688617,0.62845963,0.56830233,0.508145,0.5075994,0.4698567,0.4774152,0.47326574,0.4691163,0.4969206,0.5247249,0.46738,0.4302862,0.3931924,0.3560986,0.3190048,0.3508592,0.3183497,0.2621979,0.3537694
22511100040545,0.5195402,0.5195402,0.5195402,0.5195402,0.583723,0.4731121,0.5124738,0.55183554,0.5911973,0.443658,0.4804698,2.9895573,3.3447876,3.700018,4.0552483,4.4104786,3.8530695,3.1956437,2.6753078,2.2085512,1.8708062,1.5330611,1.1953162,0.9930229,0.8658472,0.7386715,0.68103415,0.62339675,0.56575936,0.508122,0.4808379,0.5000519,0.4467892,0.4487254,0.4506616,0.4563891,0.4621166,0.4489466,0.40564603,0.36234546,0.3190449,0.2757443,0.3132677,0.2593333,0.2213993,0.3957501
22511100040555,0.5064769,0.5064769,0.5064769,0.5064769,0.5587343,0.570119,0.58495283,0.59978664,0.6146205,0.4354026,0.4655996,3.023306,3.3544238,3.6855419,4.01666,4.3477783,3.8298795,3.2647555,2.7035396,2.1888185,1.893858,1.5988973,1.3039367,1.0641052,0.89982873,0.7355523,0.6771976,0.61884284,0.5604881,0.5021334,0.3981517,0.4754531,0.43512,0.4309634,0.4268068,0.4722714,0.517736,0.4431174,0.40017688,0.35723636,0.31429583,0.2713553,0.3049548,0.2868691,0.1835981,0.3365457
22511100040565,0.5550488,0.5550488,0.5550488,0.5550488,0.5748234,0.6358238,0.62088215,0.60594046,0.5909988,0.4538926,0.446543,3.0532045,3.385965,3.718726,4.0514865,4.3842473,3.8474946,3.2467916,2.7357016,2.1838107,1.8744972,1.5651835,1.2558699,0.983397,0.85313916,0.7228813,0.67216355,0.6214458,0.57072806,0.5200103,0.4802134,0.4177723,0.4433311,0.4596411,0.4759511,0.4931132,0.5102753,0.4644526,0.41232142,0.36019024,0.30805907,0.2559279,0.320762,0.2407811,0.17163,0.3392196
22511100040575,0.5611802,0.5611802,0.5611802,0.5611802,0.5750546,0.6672005,0.6168926,0.5665847,0.5162768,0.4320624,0.4504311,3.0177376,3.3420928,3.6664479,3.990803,4.3151584,3.813112,3.2437441,2.6864645,2.1735168,1.8521942,1.5308715,1.209549,0.9986223,0.84367603,0.6887298,0.6428425,0.5969551,0.5510678,0.5051805,0.4162639,0.3615288,0.4278355,0.46751076,0.507186,0.49065506,0.4741241,0.4673516,0.4099043,0.352457,0.2950097,0.2375624,0.2892907,0.24313,0.1436813,0.3080829
22511100040585,0.5412263,0.5412263,0.5412263,0.5412263,0.5860005,0.4827747,0.5292897,0.5758047,0.6223197,0.427742,0.4865128,3.138852,3.4610343,3.7832165,4.1053987,4.427581,3.915858,3.3267202,2.7440965,2.2238047,1.8643014,1.5047983,1.1452951,0.985824,0.8469537,0.7080834,0.64637804,0.5846727,0.52296734,0.461262,0.4711899,0.4030264,0.4702609,0.49910074,0.5279406,0.5383546,0.5487685,0.4556276,0.4052871,0.35494655,0.30460602,0.2542655,0.2746724,0.3108692,0.1746147,0.3602093
22511100040595,0.5926261,0.5707082,0.5487904,0.5268725,0.6005675,0.5102622,0.5571918,0.6041214,0.651051,0.4139877,0.4673677,3.2359807,3.563914,3.8918474,4.2197804,4.5477138,3.9892027,3.4335117,2.8554711,2.2763803,1.9493828,1.6223854,1.295388,0.9683906,0.85850066,0.7486107,0.6913232,0.6340357,0.5767482,0.5194607,0.5109562,0.3353227,0.441314,0.49220946,0.5431049,0.5548067,0.5665085,0.5257456,0.46888432,0.41202307,0.3551618,0.2804042,0.2208406,0.3374891,0.2489215,0.3008204
22511100040605,0.4738102,0.5110515,0.54829276,0.585534,0.5613599,0.5374042,0.5682767,0.5991492,0.6300217,0.3915029,0.5064883,3.478834,3.7365804,3.9943268,4.2520733,4.5098195,4.0649047,3.4739525,2.81417,2.3120112,1.9915134,1.6710156,1.3505177,1.03002,0.88081574,0.7316115,0.67568403,0.6197566,0.5638291,0.5079017,0.4570117,0.421778,0.4755559,0.50536937,0.5351828,0.52564245,0.5161021,0.4706963,0.41659552,0.36249477,0.308394,0.268066,0.2979063,0.2974881,0.1820059,0.3326834
22511100040615,0.4945283,0.53274673,0.5709652,0.6091836,0.5477404,0.5568147,0.5620676,0.5673206,0.5725735,0.4333965,0.508378,3.3511212,3.6601164,3.969112,4.278107,4.5871024,3.991404,3.438886,2.851232,2.3661163,2.0457783,1.7254404,1.4051025,1.0847646,0.9265045,0.7682444,0.69192725,0.6156101,0.53929293,0.4629758,0.4734647,0.4516619,0.4857608,0.49196884,0.4981769,0.5119002,0.5256235,0.4693687,0.4382957,0.4072227,0.3761497,0.2351694,0.2741119,0.2696425,0.1358347,0.3345349
22511100040625,0.6548181,0.6548181,0.6548181,0.5690952,0.5843588,0.49066,0.501123,0.511586,0.522049,0.416828,0.4616185,3.1562464,3.5106208,3.8649952,4.2193694,4.573744,4.0116854,3.4387732,2.8686564,2.3881943,2.061071,1.7339473,1.4068238,1.0797004,0.9300504,0.7804004,0.71124804,0.6420957,0.57294333,0.503791,0.4471103,0.4455827,0.4435852,0.48010555,0.5166259,0.5299817,0.5433375,0.4772621,0.4240704,0.3708787,0.317687,0.2599813,0.3399068,0.3273763,0.1876997,0.3323907
22511100040635,0.2627415,0.4238597,0.5849779,0.6130665,0.6376852,0.5964026,0.5981714,0.59994024,0.6017091,0.4240281,0.4971154,3.1666124,3.514784,3.8629558,4.2111273,4.559299,3.973797,3.4619358,2.8433597,2.3846817,2.0515573,1.7184328,1.3853084,1.0521839,0.9297866,0.8073893,0.7324075,0.65742576,0.582444,0.5017609,0.4540637,0.4191883,0.4034761,0.47379836,0.5441206,0.52280647,0.5014923,0.4733365,0.4319285,0.3905205,0.3491125,0.2744236,0.2672929,0.3186701,0.2304234,0.3697178
22511100040645,0.5743512,0.5647174,0.5550836,0.5659789,0.5826666,0.5740013,0.58627766,0.598554,0.6108304,0.4429142,0.467847,3.1339457,3.4832542,3.832563,4.1818714,4.53118,4.0356607,3.4090164,2.7832673,2.3787777,2.0639744,1.7491713,1.434368,1.1195648,0.95827836,0.7969919,0.6795311,0.5620703,0.4446095,0.4677066,0.450609,0.4952218,0.4428982,0.4888087,0.5347192,0.5131242,0.4915293,0.4189195,0.38772175,0.35652396,0.3253262,0.2274259,0.2776267,0.3047996,0.1519045,0.2969469
22511100040655,0.5930313,0.5922992,0.5915671,0.5534386,0.5402393,0.5606826,0.5802117,0.5997408,0.6192699,0.4273216,0.5150545,3.097643,3.4544475,3.811252,4.1680565,4.524861,3.9761555,3.3877747,2.8544621,2.3211498,2.009499,1.6978483,1.3861976,1.0745469,0.92377084,0.7729948,0.690407,0.60781914,0.5252313,0.4799775,0.4776268,0.4168867,0.422849,0.45009285,0.4773367,0.49317196,0.5090072,0.4174205,0.37177,0.3261195,0.280469,0.2348185,0.2725328,0.2848669,0.2166696,0.3284179
22511100040665,0.6272628,0.61101955,0.5947763,0.6267923,0.6575845,0.6291622,0.6395956,0.650029,0.6604624,0.4838742,0.4963444,3.166226,3.5145037,3.8627815,4.211059,4.559337,3.98718,3.4322555,2.8736024,2.3664412,2.0474205,1.7283995,1.4093786,1.0903577,0.95093834,0.811519,0.70982635,0.6081337,0.506441,0.5034349,0.5391488,0.5000926,0.5279718,0.53522384,0.5424759,0.5568974,0.5713189,0.4940575,0.4490682,0.4040789,0.3590896,0.3141003,0.3188505,0.3270779,0.2348913,0.3527623
22511100040675,0.6142606,0.6142606,0.6142606,0.6019925,0.6596019,0.5917401,0.6027811,0.61382216,0.6248632,0.522372,0.4660553,3.1319685,3.4870594,3.8421502,4.197241,4.552332,3.9555626,3.385631,2.8837092,2.3153296,2.0160987,1.716868,1.4176372,1.1184065,0.9781614,0.8379163,0.7254207,0.6129252,0.5004296,0.5244464,0.4718069,0.4805659,0.4943222,0.5265203,0.5587184,0.54982334,0.5409283,0.470332,0.42742777,0.38452354,0.3416193,0.2987151,0.3313729,0.3417698,0.2229892,0.3622785
22511100040685,0.6332161,0.6332161,0.6332161,0.581106,0.6442074,0.6284632,0.6438742,0.6592852,0.6746962,0.4843056,0.5186024,3.1238682,3.486065,3.8482618,4.2104588,4.572655,4.000216,3.4029112,2.8537028,2.3803265,2.0675366,1.7547468,1.441957,1.1291671,0.9763233,0.8234795,0.7320414,0.64060336,0.5491653,0.5542631,0.5004257,0.4975785,0.4932607,0.5166282,0.5399957,0.5278912,0.5157867,0.4848513,0.4459716,0.39484403,0.34371647,0.2925889,0.2932528,0.3377986,0.2537751,0.3366714
22511100040695,0.6226289,0.6226289,0.6226289,0.5965871,0.6229828,0.6412081,0.6399903,0.6387725,0.6375547,0.5369396,0.5146221,3.0998106,3.4586601,3.81751,4.1763597,4.535209,4.039514,3.38733,2.89193,2.3440711,2.0395184,1.7349656,1.4304128,1.1258599,0.9720779,0.8182959,0.71580696,0.613318,0.5108291,0.5077171,0.5121565,0.4816693,0.5387819,0.5479438,0.5571057,0.54601437,0.534923,0.4926986,0.508878,0.4589402,0.4090024,0.2756903,0.3284053,0.3109794,0.1942115,0.3389462
22511100040705,0.6082808,0.6082808,0.6082808,0.586243,0.6406282,0.5926637,0.59725964,0.60185564,0.6064516,0.4869957,0.5257811,3.063542,3.4400587,3.8165758,4.193093,4.5696096,3.990857,3.4270542,2.9304888,2.4339235,2.1084523,1.7829814,1.4575104,1.1320394,0.9758834,0.8197275,0.7203478,0.62096816,0.5215885,0.5473236,0.5319215,0.4703068,0.5017393,0.5162677,0.5307961,0.5407036,0.5506111,0.4923668,0.4947102,0.4054529,0.3161956,0.2934234,0.3048863,0.3607789,0.2174093,0.3823946
22511100040715,0.6237433,0.6237433,0.6237433,0.6194955,0.6176198,0.6185105,0.6230536,0.6275967,0.6321398,0.4963862,0.5151167,3.0652397,3.4387023,3.8121648,4.1856275,4.55909,4.0163474,3.472195,2.9395,2.4068053,2.088366,1.769927,1.451488,1.1330489,0.9739571,0.8148653,0.72996294,0.64506066,0.5601583,0.5329242,0.4901387,0.4714314,0.5056699,0.519398,0.5331261,0.52230716,0.5114882,0.4964783,0.4488215,0.38187784,0.3149342,0.2867122,0.3169105,0.3336744,0.1830644,0.3425461
22511100040725,0.6493713,0.6493713,0.5659347,0.5329665,0.5700025,0.5679483,0.5684949,0.56904155,0.5695882,0.4579303,0.4967463,2.980634,3.3667676,3.7529016,4.139035,4.525169,3.9943492,3.3937082,2.8834617,2.373215,2.0253654,1.677516,1.3296664,1.0995532,0.9416697,0.7837862,0.6850838,0.5863815,0.4876791,0.5426289,0.421056,0.4237995,0.4980228,0.49858066,0.4991385,0.5047005,0.5102625,0.4465893,0.4235402,0.35702315,0.2905061,0.2539957,0.2814403,0.3070527,0.1906995,0.2810879
22511100040735,0.667173,0.667173,0.6035344,0.5859144,0.5817327,0.5763172,0.5799206,0.5835239,0.5871273,0.4506048,0.5070364,2.960904,3.350312,3.73972,4.129128,4.518536,3.9825923,3.3863263,2.8691626,2.3519986,2.0139892,1.6759796,1.3379701,1.1079748,0.93862206,0.7692693,0.6772943,0.5853193,0.4933443,0.5394853,0.5471887,0.4409253,0.5177535,0.5099621,0.5021707,0.51862776,0.5350848,0.4730497,0.4358784,0.348651,0.2614236,0.2473969,0.2764673,0.3266983,0.1852934,0.3141015
22511100040745,0.5903347,0.5903347,0.5286186,0.5749703,0.6093668,0.5735633,0.57626694,0.5789706,0.5816743,0.4404713,0.4925435,2.9942746,3.385176,3.7760773,4.1669784,4.55788,3.9608352,3.3805952,2.8553975,2.3301997,1.996386,1.6625725,1.328759,1.0786046,0.93292785,0.7872511,0.6831468,0.57904243,0.4749381,0.4810808,0.4816503,0.4467066,0.4538217,0.4723315,0.4908413,0.48813096,0.4854206,0.4705925,0.4377437,0.3598415,0.2819393,0.2437734,0.2548002,0.2683439,0.1404052,0.296135
22511100040755,0.5979193,0.5979193,0.5793787,0.559884,0.5549956,0.5906577,0.5940347,0.5974117,0.6007887,0.4604103,0.4983714,3.0234783,3.2241447,3.4248114,3.6254778,3.8261442,4.0268106,3.407085,2.8705504,2.334016,2.01043,1.686844,1.363258,1.1207505,0.9470615,0.7733724,0.663391,0.5534095,0.4434281,0.50148,0.4986393,0.4440188,0.4520825,0.49211845,0.5321544,0.53134966,0.5305449,0.4782545,0.4275631,0.34553316,0.2635032,0.2614827,0.2808631,0.2741599,0.1714844,0.2801177
22511100040765,0.6665028,0.6665028,0.6539801,0.6210253,0.6862289,0.6498861,0.65679765,0.66370916,0.6706207,0.5185209,0.5301735,3.064269,3.269801,3.4753327,3.6808643,3.8863962,4.091928,3.383691,2.8246686,2.2656462,1.9719242,1.678202,1.38448,1.1658255,0.9986851,0.8315448,0.72958183,0.62761885,0.5256559,0.5378833,0.5174947,0.5453771,0.5148434,0.5171177,0.519392,0.5272194,0.5350468,0.4994877,0.390897,0.34350434,0.2961117,0.2954383,0.271329,0.3164504,0.2331266,0.3593903
22511100040775,0.6246135,0.6246135,0.6246135,0.6263783,0.5888496,0.6248104,0.63228905,0.6397677,0.6472464,0.4980233,0.4928394,3.0830684,3.289736,3.4964035,3.703071,3.9097385,4.116406,3.6576133,3.1988206,2.7400277,2.281235,1.8224422,1.3636492,1.1530184,0.9845968,0.8161753,0.7162785,0.61638165,0.5164848,0.5437734,0.5114741,0.4592436,0.4749449,0.47699264,0.4790404,0.49177814,0.5045159,0.53453,0.47895926,0.4233885,0.36781776,0.312247,0.3255267,0.2906914,0.2045879,0.3325431
22511100040785,0.615201,0.615201,0.615201,0.5784594,0.5979828,0.5964064,0.6028044,0.60920244,0.6156005,0.5023283,0.5425765,3.1607406,3.3454611,3.5301816,3.7149022,3.8996227,4.084343,3.6408143,3.1972857,2.753757,2.3102283,1.8666997,1.423171,1.1672628,1.0162482,0.8652337,0.7369528,0.60867184,0.4803909,0.4753529,0.493493,0.4220116,0.4685835,0.51592344,0.5632634,0.5363181,0.5093729,0.4950899,0.44734037,0.39959085,0.35184133,0.3040918,0.3256833,0.2931353,0.1515728,0.3681744
22511100050015,0.6347234,0.6347234,0.6340533,0.5920135,0.6355591,0.5984582,0.59690344,0.59534866,0.5937939,0.4704546,0.4934108,3.068291,3.2664173,3.4645436,3.6626701,3.8607965,4.058923,3.6065228,3.1541228,2.7017226,2.2493227,1.7969227,1.3445226,1.1410704,0.97493666,0.8088029,0.70993084,0.61105883,0.5121868,0.5596537,0.5233553,0.4757557,0.5047451,0.53698707,0.569229,0.5720968,0.5749647,0.4714231,0.42298102,0.37453896,0.32609686,0.2776548,0.311828,0.3316563,0.1926601,0.3734267
22511100050025,0.6602497,0.6602497,0.6391087,0.6036508,0.6347114,0.5665228,0.59415406,0.62178534,0.6494166,0.4952817,0.4870835,2.9629354,3.1964755,3.4300156,3.6635556,3.8970957,4.1306357,3.4828632,2.9072845,2.3317058,2.0085866,1.6854676,1.3623486,1.1151528,0.95892596,0.8026991,0.6762705,0.5498418,0.4234132,0.482728,0.4264183,0.4727675,0.4510844,0.47301236,0.4949403,0.52581847,0.5566966,0.4487858,0.5059328,0.40978226,0.3136317,0.3605598,0.3162057,0.3445299,0.2280309,0.3008161
22511100050035,0.6594361,0.6594361,0.5708277,0.5698656,0.6209238,0.6023947,0.61532646,0.6282582,0.64119,0.4146088,0.4859718,2.9726791,3.705767,4.4388547,5.1719427,4.608898,4.052068,3.4424007,2.912864,2.3833272,2.0404172,1.697507,1.3545969,1.0752124,0.9280195,0.7808266,0.6793739,0.5779212,0.4764685,0.5311843,0.4820988,0.5299805,0.5322516,0.54832923,0.5644069,0.57298094,0.581555,0.4715934,0.5096781,0.4673418,0.4250055,0.3894486,0.3825618,0.3986925,0.2621747,0.3231142
22511100050045,0.3714944,0.3714944,0.5614968,0.5783725,0.6185153,0.6111523,0.61704564,0.62293905,0.6288324,0.5427451,0.4599782,2.9351027,3.6900663,4.44503,5.199994,4.6154747,4.096524,3.469423,2.9385784,2.407734,2.0432053,1.6786768,1.3141483,1.0836718,0.9299264,0.776181,0.66535205,0.55452305,0.4436941,0.5119728,0.4828203,0.5138322,0.5087903,0.52054983,0.5323094,0.5448117,0.557314,0.4574516,0.4982244,0.4424854,0.3867464,0.3205071,0.3645698,0.3862799,0.2040421,0.3606368
22511100050055,0.6794941,0.6153397,0.5081951,0.5808868,0.6220742,0.5922583,0.6034217,0.61458504,0.6257484,0.4395655,0.4631905,2.9145727,3.6588326,4.4030924,5.147352,4.5548406,4.047933,3.431522,2.9154472,2.3993726,2.0655484,1.7317244,1.3979003,1.0678178,0.9189507,0.7700836,0.6746918,0.5793,0.4839082,0.4981842,0.4751752,0.4910478,0.4495153,0.478146,0.5067767,0.5222996,0.5378225,0.4472657,0.4324223,0.3581949,0.2839675,0.3047391,0.3470275,0.3372701,0.2321957,0.3256171
22511100050065,0.6591854,0.6480603,0.6029733,0.5860426,0.6312569,0.6143053,0.5429321,0.7800819,0.6394711,0.5109544,0.4852289,2.9252584,3.345751,3.766244,4.186737,4.6072297,4.1271615,3.452654,2.9195707,2.3864872,2.0472896,1.7080917,1.3688939,1.1368469,0.9631814,0.7895158,0.69983876,0.61016166,0.5204846,0.524753,0.4866841,0.5385614,0.5175335,0.547101,0.5766686,0.5736573,0.5706459,0.5078239,0.4966506,0.4362273,0.375804,0.3537247,0.3858695,0.3370571,0.281916,0.354106
22511100050075,0.6871798,0.6908247,0.6160981,0.6079502,0.6398626,0.6641488,0.66367954,0.6632103,0.662741,0.5119572,0.5232213,3.049995,3.2737248,3.4974546,3.7211843,3.944914,4.168644,3.5494363,2.9642737,2.4842384,2.121879,1.7595198,1.3971606,1.1663346,1.0014995,0.8366644,0.72785217,0.61903995,0.5102277,0.5464432,0.508291,0.4672242,0.52508,0.5290804,0.5330808,0.5187321,0.5043833,0.51388,0.4437341,0.3735882,0.3034423,0.2704724,0.3272837,0.3444907,0.2068886,0.4215175
22511100050085,0.6726306,0.7174748,0.5276948,0.5997623,0.6137964,0.5960426,0.6217051,0.64736766,0.6730302,0.5096588,0.524891,3.0983584,3.5017788,3.9051995,4.30862,4.7120404,4.149212,3.555979,2.976249,2.411174,2.0738509,1.7365278,1.3992046,1.112613,0.9647701,0.8169272,0.70365596,0.5903847,0.4771135,0.5346098,0.5182946,0.5300553,0.4856306,0.5143873,0.543144,0.5386962,0.5342484,0.52266,0.44605374,0.36944747,0.2928412,0.3008139,0.3093267,0.3836166,0.2049816,0.3953492
22511100050095,0.5887966,0.6773224,0.7127293,0.5941033,0.5844269,0.6023646,0.61723965,0.6321147,0.6469898,0.5106567,0.4999586,3.0519671,3.7559807,4.4599943,5.1640077,4.6874175,4.1641045,3.5421853,2.9339037,2.5289898,2.1519313,1.7748727,1.3978142,1.1139067,0.9604027,0.8068988,0.7057889,0.604679,0.5035691,0.5129619,0.5211726,0.541274,0.4621745,0.50534713,0.5485198,0.55455685,0.5605939,0.4926588,0.4980268,0.4374173,0.3768078,0.386596,0.3451479,0.4159793,0.2740362,0.3851681
22511100050105,0.601077,0.6123439,0.7072705,0.5750337,0.5862673,0.5727025,0.58237994,0.59205735,0.6017348,0.4816904,0.4483993,3.0813866,3.489909,3.8984313,4.3069534,4.715476,4.202483,3.6190126,2.9906135,2.5098464,2.1415627,1.7732791,1.4049953,1.151346,0.972791,0.794236,0.6779917,0.5617473,0.445503,0.5455136,0.5183755,0.5595257,0.4902183,0.5183912,0.5465641,0.5522922,0.5580203,0.444906,0.387667,0.3894837,0.3913004,0.3428726,0.3652988,0.3530447,0.2434791,0.3460173
22511100050115,0.6814124,0.6470422,0.5991042,0.5824182,0.5763187,0.5867612,0.6757392,0.7647172,0.6043394,0.4909436,0.4646743,3.0422869,3.438821,3.8353553,4.2318897,4.6284237,4.211304,3.570964,3.0609064,2.4500976,2.0982285,1.7463596,1.3944906,1.1229692,0.9503029,0.7776366,0.67429715,0.57095766,0.4676182,0.5119671,0.4780839,0.5116466,0.5057547,0.5407202,0.5756857,0.5542032,0.5327207,0.4808028,0.5081121,0.4244638,0.3408155,0.3124087,0.3387847,0.3554917,0.2424026,0.3931526
22511100050125,0.7117081,0.5812166,0.4313812,0.5695966,0.5641963,0.5724395,0.5991699,0.6259004,0.6526308,0.4599373,0.4302462,3.0496972,3.269029,3.4883606,3.7076921,3.927024,4.1463556,3.6145146,3.0356083,2.4819202,2.12049,1.7590598,1.3976295,1.1130842,0.9514533,0.7898224,0.68207043,0.57431847,0.4665665,0.491566,0.4978954,0.4631777,0.4599755,0.485997,0.5120185,0.51536715,0.5187158,0.4902916,0.464349,0.4076035,0.350858,0.3213489,0.351553,0.3491402,0.2498169,0.3362294
22511100050135,0.6546404,0.6672562,0.66439116,0.6615261,0.6612097,0.6558039,0.6647468,0.6736898,0.6826327,0.5286009,0.5341885,3.142215,3.5639968,3.9857786,4.4075603,4.8293424,4.253451,3.6188993,3.0821974,2.5720508,2.1992846,1.8265183,1.453752,1.2015721,1.0256499,0.8497278,0.7374781,0.62522835,0.5129786,0.5723911,0.5415078,0.5412377,0.4967934,0.5317795,0.5667656,0.58071184,0.5946581,0.5076312,0.4774228,0.4125729,0.347723,0.3416941,0.3769186,0.3922601,0.3527254,0.4084789
22511100050145,0.6168497,0.6080969,0.61765695,0.627217,0.6436348,0.6458625,0.65130776,0.656753,0.6621983,0.5309452,0.5532916,3.142551,3.5733635,4.004176,4.434989,4.865802,4.254356,3.6397166,3.071346,2.543048,2.1768582,1.8106685,1.4444788,1.1767364,1.0077975,0.8388586,0.73641557,0.6339725,0.5315295,0.5631286,0.5501014,0.5708186,0.5256557,0.5489122,0.5721687,0.5926582,0.6131478,0.5029097,0.4976787,0.4444203,0.3911619,0.3368302,0.376331,0.4073337,0.3079385,0.3771213
22511100050155,0.6458989,0.6708152,0.6585379,0.6462607,0.6499497,0.6355482,0.64362514,0.6517021,0.6597791,0.5553153,0.5319031,3.1316462,3.877289,4.622932,5.3685746,4.8647265,4.27012,3.6671853,3.065265,2.5344381,2.1773167,1.820195,1.4630734,1.1598839,0.9930667,0.8262496,0.7202889,0.61432815,0.5083674,0.5532128,0.5283461,0.5615226,0.5300019,0.5495213,0.5690408,0.5673789,0.5657169,0.5279458,0.4905247,0.44140944,0.3922942,0.359263,0.3601535,0.3923083,0.3061195,0.3687172
22511100050165,0.6087744,0.6345365,0.6263698,0.6182031,0.6208703,0.6097175,0.62238014,0.63504285,0.6477055,0.5211049,0.5158513,3.1329398,3.8960173,4.659095,5.4221725,4.8584723,4.2841034,3.663051,3.0457082,2.5162475,2.1543765,1.7925057,1.430635,1.1778332,0.99358237,0.8093315,0.7057179,0.60210437,0.4984908,0.5268017,0.5225409,0.5006936,0.5052311,0.5354108,0.5655906,0.5576139,0.5496372,0.4684027,0.4914814,0.4348611,0.3782408,0.3889315,0.3988966,0.3699344,0.2792546,0.3408007
22511100050175,0.6247243,0.6247243,0.4677325,0.6091456,0.6319579,0.6358676,0.643253,0.6506384,0.6580238,0.528304,0.5017764,3.1903872,3.9390688,4.6877503,5.436432,4.903771,4.291153,3.665231,3.0746014,2.5517018,2.1861901,1.8206786,1.4551669,1.1722732,1.00126,0.8302468,0.720762,0.6112772,0.5017924,0.5805693,0.5508846,0.532677,0.5056482,0.5282804,0.5509125,0.56670326,0.582494,0.4975635,0.4944617,0.4097575,0.3250533,0.3515145,0.3699195,0.358285,0.2765982,0.3748296
22511100050185,0.6154168,0.6554693,0.65094393,0.6464186,0.6257371,0.6473263,1.0868913,0.681898,0.6632443,0.5387518,0.5058521,3.2877674,3.9861364,4.6845055,5.3828745,4.8929453,4.3237877,3.71,3.0767295,2.5601373,2.2007253,1.8413134,1.4819014,1.1816174,1.0172344,0.8528515,0.738154,0.6234565,0.508759,0.5587042,0.5349436,0.5222904,0.5071099,0.5447385,0.5823671,0.5854403,0.5885134,0.5001913,0.4963787,0.43232816,0.3682776,0.3733165,0.3843025,0.3760166,0.2933967,0.3929249
22511100050195,0.7000065,0.6802407,0.62993294,0.5796252,0.629358,0.6159034,0.6577431,0.780883,0.6558295,0.50398,0.5099747,3.2432091,3.6633024,4.083396,4.503489,4.9235826,4.298798,3.7077475,3.0769823,2.5543768,2.1981483,1.8419199,1.4856914,1.189013,1.008824,0.828635,0.71424955,0.59986407,0.4854786,0.5427687,0.5172988,0.5477418,0.5191009,0.53846824,0.5578356,0.5589427,0.5600497,0.461796,0.4900082,0.41814455,0.3462809,0.3585044,0.3796921,0.3586865,0.2913375,0.3607712
22511100050205,0.7515849,0.7251794,0.5190853,0.624849,0.6399698,0.6435199,0.7154912,0.78303,0.6403462,0.5547896,0.5304554,3.3002357,3.710906,4.1215763,4.5322466,4.942917,4.3420234,3.7174606,3.1350932,2.5746353,2.213334,1.8520331,1.4907321,1.2018322,1.0251783,0.8485245,0.7452505,0.6419766,0.5387026,0.5607773,0.5664985,0.5460897,0.5173506,0.5625996,0.6078486,0.6191993,0.63055,0.4983626,0.5227277,0.45241275,0.3820978,0.3753554,0.3716432,0.4000447,0.3265107,0.3776133
22511100050215,0.7918966,0.7918966,0.6278464,0.600695,0.617531,0.6242487,0.6980021,0.7324179,0.6577018,0.5263613,0.5148292,3.2045918,3.633225,4.0618577,4.490491,4.919124,4.3227963,3.7037425,3.099996,2.555733,2.1933258,1.8309184,1.4685111,1.1898767,1.0126705,0.8354643,0.725977,0.6164897,0.5070024,0.544701,0.5035132,0.5234056,0.5006742,0.5261825,0.5516908,0.5642945,0.5768982,0.4835744,0.4973399,0.4397762,0.3822125,0.3432247,0.3766809,0.377735,0.3066246,0.3958754
22511100050225,0.708545,0.708545,0.6293714,0.6132572,0.6081611,0.6238935,0.70092,0.7118266,0.6471443,0.5470925,0.5264284,3.3304267,3.7322772,4.1341276,4.5359783,4.937829,4.3594804,3.7311945,3.1174006,2.5562122,2.1903765,1.824541,1.4587053,1.1710359,0.99570346,0.820371,0.7174531,0.6145352,0.5116173,0.5536955,0.5275376,0.5519477,0.4765394,0.5099196,0.5432998,0.5639192,0.5845386,0.4530207,0.4778867,0.42265734,0.367428,0.3456188,0.3700902,0.3998709,0.2488234,0.3712058
22511100050235,0.6690727,0.685312,0.6334019,0.5967609,0.6092994,0.6348698,0.5868576,0.6733886,0.65578,0.5387951,0.5410062,3.3952284,3.7881095,4.1809907,4.573872,4.966753,4.382811,3.7205906,3.0889099,2.5475829,2.181591,1.815599,1.449607,1.1593751,0.99155045,0.8237258,0.72899365,0.6342615,0.5395293,0.5334196,0.532024,0.5536549,0.5256388,0.5445968,0.5635548,0.5732936,0.5830325,0.4868708,0.4996057,0.39586896,0.2921322,0.3520303,0.372074,0.4053915,0.2971078,0.3813324
22511100050245,0.6394913,0.6714292,0.6433447,0.6113802,0.6110945,0.6030392,0.6167223,0.6771032,0.621314,0.5090562,0.492404,3.381508,4.1083746,4.8352413,5.562108,4.9548564,4.3416924,3.732887,3.1140974,2.5610535,2.1856575,1.8102614,1.4348654,1.1695141,0.9894945,0.8094749,0.7128259,0.6161769,0.5195279,0.5408094,0.5035144,0.5101257,0.4832294,0.5083748,0.5335202,0.5415487,0.5495773,0.4952737,0.4724715,0.39997455,0.3274776,0.2597408,0.3292042,0.3639147,0.2622747,0.3832343
22511100050255,0.6861255,0.6558214,0.613319,0.5794716,0.6387007,0.6060787,0.5826487,0.6508328,0.6245991,0.5264877,0.4993745,3.4707317,4.190818,4.9109035,5.6309896,4.987201,4.412686,3.7754912,3.1439042,2.5842133,2.2126083,1.8410037,1.4693989,1.1618323,0.99394315,0.826054,0.71316046,0.60026693,0.4873734,0.5438526,0.5102072,0.516662,0.4853778,0.5115454,0.537713,0.55690473,0.5760965,0.4928506,0.4601762,0.38764176,0.3151073,0.2779422,0.3252031,0.3719574,0.2606961,0.331914
22511100050265,0.6782394,0.6469138,0.6246558,0.6068831,0.5984473,0.6248687,0.5960037,0.6672993,0.6216855,0.5086327,0.5081065,3.4929144,4.2139654,4.9350166,5.6560674,5.01043,4.3980565,3.7789292,3.139591,2.5718918,2.1995025,1.8271129,1.4547235,1.1691495,0.9865799,0.8040103,0.7048889,0.6057674,0.506646,0.5535019,0.5364303,0.511092,0.4940205,0.52551407,0.5570076,0.5719525,0.5868975,0.4550459,0.4775539,0.4143215,0.3510891,0.346898,0.3427069,0.3434552,0.2763876,0.335495
22511100050275,0.6249038,0.5948768,0.6152596,0.6085588,0.604951,0.6192476,0.6280928,0.6736577,0.6344881,0.5381788,0.4993897,3.5059574,4.233093,4.9602284,5.6873636,5.0255895,4.445206,3.7724164,3.1508262,2.5759878,2.2118661,1.8477448,1.4836233,1.1422207,0.9806277,0.8190347,0.706024,0.5930132,0.4800025,0.5414528,0.516494,0.5324107,0.5160898,0.5273036,0.5385173,0.5471383,0.5557593,0.4622082,0.478069,0.394677,0.311285,0.32654575,0.3418065,0.3857234,0.239365,0.3702583
22511100050285,0.6046919,0.6046325,0.6257946,0.6177853,0.6210522,0.62983,0.697958,0.7103589,0.6554914,0.5598892,0.5418037,3.5538561,4.276757,4.999657,5.7225575,5.071521,4.4782553,3.8351781,3.1791039,2.6147256,2.2518759,1.889026,1.5261763,1.1834404,1.0085583,0.8336762,0.7350023,0.6363284,0.5376545,0.5344472,0.5103055,0.5580848,0.5172062,0.53581315,0.5544201,0.551569,0.5487179,0.5103058,0.4765931,0.43177795,0.3869628,0.3687346,0.3505064,0.341384,0.2611174,0.3704373
22511100050295,0.683199,0.6348996,0.6172841,0.5960074,0.6033636,0.6066895,0.6655069,0.6884396,0.6484903,0.5441779,0.5197316,3.579813,4.2765365,4.9732604,5.669984,5.0452237,4.478003,3.8099594,3.1744075,2.614696,2.2331483,1.8516008,1.4700531,1.1868085,1.0261753,0.8655421,0.75460714,0.64367217,0.5327372,0.5860364,0.5275753,0.5274388,0.5160326,0.5402669,0.5645012,0.568376,0.5722508,0.503579,0.5175141,0.45362365,0.3897332,0.1676164,0.3698905,0.4108742,0.3094641,0.3639138
22511100050305,0.6651149,0.632305,0.5878437,0.6075989,0.6141441,0.6060512,0.6439348,0.6692271,0.6335126,0.4684642,0.5189708,3.6284738,4.328123,5.0277724,5.7274218,5.097467,4.4628844,3.8263638,3.1755729,2.5958037,2.21827,1.8407365,1.463203,1.2040266,1.0170511,0.8300757,0.7176309,0.6051861,0.4927413,0.5222152,0.5260476,0.5257978,0.4609015,0.4982126,0.5355237,0.544269,0.5530143,0.4906794,0.5159596,0.4462239,0.3764882,0.0784066,0.340846,0.3822647,0.2471424,0.3475483
22511100050315,0.572209,0.7389287,0.632978,0.6210536,0.6136715,0.5882601,0.6283276,0.6736835,0.6328088,0.5480056,0.5248799,3.6653972,4.3608336,5.05627,5.751706,5.120518,4.4812517,3.8365283,3.2011864,2.6491313,2.25369,1.858249,1.4628077,1.1574605,0.9768854,0.7963103,0.6887046,0.581099,0.4734933,0.5402498,0.5087413,0.5072646,0.4780597,0.50861484,0.53917,0.5435501,0.5479302,0.4464058,0.4795623,0.40213686,0.3247114,0.3388975,0.3530836,0.3393121,0.1957264,0.3799745
22511100050325,0.520394,0.6164337,0.6169147,0.5946988,0.602433,0.6033823,0.6834877,0.6868834,0.6555282,0.5230159,0.4934269,3.690564,4.386627,5.0826907,5.7787538,5.122826,4.522939,3.8627956,3.2081537,2.6354067,2.258019,1.8806311,1.5032433,1.1995041,1.0115272,0.8235503,0.7160413,0.6085323,0.5010233,0.5499013,0.5106337,0.4885829,0.4865121,0.53031176,0.5741114,0.56334305,0.5525747,0.4466601,0.4864305,0.4028121,0.3191937,0.1861312,0.3329774,0.3470889,0.1816042,0.3369134
22511100050335,0.7013151,0.7038564,0.6225675,0.6060024,0.6246153,0.6174069,0.6720046,0.6867704,0.6388167,0.4577045,0.4994202,3.7663853,4.4370284,5.1076717,5.778315,5.172853,4.545376,3.861884,3.2279878,2.6266363,2.2403538,1.8540716,1.4677893,1.1893336,1.0006115,0.8118894,0.705475,0.59906054,0.4926461,0.5226943,0.4935422,0.5591037,0.5038092,0.53573036,0.5676515,0.56639487,0.5651382,0.4812281,0.4939924,0.4056289,0.3172654,0.1954817,0.3265352,0.3502363,0.2083186,0.3197001
22511100050345,0.5410566,0.6932797,0.6533864,0.6272461,0.6580866,0.6475242,0.7002876,0.7201938,0.6687383,0.5192493,0.5663325,3.7716053,4.4569774,5.1423492,5.8277216,5.1897893,4.57417,3.899052,3.2533164,2.68638,2.2889616,1.8915436,1.4941255,1.2145483,1.0243826,0.8342169,0.7339854,0.63375396,0.5335225,0.5326858,0.5538898,0.4916687,0.4932176,0.5370959,0.5809742,0.5688878,0.5568014,0.519727,0.4918875,0.43512154,0.3783556,0.3252293,0.3635443,0.3558684,0.2475981,0.3726289
22511100050355,0.7067015,0.7067015,0.664078,0.6000762,0.6437716,0.644107,0.6843075,0.6981422,0.6741211,0.5755519,0.5101407,3.7618525,4.4450746,5.1282964,5.811518,5.2055745,4.5680394,3.9090004,3.2506473,2.6541314,2.2591882,1.8642449,1.4693018,1.1997617,1.0192705,0.8387792,0.7388132,0.6388472,0.5388812,0.5550267,0.5173496,0.5221101,0.5266152,0.5470693,0.5675234,0.57396746,0.5804115,0.5073062,0.4817757,0.4214057,0.3610357,0.2411368,0.3522499,0.390957,0.2459954,0.4010725
22511100050365,0.6222648,0.6222648,0.6541413,0.6281498,0.6740195,0.6316497,0.6575567,0.6972114,0.668235,0.548847,0.5234214,3.8220847,4.496893,5.1717005,5.8465085,5.229199,4.5812097,3.9567509,3.2635689,2.645026,2.2721295,1.8992332,1.5263368,1.1960727,1.0346843,0.873296,0.76317215,0.65304834,0.5429245,0.5737125,0.5032501,0.561253,0.5242056,0.5578778,0.59155,0.58910906,0.5866681,0.4940884,0.5224733,0.4309674,0.3394615,0.3240017,0.4177584,0.4134162,0.2877797,0.4049948
22511100050375,0.6866325,0.6866325,0.6866325,0.6314472,0.6087711,0.6081628,0.6760881,0.7129961,0.6661149,0.4814862,0.5599715,3.9385526,4.5652833,5.192014,5.818745,5.1796217,4.554781,3.9169197,3.260489,2.6948342,2.295078,1.8953216,1.4955652,1.2041211,1.0176071,0.8310931,0.7406995,0.650306,0.5599124,0.5440546,0.527935,0.5261943,0.4993211,0.5374398,0.5755585,0.563506,0.5514535,0.4911721,0.5242814,0.44432166,0.3643619,0.2887947,0.3262326,0.3989752,0.1811103,0.3626989
22511100050385,0.5191236,0.6096892,0.6807891,0.6218025,0.632173,0.6079912,0.6665992,0.7101392,0.6815714,0.5184737,0.5254324,3.9394462,4.5852666,5.2310867,5.876907,5.242779,4.6394634,3.9633734,3.3302188,2.710417,2.3150213,1.9196256,1.5242299,1.2023273,1.0242842,0.8462412,0.73929477,0.63234836,0.5254019,0.5403118,0.5383732,0.494411,0.5150484,0.52645135,0.5378543,0.5653731,0.592892,0.4841869,0.5335619,0.4410376,0.3485133,0.3297212,0.3339968,0.4193754,0.2597217,0.4021601
22511100050395,0.5758941,0.5812503,0.6382701,0.611814,0.6789985,0.6151686,0.6574832,0.6839098,0.6794801,0.5302205,0.5064336,3.9192045,4.5745015,5.2297983,5.885095,5.2701855,4.61927,3.9580839,3.3139288,2.743405,2.3269293,1.9104536,1.4939778,1.2032762,1.0722302,0.8314199,0.73102415,0.63062835,0.5302326,0.5424908,0.5227812,0.5165212,0.5015503,0.54642206,0.5912938,0.59268934,0.5940849,0.4838333,0.4925811,0.3993972,0.3062133,0.255642,0.3288087,0.3556666,0.2238229,0.397063
22511100050405,0.577575,0.6912324,0.6389879,0.6364385,0.6433611,0.6367948,0.6946639,0.6914457,0.6522934,0.5196531,0.5211792,3.9624753,4.6231256,5.2837753,5.9444256,5.296307,4.689722,3.991496,3.329021,2.7186177,2.2425928,1.7665681,1.4883767,1.1779667,0.9569738,0.830384,0.6371997,0.3099192,0.5071563,0.5565834,0.5092085,0.5377122,0.5061814,0.5359973,0.5658132,0.56780636,0.5697995,0.4705019,0.5344984,0.43779436,0.3410903,0.3331121,0.3725322,0.3973226,0.301749,0.3799713
22511100050415,0.6139587,0.6139587,0.6139587,0.6267998,0.6451815,0.6249865,0.683751,0.7098046,0.6658886,0.515135,0.558764,4.0114923,4.662294,5.3130956,5.9638977,5.3118005,4.670387,4.018181,3.3498015,2.6919277,2.2761846,1.8604413,1.4789715,1.220176,1.0058442,0.8128586,0.7020038,0.6230837,0.5178819,0.5452632,0.4895251,0.500286,0.4788114,0.5226731,0.5665348,0.58414847,0.6017621,0.5383843,0.5361467,0.44449645,0.3528462,0.2759687,0.3518675,0.3932618,0.25963,0.3722475
22511100050425,0.662297,0.662297,0.662297,0.6348369,0.6386411,0.6620688,0.6913375,0.7249554,0.7166527,0.5553427,0.5420871,4.0683045,4.715956,5.363608,6.011259,5.3622255,4.752373,4.044442,3.3771253,2.7478352,2.3108203,1.8738054,1.565569,1.2292379,1.0284221,0.880601,0.694361,0.5475845,0.5193118,0.5444492,0.5371557,0.533227,0.5118506,0.54881847,0.5857863,0.580659,0.5755316,0.5137771,0.5317769,0.42147836,0.3111798,0.2279504,0.3477742,0.3955416,0.2994373,0.3749938
22511100050435,0.6453879,0.6453879,0.6453879,0.6415387,0.6829753,0.6421123,0.7110254,0.7106791,0.6552465,0.5196794,0.5234872,4.04288,4.6860423,5.329205,5.9723673,5.3542604,4.7434645,4.039407,3.3679268,2.7445378,2.315594,1.8866502,1.5472815,1.2412592,1.0168334,0.8893217,0.6886173,0.6392634,0.5221763,0.5662343,0.5231054,0.5405976,0.501221,0.5430882,0.5849554,0.5819056,0.5788558,0.5125015,0.5063286,0.4133811,0.3204336,0.2745756,0.34824,0.3856545,0.2682944,0.4138058
22511100050445,0.7426731,0.7426731,0.5892141,0.597218,0.61078,0.631315,0.630275,0.6427184,0.6872747,0.5066635,0.4915173,4.189916,4.792686,5.395456,5.9982257,5.3465333,4.743915,4.0474896,3.3362625,2.7292674,2.3222208,1.9151742,1.4965158,1.2132765,1.0577778,0.8446182,0.6910461,0.5828933,0.4630885,0.526507,0.492153,0.4793489,0.5168776,0.5546734,0.5924691,0.5749422,0.5574153,0.5074169,0.473501,0.4127666,0.3520322,0.3698682,0.2448846,0.3780889,0.2153088,0.407611
22511100050455,0.8190392,0.8190392,0.8190392,0.7600746,0.7222618,0.7239381,0.638252,0.8296321,0.7409866,0.6532291,0.7517989,4.41605,4.9808025,5.545555,6.110308,5.4537926,4.9688463,4.144529,3.5065775,3.3013737,2.60097,1.9005662,1.7173285,1.3419542,1.0826972,0.9331428,0.6880233,0.6528345,0.5901622,0.6465851,0.559592,0.5746727,0.6317467,0.6283965,0.6250463,0.64386284,0.6626794,0.6019323,0.5581081,0.4849325,0.4117569,0.3766721,0.3584726,0.4959666,0.4443601,0.4666269
22511100050465,0.8146484,0.8146484,0.8146484,0.7131746,0.6912814,0.6648979,0.7627815,0.7794862,0.7104402,0.5602648,0.6218573,4.2486634,4.9253964,5.6021295,6.2788625,5.6030645,4.919705,4.2007437,3.55078,2.9255395,2.389178,1.8528163,1.627665,1.3080322,1.0402921,0.8821121,0.717978,0.6202176,0.5044853,0.5270309,0.5017897,0.4984929,0.4676893,0.51680803,0.5659268,0.54066795,0.5154091,0.4592805,0.5101431,0.4405593,0.3709755,0.349422,0.3022015,0.3955818,0.2031011,0.3765542
22511100050475,0.6416729,0.6416729,0.6416729,0.6873595,0.6894969,0.6525443,0.6450172,0.7057146,0.7458404,0.5276762,0.6264688,4.4085903,5.0350924,5.661595,6.288097,5.591836,4.8137674,4.2196856,3.4932146,2.889283,2.4535632,2.0178435,1.668338,1.3186605,1.1321447,0.8686537,0.7278524,0.6344453,0.5527696,0.5714038,0.4690701,0.4938984,0.4843652,0.50214267,0.5199201,0.5317189,0.5435177,0.4927692,0.4973928,0.4014433,0.3054938,0.3005541,0.2569857,0.4023841,0.2606688,0.3609862
22511100050485,0.4650469,0.4650469,0.4650469,0.6731723,0.6969589,0.6942759,0.6698897,0.7171992,0.7381207,0.5705169,0.5580998,4.606425,5.15645,5.7064743,6.2564993,5.566894,4.774677,4.215269,3.5128782,2.8917441,2.4621377,2.0325313,1.625411,1.2787919,1.080482,0.9112129,0.8261885,0.652271,0.5400517,0.606042,0.5685481,0.5129338,0.4915238,0.54174745,0.5919711,0.574446,0.556921,0.5224077,0.4617347,0.3991847,0.3366347,0.3333955,0.2577529,0.4102177,0.315566,0.4391077
22511100050495,0.7274042,0.7274042,0.7274042,0.7274042,0.6968933,0.6803344,0.6462952,0.7226533,0.7170019,0.5756636,0.5763892,2.0208592,3.4653294,4.9097996,6.3542695,5.721676,4.9867764,4.2896414,3.5647473,2.9135268,2.4304006,1.9472742,1.6016947,1.3291931,1.1174866,0.8975665,0.8373167,0.9977113,0.5624258,0.6358337,0.6860055,0.7681907,0.4822564,0.53064096,0.5790255,0.6250251,0.6710247,0.6363141,0.5482714,0.4336674,0.3190634,0.3399368,0.4372715,0.5346062,0.3418651,0.5637173
22511100050505,0.6386283,0.6386283,0.6386283,0.6386283,0.6606834,0.6557548,0.5152724,0.7503571,0.7172219,0.5740936,0.5888916,2.0406027,3.4923136,4.9440246,6.3957357,5.783962,4.9544535,4.309395,3.620037,2.9756207,2.49093,2.0062394,1.6106128,1.3156408,1.09896,0.8422018,0.7496056,0.6778836,0.5358611,0.5543331,0.5221384,0.5338313,0.511142,0.5262228,0.5413036,0.5683399,0.5953762,0.5170302,0.5147066,0.44932544,0.3839443,0.3086992,0.3436714,0.3786436,0.2048813,0.3980252
22511100050515,0.684411,0.684411,0.684411,0.684411,0.7116023,0.6706107,0.9913892,0.7420034,0.7316661,0.6016876,0.572475,2.0312746,3.4900742,4.948874,6.4076734,5.8026643,5.0617113,4.382862,3.5933442,2.9260435,2.469902,2.0137606,1.6126916,1.2706707,1.1000704,0.9523982,0.7628161,0.6035751,0.5016499,0.5641016,0.5145393,0.5081292,0.4632162,0.5132269,0.5632376,0.5643352,0.5654328,0.5457381,0.4877427,0.4020491,0.3163555,0.2831181,0.33588156,0.388645,0.2296122,0.367451
22511100050525,0.6671744,0.6671744,0.6671744,0.6671744,0.7248364,0.6396082,0.71062714,0.7816461,0.6969621,0.5808479,0.5650783,2.0178316,3.470585,4.9233384,6.376092,5.76352,5.214507,4.3197308,3.6168656,2.9440267,2.5385523,2.1330776,1.7064644,1.3172095,1.1230958,0.9118516,0.6783523,0.5731118,0.4776444,0.5820734,0.5145281,0.5071275,0.4913596,0.5328625,0.5743654,0.5528229,0.5312804,0.5202412,0.4679543,0.4159724,0.3639905,0.316165,0.3437001,0.3712352,0.1774596,0.3903998
22511100050535,0.6449177,0.6449177,0.6449177,0.6449177,0.7338815,0.7131593,0.6561234,0.5990875,0.703537,0.5836225,0.3443164,1.8507798,3.357243,4.8637066,6.37017,5.8160386,5.0971646,4.378291,3.5457976,2.9046352,2.4277475,1.9508599,1.5483106,1.3679427,1.1598102,0.8754396,0.7591076,0.5187226,0.5369807,0.5748808,0.4531751,0.2233861,0.5471138,0.5431732,0.5392326,0.5323219,0.5254112,0.469703,0.3856012,0.34929428,0.31298733,0.2766804,0.281246,0.2858116,0.2621633,0.3911773
22511100050545,0.6374848,0.6374848,0.6374848,0.6374848,0.6953658,0.6744412,0.908084,0.7458651,0.6906871,0.5430482,0.4699179,1.9631752,3.4564326,4.94969,6.442947,5.7803416,5.056116,4.331891,3.5844538,2.9375575,2.4362223,1.9348873,1.6362141,1.3215414,1.0490916,0.8316082,0.7132587,0.7361843,0.5048253,0.499773,0.4292363,0.4310042,0.3925285,0.470359,0.5481895,0.51588887,0.4835882,0.5143402,0.615904,0.4561208,0.2963376,0.2923598,0.2440914,0.4701329,0.2588306,0.3732094
22511100050555,0.545437,0.545437,0.545437,0.545437,0.8722605,0.8419642,0.8749035,0.9078428,0.7496806,0.6407588,1.8018596,2.9629605,4.124061,5.285162,6.446263,5.8700376,5.144541,4.4190435,3.6924217,3.1766105,2.5999525,2.0232947,1.7334405,1.3636067,1.1433603,0.9795911,0.7745756,0.6698139,0.5650521,0.6119805,0.5362714,0.5432733,0.5502753,0.519007,0.4877387,0.5457351,0.6037316,0.5515283,0.4521901,0.44744,0.4426899,0.4379398,0.1654865,0.5878038,0.2017589,0.4797201
22511100050565,0.7271494,0.7271494,0.7271494,0.7271494,0.7086416,0.69333,0.73647463,0.7796193,0.7197739,0.6574456,0.6885718,2.1336942,3.5788167,5.023939,6.4690614,5.8856907,5.1596212,4.433552,3.6659694,2.905235,2.4313407,1.9574465,1.618321,1.3203532,1.1067554,1.0028403,0.778345,0.5561756,0.6188027,0.6025924,0.4851847,0.6656403,0.5542254,0.59980595,0.6453865,0.60996604,0.5745456,0.6024517,0.4993189,0.3545466,0.2097743,0.1915758,0.27831775,0.3650597,0.295995,0.3707626
22511100050575,0.8688382,0.8688382,0.8688382,0.7627115,0.7259649,0.7227574,0.79948074,0.8762041,0.7224409,0.6077992,0.4925838,1.9938962,3.4952087,4.9965215,6.4978337,5.8046575,5.095177,4.385697,3.6687865,2.9803424,2.499079,2.0178158,1.6916617,1.4425032,1.1399981,1.0139749,0.816832,0.7069288,0.5425043,0.5795285,0.5122458,0.5097877,0.5587416,0.60324806,0.6477545,0.6207396,0.5937246,0.5519233,0.7362309,0.46703526,0.1978396,0.3900577,0.3909733,0.388933,0.2400066,0.4342293
22511100050585,0.7885724,0.7885724,0.7885724,0.6786073,0.7495322,0.7875251,0.713065,0.8423525,0.7750985,0.5824518,0.7550289,2.1760674,3.5971057,5.018144,6.4391823,5.7632,5.0602307,4.3572617,3.6195936,3.0302236,2.550378,2.0705323,1.6997792,1.4317706,1.2024769,0.9343682,0.9062455,0.6240207,0.6272406,0.609882,0.5998532,0.5167119,0.5507961,0.5779266,0.6050571,0.62271273,0.6403684,0.5348333,0.4918917,0.4540627,0.4162337,0.4227881,0.3158755,0.4964062,0.2571405,0.454217
22511100050595,0.717154,0.717154,0.717154,0.6476814,0.645903,0.7093628,0.8067089,0.9723278,0.7339081,0.6583428,0.6037207,5.139291,5.583737,6.0281835,6.4726295,5.9136634,5.1430135,4.372363,3.542494,3.102389,2.6622844,2.2221797,2.5060246,1.4557894,1.2014889,0.9070047,1.278547,0.9651932,0.6423804,0.5782031,0.502787,0.6112487,0.5392723,0.58937365,0.639475,0.63666534,0.6338557,0.514533,0.4849906,0.43662804,0.3882655,0.2302975,0.2619897,0.3252086,0.2170737,0.3338144
22511100050605,0.9739321,1.0320818,0.7663086,0.7421436,0.755932,0.7424766,0.8040868,0.7630663,0.725016,0.6565764,0.6264589,5.1604376,5.5821686,6.0039,6.425631,5.854167,5.115961,4.3777556,3.6541426,3.0977457,2.541349,1.984952,1.6287313,1.3858231,1.2959557,1.0067062,1.4299282,0.9715029,0.5130776,0.6358,0.5062994,0.4881127,0.5157374,0.520766,0.5257946,0.5392035,0.5526124,0.4932761,0.9680521,0.649218,0.330384,0.3167957,0.2837415,0.2999279,0.2820604,0.365549
22511100050615,0.9095844,0.9095844,0.7751409,0.7349061,0.7887893,0.7666998,0.9729752,1.5536672,0.8478771,0.7000226,0.6620765,2.1110938,3.5601108,5.009128,6.458145,5.8304768,5.754541,4.4337854,3.7249992,3.2171707,2.7093422,2.2015138,1.693685,1.4031653,1.627111,1.0748031,1.8313074,1.208327,0.5853466,0.6985367,0.467431,0.7078079,0.5734024,0.5585796,0.5437569,0.586171,0.6285851,0.4813732,0.6140627,0.4790556,0.3440485,0.2646431,0.360975,0.4017829,0.1620087,0.4995848
22511100050625,0.9740856,0.9740856,0.9740856,0.9053464,0.9357015,0.9051348,1.2232184,1.2548946,0.9106818,0.830302,0.7693748,2.2135255,3.657676,5.1018267,6.545977,5.86498,5.3192115,4.4615846,3.6839452,3.2572646,2.8561993,2.4551342,2.054069,1.6636823,1.2734904,0.9333833,0.8969315,0.8604797,0.7120016,0.6497069,0.5910779,0.6212272,0.6690231,0.65893126,0.6488394,0.65520525,0.6615711,0.6462423,0.6038629,0.50256354,0.4012642,0.3965412,0.4549263,0.4707943,0.2491809,0.5014999
22511100050635,0.7580194,0.7580194,0.7580194,0.7261526,0.7277047,0.7392333,0.7515822,0.8008849,0.7556126,0.6329684,0.6134183,2.0894916,3.5655646,5.041638,6.517711,5.888248,5.15948,4.433585,3.7132971,3.020419,2.58834,2.156261,1.7241821,1.3817265,1.1416698,0.9332938,0.7951797,0.6873596,0.526673,0.569852,0.531794,0.5369384,0.5343825,0.57957774,0.624773,0.61695886,0.6091447,0.5087141,0.5769089,0.497404,0.4178991,0.3234172,0.2955941,0.4330011,0.1081568,0.3968216
22511100050645,0.7775056,0.7775056,0.7775056,0.8590999,0.773909,0.8281968,0.8288239,0.829451,0.8436855,0.6984149,0.6778508,2.1487362,3.6196218,5.0905075,6.561393,5.900251,5.219187,4.4568825,3.7235289,3.0384884,2.6407926,2.243097,1.8477688,1.442786,1.270701,0.9813432,0.8280798,0.6748164,0.5914148,0.6295789,0.5745046,0.5796396,0.5040665,0.5407333,0.5774,0.57411075,0.5708215,0.5523015,0.5059235,0.43000385,0.3540842,0.3737728,0.322961,0.4591938,0.2549308,0.4829655
22511100050655,0.7466734,0.7466734,0.7466734,0.7374777,0.7566257,0.7452473,0.7715421,0.7978368,0.7753496,0.681919,0.6766246,2.1422377,3.607851,5.073464,6.5390773,5.878228,5.2205687,4.476901,3.72614,3.0777645,2.5845923,2.0914204,1.772279,1.3663521,1.2043293,0.9577936,0.8414625,0.7063638,0.5487035,0.5616568,0.545793,0.5405634,0.5246325,0.5576443,0.5906561,0.6126282,0.6346003,0.5497461,0.5291137,0.49257356,0.4560334,0.3093981,0.3284351,0.4148468,0.2303378,0.3788571
22511100050665,0.8421891,0.8421891,0.8421891,0.7396687,0.7742337,0.7409619,0.8242054,0.9074489,0.7675132,0.6730331,0.6480499,2.121392,3.5947344,5.0680766,6.541419,5.9030404,5.2143664,4.4418774,3.70699,3.0547512,2.622621,2.1904912,1.7583612,1.431637,1.2105798,0.980182,0.7356118,0.6880549,0.5847693,0.6219882,0.5755474,0.5750951,0.5447417,0.5711776,0.5976135,0.6026405,0.6076675,0.5092513,0.5538102,0.53479654,0.5157829,0.4701651,0.1972969,0.4541217,0.295228,0.4245637
22511100050675,0.7605772,0.7605772,0.7605772,0.7842953,0.7953442,0.8085127,0.6390117,0.8165044,0.7998056,0.7076739,0.6705707,2.144069,3.617567,5.0910654,6.5645633,5.915784,5.1802664,4.462856,3.732895,3.0708942,2.6251307,2.179367,1.7336035,1.4324532,1.2201406,0.9723686,0.8274081,0.6824476,0.577158,0.6028261,0.5457522,0.5848126,0.5543382,0.5750089,0.5956797,0.60475934,0.613839,0.5360835,0.5575634,0.50153035,0.4454973,0.4072078,0.2411551,0.4222924,0.6628116,0.3971676
22511100050685,0.6732374,0.6732374,0.6732374,0.8085275,0.8132997,0.7992787,0.8277687,0.8362792,0.8114458,0.7180063,0.7070428,2.172365,3.6376872,5.103009,6.5683317,5.906246,5.1231437,4.4661837,3.7499638,3.0846276,2.645615,2.2066023,1.7675898,1.4574232,1.2201095,1.0045121,0.8424382,0.6803644,0.5955061,0.5836133,0.5620263,0.6145813,0.5330087,0.5668914,0.600774,0.6066641,0.6125542,0.5202159,0.5270091,0.49394646,0.4608838,0.4221469,0.3245137,0.4369383,0.4101574,0.4071539
22511100050695,0.789095,0.789095,0.789095,0.8217612,0.8382939,0.8176321,0.8386073,0.8533607,0.7717743,0.7576441,0.695649,2.167435,3.6392207,5.1110067,6.5827928,5.939799,5.2100916,4.4942136,3.7345767,3.1055734,2.6720214,2.2384696,1.8049176,1.4881558,1.2439092,1.0193869,0.85877144,0.698156,0.5731874,0.6029429,0.5714056,0.5856635,0.5664206,0.5912448,0.616069,0.60890347,0.6017379,0.5322699,0.5203126,0.49190494,0.4634973,0.4269759,0.3478638,0.4375058,0.3871857,0.4064889
22511100050705,0.8422317,0.8422317,0.8422317,0.906177,0.884294,0.8342507,0.873462,0.9767097,0.883337,0.7494566,0.7324765,2.1999562,3.667436,5.1349154,6.602395,5.9394674,5.191547,4.4796853,3.7496154,3.1063013,2.666132,2.2259624,1.785793,1.4762926,1.2565271,1.0238031,0.8713886,0.7189741,0.6302634,0.6033469,0.5972486,0.6245978,0.6129679,0.62157005,0.6301722,0.62432224,0.6184723,0.5701247,0.5866818,0.5360798,0.4854779,0.4968476,0.2464103,0.5328056,0.4352902,0.467656
22511100050715,0.8214098,0.8214098,0.8214098,0.8313175,0.8772111,0.8351124,0.5756437,0.9102641,0.8651033,0.7441345,0.751129,5.4840827,7.3835406,6.981136,6.5787315,5.919413,5.121868,4.487801,3.7309854,3.0786755,2.6391673,2.1996589,1.7601507,1.4654908,1.2407264,1.0071071,0.85188353,0.69666,0.5733745,0.5903839,0.5565241,0.5853498,0.556798,0.58106965,0.6053413,0.61094,0.6165386,0.5603316,0.5522306,0.5156203,0.47901,0.4683003,0.3369178,0.4739425,0.4262648,0.4665881
22511100050725,0.8300944,0.8300944,0.8300944,0.8002349,0.7888032,0.7952613,0.8401531,0.8850449,0.8035648,0.7678906,0.679695,4.0091705,7.3386455,6.9595175,6.580389,5.9346046,5.202715,4.470825,3.7493935,3.103595,2.6731067,2.2426183,1.81213,1.4700047,1.2493497,1.0156438,0.8484735,0.6813032,0.6087317,0.5845133,0.551672,0.5916032,0.5766653,0.58770263,0.59874,0.5993468,0.5999536,0.546435,0.5479582,0.51363665,0.4793151,0.4734241,0.4300663,0.4619081,0.4033672,0.4578299
22511100050735,0.8019344,0.8019344,0.8019344,0.8275447,0.82155,0.8297882,0.8434765,0.8571648,0.8020903,0.7275526,0.6831184,5.262475,7.4186044,7.209574,6.6108074,5.9084444,5.185788,4.4631314,3.740371,3.0916739,2.6001103,2.108547,1.8163589,1.4736162,1.271928,1.0031598,0.9114098,0.652308,0.5869773,0.5834865,0.5537396,0.6006697,0.5608138,0.57304466,0.5852755,0.5900229,0.5947703,0.5409238,0.5473652,0.4985613,0.4497574,0.4593272,0.2954621,0.4535356,0.4519713,0.4356606
22511100050745,0.7985828,0.7985828,0.7985828,0.7951835,0.8037076,0.7897476,0.8615559,0.8593614,0.8050987,0.6827918,0.6738222,5.384198,7.4144135,7.1736045,6.630331,5.9406977,5.212184,4.4836698,3.7664275,3.093588,2.6336,2.1736119,1.8111856,1.4648513,1.2236699,1.0169469,0.8386377,0.6825018,0.5578592,0.5579295,0.5556822,0.5392102,0.5103368,0.54551655,0.5806963,0.5816091,0.5825218,0.5216421,0.5025283,0.42344725,0.3443662,0.3084382,0.2172652,0.3762356,0.2120809,0.3580517
22511100050755,0.6785674,0.6785674,0.8858007,0.8650472,0.8457394,0.7841894,0.9983715,0.8456973,0.8576363,0.7412179,0.6813164,4.0855722,7.4898276,7.126719,6.582726,5.89857,5.226167,4.4930673,3.7488482,3.1343908,2.634271,2.1341512,1.79682,1.5381591,1.2436593,0.9634918,0.7669052,0.6862182,0.5630797,0.5662947,0.552911,0.5545153,0.5107847,0.55386764,0.5969506,0.60134363,0.6057367,0.5261038,0.5292087,0.4879475,0.4466863,0.5014445,0.3280041,0.4918286,0.3061015,0.3938227
22511100050765,0.7877634,0.7877634,0.7877634,0.816334,0.8441806,0.8177047,0.8539225,0.8780023,0.8064021,0.7621335,0.6848808,4.0605426,7.436204,7.012538,6.5888724,5.9269366,5.2074747,4.4909167,3.7962708,3.1262617,2.6113343,2.0964072,1.8332492,1.4889134,1.2355093,0.9949772,0.8559106,0.716844,0.5710498,0.6149517,0.6144683,0.5853509,0.5501498,0.57381076,0.5974717,0.60786736,0.618263,0.5706544,0.5375077,0.5020747,0.4666417,0.4620623,0.4107243,0.4084818,0.3283364,0.4112706
22511100050775,0.7996914,0.7996914,0.7996914,0.8130398,0.8492367,0.8377043,0.86196256,0.8862208,0.8212814,0.7658343,0.717567,4.0733914,7.429216,7.0150485,6.600881,5.9253263,5.3488493,4.500101,3.795928,3.1230104,2.6610782,2.199146,1.8290184,1.4774092,1.2385495,1.0256671,0.86481935,0.7039716,0.6141842,0.6047607,0.5871597,0.5967897,0.5439105,0.5584708,0.5730311,0.5911108,0.6091905,0.5273111,0.5498485,0.52248913,0.4951298,0.4542623,0.3766329,0.4191165,0.2418175,0.3896272
22511100050785,0.9093029,0.9093029,0.9093029,0.8375019,0.8259297,0.8755796,0.9050324,0.8909787,0.8386235,0.7715367,0.7310651,4.0429077,7.3547506,6.985033,6.615316,5.9521146,5.19684,4.4976687,3.7996926,3.1083293,2.62871,2.149091,1.8450617,1.495408,1.2504185,1.0225925,0.8652604,0.7079283,0.6065793,0.636257,0.5733112,0.5678605,0.5413051,0.56860036,0.5958956,0.62006587,0.6442361,0.5740284,0.5665429,0.50392634,0.4413098,0.3938884,0.3102229,0.4221528,0.2180537,0.3339743
22511100050795,0.747062,0.747062,0.747062,0.8157538,0.8712406,0.8559251,1.0010118,0.920243,0.8516975,0.7501082,0.7052282,4.043487,7.381746,6.9997563,6.6177664,5.9601326,5.2299557,4.4997783,3.8105545,3.1649117,2.6702476,2.1755831,1.8977437,1.5154324,1.2731417,1.0558149,0.8911455,0.7264761,0.5772794,0.6491164,0.5640634,0.5812935,0.5092332,0.5630577,0.6168822,0.6262468,0.6356114,0.5257478,0.5483036,0.5034513,0.458599,0.4122593,0.2908279,0.4449717,0.2062993,0.2062993
22511100050805,0.8022976,0.8022976,0.8022976,0.8017061,0.8269642,0.8306295,0.8560063,0.8813832,0.8432804,0.7297198,0.6861072,5.424778,7.410277,7.204555,6.645769,5.942255,5.214975,4.487695,3.7629404,3.1025467,2.650907,2.1992674,1.8523464,1.4879233,1.2692868,1.0571247,0.8848077,0.699575,0.5750469,0.588518,0.5303435,0.5561874,0.5162005,0.5474759,0.5787512,0.59186035,0.6049695,0.5407952,0.5449808,0.46158314,0.3781855,0.3179173,0.2970798,0.4150597,0.2392077,0.4257079
22511100050815,0.7740672,0.7740672,0.7740672,0.7707387,0.7982824,0.7865726,0.7973642,0.8081558,0.8067201,0.6917694,0.6715395,5.3688707,7.3949285,7.1954236,6.628821,5.9308767,5.2126074,4.4943447,3.759316,3.1121907,2.6344092,2.156628,1.7902569,1.4648769,1.2216505,0.9873082,0.8406582,0.6431275,0.5570412,0.5565233,0.5222564,0.5246824,0.4764711,0.5165991,0.5567271,0.5507957,0.5448643,0.5026812,0.4836883,0.40148744,0.3192866,0.2791163,0.2989868,0.3603339,0.2262159,0.3421358
22511100050825,0.843273,0.843273,0.843273,0.8167193,0.8476017,0.8404387,0.86318374,0.8859288,0.8560582,0.7478792,0.6942529,5.454294,7.472814,7.1828675,6.652132,5.967084,5.3001895,4.527595,3.8102798,3.1400888,2.66206,2.1840312,1.844501,1.4794167,1.2777753,1.061632,0.7643156,0.7449721,0.5757644,0.5745011,0.588858,0.5703442,0.5179144,0.55492544,0.5919365,0.5976409,0.6033453,0.5659393,0.5370904,0.4749344,0.4127784,0.3713504,0.3980223,0.4211737,0.2822515,0.3610079
22511100050835,0.8368923,0.8368923,0.8368923,0.8727956,0.8700107,0.8542287,0.89262533,0.931022,0.8786682,0.8038043,0.7707934,5.5151124,7.5208163,7.0951533,6.669491,5.9951286,5.288644,4.547804,3.8275115,3.1806252,2.6442037,2.1077821,1.8649212,1.5626032,1.3027683,1.0430166,0.87749225,0.7119679,0.6330982,0.6214552,0.5822889,0.6039949,0.571318,0.5925312,0.6137444,0.6321021,0.6504597,0.5668254,0.5829073,0.51750827,0.4521092,0.4588897,0.32259,0.4589578,0.3357943,0.3810745
22511100050845,0.8464399,0.8464399,0.8464399,0.8530197,0.830881,0.8145719,0.86156833,0.9085648,0.8494294,0.7654621,0.722208,5.3683553,7.4890747,7.08157,6.674065,5.9958887,5.2160826,4.538133,3.798775,3.162464,2.6674335,2.1724033,1.8430403,1.5371753,1.2848401,1.063909,0.865078,0.6662468,0.5813146,0.6195973,0.545514,0.6119123,0.5158003,0.5660202,0.6162401,0.6102557,0.6042713,0.5450081,0.5317644,0.49383825,0.4559121,0.4293541,0.3149467,0.4033194,0.2384339,0.4397019
22511100050855,0.7815976,0.7815976,0.8204825,0.856598,0.814954,0.8178633,0.85343975,0.8890162,0.8385355,0.7207429,0.7463252,5.464666,7.520297,7.0935307,6.6667643,5.961666,5.2618265,4.5238833,3.7744787,3.1009424,2.647284,2.1936257,1.8599937,1.4805939,1.2888368,1.0123135,0.8419704,0.6716273,0.5797122,0.5816631,0.5390911,0.5546862,0.5251407,0.55722606,0.5893114,0.57982576,0.5703401,0.5059535,0.5117083,0.4623211,0.4129339,0.3664238,0.3326413,0.4016009,0.1829685,0.3519668
22511100050865,0.8187096,0.8187096,0.8187096,0.8589163,0.830057,0.8414519,0.8527707,0.8692633,0.857214,0.7413895,0.7240271,5.4719377,7.489914,7.080319,6.6707234,5.971758,5.2495155,4.505557,3.7909944,3.1142066,2.6510487,2.187891,1.8525829,1.4768134,1.2585411,1.0248437,0.84864193,0.6724402,0.5996253,0.5670521,0.5565669,0.5983343,0.4924514,0.5374454,0.5824395,0.6001806,0.6179218,0.5007928,0.5338995,0.48975256,0.4456056,0.389608,0.3901903,0.3883458,0.1979292,0.3487962
22511100050875,0.9728211,0.9728211,0.8503989,0.882882,0.879107,0.8624515,0.9006056,0.9096683,0.8796085,0.7951949,0.7463323,5.7475643,7.507912,7.164739,6.821566,6.1263165,5.409128,4.6455846,3.9138389,3.2241683,2.7547607,2.2853534,1.9123238,1.5458378,1.3229774,1.0558465,0.88801134,0.7201762,0.6187194,0.5999939,0.5442438,0.6015075,0.5269819,0.5598088,0.5926357,0.5857867,0.5789377,0.5136869,0.4970235,0.4612637,0.4255039,0.3687178,0.5326593,0.3894899,0.2710262,0.4033996
22511100050885,0.8971943,0.8971943,0.8514273,0.8541097,0.8785631,0.8666058,0.9652427,0.8872761,0.864674,0.7661128,0.7366987,5.8192496,7.6242476,7.2166424,6.809037,6.122149,5.4323115,4.627046,3.866811,3.178015,2.7729895,2.3679643,1.9158001,1.5710009,1.3255405,1.0506086,0.87033975,0.6900709,0.5767651,0.5818244,0.5791032,0.565958,0.5218448,0.5805566,0.6392684,0.6383272,0.637386,0.5192653,0.5002599,0.4247609,0.3492619,0.3356065,0.2767238,0.3576977,0.319642,0.4252568
22511100050895,0.8890954,0.8890954,0.8487466,0.8510653,0.8661774,0.8647726,0.9831069,0.9007559,0.8385857,0.7583204,0.7126041,5.8028226,7.695905,7.2506113,6.8053174,6.0985303,5.4329014,4.613886,3.8718581,3.1951103,2.7177413,2.2403722,1.8686109,1.5942705,1.2882223,1.0395217,0.89575875,0.7519958,0.5433262,0.5565668,0.5847082,0.594052,0.5024739,0.5553196,0.6081653,0.5989172,0.5896691,0.5394222,0.4799033,0.4206286,0.3613539,0.3452626,0.12538,0.4010307,0.3163966,0.3614649
22511100050905,0.8603035,0.8603035,0.8692758,0.8814299,0.8690568,0.8715598,1.0433704,0.9068923,0.8863104,0.7542301,0.7576304,5.7947116,7.5890846,7.1831856,6.7772865,6.10134,5.4183493,4.586871,3.8577292,3.1810243,2.6812947,2.1815648,1.8697833,1.5771858,1.2478386,1.0346631,0.86464506,0.694627,0.6041299,0.578398,0.5344009,0.5879499,0.5347774,0.5597563,0.5847351,0.584497,0.5842588,0.548758,0.5758346,0.47633296,0.3768313,0.3673152,0.3097887,0.4219703,0.3144281,0.3601773
22511100050915,0.8987839,0.8987839,0.8538422,0.8244877,0.8500972,0.8555204,0.8851519,0.9147835,0.8907423,0.7607305,0.7650128,5.7427244,6.072536,6.402347,6.7321587,6.069523,5.3590813,4.5765533,3.8229308,3.2170203,2.7058449,2.1946695,1.8794945,1.5113702,1.2596883,1.0465817,0.8575531,0.6685246,0.6159944,0.5932363,0.574985,0.5989459,0.5300026,0.5725875,0.6151724,0.6126744,0.6101764,0.5385313,0.5425493,0.45694235,0.3713354,0.3921777,0.3433992,0.3865547,0.2915331,0.4283965
22511100050925,0.9537859,0.9537859,0.9242311,0.8821746,0.8779231,0.8808299,0.9074343,0.9340387,0.8896006,0.7890685,0.7559445,5.74756,7.478245,7.1122503,6.746256,6.0824633,5.3982787,4.6204185,3.8625822,3.2303295,2.6456118,2.060894,1.898998,1.5286684,1.3669113,1.0975026,0.9243039,0.7511052,0.5889805,0.6254657,0.5415487,0.5556902,0.5507636,0.60119194,0.6516203,0.65023714,0.648854,0.5226908,0.5857354,0.5351297,0.484524,0.473445,0.3066974,0.4283148,0.2682232,0.3840697
22511100050935,0.8813464,0.8813464,0.8934843,0.8721481,0.9375813,0.8874207,0.9003186,0.9132165,0.9254934,0.8436249,0.7598345,5.6111584,7.6511784,7.2237244,6.7962704,6.033044,5.3190947,4.5606823,3.8247359,3.1581192,2.6966524,2.2351856,1.9274334,1.5523777,1.3100221,1.0676666,0.88125056,0.6948345,0.563425,0.6213328,0.5835873,0.587835,0.54799,0.5724945,0.596999,0.59871083,0.6004227,0.5771954,0.5047365,0.48678827,0.46884006,0.45089182,0.4329436,0.4241348,0.310253,0.3971646
22511100050945,0.8343655,0.8194525,0.8868788,0.8848651,0.9259897,0.8835478,0.9000834,0.916619,0.9285261,0.7512695,0.7415534,5.5672736,5.935927,6.30458,6.673234,6.0144577,5.303735,4.5310154,3.8367968,3.1678915,2.7193542,2.2708168,1.9161028,1.548253,1.2858537,1.0234545,0.8844854,0.7455163,0.5765146,0.5737013,0.5820649,0.5428191,0.458004,0.5156321,0.5732602,0.5993026,0.625345,0.5714986,0.526837,0.43480816,0.3427793,0.3495707,0.3645421,0.4550545,0.2681073,0.3707646
22511200010011,0.9619597,0.9785185,0.9809799,0.9862308,0.9288312,0.9955503,1.0850405,0.9574328,0.9874852,0.8832261,0.8766842,6.187575,6.486932,6.7862887,7.085645,6.421749,5.730233,4.9008746,4.1247096,3.4019556,2.943798,2.4856405,2.027483,1.7134362,1.4207308,1.1280254,1.0142992,0.900573,0.6770146,0.655498,0.580452,0.6699279,0.546263,0.56807816,0.5898933,0.6075438,0.6251943,0.503034,0.5422731,0.49716553,0.45205796,0.4069504,0.4305161,0.4045643,0.3541073,0.3906331
22511200010021,0.8967643,0.9495154,0.9323357,0.9037469,0.9203819,0.9386338,1.0689507,1.0150177,1.0088129,0.8770705,0.8024399,6.0895042,6.426515,6.7635264,7.100538,6.4739156,5.7522736,4.896263,4.1589084,3.4231374,2.9641995,2.5052614,2.0463233,1.6975876,1.4053123,1.1130369,0.9162566,0.7194763,0.6230933,0.6284443,0.5594476,0.5823544,0.5629032,0.5977966,0.63269,0.6244509,0.6162119,0.6127919,0.525985,0.46440476,0.40282452,0.3412443,0.3936986,0.4351466,0.3635302,0.4098487
22511200010031,0.977665,1.0154265,0.9409033,0.9545938,0.9030598,0.9393858,1.079949,0.9998759,0.9868708,0.8683248,0.8413069,6.1441884,6.4655933,6.7869987,7.1084037,6.456316,5.7555265,4.876083,4.1313305,3.4374592,2.9531136,2.468768,2.0895355,1.6961228,1.4145037,1.1328846,0.9186154,0.7514616,0.6234852,0.6530762,0.5743568,0.5918625,0.5570389,0.5947202,0.6324015,0.6292845,0.6261675,0.5607252,0.5966473,0.5130466,0.429446,0.3052903,0.3777487,0.4479315,0.3091459,0.4041194
22511200010041,0.9011045,0.9482344,0.9038034,0.9204289,0.9724934,0.9255801,1.0064045,1.0179459,0.9398211,0.8592848,0.7954288,6.117163,6.4437747,6.7703867,7.096998,6.463902,5.7817664,4.9443316,4.099002,3.4704912,2.9359334,2.4013753,2.0456133,1.6746126,1.3901428,1.105673,0.8955541,0.748674,0.6214819,0.6168915,0.5637135,0.5818499,0.5357152,0.5763997,0.6170842,0.609556,0.6020278,0.5573579,0.55044,0.45462516,0.3588103,0.3525535,0.344762,0.3886246,0.2560525,0.4095728
22511200010051,0.9464233,0.9798448,0.9619622,0.9674849,0.9420012,0.9254247,1.0090247,1.0469323,0.9563355,0.8855917,0.8413915,6.084982,6.440299,6.795616,7.1509333,6.451567,5.746431,4.911539,4.140596,3.4405322,2.93427,2.4280076,2.0745292,1.6751127,1.3990442,1.1229756,0.9200542,0.7403954,0.6311731,0.61838,0.5925673,0.5799381,0.5331445,0.5751418,0.6171391,0.62231225,0.6274854,0.5566332,0.5567357,0.46662095,0.3765062,0.3332775,0.3778926,0.4058538,0.2877148,0.4138412
22511200010061,0.9189935,1.0224646,0.9462654,0.9470107,1.0397055,0.9404139,0.9886252,1.0151551,0.971915,0.8807616,0.9227393,6.091902,6.429883,6.767864,7.1058455,6.4413924,5.680922,4.912542,4.1265936,3.4482343,2.949741,2.4512477,2.0982215,1.6617306,1.4067863,1.1518421,0.9408685,0.7500171,0.641745,0.6243871,0.6245213,0.5749098,0.5391681,0.5882324,0.6372967,0.6276343,0.6179719,0.5498175,0.5608972,0.47068784,0.3804785,0.3568497,0.3818195,0.4231441,0.2705475,0.3923891
22511200010071,0.8977536,0.9638378,0.9467437,0.9347421,0.9420319,0.9244387,0.9995159,0.9708282,0.9421404,0.823765,0.8869145,6.083988,6.424769,6.76555,7.106331,6.442896,5.663347,4.883306,4.117401,3.4431746,2.9311817,2.4191887,2.061941,1.6569259,1.38737,1.1178141,0.9267387,0.7485787,0.6008355,0.6071169,0.5728254,0.563467,0.488236,0.54075235,0.5932687,0.6087203,0.6241719,0.5088658,0.5296701,0.44388026,0.3580904,0.3190736,0.347521,0.3916758,0.2257377,0.3820634
22511200010081,0.8254619,0.9174691,0.8851945,0.9018858,0.9425278,0.9069437,0.9749069,0.9743157,0.9313716,0.8094844,3.4374356,6.065387,6.398998,6.7326093,7.0662203,6.433272,5.6772556,4.883761,4.1107607,3.438215,2.928078,2.417941,2.021306,1.657307,1.3768675,1.0964282,0.8692866,0.7294289,0.5989408,0.5941751,0.561841,0.5923663,0.5056672,0.5515575,0.5974478,0.601824,0.6062002,0.5080682,0.5337492,0.4375082,0.3412672,0.3121673,0.3508179,0.3474717,0.2661383,0.4132695
22511200010091,0.924629,0.924629,0.8985578,0.8906224,0.8994817,0.918609,0.9406509,0.9252098,0.9097688,0.8037678,3.4062364,6.008705,6.3740783,6.7394514,7.1048245,6.4341297,5.674981,4.849182,4.113499,3.4109845,2.9162385,2.4214923,2.0052824,1.600666,1.3316354,1.0626045,0.8544817,0.711379,0.5669498,0.5638532,0.5498573,0.5238362,0.487278,0.5205268,0.5537756,0.5727111,0.5916466,0.4873217,0.488181,0.41118014,0.3341793,0.3100882,0.3056658,0.3615521,0.227882,0.335657
22511200010101,0.9296067,0.9348924,0.8649894,0.8857219,0.8916819,0.9212413,0.9442631,0.94548476,0.9467064,0.8124601,3.4245212,6.0365825,6.388723,6.740864,7.093004,6.415937,5.7119784,4.908399,4.107697,3.4533784,2.9378984,2.4224186,2.0211399,1.6219095,1.343571,1.0652325,0.9305661,0.709758,0.5790967,0.6141823,0.5550662,0.5074912,0.4571621,0.5133107,0.5694593,0.57737243,0.5852856,0.5373677,0.5180963,0.42154536,0.3249944,0.3094248,0.3361994,0.3285858,0.2260362,0.2997382
22511200010111,0.9351501,0.9361515,0.8973886,0.9238695,0.9638001,0.9204821,0.9856026,0.7378512,0.9411754,0.8286908,3.409418,5.990145,6.350404,6.7106624,7.070921,6.43843,5.650484,4.8775063,4.1256447,3.409881,2.9108062,2.4117312,2.0222478,1.6518695,1.3845191,1.1171688,0.9215208,0.71965,0.5710068,0.6196316,0.5521751,0.5483413,0.5300659,0.55649555,0.5829252,0.59727126,0.6116173,0.5199622,0.5266867,0.4110722,0.2954577,0.3119038,0.3086528,0.3662473,0.2240453,0.3579004
22511200010121,0.9833109,0.9833109,0.9317922,0.9263815,0.9193224,0.8787113,0.9606858,0.9903072,0.9540214,0.848124,3.4309328,6.0137415,6.3807406,6.7477393,7.114738,6.4303017,5.7105384,4.913085,4.139288,3.4424257,2.934687,2.4269483,2.0597484,1.6534067,1.3672316,1.0810565,0.8800902,0.7395527,0.6099097,0.5936112,0.5945718,0.5291948,0.5245665,0.5564914,0.5884163,0.60013026,0.6118442,0.5202497,0.5416644,0.44374856,0.3458327,0.3106703,0.3785659,0.3736063,0.241923,0.4007815
22511200010131,0.9537065,0.9537065,0.9444749,0.9236925,0.9257334,0.9300448,0.9786058,1.0521748,0.9723071,0.8261988,3.4020245,5.97785,6.3608184,6.743787,7.126755,6.4236393,5.7215376,4.916573,4.156672,3.439188,2.9338636,2.4285395,2.0727417,1.6670754,1.3944252,1.121775,0.9056413,0.7300123,0.5786584,0.6304105,0.5592026,0.5649611,0.5196793,0.5426527,0.5656261,0.5766357,0.5876453,0.5028038,0.5319004,0.43876335,0.3456263,0.3209343,0.3492585,0.40667,0.2427622,0.3785566
22511200010141,0.9682194,0.9682194,0.9341072,0.9289649,0.9476147,0.9193156,0.9703573,1.0005168,0.9613501,0.8636856,3.4278984,5.992111,6.373699,6.7552876,7.136876,6.4402113,5.72481,4.9338613,4.176759,3.4740539,2.9531279,2.4322019,2.047435,1.6575128,1.3941138,1.1307148,0.904818,0.7308752,0.5898806,0.6246758,0.5692468,0.5827566,0.5322004,0.56870854,0.6052167,0.6140589,0.6229011,0.5377791,0.5424307,0.46008524,0.3777398,0.3472351,0.4020946,0.3891479,0.2722878,0.3989628
22511200010151,0.8713323,0.9627714,0.9263394,0.916216,0.9433921,0.936025,1.0174106,0.98273563,0.9480607,0.8386205,3.3977785,5.9569364,6.3370795,6.717222,7.097365,6.411095,5.7058406,4.8714004,4.129748,3.442392,2.9347434,2.4270947,2.047125,1.6663125,1.3867933,1.107274,0.9610126,0.7271023,0.6242513,0.5941297,0.5625371,0.5582934,0.4995155,0.5523037,0.6050919,0.5955287,0.5859656,0.5195606,0.5210282,0.4375782,0.3541282,0.320985,0.3813323,0.3842573,0.2438023,0.3733039
22511200010161,0.9330443,1.7143478,0.937371,0.9684125,0.9673994,0.9965537,0.8845668,0.89172673,0.8988867,0.8523457,3.3885007,5.9246554,6.323709,6.7227626,7.121816,6.458534,5.723579,4.940927,4.130519,3.4885595,2.9682252,2.4478912,2.028313,1.6458524,1.3810564,1.1162604,0.9147509,0.7150257,0.5718377,0.6280483,0.5519721,0.546749,0.5042823,0.5388554,0.5734285,0.59643173,0.619435,0.4978892,0.5169417,0.4114377,0.3059337,0.3096581,0.2667881,0.3350145,0.2215639,0.3264393
22511200010171,0.8582785,0.9673348,0.9514727,0.923308,0.9237526,0.9313789,0.9628198,0.9702068,0.9323066,0.8495023,3.3884716,5.9274406,6.3169804,6.7065206,7.0960603,6.436917,5.670447,4.9193053,4.1721296,3.494413,2.9531608,2.4119084,2.0940087,1.6676806,1.4049208,1.142161,0.8213789,0.7098024,0.6217064,0.6172131,0.5355322,0.5882823,0.5018307,0.54749054,0.5931504,0.60932374,0.6254971,0.5135453,0.5408363,0.4769282,0.4130201,0.337283,0.3866756,0.3831031,0.3167699,0.3801084
22511200010181,0.9017935,0.9690509,0.9251592,0.9501071,0.9233136,0.9635688,1.003013,0.8910843,0.9573638,0.8627732,0.6866634,5.949639,6.335947,6.7222548,7.1085625,6.4480467,5.688114,4.9202404,4.1433396,3.451779,2.9567318,2.4616847,2.1043575,1.674956,1.4026376,1.1303191,0.9022814,0.7727504,0.6177087,0.606642,0.5879351,0.5689399,0.5317001,0.5705339,0.6093677,0.61031073,0.6112538,0.5388289,0.5477179,0.4644955,0.3812731,0.4101704,0.3993554,0.369254,0.2815063,0.4157248
22511200010191,0.9038836,0.9971037,0.9338367,0.9473409,0.9500334,0.9600614,0.9798392,0.809076,0.9491567,0.8021047,0.7840759,5.943203,6.339665,6.736127,7.132589,6.3890514,5.71719,4.9110494,4.1768584,3.4814918,2.9496436,2.4177954,2.087027,1.7244529,1.4488884,1.173324,0.9094535,0.733917,0.6049276,0.620962,0.539648,0.5906703,0.5261669,0.5554184,0.5846699,0.59376144,0.602853,0.5642907,0.5212467,0.4595825,0.3979183,0.3618037,0.399354,0.3988794,0.3493448,0.380045
22511200010201,0.9259674,0.9939414,0.9551436,0.9316263,0.9622264,0.9783916,0.9929433,1.0820373,0.9934417,0.8540921,0.8076051,5.8761816,6.29082,6.705459,7.1200976,6.461303,5.6680756,4.9418507,4.1858897,3.4613056,2.9600384,2.4587715,2.0325904,1.7304955,1.442807,1.1551185,0.9522712,0.7497914,0.6415247,0.6273673,0.6199001,0.5705725,0.5452611,0.5925358,0.6398105,0.6192708,0.5987311,0.5600016,0.5739499,0.5055562,0.4371626,0.4307148,0.4092198,0.4298651,0.367534,0.4015738
22511200010211,0.9719573,0.9717179,0.940586,0.9475452,0.9489829,0.9576032,1.0067828,0.9337015,0.9549375,0.8642743,0.7757629,5.887198,6.298973,6.7107477,7.122523,6.482313,5.672972,4.9682627,4.1874204,3.4922266,2.9910018,2.489777,2.116335,1.7153336,1.438553,1.1617723,0.9001334,0.7940402,0.6000774,0.6423974,0.5988028,0.5794363,0.5406572,0.578446,0.6162348,0.62288815,0.6295415,0.5683436,0.5832834,0.5312645,0.4792456,0.4498866,0.3919817,0.400544,0.3687794,0.4411767
22511200010221,0.8900863,0.9431856,0.9122757,0.9241159,0.9515595,0.9167945,0.9488151,0.9415734,0.9590955,0.8511141,0.7161987,5.7816978,6.228002,6.6743064,7.1206107,6.4207244,5.685939,4.923418,4.1529293,3.451102,2.953751,2.4564,2.1006777,1.6877565,1.3912582,1.09476,0.8973386,0.7646988,0.6186685,0.6227004,0.5456357,0.585993,0.5153524,0.55995864,0.6045649,0.6059486,0.6073323,0.5201054,0.5399306,0.4959986,0.4520666,0.4081027,0.4304308,0.3682733,0.3980938,0.4179503
22511200010231,0.9215739,0.9388916,0.9087602,0.950127,0.9244513,0.9428976,0.9818922,1.027134,0.9597749,0.8465656,0.7141461,5.8041873,6.2337046,6.6632214,7.0927386,6.4324555,5.718319,4.9005,4.195621,3.4730885,2.9873557,2.501623,2.1082096,1.6759975,1.3907622,1.1055269,0.9195038,0.7530939,0.583639,0.6059863,0.5770845,0.5128313,0.5149312,0.5566527,0.5983743,0.5935769,0.5887795,0.542742,0.5190184,0.48032776,0.4416371,0.4121415,0.4021543,0.419293,0.3837775,0.384655
22511200010241,0.9563367,0.9939958,0.9449085,0.9573529,0.9609705,0.9230946,0.9940171,0.9232842,0.9636811,0.8408879,0.8197015,5.7881536,6.231992,6.6758294,7.1196675,6.4455676,5.736417,4.911121,4.181085,3.5162659,3.04314,2.5700138,2.1046126,1.7168182,1.414064,1.1113099,0.9091846,0.7394704,0.6180771,0.5819861,0.5875494,0.5820433,0.5492435,0.5688583,0.5884731,0.6116151,0.6347572,0.5584419,0.5564529,0.478307,0.4001611,0.4147996,0.3785231,0.4079644,0.3762055,0.3695633
22511200010251,0.9239398,1.0002695,0.9238086,0.9398489,0.9251619,0.9346623,0.9851008,1.005573,0.9343446,0.8319786,0.6854113,5.694071,6.1635647,6.6330585,7.1025524,6.479627,5.7297525,4.978225,4.1949916,3.4842193,3.0026898,2.5211604,2.0398583,1.6687839,1.3899002,1.1110166,0.8782458,0.7414858,0.6230876,0.603056,0.5916375,0.5595516,0.5234811,0.5702425,0.617004,0.63242936,0.6478547,0.5295644,0.5697415,0.51832134,0.4669012,0.3713569,0.3948478,0.3851748,0.3272492,0.3753473
22511200010261,0.9204461,0.9342805,0.9537764,0.9439354,0.9211596,0.9360065,0.9880398,0.8264515,0.9488432,0.8417743,0.8096983,5.7295527,6.1969748,6.6643963,7.1318183,6.4431057,5.747545,4.931567,4.1706944,3.5286562,3.0065715,2.484487,2.0477276,1.71684,1.4328859,1.1489317,0.9356597,0.7340496,0.588291,0.5978656,0.5605697,0.5022535,0.5148789,0.56194043,0.609002,0.6011318,0.5932616,0.4943365,0.5532959,0.45930284,0.3653098,0.3998978,0.3628701,0.3927766,0.2778702,0.3460661
22511200010271,0.9157899,0.9739016,0.9443763,0.9113807,0.9487353,0.9693436,0.947345,0.9695874,0.9464697,0.8565404,0.8519434,5.7030387,6.1758823,6.6487265,7.12157,6.457588,5.724649,4.9708266,4.1781645,3.497762,3.0006275,2.5034933,2.0565896,1.6938874,1.4107816,1.1276759,0.8985156,0.7510214,0.6042143,0.5933806,0.587066,0.6102711,0.5457814,0.57755536,0.6093293,0.588478,0.5676267,0.5286201,0.5267076,0.4864047,0.4461018,0.4050548,0.3352612,0.4078132,0.345929,0.4091075
22511200010281,0.8865541,0.9696776,0.892722,0.894316,0.9345294,0.9294277,0.9470166,0.9489216,0.92072,0.7897579,0.8473187,5.661861,6.139471,6.617081,7.094691,6.4623346,5.6996045,4.8945765,4.2020874,3.4933467,2.9899225,2.4864984,2.069765,1.6748883,1.4067785,1.1386688,0.9171528,0.7419262,0.5994374,0.5876555,0.5555512,0.5074889,0.4612798,0.5227349,0.58419,0.5928903,0.6015906,0.493305,0.5181589,0.44077986,0.3634008,0.3604958,0.3592228,0.3697906,0.2907422,0.3797045
22511200010291,0.8925597,0.9483537,0.900499,0.9152293,0.9214723,0.9074914,0.9550363,1.018848,0.9066081,0.8153936,0.7753946,5.7079487,6.1710863,6.634224,7.0973616,6.4497795,5.705027,4.9162045,4.182415,3.5033333,2.9709556,2.438578,2.073254,1.7309815,1.4262681,1.1215546,0.8973945,0.7245276,0.6097403,0.5833417,0.548301,0.5413035,0.4718685,0.519027,0.5661855,0.58514154,0.6040976,0.5344587,0.5235712,0.46696016,0.4103491,0.398962,0.4200251,0.3912809,0.3785236,0.35942
22511200010301,0.9377062,0.9450267,0.9209083,0.9480283,0.9113234,0.8948122,0.9724819,1.05605,0.8999083,0.8291978,0.8111878,5.613818,6.106143,6.598468,7.090792,6.417244,5.6920524,4.9754853,4.186754,3.4997332,2.9872117,2.4746902,2.1088488,1.6901703,1.4092747,1.1283792,0.9289073,0.7138608,0.5900855,0.6055001,0.5636606,0.5814624,0.5231233,0.5649813,0.6068393,0.59791297,0.5889866,0.5521069,0.5375819,0.46982804,0.4020742,0.3988908,0.4169825,0.4221903,0.3675444,0.3955075
22511200010311,0.9161035,0.951024,0.951533,0.946792,0.9435002,0.9320038,0.9767201,0.9482075,0.9344429,0.8338754,0.8948511,5.586876,6.0995355,6.612195,7.1248546,6.4725227,5.7141595,4.980392,4.1815486,3.5170534,3.001021,2.4849885,2.1129575,1.6809425,1.4079082,1.134874,0.8871082,0.6650418,0.5852456,0.5941316,0.6009516,0.6312148,0.4986937,0.5507212,0.6027488,0.6125802,0.6224116,0.5054589,0.5332447,0.46242344,0.3916022,0.4022074,0.4201632,0.3764173,0.3218038,0.3829329
22511200010321,0.9121749,0.9539094,0.9367977,0.9435469,0.9463762,0.9177625,0.9800176,1.0497247,0.9634587,0.8088183,0.935362,5.721761,6.1904454,6.6591296,7.1278143,6.460685,5.781949,4.9578285,4.2087054,3.5491703,3.0175679,2.4859653,2.110374,1.7169367,1.4163291,1.1157215,0.8855661,0.7492179,0.6140496,0.5922265,0.5318651,0.5544117,0.5338215,0.5717735,0.6097255,0.60562027,0.601515,0.5423386,0.5293711,0.48343,0.4374889,0.4129432,0.4015669,0.4402261,0.3535424,0.3645227
22511200010331,0.946341,0.9434665,0.9164352,0.9619856,0.9372027,0.9210085,1.0097996,0.9799896,0.9920694,0.8659376,0.969096,5.6087446,6.119759,6.6307735,7.141788,6.4752727,5.8244853,4.9524503,4.1916018,3.540898,3.0241783,2.5074587,2.136504,1.7295398,1.4313788,1.1332179,0.9296546,0.6970135,0.6341271,0.6059849,0.5849756,0.5750012,0.5356506,0.5583859,0.5811212,0.5818993,0.5826774,0.5469194,0.54446,0.48303095,0.4216019,0.4085849,0.408596,0.4021838,0.3830687,0.4100177
22511200010341,0.930166,0.9614726,0.9576322,0.9890631,0.9459732,0.9678684,0.9788112,1.0031371,0.9547042,0.8652979,0.8863962,5.6168537,6.121361,6.625868,7.1303754,6.4720354,5.7171164,4.95465,4.2368217,3.5394485,3.0288346,2.518221,2.0998676,1.7263669,1.4332211,1.1400752,0.9473192,0.7559995,0.6086249,0.6205433,0.6015083,0.5812383,0.5229668,0.5470306,0.5710945,0.60388523,0.636676,0.5458495,0.5719534,0.49379194,0.4156305,0.4305486,0.4146415,0.4257175,0.3612689,0.391943
22511200010351,0.9433076,0.9823039,0.9915896,0.9801626,0.9941459,0.9516462,0.9804717,1.0887537,0.971057,0.8461346,1.0346409,5.555302,6.081042,6.6067815,7.1325207,6.4972963,5.7550006,4.9751644,4.1843915,3.5482228,3.011124,2.4740252,2.128711,1.7497585,1.4637871,1.1778156,0.9532769,0.7678846,0.6348382,0.6463687,0.5733947,0.5800041,0.5350326,0.5789636,0.6228946,0.6315671,0.6402397,0.5557615,0.5402154,0.5088984,0.4775813,0.4361302,0.4376233,0.4496149,0.3337749,0.4336631
22511200010361,0.8964332,0.953414,0.9166661,0.9015491,0.9480349,0.9488324,0.9483881,0.9575367,0.9195601,0.811125,3.1439867,5.476848,6.0126777,6.548507,7.084337,6.435642,5.769795,4.964744,4.1817617,3.528495,3.0258973,2.5232997,2.1062298,1.6657313,1.3887758,1.1118203,0.8935443,0.7281095,0.5808014,0.5733964,0.5683714,0.5677768,0.4882243,0.5272295,0.5662347,0.5777469,0.5892591,0.5405698,0.5106996,0.45213735,0.3935751,0.3534674,0.3412118,0.3713092,0.2556407,0.3614023
22511200010371,0.9261209,0.9793105,0.9468158,0.9145932,0.9475403,0.8995585,0.9586767,1.0515126,0.9657105,0.8673834,3.2192872,5.571191,6.0743403,6.57749,7.0806394,6.4518604,5.7555556,4.979157,4.1985593,3.5322945,3.020484,2.5086734,2.095014,1.7135231,1.4211855,1.1288478,0.9150336,0.6974947,0.6127024,0.6333444,0.5690446,0.536244,0.5048907,0.51860785,0.532325,0.5572331,0.5821412,0.5905938,0.5360154,0.44716886,0.3583223,0.3753205,0.3669924,0.3671781,0.2952166,0.3880609
22511200010381,0.9557193,0.9349104,0.9279344,0.9078615,0.9353256,0.9583519,0.9774646,1.0303047,0.9184713,0.8296553,3.1828003,5.535945,6.052177,6.568409,7.084641,6.4370823,5.7356963,4.979388,4.2228794,3.540851,2.9915953,2.4423397,2.0985427,1.6993809,1.4017729,1.1041648,0.9028182,0.7074115,0.6024783,0.6075469,0.6022075,0.5646394,0.4981158,0.5486667,0.5992176,0.5957202,0.5922228,0.5697947,0.5203041,0.4488579,0.3774117,0.4098678,0.3619718,0.425121,0.2926006,0.3675526
22511200010391,0.9257427,0.9541422,0.9331823,0.9723988,0.943336,0.9299136,0.9767509,1.0364985,0.9594056,0.8424129,0.7902332,5.4111414,5.979304,6.5474663,7.1156282,6.5016427,5.730186,4.9871716,4.211467,3.5364587,3.0465522,2.5566456,2.1117795,1.6801625,1.4156034,1.1510442,0.9374407,0.7394051,0.5836382,0.6629565,0.5990103,0.5488899,0.5077502,0.55461013,0.6014701,0.60465014,0.6078302,0.5118775,0.4882161,0.45627195,0.4243278,0.4154685,0.3831919,0.4150893,0.3020425,0.401975
22511200010401,0.9052244,0.9608739,0.8917915,0.9217304,0.9426246,0.9192825,0.9549463,1.1719903,0.8991628,0.8141516,0.7887068,5.4168496,5.9781065,6.539364,7.100621,6.4451437,5.712758,4.9412217,4.206539,3.5290914,3.0108979,2.4927042,2.1072886,1.6998196,1.4080678,1.116316,0.9033975,0.7007214,0.5717922,0.6287982,0.5613719,0.5826905,0.5031102,0.524056,0.5450018,0.55520636,0.5654109,0.5338274,0.4785049,0.43723306,0.3959612,0.3643874,0.3545788,0.385566,0.3117324,0.3850448
22511200010411,0.9144581,0.9459769,0.9568498,0.956352,0.9729012,0.9406916,0.9837448,0.9611534,0.937292,0.8242993,0.8306938,5.376267,5.9550123,6.5337577,7.112503,6.4558234,5.7577586,4.9714084,4.211169,3.5672834,3.0333607,2.499438,2.0945394,1.7298783,1.4350271,1.1401759,0.9295919,0.6917934,0.5591267,0.5665036,0.5431038,0.5686768,0.4626308,0.5138876,0.5651444,0.5735195,0.5818947,0.5340338,0.5017483,0.444881,0.3880137,0.3471072,0.3637671,0.4035543,0.2932381,0.350228
22511200010421,0.9269212,0.9917309,0.9060831,0.919434,0.9017738,0.9563902,0.984309,0.9620096,0.95303,0.8025883,0.7816841,5.469677,6.0222588,6.57484,7.1274214,6.498152,5.7853827,4.977447,4.230102,3.5432954,2.9846807,2.426066,2.088118,1.7291011,1.4276549,1.1262087,0.9275308,0.7543012,0.6120534,0.5881725,0.5920539,0.5479686,0.5291452,0.5608628,0.5925803,0.59199196,0.5914036,0.5322513,0.5008489,0.45716596,0.413483,0.3700367,0.3906023,0.4063963,0.36333,0.3640313
22511200010431,0.9452573,0.9204688,0.9287741,0.9397886,0.9388406,0.9452198,0.9565138,0.902195,0.9207164,0.8224597,0.7812247,5.366193,5.944258,6.522323,7.1003885,6.502779,5.786573,4.9730535,4.177844,3.5425687,2.9981885,2.4538085,2.1193564,1.6902426,1.4070424,1.1238422,0.8743755,0.7434499,0.5695762,0.5635205,0.5521752,0.5434479,0.4916696,0.53680855,0.5819475,0.6000874,0.6182273,0.4965896,0.532211,0.47426915,0.4163273,0.3467978,0.3808671,0.414974,0.2884674,0.3804393
22511200010441,0.9429052,0.9334172,0.9654613,1.0002811,0.9645061,0.966714,0.9875108,0.9719625,0.985893,0.8607397,0.7985137,5.374716,5.9567475,6.5387793,7.1208105,6.4537525,5.7869663,4.9716763,4.243436,3.545281,3.0308404,2.5164,2.1413963,1.7270021,1.4216352,1.1162682,0.9179921,0.7242888,0.615525,0.5876517,0.600237,0.5666785,0.503383,0.547681,0.5919789,0.6209198,0.6498608,0.5068258,0.5344821,0.4553804,0.3762787,0.3800147,0.351569,0.3991174,0.3010873,0.3568613
22511200010451,0.9305087,0.9556407,0.9354552,0.9409512,0.9380058,0.9586103,0.9896716,1.0015564,0.9253778,0.8694787,0.8081834,5.374238,5.9666176,6.558997,7.1513767,6.502754,5.83871,5.0137086,4.25834,3.5515356,3.0955,2.6394644,2.1446047,1.711086,1.4355114,1.1599367,0.9695811,0.7435922,0.6612759,0.6145149,0.5732746,0.574875,0.5559582,0.5895178,0.6230774,0.6320577,0.641038,0.5430112,0.5546027,0.48431554,0.4140284,0.4503149,0.3614096,0.3961428,0.3080769,0.3814343
22511200010461,0.9982119,0.9793638,0.945759,1.0060458,0.967659,0.9627919,0.963392,1.042826,0.9600962,0.8969537,0.8423472,5.3357286,5.940725,6.5457206,7.150717,6.5156436,5.7731886,5.0309095,4.256131,3.5886397,3.0727992,2.5569584,2.0969377,1.7038217,1.4423316,1.1808414,0.9510465,0.7531288,0.6321181,0.6338882,0.6099719,0.597409,0.5721035,0.6094447,0.6467859,0.6156873,0.5845887,0.5261611,0.5443583,0.49409315,0.443828,0.3690551,0.3780744,0.4324167,0.3659534,0.3886684
22511200010471,0.9308031,0.9783596,0.930947,0.9451242,0.9207237,0.9149406,0.9739898,0.9262749,0.9503266,0.8440769,0.775154,5.2874937,5.8992844,6.5110745,7.122865,6.475672,5.7280493,4.9555893,4.247563,3.5627587,3.011792,2.460825,2.091124,1.7166587,1.4190948,1.121531,0.9280673,0.6981193,0.5822872,0.5637646,0.5819639,0.5024931,0.4970105,0.52427244,0.5515344,0.5618811,0.5722279,0.5214923,0.4858643,0.42952386,0.3731834,0.3146075,0.3669014,0.3937148,0.3483643,0.3870603
22511200010481,0.9795043,0.9820606,0.9253319,0.9316742,0.9691611,0.9442301,0.9498436,0.9524749,0.9464764,0.8284457,0.7897956,5.2540607,5.8848076,6.5155544,7.146301,6.491698,5.7587137,4.967096,4.2392964,3.5511012,3.02695,2.5027988,2.0775273,1.7262464,1.4204086,1.1145709,0.9240172,0.7369871,0.5661068,0.5759673,0.5691636,0.5376686,0.4917586,0.5189488,0.546139,0.57290167,0.5996643,0.5552419,0.5094129,0.4406586,0.3719043,0.3126225,0.3752765,0.4575832,0.2984246,0.3877813
22511200010491,0.9800918,0.9934517,0.9428445,0.9449331,0.9527913,0.9666746,0.9587876,0.9530006,0.9415527,0.8538788,0.8192106,5.2170715,5.852491,6.48791,7.123329,6.497973,5.723621,4.9617066,4.2275214,3.5840223,3.0552566,2.526491,2.1259317,1.7276635,1.4499646,1.1722656,0.9206123,0.7704023,0.5976976,0.5744036,0.5716281,0.5007793,0.5072296,0.5490996,0.5909697,0.5822463,0.5735229,0.511851,0.4709324,0.4470935,0.4232546,0.3759541,0.3740796,0.3963318,0.2893228,0.3629518
22511200010501,0.8684364,0.9868839,0.9262475,0.9403333,0.9380601,0.9310863,0.9515258,1.0514985,0.938515,0.8715112,0.819561,5.22983,5.8597274,6.489625,7.1195226,6.4627023,5.7879176,5.018312,4.2597637,3.5572286,3.0449374,2.5326464,2.1437304,1.7291026,1.4261587,1.1232148,0.9493053,0.7581406,0.5862716,0.5767406,0.5956513,0.5320441,0.4944524,0.5521644,0.6098763,0.6062786,0.6026809,0.5417672,0.4876272,0.45750684,0.4273865,0.3708296,0.3978467,0.3582346,0.2679739,0.379256
22511200010511,0.8565702,0.855676,0.8868539,0.9080476,0.8841184,0.907702,0.8964859,1.0310668,0.8826822,0.8134596,0.7486591,5.186496,5.816711,6.4469266,7.077142,6.449929,5.7483797,4.977079,4.212106,3.526653,3.0081239,2.4895947,2.070845,1.6425787,1.3662384,1.0898981,0.8805464,0.6737526,0.5541168,0.5906173,0.5869239,0.5107168,0.5035207,0.5171912,0.5308616,0.5358614,0.5408611,0.5243761,0.4444194,0.39307314,0.3417269,0.2881174,0.3276446,0.3657253,0.2630942,0.3732268
22511200010521,0.8846435,0.8986267,0.8813898,0.8884651,0.870083,0.8830963,0.9408187,0.89951324,0.8582078,0.8117076,0.7861056,5.129823,5.7820487,6.434274,7.0864997,6.4652534,5.7031074,4.972442,4.225495,3.5520716,3.034711,2.5173504,2.0590467,1.6747773,1.3589858,1.0431942,0.8681659,0.5916247,0.5480871,0.5812959,0.6039666,0.5338484,0.511338,0.5277625,0.5441869,0.5509961,0.5578053,0.5121833,0.495349,0.40321505,0.3110811,0.2884068,0.3938306,0.342117,0.2997552,0.4021813
22511200010531,0.9219656,0.9854719,0.9433454,0.9301174,0.9144379,0.9073983,0.9599545,1.0166606,0.9319135,0.8207314,0.8197432,5.1357145,5.790098,6.4444823,7.098866,6.4682617,5.7575407,4.9944296,4.2470202,3.557832,3.0204556,2.4830792,2.0896962,1.6986306,1.3976598,1.096689,0.8814782,0.7635168,0.5713631,0.570716,0.5702758,0.5373067,0.4255822,0.4952004,0.5648186,0.56005293,0.5552873,0.5137349,0.5449212,0.4612427,0.3775642,0.3324094,0.3768807,0.3654932,0.2851939,0.4131501
22511200020011,0.9103181,0.9550197,0.9434268,0.9488145,0.9391923,0.9221544,0.924305,0.9478298,0.938279,0.8240712,0.8306033,5.0917716,5.759868,6.427965,7.0960617,6.4705534,5.7917576,4.9842286,4.245991,3.542282,3.0295188,2.5167556,2.1283433,1.725642,1.4239732,1.1223046,0.9062644,0.7816342,0.5917194,0.5950284,0.5876362,0.5476694,0.4983403,0.57436335,0.6503864,0.62212026,0.5938541,0.5350219,0.5080851,0.41935024,0.3306154,0.3623292,0.3424597,0.3781274,0.273745,0.3517537
22511200020021,0.9499522,1.0471929,0.9317252,0.942908,0.9621455,0.9047906,0.9649021,0.9398236,0.9147451,0.8418166,0.8158867,5.0764565,5.7483506,6.420245,7.0921397,6.4859815,5.716446,5.0002017,4.2170315,3.5745647,3.069389,2.5642138,2.1012547,1.7087977,1.4165674,1.1243371,0.9018411,0.7984415,0.5790995,0.5582105,0.5696607,0.56038,0.4716116,0.5222186,0.5728256,0.5791256,0.5854256,0.5298584,0.4804634,0.44346026,0.4064571,0.326227,0.3717349,0.3315424,0.2714231,0.3324814
22511200020031,0.9180518,0.8951422,0.9002451,0.955965,0.9203164,0.9162479,0.9601455,1.0092216,0.9169718,0.8423315,0.7870015,5.0374393,5.7165804,6.3957214,7.0748625,6.4744215,5.737704,4.981586,4.2478275,3.5658188,3.0290165,2.4922144,2.1073017,1.6921394,1.3995183,1.1068971,0.9029849,0.7241057,0.6171464,0.6120891,0.5412305,0.5516143,0.4941171,0.52035975,0.5466024,0.5737755,0.6009485,0.5187361,0.4708757,0.4203984,0.3699211,0.3505305,0.3308454,0.3428911,0.2837041,0.4011525
22511200020041,0.9635203,0.9771034,0.9623648,0.947254,0.9898194,0.988358,0.9854967,1.0474036,0.9503956,0.8558933,0.8217357,5.0340385,5.7320223,6.4300065,7.1279902,6.4915547,5.78588,4.982065,4.292923,3.6217396,3.1031651,2.5845904,2.1557975,1.7681139,1.4735025,1.1788912,0.9433445,0.750665,0.6423454,0.6319601,0.5881826,0.5775627,0.5259545,0.5718871,0.6178197,0.6225098,0.6271998,0.6136392,0.5640588,0.4909118,0.4177648,0.4200896,0.4292576,0.4492905,0.3192426,0.416818
22511200020051,0.9920453,1.0403008,0.9634216,0.9446508,0.9397784,0.9522453,0.9979368,0.9590494,0.920162,0.8510043,0.798254,4.965148,5.6771336,6.3891196,7.101105,6.498293,5.7439256,5.0235267,4.2364855,3.6061606,3.1154697,2.6247787,2.1232972,1.7185943,1.4160616,1.113529,0.9668169,0.7342877,0.6204119,0.6037306,0.5730675,0.5675601,0.5380017,0.5634442,0.5888867,0.59694755,0.6050084,0.5778207,0.5515363,0.4856172,0.4196981,0.391844,0.448565,0.4099242,0.3150419,0.4011155
22511200020061,0.9889769,0.9960715,0.9543116,0.9158377,0.9417185,0.9432631,1.0096074,0.9835324,0.9574575,0.8778011,0.8067207,4.9080143,5.66171,6.4154058,7.169101,6.533866,5.799736,5.002691,4.2624006,3.58523,3.1220098,2.6587894,2.170681,1.7529358,1.4509531,1.1489705,0.958251,0.7388527,0.6585577,0.6345208,0.6151572,0.5543022,0.5697775,0.5870371,0.6042967,0.6061409,0.6079851,0.5585962,0.5450408,0.4827581,0.4204754,0.4202436,0.4171554,0.4435935,0.3185645,0.4373582
22511200020071,0.954992,1.0105957,0.9058313,0.9406498,0.9407045,1.013141,0.9748437,1.2122988,1.0051643,0.8584921,0.8192231,4.9601064,5.701986,6.4438653,7.185745,6.5129433,5.792742,5.021242,4.263538,3.5929885,3.0469558,2.500923,2.1267364,1.7382394,1.4507946,1.1633497,1.0276821,0.7286578,0.6096254,0.6284052,0.6063229,0.5482386,0.552204,0.5716923,0.5911806,0.5948339,0.5984872,0.5941411,0.5082105,0.4332746,0.3583387,0.3783672,0.3502137,0.3354268,0.271197,0.4096406
22511200020081,0.9114476,0.959753,0.9739539,0.9648586,0.9357902,0.9701039,1.0037848,0.9770767,0.9503686,0.870022,0.8506095,4.9779706,5.7014017,6.4248333,7.1482644,6.475992,5.8438296,5.039948,4.2843027,3.6290674,3.1399777,2.6508882,2.1891696,1.7455208,1.4527074,1.1598941,0.928466,0.7630532,0.6567198,0.6288089,0.6084046,0.5743166,0.5412476,0.5772139,0.6131802,0.5943295,0.5754787,0.5567758,0.5458978,0.48487914,0.4238605,0.3739309,0.4476719,0.3926159,0.3030879,0.4067702
22511200020091,0.9941256,0.9941256,0.9073811,0.9107104,0.9358491,0.9239196,1.0211544,0.8895271,0.95623,0.8287476,0.8201945,4.953619,5.672081,6.3905435,7.1090055,6.4597206,5.846878,5.0287147,4.286254,3.5913002,3.0915327,2.5917654,2.187729,1.7955493,1.4790537,1.1625582,0.9087489,0.734619,0.6536233,0.6266794,0.5821073,0.5755317,0.5163603,0.5564135,0.5964666,0.6256649,0.6548632,0.5361179,0.5135145,0.44901374,0.384513,0.360922,0.3732686,0.4103099,0.2583472,0.3892225
22511200020101,0.9224272,0.9224272,0.9055487,0.9543262,0.9119105,0.9116886,0.9560605,0.936181,0.9163015,0.8269832,0.8090274,4.905789,5.6471033,6.3884177,7.1297326,6.541893,5.7599645,5.0226994,4.297209,3.6573174,3.1314504,2.6055834,2.165109,1.7621251,1.4399858,1.1178464,0.9558197,0.7252997,0.5881202,0.6620377,0.604865,0.5882204,0.5191899,0.55702937,0.5948688,0.5943456,0.5938225,0.5659038,0.5271823,0.42552966,0.323877,0.3272399,0.3771487,0.347798,0.2664477,0.4115609
22511200020111,0.9849989,0.9849989,0.9209474,0.8897473,0.8997717,0.8851494,0.9481395,0.9311573,0.9141751,0.8429248,0.7713366,4.8983006,5.638413,6.3785253,7.1186376,6.487623,5.7776055,4.986969,4.2510185,3.6053054,3.0878713,2.5704372,2.1357672,1.7254031,1.4288712,1.1323394,0.9036129,0.7510811,0.5907582,0.6465486,0.5123557,0.5335881,0.501022,0.5408307,0.5806394,0.5721961,0.5637529,0.4911639,0.5280715,0.4451157,0.3621599,0.3519714,0.3335475,0.3521773,0.2136646,0.3579901
22511200020121,0.9769723,0.9769723,0.9516896,0.9644213,0.9515103,0.9786106,0.9634245,0.97316724,0.98291,0.8501548,0.8356501,4.9428144,5.673475,6.4041357,7.134796,6.519105,5.804869,5.029039,4.338489,3.6457791,3.1263382,2.6068976,2.1837068,1.7984396,1.4867625,1.1750854,0.913822,0.7882162,0.5958962,0.5982077,0.5738532,0.5789366,0.5309006,0.5717112,0.6125218,0.6195126,0.6265034,0.5576761,0.4684941,0.41265795,0.3568218,0.3750626,0.3801738,0.3957879,0.2658202,0.3877026
22511200020131,1.0854436,0.9764372,0.9319453,0.9478306,0.953334,0.9324672,0.975527,0.9618185,0.94811,0.8636959,0.8502705,4.876975,5.6090016,6.341028,7.073055,6.4789577,5.800875,5.033011,4.309881,3.6493902,3.1098526,2.570315,2.1819417,1.7819122,1.4653755,1.1488388,1.0242044,0.7443023,0.6122274,0.5995909,0.5617088,0.5841916,0.5287089,0.5566012,0.5844936,0.6058264,0.6271591,0.5236601,0.5035419,0.4369312,0.3703205,0.3172182,0.3878675,0.3543861,0.2873506,0.3686017
22511200020141,0.9896229,0.9602352,0.9729381,0.9290575,0.9457279,0.9338511,0.972093,0.9475477,0.9230023,0.8548272,0.8030292,4.82098,5.5908403,6.360701,7.130562,6.469557,5.800164,5.0194826,4.293397,3.6363196,3.090314,2.5443084,2.1499655,1.7960413,1.4578849,1.1197284,0.9595878,0.7301803,0.6574454,0.6444014,0.6445017,0.5813006,0.5500972,0.58477855,0.6194599,0.6096836,0.5999073,0.5807541,0.50191,0.45720506,0.4125001,0.3417706,0.4285404,0.3591248,0.2756051,0.3953441
22511200020151,0.8922859,0.9699874,0.9294743,0.9507364,0.9342804,0.9401084,0.9731597,0.97467214,0.9761846,0.8293914,0.815434,4.7730913,5.5435696,6.3140483,7.0845265,6.499053,5.812946,5.0810776,4.2960577,3.623499,3.096881,2.5702631,2.157221,1.747655,1.4419726,1.1362902,0.9256183,0.7234139,0.5951669,0.6096921,0.5918308,0.5757353,0.5429138,0.56653726,0.5901607,0.5875653,0.5849699,0.5338407,0.5401151,0.4526459,0.3651767,0.3638532,0.3778277,0.43293,0.2717616,0.3692073
22511200020161,0.8609546,0.9455699,0.907202,0.9173754,0.9259459,0.9161272,0.9475933,0.9319258,0.9162582,0.8421834,0.786809,4.7417483,5.5274515,6.3131547,7.098858,6.5150404,5.8019795,5.0110307,4.316181,3.6648712,3.1100652,2.5552592,2.1279235,1.7251304,1.4194587,1.113787,0.9191963,0.7144048,0.596547,0.6207691,0.5941342,0.5381774,0.5189718,0.55996543,0.6009591,0.58392864,0.5668982,0.5532125,0.5244483,0.4551737,0.3858991,0.3515144,0.4005769,0.4239304,0.3174307,0.3516951
22511200020171,0.9342299,0.9749629,0.8979381,0.9789334,0.9047164,0.949797,0.938354,0.9515022,0.9646504,0.8471944,0.8664457,4.7616982,5.5355244,6.3093505,7.083177,6.503648,5.793072,5.0482135,4.306705,3.6277828,3.0865161,2.5452495,2.19862,1.7588375,1.4459599,1.1330823,0.8754395,0.7171806,0.5763044,0.5991081,0.5782803,0.5796758,0.5143593,0.57201874,0.6296782,0.5937052,0.5577321,0.5250022,0.5192546,0.4399467,0.3606388,0.3939369,0.3959585,0.3928206,0.3336925,0.3801086
22511200020181,0.9272354,0.9029977,0.9513209,0.931492,0.9275593,0.9114776,0.9906161,1.0308219,0.9396569,0.8342478,0.8254132,4.690309,5.4980745,6.30584,7.1136055,6.469314,5.737173,5.052951,4.2630715,3.6222048,3.0940049,2.5658052,2.145232,1.7051704,1.4107323,1.1162941,0.9239517,0.7418401,0.6191569,0.5755868,0.5658827,0.533458,0.499074,0.51836395,0.5376539,0.5649829,0.5923119,0.5073811,0.5402801,0.46040365,0.3805272,0.3410395,0.3652888,0.3394732,0.2675833,0.3587603
22511200020191,0.8775054,0.9402563,0.9172964,0.9041972,0.9477112,0.8902968,0.921961,0.961139,0.8993234,0.8449233,0.7979394,4.604521,5.441265,6.2780094,7.1147537,6.455786,5.7616944,5.0110927,4.2946205,3.6183758,3.086573,2.5547702,2.1457114,1.7344979,1.4250673,1.1156366,0.8803268,0.7359462,0.603587,0.5994848,0.5983021,0.5510844,0.5121669,0.5568472,0.6015275,0.58517396,0.5688204,0.5487263,0.4841814,0.4387375,0.3932936,0.3909211,0.411901,0.4229925,0.2687626,0.3552573
22511200020201,0.8674615,0.9312057,0.9220844,0.8871401,0.9439111,0.8903233,0.9317112,0.9203287,0.9089462,0.7994259,0.7686019,4.58838,5.414312,6.2402434,7.0661755,6.5113044,5.793887,5.024045,4.301735,3.6104276,3.1097896,2.6091516,2.1179671,1.7328984,1.4195609,1.1062236,0.9074366,0.7257386,0.6143962,0.5813089,0.5853136,0.55372,0.5020125,0.53322214,0.5644318,0.5749285,0.5854252,0.5154695,0.4896892,0.4327732,0.3758572,0.3639331,0.3614395,0.3493089,0.3264817,0.396908
22511200020211,0.9413939,0.9377565,0.9397488,0.955996,0.9540481,0.9087422,0.9777103,0.9488045,0.9198987,0.8281854,0.8128076,4.685554,5.4863358,6.2871175,7.087899,6.505185,5.8266096,5.0683665,4.338455,3.6444657,3.1448834,2.645301,2.1985865,1.7783324,1.4798232,1.1813141,0.9249899,0.7914972,0.6214124,0.5815401,0.5798026,0.5826347,0.4953395,0.5509209,0.6065023,0.5816046,0.5567069,0.5339062,0.5275412,0.45444885,0.3813565,0.3776796,0.3728397,0.3952367,0.3123088,0.3946306
22511200020221,0.9521602,0.9863095,0.8965472,0.9418793,0.9063714,0.8890607,0.9759622,0.9842824,0.9926025,0.8428358,0.844644,4.628728,5.4546914,6.280655,7.1066184,6.4994082,5.806056,5.067371,4.315259,3.6476257,3.0865316,2.5254376,2.154954,1.7428447,1.4307976,1.1187505,0.9016269,0.7458202,0.5765367,0.5771558,0.5773649,0.590479,0.4950815,0.5219656,0.5488498,0.56200266,0.5751555,0.5542778,0.5339152,0.4705429,0.4071706,0.3604049,0.3845679,0.356481,0.2751122,0.2862492
22511200020231,0.9458665,0.9653595,0.9209108,0.9822554,0.9168958,0.9332661,0.9977685,0.97493166,0.9520948,0.8540682,0.8077336,4.640831,5.471076,6.301321,7.131566,6.5162377,5.838805,5.0696144,4.3193154,3.647939,3.1032522,2.5585656,2.2211318,1.7716928,1.4750888,1.178485,0.9023045,0.7561907,0.6354484,0.6307312,0.5869002,0.5957759,0.54946,0.5950849,0.6407098,0.62976557,0.6188213,0.5494864,0.5641873,0.4920339,0.4198805,0.4110685,0.4139439,0.3856588,0.3229095,0.3806701
22511200020241,0.9467633,1.0200058,0.9659322,0.9336679,0.9392336,0.9543053,0.9927031,0.9708185,0.9489339,0.8713184,0.838052,4.613789,5.455095,6.2964005,7.1377068,6.5348177,5.801674,5.082726,4.345624,3.642792,3.120919,2.5990458,2.2018225,1.8136982,1.4857336,1.1577691,0.9421365,0.7701434,0.5739527,0.6207956,0.6167455,0.5578144,0.5460256,0.5770292,0.6080329,0.628391,0.6487492,0.508687,0.5409365,0.46706164,0.3931868,0.4195246,0.4207847,0.3686183,0.2564063,0.3358129
22511200020251,0.9407097,0.9299129,0.9787617,0.9325036,0.9248781,0.9040464,0.974788,1.001263,1.0277381,0.8349584,0.8203769,4.5389767,5.387784,6.2365913,7.0853987,6.5024343,5.787275,5.0639944,4.2891703,3.6881766,3.1440558,2.5999353,2.2406118,1.8025489,1.4937538,1.1849588,0.9191969,0.7343677,0.6467985,0.6361285,0.5898524,0.6168443,0.5464754,0.5717503,0.5970252,0.6087437,0.6204622,0.544773,0.5406839,0.4718061,0.4029283,0.34021,0.3657192,0.4146957,0.2437441,0.4046114
22511200020261,0.9139053,0.9550079,0.9163173,0.9104608,0.9777919,1.0044541,0.9764049,0.9562479,0.9360909,0.8431917,0.793122,4.5216756,5.380895,6.2401147,7.0993347,6.496876,5.8047514,5.0702157,4.3534703,3.6701186,3.1306007,2.5910828,2.2287388,1.781713,1.4787619,1.1758108,0.970515,0.7422487,0.6023904,0.5974354,0.6021003,0.5799007,0.5052639,0.56681067,0.6283574,0.61590743,0.6034575,0.5245897,0.5664063,0.48395145,0.4014966,0.3388708,0.4001681,0.3521228,0.3292487,0.4047366
22511200020271,0.9461807,0.9112285,0.885298,0.9340442,0.948886,0.8813657,0.9514673,0.9363509,0.9212345,0.824437,0.825891,4.5240226,5.3883367,6.2526507,7.1169643,6.429484,5.742716,5.0445237,4.309084,3.6511247,3.1021304,2.553136,2.1932814,1.7303268,1.4390697,1.1478127,0.9661772,0.7552245,0.5784014,0.5726462,0.5537001,0.4984195,0.4678549,0.5190659,0.5702769,0.5891844,0.6080919,0.5737933,0.4551669,0.41443655,0.3737062,0.432963,0.3546802,0.4144777,0.259401,0.3586728
22511200020281,0.9643088,0.9632055,1.1278754,0.9845502,0.9577488,0.9260411,0.9918306,0.9655112,0.9391918,0.821229,0.835284,4.526777,5.3829985,6.23922,7.0954413,6.4971585,5.867158,5.0754023,4.3373613,3.671039,3.1197467,2.568454,2.190895,1.8165661,1.5061682,1.1957705,0.9429861,0.7469185,0.6302712,0.615471,0.5895872,0.6196949,0.5588056,0.6092266,0.6596476,0.6467385,0.6338295,0.5617862,0.6212283,0.5165998,0.4119712,0.4500156,0.3945583,0.4414413,0.3187784,0.3077958
22511200020291,1.026035,0.9934503,1.3953187,1.1426147,0.9328696,0.9532638,0.974791,0.96795267,0.9611143,0.8805376,0.8565909,4.4733453,5.360984,6.248623,7.1362615,6.5266113,5.831737,5.1270976,4.365611,3.6850343,3.1677065,2.6503787,2.2391803,1.85315,1.5174309,1.1817117,0.968444,0.7487312,0.6504575,0.6261377,0.6232335,0.6526493,0.5738977,0.6002327,0.6265678,0.6295276,0.6324875,0.5632556,0.5744571,0.5175185,0.46058,0.4183496,0.4718794,0.3958279,0.2923588,0.3678242
22511200020301,0.9460063,0.9460063,2.107744,1.3914763,0.9588449,0.894908,0.974485,0.96262693,0.9507689,0.8020438,0.7932958,4.415748,5.326727,6.237706,7.148685,6.5328274,5.869328,5.3105702,4.533146,3.6822326,3.1265273,2.5708222,2.1213086,1.7664216,1.4587731,1.1511248,0.8718779,0.739913,0.5715832,0.5371114,0.5875217,0.5438196,0.4905779,0.56402403,0.6374702,0.6095326,0.581595,0.4814917,0.5569775,0.48462984,0.4122822,0.4114247,0.3858386,0.3157623,0.2810975,0.3800473
22511200020311,0.9611032,0.9611032,1.4191935,1.1675507,0.9155334,0.9205226,0.9803713,0.9736351,0.9625377,0.8205692,0.7958011,4.404464,5.302363,6.200262,7.098161,6.456621,5.8466697,5.2981205,4.540024,3.6970515,3.1704078,2.6437643,2.157297,1.7628908,1.4508982,1.1389055,0.9185413,0.8107689,0.5717756,0.6031765,0.5631147,0.5977188,0.5429418,0.5881305,0.6333192,0.6464118,0.6595043,0.574157,0.5772766,0.5017934,0.4263102,0.3793819,0.3919981,0.2953499,0.3001553,0.4082107
22511200020321,1.052839,1.052839,1.4522269,1.2998655,0.9174348,0.9517235,1.0325744,0.7616357,0.9747146,0.8502135,0.8190484,4.3829703,5.2982965,6.2136226,7.128948,6.510287,5.803712,5.169959,4.498404,3.6922834,3.1275444,2.5628054,2.1989408,1.806042,1.4981533,1.1902647,0.9375487,0.734721,0.6761189,0.611705,0.6206547,0.5725071,0.5481924,0.5706727,0.593153,0.5991849,0.6052167,0.5421191,0.566503,0.4639622,0.3614214,0.386696,0.4009553,0.3792514,0.2639796,0.42376
22511200020331,0.9226263,0.9226263,0.8894098,0.9574303,1.0098605,0.9391476,0.9647192,0.96401113,0.9633031,0.8288576,0.8167327,4.3361907,5.2619314,6.187672,7.1134133,6.466946,5.7798023,5.0678797,4.2638497,3.638734,3.079599,2.5204635,2.1529362,1.7238277,1.4246453,1.125463,0.8998317,0.7172654,0.59555,0.5838539,0.5977161,0.5509912,0.5372773,0.5661526,0.5950278,0.5975723,0.6001168,0.5185712,0.5751243,0.47734335,0.3795624,0.337444,0.3842243,0.3731085,0.235705,0.4046694
22511200020341,0.9882704,0.9882704,0.9546049,0.9393626,0.9434114,0.9249199,1.0112553,0.9924572,0.9736591,0.9050822,0.8388571,4.3247457,5.25625,6.1877546,7.119259,6.5065475,5.84339,5.1514773,4.3608246,3.6674376,3.1199527,2.5724678,2.1845233,1.7720222,1.4440249,1.1160276,0.914442,0.7273591,0.6568587,0.6348439,0.6008122,0.5687151,0.4540319,0.51564145,0.577251,0.58169675,0.5861425,0.5394112,0.5799,0.4858002,0.3917004,0.3517192,0.3859989,0.3727213,0.2771602,0.2923267
22511200020351,1.1468526,1.1468526,0.919235,0.9431831,0.9118349,1.0066824,1.0509102,1.0022684,0.9536266,0.7442974,0.8191477,4.282442,5.2335577,6.1846733,7.135789,6.511524,5.9083695,5.1212144,4.3697433,3.6855083,3.116286,2.5470636,2.0837011,1.684759,1.3832892,1.0818195,0.8773298,0.7168522,0.5332373,0.6312054,0.6210176,0.5527158,0.5529518,0.5818559,0.61076,0.56786823,0.5249765,0.5460666,0.4604712,0.4080723,0.3556734,0.3438235,0.310295,0.3800397,0.1988003,0.4425955
22511200020361,0.9588709,0.9588709,0.8033148,0.9624823,0.9886402,0.8858962,0.9420223,0.9227775,0.8444395,0.8013265,0.766667,4.0624495,5.1119423,6.1614356,7.2109284,6.567544,5.8452306,5.0991664,4.3166213,3.7252421,3.1464627,2.567683,2.1785655,1.7339623,1.462349,1.1907359,0.9596053,0.6752408,0.5611326,0.6209632,0.5337069,0.5275472,0.5228503,0.5572778,0.5917053,0.59792984,0.6041544,0.5066058,0.5061833,0.41173264,0.317282,0.3115353,0.2882089,0.3020959,0.0345486,0.3073038
22511200020371,0.9424186,0.9424186,0.9216491,0.9258513,0.9257311,0.8941735,0.9469798,0.9849219,1.002055,0.7955008,0.7918242,3.9435718,4.99739,6.051208,7.1050262,6.5384674,5.839126,5.1325293,4.367989,3.6879578,3.1724045,2.656851,2.241759,1.7419057,1.4567257,1.1715457,0.9239182,0.7325582,0.594957,0.5627432,0.5916961,0.5689205,0.5172161,0.5446434,0.5720707,0.5707383,0.5694059,0.4969884,0.5266003,0.48319525,0.4397902,0.3445368,0.393423,0.3880389,0.3013996,0.3910699
22511200020381,0.7818558,0.7818558,0.8962359,0.8786689,0.8560724,0.8961326,0.9418638,1.008358,0.9174223,0.8486575,0.8142316,3.9629507,5.015335,6.0677195,7.120104,6.5018287,5.845261,5.0971427,4.367367,3.7094626,3.157157,2.604851,2.2257698,1.7442575,1.4344155,1.1245735,0.8702824,0.7383782,0.573227,0.5797256,0.5639644,0.5530337,0.4809277,0.523676,0.5664242,0.5753111,0.5841981,0.5420477,0.4854445,0.46294925,0.440454,0.3865009,0.3911017,0.3246406,0.335149,0.371996
22511200020391,0.9400226,0.9400226,0.9030659,0.9129534,0.8992268,0.9160527,0.9952548,0.9777518,0.9496144,0.796497,0.7988122,3.78925,4.886268,5.983287,7.080305,6.4962554,5.862268,5.1217427,4.405605,3.729304,3.1765177,2.6237314,2.2209718,1.8016503,1.4990103,1.1963702,0.9492177,0.7197062,0.555353,0.6101829,0.5493625,0.5411963,0.4830966,0.5318129,0.5805292,0.5716095,0.5626898,0.5271678,0.4930519,0.4302141,0.3673763,0.327395,0.3413499,0.3659797,0.2606874,0.3592707
22511200020401,0.9197327,0.9197327,0.870275,0.9005695,0.9110355,0.9364839,0.9569515,0.9345996,0.9448317,0.8253628,0.7978316,3.7683864,4.8761845,5.9839826,7.0917807,6.519272,5.8601756,5.131221,4.403447,3.748246,3.2227097,2.697173,2.2708933,1.8218694,1.5025988,1.1833282,0.9090744,0.7458683,0.6132106,0.6396316,0.5841945,0.5820739,0.5064795,0.55414474,0.60181,0.5998478,0.5978856,0.5376552,0.5484544,0.4848989,0.4213434,0.4472126,0.3854951,0.3617618,0.3353444,0.3773851
22511200020411,0.9654418,0.9654418,0.9323472,0.9508695,0.9213707,0.9655755,0.9554643,0.9662116,0.9510021,0.8351977,0.8347925,3.7388985,4.863728,5.988558,7.1133876,6.5084143,5.8646016,5.173649,4.4321127,3.7466004,3.2347631,2.7229261,2.3125622,1.8573265,1.5347308,1.2121352,0.9473201,0.7796973,0.5890799,0.6116862,0.6051558,0.5907995,0.5343917,0.54786,0.5613283,0.5902139,0.6190995,0.5119897,0.5204922,0.4847651,0.449038,0.398376,0.3449934,0.4381933,0.3449623,0.3691044
22511200020421,0.9847605,0.9847605,0.9707146,0.9525437,0.9419961,0.9576961,0.9797325,0.9836611,0.9631577,0.8636443,0.8327165,3.705655,4.8448267,5.983998,7.1231694,6.524557,5.855868,5.115862,4.423743,3.7645879,3.216453,2.6683185,2.2383168,1.8225416,1.4972383,1.171935,0.9521305,0.7669385,0.6423385,0.6259587,0.6138629,0.6145799,0.5486558,0.5591514,0.569647,0.593669,0.617691,0.5195831,0.5334761,0.48750174,0.4415274,0.4089768,0.4408105,0.3913428,0.3550237,0.4054563
22511200020431,0.9491868,0.9491868,0.9692707,0.9514174,0.9360394,0.9614158,1.0020663,0.9907277,0.9844956,0.8686964,0.843224,3.649812,4.7966743,5.9435368,7.090399,6.555776,5.877841,5.1378355,4.3905587,3.732049,3.2193408,2.7066329,2.2786748,1.8324726,1.5026135,1.1727545,0.9156185,0.7567896,0.6304687,0.6270735,0.5943219,0.587028,0.5225317,0.56217927,0.6018268,0.62307423,0.6443217,0.5611101,0.5522077,0.491075,0.4299423,0.4473464,0.4307837,0.3942941,0.3694885,0.4430332
22511200020441,0.9821793,0.9821793,0.9408426,0.9816531,0.9369472,0.9404692,0.9642578,1.0150284,0.9582638,0.9152017,0.8645791,3.6378863,4.797546,5.9572053,7.116865,6.5305805,5.8719225,5.1844444,4.459575,3.7694578,3.24157,2.7136822,2.2702322,1.8231446,1.491121,1.1590976,0.9666977,0.7850885,0.6617862,0.6141672,0.6072755,0.5881523,0.5214372,0.5421612,0.5628852,0.5991613,0.6354375,0.5579002,0.5732175,0.5107432,0.4482689,0.4580656,0.4442761,0.4027069,0.3676392,0.4146756
22511200020451,1.0045135,1.0045135,0.9931188,1.0271693,0.940114,0.9686495,1.0248668,1.0213957,0.9700479,0.8449366,0.8386269,3.5571458,4.7487063,5.940267,7.1318274,6.548477,5.887213,5.154252,4.4119415,3.7815764,3.2292063,2.676836,2.3020778,1.8589185,1.5479147,1.2369109,0.9408325,0.7917693,0.6755903,0.6200019,0.6253312,0.5796796,0.5662833,0.59177697,0.6172706,0.6265597,0.6358487,0.5756383,0.5623734,0.5216214,0.4808694,0.4371682,0.4335005,0.3949763,0.3581516,0.3558675
22511200020461,0.9422241,0.9422241,0.9872889,0.9708538,0.9530563,0.9413346,0.9823593,1.0232704,0.989826,0.8884372,0.8645493,3.5242603,4.7359295,5.947599,7.159268,6.570061,5.9392986,5.163926,4.465571,3.799639,3.2893708,2.7791023,2.2636542,1.8261001,1.492273,1.1584458,0.9692838,0.7774647,0.627915,0.6591914,0.6556279,0.632562,0.5379834,0.57323295,0.6084825,0.6335193,0.6585561,0.5503359,0.5440654,0.51904154,0.4940177,0.4265461,0.4453025,0.4312327,0.3157093,0.4034428
22511200020471,1.0210179,1.0210179,0.977884,0.9053845,1.0044463,0.93148,0.9692879,0.9646533,0.9578019,0.8246067,0.8001598,3.4781218,4.6869073,5.8956933,7.104479,6.514445,5.851616,5.150089,4.4344463,3.769384,3.2393448,2.709306,2.262153,1.8439745,1.5088413,1.1737081,0.9194146,0.7536538,0.6091938,0.5914821,0.5710371,0.5634666,0.520171,0.5457867,0.5714023,0.5957748,0.6201474,0.5755665,0.5066688,0.4493703,0.3920718,0.3703956,0.4067556,0.3518135,0.3098436,0.4090951
22511200020481,0.9318327,0.9318327,0.9757525,0.9494073,0.9606338,0.9615523,0.9891727,1.0560544,0.9347755,0.8798049,0.8496604,3.4375906,4.6557856,5.873981,7.092176,6.539976,5.8658824,5.1324644,4.4486814,3.790099,3.2365403,2.682982,2.2616346,1.8444136,1.5119598,1.179506,0.9298928,0.7458158,0.6237664,0.585615,0.6390546,0.5862109,0.5203129,0.54954,0.5787671,0.6071977,0.6356283,0.5136145,0.4968975,0.45955965,0.4222218,0.4054047,0.4081443,0.4108858,0.4085654,0.4226259
22511200020491,0.9737415,0.9737415,0.9739178,0.9332843,0.9104269,0.9144467,0.9375689,0.9433735,0.9724464,0.8083461,0.7969269,3.4034276,4.6277614,5.8520956,7.0764294,6.51177,5.8020625,5.1386347,4.390789,3.7474601,3.2206738,2.6938875,2.235512,1.7812154,1.464352,1.1474887,0.880581,0.7322062,0.576382,0.5722289,0.5764605,0.5323101,0.5210709,0.5225662,0.5240615,0.5608494,0.5976373,0.4934842,0.5377101,0.4718489,0.4059877,0.4121295,0.4305119,0.3897278,0.3652276,0.3562848
22511200020501,1.0141767,1.0141767,0.9447197,0.9348795,0.942209,0.9310974,0.9423272,0.9316612,0.9262798,0.8216375,0.8103919,3.349265,4.5956573,5.84205,7.088443,6.511588,5.849324,5.1403937,4.4694614,3.7638948,3.1979494,2.6320043,2.2713587,1.8076484,1.4801923,1.1527362,0.9103999,0.7500841,0.6138382,0.5862994,0.5493606,0.5728046,0.5273233,0.54537725,0.5634312,0.56899905,0.5745669,0.5197226,0.5155504,0.4498616,0.3841728,0.3914727,0.4200578,0.4112637,0.3562544,0.3929137
22511200020511,0.9729816,0.9729816,0.9480174,0.9209669,0.9340317,0.8856518,0.9840566,1.002101,0.9347943,0.8279102,0.7705059,3.3711689,4.621514,5.8718586,7.122203,6.5461855,5.885,5.165176,4.419991,3.7706318,3.220883,2.6711338,2.2294111,1.8274705,1.4869442,1.146418,0.966245,0.7446421,0.5985115,0.6413042,0.5900484,0.5370654,0.5162321,0.5500422,0.5838523,0.5962944,0.6087365,0.5369757,0.4794387,0.4346655,0.3898923,0.3865191,0.4140258,0.3895445,0.3274086,0.3907539
22511200020521,0.9789366,0.9789366,0.9676931,0.9784049,0.9325729,0.9655002,0.9635624,1.014432,0.9388098,0.8125711,0.8311743,3.3288662,4.5835443,5.8382225,7.0929008,6.5251913,5.858525,5.18081,4.4841337,3.7927732,3.2453544,2.6979356,2.2115767,1.8365303,1.5170369,1.1975435,0.9236418,0.7373797,0.6112382,0.6162666,0.5836999,0.5836732,0.531664,0.5599503,0.5882366,0.60053575,0.6128349,0.5388976,0.5712124,0.4911204,0.4110284,0.4111963,0.4098756,0.4151805,0.3482092,0.3929033
22511200020531,1.0291929,0.9656232,0.9571437,0.9685327,0.9438782,0.9501594,0.9744159,1.0026087,0.9418938,0.8415579,0.8200457,3.3196864,4.5784144,5.837142,7.09587,6.5200744,5.8860235,5.1742907,4.4115925,3.7913043,3.2518148,2.712325,2.272146,1.8350388,1.4974194,1.1597999,0.9582537,0.7371336,0.6366864,0.677109,0.5931773,0.5792475,0.5300735,0.56603885,0.6020042,0.6206334,0.6392626,0.5235812,0.5290421,0.4568762,0.3847103,0.4415558,0.41649,0.3873718,0.3407281,0.3826671
22511200030011,0.9106983,0.9122739,0.9715352,0.9184672,0.8856971,0.9556535,0.9884057,0.9890777,0.9244047,0.818826,0.8072891,3.2854342,4.57089,5.856345,7.141801,6.5457115,5.8906574,5.1751943,4.424745,3.8169441,3.2539957,2.691047,2.308412,1.7978852,1.4937083,1.1895314,1.0322157,0.7884579,0.6441443,0.6122833,0.5893021,0.5724353,0.5092336,0.5571728,0.6051119,0.61041987,0.6157278,0.5468854,0.546047,0.4762768,0.4065066,0.4607436,0.4142238,0.3792916,0.3488082,0.4219387
22511200030021,0.938982,0.9456649,0.9582841,0.9762209,0.9603158,0.9194396,0.9797606,1.0310676,0.9753457,0.844134,0.8278117,3.3076322,4.588025,5.8684177,7.1488104,6.5467954,5.864995,5.155667,4.447294,3.8047209,3.2511587,2.6975963,2.3004367,1.8922199,1.5502605,1.2083012,0.9436405,0.7485707,0.6048943,0.6384084,0.5757432,0.5486404,0.5463881,0.56951886,0.5926496,0.6267738,0.660898,0.5642794,0.5350373,0.4683774,0.4017175,0.4205749,0.447385,0.4180683,0.314869,0.4360276
22511200030031,0.9802883,0.6489206,0.7627497,0.8705895,0.8610384,0.9125995,0.9774029,1.049602,0.8933367,0.8210909,0.8178478,3.243513,4.5306745,5.8178353,7.1049967,6.5405912,5.880857,5.2043643,4.4574428,3.8572555,3.2772872,2.697319,2.2634518,1.8110484,1.4838406,1.1566328,0.9455792,0.7903198,0.5915327,0.593038,0.5885367,0.601025,0.5345024,0.5626255,0.5907487,0.6046736,0.6185985,0.4992922,0.5396142,0.45263004,0.3656459,0.4082101,0.455275,0.3996339,0.2946507,0.4152861
22511300010011,1.0903594,1.0903594,1.0056665,1.0137467,1.0200155,1.0012473,1.010684,1.0201207,1.0295573,0.8987596,3.7145424,6.530325,8.169023,7.9329715,7.2110205,6.5011334,5.7020683,4.9714584,4.2056623,3.4725707,3.0243838,2.576197,2.1280103,1.7230407,1.4788268,1.1563176,0.9670057,0.8208057,0.6134211,0.6568836,0.5955114,0.566113,0.5367703,0.57687634,0.6169824,0.6156751,0.6143678,0.5883577,0.5438496,0.49196878,0.44008794,0.3882071,0.3798139,0.3836457,0.264682,0.3953671
22511300010021,1.0572952,1.0572952,1.0022264,1.007047,1.0137731,0.9993764,1.0039886,1.0086008,1.0132132,0.9483245,1.1406682,6.576364,8.001454,7.8741336,7.2192397,6.527004,5.7276745,4.9663205,4.179294,3.4863386,3.0237374,2.5611362,2.0985348,1.709359,1.4771659,1.1879271,0.8295429,0.8398795,0.6895595,0.6587065,0.6073658,0.6172408,0.5813566,0.60801053,0.6346645,0.6368896,0.6391146,0.5902275,0.5683212,0.5008963,0.43347132,0.3660464,0.4028474,0.4258255,0.2905959,0.4190981
22511300010031,1.0633287,1.0633287,0.9864174,0.9872609,0.9956359,0.9909147,1.0407811,1.015907,0.9742917,0.8908172,0.8881363,6.470204,8.113042,7.77621,7.210163,6.513962,5.7611012,4.9446096,4.1482205,3.4786367,2.9690025,2.459368,2.0962005,1.7059232,1.4140091,1.16938,0.8894101,0.7988761,0.6814626,0.6430686,0.6199419,0.6298108,0.6182055,0.6229011,0.6275967,0.62488973,0.6221828,0.5621911,0.5446071,0.5064331,0.4682592,0.3600049,0.3646438,0.4076546,0.2792898,0.4035585
22511300010041,1.0364189,1.0364189,0.9761114,0.9693412,0.9962911,1.0038382,0.98071647,0.9575947,0.9766009,0.9058381,0.8384715,6.4091387,8.124837,7.8364515,7.191883,6.451424,5.7398367,4.925338,4.1539655,3.469429,2.949087,2.4287448,2.0772426,1.7124234,1.4231308,1.1711373,0.948283,0.8384936,0.6819556,0.6490947,0.619396,0.6245069,0.5971299,0.6217157,0.6463016,0.6511401,0.6559786,0.6030778,0.5710165,0.5317611,0.4925057,0.3451389,0.3951996,0.422442,0.3035985,0.4087609
22511300010051,0.9892611,0.9892611,0.9359701,0.9592164,0.9325083,0.9666364,1.0119375,0.9365893,0.9354171,0.8565851,0.8134031,6.304447,8.170611,7.823939,7.121583,6.4245353,5.6857967,4.878386,4.1171875,3.4162757,2.9071283,2.397981,2.0358584,1.6419524,1.3947655,1.1377016,1.035635,0.7889857,0.6488328,0.613099,0.5887661,0.6066789,0.5790869,0.5946473,0.6102077,0.61198616,0.6137646,0.5363234,0.5173334,0.498249,0.4791646,0.3093844,0.3482007,0.3732298,0.2318286,0.3688939
22511300010061,1.0216517,1.0216517,0.9544383,0.9671763,0.9659617,0.932619,1.0383327,0.9257379,0.9580024,0.8915443,0.8233092,6.296276,8.249967,7.988157,7.101909,6.4264116,5.6366644,4.868149,4.1117196,3.4107988,2.8932707,2.3757424,2.0735257,1.6971818,1.3573391,1.1339208,0.7726833,0.7914635,0.6759657,0.6014675,0.6067996,0.6050564,0.5417286,0.5832596,0.6247906,0.61262226,0.6004539,0.5737289,0.5327333,0.50621843,0.4797036,0.3237717,0.3605272,0.3915068,0.2644589,0.3846644
22511300010071,1.0036551,1.0036551,0.9502295,0.930553,0.9609675,0.9304675,1.0522494,0.9505555,0.950169,0.8569638,0.8244429,6.2795053,6.561737,6.8439684,7.1262,6.4209046,5.667072,4.870129,4.0966234,3.4132805,2.8839264,2.354572,2.0643373,1.6652098,1.3634875,1.1375614,0.9584527,0.779344,0.6373677,0.5841209,0.5580703,0.6218403,0.5657787,0.5744512,0.5831237,0.59500724,0.6068908,0.5525641,0.5051363,0.48677424,0.4684122,0.3221331,0.3852884,0.393557,0.2441276,0.3830163
22511300010081,1.0336474,1.0336474,0.9528704,0.9518912,0.9772468,0.9446739,1.0877151,0.9577675,0.9177497,0.9012138,0.813903,6.2663627,6.548142,6.829921,7.1117,6.406917,5.661373,4.850449,4.1027613,3.4003725,2.8975642,2.3947556,2.0379393,1.6718823,1.3607645,1.1518024,0.9701669,0.7885315,0.6576052,0.5995424,0.5695642,0.5869309,0.5564069,0.56604034,0.5756738,0.59435797,0.6130421,0.5539285,0.5158505,0.48332965,0.4508088,0.314133,0.3519935,0.3850066,0.2605004,0.3910066
22511300010091,1.0517904,1.0517904,0.9588945,0.9551515,0.9608921,0.9597552,1.0489271,0.9581001,0.9504827,0.8657025,0.8495425,6.286975,6.55911,6.831245,7.10338,6.4194207,5.6678543,4.845966,4.085615,3.3824592,2.8836222,2.3847852,2.0341523,1.6823304,1.3904406,1.1368456,0.9613261,0.7858067,0.6595785,0.6153052,0.5929087,0.5844186,0.5584777,0.5784581,0.5984384,0.60440964,0.6103809,0.5314568,0.5340692,0.48595944,0.4378497,0.338672,0.3825386,0.4027573,0.2544769,0.3731347
22511300010101,1.012024,1.012024,0.9262376,0.9364054,0.9434872,0.9365518,0.9929062,0.9469352,0.9353068,0.8453553,0.8214904,6.275476,6.5502086,6.8249407,7.099673,6.38585,5.6486883,4.857608,4.1000605,3.387322,2.8810596,2.3747973,2.0323756,1.6598885,1.3647965,1.1314297,0.96395266,0.7964756,0.6629585,0.6192605,0.5958003,0.6060487,0.5525318,0.5757379,0.598944,0.60401607,0.6090881,0.5454698,0.5274176,0.48625356,0.4450895,0.3294297,0.3556845,0.3948375,0.2558073,0.3987081
22511300010111,1.0022818,1.0022818,0.9441104,0.9588968,0.9261407,0.9449212,0.9974437,0.9826829,0.9576559,0.8624988,0.8219698,6.273966,6.5408144,6.8076625,7.0745106,6.386325,5.6591177,4.8358126,4.0888214,3.3781376,2.882542,2.3869464,2.0450735,1.6536069,1.3793442,1.1297086,0.9621246,0.7945405,0.6734662,0.604492,0.593713,0.6147068,0.6005271,0.6075236,0.6145201,0.61744004,0.62036,0.5678232,0.5368437,0.49875146,0.4606592,0.3200923,0.3691877,0.3965443,0.2467172,0.3829433
22511300010121,1.0216095,1.0216095,0.9518643,0.9761881,0.9846031,0.9633142,0.9973957,0.9939131,0.9904305,0.8422092,0.8554515,6.361708,6.6148477,6.8679876,7.121127,6.4296517,5.6861796,4.8761463,4.093978,3.3908942,2.9376645,2.4844348,2.0312052,1.652986,1.3897991,1.1342051,0.9589288,0.7836525,0.6411742,0.6209614,0.5768381,0.5643473,0.5295087,0.5635792,0.5976497,0.60720396,0.6167582,0.54996,0.5414875,0.4743431,0.4071987,0.3400543,0.3862633,0.3851476,0.255142,0.3911408
22511300010131,0.9905102,0.9905102,0.9313778,0.9509169,0.9202959,0.9350861,0.9760469,0.9540138,0.932481,0.8626112,0.8079033,6.276242,6.5461936,6.8161454,7.0860977,6.388491,5.6279774,4.822717,4.067014,3.3674133,2.88103,2.3946471,2.010193,1.6526988,1.3785008,1.1317414,0.9558931,0.7800448,0.6625083,0.5917463,0.5803582,0.6167193,0.5695541,0.5950332,0.6205124,0.62425315,0.6279939,0.5643744,0.5402987,0.50846004,0.4766214,0.3335856,0.3621983,0.4025993,0.2549583,0.4018648
22511300010141,0.9982617,0.9982617,0.9335107,0.9342957,0.9262833,0.9302881,0.9982099,0.9597044,0.9247695,0.8562967,0.7999028,6.2755537,6.540545,6.8055363,7.070527,6.376156,5.6161585,4.8252807,4.038959,3.3506668,2.8713794,2.392092,1.9914038,1.6531138,1.3841149,1.1320657,0.9513208,0.7705759,0.6658632,0.6032938,0.5792676,0.6252688,0.5766873,0.5936038,0.6105203,0.6076592,0.6047981,0.5452618,0.5388271,0.4970082,0.4551893,0.3353161,0.3603558,0.3917808,0.26679,0.3754216
22511300010151,0.9721148,0.9721148,0.9343151,0.9341521,0.9437486,0.9616952,0.9772835,0.964385,0.9249237,0.8724436,0.8099426,6.2673473,6.5228868,6.778426,7.0339656,6.3461103,5.5988784,4.796216,4.042963,3.335502,2.8655,2.395498,1.9932079,1.611733,1.363048,1.1206661,0.944138,0.7676098,0.6511601,0.624367,0.5953797,0.6142626,0.5702417,0.59263945,0.6150372,0.6093308,0.6036243,0.579009,0.5519807,0.51105314,0.4701256,0.3364733,0.3592054,0.4030544,0.2518358,0.3864136
22511300010161,0.9923694,0.9923694,0.936401,0.9514647,0.9510727,0.9236129,1.0393554,0.9528917,0.9315012,0.8476506,0.8157988,6.2401953,6.506462,6.7727284,7.038995,6.347497,5.5946584,4.8051143,4.0478597,3.3532195,2.8412902,2.3293612,1.9865466,1.6479894,1.3750163,1.1220487,0.9546371,0.7872255,0.6743985,0.6118283,0.5898809,0.6241183,0.5704638,0.5809904,0.5915169,0.6036835,0.61585,0.5480049,0.536011,0.5063579,0.4767048,0.3327149,0.3265929,0.3990024,0.2433527,0.4039091
22511300010171,0.976434,0.976434,0.9480599,0.9533866,0.9510737,0.9440587,1.0037543,0.9316403,0.9545609,0.8569368,0.8252755,6.2155843,6.4871755,6.7587667,7.030358,6.3478765,5.5895233,4.807335,4.0181503,3.3620162,2.855644,2.349272,1.9966571,1.652788,1.3639133,1.1156862,0.94430876,0.7729313,0.6605385,0.5953377,0.6039862,0.5962509,0.5676264,0.58732533,0.6070243,0.6100777,0.6131311,0.5647922,0.5577558,0.5241019,0.490448,0.324986,0.3695996,0.4152584,0.2776418,0.4193192
22511300010181,0.9636089,0.9918019,0.9639289,0.9371602,0.9466148,0.9572193,0.95596695,0.9547146,0.9487708,0.8628392,0.837735,6.1766768,6.451709,6.7267413,7.001774,6.342548,5.570975,4.791014,4.047213,3.355767,2.8702862,2.3848054,1.999309,1.6565467,1.4058721,1.1227337,0.948261,0.7737883,0.6241759,0.6155234,0.5904461,0.6029474,0.5558758,0.5839992,0.6121226,0.6036214,0.5951203,0.5422934,0.5457726,0.522068,0.4983635,0.3312477,0.3876033,0.4258973,0.2517553,0.4069525
22511300010191,0.9198775,1.011121,0.9555114,0.9510005,0.9188392,0.9543977,0.9692437,0.9840897,0.9579618,0.8647921,0.8127695,6.1684585,6.4522214,6.7359843,7.0197473,6.3329926,5.5942383,4.782113,4.047797,3.3486843,2.8248239,2.3009634,1.9954392,1.6411307,1.3474675,1.1350248,0.9484614,0.761898,0.6583828,0.6294825,0.5869399,0.60464,0.541351,0.584994,0.628637,0.6274287,0.6262204,0.5515687,0.5507446,0.5067996,0.4628546,0.3868756,0.3733227,0.3841462,0.2707716,0.3780162
22511300010201,0.9535609,0.9754209,0.9211991,0.9476815,0.9239315,0.9324864,0.9526776,0.9728688,0.9261871,0.8481441,0.8282086,6.1709957,6.454998,6.739,7.023002,6.3211193,5.5751557,4.7920747,4.0314813,3.335358,2.8282394,2.3211212,1.9751816,1.6237968,1.3655624,1.1069787,0.9352543,0.7635299,0.6584828,0.6223843,0.5823306,0.6076611,0.5458213,0.5813293,0.6168373,0.6221368,0.6274363,0.5402828,0.5387874,0.4919574,0.4451274,0.3421224,0.3602608,0.4194208,0.2623705,0.4060514
22511300010211,0.9136549,0.9422721,0.8949798,0.9144875,0.8956828,0.8962418,0.925333,0.9544243,0.9092278,0.8056532,0.7918664,6.1108103,6.3987765,6.686743,6.974709,6.277103,5.54058,4.7341237,3.981349,3.3148344,2.7877676,2.260701,1.9438125,1.5986797,1.3386174,1.0874804,0.9086518,0.7298232,0.6267971,0.5886714,0.5594191,0.5666257,0.5276721,0.5564027,0.5851333,0.5955262,0.6059191,0.5282157,0.5199294,0.49067554,0.4614217,0.3082711,0.3131356,0.3628403,0.2707396,0.3764216
22511300010221,0.9172253,0.9193597,0.8998015,0.8829287,0.9013085,0.8964399,0.90678144,0.917123,0.8738115,0.7944513,0.7712016,6.1325326,6.407703,6.6828732,6.9580436,6.2631507,5.5340176,4.737355,3.9828458,3.2841017,2.7853951,2.2866883,1.9430708,1.5806696,1.3394406,1.0753332,0.8968078,0.7182824,0.6199938,0.5724657,0.5546204,0.5853735,0.5492064,0.5613738,0.5735412,0.5897052,0.6058692,0.5457232,0.4986393,0.4768245,0.4550097,0.3251812,0.2960356,0.3546032,0.3163572,0.3777555
22511300010231,0.9140062,0.9305231,0.883614,0.88966,0.8894141,0.8768804,0.90561295,0.9343455,0.8988159,0.7884523,0.7857213,6.1531897,6.4234495,6.6937094,6.963969,6.272604,5.539267,4.739027,3.9699414,3.2871802,2.784522,2.281864,1.943208,1.5976031,1.3613071,1.0812157,0.89574015,0.7102646,0.617645,0.5804176,0.586097,0.6057073,0.5868731,0.6110791,0.6352851,0.65380186,0.6723186,0.5797311,0.551657,0.5396644,0.5276718,0.3656077,0.2884823,0.3778932,0.3497719,0.4071346
22511300010241,0.9427941,0.9114373,0.8996845,0.8836181,0.9023072,0.883775,0.9058946,0.9280141,0.9123754,0.7862419,0.7650499,6.225474,6.4715514,6.7176285,6.9637055,6.2585354,5.520689,4.7318172,3.96841,3.2734275,2.784941,2.2964542,1.9571294,1.5990663,1.3912448,1.087832,0.91562366,0.7434153,0.6381226,0.595169,0.6202752,0.671375,0.6055521,0.6279858,0.6504194,0.6668795,0.6833395,0.5754703,0.5394633,0.57843494,0.6174066,0.3276772,0.3375473,0.4019257,0.3807085,0.4529231
22511300010251,0.916226,0.9044556,0.9174767,0.9180354,0.9239437,0.9229294,0.93881047,0.9546915,0.9209608,0.8035146,0.7678163,6.223236,6.4671082,6.7109804,6.9548526,6.2689424,5.5176015,4.7163396,3.986568,3.264122,2.8068085,2.3494952,1.8921819,1.5416771,1.3491787,1.0829622,0.91410434,0.7452466,0.5953076,0.5983621,0.5843069,0.6103303,0.5556732,0.58256584,0.6094585,0.6401011,0.6707436,0.5603743,0.5164004,0.44272843,0.36905646,0.2953845,0.3527718,0.4253138,0.3594163,0.4036096
22511300020011,1.0417755,1.0417755,1.0376457,0.9618936,1.0437089,1.0110224,1.0060387,1.0010548,0.9960709,0.9245261,3.760261,6.595996,6.797851,6.9997063,7.201562,6.552847,5.813295,4.959492,4.2087407,3.4979064,3.020078,2.5422497,2.1009169,1.7146125,1.4719253,1.1146759,0.9353478,0.7560197,0.6901174,0.6821317,0.57497,0.6305273,0.5980138,0.6049925,0.6119712,0.6119612,0.6119512,0.6211493,0.5342841,0.46092898,0.38757384,0.3142187,0.3283283,0.3722288,0.2807953,0.3225147
22511300020021,1.0214664,1.0214664,0.9596637,0.9974511,0.9678577,0.9549287,1.0428184,0.9925684,0.950565,0.9018957,0.8362621,6.515252,6.7422004,6.9691486,7.196097,6.4699993,5.7284355,4.9250426,4.1579685,3.460622,2.9678707,2.4751194,2.0591953,1.7134116,1.4212608,1.1531298,1.0865247,0.8151971,0.6910999,0.6177955,0.6165657,0.6778335,0.6291891,0.64630383,0.6634186,0.657859,0.6522995,0.585798,0.5631984,0.5340434,0.5048884,0.330974,0.3965782,0.4174348,0.3033454,0.391556
22511300020031,1.0578779,1.0578779,0.9533725,0.9518091,0.969732,0.9689583,1.0202516,0.9708516,0.9663859,0.8622678,0.8267444,6.518104,6.744705,6.971306,7.197907,6.4920177,5.701067,4.914365,4.1570573,3.456201,2.9813344,2.5064676,2.097275,1.6984721,1.4003524,1.1580372,1.0294497,0.7869635,0.6836309,0.6111733,0.5951464,0.6406288,0.6370627,0.62971395,0.6223652,0.63841575,0.6544663,0.5797622,0.5721774,0.5359338,0.4996902,0.3118048,0.4408471,0.4452335,0.330901,0.3725856
22511300020041,1.0293351,1.0293351,0.9438279,1.0046259,0.9642176,0.9740966,1.020126,1.0626626,0.9856269,0.890088,0.8414329,6.496384,6.729321,6.9622583,7.195195,6.497543,5.760132,4.9313297,4.1307726,3.4560232,2.9330444,2.4100654,2.0447402,1.6662885,1.4087948,1.154486,0.9270021,0.7638271,0.7021405,0.6463296,0.6266131,0.6200935,0.6355785,0.6340944,0.6326103,0.6546196,0.6766288,0.5650169,0.5875952,0.5500451,0.5124949,0.3129305,0.4071459,0.4684052,0.2216037,0.3094209
22511300020051,1.064331,1.064331,1.0123699,0.9864563,0.9886447,1.0004905,1.0370106,1.2141188,1.0062535,0.941231,0.8996988,6.522295,6.754099,6.985903,7.2177067,6.5451465,5.76333,4.9751105,4.1775804,3.476943,2.9991007,2.5212584,2.1118839,1.7285072,1.4722507,1.1834902,0.9968936,0.8293665,0.7163059,0.6528292,0.6262322,0.6512394,0.6288158,0.6446425,0.6604691,0.67944336,0.6984176,0.6404025,0.5989004,0.5642845,0.5296686,0.3521941,0.4037314,0.5259022,0.2589396,0.4139408
22511300020061,1.0460747,1.0460747,1.0162967,1.0539961,1.0453331,1.0126235,1.0283117,1.0228862,1.0174607,0.9134552,0.8825114,6.5901976,6.80649,7.022783,7.239075,6.5455136,5.7961545,4.992377,4.1396966,3.4905033,2.9846385,2.4787738,2.1238005,1.7061245,1.4351066,1.2070194,1.0081056,0.7952566,0.7182435,0.6680441,0.6361708,0.6151144,0.6336664,0.6478645,0.6620626,0.6577808,0.6534991,0.6117374,0.5890401,0.56732124,0.5456024,0.371235,0.3285085,0.5024054,0.3177008,0.4419199
22511300020071,1.0077391,1.0077391,0.9987551,1.0206298,1.0379556,1.0120271,1.0897593,1.07115,1.0024667,0.9509285,0.9019272,6.629156,6.8400407,7.050925,7.261809,6.561046,5.7830505,4.965967,4.1991196,3.4808297,2.9952142,2.5095987,2.182515,1.6970761,1.4303751,1.198302,1.0007364,0.8585869,0.7091775,0.6722464,0.6141288,0.6537237,0.6515766,0.67287076,0.6941649,0.6891351,0.6841052,0.6160775,0.58773,0.57355285,0.5593757,0.3254065,0.3523436,0.5274117,0.2827538,0.4325777
22511300020081,1.003404,1.003404,1.0082922,1.0193633,0.9906038,1.0348434,1.0670106,1.0559274,0.9997422,0.9343641,0.8575647,6.5547776,8.193057,7.9503503,7.275237,6.539458,5.7906604,4.9731755,4.2331,3.4888442,2.996763,2.5046816,2.1020317,1.7243305,1.434349,1.1779249,0.8155022,0.8111726,0.7085521,0.6433506,0.6110429,0.5981963,0.6469563,0.65242326,0.6578902,0.6501219,0.6423537,0.6229502,0.6013006,0.57364297,0.5459853,0.3273601,0.3476029,0.4822035,0.2278497,0.3561706
22511300020091,1.0598176,1.0598176,0.9885138,1.0286335,1.0130168,1.0245678,1.0788705,1.0352248,0.9742561,0.9317447,0.9010513,6.633113,8.285773,7.925424,7.2878056,6.546884,5.7937975,4.9739394,4.193717,3.487822,3.0478644,2.6079068,2.1442735,1.8016835,1.4743218,1.1944273,0.9252512,0.8025735,0.700181,0.6545687,0.6091734,0.6365466,0.6227251,0.65074563,0.6787662,0.67479193,0.6708177,0.6168225,0.6466505,0.58849233,0.5303342,0.3178066,0.3664694,0.4953599,0.2762085,0.4351521
22511300020101,1.0979929,1.0979929,0.996615,1.0257076,1.0021431,0.9804057,1.0409979,1.1167272,1.0091077,0.8963229,0.8429049,6.625903,8.420317,7.896949,7.2995396,6.5706787,5.8223934,4.985388,4.2027354,3.4922695,3.0088055,2.5253415,2.1439793,1.7065241,1.4762876,1.1999902,1.0470175,0.7931722,0.6515871,0.6119885,0.593185,0.5988792,0.6079119,0.6226235,0.6373351,0.65054876,0.6637624,0.5912708,0.6152591,0.5667401,0.5182211,0.3346786,0.3918345,0.4450679,0.2053759,0.4127453
22511300020111,1.0349911,1.0349911,0.9490338,1.0123678,0.980748,1.009947,1.0466678,1.0388561,0.9771201,0.9089873,0.8584305,4.5747333,8.291037,7.8379993,7.253209,6.5398746,5.831324,4.9896917,4.2008066,3.4799979,3.0202906,2.5605836,2.1008766,1.6909539,1.4287525,1.157517,0.9775528,0.7408668,0.6585207,0.6273749,0.5919765,0.606202,0.566287,0.6001521,0.6340172,0.6400337,0.6460503,0.5652374,0.5855469,0.5330987,0.4806505,0.3093024,0.3208759,0.4295791,0.2783526,0.4348917
22511300020121,1.0471581,1.0471581,1.0110798,1.0430723,1.0165405,1.0018992,1.0668368,1.1092811,1.019396,0.8928199,0.891513,4.6049914,8.31847,7.795754,7.2730374,6.576987,5.861754,5.032102,4.2190423,3.4836304,3.0444672,2.6053042,2.166141,1.7269778,1.4960136,1.1835641,0.9960309,0.7815917,0.7060719,0.6423504,0.5921867,0.6336252,0.5461704,0.5750467,0.603923,0.6371388,0.6703546,0.601935,0.5510289,0.5137932,0.4765574,0.4011501,0.3883198,0.4560432,0.2633388,0.4764212
22511300020131,1.0638317,1.0638317,0.9597475,1.0013617,1.0560658,0.9911885,1.0094298,1.0833263,0.9684088,0.9052446,0.8878952,3.219347,5.550799,7.882251,7.299985,6.591972,5.829185,5.0107822,4.2194266,3.4966464,2.9994528,2.5022593,2.0050654,1.694685,1.4508069,1.1292747,0.8983641,0.803819,0.6493431,0.6605294,0.6207841,0.5730186,0.5948656,0.61602473,0.6371839,0.65665156,0.6761192,0.5566988,0.595543,0.5543882,0.5132335,0.3210397,0.331901,0.4797823,0.2939135,0.3984042
22511300020141,1.0520908,1.0520908,0.9863062,1.0464267,1.0623624,1.0185522,1.0792584,1.0209203,1.0100461,0.9480394,0.9482573,2.5453916,4.142526,5.7396603,7.336795,6.629291,5.888417,5.0458555,4.236936,3.5349948,3.0759554,2.6169162,2.157877,1.6988376,1.4148035,1.133154,0.9505639,0.7574578,0.6451143,0.6977092,0.6102683,0.596798,0.577855,0.61959887,0.6613427,0.6793569,0.6973711,0.5956582,0.6043068,0.5277189,0.451131,0.316748,0.3499166,0.4860504,0.2611778,0.4362152
22511300020151,1.0180943,0.9958556,0.973617,1.0163769,1.0472088,1.0231282,1.0788586,1.0593538,1.0277297,0.8883231,0.8837365,6.819514,8.412002,8.09556,7.37123,6.637214,5.817235,5.0469165,4.2683625,3.5558007,3.0115042,2.4672077,2.1189046,1.7706014,1.460561,1.1750149,0.9542106,0.8631624,0.6649328,0.6522485,0.6025299,0.6232882,0.5536457,0.59549487,0.637344,0.62450933,0.6116747,0.5770019,0.5347382,0.46005416,0.3853701,0.3158558,0.3596183,0.420236,0.2737122,0.3291286
22511300020161,0.9766986,0.9897624,1.0028263,1.0210919,1.0163755,1.0200505,1.0443648,1.0244769,1.0022944,0.9121281,0.9163971,6.8080835,8.456557,8.087564,7.37053,6.6093826,5.877451,5.0219784,4.2570834,3.505237,3.0007598,2.4962826,2.1071396,1.7179964,1.4579338,1.1903358,0.9444178,0.7977292,0.6575298,0.6311439,0.6062763,0.6108168,0.6024716,0.59872514,0.5949787,0.6249104,0.6548421,0.57527,0.5895477,0.5468273,0.5041069,0.339316,0.3739155,0.5066923,0.232433,0.3722484
22511300020171,1.1223902,1.1507871,0.9466564,0.9975859,1.029354,0.9970809,1.078106,1.0318367,0.9903202,1.04427,0.8483347,6.818067,8.44036,8.046115,7.360794,6.664095,5.7695827,5.035322,4.2112556,3.502046,3.0419078,2.5817692,2.0941844,1.7020702,1.4601622,1.1814778,1.0050228,0.8309788,1.2428463,1.0090868,0.5751578,0.5502533,0.600161,0.61599237,0.6318237,0.6374679,0.6431121,1.0373263,0.5757158,0.9804968,1.3852777,0.2688424,0.3196856,0.4456685,0.2519104,0.3475715
22511300020181,1.0179613,0.97227,0.9538433,1.0004348,1.0074852,1.0448612,1.0482179,1.0288684,0.9911396,0.9764938,0.8775791,6.78981,8.4696455,8.055228,7.3404713,6.628768,5.811171,4.9984646,4.232029,3.4968793,3.0559425,2.6150057,2.0468833,1.9847572,1.7085172,1.4306239,0.9046888,0.9575577,0.6285078,0.6047678,0.5957838,0.5314175,0.4585795,0.49861786,0.5386562,0.5519818,0.5653074,0.5509695,0.5050943,0.47656065,0.448027,0.3153221,0.386889,0.339959,0.181934,0.3446655
22511300020191,0.9962751,0.9936165,0.990958,1.0368135,1.0313894,1.0428941,1.0804569,1.0851725,1.0420245,0.9174951,0.9006442,6.8893814,8.533039,8.116337,7.4101443,6.687791,5.9187384,5.3223963,4.277596,3.5669394,3.022644,2.4783485,2.0824182,1.7455335,1.4992803,1.2210572,0.9402597,0.8608118,0.6476447,0.680304,0.5967173,0.6248054,0.5861443,0.6080391,0.6299339,0.6345457,0.6391575,0.5561127,0.542686,0.46499553,0.38730508,0.3096146,0.368907,0.3207332,0.2725594,0.4565192
22511300020201,1.1063455,1.0169959,0.9770402,1.064725,1.0365713,1.0320059,1.1245602,1.0348727,1.0109893,0.9196929,0.8681467,6.9301143,8.558435,8.158282,7.424696,6.7028275,5.874067,5.1311345,4.2828326,3.5681343,3.0869505,2.605767,2.1779888,1.7502105,1.4601336,1.161043,0.9562237,0.8067143,0.6686742,0.6736475,0.6224785,0.5763184,0.5573746,0.6010551,0.6447356,0.6614261,0.6781167,0.5761387,0.5583429,0.4719827,0.3856225,0.343475,0.3716889,0.31476694,0.257845,0.40284
22511300020211,1.0751139,1.0289962,0.9777386,1.0435238,1.0453852,1.0199488,1.0522782,1.1008446,1.0381148,0.9945987,0.9246897,4.7403617,8.556033,8.179429,7.453437,6.704543,5.9708815,5.094781,4.311853,3.5625923,3.0485585,2.5345244,2.130968,1.7116069,1.477213,1.1946502,0.971239,0.8146388,0.6641282,0.6674692,0.6269253,0.5890682,0.5248328,0.5938744,0.662916,0.6564405,0.649965,0.5857234,0.6076354,0.46274334,0.3178513,0.3534694,0.3882323,0.3143888,0.2405453,0.4502165
22511300020221,1.0337435,1.0678173,1.0004144,1.005218,1.0319763,1.0274893,1.0904139,1.083341,1.0260955,0.9681754,0.8912355,4.742379,8.593523,8.2031,7.4961166,6.7345963,5.9354362,5.095751,4.283949,3.5743716,3.0612063,2.5480409,2.1526356,1.7572303,1.4539785,1.1605747,1.0308281,0.8029264,0.6295268,0.6314807,0.6078331,0.5976748,0.5707863,0.60415286,0.6375194,0.6427528,0.6479863,0.5620689,0.5408764,0.4229349,0.3049934,0.3120085,0.3303334,0.4027698,0.2148678,0.3855956
22511300020231,1.0288883,1.060122,1.0219015,1.0168729,1.0493066,1.0472187,1.0629295,1.0481324,1.0072535,0.9389326,0.9113101,4.7456636,8.580017,8.195424,7.4968443,6.737874,5.9280887,5.096922,4.296156,3.5812347,3.0446887,2.5081425,2.1155868,1.7230308,1.4652374,1.1555395,0.95507,0.7977084,0.6495292,0.6236157,0.5911253,0.5877082,0.5287594,0.56052464,0.5922899,0.6040808,0.6158717,0.5653494,0.5574308,0.481836,0.4062412,0.3306464,0.2969451,0.3688909,0.2606459,0.4087501
22511300020241,1.0162903,1.0035864,0.9989123,1.0353022,1.035316,1.0118872,1.0655353,1.1007624,1.0346805,0.9107364,0.8720518,4.7381153,8.604178,8.177278,7.515829,6.7578115,5.928573,5.1298566,4.2841415,3.5740108,3.043346,2.512681,2.1315365,1.7503918,1.4616915,1.1639631,0.9672965,0.7878968,0.6326309,0.6204821,0.6094039,0.6005135,0.5329071,0.5673343,0.6017615,0.61029166,0.6188218,0.5509385,0.5369544,0.47252068,0.40808693,0.3436532,0.2818629,0.3874868,0.2750622,0.4453755
22511300020251,1.0104405,1.016419,1.0256003,1.036447,1.063521,1.0471168,1.1094042,1.0437813,0.9949727,0.9502234,0.8647282,7.1526203,8.640948,8.23717,7.5290947,6.7542524,5.9636874,5.1125727,4.3190536,3.5978448,3.1124346,2.6270244,2.1986268,1.7393072,1.4260495,1.1938607,0.9749238,0.7562182,0.6332724,0.6091462,0.574945,0.591839,0.5309801,0.56608945,0.6011988,0.5957061,0.5902134,0.5538157,0.5289051,0.4321447,0.3353843,0.3213469,0.3532838,0.3774117,0.2923945,0.4107257
22511300020261,0.9966832,1.0532215,0.9848326,1.007686,1.0165884,1.0323097,1.102279,1.0874447,1.0220459,0.9318612,0.9077717,4.7754707,8.64317,8.273397,7.5215907,6.8016753,5.977563,5.115317,4.3111753,3.5764308,3.0405548,2.5046787,2.1460457,1.7476588,1.4496146,1.1453094,1.0250795,0.766715,0.6445426,0.5926329,0.5763903,0.5971425,0.5527538,0.57018954,0.5876253,0.5945741,0.6015229,0.5302522,0.5159792,0.473239,0.4304988,0.329243,0.2430324,0.4036368,0.2375196,0.393873
22511300020271,1.0694737,1.142108,1.0291741,1.0449305,1.0312475,1.0376523,1.0812026,1.1124938,1.0416662,0.9474658,0.9294467,7.291423,8.73734,8.302724,7.579277,6.8268075,5.9995065,5.1469975,4.3730416,3.6214144,3.1360295,2.6506448,2.1730683,1.7554455,1.5152361,1.1860054,1.0009669,0.8008992,0.6476966,0.6576757,0.5940796,0.6145964,0.5752996,0.6169247,0.6585498,0.65138435,0.6442189,0.5578051,0.5424181,0.5282223,0.5140266,0.352998,0.466131,0.4087289,0.2954766,0.3530839
22511300020281,1.0377064,1.0927212,1.0112759,1.054241,1.0698935,1.0424881,1.0925908,1.1048975,1.0767533,0.9701974,0.8916011,7.330333,8.773887,8.304005,7.55628,6.8123574,6.017999,5.1890526,4.3916335,3.6356804,3.0934076,2.5511348,2.1735024,1.7450973,1.4374915,1.1944593,0.9896177,0.7471752,0.6411388,0.6209833,0.6108555,0.6117154,0.5696129,0.5964834,0.6233539,0.6353815,0.6474091,0.563831,0.5859926,0.51571673,0.4454409,0.3307492,0.4201924,0.4621266,0.231025,0.3444905
22511300020291,1.009346,1.1066058,1.0048021,1.0335788,1.065191,1.0453095,1.0886422,1.0935874,1.0746462,0.9177902,0.8921047,4.841668,8.791231,8.335008,7.6001925,6.8388357,6.0154366,5.198936,4.353691,3.6533954,3.0917459,2.5300963,2.1817918,1.7612467,1.4576133,1.1832308,0.9556877,0.8036737,0.6537758,0.6638586,0.5911757,0.6173975,0.5511733,0.58702874,0.6228842,0.62194765,0.6210111,0.5722373,0.5621144,0.501932,0.4417496,0.3344974,0.3815639,0.3701117,0.2839076,0.3849078
22511300020301,1.0179613,1.040498,1.0287597,1.0187932,1.0429488,1.0217812,1.0865515,1.0653696,1.0440077,0.9450658,0.9120665,7.3223753,8.781211,8.363943,7.6116757,6.842638,6.024969,5.184247,4.369915,3.631514,3.1020758,2.5726376,2.122847,1.748736,1.4680111,1.1898807,0.9631518,0.8098234,0.6236309,0.6180111,0.5883283,0.6433938,0.5479038,0.5703486,0.5927934,0.61003417,0.6272749,0.5575471,0.5358116,0.4794683,0.423125,0.4729687,0.407491,0.4063771,0.2557603,0.4237887
22511300020311,1.024306,1.0977813,1.0394406,1.0512611,1.051932,1.0376444,1.068955,1.1072226,1.0312368,0.9782015,0.8532618,7.2336626,8.810541,8.366553,7.625466,6.8365993,6.010089,5.1970606,4.3486123,3.6279812,3.1246133,2.6212451,2.1218276,1.7337792,1.4346851,1.1452259,0.940558,0.7970441,0.5934937,0.640196,0.5931571,0.6220913,0.5356795,0.5703159,0.6049523,0.61106026,0.6171682,0.5418018,0.5399368,0.4854962,0.4310556,0.4165853,0.3388919,0.3761746,0.2554937,0.4074094
22511300020321,1.0201058,1.0144476,0.9643546,1.0447139,1.0252548,1.040676,1.0816739,1.0571824,1.026908,0.9246322,0.8804131,4.82844,8.776467,8.323755,7.6167626,6.8509016,6.028523,5.199029,4.3998065,3.6464262,3.132601,2.6187756,2.2135463,1.7697482,1.4263037,1.1950344,0.9450264,0.7988609,0.6044209,0.5729886,0.5722248,0.6227083,0.5357626,0.5703893,0.605016,0.6139619,0.6229078,0.5477972,0.5405565,0.4708232,0.4010899,0.4119742,0.3024418,0.4181146,0.1874656,0.368144
22511300020331,0.9968231,1.0208323,1.0379996,1.048099,1.0813795,1.0474958,1.1084948,1.0864648,1.0254906,0.9182065,0.8642057,4.834649,8.805092,8.377344,7.640163,6.87764,6.0391583,5.2163763,4.375923,3.5971599,3.1148808,2.6326017,2.1503227,1.7428175,1.467321,1.1352942,0.9447658,0.7899007,0.6245876,0.6618818,0.5679027,0.5769585,0.5230048,0.53918386,0.5553629,0.5906741,0.6259853,0.5386178,0.5657174,0.4703634,0.3750094,0.3209457,0.3428701,0.3121733,0.1760385,0.3291854
22511300020341,1.0349725,1.1091945,1.0135664,1.0698504,1.0987906,1.0771768,1.0882359,1.0645542,1.0512958,0.946163,0.9371553,4.884636,8.832117,8.42328,7.708954,6.9238553,6.0742006,5.242011,4.4140368,3.68274,3.175222,2.667704,2.1601863,1.7647433,1.4781348,1.1735431,1.0094416,0.8152073,0.6590006,0.6162015,0.6311165,0.6256309,0.5378619,0.5933458,0.6488298,0.6392509,0.6296719,0.5945236,0.5247226,0.49006426,0.4554059,0.4018725,0.3682777,0.4858692,0.251891,0.3638636
22511300020351,1.0416275,1.0583907,1.0142624,1.0319889,1.0258884,1.0400597,1.0870456,1.108376,1.0383667,0.9881905,0.9367583,4.8861136,8.835469,8.434261,7.6616297,6.880781,6.0667105,5.2451944,4.3947434,3.663167,3.1604111,2.6576555,2.1548998,1.7859718,1.5216767,1.1907339,0.9995219,0.8223404,0.6865364,0.6244088,0.612003,0.5858769,0.5404952,0.5944897,0.6484842,0.6521109,0.6557376,0.5537822,0.5729203,0.5086411,0.444362,0.4582821,0.3376443,0.4188039,0.2772876,0.4247264
22511300020361,1.0069292,1.0831639,1.0557466,1.0406071,1.0535666,1.0593628,1.0755134,1.0723377,1.0769657,0.9447346,0.8738187,4.877654,8.88149,8.407088,7.6856003,6.8667154,6.1057606,5.1993675,4.417558,3.6674435,3.164818,2.6621926,2.159567,1.7415745,1.498023,1.1813031,0.9548017,0.8129675,0.6534067,0.6186167,0.5719131,0.5743379,0.4861803,0.5512022,0.616224,0.6319212,0.6476183,0.5382757,0.5356898,0.4819824,0.428275,0.3855867,0.3448661,0.3851985,0.2770606,0.3806563
22511300020371,1.4445313,1.0715975,1.174879,1.1708288,1.039836,1.0278713,1.0952553,1.1043448,1.0570688,0.9793737,0.9583794,4.906657,8.854936,8.396715,7.6629834,6.893415,6.0813975,5.2615957,4.4141245,3.6962323,3.1563323,2.616432,2.1671937,1.7889547,1.4617565,1.2115192,0.9840858,0.8080326,0.6800924,0.6164602,0.591917,0.6082018,0.5213252,0.5718636,0.622402,0.62874514,0.6350883,0.549903,0.4968901,0.4815216,0.4661531,0.3937444,0.4679035,0.4002657,0.2687476,0.4241443
22511300020381,2.206323,1.0362138,1.0075243,1.0346481,1.0710762,1.0315775,1.1317714,1.1307334,1.0245405,0.947393,0.8473521,4.8543696,8.861387,8.448541,7.6909547,6.8981647,6.12522,5.224225,4.4193945,3.6838062,3.1461444,2.6084824,2.205033,1.8091241,1.421887,1.1838048,0.9752079,0.8294065,0.6329709,0.6152679,0.6262327,0.6294375,0.4916497,0.5522571,0.6128645,0.6172817,0.6216988,0.5613987,0.5398085,0.4700667,0.4003249,0.4248719,0.3193598,0.407533,0.2269987,0.424054
22511300020391,1.0954492,1.0723552,1.0251915,1.0129215,1.0400797,1.0369455,1.1162554,1.0909725,1.049802,0.9547224,0.8928135,4.902003,8.911192,8.453979,7.7095885,6.9060235,6.137082,5.250254,4.447414,3.6974032,3.1677933,2.6381836,2.171004,1.7766271,1.4903159,1.2081218,0.9815841,0.8078528,0.6229252,0.6194796,0.5967945,0.5762191,0.5275516,0.5500452,0.5725388,0.59061617,0.6086935,0.5432423,0.4912229,0.4556827,0.4201425,0.3610095,0.3412052,0.3542759,0.2835153,0.3756311
22511300020401,1.0690625,1.0944571,1.0646849,1.1326699,1.0821421,1.0850447,1.147242,1.0865046,1.0181282,1.0040032,0.921623,4.9212694,8.920917,8.467664,7.692554,6.952868,6.1393914,5.2549496,4.4643893,3.7109842,3.2449255,2.7788665,2.2357693,1.8171526,1.534638,1.1920846,0.9724164,0.8355353,0.6940395,0.6735244,0.5783037,0.616068,0.5137049,0.5816237,0.6495425,0.6526967,0.6558509,0.5713148,0.5502186,0.48432696,0.4184353,0.39968,0.3091136,0.4191137,0.2435645,0.381928
22511300020411,1.048545,1.0901006,1.0526341,1.0731424,1.1486069,1.0737917,1.1450019,1.1407841,1.0555502,0.953853,0.9404599,4.933527,8.926594,8.484312,7.750543,6.9824615,6.1139874,5.294163,4.481763,3.7280731,3.2336347,2.739196,2.2447574,1.8089869,1.4844728,1.2231677,1.026864,0.8275696,0.7021854,0.6536436,0.6037394,0.619901,0.5684554,0.5910475,0.6136397,0.6164439,0.6192481,0.6126617,0.5587904,0.46345535,0.3681203,0.3624719,0.3346025,0.4174646,0.2860759,0.4186511
22511300020421,1.0930926,1.1334625,1.03273,1.0881809,1.130004,1.0600036,1.1562598,1.1480902,1.0809681,0.990427,0.9457334,7.501027,8.944663,8.472953,7.7743344,6.9717,6.1331453,5.277643,4.4797564,3.7465587,3.2473693,2.7481797,2.2489903,1.7310153,1.560448,1.2136374,0.9814272,0.8305206,0.7554744,0.6293416,0.6314986,0.6148073,0.5829064,0.62044597,0.6579855,0.6669682,0.6759509,0.5637184,0.5687894,0.5212665,0.4737436,0.412192,0.4125689,0.4129458,0.2508927,0.4150317
22511300020431,1.0619899,1.1449178,1.0309372,1.0153006,1.1422259,1.1353401,1.1225221,1.1377664,1.0141517,0.9954437,0.9764258,7.560476,8.942431,8.477715,7.7877445,6.8904915,6.2245536,5.314249,4.4332256,3.7009656,3.2082016,2.7154377,2.2226737,1.844979,1.4660602,1.1493773,1.000423,0.8332899,0.6805757,0.6701108,0.618191,0.6824942,0.5609076,0.5966508,0.632394,0.6345937,0.6367935,0.6082951,0.5812643,0.49546164,0.409659,0.3594,0.3638893,0.4092515,0.2807189,0.3639934
22511300020441,1.0228904,1.1337715,1.1000203,1.1006316,1.0512688,1.0639287,1.1405294,1.0710205,1.0681261,0.945483,0.9743038,7.5586333,9.043295,8.485722,7.773588,7.019663,6.0961637,5.324888,4.4774365,3.7604809,3.2633493,2.766218,2.2690866,1.8124954,1.5685252,1.216875,1.0266815,0.865225,0.6832602,0.7037268,0.6391781,0.6065719,0.5334384,0.60649836,0.6795583,0.684501,0.6894437,0.5704221,0.5482563,0.5153276,0.4823989,0.295261,0.3368606,0.3784602,0.284335,0.4390806
22511300020451,1.0848469,1.0888243,1.0152429,1.1292005,1.1083236,1.1047201,1.1555836,1.1129262,1.0332277,1.0146803,0.9562587,7.53411,8.933772,8.475052,7.742396,6.934544,6.1154313,5.2783065,4.473235,3.7121668,3.2238388,2.7355106,2.2471826,1.807069,1.5196655,1.2420098,0.9442908,0.8291053,0.6528529,0.599429,0.6016755,0.5803565,0.5349442,0.5752442,0.6155442,0.6368592,0.6581742,0.5809382,0.5208082,0.44498086,0.3691535,0.3516209,0.39072484,0.4298288,0.2571463,0.3691582
22511300020461,1.0184131,1.0626795,1.1200675,1.1501402,1.1380942,1.1422395,1.2464412,1.1464719,1.0985126,1.0473672,0.9807448,7.5704746,8.962602,8.489923,7.7571945,7.0688477,6.2001047,5.331362,4.469054,3.771451,3.273927,2.7764032,2.2788794,1.8381059,1.5817246,1.1890239,0.9898063,0.8919139,0.7125975,0.665367,0.6149207,0.6590175,0.5520648,0.5857741,0.6194834,0.6531259,0.6867684,0.6289866,0.5921767,0.5088287,0.4254807,0.3633593,0.40266204,0.4419648,0.3582886,0.4098916
22511300020471,1.0706986,1.1344831,1.034103,1.1301906,1.0868621,1.1263512,1.1164763,1.157271,1.0550021,0.9768649,0.8878611,7.5670624,9.037181,8.537742,7.774559,6.994439,6.153618,5.285804,4.4891596,3.7511246,3.2899652,2.8288054,2.3676457,1.8373599,1.5363926,1.2216471,1.0240515,0.9021354,0.6957703,0.6446989,0.6758082,0.6503297,0.6194186,0.6160218,0.612625,0.63651377,0.6604025,0.6518994,0.6407008,0.5347027,0.4287046,0.4099025,0.41757104,0.4252396,0.2808116,0.3910853
22511300020481,0.9710149,0.9710149,0.9710149,0.9595319,1.0826167,1.0189946,1.1012555,1.1835164,1.0458412,0.9060301,0.9389888,7.6267185,8.991792,8.523587,7.7843347,7.020198,6.1572194,5.2792025,4.603241,3.8079882,3.277207,2.7464256,2.2156441,1.7881796,1.5851891,1.2683183,1.0278519,0.918851,0.7281248,0.6836298,0.5459663,0.5968475,0.6842757,0.65652317,0.6287706,0.6799743,0.731178,0.5938793,0.4962007,0.4190519,0.3419031,0.3201377,0.4496665,0.3762243,0.19704,0.3265838
22511300020491,1.2110461,1.1690936,1.0728096,1.0840313,1.0266179,1.0471457,1.0329719,1.087727,1.0538863,0.9217724,0.8898122,7.644755,9.004841,8.538228,7.815822,6.997608,6.279464,5.3544726,4.525148,3.7885113,3.2925575,2.796604,2.3006504,1.7978697,1.5689588,1.2115338,1.0083746,0.8653236,0.7134152,0.6123877,0.6475857,0.6966046,0.5276698,0.5815276,0.6353854,0.6669676,0.6985497,0.6934541,0.5712499,0.4744074,0.3775649,0.351521,0.3156241,0.5992619,0.3563921,0.4699267
22511300020501,1.0866996,1.1251241,1.0546422,1.1333612,1.0770926,1.1243255,1.1544877,1.128283,1.0472095,0.9681745,0.9643555,7.733761,9.009016,8.54027,7.795221,6.9817743,6.158884,5.332958,4.5153766,3.7464905,3.2571478,2.7678053,2.2784626,1.821354,1.5509411,1.2336704,1.0556211,0.8444293,0.6852069,0.6736392,0.5957806,0.6326479,0.5286503,0.5921587,0.6556671,0.6768193,0.6979716,0.5693147,0.5715565,0.49942115,0.4272858,0.4930945,0.2752643,0.4164914,0.4030067,0.4115233
22511300020511,1.0703791,1.107848,1.0385892,1.1438847,1.0973078,1.1086673,1.1552498,1.1571577,1.0670056,0.9927854,0.9325786,7.701803,9.013426,8.546421,7.797284,6.996105,6.1578746,5.349049,4.498095,3.744724,3.25169,2.7586558,2.2656217,1.8040214,1.5585921,1.1997877,1.0146519,0.8168281,0.7180148,0.6313756,0.6107093,0.5937348,0.571515,0.60937274,0.6472305,0.6343161,0.6214017,0.5727566,0.5662615,0.4892321,0.4122027,0.4227043,0.3659219,0.3780062,0.3314792,0.4075622
22511300020521,1.1299372,1.1275945,1.0839311,1.1258587,1.0881418,1.1414503,1.1789383,1.153539,1.0983553,1.0032219,0.9282085,7.690995,9.021733,8.573323,7.7922926,6.9882255,6.2407665,5.3383446,4.5352845,3.7769108,3.2890642,2.8012176,2.3133707,1.8599122,1.6881949,1.1808208,0.9673214,0.8929,0.6916657,0.6428853,0.601226,0.6351659,0.5398596,0.5859924,0.6321252,0.64590496,0.6596847,0.6011486,0.5691512,0.4912377,0.4133242,0.4218999,0.4444995,0.3670995,0.3325958,0.3771648
22511300020531,1.1306825,1.1095527,1.0945612,1.1501157,1.1294466,1.1359346,1.1755987,1.1422849,1.10271,0.9706878,0.9605594,7.700002,9.07237,8.607129,7.846598,7.0811357,6.237562,5.4318714,4.5727315,3.818315,3.2867246,2.755134,2.223544,1.8007466,1.6115414,1.2305529,1.0342714,0.8442837,0.7396446,0.6786041,0.6534242,0.6896051,0.5295087,0.6143601,0.6992115,0.7037286,0.7082457,0.6026805,0.5911428,0.4774913,0.3638398,0.4456585,0.4250344,0.5210078,0.3274808,0.4079013
22511300020541,1.0475446,1.1679275,1.1427509,1.1276662,1.1267027,1.076026,1.175032,1.176178,1.1150309,0.9726382,0.9451087,7.669103,9.062462,8.619002,7.846822,7.013735,6.1760197,5.379466,4.570172,3.8020856,3.2992692,2.796453,2.2936368,1.8585831,1.592253,1.2500216,1.054025,0.8983402,0.6935768,0.6964703,0.6639065,0.6660149,0.5680688,0.6219136,0.6757584,0.6906738,0.7055893,0.59082,0.5567246,0.525736,0.4947474,0.4077918,0.3840405,0.3351097,0.2861789,0.4835884
22511300020551,1.0967145,1.1184022,1.0961758,1.0922556,1.0887976,1.061938,1.1424202,1.129033,1.0790762,0.9681462,0.9390527,5.045507,9.151961,8.6162,7.8284993,7.0163403,6.373658,5.371826,4.5361514,3.8265233,3.3212857,2.8160481,2.3108103,1.855452,1.5703139,1.2318963,1.0764233,0.8762459,0.6769061,0.6982746,0.6121673,0.6280147,0.5552009,0.6015909,0.6479809,0.66044104,0.6729012,0.6329014,0.5669451,0.52562165,0.4842982,0.402218,0.3926206,0.4254177,0.3661009,0.4524348
22511300020561,1.0560333,1.2162038,1.0543221,1.1258292,1.1109658,1.1076628,1.1200159,1.1555701,1.0723821,0.9596278,0.9103209,5.0280356,9.14575,8.627951,7.820611,7.0861893,6.154348,5.3641405,4.6061683,3.8474607,3.3339264,2.820392,2.3068576,1.8468814,1.5807168,1.2716858,1.0388349,0.8445058,0.6597449,0.7306866,0.6390953,0.6934918,0.5688908,0.5856887,0.6024866,0.64992857,0.6973705,0.5834596,0.6174892,0.5645115,0.5115337,0.3928282,0.3303801,0.3314859,0.3298119,0.3654079
22511300020571,1.1218944,1.2723093,1.0334108,1.1047188,1.1076758,1.0964237,1.2092756,1.1276815,1.0583578,0.9891292,0.9388612,5.0336256,9.12839,8.596393,7.8455772,7.048038,6.29632,5.395949,4.5661855,3.8537903,3.324015,2.7942393,2.264464,1.8774447,1.5490403,1.2429636,1.0470055,0.883306,0.7041665,0.7000882,0.6114707,0.6616756,0.5773836,0.60777134,0.6381591,0.66904235,0.6999256,0.6007351,0.6170919,0.5126937,0.4082955,0.4762587,0.37269,0.4342424,0.2994902,0.5092163
22511300020581,1.1298459,1.1258149,1.0054611,1.0737554,1.0728726,1.0690554,1.1271051,1.1252568,1.0431291,0.9805014,0.9394087,5.0095735,9.079738,8.58041,7.8730445,7.0543466,6.2243385,5.394331,4.5637717,3.791225,3.2563133,2.721402,2.1864903,1.8226246,1.4593236,1.225235,0.9826767,0.8849477,0.6376778,0.6693242,0.5749126,0.6346727,0.5450695,0.57761604,0.6101626,0.6210493,0.631936,0.5833189,0.5481468,0.4830518,0.4179568,0.4332688,0.2680222,0.3640924,0.2045691,0.3544751
22511300020591,1.0487655,1.077148,0.9825304,1.1048571,1.1089658,1.1091497,1.0692518,1.1092772,1.0860289,0.9358388,0.9483069,5.034476,9.120645,8.6241865,7.839308,7.039829,6.1909733,5.342118,4.582419,3.8229568,3.317835,2.8127136,2.307592,1.8024704,1.5515758,1.3135028,1.103602,0.9338171,0.726644,0.6644634,0.633412,0.6357338,0.5488337,0.59611267,0.6433916,0.65347934,0.6635671,0.6002547,0.5852017,0.49443036,0.403659,0.3943945,0.3907872,0.3871799,0.6241027,0.3622672
22511300030011,1.1476861,1.2341943,1.0597467,1.0965604,1.124433,1.0611396,1.1957068,1.1366154,1.1123228,1.0343274,0.9637628,5.066144,9.168526,8.626787,7.9096613,7.087082,6.250476,5.4138703,4.5615144,3.8613114,3.3540144,2.8467174,2.3394203,1.8321233,1.5564957,1.2571431,1.0775405,0.9360543,0.7446006,0.6820298,0.7094904,0.7451828,0.5953806,0.6415255,0.6876704,0.719238,0.7508056,0.5850811,0.5948121,0.5365579,0.4783037,0.4322682,0.43356663,0.43486506,0.4361635,0.391367
22511300030021,1.0895811,1.0924706,1.063766,1.056274,1.1905593,1.10069,1.1791131,1.185125,1.10511,1.0119723,0.8837229,5.0471253,9.210528,8.65061,7.939277,7.062993,6.2534275,5.443862,4.5904703,3.8902392,3.3777456,2.865252,2.3527584,1.8402649,1.529238,1.2305762,1.0538315,0.9171615,0.6930012,0.6823877,0.6297093,0.7237081,0.6127303,0.6275231,0.6423159,0.6735676,0.7048193,0.5894254,0.6028484,0.5293204,0.4557924,0.6087521,0.49046424,0.37217638,0.2538885,0.3977517
22511300030031,1.0878927,1.0998286,1.0136071,1.1214272,1.1517925,1.1201339,1.0755528,1.2019092,1.1440718,1.0158498,0.9686851,5.0675755,9.166466,8.635039,7.8810744,7.111209,6.2724686,5.4337277,4.584831,3.910085,3.4088426,2.9076002,2.406358,1.9051156,1.6869034,1.2890801,1.0914643,0.8828837,0.686809,0.6728889,0.6525276,0.7581692,0.6228219,0.63437104,0.6459202,0.70175296,0.7575857,0.6148379,0.546415,0.51473904,0.4830631,0.5288212,0.45644364,0.38406608,0.3116885,0.4477174
22511300030041,1.0907055,1.1715052,1.053096,1.1443439,1.1124675,1.0489606,1.1688526,1.1234041,1.094944,0.9735027,0.9144632,5.0656743,9.216886,8.679008,7.8823857,7.0590334,6.242719,5.426405,4.626911,3.8746693,3.2642367,2.6538043,2.2372925,1.820781,1.5535748,1.2805653,1.1136528,0.8359779,0.6604853,0.7109379,0.6383081,0.6597282,0.6129796,0.6023133,0.591647,0.68536925,0.7790915,0.6161338,0.4666157,0.48097816,0.4953406,0.4954226,0.47387594,0.45232925,0.4307826,0.4092359
22511300030051,1.061347,1.20572,1.0850064,1.1131065,1.1560963,1.1100111,1.2305439,1.1307,1.1467637,1.0026268,0.9710772,5.0895944,9.208112,8.67143,7.9132676,7.090264,6.264946,5.4396286,4.6113353,3.8787541,3.4052322,2.9317105,2.4581888,1.9233207,1.5839295,1.2808264,1.0966,0.8925162,0.747537,0.6648926,0.6450261,0.6364899,0.5991769,0.6618272,0.7244775,0.7438773,0.7632771,0.630035,0.5927396,0.5484596,0.5041796,0.3710772,0.39491946,0.41876173,0.442604,0.3217972
22511300030061,1.0885382,1.0910146,1.0777285,1.0498788,1.1156061,1.1228933,1.1150931,1.0821722,1.1212035,0.9748306,0.9564773,5.039027,9.121577,8.647873,7.9295344,7.0780582,6.2549376,5.431817,4.598942,3.8685453,3.337232,2.805919,2.274606,1.9269496,1.5438607,1.2469777,1.038004,0.8822502,0.7604727,0.6967952,0.6342849,0.6437072,0.6198363,0.6423976,0.6649589,0.66882074,0.6726826,0.5678905,0.5559019,0.5502012,0.5445004,0.4916792,0.62795055,0.7642219,0.2469785,0.2469785
22511300030071,1.2501968,1.1560653,1.1216263,1.1038251,1.175449,1.1440063,1.2244148,1.1861753,1.1423239,1.0305415,0.9675481,5.0939155,9.2202835,8.6818905,7.9192224,7.185162,6.3427105,5.500259,4.613252,3.9090874,3.2797964,2.6505053,2.021214,1.9395466,1.5840341,1.2856524,1.0518796,0.9049883,0.7511923,0.7187512,0.6156796,0.7500529,0.5737926,0.6341075,0.6944223,0.6963245,0.6982268,0.5987727,0.6205467,0.5670695,0.5135922,0.4882519,0.5499278,0.6116036,0.4105079,0.4812598
22511300030081,1.202511,1.150914,1.1032125,1.1492349,1.1563923,1.1451641,1.2179346,1.1556379,1.119035,0.984304,1.0212895,5.118359,9.215428,8.695472,7.9303117,7.1509275,6.3155456,5.480164,4.6529202,3.91942,3.4168425,2.9142647,2.4116871,1.9158031,1.5906764,1.3243862,1.1052039,0.9325677,0.7372225,0.6802496,0.6927756,0.673227,0.6394806,0.6686512,0.6978219,0.7098268,0.7218318,0.605043,0.6430533,0.5750404,0.5070275,0.4917461,0.3369742,0.5145379,0.4095852,0.5158515
22511300030091,1.1033982,1.1033982,1.1033982,1.1830574,1.1300538,1.1744976,1.243831,1.2465115,1.1198874,1.0389026,0.9695353,5.1098237,9.250113,8.775841,7.9809365,7.191134,6.3050427,5.4189515,4.591233,3.9057736,3.3959184,2.8860629,2.3762076,1.8775358,1.5933946,1.2524129,1.1494349,0.8775108,0.7547732,0.7868255,0.7542813,0.6935691,0.6554945,0.6599817,0.664469,0.6907554,0.7170418,0.6752238,0.667579,0.57860214,0.4896253,0.480315,0.3788961,0.5701887,0.3433257,0.4715558
22511300030101,1.3538404,1.3538404,1.3538404,1.1370994,1.0879554,1.0995393,1.4879271,1.846623,1.3361672,1.0476015,1.0289958,2.7705345,4.512073,6.253612,7.9951506,6.9511023,6.1889467,5.4267917,4.7092686,3.9918988,3.4325337,2.8731687,2.220017,1.865997,1.6529607,1.264132,1.105784,0.8564395,0.7186347,0.7408142,0.6955691,0.5872427,0.5343242,0.6061268,0.6779294,0.6876479,0.6973663,0.5898638,0.5004683,0.5239288,0.5473893,0.4140504,0.4072571,0.6680673,0.3948128,0.4794382
22511300030111,1.1393083,1.1393083,1.1393083,1.1393083,1.1093746,1.0815636,1.4081026,1.345077,1.2820514,0.9999642,1.0087231,2.7399445,4.4711657,6.202387,7.9336085,7.113171,6.2927337,5.472296,4.6099806,3.883532,3.3691063,2.8546808,2.1675446,1.9911731,1.561759,1.2970543,1.1590991,0.936956,0.7396525,0.7568582,0.625981,0.590271,0.6274452,0.6570809,0.6867166,0.6924379,0.6981592,0.6450478,0.6421801,0.5088723,0.3755645,0.4116994,0.3429138,0.3963225,0.3825058,0.5086657
22511300030121,1.1553736,1.1553736,1.1553736,1.1553736,1.3616173,1.0953312,1.6481386,1.6522814,1.6564242,0.9927885,1.006715,2.7413218,4.4759283,6.210535,7.945142,7.0960054,6.2468686,5.3977323,4.6525483,4.1033955,3.5542428,3.00509,2.4559374,1.9263381,1.6133902,1.3523287,1.0573941,0.9023085,0.7441505,0.7707626,0.6421263,0.6790012,0.7158761,0.7238256,0.7317751,0.7317752,0.7317754,0.6819208,0.5795014,0.5331881,0.4868748,0.4808231,0.3499057,0.5590106,0.2824343,0.3643498
22511300030131,1.3140994,1.3140994,1.3140994,1.3140994,1.4293514,1.2879564,1.2209322,1.1539083,1.0868843,1.0198603,1.0689118,5.3403673,9.611823,8.813968,8.016112,7.162774,6.309435,5.456096,4.602757,4.052343,3.5019283,2.9515138,2.4010992,1.9520978,1.6269135,1.2592632,1.1149427,0.6608966,0.745553,0.720066,0.7625823,0.7522715,0.6618891,0.70939916,0.7569092,0.7492912,0.7416732,0.6794376,0.7189147,0.5341867,0.3494587,0.4338349,0.4271404,0.5257652,0.327203,0.3049667
22511300030141,2.2442873,2.2442873,1.7703512,1.2964151,1.271279,1.2987889,1.5313379,1.7638867,1.1558074,1.1481327,0.9820735,5.1960588,9.410044,8.725738,7.9448385,6.891374,6.208492,5.5256095,4.7615166,3.9132,3.4301524,2.947105,2.4640574,1.9810098,1.7723705,1.3644396,1.0744807,0.8476479,0.6208151,0.6877044,0.7478726,0.8268931,0.6515547,0.7317523,0.8119499,0.81226975,0.8125896,0.6302047,0.5546353,0.4637287,0.3728221,0.343134,0.394649,0.5187064,0.3748225,0.3706607
22511300030151,0.9500762,0.9500762,1.1465176,1.342959,1.2840424,1.1906233,1.4962718,1.8019203,1.0514418,1.1332415,1.0127654,5.177097,9.341429,8.8056755,8.150799,7.3143415,6.477885,5.6414275,4.7870107,4.008198,3.4448555,2.881513,2.3181708,1.9808282,1.5933697,1.3889483,1.1845269,0.9801056,0.7756842,0.7707953,0.6629468,0.4019261,0.4656556,0.58394635,0.7022371,0.75547594,0.8087148,0.6707832,0.4673075,0.47430128,0.48129502,0.4882888,0.41853,0.5204064,0.4392972,0.380074
22511300030161,1.1904078,1.1904078,1.1904078,1.1904078,1.1748776,1.1668462,1.6708736,1.0598851,1.1921065,1.0423658,1.000001,3.6392589,6.278517,8.917774,8.109362,7.2616177,6.413873,5.566129,4.718385,3.5809052,3.1680388,2.7551723,2.342306,1.9294395,1.6663035,1.2432388,1.0742342,0.9052297,0.7362251,0.7046009,0.6522994,0.439855,0.5715727,0.6352866,0.6990006,0.7436458,0.788291,0.6155533,0.5335306,0.5431747,0.5528188,0.5624629,0.5060087,0.44955444,0.3931002,0.4395538
22511300030171,1.2279811,1.2279811,1.2279811,1.2279811,1.238031,1.1502763,1.9430296,1.144383,0.8732566,1.0699588,1.0367329,5.2828984,9.529063,8.840727,8.066707,7.2167974,6.366888,5.5169787,4.702043,4.140524,3.5790043,3.0174851,2.4559658,1.8944465,2.0749872,1.4681474,1.0362473,0.90554005,0.7748328,0.7309745,0.6888723,0.6870741,0.685276,0.6991593,0.7130427,0.7545655,0.7960882,0.6245353,0.473223,0.67181104,0.8703991,1.0689873,0.85956514,0.65014315,0.4407211,0.4627417
22511300030181,1.3550309,1.3550309,1.3550309,1.3550309,1.2713263,1.1876216,1.1832128,1.1541264,1.12504,1.0959537,1.1571234,5.3173795,9.477635,8.975614,8.117939,7.2713056,6.4246726,5.578039,4.7470536,4.169678,3.592303,3.0149279,2.437553,1.8601778,1.7013851,1.5161041,1.1727414,1.0378665,0.9029916,0.6179114,0.7190692,0.64094925,0.5628293,0.640803,0.7187766,0.6853672,0.6519579,0.6484567,0.4837769,0.4699097,0.4560425,0.3967031,0.3957654,0.331398,0.248252,0.4122461
22511300030191,1.0449584,1.0449584,1.0449584,1.0449584,1.3565236,1.1953554,1.1779279,1.1450709,1.112214,1.0793571,1.0268843,5.274319,9.521754,8.91093,8.067799,7.2254033,6.3830075,5.5406117,4.7578354,3.9698572,3.4316955,2.8935337,2.355372,2.010645,1.6193621,1.418468,1.1793689,0.90224564,0.6251225,0.6855874,0.6570812,0.6485821,0.640083,0.5940469,0.5480108,0.61206853,0.6761263,0.5444828,0.5341707,0.4387896,0.3434085,0.2540877,0.2763299,0.4739657,0.33628,0.3480118
22511300030201,1.0439861,1.0439861,1.0439861,1.0439861,1.0431714,1.254666,1.3534856,1.4523052,1.5511248,1.0405608,0.9934861,5.25496,9.516434,8.9642935,8.095844,7.448225,6.5125747,5.5769243,4.7299967,4.000097,3.3566263,2.7131557,2.069685,1.9610506,1.4544259,1.3410842,1.077484,0.81388396,0.5502838,0.6698401,0.6711117,0.6562474,0.641383,0.622865,0.604347,0.6164323,0.6285176,0.587495,0.5470039,0.3598296,0.1726553,0.1842667,0.1813819,0.4427546,0.2459715,0.2459715
22511300030211,1.0821353,1.0821353,1.0821353,1.0821353,1.054195,1.1618171,0.78896177,0.4161064,1.5515294,1.0439584,1.013633,5.2356834,9.457734,8.967509,8.098437,7.1399407,6.3481174,5.556294,4.7584205,4.0143156,3.4754078,2.9364998,2.3975918,1.8586837,1.6464297,1.1336107,1.1422198,1.1508287,1.1594378,0.6904257,0.655324,0.61651945,0.5777149,0.60216105,0.6266072,0.6629519,0.6992966,0.6420393,0.5382457,0.3741718,0.2100979,0.3158419,0.252279,0.2412747,0.2931249,0.2931249
22511300030221,1.0785317,1.0785317,1.0785317,1.0785317,1.269255,1.2148439,1.1939005,1.1729571,1.1520137,1.1310703,1.0980251,5.335863,9.573701,8.9728775,8.158091,7.299993,6.4418955,5.583798,4.761473,4.136882,3.607011,3.0771403,2.5472698,2.0173993,1.7368606,1.4563221,1.2740113,1.0917003,0.9093895,0.7270786,0.6828824,0.6006274,0.5930604,0.581987,0.5709137,0.63574946,0.7005852,0.6229815,0.6492962,0.59986037,0.5504245,0.0687621,0.1954336,0.3221051,0.3408967,0.3408967
22511300030231,1.4719961,1.4719961,1.4719961,1.4719961,1.2639906,1.2648464,1.2279453,1.1910441,1.1541429,1.1172416,1.0817409,5.305215,9.528689,8.979848,8.153248,7.311449,6.46965,5.627851,4.7758813,4.226017,3.6761527,3.1262887,2.5764244,2.0265603,1.6405026,1.2544448,1.1195036,0.98456234,0.8496211,0.7020742,0.7117921,0.7347772,0.6431608,0.6855774,0.727994,0.7023485,0.676703,0.6139239,0.5581684,0.3195013,0.0808342,0.3362007,0.31355685,0.290913,0.2379721,0.2379721
22511300030241,1.0487742,1.0487742,1.0487742,1.0487742,1.4657578,1.2566175,1.246307,1.2359965,1.225686,1.1614577,1.1093065,5.3479314,9.586556,9.008623,8.127095,7.2914553,6.455816,5.6201763,4.797175,4.209227,3.6212788,3.0333304,2.445382,1.857434,1.4848539,1.1447546,0.9848138,0.824873,0.6649321,0.743331,0.6454226,0.6062037,0.5669848,0.6618739,0.756763,0.74504316,0.7333233,0.6282874,0.5680612,0.507835,0.44760874,0.3873825,0.3669331,0.3464837,0.2627721,0.2627721
22511300030251,1.1887449,1.1887449,1.1887449,1.1887449,1.1781486,1.2120634,1.1961558,1.1802483,1.1643407,1.1911702,1.0502914,5.2851,9.519909,9.019133,8.228966,7.522396,6.6016626,5.680929,4.7159586,3.8089864,3.3271868,2.8453875,2.3635879,1.8817884,1.6655163,1.4185559,1.219661,1.0207663,0.8218716,0.6229768,0.668043,0.6122571,0.5564712,0.5658164,0.5751616,0.6763731,0.7775847,0.5346341,0.47086585,0.40709758,0.3433293,0.3218675,0.3407719,0.5045143,0.2346797,0.2346797
22511300030261,1.1337513,1.1337513,1.1337513,1.1337513,0.9894705,1.2429243,1.1625965,1.0822687,1.0019408,1.0894942,1.0334677,5.3080854,9.582703,9.053811,8.141595,7.3788385,6.481542,5.584246,4.803661,3.9785106,3.4803052,2.9820995,2.483894,1.8935595,1.5785263,1.2349457,1.1029449,0.9709439,0.838943,0.7069421,0.7042375,0.6123164,0.5203953,0.54890645,0.5774176,0.65724975,0.7370819,0.5209288,0.44841394,0.37589908,0.3033842,0.3395308,0.4079125,0.4250635,0.2883376,0.448033
22511300030271,1.1590157,1.1590157,1.1590157,1.1590157,1.0900968,1.231888,1.1551356,1.0783831,1.0016305,1.1591893,1.007389,5.3510375,9.694686,9.021742,8.204254,7.233105,6.433678,5.634251,4.7929087,3.949339,3.4858503,3.0223618,2.5588732,1.860285,1.7862934,1.3054212,1.0897409,0.8740605,0.6583802,0.6768073,0.6157523,0.59054,0.5653277,0.6229953,0.6806629,0.65090775,0.6211526,0.6415113,0.6970103,0.6836653,0.6703202,0.3828687,0.1476875,0.4606401,0.3380551,0.321577
22511300030281,1.5636733,1.2756604,1.1953732,1.1831322,1.1639898,1.2716275,1.3050746,1.2774681,1.1748853,1.1291122,1.1395655,5.4051647,9.670764,9.023231,8.203653,7.190902,6.586425,5.6503596,4.791329,4.0257354,3.4818254,2.9379156,2.3940058,1.9696133,1.6110137,1.2866681,1.17387,0.9616522,0.7716982,0.6667124,0.6961506,0.8128913,0.6383088,0.6839537,0.7295986,0.6959463,0.6622939,0.6218222,0.6021229,0.6114174,0.6207119,0.4100337,0.5295016,0.4837432,0.2374702,0.4858992
22511300030291,1.3149362,1.407921,1.0871471,1.184885,1.2080579,1.2351651,1.33896,1.2672349,1.346237,1.1692744,1.0975544,5.4158907,9.734227,9.087015,8.244409,7.266305,6.5888395,5.664197,4.807031,4.0191393,3.5019507,2.9847622,2.4675736,1.950385,1.8015115,1.3438892,1.2758877,0.899514,0.8693715,0.7311293,0.6967311,0.7188179,0.6903074,0.6974484,0.7045894,0.7103878,0.7161862,0.594012,0.5942818,0.6596083,0.7249348,0.5094407,0.6151979,0.5305781,0.2971789,0.5754502
22511300030301,1.172545,1.6008538,1.4671271,1.233177,1.0398372,1.2286891,1.3432755,1.2689232,1.1719013,1.176017,1.0696487,8.753601,9.82257,9.090458,8.208928,7.4423223,6.6047835,5.7184086,4.8314376,4.079302,3.543418,3.0075343,2.4716504,1.9357665,1.7882209,1.3413479,1.7679976,1.0771585,1.0196254,0.8348633,0.883544,0.9310403,0.9785366,1.04366,1.1087836,1.0281575,0.9475314,0.8297914,0.9819685,0.875595,0.7692214,0.5774937,0.8949655,0.7102092,0.8599547,0.663932
22511300030311,1.2898257,1.2796818,1.095392,1.2429951,1.257297,1.2948552,1.1653961,1.2488039,1.208905,1.1269,1.1590828,8.880685,9.846143,9.133415,8.351612,7.339354,6.5425806,5.5298,4.799062,4.108725,3.6503055,3.191886,2.6076484,2.0234106,1.833965,1.4244025,1.7401183,1.340984,1.0947378,1.0158266,0.8655485,1.0395764,1.2136043,1.1022403,0.9908764,1.0258626,1.0608488,0.8434596,1.1018682,1.0158685,0.929869,0.5670876,0.6495071,0.8252288,0.7346502,0.6298802
22511300030321,1.0101894,0.9167893,1.0066477,1.3048564,1.2099125,1.3319674,0.8087714,1.4427283,1.0242922,1.196894,1.0436012,5.40383,9.764059,9.139415,8.264734,7.3999214,6.535109,5.670296,4.916576,4.3270726,3.7375696,3.1480665,2.5585635,1.9690605,1.6795444,1.3900284,1.1647084,0.93938845,0.7140685,1.0520141,0.766358,0.9582457,1.1501334,0.9631938,0.7762541,0.8693017,0.9623492,0.7100537,1.0716333,0.7765153,0.4813973,0.5123149,0.3382928,0.4752395,0.6121862,-0.1609908
22511300030331,1.1324677,1.1324677,1.1324677,1.1324677,1.1577368,1.3037506,1.2730567,1.2423629,1.2116688,1.180975,1.0662777,5.419535,9.772793,9.177685,8.358412,7.473652,6.5888915,5.704131,4.9090924,4.3354883,3.7618847,3.188281,2.6146772,2.0410733,1.8194917,1.59791,1.4420009,1.2860918,1.1301826,0.9742734,0.7278669,0.96720535,1.2065438,0.8549445,0.5033453,0.80092585,1.0985065,0.6717877,1.1055481,0.9165417,0.7275353,0.5385289,0.3507707,0.3926929,0.4346151,0.4346151
22511300030341,1.2876124,1.2876124,1.2876124,1.2876124,1.4960856,1.2751476,2.0051045,1.7449511,1.6310524,1.1900011,1.1228428,5.4993973,9.875952,9.157344,8.322279,7.45079,6.579301,5.707812,4.856624,4.2055135,3.6180394,3.0305655,2.4430916,1.8556176,1.6753176,1.4950176,1.2225292,0.95004064,0.6775521,1.1002399,0.7207053,0.81731266,0.91392,0.8645637,0.8152074,1.2166603,1.618113,0.6732108,1.0000063,0.955897,0.9117877,0.5602435,0.7313903,0.594118,0.4568457,0.4568457
22511300030351,1.2287709,1.2287709,1.2287709,1.2287709,1.3911909,1.2843252,1.2825948,1.3932028,1.2673815,1.1765068,1.0977304,5.4835334,9.869336,9.214241,8.361877,7.470642,6.5794067,5.6881714,4.8863044,4.0950866,3.5659766,3.0368667,2.5077567,1.9786468,1.6474094,1.316172,1.1368629,0.95755374,0.7782446,0.8568947,0.7924041,0.7814636,0.7705231,0.7499636,0.7294041,0.69736546,0.6653268,0.6332881,0.9886494,0.817668,0.6466866,0.5998479,0.7297996,0.74035126,0.7509029,0.7509029
22511300030361,1.2914225,1.2914225,1.2914225,1.2914225,1.3466415,1.2785866,1.3015875,1.3542386,1.269047,1.1486762,1.0710868,8.620064,9.913401,9.237154,8.39489,7.5038924,6.612895,5.7218976,4.8400273,4.1322856,3.6195586,3.1068316,2.5941043,2.0813773,1.690684,1.2999908,1.1171874,0.93438405,0.7515807,1.0154655,0.8239341,0.79777336,0.7716126,0.66056883,0.5495251,0.5857028,0.6218804,0.6580581,0.8871525,0.81221193,0.7372714,0.7908774,0.8047337,0.6380936,0.4714535,0.4714535
22511300030371,1.354724,1.354724,1.354724,1.354724,1.2765833,1.2851827,1.3409435,1.3527968,1.2596388,1.1681153,1.109353,9.089167,9.998817,9.282579,8.385617,7.485619,6.58562,5.6856213,4.8391256,4.1105328,3.6019244,3.0933158,2.5847073,2.0760987,1.8072773,1.538456,1.2696346,1.0008131,0.7319918,0.7538817,0.7757716,1.0112798,1.246788,0.99370736,0.7406267,0.7392265,0.73782635,0.7364262,0.8530066,0.93541193,1.0178173,0.6355951,0.6169731,0.2473655,0.5519494,0.0226051
22511300030381,1.3460433,1.3460433,1.3460433,1.3460433,1.400152,1.3791468,1.42128,1.4044989,1.3374116,1.2536917,1.1985667,9.332904,10.075784,9.381414,8.420947,7.533463,6.6459794,5.7584953,4.893841,4.0973487,3.6622956,3.2272422,2.792189,2.3571355,2.0936537,1.8301716,1.5666896,1.3032076,1.0397255,1.6030521,0.8526874,0.8456004,0.8385135,0.89543486,0.9523562,0.88825244,0.82414865,0.7600449,0.9522861,0.88722926,0.8221724,0.6044221,0.5647947,0.6732311,0.7542803,0.4234805
22511300030391,1.6581495,0.7952733,1.4390475,1.2204304,1.2687263,1.3787396,1.4732457,1.519808,1.3141025,1.2239867,1.1649913,9.453921,10.028832,9.342214,8.465567,7.568715,6.671864,5.775013,4.9372897,4.2089405,3.6627064,3.1164722,2.570238,2.024004,1.8560477,1.6880914,1.520135,1.3521788,1.1842225,1.3294699,0.9230964,1.1446104,1.3661245,1.4317036,1.4972825,1.5628616,1.6284406,0.7617332,1.1205097,1.2057184,1.290927,0.7516054,0.6886558,0.4467646,0.831832,0.41029
22511300030401,1.3239925,1.3337432,1.218386,1.3425322,1.4130867,1.4062294,1.48365,1.3376158,1.4045018,1.3206556,1.2439775,9.483401,10.123126,9.31475,8.449195,7.557158,6.6651216,5.7730846,4.8945165,4.097322,3.600736,3.1041498,2.6075635,2.1109774,1.8451977,1.5794178,1.3136381,1.0478584,0.7820786,0.77183825,0.7615979,0.6950495,0.6285012,0.5619528,0.49540442,0.42885607,0.3623077,0.6963898,0.6493982,0.6024066,0.555415,0.5084234,0.4844704,0.3415335,0.1985966,1.0869377
22511300030411,1.0096694,1.2999612,1.355348,1.3475878,1.2992051,1.3885951,1.393424,1.2430007,1.2428662,1.2614975,1.2002094,9.515279,10.089036,9.391901,8.4860935,7.589382,6.6926713,5.7959604,4.919959,4.261588,3.7302067,3.1988251,2.6674438,2.1360621,1.8602239,1.5843858,1.3085475,1.0327092,0.7568711,0.7567211,0.8039684,0.146496,0.4241736,0.62780434,0.8314351,0.7633116,0.6951882,0.5880383,0.5974485,0.54840904,0.49936962,0.4503302,0.24694143,0.043552667,-0.1598361,-0.1598361
22511300030421,1.2599516,1.299045,1.2401109,1.3340992,1.3624505,1.3009971,1.3843257,1.3195841,1.2656772,1.1852186,1.1972972,9.551477,10.213797,9.475168,8.559807,7.3732066,6.1866064,5.8099194,4.9575324,4.143157,3.6108232,3.0784895,2.546156,2.0138223,1.759919,1.506016,1.2521129,0.9982097,0.7443066,0.7387827,0.7043349,0.853956,0.5452959,0.62946105,0.7136262,0.7381966,0.762767,0.5755903,0.7316803,0.6500849,0.5684895,0.5030055,0.5876861,0.48081246,0.3739388,-0.1712131
22511300030431,1.2617346,1.319784,1.2851424,1.3466198,1.3507996,1.3344507,1.3564291,1.2980956,1.3075502,1.2411928,1.1873109,9.572076,10.204155,9.492214,8.597443,8.043938,6.9526105,5.8214097,4.9376693,4.129704,3.6201959,3.1106873,2.601179,2.0916705,1.8318276,1.5719848,1.312142,1.0522991,0.7941091,0.8095812,0.9211499,0.8128951,0.8563662,0.7236137,0.5908611,0.69645506,0.802049,0.7631524,0.8098794,0.7891893,0.7684991,0.572928,0.6816795,0.6473446,0.6130097,0.6705977
22511300030441,1.3169826,1.3541447,1.283445,1.367698,1.3453673,1.3365296,1.369199,1.3671304,1.284604,1.2781693,1.1895784,9.742565,10.308397,9.541012,8.64708,7.6866994,6.587467,5.8516,4.9518647,4.187169,3.6565719,3.1259747,2.5953777,2.0500166,1.7132219,1.376427,1.0396323,0.7028375,0.8262986,0.7353675,0.7017099,0.7421883,0.6253892,0.65052515,0.6756611,0.6945254,0.7133897,0.6600742,0.5961422,0.57284296,0.5495437,0.5267381,0.5367542,0.6134517,0.4341565,0.4951392
22511300030451,1.2933842,1.336609,1.3593713,1.3657428,1.3888756,1.3698287,1.4109495,1.3723611,1.324281,1.2455113,1.1992716,9.811093,10.37126,9.600495,8.662264,7.638114,6.613964,5.8548903,4.962786,4.172509,3.5805223,2.9885356,2.5871618,2.0762408,1.6891423,1.9792742,2.2694058,1.5406255,0.811845,0.7601776,0.7480528,0.7491838,0.7720624,0.7990292,0.825996,0.80147046,0.7769449,0.7233845,0.7255774,0.6840016,0.6424258,0.634659,0.6542463,0.544224,0.6496096,0.5845867
22511300030461,1.471532,1.562151,1.3786048,1.4975146,1.364912,1.319542,1.3807172,1.3562336,1.389409,1.2361506,1.2032512,9.678656,9.981087,9.63306,8.666977,7.622444,7.566314,5.845504,4.9443655,4.1660504,3.7173164,3.2685826,2.5838697,2.157786,1.8953364,1.632887,1.3704376,1.0386745,0.7069113,0.3862538,0.762969,0.7572699,0.7515708,0.76139957,0.7712283,0.76055086,0.7498734,0.6171478,0.5926238,0.59357965,0.5945355,0.5215588,0.7671226,0.7836796,0.8002366,0.7237172
22511300030471,1.3058544,1.3104736,1.3523929,1.3746127,1.3640302,1.3263699,1.3397313,1.3725561,1.3114096,1.2817056,1.180066,9.690968,10.125674,9.497689,8.582765,7.653381,6.752877,5.8267684,4.9845214,4.133732,3.6709578,3.2081838,2.5691714,2.1339867,1.6842432,1.2344998,1.2224888,1.0533811,0.6840804,0.7569534,0.6990921,0.6876935,0.6762949,0.7622734,0.8482519,0.80519533,0.7621388,0.6739494,0.6957241,0.60299605,0.510268,0.6840281,0.5225979,0.5617332,0.5713257,0.3866269
22511300030481,1.4355649,1.4604452,1.3605938,1.4155711,1.4964697,1.4189821,1.429964,1.411476,1.308857,1.309696,1.2006302,9.514527,10.070151,9.46338,8.514371,7.692206,6.870041,5.837574,4.924462,4.1326904,3.640443,3.1481955,2.5786173,2.0882475,1.7081769,1.3855542,1.5024529,1.1835879,1.03303,0.8654733,0.8321361,1.2291522,0.727957,0.7472366,0.7665162,0.81936496,0.8722137,0.6909463,0.8748776,0.728872,0.5828664,0.6919151,0.0950222,0.4230012,0.3915482,0.547281
22511300030491,1.3718204,1.3844604,1.352173,1.3745363,1.4166381,1.3699476,1.4370661,1.4009877,1.3650053,1.263952,1.2123666,9.458163,10.005345,9.396858,8.50156,7.6201725,6.738785,5.7598453,4.9084783,4.180238,3.4144597,2.6486814,2.5794077,2.1190562,1.9394486,1.7155659,1.335746,1.0412183,1.0234268,1.1293525,0.7333575,1.0524048,0.8293382,0.7641797,0.6990212,0.779578,0.8601348,0.7874586,0.6569941,0.80130076,0.9456074,0.9106027,1.138781,0.4567971,0.3781377,0.4786882
22511300030501,1.244168,1.5140516,1.4063064,1.2478057,1.4407352,1.3325723,1.4309152,1.3096157,1.3261586,1.2000928,1.1364989,9.280487,9.955829,9.253876,8.376677,7.5428824,6.649555,5.7276244,4.839711,4.132386,3.5999596,3.0675328,2.535106,2.002679,1.497896,1.407259,1.2753657,1.0421027,1.394263,0.7608752,0.6505496,0.5857351,0.6719092,0.6007971,0.529685,0.67264926,0.8156135,0.55915,0.994811,0.81842184,0.6420327,1.103221,1.2242887,0.5109839,0.2154945,0.3800704
22511300030511,1.2528591,1.334573,1.0751516,1.3436064,1.3627062,1.2847354,1.2974799,1.3102242,1.3229685,1.164262,1.1648263,9.128264,9.962477,9.239991,8.40664,7.509086,6.6115317,5.6551194,4.853238,4.0658703,3.4999459,2.934021,2.522805,2.0293584,1.5883108,1.4190602,1.1313639,0.8940668,0.7487735,0.7679793,0.7131321,0.6135607,0.5467909,0.5986081,0.6504252,0.7020547,0.7536842,0.5628925,0.5904775,0.49884596,0.4072144,0.2194012,0.4130392,0.3837187,0.2664716,0.3561139
22511300030521,1.3317904,1.3526748,1.3040005,1.3419365,1.419175,1.3022264,1.3485485,1.3593955,1.3702426,1.1755846,1.1665297,9.005241,9.952378,9.292473,8.389118,7.4630513,6.536985,5.654978,4.826936,4.037466,3.496316,2.9551656,2.4228208,2.0693555,1.7067248,1.4042212,1.1854401,0.9063051,0.8060709,0.7135483,0.704391,0.646507,0.6557896,0.63851124,0.6212329,0.6786388,0.7360447,0.5707041,0.5627785,0.44987,0.3369615,0.4209585,0.4632499,0.387407,0.2992084,0.3949935
22511300040011,1.0812483,1.0812483,1.0834292,1.0600566,1.0769486,1.070831,1.0736367,1.0764424,1.0792481,0.9643242,0.9903754,4.901166,8.811956,8.398303,7.6377563,6.893525,6.032151,5.2115607,4.406671,3.6625607,3.1911619,2.7197628,2.2483637,1.8082798,1.4883192,1.239847,1.0546519,0.8066782,0.6676348,0.6556151,0.5626852,0.6052773,0.5148868,0.5622651,0.6096434,0.6175018,0.6253602,0.562082,0.538932,0.4691773,0.3994226,0.3296679,0.3563928,0.3818962,0.2615688,0.3637711
22511300040021,1.1128861,1.1128861,1.0516545,1.089627,1.0985597,1.088466,1.0896972,1.0909284,1.0921597,0.9805672,0.9685121,7.478099,8.842026,8.406821,7.670904,6.896585,6.0953875,5.196563,4.42227,3.6839714,3.2091737,2.7343757,2.259578,1.8037518,1.5112549,1.205677,0.9829396,0.8360512,0.652696,0.6149028,0.577672,0.620822,0.4965144,0.5538734,0.6112324,0.6232144,0.6351965,0.5559328,0.5150887,0.4511642,0.3872397,0.3233152,0.3668407,0.3964583,0.2364687,0.3833993
22511300040031,1.1281515,1.1281515,1.072962,1.0881386,1.0891536,1.0848382,1.0838089,1.0827796,1.0817503,0.9991293,0.9737513,7.528001,8.83976,8.377569,7.6264253,6.8727245,6.060005,5.1972613,4.345001,3.6866255,3.1983123,2.709999,2.221686,1.804218,1.500544,1.2519801,1.0294161,0.806852,0.6628697,0.6585835,0.5936442,0.6276886,0.532613,0.56830317,0.6039933,0.6135678,0.6231424,0.5385948,0.5508228,0.48103732,0.41125187,0.3414664,0.3785718,0.3982145,0.2530778,0.3992749
22511300040041,1.1248201,1.1248201,1.1068976,1.0850631,1.1160332,1.1126848,1.0927961,1.0729074,1.0530187,1.0153586,0.9568964,4.881042,8.805187,8.34891,7.646073,6.8786955,6.0019116,5.20288,4.3975606,3.6721897,3.1961951,2.7202005,2.244206,1.7991277,1.5185553,1.2562165,1.0366448,0.8170732,0.6792275,0.6508136,0.595621,0.6344624,0.5787214,0.59466225,0.6106031,0.6207081,0.6308131,0.5654517,0.551916,0.48636383,0.42081165,0.3552595,0.3951769,0.4245533,0.2575086,0.3720263
22511300040051,1.1590399,1.1590399,1.0632746,1.1337602,1.1210519,1.0859106,1.0865071,1.0871036,1.0877002,1.037521,0.9675944,4.8671527,8.766711,8.354565,7.6319833,6.8265476,6.0552845,5.20766,4.412076,3.6505153,3.1782932,2.7060714,2.2338493,1.8135593,1.5066656,1.2257193,1.0381514,0.8505834,0.6744027,0.659781,0.6384375,0.6483576,0.526162,0.5843257,0.6424894,0.6433374,0.6441855,0.5496389,0.5535453,0.4878817,0.4222181,0.3565545,0.3704044,0.3978743,0.3057009,0.413911
22511300040061,1.1653088,1.1653088,1.0761119,1.0847785,1.1314385,1.1273181,1.1149738,1.1026294,1.0902851,1.0021293,0.9866016,4.870391,8.75418,8.3516655,7.644981,6.8762183,6.002374,5.2230244,4.398256,3.6667464,3.1875594,2.7083726,2.2291856,1.8372301,1.5428218,1.2642413,1.0468391,0.829437,0.6715893,0.6647384,0.6413667,0.6315741,0.5935219,0.6146541,0.6357863,0.6309845,0.6261827,0.5721114,0.5355076,0.47688532,0.41826308,0.3596408,0.3785043,0.4032901,0.2961958,0.4310204
22511300040071,1.1044399,1.1044399,1.0673244,1.0700663,1.1050144,1.0461596,1.0406272,1.035095,1.0295627,0.9425659,0.9178658,7.267865,8.725139,8.300198,7.5972085,6.817434,6.0702686,5.1844397,4.368392,3.6571476,3.177483,2.6978183,2.2181537,1.7920792,1.4763699,1.205642,1.0002954,0.7949488,0.6423068,0.6349014,0.5776686,0.6008436,0.5119019,0.5575395,0.6031771,0.63060725,0.6580374,0.5787586,0.5188429,0.45733476,0.39582664,0.3343185,0.3684727,0.4070327,0.2643504,0.3934845
22511300040081,1.1340289,1.1340289,1.0386626,1.0799228,1.0721228,1.0539516,1.0999352,1.0800321,1.060129,0.9751522,0.9415144,7.431356,8.719291,8.3101425,7.5659027,6.8030863,6.012395,5.144257,4.369146,3.6463656,3.1619983,2.677631,2.1932633,1.7970502,1.4803813,1.2149835,1.0217421,0.8285006,0.6529693,0.6551581,0.6115352,0.6103878,0.5066338,0.531362,0.5560902,0.580426,0.6047617,0.5455398,0.5118163,0.44966137,0.38750643,0.3253515,0.3392226,0.3774203,0.2268863,0.4018319
22511300040091,1.1582805,1.1582805,1.0549719,1.1244912,1.0881584,1.0703903,1.1332496,1.0913246,1.0493994,1.0077603,0.9207758,7.275691,8.689232,8.296383,7.6134377,6.793968,5.9724708,5.1600695,4.3451715,3.5886886,3.1255443,2.6623998,2.1992555,1.7935023,1.487469,1.2095861,1.00606,0.8025338,0.6566017,0.6509625,0.6074498,0.6290883,0.515252,0.56593734,0.6166227,0.6205403,0.624458,0.5802681,0.498865,0.44313776,0.38741052,0.3316833,0.3700006,0.4140086,0.2401734,0.3904749
22511300040101,1.1293093,1.1293093,1.0688362,1.0933061,1.0947534,1.0523304,1.1497959,1.104777,1.059758,0.9665795,0.9275927,4.857114,8.786635,8.301325,7.586234,6.8041883,5.9981284,5.180866,4.311444,3.6353314,3.145229,2.655127,2.1650248,1.7786463,1.475395,1.2022221,1.0227104,0.8431988,0.6427501,0.6497741,0.5936867,0.5699004,0.5378321,0.5784268,0.6190214,0.633631,0.6482406,0.5855011,0.5572953,0.49010807,0.42292082,0.3557336,0.3453312,0.3947775,0.2789977,0.399999
22511300040111,1.1168123,1.1168123,1.0357894,1.1198274,1.0864315,1.0855943,1.0856426,1.085691,1.0857393,0.988594,0.9208337,7.445254,8.7271805,8.316692,7.5828342,6.8267417,6.0034375,5.161484,4.3486886,3.616118,3.1356626,2.6552072,2.1747518,1.7723598,1.4670553,1.2200646,1.019277,0.8184893,0.6550709,0.654079,0.6062567,0.6006046,0.4994625,0.56477726,0.630092,0.64534974,0.6606075,0.571791,0.5322987,0.46770087,0.40310302,0.3385052,0.3730285,0.41205,0.2375753,0.4073169
22511300040121,1.1837671,1.1837671,1.0373847,1.0980766,1.0926005,1.072212,1.0790344,1.0763665,1.0736985,0.9739813,0.9056171,7.3543363,8.694404,8.264735,7.549886,6.8043594,6.0042906,5.123633,4.3454394,3.6325214,3.138431,2.6443408,2.1502502,1.7813618,1.4882818,1.2394058,1.0312132,0.8230205,0.7087556,0.6929186,0.6797228,0.6532926,0.6043819,0.63795036,0.6715188,0.6640748,0.6566307,0.5816495,0.5540638,0.4815079,0.408952,0.3363961,0.3428699,0.369373,0.2886647,0.4102592
22511300040131,1.0964663,1.0964663,1.0583597,1.1222376,1.1006176,1.0587306,1.1343774,1.0998206,1.0652637,0.9211267,0.9524876,7.292513,8.664889,8.2324,7.542034,6.762867,5.9568863,5.156064,4.282753,3.5691984,3.0920148,2.6148314,2.1376479,1.7650148,1.4830081,1.2262877,1.0358131,0.8453384,0.7871919,0.754091,0.6691262,0.6930861,0.7080731,0.70162374,0.6951744,0.6431259,0.5910774,0.6169774,0.5335543,0.45918882,0.38482335,0.3104579,0.3871677,0.3954546,0.2979311,0.433945
22511300040141,1.0743043,1.0743043,0.9853088,1.0383784,1.0111517,1.0725908,1.0505776,1.0325346,1.0144916,0.9313663,0.8817445,7.3030677,8.597,8.192833,7.4903474,6.7298794,5.910061,5.036506,4.25603,3.5062613,3.0460143,2.5857675,2.1255205,1.7193727,1.4279922,1.1989942,1.2362785,0.7598608,0.719534,0.6963067,0.6896655,0.5921685,0.6041165,0.64071316,0.6773098,0.6542467,0.6311836,0.6153754,0.5447541,0.46637493,0.38799578,0.3096166,0.3432815,0.367677,0.2814884,0.3850678
22511300040151,1.0345002,1.0345002,0.9861581,1.0831348,1.0139341,1.023464,0.9901439,0.99725634,1.0043688,0.9028187,0.8990549,7.1703496,8.543718,8.185707,7.462451,6.720045,5.8884397,5.0615644,4.2243443,3.5292938,3.0235243,2.517755,2.1710095,1.7047563,1.4578018,1.166293,0.95804995,0.7498069,0.648492,0.6506135,0.6077318,0.607919,0.5015033,0.5485917,0.5956801,0.6040367,0.6123933,0.5547961,0.517347,0.4656112,0.4138754,0.3621396,0.3967426,0.3698114,0.2802826,0.3837003
22511300040161,1.1365843,1.1365843,1.0596339,1.0856273,1.1050463,1.0651667,1.1158243,1.0954767,1.0751292,0.9575975,0.9063201,6.956131,8.55371,8.174441,7.483919,6.721105,5.916822,5.050152,4.2430253,3.5493896,3.0752647,2.6011398,2.1270149,1.6937089,1.4829845,1.1663574,0.98824924,0.8101411,0.65487,0.6523612,0.6111831,0.5825925,0.5478326,0.59110045,0.6343683,0.6323374,0.6303065,0.5988886,0.5533051,0.48258227,0.41185942,0.3411366,0.3690947,0.4132343,0.2723241,0.3619553
22511300040171,1.0928779,1.0928779,1.0196099,1.100879,1.0511553,1.0843437,1.0930804,0.9759538,1.0560544,0.9856813,0.9330761,6.882735,7.502212,8.121689,7.4283743,6.711702,5.8473587,5.0403357,4.267418,3.5232105,3.0860858,2.6489608,2.211836,1.7873935,1.4763571,1.1653209,1.0081975,0.8510742,0.661925,0.6538955,0.6093323,0.6077963,0.5286113,0.5637532,0.5988951,0.617857,0.6368189,0.5733759,0.5479314,0.47640914,0.40488687,0.3333646,0.36257696,0.3917893,0.269826,0.3976015
22511300040181,1.0686315,1.0686315,1.0320308,1.0911396,1.0358326,1.076786,1.1213702,1.1056709,1.0899717,0.9617586,0.9237716,6.808504,7.460688,8.112872,7.3958473,6.641004,5.7918487,5.0513954,4.265563,3.5546865,3.1099966,2.6653068,2.220617,1.7759272,1.4987459,1.2215647,1.026421,0.8312773,0.6784643,0.6266391,0.6070274,0.636337,0.5399765,0.583463,0.6269495,0.6368199,0.6466903,0.5653002,0.5255878,0.46092346,0.39625913,0.3315948,0.4072674,0.4015711,0.2440083,0.4157982
22511300040191,1.0989681,1.0989681,1.0687231,1.0685976,1.0805758,1.0443414,1.1190716,1.0837489,1.0484263,0.9803292,0.9213477,6.920382,7.5278034,8.135225,7.3795767,6.654218,5.9136534,5.04082,4.2731457,3.5666885,3.11912,2.6715512,2.2239826,1.776414,1.4370927,1.2161841,1.0123665,0.8085489,0.679435,0.628733,0.606457,0.5792852,0.5422851,0.5795506,0.6168162,0.6252612,0.6337062,0.5555137,0.5464329,0.4725872,0.3987415,0.3248958,0.3578703,0.4287599,0.2798176,0.4380494
22511300040201,1.0905935,1.0905935,1.0215356,1.0852861,1.0393685,1.0996612,1.104231,1.0821905,1.06015,0.9923749,0.9199461,6.904056,8.486645,8.092009,7.3942604,6.7124004,5.923503,5.0759387,4.254339,3.580687,3.126283,2.6718788,2.2174747,1.7630705,1.5265715,1.2008407,0.9995946,0.7772819,0.6860243,0.6513733,0.5969538,0.6286951,0.5513752,0.6042057,0.6570362,0.65355784,0.6500795,0.5749897,0.5755752,0.49772418,0.41987315,0.3420221,0.3939625,0.424218,0.289883,0.4180897
22511300040211,1.139507,1.139507,1.067756,1.0536146,1.1044827,1.0575551,1.1218933,1.0971342,1.072375,0.9408562,0.934394,6.896516,8.462205,8.104105,7.3813934,6.6515293,5.8660917,5.0903296,4.259439,3.5505264,3.102045,2.6535635,2.2050822,1.7566009,1.4767107,1.2040427,1.0101299,0.8162172,0.6644647,0.6486653,0.6405185,0.6201602,0.5782131,0.6196169,0.6610208,0.6535056,0.6459905,0.5811977,0.5316528,0.4638135,0.3959742,0.3281349,0.3640451,0.4270656,0.2894743,0.4003842
22511300040221,1.0917329,1.0917329,1.0082457,1.0584326,1.034804,1.0623817,1.0939682,1.0723419,1.0507158,0.9483306,0.8921044,6.797138,8.371068,8.031296,7.35155,6.6323996,5.8451824,5.0543213,4.2311716,3.5420146,3.088595,2.6351755,2.1817558,1.7283361,1.4481014,1.163017,0.96459144,0.7661659,0.6652145,0.6138855,0.6132686,0.5743119,0.5204096,0.5658421,0.6112746,0.6108201,0.6103656,0.5660129,0.51988,0.45426244,0.38864487,0.3230273,0.3560125,0.3825272,0.2393486,0.4113025
22511300040231,1.1103579,1.1103579,1.0246876,1.0467834,1.026524,1.0284835,1.111129,1.0629171,1.0147051,0.9246545,0.8772229,6.76804,8.399901,7.972177,7.332016,6.6021833,5.8447013,5.018564,4.201241,3.5177698,3.0635667,2.6093636,2.1551604,1.7009574,1.4292628,1.1818494,0.9788637,0.775878,0.6443115,0.6685207,0.6064907,0.5968747,0.5301348,0.5802877,0.6304406,0.60823816,0.5860357,0.5252348,0.5285259,0.4639967,0.3994675,0.3349383,0.3520134,0.3838496,0.272843,0.3743697
22511300040241,1.0524427,1.0524427,1.0047098,1.0237817,1.0386714,1.0655158,1.0831252,1.0592855,1.0354459,0.9366192,0.8719117,6.683791,8.348596,8.000482,7.3231826,6.607027,5.792278,5.014994,4.1993704,3.5061316,3.0675912,2.6290505,2.1905098,1.7519692,1.4464121,1.1610751,0.97317314,0.7852712,0.6660939,0.604185,0.5960001,0.5817533,0.5489979,0.5679132,0.5868284,0.60237575,0.6179231,0.5542734,0.5165583,0.45650974,0.39646116,0.3364126,0.3717849,0.3951537,0.2820017,0.3614861
22511300040251,1.0589253,1.0589253,1.0207216,1.0194639,1.0255601,1.0392522,1.09151,1.067708,1.043906,0.930068,0.9057698,6.6954474,8.251168,7.962089,7.3244643,6.6079216,5.858246,4.995953,4.191659,3.532885,3.0522096,2.571534,2.0908585,1.7553525,1.458403,1.1704328,0.9909953,0.8115578,0.6215502,0.6327224,0.6012213,0.5721694,0.5515801,0.5860475,0.6205148,0.6236308,0.6267469,0.5278386,0.5098681,0.45550632,0.40114456,0.3467828,0.3501299,0.4165598,0.2195269,0.3888945
22511300040261,1.0653006,1.0653006,1.018462,1.063659,1.0475394,1.0304596,1.0279528,1.025446,1.0229392,0.9544392,0.8966016,6.622332,8.307198,7.799476,7.2917547,6.568142,5.8395405,5.0043936,4.2036557,3.533349,3.0619595,2.59057,2.1191804,1.7275753,1.4554812,1.183387,1.0038122,0.8242372,0.6590665,0.6360718,0.5758969,0.5585862,0.5330756,0.5753918,0.617708,0.6046371,0.5915662,0.524464,0.5422512,0.47240412,0.40255708,0.33271,0.3341423,0.4194044,0.2682217,0.3892687
22511300040271,1.0909868,1.0909868,1.0544552,1.0513856,1.037586,1.0354288,1.0322505,1.0290723,1.025894,0.9474221,0.8980406,6.6048,8.201552,7.755089,7.3086247,6.5694695,5.792732,4.9877424,4.2489696,3.506597,3.033637,2.560677,2.0877168,1.7039655,1.3994147,1.1749582,0.9883817,0.8018052,0.6720771,0.6252311,0.6299308,0.5757376,0.5250099,0.5634044,0.6017989,0.6142138,0.6266287,0.5271444,0.5415995,0.47441074,0.40722197,0.3400332,0.3529959,0.402306,0.2697391,0.3575766
22511300040281,1.0808624,1.0808624,1.0455396,1.0609146,1.0553026,1.0383234,1.0103844,1.0117371,1.0130898,0.9428913,0.9018139,6.611753,7.2817936,7.951834,7.282388,6.554514,5.83419,4.991846,4.2007017,3.526506,3.0673559,2.608206,2.149056,1.7246976,1.4509195,1.1599419,0.97446316,0.7889844,0.6434141,0.6207282,0.6047175,0.6047688,0.5330987,0.56820756,0.6033164,0.61644524,0.6295741,0.5758233,0.5639439,0.49576277,0.42758164,0.3594005,0.3608908,0.3959009,0.2674893,0.3943559
22511300040291,1.0290604,1.0290604,1.0421859,1.0338358,1.0477515,1.0149013,1.1066741,1.070168,1.033662,0.9679312,0.8920197,6.6719937,8.229784,7.945758,7.2731423,6.5628047,5.7422705,4.997039,4.18706,3.5007036,3.0237544,2.546805,2.0698557,1.712964,1.4520379,1.1694951,0.99625105,0.823007,0.6605346,0.6642022,0.6407821,0.584864,0.5671302,0.58390903,0.6006879,0.6032634,0.6058389,0.5765948,0.5748317,0.5055559,0.4362801,0.3670043,0.3856421,0.4237156,0.2970576,0.3988316
22511300040301,1.0546554,1.0546554,1.0249363,1.0275335,1.0463367,1.0407221,1.0589178,1.0429361,1.0269543,0.9009474,0.8865325,6.6327047,8.205084,7.9320955,7.2705975,6.582411,5.7460237,4.9847865,4.2001367,3.4965165,3.03923,2.581944,2.1246576,1.7305413,1.4332473,1.1905946,0.9868786,0.7831625,0.6487929,0.6189358,0.6061311,0.6126735,0.5529482,0.5875692,0.6221901,0.6211199,0.6200497,0.5552317,0.5586398,0.4892611,0.4198824,0.3505037,0.3598716,0.4575155,0.296321,0.4023624
22511300040311,1.0212268,1.0212268,1.0291631,0.9989767,1.0328109,0.989375,0.9961076,1.0028402,1.0095727,0.928147,0.9093661,6.4935126,8.194326,7.8555107,7.2610693,6.5554485,5.74556,4.9592185,4.232745,3.4836755,3.022051,2.5604267,2.098802,1.7154537,1.4259837,1.1774633,0.97132844,0.7651936,0.6417441,0.6179348,0.572017,0.5957232,0.5342632,0.5751973,0.6161313,0.6150226,0.6139139,0.5443765,0.5450584,0.48046696,0.41587552,0.3512841,0.3591739,0.351336,0.2775191,0.3614155
22511300040321,1.0786455,1.0786455,1.0089225,1.0012702,1.0094284,1.0166583,1.0172828,1.0179075,1.0185322,0.9023863,0.8866677,6.443599,8.206711,7.8705015,7.2491126,6.5440135,5.7446632,4.9709396,4.201178,3.517294,3.043614,2.5699341,2.096254,1.7405797,1.4487985,1.1731824,0.98744106,0.8016997,0.6591271,0.6432563,0.5992572,0.5764101,0.5638067,0.60269815,0.6415896,0.6223739,0.6031582,0.5699638,0.5612064,0.49915576,0.43710512,0.3750545,0.3667361,0.3831342,0.3080145,0.4101022
22511300040331,1.0184653,1.0184653,1.0357637,1.039904,1.0314093,1.0127007,0.9846121,0.9933736,1.0021352,0.9262215,0.8704487,6.477349,8.182918,7.8946285,7.252648,6.53106,5.755932,4.945724,4.175551,3.4999654,3.0282369,2.5565083,2.0847797,1.7300373,1.4688171,1.149803,0.9240419,0.8010374,0.6385663,0.643731,0.5922805,0.5855351,0.5623325,0.5899008,0.6174691,0.6257378,0.6340065,0.5540162,0.5704001,0.49676535,0.42313057,0.3494958,0.3810597,0.4201034,0.3198872,0.3914387
22511300040341,1.1392883,1.1392883,1.0308746,1.009134,0.9971619,1.0299462,1.0098519,1.0229889,1.0361259,0.9145123,0.8863153,6.5406423,8.168255,7.9210577,7.223292,6.534077,5.7590775,4.9573913,4.174302,3.4970489,3.0300856,2.5631225,2.0961592,1.696696,1.4198184,1.1925275,0.9611852,0.7971199,0.6508517,0.6057441,0.5496382,0.590562,0.5187899,0.5573316,0.5958733,0.6128335,0.6297937,0.5605559,0.5240547,0.47908384,0.43411297,0.3891421,0.4063066,0.4081449,0.3184234,0.39736
22511300060011,1.3098199,1.3271159,1.3112597,1.3542027,1.3188894,1.3176637,1.2993733,1.3059752,1.3125772,1.2135247,1.173261,8.8492985,9.8438,9.244264,8.343819,7.418782,6.493746,5.6985865,4.8124647,4.074675,3.5396385,3.004602,2.5017326,2.0311706,1.7571828,1.4305811,1.1987754,0.9472888,0.7409257,0.7165714,0.6635882,0.6953446,0.5918213,0.6224794,0.6531374,0.6885176,0.7238978,0.5896748,0.5641851,0.4558032,0.3474213,0.4138031,0.4057442,0.4147234,0.2589494,0.4199885
22511300060021,1.3422095,1.3834538,1.2988259,1.3670491,1.3265779,1.3212605,1.4045345,1.3457717,1.2870088,1.2500238,1.1661466,8.827021,9.732206,9.183554,8.319749,7.4292965,6.5388446,5.708551,4.834496,4.093637,3.5537622,3.0138874,2.550234,2.086581,1.7729928,1.4164169,1.168974,1.00092,0.7632635,0.6745064,0.655377,0.6982771,0.58962,0.644833,0.7000461,0.6984828,0.6969195,0.6489314,0.5958109,0.5019379,0.408065,0.3891179,0.4181873,0.4022371,0.2872387,0.4681237
22511300060031,1.3282564,1.3748035,1.3135515,1.37013,1.4027944,1.3209454,1.4210386,1.3542206,1.2874027,1.2669766,1.1651038,8.74101,9.890346,9.172248,8.248753,7.364954,6.481155,5.7182126,4.831126,4.1030226,3.572636,3.0422492,2.5118625,2.086676,1.7313861,1.4782473,1.1930358,0.9449304,0.7838315,0.695937,0.7044933,0.7106468,0.5687432,0.63052726,0.6923113,0.7129472,0.7335831,0.6207263,0.5498339,0.492262,0.4346901,0.4250713,0.389405,0.4255074,0.29478,0.4168213
22511300060041,1.3151037,1.370367,1.2968144,1.3516575,1.3776926,1.2961097,1.3703862,1.3299342,1.2894824,1.2194403,1.1503848,8.734238,8.949544,9.164851,8.320638,7.461442,6.6022463,5.6793194,4.8463535,4.1074963,3.5335815,2.9596667,2.5358152,2.0724273,1.7650188,1.4688103,1.1837511,0.9746593,0.7778728,0.7425344,0.6651216,0.6926173,0.5708226,0.61318535,0.6555481,0.6775634,0.6995788,0.6012181,0.5751264,0.4912605,0.4073946,0.4044604,0.4187703,0.4887692,0.3423443,0.4297667
22511300060051,1.3172998,1.433744,1.3620892,1.3918303,1.437212,1.3794941,1.4594868,1.4059464,1.352406,1.2607238,1.1923449,8.730111,9.83404,9.187797,8.34839,7.491197,6.6340046,5.732606,4.854303,4.1273475,3.5931413,3.0589352,2.524729,2.113787,1.7836021,1.4560013,1.2096334,0.9916825,0.8205483,0.74817,0.7030324,0.729729,0.6074864,0.6661044,0.7247223,0.7486005,0.7724787,0.6649475,0.6180093,0.53906584,0.4601224,0.4047731,0.4506161,0.4978674,0.3636866,0.4622458
22511300060061,1.3319854,1.3563795,1.3114777,1.3522757,1.3763776,1.3499231,1.387914,1.344595,1.3012758,1.2241249,1.1770785,8.765606,9.80876,9.1564665,8.289588,7.436999,6.6037803,5.7162094,4.8561735,4.0884438,3.5375438,2.9866438,2.5321884,2.094389,1.7583137,1.4383192,1.2065032,0.9799312,0.786821,0.7693307,0.7221518,0.7352206,0.6316378,0.6769353,0.7222328,0.74195266,0.7616725,0.6593144,0.6043205,0.5257145,0.4471085,0.4245965,0.4379612,0.4400759,0.3648685,0.4543047
22511300060071,1.3191782,1.3733258,1.3372456,1.3326502,1.3840882,1.3505008,1.3891363,1.3533937,1.317651,1.2451531,1.18759,8.768087,9.7771225,9.140229,8.314365,7.4599,6.556606,5.6966143,4.8650823,4.0973496,3.5409403,2.984531,2.5270736,2.1052666,1.7620647,1.458897,1.1944414,0.996254,0.8513608,0.789785,0.7591596,0.7474533,0.6451143,0.68450475,0.7238952,0.7405785,0.7572617,0.6687162,0.6009905,0.53464204,0.4682936,0.4733221,0.4609933,0.47799,0.3991839,0.4716021
22511300060081,1.3728926,1.3586268,1.3120017,1.3381319,1.3676065,1.3561862,1.3692437,1.3568362,1.3444287,1.2165445,1.197496,8.761293,9.8026,9.166585,8.291378,7.4611883,6.6270556,5.6986513,4.8570023,4.1180005,3.5563207,2.9946406,2.5511963,2.0820653,1.7649244,1.4751406,1.2444321,1.0327444,0.8605264,0.8497524,0.7834157,0.8058013,0.7097191,0.7389997,0.7682804,0.7845102,0.80074,0.7269962,0.5915506,0.5704569,0.5493632,0.4843152,0.5040843,0.5226138,0.424395,0.4898556
22511300060091,1.3791772,1.3711421,1.3392285,1.3725097,1.3846197,1.3532846,1.4336833,1.3810813,1.3284795,1.2455896,1.1893792,8.7313795,9.78595,9.161056,8.312173,7.4470563,6.575786,5.706797,4.867478,4.091205,3.55283,3.0144548,2.5451827,2.0964415,1.7671248,1.4689589,1.2345462,1.0164381,0.8411971,0.8017515,0.7418639,0.7644891,0.6925226,0.72855175,0.7645809,0.7809306,0.7972802,0.7225998,0.6170922,0.548969,0.4808458,0.4749389,0.4991422,0.5103965,0.4153333,0.491429
22511300060101,1.3001226,1.3691055,1.3322535,1.366376,1.3694124,1.3577884,1.3726248,1.4576035,1.3281106,1.2325927,1.1878972,8.734314,9.785257,9.132279,8.292485,7.444278,6.5867453,5.673379,4.866219,4.130569,3.550918,2.971267,2.4908419,2.1013572,1.7552717,1.4534061,1.2229494,1.0056397,0.8339792,0.7895845,0.7396048,0.7713603,0.6314565,0.679515,0.7275735,0.7371753,0.7467771,0.6805054,0.6002378,0.5258815,0.4515252,0.4157528,0.4511246,0.4813891,0.3963392,0.4489749
22511300060111,1.3318053,1.3899473,1.3394085,1.351277,1.3810626,1.3887281,1.4197834,1.4149686,1.3506707,1.2738886,1.2254565,8.771986,9.7907295,9.147422,8.297123,7.457642,6.568037,5.7236295,4.862515,4.1137137,3.5257585,2.9378035,2.5170844,2.0989401,1.7854697,1.4740223,1.2558227,1.0131571,0.8730916,0.8056368,0.76747,0.7864572,0.706394,0.7425718,0.7787495,0.79108363,0.8034178,0.6998914,0.5934735,0.5519166,0.5103597,0.4669839,0.5258834,0.4815404,0.4278038,0.5220911
22511300060121,1.3165685,1.3640649,1.3316687,1.3465838,1.3783679,1.3490404,1.3738672,1.341217,1.3085669,1.232947,1.1669395,8.711747,9.712814,9.112269,8.267556,7.4364104,6.551255,5.689612,4.8528967,4.098761,3.5228703,2.9469795,2.5035298,2.0825021,1.7646644,1.4399962,1.2092578,0.9894706,0.8116677,0.7654528,0.7189711,0.7435103,0.6388611,0.6736099,0.7083587,0.7280915,0.7478242,0.6663614,0.6175065,0.5287892,0.440072,0.422253,0.4266817,0.4299825,0.3284093,0.4291308
22511300060131,1.2834723,1.3270795,1.2522762,1.320633,1.326758,1.2980169,1.3391176,1.2966901,1.2542627,1.184143,1.1392716,8.578089,9.64525,9.054709,8.21303,7.368557,6.478846,5.6509247,4.773804,4.0287924,3.470929,2.9130652,2.4893901,2.0129206,1.7178844,1.4240348,1.1689574,0.9427623,0.7902464,0.7692734,0.7101818,0.6813762,0.6432595,0.6590744,0.6748894,0.6919286,0.7089678,0.6349483,0.5567888,0.47822854,0.3996683,0.3967377,0.3947997,0.4058842,0.3288758,0.3928589
22511300060141,1.2715753,1.3296716,1.2580804,1.3072987,1.2990847,1.3115156,1.3516446,1.310751,1.2698574,1.2047521,1.1297837,8.552534,9.647288,9.052841,8.183842,7.3646626,6.4899464,5.652202,4.7824864,4.0578017,3.4862092,2.914617,2.48666,2.059381,1.6938194,1.3920155,1.1549768,0.9491671,0.7816066,0.7217127,0.6828691,0.694146,0.6035943,0.6421406,0.680687,0.6823652,0.6840434,0.6052893,0.5656777,0.4674458,0.3692139,0.3927501,0.4007256,0.4352553,0.3280791,0.3875897
22511300060151,1.272931,1.2950919,1.2551162,1.3476295,1.2910022,1.2830055,1.32695,1.3017105,1.2764711,1.2002414,1.1150051,8.418022,9.550536,8.947293,8.1314125,7.2947392,6.4580655,5.6126847,4.7552876,4.017823,3.4700198,2.9222162,2.4507947,2.025396,1.6883845,1.403916,1.1417335,0.9468712,0.7390191,0.7092287,0.6843146,0.6541391,0.6175639,0.6363138,0.6550637,0.68018496,0.7053062,0.6040121,0.5541761,0.46860224,0.3830284,0.3769874,0.3930419,0.4090095,0.3074022,0.4035956
22511300060161,1.2662677,1.3094597,1.2629296,1.3327212,1.304503,1.2826293,1.3257428,1.2847548,1.2437665,1.1619487,1.142105,8.346935,9.498636,8.918416,8.132194,7.2842555,6.4030433,5.537962,4.733534,3.9956827,3.4349413,2.8741999,2.44616,2.0451922,1.692693,1.4060738,1.1549405,0.9228369,0.7739856,0.6769571,0.6654177,0.648487,0.5647425,0.62697303,0.6892036,0.6861338,0.683064,0.6254371,0.5493123,0.477806,0.4062997,0.3553011,0.3964429,0.4003101,0.2819642,0.4170168
22511300060171,1.2598215,1.3159018,1.2319218,1.3117644,1.2980849,1.3126956,1.3261731,1.290628,1.2550828,1.18609,1.1075772,8.254967,9.494039,8.925486,8.086846,7.2819004,6.429173,5.572095,4.764641,3.984641,3.4312513,2.8778615,2.4434907,2.013053,1.6793126,1.4221839,1.1451464,0.9524632,0.7717303,0.6961456,0.6850559,0.6503924,0.5876556,0.6272001,0.6667446,0.6857113,0.704678,0.5821287,0.5420093,0.4784534,0.4148975,0.3610074,0.4027483,0.4345726,0.3018772,0.3875797
22511300060181,1.2722324,1.2866226,1.2587712,1.2685238,1.3166293,1.2760773,1.374059,1.3075523,1.2410457,1.1614435,1.1032205,8.232282,9.463868,8.879023,8.105564,7.2629237,6.438188,5.537114,4.7112136,3.9902904,3.4908004,2.9913101,2.49182,1.9742663,1.6975243,1.3855959,1.1318079,0.9653248,0.7615876,0.7194634,0.656338,0.6669065,0.6148281,0.63668174,0.6585354,0.6883145,0.7180936,0.5839365,0.5655098,0.47935554,0.3932013,0.375721,0.3971804,0.4157789,0.3015523,0.3838801
22511300060191,1.283079,1.283079,1.2172958,1.3047585,1.2917216,1.2599198,1.3582534,1.3044568,1.2506602,1.1472942,1.1400614,8.221821,9.438527,8.883654,8.052445,7.2774234,6.4217014,5.55933,4.718022,3.9547906,3.454647,2.9545035,2.45436,2.0020542,1.6958187,1.3794582,1.1207865,0.9521615,0.7747875,0.6725695,0.694511,0.6921708,0.5968337,0.6337057,0.6705777,0.6771582,0.6837386,0.6002179,0.5715201,0.48773485,0.4039496,0.3861079,0.3847797,0.4310386,0.3285367,0.3846935
22511300060201,1.3314784,1.3314784,1.234168,1.3006068,1.297378,1.2851975,1.3129312,1.2800204,1.2471094,1.1765674,1.1014204,8.16768,9.396616,8.833503,8.020992,7.219959,6.3199925,5.528335,4.75571,3.9804375,3.4656992,2.9509609,2.4362223,2.0278747,1.6784663,1.4149499,1.1537852,0.9647448,0.7590194,0.6706776,0.6786268,0.6852983,0.5785673,0.6250522,0.6715371,0.6792279,0.6869187,0.6036465,0.6007191,0.5071163,0.4135135,0.3901716,0.3906376,0.4299711,0.3048596,0.4338365
22511300060211,1.3232381,1.3232381,1.2344191,1.2443137,1.2585435,1.2607113,1.3007292,1.2664777,1.2322263,1.1087503,1.0772482,8.0648,9.355447,8.819793,8.008024,7.1917524,6.3618026,5.520091,4.6700993,3.909829,3.4031348,2.8964407,2.3897467,1.9919698,1.6820533,1.3791314,1.0955571,0.8947544,0.6939517,0.6712458,0.6441412,0.6540499,0.5677802,0.60532445,0.6428687,0.6400911,0.6373136,0.5713719,0.5451434,0.47770995,0.4102765,0.3682463,0.414862,0.3717162,0.2583411,0.3549753
22511300060221,1.2842612,1.2842612,1.2526996,1.3139733,1.2968065,1.3033121,1.2819707,1.2606293,1.2392879,1.15262,1.1136508,8.072593,9.339279,8.822196,8.033448,7.207835,6.369386,5.496798,4.714235,3.9655888,3.448868,2.932147,2.4154263,2.0226488,1.7017612,1.3767331,1.1398724,0.9535675,0.7672626,0.6745116,0.661613,0.7288163,0.6161458,0.6503008,0.6844558,0.7020648,0.7196738,0.5825742,0.6002449,0.49124604,0.3822472,0.3700732,0.3916362,0.4566526,0.3295034,0.3985002
22511300060231,1.290884,1.290884,1.2459613,1.2583799,1.309862,1.2833779,1.2817937,1.283101,1.2844082,1.2057675,1.1582386,8.017988,9.330617,8.827313,8.014802,7.225593,6.365743,5.521578,4.694885,3.978259,3.4548798,2.9315004,2.408121,2.0055802,1.6961962,1.3980047,1.1721431,0.9713563,0.7705695,0.7192426,0.658152,0.6982189,0.6096946,0.6336066,0.6575186,0.67045015,0.6833817,0.6246138,0.5971638,0.52743876,0.4577137,0.3789959,0.42872,0.4508727,0.3083372,0.4358468
22511300060241,1.3108058,1.3108058,1.2659795,1.2756279,1.3100371,1.2804135,1.3582247,1.313313,1.2684011,1.2133416,1.1409367,7.967303,9.253456,8.763669,7.9749784,7.215352,6.362693,5.5438647,4.6912036,3.9651542,3.3925247,2.8198953,2.4977326,2.035845,1.7078383,1.3855374,1.1390873,0.9583271,0.7775669,0.7069982,0.6789661,0.6527699,0.6152232,0.6471571,0.679091,0.69664043,0.7141899,0.6244876,0.581356,0.5153759,0.4493958,0.3834157,0.4256608,0.4381635,0.3292834,0.4145305
22511300060251,1.3208659,1.3208659,1.2426485,1.2889721,1.3190858,1.2775508,1.27775,1.2779492,1.2781485,1.1658876,1.0906473,8.0028715,9.296199,8.760298,7.969384,7.1415763,6.351755,5.5060973,4.6913447,3.9320014,3.3770814,2.8221617,2.5068336,2.0156925,1.6828614,1.4111606,1.1743215,0.96733344,0.7603454,0.7197739,0.6797805,0.6796267,0.606767,0.64358985,0.6804127,0.67524165,0.6700706,0.6348771,0.6096908,0.5307714,0.45185193,0.3729325,0.4239765,0.4764694,0.3059575,0.4241757
22511300060261,1.2828904,1.2828904,1.2415344,1.3051137,1.2878985,1.2717295,1.2633642,1.2549989,1.2466336,1.1767365,1.1391811,7.9528093,9.294127,8.745861,7.9678073,7.206565,6.3723817,5.48798,4.713036,3.9329486,3.454032,2.975115,2.4961984,2.0172815,1.6891332,1.3866123,1.1676868,0.96637857,0.7650703,0.6853265,0.6439677,0.6879832,0.5762318,0.6221853,0.6681388,0.671384,0.6746292,0.6457661,0.5912432,0.52625805,0.46127287,0.3962877,0.4271093,0.458216,0.3287916,0.4180978
22511300060271,1.2984062,1.2984062,1.2480226,1.2988986,1.2893159,1.2648052,1.2609001,1.2569951,1.2530901,1.1977327,1.1396061,7.979288,8.3537035,8.728119,7.9202237,7.136426,6.3526278,5.5110054,4.6607804,3.9467628,3.4175467,2.8883305,2.4441447,1.999959,1.6737862,1.4100978,1.1458752,0.9924839,0.7690919,0.7311751,0.6704889,0.7014654,0.6314847,0.6554176,0.6793506,0.697613,0.7158754,0.6368187,0.5881132,0.5283248,0.46853635,0.4087479,0.4191849,0.4655216,0.3198671,0.4363511
22511300060281,1.2722236,1.2722236,1.2003447,1.2848501,1.3063604,1.2497014,1.256883,1.2261312,1.1953793,1.108623,1.0920506,7.8750033,9.138773,8.6919,7.920981,7.061508,6.272987,5.4462485,4.647942,3.8887732,3.3798747,2.8709762,2.3620777,1.9957699,1.6717443,1.3747969,1.1262193,0.9371082,0.7329777,0.6883066,0.6398621,0.6742171,0.6072428,0.6479751,0.6887074,0.6876615,0.6866156,0.6105339,0.5987331,0.4918256,0.3849181,0.4155353,0.4166506,0.4333896,0.3137208,0.4156041
22511300060291,1.300633,1.300633,1.2023078,1.2606502,1.2775009,1.2789057,1.2673017,1.2367202,1.2061388,1.1242722,1.0933121,7.884184,9.158841,8.64472,7.943031,7.1164255,6.243888,5.439669,4.6316156,3.9371562,3.433652,2.9301476,2.4266434,1.9690113,1.6570103,1.3697544,1.1003218,0.9246816,0.7560163,0.6919157,0.6830272,0.6565929,0.5757268,0.6248661,0.6740054,0.6682614,0.6625174,0.616082,0.6067016,0.5207103,0.434719,0.3847164,0.4446936,0.4512499,0.3115933,0.3958038
22511300060301,1.2533046,1.2533046,1.1673659,1.2124379,1.2402903,1.2371526,1.2621177,1.2296933,1.1972687,1.1202227,1.1032932,7.8593054,9.147969,8.672621,7.911484,7.1093674,6.3438663,5.447762,4.597841,3.87622,3.3685403,2.8608606,2.3531811,1.9913464,1.6674002,1.334256,1.1028097,0.9130706,0.7418364,0.6992439,0.6719259,0.7138531,0.5965247,0.6203033,0.6440818,0.6731356,0.7021894,0.6320678,0.5737186,0.50616425,0.4386099,0.4345733,0.4506712,0.4628616,0.3630615,0.4487206
22511300060311,1.2588925,1.2588925,1.1781102,1.2061256,1.2202963,1.2287595,1.2416413,1.2679844,1.1844501,1.1022928,1.0805974,7.858484,9.169598,8.686053,7.9271936,7.0950456,6.3156023,5.4611826,4.605019,3.8868954,3.3934467,2.899998,2.4065495,1.9734651,1.660716,1.3452904,1.1207359,0.9434736,0.7545625,0.7328941,0.7023291,0.7037058,0.6392162,0.6705179,0.7018197,0.7171487,0.7324777,0.6178625,0.5839387,0.5796896,0.5754406,0.4290411,0.4695824,0.49029,0.3491061,0.4741188
22511300060321,1.2415555,1.2415555,1.1713479,1.2195141,1.2399391,1.2001185,1.2734762,1.2861387,1.2052696,1.0834185,1.0673707,7.869501,9.156597,8.688857,7.9158216,7.1003428,6.300714,5.45643,4.647352,3.881673,3.3725371,2.8634012,2.3542655,1.9932669,1.6679136,1.3341495,1.0838552,0.9222045,0.764116,0.6818435,0.7192996,0.655699,0.6550262,0.6646986,0.674371,0.6867438,0.6991166,0.6357801,0.5829142,0.5701343,0.5573544,0.4009439,0.4136151,0.4448877,0.3468655,0.4572888
22511300060331,1.257599,1.257599,1.180998,1.2227745,1.2253765,1.1960016,1.2535031,1.2869769,1.1214575,1.1246188,1.0673455,7.9021463,9.159766,8.68062,7.9340663,7.105808,6.3232627,5.4346595,4.597292,3.8651147,3.3646088,2.8641026,2.3635967,1.9669614,1.6493104,1.316487,1.1072341,0.9084016,0.7704118,0.7342222,0.7154613,0.6808147,0.6466032,0.6459813,0.6453594,0.67525345,0.7051475,0.639906,0.5850772,0.5351081,0.485139,0.4053975,0.41094,0.4654619,0.3721689,0.4690727
22511300060341,1.2479732,1.2479732,1.1520306,1.1693592,1.1679679,1.1733375,1.2413405,1.236705,1.1536719,1.0637856,1.0639563,7.87485,9.144175,8.630438,7.8749356,7.081284,6.248428,5.422797,4.5876646,3.8340747,3.346966,2.859857,2.3727484,1.928616,1.6133162,1.2895972,1.1120551,0.8899478,0.7365524,0.7102587,0.6747718,0.6696763,0.624681,0.661074,0.697467,0.70314956,0.7088321,0.6306423,0.5928257,0.5618464,0.5308671,0.4518561,0.4390331,0.4825116,0.3748614,0.4761255
22511300060351,1.2595688,1.2595688,1.2052962,1.2457063,1.1998744,1.1762714,1.25187,1.2320414,1.1320204,1.1203367,1.0807391,7.87489,9.1645775,8.624435,7.8935633,7.092988,6.285077,5.385788,4.568366,3.8336136,3.3559334,2.878253,2.4005728,1.9240772,1.6469944,1.311988,1.0757905,0.8877207,0.7271545,0.6779828,0.6752248,0.6809948,0.5783971,0.5990336,0.6196701,0.65464467,0.6896192,0.5974734,0.5633765,0.4877336,0.4120907,0.396942,0.3859997,0.4439158,0.3752887,0.4518399
22511300060361,1.2401408,1.2401408,1.2043233,1.2307416,1.2318516,1.2102234,1.277428,1.2656144,1.1995931,1.0995315,1.0612,7.9264293,9.191576,8.709315,7.921972,7.112661,6.2862296,5.391822,4.599174,3.8526466,3.349795,2.8469434,2.344092,1.91293,1.6400352,1.3119463,1.1028105,0.8946583,0.704455,0.6870036,0.6596345,0.639858,0.5953956,0.62712616,0.6588567,0.66758364,0.6763106,0.6068077,0.5648317,0.47941214,0.3939926,0.3988829,0.39472,0.3861061,0.3320079,0.4130686
22511300060371,1.2298416,1.2298416,1.1763994,1.1934476,1.1757252,1.1849351,1.2407832,1.2253735,1.1675068,1.0865812,1.0770265,7.8140807,9.134901,8.678894,7.887257,7.0667095,6.169561,5.405379,4.5550385,3.8196826,3.3319583,2.844234,2.3565097,1.9139389,1.5882685,1.3026414,1.0774843,0.8887988,0.7083732,0.6941318,0.6183233,0.6565605,0.6064017,0.62811404,0.6498264,0.6652314,0.6806364,0.5802895,0.5632066,0.48991585,0.4166251,0.4001477,0.4070997,0.4341499,0.309711,0.4330671
22511300060381,1.2279637,1.2279637,1.1196862,1.20179,1.200625,1.1635323,1.231548,1.2686502,1.1796738,1.0622534,1.0868648,7.786288,9.122528,8.646424,7.897505,7.0592246,6.254629,5.396128,4.5740614,3.823028,3.3341691,2.8453102,2.3564513,1.9177312,1.6109563,1.295269,1.0849906,0.9052305,0.7308975,0.7313706,0.6887673,0.6790983,0.6003976,0.6432691,0.6861406,0.68598026,0.6858199,0.6211795,0.5763365,0.510063,0.4437895,0.38771,0.4186564,0.4549121,0.3540103,0.4269136
22511300060391,1.2478147,1.2478147,1.1834493,1.2436821,1.2138348,1.2106595,1.2900358,1.2342975,1.1785593,1.0853895,1.0723813,7.7501345,9.178419,8.669926,7.891023,7.0909777,6.2418933,5.415449,4.563291,3.8456287,3.346614,2.8475993,2.3485847,1.9297545,1.635649,1.3103747,1.107264,0.9264664,0.8088406,0.7469697,0.7126169,0.7077152,0.6757166,0.70058084,0.7254451,0.7384856,0.7515261,0.6572424,0.6228421,0.53069144,0.4385408,0.4117173,0.4106236,0.4550809,0.3199455,0.4498405
22511300060401,1.147764,1.147764,1.0950783,1.1652114,1.1602523,1.1330113,1.1847523,1.1406189,1.0964854,1.0433427,1.0345359,7.6946597,9.080113,8.611346,7.8144784,7.019714,6.124981,5.3441453,4.510905,3.7609756,3.2358024,2.710629,2.3057113,1.8648617,1.5435241,1.2660121,1.0385987,0.8855568,0.7079669,0.6415704,0.6494814,0.6771783,0.5158405,0.5751201,0.6343997,0.6498191,0.6652385,0.5938911,0.5426757,0.47710675,0.4115378,0.380525,0.3719085,0.375612,0.232345,0.3880592
22511300060411,1.1854271,1.1854271,1.176378,1.2039095,1.2048848,1.1591572,1.2496672,1.207487,1.1653068,1.0706432,1.0613528,7.6733565,9.094704,8.584722,7.814255,7.0332303,6.212105,5.3349824,4.5431666,3.8000076,3.2690976,2.7381878,2.366645,1.8578085,1.6015049,1.3144045,1.0597183,0.8714639,0.7251884,0.6556287,0.6515192,0.6670828,0.5709666,0.5973297,0.6236928,0.6446655,0.6656382,0.5869113,0.5581752,0.483094,0.4080128,0.3685976,0.4028717,0.4101328,0.2995341,0.3954954
22511300060421,1.1997564,1.1997564,1.1357903,1.2026778,1.1897643,1.1601771,1.2385585,1.2123647,1.1861709,1.0750082,1.0278339,7.6837606,9.09275,8.581667,7.822287,7.0583344,6.136224,5.3623433,4.557698,3.7984266,3.2686474,2.738868,2.333824,1.8813587,1.5728722,1.3174589,1.0486652,0.8491892,0.7100257,0.7031031,0.6547744,0.630533,0.5726272,0.60158026,0.6305333,0.6630624,0.6955915,0.6117367,0.60868,0.5035201,0.3983602,0.3963105,0.3882622,0.4407375,0.3346006,0.4411332
22511300060431,1.1852658,1.1852658,1.1404672,1.1670938,1.1733433,1.1511356,1.2259053,1.1727798,1.1196543,1.0640115,1.0386606,7.6507597,9.058328,8.590698,7.8055763,7.0320888,6.1693907,5.3576527,4.548648,3.7935953,3.2731962,2.752797,2.3363585,1.866482,1.5640763,1.2829071,1.0673132,0.8903839,0.6859969,0.7137983,0.6469123,0.6726813,0.5745469,0.6063812,0.6382155,0.6513414,0.6644672,0.5902198,0.5843176,0.5074313,0.430545,0.3630813,0.3920492,0.4117832,0.3025577,0.4139026
22511300060441,1.241037,1.241037,1.1678088,1.2334638,1.2053528,1.1847574,1.2358851,1.2107407,1.1855962,1.1114244,1.0840942,7.7103114,9.038793,8.589464,7.815265,7.0299573,6.2401314,5.341255,4.556463,3.8161173,3.314869,2.8136208,2.376838,1.8901559,1.5955524,1.3482432,1.1004906,0.9079375,0.7210132,0.7208241,0.6345727,0.6467848,0.5733082,0.6078196,0.642331,0.65387374,0.6654165,0.6253511,0.5509265,0.4859464,0.4209663,0.3818167,0.4160932,0.4329699,0.3248603,0.4307454
22511300060451,1.2429523,1.2429523,1.1348431,1.1944286,1.1899956,1.2318028,1.2444869,1.2141697,1.1838527,1.1083276,1.0201519,7.758811,9.046444,8.5757885,7.8392096,7.0198183,6.2025976,5.3600307,4.5207605,3.8112483,3.290455,2.7696617,2.3155484,1.9167953,1.6473207,1.314931,1.0790755,0.9170002,0.7240461,0.6880294,0.6613493,0.6755437,0.58893,0.62589496,0.6628599,0.6706454,0.6784309,0.6169978,0.5572986,0.48649955,0.4157005,0.3950092,0.4210679,0.4229401,0.371154,0.4313957
22511300060461,1.2542981,1.2542981,1.2118882,1.225912,1.2298421,1.2091966,1.2685837,1.2381191,1.2076546,1.1264149,1.0491894,7.7786527,9.089408,8.580463,7.851318,7.0383677,6.247906,5.3773637,4.5780134,3.7916737,3.2679262,2.7441785,2.3253958,1.9475807,1.6183704,1.3644753,1.0615522,0.9079519,0.7457149,0.6791374,0.6473068,0.675985,0.6102115,0.6418428,0.6734741,0.6793817,0.6852894,0.6092131,0.613947,0.5198341,0.4257212,0.4093153,0.4362064,0.4850567,0.3306807,0.4388014
22511300060471,1.1769156,1.1769156,1.101018,1.1624933,1.1753323,1.1609241,1.2096798,1.1675448,1.1254097,1.0501643,1.0217092,7.6238194,9.013463,8.536032,7.812131,7.0057797,6.1587214,5.332598,4.519999,3.7707448,3.247511,2.724277,2.3165727,1.8311971,1.5726674,1.2890426,1.050144,0.8630934,0.6989482,0.6641052,0.6410652,0.6408984,0.5603898,0.60118747,0.6419851,0.6438449,0.6457047,0.5613999,0.5503273,0.4707232,0.3911191,0.360504,0.3901413,0.4110285,0.2995842,0.3962158
22511300060481,1.1882168,1.1882168,1.0972799,1.1253415,1.1494353,1.1410781,1.2127773,1.1669295,1.1210816,1.0488741,1.0305578,7.530915,9.04243,8.547807,7.798736,7.0150976,6.161195,5.3507104,4.4967356,3.7688947,3.248107,2.7273192,2.2961988,1.8809536,1.5498534,1.2934808,1.0400555,0.8559153,0.6890502,0.6820629,0.6499613,0.6347859,0.5604629,0.58066624,0.6008696,0.6386104,0.6763512,0.5917648,0.5419375,0.4695064,0.3970753,0.3724868,0.3992278,0.43678,0.2972713,0.3876923
22511300060491,1.1903714,1.1903714,1.1270941,1.1792856,1.181673,1.1439388,1.2190332,1.1664388,1.1138444,1.0567011,1.0160705,7.605639,9.020203,8.534882,7.7670636,6.9741836,6.186305,5.32175,4.5000277,3.752989,3.2504344,2.7478797,2.314962,1.8828758,1.5750484,1.280711,1.0188321,0.8548813,0.6996382,0.676586,0.6179954,0.6441232,0.5515903,0.59457594,0.6375616,0.6532474,0.6689332,0.5771956,0.5795343,0.48127234,0.3830104,0.3520836,0.4021356,0.4257616,0.2897939,0.4005549
22511300060501,1.1723864,1.1723864,1.1258388,1.12939,1.1528482,1.1502315,1.1611156,1.1283367,1.0955576,1.055066,1.040006,7.591116,8.982627,8.511116,7.785442,6.988091,6.1660557,5.31864,4.4779944,3.7545483,3.264312,2.774076,2.2730792,1.8596414,1.5434827,1.2740378,1.0491737,0.8419445,0.6871628,0.6635598,0.6339795,0.6597439,0.5591526,0.5921538,0.625155,0.636218,0.647281,0.6048343,0.554422,0.47446984,0.3945177,0.3856194,0.4144056,0.4254823,0.3086036,0.4008458
22511300060511,1.1819543,1.1819543,1.1131339,1.1394635,1.1517767,1.123177,1.2383077,1.1733975,1.1084874,1.037216,1.0077024,7.5847807,8.993801,8.5111685,7.7591124,6.957702,6.153801,5.28853,4.4937935,3.7744737,3.2377627,2.7010517,2.2751691,1.8519819,1.5389789,1.2747881,1.0435523,0.8710222,0.6928788,0.6895979,0.6281099,0.6428175,0.5630311,0.59732056,0.63161,0.65800333,0.6843967,0.577825,0.5687223,0.48280054,0.3968788,0.3861914,0.4159809,0.4427919,0.2853462,0.3760874
22511300060521,1.2212536,1.2212536,1.1814837,1.1923544,1.1978967,1.1576166,1.2447274,1.1894675,1.1342076,1.0833992,1.0127771,7.6205473,8.971022,8.514107,7.7767286,6.9939194,6.1263027,5.314164,4.499178,3.7656403,3.2440329,2.7224252,2.3180149,1.8665861,1.6046296,1.3191448,1.0819778,0.8558941,0.7071261,0.6675024,0.6093536,0.6499508,0.5753563,0.617261,0.6591657,0.6548217,0.6504777,0.5885911,0.574142,0.4795831,0.3850242,0.3952781,0.3857681,0.4296538,0.2891029,0.3920062
22511300060531,1.1408886,1.1408886,1.1074094,1.0852394,1.1277877,1.1003606,1.1521538,1.113651,1.0751483,1.0315623,1.0082221,4.954484,8.900746,8.447511,7.7036476,6.9184327,6.120774,5.270374,4.4480753,3.7176228,3.2224028,2.7271826,2.2319627,1.7796721,1.5192145,1.2188443,1.0330381,0.8224696,0.6607961,0.6761135,0.6291131,0.6150275,0.5489848,0.58266485,0.6163449,0.6293886,0.6424322,0.5787566,0.5318798,0.45865414,0.3854285,0.3580758,0.3483287,0.397198,0.2537083,0.3694563
22511300060541,1.150911,1.150911,1.1099871,1.1364726,1.1255836,1.0895666,1.1783586,1.1295525,1.0807464,1.011032,0.9877486,7.5201235,8.922345,8.457239,7.705072,6.939744,6.092462,5.258111,4.437633,3.750897,3.2467198,2.742543,2.238366,1.8213633,1.518737,1.2434669,1.0567739,0.8281302,0.6853798,0.6683432,0.6227286,0.6227108,0.5349596,0.5858698,0.63678,0.63394636,0.6311127,0.5710558,0.5450349,0.4734487,0.4018625,0.3523017,0.3730587,0.4124692,0.2582635,0.4067317
22511300060551,1.1903783,1.1903783,1.1341015,1.1591562,1.1357285,1.1355178,1.1806794,1.1579921,1.1353047,1.0467548,1.0247397,7.531854,8.888038,8.473096,7.7352195,6.973654,6.1021442,5.248788,4.4688196,3.7232904,3.2432218,2.763153,2.2830844,1.8441403,1.5230716,1.2537624,1.0498036,0.9037315,0.6740494,0.6669025,0.6120904,0.6316274,0.563746,0.5831145,0.602483,0.62230855,0.6421341,0.5993013,0.5303336,0.47561634,0.42089906,0.3661818,0.3780455,0.3890049,0.2946625,0.4109037
22511300060561,1.1727822,1.1727822,1.1311326,1.1538969,1.1571007,1.117824,1.1805589,1.1636636,1.1467685,1.0415204,1.0031132,7.573393,8.953984,8.510226,7.7115645,6.9382515,6.099658,5.278042,4.4711747,3.730616,3.246322,2.762028,2.2777338,1.8594024,1.5568022,1.2849844,1.0711606,0.8653414,0.7344153,0.6973928,0.6203869,0.6167972,0.5478229,0.59443223,0.6410416,0.6453286,0.6496156,0.5899799,0.5432566,0.4806844,0.4181122,0.35554,0.3792876,0.4042956,0.2799257,0.3801248
22511300060571,1.1784126,1.1784126,1.1187173,1.1576036,1.1379724,1.1408324,1.1931571,1.1721087,1.1510602,1.0217919,1.0063735,7.5832534,8.871271,8.4507475,7.6846833,6.933187,6.1279593,5.277549,4.4641533,3.7437704,3.2593074,2.7748444,2.2903812,1.8517329,1.5697105,1.2957307,1.0578139,0.8813791,0.6695776,0.6555872,0.629639,0.6496597,0.5589059,0.59340423,0.6279026,0.64793915,0.6679757,0.5817658,0.5641838,0.48205778,0.39993173,0.3178057,0.3895096,0.3767023,0.2916804,0.4178557
22511300060581,1.1763936,1.1763936,1.1007175,1.1648753,1.173536,1.1326805,1.1282954,1.1239103,1.1195253,1.0448997,1.0252721,7.512589,8.89863,8.45928,7.689748,6.938452,6.1278543,5.2509828,4.4648933,3.74084,3.2430735,2.745307,2.2475407,1.8597139,1.5553473,1.2254556,1.0047203,0.8609159,0.6832334,0.6858336,0.6033397,0.6187915,0.5399619,0.5947105,0.6494591,0.66239357,0.675328,0.5815929,0.5660792,0.49917606,0.43227294,0.3653698,0.3942128,0.4291597,0.2876655,0.4006142
22511300060591,1.183396,1.183396,1.1308304,1.1594644,1.1290855,1.153658,1.147796,1.1419342,1.1360722,1.0425537,0.9848838,4.9568267,8.928769,8.486818,7.7240844,6.8880982,6.0734363,5.287133,4.4568353,3.6814225,3.2159138,2.750405,2.2848964,1.8226454,1.5459794,1.2361673,1.0570921,0.8780169,0.6994208,0.685904,0.5986331,0.6159908,0.5991977,0.63900775,0.6788178,0.6755719,0.672326,0.5491388,0.5434674,0.48647362,0.42947987,0.3724861,0.4040633,0.3929003,0.3037828,0.454088
22511300070011,1.1188307,1.1188307,1.0480465,1.0819998,1.1103429,1.0442042,1.0673776,1.090551,1.1137244,1.0044667,0.9474981,7.3496323,8.681392,8.477559,7.6936836,6.9127297,6.0543327,5.214038,4.3796587,3.689323,3.1484532,2.6075835,2.18996,1.8026386,1.489365,1.1942803,1.0216744,0.8490685,0.7392322,0.6511428,0.6373119,0.6135299,0.5109707,0.54980296,0.5886352,0.59856385,0.6084925,0.5672938,0.5345919,0.47853863,0.42248538,0.3664321,0.3549907,0.29991734,0.244844,0.3564622
22511300070021,1.1821485,1.1821485,1.0799983,1.1600933,1.1362804,1.1213185,1.1809939,1.1675555,1.154117,1.0342588,0.9735472,7.411546,8.952912,8.478306,7.7167325,6.9699855,6.0808134,5.244312,4.4597993,3.7007074,3.17287,2.6450324,2.270782,1.8679652,1.5288366,1.2500198,1.0587019,0.8673839,0.6680588,0.6470254,0.5800159,0.6078406,0.5558419,0.5681385,0.5804351,0.6059409,0.6314467,0.5651959,0.5421254,0.4718633,0.4016012,0.3313391,0.3676578,0.310958,0.2542582,0.3710628
22511300070031,1.3332548,1.3332548,1.1718174,1.1717755,1.1641092,1.1834663,1.2689112,1.2115963,1.1542813,1.0800864,1.0132492,7.5330205,8.982083,8.526892,7.8016295,6.9493256,6.1664276,5.319761,4.4309845,3.8042772,3.240739,2.6772008,2.31267,1.8381716,1.6053028,1.3092396,1.1127499,0.9162602,0.7668375,0.6978287,0.6113175,0.6694006,0.590168,0.60194516,0.6137223,0.6389608,0.6641992,0.5780213,0.5676086,0.49845836,0.42930815,0.3601579,0.5192319,0.4246602,0.3300885,0.4312158
22511300070041,1.0955747,1.0955747,1.0955747,1.2296515,1.2398897,1.2259732,1.2208824,1.2157916,1.2107008,1.1867473,0.9451283,7.3456144,8.925102,8.553987,7.744353,6.984045,5.868426,5.24821,4.471216,3.6831734,3.2403502,2.797527,2.3547041,1.911881,1.6364678,1.3610547,1.2201148,1.0791751,0.7088524,0.688819,0.6529662,0.624728,0.5964899,0.6424637,0.6884375,0.7182056,0.7479737,0.6375719,0.5950935,0.540497,0.48590052,0.43130404,0.37670755,0.32211107,0.2675146,0.2541762
22511300070051,1.209042,1.209042,1.209042,1.2095965,1.2214508,1.2328776,1.2421263,1.2513752,1.260624,1.1626124,4.3894215,7.6162305,7.646647,7.6770635,7.70748,6.9972954,5.9921412,4.9869866,3.962453,3.5529964,3.1435397,2.734083,2.3246264,1.9151697,1.6615508,1.4079318,1.1921096,0.97628725,0.760465,0.6300934,0.6633606,0.6197858,0.576211,0.6428003,0.7093896,0.6943362,0.6792827,0.6479553,0.7055536,0.66875416,0.6319547,0.5951553,0.5583558,0.5215564,0.48475695,0.4479575
22511300070061,1.1503761,1.1503761,1.1503761,1.1307061,1.1587344,1.138372,1.144367,1.150362,1.156357,1.0919172,2.404258,3.716599,5.0289397,6.3412805,7.6536217,6.910635,6.193435,5.4762354,4.7590356,4.2105064,3.6619768,3.1134472,2.5649178,2.0163882,1.6723219,1.3282557,1.0259726,0.7236895,0.7181208,0.7227808,0.6620288,0.6375204,0.613012,0.635893,0.658774,0.63021475,0.6016555,0.554929,0.6395489,0.5876682,0.5357875,0.4839068,0.4320261,0.3801454,0.3282647,0.276384
22511300070071,1.128408,1.128408,1.128408,1.1161695,1.178582,1.1618909,1.1562063,1.1505218,1.1448371,1.0752888,2.8541143,4.6329393,6.411765,8.19059,7.6798406,6.8855915,6.056257,5.226922,4.3975873,3.9093733,3.4211593,2.9329455,2.4447317,1.9565178,1.6051421,1.2537664,0.9695432,0.68532,0.6249837,0.7169282,0.6924015,0.6216617,0.5509219,0.5917869,0.6326519,0.657317,0.6819821,0.545879,0.5948785,0.574076,0.55327344,0.53247094,0.5116684,0.49086586,0.47006333,0.4492608
22511300070081,1.1395763,1.1395763,1.1395763,1.1614822,1.1648266,1.1782656,1.145155,1.1424216,1.1396884,1.0983835,2.932619,4.7668543,6.60109,8.435326,7.726372,6.927112,6.086705,5.2462983,4.4263268,3.898376,3.370425,2.8424742,2.3145232,1.7865725,1.526592,1.2666116,1.0492679,0.8319242,0.730567,0.702074,0.6402283,0.63707757,0.6339268,0.6793702,0.7248136,0.74767494,0.7705363,0.690745,0.6068226,0.59996444,0.59310627,0.5862481,0.5793899,0.57253176,0.5656736,0.5588154
22511300070091,1.1398627,1.1398627,1.1398627,1.097493,1.1665756,1.0970399,1.0646702,1.0877907,1.1109113,1.0096174,0.7520608,4.741446,8.730831,8.463902,7.635766,6.8799763,5.995009,5.1100416,4.400507,3.878918,3.357329,2.8357399,2.3141508,1.7925619,1.5093244,1.2260869,1.0487083,0.8713296,0.693951,0.670783,0.6250696,0.6390995,0.6531294,0.6579612,0.662793,0.72027045,0.7777479,0.6767556,0.6588782,0.5181813,0.37748447,0.2367876,0.21025193,0.18371627,0.1571806,0.6416701
22511300070101,0.9772278,0.9772278,0.9772278,1.0898616,1.2176193,1.158544,1.1556573,1.1527705,1.1498837,1.011303,3.5704024,6.1295023,8.6886015,8.329328,7.6498723,6.849249,6.014386,5.1795235,4.3446608,3.8407614,3.3368623,2.832963,2.3290637,1.8251646,1.5397407,1.2543168,1.0642512,0.87418544,0.6841198,0.6772473,0.5950027,0.60005754,0.6051124,0.5977712,0.59043,0.574775,0.55912,0.5574594,0.613858,0.48613024,0.35840246,0.2306747,0.21028164,0.18988857,0.1694955,0.1694955
22511300070111,1.3528324,1.3528324,1.3528324,1.0592382,1.3170377,1.211073,1.2066349,1.2021968,1.1977588,1.1423965,3.7834733,6.42455,9.065627,8.342703,7.6197796,6.813992,6.179343,5.5446944,4.9100456,4.275397,3.6407478,3.006099,2.37145,1.7368011,1.5352453,1.3336893,1.1321335,0.9305775,0.7290216,0.5274657,0.5405756,0.5536855,0.5667954,0.63072723,0.6946591,0.6904431,0.6862271,0.6377947,0.5499165,0.46203834,0.37416017,0.286282,0.29275608,0.29923013,0.3057042,0.332802
22511300070121,1.1676039,1.1676039,1.1676039,1.0430413,1.0805176,1.2608085,1.2121525,1.1634965,1.1148405,1.0341268,1.0670645,2.7095857,4.352107,5.994628,7.6371493,6.8164687,6.1495857,5.4827027,4.86936,4.256017,3.6426744,3.0293317,2.415989,1.8026462,1.4674727,1.0940739,0.720675,0.3472761,0.5921593,0.6133052,0.6084432,0.6035812,0.5987192,0.6192338,0.6397484,0.6579996,0.6762508,0.5283583,0.47959208,0.43082586,0.38205963,0.3332934,0.39025024,0.4472071,0.1876876,0.3735809
22511300070131,1.5389627,1.5389627,1.0325797,1.1379378,1.0869521,1.1147178,1.4840719,1.2678158,1.0515597,0.9460052,1.3625613,2.9364517,4.510342,6.084233,7.658123,6.8842993,6.003519,5.1227393,4.3640914,3.7670393,3.259205,2.751371,2.2435367,1.7357024,1.5316461,1.3275898,1.0095519,0.691514,0.6026774,0.6669686,0.667895,0.5627294,0.5496756,0.5828125,0.6159494,0.6553608,0.6947722,0.5078345,0.5311443,0.3811348,0.2311253,-0.0141691,0.7416374,0.5251027,0.2045121,0.3963082
22511300070141,1.0747185,1.3376715,1.2315882,1.1130496,1.1296093,1.0716898,1.11882,1.2656152,1.0127188,1.0142595,1.1192408,4.95889,8.798539,8.321948,7.5946193,6.9027853,5.957369,5.2053337,4.344165,3.620041,3.150523,2.681005,2.211487,1.741969,1.3391808,1.29454,1.0848938,0.8752476,0.7021923,0.7232895,0.7102553,0.5729041,0.5513312,0.59438473,0.6374383,0.67364806,0.7098578,0.6131415,0.4277499,0.4190912,0.4104325,0.2886516,0.4221604,0.4187036,0.1754076,0.3967753
22511300070151,1.037283,0.9689039,1.02347,1.0564713,1.0701354,1.121964,1.1469938,1.0899271,1.0849859,1.0078455,1.112997,4.9176087,8.72222,8.334587,7.683424,6.881448,5.9843826,5.2912884,4.313259,3.634585,3.1788554,2.7231262,2.267397,1.8116676,1.5028878,1.1941082,0.9739377,0.7537672,0.6295965,0.6432381,0.7041886,0.5758611,0.5394243,0.6211892,0.702954,0.7133539,0.7237537,0.5365553,0.5208497,0.42137924,0.32190877,0.2224383,0.5683907,0.5123495,0.2461441,0.537539
22511300070161,1.0361819,1.0361819,1.0361819,1.0708961,1.1718853,1.034014,1.2627392,1.127667,1.1746705,0.9134668,0.7343188,4.8595605,8.984802,8.0956545,7.64047,6.849249,6.0552998,5.2435412,4.3131247,3.6149366,3.147316,2.6796954,2.2120748,1.7876754,1.3137046,1.1377753,0.9102641,0.6827529,0.6198322,0.6394249,0.6284102,0.477269,0.5104914,0.5800174,0.6495434,0.6483824,0.6472215,0.5896455,0.5940948,0.53061783,0.4671409,0.403664,0.34018704,0.2767101,0.2987367,0.3842554
22511300070171,1.0560697,1.0560697,1.0560697,1.1161023,1.1133184,1.143794,1.1081197,1.0724455,1.0367713,1.0149517,1.0622222,4.8751273,8.688033,8.128096,7.568159,6.7786727,5.997479,5.3007812,4.335294,3.6726391,3.1457837,2.618928,2.2526574,1.8192208,1.4642466,1.0887239,0.9372984,0.785873,0.6344475,0.6016227,0.5484192,0.4450802,0.5360829,0.5941662,0.6522495,0.6484541,0.6446587,0.5132426,0.6251602,0.56867915,0.5121981,0.4557171,0.39923605,0.342755,0.2154798,0.3210934
22511300070181,1.0461583,1.0461583,1.0461583,1.1498368,1.1357172,1.1853968,1.1369752,1.0885535,1.0401319,0.9602614,1.0259625,2.6559148,4.285867,5.9158196,7.5457716,6.92327,5.913738,4.904205,4.446684,3.4341753,3.0463903,2.658605,2.1833448,1.7955173,1.4517981,1.3253938,1.0085508,0.6917078,0.7725438,0.6771295,0.59317,0.6082942,0.6338176,0.62228054,0.6107435,0.6462926,0.6818418,0.5645584,0.5495207,0.46726054,0.38500038,0.3027402,0.3355193,0.3682984,0.2455714,0.4508578
22511300070191,1.0789014,1.0789014,1.0789014,1.1686131,1.0789084,1.0613812,0.9905949,1.0390182,1.0874414,0.9794473,1.2028338,4.897135,8.591435,8.045024,7.498613,6.795185,6.004302,5.1565065,4.287399,3.622169,3.045658,2.4691472,2.166137,1.722423,1.5123835,1.2870533,0.978908,0.6707627,0.6324825,0.7257125,0.6427318,0.6763618,0.5390438,0.61296785,0.6868919,0.6694142,0.6519365,0.6902241,0.7385073,0.59277856,0.44704983,0.3013211,0.3923844,0.4820529,0.3290631,0.4419371
22511300070201,1.0601403,1.0601403,1.0601403,1.0728648,1.1032767,1.0625128,1.0569707,1.0514287,1.0458866,0.9514233,0.9077423,2.5708036,4.233865,5.8969264,7.5599875,6.6782956,5.964586,5.033401,4.257302,3.5907605,3.1158037,2.6408472,2.1658905,1.6909337,1.4403389,1.189744,1.0182605,0.846777,0.6752935,0.7434084,0.741068,0.5541363,0.6118469,0.60807824,0.6043096,0.63371533,0.6631211,0.6031106,0.6037875,0.5752595,0.5467315,0.5182035,0.4896755,0.4611475,0.356229,0.3658702
22511300070211,1.2333055,1.2333055,0.9987146,1.0567758,1.0739958,1.1501004,1.4855382,1.4758115,1.0139389,0.9678519,0.877789,4.747333,8.616877,8.287869,7.565324,6.756902,5.929989,5.075584,4.261835,3.547516,3.073183,2.59885,1.910153,1.7449349,1.3465612,1.2533948,1.0603644,0.7160902,0.6911029,0.6810128,0.7128991,0.5957345,0.6218124,0.6094437,0.597075,0.6348624,0.6726498,0.6031902,0.5632549,0.4102285,0.2572021,0.3432234,0.39936215,0.4555009,0.3483846,0.378714
22511300070221,1.4401267,1.4401267,0.9704381,1.085713,1.0704905,1.1945148,1.2412951,1.5120717,1.0629725,0.9622287,0.8632392,3.3864028,5.9095664,8.432731,7.524187,6.750622,5.9653144,5.1198907,4.281422,3.5634892,2.99499,2.4264913,2.028136,1.7852496,1.5550736,1.3248976,1.1226349,0.9203721,0.744805,0.7762337,0.5810967,0.5459312,0.532679,0.6091748,0.6856706,0.70374763,0.7218247,0.5602714,0.5983774,0.5277241,0.45707074,0.3864174,0.47007045,0.5537235,0.3739055,0.4745249
22511300070231,1.1263463,0.8206897,0.9928925,0.9910656,1.012471,0.9540446,1.0905778,1.0459635,1.0013492,0.903968,0.8932847,7.0395827,7.223038,7.406494,7.58995,6.6931334,5.892429,5.137773,4.2734013,3.5799398,3.1209722,2.6620047,2.2030373,1.7440697,1.486041,1.1931916,0.7703812,0.7501971,0.6910887,0.6236948,0.6089538,0.5288586,0.5645742,0.63214546,0.6997167,0.6931665,0.6866163,0.5246783,0.5924392,0.5703132,0.5481872,0.5260612,0.5039352,0.4818092,0.3331373,0.3739617
22511300070241,0.8827356,1.105069,1.0233527,1.0571837,1.0552559,1.0292773,1.0098873,1.1812714,0.9709581,0.9011546,0.9277273,7.063601,8.689145,8.179042,7.5171123,6.777253,5.9063525,5.0928607,4.308585,3.5627353,3.1513455,2.7399554,2.3708723,1.8456943,1.4736913,1.1417408,0.7889854,0.7967287,0.7084909,0.6476487,0.6520597,0.5432744,0.6153136,0.67312986,0.7309461,0.7303577,0.7297693,0.5336801,0.4466182,0.31034145,0.1740647,0.3480883,0.4003876,0.4137415,0.3579843,0.4060965
22511300070251,0.94167,1.0255713,0.9441832,0.9927408,0.9764252,0.931023,1.0116308,1.021277,0.973158,0.8709613,0.813082,7.123307,8.674528,8.320963,7.5342755,6.7758675,5.7984695,5.04422,4.260762,3.6527667,3.1630707,2.673375,2.2802205,1.8870662,1.4830565,1.1059228,1.0091192,0.9123155,0.7039891,0.6550679,0.6056134,0.5498808,0.5884865,0.58414686,0.5798072,0.61747026,0.6551333,0.5737856,0.50822836,0.44267115,0.37711394,0.3115567,0.4685286,0.4354739,0.2777489,0.4252596
22511300070261,0.9949375,0.7595959,0.9854101,1.0508462,0.9595867,0.9346077,1.0602425,1.0483778,0.9531376,0.9013954,0.8885638,7.178777,8.712792,8.174181,7.4037924,6.647663,5.8527284,5.1010528,4.2962294,3.5644333,3.134988,2.7055428,2.425356,1.7401805,1.466366,1.1731292,0.8367132,0.7269282,0.633456,0.6029335,0.5693629,0.5170744,0.4829873,0.5042594,0.5255315,0.58774936,0.6499672,0.5622901,0.499813,0.62918633,0.7585597,0.5517364,0.3615954,0.4997784,0.2327703,0.4358103
22511300070271,1.0218244,1.0334064,0.9746698,0.9904411,1.020525,1.0136427,1.0809387,0.9737634,0.9625794,0.8611945,0.8598858,7.069233,8.644199,8.165698,7.4122057,6.686227,5.8640494,5.057612,4.2214136,3.6426418,3.0788245,2.5150075,1.8550076,1.6213926,1.3593017,1.1299685,0.9637956,0.7153418,0.6194041,0.6086494,0.5201334,0.5777275,0.4631914,0.5121621,0.5611328,0.599189,0.6372452,0.5232295,0.5015544,0.3989149,0.2962754,0.1559123,0.1256983,0.4508731,0.2407292,0.378926
22511300070281,0.8721754,0.89773417,0.9232929,1.0297029,0.9746192,1.0025282,1.0473965,1.0757831,0.9848158,0.9167473,0.833702,2.4727926,4.111883,5.750974,7.3900647,6.6707954,5.873439,5.0673623,4.2580643,3.5132377,2.977498,2.4417586,2.2187765,1.6814553,1.4307228,1.1189388,1.02318,0.7118253,0.6655999,0.6142376,0.6090564,0.5795665,0.3935749,0.51345015,0.6333254,0.6380404,0.6427555,0.5323141,0.4723601,0.49666294,0.5209658,0.392516,0.39295715,0.3933983,0.2682484,0.3297055
22511300070291,1.0754586,1.0461259,1.0167933,0.9815175,1.0043371,0.9911614,1.0791775,1.0610855,1.0429935,0.9267311,0.8049029,3.2280898,5.6512766,8.074464,7.4284253,6.636877,5.859969,5.0315466,4.2167654,3.513598,2.9847677,2.4559374,2.0673819,1.6942354,1.3865367,1.1209878,0.9266742,0.7812797,0.5623279,0.6313748,0.5827799,0.491989,0.49914,0.54168016,0.5842203,0.5932305,0.6022407,0.5423181,0.5438488,0.46127555,0.3787023,0.3280347,0.2483059,0.3364729,0.2468217,0.3770268
22511300070301,0.9964138,1.1842443,0.9829159,0.9982424,0.9999562,0.969784,1.0195327,0.994342,0.9691513,0.8873218,0.8183922,4.5725036,8.326615,8.005869,7.349895,6.6459246,5.870299,5.0491157,4.209724,3.5311267,3.0373774,2.5436277,2.140604,1.7116089,1.4323545,1.094808,0.9222553,0.7106169,0.6041713,0.6377319,0.5919954,0.5771889,0.4732252,0.5255005,0.5777758,0.582064,0.5863522,0.5426738,0.543173,0.52184623,0.5005195,0.3526276,0.2842293,0.4818756,0.1434794,0.4398334
22511300070311,0.9928594,1.0839651,0.9679908,0.9855881,0.9635533,0.9712965,1.0427209,1.0088973,0.9750736,0.8874771,0.8672541,6.646096,8.445652,8.059031,7.372584,6.641232,5.821106,5.005945,4.228534,3.5604148,3.0078154,2.455216,2.0960536,1.6865793,1.4518433,1.1620365,0.9408932,0.7289139,0.6267598,0.6233087,0.5809797,0.4866536,0.4806928,0.53100425,0.5813157,0.609307,0.6372983,0.4885484,0.5285843,0.4910436,0.4535029,0.3121379,0.3063413,0.4369554,0.2065255,0.3829391
22511300070321,1.0097306,1.0202698,1.030809,1.022761,1.0189269,1.009294,1.0828246,1.0522716,1.0217187,0.9343836,0.8799895,3.2735212,5.6670527,8.060585,7.391811,6.6491175,5.8615513,5.0567784,4.234107,3.5728261,3.0373538,2.5018814,2.1866007,1.7598915,1.4581292,1.1808207,0.9807306,0.8191509,0.6266027,0.6373667,0.6460833,0.5866784,0.5133547,0.5781434,0.6429321,0.631275,0.6196179,0.6042783,0.6019928,0.5377361,0.4734794,0.3629126,0.4460175,0.4176444,0.2365551,0.4754423
22511300070331,0.9840754,1.018609,1.0531425,1.0439363,1.0173295,1.0281229,1.0991845,1.0650018,1.0308192,0.934217,0.8717325,6.7636833,7.4169097,8.070136,7.411472,6.618064,5.863529,5.0661993,4.269808,3.5557227,3.0282288,2.5007348,2.0707176,1.722917,1.424316,1.196001,0.9194576,0.7979622,0.6897768,0.6869292,0.6067496,0.5788742,0.4962665,0.5812865,0.6663065,0.6600081,0.6537096,0.6205552,0.6013118,0.53579843,0.4702851,0.3202981,0.3675856,0.4635208,0.2764861,0.4089603
22511300070341,1.0284591,1.0181863,1.0079135,0.9808057,0.9992579,0.9858686,1.0624555,1.4773827,0.9865669,0.8619107,0.8596323,3.2371378,5.6146436,7.992149,7.3215423,6.5846834,5.788398,5.0020733,4.2308297,3.5200293,3.0040994,2.4881694,2.1158738,1.696163,1.3741558,1.1534692,0.9288395,0.7878497,0.6381761,0.6093757,0.5291583,0.5116476,0.4630989,0.54099506,0.6188912,0.6088361,0.598781,0.5114473,0.5348496,0.47438404,0.4139185,0.3303786,0.3504332,0.3973804,0.2457877,0.4227703
22511300070351,0.9826077,0.9726337,0.9626597,0.9766658,0.9876886,0.9807165,1.0352311,1.2200919,0.9684888,0.8423895,0.8674772,3.242219,5.616961,7.9917026,7.3180294,6.589931,5.7641363,4.9879713,4.18654,3.5140026,2.9899023,2.465802,2.1489718,1.7209004,1.387075,1.1515683,0.9507933,0.7344347,0.6385781,0.6242255,0.5621189,0.5553586,0.5210131,0.5420556,0.5630981,0.5885357,0.6139733,0.5059944,0.5621749,0.4548004,0.3474259,0.3624051,0.3721506,0.3379773,0.2621688,0.3440831
22511300070361,0.9765168,0.97755414,0.9785915,0.9643615,0.9754743,0.9814702,1.0269928,1.045444,0.9754337,0.8538582,0.8608964,6.7150664,8.266048,7.946058,7.297198,6.5856743,5.8046727,4.957571,4.2059855,3.5019505,3.0257442,2.5495377,2.1460526,1.7012111,1.409488,1.1105968,0.9021261,0.7399878,0.6432386,0.6283971,0.5671485,0.594249,0.5461977,0.57208234,0.597967,0.61029744,0.6226279,0.5004951,0.5493048,0.464792,0.3802792,0.3710956,0.4387779,0.3945836,0.2817234,0.3705718
22511300070371,0.9135108,0.9264159,0.939321,0.9630158,0.9695904,0.9644327,1.0146008,1.1511096,0.9797718,0.8794433,0.845932,6.7593083,8.224584,7.904791,7.3257813,6.572512,5.782969,4.997781,4.220737,3.5104322,3.0858724,2.6613126,2.1139574,1.7231079,1.4051745,1.149444,0.9548071,0.7332983,0.6128252,0.6240597,0.5127787,0.6375066,0.5106563,0.5701617,0.6296671,0.6071474,0.5846277,0.5384178,0.5612425,0.5158579,0.4704733,0.3435188,0.4008573,0.3502462,0.2633629,0.3981604
22511300070381,0.9620754,0.9601271,0.9581788,0.9377086,0.964053,0.9398393,1.025681,1.2204947,0.9649125,0.8640931,0.8377408,6.632304,8.251448,7.929548,7.2780757,6.5490937,5.8230715,4.980258,4.2233105,3.4916806,3.0121257,2.532571,2.0712256,1.6880391,1.3948442,1.1170393,0.90891,0.7666578,0.635007,0.6135966,0.5757097,0.612119,0.52327,0.5712199,0.6191699,0.6067324,0.594295,0.5146051,0.5349994,0.4949952,0.454991,0.3848178,0.376584,0.421047,0.3444442,0.4006943
22511300070391,0.937742,0.9516707,0.9655994,0.9803146,0.9385609,0.9529283,1.089053,1.0414308,0.9938087,0.8546176,0.8666933,6.5912642,8.2493515,7.906626,7.251259,6.55698,5.800877,4.985197,4.2141004,3.4800377,3.0152252,2.5504127,2.0896413,1.7252249,1.4073263,1.1394717,0.9323986,0.7588134,0.6071817,0.6276861,0.5960057,0.5798179,0.5567158,0.5734259,0.590136,0.5979161,0.6056962,0.558385,0.5612689,0.5213541,0.4814392,0.3608708,0.3884172,0.403729,0.3289744,0.3786933
22511300070401,0.9547118,0.4802838,0.9563805,0.9641355,0.9639795,0.9887965,1.0512335,1.0075558,0.9638783,0.8591418,0.8610399,6.5694103,8.247009,7.913745,7.2445936,6.5457234,5.790129,4.97935,4.1783857,3.507375,3.016705,2.5260353,2.0998156,1.7123269,1.414889,1.1235574,0.9086846,0.7718654,0.6284696,0.6153571,0.5523537,0.5573957,0.5296169,0.5668665,0.6041161,0.6129252,0.6217342,0.5635381,0.5236012,0.5124162,0.5012312,0.3637665,0.3964506,0.4516256,0.3576676,0.3954975
22511300070411,0.9847946,0.6997909,0.982687,0.9344336,0.975064,0.9654351,0.9866538,0.97011375,0.9535737,0.859717,0.8299399,4.521766,8.213593,7.9126725,7.238984,6.5515156,5.7915044,4.9887586,4.1702986,3.5301123,2.9725657,2.4150193,2.0744152,1.7142725,1.3997529,1.1079094,0.9081782,0.7258404,0.6346176,0.6128601,0.6044475,0.5534383,0.5237885,0.55289185,0.5819952,0.61025655,0.6385179,0.5319522,0.5496222,0.4988838,0.4481454,0.3876667,0.3803915,0.4376207,0.3320833,0.4376632
22511300070421,0.9692174,1.0547212,0.9212388,0.9173346,0.927745,0.9110021,1.0144128,0.9585486,0.9791671,0.7937773,0.8109303,4.496916,8.182901,7.872857,7.206099,6.516257,5.66451,4.92934,4.151244,3.466533,2.924831,2.3831291,2.0575738,1.6551692,1.3807704,1.0689876,0.8950983,0.7356402,0.6124612,0.5856396,0.5355765,0.5449336,0.4780057,0.528294,0.5785824,0.5972596,0.6159368,0.5461511,0.5324825,0.50221735,0.4719522,0.346383,0.2915619,0.3998987,0.2792439,0.4094823
22511300070431,0.9433992,0.9740126,0.9668264,0.9355194,0.9484067,0.9410897,1.016051,0.947352,0.9474009,0.8227844,0.7874138,6.4498525,8.145717,7.8522015,7.189548,6.5104012,5.7403145,4.9018555,4.169646,3.44902,2.9010751,2.3531306,2.0373316,1.6602196,1.3600538,1.1153206,0.8708301,0.7301124,0.6197064,0.5948158,0.5793123,0.5481878,0.500178,0.5436248,0.5870716,0.60979015,0.6325087,0.5353324,0.5360693,0.5006255,0.4651817,0.335213,0.3333869,0.3477023,0.2373879,0.3291925
22511300070441,0.9272208,0.9967626,0.9199581,0.9692133,0.9587306,0.9390585,0.9921163,0.9649044,0.9641723,0.8269829,0.8063006,6.4119134,8.130331,7.801988,7.152107,6.471921,5.7187796,4.928686,4.1451993,3.4668114,2.9450657,2.4233203,2.0632837,1.6693678,1.3591943,1.101088,0.917215,0.6800746,0.6068977,0.5959951,0.5638476,0.5356899,0.4531067,0.4990671,0.5450275,0.570394,0.5957604,0.5119243,0.5199958,0.493334,0.4666722,0.3326492,0.3184604,0.4033702,0.2491425,0.4038046
22511300070451,0.9248308,1.10659,0.9231731,0.9548418,0.967284,0.9219869,0.992324,1.1072725,0.9603487,0.8160359,0.8648075,6.4144425,8.125531,7.8106055,7.193684,6.4895535,5.715535,4.9054847,4.1647873,3.483129,2.9825912,2.4820535,2.074652,1.6808597,1.351623,1.0790106,0.8921861,0.7050631,0.6010512,0.549878,0.5478824,0.5222047,0.5124359,0.5521713,0.5919067,0.5628663,0.5338259,0.5455483,0.5288083,0.4570452,0.3852821,0.3301027,0.3538857,0.3144569,0.2580847,0.367874
22511300070461,0.9260285,1.2016367,0.9450901,0.9671004,1.002065,0.9723587,1.00293,1.147704,0.9927519,0.8806742,0.8076102,6.472031,8.185134,7.835438,7.215851,6.4975543,5.7334394,4.942871,4.145696,3.4990613,2.9704652,2.441869,2.0843682,1.6983124,1.3971131,1.1331538,0.9207193,0.7663887,0.6566975,0.6047046,0.5544907,0.54461,0.4714667,0.5169717,0.5624767,0.5797169,0.5969571,0.5481425,0.5264007,0.53001446,0.5336282,0.3483972,0.3764467,0.4103615,0.2951085,0.4025941
22511300070471,0.9093762,0.6603038,0.9648007,0.9512375,0.9528284,0.9474281,0.9813901,1.1360751,0.9961768,0.8816279,3.6421216,6.402615,8.154145,7.862016,7.2120733,6.512768,5.7717366,4.928579,4.178951,3.4576793,2.9662726,2.474866,2.1165855,1.7105649,1.359914,1.1026745,0.9926307,0.7481328,0.6288786,0.6220661,0.5812983,0.5870508,0.5233803,0.5775641,0.631748,0.6303235,0.628899,0.5749941,0.5224865,0.5140498,0.5056131,0.3628872,0.4228372,0.3519966,0.2994086,0.4354974
22511300070481,0.9755779,0.95525366,0.9349294,0.9668307,0.9746398,0.9790832,0.9743104,0.96651155,0.9587127,0.8884298,3.631368,6.374306,8.115925,7.831532,7.17171,6.492364,5.7576437,4.932051,4.1903033,3.4694943,2.9638786,2.4582627,2.1103454,1.6862411,1.415548,1.175793,0.9550623,0.7424129,0.6554157,0.6168591,0.5724826,0.5879111,0.5194459,0.56147695,0.603508,0.61305934,0.6226107,0.5934883,0.5352845,0.47008035,0.4048762,0.3781721,0.3806608,0.4527745,0.3124755,0.371199
22511300070491,0.9526642,0.97314864,0.9936331,0.9769471,0.9724082,0.9655553,1.1213919,1.0339956,0.9465994,0.8696813,0.8884586,6.405049,8.075191,7.8020687,7.1929593,6.4980392,5.736162,4.957322,4.1797347,3.49194,2.9966266,2.5013132,2.1322126,1.7250714,1.4367932,1.1292329,0.9787686,0.7423922,0.6497569,0.6334456,0.5730843,0.5841592,0.5482904,0.6003117,0.652333,0.64954686,0.6467607,0.5392597,0.538584,0.5417876,0.5449912,0.335778,0.3846188,0.3880689,0.2708452,0.4374005
22511300070501,1.2856256,1.4971149,0.9408263,1.0083343,0.9637146,0.8945791,1.0639294,1.2332798,0.9772133,0.8742797,0.7667376,6.1994977,8.037636,7.8737993,7.163955,6.4741125,5.722994,4.9452915,4.155757,3.4075873,2.9528313,2.4980752,2.104175,1.7150353,1.3799767,1.1045552,1.0530632,0.7655316,0.6380367,0.6373095,0.61332,0.5632854,0.5780337,0.6346431,0.6912525,0.6608649,0.6304773,0.5434104,0.5538955,0.4506458,0.3473961,0.3050645,0.3317388,0.369432,0.2921984,0.3973421
22511300070511,0.9261319,0.9505154,0.9067769,0.9154047,0.8968865,0.9240889,0.9837615,1.0434341,0.9443236,0.7986525,0.8716932,6.093943,6.969775,7.8456078,7.112289,6.4314723,5.7098317,4.8928723,4.1464925,3.4645946,2.9456153,2.4266362,2.0835207,1.6428472,1.3197325,1.085039,0.8593732,0.7477346,0.5773765,0.5978158,0.5616908,0.5491049,0.4945769,0.5213039,0.5480309,0.5737268,0.5994227,0.5158345,0.5219518,0.43431786,0.3466839,0.3295228,0.2781587,0.4041019,0.2381522,0.3825166
22511300070521,1.0679356,1.004656,0.8963541,0.9311981,0.936514,0.9432918,0.9877069,1.032122,0.9478525,0.8382626,0.784818,6.1532626,6.4814487,6.8096347,7.1378207,6.453453,5.7186155,4.923158,4.1241646,3.4380867,2.9316769,2.425267,2.060865,1.6572407,1.3147765,1.1070971,0.9465002,0.7597248,0.6098764,0.6210081,0.5729782,0.5382558,0.4853213,0.52792233,0.5705234,0.57156503,0.5726067,0.4957309,0.5247169,0.4042109,0.2837049,0.3065293,0.338935,0.3764752,0.2271469,0.3505382
22511300070531,0.9157966,1.0059144,0.9058672,0.9611643,0.9698839,0.9827437,0.99031794,0.9978922,0.9731546,0.8262632,0.7977909,6.079234,6.426008,6.7727823,7.1195564,6.4471884,5.703863,4.9078045,4.1307287,3.4448397,2.946525,2.4482107,2.0300908,1.7292448,1.4158039,1.1188817,0.8804498,0.7725718,0.6124008,0.6296779,0.606806,0.5550915,0.4938897,0.54702985,0.60017,0.6040274,0.6078848,0.5099371,0.513365,0.2369655,-0.039434,0.365695,0.3535371,0.4375076,0.1965214,0.3437473
22511300070541,0.9843394,1.104214,0.9634942,0.9762036,0.9787888,0.9801094,0.8778453,1.0909559,1.0096661,0.8770303,0.7663286,6.155464,6.465947,6.77643,7.086913,6.4332504,5.6888614,4.9097047,4.1202793,3.3565924,2.8481126,2.3396327,1.9768116,1.644015,1.4861665,1.1042832,0.9653216,0.7338683,0.6450061,0.6297345,0.6157538,0.5293406,0.5042906,0.57594806,0.6476055,0.6592983,0.6709911,0.5328,0.5455656,0.4654534,0.3853412,0.2493121,0.2691733,0.4111194,0.2251093,0.364583
22511300070551,0.9295207,1.0414352,0.9211941,0.9839479,0.9197803,0.9566185,1.1448472,1.046686,0.8889372,0.8315874,0.8121994,6.1901956,6.488103,6.7860107,7.083918,6.418743,5.7002788,4.867001,4.0678997,3.413708,2.979933,2.546158,2.112383,1.678608,1.3657869,1.0529659,0.8729331,0.7513544,0.60739,0.5684184,0.6012262,0.5879919,0.529848,0.53553075,0.5412135,0.57998157,0.6187496,0.5267416,0.4767648,0.40968004,0.3425953,0.2857852,0.3101956,0.3965472,0.2862476,0.3513118
22511300070561,1.0217332,1.0192317,0.9165059,0.916654,0.9034534,0.8998022,1.0225432,1.0122133,0.9520788,0.7815993,0.7792956,2.3535314,3.9277673,5.502003,7.0762386,6.429893,5.6488223,4.874322,4.096313,3.3696275,2.8984373,2.427247,1.9560567,1.6391943,1.3566976,1.0742009,0.9087128,0.6828956,0.587419,0.579153,0.5940917,0.5422892,0.482438,0.5147187,0.5469994,0.5642155,0.5814316,0.5714318,0.48271,0.4307187,0.3787274,0.2899641,0.3187102,0.2954159,0.2306928,0.2886413
22511300080011,1.3405187,1.4111603,1.3264805,1.3981093,1.3225147,1.3352444,1.320822,1.3063997,1.2919773,1.2628168,1.1436754,9.049367,9.866803,9.246123,8.366861,7.492368,6.6178756,5.7550807,4.842934,4.09633,3.5438623,2.9913943,2.4760003,2.1137369,1.8103641,1.433963,1.1859162,0.966759,0.7535217,0.7140819,0.6976792,0.6909222,0.6263105,0.64882934,0.6713482,0.678345,0.6853419,0.5892039,0.5799107,0.49406114,0.4082116,0.4067451,0.3960662,0.3906296,0.307967,0.3844646
22511300080021,1.3219198,1.3765332,1.314186,1.3284994,1.389613,1.3477527,1.3326364,1.3175199,1.3024035,1.225852,1.18009,9.170186,10.014081,9.253466,8.440696,7.4998455,6.558995,5.695468,4.842565,4.114308,3.5416596,2.9690115,2.549808,2.039263,1.7068138,1.4003161,1.1874124,0.968135,0.8012139,0.7487208,0.6905669,0.6885871,0.5659871,0.6054137,0.6448403,0.68148917,0.718138,0.5981514,0.5638521,0.49582386,0.4277956,0.3526051,0.4179086,0.4009121,0.2691545,0.4321605
22511300080031,1.3285376,1.4156595,1.3092177,1.3946509,1.395204,1.3339736,1.3394723,1.344971,1.3057945,1.2210778,1.1507566,9.273697,9.93673,9.314452,8.453349,7.5364275,6.619506,5.741758,4.7713537,4.0456605,3.4974754,2.9492903,2.5303092,2.0194614,1.7492934,1.4227483,1.209552,0.9651084,0.7622463,0.6935406,0.7118098,0.6613599,0.5969723,0.619349,0.6417257,0.6786796,0.7156335,0.5618538,0.605991,0.4876678,0.3693446,0.3548539,0.3904171,0.410048,0.3235449,0.4330697
22511300080041,1.3469846,1.3730313,1.3615661,1.3610686,1.3837285,1.3821014,1.367601,1.3531007,1.3378886,1.3157307,1.1781663,9.379416,10.062488,9.387987,8.502483,7.594107,6.6857314,5.707937,4.883413,4.114338,3.5474665,2.980595,2.5661786,2.0731227,1.7736797,1.4714023,1.2199159,0.9664448,0.8103922,0.7547054,0.6719253,0.6897284,0.6253232,0.6628459,0.7003686,0.7196007,0.7388327,0.6478642,0.5795752,0.48495534,0.3903355,0.4260099,0.4402993,0.4295993,0.293515,0.4760026
22511300080051,1.3385777,1.4028481,1.3822972,1.3976797,1.3861784,1.3858743,1.3910769,1.4115939,1.322885,1.2617991,1.1797978,9.418214,10.203156,9.424564,8.531796,7.607752,6.6837077,5.788223,4.9073696,4.1605406,3.5937924,3.0270443,2.539809,2.0617597,1.751126,1.4878962,1.1910663,0.9862038,0.8105156,0.7689562,0.6640478,0.7345313,0.6262288,0.65465873,0.6830887,0.7129467,0.7428047,0.6462283,0.5729755,0.5156875,0.4583995,0.4216091,0.4839023,0.4348155,0.373299,0.4078385
22511300080061,1.3440857,1.3666708,1.3127748,1.397515,1.3823152,1.3497812,1.4179358,1.403268,1.3252383,1.2767298,1.1807334,9.580932,10.160742,9.523546,8.592715,7.6762843,6.717492,5.7555237,4.9307528,4.127736,3.5422695,2.956803,2.5248077,2.0842454,1.7609636,1.4413915,1.1875774,0.9824786,0.8032874,0.7388554,0.7179223,0.7012218,0.5801527,0.6471703,0.7141879,0.7253631,0.7365382,0.6284652,0.6041212,0.5231159,0.4421105,0.3806066,0.4459497,0.4171531,0.3407328,0.4580568
22511300080071,1.3214574,1.3937697,1.2974079,1.3812613,1.4112474,1.3706056,1.4129778,1.352459,1.3528816,1.2552108,1.1984369,9.638455,10.328264,9.547238,8.620172,7.683883,6.747595,5.7930884,4.907549,4.142914,3.6168973,3.0908809,2.552814,2.0403006,1.7556282,1.4759438,1.218275,0.9785815,0.7636136,0.7638488,0.648052,0.6842331,0.6057828,0.63919723,0.6726117,0.6913139,0.7100161,0.6061818,0.5963606,0.5148843,0.433408,0.3948261,0.4205811,0.4214075,0.3875359,0.4102414
22511300080081,1.3199409,1.3539405,1.3172774,1.3882217,1.3479656,1.358966,1.4470077,1.3809925,1.3558514,1.255024,1.2069612,9.715963,10.270869,9.562838,8.628667,7.6878076,6.7469482,5.806089,4.949525,4.1514416,3.5693047,2.987168,2.5580652,2.0814383,1.7494696,1.4722569,1.186629,0.9754482,0.8183884,0.7498511,0.6804421,0.6775324,0.636484,0.67712015,0.7177563,0.7406194,0.7634825,0.6352593,0.6359887,0.56604826,0.4961078,0.4345814,0.4608201,0.4353451,0.3930829,0.4629896
22511300080091,1.3211491,1.3895375,1.3233874,1.3630941,1.3479493,1.3826555,1.3569508,1.3661809,1.3161334,1.2736828,1.2005442,9.786923,10.3705,9.626719,8.668443,7.654178,6.7492485,5.8443184,4.9277925,4.1414995,3.581192,3.0208843,2.5561097,2.0686574,1.7609797,1.408286,1.1784207,0.9496423,0.7824613,0.7077593,0.7712971,0.7143904,0.7427691,0.7604593,0.7781495,0.7877067,0.7972639,0.741931,0.7346916,0.6443872,0.5540828,0.5218718,0.5466801,0.4690373,0.4795208,0.5653162
22511300080101,1.2983598,1.3849156,1.339424,1.3724213,1.3372988,1.359517,1.3916316,1.3785828,1.29096,1.2894396,1.1911576,9.837309,10.392758,9.611604,8.66572,7.6964555,6.770576,5.844696,4.9541683,4.1264806,3.5788279,3.031175,2.5356772,2.0462258,1.737304,1.426744,1.1857682,0.9569309,0.8102818,0.7564183,0.680436,0.6852998,0.6802523,0.7230505,0.7658486,0.774502,0.7831553,0.6807374,0.7199828,0.6374687,0.5549546,0.4875706,0.5106464,0.4991842,0.4706561,0.537745
22511300080111,1.3749671,1.4305456,1.3516016,1.4200675,1.4424207,1.4055802,1.3965452,1.3541157,1.3810409,1.2853066,1.2175997,9.918599,10.440078,9.660362,8.758013,7.7019053,6.7948003,5.887696,4.9897957,4.2362366,3.6400669,3.0438972,2.5577376,2.0898893,1.760414,1.4674816,1.2188123,0.9987348,0.8169142,0.723672,0.7421228,0.7419444,0.6634425,0.7246783,0.7859141,0.7996332,0.8133523,0.7087323,0.6976616,0.635918,0.5741744,0.513855,0.5340053,0.503336,0.5188943,0.5562003
22511300080121,1.3525192,1.4209671,1.3298917,1.379157,1.3978074,1.3695532,1.436742,1.4213077,1.3178139,1.2732877,1.2216146,9.971345,10.451151,9.661308,8.758982,7.79526,6.831538,5.867817,5.0153008,4.1755886,3.6029894,3.0303905,2.5819616,2.086322,1.7773342,1.4791683,1.1988142,1.0089638,0.8428023,0.8241565,0.7866864,0.7952649,0.7608099,0.7722708,0.7837317,0.81658113,0.8494306,0.7480563,0.7426869,0.6863785,0.63007,0.560932,0.6586058,0.5471254,0.5600453,0.6046425
22511300080131,1.3487718,1.3896933,1.352572,1.4046195,1.39108,1.3874649,1.4432219,1.3508294,1.3357332,1.285636,1.1695374,9.939557,10.47154,9.656692,8.710446,7.8129473,6.964252,5.9134464,4.979548,4.1781135,3.6158342,3.0535553,2.5856888,2.0962613,1.7395079,1.4764228,1.1995771,1.0401568,0.8867939,0.8590605,0.8084333,0.8232614,0.7848385,0.80588156,0.8269246,0.8360391,0.8451536,0.7468099,0.7856686,0.6953596,0.6050506,0.5333016,0.745033,0.5627991,0.5300543,0.6099968
22511300080141,1.3643855,1.484053,1.3775729,1.4141006,1.3739482,1.3745967,1.4339854,1.3799583,1.3555502,1.2418158,1.2197748,9.957162,10.48857,9.672043,8.740683,7.8607607,6.831404,5.9048104,5.0034013,4.1751647,3.625395,3.0756254,2.5655422,2.09036,1.759669,1.4430182,1.2103827,1.0257627,0.8496849,0.7909207,0.7831012,0.797523,0.7487307,0.7744346,0.8001385,0.80980605,0.8194736,0.7556853,0.7611325,0.6595501,0.5579677,0.5492627,0.6307266,0.5815614,0.5469186,0.5664679
22511300080151,1.3415987,1.3714813,1.3562652,1.3830495,1.37849,1.3360971,1.422106,1.3483222,1.2683568,1.2733303,1.1558723,10.012194,10.4522295,9.669334,8.736709,7.796591,6.832437,5.9025273,4.935488,4.1507854,3.568974,2.9871626,2.5435328,2.0425375,1.7076708,1.40542,1.1886469,0.9564514,0.8000137,0.7452518,0.7066351,0.6768452,0.6362971,0.67700446,0.7177118,0.7189556,0.7201994,0.6408545,0.6789834,0.5811699,0.4833564,0.4649801,0.5080633,0.4624228,0.4103024,0.4402198
22511300080161,1.2702353,1.38073,1.3023608,1.3201885,1.358299,1.3454018,1.3583709,1.350001,1.3212265,1.2331455,1.156972,9.983467,10.446044,9.6698885,8.735515,7.7272,6.8320236,5.875608,4.931044,4.1748714,3.5831966,2.9915216,2.5305514,2.0650244,1.7247415,1.414833,1.1455258,0.9501564,0.7975601,0.7747059,0.7268955,0.7670047,0.6648492,0.695908,0.7269668,0.7311924,0.735418,0.6664494,0.6349399,0.5682078,0.5014757,0.4666074,0.4480871,0.4676111,0.4274949,0.4247349
22511300080171,1.2618315,1.3562831,1.3197993,1.3707392,1.3346305,1.367519,1.4015846,1.3370599,1.2539275,1.2010725,1.1585219,10.049441,10.46489,9.698031,8.74099,7.778738,6.816239,5.8656106,5.0098567,4.1524644,3.573936,2.9954078,2.5183587,2.0219417,1.7454244,1.414867,1.1806693,0.9324237,0.829312,0.7732012,0.7521385,0.7406608,0.7019046,0.7268857,0.7518668,0.7683015,0.7847362,0.6459827,0.8298431,0.6777412,0.5256393,0.4577551,0.4646545,0.5099755,0.4449893,0.4503005
22511300080181,1.3056362,1.3654457,1.3141999,1.3787119,1.3771071,1.3698912,1.3777146,1.368233,1.2791431,1.2233413,1.2105511,10.059977,10.494522,9.707176,8.770061,7.818127,6.792996,5.863601,4.9473753,4.147786,3.5651603,2.9825344,2.5506282,2.059158,1.7157087,1.4368687,1.2258744,0.9604828,0.7851167,0.7200322,0.6601181,0.6956596,0.6607146,0.6873534,0.7139922,0.727008,0.7400238,0.6673462,0.66358006,0.65981394,0.6560478,0.430622,0.4602029,0.4804723,0.4180551,0.4501462
22511300080191,1.3242066,1.3723052,1.317525,1.3334001,1.4003985,1.352546,1.4126419,1.385837,1.3441427,1.2766593,1.175847,10.084208,10.590646,9.7557,8.8109,7.811136,6.8978934,5.9233623,4.9947333,4.2061896,3.5885618,2.9709337,2.5513964,2.0882156,1.7220896,1.4192756,1.2094872,0.9692661,0.8477086,0.7825345,0.7313583,0.7763266,0.6601422,0.7000561,0.73997,0.7337775,0.727585,0.6824741,0.65312576,0.62377745,0.5944291,0.4557186,0.5021505,0.478249,0.5048121,0.5024753
22511300080201,1.403717,1.398827,1.3695453,1.3945607,1.3781589,1.3181314,1.4610811,1.3853683,1.2963811,1.229927,1.183842,10.17984,10.522741,9.74772,8.832817,7.855578,6.8493776,5.9455447,4.9997945,4.234644,3.6378906,3.0411372,2.5460408,2.0911164,1.7755723,1.5234247,1.1541713,1.069225,0.8547836,0.8179154,0.7394319,0.790829,0.6637496,0.67241234,0.6810751,0.7373432,0.7936113,0.6789132,0.6467528,0.6145923,0.5824319,0.3820972,0.4661603,0.4376028,0.32795,0.4803021
22511300080211,1.3211493,1.4154854,1.370963,1.3630254,1.3600591,1.3850296,1.4011904,1.3341448,1.3007743,1.2395241,1.1854295,10.140529,10.52556,9.752819,8.813005,7.846638,6.8471174,5.925874,4.9974904,4.2404404,3.6274586,3.014477,2.599426,2.1255183,1.7941355,1.5737302,1.2339301,1.2005835,0.8000771,0.7412979,0.7283501,0.7258923,0.6159503,0.6300724,0.6441945,0.7092661,0.7743377,0.6227972,0.7650021,0.6085361,0.4520701,0.414212,0.4578142,0.5480158,0.4273083,0.4704184
22511300080221,1.3174515,1.376031,1.3359894,1.3552153,1.3820733,1.3246372,1.4051021,1.4038074,1.2975446,1.301907,1.1605979,10.162085,10.595557,9.776735,8.811073,7.8703284,6.9133406,5.954255,5.045547,4.2372966,3.6122217,2.9871466,2.566729,2.0777042,1.8165184,1.6155666,1.1786673,1.2010117,0.801419,0.8806331,0.76693,1.0060183,0.953595,0.96783096,0.9820669,1.0822697,1.1824725,0.9236746,0.8847975,0.7458374,0.6068773,0.6761904,0.7386342,0.7844126,0.7052898,0.6878442
22511300080231,1.3235604,1.3898941,1.2950937,1.3414968,1.407892,1.3900294,1.352441,1.3763964,1.3247043,1.3153353,1.2203869,10.217742,10.621439,9.780892,8.857338,7.905905,6.888236,5.967742,5.038988,4.204103,3.618632,3.033161,2.5591815,2.1324534,1.8779525,1.6187717,1.2324064,1.1488539,0.8018692,0.9168263,0.7660052,0.8396713,0.9496468,0.98527235,1.0208979,1.0682126,1.1155273,1.0036647,0.6405171,0.5662848,0.4920524,0.6348303,0.777171,0.7590388,0.5786037,0.764721
22511300080241,1.2999822,1.402973,1.3274684,1.3594875,1.4040477,1.3360566,1.3832053,1.4040462,1.3421026,1.2703212,1.1924201,10.2080765,10.588101,9.783226,8.851439,7.900339,6.9122944,5.9379287,5.040494,4.25024,3.6652865,3.0803332,2.5880587,2.1504714,1.8966832,1.679527,1.2724226,1.1706029,0.7406918,1.2213401,0.9105028,0.9317023,1.1700089,1.207896,1.2457832,1.2690095,1.2922359,1.2462772,0.5576658,0.671608,0.7855501,0.8314216,0.9722287,1.0089233,0.8385531,0.9503527
22511300080251,1.3213437,1.3749673,1.3392015,1.3821958,1.4001951,1.4273325,1.4302917,1.3884996,1.3467076,1.2583838,1.2557763,10.255277,10.631973,9.822082,8.86013,7.9712896,6.965043,5.999333,5.0660963,4.2643867,3.6849737,3.105561,2.6137056,2.2058406,1.9568809,1.7041065,1.2427619,1.2122113,0.8090579,1.2135558,0.7534599,0.9620258,1.1846209,1.1795313,1.1744418,1.253505,1.3325683,1.2366095,0.6323294,0.6738735,0.7154176,0.7308052,1.058827,0.9168601,0.8057733,0.9521765
22511300080261,1.467398,1.4405702,1.360769,1.3827732,1.407843,1.441601,1.4258994,1.4101977,1.3944961,1.2752212,1.2471132,10.302244,10.650731,9.8673315,8.890625,7.967398,7.0322824,6.022408,5.09738,4.32674,3.7721927,3.2176454,2.6564696,2.2233465,1.9655424,1.5410734,1.253972,1.0971909,0.807674,0.9647286,0.7371246,0.8532663,0.8209941,0.8528587,0.8847234,0.91774213,0.9507609,0.8401214,0.7457462,0.65137094,0.5569957,0.604911,0.7169548,0.6099127,0.4583963,0.6021621
22511300080271,1.3810523,1.4373167,1.4006798,1.4170598,1.4224943,1.4280708,1.3963822,1.3646936,1.3330051,1.3541446,1.2371771,10.292925,10.66757,9.829337,8.853824,7.936782,6.9844284,6.0105634,5.0923605,4.299978,3.7071118,3.114246,2.619305,2.282806,1.95398,1.5920382,1.3020717,1.0668788,0.8234618,1.1295673,0.8295342,0.9921558,1.0704436,1.0078824,0.945321,1.0577606,1.1702001,1.0585313,0.94598305,0.83343476,0.7208865,0.6874176,0.958888,0.7447519,0.7436434,0.7432697
22511300080281,1.3834821,1.3834821,1.4379011,1.4311588,1.3792661,1.4598161,1.4325514,1.4052867,1.378022,1.3417616,1.2510053,10.330602,10.644314,9.812976,8.919443,7.980787,7.0554113,6.0469055,5.146558,4.2897353,3.695214,3.1006927,2.667385,2.1631098,1.7936202,1.5600475,1.298752,1.0532295,0.8115691,0.9213493,0.7941427,0.864811,0.8487744,0.8452147,0.841655,0.8691586,0.8966623,0.8531289,0.75858223,0.66403556,0.5694889,0.5055635,0.6757213,0.5389342,0.4952447,0.5376036
22511300080291,1.3603704,1.4084924,1.3647292,1.432262,1.4151577,1.3488654,1.3432043,1.3375431,1.331882,1.2939382,1.208067,10.251913,10.647663,9.801672,8.842683,7.9749713,7.0153384,6.0240107,5.0986466,4.2735972,3.6959155,3.1182337,2.5781598,2.1615884,1.7976002,1.4952163,1.2352434,1.0534477,0.9031231,0.9018439,0.8291126,0.9416513,0.783363,0.7849932,0.7866233,0.8808916,0.9751599,0.8068148,0.73897964,0.6711445,0.6033093,0.5072495,0.5584533,0.6096572,0.5362649,0.5418028
22511300080301,1.3726704,1.3910308,1.3655916,1.4204147,1.4238288,1.4141392,1.3768034,1.3394678,1.3021321,1.2774485,1.2194235,10.263745,10.566498,9.802782,8.858894,7.9271016,7.0123224,6.0585985,5.093722,4.314435,3.714564,3.1146934,2.6336591,2.1384082,1.7717007,1.4531322,1.1881042,0.9652295,0.822395,0.7702799,0.731813,0.7401496,0.666889,0.7013019,0.7357147,0.7374953,0.7392759,0.6335048,0.56480163,0.49609846,0.4273953,0.4341594,0.4103537,0.4642619,0.3820863,0.4404851
22511300080311,1.3464832,1.4050623,1.3764291,1.4364952,1.4230345,1.4068849,1.3952014,1.3835181,1.3718348,1.3263985,1.2083098,10.332338,10.621086,9.840374,8.8846855,8.004197,6.9965944,6.0680876,5.138791,4.3011785,3.7183359,3.135493,2.6078799,2.135295,1.791907,1.4885395,1.1934228,0.9986806,0.8228435,0.7436786,0.6829906,0.6966884,0.5944995,0.6287849,0.6630703,0.6791191,0.6951679,0.6264321,0.55639255,0.48635298,0.4163134,0.3858029,0.4037419,0.4182464,0.3601572,0.4108037
22511300080321,1.4306517,1.4485947,1.3756522,1.4294575,1.4556168,1.4185224,1.3971213,1.3757201,1.3543191,1.3150574,1.2433491,10.273655,10.647706,9.85785,8.872883,7.917257,6.961631,6.0545125,5.150235,4.332689,3.7243285,3.1159682,2.6465178,2.1871924,1.7828695,1.4897453,1.2063817,1.0014074,0.8438243,0.793257,0.748205,0.7609031,0.6775666,0.6788021,0.6800376,0.726606,0.7731744,0.6743918,0.62153757,0.5686833,0.5158291,0.4662828,0.4745019,0.5013041,0.385012,0.4570851
22511300080331,1.3601551,1.4357617,1.3834724,1.4285707,1.4234371,1.4123449,1.4281934,1.4324439,1.3462003,1.2848966,1.2245932,10.184816,10.56256,9.798558,8.850577,7.8917027,6.9532146,6.0147266,5.0961866,4.288412,3.7017114,3.1150105,2.6104047,2.1280048,1.8164468,1.4865887,1.2390159,1.0195841,0.8459767,0.8323846,0.7699751,0.8565336,0.7866682,0.8021448,0.8176215,0.8365257,0.8554299,0.7952705,0.9384724,0.8296038,0.7207352,0.5904956,0.6025943,0.5878653,0.5534675,0.615689
22511300080341,1.4201756,1.4595368,1.4202187,1.4508127,1.4435574,1.4304318,1.4265789,1.4227259,1.418873,1.3347609,1.2582707,10.314198,10.65484,9.889123,8.888787,7.998767,7.0574737,6.071683,5.1424994,4.327065,3.7296515,3.132238,2.5963027,2.1726675,1.8123925,1.5087886,1.256181,1.0945961,0.8745505,0.7776977,0.7288202,0.7139699,0.6828667,0.6983842,0.7139017,0.7427591,0.7716165,0.6986831,0.614138,0.529593,0.4450479,0.4075689,0.4425114,0.4154521,0.3315481,0.4708746
22511300080351,1.3589526,1.4703205,1.4273101,1.4329358,1.4590027,1.4256716,1.4554715,1.4144009,1.4151291,1.3062133,1.2226311,10.248881,10.556996,9.804593,8.850223,7.904774,6.952937,6.0260525,5.112815,4.298544,3.6726053,3.0466666,2.6124375,2.1668983,1.8177925,1.5199376,1.241962,1.0306028,0.8187554,0.7837578,0.7720423,0.8084286,0.7585907,0.77747613,0.7963616,0.8153548,0.8343481,0.7484123,1.1117231,0.8231091,0.5344951,0.5212588,0.4924652,0.5302122,0.473433,0.5681658
22511300080361,1.4221736,1.4281045,1.4040009,1.3919693,1.4527982,1.4413983,1.4460496,1.3905401,1.3773476,1.2848026,1.2321506,10.287331,10.5479965,9.81917,8.913387,7.9197583,7.0441656,6.005228,5.094089,4.3156013,3.7124062,3.1092112,2.6527078,2.1798384,1.7965108,1.5121284,1.2521964,1.0212104,0.8366064,0.7827335,0.759353,0.7632897,0.7058383,0.7344789,0.7631195,0.78710526,0.811091,0.7119492,0.9675909,0.77069163,0.5737924,0.4649791,0.4927666,0.5056866,0.4022447,0.5592737
22511300080371,1.4121889,1.4206396,1.39635,1.441784,1.4077435,1.4525667,1.4502962,1.4089508,1.3978318,1.3241515,1.2464288,10.209483,10.527005,9.787972,8.866046,7.9161963,7.0632133,6.024717,5.1385226,4.3147755,3.6791625,3.0435493,2.636053,2.1425114,1.8202403,1.5286491,1.2673905,1.0201043,0.8360591,0.7928324,0.7156851,0.7347266,0.6961064,0.72258997,0.7490735,0.7775856,0.8060978,0.7172026,0.6386943,0.560186,0.4816777,0.4831807,0.4765805,0.4898887,0.416655,0.489151
22511300080381,1.3954204,1.4406995,1.3503174,1.448143,1.42926,1.4306864,1.4351171,1.4090289,1.3658718,1.3365499,1.2543906,10.196904,10.507737,9.776181,8.862471,7.9179554,6.9734406,6.014574,5.1107516,4.302217,3.7677653,3.2333136,2.5935862,2.1481643,1.8137217,1.5257608,1.2791188,1.042746,0.8874909,0.8200346,0.7861908,0.7694997,0.7440164,0.7654921,0.7869678,0.8090283,0.8310888,0.7592937,1.0387611,0.81252086,0.5862806,0.5671495,0.5406873,0.5086513,0.5009408,0.542315
22511300080391,1.3881685,1.4507755,1.4065648,1.4382228,1.4575526,1.4492643,1.4694806,1.5083884,1.4249945,1.3540461,1.2668191,10.175218,10.58325,9.824228,8.886612,7.982063,7.0775137,6.047085,5.207632,4.3241262,3.774394,3.2246618,2.6749296,2.1893065,1.8462938,1.5251427,1.2816026,1.0457146,0.9167111,0.8780817,0.7910054,0.7334182,0.7806254,0.77609724,0.7715691,0.81496847,0.8583678,0.7612401,0.9366145,0.7459326,0.5552507,0.5110832,0.5517299,0.49834,0.4557093,0.5133825
22511300080401,1.4066772,1.5035427,1.4736264,1.4620342,1.4584209,1.4527124,1.4477214,1.5019121,1.4244356,1.3260723,1.2782643,10.195802,10.568018,9.821936,8.868127,7.953638,7.0391498,6.073703,5.221781,4.344043,3.7653892,3.1867359,2.689397,2.1509774,1.8308533,1.5107294,1.2590321,1.0645357,0.8470122,0.8983479,0.6753642,0.8084801,0.8014241,0.77185684,0.7422896,0.80848026,0.8746709,0.7646915,0.9503459,0.7985153,0.6466847,0.494651,0.5542845,0.4865456,0.486854,0.5504108
22511300080411,1.375203,1.4759326,1.4117838,1.4866004,1.4610269,1.4782145,1.4576273,1.4370401,1.4164528,1.3788087,1.2667036,10.252833,10.669235,9.860824,8.890867,7.9526515,7.0144362,6.0719395,5.202795,4.349158,3.790533,3.2319083,2.646755,2.1868324,1.8674874,1.5142924,1.2686758,1.0933956,0.7965656,0.8252689,0.7215138,0.7976481,0.7119876,0.7543471,0.7967066,0.7673654,0.7380242,0.7057976,0.6345432,0.58785295,0.5411627,0.4153906,0.4480649,0.4292197,0.4927811,0.481334
22511300080421,1.4622335,1.4925475,1.4689107,1.5483661,1.4945066,1.4576306,1.4476157,1.437601,1.4275861,1.3249351,1.3235962,10.411023,10.731526,9.920052,8.999361,8.027165,7.0549703,6.0827746,5.203699,4.333263,3.7796092,3.2259555,2.7073796,2.224831,1.8813444,1.5352567,1.2316865,1.0744728,0.8621287,0.7912734,0.703575,0.7245833,0.6442683,0.67289096,0.7015136,0.7359772,0.7704407,0.6826134,0.6161349,0.54965633,0.4831778,0.4348563,0.4184519,0.4149663,0.3260399,0.414125
22511300080431,1.3952537,1.4937778,1.451524,1.4845701,1.5523092,1.4693217,1.4492478,1.4291741,1.4091002,1.3496951,1.306024,10.281535,10.592555,9.837743,8.925971,7.9663157,7.0066605,6.103421,5.1977496,4.315157,3.7438784,3.1725996,2.72958,2.2134552,1.8717332,1.5300112,1.2603782,1.0237592,0.880238,0.8749146,0.7705876,0.7777687,0.8304755,0.7954337,0.7603919,0.75797045,0.755549,0.7368371,0.7206293,0.63530034,0.5499714,0.5105474,0.4820439,0.4573712,0.4120033,0.5225213
22511300080441,1.4352486,1.5087996,1.3669696,1.4826297,1.4832941,1.4740427,1.4586824,1.4433223,1.4279621,1.3411025,1.2587682,10.320374,10.635898,9.815532,8.886698,7.9802976,7.0738974,6.072327,5.1841097,4.372487,3.7539406,3.135394,2.6880774,2.1868906,1.8744214,1.541661,1.2483149,1.0490898,0.9150759,0.8100853,0.7592559,0.7433968,0.7002785,0.7047126,0.7091467,0.7214525,0.7337582,0.7174486,0.6125607,0.5615887,0.5106167,0.4411867,0.5076484,0.449375,0.3223079,0.4390068
22511300080451,1.4269382,1.516115,1.4411849,1.479815,1.494312,1.4983577,1.4513783,1.435705,1.4200314,1.3595318,1.3219945,10.435513,10.707644,9.898213,8.999383,8.065382,7.131381,6.1259146,5.2325583,4.401386,3.8117228,3.2220595,2.6854117,2.2214892,1.8718992,1.6017756,1.3039129,1.0468153,0.8556785,0.8059176,0.7727312,0.7572248,0.6389017,0.7091603,0.7794189,0.7908363,0.8022537,0.7285127,0.6674236,0.57086444,0.4743053,0.4374804,0.4362526,0.4267903,0.4134584,0.4124402
22511300080461,1.404721,1.5235366,1.4908458,1.5040994,1.5342004,1.5122583,1.5364993,1.4741248,1.4117502,1.343945,1.292638,10.41598,10.737764,9.940818,9.004816,8.100678,7.196541,6.1137843,5.2013607,4.434663,3.808098,3.1815336,2.7045498,2.2461708,1.8576876,1.5237678,1.2760926,1.0700588,0.8453608,0.863996,0.7884752,0.7652172,0.7038375,0.7216003,0.7393631,0.7770381,0.8147131,0.713173,0.6539062,0.559684,0.4654618,0.4864701,0.5042218,0.5241401,0.3915167,0.5323347
22511300080471,1.5656425,1.4911144,1.4351853,1.7004718,1.2663785,1.4146295,1.4448165,1.8996227,1.5970529,1.2901477,1.2924207,10.953913,11.092964,10.178667,9.182168,8.303592,7.2301655,6.1567397,5.251172,4.39821,3.8177044,3.2371988,2.74174,2.3169582,1.8517236,2.2264209,1.2948681,1.019502,0.879555,1.2085181,1.2147174,0.8162807,0.6007074,0.6651946,0.7296817,1.0012151,1.2727485,1.2127048,0.681893,0.8667235,1.051554,0.4570885,0.456261,1.1020222,0.3920876,1.0771359
22511300080481,1.4838912,1.4895759,1.5922244,1.5788761,1.6092535,1.5628811,1.6726706,1.5947379,1.5388776,1.5158713,1.3918977,10.840179,11.015636,10.136445,9.142373,8.260213,7.2086635,6.1571145,5.3273435,4.4489765,3.854604,3.2602313,2.7679715,2.2972348,1.9738178,1.743858,1.2769057,1.0688766,0.8995184,1.0570811,0.9871892,0.8026665,0.9424746,0.83133805,0.7202015,0.87399334,1.0277852,0.9418248,0.6269798,0.6992016,0.7714234,0.3748522,0.4137443,0.788158,0.3572911,0.7754259
22511300080491,1.514255,1.514255,1.505488,1.496721,1.529509,1.5333,1.5116286,1.4773967,1.443165,1.3810333,1.3135405,10.384255,10.688425,9.938152,8.967622,8.024761,7.0819016,6.139042,5.213734,4.402114,3.760347,3.11858,2.7498028,2.2445722,1.913493,1.5662885,1.3030016,1.1406106,0.8693649,0.870171,0.7858777,0.7663848,0.7351874,0.71691227,0.6986371,0.77308,0.8475229,0.6475657,0.6083109,0.5141119,0.4199128,0.3955875,0.4266612,0.4631339,0.4120981,0.4900554
22511300080501,1.426217,1.4882483,1.4485317,1.5010325,1.5221868,1.4984616,1.5484813,1.4699095,1.3913378,1.3780373,1.3149447,10.542605,10.73066,9.943847,8.964121,8.032091,7.1000614,6.168031,5.214875,4.388905,3.834493,3.2800808,2.7256687,2.2074232,1.8885899,1.5422282,1.321812,1.0318396,0.8188598,0.7842244,0.7136575,0.7521009,0.631151,0.6691526,0.7071542,0.7388975,0.7706408,0.6865155,0.581743,0.52479196,0.4678409,0.386915,0.4266509,0.4435362,0.3501482,0.4250364
22511300080511,1.5546544,1.5196692,1.4318862,1.5592391,1.5356272,1.5207537,1.5920987,1.5207249,1.4493512,1.354368,1.3036307,10.565288,10.77119,9.94669,9.008429,8.08248,7.156533,6.2305846,5.2570076,4.4890394,3.9253786,3.3617175,2.7980566,2.2284544,1.8706398,1.5873466,1.3129146,1.0632495,0.8733335,0.7750858,0.730307,0.7566506,0.6776727,0.7232666,0.7688605,0.776947,0.7850336,0.6643442,0.6508177,0.5620642,0.4733107,0.4007188,0.4338548,0.4326797,0.3643728,0.4280726
22511300080521,1.512379,1.5608729,1.6322256,1.552275,1.5244737,1.523545,1.6079617,1.5358745,1.4637874,1.4100595,1.2973506,10.765685,10.423935,10.082185,9.06651,8.126098,7.1856847,6.2452717,5.2540793,4.4896116,3.9375875,3.3855636,2.8335395,2.3521955,1.9513531,1.648323,1.366583,1.0867039,0.9164821,0.8641849,0.7853612,0.7897407,0.6887411,0.7192181,0.7496951,0.781012,0.8123289,0.7326194,0.6054648,0.5493919,0.4933191,0.5538983,0.482859,0.4714683,0.4281231,0.5088451
22511300080531,1.4950331,1.5695435,1.546042,1.5056337,1.5295255,1.5428001,1.5990056,1.4725976,1.4777538,1.4061064,1.377444,10.82921,11.032298,10.111822,9.138396,8.161336,7.184276,6.237609,5.3150444,4.4761424,3.9008777,3.325613,2.7503486,2.280128,1.9518712,1.644188,1.3970805,1.0905074,0.9309977,0.8052293,0.7845491,0.7547062,0.6546041,0.71270335,0.7708026,0.8119772,0.8531518,0.7013431,0.5769927,0.5319931,0.4869935,0.4857131,0.5574197,0.5255501,0.4429875,0.4794398
22511300080541,1.4650809,1.5814708,1.5454651,1.5524255,1.5893627,1.5308192,1.6024466,1.4895225,1.5149833,1.361857,1.3655171,10.855141,10.97734,10.082575,9.153023,8.124639,7.0962543,6.206699,5.269399,4.484823,3.869789,3.2547543,2.735737,2.2779818,1.8443303,1.5978181,1.3334965,1.1042536,0.9449909,0.7958155,0.7526198,0.7562207,0.6430739,0.69171214,0.7403504,0.7540386,0.7677267,0.6802083,0.6549337,0.57952315,0.5041126,0.5005306,0.5456111,0.4340381,0.4483176,0.4347921
22511300080551,1.5317875,1.5704764,1.5404155,1.5719998,1.5832115,1.5551174,1.5551085,1.5859776,1.4951704,1.438621,1.3445727,10.912585,11.027044,10.122474,9.168563,8.225058,7.281553,6.2047515,5.30255,4.4783187,3.8667967,3.255275,2.7696524,2.2471828,1.9614036,1.6756243,1.3035874,1.0296314,0.8665582,0.8579084,0.7267112,0.8718193,0.7408726,0.7600338,0.779195,0.8028471,0.8264992,0.7372733,0.65640014,0.575527,0.4946539,0.5361346,0.4669851,0.4955969,0.4233775,0.4552455
22511300080561,1.505324,1.5992352,1.525982,1.5885276,1.537806,1.5304757,1.6128087,1.53615,1.4962902,1.400815,1.3609089,10.9058485,11.059614,10.103411,9.146009,8.163261,7.180514,6.203497,5.3289685,4.4854536,3.861333,3.2372117,2.8037643,2.230768,1.9291053,1.6274425,1.376723,1.1205425,0.8902602,0.8205931,0.8197208,0.7776616,0.7044185,0.72710264,0.7497868,0.76129526,0.7728037,0.769125,0.6637715,0.574507,0.4852425,0.4462198,0.4595505,0.5549954,0.44477,0.5034098
22511300080571,1.5440159,1.5440159,1.496693,1.5282937,1.4767442,1.5459327,1.5390196,1.5345927,1.5301659,1.4401168,1.3041954,10.984465,11.0667,10.155186,9.191229,8.196522,7.201814,6.2107587,5.32499,4.5043564,3.9326184,3.3608806,2.7891428,2.3255763,1.8970675,1.6080562,1.354124,1.1055993,0.9270528,0.8189687,0.7493566,0.7624638,0.6849829,0.7340865,0.7831901,0.77871084,0.7742316,0.6931316,0.6197295,0.57403207,0.5283346,0.4432995,0.4441805,0.50854,0.3611132,0.431777
22511300080581,1.5088915,1.5988308,1.5179827,1.6033987,1.5860387,1.569398,1.6084446,1.5192837,1.4998311,1.4604125,1.3833232,11.092557,11.12694,10.246908,9.25385,8.294388,7.303618,6.3128476,5.418065,4.5681715,3.9534667,3.3387618,2.7535872,2.3903313,1.9674321,1.6578114,1.379289,1.1397122,0.9502773,0.9035451,0.8639662,0.846191,0.8001656,0.8084483,0.816731,0.8397688,0.8628066,0.8194577,0.753232,0.69565237,0.6380727,0.5195017,0.5440802,0.6109657,0.504246,0.5978413
22511300080591,1.6069891,1.6657959,1.5627165,1.6388294,1.613676,1.6079311,1.6317784,1.5937,1.5174981,1.4773978,1.4387516,11.05914,11.102674,10.262976,9.244033,8.250755,7.291669,6.332583,5.381618,4.5624065,4.0011287,3.4398506,2.8785727,2.3956058,2.023671,1.6931678,1.4626558,1.2327493,0.9723214,0.8768137,0.825015,0.9510421,0.8231681,0.8632724,0.9033767,0.920359,0.9373413,0.8502664,0.7825423,0.72443616,0.66633,0.5858823,0.6401277,0.633951,0.6043521,0.5800889
22511300080601,1.58686,1.58686,1.5762007,1.5491799,1.5950749,1.5957218,1.5778742,1.5344528,1.4910315,1.4239987,1.3669147,11.096484,11.161366,10.308233,9.2312,8.281678,7.332155,6.3826327,5.458284,4.5870304,3.987788,3.3885455,2.930767,2.3888893,2.078167,1.6640322,1.4156233,1.1105247,0.9802732,0.8636361,0.8062234,0.8639887,0.7605781,0.78065234,0.8007266,0.82397765,0.8472287,0.7750865,0.6580317,0.5932374,0.5284431,0.4907889,0.4306116,0.5428392,0.4216142,0.5159234
22511300080611,1.5772002,1.5772002,1.5964283,1.566409,1.5781882,1.5617237,1.5571895,1.5526552,1.5481209,1.4817373,1.3524878,11.138097,10.6970005,10.255903,9.29454,8.294515,7.294489,6.2944636,5.3960404,4.519454,3.970131,3.4208078,2.8714848,2.379631,1.9079498,1.6627694,1.3736552,1.2143934,0.9631136,0.7884673,0.6988822,0.8101185,0.736222,0.7485446,0.7608671,0.80303854,0.84521,0.7709707,0.7008439,0.5702646,0.4396852,0.5018641,0.4088658,0.5752913,0.3968603,0.4752349
22511300080621,1.6004738,1.6004738,1.533669,1.60231,1.593094,1.5952364,1.5697727,1.5443089,1.5188452,1.447627,1.396594,11.14641,11.149906,10.297279,9.263774,8.228101,7.192426,6.3555117,5.416348,4.5957546,4.013956,3.4321575,2.8503592,2.3686662,2.008179,1.6741353,1.3969886,1.1325155,0.9087755,0.8076387,0.7672557,0.8351512,0.7461493,0.7642285,0.7823077,0.82690924,0.8715108,0.8082834,0.7865374,0.66897476,0.5514121,0.4809833,0.4886161,0.5149507,0.4514398,0.5349469
22511300080631,1.5586289,1.5586289,1.5805106,1.6080236,1.5895048,1.4856726,1.4748156,1.4639587,1.4531018,1.396908,1.387604,11.22415,11.204547,10.402246,9.235674,8.263692,7.291709,6.3197265,5.446378,4.59817,4.0045633,3.410957,2.8173506,2.3693807,2.0562742,1.6491138,1.4006768,1.0762854,0.9447611,0.8293621,0.7722578,0.8322454,0.7580637,0.75212586,0.746188,0.8095924,0.8729969,0.8008313,0.7886869,0.6446208,0.5005547,0.4113569,0.5599329,0.5446525,0.474519,0.5002478
22511300080641,1.5670108,1.5670108,1.5507897,1.564732,1.580061,1.574176,1.5502908,1.5264057,1.5025206,1.452246,1.4131149,11.21025,11.162512,10.34456,9.234618,8.271888,7.309157,6.346426,5.402547,4.6006684,3.9979713,3.3952744,2.7925773,2.3455656,1.9728811,1.6576228,1.3831947,1.1136979,0.9881583,0.9109309,0.8685119,0.7941169,0.7692008,0.7705442,0.7718876,0.8152777,0.8586678,0.7451099,1.0643165,0.78117985,0.4980432,0.5168679,0.4862069,0.5906887,0.4495256,0.5105091
22511300080651,1.6275982,1.6275982,1.589635,1.5968829,1.661724,1.645003,1.6706069,1.5846056,1.4986042,1.459516,1.3658344,11.338803,11.218387,10.367851,9.326192,8.338195,7.350197,6.3622,5.432979,4.5843005,4.0124955,3.4406903,2.8688853,2.3736525,2.056137,1.7069284,1.4687531,1.205548,1.0044239,0.9487127,0.8812454,0.8629754,0.7480545,0.78200346,0.8159524,0.8549002,0.893848,0.7955769,0.8481974,0.7359033,0.6236092,0.607231,0.5619505,0.5387281,0.477787,0.5700718
22511300080661,1.6523079,1.561713,1.6271249,1.6499132,1.5796179,1.6430849,1.683741,1.6495188,1.5113357,1.5164853,1.4945937,11.304209,11.226466,10.337656,9.3213625,8.344696,7.3680286,6.391362,5.4402285,4.6548285,4.005535,3.356242,2.8821414,2.3824656,2.0283403,1.7356503,1.4563218,1.1488215,1.0068727,0.8977695,0.8121425,0.8373684,0.7756291,0.77489156,0.774154,0.820073,0.865992,0.7598282,0.6526982,0.6025525,0.5524067,0.4598217,0.4815301,0.5439003,0.5357791,0.472181
22511300090011,1.6371361,1.6371361,1.5699035,1.6088219,1.618662,1.6001581,1.6868649,1.6094267,1.5319885,1.4617599,1.4174725,11.317833,11.252925,10.3163,9.339517,8.365834,7.392153,6.4184713,5.40867,4.616803,4.0197897,3.422776,2.8458624,2.403571,1.9802423,1.7294352,1.4060279,1.1372814,0.9748813,0.909775,0.8586394,0.8914801,0.674205,0.704299,0.734393,0.76787424,0.8013555,0.7082691,0.7281805,0.6349903,0.5418,0.509921,0.4686925,0.5031986,0.4683413,0.4556151
22511300090021,1.662547,1.662547,1.6061614,1.645278,1.6317093,1.5881068,1.723881,1.6523192,1.5807574,1.4968333,1.4084685,11.276123,11.24923,10.338855,9.305972,8.327853,7.349735,6.3716164,5.417594,4.615503,4.044062,3.4726212,2.861956,2.4180486,2.0274353,1.7262434,1.4034163,1.1905152,0.9144591,0.8578235,0.8229055,0.7915695,0.6533144,0.70163244,0.7499505,0.77866644,0.8073824,0.6994236,0.6676049,0.5843344,0.5010638,0.4414681,0.4766702,0.4883427,0.4139046,0.49581
22511300090031,1.6197476,1.6197476,1.5510966,1.6474936,1.6392863,1.6125163,1.6319886,1.6009585,1.5699284,1.420389,1.4250205,11.308173,11.259219,10.351222,9.323252,8.339566,7.355881,6.3721957,5.4407754,4.672525,4.10922,3.5459146,2.9826095,2.3883681,2.0121233,1.7460572,1.4161596,1.1522682,0.9382797,0.8772553,0.7870286,0.8623648,0.6933641,0.715424,0.7374839,0.7633186,0.7891533,0.7066292,0.7712568,0.6306229,0.4899891,0.4944646,0.5714968,0.5227852,0.4044216,0.4782836
22511300090041,1.6549091,1.6350268,1.6465518,1.6680447,1.6309681,1.6261078,1.595386,1.5753505,1.5553151,1.5025918,1.3305266,11.3455105,11.256007,10.355882,9.336485,8.365311,7.394137,6.422963,5.4452815,4.6324296,4.0358405,3.4392512,2.8790143,2.3775053,2.0666475,1.7079829,1.4518378,1.1756356,0.9432385,0.8551285,0.7993079,0.8229697,0.762316,0.78908813,0.8158603,0.8165509,0.8172415,0.7759445,0.8748407,0.717264,0.5596873,0.4608101,0.5096753,0.5336054,0.4565622,0.4543168
22511300090051,1.6337777,1.6337777,1.6126914,1.6781173,1.7130895,1.6373781,1.6541941,1.6123736,1.5705531,1.5675094,1.4614824,11.331681,11.287483,10.400479,9.345895,8.347357,7.3488197,6.3502827,5.4925213,4.587612,4.036467,3.4853225,2.9341779,2.4543073,2.0060363,1.6463755,1.4476078,1.2154762,0.9187834,0.8512812,0.8398349,0.873466,0.7144677,0.74282986,0.771192,0.80177814,0.8323643,0.7337359,0.67279935,0.61186284,0.5509263,0.5056409,0.4443503,0.5091785,0.4594651,0.4726977
22511300090061,1.6592582,1.6592582,1.6315913,1.624621,1.6795783,1.6671764,1.6334172,1.5996581,1.565899,1.4961942,1.4105844,11.353269,11.273912,10.421671,9.458785,8.447491,7.4361963,6.424902,5.5294027,4.620515,4.073213,3.5259113,2.9786096,2.357551,2.023993,1.6904348,1.4349324,1.1626943,0.9765425,0.8804442,0.7839839,0.8816419,0.722445,0.7521626,0.7818802,0.81787014,0.8538601,0.7373139,0.6783692,0.6194245,0.5604798,0.4881295,0.4956161,0.5062803,0.3679091,0.4306281
22511300090071,1.6593808,1.6593808,1.6647744,1.6604663,1.6320636,1.6367698,1.6215456,1.6063215,1.5910972,1.5444357,1.4390825,11.433098,11.31945,10.4189825,9.395063,8.422056,7.44905,6.476043,5.482089,4.614206,3.9895425,3.3648794,2.956245,2.4266512,2.0297852,1.7347974,1.4317597,1.189539,0.9401252,0.9072284,0.8771429,0.8474702,0.7983013,0.8284364,0.8585715,0.879405,0.9002386,0.7781776,0.7060603,0.63394296,0.5618256,0.4975666,0.5404779,0.5201487,0.4363427,0.4282158
22511300090081,1.6346416,1.6346416,1.5949996,1.6480229,1.6809534,1.6362648,1.6028644,1.5694638,1.5360634,1.4855219,1.3899376,11.478503,11.296551,10.396693,9.344697,8.2996435,7.2545905,6.440583,5.4797254,4.645979,4.075243,3.5045068,2.9337707,2.377226,2.0561955,1.673781,1.3840082,1.1344424,0.9761539,0.8567823,0.7818358,0.8323857,0.738825,0.74853265,0.7582403,0.7963952,0.8345501,0.723494,0.65016145,0.57682884,0.5034963,0.4488135,0.4479445,0.5356783,0.4401195,0.5069024
22511300090091,1.6267021,1.6267021,1.5771749,1.6100066,1.6645644,1.676567,1.6741024,1.6344309,1.5947593,1.4724019,1.4661989,11.446614,11.253269,10.359849,9.370739,8.394307,7.4178753,6.454092,5.47996,4.634111,4.04871,3.4633086,2.8779073,2.400789,2.0579531,1.7151171,1.3990467,1.1535362,0.9222291,0.839262,0.8140081,0.7748897,0.7741586,0.7674279,0.7606973,0.8039645,0.8472317,0.7428914,0.6720024,0.6011134,0.5302244,0.4830352,0.4890396,0.4549879,0.4174763,0.4563533
22511300090101,1.6539994,1.6539994,1.5652333,1.615372,1.6004797,1.587255,1.7020351,1.6411451,1.5802552,1.5173492,1.4007019,11.336004,11.259535,10.382595,9.385903,8.341067,7.2962313,6.44967,5.4924855,4.6629887,4.0875983,3.5122077,2.9368174,2.4216177,1.9914134,1.6963644,1.4115932,1.1255124,0.9674521,0.8290313,0.8195916,0.7762304,0.7172368,0.7507129,0.7841889,0.8096318,0.8350748,0.7709303,0.6701939,0.5780792,0.4859646,0.4625279,0.4779843,0.4890846,0.3629914,0.458681
22511300090111,1.6486826,1.6486826,1.6203216,1.7362512,1.6644218,1.6753803,1.7513239,1.6457609,1.5401978,1.5191197,1.382883,11.4095,11.265623,10.403035,9.390145,8.419091,7.4480367,6.470391,5.4781785,4.6487164,4.063258,3.4778004,2.892342,2.3989613,2.0644703,1.7299793,1.4482013,1.1850047,0.9365535,0.8463603,0.7557106,0.8862327,0.755439,0.778236,0.801033,0.82399935,0.8469657,0.7680755,0.6912365,0.61842346,0.5456104,0.5050905,0.5264948,0.4992325,0.4686968,0.5057541
22511300090121,1.705683,1.659424,1.7141281,1.7684085,1.6934025,1.6994529,1.7296886,1.7381343,1.624729,1.5652403,1.4841057,11.733553,11.552222,10.560814,9.602436,8.518201,7.5515904,6.5849805,5.5824056,4.741895,4.1533318,3.564768,2.9762046,2.5497055,2.075113,1.8519528,1.4997544,1.3027163,1.1595082,0.9381335,0.9260705,0.9493461,0.8828937,0.9093946,0.9358956,0.9156222,0.8953487,0.8217278,0.8292666,0.8020874,0.7749082,0.6806066,0.6553911,0.7721677,0.7749133,0.5507656
22511300090131,1.6230087,1.7408139,1.6084011,1.7328751,1.6098853,1.722942,1.7310525,1.6319698,1.5328871,1.535027,1.4292344,11.653768,11.429908,10.618702,9.510653,8.553554,7.4177585,6.4880767,5.5778756,4.7810063,4.139908,3.4988096,2.8577113,2.4936323,2.0172255,1.7581091,1.4834197,1.179124,0.9747549,0.9262954,0.9206784,0.8871841,0.7458409,0.7877673,0.8296937,0.82401794,0.8183422,0.8075537,0.8042134,0.69662,0.5890266,0.5399368,0.4655412,0.5685399,0.4802065,0.4923115
22511300090141,1.6758126,1.729192,1.6789362,1.7903739,1.7497218,1.7663821,1.7765018,1.6838665,1.6582427,1.5621709,1.4632738,11.745871,11.563306,10.631793,9.568014,8.504431,7.522612,6.5407934,5.629576,4.7942157,4.202732,3.6112483,3.0197644,2.5012462,2.0840518,1.7807268,1.726671,1.3186404,1.088493,0.9903712,0.9158084,0.9810644,0.7673155,0.7914236,0.8155317,0.88171464,0.9478976,0.8791266,0.9915239,0.853121,0.7147181,0.6475604,0.614119,0.6318566,0.5144013,0.5369015
22511300090151,1.7068388,1.7068388,1.6770515,1.6946257,1.6241454,1.6843542,1.7948154,1.680301,1.5657866,1.5670387,1.4349524,11.534379,11.326004,10.476455,9.465024,8.418126,7.371228,6.472507,5.570449,4.7250323,4.135211,3.5453901,2.9555688,2.4752502,2.0922563,1.7092621,1.4379058,1.2537221,0.9380234,0.8425475,0.823014,0.8657357,0.732325,0.77619886,0.8200727,0.80815136,0.79623,0.7286553,0.6629698,0.5972844,0.5315989,0.4822484,0.570976,0.5339305,0.4007672,0.469632
22511300090161,1.6994711,1.6994711,1.809107,1.7239391,1.6800911,1.713355,1.7511461,1.7545487,1.6769465,1.5632771,1.4736164,11.584467,11.395616,10.526079,9.50266,8.476295,7.449932,6.4983087,5.520003,4.6921663,4.101202,3.5102382,2.919274,2.4357944,1.9978943,1.8080523,1.4293126,1.2211692,0.9970248,0.9189708,0.8327095,0.9297282,0.7071487,0.76861054,0.8300724,0.8745397,0.919007,0.7031685,0.6500637,0.5682351,0.4864065,0.5294701,0.4794432,0.5123544,0.4496218,0.4595303
22511300090171,1.6332248,1.6332248,1.6687604,1.7042961,1.694058,1.6873732,1.7019877,1.654061,1.6061343,1.5684278,1.4507499,11.538015,11.369507,10.435839,9.3883915,8.409611,7.430829,6.455971,5.48516,4.6294518,4.075618,3.5217843,2.9679506,2.4141166,2.0883815,1.7774346,1.4245663,1.1762182,0.9230846,0.8067437,0.8017667,0.8887775,0.761796,0.78805476,0.8143135,0.816035,0.8177564,0.7429924,0.6565673,0.5558192,0.4550711,0.4559711,0.4869352,0.5066532,0.4075544,0.4551282
22511300090181,1.674051,1.674051,1.6675721,1.6610934,1.8047118,1.7026527,1.7263812,1.6695405,1.6126997,1.5587819,1.4579842,11.572862,11.326417,10.482755,9.37042,8.409853,7.449286,6.4629145,5.4437156,4.694151,4.143163,3.5921762,3.041189,2.4902017,1.986678,1.7764924,1.4754655,1.2269931,0.9362979,0.8938398,0.7734,0.8959143,0.7769622,0.7564443,0.7359263,0.8054681,0.8750099,0.6389991,0.7136789,0.6192444,0.5248099,0.5403812,0.4620915,0.5311243,0.4712654,0.4254498
22511300090191,1.7331474,1.7331474,1.7585531,1.7839589,1.690169,1.7431054,1.7395647,1.6980034,1.6564422,1.6168613,1.5713849,11.814167,11.591597,10.691922,9.530426,8.531603,7.53278,6.5403924,5.5901666,4.767152,4.203118,3.6390834,3.0750492,2.511015,2.0440123,1.8360386,1.4313015,1.297406,0.9917248,0.9559441,0.904285,1.0265816,0.7542514,0.7784551,0.8026588,0.83569175,0.8687247,0.7427824,0.7223066,0.64487535,0.5674441,0.4590844,0.489835,0.5173858,0.5097316,0.5594569
22511300100013,1.7044886,1.7044886,1.7236185,1.7427483,1.7164042,1.7683913,1.8106393,1.7180376,1.625436,1.6147993,1.558142,11.733817,11.578742,10.57126,9.521141,8.56014,7.5991387,6.6174517,5.5980177,4.821048,4.2422094,3.663371,3.0845327,2.5056944,2.1407843,1.7955798,1.5880901,1.1759169,1.0383368,0.8787429,0.834504,0.9446886,0.8051915,0.81738406,0.8295766,0.8455924,0.8616082,0.7556182,0.6166534,0.58365506,0.5506567,0.5212009,0.5194489,0.5573714,0.3171047,0.5855206
22511300100023,1.7216266,1.7216266,1.7304409,1.739255,1.7010561,1.7098104,1.7668412,1.6787649,1.5906887,1.5806625,1.5114212,11.754386,11.458014,10.497092,9.501838,8.5194235,7.5370097,6.550032,5.561987,4.8893766,4.2795873,3.6697977,3.060008,2.4502187,2.1116579,1.795847,1.4758666,1.2929034,1.0370854,0.9118163,0.8480811,0.8378579,0.727525,0.7749056,0.8222863,0.8607667,0.8992471,0.6899005,0.5747401,0.5611942,0.5476483,0.4907995,0.4894625,0.5874252,0.5711091,0.49149
22511300100033,1.6641448,1.7567736,1.7571155,1.801823,1.6987116,1.7217709,1.6759843,1.6399708,1.6708684,1.5926421,1.4584689,11.736071,11.633251,10.615472,9.568821,8.650211,7.731601,6.5708203,5.592538,4.8298254,4.2602406,3.6906552,3.12107,2.5514848,2.1459916,1.7797103,1.5330544,1.2024655,0.9414852,0.8974784,0.848852,0.909239,0.8056963,0.82502365,0.844351,0.8601603,0.8759696,0.8940769,0.7883802,0.6826835,0.5769868,0.5137778,0.5231646,0.5732895,0.4739755,0.5201833
22511300100043,1.75355,1.75355,1.7477046,1.7418593,1.7910285,1.7508031,1.8078609,1.7246248,1.6413885,1.539208,1.4890822,11.747969,11.602665,10.667222,9.585945,8.559353,7.53276,6.5184836,5.5335503,4.797185,4.224233,3.6512816,3.07833,2.5053782,2.135193,1.8586652,1.461021,1.2927716,1.1198492,0.964493,0.8924925,0.865561,0.7720795,0.7571653,0.7422511,0.7614262,0.7806013,0.8502835,0.75962275,0.66896206,0.5783013,0.4943863,0.5121068,0.6427007,0.5044041,0.4504665
22511300100053,1.741169,1.741169,1.7986798,1.8561907,1.7748711,1.783992,1.7397726,1.7311147,1.7224569,1.6643271,1.4643176,11.793738,11.139752,10.485767,9.514,8.528643,7.543285,6.4907236,5.58558,4.7679133,4.178406,3.588898,2.9993901,2.4098823,2.105104,1.7591697,1.456075,1.2763066,1.0247427,0.7766434,0.8349209,0.9287533,0.7001426,0.7052982,0.7104538,0.8177057,0.9249576,0.7189154,0.65625364,0.59359187,0.5309301,0.5191941,0.4657525,0.5429774,0.4709701,0.4857169
22511300100063,1.7588805,1.7588805,1.7646209,1.7616293,1.8026123,1.7601949,1.7425607,1.7313269,1.7200933,1.6091197,1.4756685,11.862961,11.556115,10.624716,9.599395,8.580959,7.562524,6.555107,5.6391788,4.781961,4.220433,3.6589055,3.0973775,2.5358498,2.031266,1.8222449,1.4845378,1.2227722,0.9705614,0.9838097,0.9548011,0.9111465,0.7432895,0.81347084,0.8836522,0.86710715,0.8505621,0.8138132,0.6210936,0.53074306,0.4403925,0.4967216,0.5150368,0.561321,0.4279578,0.4277289
22511300100073,1.8271642,1.79249,1.7901129,1.780914,1.8246897,1.8194672,1.8112125,1.6553273,1.7076007,1.7130567,1.6417046,11.824255,11.629593,10.618387,9.614879,8.647744,7.68061,6.63186,5.6444974,4.8233895,4.2439284,3.6644673,3.0850065,2.5055456,2.145253,1.8606302,1.4735198,1.2066123,0.9779741,0.9506795,0.8757083,0.8528355,0.7301105,0.7476012,0.7650919,0.8244007,0.8837096,0.8771799,0.6676855,0.6091283,0.5505711,0.5359101,0.5456057,0.6261757,0.3982564,0.5422993
22511300110011,1.7709547,1.7602458,1.9051453,1.8973292,1.815267,1.8089361,1.8351289,1.7816437,1.6691948,1.709406,1.5167443,11.93488,11.633371,10.638441,9.599116,8.575588,7.5520597,6.567371,5.6770873,4.843167,4.2817388,3.7203112,3.1588836,2.5974557,2.2946734,1.9053907,1.5033542,1.3483256,1.073765,1.0272297,0.9589895,0.8860797,0.9001737,0.8684312,0.8366887,0.86298394,0.8892792,0.9436749,0.9192646,0.7522326,0.5852006,0.5145436,0.4132386,0.656492,0.5140784,0.5533391
22511300110021,1.8005028,1.8005028,1.8361416,1.8717803,1.8454154,1.8221995,1.7721198,1.7323763,1.6926328,1.7423681,1.5659842,11.935552,11.637135,10.643379,9.696513,8.6624,7.628288,6.595814,5.6600003,4.8340955,4.269971,3.7058465,3.141722,2.5775974,2.1275077,1.8931284,1.6343014,1.332968,0.9740589,0.9423803,0.9313728,0.8151311,0.8804775,0.8833796,0.8862817,0.88062924,0.8749768,0.8990427,0.7809088,0.6627749,0.544641,0.5624671,0.5408531,0.5642774,0.5959941,0.5746104
22511300110031,1.8649893,1.8649893,1.8414671,1.817945,1.7989317,1.8432374,1.7620018,1.7657962,1.7695905,1.6010625,1.5761921,11.995036,11.755777,10.718545,9.619982,8.633898,7.647813,6.6790266,5.563501,4.8485336,4.284079,3.7196243,3.1551697,2.590715,2.2179425,1.7922509,1.6210854,1.1669827,1.0033492,0.8590854,0.7172333,0.8979078,0.815004,0.83406603,0.8531281,0.8828296,0.9125311,0.6908896,0.9083021,0.72755706,0.546812,0.5313531,0.6447055,0.4779069,0.4519136,0.5075415
22511300110041,1.6569022,1.6569022,1.741427,1.8259516,1.8417313,1.8314703,1.7993401,1.7672101,1.73508,1.6061974,1.5070394,12.184288,11.753545,10.709283,9.739476,8.336223,7.4084983,6.583486,5.6630354,4.8283367,4.262941,3.6975453,3.1321495,2.5667534,2.116285,1.7012688,1.406009,1.2405753,0.9976439,0.7566625,0.8032226,0.9138451,0.8452625,0.88377756,0.9222926,0.9195211,0.9167496,0.6189195,0.6195186,0.6201177,0.6207168,0.5581123,0.4834086,0.618218,0.4792038,0.4619594
22511300110051,1.6890751,1.6890751,1.7441202,1.7991654,1.7141064,1.8398699,1.791411,1.7429522,1.6944935,1.7180977,1.4365838,12.240106,11.625503,10.823112,9.760321,8.568132,7.375944,6.525619,5.725451,4.8786902,4.299352,3.7200139,3.1406758,2.5613377,2.126805,1.801204,1.679922,1.2069774,1.0038927,0.8845586,0.8890022,0.9123114,0.8042166,0.8399212,0.8756258,0.8535976,0.8315694,0.8287009,0.8344487,0.6076989,0.3809491,0.5482454,0.5589275,0.4031258,0.5160153,0.534055
22511300110061,1.847452,1.847452,1.8455081,1.8435642,1.83403,1.8699855,1.8422093,1.8144332,1.786657,1.6950034,1.621638,12.333732,11.760649,10.870678,9.832666,8.696731,7.560795,6.747823,5.693207,4.8423166,4.287835,3.733354,3.178873,2.6243918,2.2100117,1.9337317,1.5950472,1.2723395,1.0829524,0.9838908,0.7933178,0.775461,0.8263081,0.8608954,0.8954827,0.9464738,0.9974648,0.8528636,0.7622566,0.6908405,0.6194244,0.6529747,0.3992406,0.5562313,0.5661383,0.554598
22511300110071,1.8486899,1.8486899,1.8509833,1.8532766,1.881545,1.7808506,1.7482649,1.7156793,1.6830935,1.6661206,1.5307759,12.469001,11.679132,10.889264,9.774197,8.576059,7.907934,6.645298,5.622281,4.9436517,4.3689637,3.7942755,3.2195876,2.4765923,2.230531,1.8678876,1.5859683,1.289697,1.0075214,0.9324314,0.8708748,0.8478657,0.7183031,0.766206,0.814109,0.851212,0.8883151,0.7996688,0.7522671,0.6658896,0.5795121,0.6232554,0.5696669,0.59336,0.4704768,0.5265946
22511300110081,1.7592367,1.7592367,1.7783026,1.7973683,1.8762193,1.8380172,1.7982193,1.7584214,1.7186236,1.5864094,1.524303,12.399955,11.852569,10.900386,9.871133,8.744231,7.6428967,6.7209363,5.716452,4.8921866,4.296771,3.7013552,3.1059394,2.5700223,2.2973495,1.8992184,1.5349734,1.2173439,0.984923,0.9762345,0.8265538,0.9173479,0.7205014,0.73997474,0.7594481,0.8382379,0.9170277,0.7693345,0.67660254,0.58387065,0.4911387,0.4849631,0.5573495,0.481147,0.4866548,0.4670834
22511300110091,1.88267,1.88267,1.7605329,1.8736669,1.8515306,1.8394724,1.9217243,1.8056351,1.6895458,1.7029728,1.5883878,12.438011,11.967889,10.971075,9.830006,8.712808,7.5956106,6.7706337,5.807595,4.9902296,4.304113,3.617996,3.1493104,2.690087,2.2907834,1.9642135,1.7383246,1.4188503,1.0310956,1.017147,0.904516,0.9685681,0.9110075,0.9094477,0.9078879,0.948444,0.9890001,0.8994472,0.79860854,0.69776994,0.5969313,0.5862115,0.5933067,0.6050819,0.5832222,0.5605855
22511300110101,1.783668,1.783668,1.7973095,1.8109509,1.8127099,1.82824,1.7970977,1.7659553,1.734813,1.6327207,1.549843,12.554297,11.900836,10.882653,9.88523,8.836761,7.788293,6.874748,5.797141,4.890741,4.318388,3.7460349,3.173682,2.65382,2.2461996,1.8739378,1.5409784,1.2371982,1.0578244,1.049668,0.9081853,0.9318957,0.9174679,0.8923408,0.8672137,0.8631833,0.8591529,0.7270126,0.643468,0.55992347,0.4763789,0.6177754,0.586431,0.4579262,0.4533702,0.4647398
22511300110111,1.8351359,1.8351359,1.8210293,1.8069227,1.7902278,1.8659183,1.8223447,1.778771,1.7351975,1.6422862,1.6298287,12.561463,12.045433,11.003888,9.90261,8.885742,7.868875,6.8197823,5.773865,4.9825263,4.4152193,3.8479123,3.2806053,2.6793926,2.2053854,1.8508867,1.6668273,1.2934282,1.0894761,0.9680853,0.9483928,0.9776872,0.7328353,0.8068671,0.8808989,0.8787528,0.8766068,0.8057391,0.7026644,0.5995897,0.496515,0.6046552,0.5473358,0.5892381,0.5731678,0.5106824
22511300110121,1.8083278,1.8083278,1.8465027,1.8846775,1.9241519,1.7992471,1.7930413,1.7868356,1.7806298,1.6721038,1.6341344,12.537749,12.027269,11.019862,9.946656,8.736744,7.729041,6.743065,5.7823696,4.9911857,4.389607,3.7880287,3.092685,2.6854079,2.270753,1.8890747,1.6704509,1.3613611,1.0347983,0.9528778,0.9610914,0.9779442,0.7834281,0.86536986,0.9473116,0.9077603,0.868209,0.7626058,0.6893408,0.61607575,0.5428107,0.5264613,0.593555,0.664228,0.5284828,0.5413678
22511300110131,1.8794899,1.8794899,1.8753299,1.8711698,1.961472,1.878339,2.0098028,1.840835,1.671867,1.742083,1.5617481,12.594925,12.0230875,11.011264,9.921134,8.753159,7.8482056,6.776023,5.8833404,5.004813,4.3550396,3.7052662,3.17802,2.6983993,2.3326805,1.9974116,1.6977499,1.3607696,1.076019,1.0777814,0.9957239,0.9423639,0.8792952,0.9615255,1.0437558,1.0057344,0.9677131,0.9189077,0.8263372,0.7422473,0.6581574,0.6440534,0.5887454,0.6884104,0.4999633,0.5704788
22511300110141,1.8572932,1.8572932,1.8698477,1.8824021,1.8166986,1.8282825,1.8005146,1.7727467,1.7449788,1.6197001,1.5879924,12.560563,11.961487,11.072188,9.960564,8.88197,7.8318243,6.7024198,5.895219,4.885561,4.33524,3.7849188,3.2345977,2.6842766,2.244214,1.9409744,1.6755762,1.3778259,0.99405,0.9774372,1.0231814,0.9363503,0.864832,0.88023555,0.8956391,0.9110515,0.9264639,0.8981435,0.8134604,0.72877735,0.6440943,0.5176753,0.5735569,0.5775888,0.4537273,0.6164077
22511300110151,1.8555834,1.8555834,1.8313563,1.8071291,1.8465697,1.8322536,1.8036696,1.7750854,1.7465014,1.6701591,1.5826657,12.443427,11.718249,10.9930725,9.899566,8.93287,7.8652663,6.8885713,5.797219,5.0059056,4.4138923,3.8218791,3.2298658,2.6635678,2.3276584,1.9637103,1.7482708,1.3822987,1.1595364,1.1371754,1.0836151,1.0373493,0.9205535,0.91048855,0.9004236,1.0249845,1.1495454,0.8697924,0.82329834,0.77680427,0.7303102,0.5885637,0.6667802,0.6366037,0.5620325,0.4622834
22511300110161,1.881898,1.881898,1.9610078,2.0401175,1.8003895,1.852169,1.8518126,1.8514562,1.8510997,1.6033854,1.5893964,12.445601,11.953306,11.04742,9.897466,8.932869,7.9218707,6.728629,5.878525,4.991179,4.3574276,3.7236762,3.2275152,2.6256523,2.329942,1.9556491,1.7250344,1.4670341,1.2064112,1.0062943,1.0413514,1.0355694,0.9638668,0.9703989,0.976931,0.96085024,0.9447695,0.9162609,0.8042753,0.69228965,0.580304,0.6223463,0.6081717,0.6320928,0.5259944,0.4797708
22511300110171,1.831504,1.831504,1.8516005,1.871697,1.9565626,1.8677129,1.8045765,1.7414402,1.6783038,1.6298354,1.5917944,12.418033,11.993244,10.929748,9.923572,8.92884,7.932609,6.82414,5.9417186,5.075661,4.376418,3.6771753,3.1457143,2.6236198,2.2268283,2.0388985,1.6622583,1.4291496,1.1662664,1.0644585,0.9727623,1.0220791,0.9197879,0.9702622,1.0207365,1.0167106,1.0126847,0.833039,0.7835098,0.73398054,0.6844513,0.63729,0.6748783,0.7785839,0.7179551,0.674687
22511300110181,1.8639984,1.8639984,1.9157366,1.9674746,1.8507075,1.8999625,1.8647661,1.8295698,1.7943735,1.8134898,1.52744,12.419098,12.015976,10.991139,9.853214,8.840206,7.8627005,6.8579345,5.9043374,5.0113807,4.370964,3.7305474,3.0887594,2.6872983,2.2905812,2.0090277,1.7584721,1.4622335,1.0893784,1.0567096,1.1742553,1.0438353,0.8433659,0.89525455,0.9471432,1.015367,1.0835909,1.0045663,0.8951815,0.78579664,0.6764118,0.6584061,0.6181202,0.9275335,0.8089981,0.5968371
22511300110191,1.9639455,1.9639455,1.9886774,2.0134094,1.879982,1.853319,3.6166456,5.379972,7.1432986,8.906625,10.669951,12.433278,11.961006,10.929871,10.030569,8.844919,7.810738,7.004186,5.833211,4.8887563,4.317476,3.746195,3.0941372,2.6903644,2.2992632,2.0374744,1.7647527,1.492031,1.4436618,1.3952928,1.3469236,1.2985544,1.234964,1.1713735,1.1077831,1.0441927,0.9806022,0.9346019,0.8886016,0.8426013,0.796601,0.7506007,0.7046004,0.6586001,0.878895,1.9657058
22511300110201,12.547561,12.547561,12.547561,12.547561,12.547561,12.547561,12.547561,12.547561,12.547561,12.547561,12.547561,12.547561,12.0232115,11.100564,10.36625,8.885862,7.871459,6.857056,5.8426533,5.116991,4.304714,3.4924374,3.3055193,2.6251793,2.343836,2.0624928,1.5727632,1.0830336,1.0782484,1.0734632,1.068678,1.0638928,1.0591075,1.0543224,1.0495372,1.044752,1.0399668,1.0399668,1.0399668,1.0399668,1.0399668,1.0399668,1.0399668,1.0399668,1.0399668,1.0399668
22511300110211,12.711829,12.711829,12.711829,12.711829,12.711829,12.711829,12.711829,12.711829,12.711829,12.711829,12.711829,12.711829,12.262899,11.214235,10.16557,9.179264,8.086432,6.9936013,5.9007697,4.986779,4.5263033,4.065827,3.3939805,2.8783245,2.3626685,1.8470124,1.7979206,1.7488286,1.6997368,1.6506449,1.6015531,1.5524613,1.5033693,1.4542775,1.4051856,1.3560938,1.307002,1.307002,1.307002,1.307002,1.307002,1.307002,1.307002,1.307002,1.307002,1.307002
GAUGE_80805,0.6,0.61,0.6,0.61,0.62,0.59,0.6,0.65,0.64,0.54,0.54,3.09,5.66,5.78,5.37,4.8,4.24,3.64,3.04,2.55,2.15,1.8,1.43,1.15,0.96,0.81,0.74,0.65,0.58,0.58,0.56,0.55,0.45,0.51,0.51,0.53,0.48,0.43,0.41,0.34,0.33,0.26,0.33,0.33,0.19,0.35
