,2023-05-26,2023-05-27,2023-05-28,2023-05-29,2023-05-30,2023-05-31,2023-06-01,2023-06-02,2023-06-03,2023-06-04,2023-06-05,2023-06-06,2023-06-07,2023-06-08,2023-06-09,2023-06-10,2023-06-11,2023-06-12,2023-06-13,2023-06-14,2023-06-15,2023-06-16,2023-06-17,2023-06-18,2023-06-19,2023-06-20,2023-06-21,2023-06-22,2023-06-23,2023-06-24,2023-06-25,2023-06-26,2023-06-27,2023-06-28,2023-06-29,2023-06-30,2023-07-01,2023-07-02,2023-07-03,2023-07-04,2023-07-05,2023-07-06,2023-07-07,2023-07-08,2023-07-09,2023-07-10
22511100010011,True,True,True,True,True,True,False,True,True,True,True,True,False,False,True,True,True,True,True,True,False,True,True,True,False,True,False,True,True,True,True,True,True,False,True,False,True,True,True,False,True,True,True,True,True,True
22511100010021,True,True,True,True,True,True,False,True,True,True,True,True,False,False,True,True,True,True,True,True,False,True,True,True,False,True,False,True,True,True,True,True,True,False,True,False,True,True,True,False,True,True,True,True,True,True
22511100010031,True,True,True,True,True,True,False,True,True,True,True,True,False,False,True,True,True,True,True,True,False,True,True,True,False,True,False,True,True,True,True,True,True,False,True,False,True,True,True,False,True,True,True,True,True,True
22511100010041,True,True,True,True,True,True,False,True,True,True,True,True,False,False,True,True,True,True,True,True,False,True,True,True,True,True,False,True,True,True,True,True,True,False,True,False,True,True,True,False,True,True,True,True,True,True
22511100010051,True,True,True,True,True,True,False,True,True,True,True,True,False,False,True,True,True,True,True,True,False,True,True,True,True,True,False,True,True,True,True,True,True,False,True,False,True,True,True,False,True,True,True,True,True,True
22511100010061,True,True,True,True,True,True,False,True,True,True,True,True,False,False,True,True,True,True,True,True,False,True,True,True,True,True,False,True,True,True,True,True,True,False,True,False,True,True,True,False,False,True,True,True,True,True
22511100010071,True,True,True,True,True,True,False,True,True,True,True,True,False,False,True,True,True,True,True,True,False,True,True,True,True,True,False,False,True,True,True,True,True,False,True,False,True,True,True,False,False,True,True,True,True,True
22511100010081,True,True,True,True,True,True,False,True,True,True,True,True,False,False,True,True,True,True,True,True,False,True,True,True,True,True,False,False,True,True,True,True,True,False,True,False,True,True,True,False,False,True,True,True,True,True
22511100010091,True,True,True,True,True,True,False,True,True,True,True,True,False,False,True,True,True,True,True,True,False,True,True,True,True,True,False,False,True,True,True,True,True,False,True,False,True,True,True,False,True,True,True,True,True,True
22511100010101,True,True,True,True,True,True,False,True,True,True,True,True,False,False,True,True,True,True,True,True,False,True,True,True,True,True,False,True,True,True,True,True,True,False,True,False,True,True,True,False,False,True,True,True,True,True
22511100010111,True,True,True,True,True,True,False,True,True,True,True,True,False,False,True,True,True,True,True,True,False,True,True,True,True,True,False,True,True,True,True,True,True,False,True,False,True,True,True,False,True,True,True,True,True,True
22511100010121,True,True,True,True,True,True,False,True,True,True,True,True,False,False,True,True,True,True,True,True,False,True,True,True,True,True,False,True,True,True,True,True,True,False,True,False,True,True,True,False,True,True,True,True,True,True
22511100010131,True,True,True,True,True,True,False,False,True,True,True,True,False,False,True,True,True,True,True,True,False,True,True,True,True,True,False,True,True,True,True,True,True,False,True,False,True,True,True,False,True,True,True,True,True,True
22511100010141,True,True,True,True,True,True,False,False,True,True,True,True,False,False,True,True,True,True,True,True,False,True,True,True,True,True,False,True,True,True,True,True,True,False,True,False,True,True,True,False,True,True,True,True,True,True
22511100010151,True,True,True,True,True,True,False,True,True,True,True,True,False,False,True,True,True,True,True,True,False,True,True,True,True,True,False,True,True,True,True,True,True,False,True,False,True,True,True,False,True,True,True,True,True,True
22511100010161,True,False,True,True,True,True,False,False,True,True,True,True,False,False,True,True,True,True,True,True,False,True,True,True,True,True,False,True,True,True,True,True,True,False,True,False,True,True,True,False,True,True,True,True,True,True
22511100010171,True,False,True,True,True,True,False,True,True,True,True,True,False,False,True,True,True,True,True,True,False,True,True,True,True,True,False,True,True,True,True,True,True,False,True,False,True,True,True,False,True,True,True,True,True,True
22511100010181,True,False,True,True,True,True,False,False,True,True,True,True,False,False,True,True,True,True,True,True,False,True,True,True,True,True,False,True,True,True,True,True,True,False,True,False,True,True,True,False,True,True,True,True,True,True
22511100010191,True,False,True,True,True,True,False,True,True,True,True,True,False,False,True,True,True,True,True,True,False,True,True,True,True,True,False,True,True,True,True,True,True,False,True,False,True,True,True,False,True,True,True,True,True,True
22511100010201,True,False,True,True,True,True,False,True,True,True,True,True,False,False,True,True,True,True,True,True,False,True,True,True,True,True,False,True,True,True,True,True,True,False,True,False,True,True,True,False,True,True,True,True,True,True
22511100010211,True,True,True,True,True,True,False,False,True,True,True,True,False,False,True,True,True,True,True,True,False,True,True,True,True,True,False,True,True,True,True,True,True,False,True,False,True,True,True,False,True,True,True,True,True,True
22511100010221,True,True,True,True,True,True,False,False,True,True,True,True,False,False,True,True,False,True,True,True,False,True,True,True,True,True,False,True,True,True,True,True,True,False,True,False,True,True,True,False,True,True,True,True,True,True
22511100010231,True,True,True,True,True,True,False,True,True,True,True,True,False,False,True,True,False,True,True,True,False,True,True,True,True,True,False,True,True,True,True,True,True,False,True,False,True,True,True,False,True,True,True,True,True,True
22511100010241,True,True,True,True,True,True,False,False,True,True,True,True,False,False,True,True,False,True,True,True,False,True,True,True,True,True,False,True,True,True,True,True,True,False,True,False,True,True,True,False,True,True,True,True,True,True
22511100010251,True,False,True,True,True,True,False,False,True,True,True,True,False,False,True,True,False,True,True,True,False,True,True,True,True,True,False,True,True,True,True,True,True,False,True,False,True,True,True,False,True,True,True,True,True,True
22511100010261,True,False,True,True,True,True,False,True,True,True,True,True,False,False,True,True,False,True,True,True,False,True,True,True,True,True,False,True,True,True,True,True,True,False,True,False,True,True,True,False,True,True,True,True,True,True
22511100010271,True,False,True,True,True,True,False,True,True,True,True,True,False,False,True,True,False,True,True,True,False,True,True,True,True,True,False,True,True,True,True,True,True,False,True,False,True,True,True,False,True,True,True,True,True,True
22511100010281,True,False,True,True,True,True,False,False,True,True,True,True,False,False,True,True,False,True,True,True,False,True,True,True,True,True,False,True,True,True,True,True,True,False,True,False,True,True,True,False,True,True,True,True,True,True
22511100010291,True,False,True,True,True,True,False,False,True,True,True,True,False,False,True,True,False,True,True,True,False,True,True,True,True,True,False,False,True,True,True,True,True,False,True,False,True,True,True,False,True,True,True,True,True,True
22511100010301,True,True,True,True,True,True,False,False,True,True,True,True,False,False,True,True,True,True,True,True,False,True,True,True,False,True,False,False,True,True,True,True,True,False,True,False,True,True,True,False,True,True,True,True,True,True
22511100010311,True,True,True,True,True,True,False,True,True,True,True,True,False,False,True,True,True,True,True,True,False,True,True,True,True,True,False,True,True,True,True,True,True,False,True,False,True,True,True,False,True,True,True,True,True,True
22511100010321,True,True,True,True,True,True,False,True,True,True,True,True,False,False,True,True,True,True,True,True,False,True,True,True,True,True,False,True,True,True,True,True,True,False,True,False,True,True,True,False,True,True,True,True,True,True
22511100010331,True,True,True,True,True,True,False,True,True,True,True,True,False,False,True,True,True,True,True,True,False,True,True,True,False,True,False,False,True,True,True,True,True,False,True,False,True,True,True,False,True,True,True,True,True,True
22511100010341,True,True,True,True,True,True,False,True,True,True,True,True,False,False,True,True,True,True,True,True,False,True,True,True,False,True,False,False,True,True,True,True,True,False,True,False,True,True,True,False,False,True,True,True,True,True
22511100010351,True,True,True,True,True,True,False,True,True,True,True,True,False,False,True,True,True,True,True,True,False,True,True,True,False,True,False,False,True,True,True,True,True,False,True,False,True,True,True,False,False,True,True,True,True,True
22511100010361,True,True,True,True,True,True,False,True,True,True,True,True,False,False,True,True,True,True,True,True,False,True,True,True,False,True,False,False,True,True,True,True,True,False,True,False,True,True,True,False,False,True,True,True,True,True
22511100010371,True,True,True,True,True,True,False,True,True,True,True,True,False,False,True,True,True,True,True,True,False,True,True,True,False,True,False,False,True,True,True,True,True,False,True,False,True,True,True,False,False,True,True,True,True,True
22511100010381,True,True,True,True,True,True,False,True,True,True,True,True,False,False,True,True,True,True,True,True,False,True,True,True,False,True,False,False,True,True,True,True,True,False,True,False,True,True,True,False,False,True,True,True,True,True
22511100010391,True,True,True,True,True,True,False,True,True,True,True,True,False,False,True,True,True,True,True,True,False,True,True,True,False,True,False,False,True,True,True,True,True,False,True,False,True,True,True,False,False,True,True,True,True,True
22511100010401,True,True,True,True,True,True,False,True,True,True,True,True,False,False,True,True,True,True,True,True,False,True,True,True,False,True,False,False,True,True,True,True,True,False,True,False,True,True,True,False,False,True,True,True,True,True
22511100010411,True,True,True,True,True,True,False,True,True,True,True,True,False,False,True,True,True,True,True,True,False,True,True,True,False,True,False,False,True,True,True,True,True,False,True,False,True,True,True,False,False,True,True,True,True,True
22511100010421,True,True,True,True,True,True,False,True,True,True,True,True,False,False,True,True,True,True,True,True,False,True,True,True,False,True,False,False,True,True,True,True,True,False,True,False,True,True,True,False,False,True,True,True,True,True
22511100010431,True,True,True,True,True,True,False,True,True,True,True,True,False,False,True,True,True,True,True,True,False,True,True,True,False,True,False,False,True,True,True,True,True,False,True,False,True,True,True,False,False,True,True,True,True,True
22511100010441,True,True,True,True,True,True,False,True,True,True,True,True,False,False,True,True,True,True,True,True,False,True,True,True,False,True,False,False,True,True,True,True,True,False,True,False,True,True,True,False,False,True,True,True,True,True
22511100010451,True,True,True,True,True,True,False,True,True,True,True,True,False,False,True,True,True,True,True,True,False,True,True,True,False,True,False,False,True,True,True,True,True,False,True,False,True,True,True,False,False,True,True,True,True,True
22511100010461,True,True,True,True,True,True,False,True,True,True,True,True,False,False,True,True,True,True,True,True,False,True,True,True,False,True,False,False,True,True,True,True,True,False,True,False,True,True,True,False,False,True,True,True,True,True
22511100010471,True,True,True,True,True,True,False,True,True,True,True,True,False,False,True,True,True,True,True,True,False,True,True,True,False,True,False,False,True,True,True,True,True,False,True,False,True,True,True,False,False,True,True,True,True,True
22511100010481,True,False,True,True,True,True,False,True,True,True,True,True,False,False,True,True,True,True,True,True,False,True,True,True,False,True,False,False,True,True,True,True,True,False,True,False,True,True,True,False,False,True,True,True,True,True
22511100010491,True,True,True,True,True,True,False,True,True,True,True,True,False,False,True,True,True,True,True,True,False,True,True,True,False,True,False,False,True,True,True,True,True,False,True,False,True,True,True,False,True,True,True,True,True,True
22511100010501,True,True,True,True,True,True,False,True,True,True,True,True,False,False,True,True,True,True,True,True,False,True,True,True,False,True,False,False,True,True,True,True,True,False,True,False,True,True,True,False,True,True,True,True,True,True
22511100010511,True,True,True,True,True,True,False,True,True,True,True,True,False,False,True,True,True,True,True,True,False,True,True,True,False,True,False,False,True,True,True,True,True,False,True,False,True,True,True,False,True,True,True,True,True,True
22511100010521,True,True,True,True,True,True,False,True,True,True,True,True,False,False,True,True,True,True,True,True,False,True,True,True,False,True,False,False,True,True,True,True,True,False,True,False,True,True,True,False,False,True,True,True,True,True
22511100010531,False,True,True,True,True,True,False,True,True,True,True,True,False,False,True,True,True,True,True,True,False,True,True,True,False,True,False,False,True,True,True,True,True,False,True,False,True,True,True,False,False,True,True,True,True,True
22511100010541,False,True,True,True,True,True,False,True,True,True,True,True,False,False,True,True,True,True,True,True,False,True,True,True,False,True,False,False,True,True,True,True,True,False,True,False,True,True,True,False,False,True,True,True,True,True
22511100010551,False,True,True,True,True,True,False,True,True,True,True,True,False,False,True,True,True,True,True,True,False,True,True,True,False,True,False,False,True,True,True,True,True,False,True,False,True,True,True,False,False,True,True,True,True,True
22511100010561,False,True,True,True,True,True,False,True,True,True,True,True,False,False,True,True,True,True,True,True,False,True,True,True,False,True,False,False,True,True,True,True,True,False,True,False,True,True,True,False,False,True,True,True,True,True
22511100010571,False,True,True,True,True,True,False,True,True,True,True,True,False,False,True,True,True,True,True,True,False,True,True,True,False,True,False,False,True,True,True,True,True,False,True,False,True,True,True,False,False,True,True,True,True,True
22511100010581,True,True,True,True,True,True,False,True,True,True,True,True,False,False,True,True,True,True,True,True,False,False,True,True,False,True,False,False,True,True,True,True,True,False,True,False,True,True,True,False,False,True,True,True,True,True
22511100010591,True,True,True,True,True,True,False,True,True,True,True,True,False,False,True,True,True,True,True,True,False,False,True,True,False,True,False,False,True,True,True,True,True,False,True,False,True,True,True,False,False,True,True,True,True,True
22511100010601,True,True,True,True,True,True,False,True,True,True,True,True,False,False,True,True,True,True,True,True,False,False,True,True,False,True,False,False,True,True,True,True,True,False,True,False,True,True,True,False,False,True,True,True,True,True
22511100010611,True,True,True,True,True,True,False,True,True,True,True,True,False,False,True,True,True,True,True,True,False,False,True,True,False,True,False,False,True,True,True,True,True,False,True,False,True,True,True,False,False,True,True,True,True,True
22511100010621,True,True,True,True,True,True,False,True,True,True,True,True,False,False,True,True,True,True,True,True,False,False,True,True,False,True,False,False,True,True,True,True,True,False,True,False,True,True,True,False,False,True,True,True,True,True
22511100010631,True,True,True,True,True,True,False,True,True,True,True,True,False,False,True,True,True,True,True,True,False,False,True,True,False,True,False,False,True,True,True,True,True,False,True,False,True,True,True,False,False,True,True,True,True,True
22511100010641,True,True,True,True,True,True,False,True,True,True,True,True,False,False,True,True,True,True,True,True,False,False,True,True,False,True,False,False,True,True,True,True,True,False,True,False,True,True,True,False,True,False,True,True,True,True
22511100010651,True,True,True,True,True,True,False,True,True,True,True,True,False,False,True,True,True,True,True,True,False,False,True,True,False,True,False,False,True,True,True,True,True,False,True,False,True,True,True,False,True,True,True,True,True,True
22511100010661,True,True,True,True,True,True,False,False,True,True,True,True,False,False,True,True,True,True,True,True,False,False,True,True,False,True,False,False,True,True,True,True,True,False,True,False,True,True,True,False,True,True,True,True,True,True
22511100010671,True,True,True,True,True,True,False,True,True,True,True,True,False,False,False,True,True,True,True,True,False,False,True,True,False,True,False,False,True,True,True,True,True,False,True,False,True,True,True,False,True,False,True,True,True,True
22511100010681,True,True,True,True,True,True,False,True,True,True,True,True,False,False,True,True,True,True,True,True,False,False,True,True,False,True,False,False,True,True,True,True,True,False,True,False,True,True,True,False,False,True,True,True,True,True
22511100010691,True,True,True,True,True,True,True,True,True,True,True,True,False,False,True,True,True,True,True,True,False,False,True,True,False,True,False,False,True,True,True,True,True,False,True,False,True,True,True,False,False,True,True,True,True,True
22511100010701,True,True,True,True,True,True,False,False,True,True,True,True,False,False,False,True,True,True,True,True,False,False,True,True,False,True,False,False,True,True,True,True,True,False,True,False,True,True,True,False,False,True,True,True,True,True
22511100010711,True,True,False,True,True,True,False,False,True,True,True,True,False,False,False,True,True,True,True,True,False,False,True,True,False,True,False,False,True,True,True,True,True,False,True,False,True,True,True,False,False,True,True,True,True,True
22511100010721,True,True,False,True,True,True,False,False,True,True,True,True,False,False,False,True,True,True,True,True,False,False,True,True,False,True,False,False,True,True,True,True,True,False,True,False,True,True,True,False,True,True,True,True,True,True
22511100010731,True,True,True,True,True,True,False,False,True,True,True,True,False,False,False,True,True,True,True,True,False,False,True,True,False,True,False,False,True,True,True,True,True,False,True,False,True,True,True,False,False,True,True,True,True,True
22511100010741,True,True,True,True,True,True,False,False,True,True,True,True,False,False,True,True,True,True,True,True,False,False,True,True,False,True,False,False,True,True,True,True,True,False,True,False,True,True,True,False,True,True,True,True,True,True
22511100010751,True,True,True,True,True,True,False,False,True,True,True,True,False,False,True,True,True,True,True,True,False,False,True,True,False,True,False,False,True,True,True,True,True,False,True,False,True,True,True,False,False,True,True,True,True,True
22511100010761,True,True,False,True,True,True,False,False,True,True,True,True,False,False,False,True,True,True,True,True,False,False,True,True,False,True,False,False,True,True,True,True,True,False,True,False,True,True,True,False,False,True,True,True,True,True
22511100010771,False,False,False,True,True,True,False,False,True,True,True,True,False,False,False,True,True,True,True,True,False,False,True,True,False,True,False,False,True,True,True,True,True,False,True,False,True,True,True,False,False,True,True,True,True,True
22511100010781,False,True,True,True,True,True,False,False,True,True,True,True,False,False,False,False,True,True,True,True,False,False,True,True,False,True,False,False,True,True,True,True,True,False,True,False,True,True,False,False,False,True,True,True,True,True
22511100010791,False,True,True,True,True,True,False,False,True,True,True,True,False,False,False,False,True,True,True,True,False,False,True,True,False,True,False,False,True,True,True,True,True,False,True,False,True,True,False,False,True,True,True,True,True,True
22511100010801,False,True,True,True,True,True,False,False,True,True,True,True,False,False,False,False,True,True,True,True,False,False,True,True,False,True,False,False,True,True,True,True,True,False,True,False,True,True,False,False,True,True,True,True,True,True
22511100020011,False,True,True,True,True,True,False,True,True,True,True,True,False,False,True,True,True,True,True,True,False,False,True,True,True,True,False,True,True,True,True,True,True,False,True,False,True,True,True,False,False,True,True,True,True,True
22511100020021,False,True,True,True,True,True,False,True,True,True,True,True,False,False,True,True,True,True,True,True,False,True,True,True,True,True,False,True,True,True,True,True,True,False,True,False,True,True,True,False,False,True,True,True,True,True
22511100020031,False,True,True,True,True,True,False,True,True,True,True,True,False,False,True,True,True,True,True,True,False,False,True,True,True,True,False,True,True,True,True,True,True,False,True,False,True,True,True,False,False,True,True,True,True,True
22511100020041,False,True,True,True,True,True,False,True,True,True,True,True,False,False,True,True,True,True,True,True,False,False,True,True,True,True,False,True,True,True,True,True,True,False,True,False,True,True,True,False,False,True,True,True,True,True
22511100020051,False,True,True,True,True,True,False,True,True,True,True,True,False,False,True,True,True,True,True,True,False,True,True,True,True,True,False,True,True,True,True,True,True,False,True,False,True,True,True,False,False,True,True,True,True,True
22511100020061,False,True,True,True,True,True,False,True,True,True,True,True,False,False,True,True,False,True,True,True,False,False,True,True,True,True,False,True,True,True,True,True,True,False,True,False,True,True,True,False,False,True,True,True,True,True
22511100020071,True,True,True,True,True,True,False,True,True,True,True,True,False,False,True,True,True,True,True,True,False,True,True,True,False,True,False,True,True,True,True,True,True,False,True,False,True,True,True,False,False,True,True,True,True,True
22511100030011,True,True,True,True,True,True,True,True,True,True,True,True,False,False,True,True,True,True,True,True,False,False,True,True,False,True,False,True,True,True,True,True,True,False,True,False,True,True,True,False,True,True,True,True,True,True
22511100030021,True,True,True,True,True,True,True,True,True,True,True,True,False,False,True,True,True,True,True,True,False,False,True,True,False,True,False,True,True,True,True,True,True,False,True,False,True,True,True,False,True,True,True,True,True,True
22511100030031,True,True,True,True,True,True,False,True,True,True,True,True,False,False,True,True,True,True,True,True,False,False,True,True,False,True,False,True,True,True,True,True,True,False,True,False,True,True,True,False,False,True,True,True,True,True
22511100030041,False,True,True,True,True,True,True,True,True,True,True,True,False,False,True,True,True,True,True,True,False,False,True,True,False,True,False,True,True,True,True,True,True,False,True,False,True,True,True,False,False,True,True,True,True,True
22511100030051,True,True,True,True,True,True,True,True,True,True,True,False,False,False,True,True,True,True,True,True,False,False,True,True,True,True,False,True,True,True,True,True,True,False,True,False,True,True,True,False,False,True,False,True,True,True
22511100030061,False,True,True,True,True,True,True,True,True,True,True,False,False,False,True,True,True,True,True,True,False,False,True,True,True,True,False,True,True,True,True,True,True,False,True,False,True,True,True,False,True,True,True,True,True,True
22511100030071,False,True,True,True,True,True,True,True,True,True,True,False,False,False,True,True,True,True,True,True,False,True,True,True,True,True,False,True,True,True,True,True,True,False,True,False,True,True,True,False,False,True,True,True,True,True
22511100030081,True,True,True,True,True,True,True,True,True,True,True,True,False,False,True,True,True,True,True,True,False,False,True,True,False,True,False,True,True,True,True,True,True,False,True,False,True,True,True,False,False,True,True,True,True,True
22511100030091,True,True,True,True,True,True,False,True,True,True,True,True,False,False,True,True,True,True,True,True,False,False,True,True,False,True,False,True,True,True,True,True,True,False,True,False,True,True,True,False,False,True,True,True,True,True
22511100030101,True,True,True,True,True,True,False,True,True,True,True,True,False,False,True,True,True,True,True,True,False,False,True,True,False,True,False,True,True,True,True,True,True,False,True,False,True,True,True,False,False,True,True,True,True,True
22511100030111,False,True,True,True,True,True,False,False,True,True,True,True,False,False,True,True,True,True,True,True,False,False,True,True,False,True,False,True,True,True,True,True,True,False,True,False,True,True,True,False,False,True,False,True,True,True
22511100040015,False,False,True,True,True,True,False,False,True,True,True,False,False,False,False,False,False,False,False,False,False,False,False,False,False,False,False,False,True,False,True,False,False,False,True,False,True,True,True,False,False,True,True,True,True,False
22511100040025,False,False,True,True,True,True,False,False,True,True,True,False,False,False,False,False,False,False,False,False,False,False,False,False,False,False,False,False,True,True,False,False,True,False,True,False,True,True,True,False,False,True,True,True,True,True
22511100040035,True,False,False,True,True,True,False,False,True,True,True,False,False,False,False,False,False,False,False,False,False,False,False,False,False,False,False,False,True,True,True,True,True,False,True,False,True,False,True,False,False,True,True,True,True,True
22511100040045,True,False,False,True,True,True,False,False,True,True,True,False,False,False,False,False,False,False,False,False,False,False,False,True,False,False,False,False,True,True,True,True,True,False,True,False,True,True,False,False,False,True,True,True,True,True
22511100040055,True,False,False,True,True,True,False,False,True,True,True,True,False,False,False,False,True,False,False,False,False,False,True,True,False,True,False,False,True,True,True,True,True,False,True,False,True,True,False,False,False,True,True,True,True,True
22511100040065,True,False,False,True,True,True,False,False,True,True,True,True,False,False,False,False,True,False,False,False,False,False,True,True,False,True,False,False,True,True,True,True,True,False,True,False,True,True,False,False,False,True,True,True,True,True
22511100040075,False,False,False,True,True,True,False,False,True,True,True,True,False,False,False,False,True,False,True,False,False,False,True,True,False,True,False,False,True,True,True,True,True,False,True,False,True,True,True,False,False,True,True,True,True,True
22511100040085,True,False,False,True,True,True,False,False,True,True,True,True,False,False,False,False,True,False,True,False,False,False,True,True,False,True,False,False,True,True,True,True,True,False,True,False,True,True,True,False,False,True,True,True,True,True
22511100040095,False,False,False,True,True,True,False,False,True,True,True,True,False,False,False,False,True,True,True,False,False,False,True,True,False,True,False,False,True,True,True,True,True,False,True,False,True,True,True,False,False,True,True,True,True,True
22511100040105,True,False,False,True,True,True,False,False,True,True,True,True,False,False,False,False,True,True,True,False,False,False,True,True,False,True,False,False,True,True,True,True,True,False,True,False,True,True,False,False,False,True,True,True,True,True
22511100040115,True,False,False,True,True,True,False,False,True,True,True,False,False,False,False,False,True,True,True,False,False,False,True,True,False,True,False,False,True,True,True,True,True,False,True,False,True,True,False,False,False,True,True,True,True,True
22511100040125,True,False,False,True,True,True,False,False,True,True,True,False,False,False,False,False,True,True,True,False,False,False,True,True,False,True,False,False,True,True,True,True,True,False,True,False,True,True,True,False,False,True,True,True,True,True
22511100040135,True,False,False,True,True,True,False,False,True,True,True,False,False,False,False,False,True,True,False,False,False,False,True,True,False,True,False,False,True,True,True,True,True,False,True,False,True,True,True,False,False,True,True,True,True,True
22511100040145,True,False,True,True,True,True,False,False,True,True,True,False,False,False,False,False,True,True,False,False,False,False,True,True,False,True,False,False,True,True,True,True,True,False,True,False,True,True,True,False,False,True,True,True,True,True
22511100040155,True,False,True,True,True,True,False,False,True,True,True,False,False,False,False,False,True,True,False,False,False,False,True,True,False,True,False,False,True,True,True,True,True,False,True,False,True,True,True,False,False,True,True,True,True,True
22511100040165,True,False,True,True,True,True,False,False,True,True,True,False,False,False,False,False,True,True,False,False,False,False,True,True,False,True,False,False,True,True,True,True,True,False,True,False,True,True,True,False,False,True,True,True,True,True
22511100040175,True,False,True,True,True,True,False,False,True,True,True,False,False,False,False,False,True,True,False,False,False,False,True,True,False,True,False,False,True,True,True,True,True,False,True,False,True,True,True,False,False,True,False,True,True,True
22511100040185,True,False,True,True,True,True,False,False,True,True,True,False,False,False,False,False,False,True,False,False,False,False,True,True,False,True,False,False,True,True,True,True,True,False,True,False,True,True,True,False,False,True,True,True,True,True
22511100040195,True,False,True,True,True,True,False,False,True,True,True,False,False,False,False,False,False,False,False,False,False,False,False,True,False,True,False,False,True,True,True,True,True,False,True,False,True,True,True,False,False,True,True,True,True,True
22511100040205,True,False,True,True,True,True,False,False,True,True,True,False,False,False,False,False,False,False,False,False,False,False,False,True,False,True,False,False,True,True,True,True,True,False,True,False,True,True,True,False,False,True,True,True,True,True
22511100040215,False,False,True,True,True,True,False,False,True,True,True,False,False,False,False,False,False,False,False,False,False,False,False,True,False,True,False,False,True,True,True,True,True,False,True,False,True,True,True,False,False,True,False,True,True,True
22511100040225,False,False,True,True,True,True,False,False,True,True,True,False,False,False,False,False,False,False,False,False,False,False,False,False,False,True,False,False,True,True,True,True,True,False,True,False,True,True,True,False,False,True,False,True,True,True
22511100040235,False,False,False,False,True,False,False,False,True,True,True,False,False,False,False,False,False,False,False,False,False,False,False,False,False,False,False,False,True,False,True,True,True,False,True,False,False,False,True,False,False,True,False,True,True,True
22511100040245,False,False,False,False,True,False,False,False,False,True,True,False,False,False,False,False,False,False,False,False,False,False,False,True,False,False,False,False,False,False,False,True,True,False,True,False,True,True,True,False,False,True,False,True,True,True
22511100040255,False,False,False,True,True,False,False,False,True,True,False,True,False,False,False,False,False,False,False,False,False,False,False,True,False,False,False,False,False,True,False,True,True,False,True,False,True,True,True,False,False,True,False,True,True,True
22511100040265,False,False,False,True,True,True,False,False,True,True,True,True,False,False,False,False,False,False,False,False,False,False,False,True,False,False,False,False,True,True,True,True,True,False,True,False,True,True,True,False,False,True,True,True,True,True
22511100040275,False,False,False,True,True,True,False,False,True,True,True,True,False,False,False,False,False,False,False,False,False,False,True,True,False,False,False,False,True,True,True,True,True,False,True,False,True,True,True,False,False,True,True,True,True,True
22511100040285,False,False,True,True,True,True,False,False,True,True,True,True,False,False,False,False,False,False,False,False,False,False,True,True,False,False,False,False,True,True,True,True,True,False,True,False,True,True,True,False,False,True,False,True,True,True
22511100040295,False,False,True,True,True,True,False,False,True,True,True,True,False,False,False,False,False,False,False,False,False,False,True,True,False,False,False,False,True,True,True,True,True,False,True,False,True,True,True,False,False,True,False,True,True,True
22511100040305,False,False,True,True,True,True,False,False,True,True,True,True,False,False,False,False,True,False,False,False,False,False,True,True,False,True,False,False,True,True,True,True,True,False,True,False,True,True,True,False,False,True,False,True,True,True
22511100040315,False,False,True,True,True,True,False,False,True,True,True,True,False,False,False,False,True,True,False,True,False,False,True,True,False,True,False,False,True,True,True,True,True,False,True,False,True,True,True,False,False,True,False,True,True,True
22511100040325,False,False,True,True,True,True,False,False,True,True,True,True,False,False,False,False,True,True,False,True,False,False,True,True,False,True,False,False,True,True,True,True,True,False,True,False,True,True,True,False,False,True,False,True,True,True
22511100040335,False,False,True,True,True,True,False,False,True,True,True,True,False,False,False,False,True,True,False,True,False,False,True,True,False,True,False,False,True,True,True,True,True,False,True,False,True,True,True,False,False,True,False,True,True,True
22511100040345,False,False,True,True,True,True,False,False,True,True,True,True,False,False,False,False,True,True,False,True,False,False,True,True,False,True,False,False,True,True,True,True,True,False,True,False,True,True,True,False,False,True,False,True,True,True
22511100040355,False,False,True,True,True,True,False,False,True,True,True,True,False,False,False,False,True,True,False,True,False,False,True,True,False,True,False,False,True,True,True,True,True,False,True,False,True,True,True,False,False,True,False,True,True,True
22511100040365,False,False,True,True,True,True,False,False,True,True,True,True,False,False,False,False,True,True,False,True,False,False,True,True,False,True,False,False,True,True,True,True,True,False,True,False,True,True,True,False,False,True,False,True,True,True
22511100040375,False,False,True,True,True,True,False,False,True,True,True,True,False,False,False,False,True,True,False,True,False,False,True,True,False,True,False,False,True,True,True,True,True,False,True,False,True,True,True,False,False,True,False,True,True,True
22511100040385,False,False,True,True,True,True,False,False,True,True,True,True,False,False,False,False,True,True,False,True,False,False,True,True,False,True,False,False,True,True,True,True,True,False,True,False,True,True,True,False,False,True,False,True,True,True
22511100040395,False,False,True,True,True,True,False,False,True,True,True,True,False,False,False,False,True,True,False,True,False,False,True,True,False,True,False,False,True,True,True,True,True,False,True,False,True,True,True,False,False,True,False,True,True,True
22511100040405,False,False,True,True,True,True,False,False,True,True,True,True,False,False,False,False,True,True,False,True,False,False,True,True,False,True,False,False,False,True,True,True,True,False,True,False,True,True,True,False,False,True,False,True,True,True
22511100040415,False,False,True,True,True,True,False,False,True,True,True,True,False,False,False,False,True,True,False,True,False,False,True,True,False,True,False,False,False,True,True,True,True,False,True,False,True,True,True,False,False,True,False,True,True,True
22511100040425,False,False,True,True,True,True,False,False,True,True,True,True,False,False,False,False,True,True,False,True,False,False,True,True,False,True,False,False,False,True,True,True,True,False,True,False,True,True,True,False,False,True,False,True,True,True
22511100040435,False,False,True,True,True,True,False,False,True,True,True,True,False,False,False,False,True,True,False,True,False,False,True,True,False,True,False,False,False,True,True,True,True,False,True,False,True,True,True,False,False,True,False,True,True,True
22511100040445,False,False,True,True,True,True,False,False,True,True,True,True,False,False,False,False,True,True,False,True,False,False,True,True,False,True,False,False,False,True,True,True,True,False,True,False,True,True,True,False,False,True,True,True,True,True
22511100040455,False,False,True,True,True,True,False,False,True,True,True,True,False,False,False,False,True,True,False,True,False,False,True,True,False,True,False,False,False,True,True,True,True,False,True,False,True,True,True,False,False,True,True,True,True,True
22511100040465,False,False,False,True,True,True,False,False,True,True,True,True,False,False,False,False,True,True,False,True,False,False,True,True,False,True,False,False,False,True,True,True,True,False,True,False,True,True,True,False,False,True,True,True,True,True
22511100040475,False,False,False,True,True,True,False,False,True,True,True,True,False,False,False,False,True,True,False,True,False,False,True,True,False,True,False,False,False,True,True,True,True,False,True,False,True,True,True,False,False,True,True,True,True,True
22511100040485,False,False,False,True,True,True,False,False,True,True,True,True,False,False,False,False,True,True,False,True,False,False,True,True,False,True,False,False,False,True,True,True,True,False,True,False,True,True,True,False,False,True,True,True,True,True
22511100040495,False,False,False,True,True,True,False,False,True,True,True,True,False,False,False,False,True,True,False,True,False,False,True,True,False,True,False,False,False,True,True,True,True,False,True,False,True,True,True,False,False,True,True,True,True,True
22511100040505,False,False,False,True,True,True,False,False,True,True,True,True,False,False,False,False,True,True,False,True,False,False,True,True,False,True,False,False,False,True,True,True,True,False,True,False,True,True,True,False,False,True,True,True,True,True
22511100040515,False,False,False,True,True,True,False,False,True,True,True,True,False,False,False,False,True,True,False,True,False,False,True,True,False,True,False,False,False,True,True,True,True,False,True,False,True,True,False,False,False,True,True,True,True,True
22511100040525,False,False,False,True,True,True,False,False,True,True,True,True,False,False,False,False,True,True,True,True,False,False,True,True,False,True,False,False,False,True,True,True,True,False,True,False,True,True,False,False,False,True,True,True,True,True
22511100040535,False,False,False,True,True,True,False,False,True,True,True,True,False,False,False,True,True,True,True,True,False,False,True,True,False,True,False,False,False,True,True,True,True,False,True,False,True,True,False,False,False,True,True,True,True,True
22511100040545,False,False,False,True,True,True,False,False,True,True,True,True,False,False,False,True,True,True,True,True,False,False,True,True,False,True,False,False,False,True,True,True,True,False,True,False,True,True,False,False,False,True,True,True,True,True
22511100040555,False,False,False,True,True,True,False,False,True,True,True,True,False,False,False,True,True,True,True,True,False,False,True,True,False,True,False,False,False,True,True,True,True,False,True,False,True,True,False,False,False,True,True,True,True,True
22511100040565,False,False,False,True,True,True,False,False,True,True,True,True,False,False,False,True,True,True,True,True,False,False,True,True,False,True,False,False,False,True,True,True,True,False,True,False,True,True,False,False,False,True,True,True,True,True
22511100040575,False,False,False,True,True,True,False,False,True,True,True,True,False,False,False,True,True,True,True,True,False,False,True,True,False,True,False,False,False,True,True,True,True,False,True,False,True,True,False,False,False,True,True,True,True,True
22511100040585,False,False,False,True,True,True,False,False,True,True,True,True,False,False,False,True,True,True,True,True,False,False,True,True,False,True,False,False,False,True,True,True,True,False,True,False,True,True,False,False,False,True,True,True,True,True
22511100040595,True,False,False,True,True,True,False,False,True,True,True,True,False,False,False,True,True,True,True,True,False,False,False,True,False,True,False,False,False,True,True,True,True,False,True,False,True,True,False,False,True,True,True,True,True,True
22511100040605,True,False,False,True,True,True,False,False,True,True,True,True,False,False,False,True,True,True,True,True,False,False,False,True,False,True,False,False,False,True,True,True,True,False,True,False,True,True,False,False,True,True,True,True,True,True
22511100040615,True,False,False,True,True,True,False,False,True,True,True,True,False,False,False,True,True,True,True,True,False,False,False,True,False,True,False,False,False,True,True,True,True,False,True,False,True,True,False,False,True,True,True,True,True,True
22511100040625,False,False,True,True,True,True,False,False,True,True,True,True,False,False,False,True,True,True,True,True,False,False,False,True,False,True,False,False,False,True,True,True,True,False,True,False,True,True,False,False,True,True,True,True,True,True
22511100040635,True,False,True,True,True,True,False,False,True,True,True,True,False,False,False,True,True,True,True,True,False,False,False,True,False,True,False,False,True,True,True,True,True,False,True,False,True,True,False,False,True,True,True,True,True,True
22511100040645,True,False,True,True,True,True,False,False,True,True,True,True,False,False,False,True,True,True,True,True,False,False,False,True,False,True,False,False,True,True,True,True,True,False,True,False,True,True,False,False,True,True,True,True,True,True
22511100040655,True,False,True,True,True,True,False,False,True,True,True,True,False,False,False,True,True,True,False,True,False,False,False,True,False,True,False,False,True,True,True,True,True,False,True,False,True,True,False,False,False,True,True,True,True,True
22511100040665,True,False,True,True,True,True,False,False,True,True,True,True,False,False,False,True,True,True,True,True,False,False,False,True,False,True,False,False,True,True,True,True,True,False,True,False,True,True,False,False,False,True,True,True,True,True
22511100040675,False,False,True,True,True,True,False,False,True,True,True,True,False,False,False,True,True,True,True,True,False,False,False,True,False,True,False,False,True,True,True,True,True,False,True,False,True,True,False,False,False,True,True,True,True,True
22511100040685,False,False,True,True,True,True,False,False,True,True,True,True,False,False,False,True,True,True,True,True,False,False,False,True,False,True,False,False,True,True,True,True,True,False,True,False,True,True,True,False,False,True,True,True,True,True
22511100040695,False,False,True,True,True,True,False,False,True,True,True,True,False,False,False,True,True,True,True,True,False,False,False,True,False,True,False,False,True,True,True,True,True,False,True,False,True,True,True,False,True,True,True,True,True,True
22511100040705,False,False,True,True,True,True,False,False,True,True,True,True,False,False,False,True,True,True,False,True,False,False,False,True,False,True,False,False,True,True,True,True,True,False,True,False,True,True,True,False,True,True,True,True,True,True
22511100040715,False,False,True,True,True,True,False,False,True,True,True,True,False,False,False,True,True,True,False,True,False,False,False,True,False,True,False,False,True,True,True,True,True,False,True,False,True,True,True,False,True,True,True,True,True,True
22511100040725,False,True,True,True,True,True,False,False,True,True,True,True,False,False,False,True,True,True,False,True,False,False,True,True,False,True,False,False,True,True,True,True,True,False,True,False,True,True,True,False,True,True,True,True,True,True
22511100040735,False,True,True,True,True,True,False,False,True,True,True,True,False,False,False,True,True,True,False,True,False,False,True,True,False,True,False,False,True,True,True,True,True,False,True,False,True,True,True,False,True,True,True,True,True,True
22511100040745,False,True,True,True,True,True,False,False,True,True,True,True,False,False,False,True,True,True,False,True,False,False,True,True,False,True,False,False,True,True,True,True,True,False,True,False,True,True,True,False,True,True,True,True,True,True
22511100040755,False,True,True,True,True,True,False,False,True,True,True,True,False,False,False,False,True,True,False,True,False,False,True,True,False,True,False,False,True,True,True,True,True,False,True,False,True,True,True,False,True,True,True,True,True,True
22511100040765,False,True,True,True,True,True,False,False,True,True,True,True,False,False,False,False,True,True,False,True,False,False,True,True,False,True,False,False,True,True,True,True,True,False,True,False,True,True,True,False,True,True,True,True,True,True
22511100040775,False,False,True,True,True,True,False,False,True,True,True,True,False,False,False,False,True,False,False,False,False,False,True,True,False,True,False,False,True,True,True,True,True,False,True,False,True,True,False,False,False,True,True,True,True,True
22511100040785,False,False,True,True,True,True,False,False,True,True,True,True,False,False,False,False,True,False,False,False,False,False,True,True,False,True,False,False,True,True,True,True,True,False,True,False,True,True,False,False,False,True,True,True,True,True
22511100050015,False,True,True,True,True,True,False,False,True,True,True,True,False,False,False,False,True,False,False,False,False,False,True,True,False,True,False,False,True,True,True,True,True,False,True,False,True,True,False,False,False,True,True,True,True,True
22511100050025,False,True,True,True,True,True,False,False,True,True,True,True,False,False,False,False,True,True,False,True,False,False,True,True,False,True,False,False,True,True,True,True,True,False,True,False,True,True,True,False,True,True,True,True,True,True
22511100050035,False,True,True,True,True,True,False,False,True,True,True,True,False,False,True,True,True,True,False,True,False,False,True,True,False,True,False,False,True,True,True,True,True,False,True,False,True,True,True,False,True,True,True,True,True,True
22511100050045,False,True,True,True,True,True,False,False,True,True,True,True,False,False,True,True,True,True,False,True,False,False,True,True,False,True,False,False,True,True,True,True,True,False,True,False,True,True,True,False,True,True,True,True,True,True
22511100050055,True,True,True,True,True,True,False,False,True,True,True,True,False,False,True,True,True,True,False,True,False,False,True,True,False,True,False,False,True,True,True,True,True,False,True,False,True,True,True,False,True,True,True,True,True,True
22511100050065,True,True,True,True,True,True,True,True,True,True,True,True,False,False,False,True,True,True,False,True,False,False,True,True,False,True,False,False,True,True,True,True,True,False,True,False,True,True,True,False,True,True,True,True,True,True
22511100050075,True,True,True,True,True,True,False,False,True,True,True,True,False,False,False,False,True,True,True,True,False,False,True,True,False,True,False,False,True,True,True,True,True,False,True,False,True,True,False,False,True,True,True,True,True,True
22511100050085,True,True,True,True,True,True,False,False,True,True,True,True,False,False,False,True,True,True,True,True,False,False,True,True,False,True,False,False,True,True,True,True,True,False,True,False,True,True,False,False,True,True,True,True,True,True
22511100050095,True,True,True,True,True,True,False,False,True,True,True,True,False,False,True,True,True,True,True,True,False,False,True,True,False,True,False,False,True,True,True,True,True,False,True,False,True,True,True,False,True,True,True,True,True,True
22511100050105,True,True,True,True,True,True,False,False,True,True,True,True,False,False,False,True,True,True,True,True,False,False,True,True,False,True,False,False,True,True,True,True,True,False,True,False,True,True,True,False,True,True,True,True,True,True
22511100050115,True,True,True,True,True,True,False,True,True,True,True,True,False,False,False,True,True,True,True,True,False,False,True,True,False,True,False,False,True,True,True,True,True,False,True,False,True,True,True,False,True,True,True,True,True,True
22511100050125,True,True,True,True,True,True,False,False,True,True,True,True,False,False,False,False,True,True,True,True,False,False,True,True,False,True,False,False,True,True,True,True,True,False,True,False,True,True,True,False,True,True,True,True,True,True
22511100050135,True,True,False,True,True,True,False,False,True,True,True,True,False,False,False,True,True,True,True,True,False,False,True,True,False,True,False,False,True,True,True,True,True,False,True,False,True,True,True,False,True,True,True,True,True,True
22511100050145,True,True,False,True,True,True,False,False,True,True,True,True,False,False,False,True,True,True,True,True,False,False,True,True,False,True,False,False,True,True,True,True,True,False,True,False,True,True,True,False,True,True,True,True,True,True
22511100050155,True,True,False,True,True,True,False,False,True,True,True,True,False,False,True,True,True,True,True,True,False,False,True,True,False,True,False,False,True,True,True,True,True,False,True,False,True,True,True,False,True,True,True,True,True,True
22511100050165,True,True,False,True,True,True,False,False,True,True,True,True,False,False,True,True,True,True,True,True,False,False,True,True,False,True,False,False,True,True,True,True,True,False,True,False,True,True,True,False,True,True,True,True,True,True
22511100050175,False,True,True,True,True,True,False,False,True,True,True,True,False,False,True,True,True,True,True,True,False,False,True,True,False,True,False,False,True,True,True,True,True,False,True,False,True,True,True,False,True,True,True,True,True,True
22511100050185,True,True,False,True,True,True,True,True,True,True,True,True,False,False,True,True,True,True,True,True,False,False,True,True,False,True,False,False,True,True,True,True,True,False,True,False,True,True,True,False,True,True,True,True,True,True
22511100050195,True,True,False,True,True,True,True,True,True,True,True,True,False,False,False,True,True,True,True,True,False,False,True,True,False,True,False,False,True,True,True,True,True,False,True,False,True,True,True,False,True,True,True,True,True,True
22511100050205,True,True,True,True,True,True,True,True,True,True,True,True,False,False,False,True,True,True,True,True,False,False,True,True,False,True,False,False,True,True,True,True,True,False,True,False,True,True,True,False,True,True,True,True,True,True
22511100050215,False,True,True,True,True,True,True,True,True,True,True,True,False,False,False,True,True,True,True,True,False,False,True,True,False,True,False,False,True,True,True,True,True,False,True,False,True,True,True,False,True,True,True,True,True,True
22511100050225,False,True,True,True,True,True,True,True,True,True,True,True,False,False,False,True,True,True,True,True,False,False,True,True,False,True,False,False,True,True,True,True,True,False,True,False,True,True,True,False,True,True,True,True,True,True
22511100050235,True,True,True,True,True,True,True,True,True,True,True,True,False,False,False,True,True,True,True,True,False,False,True,True,False,True,False,False,True,True,True,True,True,False,True,False,True,True,True,False,True,True,True,True,True,True
22511100050245,True,True,True,True,True,True,True,True,True,True,True,True,False,False,True,True,True,True,True,True,False,False,True,True,False,True,False,False,True,True,True,True,True,False,True,False,True,True,True,False,True,True,True,True,True,True
22511100050255,True,True,True,True,True,True,True,True,True,True,True,True,False,False,True,True,True,True,True,True,False,False,True,True,False,True,False,False,True,True,True,True,True,False,True,False,True,True,True,False,True,True,True,True,True,True
22511100050265,True,True,True,True,True,True,True,True,True,True,True,True,False,False,True,True,True,True,True,True,False,False,True,True,False,True,False,False,True,True,True,True,True,False,True,False,True,True,True,False,True,False,True,True,True,True
22511100050275,True,True,True,True,True,True,True,True,True,True,True,True,False,False,True,True,True,True,True,True,False,False,True,True,False,True,False,False,True,True,True,True,True,False,True,False,True,True,True,False,True,False,True,True,True,True
22511100050285,True,True,True,True,True,True,True,True,True,True,True,True,False,False,True,True,True,True,True,True,False,False,True,True,False,True,False,False,True,True,True,True,True,False,True,False,True,True,True,False,True,False,True,True,True,True
22511100050295,True,True,True,True,True,True,True,True,True,True,True,True,False,False,True,True,True,True,True,True,False,False,True,True,False,True,False,False,True,True,True,True,True,False,True,False,True,True,True,False,True,True,True,True,True,True
22511100050305,True,True,True,True,True,True,True,True,True,True,True,True,False,False,True,True,True,True,True,True,False,False,True,True,False,True,False,False,True,True,True,True,True,False,True,False,True,True,True,False,True,True,True,True,True,True
22511100050315,True,True,True,True,True,True,True,True,True,True,True,True,False,False,True,True,True,True,True,True,False,False,True,True,False,True,False,False,True,True,True,True,True,False,True,False,True,True,True,False,True,False,True,True,True,True
22511100050325,True,True,True,True,True,True,True,True,True,True,True,True,False,False,True,True,True,True,True,True,False,False,True,True,False,True,False,False,True,True,True,True,True,False,True,False,True,True,True,False,True,True,True,True,True,True
22511100050335,True,True,True,True,True,True,True,True,True,True,True,True,False,False,True,True,True,True,True,True,False,False,True,True,False,True,False,False,True,True,True,True,True,False,True,False,True,True,True,False,True,True,True,True,True,True
22511100050345,True,True,True,True,True,True,True,True,True,True,True,True,False,False,True,True,True,True,True,True,False,False,True,True,False,True,False,False,True,True,True,True,True,False,True,False,True,True,True,False,True,True,True,True,True,True
22511100050355,False,True,True,True,True,True,True,True,True,True,True,True,False,False,True,True,True,True,True,True,False,False,True,True,False,True,False,False,True,True,True,True,True,False,True,False,True,True,True,False,True,True,True,True,True,True
22511100050365,False,True,True,True,True,True,True,True,True,True,True,True,False,False,True,True,True,True,True,True,False,False,True,True,False,True,False,False,True,True,True,True,True,False,True,False,True,True,True,False,True,True,True,True,True,True
22511100050375,False,False,True,True,True,True,True,True,True,True,True,True,False,False,True,True,True,True,True,True,False,False,True,True,False,True,False,False,True,True,True,True,True,False,True,False,True,True,True,False,True,True,True,True,True,True
22511100050385,True,True,True,True,True,True,True,True,True,True,True,True,False,False,True,True,True,True,True,True,False,False,True,True,False,True,False,False,True,True,True,True,True,False,True,False,True,True,True,False,True,True,True,True,True,True
22511100050395,True,True,True,True,True,True,True,True,True,True,True,True,False,False,True,True,True,True,True,True,False,False,True,True,True,True,False,False,True,True,True,True,True,False,True,False,True,True,True,False,True,True,True,True,True,True
22511100050405,True,True,True,True,True,True,True,True,True,True,True,True,False,False,True,True,True,True,True,True,False,True,True,True,True,True,True,True,True,True,True,True,True,False,True,False,True,True,True,False,True,True,True,True,True,True
22511100050415,False,False,True,True,True,True,True,True,True,True,True,True,False,False,True,True,True,True,True,True,False,True,True,True,True,True,True,True,True,True,True,True,True,False,True,False,True,True,True,False,True,True,True,True,True,True
22511100050425,False,False,True,True,True,True,True,True,True,True,True,True,False,False,True,True,True,True,True,True,False,True,True,True,True,True,True,True,True,True,True,True,True,False,True,False,True,True,True,False,True,True,True,True,True,True
22511100050435,False,False,True,True,True,True,True,True,True,True,True,True,False,False,True,True,True,True,True,True,False,True,True,True,True,True,True,True,True,True,True,True,True,False,True,False,True,True,True,False,True,True,True,True,True,True
22511100050445,False,True,True,True,True,True,True,True,True,True,True,True,False,False,True,True,True,True,True,True,False,True,True,True,True,True,True,True,True,True,True,True,True,False,True,False,True,True,True,False,True,True,True,True,True,True
22511100050455,False,False,True,True,True,True,True,True,True,True,True,True,False,False,True,True,True,True,True,True,False,True,True,True,True,True,True,True,True,True,True,True,True,False,True,False,True,True,True,False,True,True,True,True,True,True
22511100050465,False,False,True,True,True,True,True,True,True,True,True,True,False,False,True,True,True,True,True,True,False,True,True,True,True,True,True,True,True,True,True,True,True,False,True,False,True,True,True,False,True,True,True,True,True,True
22511100050475,False,False,True,True,True,True,True,True,True,True,True,True,False,False,True,True,True,True,True,True,False,True,True,True,True,True,True,True,True,True,True,True,True,False,True,False,True,True,True,False,True,True,True,True,True,True
22511100050485,False,False,True,True,True,True,True,True,True,True,True,True,False,False,True,True,True,True,True,True,False,True,True,True,True,True,True,True,True,True,True,True,True,False,True,False,True,True,True,False,True,True,True,True,True,True
22511100050495,False,False,False,True,True,True,True,True,True,True,True,False,False,False,True,True,True,True,True,True,False,True,True,True,True,True,True,True,True,True,True,True,True,False,True,False,True,True,True,False,True,True,False,True,True,True
22511100050505,False,False,False,True,True,True,True,True,True,True,True,False,False,False,True,True,True,True,True,True,False,True,True,True,True,True,True,True,True,True,True,True,True,False,True,False,True,True,True,False,True,True,False,True,True,True
22511100050515,False,False,False,True,True,True,True,True,True,True,True,False,False,False,True,True,True,True,True,True,False,True,True,True,True,True,True,True,True,True,True,True,True,False,True,False,True,True,True,False,True,True,False,True,True,True
22511100050525,False,False,False,True,True,True,False,True,True,True,True,False,False,False,True,True,True,True,True,True,False,True,True,True,True,True,True,True,True,True,True,True,True,False,True,False,True,True,True,False,True,True,False,True,True,True
22511100050535,False,False,False,True,True,True,False,True,True,True,True,False,False,False,True,True,False,True,True,True,False,True,True,True,True,True,True,True,True,True,True,True,True,False,True,False,True,True,True,False,False,True,False,True,True,True
22511100050545,False,False,False,True,True,True,True,True,True,True,True,False,False,False,True,True,False,True,True,True,False,True,True,True,True,True,True,True,True,True,True,True,True,False,True,False,True,True,True,False,True,True,True,True,True,True
22511100050555,False,False,False,True,True,True,False,True,True,True,False,False,False,False,True,True,False,True,True,True,False,True,True,True,True,True,True,False,True,True,True,False,True,False,True,False,True,True,True,False,False,True,True,True,True,True
22511100050565,False,False,False,True,True,True,False,True,True,True,True,False,False,False,True,True,False,True,True,True,False,True,True,True,True,True,True,True,True,True,True,True,True,False,True,False,True,True,True,False,True,True,False,True,True,True
22511100050575,False,False,True,True,True,True,False,True,True,True,True,False,False,False,True,True,False,True,True,True,False,True,True,True,True,True,True,True,True,True,True,True,True,False,True,False,True,True,True,False,True,True,True,True,True,True
22511100050585,False,False,True,True,True,True,True,True,True,True,True,False,False,False,True,True,False,True,True,True,False,True,True,True,True,True,True,True,True,True,True,True,True,False,True,False,True,True,True,False,True,True,True,True,True,True
22511100050595,False,False,True,True,True,True,True,True,True,True,True,True,False,False,True,True,False,True,True,False,False,True,True,True,True,True,True,True,True,True,True,True,True,False,True,False,True,True,True,False,True,True,True,True,True,True
22511100050605,True,True,True,True,True,True,True,True,True,True,True,True,False,False,True,True,False,True,True,False,False,True,True,True,True,True,True,False,True,True,True,True,True,False,True,False,True,True,True,False,True,True,True,True,True,True
22511100050615,False,True,True,True,True,True,True,True,True,True,True,False,False,False,True,True,True,True,True,False,False,False,True,True,True,True,True,False,True,True,True,True,True,False,True,False,True,True,True,False,True,True,True,True,True,True
22511100050625,False,False,True,True,True,True,True,True,True,True,True,False,False,False,True,True,True,True,True,True,False,False,True,True,True,True,False,True,True,True,True,True,True,False,True,False,True,True,True,False,True,True,True,True,True,True
22511100050635,False,False,True,True,True,True,True,True,True,True,True,False,False,False,True,True,True,True,True,True,False,False,True,True,True,True,True,True,True,True,True,True,True,False,True,False,True,True,True,False,True,True,True,True,True,True
22511100050645,False,False,True,True,True,True,False,True,True,True,True,False,False,False,True,True,True,True,True,True,False,True,True,True,True,True,False,True,True,True,True,True,True,False,True,False,True,True,True,False,True,True,True,True,True,True
22511100050655,False,False,True,True,True,True,False,True,True,True,True,False,False,False,True,True,True,True,True,True,False,True,True,True,True,True,True,True,True,True,True,True,True,False,True,False,True,True,True,False,True,True,True,True,True,True
22511100050665,False,False,True,True,True,True,False,True,True,True,True,False,False,False,True,True,True,True,True,True,False,False,True,True,True,True,True,True,True,True,True,True,True,False,True,False,True,True,True,False,True,True,True,True,True,True
22511100050675,False,False,True,True,True,True,True,True,True,True,True,False,False,False,True,True,True,True,True,True,False,False,True,True,True,True,False,True,True,True,True,True,True,False,True,False,True,True,True,False,True,True,True,True,True,True
22511100050685,False,False,True,True,True,True,True,True,True,True,True,False,False,False,True,True,True,True,True,True,False,False,True,True,True,True,False,True,True,True,True,True,True,False,True,False,True,True,True,False,True,True,True,True,True,True
22511100050695,False,False,True,True,True,True,True,True,True,True,True,False,False,False,True,True,True,True,True,True,False,False,True,True,True,True,False,True,True,True,True,True,True,False,True,False,True,True,True,False,True,True,True,True,True,True
22511100050705,False,False,True,True,True,True,True,True,True,True,True,False,False,False,True,True,True,True,True,True,False,False,True,True,True,True,False,True,True,True,True,True,True,False,True,False,True,True,True,False,True,True,True,True,True,True
22511100050715,False,False,True,True,True,True,True,True,True,True,True,True,True,False,True,True,True,True,True,True,False,False,True,True,True,True,False,True,True,True,True,True,True,False,True,False,True,True,True,False,True,True,True,True,True,True
22511100050725,False,False,True,True,True,True,False,True,True,True,True,False,True,False,True,True,False,True,True,True,False,False,True,True,True,True,False,True,True,True,True,True,True,False,True,False,True,True,True,False,True,True,True,True,True,True
22511100050735,False,False,True,True,True,True,False,True,True,True,True,True,True,True,True,True,False,True,True,True,False,True,True,True,True,True,True,True,True,True,True,True,True,False,True,False,True,True,True,False,True,True,True,True,True,True
22511100050745,False,False,True,True,True,True,True,True,True,True,True,True,True,True,True,True,False,True,True,True,False,True,True,True,True,True,True,True,True,True,True,True,True,False,True,False,True,True,True,False,True,True,True,True,True,True
22511100050755,False,True,True,True,True,True,True,True,True,True,True,False,True,True,True,True,True,True,True,True,False,True,True,True,True,True,True,True,True,True,True,True,True,False,True,False,True,True,True,False,True,True,True,True,True,True
22511100050765,False,False,True,True,True,True,True,True,True,True,True,False,True,False,True,True,True,True,True,True,False,True,True,True,True,True,False,True,True,True,True,True,True,False,True,False,True,True,True,False,True,True,True,True,True,True
22511100050775,False,False,True,True,True,True,False,True,True,True,True,False,True,False,True,True,True,True,True,True,False,True,True,True,True,True,False,True,True,True,True,True,True,False,True,False,True,True,True,False,True,True,True,True,True,True
22511100050785,False,False,True,True,True,True,True,True,True,True,True,False,True,False,True,True,True,True,True,True,False,True,True,True,True,True,False,True,True,True,True,True,True,False,True,False,True,True,True,False,True,True,True,True,True,True
22511100050795,False,False,True,True,True,True,True,True,True,True,True,False,True,False,True,True,False,True,True,True,False,True,True,True,True,True,False,True,True,True,True,True,True,False,True,False,True,True,True,False,True,True,True,True,True,False
22511100050805,False,False,True,True,True,True,False,True,True,True,True,True,True,True,True,True,False,True,True,True,False,True,True,True,True,True,True,True,True,True,True,True,True,False,True,False,True,True,True,False,True,True,True,True,True,True
22511100050815,False,False,True,True,True,True,False,True,True,True,True,True,True,True,True,True,True,True,True,True,False,True,True,True,True,True,True,True,True,True,True,True,True,False,True,False,True,True,True,False,True,True,True,True,True,True
22511100050825,False,False,True,True,True,True,False,True,True,True,True,True,True,True,True,True,True,True,True,True,False,True,True,True,True,True,True,True,True,True,True,True,True,False,True,False,True,True,True,False,True,True,True,True,True,True
22511100050835,False,False,True,True,True,True,False,True,True,True,True,True,True,False,True,True,True,True,True,True,False,True,True,True,True,True,False,True,True,True,True,True,True,False,True,False,True,True,True,False,True,True,True,True,True,True
22511100050845,False,False,True,True,True,True,False,True,True,True,True,True,True,False,True,True,True,True,True,True,False,True,True,True,True,True,False,True,True,True,True,True,True,False,True,False,True,True,True,False,True,True,True,True,True,True
22511100050855,False,True,True,True,True,True,False,True,True,True,True,True,True,False,True,True,True,True,True,True,False,True,True,True,True,True,False,True,True,True,True,True,True,False,True,False,True,True,True,False,True,True,True,True,True,True
22511100050865,False,False,True,True,True,True,True,True,True,True,True,True,True,False,True,True,True,True,True,True,False,True,True,True,True,True,False,True,True,True,True,True,True,False,True,False,True,True,True,False,True,True,True,True,True,True
22511100050875,False,True,True,True,True,True,True,True,True,True,True,True,True,False,True,True,True,True,True,True,False,True,True,True,True,True,False,True,True,True,True,True,True,False,True,False,True,True,True,False,True,True,True,True,True,True
22511100050885,False,True,True,True,True,True,True,True,True,True,True,True,True,False,True,True,True,True,True,True,False,True,True,True,True,True,False,True,True,True,True,True,True,False,True,False,True,True,True,False,True,True,True,True,True,True
22511100050895,False,True,True,True,True,True,True,True,True,True,True,True,True,False,True,True,True,True,True,True,False,True,True,True,True,True,False,True,True,True,True,True,True,False,True,False,True,True,True,False,True,True,True,True,True,True
22511100050905,False,True,True,True,True,True,True,True,True,True,True,True,True,False,True,True,True,True,True,True,False,True,True,True,True,True,False,True,True,True,True,True,True,False,True,False,True,True,True,False,True,True,True,True,True,True
22511100050915,False,True,True,True,True,True,False,True,True,True,True,True,False,False,True,True,True,True,True,True,False,True,True,True,True,True,False,True,True,True,True,True,True,False,True,False,True,True,True,False,True,True,True,True,True,True
22511100050925,False,True,True,True,True,True,False,True,True,True,True,True,True,False,True,True,True,True,True,True,False,True,True,True,True,True,False,True,True,True,True,True,True,False,True,False,True,True,True,False,True,True,True,True,True,True
22511100050935,False,True,True,True,True,True,False,True,True,True,True,True,True,False,True,True,True,True,True,True,False,True,True,True,False,True,False,True,True,True,True,True,True,False,True,False,True,True,True,False,False,False,True,True,True,True
22511100050945,True,True,True,True,True,True,False,True,True,True,True,True,False,False,True,True,True,True,True,True,False,True,True,True,False,True,False,True,True,True,True,True,True,False,True,False,True,True,True,False,True,True,True,True,True,True
22511200010011,True,True,True,True,True,True,True,True,True,True,True,True,False,False,True,True,True,True,True,True,False,False,True,True,False,True,False,True,True,True,True,True,True,False,True,False,True,True,True,False,False,True,True,True,True,True
22511200010021,True,True,True,True,True,True,True,True,True,True,True,True,False,False,True,True,True,True,True,True,False,False,True,True,False,True,False,True,True,True,True,True,True,False,True,False,True,True,True,False,False,True,True,True,True,True
22511200010031,True,True,True,True,True,True,True,True,True,True,True,True,False,False,True,True,True,True,True,True,False,True,True,True,False,True,True,True,True,True,True,True,True,False,True,False,True,True,True,False,True,True,True,True,True,True
22511200010041,True,True,True,True,True,True,True,True,True,True,True,True,False,False,True,True,True,True,True,True,False,True,True,True,False,True,True,True,True,True,True,True,True,False,True,False,True,True,True,False,True,True,True,True,True,True
22511200010051,True,True,True,True,True,True,True,True,True,True,True,True,False,False,True,True,True,True,True,True,False,True,True,True,False,True,True,True,True,True,True,True,True,False,True,False,True,True,True,False,True,True,True,True,True,True
22511200010061,True,True,True,True,True,True,True,True,True,True,True,True,False,False,True,True,True,True,True,True,False,True,True,True,False,True,True,True,True,True,True,True,True,False,True,False,True,True,True,False,True,True,True,True,True,True
22511200010071,True,True,True,True,True,True,True,False,True,True,True,True,False,False,True,True,True,True,True,True,False,True,True,True,False,True,True,True,True,True,True,True,True,False,True,False,True,True,True,False,True,True,True,True,True,True
22511200010081,True,True,True,True,True,True,True,True,True,True,False,True,False,False,True,True,True,True,True,True,False,True,True,True,False,True,True,True,True,True,True,True,True,False,True,False,True,True,True,False,True,True,True,True,True,True
22511200010091,False,True,True,True,True,True,True,False,True,True,False,True,False,False,True,True,True,True,True,True,False,True,True,True,False,True,True,True,True,True,True,True,True,False,True,False,True,True,True,False,True,True,True,True,True,True
22511200010101,True,True,True,True,True,True,True,False,True,True,False,True,False,False,True,True,True,True,True,True,False,True,True,True,False,True,True,True,True,True,True,True,True,False,True,False,True,True,True,False,True,True,True,True,True,True
22511200010111,True,True,True,True,True,True,True,True,True,True,False,True,False,False,True,True,True,True,True,True,False,True,True,True,False,True,True,True,True,True,True,True,True,False,True,False,True,True,True,False,True,True,True,True,True,True
22511200010121,False,True,True,True,True,True,True,True,True,True,False,True,False,False,True,True,True,True,True,True,False,True,True,True,False,True,True,True,True,True,True,True,True,False,True,False,True,True,True,False,True,True,True,True,True,True
22511200010131,False,True,True,True,True,True,True,True,True,True,False,True,False,False,True,True,True,True,True,True,False,True,True,True,False,True,True,True,True,True,True,True,True,False,True,False,True,True,True,False,True,True,True,True,True,True
22511200010141,False,True,True,True,True,True,True,True,True,True,False,True,False,False,True,True,True,True,True,True,False,True,True,True,False,True,True,True,True,True,True,True,True,False,True,False,True,True,True,False,True,True,True,True,True,True
22511200010151,True,True,True,True,True,True,True,False,True,True,False,True,False,False,True,True,True,True,True,True,False,True,True,True,False,True,True,True,True,True,True,True,True,False,True,False,True,True,True,False,True,True,True,True,True,True
22511200010161,True,True,True,True,True,True,True,False,True,True,False,True,False,False,True,True,True,True,True,True,False,True,True,True,False,True,True,True,True,True,True,True,True,False,True,False,True,True,True,False,True,True,True,True,True,True
22511200010171,True,True,True,True,True,True,True,True,True,True,False,True,False,False,True,True,True,True,True,True,False,True,True,True,False,True,True,True,True,True,True,True,True,False,True,False,True,True,True,False,True,True,True,True,True,True
22511200010181,True,True,True,True,True,True,True,True,True,True,True,True,False,False,True,True,True,True,True,True,False,True,True,True,False,True,True,True,True,True,True,True,True,False,True,False,True,True,True,False,True,True,True,True,True,True
22511200010191,True,True,True,True,True,True,True,True,True,True,True,True,False,False,True,True,True,True,True,True,False,True,True,True,False,True,True,True,True,True,True,True,True,False,True,False,True,True,True,False,True,True,True,True,True,True
22511200010201,True,True,True,True,True,True,True,True,True,True,True,True,False,False,True,True,True,True,True,True,False,True,True,True,False,True,True,True,True,True,True,True,True,False,True,False,True,True,True,False,True,True,True,True,True,True
22511200010211,True,True,True,True,True,True,True,True,True,True,True,True,False,False,True,True,True,True,True,True,False,True,True,True,False,True,True,True,True,True,True,True,True,False,True,False,True,True,True,False,True,True,True,True,True,True
22511200010221,True,True,True,True,True,True,True,True,True,True,True,True,False,False,True,True,True,True,True,True,False,True,True,True,False,True,True,True,True,True,True,True,True,False,True,False,True,True,True,False,True,True,True,True,True,True
22511200010231,True,True,True,True,True,True,True,True,True,True,True,True,False,False,True,True,True,True,True,True,False,True,True,True,False,True,True,True,True,True,True,True,True,False,True,False,True,True,True,False,True,True,True,True,True,True
22511200010241,True,True,True,True,True,True,True,True,True,True,True,True,False,False,True,True,True,True,True,True,False,True,True,True,False,True,True,True,True,True,True,True,True,False,True,False,True,True,True,False,True,True,True,True,True,True
22511200010251,True,True,True,True,True,True,True,True,True,True,True,True,False,False,True,True,True,True,True,True,False,True,True,True,False,True,True,True,True,True,True,True,True,False,True,False,True,True,True,False,True,True,True,True,True,True
22511200010261,True,True,True,True,True,True,True,True,True,True,True,True,False,False,True,True,True,True,True,True,False,True,True,True,False,True,True,True,True,True,True,True,True,False,True,False,True,True,True,False,True,True,True,True,True,True
22511200010271,True,True,True,True,True,True,True,True,True,True,True,True,False,False,True,True,True,True,True,True,False,True,True,True,False,True,True,True,True,True,True,True,True,False,True,False,True,True,True,False,True,True,True,True,True,True
22511200010281,True,True,True,True,True,True,True,True,True,True,True,True,False,False,True,True,True,True,True,True,False,True,True,True,False,True,True,True,True,True,True,True,True,False,True,False,True,True,True,False,True,True,True,True,True,True
22511200010291,True,True,True,True,True,True,True,True,True,True,True,True,False,False,True,True,True,True,True,True,False,True,True,True,False,True,True,True,True,True,True,True,True,False,True,False,True,True,True,False,True,True,True,True,True,True
22511200010301,True,True,True,True,True,True,True,True,True,True,True,True,False,False,True,True,True,True,True,True,False,True,True,True,False,True,True,True,True,True,True,True,True,False,True,False,True,True,True,False,True,True,True,True,True,True
22511200010311,True,True,True,True,True,True,True,True,True,True,True,True,False,False,True,True,True,True,True,True,False,True,True,True,False,True,True,True,True,True,True,True,True,False,True,False,True,True,True,False,True,True,True,True,True,True
22511200010321,True,True,True,True,True,True,True,True,True,True,True,True,False,False,True,True,True,True,True,True,False,True,True,True,False,True,True,True,True,True,True,True,True,False,True,False,True,True,True,False,True,True,True,True,True,True
22511200010331,True,True,True,True,True,True,True,True,True,True,True,True,False,False,True,True,True,True,True,True,False,True,True,True,False,True,True,True,True,True,True,True,True,False,True,False,True,True,True,False,True,True,True,True,True,True
22511200010341,True,True,True,True,True,True,True,True,True,True,True,True,False,False,True,True,True,True,True,True,False,True,True,True,False,True,True,True,True,True,True,True,True,False,True,False,True,True,True,False,True,True,True,True,True,True
22511200010351,True,True,True,True,True,True,True,True,True,True,True,True,False,False,True,True,True,True,True,True,False,True,True,True,False,True,True,True,True,True,True,True,True,False,True,False,True,True,True,False,True,True,True,True,True,True
22511200010361,True,True,True,True,True,True,True,True,True,True,False,True,False,False,True,True,True,True,True,True,False,True,True,True,False,True,True,True,True,True,True,True,True,False,True,False,True,True,True,False,True,True,True,True,True,True
22511200010371,True,True,True,True,True,True,True,True,True,True,False,True,False,False,True,True,True,True,True,True,False,True,True,True,False,True,True,True,True,True,True,True,True,False,True,False,True,True,True,False,True,True,True,True,True,True
22511200010381,True,True,True,True,True,True,True,True,True,True,False,True,False,False,True,True,True,True,True,True,False,True,True,True,False,True,True,True,True,True,True,True,True,False,True,False,True,True,True,False,True,True,True,True,True,True
22511200010391,True,True,True,True,True,True,True,True,True,True,True,True,False,False,True,True,True,True,True,True,False,True,True,True,False,True,True,True,True,True,True,True,True,False,True,False,True,True,True,False,True,True,True,True,True,True
22511200010401,True,True,True,True,True,True,True,True,True,True,True,True,False,False,True,True,True,True,True,True,False,True,True,True,False,True,True,True,True,True,True,True,True,False,True,False,True,True,True,False,True,True,True,True,True,True
22511200010411,True,True,True,True,True,True,True,True,True,True,True,True,False,False,True,True,True,True,True,True,False,True,True,True,False,True,True,True,True,True,True,True,True,False,True,False,True,True,True,False,True,True,True,True,True,True
22511200010421,True,True,True,True,True,True,True,True,True,True,True,True,False,False,True,True,True,True,True,True,False,True,True,True,False,True,True,True,True,True,True,True,True,False,True,False,True,True,True,False,True,True,True,True,True,True
22511200010431,True,True,True,True,True,True,True,True,True,True,True,True,False,False,True,True,True,True,True,True,False,True,True,True,False,True,True,True,True,True,True,True,True,False,True,False,True,True,True,False,True,True,True,True,True,True
22511200010441,True,True,True,True,True,True,True,True,True,True,True,True,False,False,True,True,True,True,True,True,False,True,True,True,False,True,True,True,True,True,True,True,True,False,True,False,True,True,True,False,True,True,True,True,True,True
22511200010451,True,True,True,True,True,True,True,True,True,True,True,True,False,False,True,True,True,True,True,True,False,True,True,True,False,True,True,True,True,True,True,True,True,False,True,False,True,True,True,False,True,True,True,True,True,True
22511200010461,True,True,True,True,True,True,True,True,True,True,True,True,False,False,True,True,True,True,True,True,False,True,True,True,False,True,True,True,True,True,True,True,True,False,True,False,True,True,True,False,True,True,True,True,True,True
22511200010471,True,True,True,True,True,True,True,True,True,True,True,True,False,False,True,True,True,True,True,True,False,True,True,True,False,True,True,True,True,True,True,True,True,False,True,False,True,True,True,False,True,True,True,True,True,True
22511200010481,True,True,True,True,True,True,True,True,True,True,True,True,False,False,True,True,True,True,True,True,False,True,True,True,False,True,True,True,True,True,True,True,True,False,True,False,True,True,True,False,True,True,True,True,True,True
22511200010491,True,True,True,True,True,True,True,True,True,True,True,True,False,False,True,True,True,True,True,True,False,True,True,True,False,True,True,True,True,True,True,True,True,False,True,False,True,True,True,False,True,True,True,True,True,True
22511200010501,True,True,True,True,True,True,True,True,True,True,True,True,False,False,True,True,True,True,True,True,False,True,True,True,False,True,True,True,True,True,True,True,True,False,True,False,True,True,True,False,True,True,True,True,True,True
22511200010511,True,True,True,True,True,True,True,True,True,True,True,True,False,False,True,True,True,True,True,True,False,True,True,True,False,True,True,True,True,True,True,True,True,False,True,False,True,True,True,False,True,True,True,True,True,True
22511200010521,True,True,True,True,True,True,True,False,True,True,True,True,False,False,True,True,True,True,True,True,False,True,True,True,False,True,True,True,True,True,True,True,True,False,True,False,True,True,True,False,True,True,True,True,True,True
22511200010531,True,True,True,True,True,True,True,True,True,True,True,True,False,False,True,True,True,True,True,True,False,True,True,True,False,True,True,True,True,True,True,True,True,False,True,False,True,True,True,False,True,True,True,True,True,True
22511200020011,True,True,True,True,True,True,True,True,True,True,True,True,False,False,True,True,True,True,True,True,False,True,True,True,False,True,True,True,True,True,True,True,True,False,True,False,True,True,True,False,True,True,True,True,True,True
22511200020021,True,True,True,True,True,True,True,False,True,True,True,True,False,False,True,True,True,True,True,True,False,True,True,True,False,True,True,True,True,True,True,True,True,False,True,False,True,True,True,False,True,True,True,True,True,True
22511200020031,True,True,True,True,True,True,True,True,True,True,True,True,False,False,True,True,True,True,True,True,False,True,True,True,False,True,True,True,True,True,True,True,True,False,True,False,True,True,True,False,True,True,True,True,True,True
22511200020041,True,True,True,True,True,True,True,True,True,True,True,True,False,False,True,True,True,True,True,True,False,True,True,True,False,True,True,True,True,True,True,True,True,False,True,False,True,True,True,False,True,True,True,True,True,True
22511200020051,True,True,True,True,True,True,True,False,True,True,True,True,False,False,True,True,True,True,True,True,False,True,True,True,False,True,True,True,True,True,True,True,True,False,True,False,True,True,True,False,True,True,True,True,True,True
22511200020061,True,True,True,True,True,True,True,False,True,True,True,True,False,False,True,True,True,True,True,True,False,True,True,True,False,True,True,True,True,True,True,True,True,False,True,False,True,True,True,False,True,True,True,True,True,True
22511200020071,True,True,True,True,True,True,True,True,True,True,True,True,False,False,True,True,True,True,True,True,False,True,True,True,False,True,True,True,True,True,True,True,True,False,True,False,True,True,True,False,True,True,True,True,True,True
22511200020081,True,True,True,True,True,True,True,False,True,True,True,True,False,False,True,True,True,True,True,True,False,True,True,True,False,True,True,True,True,True,True,True,True,False,True,False,True,True,True,False,True,True,True,True,True,True
22511200020091,False,True,True,True,True,True,True,True,True,True,True,True,False,False,True,True,True,True,True,True,False,True,True,True,False,True,True,True,True,True,True,True,True,False,True,False,True,True,True,False,True,True,True,True,True,True
22511200020101,False,True,True,True,True,True,True,False,True,True,True,True,False,False,True,True,True,True,True,True,False,True,True,True,False,True,True,True,True,True,True,True,True,False,True,False,True,True,True,False,True,True,True,True,True,True
22511200020111,False,True,True,True,True,True,True,False,True,True,True,True,False,False,True,True,True,True,True,True,False,True,True,True,False,True,True,True,True,True,True,True,True,False,True,False,True,True,True,False,True,True,True,True,True,True
22511200020121,False,True,True,True,True,True,True,False,True,True,True,True,False,False,True,True,True,True,True,True,False,True,True,True,False,True,True,True,True,True,True,True,True,False,True,False,True,True,True,False,True,True,True,True,True,True
22511200020131,True,True,True,True,True,True,True,False,True,True,True,True,False,False,True,True,True,True,True,True,False,True,True,True,False,True,True,True,True,True,True,True,True,False,True,False,True,True,True,False,True,True,True,True,True,True
22511200020141,True,True,True,True,True,True,True,False,True,True,True,True,False,False,True,True,True,True,True,True,False,True,True,True,False,True,True,True,True,True,True,True,True,False,True,False,True,True,True,False,True,True,True,True,True,True
22511200020151,True,True,True,True,True,True,True,False,True,True,True,True,False,False,True,True,True,True,True,True,False,True,True,True,False,True,True,True,True,True,True,True,True,False,True,False,True,True,True,False,True,True,True,True,True,True
22511200020161,True,True,True,True,True,True,True,False,True,True,True,True,False,False,True,True,True,True,True,True,False,True,True,True,False,True,True,True,True,True,True,True,True,False,True,False,True,True,True,False,True,True,True,True,True,True
22511200020171,True,True,True,True,True,True,True,False,True,True,True,True,False,False,True,True,True,True,True,True,False,True,True,True,False,True,True,True,True,True,True,True,True,False,True,False,True,True,True,False,True,True,True,True,True,True
22511200020181,True,True,True,True,True,True,True,True,True,True,True,True,False,False,True,True,True,True,True,True,False,True,True,True,False,True,True,True,True,True,True,True,True,False,True,False,True,True,True,False,True,True,True,True,True,True
22511200020191,True,True,True,True,True,True,True,True,True,True,True,True,False,False,True,True,True,True,True,True,False,True,True,True,False,True,True,True,True,True,True,True,True,False,True,False,True,True,True,False,True,True,True,True,True,True
22511200020201,True,True,True,True,True,True,True,False,True,True,True,True,False,False,True,True,True,True,True,True,False,True,True,True,False,True,True,True,True,True,True,True,True,False,True,False,True,True,True,False,True,True,True,True,True,True
22511200020211,True,True,True,True,True,True,True,False,True,True,True,True,False,False,True,True,True,True,True,True,False,True,True,True,False,True,True,True,True,True,True,True,True,False,True,False,True,True,True,False,True,True,True,True,True,True
22511200020221,True,True,True,True,True,True,True,False,True,True,True,True,False,False,True,True,True,True,True,True,False,True,True,True,False,True,True,True,True,True,True,True,True,False,True,False,True,True,True,False,True,True,True,True,True,True
22511200020231,True,True,True,True,True,True,True,False,True,True,True,True,False,False,True,True,True,True,True,True,False,True,True,True,False,True,True,True,True,True,True,True,True,False,True,False,True,True,True,False,True,True,True,True,True,True
22511200020241,True,True,True,True,True,True,True,False,True,True,True,True,False,False,True,True,True,True,True,True,False,True,True,True,False,True,True,True,True,True,True,True,True,False,True,False,True,True,True,False,True,True,True,True,True,True
22511200020251,True,True,True,True,True,True,True,False,True,True,True,True,False,False,True,True,True,True,True,True,False,True,True,True,False,True,True,True,True,True,True,True,True,False,True,False,True,True,True,False,True,True,True,True,True,True
22511200020261,True,True,True,True,True,True,True,False,True,True,True,True,False,False,True,True,True,True,True,True,False,True,True,True,False,True,True,True,True,True,True,True,True,False,True,False,True,True,True,False,True,True,True,True,True,True
22511200020271,True,True,True,True,True,True,True,False,True,True,True,True,False,False,True,True,True,True,True,True,False,True,True,True,False,True,True,True,True,True,True,True,True,False,True,False,True,True,True,False,True,True,True,True,True,True
22511200020281,True,True,True,True,True,True,True,False,True,True,True,True,False,False,True,True,True,True,True,True,False,True,True,True,False,True,True,True,True,True,True,True,True,False,True,False,True,True,True,False,True,True,True,True,True,True
22511200020291,True,True,True,True,True,True,True,False,True,True,True,True,False,False,True,True,True,True,True,True,False,True,True,True,False,True,True,True,True,True,True,True,True,False,True,False,True,True,True,False,True,True,True,True,True,True
22511200020301,False,True,True,True,True,True,True,False,True,True,True,True,False,False,True,True,True,True,True,True,False,True,True,True,False,True,True,True,True,True,True,True,True,False,True,False,True,True,True,False,True,True,True,True,True,True
22511200020311,False,True,True,True,True,True,True,True,True,True,True,True,False,False,True,True,True,True,True,True,False,True,True,True,False,True,True,True,True,True,True,True,True,False,True,False,True,True,True,False,True,True,True,True,True,True
22511200020321,False,True,True,True,True,True,True,True,True,True,True,True,False,False,True,True,True,True,True,True,False,True,True,True,False,True,True,True,True,True,True,True,True,False,True,False,True,True,True,False,True,True,True,True,True,True
22511200020331,False,True,True,True,True,True,True,False,True,True,True,True,False,False,True,True,True,True,True,True,False,True,True,True,False,True,True,True,True,True,True,True,True,False,True,False,True,True,True,False,True,True,True,True,True,True
22511200020341,False,True,True,True,True,True,True,False,True,True,True,True,False,False,True,True,True,True,True,True,False,True,True,True,False,True,True,True,True,True,True,True,True,False,True,False,True,True,True,False,True,True,True,True,True,True
22511200020351,False,True,True,True,True,True,True,False,True,True,True,True,False,False,True,True,True,True,True,True,False,True,True,True,False,True,True,True,True,True,True,True,True,False,True,False,True,True,True,False,True,True,True,True,True,True
22511200020361,False,True,True,True,True,True,True,True,True,True,True,True,False,False,True,True,True,True,True,True,False,True,True,True,False,True,True,True,True,True,True,True,True,False,True,False,True,True,True,False,True,True,True,True,True,True
22511200020371,False,True,True,True,True,True,True,True,True,True,True,True,False,False,True,True,True,True,True,True,False,True,True,True,False,True,True,True,True,True,True,True,True,False,True,False,True,True,True,False,True,True,True,True,True,True
22511200020381,False,True,True,True,True,True,True,True,True,True,True,True,False,False,True,True,True,True,True,True,False,True,True,True,False,True,True,True,True,True,True,True,True,False,True,False,True,True,True,False,True,True,True,True,True,True
22511200020391,False,True,True,True,True,True,True,True,True,True,True,True,False,False,True,True,True,True,True,True,False,True,True,True,False,True,True,True,True,True,True,True,True,False,True,False,True,True,True,False,True,True,True,True,True,True
22511200020401,False,True,True,True,True,True,True,True,True,True,True,True,False,False,True,True,True,True,True,True,False,True,True,True,False,True,True,True,True,True,True,True,True,False,True,False,True,True,True,False,True,True,True,True,True,True
22511200020411,False,True,True,True,True,True,True,True,True,True,True,True,False,False,True,True,True,True,True,True,False,True,True,True,False,True,True,True,True,True,True,True,True,False,True,False,True,True,True,False,True,True,True,True,True,True
22511200020421,False,True,True,True,True,True,True,True,True,True,True,True,False,False,True,True,True,True,True,True,False,True,True,True,False,True,True,True,True,True,True,True,True,False,True,False,True,True,True,False,True,True,True,True,True,True
22511200020431,False,True,True,True,True,True,True,True,True,True,True,True,False,False,True,True,True,True,True,True,False,True,True,True,False,True,True,True,True,True,True,True,True,False,True,False,True,True,True,False,True,True,True,True,True,True
22511200020441,False,True,True,True,True,True,True,True,True,True,True,True,False,False,True,True,True,True,True,True,False,True,True,True,False,True,True,True,True,True,True,True,True,False,True,False,True,True,True,False,True,True,True,True,True,True
22511200020451,False,True,True,True,True,True,True,True,True,True,True,True,False,False,True,True,True,True,True,True,False,True,True,True,False,True,True,True,True,True,True,True,True,False,True,False,True,True,True,False,True,True,True,True,True,True
22511200020461,False,True,True,True,True,True,True,True,True,True,True,True,False,False,True,True,True,True,True,True,False,True,True,True,False,True,True,True,True,True,True,True,True,False,True,False,True,True,True,False,True,True,True,True,True,True
22511200020471,False,True,True,True,True,True,True,True,True,True,True,True,False,False,True,True,True,True,True,True,False,True,True,True,False,True,True,True,True,True,True,True,True,False,True,False,True,True,True,False,True,True,True,True,True,True
22511200020481,False,True,True,True,True,True,True,True,True,True,True,True,False,False,True,True,True,True,True,True,False,True,True,True,False,True,True,True,True,True,True,True,True,False,True,False,True,True,True,False,True,True,True,True,True,True
22511200020491,False,True,True,True,True,True,True,True,True,True,True,True,False,False,True,True,True,True,True,True,False,True,True,True,False,True,True,True,True,True,True,True,True,False,True,False,True,True,True,False,True,True,True,True,True,True
22511200020501,False,True,True,True,True,True,True,True,True,True,True,True,False,False,True,True,True,True,True,True,False,True,True,True,False,True,True,True,True,True,True,True,True,False,True,False,True,True,True,False,True,True,True,True,True,True
22511200020511,False,True,True,True,True,True,True,True,True,True,True,True,False,False,True,True,True,True,True,True,False,True,True,True,False,True,True,True,True,True,True,True,True,False,True,False,True,True,True,False,True,True,True,True,True,True
22511200020521,False,True,True,True,True,True,True,True,True,True,True,True,False,False,True,True,True,True,True,True,False,True,True,True,False,True,True,True,True,True,True,True,True,False,True,False,True,True,True,False,True,True,True,True,True,True
22511200020531,True,True,True,True,True,True,True,True,True,True,True,True,False,False,True,True,True,True,True,True,False,True,True,True,False,True,True,True,True,True,True,True,True,False,True,False,True,True,True,False,True,True,True,True,True,True
22511200030011,True,True,True,True,True,True,True,True,True,True,True,True,False,False,True,True,True,True,True,True,False,True,True,True,False,True,True,True,True,True,True,True,True,False,True,False,True,True,True,False,True,True,True,True,True,True
22511200030021,True,True,True,True,True,True,True,True,True,True,True,True,False,False,True,True,True,True,True,True,False,True,True,True,False,True,True,True,True,True,True,True,True,False,True,False,True,True,True,False,True,True,True,True,True,True
22511200030031,True,True,True,True,True,True,True,True,True,True,True,True,False,False,True,True,True,True,True,True,False,True,True,True,False,True,True,True,True,True,True,True,True,False,True,False,True,True,True,False,True,True,True,True,True,True
22511300010011,False,True,True,True,True,True,False,False,True,True,False,True,True,True,True,True,True,True,True,True,False,False,True,True,True,True,True,True,True,True,True,True,True,False,True,False,True,True,True,False,False,True,True,True,True,True
22511300010021,False,True,True,True,True,True,False,False,True,True,True,True,True,True,True,True,True,True,True,True,False,False,True,True,True,True,True,True,True,True,True,True,True,False,True,False,True,True,True,False,False,True,True,True,True,True
22511300010031,False,True,True,True,True,True,True,True,True,True,True,True,True,True,True,True,True,True,True,True,False,True,True,True,True,True,True,True,True,True,True,True,True,False,True,False,True,True,True,False,True,True,True,True,True,True
22511300010041,False,True,True,True,True,True,False,True,True,True,True,True,True,True,True,True,True,True,True,True,False,True,True,True,True,True,True,True,True,True,True,True,True,False,True,False,True,True,True,False,True,True,True,True,True,True
22511300010051,False,True,True,True,True,True,True,True,True,True,True,True,True,True,True,True,True,True,True,True,False,True,True,True,True,True,True,True,True,True,True,True,True,False,True,False,True,True,True,False,True,True,True,True,True,True
22511300010061,False,True,True,True,True,True,True,True,True,True,True,True,True,True,True,True,True,True,True,True,False,True,True,True,True,True,True,True,True,True,True,True,True,False,True,False,True,True,True,False,True,True,True,True,True,True
22511300010071,False,True,True,True,True,True,True,True,True,True,True,True,False,False,True,True,True,True,True,True,False,True,True,True,True,True,False,True,True,True,True,True,True,False,True,False,True,True,True,False,True,True,True,True,True,True
22511300010081,False,True,True,True,True,True,True,True,True,True,True,True,False,False,True,True,True,True,True,True,False,True,True,True,True,True,False,True,True,True,True,True,True,False,True,False,True,True,True,False,True,True,True,True,True,True
22511300010091,False,True,True,True,True,True,True,True,True,True,True,True,False,False,True,True,True,True,True,True,False,True,True,True,True,True,False,True,True,True,True,True,True,False,True,False,True,True,True,False,True,True,True,True,True,True
22511300010101,False,True,True,True,True,True,True,True,True,True,True,True,False,False,True,True,True,True,True,True,False,True,True,True,True,True,False,True,True,True,True,True,True,False,True,False,True,True,True,False,True,True,True,True,True,True
22511300010111,False,True,True,True,True,True,True,True,True,True,True,True,False,False,True,True,True,True,True,True,False,True,True,True,True,True,False,True,True,True,True,True,True,False,True,False,True,True,True,False,True,True,True,True,True,True
22511300010121,False,True,True,True,True,True,True,False,True,True,True,True,False,False,True,True,True,True,True,True,False,False,True,True,True,True,False,True,True,True,True,True,True,False,True,False,True,True,True,False,False,True,True,True,True,True
22511300010131,False,True,True,True,True,True,True,True,True,True,True,True,False,False,True,True,True,True,True,True,False,True,True,True,True,True,False,True,True,True,True,True,True,False,True,False,True,True,True,False,True,True,True,True,True,True
22511300010141,False,True,True,True,True,True,True,True,True,True,True,True,False,False,True,True,True,True,True,True,False,True,True,True,True,True,False,True,True,True,True,True,True,False,True,False,True,True,True,False,True,True,True,True,True,True
22511300010151,False,True,True,True,True,True,True,True,True,True,True,True,False,False,True,True,True,True,True,True,False,True,True,True,True,True,False,True,True,True,True,True,True,False,True,False,True,True,True,False,True,True,True,True,True,True
22511300010161,False,True,True,True,True,True,True,True,True,True,True,True,False,False,True,True,True,True,True,True,False,True,True,True,True,True,False,True,True,True,True,True,True,False,True,False,True,True,True,False,True,True,True,True,True,True
22511300010171,False,True,True,True,True,True,True,True,True,True,True,True,False,False,True,True,True,True,True,True,False,True,True,True,True,True,False,True,True,True,True,True,True,False,True,False,True,True,True,False,True,True,True,True,True,True
22511300010181,True,True,True,True,True,True,False,True,True,True,True,True,False,False,True,True,True,True,True,True,False,True,True,True,True,True,False,True,True,True,True,True,True,False,True,False,True,True,True,False,True,True,True,True,True,True
22511300010191,True,True,True,True,True,True,False,True,True,True,True,True,False,False,True,True,True,True,True,True,False,True,True,True,True,True,False,True,True,True,True,True,True,False,True,False,True,True,True,False,True,True,True,True,True,True
22511300010201,True,True,True,True,True,True,False,True,True,True,True,True,False,False,True,True,True,True,True,True,False,True,True,True,True,True,False,True,True,True,True,True,True,False,True,False,True,True,True,False,True,True,True,True,True,True
22511300010211,True,True,True,True,True,True,False,True,True,True,True,True,False,False,True,True,True,True,True,True,False,True,True,True,True,True,False,True,True,True,True,True,True,False,True,False,True,True,True,False,True,True,True,True,True,True
22511300010221,True,True,True,True,True,True,False,True,True,True,True,True,False,False,True,True,True,True,True,True,False,True,True,True,True,True,False,True,True,True,True,True,True,False,True,False,True,True,True,False,True,True,True,True,True,True
22511300010231,True,True,True,True,True,True,False,True,True,True,True,True,False,False,True,True,True,True,True,True,False,True,True,True,True,True,False,True,True,True,True,True,True,False,True,False,True,True,True,False,True,True,True,True,True,True
22511300010241,True,True,True,True,True,True,False,True,True,True,True,True,False,False,True,True,True,True,True,True,False,True,True,True,True,True,False,True,True,True,True,True,True,False,True,False,True,True,True,False,True,True,True,True,True,True
22511300010251,True,True,True,True,True,True,False,True,True,True,True,True,False,False,True,True,True,True,True,True,False,False,True,True,True,True,False,True,True,True,True,True,True,False,True,False,True,True,True,False,False,True,True,True,True,True
22511300020011,False,True,True,True,True,True,False,False,True,True,False,True,False,False,True,True,True,True,True,True,False,True,True,True,True,True,False,True,True,True,True,True,True,False,True,False,True,True,True,False,False,True,True,True,True,True
22511300020021,False,True,True,True,True,True,True,True,True,True,True,True,False,False,True,True,True,True,True,True,False,True,True,True,True,True,True,True,True,True,True,True,True,False,True,False,True,True,True,False,True,True,True,True,True,True
22511300020031,False,True,True,True,True,True,True,True,True,True,True,True,False,False,True,True,True,True,True,True,False,True,True,True,True,True,True,True,True,True,True,True,True,False,True,False,True,True,True,False,True,True,True,True,True,True
22511300020041,False,True,True,True,True,True,True,True,True,True,True,True,False,False,True,True,True,True,True,True,False,True,True,True,True,True,True,True,True,True,True,True,True,False,True,False,True,True,True,False,True,True,True,True,True,True
22511300020051,False,True,True,True,True,True,True,True,True,True,True,True,False,False,True,True,True,True,True,True,False,True,True,True,True,True,True,True,True,True,True,True,True,False,True,False,True,True,True,False,True,True,True,True,True,True
22511300020061,False,True,True,True,True,True,True,False,True,True,True,True,False,False,True,True,True,True,True,True,False,True,True,True,True,True,True,True,True,True,True,True,True,False,True,False,True,True,True,False,True,True,True,True,True,True
22511300020071,False,True,True,True,True,True,True,True,True,True,True,True,False,False,True,True,True,True,True,True,False,True,True,True,True,True,True,True,True,True,True,True,True,False,True,False,True,True,True,False,True,True,True,True,True,True
22511300020081,False,True,True,True,True,True,True,True,True,True,True,True,True,True,True,True,True,True,True,True,False,True,True,True,True,True,True,True,True,True,True,True,True,False,True,False,True,True,True,False,True,True,True,True,True,True
22511300020091,False,True,True,True,True,True,True,True,True,True,True,True,True,True,True,True,True,True,True,True,False,True,True,True,True,True,True,True,True,True,True,True,True,False,True,False,True,True,True,False,True,True,True,True,True,True
22511300020101,False,True,True,True,True,True,True,True,True,True,True,True,True,True,True,True,True,True,True,True,False,True,True,True,True,True,True,True,True,True,True,True,True,False,True,False,True,True,True,False,True,True,True,True,True,True
22511300020111,False,True,True,True,True,True,True,True,True,True,True,False,True,True,True,True,True,True,True,True,False,False,True,True,True,True,True,True,True,True,True,True,True,False,True,False,True,True,True,False,True,True,True,True,True,True
22511300020121,False,True,True,True,True,True,True,True,True,True,True,False,True,False,True,True,True,True,True,True,False,False,False,True,True,True,True,True,True,True,True,True,True,False,True,False,True,True,True,False,True,True,True,True,True,True
22511300020131,False,True,True,True,True,True,True,True,True,True,True,False,False,True,True,True,True,True,True,True,False,False,True,True,True,True,True,True,True,True,True,True,True,False,True,False,True,True,True,False,True,True,True,True,True,True
22511300020141,False,True,True,True,True,True,True,True,True,True,True,False,False,False,True,True,True,True,True,True,False,False,False,True,True,True,True,True,True,True,True,True,True,False,True,False,True,True,True,False,True,True,True,True,True,True
22511300020151,True,False,True,True,True,True,True,True,True,True,True,True,True,True,True,True,True,True,True,True,False,True,False,True,True,True,True,True,True,True,True,True,True,False,True,False,True,True,True,False,True,True,True,True,True,True
22511300020161,True,False,True,True,True,True,True,True,True,True,True,True,True,True,True,True,True,True,True,True,False,True,False,True,True,True,True,True,True,True,True,True,True,False,True,False,True,True,True,False,True,True,True,True,True,True
22511300020171,True,True,True,True,True,True,True,True,True,True,True,True,True,True,True,True,True,True,True,True,False,True,True,True,True,True,True,True,True,True,True,True,True,False,True,False,True,True,True,False,True,True,True,True,True,True
22511300020181,True,True,True,True,True,True,True,True,True,True,True,True,True,True,True,True,True,True,True,True,False,True,True,True,True,True,True,True,True,True,True,True,True,False,True,False,True,True,True,False,True,True,True,True,True,True
22511300020191,True,False,True,True,True,True,True,True,True,True,True,True,True,True,True,True,True,True,True,True,False,True,True,True,True,True,True,True,True,True,True,True,True,False,True,False,True,True,True,False,False,True,True,False,True,True
22511300020201,True,True,True,True,True,True,True,True,True,True,True,True,True,True,True,True,True,True,True,True,False,True,False,True,True,True,True,True,True,True,True,True,True,False,True,False,True,True,True,False,True,True,True,False,True,True
22511300020211,True,True,True,True,True,True,True,True,True,True,True,False,True,True,True,True,True,True,True,True,False,True,True,True,True,True,True,True,True,True,True,True,True,False,True,False,True,True,True,False,True,True,True,False,True,True
22511300020221,True,True,True,True,True,True,True,True,True,True,True,False,True,True,True,True,True,True,True,True,False,True,False,True,True,True,True,True,True,True,True,True,True,False,True,False,True,True,True,False,True,True,True,True,True,True
22511300020231,True,True,True,True,True,True,True,True,True,True,True,False,True,True,True,True,True,True,True,True,False,True,False,True,True,True,True,True,True,True,True,True,True,False,True,False,True,True,True,False,False,True,True,True,True,True
22511300020241,True,True,True,True,True,True,True,True,True,True,True,False,True,True,True,True,True,True,True,True,False,True,False,True,True,True,True,True,True,True,True,True,True,False,True,False,True,True,True,False,False,True,True,True,True,True
22511300020251,True,True,True,True,True,True,True,True,True,True,True,True,True,True,True,True,True,True,True,True,False,True,True,True,True,True,True,True,True,True,True,True,True,False,True,False,True,True,True,False,True,True,True,True,True,True
22511300020261,True,True,True,True,True,True,True,True,True,True,True,False,True,True,True,True,True,True,True,True,False,True,True,True,True,True,True,True,True,True,True,True,True,False,True,False,True,True,True,False,True,True,True,True,True,True
22511300020271,True,True,True,True,True,True,True,True,True,True,True,True,True,True,True,True,True,True,True,True,False,True,True,True,True,True,True,True,True,True,True,True,True,False,True,False,True,True,True,False,True,True,True,True,True,True
22511300020281,True,True,True,True,True,True,True,True,True,True,True,True,True,True,True,True,True,True,True,True,False,True,True,True,True,True,True,True,True,True,True,True,True,False,True,False,True,True,True,False,True,True,True,True,True,True
22511300020291,True,True,True,True,True,True,True,True,True,True,True,False,True,True,True,True,True,True,True,True,False,True,True,True,True,True,True,True,True,True,True,True,True,False,True,False,True,True,True,False,True,True,True,True,True,True
22511300020301,True,True,True,True,True,True,True,True,True,True,True,True,True,True,True,True,True,True,True,True,False,True,True,True,True,True,True,True,True,True,True,True,True,False,True,False,True,True,True,False,True,True,True,True,True,True
22511300020311,True,True,True,True,True,True,True,True,True,True,True,True,True,True,True,True,True,True,True,True,False,True,True,True,True,True,True,True,True,True,True,True,True,False,True,False,True,True,True,False,True,True,True,True,True,True
22511300020321,True,True,True,True,True,True,True,True,True,True,True,False,True,True,True,True,True,True,True,True,False,True,True,True,True,True,True,True,True,True,True,True,True,False,True,False,True,True,True,False,True,True,True,True,True,True
22511300020331,True,True,True,True,True,True,True,True,True,True,True,False,True,True,True,True,True,True,True,True,False,False,True,True,True,True,True,True,True,True,True,True,True,False,True,False,True,True,True,False,True,True,True,True,True,True
22511300020341,True,True,True,True,True,True,True,True,True,True,True,False,True,True,True,True,True,True,True,True,False,False,True,True,True,True,True,True,True,True,True,True,True,False,True,False,True,True,True,False,True,True,True,True,True,True
22511300020351,True,True,True,True,True,True,True,True,True,True,True,False,True,True,True,True,True,True,True,True,False,False,True,True,True,True,True,True,True,True,True,True,True,False,True,False,True,True,True,False,True,True,True,True,True,True
22511300020361,True,True,True,True,True,True,True,True,True,True,True,False,True,True,True,True,True,True,True,True,False,False,True,True,True,True,True,True,True,True,True,True,True,False,True,False,True,True,True,False,True,True,True,True,True,True
22511300020371,True,True,True,True,True,True,True,True,True,True,True,False,True,True,True,True,True,True,True,True,False,True,True,True,True,True,True,True,True,True,True,True,True,False,True,False,True,True,True,False,True,True,True,True,True,True
22511300020381,True,True,True,True,True,True,True,True,True,True,True,False,True,True,True,True,True,True,True,True,False,True,True,True,True,True,True,True,True,True,True,True,True,False,True,False,True,True,True,False,True,True,True,True,True,True
22511300020391,True,True,True,True,True,True,True,True,True,True,True,False,True,True,True,True,True,True,True,True,False,True,True,True,True,True,True,True,True,True,True,True,True,False,True,False,True,True,True,False,True,True,True,True,True,True
22511300020401,True,True,True,True,True,True,True,True,True,True,True,False,True,True,True,True,True,True,True,True,False,True,True,True,True,True,True,True,True,True,True,True,True,False,True,False,True,True,True,False,True,True,True,True,True,True
22511300020411,True,True,True,True,True,True,True,True,True,True,True,False,True,True,True,True,True,True,True,True,False,False,True,True,True,True,True,True,True,True,True,True,True,False,True,False,True,True,True,False,True,True,True,True,True,True
22511300020421,True,True,True,True,True,True,True,True,True,True,True,True,True,True,True,True,True,True,True,True,False,False,True,True,True,True,True,True,True,True,True,True,True,False,True,False,True,True,True,False,True,True,False,True,True,True
22511300020431,True,True,True,True,True,True,True,True,True,True,True,True,True,True,True,True,True,True,True,True,False,False,True,True,True,True,True,True,True,True,True,True,True,False,True,False,True,True,True,False,True,True,True,True,True,True
22511300020441,True,True,True,True,True,True,True,True,True,True,True,True,True,True,True,True,True,True,True,True,False,False,True,True,True,True,True,True,True,True,True,True,True,False,True,False,True,True,True,False,True,True,False,True,True,True
22511300020451,True,True,True,True,True,True,True,True,True,True,True,True,True,True,True,True,True,True,True,True,False,False,True,True,True,True,True,True,True,True,True,True,True,False,True,False,True,True,True,False,True,True,False,True,True,True
22511300020461,True,True,True,True,True,True,True,True,True,True,True,True,True,True,True,True,False,True,True,True,False,False,True,True,True,True,True,True,True,True,True,True,True,False,True,False,True,True,True,False,True,True,False,True,True,True
22511300020471,True,True,True,True,True,True,True,True,True,True,True,True,True,True,True,True,True,True,True,True,False,False,True,True,True,True,True,True,True,True,True,True,True,False,True,False,True,True,True,False,True,True,False,True,True,True
22511300020481,False,False,True,True,True,True,False,True,True,True,True,True,True,True,True,True,True,True,True,True,False,False,True,True,True,True,True,True,True,True,True,True,True,False,True,False,True,True,True,False,True,True,True,True,True,True
22511300020491,True,True,True,True,True,True,True,True,True,True,True,True,True,True,True,True,True,True,True,True,False,False,True,True,True,True,True,True,True,True,True,True,True,False,True,False,True,True,True,False,True,True,True,True,True,True
22511300020501,True,True,True,True,True,True,True,True,True,True,True,True,True,True,True,True,True,True,True,True,False,False,True,True,True,True,True,True,True,True,True,True,True,False,True,False,True,True,True,False,True,True,True,True,True,True
22511300020511,True,True,True,True,True,True,True,True,True,True,True,True,True,True,True,True,True,True,True,True,False,False,True,True,True,True,True,True,True,True,True,True,True,False,True,False,True,True,True,False,True,True,True,True,True,True
22511300020521,True,True,True,True,True,True,True,True,True,True,True,True,True,True,True,True,True,True,True,True,False,False,True,True,True,True,True,True,True,True,True,True,True,False,True,False,True,True,True,False,True,True,True,True,True,True
22511300020531,True,True,True,True,True,True,True,True,True,True,True,True,True,True,True,True,True,True,True,True,False,False,True,True,True,True,True,True,True,True,True,True,True,False,True,False,True,True,True,False,True,True,True,True,True,True
22511300020541,True,True,True,True,True,True,True,True,True,True,True,True,True,True,True,True,True,True,True,True,False,False,True,True,True,True,True,True,True,True,True,True,True,False,True,False,True,True,True,False,True,True,True,False,True,True
22511300020551,True,True,True,True,True,True,True,True,True,True,True,False,True,True,True,True,True,True,True,True,False,False,True,True,True,True,True,True,True,True,True,True,True,False,True,False,True,True,True,False,True,True,True,True,True,True
22511300020561,True,True,True,True,True,True,True,True,True,True,True,False,True,True,True,True,True,True,True,True,False,False,True,True,True,True,True,True,True,True,True,True,True,False,True,False,True,True,True,False,True,True,True,True,True,True
22511300020571,True,True,True,True,True,True,True,True,True,True,True,False,True,True,True,True,True,True,True,True,False,False,True,True,True,True,True,True,True,True,True,True,True,False,True,False,True,True,True,False,True,True,True,True,True,True
22511300020581,True,True,True,True,True,True,True,True,True,True,True,False,True,True,True,True,False,True,True,True,False,False,True,True,True,True,True,True,True,True,True,True,True,False,True,False,True,True,True,False,True,True,True,True,True,True
22511300020591,True,True,True,True,True,True,True,True,True,True,True,False,True,True,True,True,False,True,True,True,False,False,False,True,True,True,True,True,True,True,True,True,True,False,True,False,True,True,True,False,True,True,False,True,True,True
22511300030011,True,True,True,True,True,True,True,True,True,True,True,False,True,True,True,True,False,True,True,True,False,False,False,True,True,True,True,True,True,True,True,True,True,False,True,False,True,True,True,False,True,True,False,False,True,True
22511300030021,True,True,True,True,True,True,True,True,True,True,True,False,True,True,True,True,False,True,True,True,False,False,False,True,True,True,True,True,True,True,True,True,True,False,True,False,True,True,True,False,True,True,False,False,True,True
22511300030031,True,True,True,True,True,True,True,True,True,True,True,False,True,True,True,True,False,True,True,True,False,False,False,True,True,True,True,True,True,True,True,True,True,False,True,False,True,True,True,False,True,True,False,False,True,True
22511300030041,True,True,True,True,True,True,True,True,True,True,True,False,True,True,True,True,False,True,True,True,False,True,False,True,True,True,True,True,True,True,True,True,True,False,True,False,True,True,True,False,True,True,False,False,False,True
22511300030051,True,True,True,True,True,True,True,True,True,True,True,False,True,True,True,True,False,True,True,True,False,False,True,True,True,True,True,True,True,True,True,True,True,False,True,False,True,True,True,False,True,True,False,False,True,True
22511300030061,True,True,True,True,True,True,True,True,True,True,True,False,True,True,True,True,False,True,True,True,False,False,True,True,True,True,True,True,True,True,True,True,True,False,True,False,True,True,True,False,True,True,False,True,True,False
22511300030071,True,True,True,True,True,True,True,True,True,True,True,False,True,True,True,True,False,True,True,True,False,False,True,True,True,True,True,True,True,True,True,True,True,False,True,False,True,True,True,False,True,True,False,True,True,True
22511300030081,True,True,True,True,True,True,True,True,True,True,True,False,True,True,True,True,False,True,True,True,False,False,True,True,True,True,True,True,True,True,True,True,True,False,True,False,True,True,True,False,True,True,True,True,True,True
22511300030091,False,False,True,True,True,True,True,True,True,True,True,False,True,True,True,True,False,True,True,True,False,False,True,True,True,True,True,True,True,True,True,True,True,False,True,False,True,True,True,False,True,True,True,True,True,True
22511300030101,False,False,True,True,True,True,True,True,True,True,True,False,False,False,True,True,False,True,True,True,False,True,True,True,True,True,True,True,True,True,True,True,True,False,True,False,True,True,True,False,True,True,True,True,True,True
22511300030111,False,False,False,True,True,True,True,False,True,True,True,False,False,False,True,False,False,True,True,True,False,True,True,True,True,True,True,True,True,True,True,True,True,False,True,False,True,True,True,False,True,True,True,True,True,True
22511300030121,False,False,False,True,True,True,True,False,True,True,True,False,False,False,True,False,False,True,True,False,False,False,True,True,True,True,True,True,True,True,True,False,True,False,True,False,True,True,True,False,True,True,True,True,True,True
22511300030131,False,False,False,True,True,True,False,False,False,True,True,False,True,False,True,False,False,False,True,False,False,False,True,True,True,True,True,True,True,True,True,True,True,False,True,False,True,True,True,False,True,True,True,True,True,True
22511300030141,False,True,False,True,True,True,False,True,True,True,True,False,True,True,True,True,False,True,True,True,False,False,False,True,True,True,True,False,True,True,True,True,True,False,True,False,True,True,True,False,True,True,True,True,True,True
22511300030151,False,True,False,True,True,True,False,True,True,True,True,False,True,True,True,False,False,True,True,True,False,False,True,True,True,False,False,False,True,True,True,True,True,False,True,False,True,True,True,False,False,True,True,True,True,True
22511300030161,False,False,False,True,True,True,True,True,True,True,True,False,False,True,True,False,False,False,True,True,False,False,False,True,True,True,False,False,True,True,True,True,True,False,True,False,True,True,True,False,False,True,False,False,True,True
22511300030171,False,False,False,True,True,True,True,True,True,True,True,False,True,True,True,False,False,True,True,False,False,False,False,True,True,True,True,False,True,True,True,False,True,False,True,False,True,True,True,False,False,True,False,False,True,True
22511300030181,False,False,False,True,False,True,True,False,False,True,True,False,True,True,True,False,False,True,True,False,False,False,False,True,True,True,True,False,True,True,True,False,True,False,True,False,True,True,True,False,True,True,True,True,True,True
22511300030191,False,False,False,True,True,True,True,False,False,True,True,False,True,True,True,False,False,True,True,True,False,False,True,True,True,True,True,False,True,True,True,False,True,False,True,False,True,True,True,False,True,True,True,True,True,True
22511300030201,False,False,False,True,True,True,False,False,True,True,True,False,True,True,True,True,False,True,True,True,False,False,True,True,True,True,False,False,True,True,True,False,True,False,True,False,True,True,True,False,True,True,True,True,True,False
22511300030211,False,False,False,True,True,True,False,True,True,True,True,False,True,True,True,True,False,True,True,True,False,False,False,True,True,True,False,False,True,True,True,False,True,False,True,False,True,True,True,False,True,True,True,True,True,False
22511300030221,False,False,False,True,True,True,False,False,False,True,True,False,True,True,True,False,False,True,True,True,False,False,False,True,False,True,False,False,False,True,True,True,True,False,True,False,True,True,True,False,True,True,False,True,True,False
22511300030231,False,False,False,True,True,True,False,False,False,True,True,False,True,True,True,False,False,True,True,False,False,False,False,True,False,True,False,False,True,True,True,True,True,False,True,False,True,True,True,False,True,True,False,True,True,False
22511300030241,False,False,False,True,True,True,False,False,True,True,True,False,True,True,True,False,False,True,True,False,False,False,False,True,True,True,False,False,True,True,True,False,True,False,True,False,True,True,False,False,False,True,False,True,True,False
22511300030251,False,False,False,True,True,True,False,False,True,True,True,False,True,True,True,True,False,True,True,True,False,False,False,True,True,True,False,False,False,True,True,False,True,False,True,False,True,True,False,False,True,True,True,True,True,False
22511300030261,False,False,False,True,True,True,False,False,True,True,True,False,True,True,True,True,False,True,True,True,False,False,True,True,True,True,False,False,False,True,True,False,True,False,True,False,True,True,False,False,True,True,True,True,True,True
22511300030271,False,False,False,True,True,True,False,False,True,True,True,False,True,True,True,True,False,True,True,True,False,False,True,True,True,True,False,False,True,True,True,False,True,False,True,False,True,True,True,False,True,True,True,True,True,True
22511300030281,True,True,True,True,True,True,True,True,True,True,True,False,True,True,True,True,True,True,True,True,False,False,True,True,True,True,True,True,True,True,True,True,True,False,True,False,True,True,True,False,True,True,True,True,True,True
22511300030291,True,True,True,True,True,True,True,True,True,True,True,False,True,True,True,True,True,True,True,True,False,False,False,True,True,True,True,True,True,True,True,True,True,False,True,False,True,True,True,False,True,True,True,True,True,True
22511300030301,True,True,True,True,True,True,True,True,True,True,True,True,True,True,True,True,True,True,True,True,False,False,False,True,True,True,True,True,True,True,True,False,True,False,True,False,True,True,True,False,True,True,True,True,True,True
22511300030311,True,True,True,True,True,True,True,True,True,True,True,True,True,True,True,True,True,True,True,True,False,True,False,True,True,True,True,True,True,True,True,False,True,False,True,False,True,True,True,False,True,True,True,True,True,True
22511300030321,True,True,True,True,True,True,True,True,True,True,True,False,True,True,True,False,False,True,True,False,False,False,False,True,False,True,False,False,True,True,True,False,True,False,True,False,True,True,True,False,True,True,True,False,True,True
22511300030331,False,False,False,True,True,True,False,False,False,True,True,False,True,True,True,False,False,True,True,False,False,False,False,True,False,True,False,False,False,True,True,False,True,False,True,False,True,True,True,False,False,True,True,False,True,False
22511300030341,False,False,False,True,True,True,True,True,True,True,True,False,True,True,True,False,False,True,True,True,False,False,False,True,False,True,False,False,True,True,True,False,True,False,True,False,True,True,True,False,True,True,True,False,True,False
22511300030351,False,False,False,True,True,True,True,True,True,True,True,False,True,True,True,False,False,True,True,True,False,False,False,True,False,True,False,False,True,True,True,False,True,False,True,False,False,True,True,False,True,True,True,False,True,False
22511300030361,False,False,False,True,True,True,True,True,True,True,True,True,True,True,True,False,False,True,True,True,False,False,False,True,False,True,False,False,True,True,True,False,True,False,True,False,False,True,True,False,True,True,True,False,True,False
22511300030371,False,False,False,True,True,True,True,True,True,True,True,True,True,True,True,False,False,True,True,True,False,False,False,True,False,False,False,False,True,False,True,False,True,False,True,False,False,True,True,False,True,True,True,True,True,True
22511300030381,False,False,False,True,True,True,True,True,True,True,True,True,True,True,True,False,False,True,True,True,False,False,False,True,False,False,False,False,True,True,True,False,True,False,True,False,False,True,True,False,True,True,True,True,True,True
22511300030391,True,True,True,True,True,True,True,True,True,True,True,True,True,True,True,False,False,True,True,True,False,False,False,True,False,False,False,False,True,True,True,False,True,False,False,False,True,True,True,False,True,True,True,True,True,True
22511300030401,True,True,True,True,True,True,True,True,True,True,True,True,True,True,True,False,False,True,True,True,False,False,False,True,False,False,False,False,True,False,True,False,False,False,False,False,True,True,False,False,False,True,True,False,True,True
22511300030411,True,True,True,True,True,True,True,True,True,True,True,True,True,True,True,False,False,True,True,True,False,False,False,True,False,False,False,False,True,True,True,True,True,False,True,False,True,True,True,False,False,True,False,False,True,False
22511300030421,True,True,True,True,True,True,True,True,True,True,True,True,True,True,True,False,True,True,True,True,False,False,False,True,False,False,False,False,True,True,True,True,True,False,True,False,True,True,True,False,True,True,True,False,True,True
22511300030431,True,True,True,True,True,True,True,True,True,True,True,True,True,True,True,True,True,True,True,True,False,False,False,True,False,False,False,True,True,True,True,True,True,False,True,False,True,True,True,False,True,True,True,False,True,True
22511300030441,True,True,True,True,True,True,True,True,True,True,True,True,True,True,True,True,True,True,True,True,False,False,True,True,False,False,False,True,True,True,True,True,True,False,True,False,True,True,True,False,True,True,True,True,True,True
22511300030451,True,True,True,True,True,True,True,True,True,True,True,True,True,True,True,False,True,True,True,True,False,True,True,True,True,False,True,False,True,True,True,True,True,False,True,False,True,True,True,False,True,True,True,True,True,True
22511300030461,True,True,True,True,True,True,True,True,True,True,True,True,True,True,True,True,True,True,True,True,False,True,True,True,False,False,True,False,True,True,True,False,True,False,True,False,True,True,True,False,True,True,True,False,True,True
22511300030471,True,True,True,True,True,True,True,True,True,True,True,True,True,True,True,True,True,True,True,True,False,True,True,True,False,True,True,True,True,True,True,False,True,False,True,False,True,True,True,False,True,True,True,True,True,True
22511300030481,True,True,True,True,True,True,True,True,True,True,True,True,True,True,True,False,True,True,True,True,False,True,True,True,True,True,True,True,True,True,True,True,True,False,True,False,True,True,True,False,True,True,True,True,True,True
22511300030491,True,True,True,True,True,True,True,True,True,True,True,True,True,True,True,False,True,True,True,True,False,True,True,True,True,True,True,True,True,True,True,True,True,False,True,False,True,True,True,False,True,True,True,True,True,True
22511300030501,True,True,True,True,True,True,True,True,True,True,True,True,True,True,True,True,True,True,True,True,False,False,False,True,True,True,True,True,True,True,True,True,True,False,True,False,True,True,True,False,True,True,True,True,True,True
22511300030511,True,True,True,True,True,True,False,False,True,True,True,True,True,True,True,False,True,True,True,True,False,True,True,True,True,True,True,True,True,True,True,True,True,False,True,False,True,True,True,False,True,True,True,True,True,True
22511300030521,True,True,True,True,True,True,True,False,True,True,True,True,True,True,True,False,True,True,True,True,False,True,True,True,True,True,True,True,True,True,True,True,True,False,True,False,True,True,True,False,True,True,True,True,True,True
22511300040011,False,True,True,True,True,True,False,False,True,True,True,False,True,True,True,True,True,True,True,True,False,False,True,True,True,True,True,True,True,True,True,True,True,False,True,False,True,True,True,False,False,True,True,True,True,True
22511300040021,False,True,True,True,True,True,False,False,True,True,True,True,True,True,True,True,True,True,True,True,False,False,True,True,True,True,True,True,True,True,True,True,True,False,True,False,True,True,True,False,False,True,True,True,True,True
22511300040031,False,True,True,True,True,True,False,False,True,True,True,True,True,True,True,True,True,True,True,True,False,False,True,True,True,True,False,True,True,True,True,True,True,False,True,False,True,True,True,False,False,True,True,True,True,True
22511300040041,False,True,True,True,True,True,False,False,True,True,True,False,True,True,True,True,True,True,True,True,False,False,True,True,True,True,False,True,True,True,True,True,True,False,True,False,True,True,True,False,False,True,True,True,True,True
22511300040051,False,True,True,True,True,True,False,False,True,True,True,False,True,True,True,True,True,True,True,True,False,False,True,True,True,True,False,True,True,True,True,True,True,False,True,False,True,True,True,False,False,True,True,True,True,True
22511300040061,False,True,True,True,True,True,False,False,True,True,True,False,True,True,True,True,True,True,True,True,False,False,True,True,True,True,False,True,True,True,True,True,True,False,True,False,True,True,True,False,False,True,True,True,True,True
22511300040071,False,True,True,True,True,True,False,False,True,True,True,True,True,True,True,True,True,True,True,True,False,False,True,True,True,True,False,True,True,True,True,True,True,False,True,False,True,True,True,False,False,True,True,True,True,True
22511300040081,False,True,True,True,True,True,True,False,True,True,True,True,True,True,True,True,True,True,True,True,False,False,True,True,True,True,False,True,True,True,True,True,True,False,True,False,True,True,True,False,False,True,True,True,True,True
22511300040091,False,True,True,True,True,True,True,False,True,True,True,True,True,True,True,True,True,True,True,True,False,False,True,True,True,True,False,True,True,True,True,True,True,False,True,False,True,True,True,False,False,True,True,True,True,True
22511300040101,False,True,True,True,True,True,True,False,True,True,True,False,True,True,True,True,True,True,True,True,False,False,True,True,True,True,False,True,True,True,True,True,True,False,True,False,True,True,True,False,False,True,True,True,True,True
22511300040111,False,True,True,True,True,True,False,False,True,True,True,True,True,True,True,True,True,True,True,True,False,False,True,True,True,True,False,True,True,True,True,True,True,False,True,False,True,True,True,False,False,True,True,True,True,True
22511300040121,False,True,True,True,True,True,True,False,True,True,True,True,True,True,True,True,True,True,True,True,False,False,True,True,True,True,False,True,True,True,True,True,True,False,True,False,True,True,True,False,False,True,True,True,True,True
22511300040131,False,True,True,True,True,True,True,False,True,True,True,True,True,True,True,True,True,True,True,True,False,False,True,True,True,True,False,True,True,True,True,True,True,False,True,False,True,True,True,False,False,True,True,True,True,True
22511300040141,False,True,True,True,True,True,True,False,True,True,True,True,True,True,True,True,True,True,True,True,False,False,True,True,True,True,True,True,True,True,True,True,True,False,True,False,True,True,True,False,False,True,True,True,True,True
22511300040151,False,True,True,True,True,True,True,False,True,True,True,True,True,True,True,True,True,True,True,True,False,True,True,True,True,True,False,True,True,True,True,True,True,False,True,False,True,True,True,False,False,True,True,True,True,True
22511300040161,False,True,True,True,True,True,True,False,True,True,True,True,True,True,True,True,True,True,True,True,False,False,True,True,True,True,False,True,True,True,True,True,True,False,True,False,True,True,True,False,False,True,True,True,True,True
22511300040171,False,True,True,True,True,True,True,True,True,True,True,True,False,True,True,True,True,True,True,True,False,False,True,True,False,True,False,True,True,True,True,True,True,False,True,False,True,True,True,False,False,True,False,True,True,True
22511300040181,False,True,True,True,True,True,True,False,True,True,True,True,False,True,True,True,True,True,True,True,False,False,False,True,False,True,False,True,True,True,True,True,True,False,True,False,True,True,True,False,False,True,True,True,True,True
22511300040191,False,True,True,True,True,True,True,False,True,True,True,True,False,True,True,True,True,True,True,True,False,False,False,True,True,True,False,True,True,True,True,True,True,False,True,False,True,True,True,False,False,True,True,True,True,True
22511300040201,False,True,True,True,True,True,True,False,True,True,True,True,True,True,True,True,True,True,True,True,False,False,False,True,True,True,True,True,True,True,True,True,True,False,True,False,True,True,True,False,False,True,True,True,True,True
22511300040211,False,True,True,True,True,True,True,False,True,True,True,True,True,True,True,True,True,True,True,True,False,False,False,True,True,True,False,True,True,True,True,True,True,False,True,False,True,True,True,False,False,True,True,True,True,True
22511300040221,False,True,True,True,True,True,True,False,True,True,True,True,True,True,True,True,True,True,True,True,False,False,False,True,True,True,False,True,True,True,True,True,True,False,True,False,True,True,True,False,False,True,True,True,True,True
22511300040231,False,True,True,True,True,True,True,False,True,True,True,True,True,True,True,True,True,True,True,True,False,False,False,True,True,True,False,True,True,True,True,True,True,False,True,False,True,True,True,False,False,True,True,True,True,True
22511300040241,False,True,True,True,True,True,True,False,True,True,True,True,True,True,True,True,True,True,True,True,False,False,False,True,True,True,False,True,True,True,True,True,True,False,True,False,True,True,True,False,False,True,True,True,True,True
22511300040251,False,True,True,True,True,True,True,False,True,True,True,True,True,True,True,True,True,True,True,True,False,False,True,True,True,True,False,True,True,True,True,True,True,False,True,False,True,True,True,False,False,True,True,True,True,True
22511300040261,False,True,True,True,True,True,False,False,True,True,True,True,True,False,True,True,True,True,True,True,False,False,True,True,False,True,False,True,True,True,True,True,True,False,True,False,True,True,True,False,False,True,True,True,True,True
22511300040271,False,True,True,True,True,True,False,False,True,True,True,True,True,False,True,True,True,True,True,True,False,False,True,True,True,True,False,True,True,True,True,True,True,False,True,False,True,True,True,False,False,True,True,True,True,True
22511300040281,False,True,True,True,True,True,True,False,True,True,True,True,False,True,True,True,True,True,True,True,False,False,True,True,True,True,False,True,True,True,True,True,True,False,True,False,True,True,True,False,False,True,True,True,True,True
22511300040291,False,True,True,True,True,True,True,False,True,True,True,True,True,True,True,True,True,True,True,True,False,False,True,True,True,True,False,True,True,True,True,True,True,False,True,False,True,True,True,False,False,True,True,True,True,True
22511300040301,False,True,True,True,True,True,True,False,True,True,True,True,True,True,True,True,True,True,True,True,False,False,True,True,True,True,False,True,True,True,True,True,True,False,True,False,True,True,True,False,False,True,True,True,True,True
22511300040311,False,True,True,True,True,True,False,False,True,True,True,True,True,True,True,True,True,True,True,True,False,False,True,True,True,True,False,True,True,True,True,True,True,False,True,False,True,True,True,False,False,True,True,True,True,True
22511300040321,False,True,True,True,True,True,False,False,True,True,True,True,True,True,True,True,True,True,True,True,False,False,True,True,True,True,False,True,True,True,True,True,True,False,True,False,True,True,True,False,False,True,True,True,True,True
22511300040331,False,True,True,True,True,True,True,False,True,True,True,True,True,True,True,True,True,True,True,True,False,False,True,True,True,True,True,True,True,True,True,True,True,False,True,False,True,True,True,False,False,True,True,True,True,True
22511300040341,False,True,True,True,True,True,True,False,True,True,True,True,True,True,True,True,True,True,True,True,False,False,True,True,True,True,True,True,True,True,True,True,True,False,True,False,True,True,True,False,False,True,True,True,True,True
22511300060011,True,True,True,True,True,True,True,False,True,True,True,True,True,True,True,False,True,True,True,True,False,True,True,True,True,True,True,True,True,True,True,True,True,False,True,False,True,True,True,False,True,True,True,True,True,True
22511300060021,True,True,True,True,True,True,True,False,True,True,True,True,True,True,True,False,True,True,True,True,False,True,False,True,True,True,True,True,True,True,True,True,True,False,True,False,True,True,True,False,True,True,True,True,True,True
22511300060031,True,True,True,True,True,True,True,False,True,True,True,True,True,True,True,False,True,True,True,True,False,False,True,True,True,True,True,True,True,True,True,True,True,False,True,False,True,True,True,False,True,True,True,True,True,True
22511300060041,True,True,True,True,True,True,True,False,True,True,True,True,False,True,True,False,True,True,True,True,False,True,True,True,True,True,True,True,True,True,True,True,True,False,True,False,True,True,True,False,True,True,True,True,True,True
22511300060051,True,True,True,True,True,True,True,False,True,True,True,True,True,True,True,False,True,True,True,True,False,False,True,True,True,True,True,True,True,True,True,True,True,False,True,False,True,True,True,False,True,True,True,True,True,True
22511300060061,True,True,True,True,True,True,True,False,True,True,True,True,True,True,True,True,True,True,True,True,False,True,True,True,True,True,True,True,True,True,True,True,True,False,True,False,True,True,True,False,True,True,True,True,True,True
22511300060071,True,True,True,True,True,True,True,False,True,True,True,True,True,True,True,True,True,True,True,True,False,True,True,True,True,True,True,True,True,True,True,True,True,False,True,False,True,True,True,False,True,True,True,True,True,True
22511300060081,True,True,True,True,True,True,True,False,True,True,True,True,True,True,True,True,True,True,True,True,False,True,True,True,True,True,True,True,True,True,True,True,True,False,True,False,True,True,True,False,True,True,True,True,True,True
22511300060091,True,True,True,True,True,True,True,False,True,True,True,True,True,True,True,True,True,True,True,True,False,True,True,True,True,True,True,True,True,True,True,True,True,False,True,False,True,True,True,False,True,True,True,True,True,True
22511300060101,True,True,True,True,True,True,True,True,True,True,True,True,True,True,True,True,True,True,True,True,False,True,True,True,True,True,True,True,True,True,True,True,True,False,True,False,True,True,True,False,True,True,True,True,True,True
22511300060111,True,True,True,True,True,True,True,True,True,True,True,True,True,True,True,True,True,True,True,True,False,True,True,True,True,True,True,True,True,True,True,True,True,False,True,False,True,True,True,False,True,True,True,True,True,True
22511300060121,True,True,True,True,True,True,True,False,True,True,True,True,True,True,True,True,True,True,True,True,False,True,True,True,True,True,True,True,True,True,True,True,True,False,True,False,True,True,True,False,True,True,True,True,True,True
22511300060131,True,True,True,True,True,True,True,False,True,True,True,True,True,True,True,True,True,True,True,True,False,True,True,True,True,True,True,True,True,True,True,True,True,False,True,False,True,True,True,False,True,True,True,True,True,True
22511300060141,True,True,True,True,True,True,True,False,True,True,True,True,True,True,True,True,True,True,True,True,False,True,True,True,True,True,True,True,True,True,True,True,True,False,True,False,True,True,True,False,True,True,True,True,True,True
22511300060151,True,True,True,True,True,True,True,False,True,True,True,True,True,True,True,False,True,True,True,True,False,True,True,True,True,True,True,True,True,True,True,True,True,False,True,False,True,True,True,False,True,True,True,True,True,True
22511300060161,True,True,True,True,True,True,True,False,True,True,True,True,True,True,True,True,True,True,True,True,False,True,True,True,True,True,True,True,True,True,True,True,True,False,True,False,True,True,True,False,True,True,True,True,True,True
22511300060171,True,True,True,True,True,True,True,False,True,True,True,True,True,True,True,True,True,True,True,True,False,True,True,True,True,True,True,True,True,True,True,True,True,False,True,False,True,True,True,False,True,True,True,True,True,True
22511300060181,True,True,True,True,True,True,True,False,True,True,True,True,True,True,True,True,True,True,True,True,False,False,True,True,True,True,True,True,True,True,True,True,True,False,True,False,True,True,True,False,True,True,True,True,True,True
22511300060191,False,True,True,True,True,True,True,False,True,True,True,True,True,True,True,True,True,True,True,True,False,False,True,True,True,True,True,True,True,True,True,True,True,False,True,False,True,True,True,False,True,True,True,True,True,True
22511300060201,False,True,True,True,True,True,True,False,True,True,True,True,True,True,True,True,True,True,True,True,False,False,True,True,True,True,True,True,True,True,True,True,True,False,True,False,True,True,True,False,True,True,True,True,True,True
22511300060211,False,True,True,True,True,True,True,False,True,True,True,True,True,True,True,True,True,True,True,True,False,False,True,True,True,True,True,False,True,True,True,True,True,False,True,False,True,True,True,False,True,True,True,True,True,True
22511300060221,False,True,True,True,True,True,False,False,True,True,True,True,True,True,True,True,True,True,True,True,False,False,True,True,True,True,True,False,True,True,True,True,True,False,True,False,True,True,True,False,True,True,True,True,True,True
22511300060231,False,True,True,True,True,True,True,False,True,True,True,True,True,True,True,True,True,True,True,True,False,False,True,True,True,True,True,False,True,True,True,True,True,False,True,False,True,True,True,False,True,True,True,True,True,True
22511300060241,False,True,True,True,True,True,True,False,True,True,True,True,True,True,True,True,True,True,True,True,False,True,True,True,True,True,True,False,True,True,True,True,True,False,True,False,True,True,True,False,False,True,True,True,True,True
22511300060251,False,True,True,True,True,True,False,False,True,True,True,True,True,True,True,True,True,True,True,True,False,True,True,True,True,True,True,False,True,True,True,True,True,False,True,False,True,True,True,False,False,True,True,True,True,True
22511300060261,False,True,True,True,True,True,False,False,True,True,True,True,True,True,True,True,True,True,True,True,False,False,False,True,True,True,True,False,True,True,True,True,True,False,True,False,True,True,True,False,False,True,True,True,True,True
22511300060271,False,True,True,True,True,True,False,False,True,True,True,True,False,True,True,False,True,True,True,True,False,True,False,True,True,True,True,True,True,True,True,True,True,False,True,False,True,True,True,False,False,True,True,True,True,True
22511300060281,False,True,True,True,True,True,True,False,True,True,True,True,True,True,True,True,True,True,True,True,False,False,True,True,True,True,True,True,True,True,True,True,True,False,True,False,True,True,True,False,True,True,True,True,True,True
22511300060291,False,True,True,True,True,True,True,False,True,True,True,True,True,True,True,True,True,True,True,True,False,False,True,True,True,True,True,True,True,True,True,True,True,False,True,False,True,True,True,False,True,True,True,True,True,True
22511300060301,False,True,True,True,True,True,True,False,True,True,True,True,True,True,True,True,True,True,True,True,False,False,True,True,True,True,True,True,True,True,True,True,True,False,True,False,True,True,True,False,True,True,True,True,True,True
22511300060311,False,True,True,True,True,True,True,True,True,True,True,True,True,True,True,True,True,True,True,True,False,False,True,True,True,True,True,True,True,True,True,True,True,False,True,False,True,True,True,False,True,True,True,True,True,True
22511300060321,False,True,True,True,True,True,True,True,True,True,True,True,True,True,True,True,True,True,True,True,False,False,True,True,True,True,True,True,True,True,True,True,True,False,True,False,True,True,True,False,True,True,True,True,True,True
22511300060331,False,True,True,True,True,True,True,True,True,True,True,True,True,True,True,True,True,True,True,True,False,False,True,True,True,True,True,True,True,True,True,True,True,False,True,False,True,True,True,False,True,True,True,True,True,True
22511300060341,False,True,True,True,True,True,True,True,True,True,True,True,True,True,True,True,True,True,True,True,False,False,True,True,True,True,True,True,True,True,True,True,True,False,True,False,True,True,True,False,True,True,True,True,True,True
22511300060351,False,True,True,True,True,True,True,True,True,True,True,True,True,True,True,True,True,True,True,True,False,False,True,True,True,True,True,True,True,True,True,True,True,False,True,False,True,True,True,False,True,True,True,True,True,True
22511300060361,False,True,True,True,True,True,True,True,True,True,True,True,True,True,True,True,True,True,True,True,False,False,True,True,True,True,True,True,True,True,True,True,True,False,True,False,True,True,True,False,True,True,True,True,True,True
22511300060371,False,True,True,True,True,True,True,True,True,True,True,True,True,True,True,True,True,True,True,True,False,False,True,True,True,True,True,True,True,True,True,True,True,False,True,False,True,True,True,False,True,True,True,True,True,True
22511300060381,False,True,True,True,True,True,True,True,True,True,True,True,True,True,True,True,True,True,True,True,False,False,True,True,True,True,True,True,True,True,True,True,True,False,True,False,True,True,True,False,True,True,True,True,True,True
22511300060391,False,True,True,True,True,True,True,False,True,True,True,True,True,True,True,True,True,True,True,True,False,False,True,True,True,True,True,True,True,True,True,True,True,False,True,False,True,True,True,False,True,True,True,True,True,True
22511300060401,False,True,True,True,True,True,True,False,True,True,True,True,True,True,True,True,True,True,True,True,False,True,True,True,True,True,True,True,True,True,True,True,True,False,True,False,True,True,True,False,True,True,True,True,True,True
22511300060411,False,True,True,True,True,True,True,False,True,True,True,True,True,True,True,True,True,True,True,True,False,True,True,True,True,True,True,True,True,True,True,True,True,False,True,False,True,True,True,False,True,True,True,True,True,True
22511300060421,False,True,True,True,True,True,True,False,True,True,True,True,True,True,True,True,True,True,True,True,False,True,True,True,True,True,True,True,True,True,True,True,True,False,True,False,True,True,True,False,True,True,True,True,True,True
22511300060431,False,True,True,True,True,True,True,False,True,True,True,True,True,True,True,True,True,True,True,True,False,True,True,True,True,True,True,True,True,True,True,True,True,False,True,False,True,True,True,False,True,True,True,True,True,True
22511300060441,False,True,True,True,True,True,True,False,True,True,True,True,True,True,True,True,True,True,True,True,False,True,True,True,True,True,True,True,True,True,True,True,True,False,True,False,True,True,True,False,True,True,True,True,True,True
22511300060451,False,True,True,True,True,True,True,False,True,True,True,True,True,True,True,True,True,True,True,True,False,True,True,True,True,True,True,True,True,True,True,True,True,False,True,False,True,True,True,False,True,True,True,True,True,True
22511300060461,False,True,True,True,True,True,True,False,True,True,True,True,True,True,True,True,True,True,True,True,False,True,True,True,True,True,True,True,True,True,True,True,True,False,True,False,True,True,True,False,True,True,True,True,True,True
22511300060471,False,True,True,True,True,True,True,False,True,True,True,True,True,True,True,True,True,True,True,True,False,True,True,True,True,True,True,True,True,True,True,True,True,False,True,False,True,True,True,False,True,True,True,True,True,True
22511300060481,False,True,True,True,True,True,True,False,True,True,True,True,True,True,True,True,True,True,True,True,False,True,True,True,True,True,True,True,True,True,True,True,True,False,True,False,True,True,True,False,True,True,True,True,True,True
22511300060491,False,True,True,True,True,True,True,False,True,True,True,True,True,True,True,True,True,True,True,True,False,True,True,True,True,True,True,True,True,True,True,True,True,False,True,False,True,True,True,False,True,True,True,True,True,True
22511300060501,False,True,True,True,True,True,True,False,True,True,True,True,True,True,True,True,True,True,True,True,False,True,True,True,True,True,True,True,True,True,True,True,True,False,True,False,True,True,True,False,True,True,True,True,True,True
22511300060511,False,True,True,True,True,True,True,False,True,True,True,True,True,True,True,True,True,True,True,True,False,True,True,True,True,True,True,True,True,True,True,True,True,False,True,False,True,True,True,False,True,True,True,True,True,True
22511300060521,False,True,True,True,True,True,True,False,True,True,True,True,True,True,True,True,True,True,True,True,False,True,True,True,True,True,True,True,True,True,True,True,True,False,True,False,True,True,True,False,True,True,True,True,True,True
22511300060531,False,True,True,True,True,True,True,False,True,True,True,False,True,True,True,True,True,True,True,True,False,False,True,True,True,True,True,True,True,True,True,True,True,False,True,False,True,True,True,False,True,True,True,True,True,True
22511300060541,False,True,True,True,True,True,True,False,True,True,True,True,True,True,True,True,True,True,True,True,False,False,True,True,True,True,True,True,True,True,True,True,True,False,True,False,True,True,True,False,True,True,True,True,True,True
22511300060551,False,True,True,True,True,True,True,False,True,True,True,True,True,True,True,True,True,True,True,True,False,False,True,True,True,True,True,True,True,True,True,True,True,False,True,False,True,True,True,False,False,True,True,True,True,True
22511300060561,False,True,True,True,True,True,True,False,True,True,True,True,True,True,True,True,True,True,True,True,False,False,True,True,True,True,True,True,True,True,True,True,True,False,True,False,True,True,True,False,False,True,True,True,True,True
22511300060571,False,True,True,True,True,True,True,False,True,True,True,True,True,True,True,True,True,True,True,True,False,False,True,True,True,True,True,True,True,True,True,True,True,False,True,False,True,True,True,False,False,True,True,True,True,True
22511300060581,False,True,True,True,True,True,False,False,True,True,True,True,True,True,True,True,True,True,True,True,False,False,True,True,True,True,True,True,True,True,True,True,True,False,True,False,True,True,True,False,False,True,True,True,True,True
22511300060591,False,True,True,True,True,True,False,False,True,True,True,False,True,True,True,True,True,True,True,True,False,False,True,True,True,True,False,True,True,True,True,True,True,False,True,False,True,True,True,False,False,True,True,True,True,True
22511300070011,False,True,True,True,True,True,False,False,True,True,True,True,True,True,True,True,True,True,True,True,False,True,True,True,True,True,False,True,True,True,True,True,True,False,True,False,True,True,True,False,False,True,True,False,True,True
22511300070021,False,True,True,True,True,True,True,False,True,True,True,True,True,True,True,True,True,True,True,True,False,True,True,True,True,True,False,True,True,True,True,True,True,False,True,False,True,True,True,False,False,True,True,False,True,True
22511300070031,False,True,True,True,True,True,True,False,True,True,True,True,True,True,True,True,True,True,True,True,False,True,True,True,True,True,False,True,True,True,True,True,True,False,True,False,True,True,True,False,False,True,True,False,True,True
22511300070041,False,False,True,True,True,True,False,False,True,True,True,True,True,True,True,True,True,True,True,True,False,False,False,True,False,True,False,True,True,True,True,False,True,False,True,False,True,True,True,False,False,False,False,False,True,True
22511300070051,False,False,True,True,True,True,False,False,True,True,False,True,False,False,True,True,False,True,True,False,False,False,False,True,False,True,False,False,True,True,True,False,True,False,True,False,True,True,True,False,False,False,False,False,False,True
22511300070061,False,False,True,True,True,True,False,False,True,True,False,False,False,False,True,True,False,False,True,False,False,False,False,True,False,True,False,True,True,True,True,False,True,False,True,False,True,True,True,False,False,False,False,False,False,True
22511300070071,False,False,True,True,True,True,False,False,True,True,False,False,False,True,True,True,False,False,True,False,False,False,False,True,False,True,False,True,True,True,True,False,True,False,True,False,True,True,True,False,False,False,False,False,False,True
22511300070081,False,False,True,True,True,True,True,False,True,True,False,False,False,True,True,True,False,True,True,False,False,False,False,True,False,True,False,True,True,True,True,False,True,False,True,False,True,True,True,False,False,False,False,False,False,True
22511300070091,False,False,True,True,True,True,True,False,True,True,True,False,True,True,True,True,False,True,True,False,False,False,False,True,False,True,False,False,True,True,True,False,True,False,True,False,True,True,True,False,False,True,False,False,True,True
22511300070101,False,False,True,True,True,True,False,False,True,True,False,False,True,True,True,True,False,False,True,False,False,False,False,True,False,True,False,False,True,True,True,False,True,False,True,False,True,True,True,False,False,True,False,False,True,False
22511300070111,False,False,True,True,True,True,False,False,True,True,False,False,True,False,True,True,False,False,False,False,False,False,False,True,False,False,False,False,False,True,False,False,True,False,True,False,True,True,False,False,False,True,False,False,True,True
22511300070121,False,False,True,True,True,True,False,False,True,True,True,False,False,False,True,True,False,True,False,False,False,False,False,True,True,False,False,True,True,True,False,False,True,False,True,False,True,True,False,False,False,True,False,True,True,True
22511300070131,False,True,True,True,True,True,True,False,True,True,True,False,False,False,True,True,False,True,True,True,False,False,False,True,False,True,False,True,True,True,True,True,True,False,True,False,True,True,True,False,True,True,True,True,True,True
22511300070141,True,True,True,True,True,True,True,True,True,True,True,False,True,True,True,True,True,True,True,True,False,False,False,True,True,True,False,True,True,True,True,True,True,False,True,False,True,True,True,False,True,True,True,True,True,True
22511300070151,True,True,True,True,True,True,True,True,True,True,True,False,True,True,True,True,True,True,True,True,False,False,False,True,False,True,False,True,True,True,True,True,True,False,True,False,True,True,True,False,False,True,True,True,True,True
22511300070161,False,False,True,True,True,True,True,True,True,True,True,False,True,True,True,True,True,True,True,True,False,False,True,True,True,True,False,True,True,True,True,True,True,False,True,False,True,True,True,False,False,False,False,True,True,True
22511300070171,False,False,True,True,True,True,False,False,True,True,True,False,True,False,True,True,True,True,True,True,False,True,True,True,True,True,False,False,True,True,True,True,True,False,True,False,True,True,True,False,False,False,False,True,True,True
22511300070181,False,False,True,True,True,True,False,False,True,True,True,False,False,False,True,True,False,True,True,True,False,True,True,True,True,True,False,True,True,True,True,True,True,False,True,False,True,True,True,False,False,True,False,True,True,True
22511300070191,False,False,True,True,True,True,True,False,True,True,True,False,True,False,True,True,True,True,True,True,False,True,True,True,True,True,False,True,True,True,True,True,True,False,True,False,True,True,True,False,False,True,True,True,True,True
22511300070201,False,False,True,True,True,True,False,False,True,True,True,False,False,False,True,True,True,True,True,True,False,False,False,True,False,True,False,False,True,True,True,True,True,False,True,False,True,True,True,False,False,False,False,True,True,True
22511300070211,False,True,True,True,True,True,True,True,True,True,True,False,True,True,True,True,True,True,True,True,False,True,True,True,True,True,True,True,True,True,True,True,True,False,True,False,True,True,True,False,True,True,False,True,True,True
22511300070221,False,True,True,True,True,True,True,True,True,True,True,False,False,True,True,True,True,True,True,True,False,True,True,True,False,True,False,True,True,True,True,True,True,False,True,False,True,True,True,False,False,True,False,True,True,True
22511300070231,True,True,True,True,True,True,True,False,True,True,True,True,False,False,True,True,True,True,True,True,False,False,False,True,True,True,True,True,True,True,True,True,True,False,True,False,True,True,True,False,False,False,False,True,True,True
22511300070241,True,True,True,True,True,True,True,True,True,True,True,True,True,True,True,True,True,True,True,True,False,True,True,True,True,True,True,True,True,True,True,True,True,False,True,False,True,True,True,False,True,True,True,True,True,True
22511300070251,True,True,True,True,True,True,True,True,True,True,True,True,True,True,True,True,True,True,True,True,False,True,False,True,True,True,False,True,True,True,True,True,True,False,True,False,True,True,False,False,False,True,True,True,True,True
22511300070261,True,True,True,True,True,True,True,True,True,True,True,True,True,True,True,True,True,True,True,True,False,True,True,True,True,True,True,True,True,True,True,True,True,False,True,False,True,True,True,False,True,True,True,True,True,True
22511300070271,True,True,True,True,True,True,True,True,True,True,True,True,True,True,True,True,True,True,True,True,False,True,True,True,True,True,True,True,True,True,True,True,True,False,True,False,True,True,True,False,True,True,True,True,True,True
22511300070281,True,False,True,True,True,True,True,True,True,True,True,False,False,False,True,True,True,True,True,True,False,True,True,True,True,True,True,True,True,True,True,True,True,False,True,False,True,True,True,False,True,True,False,True,True,True
22511300070291,True,False,True,True,True,True,True,False,True,True,True,False,False,True,True,True,True,True,True,True,False,True,True,True,True,True,True,True,True,True,True,True,True,False,True,False,True,True,True,False,True,True,True,True,True,True
22511300070301,True,True,True,True,True,True,True,False,True,True,True,False,True,True,True,True,True,True,True,True,False,True,True,True,True,True,True,True,True,True,True,True,True,False,True,False,True,True,True,False,True,True,True,True,True,True
22511300070311,True,True,True,True,True,True,True,False,True,True,True,True,True,True,True,True,True,True,True,True,False,True,True,True,True,True,True,True,True,True,True,True,True,False,True,False,True,True,True,False,True,True,True,True,True,True
22511300070321,True,False,True,True,True,True,True,False,True,True,True,False,False,True,True,True,True,True,True,True,False,True,True,True,True,True,True,True,True,True,True,True,True,False,True,False,True,True,True,False,True,True,True,True,True,True
22511300070331,True,False,True,True,True,True,True,False,True,True,True,True,False,True,True,True,True,True,True,True,False,True,True,True,True,True,True,True,True,True,True,True,True,False,True,False,True,True,True,False,True,True,True,True,True,True
22511300070341,True,False,True,True,True,True,True,True,True,True,True,False,False,True,True,True,True,True,True,True,False,True,True,True,True,True,True,True,True,True,True,True,True,False,True,False,True,True,True,False,True,True,True,True,True,True
22511300070351,True,False,True,True,True,True,True,True,True,True,True,False,False,True,True,True,True,True,True,True,False,True,True,True,True,True,True,True,True,True,True,True,True,False,True,False,True,True,True,False,True,True,True,True,True,True
22511300070361,True,False,True,True,True,True,True,True,True,True,True,True,True,True,True,True,True,True,True,True,False,True,True,True,True,True,True,True,True,True,True,True,True,False,True,False,True,True,True,False,True,True,True,True,True,True
22511300070371,True,False,True,True,True,True,True,True,True,True,True,True,True,True,True,True,True,True,True,True,False,True,True,True,True,True,True,True,True,True,True,True,True,False,True,False,True,True,True,False,True,True,True,True,True,True
22511300070381,True,False,True,True,True,True,True,True,True,True,True,True,True,True,True,True,True,True,True,True,False,True,True,True,True,True,True,True,True,True,True,True,True,False,True,False,True,True,True,False,True,True,True,True,True,True
22511300070391,True,False,True,True,True,True,True,False,True,True,True,True,True,True,True,True,True,True,True,True,False,True,True,True,True,True,True,True,True,True,True,True,True,False,True,False,True,True,True,False,True,True,True,True,True,True
22511300070401,True,True,True,True,True,True,True,False,True,True,True,True,True,True,True,True,True,True,True,True,False,True,True,True,True,True,True,True,True,True,True,True,True,False,True,False,True,True,True,False,True,True,True,True,True,True
22511300070411,True,True,True,True,True,True,True,False,True,True,True,False,True,True,True,True,True,True,True,True,False,True,True,True,True,True,True,True,True,True,True,True,True,False,True,False,True,True,True,False,True,True,True,True,True,True
22511300070421,True,True,True,True,True,True,True,True,True,True,True,False,True,True,True,True,True,True,True,True,False,True,True,True,True,True,True,True,True,True,True,True,True,False,True,False,True,True,True,False,True,True,True,True,True,True
22511300070431,True,True,True,True,True,True,True,True,True,True,True,True,True,True,True,True,True,True,True,True,False,True,True,True,True,True,True,True,True,True,True,True,True,False,True,False,True,True,True,False,True,True,True,True,True,True
22511300070441,True,True,True,True,True,True,True,True,True,True,True,True,True,True,True,True,True,True,True,True,False,True,True,True,True,True,True,True,True,True,True,True,True,False,True,False,True,True,True,False,True,True,True,True,True,True
22511300070451,True,True,True,True,True,True,True,True,True,True,True,True,True,True,True,True,True,True,True,True,False,True,True,True,True,True,True,True,True,True,True,True,True,False,True,False,True,True,True,False,True,True,True,True,True,True
22511300070461,True,True,True,True,True,True,True,True,True,True,True,True,True,True,True,True,True,True,True,True,False,True,True,True,True,True,True,True,True,True,True,True,True,False,True,False,True,True,True,False,True,True,True,True,True,True
22511300070471,True,True,True,True,True,True,True,True,True,True,False,True,True,True,True,True,True,True,True,True,False,True,True,True,True,True,True,True,True,True,True,True,True,False,True,False,True,True,True,False,True,True,True,True,True,True
22511300070481,True,False,True,True,True,True,True,False,True,True,False,True,True,True,True,True,True,True,True,True,False,True,True,True,True,True,True,True,True,True,True,True,True,False,True,False,True,True,True,False,True,True,True,True,True,True
22511300070491,True,False,True,True,True,True,True,False,True,True,True,True,True,True,True,True,True,True,True,True,False,True,True,True,True,True,True,True,True,True,True,True,True,False,True,False,True,True,True,False,True,True,True,True,True,True
22511300070501,True,True,True,True,True,True,False,True,True,True,True,True,True,True,True,True,True,True,True,True,False,True,True,True,True,True,True,True,True,True,True,True,True,False,True,False,True,True,True,False,True,True,True,True,True,True
22511300070511,True,True,True,True,True,True,False,True,True,True,True,True,False,True,True,True,True,True,True,True,False,True,True,True,True,True,True,True,True,True,True,True,True,False,True,False,True,True,True,False,True,True,True,True,True,True
22511300070521,True,True,True,True,True,True,False,True,True,True,True,True,False,False,True,True,True,True,True,True,False,True,True,True,True,True,True,True,True,True,True,True,True,False,True,False,True,True,True,False,True,True,True,True,True,True
22511300070531,True,True,True,True,True,True,False,True,True,True,True,True,False,False,True,True,True,True,True,True,False,True,True,True,True,True,True,True,True,True,True,True,True,False,True,False,True,True,True,False,True,True,True,True,True,True
22511300070541,True,True,True,True,True,True,True,True,True,True,True,True,False,False,True,True,True,True,True,True,False,True,True,True,True,True,True,True,True,True,True,True,True,False,True,False,True,True,True,False,True,True,True,True,True,True
22511300070551,True,True,True,True,True,True,True,True,True,True,True,True,False,False,True,True,True,True,True,True,False,False,False,True,False,True,True,True,True,True,True,True,True,False,True,False,True,True,True,False,True,True,True,True,True,True
22511300070561,True,True,True,True,True,True,True,True,True,True,True,False,False,False,True,True,True,True,True,True,False,False,True,True,False,True,True,True,True,True,True,True,True,False,True,False,True,True,True,False,True,True,True,True,True,True
22511300080011,True,True,True,True,True,True,False,False,True,True,True,True,True,True,True,False,True,True,True,True,False,True,True,True,True,True,True,True,True,True,True,True,True,False,True,False,True,True,True,False,True,True,True,True,True,True
22511300080021,True,True,True,True,True,True,False,False,True,True,True,True,True,True,True,False,True,True,True,True,False,True,True,True,True,True,True,True,True,True,True,True,True,False,True,False,True,True,True,False,True,True,True,True,True,True
22511300080031,True,True,True,True,True,True,False,True,True,True,True,True,True,True,True,False,True,True,True,True,False,True,True,True,True,True,True,True,True,True,True,True,True,False,True,False,True,True,True,False,True,True,True,True,True,True
22511300080041,True,True,True,True,True,True,False,True,True,True,True,True,True,True,True,False,True,True,True,True,False,True,True,True,True,True,True,True,True,True,True,True,True,False,True,False,True,True,True,False,True,True,True,True,True,True
22511300080051,True,True,True,True,True,True,True,True,True,True,True,True,True,True,True,False,True,True,True,True,False,True,True,True,True,True,True,True,True,True,True,True,True,False,True,False,True,True,True,False,True,True,True,True,True,True
22511300080061,True,True,True,True,True,True,True,True,True,True,True,True,True,True,True,True,True,True,True,True,False,True,True,True,True,True,True,True,True,True,True,True,True,False,True,False,True,True,True,False,True,True,True,True,True,True
22511300080071,True,True,True,True,True,True,True,True,True,True,True,True,True,True,True,False,True,True,True,True,False,True,True,True,True,True,True,True,True,True,True,True,True,False,True,False,True,True,True,False,True,True,True,True,True,True
22511300080081,True,True,True,True,True,True,True,True,True,True,True,True,True,True,True,False,False,True,True,True,False,True,True,True,True,True,True,True,True,True,True,True,True,False,True,False,True,True,True,False,True,True,True,True,True,True
22511300080091,True,True,True,True,True,True,True,True,True,True,True,True,True,True,True,True,False,True,True,True,False,True,True,True,True,True,True,True,True,True,True,True,True,False,True,False,True,True,True,False,True,True,True,True,True,True
22511300080101,True,True,True,True,True,True,True,True,True,True,True,True,True,True,True,True,False,True,True,True,False,True,True,True,True,True,True,True,True,True,True,True,True,False,True,False,True,True,True,False,True,True,True,True,True,True
22511300080111,True,True,True,True,True,True,True,True,True,True,True,True,True,True,True,True,False,True,True,True,False,True,True,True,True,True,True,True,True,True,True,True,True,False,True,False,True,True,True,False,True,True,True,True,True,True
22511300080121,True,True,True,True,True,True,True,True,True,True,True,True,True,True,True,False,False,True,True,True,False,True,True,True,True,True,True,True,True,True,True,True,True,False,True,False,True,True,True,False,True,True,True,True,True,True
22511300080131,True,True,True,True,True,True,True,True,True,True,True,True,True,True,True,True,True,True,True,True,False,True,True,True,True,True,True,True,True,True,True,True,True,False,True,False,True,True,True,False,True,True,True,True,True,True
22511300080141,True,True,True,True,True,True,True,True,True,True,True,True,True,True,True,True,True,True,True,True,False,True,True,True,True,True,True,True,True,True,True,True,True,False,True,False,True,True,True,False,True,True,True,True,True,True
22511300080151,True,True,True,True,True,True,True,True,True,True,True,True,True,True,True,True,True,True,True,True,False,True,True,True,True,True,True,True,True,True,True,True,True,False,True,False,True,True,True,False,True,True,True,True,True,True
22511300080161,True,True,True,True,True,True,True,True,True,True,True,True,True,True,True,True,True,True,True,True,False,True,True,True,True,True,True,True,True,True,True,True,True,False,True,False,True,True,True,False,True,True,True,True,True,True
22511300080171,True,True,True,True,True,True,True,True,True,True,True,True,True,True,True,True,True,True,True,True,False,True,True,True,True,True,True,True,True,True,True,True,True,False,True,False,True,True,True,False,True,True,True,True,True,True
22511300080181,True,True,True,True,True,True,True,True,True,True,True,True,True,True,True,True,True,True,True,True,False,True,True,True,True,True,True,True,True,True,True,True,True,False,True,False,True,True,False,False,True,True,True,True,True,True
22511300080191,True,True,True,True,True,True,True,True,True,True,True,True,True,True,True,True,True,True,True,True,False,True,True,True,True,True,True,True,True,True,True,True,True,False,True,False,True,True,False,False,True,True,True,True,True,True
22511300080201,True,True,True,True,True,True,True,True,True,True,True,True,True,True,True,True,True,True,True,True,False,True,True,True,True,True,True,True,True,True,True,True,True,False,True,False,True,True,False,False,True,True,True,True,True,True
22511300080211,True,True,True,True,True,True,True,True,True,True,True,True,True,True,True,True,True,True,True,True,False,True,True,True,True,True,True,True,True,True,True,True,True,False,True,False,True,True,True,False,True,True,True,True,True,True
22511300080221,True,True,True,True,True,True,True,True,True,True,True,True,True,True,True,True,True,True,True,True,False,True,True,True,True,True,True,True,True,True,True,True,True,False,True,False,True,True,True,False,True,True,True,True,True,True
22511300080231,True,True,True,True,True,True,True,True,True,True,True,True,True,True,True,True,True,True,True,True,False,True,True,True,True,True,True,True,True,True,True,True,True,False,True,False,True,True,True,False,True,True,True,True,True,True
22511300080241,True,True,True,True,True,True,True,True,True,True,True,True,True,True,True,True,True,True,True,True,False,True,True,True,True,True,True,True,True,True,True,True,True,False,True,False,True,True,True,False,True,True,True,True,True,True
22511300080251,True,True,True,True,True,True,True,False,True,True,True,True,True,True,True,True,True,True,True,True,False,True,True,True,True,True,True,True,True,True,True,True,True,False,True,False,True,True,True,False,True,True,True,True,True,True
22511300080261,True,True,True,True,True,True,False,False,True,True,True,True,True,True,True,True,True,True,True,True,False,True,True,True,True,True,True,True,True,True,True,True,True,False,True,False,True,True,False,False,True,True,True,True,True,True
22511300080271,True,True,True,True,True,True,False,False,True,True,True,True,True,True,True,True,True,True,True,True,False,True,True,True,True,True,True,True,True,True,True,True,True,False,True,False,True,True,False,False,True,True,True,True,True,True
22511300080281,False,True,True,True,True,True,False,False,True,True,True,True,True,True,True,True,True,True,True,True,False,True,True,True,True,True,True,True,True,True,True,True,True,False,True,False,True,True,False,False,True,True,True,True,True,True
22511300080291,True,True,True,True,True,True,False,False,True,True,True,True,True,True,True,True,True,True,True,True,False,True,True,True,True,True,True,True,True,True,True,True,True,False,True,False,True,True,False,False,True,True,False,True,True,True
22511300080301,True,True,True,True,True,True,False,False,True,True,True,True,True,True,True,True,True,True,True,True,False,True,True,True,True,True,True,True,True,True,True,True,True,False,True,False,True,True,False,False,True,True,True,True,True,True
22511300080311,True,True,True,True,True,True,False,False,True,True,True,True,True,True,True,True,True,True,True,True,False,True,True,True,True,True,True,True,True,True,True,True,True,False,True,False,True,True,False,False,True,True,True,True,True,True
22511300080321,True,True,True,True,True,True,False,False,True,True,True,True,True,True,True,False,True,True,True,True,False,True,True,True,True,True,True,True,True,True,True,True,True,False,True,False,True,True,False,False,True,True,True,True,True,True
22511300080331,True,True,True,True,True,True,True,True,True,True,True,True,True,True,True,True,False,True,True,True,False,True,True,True,True,True,True,True,True,True,True,True,True,False,True,False,True,True,True,False,True,True,True,True,True,True
22511300080341,True,True,True,True,True,True,False,False,True,True,True,True,True,True,True,True,True,True,True,True,False,True,True,True,True,True,True,True,True,True,True,True,True,False,True,False,True,True,False,False,True,True,True,True,True,True
22511300080351,True,True,True,True,True,True,True,True,True,True,True,True,True,True,True,True,True,True,True,True,False,True,True,True,True,True,True,True,True,True,True,True,True,False,True,False,True,True,True,False,True,True,True,True,True,True
22511300080361,True,True,True,True,True,True,True,True,True,True,True,True,True,True,True,True,True,True,True,True,False,True,True,True,True,True,True,True,True,True,True,True,True,False,True,False,True,True,True,False,True,True,True,True,True,True
22511300080371,True,True,True,True,True,True,True,True,True,True,True,True,True,True,True,True,True,True,True,True,False,True,True,True,True,True,True,True,True,True,True,True,True,False,True,False,True,True,False,False,True,True,True,True,True,True
22511300080381,True,True,True,True,True,True,True,True,True,True,True,True,True,True,True,False,True,True,True,True,False,True,True,True,True,True,True,True,True,True,True,True,True,False,True,False,True,True,True,False,True,True,True,True,True,True
22511300080391,True,True,True,True,True,True,True,True,True,True,True,True,True,True,True,False,True,True,True,True,False,False,True,True,True,True,True,True,True,True,True,True,True,False,True,False,True,True,True,False,True,True,True,True,True,True
22511300080401,True,True,True,True,True,True,True,True,True,True,True,True,True,True,True,False,True,True,True,True,False,True,True,True,False,True,True,True,True,True,True,True,True,False,True,False,True,True,True,False,True,True,True,True,True,True
22511300080411,True,True,True,True,True,True,False,False,True,True,True,True,True,True,True,False,True,True,True,True,False,True,True,True,True,True,True,True,True,True,True,True,True,False,True,False,True,True,True,False,True,True,True,True,True,True
22511300080421,True,True,True,True,True,True,False,False,True,True,True,True,True,True,True,False,False,True,True,True,False,True,True,True,True,True,True,True,True,True,True,True,True,False,True,False,True,True,False,False,True,True,True,True,True,True
22511300080431,True,True,True,True,True,True,False,False,True,True,True,True,True,True,True,False,True,True,True,True,False,True,True,True,False,True,True,True,True,True,True,True,True,False,True,False,True,True,True,False,True,True,True,True,True,True
22511300080441,True,True,True,True,True,True,False,False,True,True,True,True,True,True,True,False,True,True,True,True,False,True,True,True,True,True,True,True,True,True,True,True,True,False,True,False,True,True,True,False,True,True,True,True,True,True
22511300080451,True,True,True,True,True,True,True,False,True,True,True,True,True,True,True,False,True,True,True,True,False,True,True,True,True,True,True,True,True,True,True,True,True,False,True,False,True,True,True,False,True,True,True,True,True,True
22511300080461,True,True,True,True,True,True,True,False,True,True,True,True,True,True,True,False,True,True,True,True,False,True,True,True,True,True,True,True,True,True,True,True,True,False,True,False,True,True,True,False,True,True,True,True,True,True
22511300080471,True,True,True,True,True,True,True,True,True,True,True,True,True,True,True,True,False,True,True,True,False,True,True,True,True,True,True,True,True,True,True,True,True,False,True,False,True,True,True,False,True,True,True,True,True,True
22511300080481,True,True,True,True,True,True,True,True,True,True,True,True,True,True,True,True,False,True,True,True,False,True,True,True,True,True,True,True,True,True,True,True,True,False,True,False,True,True,True,False,True,True,True,True,True,True
22511300080491,False,True,False,True,True,True,True,False,True,True,True,True,True,True,True,False,False,True,True,True,False,True,True,True,True,True,True,True,True,True,True,True,True,False,True,False,True,True,True,False,True,True,True,True,True,True
22511300080501,True,True,True,True,True,True,True,False,True,True,True,True,True,True,True,False,False,True,True,True,False,False,True,True,True,True,True,True,True,True,True,True,True,False,True,False,True,True,True,False,True,True,True,True,True,True
22511300080511,True,True,True,True,True,True,True,False,True,True,True,True,True,True,True,False,False,True,True,True,False,False,True,True,True,True,True,True,True,True,True,True,True,False,True,False,True,True,True,False,True,True,True,True,True,True
22511300080521,True,True,True,True,True,True,True,False,True,True,True,True,False,True,True,False,False,True,True,True,False,False,True,True,True,True,True,True,True,True,True,True,True,False,True,False,True,True,True,False,True,True,True,True,True,True
22511300080531,True,True,True,True,True,True,True,True,True,True,True,True,True,True,True,False,True,True,True,True,False,False,True,True,True,True,True,True,True,True,True,True,True,False,True,False,True,True,True,False,True,True,True,True,True,True
22511300080541,True,True,True,True,True,True,True,True,True,True,True,True,True,True,True,False,True,True,True,True,False,True,True,True,True,True,True,True,True,True,True,True,True,False,True,False,True,True,True,False,True,True,True,True,True,True
22511300080551,True,True,True,True,True,True,True,True,True,True,True,True,True,True,True,False,True,True,True,True,False,True,True,True,False,True,True,True,True,True,True,True,True,False,True,False,True,True,False,False,True,True,True,True,True,True
22511300080561,True,True,True,True,True,True,True,True,True,True,True,True,True,True,True,False,True,True,True,True,False,True,True,True,False,True,True,True,True,True,True,True,True,False,True,False,True,True,True,False,True,True,True,True,True,True
22511300080571,False,True,True,True,True,True,True,False,True,True,True,True,True,True,True,False,True,True,True,True,False,False,True,True,True,True,True,True,True,True,True,True,True,False,True,False,True,True,True,False,True,True,True,True,True,True
22511300080581,True,True,True,True,True,True,True,True,True,True,True,True,True,True,True,True,False,True,True,True,False,True,True,True,True,True,True,True,True,True,True,True,True,False,True,False,True,True,True,False,True,True,True,True,True,True
22511300080591,True,True,True,True,True,True,True,True,True,True,True,True,True,True,True,True,False,True,True,True,False,False,True,True,True,True,True,True,True,True,True,True,True,False,True,False,True,True,True,False,True,True,True,True,True,True
22511300080601,False,True,True,True,True,True,True,False,True,True,True,True,True,True,True,False,False,True,True,True,False,True,True,True,True,True,True,True,True,True,True,True,True,False,True,False,True,True,True,False,True,True,True,True,True,True
22511300080611,False,True,True,True,True,True,False,False,True,True,True,True,False,True,True,False,False,True,True,True,False,False,True,True,True,True,True,True,True,True,True,True,True,False,True,False,True,True,True,False,True,True,True,True,True,True
22511300080621,False,True,True,True,True,True,False,False,True,True,True,True,True,True,True,False,True,True,True,True,False,False,True,True,True,True,True,True,True,True,True,True,True,False,True,False,True,True,True,False,True,True,True,True,True,True
22511300080631,False,True,True,True,True,True,False,False,True,True,True,True,True,True,True,False,False,True,True,True,False,False,True,True,True,True,True,True,True,True,True,True,True,False,True,False,True,True,True,False,True,True,True,True,True,True
22511300080641,False,True,True,True,True,True,False,False,True,True,True,True,True,True,True,False,False,True,True,True,False,False,True,True,True,True,True,True,True,True,True,True,True,False,True,False,True,True,True,False,True,True,True,True,True,True
22511300080651,False,True,True,True,True,True,True,False,True,True,True,True,True,True,True,False,False,True,True,True,False,False,True,True,True,True,True,True,True,True,True,True,True,False,True,False,True,True,True,False,True,True,True,True,True,True
22511300080661,True,True,True,True,True,True,True,True,True,True,True,True,True,True,True,False,False,True,True,True,False,True,True,True,True,True,True,True,True,True,True,True,True,False,True,False,True,True,True,False,True,True,True,True,True,True
22511300090011,False,True,True,True,True,True,True,False,True,True,True,True,True,True,True,False,False,True,True,True,False,True,True,True,True,True,True,True,True,True,True,True,True,False,True,False,True,True,True,False,True,True,True,True,True,True
22511300090021,False,True,True,True,True,True,True,False,True,True,True,True,True,True,True,False,False,True,True,True,False,True,True,True,True,True,True,True,True,True,True,True,True,False,True,False,True,True,True,False,True,True,True,True,True,True
22511300090031,False,True,True,True,True,True,True,False,True,True,True,True,True,True,True,False,False,True,True,True,False,False,True,True,True,True,True,True,True,True,True,True,True,False,True,False,True,True,True,False,True,True,True,True,True,True
22511300090041,True,True,True,True,True,True,True,False,True,True,True,True,True,True,True,False,False,True,True,True,False,True,True,True,True,True,True,True,True,True,True,True,True,False,True,False,True,True,True,False,True,True,True,True,True,True
22511300090051,False,True,True,True,True,True,True,False,True,True,True,True,True,True,True,False,False,True,True,True,False,False,True,True,True,True,True,True,True,True,True,True,True,False,True,False,True,True,False,False,True,True,True,True,True,True
22511300090061,False,True,True,True,True,True,False,False,True,True,True,True,True,True,True,False,False,True,True,True,False,False,True,True,False,True,True,True,True,True,True,True,True,False,True,False,True,True,False,False,True,True,True,True,True,True
22511300090071,False,True,True,True,True,True,False,False,True,True,True,True,True,True,True,False,False,True,True,True,False,True,True,True,True,True,True,True,True,True,True,True,True,False,True,False,True,True,False,False,True,True,True,True,True,True
22511300090081,False,True,True,True,True,True,False,False,True,True,True,True,True,True,True,False,True,True,True,True,False,False,True,True,True,True,True,True,True,True,True,True,True,False,True,False,True,True,False,False,True,True,True,True,True,True
22511300090091,False,True,True,True,True,True,True,False,True,True,True,True,True,True,True,False,True,True,True,True,False,False,True,True,False,True,True,True,True,True,True,True,True,False,True,False,True,True,False,False,True,True,True,True,True,True
22511300090101,False,True,True,True,True,True,True,False,True,True,True,True,True,True,True,False,True,True,True,True,False,False,True,True,True,True,True,True,True,True,True,True,True,False,True,False,True,True,True,False,True,True,True,True,True,True
22511300090111,False,True,True,True,True,True,True,False,True,True,True,True,True,True,True,False,True,True,True,True,False,False,True,True,False,True,True,True,True,True,True,True,True,False,True,False,True,True,True,False,True,True,True,True,True,True
22511300090121,True,True,True,True,True,True,True,True,True,True,True,True,True,True,True,True,False,True,True,True,False,False,True,True,True,True,True,True,True,True,True,True,True,False,True,False,True,True,True,False,True,True,True,True,True,True
22511300090131,True,True,True,True,True,True,True,False,True,True,True,True,True,True,True,True,True,True,True,True,False,False,True,True,True,True,True,True,True,True,True,True,True,False,True,False,True,True,True,False,True,True,True,True,True,True
22511300090141,True,True,True,True,True,True,True,True,True,True,True,True,True,True,True,True,False,True,True,True,False,False,True,True,True,True,True,True,True,True,True,True,True,False,True,False,True,True,True,False,True,True,True,True,True,True
22511300090151,False,True,True,True,True,True,True,False,True,True,True,True,True,True,True,False,True,True,True,True,False,False,True,True,False,True,True,True,True,True,True,True,True,False,True,False,True,True,False,False,True,True,True,True,True,True
22511300090161,False,True,True,True,True,True,True,True,True,True,True,True,True,True,True,False,True,True,True,True,False,False,True,True,True,True,True,True,True,True,True,True,True,False,True,False,True,True,True,False,True,True,True,True,True,True
22511300090171,False,True,False,True,True,True,True,False,True,True,True,True,True,True,True,False,True,True,True,True,False,False,False,True,True,True,True,True,True,True,True,True,True,False,True,False,True,True,True,False,True,True,True,True,True,True
22511300090181,False,True,False,True,True,True,True,False,True,True,True,True,True,True,True,False,True,True,True,True,False,False,False,True,True,True,True,True,True,True,True,True,True,False,True,False,True,True,True,False,True,True,True,True,True,True
22511300090191,False,True,False,True,True,True,True,False,True,True,True,True,True,True,True,False,True,True,True,True,False,False,False,True,True,True,True,True,True,True,True,True,True,False,True,False,True,True,True,False,True,True,True,True,True,True
22511300100013,False,True,False,True,True,True,True,False,True,True,True,True,True,True,True,False,True,True,True,True,False,False,False,True,True,True,True,True,True,True,True,True,True,False,True,False,True,True,True,False,True,True,True,True,True,True
22511300100023,False,True,False,True,True,True,True,False,True,True,True,True,True,True,True,False,True,True,True,True,False,False,False,True,True,True,True,True,True,True,True,True,True,False,True,False,True,True,True,False,True,True,True,True,True,True
22511300100033,True,True,True,True,True,True,True,True,True,True,True,True,True,True,True,False,True,True,True,True,False,False,False,True,True,True,True,True,True,True,True,True,True,False,True,False,True,True,False,False,True,True,True,True,True,True
22511300100043,False,True,False,True,True,True,True,False,True,True,True,True,True,True,True,False,True,True,True,True,False,False,False,True,True,True,True,True,True,True,True,True,True,False,True,False,True,True,False,False,True,True,True,True,True,True
22511300100053,False,True,False,True,True,True,True,False,True,True,True,True,False,True,True,False,True,True,True,True,False,False,False,True,True,True,True,True,True,True,True,True,True,False,True,False,True,True,False,False,True,True,True,True,True,True
22511300100063,False,True,True,True,True,True,True,False,True,True,True,True,True,True,True,False,True,True,True,True,False,False,False,True,True,True,True,True,True,True,True,True,True,False,True,False,True,True,True,False,True,True,True,True,True,True
22511300100073,True,True,True,True,True,True,True,True,True,True,True,True,True,True,True,False,True,True,True,True,False,False,False,True,True,True,True,True,True,True,True,True,True,False,True,False,True,True,True,False,True,True,True,True,True,True
22511300110011,True,True,True,True,True,True,True,True,True,True,True,True,True,True,True,False,True,True,True,True,False,False,False,True,True,True,True,True,True,True,True,True,True,False,True,False,True,True,True,False,True,True,True,True,True,True
22511300110021,False,True,False,True,True,True,True,False,True,True,True,True,True,True,True,False,True,True,True,True,False,False,False,True,True,True,True,True,True,True,True,True,True,False,True,False,True,True,False,False,True,True,True,True,True,True
22511300110031,False,True,False,True,True,True,True,False,True,True,True,True,True,True,True,False,True,True,True,True,False,False,False,True,True,True,True,True,True,True,True,True,True,False,True,False,True,True,True,False,True,True,True,True,True,True
22511300110041,False,True,False,True,True,True,False,False,True,True,True,True,True,True,True,True,True,True,True,True,False,False,False,True,True,True,True,True,True,True,True,True,True,False,True,False,True,True,False,False,True,True,True,True,True,True
22511300110051,False,True,False,True,True,True,False,False,True,True,True,True,True,True,True,False,True,True,True,True,False,False,False,True,True,True,True,True,True,True,True,True,True,False,True,False,True,True,True,False,True,True,True,True,True,True
22511300110061,False,True,False,True,True,True,False,False,True,True,True,True,True,True,True,False,True,True,True,True,False,False,False,True,True,True,True,True,True,True,True,True,True,False,True,False,True,True,True,False,True,True,True,True,True,True
22511300110071,False,True,False,True,True,True,False,False,True,True,True,True,False,True,True,True,True,True,True,True,False,False,True,True,True,True,True,True,True,True,True,True,True,False,True,False,True,True,True,False,True,True,True,True,True,True
22511300110081,False,True,False,True,True,True,False,False,True,True,True,True,True,True,True,True,True,True,True,True,False,False,True,True,True,True,True,True,True,True,True,True,True,False,True,False,True,True,False,False,True,True,True,True,True,True
22511300110091,False,True,True,True,True,True,True,False,True,True,True,True,True,True,True,False,True,True,True,True,False,True,True,True,True,True,True,True,True,True,True,True,True,False,True,False,True,True,False,False,True,True,True,True,True,True
22511300110101,False,True,False,True,True,True,False,False,True,True,True,True,True,True,True,False,True,True,True,True,False,False,True,True,True,True,True,True,True,True,True,True,True,False,True,False,True,True,False,False,True,True,True,True,True,True
22511300110111,False,True,False,True,True,True,False,False,True,True,True,True,True,True,True,False,True,True,True,True,False,False,True,True,True,True,True,True,True,True,True,True,True,False,True,False,True,True,False,False,True,True,True,True,True,True
22511300110121,False,True,False,True,True,True,False,False,True,True,True,True,True,True,True,True,True,True,True,True,False,True,True,True,True,True,True,True,True,True,True,True,True,False,True,False,True,True,False,False,True,True,True,True,True,True
22511300110131,False,True,False,True,True,True,True,False,True,True,True,True,True,True,True,True,True,True,True,True,False,True,True,True,True,True,True,True,True,True,True,True,True,False,True,False,True,True,True,False,True,True,True,True,True,True
22511300110141,False,True,False,True,True,True,False,False,True,True,True,True,True,True,True,True,True,True,True,True,False,False,False,True,True,True,True,True,True,True,True,True,True,False,True,False,True,True,False,False,True,True,True,True,True,True
22511300110151,False,True,False,True,True,True,False,False,True,True,True,True,False,True,True,True,True,True,True,True,False,False,True,True,True,True,True,True,True,True,True,True,True,False,True,False,True,True,False,False,True,True,True,True,True,True
22511300110161,False,True,False,True,True,True,False,False,True,True,True,True,True,True,True,True,True,True,True,True,False,True,True,True,True,True,True,True,True,True,True,True,True,False,True,False,True,True,False,False,True,True,True,True,True,True
22511300110171,False,True,False,True,True,True,False,False,True,True,True,True,True,True,True,True,True,True,True,True,False,True,True,True,True,True,True,True,True,True,True,True,True,False,True,False,True,True,False,False,True,True,True,True,True,True
22511300110181,False,True,False,True,True,True,False,False,True,True,True,True,True,True,True,True,True,True,True,True,False,True,True,True,True,True,True,True,True,True,True,True,True,False,True,False,True,True,False,False,True,True,True,True,True,True
22511300110191,False,True,False,True,True,True,False,False,False,False,False,True,True,True,True,True,True,True,True,True,False,True,True,True,True,True,False,True,False,False,False,True,False,False,False,False,True,False,False,False,False,False,False,True,True,True
22511300110201,False,False,False,False,False,False,False,False,False,False,False,True,True,True,True,True,False,False,True,True,False,True,True,True,False,True,False,True,False,False,False,False,False,False,False,False,True,False,False,False,False,False,False,False,False,False
22511300110211,False,False,False,False,False,False,False,False,False,False,False,True,True,False,True,True,False,False,True,True,False,True,True,False,False,True,False,False,False,False,False,False,False,False,False,False,True,False,False,False,False,False,False,False,False,False
GAUGE_80575,True,True,True,True,True,True,True,True,True,True,True,True,True,True,True,True,True,True,True,True,True,True,True,True,True,True,True,True,True,True,True,True,True,True,True,True,True,True,True,True,True,True,True,True,True,True
GAUGE_80805,True,True,True,True,True,True,True,True,True,True,True,True,True,True,True,True,True,True,True,True,True,True,True,True,True,True,True,True,True,True,True,True,True,True,True,True,True,True,True,True,True,True,True,True,True,True
