,2023-05-26,2023-05-27,2023-05-28,2023-05-29,2023-05-30,2023-05-31,2023-06-01,2023-06-02,2023-06-03,2023-06-04,2023-06-05,2023-06-06,2023-06-07,2023-06-08,2023-06-09,2023-06-10,2023-06-11,2023-06-12,2023-06-13,2023-06-14,2023-06-15,2023-06-16,2023-06-17,2023-06-18,2023-06-19,2023-06-20,2023-06-21,2023-06-22,2023-06-23,2023-06-24,2023-06-25,2023-06-26,2023-06-27,2023-06-28,2023-06-29,2023-06-30,2023-07-01,2023-07-02,2023-07-03,2023-07-04,2023-07-05,2023-07-06,2023-07-07,2023-07-08,2023-07-09,2023-07-10
22511100010011,0.71692866,0.72051096,0.72492236,0.69519705,0.70494205,0.7235295,0.7495377,0.77554584,0.76307863,0.57805455,0.6150252,5.3212504,5.7228384,6.1244264,6.526015,5.8778543,5.1231976,4.403381,3.5869267,2.9463139,2.494084,2.0418541,1.7201144,1.3629223,1.1189148,0.8749073,0.7089726,0.5430378,0.44340906,0.42426375,0.40192685,0.35112014,0.33676183,0.3934396,0.45011735,0.42419073,0.39826414,0.36088645,0.32560045,0.24165629,0.15771215,0.16079514,0.17973074,0.20629844,0.034941945,0.20532164
22511100010021,0.64169693,0.65616196,0.6801596,0.68658173,0.66969204,0.68854046,0.6995238,0.71050715,0.71691024,0.5655528,0.55923295,5.217531,5.619562,6.021593,6.423624,5.7731104,4.9924884,4.3343287,3.6054263,2.9159212,2.4773235,2.0387256,1.6805035,1.3340019,1.088457,0.8429121,0.6791676,0.51542324,0.38689104,0.39411786,0.32832435,0.33534205,0.31485024,0.35977376,0.40469724,0.3789931,0.35328895,0.34768364,0.32808146,0.237039,0.14599656,0.12671456,0.14979215,0.15530644,0.06625775,0.19566464
22511100010031,0.6587182,0.70752776,0.6886644,0.67517644,0.6889362,0.69845706,0.7193382,0.74021924,0.71668863,0.57181334,0.5447348,5.1807303,5.593877,6.0070233,6.42017,5.72903,4.991524,4.296947,3.5844285,2.9362643,2.4702187,2.004173,1.6600657,1.3520669,1.0941592,0.83625174,0.6690838,0.5019159,0.36535937,0.39910114,0.38215244,0.35715026,0.29630795,0.34660617,0.39690435,0.3929201,0.38893586,0.33137146,0.31667426,0.188042,0.059409752,0.13342956,0.11544635,0.17081176,0.025283651,0.16191465
22511100010041,0.6426445,0.7049965,0.6500082,0.6873727,0.6947034,0.6968891,0.7097079,0.7225267,0.6969787,0.5687944,0.567882,5.140161,5.5429735,5.945786,6.348599,5.7284937,5.0457335,4.3182707,3.5856936,2.9244454,2.4516323,1.9788193,1.674069,1.3120496,1.1199198,0.8332373,0.65657914,0.479921,0.4053239,0.3740251,0.345438,0.3450999,0.3083763,0.36087856,0.4133808,0.3965862,0.37979162,0.2881006,0.3668704,0.255041,0.1432116,0.0812496,0.0860391,0.1509435,0.06550521,0.20311801
22511100010051,0.67961395,0.71245956,0.69312876,0.66105884,0.69728464,0.69566077,0.7187221,0.74178344,0.67168665,0.54699236,0.60589594,5.166875,5.5650673,5.9632597,6.3614526,5.7028146,5.014478,4.282401,3.563306,2.9538195,2.4901748,2.02653,1.6728007,1.2996459,1.0295566,0.8578795,0.6907,0.52352047,0.38310304,0.41452745,0.33390704,0.34400886,0.32134554,0.3507529,0.38016024,0.40053174,0.42090324,0.32524696,0.33679023,0.2536673,0.17054434,0.109243445,0.11708925,0.17536286,0.03476235,0.16486976
22511100010061,0.6820977,0.7080599,0.6736826,0.6587901,0.6513718,0.6567846,0.67322445,0.6896643,0.6587553,0.5426799,0.5557219,5.082696,5.515438,5.94818,6.3809223,5.709463,4.982638,4.266463,3.5879815,2.8990886,2.4329436,1.9667988,1.6419641,1.3162676,1.0638627,0.8371231,0.6574123,0.4777015,0.3962507,0.405906,0.3536298,0.36988428,0.3000703,0.34187213,0.383674,0.39934415,0.4150143,0.3096057,0.3284196,0.26136324,0.19430692,0.12725058,0.13778539,0.19214119,0.043930486,0.16895328
22511100010071,0.6462347,0.6924961,0.6991888,0.684185,0.6936197,0.6830185,0.7019756,0.7209326,0.7108487,0.61442894,0.5528752,5.1053433,5.530629,5.955915,6.3812013,5.7399173,5.0306153,4.2691026,3.5776725,2.9389663,2.4936652,2.048364,1.6690134,1.3424574,1.0827997,0.8370924,0.6943918,0.55169123,0.40899062,0.36014262,0.34398252,0.35354882,0.30722842,0.3455429,0.38385743,0.384712,0.38556662,0.32512942,0.32369903,0.25843352,0.19316801,0.12790252,0.12639971,0.21583562,0.061880816,0.18641922
22511100010081,0.6534595,0.7202229,0.7103625,0.6413363,0.6696039,0.6442009,0.68268913,0.7211774,0.655388,0.5429065,0.5842612,5.1545095,5.55236,5.95021,6.34806,5.695827,5.042353,4.28082,3.5882707,2.9175107,2.4514842,1.9854579,1.6226746,1.2945746,1.0440209,0.8639555,0.71329516,0.5626348,0.41197452,0.3945331,0.3724306,0.3452909,0.3242479,0.3664935,0.40873912,0.39787185,0.3870046,0.34243232,0.30908552,0.24473473,0.18038397,0.116033204,0.1588078,0.1829447,0.058568005,0.194739
22511100010091,0.66065824,0.6631074,0.6775713,0.66425693,0.6406108,0.6636129,0.6843683,0.7051237,0.68196803,0.54618514,0.54632103,5.1060677,5.509016,5.9119644,6.314913,5.6742086,4.9634295,4.2593813,3.5494075,2.8973792,2.4315736,1.9657679,1.6583686,1.2875609,1.0713165,0.8359679,0.676562,0.5171561,0.3577502,0.3633395,0.35878372,0.3419311,0.29013053,0.33478567,0.3794408,0.38396522,0.3884896,0.3078736,0.28375793,0.19266307,0.10156822,0.10858582,0.14793901,0.15027063,0.059955917,0.15277112
22511100010101,0.62822205,0.6567593,0.66865253,0.64750713,0.6174032,0.6195706,0.6522961,0.68502164,0.64155394,0.530892,0.51483786,5.079913,5.494383,5.908853,6.3233232,5.684598,5.0209584,4.260284,3.5469124,2.9023473,2.4527555,2.0031633,1.6117164,1.2864829,1.0056081,0.78835344,0.62997246,0.47159144,0.34857205,0.36204454,0.32487023,0.33683842,0.29079655,0.3191126,0.34742865,0.36200547,0.37658232,0.30738464,0.29484445,0.2340175,0.17319056,0.11236364,0.123276934,0.14986813,0.024790836,0.14642553
22511100010111,0.65802705,0.6988926,0.6722836,0.66194946,0.6708075,0.6718077,0.7018215,0.7318353,0.6833725,0.543033,0.5455161,5.0900984,5.50488,5.9196615,6.334443,5.6991363,4.984564,4.252553,3.559049,2.9094627,2.458956,2.0084493,1.6586603,1.3050038,1.0383635,0.8323307,0.6573012,0.48227167,0.38421208,0.3645675,0.3385614,0.3450752,0.3218206,0.35799214,0.39416367,0.39062548,0.3870873,0.31352678,0.279912,0.20646383,0.13301568,0.11766078,0.13841139,0.16705288,-0.012944118,0.17435949
22511100010121,0.6768444,0.6714552,0.66668683,0.6517459,0.65771013,0.6544245,0.67340416,0.6923838,0.6861814,0.55974174,0.5395245,5.095937,5.510706,5.925475,6.3402443,5.662135,4.9683275,4.2537327,3.5612755,2.9370635,2.4511435,1.9652237,1.6609355,1.3011063,1.0099282,0.8264656,0.6655916,0.5047176,0.37469912,0.3902586,0.3488489,0.32730392,0.3369281,0.36524612,0.3935641,0.3924986,0.39143312,0.3343366,0.3083967,0.19792861,0.08746051,0.1321066,0.1603678,0.1946952,0.049057208,0.17875801
22511100010131,0.6619796,0.7106245,0.6738717,0.6351831,0.6409933,0.6518277,0.6482681,0.6447085,0.6411489,0.51453894,0.53513163,5.1164517,5.5192056,5.921959,6.3247128,5.6860266,4.945867,4.258214,3.556394,2.8980825,2.4549203,2.011758,1.6337788,1.3198607,1.0424865,0.8096805,0.63466537,0.45965022,0.37052083,0.37388882,0.36249062,0.35112882,0.3163025,0.34241965,0.36853683,0.3811461,0.3937554,0.32651183,0.30688062,0.22227007,0.13765952,0.118799716,0.13526702,0.17281742,0.018288117,0.16100521
22511100010141,0.6725879,0.730396,0.66391295,0.63650745,0.6899859,0.64675933,0.6507215,0.6546836,0.65864575,0.5496252,0.55588186,5.1794505,5.563873,5.9482946,6.3327165,5.6775007,5.0052133,4.2576137,3.5346587,2.910522,2.439196,1.9678702,1.661373,1.308168,1.0201529,0.8231592,0.6632227,0.5032861,0.37270895,0.36653134,0.33877355,0.33592644,0.33498466,0.3586706,0.38235655,0.3862695,0.39018244,0.31907144,0.34806845,0.237574,0.12707955,0.14052784,0.09658885,0.19505794,0.057732146,0.15728524
22511100010151,0.65970856,0.6977338,0.71183676,0.63188756,0.6286137,0.6357172,0.61982626,0.60393524,0.62449247,0.5283464,0.5292025,5.1556034,5.54608,5.936557,6.3270335,5.6824946,5.0319567,4.251117,3.5409408,2.905295,2.451539,1.9977833,1.6282434,1.2975127,1.025773,0.82180023,0.65343577,0.48507124,0.37719873,0.37891775,0.36492795,0.36820883,0.32798854,0.3546499,0.38131124,0.38250145,0.38369164,0.32099304,0.31933153,0.25622314,0.19311474,0.14344753,0.14780384,0.17642564,0.06666384,0.16255544
22511100010161,0.6617709,0.6586403,0.65550977,0.6320688,0.6148639,0.6189304,0.6291214,0.63931245,0.64950347,0.5078398,0.5378709,5.117277,5.516078,5.9148784,6.313679,5.662103,4.9856424,4.214185,3.5145483,2.886541,2.4195743,1.9526076,1.6033866,1.2448388,0.98238796,0.79950637,0.65015966,0.500813,0.36701038,0.34113348,0.34701028,0.34369838,0.2655109,0.31910467,0.3726985,0.3675994,0.36250028,0.29181957,0.2845412,0.20632133,0.12810148,0.11599059,0.12464038,0.18232758,0.0042872853,0.14422789
22511100010171,0.6630038,0.65577537,0.64854693,0.62532884,0.60314095,0.6091988,0.59482145,0.58044404,0.61388403,0.54443634,0.48890504,5.0779,5.485617,5.8933344,6.301051,5.654549,4.960245,4.2060285,3.5081916,2.880298,2.4226687,1.9650394,1.5786592,1.258118,0.9643961,0.79517496,0.644914,0.49465302,0.34515125,0.36519414,0.34111902,0.32534662,0.28006324,0.32939833,0.37873343,0.3808941,0.38305473,0.28567082,0.28746253,0.21923463,0.15100673,0.08694203,0.14946583,0.13793974,0.02493643,0.16666113
22511100010181,0.7206641,0.69272643,0.66478884,0.63761085,0.6586115,0.65682405,0.6471421,0.6374602,0.62777823,0.5520753,0.54403406,5.125829,5.5134296,5.90103,6.28863,5.673197,5.000106,4.237742,3.5151865,2.845244,2.4108508,1.9764575,1.6361467,1.3051091,0.99968076,0.8266771,0.6284489,0.43022075,0.35648724,0.35389176,0.31783456,0.32484695,0.30517507,0.3279556,0.35073614,0.37414366,0.39755115,0.29820666,0.30658674,0.24231261,0.17803845,0.08643956,0.13251735,0.18215275,0.056290254,0.15277365
22511100010191,0.61361986,0.62982947,0.6460391,0.6201689,0.60771835,0.61178356,0.61448425,0.61718494,0.6081771,0.5177004,0.50047493,5.108897,5.5081325,5.9073677,6.306603,5.6327934,4.9815764,4.2169557,3.4861476,2.8583183,2.4238338,1.9893491,1.5916947,1.2259598,0.99061483,0.80440253,0.6493012,0.49419975,0.34606394,0.36238664,0.34286615,0.34274405,0.30875415,0.34873796,0.38872173,0.3790786,0.36943546,0.31255934,0.29841945,0.21712795,0.13583645,0.09891175,0.13052285,0.18476304,0.033025146,0.11584444
22511100010201,0.6731546,0.6645806,0.6560066,0.61619306,0.63482016,0.6078719,0.6146141,0.62135637,0.6196263,0.5252499,0.51313645,5.126161,5.514457,5.902754,6.29105,5.6499853,4.9181886,4.2040005,3.4782395,2.8535337,2.394684,1.9358343,1.6001567,1.2506913,0.9497725,0.7940934,0.6392235,0.48435366,0.38251248,0.37906846,0.35710236,0.33542937,0.30503488,0.337487,0.36993918,0.3701409,0.37034267,0.30179566,0.29034087,0.22601192,0.16168296,0.12321897,0.13849677,0.18090826,0.04911957,0.15372497
22511100010211,0.68028295,0.6564776,0.68496126,0.6481795,0.6432338,0.61779755,0.62313944,0.6284813,0.6338233,0.52779883,0.52577984,5.117096,5.5042043,5.8913126,6.278421,5.6278486,4.9925084,4.1964397,3.4972267,2.8428051,2.3892944,1.9357835,1.6028453,1.2434722,0.95977604,0.8009114,0.6424475,0.48398346,0.36876824,0.35581994,0.34284315,0.34730276,0.32129645,0.34757224,0.37384805,0.3887099,0.40357175,0.31113395,0.30072364,0.2287928,0.15686195,0.12194555,0.15943515,0.16069825,0.05495775,0.17882335
22511100010221,0.6044593,0.6313748,0.6474918,0.61627597,0.6282455,0.6094332,0.61515176,0.62087035,0.6265889,0.5214751,0.5251047,5.108287,5.493261,5.878235,6.263209,5.5956116,4.886772,4.1779323,3.4646323,2.8041523,2.3590758,1.9139993,1.5952916,1.2443317,0.9281497,0.8045591,0.64954567,0.4945323,0.3434779,0.36307558,0.2822156,0.29471058,0.28125498,0.32076108,0.3602672,0.34990114,0.3395351,0.3002894,0.28659928,0.19607984,0.10556039,0.09270759,0.118182294,0.13056469,0.02546069,0.16516979
22511100010231,0.6253314,0.65549743,0.62787414,0.56590194,0.6071419,0.5755999,0.5890745,0.602549,0.58308154,0.48560423,0.4676819,5.082194,5.470672,5.8591504,6.2476287,5.6025686,4.8800373,4.157506,3.4459615,2.8059895,2.37481,1.9436303,1.5564747,1.2080015,0.92185074,0.7529507,0.58713794,0.42132512,0.33364302,0.3462732,0.3058448,0.31269222,0.26856872,0.31404778,0.3595268,0.36351338,0.36749992,0.25747833,0.29557192,0.21059912,0.12562633,0.10924202,0.13620572,0.13681552,0.032800622,0.11164992
22511100010241,0.6730034,0.67730874,0.66835284,0.65690416,0.64212734,0.64096504,0.64371616,0.64646727,0.6492183,0.51993084,0.54706436,5.085114,5.486961,5.888808,6.2906547,5.5971894,4.8864856,4.1757817,3.4637024,2.823638,2.364388,1.9051378,1.5703412,1.2453089,0.95213115,0.78840095,0.6718071,0.5552133,0.36260754,0.36835614,0.33141965,0.33355796,0.27982464,0.33162296,0.38342124,0.3625204,0.34161955,0.31177476,0.32031545,0.2200821,0.11984875,0.10560785,0.14126974,0.15188825,0.02751835,0.17680524
22511100010251,0.707869,0.6781172,0.6483654,0.6485659,0.6290863,0.6202087,0.6200345,0.6198603,0.61968607,0.5354754,0.5186914,5.1046157,5.490844,5.8770714,6.2632995,5.6152263,4.899491,4.183755,3.4666407,2.8259852,2.3718235,1.917662,1.5752865,1.2404233,0.94091487,0.7808237,0.61455023,0.4482768,0.37193298,0.3655912,0.3247681,0.3424264,0.3097591,0.34468278,0.3796065,0.3602834,0.3409603,0.2872909,0.2974656,0.19944185,0.10141809,0.1283747,0.1314867,0.1789027,0.032215796,0.1708301
22511100010261,0.63068223,0.6461147,0.66154724,0.64206004,0.6324141,0.6440835,0.6466691,0.6492546,0.6217808,0.52518904,0.52912664,5.1439705,5.515559,5.8871484,6.258737,5.6226516,4.903759,4.184866,3.478808,2.8040438,2.3626592,1.9212747,1.5538347,1.2399545,0.9842379,0.7917665,0.67394423,0.5561219,0.3851472,0.39691052,0.3509269,0.3717817,0.3221971,0.35551563,0.38883412,0.37466162,0.3604891,0.3048442,0.31866503,0.23120646,0.14374791,0.119086616,0.14869711,0.18146041,0.044913914,0.16916192
22511100010271,0.7040402,0.68145,0.6588597,0.69379765,0.6598367,0.64034575,0.7158536,0.79136145,0.6548665,0.5521479,0.5366566,5.1789436,5.5510435,5.923143,6.2952423,5.6182427,4.8959727,4.1737027,3.4841506,2.851001,2.3801873,1.9093734,1.5808003,1.2432883,1.0160476,0.7965661,0.6926775,0.5887888,0.40247834,0.39899734,0.33913934,0.38357523,0.29722184,0.33084035,0.36445883,0.37439543,0.38433203,0.30100474,0.33244595,0.24343073,0.15441553,0.119965136,0.13405053,0.19408274,0.06475683,0.19832774
22511100010281,0.640188,0.6380769,0.6359659,0.6481652,0.6444293,0.6355898,0.63785845,0.6401272,0.64239585,0.53312004,0.5082182,5.173499,5.530649,5.8877993,6.2449493,5.592823,4.8764677,4.1601124,3.4604766,2.7770038,2.3107545,1.8445057,1.531897,1.1987327,0.9737676,0.78569317,0.697221,0.60874885,0.38966525,0.36304626,0.31095895,0.33088076,0.28737617,0.33196372,0.37655124,0.3803839,0.38421655,0.29590374,0.28751084,0.20028706,0.11306325,0.10496256,0.14157006,0.17554556,0.013366854,0.15588485
22511100010291,0.52121645,0.5664776,0.6117387,0.6251094,0.6510895,0.6233188,0.6280338,0.6327489,0.637464,0.5354242,0.50448006,5.154723,5.519584,5.884445,6.249306,5.56918,4.8627615,4.1563435,3.4367378,2.7875233,2.3424811,1.8974389,1.563221,1.2353132,1.7435045,0.74924356,0.60962397,0.47000438,0.33038476,0.3473282,0.33052927,0.3121673,0.28004867,0.30889717,0.33774567,0.34904772,0.36034977,0.28271788,0.28217676,0.20887627,0.13557577,0.11992447,0.14483367,0.14739798,0.024036873,0.14393587
22511100010301,0.5478259,0.5825599,0.51459754,0.5170944,0.53704256,0.50401336,0.53634125,0.56866914,0.60099703,0.38459796,0.39524797,4.89409,5.276663,5.659235,6.041807,5.3987274,4.7027836,3.998009,3.3178282,2.6799335,2.2542477,1.8285618,1.4713173,1.1508442,0.94728166,0.74371904,0.61145186,0.47918466,0.34691745,0.40703887,0.37836957,0.33551776,0.35440117,0.3595083,0.36461547,0.37734297,0.39007047,0.33719766,0.27107626,0.23005286,0.18902946,0.09550576,0.13074636,0.21533646,0.035069257,0.18558265
22511100010311,0.47130328,0.5832565,0.5092048,0.5249256,0.5033223,0.49173698,0.72568375,0.95963055,0.55000407,0.38154718,0.40244398,4.554705,5.0438104,5.5329156,6.022021,5.380913,4.7152734,4.004365,3.3070734,2.6819558,2.235261,1.7885659,1.453188,1.1455873,1.0033151,0.7384487,0.69978786,0.6611271,0.35902637,0.39263558,0.37066218,0.31707227,0.28037167,0.34137353,0.40237537,0.37248477,0.34259418,0.28893328,0.3214647,0.25045496,0.17944528,0.09249238,0.11681788,0.18799217,0.07158658,0.18900648
22511100010321,0.4935034,0.62679595,0.47029278,0.47315148,0.49139106,0.45739847,0.48863417,0.51986986,0.5217684,0.37759197,0.39322937,4.1908917,4.75511,5.3193274,5.8835454,5.2347775,4.6348877,3.8825953,3.2121143,2.5958986,2.176427,1.7569553,1.4009732,1.127701,0.92794526,0.69504577,0.676238,0.6574303,0.3448037,0.34403518,0.32684678,0.33972546,0.29409528,0.33684027,0.37958527,0.3742996,0.36901388,0.30310637,0.29993227,0.24139468,0.18285708,0.11375388,0.13560638,0.17813967,0.15264328,0.18753248
22511100010331,0.26457906,0.21769485,0.47779515,0.43116474,0.43659985,0.43238714,0.4507412,0.46909526,0.46813697,0.31570256,0.32103387,4.3259726,4.8815823,5.437192,5.9928017,5.3207383,4.6332183,3.9525003,3.2497785,2.636047,2.2054217,1.7747967,1.4239744,1.1084044,0.889986,0.67156756,0.56856245,0.46555737,0.36255226,0.33865884,0.31062296,0.27170774,0.29390314,0.3082996,0.32269606,0.34091714,0.35913825,0.26223797,0.29909986,0.08596695,-0.12716594,0.11640715,0.10626845,0.12561326,0.020309051,0.15618125
22511100010341,0.52624834,0.4783459,0.505202,0.4668756,0.4991812,0.4612751,0.4647794,0.4682837,0.5076472,0.359158,0.3701325,4.2428255,4.805794,5.3687615,5.9317293,5.2723613,4.6245623,3.9249768,3.2203903,2.605849,2.1959376,1.7860264,1.4305849,1.1122259,0.91733724,0.7224486,0.604853,0.48725736,0.36966172,0.3775671,0.3492808,0.34363422,0.30978462,0.3392626,0.36874062,0.38369796,0.39865533,0.3218787,0.33360693,0.26951417,0.20542145,0.1413287,0.16772851,0.18222472,0.13698572,0.19084251
22511100010351,0.4482231,0.4560385,0.4478389,0.41040802,0.43556502,0.4255028,0.4258198,0.42613682,0.4579741,0.3650957,0.3159582,4.1796384,4.7425404,5.305442,5.868344,5.2071958,4.574224,3.8452494,3.167115,2.5428157,2.1725945,1.8023738,1.3709813,1.0207464,0.82785994,0.6349736,0.5216831,0.4083926,0.29510212,0.3174323,0.2904742,0.30473962,0.24980281,0.27774525,0.30568773,0.31179085,0.317894,0.24737342,0.26913533,0.21364188,0.15814844,0.10265501,0.13131651,0.141843,0.07772701,0.16002502
22511100010361,0.48000574,0.42156965,0.44387105,0.44568914,0.43852305,0.43491516,0.42784366,0.42077217,0.47779876,0.36076385,0.34217435,4.1649895,4.7352276,5.3054657,5.875704,5.224334,4.5642815,3.858128,3.200193,2.5773842,2.1899214,1.8024588,1.3869814,1.060269,0.86938894,0.67850894,0.5490491,0.41958916,0.29012924,0.31157556,0.32277235,0.30995405,0.28379315,0.30548665,0.32718015,0.34058046,0.35398075,0.26381725,0.26184246,0.21176055,0.16167866,0.111596756,0.13618256,0.14731425,0.08941176,0.13369815
22511100010371,0.47824,0.4286571,0.4690452,0.4549414,0.4446127,0.4474558,0.4400836,0.4327114,0.44715542,0.3569693,0.3523912,4.1970167,4.7494826,5.3019485,5.8544145,5.2115974,4.550903,3.8587868,3.2029824,2.5778146,2.172379,1.7669433,1.3948491,1.0539662,0.8548623,0.6557584,0.542451,0.42914367,0.3158363,0.351595,0.2885533,0.3155807,0.2569797,0.2987284,0.3404771,0.34356642,0.3466557,0.2781934,0.27911082,0.22980307,0.18049534,0.1311876,0.1352393,0.1814461,0.080816805,0.14405921
22511100010381,0.510481,0.4917031,0.5033897,0.4800044,0.48468518,0.4650162,0.4513098,0.43760338,0.52444357,0.3770775,0.3944886,4.16086,4.7331367,5.305413,5.8776894,5.2571416,4.56502,3.8805661,3.2239451,2.6013796,2.1742108,1.747042,1.4363234,1.129089,0.9112589,0.6934288,0.5729614,0.452494,0.3320266,0.3361551,0.3397831,0.3067754,0.27762848,0.32056108,0.36349368,0.35604823,0.3486028,0.3028163,0.2934895,0.23443958,0.17538969,0.11633979,0.15389189,0.17367288,0.054501787,0.13984838
22511100010391,0.49578118,0.4289293,0.4535648,0.45671988,0.4515253,0.43630338,0.4486262,0.46094897,0.4732669,0.3775231,0.3469534,4.1749277,4.7303696,5.2858114,5.8412538,5.203436,4.5503583,3.8515673,3.1851592,2.5682068,2.1593342,1.7504617,1.3904852,1.0569867,0.86801785,0.679049,0.55748415,0.4359193,0.31435448,0.33717868,0.3157565,0.3119957,0.3104429,0.32412893,0.337815,0.3476876,0.3575602,0.28302798,0.3095849,0.25030154,0.19101822,0.1317349,0.16153158,0.17910339,0.094862685,0.16402228
22511100010401,0.49106944,0.38713655,0.46431854,0.43584105,0.45645934,0.45385075,0.44030353,0.42675635,0.49389383,0.33420095,0.35412735,4.1395783,4.700025,5.2604713,5.820918,5.2100554,4.521733,3.8368776,3.1790638,2.5537663,2.1508021,1.7478379,1.3930362,1.0700157,0.8744797,0.67894375,0.5677464,0.45654902,0.34535164,0.36648765,0.32195914,0.32772574,0.29507655,0.31976715,0.34445775,0.35641214,0.36836654,0.30698335,0.29196703,0.23604318,0.1801193,0.12419545,0.14129645,0.15465085,0.10976875,0.17746174
22511100010411,0.47518888,0.43802777,0.4926397,0.45043626,0.45951068,0.45385998,0.4776027,0.5013454,0.46107757,0.37258968,0.36484048,4.116769,4.679439,5.24211,5.8047805,5.1511183,4.542676,3.8222,3.1676838,2.555408,2.1753886,1.7953691,1.4032167,1.0724051,0.8794156,0.6864261,0.57056284,0.45469955,0.33883628,0.37061137,0.31971368,0.34918237,0.30223396,0.3258919,0.3495499,0.36833927,0.38712868,0.318662,0.28377616,0.23780458,0.19183297,0.14586137,0.16750997,0.20373377,0.13940048,0.17531867
22511100010421,0.473006,0.382705,0.4355069,0.4265261,0.4473465,0.41285932,0.43219745,0.4515356,0.4495967,0.30453292,0.3409466,4.0758967,4.635628,5.1953597,5.755091,5.1261363,4.504055,3.7951488,3.1481843,2.5013273,2.109454,1.7175803,1.3560314,1.0483898,0.85109276,0.6537957,0.54086435,0.42793298,0.3150016,0.33791962,0.30067432,0.3235495,0.2793901,0.2969253,0.31446052,0.33373815,0.3530158,0.2875759,0.2526245,0.2051074,0.15759031,0.11007321,0.11634311,0.12889561,0.06173721,0.14508751
22511100010431,0.4883668,0.42749643,0.43861002,0.41400152,0.43188924,0.41215333,0.42744252,0.44273174,0.44114023,0.32835823,0.32422572,4.029536,4.5989733,5.168411,5.737848,5.108117,4.4591484,3.7921813,3.1102927,2.499346,2.105076,1.710806,1.3544518,1.0226783,0.82912487,0.63557154,0.5177585,0.39994547,0.28213242,0.3141325,0.29991633,0.3029608,0.2930878,0.31125152,0.32941523,0.33232227,0.33522934,0.2671818,0.25861913,0.21362013,0.16862112,0.12362213,0.123738624,0.15761453,0.07460132,0.16284592
22511100010441,0.45082268,0.4295945,0.46485487,0.44350508,0.4460061,0.44379118,0.4510576,0.45832407,0.47447807,0.35548067,0.33308756,4.0137978,4.586876,5.1599536,5.7330317,5.0728016,4.444995,3.758804,3.1144812,2.4926925,2.1119173,1.731142,1.3530955,1.0472413,0.84647655,0.6457118,0.52903455,0.4123573,0.29568008,0.343058,0.31555617,0.3180346,0.28662908,0.30805913,0.32948917,0.34454644,0.35960367,0.2919798,0.26226628,0.21879074,0.17531522,0.13183968,0.13931678,0.16729918,0.10710048,0.15608157
22511100010451,0.42773846,0.39528647,0.44421566,0.42144537,0.42165565,0.40878516,0.41603357,0.42328197,0.45294708,0.31487036,0.30504286,3.9522326,4.5303884,5.1085443,5.6867,5.0572505,4.4024076,3.729042,3.075012,2.4848986,2.1078289,1.730759,1.3415691,1.0258901,0.8308896,0.635889,0.5243541,0.41281924,0.30128437,0.33439305,0.30448008,0.28069788,0.30257857,0.32741722,0.35225588,0.36290282,0.37354976,0.28838807,0.27931756,0.23368587,0.18805417,0.14242247,0.117767766,0.17001697,0.12936966,0.17152877
22511100010461,0.423599,0.44125518,0.4175702,0.408225,0.42059898,0.4127043,0.4325325,0.4523607,0.4391785,0.3298662,0.3354328,3.9486325,4.529001,5.1093698,5.6897383,5.061243,4.403384,3.7372365,3.0630972,2.475197,2.1057823,1.7363673,1.3420957,1.0451227,0.84910786,0.653093,0.5475233,0.4419536,0.33638388,0.37553248,0.34670228,0.32655138,0.32026088,0.343187,0.3661131,0.364332,0.36255088,0.2937697,0.30547318,0.25163695,0.19780073,0.14396448,0.1792453,0.18420349,0.1724726,0.21154049
22511100010471,0.59081167,0.43836585,0.43449455,0.40192196,0.40643907,0.42920285,0.46734545,0.50548804,0.44999415,0.35194474,0.35126227,3.9414458,4.519634,5.097822,5.67601,5.0617137,4.3802075,3.74075,3.101227,2.5200245,2.1316354,1.7432464,1.3615909,1.0349913,0.8677318,0.70047235,0.5951689,0.48986542,0.38456196,0.38289037,0.38272467,0.39396095,0.37407666,0.40180755,0.42953846,0.4223453,0.41515216,0.35882807,0.32257175,0.26224232,0.2019129,0.14158346,0.13771136,0.25959507,0.17803475,0.23634826
22511100010481,0.5588424,0.526541,0.4942395,0.46916482,0.4771335,0.45670372,0.46249208,0.46828043,0.5048387,0.35622513,0.37274063,3.9401202,4.5242968,5.108473,5.6926494,5.064925,4.43745,3.7141845,3.1042416,2.5001898,2.0883272,1.6764647,1.3744668,1.0605222,0.8710445,0.68156683,0.56170833,0.4418499,0.3219914,0.37886342,0.33432722,0.3544177,0.29911283,0.33684173,0.3745706,0.37494043,0.3753102,0.33138242,0.31675732,0.25638273,0.19600812,0.13563351,0.16042832,0.20520912,0.11281502,0.21382982
22511100010491,0.49529403,0.45511502,0.43091163,0.39922914,0.42998412,0.41057283,0.41958353,0.42859423,0.45962572,0.30308834,0.30976772,3.8529139,4.444266,5.0356183,5.6269703,5.033641,4.3927813,3.693996,3.0554316,2.4358196,2.0439045,1.6519893,1.3329357,0.98692006,0.8098625,0.63280493,0.5198766,0.40694827,0.29401994,0.32621583,0.31079113,0.32054543,0.27359343,0.30262664,0.33165982,0.3422415,0.35282314,0.29481992,0.25745073,0.11673634,-0.023978066,0.07407993,0.10100514,0.13611653,0.036918033,0.11951293
22511100010501,0.46118972,0.455,0.4335395,0.4246644,0.4484531,0.4311107,0.443924,0.4567373,0.441193,0.3092443,0.3319582,3.826306,4.417366,5.0084257,5.5994854,5.003453,4.378459,3.70801,3.0430827,2.4606717,2.074284,1.6878964,1.3165019,1.0078833,0.8351916,0.6624999,0.5397605,0.41702104,0.2942816,0.3532787,0.33629182,0.31483552,0.3040272,0.33748752,0.3709478,0.3686743,0.3664008,0.2880871,0.29961902,0.19642936,0.09323971,0.08854721,0.10987371,0.16766821,0.04842111,0.14899781
22511100010511,0.48109373,0.45161805,0.45171535,0.43217945,0.44200274,0.45767996,0.44816145,0.43864295,0.45236793,0.33063734,0.34104005,3.8633091,4.4589972,5.0546856,5.6503735,5.024782,4.364228,3.6910198,3.0300362,2.48196,2.046087,1.610214,1.3367486,1.0382314,0.85227257,0.6663138,0.544296,0.42227817,0.30026034,0.36660874,0.32905295,0.31075764,0.28766674,0.3290196,0.37037244,0.36470565,0.35903886,0.29399204,0.28542614,0.2502547,0.21508324,0.10644995,0.12515154,0.14848705,0.048031345,0.14472854
22511100010521,0.4510171,0.49055952,0.47490472,0.45505044,0.47650284,0.43269092,0.46096706,0.4892432,0.44183463,0.35858172,0.3586479,3.9225864,4.505932,5.0892773,5.6726227,5.0157833,4.3895173,3.7339196,3.0610971,2.488543,2.0402648,1.5919868,1.3641688,1.0196571,0.8529232,0.68618935,0.57063025,0.45507112,0.33951202,0.32473382,0.3108819,0.3129036,0.32563964,0.34945673,0.37327382,0.3724056,0.37153733,0.30434972,0.30754852,0.23643222,0.16531593,0.09419963,0.13184083,0.16909583,0.044581924,0.19026972
22511100010531,0.48103395,0.48103395,0.44025484,0.42908505,0.44691744,0.41159585,0.4415867,0.47157755,0.46831286,0.32929945,0.33620894,3.82997,4.4215484,5.0131273,5.604706,5.0029044,4.3874693,3.6818755,3.0413384,2.432584,2.0488517,1.6651193,1.300414,1.029985,0.8426359,0.65528697,0.5486395,0.44199196,0.33534446,0.34555456,0.33046126,0.29780105,0.27767265,0.3064533,0.33523396,0.35585546,0.37647694,0.30268145,0.28999355,0.22668105,0.16336855,0.10005605,0.13945276,0.14288545,0.028395452,0.15014775
22511100010541,0.5018486,0.5018486,0.4387765,0.4674694,0.43646768,0.44730398,0.47656024,0.5058165,0.4741794,0.34075168,0.3396258,3.8458624,4.4343596,5.022856,5.6113534,5.007407,4.381795,3.6912901,3.045852,2.4504585,2.1122448,1.774031,1.3546906,1.0249941,0.8514652,0.6779364,0.56052524,0.44311407,0.3257029,0.35204378,0.3353389,0.31657538,0.2725535,0.3096101,0.3466667,0.3548261,0.3629855,0.28076,0.2691679,0.22047415,0.17178042,0.12308669,0.11858009,0.16574799,0.05795819,0.12914678
22511100010551,0.4879286,0.4879286,0.4573119,0.4295891,0.4542663,0.40440512,0.446024,0.4876429,0.4851676,0.35552952,0.3404391,3.8754048,4.4561753,5.0369463,5.617717,4.9806013,4.331252,3.6833658,3.0705926,2.4679387,2.1007705,1.7336023,1.3313574,1.0231615,0.8379964,0.6528313,0.54872,0.44460863,0.34049731,0.3606188,0.3260471,0.3328963,0.2908001,0.32403252,0.3572649,0.36801636,0.37876782,0.3174192,0.294925,0.2316146,0.1683042,0.104993805,0.1365048,0.15100151,0.034989208,0.18733561
22511100010561,0.52544224,0.52544224,0.48497224,0.44762644,0.44215903,0.44577873,0.48322693,0.5206751,0.48971733,0.34929794,0.34629452,3.8239684,4.417634,5.0113,5.604966,4.9825835,4.326512,3.6522143,3.0559592,2.4621189,2.076262,1.6904049,1.3229399,1.057847,0.8692182,0.6805893,0.55817825,0.4357672,0.31335613,0.36202812,0.33241922,0.32234922,0.3230754,0.34131578,0.35955614,0.3691784,0.37880072,0.28897363,0.29908693,0.23181286,0.1645388,0.09726473,0.14705053,0.16313533,0.042752128,0.16309823
22511100010571,0.4378387,0.4378387,0.4401863,0.40208068,0.3958373,0.4124655,0.43840656,0.4643476,0.4068565,0.2885088,0.3043612,3.697026,4.30335,4.9096737,5.5159974,4.9105797,4.3210807,3.6162636,2.9591706,2.3958683,1.8579224,1.3199766,1.2730142,0.9927624,0.80157363,0.6103849,0.5017403,0.39309564,0.284451,0.3348219,0.2694793,0.2763039,0.2627792,0.29674923,0.3307193,0.3295372,0.3283551,0.2504354,0.2495959,0.188421,0.1272461,0.0660712,0.1131207,0.1097939,-0.0028847016,0.113479696
22511100010581,0.47578713,0.43791202,0.40514192,0.40741712,0.39983463,0.40443143,0.43497866,0.46552593,0.41403353,0.28874174,0.30977193,3.677986,4.283059,4.888133,5.4932065,4.867756,4.2318897,3.610223,2.9577005,2.3896527,2.0086913,1.62773,1.2467687,0.9767174,0.78724355,0.5977696,0.4878888,0.37800804,0.26812723,0.3200392,0.28189012,0.29831532,0.26156643,0.29156068,0.32155493,0.32665023,0.33174554,0.25426883,0.24296762,0.19366929,0.14437096,0.09507263,0.112306625,0.099926725,0.014467323,0.11294472
22511100010591,0.41290593,0.42536485,0.43926704,0.36611935,0.41971985,0.39627475,0.4234827,0.45069066,0.42615223,0.29788375,0.28663555,3.6441588,4.253548,4.862937,5.4723263,4.8848014,4.208375,3.5848165,2.9372,2.3564506,1.98699,1.6175295,1.248069,0.95111793,0.78341323,0.61570853,0.51368815,0.41166773,0.30964735,0.31527805,0.26892534,0.28609034,0.29112455,0.3124702,0.33381584,0.3393978,0.34497973,0.26146653,0.23605324,0.18326624,0.13047925,0.07769224,0.104626544,0.13446224,0.0142640425,0.11093544
22511100010601,0.4164565,0.4318504,0.4363909,0.3911762,0.4049989,0.409459,0.42850134,0.4475437,0.4253806,0.2950442,0.2912607,3.5937235,4.218375,4.843027,5.4676785,4.85261,4.221996,3.5733893,2.9450297,2.3719695,1.9996922,1.6274151,1.2551379,0.9786243,0.8050581,0.631492,0.5120755,0.392659,0.2732425,0.2988916,0.2767514,0.2817422,0.2689917,0.29785934,0.326727,0.32257774,0.3184285,0.2167836,0.2509941,0.19792126,0.14484844,0.0917756,0.1171286,0.1474565,0.0172429,0.1462793
22511100010611,0.38761947,0.44114757,0.40868136,0.39393964,0.37001297,0.40787426,0.43095362,0.45403296,0.39211085,0.30888146,0.27871954,3.5573518,4.186641,4.815931,5.44522,4.830529,4.200198,3.5331676,2.9139051,2.3475833,1.9834305,1.6192777,1.2551249,0.94176835,0.7688037,0.5958391,0.48062894,0.3654188,0.25020865,0.31452715,0.27179417,0.28417975,0.26294896,0.2967567,0.33056447,0.3220336,0.31350276,0.27425155,0.26512057,0.19344206,0.12176356,0.05008506,0.09499456,0.120567456,0.0027092588,0.11813786
22511100010621,0.46857408,0.4299903,0.3817378,0.41215268,0.41911498,0.39324868,0.4285876,0.4639265,0.4264069,0.2959866,0.3148338,3.5412023,4.1749268,4.808651,5.442375,4.8150797,4.20964,3.5279489,2.908184,2.357336,1.9917504,1.6261648,1.2605792,0.96590966,0.7810034,0.5960971,0.4835261,0.37095514,0.2583842,0.31571677,0.2767098,0.2866304,0.25211918,0.27985027,0.3075814,0.30993733,0.3122933,0.24064678,0.2531562,0.19391732,0.13467845,0.07543959,0.092259884,0.13349639,0.041181486,0.1279108
22511100010631,0.42251703,0.42170113,0.41933683,0.41182962,0.39673942,0.41236413,0.42822298,0.4440818,0.40823892,0.2723486,0.30420882,3.5247262,4.154056,4.7833853,5.412715,4.82311,4.208326,3.5578377,2.9281297,2.3490725,1.9735748,1.5980769,1.2225791,0.950676,0.78172195,0.61276793,0.5115209,0.4102739,0.30902693,0.31716573,0.27426472,0.30819932,0.28365833,0.30172303,0.3197877,0.32421368,0.32863963,0.25501052,0.24189742,0.18558419,0.12927096,0.07295772,0.10694522,0.10686982,0.05239982,0.07531412
22511100010641,0.42491904,0.47823614,0.44762504,0.41394675,0.47379255,0.46228513,0.50741976,0.5525544,0.42591855,0.31572545,0.34134355,3.4324505,4.1059456,4.779441,5.452936,4.803698,4.226282,3.5825582,2.9434571,2.3666244,2.0013576,1.6360909,1.2708242,0.98424053,0.8224929,0.66074526,0.5467782,0.43281117,0.31884414,0.36826134,0.28205165,0.30513543,0.30005613,0.3101096,0.32016304,0.35308585,0.38600865,0.27714425,0.30927002,0.31227678,0.31528354,0.22178264,0.12828174,0.16361284,0.06911544,0.13977164
22511100010651,0.46565118,0.48626047,0.44297278,0.42974988,0.46115187,0.42382407,0.5071133,0.5904025,0.47056857,0.33798197,0.31764257,3.354441,4.0431814,4.731922,5.420663,4.7909966,4.146407,3.5089989,2.8873973,2.3491986,1.987078,1.6249574,1.2628369,0.9950908,0.826764,0.6584372,0.54200375,0.4255703,0.30913687,0.36148217,0.32116166,0.30890918,0.26595858,0.31879458,0.37163058,0.36934406,0.36705756,0.30941537,0.31019196,0.3122453,0.31429866,0.024762569,0.12553766,0.17279677,0.06730587,0.18132007
22511100010661,0.51605153,0.38549873,0.41847575,0.40916353,0.43979055,0.43262985,0.42133135,0.41003284,0.39873433,0.31235194,0.29030225,3.1758468,3.9124568,4.649067,5.385677,4.7268825,4.103627,3.4838474,2.8232696,2.2851596,1.9348834,1.584607,1.2343308,0.9765533,0.78325075,0.5899481,0.4949571,0.399966,0.30497494,0.31269953,0.30327535,0.26756415,0.24847133,0.2806001,0.31272885,0.32135478,0.32998073,0.24398084,0.24935864,0.18066119,0.11196374,0.11375424,0.09420414,0.11461334,0.029483741,0.11843384
22511100010671,0.47580755,0.40769354,0.42114744,0.41467223,0.42892024,0.39616084,0.42204303,0.44792524,0.43525785,0.31523833,0.27116603,3.0697384,3.4791057,3.888473,4.29784,4.7072077,4.112117,3.4452584,2.8421788,2.2896473,1.9282246,1.5668019,1.2053792,0.94512767,0.7775134,0.60989916,0.5059814,0.40206367,0.29814595,0.32038432,0.29299533,0.27178904,0.23481144,0.29292744,0.35104343,0.3457875,0.34053153,0.25230363,0.26870954,0.24669833,0.22468714,0.15967129,0.09465544,0.107190035,0.070083335,0.11744734
22511100010681,0.5929601,0.44691303,0.39668724,0.39052093,0.44926193,0.40528864,0.43659753,0.46790645,0.45002472,0.32375544,0.30579522,3.0122972,3.771616,4.5309343,5.290253,4.6714635,4.061037,3.4090383,2.8169959,2.2896132,1.9214014,1.5531895,1.1849777,0.9500774,0.77893496,0.60779244,0.49799088,0.3881893,0.27838773,0.31744972,0.28527823,0.25450084,0.23089594,0.28038365,0.32987133,0.3249248,0.31997824,0.25288284,0.25137624,0.15680024,0.06222423,-0.032351766,0.09113483,0.13894123,-0.0042718668,0.12125254
22511100010691,0.4134187,0.4594671,0.3429335,0.4024339,0.4225884,0.4106482,0.097918205,0.4139579,0.4373204,0.2913968,0.2920464,3.004418,3.7185862,4.4327545,5.146923,4.616167,4.040389,3.4056628,2.794879,2.249556,1.8992472,1.5489383,1.1986294,0.9293568,0.7534403,0.5775238,0.47726363,0.37700346,0.2767433,0.33566812,0.28148252,0.2903265,0.2378857,0.2755008,0.3131159,0.3196573,0.3261987,0.2459474,0.2146399,0.17358814,0.13253637,0.091484606,0.1078938,0.12728441,-0.002704696,0.1343925
22511100010701,0.47552904,0.43654555,0.36443233,0.36764583,0.40132254,0.39029965,0.39771193,0.40512425,0.41253653,0.26631343,0.28600255,2.9299564,3.3420699,3.754183,4.1662965,4.5784097,4.013479,3.4229643,2.7959177,2.2299619,1.8814675,1.5329729,1.1844784,0.8831462,0.73891526,0.59468436,0.49198642,0.38928854,0.28659064,0.31939465,0.24798174,0.24584244,0.22001304,0.27101257,0.32201213,0.32566145,0.32931075,0.24228933,0.24046764,0.18351294,0.12655823,0.06960353,0.115725435,0.10847284,0.0053761364,0.115426436
22511100010711,0.3703642,0.5780567,0.5170906,0.4561245,0.4313011,0.4057943,0.41665167,0.42750904,0.4383664,0.3261229,0.3267109,2.948027,3.3432715,3.738516,4.1337605,4.5290055,3.9514618,3.3423257,2.7781253,2.2240558,1.8727121,1.5213685,1.1700249,0.9214854,0.7930705,0.6646556,0.53418356,0.40371147,0.2732394,0.3129332,0.2928126,0.3327775,0.4559299,0.42787364,0.3998174,0.3949154,0.3900134,0.320019,0.2764941,0.19842644,0.120358765,0.0422911,0.1103809,0.1304195,0.0203863,0.1450407
22511100010721,0.6624516,1.0735677,0.8661491,0.6587305,0.6987459,0.3719661,0.38562867,0.39929125,0.4129538,0.5430681,0.5175886,2.904436,3.3020718,3.6997075,4.097343,4.4949784,3.9533615,3.4421043,2.9767737,2.4546735,2.030433,1.6061925,1.181952,0.9601568,0.8787816,0.79740644,0.6954492,0.5934919,0.4915347,0.316223,0.2763484,0.6466331,0.5389204,0.59625393,0.6535874,0.6074977,0.561408,0.494513,0.4997401,0.9838111,1.467882,0.061106708,0.07218841,0.2788009,0.4457258,0.1311713
22511100010731,0.36762562,0.47869992,0.5330531,0.44219503,0.46542674,0.38791794,0.40022781,0.41253772,0.42484763,0.31403273,0.34463304,2.850787,3.266842,3.682897,4.0989523,4.5150075,3.973022,3.3731341,2.7643235,2.2168663,1.8649428,1.5130192,1.1610957,0.92973745,0.7564409,0.5831443,0.49026036,0.3973764,0.3044924,0.29769564,0.32598433,0.28339714,0.26155064,0.30778578,0.35402092,0.31646997,0.27891904,0.31097242,0.29156584,0.22495346,0.1583411,0.09172873,0.07653753,0.16016123,0.009437528,0.12665243
22511100010741,0.44707346,0.5757558,0.5053589,0.5059138,0.57376975,0.46257567,0.4631775,0.46377933,0.46438116,0.35084856,0.37817276,2.9106534,3.6063144,4.3019757,4.997637,4.5121036,3.9513931,3.3575315,2.7620835,2.2553298,1.9050959,1.554862,1.2046281,0.91859615,0.7693344,0.62007254,0.50687146,0.3936703,0.28046918,0.31250545,0.30339816,0.26828176,0.23550516,0.27957726,0.32364938,0.320681,0.31771266,0.26113927,0.31540677,0.23712127,0.15883577,0.084117666,0.12609556,0.14717616,-0.0019954315,0.13566907
22511100010751,0.36293724,0.50187886,0.62912387,0.45202485,0.51789105,0.37940714,0.39732596,0.41524482,0.43316364,0.30975974,0.33503613,2.829494,3.5662575,4.303021,5.0397844,4.4407063,3.8609316,3.253449,2.7004151,2.204658,1.8535434,1.5024285,1.1513138,0.92635757,0.7642288,0.6021,0.5144295,0.42675897,0.33908844,0.33386594,0.26531115,0.24140824,0.26590034,0.2844496,0.30299884,0.3102418,0.31748474,0.28886923,0.28553885,0.21805687,0.15057491,0.08309294,0.14246234,0.11563014,0.020789344,0.12803164
22511100010761,0.45904198,0.442662,0.41162255,0.38058308,0.41749638,0.41403958,0.415136,0.41623247,0.4173289,0.29677668,0.29800618,2.8552203,3.243494,3.6317677,4.0200415,4.408315,3.9505339,3.324158,2.682518,2.2440827,1.9108897,1.5776968,1.244504,0.8947885,0.7464095,0.5980305,0.49634603,0.39466155,0.2929771,0.29271358,0.27013618,0.2654228,0.256647,0.28529075,0.3139345,0.3203885,0.3268425,0.2582176,0.3240568,0.2460994,0.16814199,0.09018459,0.11681479,0.1434497,0.01073069,0.1405848
22511100010771,0.38468692,0.38468692,0.38468692,0.38468692,0.43220812,0.3816738,0.39920107,0.41672835,0.4342556,0.2949335,0.3305647,2.8720634,3.2712371,3.6704109,4.069585,4.4687586,3.9322278,3.2564986,2.737224,2.215307,1.8422719,1.4692367,1.0962017,0.933711,0.7741885,0.614666,0.51980317,0.42494035,0.3300775,0.2963207,0.2899152,0.2711176,0.2462241,0.2863422,0.3264603,0.35613936,0.38581842,0.2786093,0.35286242,0.2731881,0.19351381,0.113839515,0.13936362,0.11379551,0.0073903115,0.11625251
22511100010781,0.40094167,0.40094167,0.32136896,0.41543368,0.38285848,0.37673488,0.39013728,0.40353966,0.41694206,0.27439356,0.32866317,2.827706,3.0376368,3.2475674,3.4574983,3.667429,3.8773596,3.3029695,2.7516983,2.2285926,1.8742597,1.5199269,1.1655941,0.92311347,0.75942105,0.5957287,0.49697566,0.39822268,0.29946968,0.31691378,0.29162028,0.26848236,0.23233877,0.27339938,0.31445998,0.30901027,0.30356058,0.30485666,0.25235853,0.19986036,0.14736222,0.09486407,0.09846197,0.14519577,0.0001301702,0.15617926
22511100010791,0.45875275,0.45875275,0.39183155,0.42027453,0.47982424,0.38926965,0.40665463,0.42403963,0.44142464,0.26903433,0.30849904,2.8455086,3.0559013,3.266294,3.4766865,3.6870792,3.897472,3.335531,2.760345,2.2364337,1.888873,1.5413121,1.1937512,0.92459124,0.77101547,0.61743975,0.50533915,0.39323854,0.28113794,0.27723333,0.27084723,0.26793635,0.27979845,0.3065802,0.33336195,0.3258388,0.31831563,0.27267635,0.19372924,0.11478214,0.03583504,0.09903094,0.10409444,0.13007803,-0.01371006,0.12383984
22511100010801,0.44081843,0.44081843,0.39293525,0.41785493,0.43289074,0.42544943,0.4344463,0.44344318,0.45244002,0.31619695,0.35752684,2.918727,3.1193016,3.3198762,3.5204508,3.7210255,3.9216,3.3133945,2.7965326,2.2843552,1.9190047,1.5536542,1.1883036,0.9527025,0.79722136,0.64174014,0.5280979,0.41445574,0.30081353,0.31323352,0.27948043,0.30020055,0.27664635,0.30132234,0.32599834,0.31924292,0.31248754,0.24843323,0.20368893,0.15894464,0.11420034,0.06785214,0.13451853,0.13647723,0.021531537,0.16338705
22511100020011,0.70742935,0.70742935,0.72211015,0.7368778,0.75926954,0.7100607,0.74648356,0.7829064,0.70947945,0.5967878,0.5643546,5.9682975,6.2461815,6.524065,6.8019485,6.0493665,5.346343,4.5175886,3.7587142,3.0495746,2.6160133,2.1824517,1.7488903,1.4056033,1.1256161,0.87408835,0.6950222,0.5159561,0.42364314,0.36545682,0.34438413,0.35352302,0.32902482,0.37035578,0.41168672,0.39433554,0.37698433,0.29687163,0.33321494,0.2529066,0.17259826,0.092289925,0.10252533,0.15271623,0.07940723,0.17451672
22511100020021,0.7073792,0.7073792,0.6947544,0.67476445,0.6672744,0.65325093,0.6966114,0.73997194,0.66880465,0.55710596,0.55161625,5.9445305,6.1969485,6.449366,6.7017837,6.002375,5.286969,4.464587,3.715838,3.0051975,2.5090475,2.0128973,1.7055376,1.3648801,1.1602888,0.83579624,0.6624263,0.48905632,0.39052382,0.37714082,0.33910033,0.38178554,0.28977582,0.33544144,0.38110703,0.38613608,0.39116514,0.33260953,0.31726384,0.24465886,0.1720539,0.09944893,0.13960113,0.13391493,0.09376243,0.16765063
22511100020031,0.71408945,0.71408945,0.6775393,0.6671445,0.6702449,0.66824955,0.6882655,0.7082814,0.69490576,0.5881204,0.5380962,5.901899,6.156713,6.411527,6.6663413,5.9723926,5.2354875,4.4500785,3.7006147,2.9928288,2.5671165,2.1414042,1.7156917,1.3664446,1.1532906,0.8492179,0.6668846,0.48455128,0.361798,0.35678327,0.32023627,0.3466285,0.30716696,0.33809254,0.36901808,0.3702905,0.37156287,0.29695436,0.30316716,0.23060861,0.15805005,0.08549148,0.13839418,0.15792407,0.030085277,0.18767537
22511100020041,0.7148783,0.7148783,0.6818684,0.6856042,0.7074773,0.7158259,0.726593,0.7373602,0.714853,0.608962,0.5722999,5.822899,6.0977287,6.3725586,6.6473885,5.9646444,5.223726,4.4166265,3.6986508,3.0260487,2.562156,2.0982635,1.634371,1.3358413,1.1435543,0.8711818,0.6777114,0.4842411,0.3797015,0.3801036,0.357865,0.3526279,0.2481643,0.3087754,0.3693865,0.38458073,0.399775,0.3186734,0.3206864,0.25494343,0.18920046,0.1234575,0.1964068,0.1609508,0.033461597,0.1908539
22511100020051,0.70589066,0.70589066,0.66695493,0.6768189,0.71284944,0.6700993,0.6969769,0.7238544,0.67993295,0.56813055,0.5496612,5.7458506,6.046342,6.346833,6.6473246,5.933195,5.201804,4.436442,3.6900656,2.988531,2.5199628,2.0513947,1.6619047,1.3224791,1.1448953,0.83738834,0.6612538,0.48511934,0.36798945,0.36276013,0.32469454,0.32886454,0.32668644,0.36603692,0.40538743,0.39656782,0.38774824,0.31212384,0.30808952,0.23015293,0.15221633,0.07427973,0.093055435,0.16504544,0.001575636,0.15624183
22511100020061,0.74050516,0.74050516,0.6856547,0.7148996,0.7090905,0.6952619,0.7228958,0.75052965,0.7104323,0.5679259,0.56380165,5.681829,5.988129,6.2944293,6.6007295,5.892645,5.1392946,4.385945,3.6448424,2.9563518,2.5251374,2.093923,1.662709,1.3326478,0.97929287,0.84911525,0.6765549,0.5039946,0.3772708,0.3807833,0.34633398,0.343067,0.29247877,0.32903743,0.3655961,0.37158787,0.3775797,0.3063942,0.30574238,0.2430845,0.18042664,0.11776878,0.10971258,0.16562168,0.035777677,0.14886178
22511100020071,0.6429711,0.7123055,0.7264258,0.6866722,0.7121496,0.6898688,0.71377456,0.7376803,0.6792807,0.5781326,0.5645948,5.482882,5.8562098,6.2295375,6.602865,5.8811817,5.1590247,4.3649316,3.6454403,2.9533727,2.4869199,2.020467,1.6856065,1.3491929,1.1055459,0.8618988,0.68558955,0.5092803,0.39671952,0.3628559,0.3409804,0.3516108,0.343871,0.3609668,0.3780626,0.39060676,0.40315092,0.3472745,0.340843,0.26028958,0.17973614,0.0991827,0.102272406,0.174051,0.059349604,0.16041371
22511100030011,0.6976379,0.7057175,0.7417341,0.7455505,0.7197204,0.7679039,0.8418987,0.8233388,0.7751612,0.6990541,0.6259809,5.9452205,6.255066,6.564911,6.8747563,6.207427,5.4135423,4.659533,3.858322,3.1606545,2.7030396,2.2454245,1.7878097,1.4801317,1.178016,0.8759,0.69995415,0.5240083,0.4319617,0.438736,0.3560649,0.3958671,0.3565213,0.38168174,0.4068422,0.42915308,0.451464,0.3359435,0.37178248,0.29858613,0.2253898,0.2018451,0.17322469,0.2176919,0.11142679,0.21153949
22511100030021,0.8534043,0.772594,0.721666,0.7641389,0.78280056,0.68449515,0.7337419,0.85610235,0.72790796,0.65803516,0.6592293,5.9703145,6.2704334,6.5705523,6.8706713,6.1881075,5.393979,4.6206675,3.8666933,3.2031286,2.731692,2.2602558,1.7888193,1.4287307,1.1580155,0.88730013,0.69065857,0.49401695,0.41869697,0.40324956,0.33663437,0.36884075,0.30775824,0.35173404,0.39570984,0.43683785,0.47796586,0.35353667,0.35593215,0.29075152,0.22557086,0.15636845,0.21387595,0.19754836,0.109784454,0.16669236
22511100030031,0.60246176,0.76783055,0.67787963,0.6438912,0.7351139,0.70742023,0.76083237,0.81424445,0.73632795,0.57207656,0.6344944,5.9166174,6.2221956,6.527774,6.8333526,6.1158824,5.3331447,4.5771356,3.8432617,3.1290615,2.6634974,2.1979334,1.7323697,1.3956774,1.1364101,0.8771427,0.7112283,0.54531384,0.32394284,0.39577204,0.35715073,0.36226785,0.35337165,0.37365493,0.39393824,0.3907364,0.38753456,0.34183204,0.26844245,0.21225485,0.15606724,0.099879645,0.13166425,0.16902815,0.09758514,0.20767054
22511100030041,0.76293993,0.76293993,0.641946,0.7122758,0.7147557,0.74289656,0.7400661,0.8197667,0.7240086,0.68622625,0.61021835,5.953332,6.2356067,6.517882,6.8001566,6.1415796,5.4179926,4.5570884,3.8369265,3.1240318,2.673,2.2219687,1.7709371,1.4698914,1.1462014,0.8225113,0.7043573,0.58620334,0.38279572,0.41376814,0.34227172,0.38109943,0.33574113,0.35164738,0.36755362,0.35709602,0.34663844,0.31739613,0.30877733,0.23211989,0.15546246,0.07880503,0.15656753,0.17444763,0.049727928,0.16201533
22511100030051,0.7516016,0.76574147,0.7204128,0.6872189,0.7332456,0.7302972,0.7680992,0.7244491,0.76017326,0.6069478,0.5711817,2.1287565,3.6863313,5.243906,6.801481,6.092848,5.3613057,4.5785494,3.8240182,3.1431794,2.689155,2.2351305,1.7811062,1.3909374,1.2374028,0.88817,0.68686634,0.48556268,0.39950508,0.463038,0.43054488,0.3286661,0.28257188,0.33300728,0.3834427,0.35630983,0.329177,0.3388624,0.36525849,0.27178943,0.17832036,0.08485129,0.11865554,0.15245979,0.05353269,0.19552779
22511100030061,0.7375048,0.7375048,0.72392523,0.7491174,0.74826574,0.73528177,0.80502176,0.813247,0.76137245,0.6118637,0.60204345,2.1533728,3.7047021,5.2560315,6.807361,6.1206326,5.4149156,4.615286,3.8139164,3.1477704,2.6961286,2.244487,1.7928452,1.421679,1.101125,0.92391807,0.7204093,0.5169005,0.38340417,0.43557686,0.39646775,0.37167585,0.28554896,0.3269856,0.36842224,0.37792087,0.38741946,0.26363194,0.38384646,0.3245609,0.26527536,0.17691655,0.13409926,0.22604816,0.020713553,0.21281785
22511100030071,0.75494576,0.75494576,0.68602633,0.77839875,0.74888545,0.7171528,0.7585943,0.8262085,0.7318078,0.6476191,0.61305684,2.1646442,3.7162318,5.2678194,6.819407,6.0892715,5.340894,4.551802,3.8269866,3.1560104,2.6780343,2.2000582,1.7333546,1.4168768,1.1249404,0.8968828,0.7168735,0.53686434,0.38098526,0.38234156,0.37659144,0.33615524,0.29964995,0.3491297,0.39860946,0.39397076,0.38933206,0.30509496,0.35585085,0.27064797,0.18544511,0.10024225,0.18975285,0.17982665,0.04568015,0.16229264
22511100030081,0.7135317,0.7503027,0.7342213,0.74100727,0.74394965,0.75636625,0.6420911,0.76805955,0.7436961,0.63393456,0.6161135,5.8700438,6.175165,6.480287,6.785409,6.1045966,5.348131,4.5745745,3.8162928,3.1290658,2.6621766,2.1952875,1.7283983,1.4322697,1.1588669,0.88546395,0.70448786,0.52351177,0.42126688,0.4132234,0.40087336,0.35249197,0.30969587,0.3704703,0.43124467,0.40953818,0.3878317,0.30344757,0.33691087,0.2544629,0.17201494,0.089566976,0.11846068,0.18308768,0.027854076,0.17795108
22511100030091,0.7356736,0.7174372,0.7375313,0.7165513,0.7487543,0.78293955,0.78278995,0.78264034,0.7180135,0.62798655,0.60643005,5.9372373,6.2304163,6.5235953,6.816775,6.1206985,5.3840656,4.5548596,3.759433,3.1129737,2.6457365,2.1784992,1.711262,1.4294724,1.1725376,0.9156026,0.734209,0.5528153,0.39850163,0.41367424,0.36524943,0.34279323,0.31332102,0.37627763,0.43923423,0.43360785,0.42798144,0.32860923,0.29611632,0.23836504,0.18061373,0.122862436,0.16377564,0.19705053,0.04899033,0.21483743
22511100030101,0.7497249,0.7570393,0.794653,0.7284253,0.7564977,0.7470285,0.76843005,0.78983164,0.7567315,0.6330967,0.6688789,5.9149156,6.222005,6.529094,6.8361835,6.105394,5.434554,4.56526,3.7791207,3.1046965,2.65884,2.2129834,1.7671268,1.4036316,1.1564014,0.9091712,0.7386219,0.5680726,0.42473182,0.37282223,0.3644152,0.3635224,0.3038161,0.37482345,0.44583082,0.43142655,0.41702232,0.29064092,0.3346283,0.2691196,0.20361084,0.13810211,0.20122251,0.2039006,0.05847491,0.17281201
22511100030111,0.74807703,0.74807703,0.7506526,0.72899693,0.7564088,0.74878824,0.7372338,0.72567946,0.71412504,0.62536156,0.61939603,5.8867683,6.192339,6.4979095,6.8034797,6.05924,5.3195148,4.5291934,3.7701151,3.1037846,2.6464312,2.1890776,1.7317241,1.3785065,1.1392938,0.90008104,0.728209,0.55633706,0.40433994,0.41037884,0.37908104,0.32894143,0.29736164,0.34846288,0.39956415,0.40759525,0.41562635,0.31962994,0.33684665,0.2695112,0.20217577,0.13484034,0.15461288,0.17438544,0.04722054,0.16854525
22511100040015,0.1966802,0.1966802,0.1966802,0.2468225,0.2200648,0.2000701,0.2070623,0.21405451,0.2210467,0.0496844,0.1334305,0.13249353,0.13155654,0.13061956,0.12968257,0.12874559,0.1278086,0.12687162,0.12593463,0.12499765,0.12406067,0.12312368,0.122186705,0.12124972,0.120312735,0.11937575,0.11843877,0.11750179,0.1165648,0.1436253,0.1706858,0.17802575,0.1853657,0.19270565,0.2000456,0.22792575,0.2558059,0.2211082,0.1904241,0.14501263,0.09960117,0.054189704,0.020003203,0.024482504,-0.2018851,-0.2018851
22511100040025,0.14788586,0.14788586,0.14788586,0.19814116,0.21641305,0.18151335,0.21531868,0.24912402,0.28292936,0.003944454,0.10184786,0.10918256,0.11651727,0.12385197,0.13118668,0.13852139,0.14585608,0.15319079,0.1605255,0.16786021,0.1751949,0.18252961,0.18986432,0.19719903,0.20453373,0.21186844,0.21920314,0.22653785,0.23387255,0.26214465,0.24357413,0.22500359,0.20643306,0.1742709,0.14210875,0.17380725,0.20550576,0.18011965,0.25692177,0.18385139,0.11078102,0.03771065,0.033365753,0.057096455,-0.072317645,0.08483385
22511100040035,0.17552836,0.18900903,0.2024897,0.21597037,0.27611378,0.22057207,0.23705627,0.25354046,0.27002466,0.0017527655,0.113439165,0.13297951,0.15251985,0.17206019,0.19160055,0.21114089,0.23068123,0.25022158,0.26976192,0.28930226,0.3088426,0.32838297,0.3479233,0.36746365,0.387004,0.40654433,0.42608467,0.445625,0.46516538,0.24732636,0.09048586,0.14885756,0.16699496,0.24812052,0.32924607,0.3387098,0.34817356,0.38676423,0.42535487,0.30993792,0.194521,0.079104066,0.024362266,0.117257066,-0.102515735,0.052451067
22511100040045,0.14190431,0.15529084,0.16867739,0.18206392,0.14956301,0.21143001,0.21928078,0.22713155,0.23498231,0.047005218,0.10427502,0.12023782,0.13620064,0.15216345,0.16812624,0.18408905,0.20005186,0.21601467,0.23197748,0.24794029,0.26390308,0.2798659,0.2958287,0.3117915,0.2645819,0.21737227,0.17016266,0.122953035,0.075743414,0.20579882,0.23384322,0.15641892,0.22453362,0.22446926,0.22440492,0.21385752,0.20331012,0.20123301,0.16819061,0.13514821,0.10210582,0.06906342,0.046655215,0.020165415,-0.09089699,0.06566861
22511100040055,0.21177281,0.21372472,0.2156766,0.21762851,0.19005512,0.22337551,0.20887879,0.19438204,0.17988531,0.07520481,0.13512582,1.2947654,1.4849414,1.6751174,1.8652934,2.0554693,2.2456453,1.9718473,1.6980494,1.4242514,1.1504534,0.87665546,0.60285753,0.52760154,0.45299536,0.3783892,0.32309574,0.26780227,0.21250881,0.21865441,0.18776841,0.13852862,0.14856671,0.18413532,0.21970391,0.20585106,0.19199821,0.2450149,0.19743966,0.1498644,0.10228916,0.054713912,0.0037664121,-0.03332149,-0.028714487,0.08690191
22511100040065,0.28224948,0.25873822,0.23522694,0.21171568,0.23515968,0.21177898,0.21866214,0.22554532,0.23242848,0.04921108,0.15992938,1.1531116,1.3726372,1.5921627,1.8116884,2.031214,2.2507396,1.9891568,1.7275741,1.4659914,1.2044086,0.9428259,0.6812432,0.51851946,0.44784993,0.37718037,0.29308382,0.20898725,0.12489068,0.24371408,0.21480678,0.15348718,0.22326158,0.23310748,0.24295337,0.24646828,0.24998318,0.21082138,0.17202435,0.13322733,0.094430305,0.05563328,-0.04698772,-0.036802817,-0.04139452,0.04992758
22511100040075,0.25341168,0.25341168,0.25341168,0.25341168,0.23578538,0.22409467,0.23927474,0.25445482,0.26963487,0.06621508,0.16397668,1.2091709,1.428592,1.6480129,1.8674339,2.086855,2.3062758,1.9306502,1.5550246,1.3465928,1.138161,0.92972916,0.7212974,0.54492855,0.45821753,0.37150648,0.3465269,0.32154727,0.29656768,0.23105128,0.25220227,0.18972938,0.22479098,0.22595192,0.22711287,0.26217422,0.29723558,0.24224378,0.23141028,0.19600314,0.16059601,0.12518887,0.01889848,0.050784178,-0.03907072,-0.02248252
22511100040085,0.13528521,0.15908979,0.18289435,0.20669892,0.22023742,0.13661993,0.17823188,0.21984385,0.26145583,0.11587232,0.12293452,1.1094537,1.3674096,1.6253655,1.8833214,2.1412773,2.399233,2.0212162,1.6431992,1.3950183,1.1468375,0.89865667,0.6504758,0.5133921,0.46014696,0.4069018,0.37494126,0.34298068,0.3110201,0.21120842,0.2560329,0.15035772,0.31786692,0.29221007,0.26655322,0.27649206,0.28643093,0.30429292,0.14447072,0.13451482,0.12455892,0.11460302,0.09891212,0.02744302,-0.07489028,0.05132372
22511100040095,0.19845109,0.19845109,0.19845109,0.19845109,0.22918318,0.21253468,0.24934173,0.28614876,0.3229558,0.07506229,0.13863438,1.0706252,1.3277589,1.5848925,1.8420262,2.09916,2.3562937,2.033535,1.614073,1.372319,1.130565,0.88881105,0.6470571,0.46725228,0.40026453,0.33327678,0.30655167,0.27982652,0.25310138,0.27707347,0.17196569,0.1784207,0.27890348,0.28048095,0.2820584,0.31675953,0.3514607,0.20547819,0.4036258,0.27486914,0.14611252,0.017355885,0.08382668,-0.011901313,-0.050758213,0.13077869
22511100040105,0.22346243,0.21359096,0.2037195,0.19384803,0.26988044,0.20846982,0.21679999,0.22513017,0.23346034,-0.01218027,0.16086933,1.0953968,1.3482155,1.6010342,1.8538529,2.1066716,2.3594904,1.9422877,1.5748829,1.3364912,1.0980996,0.859708,0.62131643,0.516161,0.43469223,0.35322344,0.3061071,0.25899076,0.21187443,0.24606083,0.19322693,0.14410603,0.23377173,0.25131527,0.26885882,0.27544257,0.28202632,0.27691832,0.2215676,0.16621688,0.11086615,0.05551543,0.04716893,-0.02082087,-0.08014897,0.05548973
22511100040115,0.13134597,0.16059028,0.18983456,0.21907887,0.26392916,0.18742497,0.1936593,0.19989364,0.20612797,0.03404517,0.14386497,0.5078486,0.87183225,1.2358159,1.5997995,1.9637833,2.327767,1.925138,1.5077492,1.2917167,1.0756842,0.8596517,0.6436192,0.49401537,0.42412516,0.35423496,0.3329564,0.31167784,0.29039928,0.26333588,0.21087188,0.15449268,0.32964137,0.29025832,0.25087526,0.2549599,0.25904456,0.26264188,0.20479538,0.14694887,0.08910237,0.03125587,0.041112673,-0.010432829,-0.03281273,-0.03613643
22511100040125,0.16690688,0.19394028,0.22097369,0.24800707,0.17615588,0.21392888,0.23312704,0.2523252,0.2715234,0.0074074795,0.09862418,0.5081253,0.91762644,1.3271276,1.7366287,2.1461298,2.555631,2.0283835,1.4956827,1.2838788,1.0720748,0.8602709,0.648467,0.49955738,0.45010108,0.40064478,0.33425987,0.267875,0.20149007,0.27811697,0.23525658,0.14218348,0.19484398,0.20984223,0.22484048,0.25929928,0.2937581,0.2902141,0.2854387,0.21415085,0.142863,0.07157518,0.06515828,-0.046423722,-0.07025362,0.06170048
22511100040135,0.17969018,0.1828729,0.18605565,0.18923837,0.23646778,0.22415988,0.24336702,0.26257414,0.2817813,0.010733976,0.10062528,0.49978322,0.89894116,1.298099,1.697257,2.096415,2.4955728,2.010471,1.730385,1.4502988,1.1702127,0.8901266,0.6100405,0.46304896,0.38418484,0.30532068,0.25815344,0.21098621,0.16381897,0.22662878,0.17024978,0.24044088,0.19443958,0.20149992,0.20856027,0.23625933,0.26395836,0.20538718,0.25325498,0.17549092,0.097726844,0.019962776,-0.025242524,-0.026022624,-0.012808724,0.032278575
22511100040145,0.18895097,0.22367272,0.25839448,0.23138207,0.23826207,0.19159557,0.24390604,0.29621652,0.34852698,0.049552575,0.123356275,0.532884,0.9424117,1.3519394,1.7614672,2.170995,2.5805228,2.0600157,1.7793199,1.4986242,1.2179285,0.9372328,0.65653706,0.42259657,0.4068502,0.39110377,0.34420067,0.29729757,0.25039446,0.2796285,0.28808048,0.27465278,0.29511747,0.30541062,0.31570378,0.28518426,0.25466478,0.29058427,0.29553327,0.21289161,0.13024995,0.047608275,0.0054339743,0.102886476,-0.027695626,0.113742575
22511100040155,0.23154205,0.26301324,0.29448444,0.19160494,0.26049024,0.18967184,0.21400635,0.23834085,0.26267534,0.080453545,0.12514214,0.5368459,0.9485497,1.3602535,1.7719573,2.183661,2.5953648,2.100639,1.8123916,1.5241442,1.2358968,0.94764936,0.65940195,0.49488103,0.44558465,0.39628825,0.35436442,0.31244057,0.27051675,0.21790165,0.21459645,0.23914504,0.19688925,0.25138035,0.30587146,0.32799664,0.35012186,0.28892696,0.27852315,0.19798072,0.11743828,0.03689585,0.004248548,0.044516448,-0.036863353,0.04934105
22511100040165,0.22831778,0.25206417,0.27581057,0.29555577,0.27153397,0.25711697,0.27305692,0.28899685,0.30493677,0.09916468,0.21138367,0.6221058,1.0328279,1.44355,1.8542721,2.2649941,2.6757162,2.1594877,1.8605914,1.5616951,1.2627988,0.9639025,0.66500616,0.54194266,0.47523272,0.40852278,0.34339237,0.278262,0.21313158,0.20776388,0.23814608,0.18268457,0.28588676,0.27197102,0.25805527,0.27937737,0.30069947,0.2901306,0.25576517,0.18854134,0.12131751,0.054093678,-0.054411322,0.059397176,0.023595678,0.11222218
22511100040175,0.13603523,0.20763528,0.27923533,0.23450963,0.30834123,0.24507183,0.27321193,0.30135202,0.32949212,0.14138693,0.16536114,0.608297,1.0512329,1.4941688,1.9371047,2.3800406,2.8229764,2.275389,1.9520583,1.6287278,1.3053972,0.98206663,0.65873605,0.58969766,0.49548593,0.40127423,0.34031636,0.2793585,0.21840063,0.27197102,0.25979802,0.25384092,0.25079024,0.25519913,0.25960803,0.27655688,0.29350573,0.30828342,0.24837764,0.19006346,0.1317493,0.073435135,0.08385358,0.09427203,0.07041823,0.12255463
22511100040185,0.13165186,0.18059567,0.22953945,0.22468255,0.30446535,0.24372526,0.26044485,0.27716446,0.29388407,0.06957996,0.10676346,0.4083488,0.7099342,1.0115194,1.3131049,1.6146902,1.9162755,2.217861,1.8916414,1.5654219,1.2392024,0.91298294,0.58676344,0.54914826,0.49253306,0.43591785,0.3516884,0.267459,0.18322957,0.25386727,0.21052936,0.15435407,0.22616056,0.27624246,0.32632437,0.30491987,0.28351536,0.24196085,0.25486836,0.17920522,0.10354209,0.02787896,0.02449086,-0.05571644,-0.04423094,0.07206616
22511100040195,0.1376261,0.18533659,0.2330471,0.2231202,0.2433518,0.15915279,0.1894639,0.21977499,0.2500861,0.068518996,0.1195825,0.14672926,0.17387602,0.20102277,0.22816955,0.25531632,0.28246307,0.30960983,0.3367566,0.36390334,0.3910501,0.4181969,0.44534364,0.4724904,0.4505787,0.428667,0.33900186,0.24933673,0.15967159,0.196188,0.1966849,0.18314539,0.18127699,0.2027054,0.22413379,0.23722005,0.2503063,0.24779409,0.22330019,0.14698143,0.07066266,-0.0056561045,0.025635496,0.028924095,-0.043278303,0.042725496
22511100040205,0.17485896,0.1948375,0.21481605,0.20731986,0.19350985,0.20827705,0.24738581,0.28649458,0.32560334,0.13975295,0.16509596,0.19279875,0.22050154,0.24820432,0.27590713,0.3036099,0.33131272,0.3590155,0.3867183,0.41442108,0.44212386,0.46982667,0.49752945,0.52523226,0.44244334,0.35965446,0.2983758,0.23709711,0.17581844,0.17207995,0.17095265,0.12746476,0.18777305,0.20109805,0.21442305,0.19385464,0.17328624,0.22557625,0.18658695,0.13379385,0.08100075,0.02820765,-0.08172845,0.027434751,-0.07875455,0.045557052
22511100040215,0.23669611,0.23669611,0.23669611,0.1748327,0.2181406,0.20894411,0.20343451,0.19792491,0.19241531,0.106059805,0.14252341,0.17455602,0.20658863,0.23862123,0.27065384,0.30268645,0.33471906,0.36675167,0.39878428,0.4308169,0.46284947,0.49488208,0.5269147,0.5589473,0.46236727,0.3657872,0.31642014,0.26705307,0.21768601,0.1180751,0.08612101,0.1459002,0.18654841,0.2170365,0.2475246,0.218813,0.1901014,0.2113512,0.20689781,0.15811095,0.109324075,0.060537204,0.007536056,-0.045465093,-0.029655794,0.0844399
22511100040225,0.26649988,0.26649988,0.26649988,0.24790838,0.2579687,0.15800688,0.15263578,0.14726469,0.14189358,0.049948983,0.17644398,0.18348087,0.19051775,0.19755465,0.20459153,0.21162842,0.2186653,0.2257022,0.23273908,0.23977596,0.24681285,0.25384974,0.2608866,0.2679235,0.2749604,0.2819973,0.27078205,0.2595668,0.24835159,0.28780967,0.23406668,0.21980469,0.2589177,0.23561443,0.21231118,0.22819853,0.24408588,0.16514789,0.107775085,0.08426472,0.06075435,0.037243985,0.031589184,0.025934383,-0.095265016,0.027977983
22511100040235,0.2727939,0.2727939,0.2727939,0.2727939,0.2727939,0.2635858,0.25437772,0.24516965,0.23596159,0.14859828,0.21425168,0.21192358,0.2095955,0.20726742,0.20493932,0.20261124,0.20028314,0.19795506,0.19562697,0.19329888,0.1909708,0.1886427,0.18631461,0.18398653,0.18165843,0.17933035,0.17700225,0.17467417,0.17234609,0.24391992,0.3154938,0.10545258,0.29592478,0.2805071,0.2650894,0.24883229,0.23257518,0.21631809,0.20006098,0.14734894,0.09463692,0.04192488,0.020426631,-0.0010716198,0.0022427803,-0.02237442
22511100040245,0.26966223,0.26966223,0.26966223,0.26966223,0.26966223,0.2544624,0.23926258,0.22406276,0.20886293,0.19366312,0.14539851,0.18726963,0.22914074,0.27101186,0.312883,0.3547541,0.39662522,0.43849632,0.48036745,0.52223855,0.5641097,0.6059808,0.6478519,0.689723,0.63055515,0.5713873,0.5122194,0.45305157,0.3938837,0.33471584,0.27554798,0.21638012,0.21558371,0.22926162,0.24293952,0.17922142,0.11550332,0.26789662,0.23864801,0.17892422,0.119200416,0.059476618,0.035945866,0.012415118,-0.041448582,0.039858717
22511100040255,0.22523992,0.22523992,0.22523992,0.22523992,0.2853822,0.24854746,0.21171272,0.17487797,0.13804322,0.16738172,1.1393623,2.111343,1.9851496,1.8589563,1.732763,1.6065698,1.4803765,1.3541832,1.2279899,1.1017966,0.9756033,0.84941,0.7232167,0.5970234,0.53341645,0.46980947,0.40620252,0.34259555,0.2789886,0.21538162,0.20937797,0.20337433,0.43654922,0.32007042,0.20359161,0.18431202,0.16503242,0.21608622,0.27456123,0.19031923,0.10607722,0.021835221,0.02775087,0.03366652,-0.03945528,0.06253792
22511100040265,0.28178006,0.28178006,0.28178006,0.28178006,0.28975096,0.26362357,0.2826894,0.30175522,0.32082105,0.13772886,0.22561616,2.0825489,1.9608094,1.8390698,1.7173305,1.5955911,1.4738516,1.3521122,1.2303727,1.1086333,0.98689383,0.86515445,0.743415,0.62167555,0.5377226,0.4537696,0.36981663,0.28586364,0.20191066,0.20473786,0.29411685,0.25047496,0.26736864,0.27952817,0.29168767,0.30576935,0.31985107,0.26991686,0.19823806,0.15451139,0.110784724,0.06705806,-0.07126974,0.03802116,0.0015210572,0.10001746
22511100040275,0.26643422,0.26643422,0.26643422,0.26643422,0.29642144,0.30105633,0.3194824,0.33790845,0.35633454,0.18580963,0.18932863,2.1501412,2.0310335,1.9119258,1.7928181,1.6737103,1.5546026,1.435495,1.3163873,1.1972796,1.0781718,0.9590641,0.8399564,0.6456589,0.5687066,0.49175423,0.4148019,0.33784956,0.26089722,0.19362073,0.20886643,0.21974303,0.27557603,0.25202328,0.22847052,0.26507962,0.30168873,0.29771954,0.22682662,0.1752753,0.12372396,0.07217263,-0.13714947,0.041994225,0.030061027,0.18073583
22511100040285,0.29921564,0.29921564,0.29921564,0.26905864,0.26063824,0.27956584,0.2959285,0.31229118,0.32865384,0.17657675,0.18116754,2.2743795,2.1406202,2.0068612,1.873102,1.7393427,1.6055834,1.4718243,1.338065,1.2043058,1.0705466,0.93678737,0.80302817,0.611456,0.5326981,0.45394018,0.3751823,0.29642442,0.21766655,0.28044924,0.18119515,0.24104474,0.16706754,0.24064125,0.31421494,0.2666358,0.21905665,0.23661615,0.21990415,0.16646878,0.113033414,0.059598047,0.050361898,0.04112575,0.006236049,0.08842005
22511100040295,0.26973018,0.26973018,0.26973018,0.30845767,0.256724,0.25876948,0.27979055,0.30081162,0.3218327,0.12610608,0.20203689,2.292993,2.1594462,2.0258992,1.8923522,1.7588053,1.6252583,1.4917114,1.3581644,1.2246174,1.0910704,0.95752347,0.82397646,0.60779417,0.5325557,0.45731726,0.3820788,0.30684033,0.23160188,0.27908897,0.21026579,0.19527578,0.2613552,0.26257768,0.26380017,0.27886248,0.29392478,0.23968938,0.21504688,0.16122325,0.10739962,0.053575985,0.051153686,0.048731387,0.047085784,0.12298758
22511100040305,0.33462775,0.33462775,0.33462775,0.27840915,0.26511064,0.21719195,0.265362,0.31353202,0.36170205,0.12094605,0.13544075,2.3152585,2.4774995,2.6397407,2.801982,2.964223,3.1264641,2.7431977,2.3599312,1.9766648,1.5933983,1.210132,0.82686555,0.6440185,0.58044213,0.51686585,0.41374752,0.3106292,0.20751084,0.27896714,0.30006954,0.20640205,0.19958645,0.2277154,0.25584435,0.26901343,0.28218254,0.21011505,0.26177296,0.20634174,0.15091054,0.09547935,0.0660496,0.036619846,-0.012755953,0.043836746
22511100040315,0.30417222,0.30417222,0.30417222,0.2732262,0.30388722,0.2565444,0.28111485,0.30568528,0.33025572,0.1476694,0.15314311,2.3551211,2.5331283,2.7111354,2.8891425,3.0671496,3.2451565,2.7341921,2.2129302,1.6916685,1.4185379,1.1454072,0.8722765,0.69916934,0.6038742,0.50857913,0.41232783,0.31607652,0.21982521,0.24256891,0.21490732,0.21388552,0.2273796,0.24243242,0.2574852,0.2601312,0.2627772,0.2525602,0.2736563,0.19594795,0.11823958,0.04053121,0.030896412,0.021261612,0.005658012,0.074702814
22511100040325,0.38582116,0.38582116,0.38582116,0.30624086,0.32426295,0.29135117,0.31666613,0.34198108,0.36729607,0.15516376,0.19529305,2.4265358,2.59105,2.755564,2.9200778,3.0845919,3.2491057,2.7678783,2.2551408,1.7424031,1.4540168,1.1656305,0.8772442,0.68050057,0.5864145,0.49232846,0.42160398,0.35087952,0.28015506,0.19707486,0.24128115,0.26568866,0.26957527,0.28237236,0.29516947,0.26456395,0.23395845,0.27788797,0.23674285,0.17917305,0.12160326,0.064033456,0.05574416,0.04745486,-0.0017437409,0.122151956
22511100040335,0.31912163,0.31912163,0.31912163,0.26412144,0.28763103,0.27855036,0.30254626,0.3265422,0.35053813,0.20848215,0.20580405,2.5208158,2.6968293,2.8728426,3.0488558,3.224869,3.4008822,2.7636952,2.2748234,1.7859516,1.4879782,1.190005,0.89203155,0.6812893,0.5775945,0.47389963,0.39453873,0.31517786,0.23581694,0.21271785,0.24219844,0.19941685,0.22326425,0.2457829,0.26830155,0.27535978,0.28241804,0.23015104,0.22159794,0.18654378,0.15148962,0.116435446,0.08509389,0.053752344,-0.06528886,0.036117945
22511100040345,0.32027295,0.32027295,0.32027295,0.33522666,0.33695626,0.33095825,0.33124536,0.33153245,0.33181956,0.16495515,0.20870186,2.5952032,2.7402856,2.885368,3.0304503,3.1755328,3.3206153,2.773629,2.3039722,1.8343154,1.522942,1.2115685,0.90019494,0.7360976,0.6039391,0.47178066,0.3879574,0.30413413,0.22031087,0.27362767,0.21838826,0.23252666,0.25122395,0.23876926,0.22631456,0.24619396,0.26607335,0.14883696,0.19549316,0.15031523,0.105137296,0.05995936,0.06488136,0.06980336,-0.10732354,0.06195776
22511100040355,0.33471057,0.33471057,0.33471057,0.34271455,0.29859868,0.27398565,0.27740237,0.28081906,0.28423578,0.18780716,0.23245966,2.6394799,2.7847197,2.9299595,3.0751994,3.220439,3.3656788,2.8388162,2.3217373,1.8046584,1.4974322,1.190206,0.88297975,0.69765097,0.58929604,0.48094118,0.39403772,0.3071343,0.22023086,0.25904366,0.26811227,0.19931376,0.19060706,0.24894896,0.30729085,0.30164665,0.29600248,0.23245636,0.18987957,0.14213213,0.09438469,0.046637263,0.043420162,0.040203065,-0.10741704,0.090004265
22511100040365,0.34327105,0.34327105,0.34327105,0.30123925,0.33975226,0.24788064,0.28579572,0.32371077,0.36162585,0.21613064,0.16488855,2.5919857,2.735589,2.8791926,3.022796,3.1663995,3.3100028,2.8903756,2.3463619,1.8023481,1.518137,1.2339258,0.94971466,0.68004954,0.58628327,0.49251693,0.4232788,0.35404068,0.28480256,0.21807824,0.20241295,0.20830104,0.20512994,0.2446702,0.28421044,0.28566748,0.28712454,0.20471035,0.22889934,0.18204445,0.13518955,0.08833464,0.046290495,0.004246343,-0.055896256,0.099836245
22511100040375,0.28698292,0.28698292,0.28698292,0.34708712,0.27904552,0.3054622,0.30644077,0.30741936,0.30839792,0.15064992,0.21493532,2.582977,2.7320938,2.8812108,3.0303278,3.1794446,3.3285615,2.7993617,2.320331,1.8413004,1.5441288,1.2469571,0.9497854,0.68023884,0.5759076,0.4715763,0.37523782,0.2788993,0.18256082,0.2505559,0.20397052,0.18379152,0.22971901,0.25021237,0.27070573,0.2590672,0.24742872,0.21908142,0.22690831,0.16655605,0.10620378,0.045851514,0.036449466,0.027047414,-0.08747818,0.038307413
22511100040385,0.40112135,0.40112135,0.40112135,0.34892038,0.34336805,0.37271547,0.36634326,0.35997105,0.35359886,0.17442136,0.20759965,2.5596023,2.7237449,2.8878872,3.0520296,3.216172,3.3803144,2.8047523,2.3519266,1.8991008,1.593476,1.2878513,0.98222667,0.70877206,0.6155181,0.5222642,0.4357914,0.34931862,0.26284587,0.30033287,0.25100178,0.19114175,0.23475397,0.28091937,0.32708475,0.28936052,0.25163627,0.25978175,0.24693176,0.17084926,0.09476676,0.01868426,0.01734261,0.01600096,-0.010624939,0.05133266
22511100040395,0.35355243,0.35355243,0.35355243,0.31489903,0.28991902,0.34062293,0.3283091,0.31599525,0.30368143,0.17325483,0.24161983,2.5602672,2.7218816,2.8834958,3.0451102,3.2067244,3.3683388,2.8192825,2.3496976,1.8801126,1.5688117,1.2575107,0.9462096,0.71576434,0.6128897,0.51001513,0.44593,0.38184485,0.31775972,0.17787053,0.27092114,0.18203562,0.16820052,0.23386768,0.29953483,0.29479396,0.29005313,0.27558962,0.23336233,0.18189143,0.13042052,0.07894962,0.077878475,0.07680733,-0.004177074,0.122468226
22511100040405,0.36670503,0.36670503,0.36670503,0.3055587,0.2994464,0.334524,0.34164372,0.3487634,0.35588312,0.14261882,0.2614583,2.5456207,2.7231352,2.90065,3.0781648,3.2556796,3.4331942,2.8311033,2.3457942,1.8604853,1.5623825,1.2642796,0.9661768,0.7388541,0.6294472,0.52004033,0.46892217,0.417804,0.36668587,0.31556773,0.20073761,0.25245512,0.23798841,0.27325863,0.3085288,0.31194088,0.31535292,0.26861492,0.28926733,0.22281332,0.15635931,0.089905314,0.059977416,0.030049518,-0.046169084,0.13068841
22511100040415,0.32550767,0.32550767,0.32550767,0.27660087,0.30931297,0.31975186,0.34355417,0.36735648,0.39115876,0.15705657,0.20283327,2.4862454,2.67173,2.857215,3.0426998,3.2281845,3.4136693,2.8702095,2.3837893,1.8973694,1.586427,1.2754846,0.96454215,0.72877645,0.6353965,0.54201645,0.47849676,0.414977,0.3514573,0.28793758,0.20110556,0.23842017,0.22459596,0.24893962,0.27328327,0.24852917,0.22377507,0.2817512,0.24784857,0.18798494,0.1281213,0.068257675,0.06602952,0.06380137,0.02647187,0.07587087
22511100040425,0.32501426,0.32501426,0.32501426,0.31064036,0.32573986,0.30801457,0.33499655,0.36197856,0.38896057,0.19291186,0.22455215,2.489557,2.6523886,2.8152199,2.9780512,3.1408827,3.303714,2.815808,2.3419287,1.8680494,1.5802525,1.2924558,1.0046589,0.73549753,0.5942038,0.45291016,0.40424868,0.3555872,0.30692574,0.25826424,0.30396634,0.22580446,0.25205296,0.2441464,0.23623985,0.2535953,0.27095076,0.22556986,0.24857886,0.18047592,0.11237299,0.044270057,0.071109004,0.097947955,-0.049449842,0.13084646
22511100040435,0.3314305,0.3314305,0.3314305,0.31555492,0.3140312,0.3285441,0.32478046,0.32101685,0.3172532,0.1841477,0.2557485,2.4433346,2.6242235,2.8051124,2.986001,3.16689,3.3477788,2.7779684,2.3185816,1.8591948,1.5503577,1.2415208,0.9326837,0.6935445,0.57750493,0.4614653,0.40961924,0.3577732,0.30592716,0.2540811,0.2414639,0.1674899,0.2069315,0.23532516,0.2637188,0.28253755,0.30135632,0.2882348,0.2624645,0.20656784,0.15067117,0.0947745,0.08457945,0.074384406,-0.109618194,0.0713616
22511100040445,0.24128982,0.24128982,0.24128982,0.2815051,0.32235622,0.2894785,0.3001418,0.3108051,0.3214684,0.16781501,0.17846332,2.359107,2.5505447,2.7419822,2.93342,3.1248574,3.3162951,2.7368808,2.295053,1.8532254,1.5401758,1.2271264,0.9140769,0.7158503,0.59085834,0.46586642,0.41049463,0.35512283,0.299751,0.24437922,0.24648592,0.18639731,0.22098921,0.24063262,0.26027602,0.24189048,0.22350492,0.24670762,0.2696337,0.18468615,0.09973858,0.014791019,0.23501682,0.01636002,-0.04679998,0.06238602
22511100040455,0.22398894,0.22398894,0.22398894,0.30081102,0.29234663,0.30424482,0.31974617,0.3352475,0.35074884,0.17082334,0.24764173,2.4290788,2.601154,2.7732296,2.9453049,3.1173801,3.2894554,2.7876353,2.3414655,1.8952955,1.5771657,1.259036,0.9409062,0.77017105,0.6062357,0.44230032,0.40521976,0.36813918,0.3310586,0.29397804,0.23990843,0.18867283,0.22571912,0.25210324,0.27848732,0.29225492,0.30602252,0.28493473,0.30299473,0.22156093,0.14012714,0.05869333,0.16852354,0.10352843,-0.071857765,0.13663954
22511100040465,0.34407154,0.34407154,0.34407154,0.34407154,0.33546063,0.26277053,0.2880815,0.31339246,0.33870342,0.16730604,0.21916123,2.3603218,2.5575113,2.7547007,2.9518902,3.1490798,3.3462694,2.8541577,2.3829653,1.911773,1.6038677,1.2959623,0.988057,0.75058186,0.62360597,0.49663013,0.43166292,0.36669567,0.30172846,0.23676123,0.24216603,0.15444113,0.25849974,0.28303048,0.30756125,0.28839162,0.26922202,0.22622783,0.36132103,0.26588273,0.17044443,0.075006135,0.036597636,0.056922734,-0.036289565,0.089469634
22511100040475,0.30187136,0.30187136,0.30187136,0.30187136,0.34120277,0.33668277,0.34747258,0.35826236,0.36905217,0.23392816,0.18682626,2.3009303,2.5155463,2.7301621,2.9447782,3.159394,3.37401,2.841194,2.3200657,1.7989373,1.5281631,1.257389,0.98661464,0.74896336,0.6219486,0.49493387,0.43093017,0.36692646,0.30292276,0.23891906,0.25186026,0.22155027,0.27108896,0.26916915,0.26724938,0.27642977,0.28561017,0.24593526,0.28196487,0.20519674,0.1284286,0.051660467,0.040248066,0.06704266,-0.06930654,0.13033566
22511100040485,0.28525946,0.28525946,0.28525946,0.28525946,0.37991425,0.30631706,0.3250736,0.34383017,0.36258674,0.18783195,0.19272675,2.4174657,2.6317933,2.8461206,3.0604482,3.2747757,3.4891033,2.9068027,2.3827863,1.8587699,1.563084,1.2673981,0.9717122,0.71223396,0.59889257,0.48555115,0.43053854,0.37552595,0.32051334,0.26550075,0.26376614,0.20069955,0.21832135,0.25747764,0.29663396,0.3003804,0.30412686,0.27753505,0.27320895,0.21693999,0.16067101,0.10440204,0.14568485,0.055800445,0.017295746,0.119422644
22511100040495,0.31810316,0.31810316,0.31810316,0.31810316,0.35115606,0.33239737,0.33637565,0.34035397,0.34433225,0.23459186,0.19692406,2.4451106,2.6431997,2.8412888,3.0393777,3.2374668,3.4355557,2.818643,2.3516607,1.8846781,1.5709459,1.2572135,0.94348115,0.701899,0.5440637,0.38622835,0.3584902,0.33075207,0.30301392,0.27527577,0.28585777,0.26514515,0.25007057,0.28826982,0.32646906,0.30138606,0.27630305,0.26703596,0.28926966,0.2017273,0.11418493,0.026642563,0.086079165,0.06454236,0.012332063,0.09238526
22511100040505,0.31596106,0.31596106,0.31596106,0.31596106,0.31704235,0.26002294,0.28788945,0.31575596,0.34362245,0.19089815,0.16083924,2.386962,2.5954857,2.8040097,3.0125334,3.2210574,3.4295812,2.9260798,2.3955145,1.8649492,1.5618776,1.2588059,0.95573425,0.74972236,0.6126379,0.47555336,0.43158773,0.3876221,0.34365648,0.29969084,0.23837355,0.20025665,0.26363745,0.2490166,0.23439574,0.2858139,0.33723205,0.22701354,0.18305995,0.14600569,0.10895142,0.07189715,-0.10832315,0.04901995,-0.0067159506,0.12292375
22511100040515,0.3116259,0.3116259,0.3116259,0.3116259,0.2984517,0.4602795,0.43253088,0.40478224,0.3770336,0.1719544,0.2302603,2.505221,2.6980295,2.890838,3.0836463,3.276455,3.4692633,2.9116943,2.424936,1.9381777,1.5966421,1.2551066,0.913571,0.7375221,0.6400646,0.5426071,0.46735865,0.3921102,0.31686175,0.2416133,0.227106,0.1680919,0.2218775,0.2666706,0.3114637,0.2853781,0.2592925,0.2839379,0.22590098,0.16786405,0.10982712,0.0517902,-0.0081283,0.0616784,-0.0017107001,0.0759142
22511100040525,0.328231,0.328231,0.328231,0.328231,0.35828552,0.3845228,0.3880443,0.3915658,0.3950873,0.1854224,0.2437949,2.6480114,2.8414245,3.0348375,3.2282505,3.4216635,3.6150763,3.0249796,2.4418783,1.9860548,1.6466861,1.3073174,0.9679487,0.8034073,0.67746025,0.5515132,0.4824562,0.4133992,0.3443422,0.2752852,0.2468398,0.26581392,0.2247191,0.25560576,0.2864924,0.29703444,0.3075765,0.2827104,0.23152958,0.18034875,0.12916793,0.077987105,0.031000204,0.07579531,-0.0041208956,0.11164641
22511100040535,0.36091596,0.36091596,0.36091596,0.36091596,0.39566314,0.34803134,0.35411385,0.36019635,0.36627886,0.21378045,0.28811705,2.766958,3.1382623,3.5095665,3.880871,4.2521753,3.6519804,3.0524707,2.4430826,2.001451,1.6933813,1.3853116,1.0772419,0.824362,0.68246454,0.54056716,0.48040983,0.4202525,0.36009517,0.29993784,0.29939225,0.26164955,0.26920804,0.2650586,0.26090914,0.28871346,0.31651774,0.25917286,0.22207905,0.18498525,0.14789145,0.11079765,0.14265205,0.11014255,0.05399075,0.14556225
22511100040545,0.311334,0.311334,0.311334,0.311334,0.37551683,0.26490593,0.30426764,0.3436294,0.3829911,0.23545182,0.27226362,2.781351,3.1365814,3.4918118,3.847042,4.2022724,3.6448634,2.9874375,2.4671016,2.000345,1.6626,1.324855,0.98711,0.78481674,0.657641,0.5304653,0.47282794,0.41519058,0.35755318,0.29991582,0.2726317,0.2918457,0.23858301,0.24051923,0.24245542,0.24818292,0.25391042,0.24074042,0.19743985,0.15413927,0.1108387,0.06753812,0.105061516,0.051127117,0.013193118,0.18754391
22511100040555,0.29827178,0.29827178,0.29827178,0.29827178,0.35052916,0.36191386,0.3767477,0.39158154,0.40641537,0.22719747,0.25739446,2.8151007,3.1462188,3.477337,3.808455,4.139573,3.6216745,3.0565503,2.4953344,1.9806134,1.6856527,1.3906921,1.0957316,0.85590005,0.6916236,0.52734715,0.46899244,0.4106377,0.352283,0.29392827,0.18994656,0.26724797,0.22691487,0.22275826,0.21860167,0.26406628,0.30953085,0.23491226,0.19197175,0.14903122,0.106090695,0.06315017,0.09674967,0.07866397,-0.02460703,0.12834057
22511100040565,0.34684542,0.34684542,0.34684542,0.34684542,0.36662,0.4276204,0.41267875,0.3977371,0.3827954,0.2456892,0.2383396,2.8450012,3.1777618,3.5105224,3.8432832,4.176044,3.6392913,3.0385883,2.527498,1.9756074,1.6662937,1.3569801,1.0476665,0.77519363,0.6449357,0.5146779,0.46396014,0.4132424,0.36252466,0.31180692,0.27201,0.2095689,0.2351277,0.2514377,0.2677477,0.2849098,0.3020719,0.25624922,0.20411803,0.15198685,0.099855684,0.047724504,0.1125586,0.032577705,-0.036573395,0.13101621
22511100040575,0.35297891,0.35297891,0.35297891,0.35297891,0.36685333,0.45899922,0.40869132,0.35838342,0.30807552,0.22386113,0.24222982,2.8095365,3.1338916,3.4582467,3.7826018,4.106957,3.6049109,3.0355427,2.4782631,1.9653155,1.6439929,1.3226703,1.0013478,0.790421,0.6354748,0.48052853,0.4346412,0.38875386,0.34286654,0.29697922,0.20806262,0.15332752,0.21963422,0.25930947,0.29898474,0.28245378,0.2659228,0.25915033,0.20170303,0.14425573,0.08680842,0.029361123,0.08108942,0.034928724,-0.06451998,0.09988162
22511100040585,0.33302587,0.33302587,0.33302587,0.33302587,0.37780008,0.27457428,0.3210893,0.3676043,0.41411927,0.21954158,0.27831239,2.9306517,3.2528338,3.575016,3.8971984,4.2193804,3.7076576,3.1185198,2.535896,2.0156043,1.656101,1.2965978,0.9370947,0.7776236,0.6387533,0.499883,0.43817765,0.3764723,0.31476694,0.2530616,0.2629895,0.19482598,0.2620605,0.29090032,0.31974018,0.33015412,0.3405681,0.24742718,0.19708666,0.14674613,0.09640561,0.046065085,0.06647199,0.102668785,-0.033585716,0.15200889
22511100040595,0.38442585,0.36250797,0.34059012,0.31867224,0.39236724,0.30206195,0.34899154,0.39592114,0.44285074,0.20578744,0.25916743,3.0277805,3.3557138,3.6836472,4.0115805,4.339514,3.7810025,3.2253115,2.647271,2.0681798,1.7411826,1.4141852,1.0871878,0.76019037,0.6503004,0.54041046,0.48312294,0.42583543,0.36854795,0.31126043,0.30275595,0.12712245,0.23311374,0.2840092,0.33490464,0.34660643,0.35830826,0.31754535,0.26068407,0.2038228,0.14696154,0.07220394,0.012640341,0.12928884,0.04072124,0.09262014
22511100040605,0.26560968,0.30285096,0.3400922,0.3773335,0.3531594,0.3292037,0.3600762,0.39094868,0.42182118,0.18330239,0.29828778,3.2706335,3.52838,3.7861264,4.043873,4.301619,3.856704,3.265752,2.6059692,2.1038108,1.7833129,1.462815,1.1423173,0.8218195,0.67261523,0.523411,0.46748355,0.4115561,0.35562864,0.29970118,0.24881119,0.2135775,0.26735538,0.29716885,0.3269823,0.31744194,0.3079016,0.2624958,0.20839502,0.15429425,0.100193486,0.059865486,0.08970579,0.08928759,-0.026194613,0.124482885
22511100040615,0.28632465,0.3245431,0.3627615,0.40097994,0.33953676,0.34861103,0.35386398,0.3591169,0.36436984,0.22519284,0.30017436,3.1429176,3.4519129,3.7609081,4.0699034,4.378899,3.7832005,3.2306824,2.6430285,2.1579125,1.8375746,1.5172367,1.1968988,0.8765609,0.7183008,0.5600407,0.48372358,0.40740645,0.3310893,0.25477213,0.26526105,0.24345824,0.27755713,0.2837652,0.28997323,0.30369654,0.31741983,0.26116505,0.23009205,0.19901904,0.16794604,0.026965741,0.06590824,0.06143884,-0.07236896,0.12633124
22511100040625,0.4466095,0.4466095,0.4466095,0.36088657,0.3761502,0.2824514,0.2929144,0.3033774,0.3138404,0.20861939,0.2534099,2.9480379,3.3024123,3.6567864,4.011161,4.3655353,3.8034766,3.2305646,2.6604476,2.1799858,1.8528622,1.5257387,1.1986152,0.8714917,0.72184175,0.5721918,0.5030394,0.4338871,0.36473474,0.29558238,0.23890169,0.23737408,0.23537658,0.27189693,0.3084173,0.32177308,0.33512887,0.2690535,0.21586178,0.16267009,0.109478384,0.051772688,0.13169819,0.119167686,-0.020508911,0.12418209
22511100040635,0.05452909,0.2156473,0.3767655,0.4048541,0.42947277,0.38819018,0.389959,0.39172786,0.3934967,0.2158157,0.288903,2.9584,3.3065717,3.6547432,4.002915,4.3510866,3.7655847,3.2537234,2.635147,2.1764693,1.8433448,1.5102204,1.1770959,0.8439715,0.7215742,0.5991769,0.52419513,0.44921336,0.37423158,0.2935485,0.2458513,0.21097589,0.19526368,0.26558593,0.33590817,0.31459403,0.2932799,0.26512408,0.2237161,0.1823081,0.14090009,0.06621119,0.05908049,0.11045769,0.022210987,0.16150539
22511100040645,0.3661363,0.3565025,0.3468687,0.357764,0.3744517,0.3657864,0.37806275,0.39033914,0.4026155,0.23469931,0.2596321,2.9257307,3.2750394,3.624348,3.9736564,4.322965,3.827446,3.2008016,2.5750523,2.1705627,1.8557596,1.5409564,1.2261531,0.9113499,0.7500635,0.588777,0.4713162,0.3538554,0.2363946,0.2594917,0.2423941,0.2870069,0.2346833,0.2805938,0.3265043,0.30490935,0.2833144,0.2107046,0.17950684,0.14830907,0.1171113,0.019211002,0.0694118,0.0965847,-0.056310397,0.088732004
22511100040655,0.38481313,0.38408104,0.38334894,0.34522045,0.33202115,0.35246444,0.37199354,0.39152265,0.41105175,0.21910344,0.30683634,2.8894248,3.2462294,3.6030338,3.9598384,4.3166428,3.7679374,3.1795566,2.646244,2.1129317,1.801281,1.4896302,1.1779795,0.8663287,0.7155527,0.56477666,0.48218882,0.39960098,0.31701314,0.27175933,0.26940864,0.20866854,0.21463084,0.2418747,0.26911855,0.2849538,0.30078903,0.20920233,0.16355184,0.11790134,0.07225084,0.026600342,0.06431464,0.07664874,0.008451441,0.12019974
22511100040665,0.41904154,0.4027983,0.38655505,0.41857103,0.44936323,0.42094094,0.43137434,0.44180772,0.45224112,0.27565295,0.28812313,2.9580047,3.3062825,3.6545603,4.002838,4.3511157,3.7789588,3.2240343,2.6653812,2.15822,1.8391992,1.5201782,1.2011573,0.8821364,0.7427171,0.6032977,0.5016051,0.3999124,0.29821974,0.29521364,0.33092752,0.29187134,0.31975052,0.32700258,0.33425462,0.34867615,0.36309764,0.28583622,0.24084693,0.19585763,0.15086833,0.10587903,0.11062923,0.11885663,0.026670031,0.14454103
22511100040675,0.4060354,0.4060354,0.4060354,0.3937673,0.4513767,0.3835149,0.39455593,0.40559697,0.416638,0.3141468,0.2578301,2.9237432,3.278834,3.633925,3.9890158,4.3441067,3.7473373,3.1774058,2.675484,2.1071043,1.8078736,1.5086428,1.2094121,0.9101813,0.7699362,0.6296911,0.5171955,0.40469995,0.2922044,0.3162212,0.2635817,0.2723407,0.286097,0.3182951,0.3504932,0.34159815,0.3327031,0.2621068,0.21920258,0.17629835,0.13339412,0.0904899,0.123147696,0.1335446,0.014763999,0.1540533
22511100040685,0.42498723,0.42498723,0.42498723,0.37287715,0.43597853,0.42023432,0.43564534,0.45105633,0.46646735,0.27607673,0.31037354,2.9156394,3.277836,3.6400328,4.0022297,4.3644266,3.791987,3.1946821,2.6454737,2.1720977,1.8593078,1.546518,1.233728,0.92093825,0.7680944,0.61525065,0.5238126,0.4323745,0.34093642,0.34603423,0.29219684,0.28934965,0.28503183,0.30839935,0.33176684,0.31966233,0.30755782,0.27662244,0.23774274,0.18661517,0.1354876,0.08436003,0.08502394,0.12956974,0.045546237,0.12844254
22511100040695,0.4143958,0.4143958,0.4143958,0.388354,0.4147497,0.432975,0.4317572,0.4305394,0.4293216,0.3287065,0.306389,2.8915775,3.250427,3.6092768,3.9681265,4.3269763,3.831281,3.179097,2.683697,2.135838,1.8312852,1.5267324,1.2221797,0.9176268,0.7638448,0.6100628,0.50757384,0.40508494,0.302596,0.29948398,0.3039234,0.2734362,0.3305488,0.33971068,0.3488726,0.33778125,0.3266899,0.2844655,0.3006449,0.2507071,0.20076929,0.0674572,0.120172195,0.1027463,-0.014021603,0.13071309
22511100040705,0.40004343,0.40004343,0.40004343,0.37800562,0.4323908,0.38442633,0.3890223,0.39361826,0.39821422,0.27875832,0.31754372,2.8553045,3.2318215,3.6083384,3.9848552,4.361372,3.7826195,3.2188168,2.7222514,2.225686,1.900215,1.574744,1.2492731,0.923802,0.7676461,0.61149013,0.5121105,0.41273078,0.31335112,0.33908623,0.32368413,0.26206943,0.2935019,0.30803034,0.32255873,0.3324662,0.34237373,0.2841294,0.28647283,0.19721553,0.10795822,0.08518602,0.096648924,0.15254152,0.009171923,0.17415722
22511100040715,0.41550165,0.41550165,0.41550165,0.41125384,0.40937814,0.41026884,0.41481194,0.41935506,0.42389816,0.28814456,0.30687505,2.856998,3.2304606,3.6039233,3.9773858,4.3508487,3.808106,3.2639534,2.7312584,2.1985636,1.8801244,1.5616854,1.2432463,0.92480725,0.7657154,0.60662365,0.5217213,0.436819,0.35191664,0.32468256,0.28189704,0.26318976,0.29742825,0.31115636,0.32488444,0.3140655,0.30324656,0.28823665,0.24057984,0.1736362,0.10669255,0.07847055,0.10866885,0.12543274,-0.02517725,0.13430445
22511100040725,0.44112495,0.44112495,0.35768834,0.32472014,0.36175615,0.35970196,0.3602486,0.36079523,0.36134186,0.24968395,0.28849995,2.7723875,3.1585214,3.544655,3.930789,4.3169227,3.7861028,3.1854618,2.6752152,2.1649687,1.8171191,1.4692696,1.12142,0.8913069,0.73342335,0.5755398,0.4768375,0.37813511,0.27943274,0.33438256,0.21280965,0.21555315,0.28977644,0.2903343,0.29089215,0.29645416,0.30201614,0.23834296,0.21529385,0.1487768,0.08225975,0.04574935,0.07319395,0.09880635,-0.01754685,0.07284155
22511100040735,0.45892194,0.45892194,0.39528334,0.37766334,0.37348166,0.36806616,0.37166953,0.3752729,0.37887624,0.24235375,0.29878536,2.752653,3.142061,3.5314689,3.920877,4.310285,3.7743413,3.1780753,2.6609116,2.1437476,1.8057381,1.4677285,1.129719,0.89972377,0.730371,0.5610182,0.46904325,0.37706825,0.28509325,0.33123425,0.33893764,0.23267426,0.30950245,0.30171105,0.29391965,0.3103767,0.32683375,0.26479864,0.22762735,0.14039995,0.053172555,0.039145853,0.06821626,0.11844725,-0.022957647,0.10585045
22511100040745,0.38207895,0.38207895,0.32036287,0.36671457,0.40111107,0.36530757,0.36801124,0.3707149,0.37341857,0.23221555,0.28428775,2.7860188,3.1769202,3.5678215,3.9587228,4.349624,3.7525795,3.1723394,2.6471417,2.121944,1.7881303,1.4543167,1.1205033,0.8703489,0.7246721,0.57899535,0.47489104,0.3707867,0.26668236,0.27282506,0.27339455,0.23845086,0.24556595,0.26407576,0.28258556,0.27987522,0.27716485,0.26233676,0.22948796,0.15158576,0.07368356,0.035517655,0.046544455,0.060088158,-0.067850545,0.087879255
22511100040755,0.38965845,0.38965845,0.37111786,0.35162318,0.34673476,0.38239688,0.38577387,0.38915086,0.39252788,0.25214946,0.29011056,2.8152175,3.015884,3.2165504,3.417217,3.6178834,3.8185499,3.1988242,2.6622896,2.125755,1.8021692,1.4785832,1.1549971,0.91248965,0.7388006,0.5651116,0.45513013,0.3451487,0.23516726,0.29321918,0.29037845,0.23575796,0.24382167,0.2838576,0.32389358,0.32308882,0.32228407,0.26999366,0.21930227,0.13727231,0.055242363,0.053221866,0.072602265,0.06589907,-0.036776435,0.071856864
22511100040765,0.45823804,0.45823804,0.44571534,0.41276053,0.47796413,0.44162133,0.44853285,0.4554444,0.4623559,0.31025612,0.3219087,2.8560042,3.061536,3.267068,3.4725995,3.6781313,3.8836632,3.1754262,2.6164038,2.0573814,1.7636594,1.4699373,1.1762152,0.9575607,0.79042035,0.62328005,0.52131706,0.41935408,0.31739113,0.3296185,0.3092299,0.33711234,0.30657864,0.3088529,0.31112722,0.31895462,0.32678202,0.29122293,0.18263222,0.13523957,0.08784693,0.08717352,0.063064225,0.10818563,0.024861824,0.15112552
22511100040775,0.41634452,0.41634452,0.41634452,0.41810933,0.3805806,0.41654143,0.42402008,0.43149877,0.43897742,0.28975433,0.28457043,2.8747995,3.081467,3.2881346,3.494802,3.7014697,3.9081373,3.4493444,2.9905515,2.5317588,2.0729659,1.6141732,1.1553804,0.9447493,0.7763278,0.60790634,0.5080095,0.40811265,0.30821583,0.3355044,0.30320513,0.25097463,0.26667592,0.26872367,0.2707714,0.28350917,0.29624692,0.326261,0.27069026,0.21511951,0.15954877,0.103978015,0.11725772,0.08242242,-0.0036810818,0.12427412
22511100040785,0.40692782,0.40692782,0.40692782,0.37018624,0.38970962,0.38813323,0.39453125,0.4009293,0.40732732,0.29405513,0.33430332,2.9524674,3.137188,3.3219085,3.506629,3.6913495,3.87607,3.4325411,2.9890125,2.5454838,2.1019552,1.6584265,1.2148979,0.9589896,0.80797505,0.65696055,0.5286796,0.40039867,0.27211773,0.2670797,0.28521982,0.21373843,0.26031032,0.30765027,0.3549902,0.32804498,0.30109972,0.28681672,0.2390672,0.19131768,0.14356814,0.095818624,0.11741012,0.08486213,-0.056700375,0.15990123
22511100050015,0.42645302,0.42645302,0.42578292,0.38374314,0.42728874,0.39018783,0.38863307,0.3870783,0.38552353,0.26218423,0.28514042,2.8600206,3.058147,3.2562733,3.4543996,3.6525261,3.8506525,3.3982525,2.9458523,2.4934523,2.0410523,1.5886523,1.1362523,0.93280005,0.7666663,0.60053253,0.5016605,0.40278846,0.30391642,0.35138333,0.31508493,0.26748532,0.29647473,0.3287167,0.36095864,0.36382648,0.36669433,0.26315272,0.21471065,0.16626859,0.11782651,0.06938443,0.10355763,0.123385936,-0.0156102665,0.16515633
22511100050025,0.45198405,0.45198405,0.43084306,0.39538515,0.42644575,0.35825714,0.38588843,0.41351968,0.44115096,0.28701606,0.27881786,2.75467,2.98821,3.22175,3.45529,3.6888301,3.9223702,3.2745976,2.6990187,2.12344,1.800321,1.4772019,1.1540829,0.9068872,0.7506603,0.5944334,0.46800482,0.3415762,0.21514755,0.27446234,0.21815266,0.26450184,0.24281876,0.2647467,0.28667465,0.3175528,0.34843096,0.24052015,0.29766715,0.2015166,0.10536605,0.15229416,0.107940055,0.13626425,0.019765252,0.09255045
22511100050035,0.4511738,0.4511738,0.3625654,0.36160332,0.4126615,0.3941324,0.40706417,0.41999593,0.4329277,0.20634651,0.2777095,2.7644167,3.4975047,4.2305927,4.9636803,4.4006357,3.843806,3.2341385,2.7046018,2.175065,1.8321549,1.4892447,1.1463346,0.8669501,0.7197572,0.5725643,0.4711116,0.36965892,0.2682062,0.32292202,0.2738365,0.32171822,0.3239893,0.34006697,0.3561446,0.36471865,0.3732927,0.26333112,0.3014158,0.25907952,0.2167432,0.1811863,0.17429951,0.19043021,0.05391241,0.11485191
22511100050045,0.16323188,0.16323188,0.3532343,0.37010998,0.41025278,0.4028898,0.40878314,0.41467652,0.4205699,0.33448258,0.2517157,2.7268403,3.481804,4.236768,4.991731,4.4072123,3.8882616,3.2611604,2.730316,2.1994712,1.8349428,1.4704143,1.1058857,0.8754093,0.7216639,0.5679185,0.4570895,0.34626055,0.23543158,0.30371028,0.2745578,0.30556968,0.30052778,0.31228733,0.32404688,0.3365492,0.34905148,0.24918908,0.28996187,0.23422289,0.17848389,0.11224458,0.15630728,0.17801738,-0.0042204154,0.15237428
22511100050055,0.47122964,0.40707526,0.29993063,0.37262234,0.41380975,0.38399383,0.39515722,0.40632057,0.41748396,0.23130104,0.25492606,2.7063081,3.4505682,4.194828,4.939088,4.346576,3.8396688,3.2232575,2.707183,2.1911082,1.8572841,1.5234599,1.1896359,0.85955334,0.71068627,0.56181914,0.46642736,0.37103555,0.27564374,0.28991973,0.26691073,0.28278336,0.24125084,0.26988155,0.29851225,0.31403515,0.32955804,0.23900124,0.22415784,0.14993045,0.07570305,0.09647465,0.13876304,0.12900564,0.023931246,0.11735264
22511100050065,0.45091873,0.43979365,0.39470664,0.37777594,0.42299023,0.40603864,0.33466545,0.57181525,0.43120444,0.30268773,0.27696225,2.7169917,3.1374846,3.5579774,3.97847,4.398963,3.9188948,3.2443871,2.711304,2.1782207,1.8390229,1.499825,1.1606272,0.9285802,0.7549147,0.5812491,0.49157208,0.40189502,0.31221795,0.31648636,0.27841744,0.33029476,0.30926684,0.3388344,0.36840194,0.3653906,0.36237925,0.29955724,0.28838396,0.22796065,0.16753735,0.14545804,0.17760284,0.12879045,0.07364935,0.14583935
22511100050075,0.47891095,0.48255584,0.40782923,0.39968133,0.43159375,0.45587993,0.45541066,0.4549414,0.45447212,0.30368835,0.31495243,2.841726,3.065456,3.2891858,3.5129156,3.7366452,3.960375,3.3411674,2.7560048,2.2759695,1.9136102,1.5512509,1.1888918,0.95806575,0.79323065,0.62839556,0.5195833,0.41077107,0.30195883,0.33817434,0.30002213,0.25895533,0.31681114,0.32081154,0.32481194,0.3104632,0.29611444,0.30561113,0.23546524,0.16531934,0.09517344,0.062203538,0.11901484,0.13622184,-0.0013802607,0.21324864
22511100050085,0.46436065,0.50920486,0.31942487,0.39149237,0.40552646,0.38777268,0.4134352,0.43909773,0.46476027,0.30138886,0.31662107,2.8900883,3.293509,3.6969295,4.10035,4.503771,3.9409418,3.3477092,2.767979,2.2029042,1.865581,1.5282578,1.1909347,0.90434307,0.7565002,0.60865724,0.49538603,0.3821148,0.26884356,0.32633987,0.31002468,0.32178536,0.27736068,0.30611736,0.33487406,0.33042628,0.32597846,0.31439006,0.2377838,0.16117753,0.084571265,0.09254397,0.10105677,0.17534667,-0.003288334,0.18707927
22511100050095,0.3805281,0.4690539,0.5044608,0.3858348,0.37615842,0.3940961,0.40897116,0.42384624,0.4387213,0.30238822,0.2916901,2.8436987,3.5477123,4.2517257,4.9557395,4.4791493,3.955836,3.333917,2.7256353,2.3207211,1.9436626,1.5666041,1.1895456,0.9056382,0.75213426,0.5986303,0.49752042,0.3964105,0.2953006,0.3046934,0.31290412,0.33300552,0.253906,0.29707867,0.3402513,0.34628835,0.3523254,0.2843903,0.2897583,0.2291488,0.1685393,0.1783275,0.13687941,0.2077108,0.065767705,0.17689961
22511100050105,0.39280936,0.40407628,0.49900287,0.36676607,0.37799966,0.36443487,0.3741123,0.38378975,0.39346716,0.27342278,0.24013168,2.8731189,3.2816412,3.6901636,4.0986857,4.5072083,3.9942155,3.410745,2.7823458,2.3015788,1.9332951,1.5650114,1.1967276,0.94307834,0.7645234,0.5859684,0.46972403,0.3534797,0.23723537,0.33724597,0.31010786,0.35125807,0.28195068,0.31012356,0.33829647,0.34402457,0.34975266,0.23663837,0.17939937,0.18121608,0.18303277,0.13460498,0.15703116,0.14477707,0.03521147,0.13774967
22511100050115,0.47314543,0.4387752,0.39083722,0.3741512,0.3680517,0.3784942,0.46747223,0.5564502,0.39607242,0.2826766,0.25640732,2.83402,3.230554,3.6270883,4.0236225,4.420157,4.003037,3.3626971,2.8526394,2.2418306,1.8899616,1.5380926,1.1862236,0.91470224,0.7420359,0.5693696,0.46603015,0.3626907,0.25935122,0.30370012,0.2698169,0.30337963,0.2974877,0.33245322,0.3674187,0.3459362,0.3244537,0.2725358,0.2998451,0.2161968,0.13254851,0.10414171,0.1305177,0.14722471,0.034135614,0.1848856
22511100050125,0.50343925,0.37294775,0.22311234,0.36132774,0.35592744,0.36417064,0.3909011,0.4176315,0.44436195,0.25166845,0.22197735,2.8414283,3.06076,3.2800918,3.4994235,3.718755,3.9380867,3.4062457,2.8273396,2.2736514,1.9122211,1.5507909,1.1893606,0.9048154,0.74318445,0.5815535,0.47380158,0.36604962,0.25829765,0.28329715,0.28962654,0.25490886,0.25170666,0.27772814,0.30374965,0.3070983,0.31044695,0.28202274,0.25608015,0.19933465,0.14258915,0.11308005,0.14328414,0.14087135,0.041548047,0.12796055
22511100050135,0.44636774,0.45898354,0.4561185,0.45325345,0.45293707,0.44753125,0.45647418,0.46541712,0.47436005,0.32032827,0.32591584,2.9339423,3.355724,3.7775059,4.199288,4.6210694,4.0451784,3.4106266,2.873925,2.3637784,1.991012,1.6182456,1.2454793,0.9932995,0.8173773,0.6414552,0.52920544,0.41695568,0.30470595,0.36411846,0.33323514,0.33296505,0.28852075,0.32350686,0.35849294,0.3724392,0.38638544,0.29935855,0.26915017,0.20430025,0.13945036,0.13342145,0.16864595,0.18398745,0.14445275,0.20020625
22511100050145,0.40857401,0.39982122,0.40938127,0.41894132,0.43535912,0.4375868,0.4430321,0.44847736,0.4539226,0.3226695,0.3450159,2.9342752,3.365088,3.7959006,4.226713,4.657526,4.04608,3.431441,2.8630702,2.3347723,1.9685825,1.6023928,1.236203,0.9684606,0.79952174,0.6305829,0.5281399,0.42569685,0.3232538,0.3548529,0.34182572,0.3625429,0.31738,0.34063652,0.363893,0.38438258,0.40487212,0.294634,0.28940302,0.23614462,0.18288621,0.12855451,0.16805531,0.19905801,0.09966281,0.16884561
22511100050155,0.43761984,0.46253613,0.45025888,0.43798164,0.44167063,0.42726913,0.4353461,0.44342306,0.45150003,0.34703624,0.32362404,2.923367,3.66901,4.414653,5.1602955,4.6564474,4.061841,3.4589064,2.856986,2.3261592,1.9690375,1.611916,1.2547944,0.95160484,0.7847877,0.6179705,0.5120098,0.40604907,0.30008835,0.34493375,0.32006705,0.35324353,0.32172284,0.34124228,0.36076173,0.35909978,0.35743785,0.31966674,0.28224564,0.2331304,0.18401514,0.15098394,0.15187444,0.18402924,0.09784044,0.16043814
22511100050165,0.4004931,0.42625517,0.41808847,0.40992177,0.41258898,0.40143618,0.41409883,0.4267615,0.4394242,0.31282356,0.30756998,2.9246585,3.687736,4.450814,5.213891,4.650191,4.0758224,3.4547696,2.837427,2.307966,1.9460952,1.5842245,1.2223537,0.96955186,0.785301,0.6010502,0.4974366,0.39382303,0.29020947,0.31852037,0.31425956,0.29241228,0.29694977,0.3271295,0.35730928,0.34933257,0.34135586,0.26012138,0.2832001,0.22657977,0.16995947,0.18065017,0.19061527,0.16165307,0.07097327,0.13251938
22511100050175,0.41644016,0.41644016,0.25944835,0.40086144,0.42367375,0.42758346,0.43496886,0.44235426,0.44973963,0.32001984,0.29349226,2.982103,3.7307847,4.479466,5.2281475,4.6954865,4.0828686,3.4569468,2.866317,2.3434176,1.9779061,1.6123945,1.2468828,0.9639891,0.79297584,0.62196267,0.5124779,0.40299305,0.29350826,0.37228516,0.34260044,0.32439286,0.29736406,0.3199962,0.34262836,0.3584191,0.37420985,0.28927934,0.28617755,0.20147336,0.11676915,0.14323035,0.16163535,0.15000086,0.06831405,0.16654545
22511100050185,0.40713018,0.4471827,0.44265735,0.438132,0.4174505,0.43903968,0.8786047,0.47361138,0.4549577,0.3304652,0.2975655,3.0794806,3.77785,4.476219,5.174588,4.684659,4.115501,3.5017133,2.868443,2.3518507,1.9924387,1.6330267,1.2736148,0.9733308,0.80894786,0.64456487,0.5298674,0.4151699,0.30047238,0.35041758,0.326657,0.3140038,0.2988233,0.3364519,0.37408048,0.37715364,0.3802268,0.2919047,0.28809208,0.22404154,0.15999098,0.16502988,0.17601588,0.16772999,0.08511009,0.18463829
22511100050195,0.4917179,0.4719521,0.42164436,0.3713366,0.4210694,0.4076148,0.44945452,0.5725944,0.4475409,0.2956914,0.3016861,3.0349207,3.455014,3.8751073,4.2952003,4.715294,4.09051,3.4994588,2.8686936,2.3460882,1.9898597,1.6336312,1.2774028,0.9807244,0.8005354,0.6203464,0.50596094,0.3915755,0.27719,0.3344801,0.3090102,0.33945322,0.3108123,0.33017966,0.349547,0.35065407,0.3517611,0.2535074,0.2817196,0.20985596,0.13799231,0.1502158,0.17140351,0.15039791,0.08304891,0.15248261
22511100050205,0.54329455,0.51688904,0.31079495,0.41655865,0.43167946,0.43522954,0.50720084,0.57473963,0.43205586,0.34649923,0.32216504,3.0919454,3.5026157,3.913286,4.3239565,4.734627,4.133733,3.5091703,2.9268026,2.366345,2.0050437,1.6437428,1.2824417,0.99354184,0.816888,0.6402342,0.5369602,0.43368623,0.33041224,0.35248694,0.35820815,0.33779934,0.30906025,0.35430926,0.39955825,0.41090894,0.42225966,0.29007223,0.31443736,0.2441224,0.17380744,0.16706504,0.16335285,0.19175434,0.118220344,0.16932295
22511100050215,0.5836048,0.5836048,0.4195546,0.3924032,0.4092392,0.41595688,0.4897103,0.5241261,0.44941,0.3180695,0.3065374,2.9963,3.424933,3.8535662,4.282199,4.710832,4.114505,3.4954507,2.8917043,2.3474412,1.9850339,1.6226265,1.2602193,0.9815849,0.8043787,0.62717247,0.5176852,0.40819788,0.29871058,0.33640918,0.2952214,0.31511378,0.2923824,0.3178907,0.343399,0.3560027,0.3686064,0.2752826,0.28904808,0.23148438,0.17392069,0.13493289,0.1683891,0.16944319,0.09833279,0.1875836
22511100050225,0.5002505,0.5002505,0.4210769,0.4049627,0.3998666,0.415599,0.4926255,0.5035321,0.4388498,0.33879802,0.3181339,3.1221323,3.5239828,3.9258332,4.327684,4.7295346,4.151186,3.5228999,2.909106,2.3479178,1.9820821,1.6162465,1.2504108,0.9627414,0.78740895,0.6120765,0.5091586,0.4062407,0.3033228,0.345401,0.3192431,0.3436532,0.2682449,0.3016251,0.3350053,0.3556247,0.3762441,0.24472621,0.2695922,0.21436286,0.15913351,0.1373243,0.1617957,0.1915764,0.040528905,0.16291131
22511100050235,0.46077508,0.4770144,0.4251043,0.3884633,0.40100178,0.42657217,0.37855998,0.465091,0.44748238,0.33049747,0.3327086,3.186931,3.579812,3.9726932,4.3655744,4.7584553,4.174514,3.5122929,2.8806124,2.3392854,1.9732933,1.6073014,1.2413094,0.95107746,0.78325284,0.6154282,0.52069604,0.42596385,0.33123168,0.325122,0.3237264,0.3453573,0.31734118,0.33629918,0.35525718,0.36499605,0.37473488,0.2785732,0.29130808,0.18757133,0.08383459,0.14373268,0.16377638,0.19709389,0.08881019,0.17303479
22511100050245,0.43119055,0.46312845,0.43504396,0.40307945,0.40279374,0.39473844,0.40842155,0.46880245,0.41301325,0.30075544,0.28410324,3.1732075,3.900074,4.6269407,5.353807,4.746556,4.1333914,3.5245864,2.9057965,2.3527527,1.9773567,1.6019607,1.2265645,0.96121335,0.78119373,0.6011742,0.5045251,0.40787613,0.31122714,0.33250865,0.29521364,0.30182496,0.27492866,0.30007404,0.32521945,0.333248,0.34127656,0.28697294,0.26417074,0.1916738,0.11917685,0.05144005,0.12090345,0.15561394,0.053973947,0.17493355
22511100050255,0.47782093,0.44751683,0.40501443,0.37116703,0.43039614,0.39777413,0.37434414,0.44252825,0.41629454,0.31818315,0.29106992,3.262427,3.9825132,4.702599,5.422685,4.7788963,4.204381,3.5671868,2.9355996,2.3759086,2.004304,1.632699,1.2610942,0.95352775,0.7856386,0.61774945,0.50485593,0.39196238,0.27906883,0.33554804,0.30190265,0.30835745,0.27707323,0.30324084,0.32940844,0.34860018,0.36779195,0.28454605,0.25187165,0.17933719,0.10680274,0.06963764,0.11689854,0.16365284,0.05239154,0.12360944
22511100050265,0.4699319,0.4386063,0.41634828,0.39857557,0.3901398,0.4165612,0.38769618,0.4589918,0.413378,0.30032519,0.299799,3.284607,4.005658,4.726709,5.44776,4.802122,4.189749,3.5706217,2.9312835,2.3635843,1.991195,1.6188054,1.246416,0.960842,0.7782724,0.59570277,0.49658135,0.39745992,0.29833847,0.3451944,0.3281228,0.30278447,0.285713,0.31720653,0.34870008,0.36364505,0.37859,0.24673839,0.2692464,0.20601399,0.14278159,0.13859048,0.13439938,0.13514769,0.06808009,0.12718749
22511100050275,0.4165937,0.3865667,0.40694952,0.4002487,0.39664093,0.41093752,0.41978273,0.46534762,0.426178,0.3298687,0.2910796,3.2976472,4.0247827,4.7519183,5.4790535,4.8172793,4.2368965,3.5641062,2.942516,2.3676777,2.0035563,1.6394347,1.2753133,0.9339106,0.7723176,0.6107246,0.4977139,0.38470316,0.27169243,0.33314273,0.3081839,0.3241006,0.3077797,0.31899345,0.3302072,0.3388282,0.3474492,0.2538981,0.2697589,0.18636692,0.102974914,0.11823566,0.13349642,0.17741331,0.031054914,0.16194822
22511100050285,0.39638,0.3963206,0.4174827,0.40947342,0.41274032,0.42151812,0.4896461,0.502047,0.4471795,0.3515773,0.3334918,3.3455443,4.0684447,4.791345,5.5142455,4.863209,4.269943,3.6268663,2.970792,2.4064138,2.0435638,1.6807141,1.3178644,0.97512853,0.8002464,0.6253643,0.5266904,0.4280165,0.3293426,0.3261353,0.3019936,0.3497729,0.3088943,0.32750127,0.3461082,0.3432571,0.340406,0.3019939,0.2682812,0.22346605,0.1786509,0.16042271,0.14219451,0.13307211,0.052805506,0.16212541
22511100050295,0.47488573,0.42658633,0.40897083,0.38769412,0.39505032,0.39837623,0.45719364,0.48012632,0.44017702,0.33586463,0.31141832,3.3714995,4.0682235,4.764947,5.461671,4.8369102,4.2696896,3.6016462,2.9660943,2.4063828,2.024835,1.6432874,1.2617399,0.97849524,0.81786203,0.6572288,0.54629385,0.43535888,0.32442394,0.37772313,0.31926203,0.31912553,0.30771932,0.33195361,0.35618794,0.36006272,0.36393753,0.29526573,0.30920082,0.24531038,0.18141992,-0.04069687,0.16157722,0.20256093,0.10115083,0.15560053
22511100050305,0.4567999,0.42399,0.3795287,0.3992839,0.4058291,0.3977362,0.4356198,0.4609121,0.4251976,0.2601492,0.3106558,3.4201589,4.119808,4.8194575,5.519107,4.889152,4.254569,3.618049,2.9672577,2.3874886,2.0099552,1.6324215,1.2548879,0.9957116,0.80873615,0.6217607,0.5093159,0.3968711,0.2844263,0.3139002,0.3177326,0.3174828,0.25258648,0.2898976,0.3272087,0.335954,0.3446993,0.2823644,0.3076446,0.2379089,0.1681732,-0.1299084,0.132531,0.1739497,0.038827397,0.13923329
22511100050315,0.36389208,0.53061175,0.42466107,0.41273668,0.4053546,0.37994316,0.4200107,0.46536657,0.42449188,0.3396887,0.31656298,3.4570801,4.1525164,4.847953,5.5433893,4.912201,4.2729344,3.6282113,2.9928694,2.4408145,2.0453732,1.649932,1.2544907,0.9491436,0.76856846,0.5879934,0.48038772,0.37278205,0.2651764,0.33193287,0.30042437,0.29894766,0.2697428,0.30029792,0.33085307,0.33523318,0.3396133,0.23808888,0.2712454,0.19381993,0.116394475,0.13058057,0.14476667,0.13099517,-0.012590524,0.17165758
22511100050325,0.3120755,0.4081152,0.4085962,0.38638029,0.3941145,0.3950638,0.47516918,0.4785649,0.4472097,0.31469738,0.2851084,3.4822454,4.178309,4.874372,5.5704355,4.914508,4.3146205,3.6544771,2.9998353,2.4270883,2.0497005,1.6723126,1.2949249,0.9911856,0.8032087,0.6152318,0.5077228,0.4002138,0.2927048,0.3415828,0.3023152,0.2802644,0.2781936,0.32199323,0.3657929,0.35502455,0.3442562,0.2383416,0.278112,0.19449359,0.1108752,-0.022187304,0.1246589,0.1387704,-0.026714304,0.12859489
22511100050335,0.4929952,0.4955365,0.4142476,0.39768252,0.4162954,0.409087,0.4636847,0.4784505,0.4304968,0.24938461,0.2911003,3.5580654,4.2287087,4.899352,5.5699954,4.964533,4.337056,3.6535642,3.0196679,2.4183164,2.032034,1.6457517,1.2594694,0.9810137,0.7922916,0.6035695,0.49715507,0.39074063,0.2843262,0.31437442,0.2852223,0.3507838,0.2954893,0.32741046,0.3593316,0.35807496,0.35681832,0.2729082,0.28567252,0.197309,0.108945504,-0.012838195,0.11821531,0.14191641,-1.2951634e-06,0.111380205
22511100050345,0.33273605,0.48495916,0.44506586,0.41892555,0.44976604,0.43920365,0.49196705,0.51187325,0.46041775,0.31092876,0.35801196,3.5632846,4.2486567,4.9340286,5.619401,4.9814687,4.3658495,3.6907315,3.044996,2.4780593,2.080641,1.683223,1.285805,1.0062277,0.81606203,0.62589633,0.52566487,0.42543343,0.32520196,0.32436526,0.34556925,0.28334814,0.28489706,0.32877535,0.37265366,0.36056724,0.34848085,0.31140646,0.28356695,0.226801,0.17003505,0.11690875,0.15522374,0.14754786,0.03927755,0.16430835
22511100050355,0.49838036,0.49838036,0.45575687,0.39175507,0.43545046,0.4357859,0.4759864,0.48982108,0.4658,0.36723077,0.30181956,3.5535314,4.2367535,4.9199753,5.603197,4.9972534,4.359718,3.7006793,3.0423262,2.44581,2.050867,1.6559238,1.2609807,0.99144065,0.8109494,0.63045806,0.53049207,0.43052608,0.3305601,0.3467056,0.30902848,0.31378898,0.31829408,0.3387482,0.35920227,0.36564633,0.37209037,0.29898506,0.27345458,0.21308458,0.15271458,0.032815676,0.14392878,0.18263587,0.037674278,0.19275138
22511100050365,0.41394308,0.41394308,0.4458196,0.4198281,0.4656978,0.42332798,0.449235,0.4888897,0.45991328,0.3405253,0.3150997,3.613763,4.288571,4.963379,5.638187,5.0208774,4.372888,3.748429,3.055247,2.4367042,2.0638077,1.6909114,1.3180151,0.987751,0.8263626,0.6649743,0.55485046,0.44472662,0.3346028,0.36539078,0.2949284,0.3529313,0.31588387,0.3495561,0.3832283,0.38078734,0.37834638,0.2857667,0.3141516,0.22264569,0.13113979,0.11567999,0.20943668,0.20509449,0.07945799,0.1966731
22511100050375,0.47831103,0.47831103,0.47831103,0.4231257,0.40044963,0.3998413,0.4677666,0.5046746,0.4577934,0.27316472,0.35165003,3.7302313,4.356962,4.9836926,5.6104236,4.9713,4.3464594,3.7085981,3.0521677,2.486513,2.0867565,1.687,1.2872437,0.9957996,0.80928564,0.6227716,0.5323781,0.44198447,0.35159093,0.33573312,0.31961352,0.31787282,0.29099962,0.3291183,0.36723703,0.35518453,0.34313202,0.28285062,0.31595993,0.23600017,0.15604042,0.08047322,0.11791112,0.19065373,-0.027211178,0.15437742
22511100050385,0.31080115,0.40136674,0.47246665,0.41348004,0.42385054,0.39966875,0.45827675,0.50181675,0.47324893,0.31015125,0.31710994,3.731124,4.376944,5.022764,5.6685843,5.0344563,4.4311414,3.755051,3.1218963,2.5020945,2.1066988,1.7113031,1.3159075,0.99400485,0.8159618,0.6379188,0.5309723,0.42402586,0.31707945,0.33198935,0.33005074,0.28608853,0.30672595,0.31812888,0.32953185,0.3570507,0.38456956,0.27586445,0.32523945,0.23271514,0.14019084,0.12139874,0.12567434,0.21105294,0.051399242,0.19383764
22511100050395,0.36757013,0.37292635,0.42994615,0.40349004,0.47067454,0.40684465,0.44915923,0.47558585,0.47115615,0.32189655,0.29810965,3.7108805,4.3661776,5.0214744,5.676771,5.0618615,4.410946,3.74976,3.105605,2.5350811,2.1186054,1.7021296,1.2856538,0.99495226,0.86390626,0.6230959,0.5227002,0.42230442,0.32190865,0.33416685,0.31445724,0.30819723,0.29322633,0.33809808,0.38296986,0.38436538,0.38576093,0.27550933,0.28425714,0.19107324,0.09788934,0.04731804,0.12048474,0.14734264,0.015498942,0.18873905
22511100050405,0.3692489,0.48290628,0.4306618,0.4281124,0.435035,0.4284687,0.48633778,0.4831196,0.44396728,0.31132698,0.3128531,3.7541492,4.414799,5.0754495,5.7360997,5.087981,4.481396,3.78317,3.1206949,2.5102916,2.0342667,1.558242,1.2800506,0.9696406,0.7486477,0.6220579,0.4288736,0.10159309,0.29883018,0.3482573,0.3008824,0.3293861,0.2978553,0.3276712,0.35748708,0.35948023,0.36147338,0.2621758,0.3261723,0.22946824,0.13276419,0.124786,0.1642061,0.1889965,0.0934229,0.1716452
22511100050415,0.40563095,0.40563095,0.40563095,0.41847202,0.43685374,0.41665873,0.47542325,0.5014768,0.45756084,0.30680722,0.35043624,3.8031645,4.453966,5.104768,5.75557,5.1034727,4.462059,3.8098528,3.1414738,2.4836,2.0678568,1.6521136,1.2706437,1.0118482,0.7975164,0.6045308,0.49367604,0.41475594,0.30955413,0.33693543,0.28119734,0.29195824,0.27048364,0.31434533,0.35820702,0.3758207,0.39343435,0.33005652,0.32781893,0.23616868,0.14451844,0.06764093,0.14353973,0.18493403,0.05130223,0.16391973
22511100050425,0.4539665,0.4539665,0.4539665,0.4265064,0.43031058,0.4537383,0.48300698,0.51662487,0.5083222,0.3470122,0.3337566,3.8599741,4.5076256,5.1552773,5.802929,5.1538954,4.5440426,3.8361115,3.1687949,2.5395045,2.1024897,1.6654749,1.3572387,1.0209074,0.8200916,0.6722705,0.4860305,0.339254,0.3109813,0.3361187,0.3288252,0.32489648,0.30352008,0.34048793,0.3774558,0.37232843,0.3672011,0.3054466,0.3234464,0.21314783,0.10284929,0.019619891,0.1394437,0.1872111,0.091106795,0.16666329
22511100050435,0.43705565,0.43705565,0.43705565,0.43320644,0.47464305,0.43378004,0.5026931,0.5023468,0.44691426,0.31134713,0.31515494,3.8345478,4.4777102,5.1208725,5.764035,5.1459284,4.5351324,3.8310747,3.1595945,2.5362055,2.107262,1.6783179,1.3389492,1.0329269,0.8085011,0.68098944,0.48028505,0.43093115,0.31384405,0.35790205,0.31477314,0.33226535,0.29288873,0.33475593,0.37662315,0.37357333,0.37052354,0.30416924,0.29799634,0.20504884,0.11210134,0.06624334,0.13990775,0.17732224,0.059962142,0.20547354
22511100050445,0.53434026,0.53434026,0.38088128,0.38888517,0.40244716,0.42298216,0.42194217,0.43438557,0.47894186,0.29833066,0.28318447,3.9815834,4.584353,5.187123,5.7898927,5.1382003,4.535582,3.8391569,3.1279294,2.5209346,2.113888,1.7068413,1.288183,1.0049436,0.849445,0.63628536,0.48271325,0.37456048,0.25475568,0.31817415,0.28382015,0.27101606,0.30854475,0.3463405,0.38413626,0.36660936,0.34908247,0.29908407,0.26516816,0.20443377,0.14369936,0.16153537,0.036551766,0.16975607,0.006975966,0.19927816
22511100050455,0.61070675,0.61070675,0.61070675,0.55174214,0.5139293,0.5156056,0.42991954,0.6212996,0.5326541,0.44489664,0.54346645,4.2077174,4.77247,5.3372226,5.9019756,5.24546,4.760514,3.9361963,3.298245,3.0930412,2.3926375,1.6922337,1.5089961,1.1336217,0.8743646,0.7248103,0.47969082,0.44450203,0.38182974,0.43825263,0.35125953,0.36634022,0.42341423,0.42006403,0.41671383,0.4355304,0.45434693,0.39359984,0.34977564,0.27660003,0.20342442,0.16833963,0.15014014,0.28763413,0.23602763,0.25829443
22511100050465,0.6063181,0.6063181,0.6063181,0.5048443,0.4829511,0.4565676,0.55445117,0.5711559,0.5021099,0.3519345,0.41352698,4.040333,4.7170663,5.3937993,6.0705323,5.3947344,4.7113743,3.9924135,3.34245,2.7172093,2.1808476,1.644486,1.4193347,1.0997019,0.83196187,0.6737818,0.50964767,0.4118873,0.296155,0.3187006,0.2934594,0.2901626,0.259359,0.30847776,0.3575965,0.33233765,0.3070788,0.2509502,0.3018128,0.232229,0.16264519,0.14109169,0.0938712,0.1872515,-0.005229203,0.1682239
22511100050475,0.43334556,0.43334556,0.43334556,0.47903216,0.48116955,0.44421697,0.43668985,0.49738726,0.5375131,0.31934887,0.41814145,4.200263,4.826765,5.4532676,6.0797696,5.3835087,4.60544,4.0113583,3.2848873,2.6809556,2.245236,1.8095162,1.4600105,1.1103332,0.92381734,0.66032636,0.51952505,0.42611796,0.34444228,0.36307648,0.26074275,0.28557107,0.27603787,0.2938153,0.31159276,0.32339156,0.33519036,0.28444186,0.28906545,0.19311596,0.097166464,0.092226766,0.048658364,0.19405676,0.052341465,0.15265886
22511100050485,0.25672278,0.25672278,0.25672278,0.46484816,0.48863477,0.48595178,0.46156558,0.5088751,0.5297966,0.36219278,0.34977567,4.3981004,4.9481254,5.4981503,6.0481753,5.3585696,4.566353,4.006945,3.304554,2.68342,2.2538135,1.8242071,1.4170868,1.0704678,0.8721579,0.7028888,0.6178644,0.44394687,0.33172756,0.39771786,0.36022398,0.3046097,0.28319967,0.33342332,0.38364697,0.36612192,0.34859687,0.31408358,0.25341058,0.19086057,0.12831058,0.12507138,0.049428776,0.20189358,0.10724188,0.23078358
22511100050495,0.5190825,0.5190825,0.5190825,0.5190825,0.48857158,0.4720127,0.4379735,0.5143316,0.5086802,0.3673419,0.3680675,1.8125376,3.2570076,4.7014775,6.145948,5.5133543,4.778455,4.08132,3.3564255,2.7052052,2.2220788,1.7389525,1.393373,1.1208714,0.9091649,0.6892448,0.628995,0.7893896,0.3541041,0.427512,0.47768378,0.559869,0.2739347,0.32231924,0.3707038,0.4167034,0.462703,0.4279924,0.3399497,0.2253457,0.1107417,0.1316151,0.2289498,0.3262845,0.1335434,0.3553956
22511100050505,0.43030778,0.43030778,0.43030778,0.43030778,0.4523629,0.44743428,0.30695188,0.5420366,0.50890136,0.36577308,0.38057107,1.8322821,3.2839932,4.735704,6.187415,5.575641,4.746133,4.101074,3.4117165,2.7673004,2.2826095,1.7979188,1.4022921,1.1073203,0.8906396,0.6338813,0.5412851,0.46956307,0.32754058,0.3460126,0.3138179,0.32551077,0.3028215,0.31790227,0.33298308,0.3600194,0.3870557,0.30870968,0.30638608,0.24100493,0.17562377,0.100378685,0.13535088,0.17032309,-0.0034392185,0.18970469
22511100050515,0.47609088,0.47609088,0.47609088,0.47609088,0.5032822,0.46229059,0.7830691,0.5336833,0.52334595,0.39336747,0.36415488,1.8229545,3.281754,4.740554,6.199353,5.594344,4.853391,4.174542,3.385024,2.7177234,2.261582,1.8054404,1.4043716,1.0623505,0.89175016,0.7440781,0.554496,0.39525497,0.29332978,0.35578147,0.3062192,0.29980907,0.25489607,0.3049068,0.35491747,0.3560151,0.35711268,0.337418,0.27942258,0.19372898,0.10803538,0.07479797,0.12756142,0.18032488,0.021292076,0.15913087
22511100050525,0.4588547,0.4588547,0.4588547,0.4588547,0.51651675,0.4312885,0.5023075,0.5733264,0.48864242,0.37252823,0.35675862,1.809512,3.2622654,4.7150187,6.1677723,5.5552,5.0061874,4.111411,3.408546,2.735707,2.3302326,1.924758,1.4981447,1.1088898,0.91477615,0.7035319,0.47003263,0.3647921,0.26932472,0.37375373,0.30620843,0.29880783,0.28303993,0.32454282,0.3660457,0.34450322,0.3229607,0.3119215,0.2596346,0.20765272,0.15567082,0.10784532,0.13538042,0.16291551,-0.030860081,0.18208012
22511100050535,0.43659738,0.43659738,0.43659738,0.43659738,0.52556115,0.50483894,0.44780308,0.39076716,0.49521667,0.37530217,0.13599607,1.6424594,3.148923,4.655386,6.1618495,5.607718,4.8888445,4.169971,3.3374774,2.6963148,2.219427,1.7425395,1.3399903,1.1596223,0.95148987,0.66711926,0.55078727,0.31040227,0.32866037,0.36656046,0.24485476,0.015065769,0.33879346,0.33485287,0.33091226,0.32400158,0.31709087,0.26138267,0.17728087,0.14097394,0.104667,0.06836007,0.07292567,0.07749127,0.05384297,0.18285696
22511100050545,0.4291633,0.4291633,0.4291633,0.4291633,0.4870443,0.4661197,0.6997625,0.5375436,0.4823656,0.33472672,0.2615964,1.7548537,3.248111,4.7413683,6.234626,5.57202,4.8477945,4.1235695,3.3761325,2.729236,2.2279007,1.7265658,1.4278926,1.1132199,0.8407701,0.6232867,0.50493723,0.5278628,0.2965038,0.2914515,0.22091481,0.22268271,0.184207,0.26203752,0.339868,0.30756736,0.2752667,0.3060187,0.40758252,0.2477993,0.08801611,0.08403831,0.03576991,0.2618114,0.050509106,0.1648879
22511100050555,0.33711523,0.33711523,0.33711523,0.33711523,0.6639387,0.63364244,0.6665817,0.699521,0.5413588,0.432437,1.5935378,2.7546387,3.9157395,5.0768404,6.2379413,5.661716,4.9362187,4.210722,3.4840999,2.9682887,2.3916306,1.8149729,1.5251187,1.1552849,0.9350385,0.7712693,0.56625384,0.46149206,0.3567303,0.40365872,0.3279496,0.33495155,0.34195352,0.31068522,0.27941692,0.33741337,0.39540982,0.34320652,0.24386832,0.23911822,0.23436812,0.22961801,-0.042835284,0.379482,-0.0065628854,0.2713983
22511100050565,0.518829,0.518829,0.518829,0.518829,0.5003212,0.48500958,0.52815425,0.5712989,0.5114535,0.4491252,0.4802514,1.9253738,3.3704963,4.8156185,6.2607408,5.67737,4.9513006,4.225231,3.457649,2.6969147,2.2230203,1.749126,1.4100004,1.1120327,0.898435,0.7945199,0.5700246,0.34785518,0.4104823,0.394272,0.2768643,0.4573199,0.34590498,0.39148554,0.43706608,0.40164563,0.36622518,0.39413127,0.2909985,0.14622618,0.0014538877,-0.016744612,0.06999734,0.1567393,0.08767459,0.16244219
22511100050575,0.66052055,0.66052055,0.66052055,0.5543939,0.51764727,0.51443976,0.59116316,0.6678865,0.51412326,0.39948156,0.28426617,1.7855787,3.2868912,4.7882037,6.289516,5.5963397,4.8868594,4.177379,3.460469,2.7720246,2.2907615,1.8094982,1.4833441,1.2341856,0.9316805,0.80565727,0.60851437,0.49861118,0.33418667,0.37121087,0.30392817,0.30147007,0.350424,0.39493042,0.43943688,0.41242194,0.38540697,0.34360567,0.5279133,0.25871763,-0.010478021,0.18174008,0.18265568,0.18061538,0.03168898,0.22591168
22511100050585,0.5802571,0.5802571,0.5802571,0.470292,0.5412169,0.5792098,0.5047497,0.6340372,0.5667832,0.3741365,0.5467136,1.967752,3.3887904,4.8098288,6.230867,5.554885,4.8519154,4.1489463,3.4112782,2.8219082,2.3420627,1.8622171,1.4914639,1.2234553,0.9941615,0.72605294,0.6979302,0.4157054,0.41892532,0.4015667,0.3915379,0.3083966,0.3424808,0.36961132,0.3967418,0.41439745,0.43205312,0.326518,0.2835764,0.24574742,0.2079184,0.21447282,0.10756021,0.2880909,0.04882521,0.24590172
22511100050595,0.50883853,0.50883853,0.50883853,0.43936592,0.43758753,0.5010473,0.59839344,0.76401234,0.5255926,0.45002732,0.39540523,4.9309754,5.3754215,5.8198676,6.264314,5.705348,4.934698,4.1640477,3.3341784,2.8940737,2.453969,2.013864,2.297709,1.2474741,0.9931734,0.6986892,1.0702316,0.7568777,0.43406492,0.36988762,0.29447153,0.40293324,0.33095682,0.3810582,0.43115953,0.42834988,0.42554024,0.30621752,0.27667513,0.22831258,0.17995003,0.02198203,0.05367423,0.11689313,0.008758228,0.12549894
22511100050605,0.76561517,0.8237649,0.5579916,0.53382665,0.54761505,0.53415966,0.5957698,0.5547493,0.516699,0.44825944,0.41814193,4.952121,5.373852,5.795583,6.2173142,5.6458497,4.9076443,4.169439,3.4458256,2.8894289,2.333032,1.776635,1.4204143,1.1775061,1.0876386,0.79838926,1.2216113,0.7631859,0.30476063,0.42748305,0.29798242,0.27979574,0.30742043,0.31244904,0.31747764,0.33088654,0.34429544,0.28495914,0.75973517,0.4409011,0.122067034,0.10847874,0.07542454,0.09161094,0.07374344,0.15723203
22511100050615,0.7012647,0.7012647,0.56682116,0.52658635,0.58046955,0.55838007,0.7646555,1.3453475,0.63955736,0.49170288,0.45375678,1.902774,3.3517911,4.8008084,6.2498255,5.622157,5.5462213,4.225466,3.5166795,3.008851,2.5010226,1.9931939,1.4853654,1.1948456,1.4187912,0.8664834,1.6229876,1.0000073,0.37702686,0.49021697,0.2591113,0.49948817,0.36508268,0.35025993,0.33543718,0.37785128,0.42026538,0.27305347,0.40574297,0.27073586,0.13572878,0.05632337,0.15265527,0.19346318,-0.04631103,0.29126507
22511100050625,0.7657632,0.7657632,0.7657632,0.69702405,0.72737914,0.69681245,1.0148962,1.0465722,0.70235944,0.62197965,0.56105244,2.005203,3.4493537,4.893504,6.337655,5.6566577,5.110889,4.2532625,3.475623,3.048942,2.647877,2.2468119,1.8457468,1.45536,1.065168,0.72506094,0.6886091,0.65215737,0.5036792,0.44138455,0.38275555,0.41290486,0.46070075,0.4506089,0.44051704,0.4468829,0.45324874,0.43791994,0.39554054,0.2942412,0.19294184,0.18821885,0.24660395,0.26247194,0.040858544,0.29317755
22511100050635,0.5496943,0.5496943,0.5496943,0.5178275,0.5193796,0.5309082,0.5432571,0.5925598,0.5472875,0.4246433,0.4050932,1.8811665,3.3572397,4.833313,6.3093863,5.679923,4.9511547,4.2252603,3.504972,2.812094,2.380015,1.9479359,1.515857,1.1734014,0.9333446,0.72496873,0.58685464,0.4790345,0.3183479,0.3615269,0.3234689,0.3286133,0.3260574,0.37125266,0.4164479,0.40863377,0.4008196,0.30038902,0.3685838,0.28907892,0.20957401,0.115092106,0.08726901,0.22467601,-0.100168295,0.1884965
22511100050645,0.5691784,0.5691784,0.5691784,0.65077275,0.5655818,0.61986965,0.62049675,0.62112385,0.63535833,0.49008772,0.4695236,1.9404092,3.4112947,4.88218,6.3530655,5.6919236,5.0108595,4.248555,3.5152018,2.830161,2.4324656,2.03477,1.6394416,1.2344588,1.0623739,0.77301604,0.61975265,0.46648923,0.38308764,0.4212517,0.3661774,0.3713124,0.29573932,0.33240607,0.36907282,0.36578357,0.36249432,0.34397432,0.29759634,0.22167668,0.14575702,0.16544563,0.11463382,0.25086662,0.046603624,0.27463832
22511100050655,0.5383416,0.5383416,0.5383416,0.52914584,0.5482938,0.5369155,0.5632102,0.58950496,0.56701773,0.47358716,0.46829274,1.933906,3.3995192,4.8651323,6.330745,5.669896,5.0122366,4.2685695,3.5178082,2.8694327,2.3762605,1.8830885,1.5639472,1.1580203,0.99599737,0.74946177,0.63313067,0.49803194,0.34037167,0.35332495,0.33746114,0.33223155,0.31630066,0.34931245,0.38232425,0.40429637,0.42626846,0.34141424,0.32078186,0.2842417,0.24770156,0.101066254,0.120103255,0.20651495,0.022005957,0.17052525
22511100050665,0.63385385,0.63385385,0.63385385,0.53133345,0.5658984,0.5326266,0.6158701,0.69911367,0.55917794,0.46469784,0.43971464,1.9130569,3.386399,4.859741,6.3330836,5.694705,5.006031,4.233542,3.4986548,2.8464158,2.414286,1.9821559,1.5500259,1.2233018,1.0022445,0.7718468,0.5272765,0.47971964,0.37643406,0.41365296,0.36721215,0.36675984,0.33640644,0.36284235,0.38927823,0.39430526,0.39933226,0.30091605,0.34547496,0.3264613,0.30744764,0.26182985,-0.0110383555,0.24578644,0.08689275,0.21622844
22511100050675,0.552238,0.552238,0.552238,0.57595605,0.58700496,0.6001735,0.43067247,0.60816514,0.59146637,0.49933466,0.46223146,1.9357296,3.4092278,4.882726,6.356224,5.7074447,4.971927,4.2545166,3.5245557,2.862555,2.4167914,1.9710279,1.5252643,1.224114,1.0118014,0.7640294,0.61906886,0.47410837,0.36881876,0.39448687,0.33741298,0.37647337,0.34599897,0.3666697,0.38734046,0.39642012,0.40549976,0.32774428,0.34922418,0.2931911,0.23715807,0.19886857,0.03281587,0.21395317,0.45447236,0.18882836
22511100050685,0.46489462,0.46489462,0.46489462,0.60018474,0.6049569,0.59093595,0.6194259,0.6279364,0.60310304,0.5096635,0.49870002,1.9640223,3.4293444,4.8946667,6.3599887,5.697903,4.914801,4.2578406,3.541621,2.8762848,2.4372723,1.9982597,1.559247,1.2490804,1.0117667,0.79616934,0.6340955,0.4720216,0.3871633,0.37527052,0.35368353,0.40623853,0.32466593,0.35854858,0.39243123,0.39832133,0.40421143,0.3118731,0.3186663,0.28560367,0.252541,0.21380413,0.11617092,0.22859553,0.20181462,0.19881111
22511100050695,0.58075064,0.58075064,0.58075064,0.61341685,0.62994957,0.60928774,0.630263,0.6450164,0.56342995,0.5492998,0.48730466,1.9590906,3.4308765,4.9026623,6.3744483,5.7314544,5.001747,4.285869,3.5262322,2.897229,2.4636772,2.0301251,1.5965732,1.2798115,1.0355649,0.81104255,0.6504271,0.48981166,0.36484307,0.39459854,0.36306125,0.37731916,0.35807624,0.38290045,0.40772465,0.4005591,0.39339355,0.32392555,0.31196827,0.2835606,0.25515297,0.21863155,0.13951945,0.22916146,0.17884135,0.19814456
22511100050705,0.6338857,0.6338857,0.6338857,0.697831,0.675948,0.6259047,0.665116,0.7683637,0.674991,0.5411106,0.5241305,1.9916102,3.4590898,4.9265695,6.394049,5.731121,4.983201,4.2713394,3.5412695,2.8979554,2.4577858,2.0176165,1.577447,1.2679466,1.048181,0.8154571,0.6630426,0.5106281,0.4219174,0.3950009,0.3889026,0.4162518,0.4046219,0.41322404,0.42182618,0.41597626,0.4101263,0.3617787,0.3783358,0.32773384,0.2771319,0.2885016,0.038064297,0.32445958,0.2269442,0.25931
22511100050715,0.6130603,0.6130603,0.6130603,0.62296796,0.66886157,0.62676287,0.36729416,0.70191455,0.6567538,0.53578496,0.54277945,5.2757335,7.1751914,6.7727866,6.370382,5.7110634,4.9135184,4.279452,3.522636,2.870326,2.4308176,1.9913094,1.5518012,1.2571412,1.0323768,0.79875755,0.643534,0.48831046,0.36502495,0.38203436,0.34817457,0.37700027,0.34844846,0.37272012,0.39699176,0.40259042,0.40818906,0.35198206,0.34388107,0.30727077,0.27066046,0.25995076,0.12856826,0.26559296,0.21791527,0.25823855
22511100050725,0.6217415,0.6217415,0.6217415,0.59188193,0.58045024,0.58690834,0.6318002,0.67669195,0.59521186,0.55953765,0.47134206,3.8008173,7.1302924,6.7511644,6.3720365,5.7262516,4.994362,4.262472,3.5410404,2.895242,2.4647536,2.0342653,1.603777,1.2616518,1.0409968,0.80729085,0.64012057,0.47295025,0.40037876,0.37616035,0.34331906,0.38325027,0.36831236,0.3793497,0.39038706,0.39099386,0.39160064,0.33808205,0.33960524,0.3052837,0.27096215,0.26507115,0.22171335,0.25355515,0.19501425,0.24947695
22511100050735,0.5935775,0.5935775,0.5935775,0.61918783,0.61319315,0.62143135,0.6351196,0.64880794,0.59373343,0.51919574,0.47476152,5.054118,7.2102475,7.0012174,6.4024506,5.7000875,4.9774313,4.2547746,3.5320141,2.883317,2.3917534,1.90019,1.6080021,1.2652594,1.063571,0.7948029,0.70305294,0.44395113,0.37862042,0.37512964,0.34538272,0.39231282,0.35245693,0.36468777,0.3769186,0.38166603,0.38641343,0.33256692,0.33900833,0.29020444,0.24140052,0.25097033,0.08710523,0.24517873,0.24361442,0.22730373
22511100050745,0.5902209,0.5902209,0.5902209,0.5868216,0.5953457,0.5813857,0.653194,0.6509995,0.5967368,0.4744299,0.4654603,5.175836,7.206052,6.9652424,6.4219694,5.732336,5.003822,4.275308,3.5580657,2.8852262,2.4252381,1.96525,1.6028237,1.2564894,1.015308,0.808585,0.6302758,0.4741399,0.3494973,0.3495676,0.3473203,0.3308483,0.3019749,0.33715466,0.3723344,0.37324715,0.3741599,0.3132802,0.29416642,0.21508536,0.1360043,0.1000763,0.008903301,0.1678737,0.0037190018,0.14968981
22511100050755,0.4702004,0.4702004,0.6774337,0.6566802,0.6373724,0.5758224,0.7900045,0.6373303,0.6492693,0.5328509,0.47294942,3.8772051,7.281461,6.918352,6.374359,5.690203,5.0178,4.2847004,3.540481,2.9260237,2.425904,1.9257842,1.588453,1.3297921,1.0352921,0.7551248,0.5585382,0.4778512,0.3547127,0.3579277,0.344544,0.3461483,0.3024177,0.34550065,0.3885836,0.39297664,0.3973697,0.3177368,0.3208417,0.2795805,0.23831931,0.2930775,0.1196371,0.2834616,0.0977345,0.1854557
22511100050765,0.5793913,0.5793913,0.5793913,0.6079619,0.6358085,0.6093326,0.64555043,0.6696302,0.59803003,0.5537614,0.4765087,3.8521702,7.227832,6.804166,6.3805003,5.7185645,4.9991026,4.2825446,3.5878987,2.9178896,2.4029622,1.888035,1.6248771,1.2805413,1.0271372,0.7866051,0.6475385,0.5084719,0.3626777,0.4065796,0.4060962,0.3769788,0.3417777,0.36543864,0.3890996,0.39949524,0.4098909,0.3622823,0.3291356,0.2937026,0.2582696,0.2536902,0.2023522,0.2001097,0.1199643,0.2028985
22511100050775,0.5913142,0.5913142,0.5913142,0.6046626,0.6408595,0.6293271,0.6535854,0.6778436,0.6129042,0.5574571,0.5091898,3.865014,7.2208385,6.806671,6.392504,5.716949,5.140472,4.291724,3.5875506,2.914633,2.4527009,1.9907688,1.6206412,1.269032,1.0301723,0.8172899,0.65644217,0.4955944,0.405807,0.3963835,0.3787825,0.3884125,0.3355333,0.3500936,0.3646539,0.3827336,0.4008133,0.3189339,0.34147128,0.31411195,0.2867526,0.2458851,0.1682557,0.2107393,0.0334403,0.18125
22511100050785,0.70092154,0.70092154,0.70092154,0.6291205,0.61754835,0.66719824,0.69665104,0.68259734,0.6302421,0.5631553,0.52268374,3.8345265,7.146369,6.776652,6.4069343,5.743733,4.9884586,4.2892876,3.5913112,2.899948,2.4203286,1.9407096,1.6366804,1.2870268,1.0420372,0.81421113,0.656879,0.49954692,0.39819792,0.4278756,0.36492983,0.35947913,0.3329237,0.36021897,0.38751423,0.41168448,0.43585473,0.36564702,0.3581615,0.29554498,0.23292843,0.18550701,0.10184152,0.21377142,0.00967232,0.12559292
22511100050795,0.53867775,0.53867775,0.53867775,0.60736954,0.66285634,0.64754087,0.79262763,0.71185875,0.6433132,0.54172397,0.49684393,3.8351028,7.173362,6.791372,6.4093823,5.751748,5.021571,4.291394,3.6021702,2.9565275,2.4618633,1.967199,1.6893594,1.3070481,1.0647575,0.84743065,0.68276125,0.51809186,0.36889514,0.44073215,0.35567915,0.37290925,0.30084893,0.35467345,0.40849793,0.41786253,0.42722714,0.31736353,0.33991933,0.29506704,0.25021476,0.20387504,0.08244364,0.23658744,-0.0020849584,-0.0020849584
22511100050805,0.5939114,0.5939114,0.5939114,0.5933199,0.618578,0.6222433,0.64762014,0.672997,0.6348942,0.5213336,0.477721,5.216392,7.2018905,6.996169,6.437383,5.7338686,5.006589,4.279309,3.5545542,2.8941605,2.4425209,1.9908812,1.6439602,1.2795371,1.0609004,0.8487385,0.6764215,0.4911888,0.36666068,0.3801318,0.3219573,0.3478012,0.3078143,0.33908966,0.370365,0.38347414,0.3965833,0.332409,0.3365946,0.25319695,0.1697993,0.1095311,0.0886936,0.2066735,0.030821498,0.2173217
22511100050815,0.56567794,0.56567794,0.56567794,0.56234944,0.5898931,0.5781833,0.5889749,0.59976655,0.5983308,0.4833801,0.46315023,5.1604815,7.186539,6.9870343,6.4204316,5.7224874,5.004218,4.2859554,3.5509267,2.9038014,2.42602,1.9482385,1.5818676,1.2564876,1.0132612,0.7789189,0.6322689,0.43473822,0.34865192,0.348134,0.31386712,0.31629312,0.2680818,0.30820984,0.34833783,0.34240642,0.336475,0.2942919,0.275299,0.19309817,0.110897325,0.07072702,0.090597525,0.15194462,0.017826622,0.13374652
22511100050825,0.6348787,0.6348787,0.6348787,0.608325,0.6392074,0.63204443,0.65478945,0.6775345,0.64766395,0.5394849,0.48585862,5.2459,7.26442,6.974473,6.4437375,5.75869,5.0917954,4.3192005,3.6018856,2.9316945,2.4536657,1.975637,1.6361067,1.2710224,1.069381,0.85323775,0.5559213,0.5365778,0.36737013,0.3661068,0.38046372,0.36194992,0.30952013,0.34653118,0.3835422,0.3892466,0.39495102,0.35754502,0.32869613,0.2665401,0.20438412,0.16295612,0.18962802,0.21277942,0.073857225,0.15261362
22511100050835,0.62849337,0.62849337,0.62849337,0.66439664,0.66161174,0.64582974,0.6842264,0.72262305,0.67026925,0.59540534,0.56239444,5.3067136,7.312417,6.8867545,6.4610915,5.7867293,5.080245,4.339405,3.6191125,2.9722264,2.4358048,1.8993832,1.6565223,1.3542043,1.0943693,0.8346176,0.6690933,0.50356895,0.42469925,0.41305625,0.37388995,0.39559594,0.36291903,0.38413224,0.40534544,0.4237031,0.44206074,0.35842645,0.37450835,0.3091093,0.24371025,0.25049075,0.11419104,0.25055885,0.12739535,0.17267555
22511100050845,0.638038,0.638038,0.638038,0.6446178,0.6224791,0.60617,0.6531664,0.7001629,0.6410275,0.5570602,0.5138061,5.1599536,7.2806726,6.873168,6.4656634,5.7874866,5.0076804,4.329731,3.590373,2.954062,2.4590316,1.9640015,1.6346384,1.3287734,1.0764382,0.8555072,0.65667605,0.45784488,0.37291268,0.41119537,0.33711207,0.4035104,0.30739838,0.35761827,0.4078382,0.40185377,0.39586937,0.33660617,0.32336247,0.28543633,0.24751018,0.22095218,0.10654478,0.19491749,0.030031981,0.23129998
22511100050855,0.57319313,0.57319313,0.6120781,0.64819354,0.60654956,0.60945886,0.6450353,0.6806118,0.63013107,0.51233846,0.5379208,5.2562613,7.311893,6.885126,6.4583597,5.7532616,5.053422,4.315479,3.5660744,2.8925378,2.4388797,1.9852214,1.6515893,1.2721895,1.0804324,0.80390906,0.63356596,0.46322286,0.37130776,0.37325865,0.33068666,0.34628177,0.31673625,0.3488216,0.38090697,0.3714213,0.36193568,0.29754907,0.30330387,0.25391665,0.20452946,0.15801936,0.12423686,0.19319646,-0.02543594,0.14356236
22511100050865,0.61030257,0.61030257,0.61030257,0.65050924,0.62165,0.63304484,0.64436364,0.66085625,0.648807,0.53298247,0.51562005,5.2635307,7.281507,6.8719115,6.4623165,5.763351,5.0411086,4.29715,3.5825875,2.9057994,2.4426417,1.9794838,1.6441759,1.2684064,1.0501341,0.81643665,0.6402349,0.46403316,0.39121827,0.35864505,0.34815985,0.38992727,0.28404436,0.3290384,0.37403247,0.3917736,0.40951476,0.29238576,0.32549247,0.28134552,0.23719856,0.18120097,0.18178326,0.17993876,-0.010477836,0.14038916
22511100050875,0.7644092,0.7644092,0.64198697,0.67447007,0.67069507,0.65403956,0.6921937,0.7012564,0.6711966,0.586783,0.5379204,5.539152,7.2995005,6.9563274,6.613154,5.9179044,5.2007165,4.4371724,3.705427,3.0157564,2.5463488,2.0769415,1.7039119,1.337426,1.1145655,0.8474346,0.67959946,0.5117643,0.4103075,0.39158198,0.33583188,0.39309558,0.31857,0.3513969,0.3842238,0.3773748,0.37052578,0.305275,0.2886116,0.25285178,0.21709199,0.16030589,0.3242474,0.18107799,0.06261429,0.19498768
22511100050885,0.68877685,0.68877685,0.64300984,0.6456923,0.6701457,0.65818834,0.75682527,0.67885864,0.65625656,0.5576954,0.5282813,5.6108317,7.41583,7.008225,6.60062,5.9137316,5.223894,4.4186287,3.6583936,2.9695976,2.564572,2.1595469,1.7073827,1.3625835,1.1171231,0.84219116,0.66192234,0.48165345,0.36834767,0.37340695,0.37068576,0.35754055,0.31342736,0.37213916,0.43085095,0.42990977,0.42896855,0.31084785,0.29184246,0.21634346,0.14084446,0.12718906,0.068306364,0.14928026,0.11122456,0.21683936
22511100050895,0.6806729,0.6806729,0.64032406,0.64264274,0.65775484,0.6563501,0.77468437,0.69233334,0.63016313,0.54989785,0.50418156,5.5944,7.4874825,7.0421886,6.5968947,5.8901076,5.2244787,4.4054637,3.6634357,2.9866877,2.5093186,2.0319495,1.6601883,1.3858479,1.0797998,0.83109915,0.6873362,0.54357326,0.33490366,0.34814426,0.37628567,0.38562948,0.29405135,0.34689707,0.39974275,0.39049467,0.38124657,0.33099967,0.27148077,0.21220607,0.15293136,0.13684006,-0.08304254,0.19260816,0.10797406,0.15304236
22511100050905,0.65187585,0.65187585,0.66084814,0.67300224,0.66062915,0.6631322,0.83494276,0.6984647,0.6778828,0.5458025,0.54920274,5.586284,7.380657,6.974758,6.5688586,5.892912,5.209922,4.3784432,3.6493015,2.9725966,2.472867,1.9731373,1.6613556,1.3687582,1.039411,0.8262355,0.6562174,0.48619935,0.39570227,0.36997035,0.32597327,0.37952226,0.32634977,0.3513286,0.37630746,0.3760693,0.37583116,0.34033036,0.36740696,0.26790532,0.16840366,0.15888757,0.10136106,0.21354266,0.10600046,0.15174966
22511100050915,0.6903512,0.6903512,0.64540946,0.61605495,0.64166445,0.64708763,0.6767192,0.70635074,0.68230957,0.5522978,0.55658007,5.5342917,5.8641033,6.1939144,6.523726,5.86109,5.1506486,4.3681207,3.6144981,3.0085874,2.497412,1.9862367,1.6710619,1.3029375,1.0512555,0.83814895,0.6491204,0.46009186,0.40756166,0.38480356,0.36655226,0.39051315,0.32156986,0.36415476,0.40673965,0.40424165,0.40174365,0.33009857,0.33411658,0.24850962,0.16290267,0.18374497,0.13496646,0.17812197,0.08310036,0.21996376
22511100050925,0.74534804,0.74534804,0.71579325,0.67373675,0.6694853,0.6723921,0.6989965,0.72560084,0.6811628,0.58063066,0.5475067,5.539122,7.269807,6.9038124,6.537818,5.8740253,5.189841,4.4119806,3.6541443,3.0218918,2.4371738,1.8524561,1.6905602,1.3202306,1.1584735,0.8890648,0.7158661,0.5426674,0.38054267,0.41702786,0.33311087,0.34725237,0.34232578,0.3927541,0.44318247,0.4417993,0.44041616,0.31425297,0.37729755,0.32669187,0.27608615,0.26500717,0.09825956,0.21987696,0.059785366,0.17563187
22511100050935,0.67290306,0.67290306,0.68504095,0.66370475,0.72913796,0.6789774,0.6918753,0.7047732,0.7170501,0.63518155,0.5513912,5.402715,7.442735,7.0152807,6.5878267,5.8246007,5.1106515,4.3522387,3.6162925,2.949676,2.488209,2.0267422,1.7189901,1.3439344,1.1015788,0.85922325,0.6728072,0.48639116,0.35498166,0.41288945,0.37514395,0.37939167,0.33954665,0.36405116,0.38855565,0.39026752,0.39197937,0.36875206,0.29629317,0.27834493,0.26039672,0.24244848,0.22450025,0.21569146,0.10180966,0.18872125
22511100050945,0.62591636,0.61100334,0.67842966,0.676416,0.71754056,0.67509866,0.69163424,0.7081699,0.720077,0.5428204,0.53310424,5.3588243,5.727478,6.0961313,6.4647846,5.8060083,5.0952854,4.3225665,3.6283476,2.9594424,2.510905,2.0623677,1.7076536,1.3398038,1.0774046,0.8150055,0.6760363,0.5370672,0.36806548,0.36525217,0.37361577,0.33436996,0.24955487,0.30718297,0.36481106,0.39085346,0.41689587,0.36304948,0.31838787,0.22635901,0.13433017,0.14112157,0.15609297,0.24660537,0.059658166,0.16231547
22511200010011,0.7534393,0.76999813,0.7724595,0.77771044,0.7203108,0.7870299,0.8765201,0.7489124,0.7789648,0.6747057,0.66816384,5.9790545,6.2784114,6.5777683,6.877125,6.2132287,5.521713,4.692354,3.9161892,3.1934352,2.7352777,2.27712,1.8189625,1.5049158,1.2122104,0.919505,0.8057788,0.6920526,0.4684942,0.44697762,0.3719316,0.4614075,0.3377426,0.35955775,0.3813729,0.3990234,0.4166739,0.2945136,0.33375272,0.28864515,0.24353758,0.19843002,0.22199571,0.19604391,0.14558691,0.18211271
22511200010021,0.6882388,0.7409899,0.7238102,0.6952214,0.7118564,0.7301083,0.86042523,0.8064922,0.8002874,0.668545,0.5939144,5.8809786,6.21799,6.555001,6.892012,6.2653904,5.543748,4.6877375,3.9503827,3.214612,2.755674,2.2967358,1.8377978,1.4890621,1.1967868,0.9045114,0.7077311,0.5109508,0.4145678,0.4199188,0.3509221,0.37382892,0.35437772,0.3892711,0.4241645,0.41592547,0.4076864,0.40426642,0.3174595,0.25587928,0.19429904,0.1327188,0.18517311,0.2266211,0.15500471,0.20132321
22511200010031,0.769134,0.8068955,0.7323723,0.74606276,0.69452876,0.7308548,0.871418,0.7913449,0.7783398,0.6597938,0.6327759,5.9356575,6.2570624,6.578468,6.899873,6.247785,5.5469956,4.667552,3.9227996,3.228928,2.7445824,2.260237,1.8810045,1.4875917,1.2059727,0.9243536,0.7100844,0.5429306,0.4149542,0.44454518,0.36582577,0.38333148,0.34850788,0.3861892,0.42387047,0.42075348,0.41763648,0.3521942,0.38811627,0.30451563,0.22091497,0.09675928,0.16921768,0.23940048,0.10061488,0.19558838
22511200010041,0.69256794,0.7396979,0.69526684,0.71189237,0.76395684,0.7170435,0.79786795,0.8094093,0.73128456,0.65074825,0.58689225,5.9086266,6.235238,6.56185,6.888462,6.2553654,5.57323,4.735795,3.8904655,3.2619545,2.7273967,2.192839,1.8370768,1.466076,1.1816062,0.89713633,0.68701756,0.54013747,0.41294536,0.40835494,0.35517696,0.37331334,0.32717866,0.36786315,0.40854764,0.40101945,0.39349124,0.34882134,0.34190345,0.2460886,0.15027376,0.14401695,0.13622545,0.18008804,0.047515947,0.20103624
22511200010051,0.73788124,0.7713027,0.7534201,0.75894284,0.7334591,0.71688265,0.80048263,0.83839023,0.74779344,0.67704964,0.6328494,5.87644,6.231757,6.5870743,6.9423914,6.243025,5.537889,4.702997,3.932054,3.23199,2.7257278,2.2194655,1.8659871,1.4665706,1.190502,0.91443354,0.7115121,0.5318533,0.42263103,0.40983793,0.38402522,0.371396,0.32460243,0.3665997,0.40859702,0.41377017,0.41894332,0.34809113,0.34819362,0.25807887,0.16796412,0.124735415,0.16935052,0.19731171,0.079172716,0.20529912
22511200010061,0.7104459,0.813917,0.7377178,0.7384631,0.8311579,0.7318663,0.7800776,0.8066075,0.7633674,0.672214,0.7141917,5.883354,6.2213354,6.5593166,6.897298,6.232845,5.4723744,4.7039943,3.918046,3.2396867,2.7411933,2.2427,1.889674,1.4531829,1.1982387,0.94329447,0.7323209,0.5414695,0.43319738,0.4158395,0.4159737,0.36636218,0.3306205,0.3796848,0.42874908,0.4190867,0.4094243,0.34126988,0.35234958,0.26214024,0.1719309,0.1483021,0.1732719,0.2145965,0.061999895,0.1838415
22511200010071,0.68920094,0.75528514,0.738191,0.72618943,0.7334792,0.715886,0.79096323,0.76227546,0.73358774,0.6152123,0.67836183,5.8754354,6.2162166,6.5569973,6.8977785,6.2343435,5.4547944,4.6747537,3.9088485,3.234622,2.722629,2.2106361,1.8533883,1.4483732,1.1788173,0.9092614,0.718186,0.540026,0.3922828,0.39856422,0.3642727,0.3549143,0.27968332,0.33219966,0.38471603,0.4001676,0.41561922,0.30031312,0.32111743,0.23532757,0.14953773,0.11052092,0.13896832,0.18312313,0.01718502,0.17351072
22511200010081,0.6169057,0.70891285,0.6766383,0.6933296,0.7339716,0.6983875,0.7663507,0.76575947,0.7228154,0.6009282,3.2288795,5.8568306,6.1904416,6.5240526,6.857664,6.2247157,5.4686995,4.6752043,3.9022045,3.2296588,2.7195218,2.2093847,1.8127499,1.4487507,1.1683114,0.88787186,0.66073036,0.52087265,0.39038458,0.38561887,0.35328478,0.38381007,0.29711097,0.34300128,0.38889158,0.39326778,0.39764398,0.29951197,0.325193,0.22895198,0.13271098,0.103611074,0.14226168,0.13891548,0.057582077,0.20471328
22511200010091,0.7160697,0.7160697,0.68999845,0.6820631,0.6909224,0.7100497,0.7320916,0.71665055,0.7012095,0.59520847,3.1976771,5.8001456,6.1655188,6.5308924,6.8962655,6.22557,5.4664216,4.6406226,3.90494,3.2024252,2.707679,2.212933,1.7967231,1.3921068,1.123076,0.85404515,0.64592236,0.50281966,0.35839048,0.35529387,0.34129798,0.3152769,0.27871868,0.31196746,0.34521627,0.36415178,0.38308728,0.27876237,0.2796217,0.20262082,0.12561998,0.101528876,0.09710648,0.15299277,0.019322677,0.12709768
22511200010101,0.7210446,0.7263303,0.65642726,0.6771598,0.6831198,0.7126792,0.73570096,0.7369226,0.7381443,0.603898,3.215959,5.8280206,6.180161,6.5323014,6.8844423,6.2073746,5.5034165,4.699837,3.8991349,3.2448163,2.7293363,2.2138565,1.8125777,1.4133474,1.1350089,0.8566704,0.722004,0.5011959,0.37053457,0.4056202,0.3465041,0.29892907,0.24859998,0.30474856,0.36089718,0.36881033,0.37672347,0.32880557,0.3095342,0.21298324,0.11643228,0.10086268,0.12763728,0.12002368,0.01747408,0.09117608
22511200010111,0.7265851,0.72758645,0.6888236,0.7153045,0.7552351,0.71191704,0.77703756,0.52928615,0.73261034,0.6201258,3.2008529,5.78158,6.141839,6.5020976,6.862356,6.2298646,5.441919,4.668941,3.9170797,3.201316,2.7022412,2.2031662,1.8136829,1.4433044,1.1759541,0.9086038,0.7129558,0.511085,0.36244178,0.41106656,0.34361008,0.33977628,0.32150087,0.34793052,0.37436017,0.3887062,0.40305227,0.31139717,0.31812167,0.20250717,0.08689267,0.10333877,0.10008777,0.15768227,0.01548027,0.14933537
22511200010121,0.7747442,0.7747442,0.72322553,0.71781486,0.71075577,0.6701446,0.7521191,0.78174055,0.7454547,0.63955736,3.222366,5.805175,6.172174,6.5391726,6.9061713,6.221735,5.5019717,4.7045183,3.9307215,3.233859,2.7261202,2.2183816,1.8511816,1.4448401,1.158665,0.8724898,0.6715235,0.530986,0.40134305,0.38504454,0.38600513,0.32062814,0.31599984,0.34792474,0.37984964,0.3915636,0.40327755,0.31168303,0.33309773,0.23518188,0.13726604,0.102103636,0.16999924,0.16503964,0.033356335,0.19221483
22511200010131,0.7451389,0.7451389,0.7359073,0.7151249,0.71716577,0.7214772,0.7700382,0.8436072,0.7637395,0.6176312,3.193457,5.7692823,6.152251,6.535219,6.9181876,6.2150717,5.51297,4.7080054,3.9481044,3.2306204,2.725296,2.219972,1.8641741,1.4585078,1.1858577,0.9132074,0.6970737,0.5214447,0.3700908,0.4218429,0.350635,0.3563935,0.3111117,0.3340851,0.3570585,0.3680681,0.3790777,0.29423618,0.3233328,0.23019575,0.1370587,0.1123667,0.1406909,0.1981024,0.034194596,0.169989
22511200010141,0.7596513,0.7596513,0.7255391,0.7203968,0.73904663,0.71074754,0.7617892,0.79194874,0.752782,0.6551175,3.2193303,5.783543,6.165131,6.5467196,6.928308,6.231643,5.516242,4.725293,3.9681904,3.2654858,2.7445598,2.2236338,1.8388671,1.4489447,1.1855457,0.92214674,0.6962499,0.5223071,0.38131252,0.4161077,0.3606787,0.3741885,0.32363233,0.36014047,0.39664862,0.40549082,0.41433302,0.32921103,0.3338626,0.25151718,0.16917172,0.13866702,0.19352652,0.18057981,0.06371972,0.19039471
22511200010151,0.6627652,0.7542043,0.7177723,0.7076489,0.734825,0.7274579,0.8088435,0.77416855,0.7394936,0.6300534,3.1892114,5.748369,6.1285124,6.508655,6.8887978,6.202528,5.4972734,4.662833,3.9211807,3.233825,2.7261763,2.2185276,1.838558,1.4577454,1.1782262,0.898707,0.7524455,0.5185352,0.4156842,0.3855626,0.35397,0.3497263,0.2909484,0.3437366,0.3965248,0.38696164,0.3773985,0.3109935,0.3124611,0.22901109,0.1455611,0.11241789,0.1727652,0.17569019,0.035235193,0.16473679
22511200010161,0.72447866,1.5057821,0.7288053,0.7598468,0.7588337,0.787988,0.67600113,0.6831611,0.690321,0.64378005,3.179935,5.7160897,6.1151433,6.514197,6.9132504,6.249968,5.515013,4.7323613,3.9219534,3.2799938,2.7596598,2.2393255,1.8197472,1.4372867,1.1724907,0.90769476,0.7061852,0.50646,0.36327204,0.41948262,0.34340644,0.33818334,0.29571664,0.33028972,0.36486283,0.38786608,0.41086933,0.28932354,0.30837604,0.20287204,0.09736803,0.101092435,0.05822243,0.12644884,0.012998233,0.11787363
22511200010171,0.6497127,0.758769,0.74290687,0.7147422,0.7151868,0.72281307,0.754254,0.761641,0.7237408,0.6409365,3.1799057,5.718875,6.1084146,6.497955,6.8874946,6.228351,5.461881,4.7107396,3.963564,3.2858472,2.7445948,2.2033427,1.8854429,1.4591148,1.196355,0.9335952,0.6128131,0.5012366,0.4131406,0.4086473,0.3269664,0.3797165,0.2932649,0.33892474,0.3845846,0.40075794,0.4169313,0.3049795,0.3322705,0.2683624,0.2044543,0.1287172,0.1781098,0.1745373,0.1082041,0.1715426
22511200010181,0.6932264,0.7604838,0.7165921,0.74153996,0.7147465,0.75500166,0.7944459,0.6825172,0.7487967,0.6542061,0.47809628,5.7410717,6.12738,6.5136876,6.8999953,6.2394795,5.4795475,4.7116733,3.9347725,3.243212,2.7481647,2.2531176,1.8957902,1.4663888,1.1940705,0.921752,0.69371426,0.5641833,0.40914157,0.39807487,0.37936798,0.36037278,0.323133,0.3619668,0.4008006,0.40174362,0.4026867,0.33026177,0.3391508,0.25592837,0.17270598,0.20160328,0.19078828,0.16068688,0.07293918,0.20715767
22511200010191,0.6953164,0.7885364,0.72526944,0.73877364,0.74146616,0.75149417,0.77127194,0.60050875,0.74058944,0.59353745,0.57550865,5.7346354,6.131098,6.5275598,6.9240217,6.1804843,5.5086226,4.702482,3.968291,3.2729247,2.7410765,2.2092283,1.8784598,1.5158856,1.2403212,0.9647567,0.70088625,0.52534974,0.39636034,0.41239476,0.33108076,0.38210306,0.31759965,0.34685114,0.37610266,0.3851942,0.39428574,0.35572344,0.31267944,0.25101525,0.18935105,0.15323645,0.19078675,0.19031215,0.14077754,0.17147775
22511200010201,0.7173995,0.7853735,0.74657565,0.7230584,0.7536585,0.7698237,0.78437537,0.87346935,0.7848738,0.6455242,0.5990372,5.667614,6.0822525,6.496891,6.9115295,6.2527356,5.4595075,4.7332826,3.9773216,3.2527375,2.7514706,2.2502036,1.8240224,1.5219275,1.234239,0.9465506,0.7437033,0.54122347,0.43295678,0.41879937,0.4113322,0.36200458,0.33669317,0.38396788,0.4312426,0.41070288,0.39016318,0.3514337,0.365382,0.29698834,0.22859468,0.22214688,0.20065188,0.22129717,0.15896608,0.19300587
22511200010211,0.76338935,0.7631499,0.73201805,0.73897725,0.7404149,0.74903524,0.79821485,0.72513354,0.74636954,0.65570635,0.56719494,5.6786304,6.090405,6.50218,6.9139547,6.273745,5.464404,4.759695,3.9788523,3.2836585,2.7824337,2.281209,1.9077669,1.5067656,1.229985,0.95320433,0.69156545,0.5854722,0.39150944,0.43382946,0.39023486,0.37086836,0.33208925,0.36987805,0.40766683,0.4143202,0.42097354,0.35977563,0.37471545,0.32269654,0.27067766,0.24131864,0.18341374,0.19197604,0.16021144,0.23260875
22511200010221,0.68151855,0.7346178,0.70370793,0.71554816,0.74299175,0.70822674,0.74024737,0.73300564,0.75052774,0.64254636,0.50763094,5.57313,6.0194345,6.465739,6.912043,6.2121563,5.4773707,4.7148504,3.9443614,3.2425344,2.7451832,2.247832,1.89211,1.4791888,1.1826905,0.88619226,0.68877083,0.55613106,0.41010076,0.41413265,0.33706796,0.37742525,0.30678466,0.3513909,0.39599717,0.39738086,0.39876455,0.31153765,0.33136284,0.28743085,0.24349886,0.19953495,0.22186306,0.15970555,0.18952605,0.20938255
22511200010231,0.71300644,0.73032415,0.70019275,0.74155957,0.71588385,0.7343301,0.7733247,0.81856644,0.7512074,0.63799816,0.50557864,5.59562,6.025137,6.4546537,6.884171,6.223888,5.5097513,4.691932,3.9870534,3.2645211,2.7787883,2.2930553,1.899642,1.46743,1.1821947,0.8969594,0.71093637,0.54452646,0.37507153,0.39741883,0.36851704,0.30426383,0.30636373,0.34808528,0.38980684,0.38500944,0.38021204,0.33417454,0.31045094,0.27176028,0.23306964,0.20357403,0.19358684,0.21072553,0.17521004,0.17608754
22511200010241,0.74776936,0.78542846,0.7363412,0.74878556,0.75240314,0.71452725,0.78544974,0.71471685,0.7551138,0.6323206,0.6111342,5.579586,6.023424,6.4672623,6.9111004,6.2370005,5.527849,4.7025537,3.9725177,3.3076985,2.8345726,2.3614464,1.8960452,1.5082508,1.2054967,0.90274256,0.70061725,0.53090304,0.40950975,0.37341875,0.37898207,0.37347597,0.34067616,0.36029094,0.37990576,0.4030478,0.42618984,0.34987456,0.34788555,0.26973966,0.19159375,0.20623225,0.16995576,0.19939706,0.16763815,0.16099596
22511200010251,0.7153726,0.79170233,0.71524143,0.73128176,0.71659476,0.72609514,0.77653366,0.79700583,0.72577745,0.6234114,0.47684413,5.4855037,5.9549975,6.4244914,6.8939853,6.27106,5.5211854,4.769658,3.9864244,3.2756522,2.7941227,2.3125932,1.8312912,1.4602168,1.1813331,0.9024494,0.6696786,0.53291863,0.41452044,0.39448884,0.38307035,0.35098442,0.31491393,0.36167538,0.40843683,0.4238622,0.43928754,0.32099724,0.36117435,0.3097542,0.25833404,0.16278973,0.18628064,0.17660764,0.118682034,0.16678013
22511200010261,0.7118783,0.72571266,0.74520856,0.7353676,0.71259177,0.7274387,0.779472,0.6178837,0.7402754,0.6332065,0.6011305,5.5209846,5.9884067,6.4558287,6.9232507,6.2345376,5.5389767,4.7229996,3.9621265,3.3200884,2.798004,2.2759192,1.8391597,1.5082722,1.224318,0.940364,0.72709185,0.52548176,0.37972316,0.38929778,0.35200188,0.29368567,0.30631107,0.35337263,0.40043417,0.39256397,0.38469377,0.2857687,0.34472808,0.250735,0.15674198,0.19132997,0.15430227,0.18420878,0.06930237,0.13749827
22511200010271,0.7072211,0.76533276,0.7358075,0.70281184,0.7401665,0.7607748,0.73877615,0.7610186,0.73790085,0.6479716,0.64337456,5.4944696,5.967314,6.4401574,6.913001,6.249019,5.5160804,4.762258,3.9695957,3.2891932,2.7920587,2.2949245,1.8480207,1.4853185,1.2022128,0.9191071,0.6899468,0.5424526,0.39564547,0.38481176,0.37849715,0.40170226,0.33721256,0.36898652,0.40076047,0.37990916,0.35905787,0.32005125,0.31813878,0.27783588,0.23753296,0.19648597,0.12669237,0.19924437,0.13736017,0.20053867
22511200010281,0.6779841,0.76110756,0.684152,0.685746,0.7259594,0.7208577,0.7384466,0.7403516,0.71215,0.5811879,0.6387487,5.453291,5.930901,6.408511,6.886121,6.2537646,5.4910345,4.6860065,3.9935174,3.2847767,2.7813525,2.2779284,1.8611951,1.4663182,1.1982085,0.9300988,0.7085828,0.5333562,0.39086738,0.37908548,0.3469812,0.2989189,0.2527098,0.3141649,0.37562,0.3843203,0.3930206,0.284735,0.30958888,0.23220985,0.1548308,0.15192579,0.1506528,0.1612206,0.08217219,0.17113449
22511200010291,0.6839878,0.7397818,0.69192713,0.7066574,0.7129004,0.69891953,0.74646443,0.8102761,0.6980362,0.6068217,0.5668227,5.499377,5.9625144,6.425652,6.8887897,6.2412076,5.496455,4.7076325,3.9738433,3.2947614,2.7623837,2.230006,1.8646822,1.5224096,1.2176962,0.9129827,0.6888226,0.5159557,0.4011684,0.3747698,0.3397291,0.3327316,0.2632966,0.3104551,0.35761362,0.37656966,0.3955257,0.32588682,0.3149993,0.25838825,0.2017772,0.19039011,0.21145321,0.18270901,0.1699517,0.1508481
22511200010301,0.7291328,0.73645324,0.7123349,0.73945487,0.70274997,0.68623877,0.76390845,0.84747654,0.69133484,0.62062436,0.60261434,5.405245,5.8975697,6.3898945,6.882219,6.20867,5.483479,4.766912,3.978181,3.2911596,2.7786381,2.2661169,1.9002755,1.4815968,1.2007014,0.91980577,0.7203339,0.50528735,0.38151208,0.39692667,0.35508716,0.37288895,0.31454986,0.35640785,0.39826587,0.3893395,0.38041317,0.34353346,0.32900846,0.2612546,0.19350076,0.19031736,0.20840907,0.21361686,0.15897097,0.18693407
22511200010311,0.7075274,0.7424479,0.74295694,0.7382159,0.73492414,0.7234277,0.768144,0.7396314,0.7258668,0.62529933,0.686275,5.3782997,5.8909593,6.403619,6.9162784,6.263947,5.505584,4.771816,3.9729726,3.3084772,2.7924447,2.2764125,1.9043814,1.4723665,1.1993321,0.9262979,0.6785321,0.45646572,0.37666953,0.3855555,0.3923755,0.4226387,0.29011762,0.34214517,0.3941727,0.40400413,0.41383553,0.2968828,0.32466862,0.25384736,0.18302612,0.1936313,0.21158712,0.16784121,0.11322771,0.17435682
22511200010321,0.70359606,0.7453306,0.72821885,0.73496807,0.7377974,0.7091837,0.7714388,0.8411459,0.7548799,0.60023946,0.72678316,5.513182,5.981867,6.450551,6.919235,6.252106,5.5733705,4.7492495,4.000127,3.3405914,2.808989,2.2773864,1.901795,1.5083579,1.2077503,0.9071427,0.6769873,0.5406391,0.4054708,0.38364768,0.32328627,0.34583288,0.32524267,0.36319467,0.40114668,0.39704144,0.39293617,0.33375978,0.3207923,0.27485117,0.22891007,0.20436437,0.19298808,0.23164728,0.14496358,0.15594387
22511200010331,0.7377588,0.73488426,0.70785296,0.75340337,0.72862047,0.7124263,0.8012174,0.77140737,0.7834872,0.65735537,0.7605138,5.4001627,5.911177,6.4221916,6.933206,6.2666903,5.615903,4.743868,3.9830196,3.3323157,2.815596,2.2988765,1.9279217,1.5209575,1.2227966,0.9246357,0.7210724,0.48843127,0.4255449,0.39740267,0.37639338,0.366419,0.3270684,0.3498037,0.37253898,0.3733171,0.37409517,0.33833718,0.33587778,0.27444872,0.21301968,0.20000269,0.20001379,0.19360158,0.17448649,0.20143549
22511200010341,0.72158,0.75288665,0.74904627,0.78047717,0.73738724,0.75928247,0.7702252,0.79455113,0.74611825,0.65671194,0.67781025,5.4082675,5.9127746,6.417282,6.921789,6.2634497,5.50853,4.746064,4.0282354,3.3308625,2.8202486,2.309635,1.8912816,1.5177809,1.2246351,0.9314892,0.73873323,0.5474135,0.40003896,0.41195735,0.39292234,0.37265235,0.31438085,0.3384447,0.36250857,0.39529932,0.42809007,0.33726355,0.36336747,0.28520602,0.20704456,0.22196266,0.20605555,0.21713156,0.15268296,0.18335706
22511200010351,0.7347174,0.7737137,0.7829994,0.7715724,0.7855557,0.743056,0.7718815,0.8801635,0.7624668,0.6375444,0.8260507,5.346712,5.872452,6.398191,6.9239306,6.2887063,5.54641,4.766574,3.9758012,3.3396325,2.8025339,2.2654352,1.920121,1.5411683,1.2551968,0.9692254,0.7446867,0.5592944,0.426248,0.4377785,0.3648045,0.37141392,0.32644242,0.37037343,0.4143044,0.42297697,0.4316495,0.3471713,0.33162522,0.30030817,0.2689911,0.22754002,0.22903311,0.24102472,0.12518471,0.22507292
22511200010361,0.6878391,0.74481994,0.708072,0.692955,0.7394408,0.7402383,0.739794,0.7489426,0.710966,0.6025309,2.9353926,5.2682543,5.804084,6.3399134,6.875743,6.2270474,5.5612006,4.7561502,3.9731677,3.319901,2.8173032,2.3147056,1.8976356,1.4571372,1.1801817,0.9032262,0.68495023,0.5195154,0.3722073,0.3648023,0.3597773,0.35918272,0.2796302,0.3186354,0.35764062,0.3691528,0.380665,0.33197573,0.30210552,0.24354327,0.18498102,0.14487332,0.13261771,0.1627151,0.047046613,0.15280822
22511200010371,0.7175234,0.77071303,0.7382183,0.70599574,0.7389428,0.690961,0.7500792,0.8429151,0.75711304,0.65878594,3.0106897,5.3625937,5.8657427,6.368892,6.8720417,6.243263,5.5469584,4.77056,3.9899619,3.323697,2.8118865,2.300076,1.8864166,1.5049256,1.212588,0.9202503,0.7064361,0.48889723,0.40410492,0.42474693,0.36044714,0.32764652,0.29629323,0.31001037,0.32372752,0.3486356,0.37354374,0.38199633,0.3274179,0.23857138,0.14972483,0.16672303,0.15839492,0.15858063,0.086619124,0.17946343
22511200010381,0.7471184,0.72630954,0.7193335,0.69926065,0.72672474,0.74975103,0.76886374,0.82170385,0.70987046,0.6210544,2.9741993,5.3273444,5.8435764,6.359808,6.87604,6.2284813,5.527096,4.7707872,4.0142784,3.33225,2.7829945,2.2337387,1.8899418,1.49078,1.193172,0.89556396,0.6942173,0.49881065,0.39387745,0.39894605,0.39360663,0.35603854,0.28951493,0.34006584,0.39061674,0.38711932,0.38362193,0.36119384,0.31170323,0.24025704,0.16881083,0.20126693,0.15337093,0.21652013,0.08399974,0.15895173
22511200010391,0.7171373,0.74553674,0.72457683,0.76379335,0.73473054,0.7213082,0.76814544,0.82789314,0.75080013,0.6338075,0.5816277,5.202536,5.7706985,6.3388605,6.907023,6.2930374,5.5215807,4.7785664,4.0028615,3.3278534,2.8379467,2.34804,1.9031739,1.4715571,1.206998,0.94243884,0.7288352,0.5307996,0.37503275,0.45435104,0.39040485,0.34028447,0.29914474,0.3460047,0.39286464,0.3960447,0.39922476,0.30327204,0.27961066,0.24766651,0.21572235,0.20686305,0.17458645,0.20648386,0.09343705,0.19336955
22511200010401,0.69661385,0.75226337,0.6831809,0.71311986,0.73401403,0.71067196,0.74633574,0.96337974,0.69055223,0.60554105,0.58009624,5.208239,5.769496,6.3307533,6.8920107,6.236533,5.5041475,4.732611,3.9979284,3.3204808,2.8022873,2.2840936,1.8986782,1.491209,1.1994573,0.9077054,0.69478697,0.49211085,0.36318165,0.42018765,0.35276136,0.37407994,0.29449967,0.31544545,0.33639127,0.3465958,0.35680035,0.32521686,0.26989436,0.22862251,0.18735066,0.15577686,0.14596826,0.17695546,0.103121854,0.17643425
22511200010411,0.7058433,0.7373621,0.748235,0.7477372,0.7642864,0.7320768,0.77513003,0.7525386,0.7286772,0.6156845,0.622079,5.167652,5.7463975,6.325143,6.903888,6.2472086,5.549144,4.762794,4.0025544,3.3586688,2.824746,2.2908232,1.8859246,1.5212635,1.2264123,0.9315611,0.7209771,0.48317862,0.3505119,0.35788882,0.33448902,0.360062,0.254016,0.30527282,0.35652962,0.36490476,0.3732799,0.325419,0.2931335,0.23626621,0.17939891,0.1384924,0.1551523,0.19493951,0.084623314,0.14161322
22511200010421,0.7183018,0.78311145,0.69746363,0.71081454,0.69315434,0.7477707,0.77568954,0.75339013,0.7444105,0.59396887,0.5730646,5.261058,5.813639,6.3662205,6.9188023,6.289532,5.5767636,4.7688274,4.0214825,3.334676,2.7760613,2.2174463,1.8794986,1.5204816,1.2190354,0.91758925,0.71891135,0.5456817,0.40343395,0.37955305,0.38343444,0.33934915,0.32052574,0.3522433,0.38396084,0.3833725,0.38278416,0.32363185,0.29222944,0.2485465,0.20486355,0.16141725,0.18198285,0.19777684,0.15471055,0.15541184
22511200010431,0.7366332,0.7118447,0.72015,0.73116446,0.7302165,0.7365957,0.7478897,0.69357085,0.7120923,0.6138356,0.5726006,5.157569,5.735634,6.3136992,6.891764,6.294155,5.577949,4.7644296,3.9692197,3.3339446,2.7895644,2.2451844,1.9107323,1.4816185,1.1984183,0.91521806,0.6657514,0.5348258,0.36095208,0.35489637,0.34355107,0.3348238,0.28304547,0.32818443,0.37332338,0.39146328,0.40960318,0.28796548,0.32358688,0.26564503,0.20770317,0.13817367,0.17224297,0.20634988,0.079843275,0.17181517
22511200010441,0.7342764,0.7247884,0.7568325,0.7916523,0.7558773,0.7580852,0.778882,0.7633337,0.7772642,0.65211093,0.5898849,5.1660867,5.7481184,6.33015,6.912182,6.2451234,5.5783377,4.763047,4.034807,3.336652,2.8222117,2.3077712,1.9327676,1.5183733,1.2130063,0.9076393,0.7093633,0.51566,0.4068962,0.3790229,0.3916082,0.35804972,0.2947542,0.33905217,0.3833501,0.41229105,0.441232,0.298197,0.32585332,0.2467516,0.16764991,0.17138591,0.14294021,0.1904886,0.09245851,0.1482325
22511200010451,0.72187525,0.74700725,0.7268217,0.73231775,0.7293723,0.7499768,0.78103817,0.7929229,0.71674436,0.6608452,0.59954995,5.165604,5.757984,6.3503637,6.9427433,6.294121,5.6300764,4.805075,4.0497065,3.3429022,2.8868666,2.430831,1.9359711,1.5024525,1.2268779,0.95130324,0.76094764,0.5349587,0.45264244,0.40588143,0.36464113,0.36624154,0.34732473,0.38088435,0.41444394,0.42342424,0.43240455,0.33437774,0.34596923,0.2756821,0.20539494,0.24168144,0.15277614,0.18750934,0.099443436,0.17280084
22511200010461,0.7895738,0.77072567,0.73712087,0.7974077,0.75902086,0.7541538,0.7547539,0.834188,0.75145805,0.6883156,0.6337091,5.1270905,5.7320867,6.3370824,6.9420786,6.3070054,5.5645504,4.8222713,4.047493,3.3800015,2.864161,2.3483205,1.8882995,1.4951835,1.2336934,0.9722034,0.7424084,0.5444907,0.42347997,0.42525005,0.40133378,0.38877088,0.36346537,0.40080658,0.43814775,0.40704918,0.37595057,0.31752297,0.33572015,0.28545502,0.23518987,0.16041696,0.16943626,0.22377856,0.15731527,0.18003027
22511200010471,0.72215986,0.7697164,0.72230375,0.73648095,0.7120805,0.7062974,0.7653466,0.7176317,0.74168336,0.6354337,0.5665108,5.0788507,5.690641,6.3024316,6.914222,6.267029,5.5194063,4.7469463,4.03892,3.3541155,2.8031487,2.2521818,1.8824809,1.5080155,1.2104516,0.91288775,0.71942407,0.48947608,0.37364396,0.35512137,0.37332067,0.2938499,0.28836727,0.3156292,0.3428912,0.35323793,0.36358467,0.31284907,0.27722108,0.22088063,0.16454017,0.10596427,0.15825817,0.18507157,0.13972107,0.17841707
22511200010481,0.77085596,0.7734123,0.71668357,0.72302586,0.76051277,0.73558176,0.74119526,0.74382657,0.7378281,0.61979735,0.58114725,5.045412,5.676159,6.3069057,6.9376526,6.2830496,5.550065,4.7584476,4.030648,3.3424528,2.8183017,2.2941506,1.8688788,1.517598,1.2117603,0.9059225,0.71536887,0.5283388,0.35745847,0.367319,0.36051527,0.32902026,0.2831103,0.31030047,0.33749068,0.3642533,0.39101598,0.3465936,0.3007646,0.23201028,0.16325597,0.10397418,0.16662818,0.24893488,0.08977628,0.17913298
22511200010491,0.77143794,0.78479785,0.73419064,0.73627925,0.74413747,0.75802076,0.75013375,0.74434674,0.73289883,0.6452249,0.6105568,5.0084176,5.643837,6.2792563,6.914675,6.289319,5.514967,4.7530527,4.0188675,3.3753686,2.846603,2.3178372,1.9172779,1.5190097,1.2413107,0.96361184,0.71195847,0.56174845,0.38904375,0.36574975,0.36297426,0.29212546,0.29857576,0.34044582,0.38231584,0.37359247,0.36486906,0.30319715,0.26227856,0.23843965,0.21460076,0.16730025,0.16542575,0.18767795,0.080668956,0.15429795
22511200010501,0.65977705,0.7782245,0.7175881,0.73167396,0.72940075,0.72242695,0.74286646,0.8428391,0.72985566,0.6628518,0.61090165,5.02117,5.6510677,6.2809653,6.910863,6.254043,5.579258,4.8096523,4.051104,3.3485692,2.836278,2.323987,1.9350711,1.5204432,1.2174994,0.91455543,0.74064595,0.5494812,0.37761223,0.36808124,0.38699192,0.32338473,0.28579304,0.34350497,0.40121692,0.39761922,0.39402154,0.33310783,0.27896783,0.24884748,0.21872713,0.16217023,0.18918733,0.14957523,0.059314527,0.17059663
22511200010511,0.6479053,0.6470111,0.678189,0.6993827,0.6754535,0.6990371,0.687821,0.8224019,0.6740173,0.6047947,0.5399942,4.977831,5.608046,6.2382617,6.868477,6.241264,5.539715,4.768414,4.0034413,3.3179882,2.799459,2.2809298,1.8621799,1.4339138,1.1575735,0.8812332,0.6718815,0.4650877,0.3454519,0.3819524,0.378259,0.3020519,0.2948558,0.30852625,0.3221967,0.32719645,0.3321962,0.3157112,0.2357545,0.18440825,0.133062,0.0794525,0.1189797,0.1570604,0.0544293,0.1645619
22511200010521,0.67597306,0.68995625,0.67271936,0.67979467,0.6614126,0.6744259,0.7321483,0.6908428,0.6495374,0.6030372,0.5774352,4.921153,5.573378,6.2256036,6.877829,6.2565827,5.4944367,4.7637715,4.0168242,3.343401,2.8260405,2.30868,1.8503764,1.4661069,1.1503153,0.8345238,0.6594955,0.38295427,0.33941668,0.37262547,0.3952962,0.32517797,0.30266756,0.31909204,0.33551648,0.3423257,0.34913486,0.30351287,0.28667858,0.19454463,0.102410674,0.079736374,0.18516017,0.13344657,0.09108477,0.19351088
22511200010531,0.7132896,0.7767959,0.73466945,0.72144145,0.70576197,0.69872236,0.7512785,0.80798465,0.7232375,0.6120554,0.61106724,4.9270387,5.5814223,6.235806,6.89019,6.259586,5.5488644,4.7857537,4.0383444,3.349156,2.8117795,2.2744033,1.8810202,1.4899546,1.1889838,0.88801306,0.67280227,0.55484086,0.36268714,0.36204004,0.36159983,0.32863075,0.21690625,0.28652444,0.35614264,0.35137698,0.34661135,0.30505896,0.33624524,0.25256675,0.16888824,0.123733446,0.16820474,0.15681724,0.07651794,0.20447414
22511200020011,0.7016366,0.7463382,0.7347453,0.740133,0.73051083,0.7134729,0.7156235,0.7391483,0.7295975,0.6153897,0.62192184,4.8830905,5.551187,6.2192836,6.88738,6.261872,5.583076,4.7755475,4.03731,3.3336005,2.8208373,2.308074,1.9196618,1.5169605,1.2152917,0.91362303,0.6975829,0.5729527,0.38303792,0.3863469,0.3789547,0.33898792,0.2896588,0.36568186,0.4417049,0.41343877,0.3851726,0.3263404,0.2994036,0.21066876,0.12193391,0.1536477,0.13377821,0.16944592,0.065063514,0.1430722
22511200020021,0.7412652,0.83850586,0.7230382,0.734221,0.7534585,0.6961036,0.7562151,0.73113656,0.7060581,0.6331296,0.60719967,4.8677692,5.539664,6.2115583,6.8834524,6.277294,5.5077586,4.791515,4.008344,3.3658776,2.8607023,2.3555267,1.8925678,1.5001106,1.2078804,0.91565007,0.6931541,0.58975446,0.37041247,0.34952348,0.3609737,0.35169297,0.26292458,0.31353158,0.36413857,0.37043858,0.37673858,0.32117137,0.27177638,0.23477322,0.19777007,0.11753997,0.16304788,0.12285537,0.06273607,0.12379438
22511200020031,0.70935965,0.68645006,0.69155294,0.74727285,0.71162426,0.7075558,0.75145334,0.80052936,0.70827967,0.63363934,0.57830936,4.8287473,5.5078883,6.1870294,6.8661704,6.2657294,5.5290117,4.772894,4.039135,3.3571265,2.8203244,2.2835224,1.8986096,1.4834473,1.190826,0.898205,0.6942928,0.5154136,0.40845427,0.40339696,0.33253837,0.34292215,0.28542498,0.31166762,0.33791026,0.3650833,0.39225635,0.31004396,0.26218358,0.21170627,0.16122897,0.14183836,0.12215326,0.13419896,0.07501196,0.19246036
22511200020041,0.7548239,0.768407,0.7536684,0.7385576,0.781123,0.7796616,0.7768003,0.8387072,0.7416992,0.6471969,0.6130393,4.825342,5.523326,6.22131,6.919294,6.2828584,5.5771837,4.773369,4.0842266,3.4130433,2.8944685,2.375894,1.9471012,1.5594175,1.2648062,0.9701948,0.7346481,0.5419686,0.433649,0.4232637,0.3794862,0.3688663,0.3172581,0.3631907,0.4091233,0.41381335,0.4185034,0.4049428,0.3553624,0.2822154,0.2090684,0.2113932,0.2205612,0.2405941,0.1105462,0.2081216
22511200020051,0.7833446,0.8316001,0.7547209,0.7359501,0.73107773,0.74354464,0.7892361,0.75034875,0.7114613,0.64230365,0.58955336,4.7564473,5.468433,6.180419,6.8924046,6.2895923,5.535225,4.814826,4.027785,3.39746,2.906769,2.416078,1.9145964,1.5098937,1.207361,0.9048283,0.75811625,0.525587,0.41171125,0.39502993,0.36436683,0.35885945,0.32930103,0.35474354,0.38018602,0.3882469,0.39630774,0.36912003,0.34283563,0.27691653,0.21099743,0.18314333,0.23986433,0.20122354,0.106341235,0.19241484
22511200020061,0.7802722,0.78736675,0.74560684,0.707133,0.73301375,0.73455834,0.80090266,0.7748277,0.7487528,0.66909635,0.59801596,4.6993093,5.4530053,6.206701,6.9603963,6.325161,5.5910316,4.793986,4.053696,3.3765254,2.913305,2.4500847,1.9619762,1.544231,1.2422484,0.9402658,0.7495463,0.53014797,0.44985297,0.42581606,0.40645248,0.34559748,0.36107278,0.37833238,0.39559197,0.39743617,0.39928037,0.34989145,0.33633608,0.27405336,0.21177067,0.21153887,0.20845066,0.23488876,0.109859765,0.22865346
22511200020071,0.74628377,0.8018875,0.6971231,0.7319416,0.7319963,0.8044328,0.7661355,1.0035906,0.7964561,0.6497839,0.6105149,4.751398,5.4932775,6.235157,6.9770365,6.304235,5.584034,4.812534,4.0548296,3.3842804,2.8382475,2.2922146,1.9180282,1.5295312,1.2420864,0.9546416,0.8189739,0.5199496,0.4009172,0.419697,0.3976147,0.33953038,0.3434958,0.3629841,0.3824724,0.38612568,0.389779,0.3854329,0.29950228,0.22456639,0.14963049,0.16965899,0.1415055,0.1267186,0.06248879,0.2009324
22511200020081,0.70273876,0.75104415,0.7652451,0.75614977,0.72708136,0.7613951,0.79507595,0.7683679,0.74165976,0.6613132,0.64190066,4.7692614,5.492693,6.216124,6.9395556,6.2672834,5.635121,4.831239,4.075594,3.4203587,2.931269,2.4421794,1.9804608,1.536812,1.2439986,0.9511853,0.7197572,0.55434436,0.44801098,0.42010006,0.39969578,0.36560777,0.33253878,0.36850506,0.40447137,0.38562062,0.36676988,0.34806696,0.33718896,0.2761703,0.21515167,0.16522206,0.23896307,0.18390708,0.09437907,0.19806138
22511200020091,0.78541696,0.78541696,0.6986725,0.7020018,0.7271405,0.715211,0.81244576,0.6808185,0.7475214,0.620039,0.6114859,4.7449107,5.4633727,6.1818347,6.9002967,6.2510123,5.63817,4.820006,4.077545,3.3825915,2.8828242,2.3830569,1.9790204,1.5868406,1.2703451,0.9538496,0.7000403,0.5259104,0.4449147,0.41797078,0.3733987,0.36682308,0.3076517,0.34770483,0.387758,0.41695628,0.4461546,0.3274093,0.30480587,0.24030514,0.17580439,0.1522134,0.16455999,0.20160128,0.049638588,0.18051389
22511200020101,0.71372,0.71372,0.69684154,0.74561906,0.7032033,0.7029815,0.7473534,0.72747386,0.70759434,0.61827606,0.6003202,4.6970816,5.438396,6.179711,6.9210253,6.3331857,5.551257,4.813992,4.0885015,3.4486103,2.9227433,2.3968763,1.9564018,1.5534179,1.2312785,0.9091393,0.7471126,0.51659256,0.37941304,0.45333055,0.39615786,0.37951323,0.31048274,0.34832218,0.38616166,0.3856385,0.38511536,0.35719666,0.31847516,0.21682249,0.115169846,0.11853275,0.16844155,0.13909085,0.057740547,0.20285374
22511200020111,0.7762956,0.7762956,0.7122441,0.681044,0.6910684,0.6764461,0.7394362,0.722454,0.7054718,0.6342215,0.5626333,4.6895976,5.42971,6.169822,6.9099345,6.2789197,5.568902,4.778266,4.042315,3.3966022,2.879168,2.361734,1.927064,1.5166998,1.2201679,0.92363596,0.6949096,0.54237777,0.3820549,0.4378453,0.30365238,0.3248848,0.2923187,0.3321274,0.37193608,0.36349285,0.35504958,0.2824606,0.31936818,0.23641239,0.15345658,0.1432681,0.124844186,0.14347398,0.004961289,0.14928679
22511200020121,0.7682731,0.7682731,0.74299043,0.7557221,0.74281114,0.7699114,0.75472534,0.7644681,0.7742108,0.64145565,0.6269509,4.734115,5.4647756,6.1954365,6.926097,6.3104057,5.59617,4.8203397,4.12979,3.43708,2.917639,2.3981984,1.9750077,1.5897404,1.2780633,0.96638626,0.7051228,0.579517,0.38719702,0.38950852,0.36515403,0.37023744,0.32220143,0.36301202,0.40382263,0.41081342,0.41780424,0.34897694,0.25979492,0.20395878,0.14812262,0.16636343,0.17147464,0.18708873,0.057121027,0.17900343
22511200020131,0.876748,0.7677416,0.72324973,0.739135,0.74463844,0.72377163,0.7668314,0.7531229,0.7394144,0.6550003,0.6415749,4.6682796,5.400306,6.132333,6.8643594,6.2702622,5.5921793,4.8243155,4.101186,3.4406946,2.901157,2.3616192,1.9732462,1.5732167,1.2566799,0.9401432,0.81550884,0.53560674,0.40353182,0.39089534,0.35301322,0.37549603,0.3200133,0.34790567,0.37579802,0.3971308,0.41846353,0.31496453,0.29484633,0.22823562,0.16162492,0.108522624,0.17917192,0.14569052,0.07865502,0.15990612
22511200020141,0.7809314,0.75154376,0.76424664,0.72036606,0.7370364,0.72515965,0.7634015,0.7388562,0.7143108,0.64613575,0.59433776,4.6122885,5.382149,6.15201,6.92187,6.260865,5.5914726,4.810791,4.0847054,3.427628,2.8816226,2.3356168,1.941274,1.5873499,1.2491934,0.9110369,0.75089633,0.52148885,0.44875392,0.43570992,0.43581024,0.37260914,0.34140572,0.37608707,0.41076842,0.40099213,0.39121583,0.37206262,0.29321852,0.24851358,0.20380864,0.13307913,0.21984893,0.15043333,0.066913635,0.18665263
22511200020151,0.68359816,0.76129967,0.7207866,0.7420487,0.7255927,0.73142064,0.76447195,0.7659844,0.7674969,0.62070364,0.60674626,4.5644035,5.334882,6.1053605,6.8758388,6.290365,5.604258,4.87239,4.08737,3.4148111,2.8881934,2.3615754,1.9485334,1.5389673,1.2332848,0.92760247,0.71693057,0.51472616,0.38647917,0.40100434,0.38314307,0.36704755,0.33422607,0.3578495,0.38147295,0.37887755,0.37628216,0.32515296,0.33142737,0.24395816,0.15648896,0.15516546,0.16913995,0.22424226,0.06307386,0.16051956
22511200020161,0.65227,0.7368853,0.6985174,0.7086908,0.7172613,0.7074426,0.7389087,0.72324115,0.7075736,0.6334988,0.5781244,4.5330634,5.3187666,6.10447,6.890173,6.306356,5.593295,4.802346,4.1074963,3.4561868,2.9013805,2.3465745,1.919239,1.5164458,1.2107742,0.9051025,0.7105117,0.5057202,0.38786238,0.4120845,0.3854496,0.3294928,0.3102872,0.35128084,0.3922745,0.37524405,0.3582136,0.3445279,0.3157637,0.2464891,0.1772145,0.1428298,0.1918923,0.2152458,0.1087461,0.1430105
22511200020171,0.72554934,0.7662823,0.68925756,0.7702528,0.69603586,0.74111646,0.72967345,0.74282163,0.7559698,0.63851386,0.65776515,4.5530176,5.3268437,6.1006703,6.8744965,6.294967,5.5843916,4.839533,4.0980244,3.4191024,2.8778358,2.3365688,1.9899397,1.550157,1.2372793,0.92440176,0.66675895,0.50850004,0.36762384,0.39042753,0.36959973,0.37099525,0.30567876,0.3633382,0.42099765,0.38502458,0.34905154,0.31632164,0.31057405,0.23126614,0.15195824,0.18525635,0.18727794,0.18414004,0.12501194,0.17142804
22511200020181,0.7185584,0.6943207,0.7426439,0.722815,0.71888226,0.7028006,0.7819391,0.82214487,0.73097986,0.6255708,0.6167362,4.4816318,5.2893972,6.0971627,6.9049287,6.2606373,5.528496,4.844274,4.0543942,3.4135277,2.8853278,2.3571281,1.9365549,1.4964933,1.2020552,0.9076171,0.7152747,0.5331631,0.41047987,0.36690977,0.35720566,0.32478097,0.29039696,0.30968693,0.32897687,0.35630587,0.38363487,0.29870406,0.33160308,0.25172663,0.17185017,0.13236247,0.15661177,0.13079618,0.058906272,0.15008327
22511200020191,0.6688322,0.73158306,0.7086232,0.695524,0.739038,0.6816236,0.7132878,0.7524658,0.69065017,0.6362501,0.5892662,4.3958473,5.2325916,6.069336,6.9060802,6.2471128,5.553021,4.8024197,4.0859475,3.4097025,2.8779,2.346097,1.9370383,1.5258247,1.2163941,0.90696335,0.67165357,0.527273,0.39491376,0.39081156,0.38962886,0.34241116,0.30349368,0.34817398,0.39285427,0.37650073,0.36014718,0.34005308,0.27550817,0.23006427,0.18462037,0.18224788,0.20322777,0.21431927,0.060089372,0.14658406
22511200020201,0.6587916,0.7225358,0.7134145,0.6784702,0.7352412,0.6816534,0.7230413,0.7116588,0.7002763,0.590756,0.559932,4.37971,5.2056417,6.031574,6.857506,6.3026342,5.585217,4.8153753,4.0930653,3.4017577,2.9011197,2.4004817,1.9092972,1.5242283,1.210891,0.8975537,0.6987667,0.5170687,0.40572628,0.372639,0.3766437,0.3450501,0.2933426,0.32455224,0.3557619,0.3662586,0.3767553,0.3067996,0.2810193,0.22410329,0.16718729,0.15526319,0.1527696,0.14063899,0.11781179,0.1882381
22511200020211,0.73272705,0.7290896,0.73108196,0.7473291,0.74538124,0.7000753,0.76904345,0.74013764,0.7112318,0.6195185,0.60414076,4.4768867,5.277669,6.0784507,6.8792324,6.2965183,5.617943,4.8596997,4.129788,3.435799,2.9362166,2.4366343,1.9899197,1.5696654,1.2711563,0.97264725,0.716323,0.58283037,0.41274554,0.37287325,0.37113574,0.37396783,0.28667265,0.34225404,0.39783543,0.37293774,0.34804004,0.32523933,0.31887433,0.24578199,0.17268965,0.16901274,0.16417284,0.18656984,0.10364194,0.18596373
22511200020221,0.7434961,0.7776454,0.6878831,0.7332152,0.6977073,0.6803966,0.7672981,0.77561826,0.7839384,0.6341717,0.6359799,4.420064,5.2460275,6.071991,6.897954,6.2907443,5.597392,4.858707,4.106595,3.4389617,2.8778677,2.3167734,1.9462898,1.5341806,1.2221335,0.9100864,0.6929628,0.5371561,0.3678726,0.3684917,0.3687008,0.3818149,0.2864174,0.31330156,0.3401857,0.35333857,0.3664914,0.34561372,0.3252511,0.26187882,0.1985065,0.1517408,0.17590381,0.14781691,0.06644811,0.07758511
22511200020231,0.737205,0.756698,0.71224934,0.7735939,0.7082343,0.7246046,0.789107,0.76627016,0.74343336,0.6454067,0.59907216,4.4321694,5.2624145,6.0926595,6.9229045,6.307576,5.6301436,4.860953,4.110654,3.4392774,2.8945906,2.349904,2.0124705,1.5630312,1.2664274,0.96982354,0.69364303,0.5475292,0.42678693,0.42206973,0.37823874,0.38711444,0.34079853,0.38642344,0.43204832,0.42110407,0.41015983,0.34082493,0.35552582,0.28337243,0.21121903,0.20240703,0.20528243,0.17699733,0.11424803,0.17200863
22511200020241,0.73810375,0.8113463,0.75727266,0.72500837,0.7305741,0.74564576,0.78404355,0.762159,0.74027437,0.6626589,0.62939245,4.4051294,5.246435,6.0877414,6.929047,6.326158,5.5930147,4.8740664,4.1369643,3.4341326,2.9122593,2.3903863,1.993163,1.6050386,1.2770741,0.94910955,0.733477,0.56148386,0.36529317,0.41213608,0.40808597,0.34915486,0.33736607,0.36836973,0.39937338,0.41973153,0.44008967,0.30002746,0.33227697,0.2584021,0.18452728,0.21086507,0.21212517,0.15995876,0.047746774,0.12715337
22511200020251,0.7320522,0.72125536,0.77010417,0.7238461,0.7162206,0.6953889,0.7661305,0.7926055,0.8190806,0.6263009,0.61171937,4.3303194,5.1791267,6.027934,6.8767414,6.293777,5.5786176,4.8553367,4.080513,3.4795191,2.9353983,2.3912778,2.0319543,1.5938914,1.2850963,0.9763013,0.7105394,0.52571017,0.438141,0.42747098,0.3811949,0.4081868,0.33781788,0.36309278,0.38836768,0.4000862,0.41180468,0.33611548,0.3320264,0.26314858,0.19427079,0.13155249,0.1570617,0.20603819,0.03508659,0.19595389
22511200020261,0.70524925,0.74635184,0.7076612,0.70180476,0.76913583,0.795798,0.76774883,0.74759185,0.7274348,0.6345356,0.5844659,4.3130198,5.1722393,6.031459,6.8906784,6.28822,5.5960956,4.86156,4.1448145,3.4614625,2.9219446,2.3824267,2.0200827,1.5730569,1.2701058,0.96715474,0.76185894,0.53359264,0.39373434,0.38877934,0.39344424,0.37124464,0.29660782,0.35815457,0.41970134,0.4072514,0.39480144,0.31593364,0.35775024,0.27529538,0.19284053,0.13021474,0.19151203,0.14346673,0.12059263,0.19608054
22511200020271,0.7375259,0.70257366,0.67664313,0.72538936,0.74023116,0.67271084,0.74281245,0.72769606,0.71257967,0.61578214,0.61723614,4.3153677,5.179682,6.043996,6.9083095,6.220829,5.534061,4.835869,4.100429,3.4424698,2.8934755,2.3444812,1.9846264,1.521672,1.2304149,0.93915784,0.75752234,0.54656965,0.36974657,0.36399135,0.34504527,0.28976467,0.25920007,0.31041107,0.36162207,0.38052955,0.39943707,0.36513847,0.24651206,0.20578171,0.16505136,0.22430816,0.14602536,0.20582286,0.050746158,0.15001796
22511200020281,0.7556547,0.7545514,0.9192213,0.7758961,0.74909467,0.71738696,0.7831765,0.7568571,0.7305377,0.6125749,0.6266299,4.318123,5.174344,6.0305657,6.8867874,6.2885046,5.658504,4.8667483,4.128707,3.4623852,2.9110925,2.3598,1.9822409,1.607912,1.2975142,0.9871164,0.73433197,0.5382644,0.4216171,0.4068169,0.38093308,0.41104078,0.35015148,0.40057248,0.45099348,0.43808442,0.4251754,0.3531321,0.41257417,0.30794564,0.20331709,0.24136148,0.18590419,0.23278719,0.11012428,0.09914169
22511200020291,0.8173809,0.7847963,1.1866648,0.9339607,0.7242156,0.74460983,0.766137,0.7592987,0.7524603,0.6718836,0.6479369,4.264691,5.15233,6.0399685,6.9276075,6.3179574,5.623083,4.9184437,4.156957,3.4763803,2.9590526,2.4417248,2.0305264,1.644496,1.3087769,0.9730577,0.75979,0.5400772,0.44180351,0.41748372,0.4145795,0.4439953,0.3652437,0.39157876,0.4179138,0.42087364,0.42383352,0.3546016,0.3658031,0.30886456,0.251926,0.2096956,0.2632254,0.1871739,0.08370481,0.15917021
22511200020301,0.73735243,0.73735243,1.89909,1.1828225,0.75019103,0.6862541,0.7658311,0.75397307,0.742115,0.5933899,0.58464193,4.207094,5.1180735,6.0290523,6.9400315,6.3241735,5.660674,5.1019163,4.324492,3.4735787,2.9178736,2.3621683,1.9126548,1.5577676,1.2501192,0.9424709,0.66322404,0.5312591,0.3629293,0.3284575,0.3788678,0.3351657,0.281924,0.35537016,0.42881632,0.4008787,0.3729411,0.27283782,0.3483236,0.27597597,0.20362832,0.20277081,0.17718472,0.107108414,0.07244361,0.17139341
22511200020311,0.75244826,0.75244826,1.2105386,0.9588958,0.7068785,0.7118677,0.77171636,0.7649802,0.75388277,0.6119143,0.58714616,4.195809,5.093708,5.991607,6.8895063,6.2479663,5.638015,5.0894656,4.331369,3.4883966,2.961753,2.4351094,1.9486421,1.5542359,1.2422432,0.9302506,0.7098864,0.60211396,0.36312068,0.39452156,0.35445976,0.38906386,0.33428687,0.37947556,0.4246643,0.43775684,0.45084938,0.3655021,0.36862168,0.29313847,0.21765527,0.17072697,0.18334317,0.08669498,0.09150038,0.19955578
22511200020321,0.84418285,0.84418285,1.2435707,1.0912093,0.70877856,0.74306726,0.82391816,0.55297947,0.7660584,0.6415573,0.61039215,4.174314,5.08964,6.0049663,6.9202924,6.3016305,5.5950556,4.9613028,4.289748,3.4836273,2.918888,2.354149,1.9902846,1.5973856,1.289497,0.98160845,0.72889245,0.52606475,0.46746266,0.40304875,0.41199845,0.36385086,0.33953616,0.36201647,0.38449675,0.39052862,0.39656046,0.33346286,0.35784677,0.25530595,0.15276515,0.17803976,0.19229905,0.17059515,0.05532336,0.21510376
22511200020331,0.71396816,0.71396816,0.6807516,0.74877214,0.80120236,0.73048943,0.756061,0.755353,0.75464493,0.62019944,0.60807455,4.1275325,5.053273,5.979014,6.904755,6.2582884,5.5711446,4.8592215,4.0551915,3.4300761,2.8709407,2.3118052,1.9442781,1.5151695,1.2159872,0.91680485,0.69117355,0.50860727,0.38689184,0.37519574,0.38905793,0.34233305,0.32861915,0.35749438,0.38636965,0.38891414,0.39145866,0.30991304,0.36646613,0.2686852,0.17090425,0.12878585,0.17556615,0.16445035,0.027046846,0.19601125
22511200020341,0.7796092,0.7796092,0.7459437,0.7307014,0.7347502,0.7162587,0.8025941,0.783796,0.7649979,0.696421,0.6301959,4.1160846,5.047589,5.9790936,6.910598,6.2978864,5.634729,4.9428163,4.152163,3.4587765,2.9112916,2.3638067,1.9758621,1.563361,1.2353637,0.9073664,0.7057808,0.5186979,0.4481975,0.4261827,0.392151,0.3600539,0.2453707,0.30698025,0.3685898,0.37303555,0.3774813,0.33075,0.3712388,0.277139,0.1830392,0.143058,0.1773377,0.1640601,0.068499,0.0836655
22511200020351,0.93818724,0.93818724,0.7105697,0.73451775,0.7031695,0.798017,0.84224486,0.79360306,0.74496126,0.5356321,0.61048234,4.0737767,5.0248923,5.976008,6.9271235,6.302859,5.699704,4.912549,4.161078,3.4768429,2.9076207,2.3383985,1.8750358,1.4760936,1.1746238,0.87315416,0.66866446,0.5081869,0.32457194,0.42254004,0.41235226,0.34405047,0.34428644,0.37319055,0.40209466,0.3592029,0.31631115,0.33740124,0.25180584,0.19940695,0.14700805,0.13515815,0.10162965,0.17137435,-0.009865047,0.23393016
22511200020361,0.75020087,0.75020087,0.5946448,0.75381225,0.77997017,0.6772262,0.73335224,0.71410745,0.6357695,0.5926565,0.557997,3.8537793,4.9032726,5.9527655,7.0022583,6.358874,5.6365604,4.8904963,4.107951,3.516572,2.9377925,2.359013,1.9698955,1.5252923,1.253679,0.98206586,0.75093526,0.46657076,0.35246256,0.41229317,0.32503685,0.31887716,0.31418025,0.34860778,0.38303527,0.38925982,0.39548436,0.29793575,0.29751328,0.20306261,0.10861196,0.102865264,0.07953887,0.09342586,-0.17412144,0.098633766
22511200020371,0.7337439,0.7337439,0.71297437,0.7171766,0.7170564,0.6854988,0.7383051,0.7762472,0.7933803,0.5868261,0.5831495,3.7348971,4.7887154,5.8425336,6.896352,6.329793,5.630451,4.923855,4.1593146,3.479283,2.9637299,2.4481764,2.0330844,1.533231,1.248051,0.9628711,0.7152435,0.5238835,0.3862823,0.3540685,0.38302138,0.3602458,0.3085414,0.3359687,0.363396,0.3620636,0.36073118,0.2883137,0.3179256,0.27452055,0.23111549,0.1358621,0.18474829,0.17936419,0.09272489,0.18239519
22511200020381,0.57317686,0.57317686,0.6875569,0.66998994,0.64739347,0.6874536,0.7331849,0.79967904,0.70874333,0.6399785,0.6055527,3.7542717,4.806656,5.8590403,6.9114246,6.29315,5.6365824,4.8884635,4.158688,3.5007837,2.948478,2.396172,2.0170908,1.5355786,1.2257365,0.91589457,0.66160345,0.52969927,0.36454806,0.37104666,0.35528544,0.34435475,0.27224874,0.314997,0.35774526,0.3666322,0.37551916,0.33336875,0.27676556,0.2542703,0.23177505,0.17782195,0.18242276,0.11596165,0.12647004,0.16331705
22511200020391,0.73133993,0.73133993,0.6943832,0.7042707,0.6905441,0.70737004,0.7865721,0.76906914,0.7409317,0.58781433,0.5901295,3.5805674,4.6775856,5.774604,6.8716226,6.287573,5.653585,4.9130597,4.1969223,3.5206213,2.967835,2.4150486,2.0122893,1.5929676,1.2903277,0.9876876,0.740535,0.5110235,0.34667033,0.40150023,0.34067982,0.33251363,0.2744139,0.32313022,0.37184653,0.3629268,0.35400712,0.3184851,0.28436923,0.22153142,0.15869361,0.11871232,0.13266721,0.15729702,0.052004717,0.15058802
22511200020401,0.7110466,0.7110466,0.6615889,0.6918834,0.70234936,0.7277978,0.7482654,0.72591347,0.7361456,0.6166767,0.5891455,3.5597003,4.667498,5.775296,6.8830943,6.3105855,5.6514893,4.9225345,4.194761,3.5395598,3.0140235,2.488487,2.0622072,1.6131833,1.2939126,0.9746421,0.7003883,0.5371822,0.4045245,0.4309455,0.3755084,0.37338778,0.2977934,0.34545863,0.3931239,0.39116168,0.3891995,0.3289691,0.3397683,0.27621278,0.21265729,0.2385265,0.176809,0.1530757,0.12665829,0.168699
22511200020411,0.7567535,0.7567535,0.7236589,0.7421812,0.7126824,0.7568872,0.746776,0.7575233,0.7423138,0.62650937,0.6261042,3.53021,4.65504,5.7798696,6.9046993,6.299726,5.6559134,4.9649606,4.2234244,3.537912,3.026075,2.5142379,2.103874,1.6486382,1.3260425,1.0034469,0.7386318,0.571009,0.3803916,0.4029979,0.3964675,0.3821112,0.32570338,0.3391717,0.35264,0.3815256,0.4104112,0.3033014,0.3118039,0.2760768,0.2403497,0.1896877,0.1363051,0.229505,0.136274,0.1604161
22511200020421,0.7760688,0.7760688,0.7620229,0.743852,0.73330444,0.7490044,0.77104086,0.77496946,0.75446606,0.65495265,0.6240248,3.4969635,4.6361346,5.775306,6.914478,6.3158655,5.6471763,4.9071703,4.215051,3.5558963,3.0077615,2.4596267,2.0296252,1.6138499,1.2885467,0.9632433,0.74343884,0.55824685,0.43364683,0.41726702,0.40517125,0.40588823,0.33996412,0.35045972,0.36095533,0.38497734,0.40899932,0.31089145,0.32478443,0.27881008,0.23283574,0.20028514,0.23211883,0.18265113,0.14633204,0.19676463
22511200020431,0.7404921,0.7404921,0.760576,0.7427227,0.7273447,0.7527211,0.79337156,0.78203297,0.7758009,0.6600017,0.6345293,3.4411173,4.5879793,5.734842,6.881704,6.347081,5.6691465,4.9291406,4.181864,3.5233543,3.010646,2.4979382,2.0699801,1.6237779,1.2939188,0.96405977,0.7069238,0.54809487,0.42177397,0.41837877,0.38562718,0.37833327,0.313837,0.35348454,0.3931321,0.41437954,0.43562698,0.35241538,0.34351298,0.28238028,0.22124758,0.23865168,0.22208898,0.18559939,0.16079378,0.23433849
22511200020441,0.7734816,0.7734816,0.7321449,0.7729554,0.7282495,0.7317715,0.7555601,0.8063306,0.7495661,0.706504,0.6558814,3.4291887,4.588848,5.748508,6.9081674,6.3218827,5.663225,4.975747,4.2508774,3.5607603,3.0328724,2.5049846,2.0615344,1.6144468,1.2824233,0.9503998,0.758,0.5763908,0.4530885,0.4054695,0.3985778,0.3794546,0.3127395,0.3334635,0.3541875,0.39046365,0.4267398,0.3492025,0.3645198,0.3020455,0.2395712,0.24936791,0.2355784,0.1940092,0.1589415,0.2059779
22511200020451,0.7958122,0.7958122,0.78441745,0.818468,0.73141265,0.7599482,0.81616545,0.8126944,0.7613466,0.6362353,0.62992555,3.3484445,4.540005,5.7315655,6.923126,6.3397756,5.678512,4.945551,4.2032404,3.572875,3.020505,2.4681349,2.0933764,1.6502172,1.3392134,1.0282096,0.7321312,0.58306795,0.46688896,0.41130057,0.41662988,0.37097827,0.35758197,0.38307562,0.40856928,0.41785833,0.42714736,0.36693698,0.35367206,0.31292006,0.27216807,0.22846687,0.22479917,0.18627498,0.14945027,0.14716618
22511200020461,0.7335194,0.7335194,0.7785842,0.7621491,0.74435157,0.7326299,0.7736546,0.81456566,0.78112125,0.6797325,0.65584457,3.3155556,4.527225,5.738894,6.9505634,6.3613567,5.7305937,4.955221,4.256866,3.5909343,3.080666,2.5703976,2.0549495,1.6173954,1.2835683,0.94974107,0.7605791,0.56876,0.41921028,0.4504867,0.44692317,0.42385727,0.32927868,0.36452824,0.39977777,0.42481458,0.4498514,0.34163117,0.33536068,0.31033683,0.28531298,0.21784139,0.23659778,0.22252798,0.10700458,0.19473808
22511200020471,0.81230885,0.81230885,0.76917493,0.6966755,0.79573727,0.7227709,0.7605789,0.75594425,0.7490929,0.61589766,0.59145075,3.2694128,4.4781985,5.686984,6.89577,6.305736,5.6429067,4.9413795,4.225737,3.560675,3.0306358,2.5005968,2.0534437,1.6352655,1.3001323,0.9649991,0.7107056,0.54494476,0.40048474,0.38277304,0.36232805,0.35475755,0.31146196,0.33707762,0.36269325,0.3870658,0.41143835,0.36685744,0.29795974,0.24066125,0.18336275,0.16168655,0.19804655,0.14310445,0.10113455,0.20038605
22511200020481,0.72311896,0.72311896,0.76703876,0.74069357,0.7519201,0.7528386,0.780459,0.8473407,0.72606176,0.6710912,0.6409467,3.2288768,4.447072,5.665267,6.8834624,6.331262,5.6571684,4.923751,4.2399673,3.5813851,3.0278265,2.4742682,2.0529208,1.6356999,1.303246,0.9707922,0.72117907,0.5371021,0.41505268,0.3769013,0.4303409,0.3774972,0.3115992,0.34082627,0.37005338,0.398484,0.42691457,0.3049008,0.28818378,0.25084594,0.21350808,0.19669098,0.19943058,0.20217209,0.19985168,0.21391219
22511200020491,0.7650235,0.7650235,0.76519984,0.72456634,0.7017089,0.70572877,0.72885096,0.73465556,0.76372844,0.59962815,0.5882089,3.1947098,4.4190435,5.6433773,6.8677115,6.303052,5.5933447,4.9299164,4.1820707,3.538742,3.0119557,2.4851694,2.026794,1.5724975,1.2556341,0.9387707,0.671863,0.5234882,0.36766404,0.36351094,0.36774254,0.32359213,0.31235293,0.31384823,0.31534353,0.35213143,0.38891935,0.28476623,0.32899213,0.26313093,0.19726974,0.20341153,0.22179393,0.18100984,0.15650964,0.14756684
22511200020501,0.8054545,0.8054545,0.7359975,0.7261573,0.7334868,0.7223752,0.73360497,0.722939,0.7175576,0.6129153,0.60166967,3.1405427,4.386935,5.633328,6.8797207,6.302866,5.640602,4.9316716,4.2607393,3.5551724,2.9892273,2.423282,2.0626366,1.5989262,1.2714701,0.944014,0.7016777,0.54136187,0.405116,0.3775772,0.3406384,0.3640824,0.3186011,0.33665505,0.354709,0.36027685,0.3658447,0.3110004,0.3068282,0.2411394,0.1754506,0.1827505,0.2113356,0.2025415,0.1475322,0.1841915
22511200020511,0.76425475,0.76425475,0.73929054,0.71224004,0.72530484,0.67692494,0.7753297,0.7933741,0.7260674,0.6191833,0.561779,3.162442,4.412787,5.6631317,6.913476,6.3374586,5.6762733,4.956449,4.211264,3.5619051,3.012156,2.4624069,2.0206842,1.6187437,1.2782174,0.93769115,0.7575181,0.53591526,0.38978463,0.43257734,0.38132152,0.32833853,0.30750522,0.34131533,0.37512544,0.38756752,0.40000963,0.32824883,0.27071184,0.22593863,0.18116543,0.17779222,0.20529893,0.18081763,0.11868173,0.18202703
22511200020521,0.7702046,0.7702046,0.75896114,0.76967293,0.72384095,0.7567682,0.7548304,0.80569994,0.7300778,0.60383916,0.6224423,3.120134,4.3748126,5.629491,6.8841686,6.3164597,5.6497927,4.972078,4.2754016,3.5840414,3.0366225,2.4892035,2.0028448,1.6277983,1.3083049,0.98881155,0.71490985,0.5286477,0.40250623,0.40753463,0.37496793,0.37494123,0.32293203,0.35121834,0.37950462,0.39180377,0.40410292,0.33016562,0.36248043,0.28238842,0.20229644,0.20246433,0.20114364,0.20644853,0.13947724,0.18417133
22511200020531,0.82045543,0.7568857,0.74840623,0.7597952,0.7351407,0.74142194,0.7656784,0.7938711,0.7331563,0.6328204,0.6113082,3.1109488,4.3696766,5.6284046,6.8871326,6.3113365,5.677286,4.965553,4.2028546,3.582567,3.0430772,2.5035877,2.0634084,1.6263013,1.2886819,0.9510624,0.7495162,0.5283961,0.42794892,0.4683715,0.3844398,0.37051,0.321336,0.35730135,0.3932667,0.4118959,0.4305251,0.3148437,0.3203046,0.24813871,0.1759728,0.2328183,0.20775251,0.17863432,0.13199061,0.1739296
22511200030011,0.70195526,0.7035309,0.76279217,0.7097242,0.6769541,0.7469105,0.77966267,0.7803347,0.7156617,0.610083,0.5985461,3.0766912,4.362147,5.647602,6.933058,6.3369684,5.6819143,4.966451,4.216002,3.608201,3.0452526,2.482304,2.099669,1.5891422,1.2849653,0.9807884,0.8234727,0.5797149,0.4354013,0.40354028,0.3805591,0.36369228,0.3004906,0.34842974,0.3963689,0.40167683,0.40698478,0.3381424,0.337304,0.26753378,0.19776359,0.2520006,0.20548078,0.17054859,0.1400652,0.21319568
22511200030021,0.7302335,0.73691636,0.74953556,0.7674724,0.75156724,0.71069103,0.77101207,0.8223191,0.76659715,0.63538545,0.61906314,3.0988836,4.3792763,5.659669,6.940062,6.338047,5.6562467,4.9469185,4.238546,3.5959723,3.0424101,2.488848,2.0916882,1.6834713,1.341512,0.99955267,0.73489195,0.53982216,0.39614576,0.42965987,0.36699465,0.33989185,0.33763957,0.36077031,0.38390106,0.41802526,0.45214945,0.35553086,0.32628876,0.25962886,0.19296896,0.21182637,0.23863646,0.20931976,0.10612046,0.22727907
22511200030031,0.77153426,0.44016653,0.5539956,0.66183543,0.6522843,0.70384544,0.76864886,0.8408479,0.68458265,0.6123368,0.6090937,3.034759,4.3219204,5.6090813,6.8962426,6.331837,5.672103,4.99561,4.2486887,3.6485014,3.0685332,2.488565,2.0546978,1.6022943,1.2750865,0.9478787,0.73682517,0.58156574,0.38277864,0.38428393,0.37978265,0.39227095,0.32574832,0.3538715,0.38199463,0.39591953,0.40984443,0.29053813,0.33086014,0.243876,0.15689184,0.19945604,0.24652094,0.19087984,0.08589664,0.20653205
22511300010011,0.8818226,0.8818226,0.7971296,0.80520976,0.81147856,0.79271036,0.8021471,0.81158376,0.8210205,0.6902227,3.5060055,6.3217883,7.9604855,7.7244344,7.002484,6.2925963,5.4935317,4.7629213,3.9971254,3.2640338,2.815847,2.36766,1.9194733,1.5145037,1.2702899,0.94778067,0.75846875,0.6122688,0.4048842,0.44834667,0.38697448,0.35757607,0.3282334,0.36833942,0.40844548,0.40713817,0.4058309,0.37982076,0.33531266,0.28343186,0.231551,0.17967017,0.17127697,0.17510878,0.056145076,0.18683018
22511300010021,0.84876114,0.84876114,0.79369235,0.79851305,0.805239,0.79084235,0.79545456,0.8000668,0.80467904,0.73979044,0.93213415,6.36783,7.7929196,7.6656,7.010706,6.31847,5.5191407,4.7577863,3.97076,3.2778046,2.8152032,2.352602,1.8900008,1.5008249,1.2686318,0.97939306,0.6210088,0.63134545,0.48102543,0.45017242,0.39883173,0.40870672,0.37282252,0.3994765,0.42613044,0.4283555,0.43058053,0.38169342,0.35978714,0.2923622,0.22493728,0.15751234,0.19431333,0.21729143,0.082061835,0.21056403
22511300010031,0.85479754,0.85479754,0.77788615,0.7787296,0.7871046,0.78238344,0.8322498,0.8073757,0.7657604,0.6822859,0.679605,6.261673,7.9045105,7.5676785,7.0016317,6.305431,5.55257,4.7360783,3.9396894,3.2701054,2.760471,2.2508368,1.8876691,1.4973919,1.2054778,0.96084875,0.6808788,0.59034485,0.47293133,0.43453732,0.41141063,0.42127952,0.40967423,0.41436982,0.41906542,0.41635847,0.41365153,0.35365984,0.3360758,0.29790187,0.25972793,0.15147363,0.15611252,0.19912332,0.07075852,0.19502722
22511300010041,0.82789004,0.82789004,0.76758254,0.76081234,0.7877622,0.79530936,0.7721876,0.7490658,0.76807207,0.69730926,0.62994266,6.2006097,7.916308,7.6279225,6.983354,6.242895,5.5313077,4.7168093,3.9454367,3.2609003,2.7405581,2.220216,1.8687136,1.5038947,1.2146019,0.96260846,0.73975414,0.62996477,0.47342673,0.44056585,0.41086715,0.41597804,0.38860103,0.4131869,0.43777275,0.44261125,0.44744974,0.39454895,0.36248764,0.32323223,0.28397685,0.13661005,0.18667075,0.21391314,0.09506965,0.20023204
22511300010051,0.7807349,0.7807349,0.72744393,0.7506902,0.7239821,0.7581102,0.8034113,0.7280631,0.7268909,0.6480589,0.60487694,6.095921,7.9620857,7.6154127,6.913057,6.216009,5.4772706,4.66986,3.9086614,3.2077496,2.6986022,2.1894548,1.8273321,1.4334263,1.1862394,0.92917544,0.8271088,0.58045954,0.4403066,0.4045728,0.3802399,0.3981527,0.3705607,0.38612112,0.4016815,0.40345997,0.40523842,0.3277972,0.30880722,0.28972283,0.2706384,0.10085822,0.13967451,0.16470362,0.02330242,0.16036771
22511300010061,0.81312823,0.81312823,0.7459148,0.7586528,0.75743824,0.7240955,0.82980925,0.7172144,0.74947894,0.68302083,0.61478573,6.0877523,8.041443,7.779633,6.893386,6.2178884,5.428141,4.6596255,3.9031959,3.2022755,2.6847472,2.167219,1.8650022,1.4886583,1.1488156,0.92539734,0.5641598,0.58294004,0.4674422,0.392944,0.39827612,0.39653292,0.33320513,0.37473613,0.41626713,0.40409878,0.39193043,0.36520544,0.3242098,0.29769498,0.27118012,0.115248226,0.15200372,0.18298332,0.055935424,0.17614092
22511300010071,0.7951345,0.7951345,0.7417089,0.72203237,0.75244683,0.72194684,0.8437288,0.74203485,0.7416484,0.64844316,0.6159223,6.0709844,6.353216,6.635448,6.91768,6.212384,5.458551,4.661608,3.8881028,3.2047598,2.6754057,2.1460514,1.8558166,1.4566891,1.1549668,0.92904073,0.74993205,0.5708234,0.42884704,0.37560025,0.34954965,0.41331965,0.35725805,0.36593056,0.37460306,0.38648662,0.39837015,0.34404346,0.29661566,0.27825361,0.25989157,0.11361246,0.17676775,0.18503636,0.035606954,0.17449565
22511300010081,0.82512987,0.82512987,0.7443529,0.7433737,0.76872927,0.7361564,0.8791976,0.74925,0.7092322,0.6926963,0.6053855,6.057845,6.3396244,6.621403,6.9031825,6.1984,5.4528556,4.6419315,3.8942435,3.1918552,2.6890466,2.1862383,1.8294218,1.4633648,1.152247,0.94328487,0.7616494,0.580014,0.4490877,0.3910249,0.3610467,0.3784134,0.3478894,0.35752285,0.3671563,0.38584045,0.4045246,0.345411,0.307333,0.27481213,0.2422913,0.1056155,0.143476,0.1764891,0.051982895,0.1824891
22511300010091,0.8432763,0.8432763,0.7503804,0.7466374,0.752378,0.7512411,0.84041303,0.749586,0.74196863,0.6571884,0.6410284,6.0784607,6.350596,6.6227307,6.894866,6.2109065,5.45934,4.6374516,3.8771012,3.1739452,2.6751082,2.1762712,1.8256382,1.4738163,1.1819265,0.9283315,0.752812,0.5772926,0.4510644,0.40679112,0.38439462,0.3759045,0.3499636,0.36994395,0.38992432,0.39589557,0.4018668,0.3229427,0.32555512,0.27744535,0.2293356,0.1301579,0.1740245,0.19424321,0.045962807,0.16462061
22511300010101,0.80351335,0.80351335,0.71772695,0.7278947,0.73497653,0.7280411,0.7843955,0.73842454,0.7267961,0.63684464,0.6129797,6.066965,6.3416977,6.61643,6.8911624,6.177339,5.440178,4.6490974,3.8915496,3.1788113,2.672549,2.1662867,1.8238648,1.4513779,1.1562858,0.92291903,0.75544196,0.5879649,0.4544478,0.41074982,0.3872896,0.397538,0.3440211,0.36722723,0.3904333,0.39550537,0.40057743,0.33695912,0.31890693,0.27774286,0.23657882,0.12091902,0.14717382,0.18632682,0.047296617,0.19019742
22511300010111,0.79377437,0.79377437,0.735603,0.7503894,0.7176333,0.7364138,0.7889363,0.77417547,0.7491485,0.6539914,0.6134624,6.065459,6.332307,6.599155,6.866003,6.1778173,5.45061,4.627305,3.880314,3.16963,2.6740346,2.178439,1.8365662,1.4450995,1.1708368,0.9212013,0.75361717,0.5860331,0.4649588,0.3959846,0.3852056,0.4061994,0.3920197,0.3990162,0.40601268,0.40893266,0.4118526,0.35931578,0.3283363,0.29024404,0.2521518,0.111584894,0.1606803,0.18803689,0.038209796,0.1744359
22511300010121,0.8131054,0.8131054,0.7433602,0.76768404,0.776099,0.7548101,0.7888916,0.78540903,0.7819264,0.63370514,0.64694744,6.1532044,6.406344,6.6594834,6.912623,6.2211475,5.4776754,4.6676426,3.8854737,3.18239,2.7291603,2.2759306,1.8227011,1.444482,1.181295,0.925701,0.75042474,0.5751484,0.43267012,0.41245732,0.36833403,0.35584322,0.32100463,0.35507512,0.3891456,0.39869988,0.40825412,0.3414559,0.3329834,0.265839,0.19869462,0.13155022,0.17775922,0.17664352,0.046637915,0.18263672
22511300010131,0.7820106,0.7820106,0.7228782,0.7424173,0.7117963,0.7265865,0.7675473,0.7455142,0.7239814,0.6541116,0.5994037,6.067742,6.337694,6.607646,6.877598,6.1799917,5.419478,4.6142173,3.8585148,3.1589136,2.6725307,2.1861477,1.8016934,1.4441992,1.1700011,0.9232418,0.7473935,0.5715452,0.4540087,0.3832467,0.3718586,0.4082197,0.3610545,0.38653365,0.41201282,0.41575354,0.4194943,0.3558748,0.33179912,0.29996046,0.2681218,0.12508601,0.1536987,0.19409971,0.046458706,0.1933652
22511300010141,0.789766,0.789766,0.72501504,0.72580004,0.7177876,0.7217924,0.7897142,0.7512087,0.71627384,0.64780104,0.5914071,6.067058,6.3320494,6.59704,6.8620315,6.16766,5.4076624,4.616785,3.8304634,3.1421711,2.6628838,2.1835964,1.7829081,1.4446182,1.1756192,0.92357004,0.74282515,0.5620802,0.45736754,0.39479813,0.3707719,0.41677314,0.36819163,0.3851081,0.40202463,0.3991635,0.39630243,0.33676612,0.33033141,0.28851253,0.24669363,0.12682043,0.15186013,0.18328513,0.058294326,0.16692592
22511300010151,0.7636227,0.7636227,0.725823,0.72565997,0.7352565,0.7532031,0.7687914,0.7558929,0.71643156,0.66395146,0.6014505,6.058855,6.3143945,6.569934,6.8254733,6.137618,5.390386,4.5877237,3.834471,3.1270099,2.657008,2.1870058,1.7847158,1.4032409,1.1545558,0.91217405,0.7356459,0.5591177,0.44266796,0.41587487,0.38688758,0.40577048,0.3617496,0.38414732,0.40654507,0.4008386,0.39513218,0.37051687,0.34348857,0.302561,0.2616335,0.12798117,0.15071328,0.19456227,0.043343674,0.17792147
22511300010161,0.7838803,0.7838803,0.7279119,0.7429756,0.74258363,0.71512383,0.83086634,0.7444026,0.7230121,0.6391615,0.6073097,6.0317063,6.2979727,6.564239,6.8305054,6.1390076,5.386169,4.596625,3.8393705,3.1447303,2.6328013,2.1208723,1.7780575,1.4395003,1.1665273,0.9135596,0.746148,0.5787364,0.46590942,0.4033392,0.38139182,0.4156292,0.36197472,0.37250125,0.38302782,0.39519435,0.4073609,0.3395158,0.32752192,0.29786882,0.26821572,0.12422581,0.11810381,0.19051331,0.034863614,0.19542001
22511300010171,0.7679478,0.7679478,0.73957366,0.74490035,0.74258745,0.73557246,0.79526806,0.72315407,0.7460747,0.64845055,0.6167893,6.007098,6.2786894,6.5502806,6.8218718,6.1393905,5.3810368,4.598849,3.8096642,3.15353,2.647158,2.1407857,1.7881708,1.4443017,1.1554271,0.9072,0.7358225,0.5644451,0.45205227,0.38685146,0.39549997,0.38776466,0.35914016,0.3788391,0.39853808,0.40159148,0.40464488,0.35630596,0.34926957,0.31561568,0.28196177,0.11649977,0.16111337,0.20677216,0.06915557,0.21083297
22511300010181,0.7551255,0.7833185,0.75544554,0.7286768,0.7381314,0.7487359,0.74748355,0.7462312,0.7402874,0.6543558,0.6292516,5.968193,6.2432256,6.518258,6.79329,6.1340647,5.3624916,4.582531,3.8387299,3.1472836,2.6618028,2.1763222,1.7908256,1.4480634,1.1973888,0.9142503,0.7397776,0.56530493,0.4156925,0.40704003,0.38196272,0.39446402,0.3473924,0.37551582,0.40363923,0.39513806,0.3866369,0.33381003,0.3372892,0.31358466,0.28988013,0.12276432,0.17911991,0.21741392,0.043271918,0.19846912
22511300010191,0.7113971,0.8026406,0.74703103,0.7425201,0.7103588,0.7459173,0.76076335,0.7756093,0.74948144,0.65631175,0.6042891,5.959978,6.243741,6.527504,6.811267,6.124512,5.385758,4.5736327,3.8393166,3.140204,2.6163435,2.0924828,1.7869588,1.4326503,1.1389872,0.9265444,0.739981,0.5534176,0.44990242,0.42100212,0.3784595,0.39615962,0.33287063,0.37651363,0.42015663,0.41894832,0.41774002,0.34308833,0.34226424,0.29831922,0.25437424,0.17839523,0.16484232,0.17566583,0.062291224,0.16953582
22511300010201,0.7450838,0.7669438,0.71272206,0.7392044,0.71545446,0.72400934,0.7442005,0.7643917,0.71771,0.63966703,0.61973155,5.9625187,6.246521,6.530523,6.814525,6.1126423,5.3666787,4.5835977,3.8230042,3.1268806,2.6197624,2.112644,1.7667046,1.4153197,1.1570853,0.89850163,0.72677726,0.5550528,0.45000574,0.41390723,0.37385353,0.39918405,0.33734423,0.37285224,0.40836024,0.41365972,0.41895923,0.33180574,0.33031034,0.28348035,0.23665033,0.13364533,0.15178373,0.21094373,0.053893432,0.19757433
22511300010211,0.7051805,0.7337977,0.68650544,0.70601314,0.6872084,0.68776745,0.7168587,0.7459499,0.70075345,0.5971788,0.583392,5.902336,6.1903024,6.4782686,6.766235,6.068629,5.332105,4.5256495,3.7728748,3.10636,2.5792933,2.0522265,1.7353381,1.3902054,1.1301432,0.879006,0.70017743,0.52134883,0.41832274,0.38019705,0.35094473,0.35815135,0.31919774,0.34792835,0.37665895,0.38705185,0.39744473,0.31974134,0.31145504,0.2822012,0.25294733,0.09979674,0.10466124,0.15436594,0.06226524,0.16794723
22511300010221,0.7087534,0.7108878,0.6913296,0.67445683,0.69283664,0.687968,0.69830954,0.7086511,0.6653396,0.5859794,0.5627297,5.924061,6.199231,6.4744015,6.749572,6.054679,5.325546,4.5288835,3.774374,3.07563,2.5769231,2.0782163,1.7345989,1.3721977,1.1309687,0.86686134,0.6883359,0.5098105,0.4115219,0.36399382,0.34614852,0.37690163,0.3407345,0.3529019,0.36506933,0.3812333,0.3973973,0.3372513,0.29016742,0.26835263,0.24653782,0.116709314,0.087563716,0.14613132,0.107885316,0.16928361
22511300010231,0.70553607,0.72205293,0.67514384,0.68118984,0.68094397,0.66841024,0.6971428,0.7258754,0.69034576,0.57998216,0.57725114,5.94472,6.214979,6.485239,6.755499,6.064134,5.330797,4.5305567,3.7614713,3.07871,2.576052,2.0733938,1.7347379,1.389133,1.152837,0.8727456,0.68727,0.50179446,0.40917486,0.37194747,0.37762687,0.39723715,0.37840295,0.40260896,0.42681497,0.44533172,0.46384847,0.37126097,0.34318686,0.33119425,0.31920165,0.15713756,0.08001216,0.16942306,0.14130177,0.19866446
22511300010241,0.7343256,0.70296884,0.691216,0.6751496,0.6938387,0.6753065,0.6974261,0.7195456,0.7039069,0.5777734,0.55658144,6.0170054,6.263083,6.50916,6.755237,6.050067,5.31222,4.523349,3.7599413,3.064959,2.5764725,2.0879858,1.7486608,1.3905978,1.1827763,0.87936354,0.70715517,0.5349468,0.42965412,0.3867005,0.4118067,0.4629065,0.3970836,0.41951728,0.44195092,0.45841098,0.474871,0.3670018,0.3309948,0.36996648,0.4089381,0.119208716,0.12907882,0.19345722,0.17224002,0.24445462
22511300010251,0.70775795,0.6959875,0.70900863,0.7095673,0.7154756,0.7144613,0.7303424,0.74622345,0.7124927,0.5950465,0.5593482,6.014768,6.2586403,6.5025125,6.7463846,6.0604744,5.3091335,4.5078716,3.7780998,3.0556538,2.5983405,2.1410272,1.6837138,1.333209,1.1407106,0.874494,0.70563626,0.5367785,0.38683954,0.38989404,0.37583885,0.40186223,0.34720513,0.3740978,0.40099043,0.431633,0.46227553,0.35190624,0.30793235,0.23426037,0.1605884,0.08691643,0.14430374,0.21684574,0.15094823,0.19514154
22511300020011,0.83323944,0.83323944,0.8291096,0.7533575,0.83517283,0.8024864,0.7975026,0.7925187,0.78753483,0.71599,3.551725,6.3874598,6.589315,6.79117,6.993026,6.3443108,5.6047587,4.750956,4.0002046,3.2893705,2.811542,2.3337135,1.8923808,1.5060765,1.2633892,0.90613985,0.7268117,0.5474836,0.48158133,0.47359562,0.36643392,0.42199123,0.38947773,0.39645642,0.40343514,0.40342513,0.4034151,0.4126132,0.32574803,0.2523929,0.17903776,0.10568263,0.11979222,0.16369273,0.072259225,0.113978624
22511300020021,0.81293243,0.81293243,0.75112975,0.7889171,0.7593237,0.74639475,0.8342844,0.78403443,0.74203104,0.6933617,0.6277281,6.3067183,6.5336666,6.760615,6.9875627,6.2614655,5.5199018,4.7165084,3.9494343,3.252088,2.7593367,2.2665854,1.8506613,1.5048776,1.2127268,0.9445958,0.8779907,0.6066631,0.48256594,0.40926152,0.40803173,0.46929953,0.42065513,0.4377699,0.45488462,0.44932508,0.44376552,0.37726402,0.35466442,0.32550943,0.2963544,0.122440025,0.18804422,0.20890082,0.094811425,0.18302202
22511300020031,0.84934336,0.84934336,0.74483794,0.74327457,0.76119745,0.7604237,0.81171703,0.76231706,0.75785136,0.65373325,0.61820984,6.30957,6.5361705,6.7627716,6.9893723,6.2834835,5.4925323,4.7058306,3.9485228,3.2476664,2.7727997,2.297933,1.8887403,1.4899377,1.1918179,0.94950265,0.82091516,0.5784289,0.47509634,0.40263876,0.38661185,0.43209425,0.42852816,0.4211794,0.41383064,0.4298812,0.44593176,0.37122765,0.36364284,0.32739925,0.29115564,0.10327025,0.23231255,0.23669896,0.12236645,0.16405106
22511300020041,0.8207987,0.8207987,0.7352915,0.7960895,0.7556812,0.7655602,0.8115896,0.8541262,0.7770905,0.6815516,0.6328965,6.287848,6.520785,6.7537217,6.9866586,6.289006,5.5515957,4.722793,3.9222362,3.2474868,2.724508,2.201529,1.8362038,1.4577521,1.2002584,0.9459496,0.7184657,0.5552907,0.4936041,0.4377932,0.4180767,0.4115571,0.4270421,0.425558,0.4240739,0.44608316,0.4680924,0.3564805,0.3790588,0.34150866,0.3039585,0.1043941,0.1986095,0.2598688,0.013067298,0.1008845
22511300020051,0.85579205,0.85579205,0.8038309,0.7779173,0.7801057,0.79195166,0.82847166,1.0055798,0.79771453,0.73269206,0.69115984,6.313756,6.54556,6.777364,7.0091677,6.3366075,5.5547915,4.7665715,3.9690413,3.268404,2.7905617,2.3127193,1.903345,1.5199683,1.2637117,0.97495127,0.78835464,0.62082756,0.50776696,0.44429025,0.41769323,0.44270045,0.42027685,0.4361035,0.45193014,0.47090438,0.48987862,0.43186355,0.39036143,0.35574552,0.32112965,0.14365514,0.19519244,0.31736323,0.050400637,0.20540184
22511300020061,0.8375329,0.8375329,0.8077549,0.8454543,0.8367913,0.8040818,0.8197699,0.8143444,0.8089189,0.7049134,0.67396957,6.3816557,6.597948,6.814241,7.0305333,6.3369718,5.5876126,4.7838354,3.9311547,3.2819614,2.7760968,2.2702322,1.9152586,1.4975827,1.2265648,0.9984777,0.79956377,0.5867148,0.50970167,0.45950228,0.427629,0.40657258,0.4251246,0.43932268,0.4535208,0.44923905,0.4449573,0.4031956,0.3804983,0.35877943,0.3370606,0.16269319,0.11996669,0.2938636,0.10915899,0.2333781
22511300020071,0.7991949,0.7991949,0.7902109,0.81208557,0.8294114,0.8034829,0.8812151,0.8626058,0.7939225,0.74238425,0.693383,6.420612,6.6314964,6.8423805,7.053265,6.352502,5.5745063,4.757423,3.9905756,3.2722855,2.78667,2.3010545,1.9739708,1.4885318,1.2218308,0.9897578,0.7921921,0.6500427,0.5006333,0.46370217,0.40558457,0.4451795,0.44303238,0.46432653,0.48562068,0.48059082,0.475561,0.4075333,0.3791858,0.36500862,0.35083148,0.11686228,0.14379938,0.31886747,0.074209586,0.22403349
22511300020081,0.7948571,0.7948571,0.79974526,0.81081635,0.78205687,0.82629645,0.85846376,0.84738046,0.7911953,0.7258172,0.64901775,6.3462305,7.98451,7.7418036,7.06669,6.3309107,5.5821133,4.7646284,4.024553,3.2802973,2.788216,2.2961347,1.8934848,1.5157837,1.225802,0.969378,0.6069553,0.60262567,0.5000052,0.43480366,0.40249598,0.38964936,0.4384094,0.44387633,0.44934326,0.44157502,0.43380678,0.4144033,0.39275366,0.36509603,0.33743837,0.11881317,0.13905598,0.27365658,0.019302776,0.14762367
22511300020091,0.8512667,0.8512667,0.77996296,0.82008266,0.804466,0.8160171,0.87031966,0.826674,0.7657053,0.7231939,0.6925005,6.424562,8.077223,7.716873,7.0792546,6.338333,5.5852466,4.765389,3.9851663,3.2792711,2.8393135,2.399356,1.9357227,1.5931327,1.265771,0.9858765,0.7167004,0.5940227,0.4916302,0.4460179,0.40062258,0.42799577,0.4141743,0.44219482,0.47021538,0.46624112,0.4622669,0.40827167,0.43809968,0.37994152,0.3217834,0.10925578,0.15791859,0.2868091,0.06765769,0.22660129
22511300020101,0.8894378,0.8894378,0.78805995,0.8171525,0.79358804,0.77185065,0.8324428,0.90817213,0.8005526,0.6877678,0.6343498,6.4173484,8.211761,7.6883936,7.090985,6.3621235,5.613838,4.7768326,3.9941802,3.2837145,2.8002505,2.3167863,1.9354243,1.497969,1.2677325,0.9914351,0.83846235,0.58461714,0.44303203,0.4034334,0.38462994,0.39032412,0.3993568,0.41406843,0.42878002,0.44199368,0.45520732,0.38271573,0.40670404,0.35818502,0.30966604,0.12612352,0.18327942,0.23651282,-0.0031791762,0.20419022
22511300020111,0.8264317,0.8264317,0.7404744,0.8038085,0.7721886,0.8013876,0.8381084,0.8302967,0.7685607,0.7004279,0.6498711,4.366174,8.082477,7.6294403,7.0446496,6.331315,5.6227646,4.781132,3.992247,3.2714384,2.8117313,2.3520243,1.892317,1.4823945,1.2201931,0.9489576,0.76899344,0.5323074,0.4499613,0.41881552,0.38341713,0.3976426,0.35772762,0.3915927,0.4254578,0.43147436,0.4374909,0.356678,0.37698752,0.3245393,0.27209112,0.10074302,0.11231652,0.22101972,0.06979322,0.22633232
22511300020121,0.83859444,0.83859444,0.8025161,0.8345087,0.80797684,0.7933356,0.85827315,0.90071744,0.8108322,0.6842562,0.6829493,4.396428,8.109906,7.58719,7.0644736,6.368423,5.6531906,4.8235383,4.0104785,3.2750669,2.8359036,2.3967404,1.9575773,1.5184141,1.28745,0.97500044,0.78746724,0.573028,0.49750823,0.43378672,0.38362303,0.42506152,0.33760673,0.36648303,0.3953593,0.42857513,0.46179092,0.3933713,0.34246522,0.30522946,0.26799372,0.19258642,0.17975612,0.24747951,0.05477512,0.26785752
22511300020131,0.8552653,0.8552653,0.7511811,0.79279536,0.84749943,0.78262216,0.80086344,0.8747599,0.75984246,0.6966782,0.67932886,3.0107808,5.3422327,7.6736846,7.0914187,6.3834057,5.620619,4.802216,4.0108604,3.2880802,2.7908864,2.2936928,1.7964991,1.4861187,1.2422404,0.92070836,0.68979776,0.59525263,0.44077674,0.45196304,0.41221774,0.36445224,0.38629925,0.4074584,0.42861754,0.4480852,0.46755284,0.34813243,0.38697663,0.3458219,0.30466715,0.11247334,0.12333464,0.27121595,0.08534714,0.18983784
22511300020141,0.8435219,0.8435219,0.7777373,0.83785784,0.8537935,0.8099833,0.87068963,0.8123514,0.8014772,0.73947054,0.7396884,2.3368227,3.933957,5.5310917,7.128226,6.4207225,5.6798477,4.837287,4.0283675,3.326426,2.8673866,2.4083474,1.949308,1.4902687,1.2062346,0.9245851,0.74199504,0.5488889,0.43654543,0.48914033,0.40169942,0.38822913,0.36928612,0.41102996,0.4527738,0.470788,0.48880222,0.3870893,0.39573792,0.31915003,0.24256212,0.108179115,0.14134772,0.27748153,0.05260892,0.22764632
22511300020151,0.80952466,0.787286,0.7650474,0.80780727,0.83863914,0.81455845,0.87028897,0.8507841,0.81916004,0.6797534,0.67516685,6.6109443,8.203431,7.8869905,7.1626606,6.4286447,5.6086655,4.838347,4.0597925,3.3472311,2.8029346,2.2586381,1.910335,1.5620317,1.2519914,0.96644527,0.74564093,0.65459275,0.45636314,0.44367886,0.39396024,0.41471854,0.34507605,0.3869252,0.42877436,0.4159397,0.40310505,0.36843225,0.32616854,0.25148448,0.17680044,0.10728614,0.15104865,0.21166635,0.06514254,0.12055895
22511300020161,0.7681305,0.7811943,0.7942582,0.8125238,0.80780745,0.81148237,0.83579665,0.81590873,0.79372627,0.70355994,0.70782894,6.5995154,8.24799,7.8789964,7.161962,6.4008145,5.668883,4.8134103,4.048515,3.296669,2.7921917,2.2877145,1.8985714,1.5094283,1.2493657,0.98176754,0.7358497,0.58916104,0.44896165,0.42257574,0.39770815,0.40224865,0.39390346,0.390157,0.38641056,0.41634226,0.44627395,0.36670184,0.38097957,0.33825916,0.29553875,0.13074785,0.16534735,0.29812416,0.023864856,0.16368026
22511300020171,0.91382277,0.9422197,0.738089,0.7890185,0.8207866,0.7885135,0.8695386,0.8232694,0.7817528,0.8357026,0.6397673,6.6095,8.231792,7.8375473,7.152227,6.455528,5.5610156,4.8267546,4.0026884,3.2934787,2.8333404,2.3732018,1.885617,1.4935029,1.2515948,0.9729104,0.7964554,0.6224114,1.0342788,0.8005194,0.3665904,0.3416859,0.3915936,0.40742496,0.4232563,0.4289005,0.4345447,0.8287589,0.3671484,0.7719294,1.1767104,0.060275,0.1111182,0.2371011,0.043343,0.1390041
22511300020181,0.80939317,0.7637019,0.7452752,0.7918667,0.798917,0.8362931,0.8396498,0.8203003,0.7825715,0.7679257,0.669011,6.581242,8.261077,7.84666,7.131903,6.4202,5.602603,4.7898965,4.023461,3.2883112,2.8473744,2.4064376,1.8383152,1.7761891,1.4999491,1.2220558,0.6961207,0.7489896,0.4199397,0.3961997,0.3872157,0.3228494,0.25001138,0.29004973,0.33008808,0.34341368,0.35673928,0.3424014,0.2965262,0.26799256,0.23945889,0.10675399,0.17832088,0.13139088,-0.026634108,0.13609739
22511300020191,0.787705,0.78504646,0.7823879,0.8282434,0.8228192,0.834324,0.8718867,0.8766024,0.8334544,0.708925,0.6920741,6.6808114,8.324469,7.9077673,7.2015743,6.479221,5.7101684,5.1138263,4.0690255,3.3583694,2.8140738,2.2697785,1.873848,1.5369633,1.2907102,1.012487,0.7316896,0.6522417,0.4390746,0.4717339,0.3881472,0.4162353,0.3775742,0.399469,0.4213638,0.4259756,0.43058738,0.34754258,0.3341159,0.2564254,0.17873496,0.10104449,0.1603369,0.11216309,0.06398929,0.2479491
22511300020201,0.8977724,0.80842274,0.76846707,0.85615194,0.82799816,0.82343274,0.9159871,0.8262994,0.80241615,0.7111198,0.65957355,6.7215414,8.349862,7.9497094,7.216123,6.494254,5.665494,4.922561,4.0742598,3.359561,2.8783774,2.397194,1.9694157,1.5416373,1.2515603,0.9524699,0.74765056,0.59814113,0.46010107,0.46507436,0.41390535,0.36774525,0.34880146,0.39248195,0.43616247,0.452853,0.46954355,0.36756557,0.34976977,0.26340955,0.17704935,0.13490185,0.16311575,0.10619381,0.04927186,0.19426686
22511300020211,0.8665376,0.82041985,0.76916224,0.83494747,0.8368089,0.81137246,0.84370184,0.89226824,0.82953846,0.78602237,0.7161133,4.5317855,8.347457,7.9708524,7.2448606,6.495967,5.7623053,4.8862042,4.1032763,3.3540158,2.839982,2.3259482,1.9223917,1.5030305,1.2686366,0.98607385,0.76266265,0.6060625,0.45555183,0.45889285,0.41834894,0.38049185,0.31625643,0.38529804,0.45433965,0.44786415,0.44138864,0.37714705,0.39905903,0.254167,0.10927494,0.14489304,0.17965594,0.105812445,0.031968944,0.24164014
22511300020221,0.825164,0.85923785,0.79183495,0.79663855,0.8233969,0.8189098,0.88183445,0.8747615,0.817516,0.75959593,0.68265605,4.5337996,8.384944,7.99452,7.287537,6.5260167,5.7268567,4.8871713,4.0753694,3.365792,2.8526268,2.3394613,1.9440562,1.5486509,1.245399,0.95199525,0.82224864,0.59434694,0.42094734,0.42290124,0.39925364,0.38909534,0.36220685,0.3955734,0.42893994,0.4341734,0.43940684,0.35348946,0.33229694,0.21435544,0.09641395,0.10342905,0.121753946,0.19419035,0.006288346,0.17701614
22511300020231,0.82030594,0.8515397,0.81331915,0.80829054,0.84072423,0.83863634,0.85434717,0.8395501,0.7986711,0.73035026,0.70272774,4.5370812,8.371435,7.986842,7.288262,6.5292916,5.7195067,4.8883395,4.0875735,3.3726523,2.8361063,2.29956,1.9070044,1.5144484,1.2566551,0.9469572,0.7464877,0.58912605,0.44094685,0.41503334,0.38254297,0.37912586,0.32017705,0.3519423,0.38370755,0.39549845,0.40728936,0.35676706,0.34884846,0.27325365,0.19765885,0.122064054,0.08836275,0.16030855,0.052063555,0.20016776
22511300020241,0.80770504,0.79500115,0.7903271,0.82671696,0.8267307,0.80330193,0.85695004,0.89217716,0.8260952,0.7021512,0.6634666,4.52953,8.395594,7.9686923,7.307244,6.5492263,5.719988,4.9212713,4.0755563,3.3654256,2.8347607,2.3040957,1.9229512,1.5418067,1.2531062,0.9553779,0.7587113,0.57931155,0.42404565,0.41189685,0.40081865,0.39192826,0.32432184,0.35874906,0.39317626,0.4017064,0.41023654,0.34235325,0.32836914,0.26393542,0.19950168,0.13506795,0.07327765,0.17890155,0.06647695,0.23679025
22511300020251,0.8018524,0.807831,0.8170122,0.827859,0.8549329,0.8385286,0.9008161,0.83519316,0.7863846,0.74163526,0.6561401,6.944032,8.432361,8.028582,7.3205066,6.5456643,5.7550993,4.9039845,4.1104655,3.3892567,2.9038465,2.4184363,1.9900386,1.530719,1.2174613,0.98527247,0.76633567,0.5476301,0.4246843,0.40055808,0.36635688,0.3832509,0.322392,0.35750133,0.39261067,0.38711798,0.3816253,0.34522757,0.32031697,0.22355658,0.12679619,0.11275878,0.14469568,0.16882358,0.08380638,0.20213757
22511300020261,0.78809404,0.8446323,0.77624345,0.7990968,0.8079992,0.8237205,0.8936898,0.8788555,0.8134566,0.723272,0.6991825,4.5668817,8.434581,8.064808,7.313001,6.5930862,5.768974,4.906728,4.1025863,3.3678417,2.8319657,2.2960896,1.9374565,1.5390697,1.2410254,0.93672025,0.81649035,0.5581258,0.4359534,0.38404372,0.36780113,0.38855332,0.3441646,0.36160037,0.37903613,0.38598493,0.39293373,0.32166302,0.30739003,0.2646498,0.22190963,0.12065382,0.034443222,0.19504762,0.028930424,0.18528382
22511300020271,0.8608848,0.93351907,0.8205852,0.83634156,0.8226586,0.82906336,0.87261367,0.90390486,0.83307725,0.7388769,0.7208578,7.082834,8.52875,8.094135,7.370688,6.6182184,5.7909174,4.938409,4.1644526,3.4128256,2.9274406,2.4420557,1.9644793,1.5468565,1.3066472,0.97741646,0.79237795,0.59231025,0.4391077,0.4490868,0.3854907,0.40600747,0.36671066,0.40833578,0.4499609,0.44279543,0.43562996,0.34921616,0.33382916,0.31963342,0.30543768,0.14440908,0.25754207,0.20013998,0.08688768,0.14449498
22511300020281,0.8291188,0.8841336,0.8026883,0.8456533,0.8613059,0.8339005,0.8840032,0.8963099,0.8681656,0.7616098,0.6830135,7.1217456,8.565299,8.095417,7.3476925,6.60377,5.8094115,4.980465,4.183046,3.4270928,2.88482,2.3425472,1.9649148,1.5365098,1.2289039,0.9858717,0.7810301,0.53858757,0.4325512,0.4123957,0.4022679,0.4031278,0.3610253,0.3878958,0.41476628,0.4267939,0.4388215,0.35524338,0.377405,0.30712914,0.23685329,0.12216159,0.21160479,0.253539,0.022437394,0.1359029
22511300020291,0.80076,0.8980198,0.7962161,0.8249927,0.856605,0.83672357,0.8800562,0.88500136,0.8660602,0.7092042,0.6835187,4.633082,8.582645,8.126422,7.391607,6.6302495,5.806851,4.99035,4.1451054,3.4448092,2.8831596,2.32151,1.9732058,1.5526607,1.2490274,0.9746448,0.74710166,0.5950877,0.44518977,0.4552726,0.3825897,0.40881148,0.3425873,0.37844273,0.41429818,0.41336164,0.4124251,0.36365128,0.35352838,0.293346,0.2331636,0.12591138,0.1729779,0.16152568,0.075321585,0.17632179
22511300020301,0.809378,0.8319147,0.8201764,0.81020993,0.83436555,0.8131979,0.87796825,0.8567863,0.83542436,0.73648256,0.7034832,7.113792,8.572628,8.155359,7.4030924,6.634055,5.8163857,4.9756637,4.161332,3.4229307,2.8934927,2.3640544,1.9142637,1.5401528,1.2594279,0.98129743,0.7545685,0.60124016,0.41504765,0.40942782,0.37974504,0.43481055,0.33932054,0.36176533,0.38421014,0.40145087,0.41869164,0.34896383,0.32722834,0.27088502,0.21454173,0.26438543,0.19890773,0.19779384,0.047177035,0.21520543
22511300020311,0.8157257,0.889201,0.83086026,0.84268075,0.84335166,0.8290641,0.86037457,0.89864224,0.82265645,0.76962113,0.64468145,7.0250826,8.601961,8.157972,7.4168854,6.6280193,5.8015084,4.9884806,4.140032,3.419401,2.9160328,2.4126647,1.9132472,1.5251988,1.2261047,0.93664557,0.73197764,0.5884638,0.38491336,0.43161565,0.38457677,0.41351095,0.32709914,0.36173555,0.39637196,0.40247992,0.40858784,0.33322147,0.33135647,0.27691585,0.22247526,0.20800495,0.13031156,0.16759425,0.046913356,0.19882905
22511300020321,0.811529,0.8058708,0.7557778,0.836137,0.816678,0.8320992,0.8730971,0.8486056,0.8183312,0.7160554,0.6718363,4.6198635,8.567891,8.115179,7.408186,6.6423244,5.819946,4.9904523,4.19123,3.4378493,2.924024,2.410199,2.0049696,1.5611714,1.217727,0.9864576,0.7364496,0.5902841,0.3958441,0.3644118,0.363648,0.4141315,0.32718578,0.3618125,0.3964392,0.4053851,0.414331,0.3392204,0.3319797,0.2622464,0.1925131,0.2033974,0.09386499,0.20953779,-0.021111207,0.15956719
22511300020331,0.7882493,0.81225854,0.8294258,0.8395252,0.8728057,0.838922,0.899921,0.877891,0.81691694,0.7096327,0.6556319,4.6260753,8.5965185,8.168771,7.431589,6.669066,5.8305845,5.0078025,4.1673493,3.388586,2.906307,2.424028,1.941749,1.5342437,1.2587472,0.92672044,0.73619205,0.5813269,0.41601384,0.45330802,0.35932893,0.36838472,0.314431,0.33061007,0.34678912,0.3821003,0.41741154,0.33004403,0.3571436,0.26178962,0.16643563,0.11237192,0.13429633,0.103599526,-0.032535277,0.12061162
22511300020341,0.8264006,0.9006225,0.8049944,0.86127853,0.8902186,0.8686048,0.8796638,0.8559822,0.8427238,0.737591,0.7285833,4.676064,8.623545,8.214707,7.5003815,6.7152834,5.8656287,5.033439,4.205465,3.4741678,2.96665,2.4591322,1.9516143,1.5561713,1.2695628,0.9649711,0.8008696,0.60663533,0.4504286,0.40762952,0.4225445,0.4170589,0.3292899,0.38477385,0.44025782,0.43067884,0.4210999,0.3859516,0.3161506,0.28149226,0.2468339,0.1933005,0.15970571,0.2772972,0.043319006,0.1552916
22511300020351,0.83305717,0.8498204,0.8056921,0.82341856,0.81731814,0.8314893,0.87847525,0.89980567,0.8297964,0.7796202,0.7281879,4.6775436,8.626899,8.225691,7.453059,6.6722107,5.8581405,5.036624,4.186173,3.4545965,2.9518409,2.4490852,1.9463296,1.5774014,1.3131063,0.98216355,0.79095155,0.61377007,0.47796604,0.41583845,0.40343264,0.37730655,0.33192486,0.38591933,0.43991384,0.44354054,0.44716725,0.34521183,0.36434996,0.3000708,0.23579165,0.24971175,0.12907395,0.21023355,0.06871725,0.21615605
22511300020361,0.79836,0.8745947,0.8471774,0.8320379,0.8449974,0.8507936,0.8669442,0.8637686,0.8683965,0.7361654,0.6652495,4.669085,8.672921,8.198519,7.477031,6.6581464,5.897191,4.9907985,4.2089887,3.4588745,2.9562488,2.4536233,1.9509978,1.5330054,1.2894539,0.9727339,0.7462325,0.6043983,0.4448375,0.4100475,0.3633439,0.3657687,0.2776111,0.34263295,0.4076548,0.42335194,0.4390491,0.32970652,0.3271206,0.2734132,0.2197058,0.17701751,0.13629691,0.1766293,0.06849141,0.1720871
22511300020371,1.2359627,0.8630288,0.96631044,0.96226025,0.83126754,0.8193026,0.88668674,0.89577633,0.84850025,0.7708051,0.7498108,4.6980886,8.646367,8.188147,7.454415,6.6848464,5.872829,5.053027,4.205556,3.4876637,2.9477637,2.4078634,1.9586252,1.5803862,1.2531879,1.0029508,0.7755172,0.59946406,0.47152385,0.40789163,0.38334844,0.39963323,0.31275663,0.36329505,0.41383344,0.4201766,0.42651975,0.34133443,0.28832152,0.27295303,0.25758454,0.18517584,0.25933495,0.19169714,0.06017904,0.21557574
22511300020381,1.997755,0.82764596,0.79895645,0.8260804,0.8625085,0.8230098,0.92320377,0.9221657,0.81597275,0.73882526,0.63878435,4.645802,8.65282,8.239973,7.482387,6.689597,5.916652,5.0156574,4.210827,3.4752386,2.9375765,2.3999145,1.9964653,1.6005564,1.2133193,0.9752371,0.7666402,0.62083876,0.42440316,0.40670016,0.41766497,0.42086977,0.28308198,0.34368938,0.4042968,0.40871394,0.4131311,0.35283098,0.33124077,0.261499,0.19175717,0.21630417,0.11079207,0.19896528,0.018430974,0.21548627
22511300020391,0.8868822,0.8637882,0.8166245,0.8043544,0.8315127,0.8283785,0.90768844,0.8824055,0.84123504,0.74615544,0.68424654,4.6934357,8.702625,8.245412,7.5010214,6.6974564,5.9285154,5.041687,4.238847,3.488836,2.9592264,2.4296167,1.9624372,1.5680602,1.2817489,0.9995548,0.7730171,0.59928584,0.4143582,0.4109126,0.38822752,0.36765212,0.3189846,0.3414782,0.3639718,0.38204917,0.40012652,0.3346753,0.28265592,0.24711572,0.21157551,0.15244251,0.13263822,0.14570892,0.07494831,0.16706412
22511300020401,0.8604962,0.88589084,0.8561186,0.9241036,0.8735758,0.8764785,0.93867564,0.87793833,0.8095619,0.7954369,0.71305674,4.712703,8.71235,8.259097,7.483988,6.744302,5.930825,5.0463834,4.255823,3.5024178,3.036359,2.5703003,2.027203,1.6085863,1.3260719,0.9835183,0.7638501,0.62696904,0.48547322,0.4649581,0.36973742,0.40750173,0.30513862,0.37305743,0.4409762,0.44413042,0.4472846,0.3627485,0.3416523,0.27576065,0.20986901,0.19111371,0.10054731,0.21054742,0.034998212,0.17336172
22511300020411,0.83997905,0.8815347,0.84406817,0.86457646,0.940041,0.8652258,0.936436,0.93221825,0.84698427,0.74528706,0.73189396,4.724961,8.718028,8.275746,7.5419774,6.7738953,5.9054213,5.085597,4.2731967,3.5195072,3.0250688,2.53063,2.0361915,1.600421,1.2759069,1.0146018,0.8182981,0.61900365,0.49361947,0.4450777,0.3951735,0.41133508,0.35988948,0.38248163,0.4050738,0.40787798,0.41068217,0.40409577,0.35022447,0.25488943,0.15955438,0.15390597,0.12603658,0.20889868,0.07750998,0.21008518
22511300020421,0.8845272,0.9248971,0.82416457,0.8796155,0.9214386,0.85143816,0.94769436,0.93952477,0.8724028,0.7818616,0.73716795,7.292462,8.736098,8.264388,7.5657687,6.763135,5.92458,5.069078,4.271191,3.5379932,3.0388038,2.5396144,2.0404248,1.5224499,1.3518826,1.0050719,0.7728618,0.62195516,0.546909,0.4207762,0.4229332,0.4062419,0.37434098,0.41188052,0.4494201,0.45840278,0.46738547,0.355153,0.36022398,0.31270108,0.26517817,0.20362659,0.20400348,0.20438038,0.042327285,0.20646629
22511300020431,0.8534249,0.9363528,0.8223722,0.8067356,0.93366086,0.9267751,0.91395706,0.92920136,0.8055867,0.7868787,0.7678608,7.3519106,8.733867,8.26915,7.5791793,6.6819263,6.0159883,5.105684,4.2246604,3.4924006,2.9996367,2.5068727,2.0141087,1.636414,1.2574952,0.9408124,0.7918579,0.62472486,0.47201067,0.4615458,0.40962598,0.4739292,0.35234258,0.38808578,0.423829,0.42602873,0.42822847,0.3997301,0.3726993,0.28689665,0.20109399,0.15083498,0.15532428,0.20068648,0.07215388,0.15542838
22511300020441,0.81432635,0.9252073,0.8914561,0.89206743,0.8427046,0.8553645,0.93196523,0.8624563,0.8595619,0.7369188,0.7657396,7.350069,8.83473,8.277158,7.565024,6.811099,5.8875995,5.116324,4.2688723,3.5519166,3.0547853,2.557654,2.0605223,1.6039311,1.359961,1.0083107,0.8181173,0.6566608,0.474696,0.4951626,0.4306139,0.39800772,0.32487422,0.39793417,0.4709941,0.47593683,0.48087952,0.36185792,0.33969212,0.3067634,0.2738347,0.08669682,0.12829642,0.16989602,0.07577082,0.23051642
22511300020451,0.87628293,0.8802603,0.8066789,0.92063653,0.8997596,0.89615613,0.94701964,0.9043622,0.8246637,0.8061163,0.74769473,7.325546,8.725208,8.266488,7.5338316,6.7259803,5.9068675,5.0697427,4.2646713,3.503603,3.0152748,2.5269468,2.0386186,1.598505,1.3111016,1.0334457,0.73572683,0.62054133,0.4442889,0.390865,0.3931115,0.37179253,0.32638022,0.3666802,0.40698022,0.42829522,0.4496102,0.3723742,0.3122442,0.23641686,0.16058952,0.14305691,0.18216085,0.22126481,0.04858231,0.16059421
22511300020461,0.80984944,0.85411584,0.91150385,0.94157654,0.92953056,0.93367577,1.0378776,0.93790823,0.889949,0.8388035,0.77218115,7.361911,8.754038,8.281359,7.5486307,6.860284,5.991541,5.122798,4.2604904,3.5628872,3.0653634,2.5678396,2.0703158,1.6295422,1.373161,0.9804602,0.7812426,0.68335027,0.50403386,0.45680335,0.40635705,0.45045385,0.34350115,0.37721044,0.41091973,0.44456223,0.47820473,0.42042294,0.38361305,0.30026504,0.21691704,0.15479563,0.19409838,0.23340113,0.14972493,0.20132793
22511300020471,0.86213475,0.9259193,0.8255392,0.9216268,0.8782983,0.9177874,0.9079125,0.94870716,0.8464383,0.76830107,0.67929727,7.3584986,8.828617,8.329178,7.565995,6.7858753,5.945054,5.07724,4.280596,3.5425608,3.0814013,2.6202416,2.159082,1.6287961,1.3278288,1.0130832,0.8154877,0.69357157,0.4872065,0.43613508,0.4672444,0.44176587,0.4108548,0.40745798,0.40406117,0.42794994,0.45183867,0.44333556,0.43213698,0.32613888,0.22014077,0.20133868,0.20900723,0.21667577,0.07224778,0.18252148
22511300020481,0.7624512,0.7624512,0.7624512,0.75096816,0.874053,0.8104309,0.8926918,0.9749527,0.8372775,0.6974664,0.73042506,7.4181547,8.783228,8.315023,7.575771,6.8116345,5.9486556,5.0706387,4.3946776,3.5994244,3.068643,2.5378618,2.0070806,1.5796158,1.3766254,1.0597546,0.8192882,0.7102873,0.51956105,0.47506607,0.33740258,0.3882838,0.47571197,0.44795942,0.42020687,0.47141057,0.5226143,0.38531557,0.28763697,0.21048817,0.13333938,0.11157398,0.24110277,0.16766058,-0.011523723,0.11802008
22511300020491,1.0024798,0.9605273,0.86424327,0.875465,0.8180516,0.8385794,0.8244056,0.8791606,0.84532,0.7132061,0.6812459,7.4361887,8.796274,8.329661,7.6072555,6.789042,6.0708976,5.1459064,4.3165817,3.5799448,3.0839913,2.5880377,2.092084,1.5893034,1.3603925,1.0029675,0.7998083,0.6567573,0.5048489,0.4038214,0.43901938,0.4880383,0.3191035,0.37296128,0.4268191,0.45840123,0.4899834,0.4848878,0.3626836,0.2658411,0.1689986,0.14295469,0.107057795,0.3906956,0.14782579,0.2613604
22511300020501,0.87813014,0.91655463,0.84607273,0.9247917,0.86852324,0.91575605,0.9459182,0.9197135,0.83864003,0.759605,0.755786,7.5251913,8.8004465,8.3317,7.5866513,6.773205,5.9503145,5.1243887,4.306807,3.537921,3.0485783,2.5592358,2.0698931,1.6127845,1.3423716,1.0251008,0.84705174,0.63585985,0.47663742,0.4650697,0.3872111,0.4240784,0.32008082,0.3835892,0.44709763,0.46824986,0.48940212,0.36074522,0.362987,0.29085168,0.21871632,0.284525,0.06669482,0.20792192,0.19443722,0.20295382
22511300020511,0.8618069,0.89927584,0.83001703,0.9353125,0.88873565,0.90009505,0.9466776,0.9485855,0.8584334,0.78421324,0.7240064,7.493231,8.804853,8.33785,7.5887117,6.787533,5.9493027,5.1404767,4.2895226,3.536152,3.0431178,2.5500836,2.0570495,1.5954491,1.3500199,0.9912155,0.80607975,0.6082559,0.5094426,0.42280343,0.40213713,0.38516262,0.3629428,0.4008006,0.43865833,0.42574394,0.41282952,0.3641844,0.35768932,0.2806599,0.20363052,0.21413213,0.15734972,0.16943403,0.12290702,0.19899002
22511300020521,0.9213627,0.91902,0.8753566,0.9172842,0.8795673,0.9328758,0.9703638,0.9449645,0.8897808,0.7946474,0.719634,7.482421,8.813159,8.364749,7.5837183,6.779651,6.0321918,5.12977,4.32671,3.5683362,3.0804896,2.592643,2.1047964,1.6513376,1.4796205,0.9722463,0.7587469,0.6843255,0.4830912,0.4343108,0.3926515,0.4265914,0.3312851,0.3774179,0.4235507,0.43733045,0.4511102,0.3925741,0.3605767,0.2826632,0.2047497,0.2133254,0.235925,0.158525,0.1240213,0.1685903
22511300020531,0.92210585,0.90097606,0.88598454,0.94153905,0.92086995,0.9273579,0.9670221,0.93370825,0.8941333,0.7621111,0.75198275,7.4914255,8.863793,8.398552,7.6380215,6.872559,6.0289855,5.2232947,4.364155,3.6097383,3.078148,2.5465574,2.0149672,1.59217,1.4029647,1.0219762,0.8256946,0.635707,0.53106797,0.47002745,0.44484755,0.48102844,0.32093203,0.40578344,0.49063483,0.49515194,0.49966905,0.39410385,0.38256615,0.26891464,0.15526314,0.23708184,0.21645774,0.31243113,0.11890414,0.19932464
22511300020541,0.8389664,0.95934933,0.93417263,0.919088,0.9181245,0.8674478,0.9664538,0.9675998,0.9064527,0.76406,0.7365305,7.460525,8.853884,8.410424,7.6382437,6.8051567,5.9674416,5.170888,4.3615937,3.5935075,3.090691,2.587875,2.0850585,1.6500049,1.3836749,1.0414435,0.8454468,0.689762,0.4849986,0.48789212,0.45532832,0.4574367,0.3594906,0.4133354,0.46718022,0.48209566,0.4970111,0.38224182,0.3481464,0.3171578,0.2861692,0.19921361,0.1754623,0.12653151,0.07760071,0.2750102
22511300020551,0.88813543,0.90982324,0.8875967,0.8836765,0.8802185,0.8533589,0.9338411,0.9204539,0.8704971,0.75956714,0.73047364,4.836928,8.943382,8.407621,7.6199203,6.807761,6.165079,5.163247,4.3275723,3.6179442,3.1127067,2.607469,2.1022313,1.6468729,1.3617349,1.0233172,0.8678442,0.66766685,0.46832702,0.48969552,0.40358824,0.41943562,0.34662184,0.39301184,0.43940184,0.45186198,0.46432212,0.42432234,0.35836604,0.3170426,0.27571914,0.19363894,0.18404153,0.21683863,0.15752183,0.24385573
22511300020561,0.8474535,1.007624,0.84574234,0.91724944,0.90238607,0.8990831,0.91143614,0.94699043,0.8638024,0.751048,0.70174116,4.819456,8.937171,8.419371,7.6120315,6.8776097,5.9457684,5.1555605,4.3975887,3.638881,3.1253467,2.611812,2.0982778,1.6383016,1.3721372,1.0631061,0.83025515,0.63592607,0.45116514,0.5221068,0.43051556,0.48491204,0.36031106,0.37710896,0.39390686,0.4413488,0.48879075,0.37487984,0.40890944,0.3559317,0.30295396,0.18424845,0.12180035,0.12290615,0.12123215,0.15682815
22511300020571,0.9133135,1.0637285,0.82483,0.89613795,0.899095,0.8878429,1.0006948,0.9191007,0.849777,0.7805484,0.7302804,4.825045,8.919809,8.387812,7.6369963,6.8394575,6.087739,5.1873684,4.357605,3.6452096,3.115434,2.5856586,2.055883,1.6688639,1.3404595,1.0343827,0.8384247,0.6747252,0.49558568,0.49150738,0.40288988,0.45309478,0.3688028,0.39919052,0.42957827,0.46046153,0.49134478,0.39215428,0.40851107,0.30411288,0.19971468,0.26767787,0.16410919,0.22566158,0.09090938,0.3006355
22511300020581,0.92126393,0.91723293,0.7968791,0.8651734,0.8642906,0.8604734,0.91852313,0.9166748,0.8345471,0.7719194,0.73082674,4.800991,8.871156,8.371828,7.6644626,6.8457646,6.0157566,5.185749,4.35519,3.582643,3.0477314,2.5128198,1.9779083,1.6140426,1.2507416,1.0166531,0.7740947,0.67636573,0.4290958,0.4607422,0.36633062,0.42609072,0.3364875,0.36903405,0.4015806,0.4124673,0.423354,0.3747369,0.3395648,0.27446982,0.20937482,0.22468682,0.05944021,0.15551041,-0.0040128906,0.14589311
22511300020591,0.8401823,0.8685648,0.7739472,0.8962739,0.9003826,0.90056646,0.8606686,0.900694,0.8774457,0.7272556,0.7397237,4.8258924,8.912062,8.415604,7.6307244,6.8312454,5.98239,5.1335344,4.3738356,3.6143737,3.109252,2.6041303,2.0990088,1.5938872,1.3429925,1.1049196,0.8950189,0.7252339,0.5180608,0.4558802,0.4248288,0.42715058,0.3402505,0.38752943,0.43480837,0.44489613,0.4549839,0.39167148,0.37661847,0.28584713,0.19507578,0.18581128,0.18220398,0.17859669,0.41551948,0.15368399
22511300030011,0.9391014,1.0256096,0.85116214,0.8879757,0.91584843,0.8525549,0.9871221,0.9280307,0.90373814,0.8257427,0.7551781,4.857559,8.959941,8.418202,7.701077,6.878497,6.0418916,5.2052855,4.3529296,3.6527267,3.1454296,2.6381326,2.1308355,1.6235386,1.347911,1.0485585,0.8689558,0.7274696,0.5360159,0.47344512,0.5009057,0.53659815,0.3867959,0.4329408,0.4790857,0.5106533,0.5422209,0.3764964,0.38622743,0.32797322,0.269719,0.22368352,0.22498195,0.22628038,0.22757882,0.18278232
22511300030021,0.88099635,0.8838858,0.8551812,0.84768933,0.98197454,0.8921052,0.9705284,0.9765402,0.8965253,0.8033875,0.6751381,4.8385406,9.001944,8.442025,7.7306924,6.8544083,6.0448427,5.235277,4.3818855,3.6816545,3.1691608,2.6566672,2.1441736,1.6316801,1.3206532,1.0219914,0.8452466,0.70857674,0.48441643,0.47380292,0.42112452,0.5151233,0.4041455,0.4189383,0.4337311,0.4649828,0.4962345,0.38084063,0.39426363,0.32073563,0.24720763,0.40016732,0.28187945,0.1635916,0.04530372,0.18916692
22511300030031,0.87930757,0.8912436,0.8050222,0.91284215,0.94320744,0.91154885,0.86696774,0.99332416,0.93548673,0.80726475,0.76010007,4.85899,8.95788,8.426455,7.672489,6.9026237,6.0638833,5.225143,4.3762465,3.7015,3.2002575,2.6990151,2.197773,1.6965306,1.4783183,1.0804951,0.88287926,0.67429864,0.47822395,0.46430385,0.44394255,0.54958415,0.41423684,0.42578602,0.43733516,0.4931679,0.5490007,0.40625286,0.33782995,0.306154,0.27447805,0.32023615,0.24785858,0.17548102,0.10310345,0.23913236
22511300030041,0.88211966,0.9629194,0.84451026,0.935758,0.90388167,0.84037477,0.96026677,0.9148183,0.8863582,0.7649169,0.70587736,4.8570886,9.0083,8.470422,7.6738,6.850447,6.0341334,5.217819,4.418325,3.6660836,3.055651,2.4452183,2.0287068,1.6121951,1.344989,1.0719795,0.90506697,0.6273921,0.4518995,0.50235206,0.42972228,0.45114237,0.4043938,0.39372748,0.38306117,0.47678342,0.5705057,0.40754798,0.25802988,0.27239233,0.2867548,0.28683677,0.2652901,0.24374343,0.22219676,0.20065008
22511300030051,0.8527602,0.9971332,0.8764195,0.9045197,0.94750947,0.9014243,1.021957,0.9221132,0.9381769,0.79403996,0.7624904,4.8810077,8.999525,8.462843,7.7046804,6.881677,6.0563593,5.2310414,4.4027486,3.6701672,3.1966455,2.7231238,2.2496018,1.7147338,1.3753427,1.0722396,0.8880132,0.6839294,0.5389502,0.4563058,0.4364393,0.4279031,0.3905901,0.4532404,0.5158907,0.5352905,0.5546903,0.4214482,0.3841528,0.3398728,0.29559278,0.1624904,0.18633266,0.21017493,0.2340172,0.113210395
22511300030061,0.87995,0.8824264,0.8691403,0.8412906,0.9070179,0.9143051,0.90650487,0.873584,0.9126154,0.7662424,0.7478891,4.830439,8.912989,8.439284,7.720946,6.86947,6.0463495,5.223229,4.390353,3.6599572,3.128644,2.5973308,2.0660176,1.7183614,1.3352726,1.0383894,0.8294158,0.673662,0.5518845,0.488207,0.4256967,0.435119,0.4112481,0.4338094,0.4563707,0.46023256,0.4640944,0.3593023,0.3473137,0.34161294,0.3359122,0.283091,0.41936234,0.5556337,0.038390297,0.038390297
22511300030071,1.0416064,0.947475,0.9130358,0.8952347,0.9668586,0.9354159,1.0158244,0.977585,0.9337335,0.8219511,0.7589577,4.8853254,9.011693,8.4733,7.710632,6.976572,6.1341205,5.291669,4.404662,3.700497,3.0712059,2.4419148,1.8126237,1.7309562,1.3754437,1.077062,0.8432893,0.6963979,0.5426019,0.5101608,0.4070892,0.5414625,0.3652022,0.42551705,0.4858319,0.48773414,0.4896364,0.3901823,0.4119563,0.35847905,0.3050018,0.2796615,0.34133735,0.4030132,0.2019175,0.2726694
22511300030081,0.99391794,0.94232106,0.8946195,0.94064194,0.9477993,0.9365711,1.0093416,0.94704497,0.91044205,0.77571106,0.8126965,4.909766,9.006836,8.486878,7.721719,6.9423347,6.1069527,5.271571,4.4443274,3.710827,3.2082496,2.7056718,2.2030942,1.7072102,1.3820834,1.1157932,0.8966109,0.72397476,0.52862954,0.47165665,0.48418266,0.46463403,0.43088764,0.4600583,0.48922893,0.5012339,0.51323885,0.39645004,0.43446034,0.36644745,0.29843456,0.28315315,0.12838125,0.30594495,0.20099224,0.30725855
22511300030091,0.89480305,0.89480305,0.89480305,0.9744622,0.92145866,0.96590245,1.0352359,1.0379162,0.91129214,0.8303074,0.76094013,4.901229,9.041517,8.5672455,7.7723413,6.9825387,6.0964475,5.210356,4.382638,3.6971784,3.187323,2.6774678,2.1676126,1.6689407,1.3847995,1.0438178,0.9408397,0.6689156,0.54617804,0.5782303,0.5456861,0.48497394,0.44689932,0.45138657,0.45587385,0.48216024,0.50844663,0.46662864,0.45898384,0.37000698,0.28103015,0.27171984,0.17030093,0.36159354,0.13473053,0.26296064
22511300030101,1.145244,1.145244,1.145244,0.9285031,0.87935907,0.890943,1.2793307,1.6380266,1.1275709,0.8390052,0.8203994,2.561938,4.303477,6.045016,7.7865543,6.742506,5.9803505,5.218195,4.5006723,3.7833023,3.2239373,2.6645722,2.0114207,1.6574006,1.4443643,1.0555357,0.89718765,0.6478432,0.5100384,0.53221786,0.48697278,0.37864637,0.32572788,0.39753047,0.46933308,0.47905153,0.48876998,0.3812675,0.29187196,0.31533247,0.33879298,0.20545408,0.19866078,0.459471,0.18621647,0.27084187
22511300030111,0.9307096,0.9307096,0.9307096,0.9307096,0.900776,0.8729649,1.1995039,1.1364784,1.0734528,0.7913655,0.8001244,2.5313458,4.262567,5.9937882,7.72501,6.9045725,6.084135,5.2636976,4.401382,3.6749334,3.1605077,2.6460822,1.9589459,1.7825744,1.3531604,1.0884557,0.9505004,0.7283573,0.53105384,0.5482595,0.41738233,0.38167232,0.41884652,0.44848222,0.4781179,0.4838392,0.4895605,0.4364491,0.4335814,0.30027363,0.16696583,0.20310073,0.13431512,0.18772383,0.17390712,0.30006704
22511300030121,0.9467734,0.9467734,0.9467734,0.9467734,1.1530172,0.886731,1.4395385,1.4436812,1.447824,0.78418833,0.79811484,2.5327215,4.2673283,6.001935,7.7365417,6.887405,6.0382686,5.1891317,4.4439483,3.8947954,3.3456428,2.79649,2.247337,1.7177379,1.40479,1.1437285,0.84879404,0.6937083,0.53555036,0.5621624,0.43352613,0.47040102,0.50727594,0.5152254,0.52317494,0.52317506,0.52317524,0.47332063,0.37090123,0.32458794,0.27827463,0.27222294,0.14130552,0.35041043,0.07383413,0.15574963
22511300030131,1.1054977,1.1054977,1.1054977,1.1054977,1.2207497,1.0793546,1.0123307,0.94530666,0.87828267,0.8112587,0.86031014,5.131766,9.403221,8.605366,7.8075113,6.954172,6.1008334,5.247494,4.3941555,3.8437412,3.2933266,2.742912,2.1924977,1.7434962,1.418312,1.0506614,0.9063411,0.45229495,0.53695136,0.51146436,0.55398065,0.5436699,0.45328745,0.5007975,0.54830754,0.5406895,0.5330716,0.47083595,0.51031303,0.32558504,0.14085706,0.22523326,0.21853875,0.31716356,0.11860135,0.09636505
22511300030141,2.0356836,2.0356836,1.5617477,1.0878116,1.0626755,1.0901854,1.3227344,1.5552832,0.94720393,0.9395292,0.77347,4.9874554,9.201441,8.517134,7.7362347,6.6827703,5.9998884,5.317006,4.552913,3.7045965,3.221549,2.7385015,2.2554538,1.7724065,1.563767,1.1558361,0.8658772,0.6390444,0.4122116,0.4791009,0.5392691,0.6182896,0.4429512,0.52314883,0.6033464,0.60366625,0.6039861,0.4216012,0.3460318,0.25512522,0.1642186,0.13453051,0.18604551,0.3101029,0.16621901,0.1620572
22511300030151,0.7414686,0.7414686,0.9379101,1.1343515,1.0754347,0.9820157,1.2876642,1.5933127,0.84283423,0.9246339,0.80415785,4.968489,9.132821,8.597068,7.9421916,7.1057343,6.269277,5.43282,4.5784035,3.79959,3.2362478,2.6729054,2.109563,1.7722206,1.3847622,1.1803408,0.97591937,0.771498,0.5670766,0.56218773,0.45433924,0.19331853,0.25704804,0.3753388,0.49362952,0.5468684,0.60010725,0.46217564,0.25869992,0.2656937,0.27268746,0.27968124,0.20992243,0.31179884,0.23068963,0.17146643
22511300030161,0.98179567,0.98179567,0.98179567,0.98179567,0.9662657,0.9582342,1.4622617,0.8512732,0.98349446,0.83375376,0.791389,3.430647,6.069905,8.709163,7.9007497,7.0530057,6.205261,5.3575172,4.5097733,3.3722932,2.9594266,2.5465603,2.133694,1.7208275,1.4576914,1.0346268,0.8656222,0.69661766,0.5276131,0.49598888,0.44368738,0.23124298,0.3629607,0.42667463,0.49038857,0.53503376,0.579679,0.4069413,0.3249186,0.3345627,0.34420678,0.35385087,0.29739666,0.24094242,0.18448818,0.23094179
22511300030171,1.0193664,1.0193664,1.0193664,1.0193664,1.0294163,0.9416616,1.7344149,0.9357682,0.6646419,0.8613441,0.8281182,5.0742836,9.320449,8.632112,7.858092,7.0081825,6.158273,5.308364,4.493428,3.931909,3.3703897,2.8088703,2.2473512,1.6858318,1.8663725,1.2595327,0.8276326,0.69692534,0.56621814,0.5223598,0.48025763,0.47845948,0.47666132,0.49054468,0.504428,0.5459508,0.5874735,0.41592062,0.26460832,0.4631964,0.66178447,0.86037254,0.6509505,0.44152844,0.23210642,0.25412703
22511300030181,1.1464154,1.1464154,1.1464154,1.1464154,1.0627106,0.979006,0.9745971,0.94551075,0.91642445,0.8873381,0.9485078,5.1087637,9.26902,8.766998,7.909323,7.0626903,6.216057,5.3694234,4.538438,3.9610627,3.3836875,2.8063123,2.2289371,1.6515621,1.4927696,1.3074886,0.9641258,0.82925093,0.694376,0.4092958,0.5104536,0.43233365,0.3542137,0.43218735,0.510161,0.47675166,0.4433423,0.43984112,0.2751613,0.2612941,0.24742691,0.18808751,0.18714981,0.12278241,0.039636407,0.2036305
22511300030191,0.83634216,0.83634216,0.83634216,0.83634216,1.1479074,0.98673916,0.96931154,0.93645465,0.9035978,0.87074083,0.81826806,5.065703,9.313138,8.702313,7.8591824,7.016787,6.1743913,5.3319955,4.549219,3.761241,3.2230792,2.6849174,2.1467557,1.8020288,1.4107459,1.2098517,0.97075254,0.6936294,0.41650626,0.47697115,0.44846496,0.43996584,0.43146676,0.38543066,0.33939457,0.4034523,0.46751004,0.33586654,0.32555446,0.23017335,0.13479225,0.045471456,0.067713656,0.26534945,0.12766376,0.13939555
22511300030201,0.835368,0.835368,0.835368,0.835368,0.8345533,1.0460479,1.1448674,1.243687,1.3425066,0.8319427,0.784868,5.046342,9.307816,8.755675,7.8872256,7.239607,6.3039565,5.368306,4.5213785,3.7914786,3.148008,2.5045376,1.8610669,1.7524325,1.2458078,1.1324661,0.86886597,0.6052658,0.3416657,0.46122196,0.46249357,0.4476292,0.43276486,0.4142469,0.3957289,0.40781417,0.41989946,0.37887686,0.33838576,0.15121147,-0.035962828,-0.024351427,-0.027236227,0.23413648,0.037353374,0.037353374
22511300030211,0.87351406,0.87351406,0.87351406,0.87351406,0.84557384,0.95319587,0.5803405,0.20748515,1.3429081,0.83533716,0.80501175,5.0270624,9.249113,8.758887,7.889816,6.9313197,6.139496,5.3476725,4.5497994,3.8056946,3.2667866,2.7278786,2.1889706,1.6500624,1.4378084,0.92498946,0.93359846,0.9422075,0.9508166,0.48180446,0.44670275,0.4078982,0.36909366,0.3935398,0.41798595,0.45433065,0.49067536,0.43341807,0.32962444,0.16555054,0.0014766509,0.10722065,0.04365775,0.03265345,0.08450365,0.08450365
22511300030221,0.86990726,0.86990726,0.86990726,0.86990726,1.0606307,1.0062195,0.98527604,0.96433264,0.94338924,0.92244583,0.88940066,5.1272388,9.365076,8.764253,7.9494658,7.091368,6.2332706,5.375173,4.552849,3.9282572,3.3983865,2.868516,2.3386455,1.8087747,1.5282362,1.2476976,1.0653868,0.8830759,0.700765,0.51845413,0.47425795,0.39200294,0.38443595,0.3733626,0.36228925,0.427125,0.49196076,0.41435704,0.44067174,0.3912359,0.34180006,-0.13986234,-0.01319085,0.11348065,0.13227224,0.13227224
22511300030231,1.2633684,1.2633684,1.2633684,1.2633684,1.0553629,1.0562187,1.0193176,0.98241633,0.9455151,0.9086139,0.8731131,5.096587,9.320062,8.77122,7.94462,7.1028214,6.261022,5.4192233,4.5672536,4.0173893,3.467525,2.917661,2.3677967,1.8179326,1.4318749,1.0458171,0.91087586,0.77593464,0.6409934,0.4934465,0.5031644,0.5261495,0.4345331,0.4769497,0.51936626,0.4937208,0.4680753,0.4052962,0.34954068,0.110873595,-0.1277935,0.127573,0.10492914,0.08228529,0.029344393,0.029344393
22511300030241,0.8401451,0.8401451,0.8401451,0.8401451,1.2571286,1.0479884,1.0376779,1.0273674,1.0170568,0.9528285,0.9006773,5.1393023,9.377928,8.7999935,7.9184656,7.082826,6.2471867,5.411547,4.588546,4.0005975,3.4126494,2.8247013,2.236753,1.6488048,1.2762247,0.9361255,0.7761847,0.6162438,0.4563029,0.5347018,0.43679342,0.3975745,0.3583556,0.45324472,0.5481338,0.53641397,0.52469414,0.4196582,0.35943198,0.29920578,0.23897955,0.17875332,0.15830392,0.13785452,0.05414292,0.05414292
22511300030251,0.9801152,0.9801152,0.9801152,0.9801152,0.9695189,1.0034337,0.9875261,0.97161853,0.955711,0.9825405,0.8416617,5.0764704,9.311279,8.810503,8.020336,7.3137665,6.393033,5.472299,4.507329,3.6003566,3.1185572,2.6367576,2.1549582,1.6731586,1.4568865,1.2099261,1.0110314,0.8121366,0.61324185,0.41434708,0.4594133,0.4036274,0.3478415,0.35718668,0.36653188,0.46774343,0.568955,0.3260044,0.26223612,0.19846785,0.13469958,0.11323779,0.13214219,0.29588458,0.026049988,0.026049988
22511300030261,0.9251198,0.9251198,0.9251198,0.9251198,0.780839,1.0342928,0.953965,0.8736372,0.7933094,0.8808627,0.8248362,5.099454,9.374071,8.84518,7.9329634,7.170207,6.2729106,5.3756146,4.5950294,3.769879,3.2716737,2.773468,2.2752626,1.6849279,1.3698947,1.0263143,0.89431334,0.7623124,0.6303115,0.4983106,0.495606,0.4036849,0.3117638,0.34027496,0.3687861,0.44861826,0.5284504,0.3122973,0.23978244,0.16726758,0.09475271,0.13089931,0.199281,0.216432,0.0797061,0.2394015
22511300030271,0.9503814,0.9503814,0.9503814,0.9503814,0.88146245,1.0232538,0.94650126,0.8697488,0.7929963,0.9505551,0.7987546,5.142403,9.486052,8.8131075,7.9956203,7.024471,6.225044,5.4256167,4.5842743,3.7407045,3.277216,2.8137274,2.3502388,1.6516508,1.577659,1.0967869,0.88110656,0.6654262,0.44974586,0.46817297,0.40711796,0.38190567,0.35669336,0.41436097,0.47202858,0.4422734,0.41251826,0.43287697,0.48837596,0.47503093,0.46168587,0.17423438,-0.06094683,0.25200576,0.12942077,0.112942666
22511300030281,1.3550344,1.0670215,0.9867343,0.97449327,0.9553509,1.0629885,1.0964357,1.0688292,0.96624637,0.92047334,0.93092656,5.1965256,9.462125,8.814591,7.9950147,6.9822636,6.377786,5.441721,4.58269,3.8170965,3.2731864,2.7292767,2.1853669,1.7609744,1.4023746,1.0780292,0.96523106,0.75301325,0.5630593,0.45807347,0.48751166,0.60425234,0.42966986,0.47531477,0.5209597,0.4873073,0.45365494,0.41318324,0.39348397,0.40277845,0.41207296,0.20139475,0.32086265,0.27510425,0.028831255,0.27726024
22511300030291,1.1062944,1.1992792,0.87850523,0.97624314,0.99941605,1.0265232,1.1303182,1.058593,1.137595,0.96063256,0.88891256,5.2072487,9.525585,8.878373,8.035767,7.0576634,6.3801975,5.4555554,4.598389,3.8104975,3.293309,2.7761204,2.2589316,1.7417432,1.5928696,1.1352473,1.0672458,0.69087213,0.66072965,0.52248746,0.48808926,0.51017606,0.48166555,0.48880655,0.49594754,0.50174594,0.50754434,0.38537017,0.38563997,0.45096645,0.5162929,0.30079886,0.40655604,0.32193625,0.08853705,0.36680835
22511300030301,0.9639027,1.3922116,1.2584848,1.0245347,0.83119506,1.0200468,1.1346333,1.0602809,0.96325916,0.96737474,0.86100644,8.544959,9.613928,8.881816,8.000286,7.23368,6.396141,5.509766,4.622795,3.8706596,3.3347757,2.7988918,2.263008,1.7271242,1.5795786,1.1327057,1.5593554,0.86851615,0.8109831,0.62622106,0.6749017,0.72239804,0.76989436,0.83501786,0.90014136,0.8195152,0.73888916,0.6211491,0.7733262,0.66695267,0.5605791,0.36885145,0.6863232,0.50156695,0.6513124,0.45528975
22511300030311,1.0811807,1.0710368,0.886747,1.0343502,1.048652,1.0862103,0.9567511,1.0401589,1.00026,0.91825503,0.9504378,8.67204,9.637498,8.92477,8.142966,7.130709,6.3339357,5.321155,4.590417,3.90008,3.4416604,2.983241,2.3990033,1.8147656,1.62532,1.2157575,1.5314733,1.132339,0.8860928,0.8071816,0.6569035,0.8309314,1.0049593,0.89359534,0.7822314,0.8172176,0.8522038,0.6348146,0.8932231,0.80722356,0.721224,0.3584426,0.4408621,0.6165838,0.5260052,0.4212352
22511300030321,0.8015407,0.70814055,0.79799896,1.0962076,1.0012637,1.1233187,0.6001227,1.2340796,0.8156435,0.98824525,0.83495235,5.1951814,9.55541,8.930766,8.056086,7.1912727,6.32646,5.4616475,4.7079268,4.118424,3.528921,2.9394178,2.3499148,1.7604117,1.4708956,1.1813796,0.95605963,0.7307397,0.5054198,0.8433654,0.5577093,0.74959695,0.9414847,0.75454503,0.5676054,0.66065294,0.75370044,0.50140494,0.86298454,0.56786656,0.27274856,0.30366617,0.12964407,0.26659077,0.40353745,-0.36963955
22511300030331,0.92381483,0.92381483,0.92381483,0.92381483,0.9490838,1.0950977,1.0644037,1.0337098,1.0030159,0.972322,0.8576248,5.210882,9.564139,8.969032,8.149759,7.264999,6.3802385,5.495478,4.7004395,4.1268353,3.5532317,2.979628,2.4060242,1.8324205,1.6108388,1.3892571,1.2333479,1.0774387,0.9215296,0.7656204,0.5192139,0.7585524,0.99789083,0.64629155,0.2946923,0.5922729,0.8898534,0.4631347,0.8968951,0.7078887,0.51888233,0.32987592,0.14211771,0.1840399,0.22596212,0.22596212
22511300030341,1.0789552,1.0789552,1.0789552,1.0789552,1.2874284,1.0664904,1.7964473,1.5362939,1.4223951,0.98134387,0.9141856,5.2907405,9.6672945,8.948687,8.113622,7.2421327,6.3706436,5.4991546,4.647967,3.996856,3.409382,2.8219082,2.2344344,1.6469604,1.4666604,1.2863605,1.0138719,0.7413834,0.46889487,0.89158267,0.51204807,0.6086554,0.7052628,0.65590644,0.60655016,1.008003,1.4094559,0.46455356,0.79134905,0.74723977,0.7031305,0.35158625,0.5227331,0.38546076,0.24818847,0.24818847
22511300030351,1.0201098,1.0201098,1.0201098,1.0201098,1.1825299,1.0756642,1.0739338,1.1845418,1.0587206,0.9678457,0.8890694,5.2748723,9.660675,9.00558,8.153216,7.261981,6.3707457,5.4795103,4.6776433,3.8864255,3.3573155,2.8282056,2.2990956,1.7699858,1.4387484,1.107511,0.92820185,0.7488927,0.5695836,0.6482337,0.5837431,0.5728026,0.5618621,0.54130256,0.5207431,0.4887044,0.45666575,0.4246271,0.7799884,0.609007,0.4380256,0.3911869,0.5211386,0.53169024,0.5422419,0.5422419
22511300030361,1.0827576,1.0827576,1.0827576,1.0827576,1.1379768,1.0699217,1.0929226,1.1455737,1.0603821,0.9400113,0.86242193,8.411399,9.704736,9.028489,8.186225,7.2952275,6.40423,5.5132327,4.6313624,3.9236207,3.4108937,2.8981667,2.3854394,1.8727124,1.4820191,1.0913259,0.90852255,0.72571915,0.5429158,0.8068006,0.61526924,0.58910847,0.5629477,0.45190397,0.34086022,0.37703788,0.41321555,0.4493932,0.6784876,0.60354704,0.52860653,0.5822125,0.5960688,0.42942873,0.26278862,0.26278862
22511300030371,1.146055,1.146055,1.146055,1.146055,1.0679141,1.0765135,1.1322744,1.1441277,1.0509697,0.9594461,0.9006839,8.880498,9.790149,9.073911,8.176949,7.27695,6.376951,5.476952,4.6304564,3.9018638,3.3932552,2.8846467,2.376038,1.8674296,1.5986081,1.3297868,1.0609654,0.79214406,0.52332264,0.54521257,0.5671025,0.8026107,1.0381188,0.78503823,0.53195757,0.5305574,0.5291572,0.52775705,0.6443375,0.7267428,0.8091482,0.42692596,0.40830398,0.038696367,0.34328026,-0.18606403
22511300030381,1.1373695,1.1373695,1.1373695,1.1373695,1.1914783,1.170473,1.2126062,1.1958251,1.1287379,1.0450178,0.9898929,9.12423,9.86711,9.172741,8.212274,7.3247895,6.4373055,5.5498214,4.685167,3.888675,3.4536219,3.0185685,2.5835152,2.1484618,1.8849798,1.6214978,1.3580158,1.0945338,0.83105177,1.3943783,0.6440136,0.63692665,0.6298397,0.686761,0.7436824,0.6795786,0.6154749,0.5513711,0.7436123,0.6785554,0.61349857,0.3957483,0.35612088,0.4645573,0.5456065,0.21480669
22511300030391,1.4494706,0.5865944,1.2303686,1.0117515,1.0600474,1.1700606,1.2645668,1.3111292,1.1054236,1.0153078,0.9563124,9.245242,9.820153,9.133534,8.256887,7.3600364,6.4631853,5.566334,4.728611,4.000262,3.4540274,2.9077933,2.3615592,1.8153251,1.6473688,1.4794124,1.3114562,1.1434999,0.9755436,1.120791,0.7144175,0.93593156,1.1574455,1.2230246,1.2886037,1.3541827,1.4197617,0.5530543,0.9118309,0.9970395,1.0822481,0.5429265,0.4799769,0.23808569,0.6231531,0.20161109
22511300030401,1.1153085,1.1250592,1.0097021,1.1338482,1.2044027,1.1975454,1.274966,1.1289319,1.1958178,1.1119716,1.0352935,9.274717,9.914442,9.106066,8.240511,7.348474,6.4564376,5.5644007,4.6858325,3.888638,3.392052,2.8954656,2.3988795,1.9022934,1.6365136,1.3707339,1.1049541,0.83917433,0.5733946,0.5631542,0.5529139,0.48636553,0.41981715,0.3532688,0.28672042,0.22017206,0.15362369,0.4877058,0.44071418,0.3937226,0.34673098,0.2997394,0.2757864,0.13284948,-0.010087409,0.8782537
22511300030411,0.8009808,1.0912726,1.1466594,1.1388992,1.0905166,1.1799065,1.1847354,1.0343121,1.0341775,1.0528089,0.9915208,9.306591,9.880347,9.183212,8.277405,7.3806934,6.4839826,5.5872717,4.711271,4.0529,3.5215182,2.9901366,2.458755,1.9273735,1.6515353,1.3756971,1.0998589,0.82402074,0.54818255,0.5480325,0.5952798,-0.06219258,0.21548502,0.41911578,0.6227465,0.55462307,0.4864996,0.3793497,0.3887599,0.3397205,0.29068106,0.24164161,0.038252853,-0.16513592,-0.36852467,-0.36852467
22511300030421,1.0512604,1.0903537,1.0314196,1.1254079,1.1537592,1.0923059,1.1756345,1.1108929,1.056986,0.9765274,0.988606,9.342786,10.005105,9.266478,8.351115,7.164515,5.977915,5.601228,4.7488413,3.9344656,3.402132,2.8697982,2.3374646,1.805131,1.5512278,1.2973248,1.0434216,0.7895185,0.5356154,0.53009146,0.49564368,0.64526474,0.33660468,0.4207698,0.50493497,0.5295054,0.5540758,0.36689907,0.5229891,0.44139367,0.35979828,0.29431427,0.37899488,0.27212122,0.16524757,-0.37990433
22511300030431,1.0530411,1.1110904,1.0764489,1.1379262,1.142106,1.1257572,1.1477356,1.0894021,1.0988567,1.0324993,0.97861737,9.363381,9.995461,9.283521,8.388749,7.8352437,6.743917,5.612716,4.728976,3.9210107,3.4115021,2.9019938,2.3924854,1.8829769,1.623134,1.3632913,1.1034485,0.84360564,0.58541554,0.60088766,0.71245635,0.60420156,0.64767265,0.5149201,0.38216755,0.4877615,0.5933555,0.55445886,0.60118586,0.5804957,0.5598056,0.36423445,0.47298595,0.43865106,0.40431616,0.46190417
22511300030441,1.1082851,1.1454471,1.0747474,1.1590004,1.1366698,1.127832,1.1605015,1.1584328,1.0759064,1.0694717,0.98088086,9.533868,10.099699,9.3323145,8.438382,7.4780016,6.3787694,5.6429024,4.743167,3.9784715,3.4478743,2.917277,2.3866801,1.8413191,1.5045244,1.1677295,0.8309347,0.49413994,0.61760104,0.5266699,0.49301234,0.5334907,0.41669163,0.44182757,0.46696353,0.48582783,0.50469214,0.45137662,0.38744462,0.36414537,0.34084612,0.31804052,0.32805663,0.40475413,0.22545893,0.28644162
22511300030451,1.0846827,1.1279075,1.1506698,1.1570413,1.1801741,1.1611272,1.2022481,1.1636597,1.1155796,1.0368098,0.9905701,9.602392,10.162558,9.391794,8.453563,7.4294124,6.4052625,5.6461887,4.7540846,3.9638076,3.371821,2.7798343,2.3784602,1.8675394,1.480441,1.7705727,2.0607045,1.331924,0.6031436,0.5514762,0.53935134,0.54048234,0.5633609,0.59032774,0.61729455,0.592769,0.56824344,0.51468307,0.516876,0.47530016,0.43372434,0.42595756,0.44554484,0.33552256,0.44090816,0.37588525
22511300030461,1.2628281,1.353447,1.1699009,1.2888107,1.1562082,1.1108382,1.1720133,1.1475297,1.1807051,1.0274467,0.9945474,9.469952,9.772383,9.424356,8.458273,7.41374,7.35761,5.6368,4.7356615,3.9573464,3.5086126,3.0598786,2.375166,1.9490819,1.6866325,1.4241831,1.1617337,0.82997054,0.49820742,0.17754991,0.55426514,0.54856604,0.5428669,0.5526957,0.56252444,0.551847,0.5411695,0.40844393,0.38391992,0.38487577,0.38583162,0.31285492,0.5584187,0.5749757,0.5915327,0.51501334
22511300030471,1.0971473,1.1017666,1.1436859,1.1659057,1.1553231,1.1176629,1.1310242,1.1638491,1.1027026,1.0729986,0.971359,9.48226,9.916967,9.288982,8.374058,7.4446735,6.5441704,5.618061,4.775814,3.9250247,3.4622507,2.999477,2.3604646,1.9252796,1.4755362,1.0257928,1.0137818,0.8446741,0.4753734,0.5482464,0.49038512,0.4789865,0.4675879,0.5535664,0.6395449,0.59648836,0.5534318,0.46524242,0.4870171,0.39428905,0.301561,0.4753211,0.3138909,0.3530262,0.3626187,0.1779199
22511300030481,1.2268546,1.2517349,1.1518835,1.2068608,1.2877594,1.2102718,1.2212536,1.2027657,1.1001467,1.1009855,0.9919199,9.305817,9.861442,9.254669,8.305661,7.4834957,6.6613307,5.6288633,4.7157516,3.9239802,3.4317327,2.939485,2.3699071,1.8795372,1.4994664,1.1768439,1.2937425,0.9748776,0.82431966,0.65676296,0.6234258,1.0204419,0.51924664,0.53852624,0.5578059,0.6106546,0.66350335,0.48223597,0.66616726,0.5201617,0.37415606,0.48320475,-0.11368813,0.21429087,0.18283786,0.33857065
22511300030491,1.1631069,1.1757469,1.1434594,1.1658227,1.2079246,1.161234,1.2283525,1.1922742,1.1562918,1.0552385,1.003653,9.24945,9.796633,9.188145,8.292847,7.411459,6.5300713,5.5511317,4.6997647,3.9715245,3.2057462,2.4399679,2.3706944,1.9103427,1.7307351,1.5068524,1.1270326,0.8325048,0.8147133,0.920639,0.524644,0.8436913,0.6206247,0.5554662,0.4903077,0.5708645,0.6514213,0.57874507,0.4482806,0.59258723,0.7368939,0.7018892,0.9300675,0.24808359,0.16942419,0.2699747
22511300030501,1.0354513,1.3053347,1.1975896,1.0390888,1.2320184,1.1238556,1.2221984,1.1008989,1.1174419,0.991376,0.9277821,9.071771,9.747112,9.045159,8.16796,7.3341656,6.440839,5.5189075,4.6309943,3.9236696,3.3912427,2.858816,2.326389,1.7939622,1.2891792,1.1985422,1.0666488,0.8333859,1.1855462,0.5521584,0.44183278,0.3770183,0.4631924,0.39208028,0.32096818,0.46393245,0.6068967,0.3504332,0.7860942,0.60970503,0.4333159,0.8945042,1.0155718,0.3022671,0.0067776903,0.1713536
22511300030511,1.044139,1.125853,0.86643153,1.1348863,1.1539862,1.0760155,1.0887598,1.1015041,1.1142485,0.95554197,0.95610625,8.919544,9.7537565,9.031272,8.19792,7.300366,6.4028115,5.446399,4.6445184,3.8571506,3.2912257,2.725301,2.3140848,1.8206383,1.3795907,1.2103401,0.92264384,0.6853468,0.5400535,0.55925924,0.50441206,0.40484068,0.33807087,0.38988802,0.44170517,0.49333465,0.54496413,0.35417247,0.38175747,0.2901259,0.19849436,0.0106811635,0.20431916,0.17499867,0.057751562,0.14739387
22511300030521,1.1230668,1.1439512,1.0952768,1.1332129,1.2104514,1.0935028,1.1398249,1.150672,1.1615189,0.9668609,0.9578061,8.796517,9.743654,9.083749,8.180394,7.254328,6.328261,5.4462543,4.618212,3.8287425,3.2875922,2.746442,2.2140973,1.860632,1.4980012,1.1954976,0.97671646,0.69758147,0.59734726,0.5048247,0.4956674,0.4377834,0.44706598,0.42978764,0.4125093,0.46991518,0.5273211,0.3619805,0.3540549,0.24114639,0.12823789,0.21223488,0.2545263,0.17868339,0.09048478,0.18626988
22511300040011,0.8726076,0.8726076,0.87478846,0.8514159,0.8683079,0.8621902,0.8649959,0.86780167,0.8706074,0.7556835,0.7817347,4.6925254,8.603316,8.189662,7.429116,6.6848845,5.8235106,5.0029197,4.1980305,3.4539201,2.982521,2.511122,2.0397232,1.599639,1.2796785,1.0312063,0.84601116,0.5980375,0.4589941,0.44697437,0.35404447,0.39663658,0.30624607,0.35362437,0.40100268,0.40886107,0.41671947,0.35344127,0.33029127,0.26053658,0.19078188,0.12102718,0.14775208,0.17325547,0.05292808,0.15513039
22511300040021,0.9042468,0.9042468,0.8430151,0.8809877,0.88992035,0.87982666,0.8810579,0.8822892,0.88352036,0.7719279,0.7598728,7.2694597,8.633387,8.198182,7.4622645,6.687946,5.8867483,4.9879236,4.2136307,3.4753323,3.0005343,2.5257366,2.0509386,1.5951124,1.3026155,0.9970377,0.7743003,0.6274119,0.4440567,0.40626347,0.36903268,0.4121827,0.2878751,0.34523407,0.40259308,0.41457513,0.42655718,0.34729347,0.30644938,0.24252488,0.17860039,0.11467588,0.15820138,0.18781897,0.02782938,0.17475998
22511300040031,0.9195137,0.9195137,0.8643243,0.87950075,0.8805159,0.8762004,0.87517107,0.87414175,0.8731125,0.79049146,0.7651135,7.319363,8.631122,8.168932,7.4177876,6.6640863,5.8513675,4.988623,4.136363,3.4779875,2.9896743,2.5013611,2.0130482,1.5955802,1.2919061,1.0433422,0.82077825,0.59821415,0.4542319,0.4499457,0.38500637,0.41905078,0.32397518,0.35966533,0.39535546,0.40493003,0.4145046,0.32995698,0.342185,0.27239951,0.20261404,0.13282858,0.16993397,0.18957667,0.044439975,0.19063708
22511300040041,0.9161837,0.9161837,0.8982612,0.8764267,0.9073968,0.9040484,0.8841597,0.864271,0.8443823,0.8067222,0.74826,4.6724057,8.596551,8.140274,7.437436,6.670059,5.7932754,4.994243,4.1889243,3.4635532,2.9875586,2.511564,2.0355694,1.5904913,1.3099189,1.0475801,0.8280085,0.6084368,0.4705911,0.4421772,0.38698462,0.425826,0.370085,0.38602585,0.40196672,0.4120717,0.42217672,0.3568153,0.3432796,0.27772745,0.21217528,0.1466231,0.18654051,0.2159169,0.048872206,0.1633899
22511300040051,0.9504044,0.9504044,0.8546392,0.9251248,0.9124165,0.8772751,0.8778717,0.8784682,0.8790648,0.8288856,0.758959,4.6585174,8.558076,8.145929,7.423348,6.6179123,5.846649,4.999025,4.2034407,3.4418797,2.969658,2.4974358,2.025214,1.6049238,1.2980301,1.0170839,0.82951593,0.641948,0.4657673,0.4511456,0.4298021,0.4397222,0.3175266,0.37569028,0.43385398,0.43470204,0.4355501,0.3410035,0.3449099,0.2792463,0.2135827,0.1479191,0.161769,0.18923889,0.09706549,0.2052756
22511300040061,0.9566746,0.9566746,0.8674777,0.8761444,0.9228043,0.918684,0.90633965,0.8939953,0.8816509,0.7934951,0.7779674,4.661757,8.545547,8.143032,7.436347,6.667584,5.79374,5.01439,4.1896214,3.458112,2.9789252,2.4997385,2.0205514,1.628596,1.3341876,1.0556071,0.838205,0.6208028,0.46295512,0.45610422,0.4327325,0.4229399,0.3848877,0.4060199,0.4271521,0.42235032,0.4175485,0.3634772,0.3268734,0.26825115,0.20962887,0.15100661,0.16987011,0.19465591,0.08756161,0.22238621
22511300040071,0.8958072,0.8958072,0.85869175,0.8614336,0.89638186,0.8375269,0.83199465,0.8264623,0.82093,0.7339332,0.7092331,7.0592327,8.516506,8.091564,7.388576,6.6088014,5.861636,4.9758067,4.1597595,3.448515,2.9688504,2.4891856,2.009521,1.5834465,1.2677372,0.99700934,0.79166275,0.5863161,0.43367413,0.42626873,0.36903593,0.39221093,0.30326924,0.34890682,0.39454442,0.42197457,0.44940472,0.37012592,0.31021023,0.2487021,0.18719396,0.12568583,0.15984003,0.19840004,0.05571773,0.18485183
22511300040081,0.92539835,0.92539835,0.83003193,0.87129223,0.86349225,0.84532106,0.8913046,0.87140155,0.8514984,0.76652163,0.7328838,7.2227254,8.51066,8.101512,7.357272,6.5944557,5.8037643,4.9356265,4.1605153,3.437735,2.9533677,2.4690003,1.9846328,1.5884197,1.2717507,1.0063529,0.8131115,0.61987,0.44433874,0.44652754,0.40290463,0.40175724,0.29800323,0.32273144,0.34745964,0.3717954,0.39613113,0.33690923,0.30318573,0.2410308,0.17887586,0.11672093,0.13059203,0.16878973,0.018255733,0.19320133
22511300040091,0.94965184,0.94965184,0.8463432,0.91586256,0.8795297,0.86176175,0.92462105,0.8826959,0.8407707,0.79913163,0.7121471,7.0670624,8.480603,8.087754,7.404809,6.5853395,5.763842,4.951441,4.136543,3.38006,2.9169157,2.453771,1.9906268,1.5848737,1.2788403,1.0009575,0.79743135,0.59390515,0.44797304,0.44233385,0.39882115,0.42045963,0.30662334,0.3573087,0.40799403,0.4119117,0.41582933,0.37163943,0.29023632,0.23450911,0.17878187,0.12305464,0.16137193,0.20537993,0.031544738,0.18184623
22511300040101,0.9206827,0.9206827,0.86020964,0.88467956,0.8861268,0.84370387,0.9411693,0.8961504,0.85113144,0.7579529,0.7189661,4.6484876,8.578009,8.092698,7.377608,6.595562,5.7895017,4.9722395,4.1028175,3.426705,2.9366026,2.4465005,1.9563982,1.5700198,1.2667685,0.99359554,0.8140839,0.63457227,0.43412355,0.44114754,0.38506013,0.36127385,0.32920554,0.36980018,0.41039485,0.42500445,0.43961403,0.37687454,0.34866875,0.2814815,0.21429427,0.14710703,0.13670464,0.18615094,0.07037114,0.19137244
22511300040111,0.9081885,0.9081885,0.8271655,0.9112035,0.8778076,0.8769704,0.87701875,0.8770671,0.8771154,0.7799701,0.7122098,7.23663,8.518557,8.108068,7.3742104,6.618118,5.7948136,4.95286,4.1400647,3.407494,2.9270387,2.4465833,1.9661278,1.563736,1.2584314,1.0114408,0.8106531,0.6098654,0.446447,0.4454551,0.3976328,0.3919807,0.2908386,0.35615337,0.4214681,0.43672585,0.4519836,0.3631671,0.3236748,0.25907698,0.19447915,0.12988131,0.16440462,0.20342611,0.028951412,0.198693
22511300040121,0.97514653,0.97514653,0.82876414,0.88945603,0.88398,0.86359143,0.87041396,0.86774594,0.865078,0.7653608,0.69699657,7.1457157,8.485783,8.056114,7.3412657,6.595739,5.79567,4.9150124,4.136819,3.4239008,2.9298105,2.4357202,1.9416298,1.5727413,1.2796613,1.0307852,0.8225926,0.61439997,0.50013506,0.48429805,0.47110224,0.44467205,0.39576134,0.4293298,0.46289825,0.4554542,0.44801015,0.37302896,0.34544325,0.27288735,0.20033145,0.12777555,0.13424936,0.16075245,0.08004415,0.20163865
22511300040131,0.8878494,0.8878494,0.8497429,0.9136207,0.8920008,0.8501137,0.9257605,0.8912037,0.8566469,0.7125098,0.7438707,7.0838957,8.456273,8.023783,7.3334174,6.5542502,5.7482696,4.947447,4.074136,3.3605814,2.8833978,2.4062145,1.929031,1.5563979,1.2743913,1.0176708,0.8271961,0.6367215,0.578575,0.5454741,0.4605093,0.4844692,0.4994562,0.49300686,0.48655748,0.434509,0.3824605,0.4083605,0.3249374,0.25057194,0.17620647,0.101840995,0.1785508,0.1868377,0.0893142,0.2253281
22511300040141,0.86569065,0.86569065,0.77669513,0.8297647,0.80253804,0.86397713,0.84196395,0.8239209,0.80587786,0.72275263,0.6731308,7.094454,8.388387,7.9842196,7.2817335,6.5212655,5.7014475,4.827893,4.047416,3.2976477,2.8374007,2.3771539,1.9169068,1.5107591,1.2193786,0.9903805,1.0276648,0.5512471,0.51092035,0.48769304,0.48105183,0.38355485,0.39550284,0.4320995,0.46869615,0.44563302,0.42256993,0.40676174,0.33614042,0.25776127,0.1793821,0.10100294,0.13466784,0.15906334,0.07287474,0.17645414
22511300040151,0.8258897,0.8258897,0.7775476,0.8745243,0.8053236,0.8148535,0.7815334,0.78864586,0.7957583,0.6942082,0.6904444,6.961739,8.335108,7.9770966,7.2538404,6.5114346,5.679829,4.852954,4.0157337,3.3206832,2.814914,2.3091445,1.9623991,1.4961458,1.2491913,0.9576825,0.7494395,0.5411964,0.4398815,0.442003,0.3991213,0.3993085,0.2928928,0.3399812,0.3870696,0.3954262,0.4037828,0.3461856,0.3087365,0.2570007,0.20526491,0.15352911,0.1881321,0.16120091,0.071672104,0.1750898
22511300040161,0.92797685,0.92797685,0.8510265,0.8770199,0.89643884,0.8565593,0.90721685,0.8868693,0.8665218,0.74899006,0.69771266,6.747524,8.345102,7.965834,7.2753115,6.512498,5.7082148,4.841544,4.0344176,3.3407822,2.8666573,2.3925323,1.9184074,1.4851015,1.2743771,0.95774996,0.7796418,0.60153365,0.44626257,0.44375375,0.40257567,0.37398505,0.33922514,0.38249302,0.42576087,0.42372996,0.42169905,0.39028117,0.34469765,0.27397484,0.20325199,0.13252915,0.16048726,0.20462686,0.06371666,0.15334786
22511300040171,0.88427347,0.88427347,0.8110054,0.89227456,0.8425508,0.8757392,0.88447595,0.76734936,0.84744996,0.77707684,0.7244716,6.6741304,7.293607,7.9130845,7.21977,6.5030975,5.638754,4.8317313,4.0588136,3.314606,2.8774812,2.4403565,2.0032315,1.578789,1.2677526,0.9567164,0.7995931,0.64246976,0.45332053,0.44529104,0.40072784,0.39919183,0.32000685,0.35514873,0.39029065,0.40925255,0.42821443,0.36477146,0.33932695,0.26780468,0.1962824,0.12476014,0.15397249,0.18318485,0.06122154,0.18899705
22511300040181,0.86003023,0.86003023,0.8234295,0.8825382,0.8272313,0.8681847,0.9127689,0.89706963,0.8813704,0.7531573,0.7151703,6.5999026,7.252087,7.904271,7.187246,6.432403,5.583247,4.842794,4.056962,3.3460853,2.9013953,2.4567056,2.0120158,1.567326,1.2901446,1.0129633,0.81781965,0.622676,0.469863,0.4180378,0.39842612,0.42773572,0.3313752,0.37486172,0.41834822,0.4282186,0.438089,0.3566989,0.3169865,0.25232217,0.18765785,0.122993514,0.19866611,0.19296981,0.03540701,0.2071969
22511300040191,0.89037013,0.89037013,0.8601251,0.8599996,0.8719778,0.83574355,0.91047364,0.875151,0.8398283,0.7717312,0.7127497,6.711784,7.3192053,7.9266267,7.170979,6.44562,5.7050557,4.832222,4.0645475,3.3580904,2.910522,2.4629533,2.0153847,1.567816,1.2284948,1.0075861,0.8037685,0.5999509,0.47083703,0.42013502,0.397859,0.37068722,0.33368713,0.37095267,0.4082182,0.41666323,0.42510822,0.34691572,0.33783492,0.2639892,0.19014353,0.11629782,0.14927232,0.22016191,0.071219616,0.22945142
22511300040201,0.8819991,0.8819991,0.81294125,0.8766919,0.8307742,0.89106685,0.8956367,0.8735962,0.85155565,0.7837806,0.71135175,6.6954618,8.27805,7.8834143,7.185666,6.503806,5.7149086,4.8673444,4.045745,3.3720927,2.9176886,2.4632845,2.0088804,1.5544761,1.3179772,0.9922464,0.79100025,0.56868756,0.47742996,0.44277897,0.38835946,0.42010078,0.34278086,0.39561138,0.44844186,0.4449635,0.44148517,0.36639535,0.36698085,0.28912982,0.2112788,0.13342777,0.18536817,0.21562366,0.081288666,0.20949537
22511300040211,0.93091637,0.93091637,0.8591654,0.8450239,0.89589196,0.84896433,0.91330254,0.8885435,0.8637844,0.7322655,0.72580326,6.687925,8.253614,7.895514,7.172803,6.4429383,5.6575007,4.881739,4.0508485,3.3419356,2.8934543,2.4449728,1.9964916,1.5480101,1.2681199,0.995452,0.8015392,0.60762644,0.45587397,0.44007456,0.43192777,0.41156948,0.36962235,0.4110262,0.45243007,0.4449149,0.43739977,0.37260696,0.32306206,0.25522277,0.18738346,0.11954416,0.15545437,0.21847486,0.08088356,0.19179346
22511300040221,0.88314575,0.88314575,0.79965854,0.8498454,0.8262168,0.8537945,0.8853809,0.86375475,0.84212863,0.7397434,0.6835172,6.588551,8.16248,7.8227086,7.142963,6.4238124,5.6365952,4.845734,4.0225844,3.3334274,2.8800077,2.426588,1.9731685,1.5197489,1.2395142,0.9544298,0.7560043,0.55757874,0.4566273,0.40529832,0.4046814,0.3657247,0.3118224,0.35725492,0.40268743,0.40223292,0.40177843,0.35742572,0.31129283,0.24567525,0.18005769,0.11444012,0.14742532,0.17394002,0.030761424,0.20271532
22511300040231,0.901774,0.901774,0.8161037,0.8381996,0.8179401,0.8198996,0.9025452,0.8543332,0.8061212,0.7160706,0.668639,6.5594563,8.191318,7.763593,7.123432,6.3935995,5.6361175,4.8099804,3.992657,3.309186,2.8549829,2.4007797,1.9465766,1.4923735,1.2206789,0.97326547,0.7702798,0.5672941,0.4357276,0.4599368,0.3979068,0.3882908,0.3215509,0.3717038,0.4218567,0.39965424,0.3774518,0.3166509,0.319942,0.2554128,0.19088359,0.1263544,0.1434295,0.1752657,0.0642591,0.16578579
22511300040241,0.8438628,0.8438628,0.7961298,0.81520164,0.8300915,0.85693586,0.8745453,0.8507056,0.826866,0.72803926,0.66333175,6.475211,8.140016,7.7919016,7.1146026,6.398447,5.5836983,4.806414,3.9907906,3.2975516,2.8590112,2.4204705,1.9819299,1.5433892,1.2378322,0.95249516,0.7645932,0.57669127,0.45751396,0.39560506,0.38742015,0.37317336,0.34041795,0.3593332,0.37824845,0.3937958,0.40934315,0.34569344,0.30797836,0.24792978,0.18788122,0.12783265,0.16320495,0.18657374,0.07342175,0.15290615
22511300040251,0.8503489,0.8503489,0.8121451,0.8108875,0.8169837,0.8306758,0.8829336,0.8591316,0.8353296,0.7214916,0.6971934,6.4868712,8.042592,7.753513,7.1158876,6.3993454,5.649669,4.787377,3.9830825,3.3243086,2.8436332,2.3629577,1.8822821,1.546776,1.2498266,0.9618564,0.7824189,0.6029814,0.4129738,0.424146,0.39264488,0.36359298,0.3430037,0.37747106,0.4119384,0.41505444,0.41817048,0.3192622,0.3012917,0.24692993,0.19256817,0.13820639,0.14155349,0.20798339,0.0109504955,0.1803181
22511300040261,0.8567278,0.8567278,0.8098891,0.85508615,0.8389665,0.8218868,0.81938,0.8168732,0.8143664,0.74586636,0.68802875,6.413759,8.098624,7.5909033,7.083182,6.359569,5.6309676,4.7958207,3.995083,3.3247762,2.8533866,2.381997,1.9106077,1.5190024,1.2469084,0.9748143,0.7952393,0.61566436,0.45049366,0.42749897,0.36732408,0.35001338,0.32450277,0.36681896,0.40913516,0.39606428,0.38299337,0.31589118,0.33367836,0.26383132,0.19398424,0.12413718,0.12556948,0.21083157,0.059648875,0.18069588
22511300040271,0.88241774,0.88241774,0.84588605,0.84281653,0.8290168,0.8268596,0.8236814,0.8205032,0.81732494,0.7388529,0.6894714,6.396231,7.9929833,7.5465198,7.1000557,6.3609004,5.584162,4.7791734,4.0404005,3.2980278,2.8250678,2.3521078,1.8791478,1.4953964,1.1908454,0.966389,0.7798125,0.593236,0.46350792,0.41666192,0.42136163,0.36716843,0.31644073,0.3548352,0.39322972,0.40564463,0.41805953,0.31857523,0.3330303,0.26584154,0.19865279,0.13146402,0.14442672,0.19373682,0.061169922,0.14900742
22511300040281,0.87229717,0.87229717,0.8369743,0.85234934,0.8467373,0.82975817,0.80181915,0.8031718,0.80452454,0.73432606,0.6932486,6.4031878,7.0732284,7.743269,7.073823,6.3459487,5.6256247,4.783281,3.9921367,3.3179407,2.8587906,2.3996408,1.9404907,1.5161324,1.2423543,0.9513766,0.76589787,0.5804191,0.43484885,0.41216293,0.39615223,0.39620355,0.32453343,0.3596423,0.39475113,0.40787998,0.42100886,0.36725804,0.35537863,0.2871975,0.21901637,0.15083525,0.15232554,0.18733564,0.05892404,0.18579064
22511300040291,0.8204993,0.8204993,0.8336248,0.8252747,0.8391904,0.8063402,0.898113,0.86160696,0.8251009,0.7593701,0.6834586,6.463433,8.021223,7.737197,7.0645814,6.3542438,5.5337095,4.788478,3.9784987,3.2921424,2.8151932,2.3382437,1.8612945,1.5044029,1.2434767,0.960934,0.7876899,0.6144459,0.4519735,0.4556411,0.432221,0.3763029,0.3585691,0.37534794,0.3921268,0.3947023,0.3972778,0.3680337,0.3662706,0.2969948,0.227719,0.1584432,0.177081,0.2151545,0.0884965,0.1902705
22511300040301,0.8460979,0.8460979,0.81637883,0.818976,0.8377792,0.8321646,0.85036033,0.83437854,0.8183968,0.6923899,0.677975,6.424147,7.996526,7.723538,7.06204,6.3738537,5.537466,4.776229,3.9915793,3.2879589,2.8306727,2.3733864,1.9161003,1.5219839,1.2246898,0.9820371,0.7783211,0.574605,0.4402354,0.4103783,0.39757362,0.404116,0.34439072,0.37901166,0.4136326,0.4125624,0.41149223,0.3466742,0.3500823,0.2807036,0.21132492,0.14194621,0.15131411,0.24895802,0.08776351,0.19380492
22511300040311,0.81267345,0.81267345,0.82060975,0.7904234,0.82425755,0.7808217,0.78755426,0.79428685,0.8010195,0.71959364,0.70081276,6.2849593,7.9857736,7.6469574,7.052516,6.3468947,5.537007,4.750665,4.024192,3.2751222,2.8134978,2.3518732,1.8902489,1.5069004,1.2174304,0.96891,0.7627751,0.55664027,0.43319076,0.40938148,0.36346367,0.38716987,0.32570988,0.36664394,0.40757796,0.4064693,0.40536058,0.33582318,0.3365051,0.27191365,0.20732221,0.14273077,0.15062058,0.14278267,0.06896577,0.15286218
22511300040321,0.8700959,0.8700959,0.8003729,0.7927206,0.8008788,0.80810875,0.80873334,0.80935794,0.80998254,0.69383675,0.6781181,6.2350497,7.9981613,7.661952,7.0405626,6.335464,5.5361137,4.76239,3.9926283,3.3087444,2.8350644,2.3613846,1.8877046,1.5320301,1.2402489,0.9646328,0.77889144,0.59315014,0.45057753,0.43470672,0.3907076,0.36786053,0.35525712,0.39414856,0.43304002,0.41382432,0.39460862,0.36141422,0.3526568,0.2906062,0.22855556,0.16650492,0.15818653,0.17458463,0.09946492,0.20155263
22511300040331,0.8099194,0.8099194,0.8272178,0.83135813,0.82286346,0.8041548,0.77606624,0.78482777,0.79358923,0.7176756,0.66190284,6.268803,7.9743714,7.686083,7.0441017,6.322514,5.547386,4.7371783,3.967005,3.2914197,2.819691,2.3479624,1.8762338,1.5214914,1.2602712,0.9412571,0.71549606,0.59249157,0.43002045,0.43518513,0.38373464,0.37698925,0.35378665,0.38135493,0.40892324,0.41719195,0.42546064,0.34547034,0.36185423,0.28821948,0.21458471,0.14094993,0.17251384,0.21155754,0.11134134,0.18289284
22511300040341,0.93074656,0.93074656,0.82233286,0.80059236,0.7886202,0.82140446,0.8013102,0.81444716,0.8275842,0.7059706,0.6777736,6.332101,7.959713,7.7125163,7.01475,6.3255353,5.550536,4.7488494,3.9657602,3.288507,2.821544,2.3545806,1.8876175,1.4881543,1.2112767,0.9839858,0.75264347,0.58857816,0.44230998,0.39720237,0.3410965,0.3820203,0.3102482,0.34878987,0.38733158,0.40429178,0.42125198,0.35201418,0.31551298,0.27054211,0.22557124,0.18060039,0.19776489,0.19960319,0.109881684,0.18881829
22511300060011,1.1010947,1.1183907,1.1025347,1.1454775,1.1101642,1.1089385,1.090648,1.0972501,1.103852,1.0047995,0.96453583,8.6405735,9.635075,9.035539,8.135093,7.210057,6.2850204,5.4898615,4.6037393,3.8659499,3.3309133,2.7958767,2.2930076,1.8224455,1.5484576,1.2218559,0.9900502,0.7385636,0.5322005,0.50784624,0.454863,0.4866194,0.3830961,0.41375417,0.4444122,0.47979242,0.5151726,0.38094962,0.3554599,0.24707802,0.1386961,0.20507792,0.19701901,0.20599821,0.05022421,0.21126331
22511300060021,1.1334876,1.174732,1.090104,1.1583272,1.117856,1.1125385,1.1958126,1.1370498,1.0782869,1.0413018,0.9574247,8.618299,9.523484,8.974832,8.111027,7.220575,6.3301225,5.499829,4.6257744,3.884915,3.3450403,2.8051655,2.3415122,1.877859,1.5642709,1.207695,0.9602522,0.7921982,0.5545416,0.46578452,0.4466551,0.4895552,0.38089812,0.43611115,0.49132422,0.4897609,0.4881976,0.4402095,0.387089,0.29321605,0.1993431,0.180396,0.2094654,0.19351521,0.0785168,0.2594018
22511300060031,1.1195378,1.166085,1.1048329,1.1614114,1.1940758,1.1122268,1.21232,1.1455021,1.0786841,1.058258,0.9563852,8.53229,9.681627,8.96353,8.040034,7.156235,6.2724366,5.509494,4.6224074,3.894304,3.3639174,2.8335307,2.303144,1.8779575,1.5226675,1.2695287,0.9843173,0.73621184,0.57511294,0.4872184,0.49577472,0.5019282,0.36002463,0.42180866,0.48359272,0.5042286,0.5248645,0.41200772,0.34111533,0.2835434,0.22597152,0.21635272,0.18068641,0.21678881,0.08606142,0.20810272
22511300060041,1.106388,1.1616514,1.0880988,1.1429418,1.1689769,1.087394,1.1616706,1.1212186,1.0807667,1.0107247,0.9416691,8.525522,8.7408285,8.956135,8.111921,7.252726,6.393531,5.470604,4.6376376,3.8987806,3.3248658,2.750951,2.3270996,1.8637116,1.5563031,1.2600946,0.9750354,0.76594365,0.5691571,0.5338187,0.4564059,0.48390162,0.36210692,0.40446967,0.44683242,0.46884778,0.4908631,0.39250243,0.36641073,0.28254482,0.19867893,0.19574472,0.21005462,0.28005353,0.13362862,0.22105102
22511300060051,1.1085865,1.2250307,1.1533759,1.1831172,1.2284988,1.1707809,1.2507735,1.1972332,1.1436929,1.0520107,0.9836317,8.521399,9.625327,8.979084,8.139676,7.282484,6.425291,5.523893,4.6455894,3.9186342,3.384428,2.8502219,2.3160157,1.9050736,1.574889,1.2472881,1.0009202,0.7829693,0.6118351,0.5394568,0.4943192,0.5210158,0.3987732,0.45739114,0.5160091,0.5398873,0.5637655,0.4562343,0.4092961,0.33035263,0.2514092,0.1960599,0.2419029,0.2891542,0.1549734,0.2535326
22511300060061,1.123275,1.1476692,1.1027675,1.1435654,1.1676673,1.1412128,1.1792036,1.1358846,1.0925657,1.0154146,0.96836823,8.556895,9.600049,8.947756,8.080878,7.2282887,6.39507,5.5074987,4.6474633,3.8797333,3.3288336,2.7779336,2.3234782,1.8856788,1.5496033,1.2296089,0.99779284,0.7712209,0.5781107,0.5606204,0.5134415,0.5265103,0.4229275,0.468225,0.5135225,0.53324234,0.5529622,0.4506041,0.3956102,0.3170042,0.23839821,0.2158862,0.22925091,0.2313656,0.15615821,0.24559441
22511300060071,1.1104711,1.1646187,1.1285386,1.1239432,1.1753811,1.1417937,1.1804292,1.1446866,1.1089439,1.0364461,0.97888297,8.559381,9.568416,8.931522,8.105659,7.251193,6.347899,5.4879074,4.6563754,3.8886425,3.3322334,2.775824,2.3183668,1.8965595,1.5533577,1.25019,0.98573434,0.787547,0.64265376,0.581078,0.5504526,0.5387463,0.43640727,0.4757977,0.51518816,0.53187144,0.54855466,0.46000916,0.39228347,0.325935,0.25958657,0.26461506,0.25228626,0.26928297,0.19047686,0.26289508
22511300060081,1.1641886,1.149923,1.1032977,1.1294279,1.1589025,1.1474822,1.1605399,1.1481323,1.1357248,1.0078405,0.9887921,8.552589,9.593896,8.957881,8.082674,7.2524843,6.4183517,5.4899473,4.6482983,3.9092968,3.3476167,2.7859368,2.3424923,1.8733615,1.5562204,1.2664367,1.0357281,0.8240405,0.65182245,0.64104843,0.57471174,0.59709734,0.5010151,0.5302958,0.55957645,0.57580626,0.59203607,0.51829225,0.38284665,0.36175296,0.34065923,0.27561125,0.29538035,0.31390986,0.21569104,0.28115165
22511300060091,1.1704764,1.1624415,1.1305277,1.163809,1.1759189,1.1445838,1.2249825,1.1723807,1.1197788,1.0368888,0.98067844,8.522678,9.57725,8.952355,8.103472,7.2383556,6.3670855,5.4980965,4.658777,3.8825042,3.3441293,2.8057542,2.336482,1.8877406,1.558424,1.2602582,1.0258454,0.80773735,0.63249636,0.5930507,0.53316313,0.55578834,0.48382184,0.51985097,0.5558801,0.5722298,0.5885794,0.513899,0.40839145,0.34026822,0.27214503,0.26623815,0.29044142,0.30169573,0.20663254,0.28272822
22511300060101,1.0914255,1.1604083,1.1235564,1.1576788,1.1607152,1.1490914,1.1639277,1.2489064,1.1194135,1.0238956,0.97920007,8.525617,9.57656,8.923582,8.083788,7.235581,6.378048,5.4646816,4.6575217,3.921872,3.3422208,2.7625697,2.2821448,1.8926601,1.5465746,1.244709,1.0142523,0.7969426,0.6252821,0.5808874,0.5309077,0.5626632,0.42275938,0.4708179,0.5188764,0.5284782,0.53808,0.47180828,0.39154068,0.3171844,0.24282809,0.20705569,0.24242748,0.272692,0.18764208,0.24027778
22511300060111,1.1231117,1.1812537,1.1307149,1.1425834,1.1723689,1.1800345,1.2110896,1.206275,1.1419771,1.065195,1.0167629,8.5632925,9.582036,8.938728,8.0884285,7.2489486,6.3593435,5.514936,4.6538215,3.90502,3.317065,2.7291098,2.3083909,1.8902464,1.576776,1.2653286,1.0471289,0.80446345,0.66439795,0.59694314,0.5587763,0.57776356,0.49770033,0.5338781,0.57005584,0.58239,0.5947241,0.49119774,0.38477984,0.34322295,0.30166605,0.25829023,0.31718975,0.27284673,0.21911015,0.31339744
22511300060121,1.1078782,1.1553745,1.1229783,1.1378936,1.1696776,1.1403501,1.1651767,1.1325266,1.0998765,1.0242567,0.95824915,8.503057,9.504124,8.903579,8.058866,7.22772,6.3425646,5.4809213,4.6442065,3.890071,3.3141801,2.7382894,2.2948394,1.8738118,1.5559741,1.231306,1.0005674,0.78078026,0.6029774,0.55676246,0.5102808,0.53481996,0.43017077,0.46491957,0.49966836,0.51940113,0.53913385,0.45767108,0.40881616,0.32009894,0.23138167,0.21356267,0.21799137,0.22129217,0.11971898,0.22044048
22511300060131,1.0747854,1.1183926,1.0435892,1.1119462,1.1180711,1.08933,1.1304307,1.0880033,1.0455757,0.97545606,0.93058467,8.369402,9.4365635,8.846023,8.004343,7.15987,6.2701592,5.442238,4.5651174,3.8201058,3.262242,2.7043784,2.280703,1.8042337,1.5091975,1.2153479,0.96027046,0.73407537,0.5815595,0.56058645,0.5014949,0.47268927,0.43457258,0.45038754,0.46620247,0.48324168,0.50028086,0.42626137,0.34810188,0.26954162,0.19098137,0.18805078,0.18611278,0.19719727,0.12018888,0.18417197
22511300060141,1.0628916,1.1209879,1.0493968,1.098615,1.090401,1.102832,1.1429609,1.1020674,1.0611737,0.9960684,0.9211,8.34385,9.438605,8.844157,7.975158,7.155979,6.281263,5.4435186,4.573803,3.8491178,3.2775257,2.7059333,2.2779763,1.8506973,1.4851358,1.1833318,0.9462931,0.74048346,0.57292295,0.51302904,0.47418544,0.48546234,0.39491063,0.433457,0.47200334,0.47368154,0.47535974,0.39660564,0.35699403,0.25876212,0.16053024,0.18406643,0.19204193,0.22657163,0.119395435,0.17890604
22511300060151,1.0642507,1.0864116,1.046436,1.1389493,1.0823219,1.0743252,1.1182697,1.0930302,1.0677909,0.99156123,0.90632486,8.209342,9.341856,8.738613,7.9227324,7.086059,6.2493854,5.4040046,4.5466075,3.809143,3.2613394,2.713536,2.2421145,1.8167157,1.4797043,1.1952357,0.93305326,0.73819095,0.5303388,0.5005484,0.47563434,0.44545883,0.40888363,0.42763352,0.44638345,0.4715047,0.49662593,0.39533183,0.34549585,0.259922,0.17434813,0.16830714,0.18436164,0.20032923,0.09872194,0.19491534
22511300060161,1.0575907,1.1007829,1.0542526,1.1240443,1.0958261,1.0739523,1.1170659,1.0760778,1.0350897,0.9532718,0.9334281,8.138258,9.289959,8.709739,7.9235168,7.075578,6.1943665,5.329285,4.524857,3.7870057,3.2262645,2.665523,2.237483,1.8365153,1.4840162,1.197397,0.9462636,0.71416,0.56530875,0.46828023,0.45674083,0.43981013,0.35606563,0.4182962,0.48052675,0.47745693,0.47438714,0.41676024,0.34063545,0.26912913,0.19762284,0.14662424,0.18776603,0.19163324,0.07328734,0.20833993
22511300060171,1.0511477,1.107228,1.0232481,1.1030905,1.0894111,1.1040219,1.1174994,1.0819542,1.0464091,0.9774163,0.8989034,8.046293,9.285364,8.716812,7.878173,7.073227,6.220499,5.363421,4.5559673,3.7759674,3.2225776,2.6691878,2.234817,1.8043791,1.4706389,1.2135102,0.93647265,0.74378943,0.5630565,0.48747185,0.47638214,0.44171864,0.37898186,0.41852635,0.45807084,0.47703755,0.49600425,0.37345496,0.33333555,0.26977965,0.20622376,0.15233365,0.19407456,0.22589885,0.09320345,0.17890595
22511300060181,1.0635618,1.077952,1.0501006,1.0598532,1.1079587,1.0674067,1.1653883,1.0988817,1.0323751,0.95277286,0.89454985,8.023611,9.255198,8.670352,7.8968935,7.054253,6.2295175,5.3284435,4.502543,3.7816198,3.2821295,2.7826395,2.2831492,1.7655957,1.4888537,1.1769253,0.92313725,0.75665414,0.55291694,0.51079273,0.44766736,0.45823586,0.40615746,0.42801112,0.44986475,0.47964385,0.50942296,0.37526587,0.35683915,0.2706849,0.18453066,0.16705036,0.18850976,0.20710826,0.09288166,0.17520946
22511300060191,1.0744113,1.0744113,1.008628,1.0960908,1.0830538,1.051252,1.1495856,1.0957891,1.0419924,0.9386264,0.9313936,8.013153,9.229859,8.674986,7.843777,7.0687556,6.2130337,5.350662,4.509354,3.7461228,3.2459793,2.7458358,2.2456923,1.7933863,1.4871509,1.1707904,0.91211873,0.74349374,0.56611973,0.46390173,0.48584324,0.483503,0.38816592,0.42503792,0.46190992,0.4684904,0.47507083,0.39155012,0.36285233,0.27906707,0.19528183,0.17744012,0.17611192,0.22237083,0.11986893,0.17602573
22511300060201,1.1228131,1.1228131,1.0255028,1.0919416,1.0887127,1.0765322,1.1042659,1.071355,1.0384442,0.9679021,0.89275515,7.959015,9.187951,8.624837,7.8123274,7.0112934,6.1113276,5.3196697,4.5470448,3.7717724,3.2570338,2.7422955,2.2275572,1.8192095,1.4698011,1.2062846,0.9451199,0.75607955,0.5503541,0.46201235,0.46996155,0.47663304,0.36990204,0.41638693,0.46287185,0.47056264,0.47825345,0.39498124,0.39205384,0.29845104,0.20484824,0.18150634,0.18197234,0.22130585,0.09619434,0.22517124
22511300060211,1.1145748,1.1145748,1.0257559,1.0356504,1.0498803,1.0520481,1.0920658,1.0578145,1.023563,0.9000871,0.86858493,7.8561373,9.146784,8.61113,7.7993608,6.983089,6.153139,5.3114276,4.461436,3.7011654,3.1944716,2.6877775,2.1810834,1.7833065,1.47339,1.1704681,0.8868938,0.6860911,0.48528844,0.46258253,0.43547794,0.44538662,0.35911694,0.3966612,0.43420544,0.4314279,0.42865032,0.36270863,0.33648014,0.2690467,0.20161323,0.15958303,0.20619874,0.16305293,0.04967783,0.14631203
22511300060221,1.0755998,1.0755998,1.0440382,1.1053119,1.088145,1.0946506,1.0733093,1.0519679,1.0306264,0.94395846,0.90498936,7.8639317,9.130617,8.613535,7.824787,6.9991736,6.160725,5.2881365,4.5055733,3.7569273,3.2402065,2.7234857,2.206765,1.8139873,1.4930997,1.1680716,0.93121094,0.74490607,0.55860114,0.46585014,0.45295155,0.52015483,0.40748435,0.44163933,0.47579435,0.49340335,0.5110123,0.37391275,0.39158344,0.2825846,0.17358574,0.16141175,0.18297474,0.24799114,0.12084194,0.18983874
22511300060231,1.0822239,1.0822239,1.0373012,1.0497198,1.1012019,1.0747178,1.0731336,1.0744408,1.0757481,0.9971074,0.9495785,7.809328,9.121957,8.618653,7.806142,7.016933,6.157083,5.3129177,4.4862247,3.769599,3.2462196,2.7228403,2.1994612,1.7969201,1.4875361,1.1893446,0.96348304,0.7626962,0.56190944,0.5105825,0.44949192,0.48955882,0.4010345,0.42494652,0.4488585,0.46179006,0.4747216,0.4159537,0.3885037,0.31877866,0.24905361,0.17033581,0.22005992,0.24221261,0.09967711,0.22718671
22511300060241,1.1021471,1.1021471,1.0573208,1.0669693,1.1013784,1.0717548,1.149566,1.1046543,1.0597426,1.0046829,0.93227804,7.758644,9.044798,8.555011,7.7663198,7.0066934,6.154034,5.335206,4.482545,3.7564955,3.183866,2.6112366,2.289074,1.8271863,1.4991796,1.1768787,0.9304286,0.7496684,0.5689082,0.4983395,0.4703074,0.44411123,0.4065645,0.4384984,0.4704323,0.48798177,0.5055312,0.4158289,0.37269732,0.30671722,0.24073711,0.17475702,0.21700212,0.22950482,0.12062472,0.20587182
22511300060251,1.1122088,1.1122088,1.0339915,1.0803151,1.1104288,1.0688938,1.069093,1.0692923,1.0694915,0.95723057,0.8819903,7.7942147,9.087543,8.5516405,7.7607274,6.9329195,6.143098,5.29744,4.4826875,3.7233443,3.1684246,2.6135046,2.2981765,1.8070354,1.4742044,1.2025036,0.9656645,0.75867647,0.5516884,0.5111169,0.4711235,0.4709697,0.39811,0.43493283,0.47175568,0.46658465,0.4614136,0.4262201,0.4010338,0.32211435,0.24319492,0.1642755,0.2153195,0.2678124,0.09730049,0.2155187
22511300060261,1.0742346,1.0742346,1.0328785,1.0964578,1.0792428,1.0630736,1.0547084,1.0463431,1.0379779,0.9680807,0.9305253,7.7441535,9.085472,8.537206,7.7591515,6.997909,6.163726,5.279324,4.50438,3.724293,3.245376,2.7664592,2.2875426,1.8086257,1.4804773,1.1779565,0.959031,0.75772274,0.5564145,0.47667068,0.43531188,0.47932738,0.36757597,0.4135295,0.45948297,0.46272817,0.46597338,0.43711028,0.38258737,0.31760222,0.25261703,0.18763188,0.21845348,0.24956018,0.12013578,0.20944197
22511300060271,1.0897499,1.0897499,1.0393661,1.0902423,1.0806596,1.0561489,1.0522438,1.0483388,1.0444337,0.9890764,0.93094975,7.770632,8.145047,8.519463,7.7115674,6.9277697,6.1439714,5.302349,4.452124,3.7381065,3.2088904,2.6796741,2.2354884,1.7913027,1.4651299,1.2014415,0.93721884,0.78382754,0.5604356,0.52251875,0.46183258,0.49280906,0.42282838,0.4467613,0.47069427,0.48895666,0.5072191,0.42816237,0.37945688,0.31966844,0.25988,0.20009157,0.21052857,0.25686526,0.11121077,0.22769476
22511300060281,1.0635669,1.0635669,0.991688,1.0761935,1.0977037,1.0410447,1.0482264,1.0174744,0.9867226,0.8999663,0.8833939,7.6663465,8.930116,8.483244,7.7123246,6.8528514,6.06433,5.237592,4.4392858,3.6801164,3.171218,2.6623194,2.1534212,1.7871131,1.4630877,1.1661402,0.9175626,0.7284515,0.524321,0.4796499,0.4312054,0.4655604,0.3985861,0.4393184,0.4800507,0.4790048,0.47795892,0.4018772,0.3900764,0.2831689,0.17626141,0.2068786,0.20799391,0.2247329,0.1050641,0.2069474
22511300060291,1.0919764,1.0919764,0.99365115,1.0519936,1.0688442,1.0702492,1.058645,1.0280637,0.9974821,0.91561556,0.88465554,7.6755276,8.950185,8.436063,7.734374,6.9077687,6.035231,5.2310123,4.4229593,3.7284994,3.2249951,2.7214909,2.2179866,1.7603546,1.4483536,1.1610978,0.89166516,0.71602494,0.54735965,0.48325905,0.47437054,0.44793624,0.36707014,0.41620946,0.46534875,0.45960474,0.45386076,0.40742534,0.39804494,0.31205365,0.22606234,0.17605975,0.23603696,0.24259324,0.10293665,0.18714716
22511300060301,1.0446488,1.0446488,0.95871,1.003782,1.0316344,1.0284967,1.0534619,1.0210373,0.98861283,0.91156685,0.89463735,7.6506495,8.939313,8.463964,7.702828,6.9007115,6.1352105,5.239106,4.389185,3.667564,3.1598845,2.6522048,2.1445253,1.7826904,1.4587444,1.1256002,0.89415383,0.7044147,0.53318053,0.49058804,0.46327004,0.5051972,0.38786882,0.41164738,0.43542594,0.4644797,0.49353352,0.42341194,0.3650627,0.2975084,0.22995402,0.22591743,0.24201533,0.25420573,0.15440562,0.24006473
22511300060311,1.0502368,1.0502368,0.9694546,0.99746996,1.0116407,1.0201038,1.0329857,1.0593288,0.9757945,0.8936372,0.87194175,7.6498284,8.960942,8.477398,7.7185383,6.8863897,6.1069465,5.252527,4.3963633,3.6782398,3.184791,2.6913424,2.1978939,1.7648095,1.4520605,1.1366348,0.9120803,0.734818,0.54590684,0.52423847,0.49367347,0.49505016,0.43056056,0.46186233,0.49316406,0.50849307,0.52382207,0.40920687,0.37528306,0.37103403,0.36678496,0.22038546,0.26092678,0.28163436,0.14045046,0.26546317
22511300060321,1.0328997,1.0328997,0.96269214,1.0108584,1.0312835,0.99146295,1.0648205,1.0774829,0.996614,0.8747629,0.85871506,7.6608458,8.947942,8.480202,7.707166,6.891687,6.092058,5.2477746,4.4386964,3.6730173,3.1638815,2.6547456,2.1456099,1.7846112,1.459258,1.1254939,0.87519956,0.71354884,0.5554604,0.47318786,0.51064396,0.44704336,0.44637057,0.45604298,0.46571538,0.47808817,0.49046096,0.42712447,0.37425858,0.36147866,0.34869877,0.19228826,0.20495947,0.23623207,0.13820986,0.24863316
22511300060331,1.0489434,1.0489434,0.9723424,1.0141188,1.0167209,0.98734605,1.0448475,1.0783212,0.91280186,0.9159631,0.85868984,7.693491,8.95111,8.471964,7.7254105,6.897152,6.1146073,5.226004,4.3886366,3.656459,3.1559532,2.655447,2.1549408,1.7583058,1.4406548,1.1078314,0.89857846,0.69974595,0.56175613,0.5255665,0.50680566,0.47215903,0.43794754,0.43732566,0.43670374,0.4665978,0.49649185,0.43125033,0.37642154,0.32645243,0.27648336,0.19674185,0.20228434,0.25680625,0.16351324,0.26041704
22511300060341,1.0393169,1.0393169,0.9433743,0.96070284,0.95931154,0.9646811,1.0326842,1.0280485,0.94501555,0.8551292,0.85529995,7.6661935,8.935518,8.421781,7.666279,6.8726277,6.0397716,5.214141,4.3790083,3.6254184,3.1383097,2.6512008,2.164092,1.7199597,1.4046599,1.0809407,0.90339875,0.68129146,0.52789605,0.50160235,0.46611547,0.46101996,0.41602466,0.45241767,0.48881066,0.49449322,0.5001758,0.42198595,0.38416937,0.35319006,0.32221076,0.24319977,0.23037677,0.27385527,0.16620506,0.26746917
22511300060351,1.0509115,1.0509115,0.99663895,1.037049,0.9912172,0.9676142,1.0432128,1.0233842,0.92336315,0.9116795,0.872082,7.6662326,8.95592,8.415778,7.684906,6.8843307,6.07642,5.1771307,4.359709,3.6249564,3.1472762,2.6695957,2.1919155,1.71542,1.4383372,1.1033307,0.86713326,0.6790635,0.5184973,0.46932557,0.46656758,0.47233757,0.3697399,0.3903764,0.4110129,0.44598743,0.48096198,0.38881618,0.35471928,0.27907637,0.20343348,0.18828478,0.17734247,0.23525858,0.16663148,0.24318267
22511300060361,1.0314828,1.0314828,0.99566525,1.0220835,1.0231936,1.0015653,1.0687699,1.0569564,0.9909351,0.89087343,0.852542,7.717771,8.982918,8.500657,7.713314,6.9040027,6.0775714,5.183164,4.3905163,3.6439886,3.141137,2.6382854,2.1354337,1.7042719,1.4313772,1.1032883,0.89415246,0.6860003,0.49579695,0.47834557,0.45097646,0.43119997,0.38673756,0.41846812,0.45019865,0.4589256,0.46765256,0.39814967,0.35617366,0.2707541,0.18533456,0.19022486,0.18606196,0.17744806,0.12334986,0.20441055
22511300060371,1.0211842,1.0211842,0.96774197,0.98479027,0.96706784,0.97627777,1.0321258,1.0167161,0.9588495,0.87792385,0.86836916,7.6054235,8.926244,8.470237,7.6785994,6.8580523,5.9609036,5.1967216,4.346381,3.611025,3.123301,2.6355767,2.1478524,1.7052816,1.3796111,1.093984,0.86882687,0.68014145,0.49971586,0.48547447,0.40966597,0.44790316,0.39774436,0.41945672,0.44116905,0.45657405,0.47197905,0.37163216,0.35454926,0.28125852,0.20796776,0.19149037,0.19844237,0.22549257,0.10105366,0.22440976
22511300060381,1.0193063,1.0193063,0.91102886,0.99313265,0.99196756,0.95487493,1.0228907,1.0599928,0.97101647,0.85359603,0.87820745,7.5776305,8.913871,8.437767,7.6888475,6.8505673,6.045972,5.187471,4.365404,3.6143708,3.125512,2.636653,2.147794,1.7090738,1.4022989,1.0866116,0.87633324,0.69657314,0.52224016,0.52271324,0.48010993,0.47044095,0.39174023,0.43461174,0.47748324,0.47732288,0.47716254,0.41252214,0.36767915,0.30140564,0.23513214,0.17905264,0.20999904,0.24625474,0.14535294,0.21825624
22511300060391,1.0391567,1.0391567,0.9747914,1.0350242,1.0051769,1.0020016,1.0813779,1.0256397,0.9699014,0.87673163,0.8637233,7.5414767,8.969762,8.461267,7.6823654,6.88232,6.0332355,5.2067914,4.3546333,3.6369708,3.1379561,2.6389413,2.1399267,1.7210966,1.4269911,1.1017168,0.8986062,0.7178085,0.6001827,0.5383118,0.503959,0.4990573,0.46705872,0.49192294,0.51678723,0.5298277,0.5428682,0.4485845,0.4141842,0.32203355,0.22988291,0.2030594,0.2019657,0.246423,0.11128761,0.24118261
22511300060401,0.93910635,0.93910635,0.88642067,0.95655376,0.95159465,0.9243538,0.9760948,0.93196124,0.88782775,0.834685,0.82587826,7.486002,8.871455,8.402688,7.6058207,6.811056,5.916323,5.1354876,4.302247,3.552318,3.0271447,2.5019712,2.0970535,1.6562041,1.3348665,1.0573545,0.829941,0.67689914,0.49930924,0.43291277,0.44082376,0.46852064,0.30718285,0.36646244,0.42574206,0.44116145,0.45658085,0.38523346,0.33401805,0.2684491,0.20288016,0.17186736,0.16325085,0.16695435,0.023687353,0.17940155
22511300060411,0.976769,0.976769,0.96771985,0.99525136,0.99622667,0.95049894,1.0410091,0.9988289,0.95664865,0.8619851,0.85269475,7.4646983,8.886045,8.376063,7.605597,6.824572,6.0034466,5.126324,4.3345084,3.5913494,3.0604396,2.5295296,2.157987,1.6491504,1.3928468,1.1057464,0.8510601,0.66280574,0.5165303,0.44697055,0.44286105,0.45842466,0.36230847,0.38867158,0.41503465,0.43600735,0.45698005,0.37825316,0.34951708,0.27443588,0.19935466,0.15993947,0.19421357,0.20147467,0.09087596,0.18683727
22511300060421,0.99109846,0.99109846,0.9271324,0.9940199,0.98110634,0.95151913,1.0299006,1.0037067,0.97751296,0.86635023,0.81917596,7.475103,8.884091,8.37301,7.6136293,6.849676,5.9275656,5.153685,4.34904,3.5897686,3.0599895,2.53021,2.125166,1.6727009,1.3642142,1.1088009,0.84000725,0.64053124,0.50136775,0.49444515,0.44611645,0.42187503,0.36396924,0.39292228,0.42187533,0.45440444,0.48693353,0.40307873,0.40002203,0.29486212,0.18970223,0.18765253,0.17960423,0.23207954,0.12594263,0.23247524
22511300060431,0.97660846,0.97660846,0.93180984,0.9584364,0.9646859,0.94247824,1.0172479,0.9641224,0.9109969,0.855354,0.8300033,7.4421024,8.849669,8.382041,7.596919,6.8234315,5.9607334,5.1489954,4.3399906,3.584938,3.0645387,2.5441396,2.127701,1.6578246,1.3554189,1.0742497,0.8586558,0.6817265,0.47733954,0.50514096,0.43825495,0.46402395,0.36588955,0.39772385,0.42955813,0.442684,0.45580983,0.38156244,0.37566024,0.29877394,0.22188763,0.15442394,0.18339184,0.20312583,0.09390034,0.20524524
22511300060441,1.0323797,1.0323797,0.95915157,1.0248065,0.9966955,0.97610015,1.027228,1.0020834,0.97693896,0.9027671,0.87543696,7.501654,8.830135,8.380807,7.606608,6.8213,6.031474,5.132598,4.3478055,3.60746,3.1062117,2.6049635,2.1681807,1.6814986,1.3868952,1.139586,0.89183336,0.69928026,0.5123559,0.51216686,0.42591545,0.43812755,0.36465093,0.39916235,0.43367374,0.4452165,0.45675924,0.41669384,0.34226924,0.27728915,0.21230905,0.17315944,0.20743594,0.22431265,0.11620304,0.22208814
22511300060451,1.0342958,1.0342958,0.92618656,0.9857721,0.98133916,1.0231463,1.0358304,1.0055132,0.9751961,0.8996711,0.81149536,7.550154,8.837787,8.367132,7.6305532,6.811162,5.9939413,5.1513743,4.3121037,3.6025918,3.0817986,2.561005,2.1068919,1.7081387,1.4386642,1.1062745,0.87041885,0.7083436,0.51538956,0.47937286,0.45269275,0.46688715,0.38027346,0.41723838,0.45420334,0.46198884,0.46977434,0.40834126,0.34864205,0.277843,0.20704395,0.18635266,0.21241134,0.21428356,0.16249745,0.22273915
22511300060461,1.0456419,1.0456419,1.003232,1.0172558,1.021186,1.0005404,1.0599276,1.0294629,0.99899846,0.91775876,0.84053326,7.569997,8.880752,8.371807,7.642662,6.8297114,6.03925,5.1687074,4.369357,3.5830176,3.05927,2.5355225,2.1167397,1.7389245,1.4097142,1.155819,0.85289603,0.69929576,0.5370587,0.47048125,0.43865064,0.46732885,0.40155533,0.43318662,0.46481794,0.4707256,0.47663322,0.40055692,0.40529084,0.31117794,0.21706504,0.20065914,0.22755024,0.27640054,0.122024536,0.23014523
22511300060471,0.9682608,0.9682608,0.8923631,0.9538385,0.9666774,0.95226926,1.0010251,0.95888996,0.91675484,0.8415096,0.8130544,7.4151645,8.804809,8.327377,7.603476,6.797125,5.9500666,5.1239433,4.311344,3.5620902,3.0388563,2.5156221,2.1079178,1.6225424,1.3640126,1.0803877,0.8414891,0.65443856,0.49029335,0.45545036,0.43241036,0.43224356,0.35173497,0.39253262,0.43333027,0.43519005,0.43704987,0.35274506,0.34167245,0.26206836,0.18246426,0.15184915,0.18148646,0.20237365,0.09092935,0.18756096
22511300060481,0.97956324,0.97956324,0.88862634,0.9166879,0.9407817,0.93242455,1.0041237,0.95827585,0.912428,0.8402205,0.82190424,7.3222613,8.833776,8.339153,7.5900826,6.806444,5.9525414,5.142057,4.2880816,3.5602412,3.0394535,2.5186658,2.0875452,1.6723,1.3411999,1.0848272,0.83140194,0.64726174,0.48039663,0.47340932,0.44130772,0.42613232,0.35180932,0.37201267,0.39221603,0.42995682,0.46769762,0.3831112,0.33328393,0.2608528,0.18842173,0.16383322,0.19057421,0.22812642,0.08861772,0.17903872
22511300060491,0.9817191,0.9817191,0.9184419,0.97063327,0.9730208,0.93528646,1.010381,0.95778656,0.9051921,0.8480488,0.80741817,7.3969865,8.81155,8.32623,7.558411,6.765531,5.9776525,5.1130977,4.291375,3.5443368,3.0417821,2.5392275,2.1063094,1.6742235,1.3663961,1.0720587,0.81017977,0.64622897,0.49098587,0.46793368,0.4093431,0.43547088,0.34293798,0.38592362,0.42890927,0.4445951,0.4602809,0.3685433,0.37088197,0.27262002,0.17435808,0.14343129,0.19348328,0.21710928,0.08114158,0.19190258
22511300060501,0.96373576,0.96373576,0.91718817,0.92073935,0.94419765,0.94158083,0.95246506,0.919686,0.8869069,0.84641534,0.83135545,7.3824654,8.773976,8.302465,7.5767913,6.7794404,5.957405,5.1099896,4.269344,3.5458975,3.0556614,2.5654254,2.0644283,1.6509907,1.3348321,1.0653871,0.84052306,0.63329387,0.47851214,0.45490915,0.42532885,0.45109326,0.35050195,0.38350314,0.41650435,0.42756733,0.43863034,0.39618364,0.34577134,0.2658192,0.18586704,0.17696874,0.20575495,0.21683164,0.09995294,0.19219515
22511300060511,0.9733046,0.9733046,0.9044842,0.9308139,0.94312704,0.9145274,1.029658,0.96474785,0.89983773,0.8285662,0.7990526,7.376131,8.7851515,8.302519,7.5504627,6.7490525,5.9451513,5.07988,4.285144,3.565824,3.029113,2.492402,2.0665195,1.6433322,1.3303292,1.0661385,0.83490264,0.6623725,0.48422912,0.4809482,0.4194602,0.4341678,0.3543814,0.38867086,0.4229603,0.44935367,0.47574702,0.36917531,0.3600726,0.27415088,0.18822911,0.17754172,0.20733121,0.23414221,0.076696515,0.16743772
22511300060521,1.0126042,1.0126042,0.97283435,0.9837051,0.9892473,0.9489672,1.036078,0.98081815,0.9255582,0.87474984,0.80412775,7.411898,8.762373,8.305457,7.568079,6.7852697,5.9176536,5.105515,4.2905283,3.5569909,3.0353835,2.5137758,2.1093655,1.6579367,1.3959802,1.1104954,0.87332845,0.64724475,0.4984767,0.45885304,0.40070423,0.44130144,0.36670694,0.40861163,0.4505163,0.44617233,0.44182834,0.37994173,0.3654926,0.27093372,0.17637482,0.18662873,0.17711872,0.22100443,0.08045352,0.18335682
22511300060531,0.93224055,0.93224055,0.8987613,0.8765913,0.9191396,0.89171255,0.94350576,0.905003,0.86650026,0.82291424,0.7995741,4.745836,8.692098,8.238863,7.495,6.7097845,5.9121256,5.0617256,4.239427,3.5089746,3.0137546,2.5185347,2.0233147,1.5710241,1.3105664,1.0101962,0.82439005,0.61382157,0.45214805,0.46746546,0.42046505,0.40637946,0.34033674,0.3740168,0.40769684,0.4207405,0.43378416,0.37010854,0.32323176,0.2500061,0.17678045,0.14942776,0.13968065,0.18854995,0.04506025,0.16080825
22511300060541,0.9422639,0.9422639,0.90133995,0.92782545,0.9169366,0.88091946,0.9697115,0.92090535,0.8720993,0.80238485,0.7791015,7.311476,8.713698,8.248592,7.496425,6.731097,5.8838153,5.0494637,4.228986,3.54225,3.0380728,2.5338957,2.0297186,1.6127162,1.3100898,1.0348197,0.84812677,0.61948305,0.47673267,0.45969608,0.41408148,0.41406366,0.32631248,0.37722266,0.42813286,0.42529923,0.42246556,0.36240867,0.33638778,0.26480156,0.19321537,0.14365457,0.16441157,0.20382208,0.04961637,0.19808458
22511300060551,0.98173183,0.98173183,0.92545503,0.9505097,0.927082,0.9268713,0.972033,0.9493456,0.9266582,0.8381083,0.8160933,7.323208,8.679391,8.26445,7.526573,6.7650075,5.893498,5.0401416,4.260173,3.514644,3.0345752,2.5545065,2.0744379,1.6354938,1.3144252,1.045116,0.84115714,0.695085,0.4654029,0.458256,0.4034439,0.4229809,0.3550995,0.374468,0.3938365,0.41366208,0.43348762,0.3906548,0.3216871,0.26696983,0.21225257,0.15753531,0.16939901,0.18035841,0.086016014,0.20225722
22511300060561,0.9641364,0.9641364,0.92248684,0.94525117,0.9484549,0.90917814,0.97191316,0.95501786,0.93812263,0.83287454,0.79446733,7.364747,8.745338,8.30158,7.5029187,6.7296057,5.891012,5.069396,4.262529,3.5219703,3.0376763,2.5533822,2.069088,1.6507566,1.3481563,1.0763385,0.86251473,0.65669566,0.52576953,0.48874703,0.41174114,0.40815145,0.33917713,0.3857865,0.43239585,0.43668285,0.44096985,0.38133416,0.33461085,0.27203864,0.20946644,0.14689425,0.17064184,0.19564985,0.07127994,0.17147905
22511300060571,0.9697677,0.9697677,0.9100725,0.9489588,0.9293276,0.9321876,0.9845123,0.96346384,0.9424154,0.8131471,0.7977287,7.3746085,8.662626,8.242103,7.4760385,6.724542,5.9193144,5.068904,4.2555084,3.5351255,3.0506625,2.5661995,2.0817366,1.6430881,1.3610657,1.087086,0.84916914,0.6727343,0.46093282,0.44694242,0.42099422,0.44101492,0.35026112,0.38475946,0.41925782,0.43929437,0.45933092,0.373121,0.355539,0.27341297,0.19128694,0.10916091,0.18086481,0.1680575,0.08303561,0.2092109
22511300060581,0.9677498,0.9677498,0.8920737,0.9562315,0.9648921,0.9240367,0.9196516,0.9152665,0.91088146,0.83625585,0.8166283,7.303945,8.689987,8.250636,7.481104,6.729808,5.9192104,5.042339,4.2562494,3.532196,3.0344296,2.5366633,2.0388968,1.6510701,1.3467035,1.0168117,0.7960765,0.65227205,0.4745896,0.47718978,0.39469588,0.41014767,0.33131808,0.38606668,0.44081527,0.45374972,0.46668416,0.37294906,0.35743538,0.29053223,0.2236291,0.15672597,0.18556897,0.22051588,0.07902167,0.19197038
22511300060591,0.97475284,0.97475284,0.92218727,0.9508213,0.92044246,0.9450149,0.93915296,0.933291,0.9274291,0.8339106,0.77624065,4.7481833,8.720126,8.278175,7.5154414,6.679455,5.8647933,5.0784903,4.248192,3.4727793,3.0072706,2.5417619,2.0762532,1.6140022,1.3373363,1.0275241,0.848449,0.66937375,0.49077767,0.47726086,0.38998997,0.40734768,0.39055458,0.4303646,0.47017467,0.46692878,0.46368286,0.34049568,0.33482426,0.2778305,0.22083674,0.16384298,0.19542018,0.18425716,0.09513967,0.24544486
22511300070011,0.910186,0.910186,0.83940184,0.8733551,0.90169823,0.83555955,0.85873294,0.88190633,0.9050797,0.795822,0.7388534,7.140988,8.472747,8.268914,7.4850388,6.704085,5.8456883,5.0053935,4.171014,3.4806783,2.9398086,2.398939,1.9813153,1.5939939,1.2807204,0.98563564,0.8130297,0.64042383,0.5305875,0.44249812,0.42866722,0.40488523,0.30232602,0.34115827,0.37999052,0.38991916,0.3998478,0.3586491,0.32594723,0.26989394,0.21384068,0.15778741,0.14634602,0.09127267,0.036199316,0.14781752
22511300070021,0.97349805,0.97349805,0.87134784,0.9514429,0.92763,0.91266805,0.9723435,0.9589051,0.94546664,0.82560843,0.7648968,7.2028956,8.744263,8.269655,7.508082,6.7613354,5.872163,5.035661,4.2511487,3.492057,2.9642196,2.436382,2.0621316,1.6593149,1.3201863,1.0413694,0.85005146,0.65873355,0.45940843,0.43837503,0.37136552,0.39919022,0.3471915,0.35948813,0.37178472,0.39729053,0.4227963,0.3565455,0.33347502,0.26321292,0.19295081,0.12268872,0.15900742,0.102307625,0.04560782,0.16241242
22511300070031,1.1245996,1.1245996,0.9631622,0.9631203,0.955454,0.9748111,1.0602561,1.002941,0.94562596,0.8714312,0.804594,7.324365,8.773428,8.318236,7.592974,6.74067,5.9577727,5.1111054,4.222329,3.595622,3.0320837,2.4685457,2.1040146,1.6295164,1.3966476,1.1005844,0.9040947,0.707605,0.5581823,0.48917347,0.40266228,0.4607454,0.3815128,0.39328992,0.4050671,0.43030554,0.455544,0.36936608,0.3589534,0.28980315,0.22065292,0.15150268,0.31057668,0.21600498,0.12143329,0.22256058
22511300070041,0.8869146,0.8869146,0.8869146,1.0209913,1.0312296,1.0173131,1.0122223,1.0071315,1.0020406,0.9780872,0.7364682,7.1369543,8.716442,8.345326,7.5356927,6.775385,5.6597657,5.03955,4.262556,3.4745133,3.0316901,2.588867,2.146044,1.7032208,1.4278077,1.1523945,1.0114547,0.870515,0.5001923,0.4801589,0.44430608,0.41606793,0.38782978,0.4338036,0.4797774,0.5095455,0.53931355,0.42891178,0.3864334,0.3318369,0.27724043,0.22264393,0.16804744,0.11345097,0.058854483,0.045516085
22511300070051,1.0003803,1.0003803,1.0003803,1.0009348,1.0127891,1.0242159,1.0334647,1.0427135,1.0519624,0.9539507,4.18076,7.407569,7.4379854,7.468402,7.4988184,6.788634,5.783479,4.778325,3.7537913,3.3443346,2.934878,2.5254214,2.1159647,1.706508,1.4528891,1.1992701,0.98344785,0.7676256,0.55180335,0.42143172,0.45469892,0.41112414,0.36754933,0.43413863,0.50072795,0.48567447,0.47062102,0.43929362,0.49689192,0.46009248,0.42329305,0.3864936,0.34969416,0.3128947,0.27609527,0.23929583
22511300070061,0.94171405,0.94171405,0.94171405,0.92204404,0.95007235,0.92970985,0.9357049,0.9416999,0.94769496,0.8832551,2.195596,3.507937,4.8202777,6.1326184,7.4449596,6.701973,5.984773,5.2675734,4.5503736,4.0018444,3.4533148,2.9047852,2.3562558,1.8077261,1.4636599,1.1195936,0.8173106,0.51502746,0.5094587,0.51411873,0.45336676,0.42885834,0.40434995,0.42723095,0.45011196,0.4215527,0.39299345,0.34626696,0.43088683,0.37900615,0.32712543,0.27524474,0.22336404,0.17148334,0.11960264,0.06772194
22511300070071,0.91974455,0.91974455,0.91974455,0.9075061,0.9699186,0.9532275,0.94754297,0.94185835,0.93617374,0.8666254,2.6454508,4.4242764,6.2031016,7.981927,7.471177,6.6769285,5.8475933,5.0182586,4.188924,3.7007098,3.212496,2.7242823,2.2360682,1.7478545,1.3964788,1.0451031,0.7608798,0.47665665,0.41632032,0.50826484,0.48373812,0.41299835,0.34225854,0.38312355,0.42398852,0.44865364,0.47331873,0.33721563,0.38621515,0.3654126,0.34461007,0.32380754,0.303005,0.28220248,0.26139995,0.24059744
22511300070081,0.93091214,0.93091214,0.93091214,0.95281804,0.9561624,0.9696014,0.9364907,0.9337575,0.9310242,0.8897194,2.723955,4.5581903,6.3924255,8.226662,7.5177073,6.718448,5.8780413,5.037634,4.217663,3.6897118,3.1617608,2.63381,2.105859,1.5779082,1.3179278,1.0579474,0.8406037,0.62326,0.5219028,0.4934098,0.43156412,0.42841336,0.4252626,0.47070602,0.5161494,0.53901076,0.5618721,0.48208082,0.3981584,0.39130023,0.38444206,0.3775839,0.37072572,0.36386755,0.35700938,0.3501512
22511300070091,0.9311985,0.9311985,0.9311985,0.8888289,0.9579115,0.8883758,0.8560061,0.8791266,0.9022471,0.80095327,0.5433967,4.532782,8.522167,8.255239,7.4271016,6.671312,5.7863445,4.901377,4.1918426,3.6702538,3.1486647,2.6270757,2.1054869,1.5838978,1.3006603,1.0174228,0.84004414,0.66266555,0.4852869,0.4621189,0.4164055,0.4304354,0.44446528,0.4492971,0.4541289,0.51160634,0.5690838,0.4680915,0.4502141,0.30951723,0.16882037,0.028123492,0.0015878264,-0.02494784,-0.05148351,0.433006
22511300070101,0.7685652,0.7685652,0.7685652,0.88119894,1.0089567,0.9498814,0.94699466,0.9441079,0.9412212,0.80264026,3.3617399,5.9208393,8.479939,8.120666,7.44121,6.6405864,5.8057237,4.970861,4.1359982,3.632099,3.1281996,2.6243002,2.1204011,1.6165018,1.331078,1.0456542,0.8555885,0.6655228,0.47545716,0.46858466,0.38634005,0.3913949,0.39644977,0.38910857,0.38176736,0.36611235,0.35045737,0.34879676,0.40519536,0.2774676,0.14973983,0.022012066,0.0016189995,-0.018774068,-0.039167132,-0.039167132
22511300070111,1.1441728,1.1441728,1.1441728,0.85057855,1.108378,1.0024134,0.9979753,0.99353725,0.98909914,0.93373686,3.5748136,6.2158904,8.856967,8.134044,7.41112,6.6053324,5.9706836,5.336035,4.701386,4.066737,3.4320881,2.7974393,2.1627905,1.5281416,1.3265857,1.1250297,0.92347383,0.7219179,0.52036196,0.31880608,0.33191597,0.34502587,0.35813576,0.4220676,0.48599946,0.48178348,0.47756746,0.42913508,0.3412569,0.25337872,0.16550055,0.07762237,0.08409644,0.0905705,0.09704457,0.12414237
22511300070121,0.9589443,0.9589443,0.9589443,0.8343818,0.8718581,1.0521489,1.003493,0.9548369,0.9061809,0.8254672,0.8584049,2.500926,4.1434474,5.785969,7.4284897,6.607809,5.940926,5.274043,4.6607003,4.0473576,3.434015,2.8206723,2.2073293,1.5939866,1.2588131,0.88541424,0.51201534,0.1386165,0.3834997,0.4046456,0.3997836,0.3949216,0.3900596,0.4105742,0.4310888,0.44934002,0.4675912,0.3196987,0.27093247,0.22216626,0.17340003,0.124633804,0.18159066,0.2385475,-0.020971995,0.1649213
22511300070131,1.3302982,1.3302982,0.8239152,0.92927325,0.87828755,0.90605325,1.2754073,1.0591513,0.84289515,0.7373407,1.1538968,2.7277873,4.3016777,5.875568,7.4494586,6.675635,5.7948546,4.9140744,4.155427,3.558375,3.0505404,2.5427063,2.034872,1.5270379,1.3229816,1.1189252,0.80088735,0.48284948,0.39401287,0.45830408,0.45923048,0.35406488,0.34101108,0.37414798,0.4072849,0.44669628,0.48610768,0.29917,0.32247978,0.17247027,0.022460774,-0.22283363,0.5329729,0.31643817,-0.004152427,0.18764368
22511300070141,0.86605126,1.1290042,1.022921,0.9043824,0.9209422,0.8630227,0.9101527,1.056948,0.8040516,0.8055922,0.9105736,4.7502227,8.589871,8.113281,7.385952,6.6941185,5.7487016,4.9966664,4.1354976,3.4113736,2.9418557,2.4723377,2.0028198,1.5333018,1.1305135,1.0858729,0.87622666,0.6665804,0.4935251,0.5146223,0.5015881,0.3642369,0.34266397,0.38571754,0.42877108,0.46498084,0.5011906,0.4044743,0.21908268,0.21042399,0.20176528,0.07998438,0.21349318,0.21003638,-0.033259615,0.18810809
22511300070151,0.8286166,0.7602376,0.8148037,0.847805,0.8614691,0.9132977,0.9383274,0.8812608,0.87631947,0.7991792,0.9043307,4.7089424,8.513554,8.125921,7.4747577,6.6727815,5.7757163,5.082622,4.104593,3.4259186,2.970189,2.5144598,2.0587306,1.6030014,1.2942216,0.9854419,0.7652714,0.54510087,0.4209302,0.4345718,0.4955223,0.3671948,0.330758,0.41252285,0.4942877,0.50468755,0.5150874,0.327889,0.3121834,0.21271293,0.11324246,0.013771997,0.3597244,0.3036832,0.0374778,0.3288727
22511300070161,0.8275174,0.8275174,0.8275174,0.8622316,0.9632207,0.8253495,1.0540746,0.9190024,0.96600586,0.7048023,0.5256543,4.650896,8.776137,7.8869905,7.4318056,6.6405845,5.846635,5.034877,4.1044602,3.4062722,2.9386516,2.471031,2.00341,1.5790108,1.1050401,0.92911077,0.7015996,0.4740884,0.41116768,0.43076038,0.41974568,0.2686045,0.3018269,0.37135288,0.4408789,0.43971795,0.438557,0.380981,0.38543028,0.32195336,0.2584764,0.19499947,0.13152254,0.06804559,0.09007219,0.17559089
22511300070171,0.8474077,0.8474077,0.8474077,0.9074403,0.90465647,0.935132,0.89945775,0.86378354,0.8281093,0.8062897,0.8535602,4.6664653,8.479371,7.919434,7.359497,6.5700107,5.788817,5.092119,4.1266317,3.463977,2.9371216,2.410266,2.0439954,1.6105587,1.2555846,0.8800619,0.72863644,0.57721096,0.4257855,0.3929607,0.3397572,0.2364182,0.3274209,0.3855042,0.4435875,0.4397921,0.4359967,0.3045806,0.4164982,0.36001715,0.30353612,0.24705508,0.19057404,0.134093,0.006817799,0.1124314
22511300070181,0.8374975,0.8374975,0.8374975,0.94117594,0.9270564,0.97673595,0.9283143,0.8798927,0.8314711,0.75160056,0.81730163,2.447254,4.077206,5.7071586,7.337111,6.7146096,5.7050767,4.6955442,4.238023,3.2255144,2.8377295,2.4499443,1.9746841,1.5868565,1.2431372,1.116733,0.79989,0.48304695,0.56388295,0.46846867,0.38450915,0.39963335,0.42515677,0.4136197,0.40208265,0.43763182,0.47318095,0.35589755,0.34085986,0.2585997,0.17633952,0.09407936,0.12685846,0.15963756,0.03691056,0.24219696
22511300070191,0.87024117,0.87024117,0.87024117,0.9599529,0.87024826,0.852721,0.7819347,0.83035797,0.87878126,0.77078706,0.9941736,4.6884747,8.382775,7.8363643,7.2899528,6.586525,5.795642,4.947846,4.0787387,3.413509,2.8369977,2.2604868,1.9574767,1.5137628,1.3037233,1.0783931,0.77024776,0.46210247,0.42382228,0.5170523,0.43407157,0.46770158,0.3303836,0.40430763,0.4782317,0.46075398,0.4432763,0.4815639,0.5298471,0.38411835,0.23838961,0.09266088,0.18372418,0.27339268,0.12040289,0.23327689
22511300070201,0.8514845,0.8514845,0.8514845,0.8642091,0.894621,0.853857,0.84831494,0.8427729,0.8372309,0.7427676,0.6990866,2.362148,4.0252094,5.6882706,7.351332,6.46964,5.75593,4.824745,4.048646,3.3821049,2.9071481,2.4321914,1.9572347,1.482278,1.2316831,0.9810883,0.8096048,0.6381213,0.4666378,0.53475267,0.5324123,0.3454806,0.4031912,0.39942256,0.3956539,0.42505965,0.4544654,0.3944549,0.3951318,0.3666038,0.3380758,0.30954778,0.2810198,0.2524918,0.14757329,0.1572145
22511300070211,1.0246539,1.0246539,0.79006314,0.8481243,0.86534435,0.9414488,1.2768868,1.26716,0.8052874,0.7592004,0.66913754,4.5386815,8.408225,8.079218,7.3566723,6.5482507,5.7213373,4.8669324,4.0531836,3.3388648,2.8645315,2.3901985,1.7015015,1.5362834,1.1379098,1.0447433,0.85171294,0.5074387,0.4824514,0.47236133,0.5042476,0.38708302,0.41316092,0.4007922,0.3884235,0.4262109,0.46399832,0.39453873,0.3546034,0.20157702,0.048550617,0.13457191,0.19071066,0.24684942,0.13973312,0.17006251
22511300070221,1.2314787,1.2314787,0.7617902,0.8770651,0.86184263,0.9858669,1.0326473,1.3034239,0.85432464,0.7535808,0.6545913,3.1777549,5.7009187,8.224082,7.3155394,6.541974,5.7566667,4.911243,4.0727744,3.3548412,2.7863424,2.2178433,1.819488,1.5766017,1.3464258,1.1162497,0.913987,0.7117242,0.53615713,0.5675858,0.37244883,0.33728334,0.3240311,0.40052694,0.47702274,0.49509978,0.51317686,0.35162354,0.38972953,0.3190762,0.24842286,0.17776953,0.26142257,0.34507564,0.16525763,0.26587704
22511300070231,0.9177024,0.61204576,0.7842486,0.7824217,0.8038271,0.74540067,0.881934,0.8373196,0.7927053,0.69532406,0.68464077,6.830939,7.0143943,7.19785,7.381306,6.4844894,5.683785,4.9291286,4.0647573,3.371296,2.9123282,2.4533608,1.9943933,1.5354258,1.277397,0.9845478,0.5617373,0.5415532,0.4824448,0.4150509,0.4003099,0.3202147,0.35593027,0.42350152,0.49107277,0.48452258,0.4779724,0.31603438,0.3837953,0.36166927,0.33954328,0.3174173,0.29529127,0.2731653,0.12449338,0.16531779
22511300070241,0.67409533,0.8964287,0.8147125,0.8485435,0.8466156,0.82063705,0.801247,0.97263116,0.76231784,0.6925143,0.719087,6.854961,8.480505,7.9704022,7.308472,6.568613,5.6977124,4.88422,4.0999446,3.3540952,2.9427052,2.5313153,2.162232,1.6370541,1.265051,0.9331005,0.58034515,0.58808845,0.49985063,0.4390084,0.44341943,0.33463413,0.40667334,0.46448958,0.52230585,0.5217174,0.521129,0.32503983,0.23797792,0.10170118,-0.03457557,0.13944803,0.19174732,0.20510122,0.14934403,0.19745623
22511300070251,0.7330336,0.816935,0.7355468,0.7841044,0.7677888,0.7223866,0.80299443,0.8126406,0.7645216,0.6623249,0.60444564,6.914671,8.465892,8.112327,7.3256392,6.567231,5.589833,4.8355837,4.0521255,3.4441304,2.9544344,2.4647384,2.0715842,1.67843,1.2744201,0.8972864,0.80048275,0.7036791,0.49535272,0.44643152,0.396977,0.3412444,0.37985012,0.37551045,0.37117082,0.40883386,0.4464969,0.3651492,0.299592,0.23403476,0.16847754,0.102920316,0.25989223,0.22683752,0.06911252,0.21662322
22511300070261,0.7863049,0.5509633,0.77677745,0.8422136,0.7509541,0.72597504,0.8516099,0.83974516,0.744505,0.6927628,0.67993116,6.9701447,8.50416,7.9655485,7.1951594,6.43903,5.644096,4.8924203,4.087597,3.3558009,2.9263556,2.4969103,2.2167234,1.5315479,1.2577333,0.96449655,0.62808055,0.5182956,0.42482337,0.39430085,0.36073026,0.30844176,0.27435467,0.29562676,0.31689885,0.3791167,0.44133458,0.35365745,0.29118037,0.4205537,0.54992706,0.34310377,0.15296276,0.29114577,0.024137663,0.22717766
22511300070271,0.8131955,0.8247775,0.7660409,0.7818122,0.8118961,0.80501384,0.8723098,0.7651345,0.75395054,0.6525656,0.6512569,6.8606043,8.435571,7.9570694,7.2035766,6.4775977,5.6554203,4.8489833,4.012785,3.434013,2.8701956,2.3063786,1.6463788,1.4127637,1.1506728,0.92133963,0.7551667,0.5067129,0.4107752,0.4000205,0.3115045,0.3690986,0.2545625,0.30353323,0.35250393,0.39056012,0.42861632,0.31460062,0.2929255,0.19028601,0.087646514,-0.052716587,-0.08293059,0.24224421,0.032100312,0.17029712
22511300070281,0.6635503,0.6891091,0.71466786,0.8210778,0.76599413,0.7939031,0.8387714,0.86715806,0.77619076,0.70812225,0.62507695,2.2641675,3.9032583,5.542349,7.1814394,6.46217,5.6648135,4.858737,4.0494394,3.3046126,2.768873,2.2331336,2.0101514,1.4728302,1.2220978,0.9103137,0.8145549,0.50320023,0.45697483,0.40561253,0.40043133,0.37094143,0.18494983,0.30482507,0.42470032,0.42941537,0.43413043,0.32368904,0.26373503,0.28803787,0.31234074,0.18389092,0.18433207,0.18477324,0.05962333,0.12108043
22511300070291,0.86683714,0.83750445,0.80817175,0.77289605,0.79571563,0.78253996,0.87055606,0.852464,0.83437204,0.71810967,0.59628147,3.0194683,5.442655,7.8658423,7.219804,6.4282556,5.6513476,4.822925,4.008144,3.3049765,2.7761462,2.2473161,1.8587604,1.485614,1.1779152,0.91236633,0.71805274,0.57265824,0.35370645,0.42275333,0.37415844,0.28336754,0.29051855,0.33305869,0.37559885,0.38460904,0.39361924,0.33369663,0.33522734,0.2526541,0.17008084,0.11941324,0.03968444,0.12785144,0.038200244,0.16840534
22511300070301,0.7877963,0.97562677,0.77429837,0.78962487,0.7913387,0.7611665,0.8109152,0.7857245,0.7605338,0.6787043,0.6097747,4.3638864,8.117998,7.797251,7.1412773,6.4373074,5.6616817,4.840498,4.0011067,3.3225093,2.82876,2.3350103,1.9319866,1.5029914,1.2237369,0.8861905,0.71363777,0.5019994,0.3955538,0.4291144,0.3833779,0.3685714,0.2646077,0.316883,0.3691583,0.3734465,0.3777347,0.3340563,0.3345555,0.31322876,0.291902,0.1440101,0.0756118,0.2732581,-0.0651381,0.2312159
22511300070311,0.78424555,0.87535125,0.75937694,0.77697426,0.75493944,0.7626826,0.83410704,0.8002834,0.76645976,0.6788632,0.65864027,6.4374824,8.237038,7.850417,7.16397,6.432618,5.612492,4.7973313,4.0199203,3.3518012,2.7992015,2.246602,1.8874396,1.4779655,1.2432294,0.95342267,0.73227936,0.52030003,0.41814595,0.41469485,0.37236583,0.27803975,0.27207893,0.3223904,0.37270185,0.40069315,0.42868444,0.27993456,0.31997046,0.28242975,0.24488905,0.103524044,0.09772744,0.22834155,-0.002088356,0.17432524
22511300070321,0.80112064,0.8116598,0.82219905,0.81415105,0.8103169,0.80068403,0.87421465,0.84366167,0.81310874,0.72577363,0.6713795,3.0649114,5.458443,7.851975,7.183201,6.4405074,5.6529417,4.848169,4.025497,3.3642163,2.828744,2.2932715,1.9779907,1.5512816,1.2495192,0.9722107,0.77212065,0.6105409,0.41799274,0.42875674,0.43747333,0.37806842,0.30474472,0.36953342,0.43432212,0.42266503,0.41100794,0.39566833,0.39338282,0.32912612,0.26486942,0.15430263,0.23740754,0.20903443,0.02794513,0.26683232
22511300070331,0.7754692,0.8100028,0.84453636,0.83533007,0.8087233,0.81951666,0.89057827,0.8563956,0.822213,0.7256108,0.6631263,6.555077,7.2083035,7.8615303,7.2028656,6.4094577,5.654923,4.857593,4.0612016,3.3471165,2.8196225,2.2921286,1.8621113,1.5143108,1.2157098,0.98739475,0.7108514,0.589356,0.48117056,0.47832298,0.39814338,0.370268,0.28766027,0.37268028,0.45770028,0.45140183,0.44510338,0.41194898,0.3927056,0.32719222,0.26167887,0.11169188,0.15897939,0.25491458,0.06787988,0.20035408
22511300070341,0.81985664,0.80958384,0.79931104,0.7722032,0.79065543,0.77726614,0.85385305,1.2687802,0.7779644,0.6533082,0.6510298,3.0285354,5.4060407,7.7835464,7.11294,6.376081,5.5797954,4.793471,4.0222273,3.3114266,2.795497,2.279567,1.9072714,1.4875605,1.1655533,0.9448667,0.720237,0.57924724,0.42957363,0.40077323,0.32055584,0.30304512,0.25449643,0.33239257,0.41028872,0.40023363,0.39017853,0.30284482,0.32624713,0.26578158,0.20531604,0.12177613,0.14183073,0.18877792,0.03718523,0.21416783
22511300070351,0.77400905,0.76403505,0.75406104,0.7680671,0.7790899,0.77211785,0.82663244,1.0114932,0.75989014,0.63379085,0.65887856,3.0336204,5.408362,7.783104,7.109431,6.3813324,5.5555377,4.7793727,3.9779418,3.305404,2.7813036,2.2572033,1.9403731,1.5123018,1.1784763,0.9429696,0.74219465,0.52583605,0.42997944,0.41562685,0.35352024,0.34675995,0.31241444,0.33345693,0.35449946,0.37993705,0.40537465,0.29739574,0.35357624,0.24620175,0.13882725,0.15380645,0.16355194,0.12937865,0.053570148,0.13548444
22511300070361,0.76792175,0.7689591,0.76999646,0.75576645,0.76687926,0.7728752,0.81839776,0.836849,0.76683867,0.64526314,0.6523014,6.506471,8.057453,7.737463,7.0886025,6.377079,5.596078,4.748976,3.9973903,3.2933555,2.8171492,2.3409426,1.9374574,1.492616,1.2008929,0.90200174,0.69353104,0.53139275,0.43464357,0.41980207,0.35855347,0.38565397,0.33760267,0.3634873,0.38937196,0.4017024,0.41403288,0.29190007,0.34070978,0.25619698,0.17168416,0.16250056,0.23018286,0.18598856,0.073128365,0.16197675
22511300070371,0.7049197,0.7178248,0.73072994,0.7544247,0.7609993,0.7558416,0.8060096,0.94251853,0.7711807,0.67085224,0.6373409,6.550717,8.015992,7.6962,7.1171904,6.363921,5.574378,4.78919,4.012146,3.301841,2.8772814,2.4527216,1.9053664,1.5145168,1.1965834,0.94085294,0.746216,0.5247072,0.4042341,0.4154686,0.30418763,0.42891553,0.30206522,0.36157063,0.42107603,0.39855632,0.3760366,0.3298267,0.35265142,0.3072668,0.26188222,0.13492772,0.19226621,0.14165512,0.05477182,0.18956931
22511300070381,0.75348794,0.75153965,0.74959135,0.72912115,0.75546557,0.73125184,0.81709355,1.0119072,0.75632507,0.65550566,0.6291534,6.4237165,8.04286,7.72096,7.069488,6.3405066,5.614484,4.7716703,4.0147233,3.2830932,2.8035383,2.3239837,1.8626382,1.4794517,1.1862568,0.90845186,0.70032257,0.55807036,0.42641956,0.40500915,0.36712226,0.40353155,0.31468257,0.3626325,0.41058245,0.39814502,0.38570756,0.30601767,0.32641196,0.28640777,0.24640356,0.17623037,0.16799657,0.21245956,0.13585676,0.19210686
22511300070391,0.72915846,0.7430872,0.7570158,0.7717311,0.72997737,0.7443448,0.88046944,0.8328473,0.78522515,0.64603406,0.6581097,6.382681,8.040768,7.698043,7.0426755,6.3483963,5.5922937,4.776613,4.0055165,3.271454,2.8066416,2.341829,1.8810577,1.5166413,1.1987427,0.93088806,0.723815,0.55022985,0.39859816,0.41910255,0.38742214,0.37123436,0.34813225,0.36484236,0.38155246,0.38933256,0.39711264,0.34980145,0.35268536,0.31277052,0.27285564,0.15228724,0.17983365,0.19514546,0.120390855,0.17010975
22511300070401,0.746132,0.271704,0.7478007,0.7555557,0.7553997,0.7802167,0.8426537,0.7989761,0.7552985,0.650562,0.6524601,6.3608303,8.03843,7.705165,7.0360136,6.3371434,5.5815496,4.7707705,3.9698057,3.298795,2.8081253,2.3174553,1.8912358,1.5037471,1.2063092,0.9149777,0.7001048,0.5632856,0.4198898,0.4067773,0.3437739,0.3488159,0.3210371,0.3582867,0.3955363,0.40434536,0.4131544,0.3549583,0.3150214,0.3038364,0.2926514,0.1551867,0.1878708,0.2430458,0.1490878,0.1869177
22511300070411,0.77621853,0.49121484,0.774111,0.72585756,0.76648796,0.75685906,0.7780778,0.76153773,0.7449977,0.6511409,0.6213639,4.31319,8.005016,7.7040963,7.030408,6.3429394,5.582928,4.7801824,3.9617226,3.321536,2.7639897,2.206443,1.8658391,1.5056964,1.1911768,0.89933336,0.6996021,0.51726437,0.42604154,0.40428406,0.39587146,0.34486225,0.31521246,0.3443158,0.37341917,0.4016805,0.42994186,0.32337615,0.34104615,0.29030776,0.23956935,0.17909065,0.17181545,0.22904465,0.123507254,0.22908716
22511300070421,0.76064515,0.84614897,0.7126666,0.70876235,0.7191728,0.7024299,0.80584055,0.7499764,0.7705949,0.5852051,0.60235804,4.288344,7.9743295,7.6642847,6.997527,6.307685,5.455938,4.720768,3.942672,3.2579606,2.7162588,2.174557,1.8490016,1.4465971,1.1721983,0.8604154,0.68652606,0.52706796,0.40388897,0.37706736,0.32700428,0.33636138,0.26943347,0.31972182,0.37001017,0.38868737,0.40736458,0.33757886,0.32391027,0.2936451,0.26337996,0.13781077,0.08298967,0.19132647,0.07067167,0.20091008
22511300070431,0.73483056,0.765444,0.7582578,0.72695076,0.73983806,0.73252106,0.8074825,0.73878336,0.7388323,0.6142158,0.5788452,6.241284,7.9371476,7.643633,6.9809794,6.3018327,5.531746,4.693287,3.9610772,3.240451,2.6925066,2.144562,1.8287631,1.451651,1.1514852,0.906752,0.6622615,0.5215438,0.4111378,0.3862472,0.3707437,0.3396192,0.29160938,0.3350562,0.378503,0.40122154,0.4239401,0.32676378,0.3275007,0.2920569,0.25661308,0.12664439,0.12481829,0.13913369,0.028819287,0.12062389
22511300070441,0.7186561,0.78819793,0.7113934,0.76064867,0.75016594,0.73049384,0.78355163,0.7563397,0.75560766,0.6184182,0.59773594,6.2033486,7.9217663,7.5934234,6.943542,6.2633567,5.510215,4.720122,3.9366345,3.2582467,2.7365012,2.2147558,1.8547189,1.4608032,1.1506296,0.89252335,0.70865035,0.47150993,0.39833304,0.38743043,0.35528293,0.32712525,0.24454205,0.29050243,0.33646286,0.36182928,0.38719574,0.30335963,0.31143114,0.28476936,0.25810754,0.12408454,0.10989574,0.19480555,0.040577844,0.19523995
22511300070451,0.7162698,0.89802897,0.71461207,0.7462808,0.758723,0.7134259,0.783763,0.8987115,0.75178766,0.60747486,0.6562465,6.2058816,7.9169707,7.6020446,6.985123,6.2809925,5.506974,4.6969237,3.956226,3.274568,2.7740302,2.2734926,1.866091,1.4722987,1.1430621,0.8704496,0.6836251,0.4965021,0.39249018,0.341317,0.3393214,0.3136437,0.30387488,0.3436103,0.3833457,0.3543053,0.3252649,0.3369873,0.3202473,0.2484842,0.1767211,0.121541694,0.14532469,0.10589589,0.049523693,0.159313
22511300070461,0.71747136,0.9930796,0.736533,0.75854325,0.79350775,0.7638016,0.794373,0.9391469,0.78419477,0.67211705,0.5990531,6.263474,7.9765763,7.6268806,7.0072937,6.288997,5.5248823,4.734314,3.9371388,3.2905042,2.761908,2.233312,1.8758111,1.4897553,1.188556,0.92459667,0.7121622,0.5578316,0.44814038,0.3961475,0.3459336,0.33605286,0.2629096,0.30841458,0.35391957,0.3711598,0.3884,0.3395854,0.3178436,0.32145733,0.32507107,0.13984008,0.16788958,0.20180438,0.086551376,0.19403698
22511300070471,0.70082283,0.45175043,0.75624734,0.7426841,0.74427503,0.73887473,0.77283674,0.9275217,0.7876234,0.67307454,3.4335682,6.1940618,7.945592,7.653463,7.00352,6.304214,5.5631833,4.7200255,3.9703977,3.2491257,2.757719,2.2663124,1.9080322,1.5020115,1.1513605,0.8941211,0.78407735,0.53957945,0.42032522,0.41351274,0.37274492,0.37849742,0.31482694,0.36901078,0.42319462,0.42177013,0.42034563,0.36644074,0.31393313,0.30549642,0.29705974,0.15433383,0.21428382,0.14344323,0.09085523,0.22694403
22511300070481,0.7670283,0.74670404,0.7263798,0.7582811,0.76609015,0.77053356,0.7657608,0.7579619,0.7501631,0.6798802,3.4228182,6.165756,7.9073753,7.6229825,6.9631605,6.283814,5.549094,4.723501,3.9817538,3.2609446,2.755329,2.2497132,1.9017956,1.4776915,1.2069983,0.9672434,0.7465127,0.5338633,0.4468661,0.4083095,0.36393297,0.37936148,0.31089628,0.35292733,0.39495838,0.40450972,0.41406107,0.3849387,0.32673487,0.26153073,0.19632658,0.16962248,0.17211118,0.24422488,0.103925884,0.16264938
22511300070491,0.7441184,0.76460284,0.7850873,0.7684013,0.76386243,0.7570095,0.9128461,0.8254498,0.7380536,0.6611355,0.6799128,6.1965027,7.8666444,7.593523,6.9844136,6.2894936,5.5276165,4.7487764,3.9711888,3.283394,2.7880807,2.2927673,1.9236668,1.5165256,1.2282474,0.9206871,0.7702228,0.5338464,0.4412111,0.42489982,0.3645385,0.3756134,0.3397446,0.3917659,0.4437872,0.44100106,0.4382149,0.3307139,0.3300382,0.3332418,0.3364454,0.12723221,0.176073,0.1795231,0.0622994,0.2288547
22511300070501,1.0770835,1.2885727,0.7322841,0.7997921,0.75517243,0.68603694,0.8553873,1.0247376,0.7686711,0.6657375,0.5581954,5.990956,7.829094,7.6652575,6.9554133,6.26557,5.5144515,4.7367496,3.9472146,3.1990452,2.7442892,2.289533,1.8956329,1.5064931,1.1714345,0.896013,0.8445209,0.55698943,0.42949453,0.42876732,0.40477782,0.3547432,0.36949152,0.4261009,0.48271033,0.45232272,0.4219351,0.33486822,0.3453533,0.24210362,0.13885392,0.09652232,0.12319662,0.16088982,0.083656214,0.18879992
22511300070511,0.71759367,0.74197716,0.6982387,0.7068665,0.6883483,0.71555066,0.77522326,0.83489585,0.73578537,0.5901143,0.66315496,5.8854046,6.761237,7.6370697,6.903751,6.2229342,5.501293,4.6843343,3.9379542,3.2560563,2.7370772,2.218098,1.8749825,1.434309,1.1111943,0.8765008,0.650835,0.5391964,0.36883828,0.38927758,0.35315257,0.34056666,0.28603867,0.3127657,0.33949268,0.36518857,0.39088446,0.30729628,0.31341356,0.22577962,0.13814567,0.12098458,0.069620475,0.19556367,0.029613974,0.17397837
22511300070521,0.85940105,0.7961214,0.68781954,0.7226635,0.7279794,0.73475724,0.7791723,0.8235874,0.7393179,0.629728,0.5762834,5.944728,6.272914,6.6011,6.929286,6.244919,5.510081,4.714624,3.9156303,3.229552,2.7231424,2.2167325,1.8523303,1.4487063,1.106242,0.8985626,0.73796564,0.5511902,0.40134183,0.41247353,0.36444363,0.3297212,0.2767867,0.31938776,0.3619888,0.36303046,0.3640721,0.28719634,0.31618232,0.19567633,0.07517032,0.09799472,0.13040042,0.16794062,0.018612323,0.14200363
22511300070531,0.7072659,0.7973838,0.6973365,0.75263363,0.7613532,0.774213,0.7817873,0.78936154,0.76462394,0.6177325,0.5892602,5.870703,6.2174773,6.5642514,6.9110255,6.238658,5.4953327,4.6992736,3.9221978,3.236309,2.7379944,2.2396798,1.82156,1.5207142,1.2072732,0.91035104,0.6719191,0.56404114,0.4038701,0.4211472,0.39827532,0.3465608,0.28535903,0.33849916,0.39163932,0.39549673,0.3993541,0.3014064,0.3048343,0.028434811,-0.2479647,0.1571643,0.14500642,0.2289769,-0.012009288,0.13521661
22511300070541,0.77581245,0.895687,0.7549673,0.76767665,0.7702619,0.7715825,0.6693184,0.88242894,0.8011392,0.66850334,0.55780166,5.9469376,6.25742,6.567903,6.878386,6.2247233,5.4803343,4.7011776,3.9117525,3.1480656,2.6395857,2.1311057,1.7682847,1.435488,1.2776395,0.89575624,0.7567947,0.5253414,0.43647915,0.42120758,0.40722686,0.32081366,0.29576367,0.36742112,0.43907857,0.45077136,0.46246415,0.32427305,0.33703867,0.25692648,0.17681426,0.040785164,0.060646363,0.20259246,0.016582364,0.15605606
22511300070551,0.7209975,0.8329121,0.7126709,0.7754247,0.7112571,0.74809533,0.936324,0.83816284,0.680414,0.6230642,0.6036762,5.9816723,6.27958,6.5774875,6.875395,6.21022,5.4917555,4.658478,3.8593767,3.2051847,2.7714097,2.3376348,1.9038599,1.4700848,1.1572638,0.8444427,0.66440994,0.54283124,0.3988668,0.35989523,0.39270303,0.3794687,0.32132483,0.32700756,0.33269033,0.37145838,0.4102264,0.3182184,0.2682416,0.20115687,0.13407211,0.077262014,0.10167242,0.18802401,0.07772442,0.14278862
22511300070561,0.8132142,0.8107127,0.7079869,0.708135,0.69493437,0.69128317,0.8140242,0.8036943,0.7435598,0.5730803,0.5707766,2.1450124,3.7192483,5.293484,6.8677197,6.221374,5.4403033,4.665803,3.8877938,3.1611085,2.6899183,2.2187278,1.7475377,1.4306751,1.1481786,0.8656819,0.7001938,0.4743766,0.3789,0.370634,0.3855727,0.3337702,0.273919,0.3061997,0.33848038,0.3556965,0.3729126,0.3629128,0.274191,0.2221997,0.1702084,0.0814451,0.110191196,0.0868969,0.022173796,0.08012229
22511300080011,1.1317902,1.2024319,1.117752,1.1893808,1.1137862,1.1265159,1.1120936,1.0976712,1.0832489,1.0540884,0.9349469,8.840638,9.658074,9.0373955,8.158133,7.28364,6.4091473,5.5463524,4.6342053,3.8876019,3.3351338,2.7826657,2.2672718,1.9050083,1.6016356,1.2252345,0.9771877,0.75803053,0.5447932,0.5053534,0.4889507,0.4821937,0.417582,0.44010088,0.46261972,0.46961656,0.4766134,0.3804754,0.3711822,0.28533265,0.19948311,0.19801661,0.18733771,0.18190111,0.099238515,0.17573611
22511300080021,1.1131879,1.1678013,1.1054541,1.1197674,1.180881,1.1390208,1.1239043,1.108788,1.0936716,1.01712,0.97135794,8.961453,9.805349,9.044733,8.231964,7.2911134,6.3502626,5.486736,4.6338334,3.9055758,3.3329277,2.7602797,2.3410761,1.8305311,1.4980818,1.1915841,0.97868043,0.75940305,0.592482,0.5399889,0.48183495,0.47985515,0.35725516,0.39668176,0.43610835,0.4727572,0.50940603,0.38941947,0.35512015,0.2870919,0.21906365,0.14387316,0.20917666,0.19218016,0.060422555,0.22342855
22511300080031,1.1198025,1.2069246,1.1004826,1.1859158,1.186469,1.1252385,1.1307372,1.1362358,1.0970594,1.0123427,0.94202155,9.064961,9.727995,9.105717,8.244615,7.3276925,6.410771,5.533023,4.5626183,3.8369255,3.2887404,2.7405553,2.3215742,1.8107264,1.5405583,1.2140132,1.000817,0.75637335,0.5535112,0.48480552,0.5030747,0.45262483,0.38823724,0.41061392,0.4329906,0.46994454,0.5068984,0.35311872,0.39725593,0.27893272,0.16060953,0.14611882,0.18168202,0.20131293,0.114809826,0.22433463
22511300080041,1.1382467,1.1642933,1.1528281,1.1523306,1.1749905,1.1733634,1.1588631,1.1443628,1.1291506,1.1069927,0.96942836,9.170678,9.853749,9.17925,8.293745,7.3853693,6.4769936,5.499199,4.674675,3.9056,3.3387287,2.7718573,2.3574407,1.8643849,1.5649418,1.2626643,1.0111779,0.7577069,0.60165423,0.54596746,0.46318737,0.48099044,0.41658527,0.45410794,0.49163064,0.5108627,0.53009474,0.43912625,0.37083724,0.2762174,0.18159756,0.21727195,0.23156135,0.22086136,0.08477706,0.26726466
22511300080051,1.1298369,1.1941072,1.1735562,1.1889387,1.1774374,1.1771334,1.182336,1.202853,1.1141441,1.0530581,0.9710569,9.209474,9.994416,9.215823,8.323055,7.399011,6.474967,5.5794816,4.698629,3.9517999,3.3850515,2.8183033,2.3310683,1.8530186,1.5423851,1.2791553,0.9823254,0.7774629,0.6017747,0.5602153,0.4553069,0.5257904,0.4174879,0.44591784,0.47434777,0.50420576,0.53406376,0.4374874,0.3642346,0.30694658,0.24965858,0.21286818,0.2751614,0.22607458,0.16455808,0.19909759
22511300080061,1.1353416,1.1579268,1.1040307,1.1887709,1.1735711,1.1410371,1.2091918,1.1945239,1.1164943,1.0679858,0.97198945,9.372188,9.951998,9.314802,8.383971,7.4675403,6.508748,5.5467796,4.7220087,3.918992,3.3335254,2.748059,2.3160636,1.8755014,1.5522195,1.2326474,0.9788333,0.77373457,0.59454334,0.5301113,0.5091782,0.49247774,0.37140864,0.43842623,0.5054438,0.51661897,0.5277941,0.41972113,0.39537713,0.3143718,0.23336644,0.17186254,0.23720564,0.20840904,0.13198873,0.24931274
22511300080071,1.1127104,1.1850228,1.088661,1.1725143,1.2025003,1.1618586,1.2042308,1.1437119,1.1441345,1.0464638,0.9896899,9.4297085,10.119516,9.338491,8.411425,7.4751363,6.538848,5.584341,4.698802,3.934167,3.4081502,2.8821337,2.344067,1.8315535,1.5468812,1.2671968,1.009528,0.7698345,0.5548666,0.5551018,0.439305,0.4754861,0.3970358,0.43045026,0.46386468,0.4825669,0.5012691,0.3974348,0.3876136,0.3061373,0.224661,0.1860791,0.2118341,0.21266049,0.1787889,0.2014944
22511300080081,1.1111908,1.1451904,1.1085273,1.1794716,1.1392155,1.1502159,1.2382575,1.1722424,1.1471013,1.0462738,0.99821097,9.507214,10.0621195,9.354088,8.419917,7.4790573,6.538198,5.5973387,4.7407746,3.9426916,3.3605547,2.7784178,2.3493152,1.872688,1.5407195,1.2635068,0.9778789,0.76669806,0.6096383,0.541101,0.47169197,0.46878225,0.42773387,0.46837002,0.50900614,0.53186923,0.5547324,0.42650917,0.42723855,0.3572981,0.28735766,0.22583126,0.25206995,0.22659495,0.18433276,0.25423947
22511300080091,1.1123962,1.1807846,1.1146345,1.1543412,1.1391964,1.1739026,1.1481979,1.157428,1.1073805,1.06493,0.9917913,9.578171,10.161747,9.417967,8.45969,7.4454255,6.5404954,5.6355653,4.71904,3.9327466,3.372439,2.8121314,2.3473568,1.8599044,1.5522268,1.1995331,0.9696678,0.74088943,0.5737084,0.49900642,0.5625442,0.5056375,0.5340162,0.55170643,0.5693966,0.5789538,0.588511,0.5331781,0.5259387,0.43563432,0.3453299,0.3131189,0.33792722,0.26028442,0.27076793,0.3565633
22511300080101,1.0896041,1.1761601,1.1306685,1.1636658,1.1285431,1.1507615,1.1828761,1.1698273,1.0822043,1.080684,0.9824021,9.628553,10.184003,9.402848,8.4569645,7.4877,6.5618205,5.6359406,4.745413,3.9177253,3.3700724,2.8224192,2.3269217,1.8374704,1.5285485,1.2179885,0.9770127,0.7481754,0.60152626,0.5476628,0.4716805,0.4765443,0.4714968,0.5142949,0.5570931,0.5657464,0.57439977,0.47198188,0.5112273,0.42871317,0.3461991,0.2788151,0.30189088,0.29042867,0.26190057,0.32898948
22511300080111,1.1662092,1.2217878,1.1428437,1.2113097,1.2336628,1.1968224,1.1877874,1.1453578,1.172283,1.0765488,1.008842,9.709841,10.23132,9.451605,8.549254,7.4931474,6.5860424,5.678938,4.7810383,4.0274787,3.431309,2.8351393,2.34898,1.8811315,1.5516561,1.2587237,1.0100546,0.78997695,0.6081564,0.51491416,0.53336495,0.53318655,0.45468467,0.51592046,0.57715625,0.5908754,0.60459447,0.49997446,0.48890376,0.42716017,0.36541656,0.30509716,0.32524747,0.29457816,0.31013647,0.34744248
22511300080121,1.1437588,1.2122067,1.1211313,1.1703966,1.189047,1.1607928,1.2279816,1.2125473,1.1090535,1.0645273,1.0128542,9.762585,10.242391,9.452548,8.550221,7.5864997,6.622778,5.6590567,4.8065405,3.966828,3.394229,2.82163,2.3732011,1.8775616,1.5685738,1.2704079,0.9900537,0.80020344,0.6340419,0.61539614,0.57792604,0.5865045,0.5520495,0.5635104,0.5749713,0.60782075,0.64067024,0.5392959,0.53392655,0.47761807,0.42130962,0.35217163,0.44984543,0.33836502,0.35128492,0.39588213
22511300080131,1.1400089,1.1809304,1.1438091,1.1958565,1.1823171,1.178702,1.234459,1.1420665,1.1269703,1.076873,0.9607745,9.730795,10.262777,9.447928,8.501683,7.6041846,6.755489,5.7046833,4.770785,3.9693503,3.4070714,2.8447924,2.376926,1.8874983,1.530745,1.2676599,0.9908142,0.831394,0.678031,0.6502976,0.5996704,0.6144985,0.5760756,0.5971187,0.6181617,0.6272762,0.6363907,0.538047,0.5769057,0.4865967,0.3962877,0.3245387,0.5362701,0.3540362,0.32129142,0.4012339
22511300080141,1.15562,1.2752874,1.1688074,1.2053351,1.1651826,1.1658311,1.2252197,1.1711928,1.1467847,1.0330503,1.0110093,9.748396,10.279805,9.463277,8.531917,7.651995,6.6226387,5.696045,4.794636,3.9663992,3.4166296,2.86686,2.3567767,1.8815944,1.5509033,1.2342527,1.0016172,0.8169972,0.6409193,0.58215517,0.57433563,0.58875746,0.53996515,0.56566906,0.59137297,0.6010405,0.61070806,0.54691976,0.552367,0.45078453,0.34920216,0.34049714,0.42196104,0.37279585,0.33815303,0.35770234
22511300080151,1.1328299,1.1627126,1.1474965,1.1742808,1.1697212,1.1273284,1.2133373,1.1395534,1.0595881,1.0645616,0.94710356,9.803425,10.243462,9.460566,8.52794,7.5878224,6.623668,5.693759,4.7267194,3.9420166,3.3602054,2.778394,2.3347642,1.8337687,1.4989021,1.1966511,0.9798781,0.74768263,0.59124494,0.53648305,0.49786636,0.46807644,0.42752835,0.4682357,0.508943,0.51018685,0.5114306,0.43208575,0.47021464,0.37240115,0.27458766,0.25621134,0.29929456,0.25365406,0.20153365,0.23145105
22511300080161,1.0614632,1.171958,1.0935887,1.1114165,1.149527,1.1366297,1.1495988,1.1412289,1.1124544,1.0243734,0.9481999,9.774695,10.237271,9.461116,8.526742,7.518428,6.6232514,5.6668363,4.722272,3.9660995,3.3744245,2.7827497,2.3217793,1.8562523,1.5159694,1.2060609,0.93675375,0.7413843,0.58878803,0.5659338,0.51812345,0.55823267,0.45607713,0.48713595,0.51819474,0.52242035,0.52664596,0.45767733,0.42616785,0.35943574,0.29270363,0.25783533,0.23931503,0.25883904,0.21872284,0.21596284
22511300080171,1.0530564,1.147508,1.1110241,1.161964,1.1258554,1.1587439,1.1928095,1.1282848,1.0451524,0.9922974,0.9497468,9.840666,10.256115,9.489257,8.532215,7.569963,6.607464,5.6568356,4.801081,3.943689,3.365161,2.7866328,2.3095837,1.8131666,1.5366493,1.2060919,0.9718942,0.7236486,0.6205369,0.5644261,0.5433634,0.5318857,0.4931295,0.5181106,0.5430917,0.5595264,0.5759611,0.4372076,0.621068,0.4689661,0.3168642,0.24898,0.2558794,0.3012004,0.2362142,0.2415254
22511300080181,1.096858,1.1566676,1.1054218,1.1699338,1.168329,1.161113,1.1689365,1.1594548,1.070365,1.0145632,1.001773,9.851198,10.285745,9.498398,8.561283,7.609349,6.584218,5.6548233,4.7385974,3.939008,3.3563821,2.7737563,2.34185,1.8503798,1.5069306,1.2280905,1.0170963,0.75170463,0.5763385,0.5112541,0.45133996,0.48688146,0.45193645,0.47857526,0.50521404,0.51822984,0.53124565,0.45856807,0.45480192,0.4510358,0.44726965,0.22184385,0.25142476,0.27169415,0.20927696,0.24136806
22511300080191,1.1154258,1.1635243,1.1087441,1.1246192,1.1916177,1.1437652,1.2038611,1.1770562,1.1353619,1.0678784,0.9670663,9.875427,10.381865,9.546919,8.602119,7.602355,6.6891127,5.7145815,4.7859526,3.9974089,3.379781,2.762153,2.3426156,1.879435,1.5133088,1.2104948,1.0007064,0.7604853,0.6389278,0.5737537,0.5225775,0.5675458,0.4513614,0.4912753,0.5311892,0.5249967,0.5188042,0.4736933,0.44434497,0.41499662,0.3856483,0.2469378,0.2933697,0.2694682,0.2960313,0.2936945
22511300080201,1.1949335,1.1900436,1.1607618,1.1857772,1.1693754,1.109348,1.2522978,1.1765848,1.0875976,1.0211434,0.9750585,9.971056,10.313958,9.538936,8.624034,7.646795,6.6405945,5.736761,4.791011,4.0258603,3.4291072,2.8323538,2.3372574,1.8823329,1.5667888,1.3146414,0.9453879,0.8604415,0.6460001,0.60913193,0.5306484,0.5820455,0.45496613,0.46362886,0.47229162,0.5285597,0.58482784,0.47012973,0.43796927,0.40580884,0.3736484,0.1733137,0.25737682,0.22881931,0.119166516,0.27151862
22511300080211,1.1123638,1.2067,1.1621776,1.15424,1.1512736,1.1762441,1.192405,1.1253594,1.0919889,1.0307387,0.97664404,9.931744,10.316774,9.544034,8.60422,7.6378527,6.638332,5.7170887,4.788705,4.031655,3.418673,2.8056915,2.3906407,1.9167329,1.5853499,1.3649448,1.0251447,0.99179804,0.59129167,0.5325125,0.5195647,0.5171069,0.40716487,0.42128697,0.43540907,0.50048065,0.5655523,0.41401178,0.55621666,0.39975068,0.24328467,0.20542656,0.24902877,0.33923036,0.21852286,0.26163298
22511300080221,1.1086638,1.1672434,1.1272017,1.1464276,1.1732856,1.1158495,1.1963143,1.1950197,1.0887569,1.0931191,0.9518102,9.953297,10.38677,9.567947,8.602285,7.6615405,6.704553,5.7454677,4.8367596,4.028509,3.403434,2.7783587,2.3579414,1.8689166,1.6077306,1.4067789,0.96987957,0.992224,0.5926313,0.6718454,0.5581423,0.7972306,0.7448073,0.7590432,0.7732792,0.873482,0.9736848,0.7148869,0.6760098,0.53704965,0.3980896,0.46740267,0.5298465,0.5756249,0.49650207,0.47905648
22511300080231,1.1147702,1.1811041,1.0863035,1.1327068,1.1991019,1.1812392,1.1436508,1.1676064,1.1159142,1.1065452,1.0115968,10.008952,10.412649,9.572103,8.648548,7.697115,6.6794457,5.7589517,4.830198,3.995313,3.409842,2.8243709,2.3503914,1.9236633,1.6691624,1.4099816,1.0236163,0.94006383,0.5930791,0.7080362,0.5572151,0.6308812,0.7408567,0.7764823,0.8121078,0.8594225,0.9067372,0.7948746,0.431727,0.35749465,0.2832623,0.4260402,0.5683809,0.5502487,0.36981362,0.5559309
22511300080241,1.0911905,1.1941813,1.1186767,1.1506958,1.195256,1.1272649,1.1744136,1.1952544,1.1333109,1.0615294,0.98362833,9.999285,10.37931,9.574434,8.642648,7.6915474,6.7035027,5.729137,4.831702,4.041448,3.4564948,2.8715415,2.379267,1.9416797,1.6878915,1.4707353,1.0636308,0.9618111,0.53190005,1.0125483,0.70171106,0.7229105,0.96121716,0.9991043,1.0369915,1.0602177,1.083444,1.0374855,0.34887403,0.46281618,0.5767583,0.6226298,0.7634369,0.80013156,0.62976134,0.74156094
22511300080251,1.1125501,1.1661737,1.1304079,1.1734022,1.1914015,1.2185389,1.2214981,1.1797061,1.1379141,1.0495901,1.0469828,10.046483,10.42318,9.613288,8.651337,7.762496,6.7562494,5.7905393,4.8573027,4.055593,3.4761803,2.8967674,2.404912,1.9970471,1.7480873,1.4953129,1.0339683,1.0034176,0.6002643,1.0047622,0.5446663,0.7532322,0.9758272,0.9707377,0.96564823,1.0447115,1.1237748,1.0278158,0.4235358,0.4650799,0.506624,0.52201164,0.8500335,0.7080665,0.59697974,0.74338293
22511300080261,1.2586029,1.2317749,1.1519737,1.173978,1.1990477,1.2328057,1.2171041,1.2014024,1.1857008,1.0664259,1.0383179,10.093449,10.441936,9.658536,8.68183,7.758603,6.823487,5.813613,4.8885846,4.1179447,3.5633974,3.00885,2.4476745,2.0145512,1.7567471,1.3322781,1.0451769,0.88839555,0.59887874,0.75593334,0.5283293,0.64447105,0.6121988,0.6440635,0.6759281,0.7089469,0.74196565,0.63132614,0.5369509,0.44257566,0.34820044,0.39611572,0.5081595,0.40111744,0.24960104,0.39336684
22511300080271,1.1722564,1.2285208,1.1918839,1.2082639,1.2136984,1.2192749,1.1875863,1.1558979,1.1242093,1.1453488,1.0283812,10.084129,10.458775,9.620541,8.645028,7.727986,6.7756324,5.8017673,4.8835645,4.0911818,3.498316,2.90545,2.410509,2.0740101,1.7451842,1.3832424,1.0932758,0.85808295,0.6146659,0.9207714,0.6207383,0.78335994,0.8616477,0.79908645,0.7365251,0.8489647,0.9614042,0.84973544,0.73718715,0.6246389,0.5120906,0.47862172,0.75009215,0.535956,0.53484756,0.53447384
22511300080281,1.174686,1.174686,1.229105,1.2223626,1.17047,1.25102,1.2237552,1.1964905,1.1692257,1.1329654,1.0422091,10.121805,10.435518,9.60418,8.710648,7.771991,6.846615,5.8381095,4.9377613,4.0809393,3.486418,2.8918967,2.4585888,1.9543136,1.5848241,1.3512514,1.0899558,0.84443337,0.60277295,0.71255314,0.5853466,0.65601486,0.63997823,0.6364186,0.6328589,0.6603625,0.68786615,0.64433277,0.5497861,0.45523942,0.36069274,0.29676735,0.46692514,0.33013806,0.28644854,0.32880744
22511300080291,1.1515747,1.1996968,1.1559335,1.2234663,1.206362,1.1400697,1.1344086,1.1287475,1.1230863,1.0851425,0.99927133,10.043118,10.438868,9.592876,8.633887,7.7661757,6.806543,5.815215,4.8898506,4.0648017,3.4871197,2.909438,2.3693643,1.9527929,1.5888045,1.2864206,1.0264478,0.844652,0.6943274,0.69304824,0.6203169,0.7328556,0.5745673,0.57619745,0.57782763,0.6720959,0.7663642,0.5980191,0.530184,0.4623488,0.39451364,0.29845384,0.34965768,0.40086153,0.32746923,0.33300713
22511300080301,1.1638747,1.1822351,1.156796,1.211619,1.2150332,1.2053435,1.1680077,1.1306721,1.0933365,1.0686529,1.0106279,10.054949,10.357702,9.5939865,8.650099,7.7183056,6.803527,5.849803,4.8849263,4.1056395,3.5057685,2.9058979,2.4248633,1.9296125,1.5629051,1.2443365,0.97930855,0.75643384,0.61359936,0.5614842,0.52301735,0.53135395,0.45809335,0.49250618,0.526919,0.52869964,0.5304802,0.42470914,0.35600597,0.2873028,0.21859963,0.22536373,0.20155804,0.25546622,0.17329064,0.23168944
22511300080311,1.1376878,1.1962669,1.1676337,1.2276998,1.2142391,1.1980895,1.1864061,1.1747227,1.1630393,1.1176031,0.9995144,10.123543,10.412291,9.631578,8.67589,7.795401,6.787799,5.8592925,4.929996,4.092383,3.5095403,2.9266977,2.3990843,1.9264996,1.5831115,1.2797441,0.98462737,0.78988516,0.61404806,0.5348832,0.47419518,0.487893,0.3857041,0.4199895,0.4542749,0.47032368,0.4863725,0.4176367,0.34759712,0.27755755,0.207518,0.1770075,0.19494648,0.20945099,0.1513618,0.20200829
22511300080321,1.2218572,1.2398002,1.1668577,1.2206631,1.2468222,1.2097279,1.1883268,1.1669257,1.1455246,1.1062629,1.0345546,10.06486,10.438911,9.6490555,8.664088,7.708462,6.752836,5.845718,4.9414406,4.123894,3.5155342,2.9071739,2.4377234,1.9783978,1.574075,1.2809508,0.9975872,0.7926129,0.6350298,0.58446246,0.5394105,0.5521086,0.46877208,0.4700076,0.47124308,0.5178115,0.5643799,0.4655973,0.41274306,0.35988882,0.30703458,0.25748828,0.2657074,0.2925096,0.1762175,0.2482906
22511300080331,1.1513618,1.2269684,1.1746792,1.2197775,1.2146438,1.2035515,1.2194,1.2236506,1.1374071,1.0761033,1.0157999,9.976023,10.353766,9.589765,8.641785,7.6829095,6.7444215,5.8059335,4.8873935,4.079619,3.492918,2.906217,2.4016113,1.9192115,1.6076535,1.2777954,1.0302225,0.8107908,0.63718337,0.6235913,0.5611818,0.6477403,0.5778749,0.59335154,0.6088282,0.6277324,0.6466366,0.58647716,0.72967905,0.62081045,0.51194185,0.38170227,0.39380097,0.37907198,0.34467417,0.40689567
22511300080341,1.2113826,1.250744,1.2114259,1.2420199,1.2347646,1.2216389,1.2177861,1.2139331,1.2100801,1.1259681,1.0494779,10.105405,10.446048,9.680329,8.679994,7.789974,6.848681,5.8628902,4.9337068,4.1182723,3.5208588,2.9234452,2.3875098,1.9638746,1.6035997,1.2999958,1.0473882,0.8858033,0.66575766,0.5689049,0.5200274,0.5051771,0.4740739,0.4895914,0.5051089,0.5339663,0.56282365,0.48989028,0.4053452,0.32080016,0.23625508,0.19877608,0.23371857,0.20665927,0.122755274,0.26208177
22511300080351,1.1501613,1.2615291,1.2185186,1.2241443,1.2502112,1.2168801,1.24668,1.2056094,1.2063377,1.0974219,1.0138396,10.04009,10.348206,9.595801,8.641431,7.6959825,6.744146,5.8172607,4.9040236,4.089752,3.4638138,2.8378751,2.4036462,1.9581068,1.609001,1.3111461,1.0331706,0.8218113,0.60996395,0.5749663,0.56325084,0.59963715,0.5497992,0.5686847,0.58757013,0.6065634,0.62555665,0.5396208,0.90293163,0.61431766,0.32570362,0.31246734,0.28367373,0.32142073,0.26464152,0.35937434
22511300080361,1.2133834,1.2193143,1.1952107,1.1831791,1.2440081,1.2326081,1.2372594,1.1817499,1.1685574,1.0760124,1.0233604,10.07854,10.339207,9.61038,8.704597,7.7109685,6.8353753,5.7964377,4.8852987,4.106811,3.503616,2.900421,2.4439178,1.9710482,1.5877206,1.303338,1.0434062,0.8124202,0.6278162,0.5739433,0.5505628,0.5544995,0.49704808,0.5256887,0.5543293,0.578315,0.60230076,0.503159,0.7588007,0.56190145,0.3650022,0.2561889,0.28397638,0.2968964,0.19345449,0.35048348
22511300080371,1.2034003,1.211851,1.1875614,1.2329954,1.1989548,1.243778,1.2415075,1.2001622,1.1890432,1.1153629,1.0376402,10.000695,10.318217,9.579184,8.657258,7.707408,6.8544245,5.8159285,4.929734,4.105987,3.4703739,2.8347607,2.4272645,1.9337227,1.6114515,1.3198605,1.0586019,0.81131566,0.62727046,0.58404374,0.50689644,0.5259379,0.48731774,0.5138013,0.5402848,0.568797,0.5973091,0.508414,0.42990565,0.35139734,0.27288905,0.27439204,0.26779184,0.28110003,0.20786634,0.28036234
22511300080381,1.1866333,1.2319124,1.1415303,1.2393559,1.2204729,1.2218993,1.22633,1.2002418,1.1570847,1.1277628,1.0456035,9.988116,10.29895,9.567394,8.653684,7.7091684,6.7646537,5.805787,4.901964,4.09343,3.558978,3.0245264,2.3847992,1.9393772,1.6049347,1.3169737,1.0703317,0.8339589,0.67870384,0.61124754,0.5774037,0.56071264,0.5352293,0.55670506,0.57818073,0.60024124,0.62230176,0.55050665,0.82997406,0.6037338,0.37749353,0.35836244,0.33190024,0.29986423,0.29215375,0.33352792
22511300080391,1.1793827,1.2419897,1.197779,1.2294371,1.2487669,1.2404786,1.2606949,1.2996026,1.2162088,1.1452603,1.0580333,9.966432,10.374465,9.615442,8.677827,7.7732773,6.8687277,5.838299,4.998846,4.11534,3.5656083,3.015876,2.466144,1.9805208,1.637508,1.316357,1.0728168,0.8369289,0.7079254,0.66929597,0.58221966,0.52463245,0.5718397,0.5673115,0.56278336,0.60618275,0.6495821,0.5524544,0.7278288,0.53714687,0.346465,0.30229747,0.34294418,0.28955427,0.24692358,0.30459678
22511300080401,1.1978927,1.2947581,1.2648418,1.2532495,1.2496363,1.2439277,1.2389368,1.2931274,1.2156509,1.1172876,1.0694797,9.987018,10.359233,9.613151,8.659342,7.7448535,6.830365,5.864918,5.012996,4.135258,3.5566046,2.9779513,2.4806125,1.9421927,1.6220688,1.3019447,1.0502474,0.8557511,0.6382276,0.6895633,0.46657956,0.59969544,0.59263945,0.5630722,0.53350496,0.5996956,0.6658863,0.5559069,0.7415613,0.5897307,0.43790007,0.28586638,0.34549987,0.27776098,0.27806938,0.34162617
22511300080411,1.1664193,1.2671489,1.2030001,1.2778167,1.2522432,1.2694308,1.2488436,1.2282562,1.207669,1.1700249,1.0579199,10.044049,10.460452,9.6520405,8.682083,7.743868,6.805652,5.863156,4.994011,4.140374,3.5817494,3.0231245,2.437971,1.9780487,1.6587037,1.3055085,1.059892,0.88461185,0.58778185,0.6164851,0.51273,0.5888643,0.5032038,0.54556334,0.5879228,0.55858165,0.5292404,0.49701384,0.42575943,0.37906918,0.33237892,0.20660684,0.23928113,0.22043593,0.28399733,0.27255023
22511300080421,1.2534508,1.2837647,1.260128,1.3395834,1.2857239,1.2488478,1.2388331,1.2288182,1.2188034,1.1161524,1.1148134,10.202241,10.522743,9.711269,8.790579,7.818383,6.8461876,5.873992,4.9949164,4.1244802,3.5708265,3.0171726,2.4985967,2.0160482,1.6725616,1.3264741,1.0229038,0.86569005,0.65334594,0.5824907,0.49479225,0.5158006,0.43548557,0.46410823,0.49273086,0.52719444,0.56165797,0.47383067,0.40735212,0.3408736,0.27439508,0.22607356,0.20966917,0.20618357,0.11725716,0.20534226
22511300080431,1.1864729,1.284997,1.2427433,1.2757895,1.3435284,1.260541,1.2404671,1.2203933,1.2003194,1.1409143,1.0972432,10.072754,10.383774,9.6289625,8.717191,7.757535,6.7978797,5.8946404,4.988969,4.106376,3.5350976,2.9638188,2.5207992,2.0046744,1.6629524,1.3212304,1.0515975,0.81497854,0.67145723,0.6661338,0.56180686,0.56898797,0.62169474,0.58665293,0.5516111,0.5491897,0.54676825,0.5280563,0.51184857,0.4265196,0.34119064,0.30176663,0.27326316,0.24859044,0.20322254,0.31374055
22511300080441,1.2264695,1.3000203,1.1581905,1.2738506,1.274515,1.2652634,1.2499033,1.2345432,1.219183,1.1323234,1.0499891,10.111594,10.427119,9.606752,8.677918,7.771518,6.8651185,5.863548,4.975331,4.1637077,3.5451615,2.926615,2.4792984,1.9781115,1.6656423,1.3328819,1.0395356,0.8403107,0.7062968,0.6013062,0.5504768,0.5346177,0.4914994,0.4959335,0.5003676,0.5126733,0.5249791,0.5086695,0.4037816,0.35280958,0.3018376,0.2324076,0.29886928,0.24059589,0.113528796,0.2302277
22511300080451,1.2181605,1.3073373,1.2324072,1.2710373,1.2855344,1.28958,1.2426007,1.2269272,1.2112536,1.1507541,1.1132169,10.226735,10.498866,9.689435,8.790606,7.8566046,6.922603,5.917137,5.0237803,4.1926084,3.602945,3.0132818,2.4766338,2.0127115,1.6631215,1.3929979,1.0951352,0.8380376,0.6469008,0.5971399,0.5639535,0.5484471,0.43012398,0.5003826,0.5706412,0.5820586,0.593476,0.519735,0.45864588,0.36208674,0.2655276,0.2287027,0.2274749,0.2180126,0.2046807,0.2036625
22511300080461,1.1959444,1.31476,1.2820692,1.2953228,1.3254238,1.3034817,1.3277227,1.2653482,1.2029736,1.1351684,1.0838615,10.207204,10.528988,9.732041,8.79604,7.891902,6.987764,5.905008,4.992584,4.225886,3.5993214,2.9727569,2.4957733,2.0373943,1.648911,1.3149912,1.067316,0.8612822,0.6365842,0.65521944,0.5796986,0.5564406,0.49506092,0.5128237,0.53058654,0.5682615,0.6059365,0.50439644,0.4451296,0.35090742,0.25668523,0.2776935,0.2954452,0.31536353,0.1827401,0.32355812
22511300080471,1.3568667,1.2823386,1.2264096,1.4916959,1.0576028,1.2058536,1.2360407,1.6908469,1.388277,1.0813719,1.0836449,10.745137,10.884188,9.969892,8.9733925,8.094815,7.0213895,5.9479637,5.0423965,4.1894345,3.6089287,3.028423,2.532964,2.1081824,1.6429477,2.0176451,1.0860924,0.8107262,0.6707792,0.9997423,1.0059416,0.6075049,0.3919316,0.45641875,0.5209059,0.7924393,1.0639727,1.003929,0.4731172,0.6579477,0.8427782,0.24831271,0.2474852,0.8932464,0.1833118,0.8683601
22511300080481,1.2751173,1.280802,1.3834504,1.3701022,1.4004796,1.3541071,1.4638966,1.3859639,1.3301036,1.3070973,1.1831237,10.631406,10.806863,9.927671,8.933599,8.051438,6.99989,5.948341,5.11857,4.2402024,3.64583,3.0514574,2.5591974,2.088461,1.7650439,1.535084,1.0681317,0.86010265,0.69074446,0.84830713,0.77841526,0.5938926,0.73370063,0.62256414,0.5114276,0.6652194,0.8190113,0.7330509,0.41820586,0.49042767,0.5626495,0.16607825,0.20497036,0.5793841,0.14851716,0.56665194
22511300080491,1.3054836,1.3054836,1.2967166,1.2879496,1.3207376,1.3245287,1.3028572,1.2686253,1.2343935,1.1722618,1.104769,10.175484,10.479653,9.729381,8.75885,7.81599,6.8731303,5.93027,5.004963,4.193342,3.5515754,2.9098086,2.5410314,2.0358007,1.7047216,1.357517,1.0942302,0.93183917,0.66059345,0.66139954,0.57710624,0.5576134,0.52641594,0.5081408,0.48986566,0.5643086,0.63875145,0.43879426,0.39953947,0.3053404,0.21114136,0.18681605,0.21788976,0.25436246,0.20332666,0.28128394
22511300080501,1.2174475,1.2794788,1.2397622,1.292263,1.3134172,1.289692,1.3397118,1.26114,1.1825682,1.1692678,1.1061753,10.333837,10.521892,9.735077,8.755352,7.823322,6.8912916,5.959262,5.006106,4.1801357,3.6257234,3.0713112,2.516899,1.9986535,1.6798204,1.3334587,1.1130425,0.82307005,0.61009026,0.5754549,0.504888,0.5433314,0.42238146,0.4603831,0.49838468,0.530128,0.5618713,0.47774598,0.37297347,0.31602243,0.25907138,0.17814547,0.21788137,0.23476668,0.14137867,0.21626687
22511300080511,1.3458861,1.3109009,1.2231178,1.3504708,1.3268589,1.3119854,1.3833303,1.3119566,1.2405828,1.1455997,1.0948623,10.356519,10.562421,9.737922,8.799661,7.8737125,6.9477644,6.0218163,5.0482397,4.280271,3.7166102,3.152949,2.5892882,2.019686,1.6618714,1.3785783,1.1041462,0.85448116,0.6645652,0.5663175,0.5215387,0.54788226,0.46890438,0.5144983,0.56009215,0.5681787,0.5762653,0.45557588,0.44204938,0.35329586,0.26454237,0.19195047,0.22508648,0.22391137,0.15560448,0.21930428
22511300080521,1.3036116,1.3521056,1.4234583,1.3435076,1.3157064,1.3147777,1.3991942,1.3271072,1.2550201,1.201292,1.0885832,10.556918,10.215168,9.873418,8.857743,7.9173303,6.9769173,6.0365043,5.045312,4.280844,3.7288203,3.1767962,2.6247723,2.143428,1.7425858,1.4395556,1.1578157,0.8779366,0.7077148,0.65541756,0.5765939,0.5809734,0.4799738,0.5104508,0.54092777,0.5722447,0.6035616,0.5238521,0.3966975,0.34062463,0.28455177,0.34513098,0.2740917,0.26270097,0.21935578,0.3000778
22511300080531,1.2862667,1.3607771,1.3372756,1.2968673,1.320759,1.3340337,1.3902392,1.2638313,1.2689873,1.19734,1.1686776,10.620443,10.823531,9.903056,8.92963,7.95257,6.9755096,6.0288424,5.106278,4.267376,3.6921113,3.1168468,2.541582,2.0713615,1.7431047,1.4354217,1.1883141,0.881741,0.7222313,0.5964629,0.5757827,0.5459398,0.4458377,0.50393695,0.5620362,0.6032108,0.6443854,0.4925767,0.3682263,0.3232267,0.2782271,0.2769467,0.3486533,0.3167837,0.2342211,0.2706734
22511300080541,1.2563151,1.3727051,1.3366995,1.3436599,1.380597,1.3220536,1.3936808,1.2807568,1.3062177,1.1530913,1.1567514,10.646375,10.768574,9.873809,8.944257,7.915873,6.887489,5.997933,5.0606337,4.2760577,3.6610231,3.0459886,2.5269713,2.069216,1.6355647,1.3890524,1.1247307,0.8954879,0.73622525,0.58704984,0.5438541,0.547455,0.43430823,0.4829465,0.53158474,0.5452729,0.55896103,0.47144264,0.44616804,0.3707575,0.29534695,0.29176494,0.33684543,0.22527243,0.23955193,0.22602643
22511300080551,1.3230219,1.3617108,1.3316499,1.3632343,1.3744459,1.3463519,1.3463429,1.3772119,1.2864048,1.2298554,1.1358072,10.703819,10.818279,9.913708,8.959798,8.016293,7.0727873,5.995986,5.0937843,4.2695527,3.6580312,3.0465095,2.5608869,2.0384173,1.752638,1.4668587,1.0948218,0.8208658,0.6577926,0.6491428,0.51794565,0.66305375,0.53210706,0.5512682,0.57042944,0.5940815,0.61773366,0.5285077,0.4476346,0.36676148,0.28588834,0.32736903,0.25821954,0.28683132,0.21461193,0.24647993
22511300080561,1.2965585,1.3904697,1.3172164,1.379762,1.3290404,1.3217101,1.4040432,1.3273845,1.2875247,1.1920495,1.1521434,10.6970825,10.850848,9.894645,8.937244,7.9544964,6.9717484,5.9947314,5.120203,4.276688,3.6525671,3.0284462,2.5949988,2.0220025,1.7203397,1.418677,1.1679574,0.91177696,0.68149465,0.61182755,0.61095524,0.56889606,0.49565294,0.5183371,0.5410212,0.5525297,0.56403816,0.5603594,0.45500594,0.36574146,0.27647695,0.23745425,0.25078493,0.34622985,0.23600444,0.29464424
22511300080571,1.3352501,1.3352501,1.2879273,1.319528,1.2679785,1.337167,1.3302538,1.325827,1.3214002,1.2313511,1.0954297,10.775699,10.857934,9.946421,8.982464,7.987756,6.993048,6.0019927,5.1162243,4.2955904,3.7238529,3.1521149,2.580377,2.1168108,1.6883019,1.3992904,1.1453583,0.8968336,0.7182871,0.61020297,0.5405909,0.5536981,0.47621718,0.52532077,0.5744244,0.56994516,0.56546587,0.48436588,0.4109638,0.36526635,0.3195689,0.23453379,0.23541479,0.2997743,0.15234749,0.2230113
22511300080581,1.3001246,1.3900639,1.3092158,1.3946319,1.3772718,1.3606312,1.3996778,1.3105168,1.2910643,1.2516456,1.1745564,10.88379,10.918174,10.038141,9.045083,8.085621,7.094851,6.1040807,5.209298,4.3594046,3.7446997,3.1299949,2.5448203,2.1815643,1.7586653,1.4490445,1.1705221,0.93094534,0.7415104,0.6947782,0.6551993,0.6374241,0.5913987,0.59968144,0.6079641,0.6310019,0.65403974,0.61069083,0.5444651,0.48688546,0.42930582,0.3107348,0.33531332,0.40219882,0.29547912,0.38907441
22511300080591,1.3982219,1.4570286,1.3539492,1.430062,1.4049087,1.3991638,1.4230111,1.3849328,1.3087308,1.2686305,1.2299843,10.850373,10.893907,10.054209,9.035266,8.041987,7.0829015,6.1238155,5.1728506,4.353639,3.7923613,3.2310834,2.6698053,2.1868386,1.8149035,1.4844005,1.2538885,1.023982,0.7635541,0.6680464,0.6162477,0.7422748,0.6144008,0.65450513,0.6946094,0.7115917,0.72857404,0.6414991,0.573775,0.51566887,0.4575627,0.377115,0.43136042,0.4251837,0.39558482,0.37132162
22511300080601,1.3780928,1.3780928,1.3674335,1.3404127,1.3863077,1.3869547,1.369107,1.3256857,1.2822644,1.2152315,1.1581476,10.887717,10.952599,10.099466,9.022433,8.07291,7.1233883,6.1738653,5.249517,4.3782635,3.7790208,3.1797783,2.722,2.1801221,1.8693998,1.455265,1.2068561,0.9017574,0.771506,0.65486896,0.5974562,0.6552215,0.5518109,0.57188517,0.5919594,0.6152105,0.63846153,0.56631935,0.44926453,0.38447022,0.31967592,0.28202173,0.22184443,0.33407202,0.21284704,0.30715623
22511300080611,1.3684338,1.3684338,1.3876619,1.3576427,1.3694218,1.3529574,1.3484231,1.3438889,1.3393546,1.2729709,1.1437215,10.929331,10.488234,10.047136,9.085773,8.085749,7.085723,6.085697,5.187274,4.3106875,3.7613647,3.2120416,2.6627183,2.1708648,1.6991835,1.4540031,1.1648889,1.005627,0.75434726,0.579701,0.49011588,0.60135216,0.5274557,0.53977823,0.5521008,0.59427226,0.6364437,0.56220436,0.4920776,0.36149824,0.23091888,0.29309776,0.20009948,0.36652496,0.18809398,0.26646858
22511300080621,1.391709,1.391709,1.3249041,1.3935452,1.3843291,1.3864715,1.3610078,1.3355441,1.3100803,1.2388622,1.1878291,10.937645,10.941142,10.088514,9.05501,8.019336,6.9836617,6.1467466,5.207583,4.3869896,3.8051913,3.2233927,2.6415942,2.1599011,1.799414,1.4653704,1.1882237,0.9237507,0.7000106,0.59887385,0.5584908,0.62638634,0.53738445,0.5554636,0.57354283,0.6181444,0.66274595,0.59951854,0.5777725,0.46020988,0.34264722,0.27221844,0.27985123,0.30618584,0.24267493,0.32618204
22511300080631,1.349865,1.349865,1.3717467,1.3992598,1.3807409,1.2769086,1.2660518,1.2551948,1.2443379,1.1881441,1.17884,11.015386,10.995783,10.193482,9.02691,8.054928,7.082945,6.1109624,5.237614,4.3894057,3.7957995,3.202193,2.6085865,2.1606169,1.8475102,1.4403498,1.191913,0.86752146,0.73599714,0.62059814,0.56349385,0.62348145,0.5492998,0.5433619,0.5374241,0.6008285,0.66423297,0.59206736,0.579923,0.43585685,0.29179075,0.20259297,0.35116896,0.33588856,0.26575506,0.29148385
22511300080641,1.358248,1.358248,1.342027,1.3559691,1.3712982,1.3654131,1.341528,1.3176429,1.2937578,1.2434832,1.2043521,11.001487,10.95375,10.135797,9.025855,8.063125,7.100394,6.1376634,5.193784,4.391906,3.7892087,3.1865115,2.5838144,2.1368027,1.7641183,1.44886,1.1744319,0.9049351,0.7793955,0.7021681,0.6597491,0.5853541,0.560438,0.5617814,0.5631248,0.60651493,0.649905,0.5363471,0.8555537,0.5724171,0.2892804,0.3081051,0.2774441,0.3819259,0.2407628,0.3017463
22511300080651,1.4188366,1.4188366,1.3808733,1.3881212,1.4529623,1.4362414,1.4618453,1.3758439,1.2898425,1.2507544,1.1570728,11.130042,11.0096245,10.159089,9.117431,8.129433,7.141435,6.153438,5.2242174,4.375539,3.8037338,3.2319286,2.6601236,2.1648908,1.8473755,1.4981667,1.2599914,0.99678636,0.7956622,0.739951,0.67248374,0.6542137,0.5392928,0.5732418,0.6071907,0.64613855,0.6850863,0.58681524,0.63943577,0.52714163,0.41484755,0.39846933,0.35318884,0.32996643,0.26902533,0.36131012
22511300080661,1.4435475,1.3529526,1.4183645,1.4411528,1.3708575,1.4343245,1.4749806,1.4407585,1.3025753,1.307725,1.2858334,11.0954485,11.017705,10.128896,9.112602,8.135936,7.1592684,6.1826015,5.2314677,4.4460683,3.7967749,3.1474814,2.673381,2.1737053,1.81958,1.5268899,1.2475615,0.9400611,0.79811233,0.68900913,0.6033821,0.62860805,0.5668687,0.5661312,0.5653936,0.6113126,0.6572316,0.5510678,0.4439378,0.39379206,0.34364632,0.25106132,0.27276972,0.33513993,0.3270187,0.2634206
22511300090011,1.4283772,1.4283772,1.3611445,1.4000629,1.409903,1.3913991,1.478106,1.4006678,1.3232296,1.253001,1.2087135,11.109074,11.044166,10.107541,9.130757,8.157076,7.183394,6.2097125,5.199911,4.4080443,3.8110306,3.2140172,2.6371036,2.194812,1.7714834,1.5206763,1.197269,0.92852247,0.76612234,0.70101607,0.64988047,0.6827212,0.46544605,0.49554008,0.52563405,0.5591153,0.5925966,0.49951017,0.5194216,0.42623132,0.33304107,0.30116206,0.25993356,0.29443967,0.25958237,0.24685617
22511300090021,1.4537897,1.4537897,1.3974041,1.4365207,1.422952,1.3793495,1.5151237,1.4435619,1.3720001,1.288076,1.1997112,11.067366,11.040473,10.130098,9.097215,8.119096,7.140978,6.1628594,5.2088366,4.4067454,3.8353047,3.263864,2.6531987,2.2092912,1.8186779,1.5174861,1.194659,0.98175794,0.7057018,0.6490662,0.6141482,0.58281225,0.44455713,0.4928752,0.54119325,0.56990916,0.5986251,0.49066633,0.45884764,0.3755771,0.29230654,0.23271082,0.26791292,0.27958542,0.20514733,0.28705272
22511300090031,1.410992,1.410992,1.342341,1.438738,1.4305307,1.4037607,1.423233,1.3922029,1.3611728,1.2116334,1.2162648,11.099418,11.050464,10.142467,9.114496,8.130811,7.1471257,6.16344,5.23202,4.4637694,3.9004643,3.337159,2.7738538,2.1796126,1.8033677,1.5373015,1.207404,0.94351256,0.7295241,0.6684997,0.578273,0.6536092,0.4846085,0.5066684,0.5287283,0.554563,0.58039767,0.49787357,0.5625012,0.42186734,0.2812335,0.285709,0.3627412,0.31402957,0.19566599,0.269528
22511300090041,1.4461554,1.4262731,1.4377981,1.459291,1.4222144,1.4173541,1.3866323,1.3665968,1.3465614,1.2938381,1.1217729,11.136757,11.047254,10.147128,9.127731,8.156557,7.1853833,6.214209,5.236528,4.4236755,3.8270867,3.2304976,2.6702604,2.1687515,1.8578938,1.4992292,1.2430841,0.9668819,0.7344848,0.64637476,0.5905542,0.61421597,0.5535623,0.5803344,0.60710657,0.6077972,0.6084878,0.56719077,0.666087,0.5085103,0.35093358,0.2520564,0.3009216,0.3248517,0.24780849,0.24556307
22511300090051,1.4250264,1.4250264,1.4039401,1.4693661,1.5043383,1.4286269,1.4454428,1.4036224,1.3618019,1.3587581,1.2527311,11.122931,11.078732,10.191728,9.137143,8.138606,7.1400685,6.1415315,5.28377,4.378861,3.827716,3.2765713,2.7254264,2.245556,1.797285,1.4376242,1.2388564,1.006725,0.71003217,0.64252996,0.6310836,0.66471475,0.50571644,0.5340786,0.56244075,0.5930269,0.62361306,0.52498466,0.46404812,0.40311158,0.34217504,0.29688963,0.23559904,0.30042723,0.25071383,0.26394644
22511300090061,1.4505093,1.4505093,1.4228424,1.4158721,1.4708294,1.4584274,1.4246683,1.3909092,1.3571501,1.2874453,1.2018355,11.14452,11.065163,10.212922,9.250036,8.238742,7.2274475,6.216153,5.320654,4.411766,3.8644643,3.3171625,2.7698607,2.148802,1.815244,1.4816859,1.2261834,0.9539454,0.7677936,0.6716953,0.575235,0.672893,0.5136961,0.5434137,0.57313126,0.6091212,0.6451112,0.528565,0.4696203,0.4106756,0.35173088,0.2793806,0.28686717,0.2975314,0.15916018,0.22187918
22511300090071,1.4506341,1.4506341,1.4560277,1.4517196,1.423317,1.4280231,1.4127989,1.3975748,1.3823506,1.3356891,1.2303358,11.224351,11.110704,10.210237,9.1863165,8.213309,7.240303,6.2672963,5.2733426,4.405459,3.7807958,3.1561327,2.7474983,2.2179046,1.8210385,1.5260507,1.223013,0.9807922,0.73137856,0.69848174,0.66839623,0.63872355,0.5895546,0.6196897,0.64982486,0.6706584,0.69149196,0.56943095,0.4973136,0.42519626,0.35307893,0.28881994,0.33173123,0.31140202,0.22759603,0.21946913
22511300090081,1.4258976,1.4258976,1.3862555,1.4392788,1.4722093,1.4275208,1.3941203,1.3607198,1.3273194,1.2767779,1.1811936,11.269759,11.087807,10.18795,9.135953,8.090899,7.0458465,6.231839,5.2709813,4.437235,3.866499,3.2957628,2.7250266,2.1684823,1.8474514,1.465037,1.1752642,0.9256984,0.76740986,0.64803827,0.5730918,0.62364167,0.530081,0.53978866,0.5494963,0.5876512,0.6258061,0.51475,0.44141743,0.36808485,0.2947523,0.24006948,0.23920049,0.32693428,0.23137549,0.29815838
22511300090091,1.4179605,1.4179605,1.3684332,1.401265,1.4558228,1.4678254,1.4653608,1.4256892,1.3860177,1.2636603,1.2574573,11.237872,11.044528,10.151108,9.161998,8.185566,7.2091336,6.2453504,5.2712183,4.4253693,3.839968,3.254567,2.6691656,2.1920476,1.8492115,1.5063754,1.190305,0.9447946,0.7134875,0.6305204,0.6052665,0.5661481,0.565417,0.5586863,0.5519557,0.5952229,0.6384901,0.53414977,0.4632608,0.39237177,0.32148278,0.27429357,0.280298,0.24624628,0.20873469,0.24761169
22511300090101,1.4452589,1.4452589,1.3564929,1.4066315,1.3917391,1.3785144,1.4932945,1.4324045,1.3715146,1.3086088,1.1919613,11.127264,11.050794,10.173854,9.177162,8.132327,7.087491,6.240929,5.283745,4.454248,3.8788576,3.3034673,2.728077,2.212877,1.7826728,1.4876238,1.2028526,0.9167718,0.7587115,0.62029076,0.61085105,0.5674898,0.5084962,0.5419723,0.57544833,0.6008913,0.62633425,0.56218976,0.46145332,0.3693387,0.27722403,0.25378734,0.26924372,0.28034404,0.15425083,0.24994043
22511300090111,1.4399425,1.4399425,1.4115815,1.5275111,1.4556817,1.4666402,1.5425838,1.4370208,1.3314579,1.3103796,1.174143,11.200761,11.056883,10.194295,9.181405,8.210351,7.2392964,6.2616506,5.2694383,4.439976,3.8545182,3.2690601,2.683602,2.190221,1.8557302,1.5212392,1.2394612,0.9762646,0.7278134,0.6376202,0.5469705,0.6774926,0.54669887,0.5694959,0.5922929,0.61525923,0.6382256,0.5593354,0.4824964,0.40968335,0.33687028,0.2963504,0.3177547,0.2904924,0.2599567,0.297014
22511300090121,1.4969436,1.4506845,1.5053887,1.5596691,1.4846631,1.4907135,1.5209492,1.5293949,1.4159896,1.3565009,1.2753663,11.524814,11.343483,10.352075,9.393697,8.309461,7.342851,6.376241,5.3736663,4.533156,3.9445922,3.3560288,2.767465,2.3409662,1.8663737,1.6432134,1.291015,1.0939769,0.9507688,0.72939414,0.7173311,0.7406067,0.6741543,0.7006553,0.7271562,0.7068828,0.6866093,0.6129884,0.6205272,0.593348,0.5661688,0.4718672,0.4466517,0.5634283,0.5661739,0.3420262
22511300090131,1.4142709,1.5320761,1.3996633,1.5241373,1.4011475,1.5142041,1.5223147,1.423232,1.3241493,1.3262892,1.2204965,11.44503,11.22117,10.409964,9.301915,8.344816,7.2090206,6.279339,5.369138,4.5722685,3.9311702,3.2900717,2.6489735,2.2848945,1.8084878,1.5493712,1.2746819,0.97038615,0.7660171,0.71755755,0.7119406,0.6784463,0.53710306,0.5790295,0.6209559,0.61528015,0.60960436,0.59881586,0.59547555,0.48788217,0.38028878,0.331199,0.25680336,0.35980207,0.27146867,0.2835737
22511300090141,1.4670764,1.5204558,1.4702001,1.5816377,1.5409857,1.5576459,1.5677657,1.4751303,1.4495065,1.3534348,1.2545377,11.537135,11.354569,10.423057,9.359278,8.295694,7.313876,6.3320575,5.4208403,4.5854797,3.993996,3.402512,2.8110285,2.2925103,1.8753158,1.5719906,1.5179349,1.1099042,0.87975687,0.78163505,0.70707226,0.77232826,0.5585794,0.58268744,0.60679555,0.6729785,0.7391615,0.6703905,0.78278774,0.64438486,0.505982,0.43882427,0.40538287,0.42312047,0.30566517,0.32816538
22511300090151,1.498105,1.498105,1.4683179,1.4858919,1.4154117,1.4756205,1.5860817,1.4715673,1.3570529,1.3583049,1.2262187,11.325645,11.11727,10.267721,9.25629,8.209393,7.1624947,6.2637734,5.3617153,4.516299,3.9264774,3.3366563,2.7468352,2.2665167,1.8835225,1.5005285,1.2291721,1.0449884,0.7292897,0.6338138,0.6142803,0.657002,0.5235913,0.5674651,0.611339,0.5994176,0.5874963,0.5199216,0.45423612,0.38855067,0.3228652,0.2735147,0.36224228,0.3251968,0.1920335,0.2608983
22511300090161,1.4907393,1.4907393,1.6003752,1.5152073,1.4713594,1.5046232,1.5424143,1.5458169,1.4682148,1.3545454,1.2648846,11.375735,11.186884,10.317348,9.293928,8.267564,7.2412,6.289577,5.311271,4.4834347,3.8924704,3.3015063,2.7105422,2.2270627,1.7891625,1.5993205,1.2205808,1.0124375,0.788293,0.710239,0.6239777,0.72099644,0.4984169,0.55987877,0.62134063,0.6658079,0.71027523,0.4944367,0.44133192,0.3595033,0.2776747,0.32073832,0.27071142,0.3036226,0.24089001,0.25079852
22511300090171,1.4244949,1.4244949,1.4600306,1.4955661,1.4853281,1.4786433,1.4932578,1.4453311,1.3974044,1.3596978,1.24202,11.329285,11.160777,10.227109,9.179662,8.20088,7.2220993,6.2472405,5.27643,4.420722,3.866888,3.3130543,2.7592206,2.2053869,1.8796517,1.5687047,1.2158364,0.9674883,0.7143547,0.59801376,0.5930368,0.6800476,0.5530661,0.57932484,0.60558355,0.60730505,0.6090265,0.5342625,0.44783738,0.34708926,0.24634117,0.24724117,0.27820528,0.29792327,0.19882448,0.24639827
22511300090181,1.4653224,1.4653224,1.4588436,1.4523648,1.5959831,1.493924,1.5176525,1.4608119,1.4039712,1.3500533,1.2492555,11.364133,11.117688,10.274026,9.161692,8.201124,7.240557,6.254186,5.2349873,4.485422,3.934435,3.3834474,2.8324602,2.281473,1.7779493,1.5677637,1.2667369,1.0182644,0.7275693,0.68511117,0.5646714,0.68718565,0.56823355,0.5477156,0.52719766,0.5967395,0.6662813,0.43027046,0.5049503,0.41051576,0.31608126,0.33165258,0.25336286,0.32239568,0.26253676,0.21672116
22511300090191,1.5244195,1.5244195,1.5498253,1.5752311,1.4814411,1.5343776,1.5308368,1.4892756,1.4477143,1.4081335,1.3626571,11.605439,11.382869,10.483194,9.321698,8.322875,7.3240523,6.3316646,5.3814387,4.558424,3.9943898,3.4303555,2.8663213,2.302287,1.8352846,1.6273108,1.2225736,1.088678,0.78299695,0.7472162,0.6955571,0.81785387,0.5455235,0.56972724,0.59393096,0.6269639,0.65999687,0.5340545,0.5135788,0.43614748,0.35871625,0.25035655,0.28110716,0.30865794,0.30100375,0.35072905
22511300100013,1.4957614,1.4957614,1.5148913,1.5340211,1.5076771,1.559664,1.6019121,1.5093105,1.4167087,1.4060721,1.3494148,11.52509,11.370014,10.362534,9.312414,8.351413,7.3904114,6.4087243,5.389291,4.612321,4.0334826,3.454644,2.8758056,2.296967,1.9320571,1.5868527,1.379363,0.9671897,0.8296095,0.67001575,0.6257768,0.73596144,0.59646434,0.6086569,0.62084943,0.63686526,0.652881,0.54689103,0.40792623,0.37492788,0.34192953,0.31247374,0.31072173,0.34864423,0.10837753,0.37679344
22511300100023,1.5128999,1.5128999,1.5217141,1.5305283,1.4923294,1.5010837,1.5581145,1.4700382,1.381962,1.3719357,1.3026944,11.54566,11.249288,10.288365,9.293111,8.310697,7.328283,6.3413053,5.3532605,4.68065,4.0708604,3.461071,2.8512814,2.2414918,1.9029312,1.5871203,1.2671399,1.0841767,0.82835865,0.7030896,0.6393544,0.6291312,0.5187983,0.5661789,0.6135596,0.65204,0.6905204,0.48117378,0.36601338,0.35246748,0.33892158,0.28207278,0.2807358,0.37869847,0.36238238,0.28276327
22511300100033,1.455418,1.548047,1.5483888,1.5930963,1.4899849,1.5130442,1.4672576,1.4312441,1.4621418,1.3839154,1.2497422,11.527344,11.424524,10.406745,9.360094,8.441484,7.522875,6.362094,5.383811,4.621099,4.0515137,3.4819283,2.9123433,2.3427582,1.9372648,1.5709836,1.3243276,0.9937388,0.7327585,0.6887517,0.6401253,0.7005123,0.5969696,0.61629695,0.6356243,0.6514336,0.6672429,0.6853502,0.5796535,0.4739568,0.3682601,0.3050511,0.3144379,0.3645628,0.2652488,0.3114566
22511300100043,1.5448233,1.5448233,1.538978,1.5331327,1.5823019,1.5420765,1.5991342,1.515898,1.4326618,1.3304814,1.2803556,11.539242,11.393938,10.458495,9.377219,8.350626,7.3240337,6.3097568,5.324824,4.5884585,4.0155067,3.442555,2.8696034,2.2966516,1.9264663,1.6499385,1.2522942,1.0840449,0.9111225,0.75576633,0.6837658,0.6568343,0.5633528,0.5484386,0.5335244,0.5526995,0.5718746,0.6415568,0.5508961,0.46023536,0.3695746,0.2856596,0.30338013,0.43397403,0.29567742,0.24173982
22511300100053,1.5324422,1.5324422,1.5899531,1.6474639,1.5661443,1.5752652,1.5310457,1.5223879,1.51373,1.4556004,1.2555908,11.5850115,10.9310255,10.2770405,9.305273,8.319916,7.334558,6.2819967,5.376853,4.5591865,3.9696789,3.380171,2.7906632,2.2011554,1.8963772,1.5504429,1.2473481,1.0675797,0.8160159,0.5679166,0.6261941,0.7200265,0.4914158,0.4965714,0.501727,0.60897887,0.7162308,0.5101886,0.44752684,0.38486508,0.3222033,0.3104673,0.2570257,0.3342506,0.2622433,0.2769901
22511300100063,1.5501529,1.5501529,1.5558933,1.5529017,1.5938847,1.5514673,1.533833,1.5225993,1.5113655,1.400392,1.266941,11.654233,11.347388,10.415988,9.390667,8.3722315,7.353796,6.3463793,5.4304514,4.5732336,4.011706,3.450178,2.88865,2.3271222,1.8225384,1.6135173,1.2758101,1.0140446,0.7618338,0.77508205,0.7460735,0.70241886,0.5345619,0.60474324,0.67492455,0.6583795,0.6418345,0.60508555,0.41236597,0.3220154,0.23166487,0.28799397,0.30630916,0.35259336,0.21923018,0.21900126
22511300100073,1.6184354,1.5837611,1.5813841,1.5721852,1.615961,1.6107384,1.6024836,1.4465984,1.4988718,1.5043279,1.4329756,11.615526,11.420864,10.409658,9.40615,8.439015,7.4718814,6.423131,5.435768,4.6146603,4.0351996,3.4557385,2.8762777,2.2968168,1.9365242,1.6519014,1.2647909,0.99788344,0.76924527,0.74195063,0.66697943,0.6441066,0.5213817,0.53887236,0.55636305,0.6156719,0.67498076,0.6684511,0.45895666,0.40039945,0.34184223,0.32718125,0.33687684,0.41744685,0.18952754,0.33357045
22511300110011,1.5622244,1.5515155,1.6964151,1.6885989,1.6065367,1.6002058,1.6263986,1.5729135,1.4604645,1.5006757,1.308014,11.7261505,11.424641,10.42971,9.390386,8.366858,7.3433294,6.35864,5.468357,4.634436,4.0730085,3.511581,2.950153,2.3887255,2.0859432,1.6966604,1.294624,1.1395953,0.8650347,0.8184994,0.7502592,0.6773494,0.6914434,0.65970093,0.6279584,0.65425366,0.6805489,0.73494464,0.71053433,0.54350233,0.37647033,0.3058133,0.20450832,0.4477617,0.3053481,0.3446088
22511300110021,1.5917714,1.5917714,1.6274102,1.6630489,1.6366838,1.613468,1.5633883,1.5236449,1.4839014,1.5336367,1.3572528,11.726821,11.428404,10.434648,9.487782,8.453669,7.419556,6.3870826,5.4512687,4.6253643,4.0612397,3.4971151,2.9329906,2.368866,1.9187763,1.684397,1.42557,1.1242366,0.76532745,0.7336489,0.7226414,0.60639966,0.6717461,0.67464817,0.67755026,0.6718978,0.6662454,0.69031125,0.5721774,0.45404348,0.33590958,0.3537357,0.33212167,0.35554597,0.38726267,0.36587897
22511300110031,1.6562568,1.6562568,1.6327347,1.6092125,1.5901992,1.6345049,1.5532693,1.5570637,1.560858,1.39233,1.3674597,11.786304,11.547045,10.509812,9.411249,8.425165,7.43908,6.470294,5.3547688,4.639801,4.0753465,3.510892,2.9464371,2.3819826,2.0092099,1.5835184,1.4123529,0.9582502,0.7946167,0.6503529,0.5085008,0.6891753,0.6062715,0.62533355,0.6443956,0.6740971,0.7037986,0.4821571,0.6995696,0.5188245,0.33807948,0.3226206,0.435973,0.2691744,0.2431811,0.298809
22511300110041,1.4481683,1.4481683,1.5326929,1.6172177,1.6329974,1.6227362,1.5906062,1.5584761,1.5263461,1.3974633,1.2983054,11.975554,11.544811,10.500549,9.530742,8.127489,7.1997643,6.374752,5.4543014,4.619603,4.0542073,3.4888113,2.9234154,2.3580196,1.9075513,1.4925349,1.197275,1.0318414,0.78891,0.5479286,0.5944886,0.70511115,0.63652855,0.6750436,0.7135587,0.7107871,0.7080156,0.41018555,0.41078463,0.41138375,0.41198283,0.34937835,0.27467465,0.40948406,0.27046984,0.25322545
22511300110051,1.4803393,1.4803393,1.5353844,1.5904295,1.5053707,1.631134,1.5826752,1.5342164,1.4857577,1.5093619,1.2278479,12.031369,11.416767,10.614376,9.551585,8.359397,7.167208,6.316883,5.5167155,4.6699543,4.090616,3.5112782,2.9319398,2.3526018,1.9180692,1.5924681,1.4711862,0.9982416,0.7951569,0.6758228,0.6802664,0.7035756,0.5954808,0.6311854,0.66688997,0.6448618,0.6228336,0.6199651,0.6257129,0.3989631,0.17221329,0.33950958,0.35019168,0.19438998,0.3072795,0.3253192
22511300110061,1.6387144,1.6387144,1.6367705,1.6348265,1.6252924,1.661248,1.6334718,1.6056956,1.5779195,1.4862659,1.4129004,12.124994,11.551911,10.66194,9.623929,8.487993,7.352057,6.5390854,5.4844694,4.633579,4.0790977,3.5246167,2.9701355,2.4156544,2.0012743,1.7249942,1.3863096,1.063602,0.8742149,0.7751533,0.58458024,0.56672347,0.6175706,0.65215784,0.68674517,0.7377362,0.7887273,0.64412606,0.55351907,0.48210296,0.41068685,0.44423717,0.19050306,0.34749377,0.35740077,0.34586045
22511300110071,1.6399509,1.6399509,1.6422442,1.6445376,1.672806,1.5721117,1.539526,1.5069402,1.4743545,1.4573817,1.3220369,12.260262,11.470393,10.680525,9.565457,8.36732,7.699195,6.436559,5.4135423,4.7349124,4.1602244,3.5855365,3.0108485,2.2678533,2.021792,1.6591486,1.3772293,1.0809581,0.7987824,0.72369236,0.6621358,0.63912666,0.5095641,0.55746704,0.60537,0.64247304,0.6795761,0.5909298,0.5435281,0.45715058,0.37077308,0.4145164,0.36092788,0.384621,0.2617378,0.31785557
22511300110081,1.5504954,1.5504954,1.5695612,1.588627,1.6674781,1.6292759,1.589478,1.5496802,1.5098823,1.3776683,1.3155617,12.191214,11.643827,10.691645,9.662392,8.53549,7.4341555,6.5121946,5.507711,4.6834455,4.08803,3.492614,2.8971982,2.3612812,2.088608,1.6904771,1.3262321,1.0086026,0.77618176,0.76749325,0.6178125,0.70860666,0.5117601,0.5312335,0.5507068,0.62949663,0.7082864,0.56059325,0.4678613,0.37512937,0.28239742,0.27622184,0.34860823,0.27240574,0.27791354,0.25834215
22511300110091,1.6739259,1.6739259,1.5517887,1.6649228,1.6427865,1.6307282,1.7129802,1.5968909,1.4808017,1.4942287,1.3796438,12.229267,11.759145,10.762331,9.621262,8.504064,7.3868666,6.561889,5.5988507,4.7814856,4.095369,3.4092517,2.9405663,2.4813428,2.082039,1.7554694,1.5295806,1.2101061,0.8223515,0.8084029,0.6957719,0.759824,0.7022634,0.70070356,0.69914377,0.7396999,0.780256,0.6907031,0.58986443,0.48902583,0.3881872,0.3774674,0.38456258,0.39633778,0.3744781,0.3518414
22511300110101,1.574922,1.574922,1.5885634,1.6022048,1.6039639,1.619494,1.5883516,1.5572093,1.5260669,1.4239746,1.3410969,12.3455515,11.69209,10.673907,9.676484,8.6280155,7.579547,6.6660023,5.588395,4.681995,4.109642,3.537289,2.9649358,2.4450738,2.0374534,1.6651918,1.3322324,1.0284522,0.8490783,0.84092194,0.6994392,0.7231496,0.7087218,0.6835947,0.65846765,0.65443724,0.65040684,0.5182665,0.43472195,0.3511774,0.2676328,0.40902933,0.37768492,0.24918012,0.24462412,0.25599372
22511300110111,1.6263882,1.6263882,1.6122816,1.5981749,1.58148,1.6571705,1.6135969,1.5700233,1.5264498,1.4335384,1.421081,12.352716,11.836685,10.795141,9.693862,8.676994,7.660127,6.611035,5.5651174,4.7737784,4.2064714,3.6391644,3.0718577,2.4706447,1.9966377,1.642139,1.4580796,1.0846804,0.88072836,0.75933754,0.73964506,0.76893944,0.52408755,0.5981194,0.67215115,0.6700051,0.6678591,0.59699136,0.49391666,0.39084196,0.28776726,0.39590746,0.33858806,0.38049036,0.36442006,0.30193466
22511300110121,1.5995784,1.5995784,1.6377532,1.6759281,1.7154025,1.5904977,1.5842919,1.5780861,1.5718805,1.4633545,1.425385,12.3289995,11.81852,10.811113,9.737907,8.527994,7.520292,6.5343156,5.5736203,4.7824364,4.1808577,3.5792794,2.8839355,2.4766583,2.0620036,1.6803253,1.4617015,1.1526117,0.8260489,0.7441284,0.752342,0.76919484,0.5746787,0.65662044,0.7385622,0.6990109,0.6594596,0.55385643,0.4805914,0.40732634,0.33406132,0.31771192,0.38480562,0.4554786,0.3197334,0.33261842
22511300110131,1.670739,1.670739,1.6665789,1.6624188,1.7527211,1.6695881,1.801052,1.632084,1.463116,1.5333321,1.3529973,12.386173,11.814336,10.802513,9.712383,8.544408,7.639455,6.5672717,5.6745896,4.796062,4.146289,3.4965155,2.9692693,2.4896483,2.1239295,1.7886606,1.488999,1.1520187,0.8672681,0.8690305,0.786973,0.733613,0.67054427,0.7527746,0.83500487,0.79698354,0.7589622,0.7101568,0.6175863,0.5334964,0.4494065,0.4353025,0.37999448,0.4796595,0.2912124,0.3617279
22511300110141,1.648542,1.648542,1.6610965,1.6736509,1.6079473,1.6195313,1.5917634,1.5639955,1.5362276,1.4109489,1.3792412,12.351811,11.752735,10.863438,9.751812,8.673219,7.623073,6.4936686,5.6864676,4.67681,4.1264887,3.5761676,3.0258465,2.4755254,2.0354629,1.732223,1.466825,1.1690747,0.78529876,0.768686,0.8144302,0.7275991,0.6560808,0.67148435,0.6868879,0.7023003,0.7177127,0.68939227,0.6047092,0.52002615,0.4353431,0.30892408,0.3648057,0.3688376,0.24497609,0.4076565
22511300110151,1.6468308,1.6468308,1.6226038,1.5983766,1.637817,1.6235011,1.5949169,1.5663329,1.5377488,1.4614066,1.3739132,12.234674,11.509497,10.78432,9.690813,8.724117,7.656514,6.6798186,5.588466,4.797153,4.2051396,3.6131265,3.0211132,2.4548154,2.1189058,1.7549578,1.5395181,1.1735462,0.95078385,0.9284229,0.87486255,0.8285968,0.71180093,0.701736,0.691671,0.81623197,0.94079286,0.6610398,0.61454576,0.5680517,0.5215576,0.37981114,0.45802763,0.42785114,0.35327995,0.25353083
22511300110161,1.6731434,1.6731434,1.7522532,1.8313628,1.5916349,1.6434144,1.643058,1.6427015,1.6423451,1.3946308,1.3806417,12.236847,11.744552,10.838665,9.688711,8.724113,7.713116,6.5198746,5.6697702,4.7824244,4.148673,3.5149214,3.0187604,2.4168975,2.1211872,1.7468945,1.5162797,1.2582794,0.99765664,0.79753965,0.8325967,0.8268147,0.7551121,0.76164424,0.7681763,0.7520956,0.73601484,0.70750624,0.5955206,0.48353496,0.37154934,0.41359165,0.39941704,0.42333815,0.31723973,0.27101615
22511300110171,1.6227472,1.6227472,1.6428436,1.6629401,1.7478057,1.6589559,1.5958196,1.5326833,1.4695469,1.4210786,1.3830376,12.209276,11.784488,10.720991,9.714814,8.720083,7.7238526,6.6153836,5.732962,4.8669043,4.167661,3.4684186,2.9369574,2.414863,2.0180714,1.8301417,1.4535015,1.2203927,0.95750964,0.8557016,0.7640055,0.81332225,0.7110311,0.76150537,0.81197965,0.8079538,0.80392784,0.6242822,0.5747529,0.5252237,0.47569445,0.42853317,0.46612146,0.5698271,0.50919825,0.46593016
22511300110181,1.6552395,1.6552395,1.7069775,1.7587156,1.6419486,1.6912035,1.6560072,1.6208109,1.5856146,1.6047308,1.318681,12.21034,11.807218,10.78238,9.644455,8.631447,7.653941,6.649175,5.6955786,4.8026214,4.1622047,3.5217884,2.8800006,2.4785392,2.0818224,1.8002688,1.5497131,1.2534746,0.88061935,0.84795064,0.9654963,0.83507633,0.6346069,0.68649554,0.73838425,0.8066081,0.8748319,0.7958073,0.68642247,0.57703763,0.46765283,0.44964713,0.4093612,0.7187745,0.6002391,0.38807812
22511300110191,1.7551845,1.7551845,1.7799164,1.8046484,1.671221,1.6445581,3.4078846,5.171211,6.9345374,8.697864,10.46119,12.224517,11.752245,10.72111,9.821808,8.636158,7.601977,6.7954254,5.6244497,4.6799955,4.1087146,3.537434,2.8853762,2.4816034,2.0905023,1.8287134,1.5559918,1.28327,1.234901,1.1865318,1.1381626,1.0897934,1.026203,0.96261257,0.8990221,0.8354317,0.7718412,0.7258409,0.6798406,0.6338403,0.58784,0.5418397,0.49583945,0.44983914,0.67013407,1.7569448
22511300110201,12.3387985,12.3387985,12.3387985,12.3387985,12.3387985,12.3387985,12.3387985,12.3387985,12.3387985,12.3387985,12.3387985,12.3387985,11.814449,10.891802,10.157488,8.6771,7.662697,6.648294,5.633891,4.908229,4.095952,3.2836752,3.0967572,2.4164171,2.135074,1.8537308,1.3640012,0.8742715,0.8694863,0.8647011,0.8599159,0.8551307,0.8503455,0.8455603,0.8407751,0.8359899,0.8312047,0.8312047,0.8312047,0.8312047,0.8312047,0.8312047,0.8312047,0.8312047,0.8312047,0.8312047
22511300110211,12.503065,12.503065,12.503065,12.503065,12.503065,12.503065,12.503065,12.503065,12.503065,12.503065,12.503065,12.503065,12.054136,11.005471,9.956806,8.970501,7.877669,6.7848372,5.692006,4.7780156,4.317539,3.8570633,3.1852167,2.6695607,2.1539047,1.6382487,1.5891567,1.5400649,1.4909731,1.4418812,1.3927894,1.3436974,1.2946056,1.2455138,1.1964219,1.14733,1.0982381,1.0982381,1.0982381,1.0982381,1.0982381,1.0982381,1.0982381,1.0982381,1.0982381,1.0982381
GAUGE_80805,0.6,0.61,0.6,0.61,0.62,0.59,0.6,0.65,0.64,0.54,0.54,3.09,5.66,5.78,5.37,4.8,4.24,3.64,3.04,2.55,2.15,1.8,1.43,1.15,0.96,0.81,0.74,0.65,0.58,0.58,0.56,0.55,0.45,0.51,0.51,0.53,0.48,0.43,0.41,0.34,0.33,0.26,0.33,0.33,0.19,0.35
