date,component,lineage_id,semantic_class,first_connected_day,area_km2,lon,lat,x,y,region,region_share,zone,pot_component_class,pot_component_km2,seed_bodies_in_pot_component,seed_km2_in_pot_component,seed_dem_p50_m,wc_cropland,wc_trees,wc_grass,wc_wetland,wc_bare_sparse,wc_built,wc_water,ctx_bare_sparse_2km,ctx_trees_2km,ctx_cropland_2km,ctx_dem_p50_m,dem_p05_m,dem_p50_m,dem_p95_m,wse_p50_m,freeboard_p50_m,depth_max_m,support_weak_share,support_cross_river_share,support_core_share,nearest_node_river,nearest_node_km_p50,survives_conn4,erosion_disconnect_px,gap_to_river_component_m,s1_date,lag_days,s1_valid_share,s1_dark_share_of_valid,open_ground_share,s1_open_observed_share,s1_open_dark_share,s1_class,retained_verdict,flags,n_specks
2023-06-06,1,1,RIVER_CONNECTED,2023-06-06,10.438,32.9769,47.1311,498247.3,5219732.6,INHULETS_VALLEY_rect,1.0,ZONE_4_DAM_TO_KHERSON_FLOODWAY,river,694.17,,,,0.4469,0.1024,0.3397,0.0117,0.0,0.0195,0.0798,0.0,0.0619,0.6014,47.91,1.65,4.62,9.23,10.26,5.65,10.8,0.004,0.996,0.0,Dnipro,40.2,True,2.0,0.0,2023-06-06,0.0,0.0,0.0,0.787,0.0,,S1_UNOBSERVED,,RIVER_CONNECTED;S1_UNOBSERVED,
2023-06-06,2,2,RIVER_CONNECTED,2023-06-06,1.76,32.9045,47.1252,492753.8,5219077.7,INHULETS_VALLEY_rect,1.0,ZONE_4_DAM_TO_KHERSON_FLOODWAY,river,694.17,,,,0.4895,0.0245,0.1761,0.1277,0.0,0.0005,0.1816,0.0,0.0466,0.6017,38.55,1.43,2.84,3.19,3.24,0.41,3.06,1.0,0.0,0.0,Inhulets,40.2,True,4.0,0.0,2023-06-06,0.0,0.0,0.0,0.666,0.0,,S1_UNOBSERVED,,RIVER_CONNECTED;S1_UNOBSERVED;WEAK_SURFACE,
2023-06-06,3,3,RIVER_CONNECTED,2023-06-06,1.633,32.8971,47.1032,492195.6,5216639.6,INHULETS_VALLEY_rect,1.0,ZONE_4_DAM_TO_KHERSON_FLOODWAY,river,694.17,,,,0.5133,0.0184,0.4142,0.0135,0.0,0.0,0.0407,0.0001,0.0541,0.5123,33.75,2.1,2.56,3.17,3.24,0.68,2.19,1.0,0.0,0.0,Inhulets,38.1,True,4.0,0.0,2023-06-06,0.0,0.0,0.0,0.928,0.0,,S1_UNOBSERVED,,RIVER_CONNECTED;S1_UNOBSERVED;WEAK_SURFACE,
2023-06-06,14,14,RIVER_CONNECTED,2023-06-06,0.418,32.9132,47.0949,493411.5,5215711.7,INHULETS_VALLEY_rect,1.0,ZONE_4_DAM_TO_KHERSON_FLOODWAY,river,694.17,,,,0.7759,0.001,0.1628,0.0268,0.0,0.0,0.0335,0.0001,0.059,0.4965,34.2,2.31,2.99,3.21,3.24,0.26,2.17,1.0,0.0,0.0,Inhulets,37.4,True,2.0,0.0,2023-06-06,0.0,0.0,0.0,0.939,0.0,,S1_UNOBSERVED,,RIVER_CONNECTED;S1_UNOBSERVED;WEAK_SURFACE,
2023-06-06,16,16,RIVER_CONNECTED,2023-06-06,2.939,32.8666,47.0852,489872.5,5214639.4,INHULETS_VALLEY_rect,1.0,ZONE_4_DAM_TO_KHERSON_FLOODWAY,river,694.17,,,,0.5952,0.0056,0.2568,0.1073,0.0,0.0012,0.0339,0.0001,0.0915,0.4341,35.35,1.68,2.63,3.13,3.24,0.62,2.6,1.0,0.0,0.0,Inhulets,35.5,True,4.0,0.0,2023-06-06,0.0,0.0,0.0,0.852,0.0,,S1_UNOBSERVED,,RIVER_CONNECTED;S1_UNOBSERVED;WEAK_SURFACE,
2023-06-06,36,36,RIVER_CONNECTED,2023-06-06,3.097,32.8399,47.0739,487843.7,5213393.8,INHULETS_VALLEY_rect,1.0,ZONE_4_DAM_TO_KHERSON_FLOODWAY,river,694.17,,,,0.6086,0.0223,0.34,0.0048,0.0,0.0,0.0243,0.0001,0.0992,0.439,33.2,1.49,2.15,3.02,3.24,1.1,2.33,1.0,0.0,0.0,Inhulets,34.5,True,4.0,0.0,2023-06-06,0.0,0.0,0.0,0.949,0.0,,S1_UNOBSERVED,,RIVER_CONNECTED;S1_UNOBSERVED;WEAK_SURFACE,
2023-06-06,63,63,RIVER_CONNECTED,2023-06-06,0.643,32.8301,47.0484,487093.6,5210558.7,INHULETS_VALLEY_rect,1.0,ZONE_4_DAM_TO_KHERSON_FLOODWAY,river,694.17,,,,0.4795,0.0106,0.454,0.0435,0.0,0.0019,0.0106,0.0001,0.0728,0.4063,29.96,1.42,2.02,2.87,3.24,1.23,2.19,1.0,0.0,0.0,Inhulets,31.0,True,4.0,0.0,2023-06-06,0.0,0.0,0.0,0.933,0.0,,S1_UNOBSERVED,,RIVER_CONNECTED;S1_UNOBSERVED;WEAK_SURFACE,
2023-06-06,70,70,RIVER_CONNECTED,2023-06-06,0.774,32.8388,47.0399,487751.3,5209609.2,INHULETS_VALLEY_rect,1.0,ZONE_4_DAM_TO_KHERSON_FLOODWAY,river,694.17,,,,0.5876,0.0181,0.3494,0.0289,0.0,0.0016,0.0145,0.0001,0.0773,0.4319,28.13,1.28,1.96,2.94,3.24,1.28,2.19,1.0,0.0,0.0,Inhulets,30.2,True,4.0,0.0,2023-06-06,0.0,0.0,0.0,0.937,0.0,,S1_UNOBSERVED,,RIVER_CONNECTED;S1_UNOBSERVED;WEAK_SURFACE,
2023-06-06,81,81,RIVER_CONNECTED,2023-06-06,1.378,32.836,47.0262,487536.4,5208092.0,INHULETS_VALLEY_rect,1.0,ZONE_4_DAM_TO_KHERSON_FLOODWAY,river,694.17,,,,0.0183,0.0395,0.5859,0.233,0.0,0.0058,0.1175,0.0001,0.0743,0.4873,31.7,1.19,1.77,3.04,3.24,1.48,2.46,1.0,0.0,0.0,Inhulets,28.8,True,4.0,0.0,2023-06-06,0.0,0.936,0.024,0.604,0.906,0.011,S1_OPEN_SURFACE_NO_WATER,,RIVER_CONNECTED;S1_OPEN_SURFACE_NO_WATER;WEAK_SURFACE,
2023-06-06,97,97,RIVER_CONNECTED,2023-06-06,1.166,32.8291,47.0163,487014.7,5206994.8,INHULETS_VALLEY_rect,1.0,ZONE_4_DAM_TO_KHERSON_FLOODWAY,river,694.17,,,,0.7955,0.0,0.1931,0.0031,0.0,0.0,0.0082,0.0001,0.0589,0.3359,22.84,1.2,1.7,2.29,3.24,1.55,2.24,1.0,0.0,0.0,Inhulets,27.6,True,4.0,0.0,2023-06-06,0.0,1.0,0.006,0.989,1.0,0.003,S1_OPEN_SURFACE_NO_WATER,,RIVER_CONNECTED;S1_OPEN_SURFACE_NO_WATER;WEAK_SURFACE,
2023-06-06,115,115,RIVER_CONNECTED,2023-06-06,0.622,32.8254,47.0056,486730.3,5205805.5,INHULETS_VALLEY_rect,1.0,ZONE_4_DAM_TO_KHERSON_FLOODWAY,river,694.17,,,,0.6305,0.0019,0.3066,0.0379,0.0,0.0026,0.0206,0.0001,0.0706,0.3853,30.58,1.1,1.42,2.64,3.24,1.83,2.57,1.0,0.0,0.0,Inhulets,26.3,True,4.0,0.0,2023-06-06,0.0,1.0,0.021,0.937,1.0,0.017,S1_OPEN_SURFACE_NO_WATER,,RIVER_CONNECTED;S1_OPEN_SURFACE_NO_WATER;WEAK_SURFACE,
2023-06-06,119,119,RIVER_CONNECTED,2023-06-06,1.505,32.8052,47.0003,485192.5,5205221.4,INHULETS_VALLEY_rect,1.0,ZONE_4_DAM_TO_KHERSON_FLOODWAY,river,694.17,,,,0.1589,0.013,0.814,0.0016,0.0,0.005,0.0074,0.0,0.0613,0.4827,39.31,1.08,1.33,2.44,3.24,1.92,2.9,1.0,0.0,0.0,Inhulets,25.5,True,4.0,0.0,2023-06-06,0.0,1.0,0.002,0.973,1.0,0.001,S1_OPEN_SURFACE_NO_WATER,,RIVER_CONNECTED;S1_OPEN_SURFACE_NO_WATER;WEAK_SURFACE,
2023-06-06,158,158,RIVER_CONNECTED,2023-06-06,1.191,32.8234,46.9852,486567.1,5203533.7,INHULETS_VALLEY_rect,1.0,ZONE_4_DAM_TO_KHERSON_FLOODWAY,river,694.17,,,,0.4051,0.0,0.5868,0.0013,0.0,0.0,0.0067,0.0001,0.0499,0.5436,37.93,1.06,1.46,2.59,3.24,1.78,2.73,1.0,0.0,0.0,Inhulets,24.0,True,4.0,0.0,2023-06-06,0.0,1.0,0.012,0.992,1.0,0.009,S1_OPEN_SURFACE_NO_WATER,,RIVER_CONNECTED;S1_OPEN_SURFACE_NO_WATER;WEAK_SURFACE,
2023-06-06,171,171,RIVER_CONNECTED,2023-06-06,0.673,32.8118,46.9727,485683.2,5202144.4,INHULETS_VALLEY_rect,1.0,ZONE_4_DAM_TO_KHERSON_FLOODWAY,river,694.17,,,,0.0089,0.2812,0.5077,0.1564,0.0,0.0,0.0458,0.0,0.0354,0.5422,33.58,1.1,1.91,3.02,3.24,1.33,3.11,1.0,0.0,0.0,Inhulets,22.4,True,4.0,0.0,2023-06-06,0.0,1.0,0.011,0.517,1.0,0.003,S1_OPEN_SURFACE_NO_WATER,,RIVER_CONNECTED;S1_OPEN_SURFACE_NO_WATER;WEAK_SURFACE,
2023-06-06,193,193,RIVER_CONNECTED,2023-06-06,1.383,32.8145,46.9547,485883.6,5200150.7,INHULETS_VALLEY_rect,1.0,ZONE_4_DAM_TO_KHERSON_FLOODWAY,river,694.17,,,,0.0179,0.0116,0.6595,0.3005,0.0,0.0,0.0104,0.0,0.0446,0.4994,31.7,0.77,1.41,2.62,3.24,1.83,3.04,1.0,0.0,0.0,Inhulets,20.5,True,4.0,0.0,2023-06-06,0.0,1.0,0.001,0.677,1.0,0.0,S1_OPEN_SURFACE_NO_WATER,,RIVER_CONNECTED;S1_OPEN_SURFACE_NO_WATER;WEAK_SURFACE,
2023-06-06,215,215,RIVER_CONNECTED,2023-06-06,0.634,32.7946,46.9442,484365.4,5198980.3,INHULETS_VALLEY_rect,1.0,ZONE_4_DAM_TO_KHERSON_FLOODWAY,river,694.17,,,,0.0101,0.0057,0.9729,0.0019,0.0,0.0013,0.0082,0.0001,0.0414,0.4716,31.35,1.08,1.5,2.71,3.24,1.75,2.34,1.0,0.0,0.0,Inhulets,19.3,True,4.0,0.0,2023-06-06,0.0,1.0,0.004,0.983,1.0,0.001,S1_OPEN_SURFACE_NO_WATER,,RIVER_CONNECTED;S1_OPEN_SURFACE_NO_WATER;WEAK_SURFACE,
2023-06-06,238,238,RIVER_CONNECTED,2023-06-06,0.761,32.8281,46.9278,486916.0,5197157.8,INHULETS_VALLEY_rect,1.0,ZONE_4_DAM_TO_KHERSON_FLOODWAY,river,694.17,,,,0.4085,0.061,0.3433,0.1851,0.0,0.0011,0.0011,0.0001,0.0558,0.4667,30.82,1.07,1.42,3.01,3.24,1.82,2.49,1.0,0.0,0.0,Inhulets,17.8,True,4.0,0.0,2023-06-06,0.0,1.0,0.001,0.752,1.0,0.001,S1_OPEN_SURFACE_NO_WATER,,RIVER_CONNECTED;S1_OPEN_SURFACE_NO_WATER;WEAK_SURFACE,
2023-06-06,261,261,RIVER_CONNECTED,2023-06-06,0.342,32.8133,46.9073,485781.7,5194875.5,INHULETS_VALLEY_rect,1.0,ZONE_4_DAM_TO_KHERSON_FLOODWAY,river,694.17,,,,0.0468,0.007,0.8749,0.0643,0.0,0.0,0.007,0.0002,0.0595,0.5101,34.01,1.08,1.43,2.88,3.24,1.81,2.66,1.0,0.0,0.0,Inhulets,15.4,True,4.0,0.0,2023-06-06,0.0,1.0,0.05,0.922,1.0,0.043,S1_OPEN_SURFACE_NO_WATER,,RIVER_CONNECTED;S1_OPEN_SURFACE_NO_WATER;WEAK_SURFACE,
2023-06-06,314,314,RIVER_CONNECTED,2023-06-06,0.267,32.8239,46.8641,486575.9,5190082.0,INHULETS_VALLEY_rect,1.0,ZONE_4_DAM_TO_KHERSON_FLOODWAY,river,694.17,,,,0.0898,0.0599,0.8144,0.0284,0.0,0.0015,0.006,0.0,0.029,0.601,33.3,1.11,1.82,3.07,3.24,1.42,2.64,0.897,0.0,0.103,Inhulets,10.8,True,4.0,0.0,2023-06-06,0.0,1.0,0.0,0.904,1.0,0.0,S1_OPEN_SURFACE_NO_WATER,,RIVER_CONNECTED;S1_OPEN_SURFACE_NO_WATER;WEAK_SURFACE,
2023-06-06,321,321,RIVER_CONNECTED,2023-06-06,0.312,32.7973,46.8563,484550.3,5189210.5,INHULETS_VALLEY_rect,1.0,ZONE_4_DAM_TO_KHERSON_FLOODWAY,river,694.17,,,,0.0282,0.0448,0.9181,0.0,0.0,0.0038,0.0051,0.0,0.0355,0.5419,28.37,1.12,2.04,3.11,3.24,1.2,2.18,0.0,0.0,1.0,Inhulets,9.7,True,4.0,0.0,2023-06-06,0.0,1.0,0.0,0.946,1.0,0.0,S1_OPEN_SURFACE_NO_WATER,,RIVER_CONNECTED;S1_OPEN_SURFACE_NO_WATER,
2023-06-06,358,358,RIVER_CONNECTED,2023-06-06,0.272,32.7819,46.8364,483371.2,5187007.5,INHULETS_VALLEY_rect,1.0,ZONE_4_DAM_TO_KHERSON_FLOODWAY,river,694.17,,,,0.0073,0.0044,0.9824,0.0044,0.0,0.0015,0.0,0.0001,0.0498,0.4525,23.16,1.12,1.88,3.05,3.24,1.37,2.19,0.0,0.0,1.0,Inhulets,7.3,True,4.0,0.0,2023-06-06,0.0,1.0,0.0,0.99,1.0,0.0,S1_OPEN_SURFACE_NO_WATER,,RIVER_CONNECTED;S1_OPEN_SURFACE_NO_WATER,
2023-06-06,360,360,RIVER_CONNECTED,2023-06-06,1.081,33.2178,46.8134,516612.9,5184451.2,DNIPRO_CORRIDOR,0.988,ZONE_4_DAM_TO_KHERSON_FLOODWAY,river,694.17,,,,0.0,0.4047,0.2494,0.3296,0.0,0.0004,0.0159,0.0,0.1484,0.4473,34.85,1.79,3.56,10.13,10.95,7.41,10.26,0.0,0.0,1.0,Kokan',4.3,True,4.0,0.0,2023-06-06,0.0,0.0,0.0,0.249,0.0,,S1_UNOBSERVED,,RIVER_CONNECTED;S1_UNOBSERVED,
2023-06-06,391,391,RIVER_CONNECTED,2023-06-06,0.299,33.3296,46.8146,525147.2,5184616.2,DNIPRO_CORRIDOR,1.0,ZONE_4_DAM_TO_KHERSON_FLOODWAY,river,694.17,,,,0.0027,0.5756,0.0803,0.091,0.0,0.0308,0.2195,0.0003,0.0998,0.3908,35.28,4.4,8.44,12.04,12.54,4.06,10.29,0.0,0.0,1.0,Kokan',5.1,True,4.0,0.0,2023-06-06,0.0,0.0,0.0,0.083,0.0,,S1_UNOBSERVED,,RIVER_CONNECTED;S1_UNOBSERVED,
2023-06-06,406,406,RIVER_CONNECTED,2023-06-06,0.38,33.3131,46.8031,523893.5,5183333.0,DNIPRO_CORRIDOR,1.0,ZONE_4_DAM_TO_KHERSON_FLOODWAY,river,694.17,,,,0.0,0.5373,0.1987,0.1335,0.0,0.0,0.1304,0.0007,0.0948,0.3626,32.36,2.89,6.88,11.72,12.44,5.52,10.21,0.0,0.0,1.0,Kokan',4.2,True,4.0,0.0,2023-06-06,0.0,0.0,0.0,0.199,0.0,,S1_UNOBSERVED,,RIVER_CONNECTED;S1_UNOBSERVED,
2023-06-06,413,413,RIVER_CONNECTED,2023-06-06,1.042,33.0373,46.7882,502845.9,5181629.4,INHULETS_VALLEY_rect,0.583,ZONE_4_DAM_TO_KHERSON_FLOODWAY,river,694.17,,,,0.0042,0.2488,0.5647,0.1447,0.0,0.0322,0.0054,0.0031,0.0223,0.6162,33.88,1.44,4.69,8.51,8.76,4.09,8.43,0.0,0.583,0.417,Dnipro,4.5,True,4.0,0.0,2023-06-06,0.0,0.0,0.0,0.569,0.0,,S1_UNOBSERVED,,RIVER_CONNECTED;S1_UNOBSERVED,
2023-06-06,436,436,RIVER_CONNECTED,2023-06-06,1.107,33.3105,46.7828,523701.2,5181071.4,DNIPRO_CORRIDOR,1.0,ZONE_4_DAM_TO_KHERSON_FLOODWAY,river,694.17,,,,0.0,0.4953,0.3042,0.1113,0.0,0.0509,0.0383,0.0005,0.2715,0.1836,12.8,1.95,3.4,10.8,11.94,8.7,10.97,0.0,0.0,1.0,Kokan',1.6,True,4.0,0.0,2023-06-06,0.0,0.0,0.0,0.304,0.0,,S1_UNOBSERVED,,RIVER_CONNECTED;S1_UNOBSERVED,
2023-06-06,552,552,RIVER_CONNECTED,2023-06-06,0.454,33.2465,46.7805,518817.9,5180805.5,DNIPRO_CORRIDOR,1.0,ZONE_4_DAM_TO_KHERSON_FLOODWAY,river,694.17,,,,0.0,0.97,0.0,0.015,0.0,0.0,0.015,0.0,0.3427,0.1069,0.98,1.77,2.47,6.05,11.3,8.82,9.63,0.0,0.0,1.0,Kokan',0.9,True,4.0,0.0,2023-06-06,0.0,0.0,0.0,0.0,0.0,,S1_UNOBSERVED,,RIVER_CONNECTED;S1_UNOBSERVED,
2023-06-06,606,606,RIVER_CONNECTED,2023-06-06,0.896,33.1463,46.7779,511169.2,5180494.1,DNIPRO_CORRIDOR,1.0,ZONE_4_DAM_TO_KHERSON_FLOODWAY,river,694.17,,,,0.0022,0.0254,0.7768,0.1817,0.0,0.0031,0.0107,0.0001,0.1161,0.1574,1.67,1.47,2.24,3.54,10.27,8.02,9.62,0.0,0.0,1.0,Dnipro,0.5,True,4.0,0.0,2023-06-06,0.0,0.0,0.0,0.779,0.0,,S1_UNOBSERVED,,RIVER_CONNECTED;S1_UNOBSERVED,
2023-06-06,647,647,RIVER_CONNECTED,2023-06-06,1.188,33.1745,46.7719,513321.6,5179826.6,DNIPRO_CORRIDOR,1.0,ZONE_4_DAM_TO_KHERSON_FLOODWAY,river,694.17,,,,0.0,0.0758,0.8609,0.0441,0.0,0.004,0.0152,0.0001,0.2187,0.0363,1.45,1.62,3.08,3.81,10.25,7.25,9.12,0.0,0.0,1.0,Dnipro,1.0,True,4.0,0.0,2023-06-06,0.0,0.0,0.0,0.861,0.0,,S1_UNOBSERVED,,RIVER_CONNECTED;S1_UNOBSERVED,
2023-06-06,665,665,RIVER_CONNECTED,2023-06-06,0.376,33.3319,46.7739,525337.2,5180096.3,DNIPRO_CORRIDOR,1.0,ZONE_4_DAM_TO_KHERSON_FLOODWAY,river,694.17,,,,0.0,0.516,0.4053,0.0734,0.0,0.0,0.0053,0.0006,0.2926,0.037,1.75,1.97,3.16,4.29,12.54,9.38,10.68,0.0,0.0,1.0,Kokan',0.8,True,4.0,0.0,2023-06-06,0.0,0.0,0.0,0.405,0.0,,S1_UNOBSERVED,,RIVER_CONNECTED;S1_UNOBSERVED,
2023-06-06,692,692,RIVER_CONNECTED,2023-06-06,0.396,33.3378,46.768,525788.8,5179444.2,DNIPRO_CORRIDOR,1.0,ZONE_4_DAM_TO_KHERSON_FLOODWAY,river,694.17,,,,0.0,0.6242,0.3364,0.0354,0.0,0.0,0.004,0.0014,0.2678,0.0227,5.46,1.95,2.87,4.32,12.55,9.62,10.89,0.0,0.0,1.0,Kokan',0.4,True,4.0,0.0,2023-06-06,0.0,0.0,0.0,0.336,0.0,,S1_UNOBSERVED,,RIVER_CONNECTED;S1_UNOBSERVED,
2023-06-06,717,717,RIVER_CONNECTED,2023-06-06,0.352,33.0627,46.7624,504791.3,5178764.6,DNIPRO_CORRIDOR,1.0,ZONE_4_DAM_TO_KHERSON_FLOODWAY,river,694.17,,,,0.0,0.0489,0.9124,0.0193,0.0,0.0125,0.0068,0.0004,0.1358,0.2981,13.7,1.43,2.53,8.17,8.74,6.22,8.42,0.0,0.0,1.0,Dnipro,0.8,True,4.0,0.0,2023-06-06,0.0,0.0,0.0,0.912,0.0,,S1_UNOBSERVED,,RIVER_CONNECTED;S1_UNOBSERVED,
2023-06-06,809,809,RIVER_CONNECTED,2023-06-06,14.776,33.154,46.7495,511763.5,5177336.2,DNIPRO_CORRIDOR,1.0,ZONE_4_DAM_TO_KHERSON_FLOODWAY,river,694.17,,,,0.0187,0.4159,0.3883,0.0136,0.0001,0.1607,0.0028,0.0002,0.3641,0.0685,3.14,2.29,7.74,9.63,10.06,2.2,10.51,0.0,0.0,1.0,no_data,2.4,True,4.0,0.0,2023-06-06,0.0,0.0,0.0,0.407,0.0,,S1_UNOBSERVED,,RIVER_CONNECTED;S1_UNOBSERVED,
2023-06-06,836,836,RIVER_CONNECTED,2023-06-06,0.514,33.3299,46.7544,525195.4,5177928.2,DNIPRO_CORRIDOR,1.0,ZONE_4_DAM_TO_KHERSON_FLOODWAY,river,694.17,,,,0.0,0.5132,0.0708,0.0,0.0,0.3033,0.1128,0.0052,0.2904,0.0418,13.0,2.7,9.07,12.15,12.33,3.11,10.55,0.0,0.0,1.0,Kokan',1.3,True,4.0,0.0,2023-06-06,0.0,0.0,0.0,0.071,0.0,,S1_UNOBSERVED,,RIVER_CONNECTED;S1_UNOBSERVED,
2023-06-06,913,913,RIVER_CONNECTED,2023-06-06,1.193,32.9653,46.7467,497353.1,5177022.0,DNIPRO_CORRIDOR,1.0,ZONE_4_DAM_TO_KHERSON_FLOODWAY,river,694.17,,,,0.0,0.6452,0.3156,0.0278,0.0,0.002,0.0094,0.0001,0.1936,0.3428,13.48,1.1,1.95,6.12,7.59,5.63,8.5,0.0,0.0,1.0,Dnipro,0.9,True,4.0,0.0,2023-06-06,0.0,0.0,0.0,0.316,0.0,,S1_UNOBSERVED,,RIVER_CONNECTED;S1_UNOBSERVED,
2023-06-06,928,928,RIVER_CONNECTED,2023-06-06,0.497,32.7505,46.7457,480944.3,5176940.4,DNIPRO_CORRIDOR,0.421,ZONE_4_DAM_TO_KHERSON_FLOODWAY,river,694.17,,,,0.0612,0.3631,0.2448,0.3196,0.0,0.0,0.0113,0.0,0.1484,0.4415,27.74,1.0,2.45,4.8,5.04,2.58,4.77,0.0,0.0,1.0,Inhulets,0.4,True,4.0,0.0,2023-06-06,0.0,1.0,0.0,0.306,1.0,0.0,S1_OPEN_SURFACE_NO_WATER,,RIVER_CONNECTED;S1_OPEN_SURFACE_NO_WATER,
2023-06-06,929,929,RIVER_CONNECTED,2023-06-06,0.305,32.7946,46.7459,484313.3,5176949.8,DNIPRO_CORRIDOR,1.0,ZONE_4_DAM_TO_KHERSON_FLOODWAY,river,694.17,,,,0.0,0.1782,0.675,0.0144,0.0,0.0996,0.0328,0.0001,0.0947,0.5295,28.68,1.07,2.15,4.12,4.47,2.15,3.78,0.0,0.0,1.0,Inhulets,0.5,True,4.0,0.0,2023-06-06,0.0,1.0,0.0,0.675,1.0,0.0,S1_OPEN_SURFACE_NO_WATER,,RIVER_CONNECTED;S1_OPEN_SURFACE_NO_WATER,
2023-06-06,1317,1317,RIVER_CONNECTED,2023-06-06,0.363,32.7833,46.7198,483435.6,5174050.8,DNIPRO_CORRIDOR,1.0,ZONE_4_DAM_TO_KHERSON_FLOODWAY,river,694.17,,,,0.0794,0.1577,0.7166,0.0187,0.0,0.0276,0.0,0.0,0.0896,0.4783,24.75,1.11,3.1,5.5,5.73,2.66,4.92,0.0,0.0,1.0,Inhulets,0.8,True,4.0,0.0,2023-06-06,0.0,1.0,0.004,0.796,1.0,0.006,S1_OPEN_SURFACE_NO_WATER,,RIVER_CONNECTED;S1_OPEN_SURFACE_NO_WATER,
2023-06-06,1469,1469,RIVER_CONNECTED,2023-06-06,9.584,32.8629,46.6683,489512.8,5168314.1,DNIPRO_CORRIDOR,1.0,ZONE_4_DAM_TO_KHERSON_FLOODWAY,river,694.17,,,,0.0972,0.1046,0.6259,0.1308,0.0064,0.0347,0.0003,0.003,0.1946,0.0611,3.23,1.05,5.12,6.47,6.5,0.97,6.35,0.0,0.0,1.0,Dnipro,2.4,True,4.0,0.0,2023-06-06,0.0,0.753,0.042,0.73,0.69,0.054,S1_NO_WATER_SIGNAL_VEGETATED,,RIVER_CONNECTED;S1_NO_WATER_SIGNAL_VEGETATED,
2023-06-06,1643,1643,ISOLATED_NEVER,,9.468,33.1517,46.6697,511606.4,5168466.6,DNIPRO_CORRIDOR,1.0,ZONE_4_DAM_TO_KHERSON_FLOODWAY,isolated,12.46,30.0,4.9576,7.74,0.009,0.4347,0.4851,0.0305,0.0001,0.0139,0.0268,0.0003,0.3258,0.0845,10.11,5.96,7.89,8.72,8.88,0.95,3.35,0.322,0.0,0.678,no_data,9.5,,,4509.0,2023-06-06,0.0,0.0,0.0,0.494,0.0,,S1_UNOBSERVED,,ISOLATED_NEVER;S1_UNOBSERVED,
2023-06-06,1706,1706,ISOLATED_NEVER,,41.711,33.2545,46.6417,519478.5,5165378.5,DNIPRO_CORRIDOR,1.0,ZONE_4_DAM_TO_KHERSON_FLOODWAY,isolated,41.71,4.0,0.0032,10.61,0.8219,0.0583,0.0591,0.0032,0.0,0.0573,0.0,0.0001,0.0645,0.7333,12.31,9.2,9.89,11.32,11.57,1.7,3.92,0.961,0.0,0.039,Kokan',13.6,,,7617.0,2023-06-06,0.0,0.0,0.0,0.881,0.0,,S1_UNOBSERVED,,ISOLATED_NEVER;S1_UNOBSERVED;WEAK_SURFACE,
2023-06-06,1717,1717,RIVER_CONNECTED,2023-06-06,3.758,32.5527,46.6416,465770.6,5165433.7,DNIPRO_CORRIDOR,1.0,ZONE_2_KHERSON_DELTA,river,694.17,,,,0.007,0.0663,0.1447,0.6123,0.0028,0.1638,0.0031,0.0015,0.1096,0.1115,16.51,0.65,1.92,2.9,2.86,1.03,2.94,0.0,0.0,1.0,Dnipro,4.5,True,4.0,0.0,2023-06-06,0.0,1.0,0.0,0.154,1.0,0.0,S1_NO_WATER_SIGNAL_VEGETATED,,RIVER_CONNECTED;S1_NO_WATER_SIGNAL_VEGETATED,
2023-06-06,1722,1722,RIVER_CONNECTED,2023-06-06,1.194,32.686,46.6672,475982.1,5168232.3,DNIPRO_CORRIDOR,1.0,ZONE_2_KHERSON_DELTA,river,694.17,,,,0.0057,0.0751,0.1937,0.4762,0.0282,0.1981,0.0117,0.0011,0.1609,0.0876,16.58,0.71,1.22,3.24,4.22,3.01,4.89,0.0,0.0,1.0,no_data,0.7,True,4.0,0.0,2023-06-06,0.0,0.977,0.002,0.228,1.0,0.009,S1_NO_WATER_SIGNAL_VEGETATED,,RIVER_CONNECTED;S1_NO_WATER_SIGNAL_VEGETATED,
2023-06-06,1775,1775,RIVER_CONNECTED,2023-06-06,1.176,32.7208,46.6512,478632.5,5166446.6,DNIPRO_CORRIDOR,1.0,ZONE_4_DAM_TO_KHERSON_FLOODWAY,river,694.17,,,,0.0,0.2901,0.0514,0.3956,0.0007,0.2463,0.016,0.0008,0.1619,0.0013,0.47,0.75,1.29,3.66,4.41,3.15,5.9,0.0,0.0,1.0,Dnipro,1.0,True,4.0,0.0,2023-06-06,0.0,1.0,0.0,0.052,1.0,0.0,S1_NO_WATER_SIGNAL_VEGETATED,,RIVER_CONNECTED;S1_NO_WATER_SIGNAL_VEGETATED,
2023-06-06,1825,1825,ISOLATED_NEVER,,2.419,33.3416,46.6504,526142.8,5166375.4,DNIPRO_CORRIDOR,1.0,ZONE_4_DAM_TO_KHERSON_FLOODWAY,isolated,2.72,1.0,1.7808,8.37,0.5847,0.0944,0.1898,0.0552,0.0,0.0729,0.003,0.0001,0.0698,0.7022,13.1,9.3,11.36,11.82,11.86,0.51,4.04,1.0,0.0,0.0,Kokan',12.5,,,9810.0,2023-06-06,0.0,0.0,0.0,0.774,0.0,,S1_UNOBSERVED,,ISOLATED_NEVER;S1_UNOBSERVED;WEAK_SURFACE,
2023-06-06,1963,1963,RIVER_CONNECTED,2023-06-06,1.6,32.4473,46.6435,457705.8,5165697.3,DNIPRO_CORRIDOR,1.0,ZONE_2_KHERSON_DELTA,river,694.17,,,,0.0037,0.0525,0.2567,0.6353,0.0,0.045,0.0067,0.0001,0.0233,0.5095,15.62,0.64,1.09,2.3,2.56,1.47,2.82,0.0,0.0,1.0,Dnipro,7.4,True,4.0,0.0,2023-06-06,0.0,1.0,0.0,0.26,1.0,0.0,S1_NO_WATER_SIGNAL_VEGETATED,,RIVER_CONNECTED;S1_NO_WATER_SIGNAL_VEGETATED,
2023-06-06,2011,2011,RIVER_CONNECTED,2023-06-06,0.53,32.649,46.6366,473132.3,5164841.6,DNIPRO_CORRIDOR,1.0,ZONE_2_KHERSON_DELTA,river,694.17,,,,0.0,0.0038,0.0045,0.9872,0.0,0.0,0.0045,0.0014,0.1477,0.0002,0.57,0.68,0.83,1.1,3.56,2.67,3.7,0.0,0.0,1.0,no_data,0.5,True,4.0,0.0,2023-06-06,0.0,1.0,0.0,0.005,1.0,0.0,S1_NO_WATER_SIGNAL_VEGETATED,,RIVER_CONNECTED;S1_NO_WATER_SIGNAL_VEGETATED,
2023-06-06,2019,2019,ISOLATED_NEVER,,2.816,33.3214,46.6342,524599.4,5164570.5,DNIPRO_CORRIDOR,1.0,ZONE_4_DAM_TO_KHERSON_FLOODWAY,isolated,2.97,1.0,0.1572,8.38,0.6486,0.0872,0.0774,0.1834,0.0,0.0,0.0034,0.0,0.0602,0.7692,12.65,8.81,10.83,11.73,11.79,0.96,3.84,1.0,0.0,0.0,Kokan',14.3,,,11565.0,2023-06-06,0.0,0.0,0.0,0.726,0.0,,S1_UNOBSERVED,,ISOLATED_NEVER;S1_UNOBSERVED;WEAK_SURFACE,
2023-06-06,2112,2112,RIVER_CONNECTED,2023-06-06,59.572,32.6452,46.5546,472799.7,5155727.4,DNIPRO_CORRIDOR,1.0,ZONE_2_KHERSON_DELTA,river,694.17,,,,0.0033,0.1928,0.2189,0.4528,0.0012,0.1204,0.0073,0.0017,0.1805,0.0239,3.16,0.64,1.86,3.09,3.33,1.43,4.53,0.056,0.0,0.944,Dnipro,6.6,True,4.0,0.0,2023-06-06,0.0,0.994,0.008,0.223,0.995,0.026,S1_NO_WATER_SIGNAL_VEGETATED,,RIVER_CONNECTED;S1_NO_WATER_SIGNAL_VEGETATED,
2023-06-06,2153,2153,RIVER_CONNECTED,2023-06-06,0.254,32.7452,46.6313,480495.9,5164226.0,DNIPRO_CORRIDOR,1.0,ZONE_4_DAM_TO_KHERSON_FLOODWAY,river,694.17,,,,0.0,0.1735,0.0899,0.705,0.0032,0.0284,0.0,0.0074,0.192,0.0007,1.69,0.81,1.19,2.05,2.13,0.87,1.96,0.0,0.0,1.0,no_data,0.2,True,4.0,0.0,2023-06-06,0.0,1.0,0.0,0.093,1.0,0.0,S1_NO_WATER_SIGNAL_VEGETATED,,RIVER_CONNECTED;S1_NO_WATER_SIGNAL_VEGETATED,
2023-06-06,2195,2195,RIVER_CONNECTED,2023-06-06,0.758,32.5913,46.6272,468712.1,5163822.2,DNIPRO_CORRIDOR,1.0,ZONE_2_KHERSON_DELTA,river,694.17,,,,0.0,0.1482,0.0206,0.0005,0.0021,0.8128,0.0158,0.0016,0.1501,0.0034,1.96,0.99,2.02,2.94,3.08,1.04,3.14,0.0,0.0,1.0,gauge,1.7,True,4.0,0.0,2023-06-06,0.0,1.0,0.001,0.023,1.0,0.0,S1_NO_WATER_SIGNAL_VEGETATED,,RIVER_CONNECTED;S1_NO_WATER_SIGNAL_VEGETATED,
2023-06-06,2204,2204,ISOLATED_NEVER,,0.474,33.3421,46.6252,526187.0,5163567.7,DNIPRO_CORRIDOR,1.0,ZONE_4_DAM_TO_KHERSON_FLOODWAY,isolated,4.57,2.0,1.734,10.88,0.6745,0.2403,0.0784,0.0,0.0,0.0,0.0067,0.0001,0.0737,0.6565,13.28,10.46,11.64,11.85,11.86,0.22,1.93,1.0,0.0,0.0,Kokan',15.5,,,13607.0,2023-06-06,0.0,0.0,0.0,0.753,0.0,,S1_UNOBSERVED,,ISOLATED_NEVER;S1_UNOBSERVED;WEAK_SURFACE,
2023-06-06,2220,2220,RIVER_CONNECTED,2023-06-06,4.282,32.5778,46.6125,467669.3,5162189.7,DNIPRO_CORRIDOR,1.0,ZONE_2_KHERSON_DELTA,river,694.17,,,,0.0009,0.1511,0.0926,0.0978,0.0092,0.6232,0.0251,0.0005,0.1239,0.0004,0.31,0.68,1.63,2.91,3.06,1.34,3.61,0.0,0.0,1.0,Dnipro,1.0,True,4.0,0.0,2023-06-06,0.0,1.0,0.001,0.103,1.0,0.001,S1_NO_WATER_SIGNAL_VEGETATED,,RIVER_CONNECTED;S1_NO_WATER_SIGNAL_VEGETATED,
2023-06-06,2285,2285,RIVER_CONNECTED,2023-06-06,0.324,32.5476,46.6156,465363.0,5162543.7,DNIPRO_CORRIDOR,1.0,ZONE_2_KHERSON_DELTA,river,694.17,,,,0.0,0.2959,0.0,0.6893,0.0,0.0,0.0148,0.0023,0.0861,0.0043,0.26,0.53,0.79,1.59,2.63,1.84,2.89,0.0,0.0,1.0,Dnipro,2.2,True,4.0,0.0,2023-06-06,0.0,1.0,0.001,0.0,0.0,,S1_NO_WATER_SIGNAL_VEGETATED,,RIVER_CONNECTED;S1_NO_WATER_SIGNAL_VEGETATED,
2023-06-06,2318,2318,ISOLATED_NEVER,,0.386,33.3075,46.6152,523546.7,5162447.7,DNIPRO_CORRIDOR,1.0,ZONE_4_DAM_TO_KHERSON_FLOODWAY,isolated,0.39,1.0,0.0004,9.72,0.0497,0.0507,0.205,0.6936,0.0,0.0,0.001,0.0,0.071,0.7957,13.04,9.68,9.99,11.45,11.75,1.78,2.6,1.0,0.0,0.0,Kokan',16.3,,,14478.0,2023-06-06,0.0,0.0,0.0,0.255,0.0,,S1_UNOBSERVED,,ISOLATED_NEVER;S1_UNOBSERVED;WEAK_SURFACE,
2023-06-06,2351,2351,RIVER_CONNECTED,2023-06-06,0.526,32.4878,46.6094,460777.9,5161884.2,DNIPRO_CORRIDOR,1.0,ZONE_2_KHERSON_DELTA,river,694.17,,,,0.0,0.1163,0.0,0.8631,0.0,0.0,0.0205,0.0001,0.0438,0.0677,0.21,0.55,0.79,1.4,2.52,1.8,2.52,0.0,0.0,1.0,Dnipro,2.6,True,4.0,0.0,2023-06-06,0.0,1.0,0.0,0.0,0.0,,S1_NO_WATER_SIGNAL_VEGETATED,,RIVER_CONNECTED;S1_NO_WATER_SIGNAL_VEGETATED,
2023-06-06,2401,2401,RIVER_CONNECTED,2023-06-06,0.425,32.6143,46.6086,470466.8,5161738.2,DNIPRO_CORRIDOR,1.0,ZONE_2_KHERSON_DELTA,river,694.17,,,,0.0019,0.4115,0.1516,0.4058,0.0,0.0094,0.0198,0.0001,0.1346,0.0,0.33,0.68,1.17,1.93,2.98,1.81,3.03,0.0,0.0,1.0,Dnipro,0.6,True,4.0,0.0,2023-06-06,0.0,1.0,0.002,0.153,1.0,0.0,S1_NO_WATER_SIGNAL_VEGETATED,,RIVER_CONNECTED;S1_NO_WATER_SIGNAL_VEGETATED,
2023-06-06,2432,2432,ISOLATED_NEVER,,1.151,33.2901,46.606,522220.2,5161423.9,DNIPRO_CORRIDOR,1.0,ZONE_4_DAM_TO_KHERSON_FLOODWAY,isolated,4.57,2.0,1.734,10.88,0.6149,0.1794,0.2047,0.0,0.0,0.0,0.001,0.0,0.0599,0.8182,12.93,10.42,11.27,11.71,11.75,0.48,2.12,1.0,0.0,0.0,Kokan',17.4,,,15003.0,2023-06-06,0.0,0.0,0.0,0.82,0.0,,S1_UNOBSERVED,,ISOLATED_NEVER;S1_UNOBSERVED;WEAK_SURFACE,
2023-06-06,2560,2560,RIVER_CONNECTED,2023-06-06,0.363,32.4964,46.5953,461423.5,5160317.7,DNIPRO_CORRIDOR,1.0,ZONE_2_KHERSON_DELTA,river,694.17,,,,0.0,0.0,0.0,1.0,0.0,0.0,0.0,0.0001,0.0576,0.0215,0.19,0.55,0.63,0.83,2.5,1.85,1.99,0.0,0.0,1.0,Dnipro,0.9,True,4.0,0.0,2023-06-06,0.0,1.0,0.0,0.0,0.0,,S1_NO_WATER_SIGNAL_VEGETATED,,RIVER_CONNECTED;S1_NO_WATER_SIGNAL_VEGETATED,
2023-06-06,2574,2574,ISOLATED_NEVER,,1.517,33.2879,46.5934,522052.7,5160024.8,DNIPRO_CORRIDOR,1.0,ZONE_4_DAM_TO_KHERSON_FLOODWAY,isolated,4.57,2.0,1.734,10.88,0.009,0.3568,0.1762,0.4568,0.0,0.0,0.0013,0.0,0.0504,0.8537,13.16,9.16,9.71,11.46,11.75,2.04,3.18,1.0,0.0,0.0,Kokan',18.7,,,16460.0,2023-06-06,0.0,0.0,0.0,0.185,0.0,,S1_UNOBSERVED,,ISOLATED_NEVER;S1_UNOBSERVED;WEAK_SURFACE,
2023-06-06,2704,2704,RIVER_CONNECTED,2023-06-06,0.797,32.5678,46.5817,466885.7,5158767.9,DNIPRO_CORRIDOR,1.0,ZONE_2_KHERSON_DELTA,river,694.17,,,,0.0,0.1069,0.0,0.8886,0.0,0.0035,0.001,0.0001,0.1324,0.0001,0.14,0.19,0.71,1.17,3.02,2.34,3.38,0.0,0.0,1.0,Dnipro,1.6,True,4.0,0.0,2023-06-06,0.0,1.0,0.0,0.0,0.0,,S1_NO_WATER_SIGNAL_VEGETATED,,RIVER_CONNECTED;S1_NO_WATER_SIGNAL_VEGETATED,
2023-06-06,0,0,RIVER_CONNECTED,,23.516,,,,,specks < min_km2,,,,,,,,,,,,,,,,,,,,,,,,,,,,,,,,,,,,,,,,,,RIVER_CONNECTED;SPECKS_AGGREGATED,3228.0
2023-06-06,0,0,ISOLATED_NEVER,,1.062,,,,,specks < min_km2,,,,,,,,,,,,,,,,,,,,,,,,,,,,,,,,,,,,,,,,,,ISOLATED_NEVER;SPECKS_AGGREGATED,157.0
2023-06-07,1,2,RIVER_CONNECTED,2023-06-06,6.147,32.9039,47.1218,492713.6,5218707.9,INHULETS_VALLEY_rect,1.0,ZONE_4_DAM_TO_KHERSON_FLOODWAY,river,790.29,,,,0.5922,0.0259,0.2421,0.0489,0.0,0.0002,0.0906,0.0,0.0494,0.5724,39.16,2.04,3.13,4.29,4.53,1.4,4.35,1.0,0.0,0.0,Inhulets,39.9,True,4.0,0.0,2023-06-09,2.0,0.0,0.0,0.834,0.0,,S1_UNOBSERVED,,RIVER_CONNECTED;S1_UNOBSERVED;WEAK_SURFACE,
2023-06-07,2,1,RIVER_CONNECTED,2023-06-06,11.672,32.9716,47.1274,497845.7,5219325.2,INHULETS_VALLEY_rect,1.0,ZONE_4_DAM_TO_KHERSON_FLOODWAY,river,790.29,,,,0.4622,0.0945,0.3362,0.0117,0.0,0.0184,0.0769,0.0,0.0623,0.5875,46.25,1.75,4.51,9.42,10.63,5.85,11.15,0.095,0.905,0.0,Dnipro,39.9,True,4.0,0.0,2023-06-09,2.0,0.0,0.0,0.798,0.0,,S1_UNOBSERVED,,RIVER_CONNECTED;S1_UNOBSERVED,
2023-06-07,6,16,RIVER_CONNECTED,2023-06-06,3.664,32.8688,47.0864,490043.0,5214775.9,INHULETS_VALLEY_rect,1.0,ZONE_4_DAM_TO_KHERSON_FLOODWAY,river,790.29,,,,0.6188,0.0111,0.2457,0.0909,0.0,0.0049,0.0285,0.0001,0.0907,0.433,35.91,1.76,2.74,3.82,4.53,1.79,3.88,1.0,0.0,0.0,Inhulets,35.6,True,4.0,0.0,2023-06-09,2.0,0.0,0.0,0.865,0.0,,S1_UNOBSERVED,,RIVER_CONNECTED;S1_UNOBSERVED;WEAK_SURFACE,
2023-06-07,21,36,RIVER_CONNECTED,2023-06-06,3.599,32.8428,47.0742,488061.6,5213420.0,INHULETS_VALLEY_rect,1.0,ZONE_4_DAM_TO_KHERSON_FLOODWAY,river,790.29,,,,0.583,0.0368,0.3439,0.0051,0.0,0.0084,0.0228,0.0001,0.0957,0.447,33.52,1.5,2.28,3.93,4.53,2.25,3.62,1.0,0.0,0.0,Inhulets,34.5,True,4.0,0.0,2023-06-09,2.0,0.0,0.0,0.927,0.0,,S1_UNOBSERVED,,RIVER_CONNECTED;S1_UNOBSERVED;WEAK_SURFACE,
2023-06-07,31,63,RIVER_CONNECTED,2023-06-06,0.727,32.8297,47.0485,487067.1,5210566.8,INHULETS_VALLEY_rect,1.0,ZONE_4_DAM_TO_KHERSON_FLOODWAY,river,790.29,,,,0.4246,0.0121,0.5006,0.0385,0.0,0.0033,0.0209,0.0,0.0776,0.3908,29.17,1.44,2.06,3.85,4.53,2.47,3.47,1.0,0.0,0.0,Inhulets,31.0,True,4.0,0.0,2023-06-09,2.0,0.0,0.0,0.925,0.0,,S1_UNOBSERVED,,RIVER_CONNECTED;S1_UNOBSERVED;WEAK_SURFACE,
2023-06-07,34,70,RIVER_CONNECTED,2023-06-06,0.886,32.8392,47.0401,487785.7,5209629.7,INHULETS_VALLEY_rect,1.0,ZONE_4_DAM_TO_KHERSON_FLOODWAY,river,790.29,,,,0.5736,0.0262,0.3497,0.0253,0.0,0.0086,0.0167,0.0001,0.0786,0.4312,28.79,1.29,2.05,3.87,4.53,2.48,3.48,1.0,0.0,0.0,Inhulets,30.2,True,4.0,0.0,2023-06-09,2.0,0.0,0.0,0.923,0.0,,S1_UNOBSERVED,,RIVER_CONNECTED;S1_UNOBSERVED;WEAK_SURFACE,
2023-06-07,42,81,RIVER_CONNECTED,2023-06-06,1.68,32.8343,47.0261,487412.3,5208079.9,INHULETS_VALLEY_rect,1.0,ZONE_4_DAM_TO_KHERSON_FLOODWAY,river,790.29,,,,0.0169,0.0505,0.6009,0.2,0.0,0.021,0.1107,0.0001,0.073,0.4912,32.06,1.22,1.98,4.08,4.53,2.55,3.75,1.0,0.0,0.0,Inhulets,28.8,True,4.0,0.0,2023-06-09,2.0,0.94,0.704,0.618,0.92,0.797,LATER_S1_WATER,,RIVER_CONNECTED;LATER_S1_WATER;WEAK_SURFACE,
2023-06-07,55,97,RIVER_CONNECTED,2023-06-06,1.228,32.8296,47.0163,487050.4,5206985.6,INHULETS_VALLEY_rect,1.0,ZONE_4_DAM_TO_KHERSON_FLOODWAY,river,790.29,,,,0.7556,0.0,0.2141,0.0029,0.0,0.0,0.0274,0.0001,0.0576,0.3869,26.34,1.2,1.71,2.56,4.53,2.82,3.53,1.0,0.0,0.0,Inhulets,27.6,True,4.0,0.0,2023-06-09,2.0,1.0,0.964,0.97,1.0,0.978,LATER_S1_WATER,,RIVER_CONNECTED;LATER_S1_WATER;WEAK_SURFACE,
2023-06-07,65,115,RIVER_CONNECTED,2023-06-06,0.668,32.8253,47.0057,486722.8,5205814.9,INHULETS_VALLEY_rect,1.0,ZONE_4_DAM_TO_KHERSON_FLOODWAY,river,790.29,,,,0.5976,0.0036,0.3347,0.0353,0.0,0.0024,0.0263,0.0001,0.0703,0.3835,30.37,1.1,1.46,3.46,4.53,3.07,3.85,1.0,0.0,0.0,Inhulets,26.4,True,4.0,0.0,2023-06-09,2.0,1.0,0.935,0.932,1.0,0.954,LATER_S1_WATER,,RIVER_CONNECTED;LATER_S1_WATER;WEAK_SURFACE,
2023-06-07,69,119,RIVER_CONNECTED,2023-06-06,1.682,32.8062,47.0,485268.3,5205187.9,INHULETS_VALLEY_rect,1.0,ZONE_4_DAM_TO_KHERSON_FLOODWAY,river,790.29,,,,0.1548,0.019,0.7882,0.0014,0.0,0.0245,0.0121,0.0,0.0627,0.5097,39.98,1.09,1.36,3.76,4.53,3.17,4.19,1.0,0.0,0.0,Inhulets,25.5,True,4.0,0.0,2023-06-09,2.0,1.0,0.903,0.943,1.0,0.948,LATER_S1_WATER,,RIVER_CONNECTED;LATER_S1_WATER;WEAK_SURFACE,
2023-06-07,104,158,RIVER_CONNECTED,2023-06-06,1.269,32.8233,46.9853,486565.2,5203547.6,INHULETS_VALLEY_rect,1.0,ZONE_4_DAM_TO_KHERSON_FLOODWAY,river,790.29,,,,0.3914,0.0,0.5991,0.0013,0.0,0.0,0.0082,0.0,0.0483,0.551,37.98,1.07,1.48,3.46,4.53,3.05,4.02,1.0,0.0,0.0,Inhulets,24.0,True,4.0,0.0,2023-06-09,2.0,1.0,0.932,0.991,1.0,0.935,LATER_S1_WATER,,RIVER_CONNECTED;LATER_S1_WATER;WEAK_SURFACE,
2023-06-07,115,171,RIVER_CONNECTED,2023-06-06,0.787,32.8117,46.9729,485674.0,5202175.2,INHULETS_VALLEY_rect,1.0,ZONE_4_DAM_TO_KHERSON_FLOODWAY,river,790.29,,,,0.0488,0.2501,0.5201,0.1413,0.0,0.0,0.0397,0.0,0.0353,0.5433,33.68,1.12,2.06,3.94,4.53,2.47,4.4,1.0,0.0,0.0,Inhulets,22.5,True,4.0,0.0,2023-06-09,2.0,1.0,0.805,0.569,1.0,0.912,LATER_S1_WATER,,RIVER_CONNECTED;LATER_S1_WATER;WEAK_SURFACE,
2023-06-07,134,193,RIVER_CONNECTED,2023-06-06,1.559,32.8135,46.9547,485805.7,5200142.0,INHULETS_VALLEY_rect,1.0,ZONE_4_DAM_TO_KHERSON_FLOODWAY,river,790.29,,,,0.03,0.0123,0.6739,0.2676,0.0,0.0033,0.0128,0.0,0.0408,0.5663,35.16,0.78,1.47,3.81,4.53,3.07,4.33,1.0,0.0,0.0,Inhulets,20.5,True,4.0,0.0,2023-06-09,2.0,1.0,0.904,0.704,1.0,0.913,LATER_S1_WATER,,RIVER_CONNECTED;LATER_S1_WATER;WEAK_SURFACE,
2023-06-07,151,215,RIVER_CONNECTED,2023-06-06,0.706,32.7952,46.9444,484414.8,5199000.5,INHULETS_VALLEY_rect,1.0,ZONE_4_DAM_TO_KHERSON_FLOODWAY,river,790.29,,,,0.0193,0.0062,0.9637,0.0017,0.0,0.0011,0.0079,0.0001,0.0436,0.4711,30.86,1.09,1.54,3.68,4.53,2.99,3.63,1.0,0.0,0.0,Inhulets,19.4,True,4.0,0.0,2023-06-09,2.0,1.0,0.948,0.983,1.0,0.956,LATER_S1_WATER,,RIVER_CONNECTED;LATER_S1_WATER;WEAK_SURFACE,
2023-06-07,163,238,RIVER_CONNECTED,2023-06-06,0.916,32.8272,46.9279,486848.4,5197161.3,INHULETS_VALLEY_rect,1.0,ZONE_4_DAM_TO_KHERSON_FLOODWAY,river,790.29,,,,0.3562,0.1096,0.3754,0.1536,0.0,0.0017,0.0035,0.0001,0.0544,0.4702,31.15,1.08,1.56,4.06,4.53,2.97,3.77,1.0,0.0,0.0,Inhulets,18.0,True,4.0,0.0,2023-06-09,2.0,1.0,0.601,0.732,1.0,0.665,LATER_S1_WATER,,RIVER_CONNECTED;LATER_S1_WATER;WEAK_SURFACE,
2023-06-07,179,261,RIVER_CONNECTED,2023-06-06,0.407,32.8141,46.9072,485838.6,5194872.5,INHULETS_VALLEY_rect,1.0,ZONE_4_DAM_TO_KHERSON_FLOODWAY,river,790.29,,,,0.0403,0.0108,0.8791,0.0541,0.0,0.001,0.0147,0.0002,0.0581,0.5192,34.45,1.09,1.6,4.03,4.53,2.93,3.95,1.0,0.0,0.0,Inhulets,15.4,True,4.0,0.0,2023-06-09,2.0,1.0,0.737,0.919,1.0,0.77,LATER_S1_WATER,,RIVER_CONNECTED;LATER_S1_WATER;WEAK_SURFACE,
2023-06-07,203,293,RIVER_CONNECTED,2023-06-06,0.26,32.8314,46.8903,487156.0,5192987.7,INHULETS_VALLEY_rect,1.0,ZONE_4_DAM_TO_KHERSON_FLOODWAY,river,790.29,,,,0.0906,0.0737,0.8218,0.0015,0.0,0.0046,0.0077,0.0002,0.0332,0.4834,30.16,1.11,2.3,4.33,4.53,2.23,3.48,1.0,0.0,0.0,Inhulets,14.0,True,4.0,0.0,2023-06-09,2.0,1.0,0.645,0.912,1.0,0.697,LATER_S1_WATER,,RIVER_CONNECTED;LATER_S1_WATER;WEAK_SURFACE,
2023-06-07,220,314,RIVER_CONNECTED,2023-06-06,0.37,32.8241,46.8641,486593.0,5190082.5,INHULETS_VALLEY_rect,1.0,ZONE_4_DAM_TO_KHERSON_FLOODWAY,river,790.29,,,,0.1102,0.0778,0.7592,0.0205,0.0,0.0205,0.0119,0.0,0.0286,0.6007,33.23,1.13,2.25,4.28,4.53,2.28,3.93,0.887,0.0,0.113,Inhulets,10.8,True,4.0,0.0,2023-06-09,2.0,1.0,0.683,0.869,1.0,0.768,LATER_S1_WATER,,RIVER_CONNECTED;LATER_S1_WATER;WEAK_SURFACE,
2023-06-07,225,321,RIVER_CONNECTED,2023-06-06,0.506,32.7981,46.8562,484606.2,5189208.4,INHULETS_VALLEY_rect,1.0,ZONE_4_DAM_TO_KHERSON_FLOODWAY,river,790.29,,,,0.0782,0.0829,0.8286,0.0,0.0,0.0071,0.0032,0.0,0.0357,0.5506,29.24,1.18,2.74,4.37,4.53,1.79,3.47,0.017,0.0,0.983,Inhulets,9.7,True,4.0,0.0,2023-06-09,2.0,1.0,0.725,0.907,1.0,0.799,LATER_S1_WATER,,RIVER_CONNECTED;LATER_S1_WATER,
2023-06-07,248,358,RIVER_CONNECTED,2023-06-06,0.604,32.7911,46.8277,484067.2,5186033.8,INHULETS_VALLEY_rect,1.0,ZONE_4_DAM_TO_KHERSON_FLOODWAY,river,790.29,,,,0.0656,0.0311,0.8868,0.0079,0.0,0.0086,0.0,0.0001,0.0457,0.4895,27.13,1.16,2.44,4.27,4.53,2.09,3.48,0.0,0.0,1.0,Inhulets,6.7,True,4.0,0.0,2023-06-09,2.0,1.0,0.734,0.952,1.0,0.764,LATER_S1_WATER,,RIVER_CONNECTED;LATER_S1_WATER,
2023-06-07,251,360,RIVER_CONNECTED,2023-06-06,1.091,33.2177,46.8135,516611.2,5184457.0,DNIPRO_CORRIDOR,0.986,ZONE_4_DAM_TO_KHERSON_FLOODWAY,river,790.29,,,,0.0,0.4052,0.2519,0.3267,0.0,0.0004,0.0158,0.0,0.148,0.4482,34.89,1.79,3.6,10.3,11.09,7.48,10.3,0.0,0.0,1.0,Kokan',4.3,True,4.0,0.0,2023-06-09,2.0,1.0,0.394,0.252,1.0,0.358,LATER_S1_WATER,,RIVER_CONNECTED;LATER_S1_WATER,
2023-06-07,285,391,RIVER_CONNECTED,2023-06-06,0.282,33.3296,46.8147,525145.1,5184623.0,DNIPRO_CORRIDOR,1.0,ZONE_4_DAM_TO_KHERSON_FLOODWAY,river,790.29,,,,0.0028,0.5708,0.0694,0.0963,0.0,0.0283,0.2323,0.0003,0.0993,0.3923,35.12,4.36,8.27,11.53,12.02,3.74,9.88,0.0,0.0,1.0,Kokan',5.1,True,4.0,0.0,2023-06-09,2.0,1.0,0.016,0.072,1.0,0.0,LATER_S1_NO_WATER_SIGNAL_VEGETATED,,RIVER_CONNECTED;LATER_S1_NO_WATER_SIGNAL_VEGETATED,
2023-06-07,293,406,RIVER_CONNECTED,2023-06-06,0.368,33.313,46.8031,523886.0,5183331.5,DNIPRO_CORRIDOR,1.0,ZONE_4_DAM_TO_KHERSON_FLOODWAY,river,790.29,,,,0.0,0.5462,0.1806,0.1382,0.0,0.0,0.1349,0.0007,0.0952,0.3625,32.32,2.88,6.61,11.36,11.97,5.23,9.74,0.0,0.0,1.0,Kokan',4.2,True,4.0,0.0,2023-06-09,2.0,1.0,0.133,0.181,1.0,0.018,LATER_S1_INCONCLUSIVE,,RIVER_CONNECTED;LATER_S1_INCONCLUSIVE,
2023-06-07,295,413,RIVER_CONNECTED,2023-06-06,1.516,33.0396,46.7844,503024.8,5181203.2,DNIPRO_CORRIDOR,0.544,ZONE_4_DAM_TO_KHERSON_FLOODWAY,river,790.29,,,,0.0079,0.2524,0.5637,0.1018,0.0005,0.0572,0.0164,0.0025,0.0711,0.5292,31.26,1.46,5.42,9.43,9.79,4.37,9.48,0.0,0.456,0.544,Dnipro,4.3,True,4.0,0.0,2023-06-09,2.0,1.0,0.313,0.572,1.0,0.309,LATER_S1_WATER,,RIVER_CONNECTED;LATER_S1_WATER,
2023-06-07,312,436,RIVER_CONNECTED,2023-06-06,1.092,33.3105,46.7827,523702.5,5181059.8,DNIPRO_CORRIDOR,1.0,ZONE_4_DAM_TO_KHERSON_FLOODWAY,river,790.29,,,,0.0,0.4978,0.2996,0.1128,0.0,0.0509,0.0388,0.0005,0.2716,0.1836,12.67,1.95,3.39,10.6,11.64,8.33,10.62,0.0,0.0,1.0,Kokan',1.6,True,4.0,0.0,2023-06-09,2.0,1.0,0.313,0.3,1.0,0.396,LATER_S1_WATER,,RIVER_CONNECTED;LATER_S1_WATER,
2023-06-07,412,552,RIVER_CONNECTED,2023-06-06,0.454,33.2465,46.7805,518817.9,5180805.5,DNIPRO_CORRIDOR,1.0,ZONE_4_DAM_TO_KHERSON_FLOODWAY,river,790.29,,,,0.0,0.97,0.0,0.015,0.0,0.0,0.015,0.0,0.3427,0.1069,0.98,1.77,2.47,6.05,11.22,8.76,9.57,0.0,0.0,1.0,Kokan',0.9,True,4.0,0.0,2023-06-09,2.0,1.0,0.005,0.0,0.0,,LATER_S1_NO_WATER_SIGNAL_VEGETATED,,RIVER_CONNECTED;LATER_S1_NO_WATER_SIGNAL_VEGETATED,
2023-06-07,464,693,RIVER_CONNECTED,2023-06-06,0.387,32.7944,46.7649,484304.1,5179060.1,DNIPRO_CORRIDOR,0.694,ZONE_4_DAM_TO_KHERSON_FLOODWAY,river,790.29,,,,0.2138,0.2149,0.5382,0.0186,0.0,0.0,0.0145,0.0001,0.0859,0.4725,28.74,1.1,2.6,4.47,4.69,2.1,3.96,0.0,0.0,1.0,Inhulets,0.7,True,4.0,0.0,2023-06-09,2.0,1.0,0.599,0.752,1.0,0.768,LATER_S1_WATER,,RIVER_CONNECTED;LATER_S1_WATER,
2023-06-07,465,606,RIVER_CONNECTED,2023-06-06,0.896,33.1463,46.7779,511169.2,5180494.1,DNIPRO_CORRIDOR,1.0,ZONE_4_DAM_TO_KHERSON_FLOODWAY,river,790.29,,,,0.0022,0.0254,0.7768,0.1817,0.0,0.0031,0.0107,0.0001,0.1161,0.1574,1.67,1.47,2.24,3.54,10.64,8.39,10.0,0.0,0.0,1.0,Dnipro,0.5,True,4.0,0.0,2023-06-09,2.0,1.0,0.967,0.779,1.0,0.967,LATER_S1_WATER,,RIVER_CONNECTED;LATER_S1_WATER,
2023-06-07,502,647,RIVER_CONNECTED,2023-06-06,1.188,33.1745,46.7719,513321.6,5179826.6,DNIPRO_CORRIDOR,1.0,ZONE_4_DAM_TO_KHERSON_FLOODWAY,river,790.29,,,,0.0,0.0758,0.8609,0.0441,0.0,0.004,0.0152,0.0001,0.2187,0.0363,1.45,1.62,3.08,3.81,10.58,7.57,9.42,0.0,0.0,1.0,Dnipro,1.0,True,4.0,0.0,2023-06-09,2.0,1.0,0.92,0.861,1.0,0.953,LATER_S1_WATER,,RIVER_CONNECTED;LATER_S1_WATER,
2023-06-07,520,665,RIVER_CONNECTED,2023-06-06,0.376,33.3319,46.7739,525337.2,5180096.3,DNIPRO_CORRIDOR,1.0,ZONE_4_DAM_TO_KHERSON_FLOODWAY,river,790.29,,,,0.0,0.516,0.4053,0.0734,0.0,0.0,0.0053,0.0006,0.2926,0.037,1.75,1.97,3.16,4.29,11.97,8.83,10.15,0.0,0.0,1.0,Kokan',0.8,True,4.0,0.0,2023-06-09,2.0,1.0,0.316,0.405,1.0,0.661,LATER_S1_WATER,,RIVER_CONNECTED;LATER_S1_WATER,
2023-06-07,541,692,RIVER_CONNECTED,2023-06-06,0.396,33.3378,46.768,525788.8,5179444.2,DNIPRO_CORRIDOR,1.0,ZONE_4_DAM_TO_KHERSON_FLOODWAY,river,790.29,,,,0.0,0.6242,0.3364,0.0354,0.0,0.0,0.004,0.0014,0.2678,0.0227,5.46,1.95,2.87,4.32,12.02,9.06,10.36,0.0,0.0,1.0,Kokan',0.4,True,4.0,0.0,2023-06-09,2.0,1.0,0.527,0.336,1.0,0.784,LATER_S1_WATER,,RIVER_CONNECTED;LATER_S1_WATER,
2023-06-07,564,717,RIVER_CONNECTED,2023-06-06,0.384,33.0627,46.7625,504784.5,5178770.6,DNIPRO_CORRIDOR,1.0,ZONE_4_DAM_TO_KHERSON_FLOODWAY,river,790.29,,,,0.0,0.0448,0.9176,0.0177,0.0,0.0125,0.0073,0.0004,0.1359,0.2987,13.94,1.43,2.96,9.17,9.8,6.83,9.44,0.0,0.0,1.0,Dnipro,0.8,True,4.0,0.0,2023-06-09,2.0,1.0,0.6,0.918,1.0,0.616,LATER_S1_WATER,,RIVER_CONNECTED;LATER_S1_WATER,
2023-06-07,611,886,RIVER_CONNECTED,2023-06-06,0.384,32.9222,46.7599,494061.6,5178488.8,DNIPRO_CORRIDOR,1.0,ZONE_4_DAM_TO_KHERSON_FLOODWAY,river,790.29,,,,0.3132,0.1176,0.461,0.1051,0.0,0.0031,0.0,0.0,0.1444,0.5211,27.21,2.59,5.59,8.24,8.69,2.97,7.17,0.0,0.0,1.0,Inhulets,1.9,True,4.0,0.0,2023-06-09,2.0,1.0,0.444,0.774,1.0,0.444,LATER_S1_WATER,,RIVER_CONNECTED;LATER_S1_WATER,
2023-06-07,653,809,RIVER_CONNECTED,2023-06-06,77.207,33.1197,46.6943,509155.7,5171203.1,DNIPRO_CORRIDOR,1.0,ZONE_4_DAM_TO_KHERSON_FLOODWAY,river,790.29,,,,0.012,0.4375,0.4607,0.0401,0.001,0.0434,0.0053,0.0179,0.3008,0.0855,10.68,5.72,8.01,9.61,9.73,1.76,10.52,0.151,0.0,0.849,no_data,5.5,True,4.0,0.0,2023-06-09,2.0,0.874,0.043,0.474,0.825,0.083,LATER_S1_NO_WATER_SIGNAL_VEGETATED,,RIVER_CONNECTED;LATER_S1_NO_WATER_SIGNAL_VEGETATED,
2023-06-07,682,836,RIVER_CONNECTED,2023-06-06,0.456,33.3293,46.7544,525150.2,5177928.1,DNIPRO_CORRIDOR,1.0,ZONE_4_DAM_TO_KHERSON_FLOODWAY,river,790.29,,,,0.0,0.5294,0.0675,0.0,0.0,0.2761,0.1271,0.0052,0.2917,0.0419,12.93,2.64,8.58,11.6,11.75,3.22,9.98,0.0,0.0,1.0,Kokan',1.3,True,4.0,0.0,2023-06-09,2.0,1.0,0.039,0.067,1.0,0.143,LATER_S1_NO_WATER_SIGNAL_VEGETATED,,RIVER_CONNECTED;LATER_S1_NO_WATER_SIGNAL_VEGETATED,
2023-06-07,744,913,RIVER_CONNECTED,2023-06-06,1.244,32.9655,46.7469,497362.0,5177038.2,DNIPRO_CORRIDOR,1.0,ZONE_4_DAM_TO_KHERSON_FLOODWAY,river,790.29,,,,0.0,0.635,0.3257,0.0267,0.0,0.0035,0.009,0.0001,0.1918,0.35,14.89,1.11,2.04,7.35,9.02,6.97,10.02,0.0,0.0,1.0,Dnipro,0.9,True,4.0,0.0,2023-06-09,2.0,1.0,0.145,0.326,1.0,0.405,LATER_S1_INCONCLUSIVE,,RIVER_CONNECTED;LATER_S1_INCONCLUSIVE,
2023-06-07,768,928,RIVER_CONNECTED,2023-06-06,0.561,32.7507,46.7457,480954.1,5176933.6,DNIPRO_CORRIDOR,0.426,ZONE_4_DAM_TO_KHERSON_FLOODWAY,river,790.29,,,,0.0905,0.3671,0.2495,0.283,0.0,0.0,0.01,0.0,0.148,0.4417,27.8,1.01,2.85,5.45,5.73,2.89,5.44,0.0,0.0,1.0,Inhulets,0.4,True,4.0,0.0,2023-06-09,2.0,1.0,0.391,0.34,1.0,0.505,LATER_S1_WATER,,RIVER_CONNECTED;LATER_S1_WATER,
2023-06-07,769,929,RIVER_CONNECTED,2023-06-06,0.354,32.7946,46.7461,484311.2,5176967.7,DNIPRO_CORRIDOR,1.0,ZONE_4_DAM_TO_KHERSON_FLOODWAY,river,790.29,,,,0.0034,0.2088,0.6332,0.0124,0.0,0.114,0.0282,0.0001,0.0963,0.5286,28.66,1.08,2.4,4.88,5.36,2.82,4.55,0.0,0.0,1.0,Inhulets,0.5,True,4.0,0.0,2023-06-09,2.0,1.0,0.402,0.637,1.0,0.599,LATER_S1_WATER,,RIVER_CONNECTED;LATER_S1_WATER,
2023-06-07,1114,1317,RIVER_CONNECTED,2023-06-06,0.401,32.7831,46.7199,483423.6,5174061.0,DNIPRO_CORRIDOR,1.0,ZONE_4_DAM_TO_KHERSON_FLOODWAY,river,790.29,,,,0.1067,0.1585,0.6899,0.0169,0.0,0.0279,0.0,0.0,0.0889,0.4769,24.7,1.13,3.43,5.89,6.2,2.77,5.31,0.0,0.0,1.0,Inhulets,0.8,True,4.0,0.0,2023-06-09,2.0,1.0,0.3,0.797,1.0,0.365,LATER_S1_WATER,,RIVER_CONNECTED;LATER_S1_WATER,
2023-06-07,1149,2112,RIVER_CONNECTED,2023-06-06,85.674,32.6943,46.5789,476573.5,5158415.4,DNIPRO_CORRIDOR,1.0,ZONE_2_KHERSON_DELTA,river,790.29,,,,0.0201,0.1837,0.3195,0.3501,0.0026,0.1161,0.0056,0.0024,0.214,0.0429,4.29,0.71,2.25,6.38,3.66,1.57,8.77,0.051,0.0,0.949,Dnipro,5.5,True,4.0,0.0,2023-06-09,2.0,0.996,0.4,0.342,0.998,0.472,LATER_S1_WATER,,RIVER_CONNECTED;LATER_S1_WATER,
2023-06-07,1429,1717,RIVER_CONNECTED,2023-06-06,6.666,32.5589,46.6483,466246.1,5166179.4,DNIPRO_CORRIDOR,1.0,ZONE_2_KHERSON_DELTA,river,790.29,,,,0.0085,0.0842,0.2498,0.3708,0.0047,0.2773,0.0045,0.0009,0.1164,0.1281,19.41,0.74,2.36,4.72,5.65,1.89,5.52,0.0,0.0,1.0,gauge,4.9,True,4.0,0.0,2023-06-09,2.0,1.0,0.365,0.263,1.0,0.22,LATER_S1_WATER,,RIVER_CONNECTED;LATER_S1_WATER,
2023-06-07,1500,1706,ISOLATED_NEVER,,40.734,33.2538,46.6414,519421.3,5165352.2,DNIPRO_CORRIDOR,1.0,ZONE_4_DAM_TO_KHERSON_FLOODWAY,isolated,40.74,4.0,0.0032,10.61,0.8231,0.0578,0.0583,0.0031,0.0,0.0576,0.0,0.0001,0.0767,0.7165,12.29,9.19,9.86,11.15,11.37,1.5,3.76,0.969,0.0,0.031,Kokan',13.6,,,2522.0,2023-06-09,2.0,0.255,0.0,0.881,0.267,0.0,LATER_S1_INCONCLUSIVE,,ISOLATED_NEVER;LATER_S1_INCONCLUSIVE;WEAK_SURFACE,
2023-06-07,1513,1722,RIVER_CONNECTED,2023-06-06,1.235,32.6858,46.6672,475968.4,5168231.4,DNIPRO_CORRIDOR,1.0,ZONE_2_KHERSON_DELTA,river,790.29,,,,0.0055,0.08,0.1885,0.4603,0.0275,0.2157,0.0113,0.0011,0.1608,0.088,16.83,0.71,1.25,3.86,4.8,3.55,5.46,0.0,0.0,1.0,no_data,0.7,True,4.0,0.0,2023-06-09,2.0,0.978,0.62,0.222,1.0,0.627,LATER_S1_WATER,,RIVER_CONNECTED;LATER_S1_WATER,
2023-06-07,1565,1775,RIVER_CONNECTED,2023-06-06,1.191,32.7208,46.6512,478633.6,5166443.7,DNIPRO_CORRIDOR,1.0,ZONE_4_DAM_TO_KHERSON_FLOODWAY,river,790.29,,,,0.0,0.2865,0.0568,0.3907,0.0007,0.2496,0.0158,0.0008,0.162,0.0013,0.47,0.75,1.3,3.95,4.98,3.73,6.26,0.0,0.0,1.0,Dnipro,1.0,True,4.0,0.0,2023-06-09,2.0,1.0,0.119,0.057,1.0,0.0,LATER_S1_INCONCLUSIVE,,RIVER_CONNECTED;LATER_S1_INCONCLUSIVE,
2023-06-07,1638,1825,ISOLATED_NEVER,,1.648,33.3422,46.6499,526184.7,5166311.9,DNIPRO_CORRIDOR,1.0,ZONE_4_DAM_TO_KHERSON_FLOODWAY,isolated,1.95,1.0,1.7808,8.37,0.5308,0.1214,0.1995,0.0811,0.0,0.0629,0.0044,0.0001,0.07,0.6988,13.01,9.12,11.11,11.56,11.56,0.45,3.81,1.0,0.0,0.0,Kokan',12.5,,,9924.0,2023-06-09,2.0,0.006,0.0,0.73,0.0,,S1_UNOBSERVED,,ISOLATED_NEVER;S1_UNOBSERVED;WEAK_SURFACE,
2023-06-07,1767,1963,RIVER_CONNECTED,2023-06-06,1.65,32.4473,46.6436,457700.1,5165703.5,DNIPRO_CORRIDOR,1.0,ZONE_2_KHERSON_DELTA,river,790.29,,,,0.0097,0.0519,0.2685,0.6163,0.0,0.047,0.0065,0.0001,0.0231,0.5118,15.75,0.65,1.11,2.46,2.74,1.62,2.99,0.0,0.0,1.0,Dnipro,7.4,True,4.0,0.0,2023-06-09,2.0,1.0,0.651,0.278,1.0,0.544,LATER_S1_WATER,,RIVER_CONNECTED;LATER_S1_WATER,
2023-06-07,1820,2011,RIVER_CONNECTED,2023-06-06,0.53,32.649,46.6366,473132.3,5164841.6,DNIPRO_CORRIDOR,1.0,ZONE_2_KHERSON_DELTA,river,790.29,,,,0.0,0.0038,0.0045,0.9872,0.0,0.0,0.0045,0.0014,0.1477,0.0002,0.57,0.68,0.83,1.1,4.25,3.36,4.37,0.0,0.0,1.0,no_data,0.5,True,4.0,0.0,2023-06-09,2.0,1.0,0.846,0.005,1.0,0.0,LATER_S1_WATER,,RIVER_CONNECTED;LATER_S1_WATER,
2023-06-07,1857,2019,ISOLATED_NEVER,,1.724,33.3185,46.6343,524382.1,5164570.3,DNIPRO_CORRIDOR,1.0,ZONE_4_DAM_TO_KHERSON_FLOODWAY,isolated,1.88,1.0,0.1572,8.38,0.4552,0.1418,0.0979,0.2995,0.0,0.0,0.0056,0.0,0.0553,0.8174,12.59,8.64,9.64,11.05,11.14,1.5,3.19,1.0,0.0,0.0,Kokan',14.2,,,10018.0,2023-06-09,2.0,0.0,0.0,0.553,0.0,,S1_UNOBSERVED,,ISOLATED_NEVER;S1_UNOBSERVED;WEAK_SURFACE,
2023-06-07,2016,2220,RIVER_CONNECTED,2023-06-06,4.901,32.5791,46.6127,467766.8,5162216.0,DNIPRO_CORRIDOR,1.0,ZONE_2_KHERSON_DELTA,river,790.29,,,,0.0008,0.1525,0.0882,0.0854,0.0081,0.6398,0.0251,0.0005,0.1242,0.0004,0.3,0.7,1.79,3.18,3.37,1.48,3.97,0.0,0.0,1.0,Dnipro,1.0,True,4.0,0.0,2023-06-09,2.0,1.0,0.107,0.097,1.0,0.278,LATER_S1_INCONCLUSIVE,,RIVER_CONNECTED;LATER_S1_INCONCLUSIVE,
2023-06-07,2079,2285,RIVER_CONNECTED,2023-06-06,0.324,32.5476,46.6156,465363.0,5162543.7,DNIPRO_CORRIDOR,1.0,ZONE_2_KHERSON_DELTA,river,790.29,,,,0.0,0.2959,0.0,0.6893,0.0,0.0,0.0148,0.0023,0.0861,0.0043,0.26,0.53,0.79,1.59,2.84,2.05,3.1,0.0,0.0,1.0,Dnipro,2.2,True,4.0,0.0,2023-06-09,2.0,1.0,0.39,0.0,0.0,,LATER_S1_WATER,,RIVER_CONNECTED;LATER_S1_WATER,
2023-06-07,2112,2318,ISOLATED_NEVER,,0.36,33.3074,46.6152,523535.3,5162453.5,DNIPRO_CORRIDOR,1.0,ZONE_4_DAM_TO_KHERSON_FLOODWAY,isolated,0.36,1.0,0.0004,9.72,0.0178,0.0544,0.1831,0.7436,0.0,0.0,0.0011,0.0,0.0711,0.7951,13.04,9.68,9.95,11.1,11.6,1.4,2.39,1.0,0.0,0.0,Kokan',16.3,,,9998.0,2023-06-09,2.0,0.0,0.0,0.201,0.0,,S1_UNOBSERVED,,ISOLATED_NEVER;S1_UNOBSERVED;WEAK_SURFACE,
2023-06-07,2145,2351,RIVER_CONNECTED,2023-06-06,0.525,32.4878,46.6094,460778.6,5161884.9,DNIPRO_CORRIDOR,1.0,ZONE_2_KHERSON_DELTA,river,790.29,,,,0.0,0.115,0.0,0.8644,0.0,0.0,0.0206,0.0001,0.0438,0.0677,0.21,0.55,0.79,1.39,2.69,1.95,2.39,0.0,0.0,1.0,Dnipro,2.6,True,4.0,0.0,2023-06-09,2.0,1.0,0.439,0.0,0.0,,LATER_S1_WATER,,RIVER_CONNECTED;LATER_S1_WATER,
2023-06-07,2192,2401,RIVER_CONNECTED,2023-06-06,0.425,32.6143,46.6086,470466.5,5161738.0,DNIPRO_CORRIDOR,1.0,ZONE_2_KHERSON_DELTA,river,790.29,,,,0.0019,0.4111,0.1515,0.4055,0.0,0.0103,0.0198,0.0001,0.1346,0.0,0.33,0.68,1.17,1.93,3.39,2.2,3.73,0.0,0.0,1.0,Dnipro,0.6,True,4.0,0.0,2023-06-09,2.0,1.0,0.141,0.153,1.0,0.049,LATER_S1_INCONCLUSIVE,,RIVER_CONNECTED;LATER_S1_INCONCLUSIVE,
2023-06-07,2348,2560,RIVER_CONNECTED,2023-06-06,0.363,32.4964,46.5953,461423.5,5160317.7,DNIPRO_CORRIDOR,1.0,ZONE_2_KHERSON_DELTA,river,790.29,,,,0.0,0.0,0.0,1.0,0.0,0.0,0.0,0.0001,0.0576,0.0215,0.19,0.55,0.63,0.83,2.37,1.8,2.17,0.0,0.0,1.0,Dnipro,0.9,True,4.0,0.0,2023-06-09,2.0,1.0,0.982,0.0,0.0,,LATER_S1_WATER,,RIVER_CONNECTED;LATER_S1_WATER,
2023-06-07,2362,2574,ISOLATED_NEVER,,1.445,33.2878,46.5934,522048.4,5160026.6,DNIPRO_CORRIDOR,1.0,ZONE_4_DAM_TO_KHERSON_FLOODWAY,isolated,2.76,2.0,1.734,10.88,0.0072,0.3544,0.1592,0.4781,0.0,0.0,0.0011,0.0,0.0512,0.8517,13.15,9.14,9.68,11.25,11.46,1.78,2.88,1.0,0.0,0.0,Kokan',18.7,,,9177.0,2023-06-09,2.0,0.0,0.0,0.166,0.0,,S1_UNOBSERVED,,ISOLATED_NEVER;S1_UNOBSERVED;WEAK_SURFACE,
2023-06-07,2493,2704,RIVER_CONNECTED,2023-06-06,0.797,32.5678,46.5817,466885.7,5158767.9,DNIPRO_CORRIDOR,1.0,ZONE_2_KHERSON_DELTA,river,790.29,,,,0.0,0.1069,0.0,0.8886,0.0,0.0035,0.001,0.0001,0.1324,0.0001,0.14,0.19,0.71,1.17,3.35,2.67,3.71,0.0,0.0,1.0,Dnipro,1.6,True,4.0,0.0,2023-06-09,2.0,1.0,0.665,0.0,0.0,,LATER_S1_WATER,,RIVER_CONNECTED;LATER_S1_WATER,
2023-06-07,2878,3187,RIVER_CONNECTED,2023-06-06,0.419,32.5038,46.5522,461965.1,5155526.1,DNIPRO_CORRIDOR,1.0,ZONE_2_KHERSON_DELTA,river,790.29,,,,0.0,0.0621,0.1375,0.7536,0.0,0.0468,0.0,0.0005,0.0928,0.0,0.22,0.5,0.62,1.04,1.16,0.55,1.74,0.0,0.0,1.0,Dnipro,3.0,True,4.0,0.0,2023-06-09,2.0,1.0,0.764,0.138,1.0,0.861,LATER_S1_WATER,,RIVER_CONNECTED;LATER_S1_WATER,
2023-06-07,3020,3284,RIVER_CONNECTED,2023-06-06,0.258,32.5366,46.5429,464468.2,5154473.1,DNIPRO_CORRIDOR,1.0,ZONE_2_KHERSON_DELTA,river,790.29,,,,0.0,0.0743,0.0712,0.8142,0.0,0.0325,0.0077,0.0058,0.1254,0.0027,0.34,0.08,0.66,1.08,1.26,0.67,3.15,0.0,0.0,1.0,Dnipro,5.4,True,4.0,0.0,2023-06-09,2.0,1.0,0.324,0.071,1.0,0.457,LATER_S1_WATER,,RIVER_CONNECTED;LATER_S1_WATER,
2023-06-07,0,0,RIVER_CONNECTED,,22.777,,,,,specks < min_km2,,,,,,,,,,,,,,,,,,,,,,,,,,,,,,,,,,,,,,,,,,RIVER_CONNECTED;SPECKS_AGGREGATED,3018.0
2023-06-07,0,0,ISOLATED_NEVER,,1.179,,,,,specks < min_km2,,,,,,,,,,,,,,,,,,,,,,,,,,,,,,,,,,,,,,,,,,ISOLATED_NEVER;SPECKS_AGGREGATED,80.0
2023-06-08,1,1,RIVER_CONNECTED,2023-06-06,18.958,32.9452,47.1265,495841.9,5219218.4,INHULETS_VALLEY_rect,1.0,ZONE_4_DAM_TO_KHERSON_FLOODWAY,river,806.63,,,,0.5215,0.0707,0.2946,0.0237,0.0,0.0104,0.0791,0.0,0.0575,0.5943,45.18,2.0,4.07,7.98,9.78,3.4,10.36,0.463,0.537,0.0,Dnipro,40.0,True,4.0,0.0,2023-06-09,1.0,0.0,0.0,0.816,0.0,,S1_UNOBSERVED,,RIVER_CONNECTED;S1_UNOBSERVED,
2023-06-08,4,16,RIVER_CONNECTED,2023-06-06,4.03,32.8674,47.0862,489935.0,5214752.1,INHULETS_VALLEY_rect,1.0,ZONE_4_DAM_TO_KHERSON_FLOODWAY,river,806.63,,,,0.5876,0.0194,0.2717,0.0829,0.0,0.0086,0.0299,0.0001,0.0883,0.4397,34.25,1.75,2.78,4.87,5.82,3.04,5.17,1.0,0.0,0.0,Inhulets,35.6,True,4.0,0.0,2023-06-09,1.0,0.0,0.0,0.859,0.0,,S1_UNOBSERVED,,RIVER_CONNECTED;S1_UNOBSERVED;WEAK_SURFACE,
2023-06-08,14,36,RIVER_CONNECTED,2023-06-06,3.982,32.8438,47.0743,488144.5,5213429.3,INHULETS_VALLEY_rect,1.0,ZONE_4_DAM_TO_KHERSON_FLOODWAY,river,806.63,,,,0.5541,0.0558,0.3418,0.0055,0.0,0.0198,0.023,0.0001,0.0926,0.4498,33.63,1.51,2.42,5.08,5.82,3.4,4.91,1.0,0.0,0.0,Inhulets,34.5,True,4.0,0.0,2023-06-09,1.0,0.0,0.0,0.896,0.0,,S1_UNOBSERVED,,RIVER_CONNECTED;S1_UNOBSERVED;WEAK_SURFACE,
2023-06-08,20,63,RIVER_CONNECTED,2023-06-06,0.835,32.8289,47.0486,487002.0,5210577.4,INHULETS_VALLEY_rect,1.0,ZONE_4_DAM_TO_KHERSON_FLOODWAY,river,806.63,,,,0.4054,0.0172,0.5184,0.0335,0.0,0.0038,0.0216,0.0001,0.0817,0.3884,29.81,1.47,2.12,5.34,5.82,3.7,4.76,1.0,0.0,0.0,Inhulets,31.0,True,4.0,0.0,2023-06-09,1.0,0.0,0.0,0.924,0.0,,S1_UNOBSERVED,,RIVER_CONNECTED;S1_UNOBSERVED;WEAK_SURFACE,
2023-06-08,21,70,RIVER_CONNECTED,2023-06-06,0.977,32.8394,47.0402,487803.1,5209648.3,INHULETS_VALLEY_rect,1.0,ZONE_4_DAM_TO_KHERSON_FLOODWAY,river,806.63,,,,0.5612,0.0332,0.3488,0.0229,0.0,0.0172,0.0168,0.0001,0.0784,0.4319,28.96,1.3,2.13,5.07,5.82,3.69,4.77,1.0,0.0,0.0,Inhulets,30.3,True,4.0,0.0,2023-06-09,1.0,0.0,0.0,0.91,0.0,,S1_UNOBSERVED,,RIVER_CONNECTED;S1_UNOBSERVED;WEAK_SURFACE,
2023-06-08,28,81,RIVER_CONNECTED,2023-06-06,1.904,32.8332,47.0261,487328.1,5208074.8,INHULETS_VALLEY_rect,1.0,ZONE_4_DAM_TO_KHERSON_FLOODWAY,river,806.63,,,,0.0168,0.0651,0.5921,0.1813,0.0,0.0448,0.0998,0.0001,0.0733,0.4936,32.41,1.24,2.21,5.3,5.82,3.61,5.04,1.0,0.0,0.0,Inhulets,28.8,True,4.0,0.0,2023-06-09,1.0,0.943,0.649,0.609,0.927,0.752,LATER_S1_WATER,,RIVER_CONNECTED;LATER_S1_WATER;WEAK_SURFACE,
2023-06-08,39,97,RIVER_CONNECTED,2023-06-06,1.248,32.8297,47.0162,487060.3,5206980.2,INHULETS_VALLEY_rect,1.0,ZONE_4_DAM_TO_KHERSON_FLOODWAY,river,806.63,,,,0.7433,0.0003,0.2263,0.0029,0.0,0.0,0.0272,0.0001,0.0576,0.3878,26.4,1.2,1.72,2.86,5.82,4.09,4.81,1.0,0.0,0.0,Inhulets,27.6,True,4.0,0.0,2023-06-09,1.0,1.0,0.957,0.97,1.0,0.971,LATER_S1_WATER,,RIVER_CONNECTED;LATER_S1_WATER;WEAK_SURFACE,
2023-06-08,45,115,RIVER_CONNECTED,2023-06-06,0.718,32.8249,47.0059,486692.3,5205829.7,INHULETS_VALLEY_rect,1.0,ZONE_4_DAM_TO_KHERSON_FLOODWAY,river,806.63,,,,0.5565,0.0084,0.371,0.0345,0.0,0.0022,0.0273,0.0001,0.0694,0.39,31.47,1.11,1.52,4.84,5.82,4.3,5.14,1.0,0.0,0.0,Inhulets,26.4,True,4.0,0.0,2023-06-09,1.0,1.0,0.893,0.928,1.0,0.913,LATER_S1_WATER,,RIVER_CONNECTED;LATER_S1_WATER;WEAK_SURFACE,
2023-06-08,48,119,RIVER_CONNECTED,2023-06-06,1.815,32.8065,47.0,485285.3,5205187.5,INHULETS_VALLEY_rect,1.0,ZONE_4_DAM_TO_KHERSON_FLOODWAY,river,806.63,,,,0.1529,0.0262,0.7627,0.0013,0.0,0.0452,0.0117,0.0,0.0621,0.513,40.25,1.09,1.4,4.84,5.82,4.42,5.48,1.0,0.0,0.0,Inhulets,25.5,True,4.0,0.0,2023-06-09,1.0,1.0,0.858,0.916,1.0,0.927,LATER_S1_WATER,,RIVER_CONNECTED;LATER_S1_WATER;WEAK_SURFACE,
2023-06-08,84,158,RIVER_CONNECTED,2023-06-06,1.338,32.8231,46.9854,486549.7,5203553.6,INHULETS_VALLEY_rect,1.0,ZONE_4_DAM_TO_KHERSON_FLOODWAY,river,806.63,,,,0.376,0.0003,0.6115,0.0012,0.0,0.0,0.0111,0.0,0.0467,0.5553,37.78,1.08,1.5,4.48,5.82,4.32,5.31,1.0,0.0,0.0,Inhulets,24.0,True,4.0,0.0,2023-06-09,1.0,1.0,0.904,0.987,1.0,0.91,LATER_S1_WATER,,RIVER_CONNECTED;LATER_S1_WATER;WEAK_SURFACE,
2023-06-08,93,171,RIVER_CONNECTED,2023-06-06,0.892,32.8119,46.973,485694.2,5202179.4,INHULETS_VALLEY_rect,1.0,ZONE_4_DAM_TO_KHERSON_FLOODWAY,river,806.63,,,,0.1045,0.2206,0.5139,0.1247,0.0,0.0,0.0363,0.0,0.0352,0.5451,33.84,1.14,2.21,5.2,5.82,3.6,5.69,1.0,0.0,0.0,Inhulets,22.5,True,4.0,0.0,2023-06-09,1.0,1.0,0.8,0.618,1.0,0.885,LATER_S1_WATER,,RIVER_CONNECTED;LATER_S1_WATER;WEAK_SURFACE,
2023-06-08,112,193,RIVER_CONNECTED,2023-06-06,1.742,32.8125,46.9543,485736.7,5200108.0,INHULETS_VALLEY_rect,1.0,ZONE_4_DAM_TO_KHERSON_FLOODWAY,river,806.63,,,,0.0411,0.0117,0.6892,0.2394,0.0,0.0041,0.0145,0.0,0.0401,0.5886,36.49,0.8,1.54,5.09,5.82,4.28,5.62,1.0,0.0,0.0,Inhulets,20.5,True,4.0,0.0,2023-06-09,1.0,1.0,0.862,0.73,1.0,0.859,LATER_S1_WATER,,RIVER_CONNECTED;LATER_S1_WATER;WEAK_SURFACE,
2023-06-08,120,215,RIVER_CONNECTED,2023-06-06,0.79,32.7964,46.9446,484502.2,5199031.7,INHULETS_VALLEY_rect,1.0,ZONE_4_DAM_TO_KHERSON_FLOODWAY,river,806.63,,,,0.0284,0.0096,0.9438,0.0015,0.0,0.002,0.0147,0.0001,0.0425,0.4805,31.17,1.09,1.58,4.96,5.82,4.23,4.91,1.0,0.0,0.0,Inhulets,19.4,True,4.0,0.0,2023-06-09,1.0,1.0,0.925,0.972,1.0,0.936,LATER_S1_WATER,,RIVER_CONNECTED;LATER_S1_WATER;WEAK_SURFACE,
2023-06-08,127,238,RIVER_CONNECTED,2023-06-06,1.06,32.8266,46.9276,486803.0,5197135.0,INHULETS_VALLEY_rect,1.0,ZONE_4_DAM_TO_KHERSON_FLOODWAY,river,806.63,,,,0.3152,0.1401,0.4035,0.1333,0.0,0.0034,0.0045,0.0001,0.0536,0.4808,31.78,1.09,1.85,5.29,5.82,3.97,5.06,1.0,0.0,0.0,Inhulets,18.0,True,4.0,0.0,2023-06-09,1.0,1.0,0.532,0.719,1.0,0.6,LATER_S1_WATER,,RIVER_CONNECTED;LATER_S1_WATER;WEAK_SURFACE,
2023-06-08,138,261,RIVER_CONNECTED,2023-06-06,0.506,32.8167,46.9065,486036.6,5194789.5,INHULETS_VALLEY_rect,1.0,ZONE_4_DAM_TO_KHERSON_FLOODWAY,river,806.63,,,,0.0324,0.0174,0.8814,0.0435,0.0,0.0008,0.0245,0.0002,0.0523,0.532,34.93,1.1,1.81,5.25,5.82,4.01,5.24,1.0,0.0,0.0,Inhulets,15.4,True,4.0,0.0,2023-06-09,1.0,1.0,0.678,0.914,1.0,0.716,LATER_S1_WATER,,RIVER_CONNECTED;LATER_S1_WATER;WEAK_SURFACE,
2023-06-08,159,293,RIVER_CONNECTED,2023-06-06,0.354,32.8315,46.8905,487161.5,5193006.9,INHULETS_VALLEY_rect,1.0,ZONE_4_DAM_TO_KHERSON_FLOODWAY,river,806.63,,,,0.1106,0.0801,0.7957,0.0011,0.0,0.0068,0.0056,0.0002,0.0329,0.4855,30.26,1.14,3.07,5.5,5.82,2.75,4.77,1.0,0.0,0.0,Inhulets,14.1,True,4.0,0.0,2023-06-09,1.0,1.0,0.517,0.906,1.0,0.563,LATER_S1_WATER,,RIVER_CONNECTED;LATER_S1_WATER;WEAK_SURFACE,
2023-06-08,168,314,RIVER_CONNECTED,2023-06-06,0.472,32.8242,46.864,486600.0,5190067.2,INHULETS_VALLEY_rect,1.0,ZONE_4_DAM_TO_KHERSON_FLOODWAY,river,806.63,,,,0.116,0.0898,0.7409,0.0161,0.0,0.0279,0.0093,0.0,0.0288,0.6023,33.08,1.15,2.73,5.53,5.82,3.08,5.22,0.875,0.0,0.125,Inhulets,10.8,True,4.0,0.0,2023-06-09,1.0,1.0,0.588,0.857,1.0,0.672,LATER_S1_WATER,,RIVER_CONNECTED;LATER_S1_WATER;WEAK_SURFACE,
2023-06-08,177,321,RIVER_CONNECTED,2023-06-06,0.706,32.7989,46.8562,484667.2,5189205.2,INHULETS_VALLEY_rect,1.0,ZONE_4_DAM_TO_KHERSON_FLOODWAY,river,806.63,,,,0.1247,0.0935,0.7557,0.0,0.0,0.0238,0.0023,0.0,0.0349,0.5565,29.66,1.22,3.49,5.61,5.82,2.32,4.76,0.048,0.0,0.952,Inhulets,9.7,True,4.0,0.0,2023-06-09,1.0,1.0,0.644,0.88,1.0,0.731,LATER_S1_WATER,,RIVER_CONNECTED;LATER_S1_WATER,
2023-06-08,187,358,RIVER_CONNECTED,2023-06-06,0.973,32.7901,46.8315,483994.9,5186459.0,INHULETS_VALLEY_rect,1.0,ZONE_4_DAM_TO_KHERSON_FLOODWAY,river,806.63,,,,0.0559,0.1118,0.7664,0.0259,0.0,0.03,0.0099,0.0001,0.0417,0.5311,29.09,1.15,2.89,5.5,5.82,2.93,5.45,0.0,0.0,1.0,Inhulets,7.1,True,4.0,0.0,2023-06-09,1.0,1.0,0.559,0.822,1.0,0.653,LATER_S1_WATER,,RIVER_CONNECTED;LATER_S1_WATER,
2023-06-08,198,360,RIVER_CONNECTED,2023-06-06,0.971,33.2175,46.8146,516593.5,5184582.9,DNIPRO_CORRIDOR,0.988,ZONE_4_DAM_TO_KHERSON_FLOODWAY,river,806.63,,,,0.0,0.3869,0.2349,0.3601,0.0,0.0004,0.0177,0.0,0.1446,0.4578,35.45,1.78,3.29,9.24,10.18,6.9,9.42,0.0,0.0,1.0,Kokan',4.4,True,4.0,0.0,2023-06-09,1.0,1.0,0.442,0.235,1.0,0.428,LATER_S1_WATER,,RIVER_CONNECTED;LATER_S1_WATER,
2023-06-08,231,391,RIVER_CONNECTED,2023-06-06,0.252,33.3296,46.8146,525144.2,5184618.1,DNIPRO_CORRIDOR,1.0,ZONE_4_DAM_TO_KHERSON_FLOODWAY,river,806.63,,,,0.0032,0.5437,0.062,0.1081,0.0,0.0254,0.2576,0.0003,0.1007,0.3891,34.98,3.98,8.05,10.56,11.01,2.95,8.86,0.0,0.0,1.0,Kokan',5.1,True,4.0,0.0,2023-06-09,1.0,1.0,0.017,0.065,1.0,0.0,LATER_S1_NO_WATER_SIGNAL_VEGETATED,,RIVER_CONNECTED;LATER_S1_NO_WATER_SIGNAL_VEGETATED,
2023-06-08,237,413,RIVER_CONNECTED,2023-06-06,1.237,33.0383,46.7858,502925.4,5181365.3,INHULETS_VALLEY_rect,0.514,ZONE_4_DAM_TO_KHERSON_FLOODWAY,river,806.63,,,,0.0042,0.2629,0.5571,0.1248,0.0003,0.0352,0.0155,0.0026,0.0697,0.5235,30.93,1.45,4.9,8.82,9.16,4.25,8.83,0.0,0.514,0.486,Dnipro,4.4,True,4.0,0.0,2023-06-09,1.0,1.0,0.35,0.562,1.0,0.336,LATER_S1_WATER,,RIVER_CONNECTED;LATER_S1_WATER,
2023-06-08,239,412,RIVER_CONNECTED,2023-06-06,0.291,32.8176,46.8031,486082.9,5183296.7,INHULETS_VALLEY_rect,1.0,ZONE_4_DAM_TO_KHERSON_FLOODWAY,river,806.63,,,,0.0962,0.0865,0.5893,0.0082,0.0,0.2033,0.0165,0.0001,0.0386,0.4471,23.7,1.21,3.2,5.47,5.82,2.62,4.76,0.0,0.0,1.0,Inhulets,4.8,True,4.0,0.0,2023-06-09,1.0,1.0,0.32,0.685,1.0,0.451,LATER_S1_WATER,,RIVER_CONNECTED;LATER_S1_WATER,
2023-06-08,252,436,RIVER_CONNECTED,2023-06-06,1.045,33.3107,46.7824,523713.4,5181033.4,DNIPRO_CORRIDOR,1.0,ZONE_4_DAM_TO_KHERSON_FLOODWAY,river,806.63,,,,0.0,0.5038,0.2883,0.1179,0.0,0.0502,0.0398,0.0005,0.2721,0.184,12.58,1.94,3.32,9.62,10.64,7.45,9.69,0.0,0.0,1.0,Kokan',1.6,True,4.0,0.0,2023-06-09,1.0,1.0,0.327,0.288,1.0,0.429,LATER_S1_WATER,,RIVER_CONNECTED;LATER_S1_WATER,
2023-06-08,262,467,RIVER_CONNECTED,2023-06-06,0.321,32.8181,46.7808,486117.6,5180817.5,INHULETS_VALLEY_rect,1.0,ZONE_4_DAM_TO_KHERSON_FLOODWAY,river,806.63,,,,0.0461,0.2643,0.5773,0.0,0.0,0.1122,0.0,0.0001,0.0333,0.516,27.66,1.22,3.55,5.58,5.82,2.3,5.2,0.0,0.0,1.0,Inhulets,3.4,True,4.0,0.0,2023-06-09,1.0,1.0,0.468,0.623,1.0,0.714,LATER_S1_WATER,,RIVER_CONNECTED;LATER_S1_WATER,
2023-06-08,338,552,RIVER_CONNECTED,2023-06-06,0.452,33.2465,46.7805,518817.8,5180806.9,DNIPRO_CORRIDOR,1.0,ZONE_4_DAM_TO_KHERSON_FLOODWAY,river,806.63,,,,0.0,0.9699,0.0,0.0151,0.0,0.0,0.0151,0.0,0.3428,0.1069,0.98,1.77,2.47,5.73,10.34,7.87,8.71,0.0,0.0,1.0,Kokan',0.9,True,4.0,0.0,2023-06-09,1.0,1.0,0.005,0.0,0.0,,LATER_S1_NO_WATER_SIGNAL_VEGETATED,,RIVER_CONNECTED;LATER_S1_NO_WATER_SIGNAL_VEGETATED,
2023-06-08,390,693,RIVER_CONNECTED,2023-06-06,0.493,32.7948,46.7647,484334.6,5179035.3,DNIPRO_CORRIDOR,0.706,ZONE_4_DAM_TO_KHERSON_FLOODWAY,river,806.63,,,,0.2725,0.1914,0.5053,0.0146,0.0,0.0032,0.013,0.0001,0.085,0.4775,29.09,1.12,3.2,5.6,5.9,2.7,5.04,0.0,0.0,1.0,Inhulets,0.7,True,4.0,0.0,2023-06-09,1.0,1.0,0.569,0.778,1.0,0.709,LATER_S1_WATER,,RIVER_CONNECTED;LATER_S1_WATER,
2023-06-08,391,606,RIVER_CONNECTED,2023-06-06,0.896,33.1463,46.7779,511169.2,5180494.1,DNIPRO_CORRIDOR,1.0,ZONE_4_DAM_TO_KHERSON_FLOODWAY,river,806.63,,,,0.0022,0.0254,0.7768,0.1817,0.0,0.0031,0.0107,0.0001,0.1161,0.1574,1.67,1.47,2.24,3.54,9.81,7.57,9.19,0.0,0.0,1.0,Dnipro,0.5,True,4.0,0.0,2023-06-09,1.0,1.0,0.967,0.779,1.0,0.967,LATER_S1_WATER,,RIVER_CONNECTED;LATER_S1_WATER,
2023-06-08,428,647,RIVER_CONNECTED,2023-06-06,1.188,33.1745,46.7719,513321.6,5179826.6,DNIPRO_CORRIDOR,1.0,ZONE_4_DAM_TO_KHERSON_FLOODWAY,river,806.63,,,,0.0,0.0758,0.8609,0.0441,0.0,0.004,0.0152,0.0001,0.2187,0.0363,1.45,1.62,3.08,3.81,9.82,6.78,8.61,0.0,0.0,1.0,Dnipro,1.0,True,4.0,0.0,2023-06-09,1.0,1.0,0.92,0.861,1.0,0.953,LATER_S1_WATER,,RIVER_CONNECTED;LATER_S1_WATER,
2023-06-08,446,665,RIVER_CONNECTED,2023-06-06,0.376,33.3319,46.7739,525337.2,5180096.3,DNIPRO_CORRIDOR,1.0,ZONE_4_DAM_TO_KHERSON_FLOODWAY,river,806.63,,,,0.0,0.516,0.4053,0.0734,0.0,0.0,0.0053,0.0006,0.2926,0.037,1.75,1.97,3.16,4.29,10.97,7.82,9.13,0.0,0.0,1.0,Kokan',0.8,True,4.0,0.0,2023-06-09,1.0,1.0,0.316,0.405,1.0,0.661,LATER_S1_WATER,,RIVER_CONNECTED;LATER_S1_WATER,
2023-06-08,466,692,RIVER_CONNECTED,2023-06-06,0.396,33.3378,46.768,525788.8,5179444.2,DNIPRO_CORRIDOR,1.0,ZONE_4_DAM_TO_KHERSON_FLOODWAY,river,806.63,,,,0.0,0.6242,0.3364,0.0354,0.0,0.0,0.004,0.0014,0.2678,0.0227,5.46,1.95,2.87,4.32,11.01,8.1,9.34,0.0,0.0,1.0,Kokan',0.4,True,4.0,0.0,2023-06-09,1.0,1.0,0.527,0.336,1.0,0.784,LATER_S1_WATER,,RIVER_CONNECTED;LATER_S1_WATER,
2023-06-08,489,717,RIVER_CONNECTED,2023-06-06,0.364,33.0627,46.7624,504787.5,5178768.2,DNIPRO_CORRIDOR,1.0,ZONE_4_DAM_TO_KHERSON_FLOODWAY,river,806.63,,,,0.0,0.0472,0.9155,0.0187,0.0,0.0121,0.0066,0.0004,0.1355,0.2986,13.99,1.43,2.69,8.59,9.16,6.45,8.81,0.0,0.0,1.0,Dnipro,0.8,True,4.0,0.0,2023-06-09,1.0,1.0,0.629,0.915,1.0,0.647,LATER_S1_WATER,,RIVER_CONNECTED;LATER_S1_WATER,
2023-06-08,532,886,RIVER_CONNECTED,2023-06-06,0.427,32.9227,46.7583,494096.4,5178305.3,DNIPRO_CORRIDOR,1.0,ZONE_4_DAM_TO_KHERSON_FLOODWAY,river,806.63,,,,0.2821,0.1275,0.493,0.0947,0.0,0.0028,0.0,0.0,0.1801,0.4446,23.86,2.53,5.51,7.94,8.33,2.82,6.96,0.0,0.0,1.0,Inhulets,1.7,True,4.0,0.0,2023-06-09,1.0,1.0,0.425,0.775,1.0,0.432,LATER_S1_WATER,,RIVER_CONNECTED;LATER_S1_WATER,
2023-06-08,571,2112,RIVER_CONNECTED,2023-06-06,173.643,32.8781,46.6286,490665.7,5163895.9,DNIPRO_CORRIDOR,1.0,ZONE_4_DAM_TO_KHERSON_FLOODWAY,river,806.63,,,,0.016,0.2842,0.4073,0.1953,0.0021,0.0888,0.0051,0.0116,0.2528,0.0588,8.56,0.88,4.78,8.67,6.97,1.65,9.66,0.083,0.0,0.917,Dnipro,5.7,True,4.0,0.0,2023-06-09,1.0,0.957,0.237,0.425,0.938,0.266,LATER_S1_WATER,,RIVER_CONNECTED;LATER_S1_WATER,
2023-06-08,598,836,RIVER_CONNECTED,2023-06-06,0.344,33.3311,46.7548,525289.1,5177968.6,DNIPRO_CORRIDOR,1.0,ZONE_4_DAM_TO_KHERSON_FLOODWAY,river,806.63,,,,0.0,0.5279,0.0651,0.0,0.0,0.2651,0.1419,0.0057,0.3001,0.0134,12.76,2.47,7.57,10.58,10.89,3.24,9.02,0.0,0.0,1.0,Kokan',1.3,True,4.0,0.0,2023-06-09,1.0,1.0,0.049,0.065,1.0,0.196,LATER_S1_NO_WATER_SIGNAL_VEGETATED,,RIVER_CONNECTED;LATER_S1_NO_WATER_SIGNAL_VEGETATED,
2023-06-08,658,913,RIVER_CONNECTED,2023-06-06,1.227,32.9654,46.7468,497357.4,5177031.6,DNIPRO_CORRIDOR,1.0,ZONE_4_DAM_TO_KHERSON_FLOODWAY,river,806.63,,,,0.0,0.6392,0.3217,0.0271,0.0,0.0029,0.0091,0.0001,0.1926,0.3482,14.67,1.11,2.0,6.9,8.54,6.53,9.57,0.0,0.0,1.0,Dnipro,0.9,True,4.0,0.0,2023-06-09,1.0,1.0,0.147,0.322,1.0,0.415,LATER_S1_INCONCLUSIVE,,RIVER_CONNECTED;LATER_S1_INCONCLUSIVE,
2023-06-08,679,929,RIVER_CONNECTED,2023-06-06,0.414,32.7946,46.7462,484310.4,5176979.7,DNIPRO_CORRIDOR,1.0,ZONE_4_DAM_TO_KHERSON_FLOODWAY,river,806.63,,,,0.0058,0.2432,0.5878,0.0106,0.0,0.1226,0.0299,0.0001,0.0948,0.53,28.68,1.11,2.69,5.82,6.24,3.47,5.35,0.0,0.0,1.0,Inhulets,0.5,True,4.0,0.0,2023-06-09,1.0,1.0,0.346,0.594,1.0,0.553,LATER_S1_WATER,,RIVER_CONNECTED;LATER_S1_WATER,
2023-06-08,680,928,RIVER_CONNECTED,2023-06-06,1.072,32.7639,46.7353,481961.0,5175772.2,DNIPRO_CORRIDOR,0.663,ZONE_4_DAM_TO_KHERSON_FLOODWAY,river,806.63,,,,0.1236,0.2777,0.4255,0.1545,0.0,0.0123,0.0063,0.0,0.1301,0.4448,27.86,1.05,3.42,6.23,6.52,3.1,6.12,0.0,0.0,1.0,Inhulets,0.5,True,4.0,0.0,2023-06-09,1.0,1.0,0.32,0.549,1.0,0.367,LATER_S1_WATER,,RIVER_CONNECTED;LATER_S1_WATER,
2023-06-08,1166,1480,RIVER_CONNECTED,2023-06-06,0.297,32.8084,46.7077,485354.5,5172695.8,DNIPRO_CORRIDOR,1.0,ZONE_4_DAM_TO_KHERSON_FLOODWAY,river,806.63,,,,0.0,0.3271,0.3647,0.0148,0.0,0.1682,0.1252,0.0,0.1298,0.4032,21.92,1.31,4.68,6.52,6.74,2.04,6.31,0.0,0.0,1.0,Inhulets,0.2,True,4.0,0.0,2023-06-09,1.0,1.0,0.162,0.365,1.0,0.31,LATER_S1_INCONCLUSIVE,,RIVER_CONNECTED;LATER_S1_INCONCLUSIVE,
2023-06-08,1319,1717,RIVER_CONNECTED,2023-06-06,6.985,32.5599,46.6486,466319.7,5166206.7,DNIPRO_CORRIDOR,1.0,ZONE_2_KHERSON_DELTA,river,806.63,,,,0.0086,0.0865,0.2468,0.3539,0.0046,0.2953,0.0043,0.0009,0.1141,0.1271,19.33,0.76,2.43,4.84,5.77,2.01,5.64,0.0,0.0,1.0,gauge,4.9,True,4.0,0.0,2023-06-09,1.0,1.0,0.348,0.26,1.0,0.213,LATER_S1_WATER,,RIVER_CONNECTED;LATER_S1_WATER,
2023-06-08,1399,1706,ISOLATED_NEVER,,32.033,33.2519,46.6398,519282.1,5165170.7,DNIPRO_CORRIDOR,1.0,ZONE_4_DAM_TO_KHERSON_FLOODWAY,isolated,32.03,2.0,0.0012,9.87,0.842,0.06,0.0437,0.0014,0.0,0.0529,0.0001,0.0,0.0682,0.7234,11.99,9.08,9.75,10.33,10.48,0.73,2.82,0.997,0.0,0.003,Kokan',13.9,,,2729.0,2023-06-09,1.0,0.184,0.0,0.886,0.189,0.0,S1_UNOBSERVED,,ISOLATED_NEVER;S1_UNOBSERVED;WEAK_SURFACE,
2023-06-08,1405,1722,RIVER_CONNECTED,2023-06-06,1.269,32.6856,46.6672,475953.1,5168229.0,DNIPRO_CORRIDOR,1.0,ZONE_2_KHERSON_DELTA,river,806.63,,,,0.0054,0.0826,0.1841,0.4478,0.0268,0.2316,0.011,0.0011,0.1607,0.0884,17.04,0.71,1.28,4.39,5.37,4.09,6.02,0.0,0.0,1.0,no_data,0.7,True,4.0,0.0,2023-06-09,1.0,0.978,0.603,0.216,1.0,0.625,LATER_S1_WATER,,RIVER_CONNECTED;LATER_S1_WATER,
2023-06-08,1457,1775,RIVER_CONNECTED,2023-06-06,1.2,32.7208,46.6511,478634.5,5166436.1,DNIPRO_CORRIDOR,1.0,ZONE_4_DAM_TO_KHERSON_FLOODWAY,river,806.63,,,,0.0,0.2842,0.0586,0.3875,0.0007,0.2532,0.0157,0.0008,0.1621,0.0013,0.47,0.75,1.31,4.07,5.6,4.31,6.62,0.0,0.0,1.0,Dnipro,1.0,True,4.0,0.0,2023-06-09,1.0,1.0,0.118,0.059,1.0,0.0,LATER_S1_INCONCLUSIVE,,RIVER_CONNECTED;LATER_S1_INCONCLUSIVE,
2023-06-08,1651,1963,RIVER_CONNECTED,2023-06-06,1.706,32.4472,46.6436,457697.7,5165711.8,DNIPRO_CORRIDOR,1.0,ZONE_2_KHERSON_DELTA,river,806.63,,,,0.0155,0.0509,0.2783,0.5993,0.0,0.0497,0.0063,0.0001,0.0231,0.5134,15.89,0.65,1.14,2.62,2.92,1.76,3.17,0.0,0.0,1.0,Dnipro,7.5,True,4.0,0.0,2023-06-09,1.0,1.0,0.645,0.294,1.0,0.542,LATER_S1_WATER,,RIVER_CONNECTED;LATER_S1_WATER,
2023-06-08,1688,1825,ISOLATED_NEVER,,0.276,33.3495,46.6397,526750.8,5165184.2,DNIPRO_CORRIDOR,1.0,ZONE_4_DAM_TO_KHERSON_FLOODWAY,isolated,0.58,1.0,1.7808,8.37,0.0,0.1954,0.2952,0.4834,0.0,0.0,0.026,0.0001,0.0861,0.6272,12.42,7.95,9.4,10.48,10.62,1.22,2.77,1.0,0.0,0.0,Kokan',14.0,,,11690.0,2023-06-09,1.0,0.0,0.0,0.295,0.0,,S1_UNOBSERVED,,ISOLATED_NEVER;S1_UNOBSERVED;WEAK_SURFACE,
2023-06-08,1712,2011,RIVER_CONNECTED,2023-06-06,0.53,32.649,46.6366,473132.3,5164841.6,DNIPRO_CORRIDOR,1.0,ZONE_2_KHERSON_DELTA,river,806.63,,,,0.0,0.0038,0.0045,0.9872,0.0,0.0,0.0045,0.0014,0.1477,0.0002,0.57,0.68,0.83,1.1,4.94,4.06,5.05,0.0,0.0,1.0,no_data,0.5,True,4.0,0.0,2023-06-09,1.0,1.0,0.846,0.005,1.0,0.0,LATER_S1_WATER,,RIVER_CONNECTED;LATER_S1_WATER,
2023-06-08,1762,2019,ISOLATED_NEVER,,1.202,33.3169,46.634,524258.8,5164537.8,DNIPRO_CORRIDOR,1.0,ZONE_4_DAM_TO_KHERSON_FLOODWAY,isolated,1.36,1.0,0.1572,8.38,0.2558,0.2016,0.1061,0.4285,0.0,0.0,0.008,0.0,0.0544,0.8259,12.54,8.47,9.28,10.23,10.49,1.21,2.53,1.0,0.0,0.0,Kokan',14.2,,,10086.0,2023-06-09,1.0,0.0,0.0,0.362,0.0,,S1_UNOBSERVED,,ISOLATED_NEVER;S1_UNOBSERVED;WEAK_SURFACE,
2023-06-08,1820,2143,RIVER_CONNECTED,2023-06-06,0.266,32.4846,46.6304,460544.3,5164221.0,DNIPRO_CORRIDOR,1.0,ZONE_2_KHERSON_DELTA,river,806.63,,,,0.0015,0.0315,0.548,0.3003,0.0,0.1171,0.0015,0.0,0.0347,0.1788,0.8,0.7,2.04,2.86,2.96,0.94,2.91,0.0,0.0,1.0,Dnipro,4.6,True,4.0,0.0,2023-06-09,1.0,1.0,0.523,0.55,1.0,0.598,LATER_S1_WATER,,RIVER_CONNECTED;LATER_S1_WATER,
2023-06-08,1903,2220,RIVER_CONNECTED,2023-06-06,5.2,32.5794,46.613,467794.1,5162242.2,DNIPRO_CORRIDOR,1.0,ZONE_2_KHERSON_DELTA,river,806.63,,,,0.0008,0.1522,0.0856,0.0805,0.0077,0.6491,0.024,0.0005,0.124,0.0004,0.3,0.71,1.87,3.43,3.75,1.68,4.32,0.0,0.0,1.0,Dnipro,1.1,True,4.0,0.0,2023-06-09,1.0,1.0,0.1,0.094,1.0,0.271,LATER_S1_INCONCLUSIVE,,RIVER_CONNECTED;LATER_S1_INCONCLUSIVE,
2023-06-08,1956,2285,RIVER_CONNECTED,2023-06-06,0.324,32.5476,46.6156,465363.0,5162543.7,DNIPRO_CORRIDOR,1.0,ZONE_2_KHERSON_DELTA,river,806.63,,,,0.0,0.2959,0.0,0.6893,0.0,0.0,0.0148,0.0023,0.0861,0.0043,0.26,0.53,0.79,1.59,3.05,2.25,3.31,0.0,0.0,1.0,Dnipro,2.2,True,4.0,0.0,2023-06-09,1.0,1.0,0.39,0.0,0.0,,LATER_S1_WATER,,RIVER_CONNECTED;LATER_S1_WATER,
2023-06-08,1985,2318,ISOLATED_NEVER,,0.296,33.3073,46.6154,523532.0,5162468.0,DNIPRO_CORRIDOR,1.0,ZONE_4_DAM_TO_KHERSON_FLOODWAY,isolated,0.3,1.0,0.0004,9.72,0.0027,0.0609,0.0311,0.9039,0.0,0.0,0.0014,0.0,0.0714,0.794,13.02,9.68,9.87,10.43,10.67,0.7,1.46,1.0,0.0,0.0,Kokan',16.3,,,10067.0,2023-06-09,1.0,0.0,0.0,0.034,0.0,,S1_UNOBSERVED,,ISOLATED_NEVER;S1_UNOBSERVED;WEAK_SURFACE,
2023-06-08,2018,2351,RIVER_CONNECTED,2023-06-06,0.523,32.4878,46.6094,460779.9,5161887.0,DNIPRO_CORRIDOR,1.0,ZONE_2_KHERSON_DELTA,river,806.63,,,,0.0,0.1116,0.0,0.8677,0.0,0.0,0.0206,0.0001,0.0439,0.0677,0.21,0.55,0.78,1.36,2.85,2.1,2.54,0.0,0.0,1.0,Dnipro,2.6,True,4.0,0.0,2023-06-09,1.0,1.0,0.441,0.0,0.0,,LATER_S1_WATER,,RIVER_CONNECTED;LATER_S1_WATER,
2023-06-08,2064,2401,RIVER_CONNECTED,2023-06-06,0.425,32.6143,46.6086,470466.5,5161738.0,DNIPRO_CORRIDOR,1.0,ZONE_2_KHERSON_DELTA,river,806.63,,,,0.0019,0.4111,0.1515,0.4055,0.0,0.0103,0.0198,0.0001,0.1346,0.0,0.33,0.68,1.17,1.93,3.78,2.53,4.47,0.0,0.0,1.0,Dnipro,0.6,True,4.0,0.0,2023-06-09,1.0,1.0,0.141,0.153,1.0,0.049,LATER_S1_INCONCLUSIVE,,RIVER_CONNECTED;LATER_S1_INCONCLUSIVE,
2023-06-08,2205,2560,RIVER_CONNECTED,2023-06-06,0.363,32.4964,46.5953,461423.5,5160317.7,DNIPRO_CORRIDOR,1.0,ZONE_2_KHERSON_DELTA,river,806.63,,,,0.0,0.0,0.0,1.0,0.0,0.0,0.0,0.0001,0.0576,0.0215,0.19,0.55,0.63,0.83,2.23,1.67,2.35,0.0,0.0,1.0,Dnipro,0.9,True,4.0,0.0,2023-06-09,1.0,1.0,0.982,0.0,0.0,,LATER_S1_WATER,,RIVER_CONNECTED;LATER_S1_WATER,
2023-06-08,2341,2704,RIVER_CONNECTED,2023-06-06,0.797,32.5678,46.5817,466885.7,5158767.9,DNIPRO_CORRIDOR,1.0,ZONE_2_KHERSON_DELTA,river,806.63,,,,0.0,0.1069,0.0,0.8886,0.0,0.0035,0.001,0.0001,0.1324,0.0001,0.14,0.19,0.71,1.17,3.7,3.01,4.05,0.0,0.0,1.0,Dnipro,1.6,True,4.0,0.0,2023-06-09,1.0,1.0,0.665,0.0,0.0,,LATER_S1_WATER,,RIVER_CONNECTED;LATER_S1_WATER,
2023-06-08,2652,3187,RIVER_CONNECTED,2023-06-06,0.501,32.5035,46.5531,461937.2,5155625.8,DNIPRO_CORRIDOR,1.0,ZONE_2_KHERSON_DELTA,river,806.63,,,,0.0,0.0815,0.1605,0.6909,0.0,0.0599,0.0072,0.0005,0.089,0.0,0.21,0.49,0.65,1.24,1.57,0.94,2.15,0.0,0.0,1.0,Dnipro,2.9,True,4.0,0.0,2023-06-09,1.0,1.0,0.741,0.161,1.0,0.811,LATER_S1_WATER,,RIVER_CONNECTED;LATER_S1_WATER,
2023-06-08,2821,3284,RIVER_CONNECTED,2023-06-06,0.259,32.5366,46.5429,464468.3,5154473.1,DNIPRO_CORRIDOR,1.0,ZONE_2_KHERSON_DELTA,river,806.63,,,,0.0,0.0741,0.0741,0.8117,0.0,0.0324,0.0077,0.0058,0.1254,0.0027,0.34,0.09,0.66,1.09,1.7,1.09,3.34,0.0,0.0,1.0,Dnipro,5.4,True,4.0,0.0,2023-06-09,1.0,1.0,0.326,0.074,1.0,0.479,LATER_S1_WATER,,RIVER_CONNECTED;LATER_S1_WATER,
2023-06-08,2883,3424,ISOLATED_NEVER,,0.566,32.5359,46.5233,464400.4,5152301.7,DNIPRO_CORRIDOR,1.0,ZONE_2_KHERSON_DELTA,isolated,1.72,3.0,0.546,-5.25,0.0,0.2034,0.346,0.1554,0.0,0.2952,0.0,0.0046,0.137,0.0654,2.32,0.53,1.13,1.56,1.57,0.47,1.72,0.0,0.0,1.0,Dnipro,7.0,,,379.0,2023-06-09,1.0,1.0,0.365,0.346,1.0,0.729,LATER_S1_WATER,,ISOLATED_NEVER;LATER_S1_WATER,
2023-06-08,0,0,RIVER_CONNECTED,,22.684,,,,,specks < min_km2,,,,,,,,,,,,,,,,,,,,,,,,,,,,,,,,,,,,,,,,,,RIVER_CONNECTED;SPECKS_AGGREGATED,2873.0
2023-06-08,0,0,ISOLATED_NEVER,,0.029,,,,,specks < min_km2,,,,,,,,,,,,,,,,,,,,,,,,,,,,,,,,,,,,,,,,,,ISOLATED_NEVER;SPECKS_AGGREGATED,5.0
2023-06-09,1,1,RIVER_CONNECTED,2023-06-06,9.546,32.9086,47.1218,493065.3,5218706.0,INHULETS_VALLEY_rect,1.0,ZONE_4_DAM_TO_KHERSON_FLOODWAY,river,749.34,,,,0.5851,0.0486,0.2549,0.0347,0.0,0.0034,0.0733,0.0,0.0484,0.5613,40.67,2.16,3.42,6.52,7.1,3.69,7.36,0.979,0.021,0.0,Inhulets,39.8,True,4.0,0.0,2023-06-09,0.0,0.0,0.0,0.84,0.0,,S1_UNOBSERVED,,RIVER_CONNECTED;S1_UNOBSERVED;WEAK_SURFACE,
2023-06-09,2,1,RIVER_CONNECTED,2023-06-06,8.946,32.9802,47.1341,498497.9,5220068.6,INHULETS_VALLEY_rect,1.0,ZONE_4_DAM_TO_KHERSON_FLOODWAY,river,749.34,,,,0.5011,0.0869,0.3041,0.0063,0.0,0.0148,0.0868,0.0,0.0695,0.5926,47.93,1.37,4.56,7.9,8.86,4.32,9.39,0.0,1.0,0.0,Dnipro,40.6,True,4.0,0.0,2023-06-09,0.0,0.0,0.0,0.805,0.0,,S1_UNOBSERVED,,RIVER_CONNECTED;S1_UNOBSERVED,
2023-06-09,4,1,RIVER_CONNECTED,2023-06-06,0.883,32.9373,47.0967,495244.5,5215916.6,INHULETS_VALLEY_rect,1.0,ZONE_4_DAM_TO_KHERSON_FLOODWAY,river,749.34,,,,0.12,0.1558,0.5697,0.077,0.0,0.01,0.0675,0.0,0.0603,0.5163,38.24,1.95,3.94,7.2,8.83,4.63,7.45,0.267,0.733,0.0,Dnipro,38.2,True,4.0,0.0,2023-06-09,0.0,0.0,0.0,0.69,0.0,,S1_UNOBSERVED,,RIVER_CONNECTED;S1_UNOBSERVED,
2023-06-09,6,16,RIVER_CONNECTED,2023-06-06,4.308,32.8668,47.0863,489887.0,5214764.6,INHULETS_VALLEY_rect,1.0,ZONE_4_DAM_TO_KHERSON_FLOODWAY,river,749.34,,,,0.5731,0.0266,0.2779,0.0786,0.0,0.0147,0.0291,0.0001,0.0864,0.4509,34.73,1.77,2.82,6.07,7.1,4.28,6.46,1.0,0.0,0.0,Inhulets,35.6,True,4.0,0.0,2023-06-09,0.0,0.0,0.0,0.851,0.0,,S1_UNOBSERVED,,RIVER_CONNECTED;S1_UNOBSERVED;WEAK_SURFACE,
2023-06-09,10,36,RIVER_CONNECTED,2023-06-06,5.371,32.8435,47.0673,488120.5,5212660.0,INHULETS_VALLEY_rect,1.0,ZONE_4_DAM_TO_KHERSON_FLOODWAY,river,749.34,,,,0.5333,0.064,0.3434,0.0083,0.0,0.0308,0.0203,0.0001,0.0898,0.4521,33.63,1.49,2.46,6.2,7.1,4.65,6.2,1.0,0.0,0.0,Inhulets,34.2,True,4.0,0.0,2023-06-09,0.0,0.002,0.533,0.877,0.002,0.536,S1_UNOBSERVED,,RIVER_CONNECTED;S1_UNOBSERVED;WEAK_SURFACE,
2023-06-09,13,63,RIVER_CONNECTED,2023-06-06,0.955,32.8284,47.0488,486967.2,5210598.2,INHULETS_VALLEY_rect,1.0,ZONE_4_DAM_TO_KHERSON_FLOODWAY,river,749.34,,,,0.3765,0.0226,0.5436,0.0293,0.0,0.0046,0.0235,0.0001,0.0837,0.3857,30.39,1.49,2.21,6.6,7.1,4.89,6.05,1.0,0.0,0.0,Inhulets,31.1,True,4.0,0.0,2023-06-09,0.0,0.0,0.0,0.92,0.0,,S1_UNOBSERVED,,RIVER_CONNECTED;S1_UNOBSERVED;WEAK_SURFACE,
2023-06-09,17,81,RIVER_CONNECTED,2023-06-06,2.138,32.8323,47.026,487255.8,5208068.6,INHULETS_VALLEY_rect,1.0,ZONE_4_DAM_TO_KHERSON_FLOODWAY,river,749.34,,,,0.0161,0.0842,0.58,0.1615,0.0,0.0653,0.093,0.0001,0.0732,0.4946,32.72,1.25,2.42,6.52,7.1,4.69,6.32,1.0,0.0,0.0,Inhulets,28.8,True,4.0,0.0,2023-06-09,0.0,0.942,0.584,0.596,0.931,0.689,S1_WATER,,RIVER_CONNECTED;S1_WATER;WEAK_SURFACE,
2023-06-09,18,90,RIVER_CONNECTED,2023-06-06,0.32,32.8544,47.0229,488937.4,5207722.6,INHULETS_VALLEY_rect,1.0,ZONE_4_DAM_TO_KHERSON_FLOODWAY,river,749.34,,,,0.0013,0.3,0.615,0.045,0.0,0.0,0.0387,0.0,0.0555,0.5489,34.24,1.64,4.16,6.74,7.1,2.95,6.03,1.0,0.0,0.0,Inhulets,28.5,True,4.0,0.0,2023-06-09,0.0,1.0,0.458,0.616,1.0,0.673,S1_WATER,,RIVER_CONNECTED;S1_WATER;WEAK_SURFACE,
2023-06-09,24,97,RIVER_CONNECTED,2023-06-06,1.268,32.8299,47.0162,487070.8,5206973.9,INHULETS_VALLEY_rect,1.0,ZONE_4_DAM_TO_KHERSON_FLOODWAY,river,749.34,,,,0.7318,0.0006,0.237,0.0028,0.0,0.0,0.0278,0.0001,0.0576,0.3883,26.44,1.2,1.73,3.42,7.1,5.37,6.1,1.0,0.0,0.0,Inhulets,27.6,True,4.0,0.0,2023-06-09,0.0,1.0,0.947,0.969,1.0,0.962,S1_WATER,,RIVER_CONNECTED;S1_WATER;WEAK_SURFACE,
2023-06-09,26,115,RIVER_CONNECTED,2023-06-06,0.78,32.8248,47.006,486679.7,5205850.5,INHULETS_VALLEY_rect,1.0,ZONE_4_DAM_TO_KHERSON_FLOODWAY,river,749.34,,,,0.5131,0.019,0.3936,0.0318,0.0,0.0021,0.0405,0.0001,0.068,0.39,31.25,1.11,1.59,6.13,7.1,5.52,6.43,1.0,0.0,0.0,Inhulets,26.4,True,4.0,0.0,2023-06-09,0.0,1.0,0.828,0.907,1.0,0.865,S1_WATER,,RIVER_CONNECTED;S1_WATER;WEAK_SURFACE,
2023-06-09,29,119,RIVER_CONNECTED,2023-06-06,1.92,32.8067,47.0,485302.5,5205184.9,INHULETS_VALLEY_rect,1.0,ZONE_4_DAM_TO_KHERSON_FLOODWAY,river,749.34,,,,0.1473,0.0304,0.7415,0.0013,0.0,0.065,0.0146,0.0,0.0613,0.5166,39.81,1.09,1.43,5.83,7.1,5.67,6.76,1.0,0.0,0.0,Inhulets,25.5,True,4.0,0.0,2023-06-09,0.0,1.0,0.818,0.889,1.0,0.909,S1_WATER,,RIVER_CONNECTED;S1_WATER;WEAK_SURFACE,
2023-06-09,62,158,RIVER_CONNECTED,2023-06-06,1.39,32.823,46.9855,486541.8,5203562.9,INHULETS_VALLEY_rect,1.0,ZONE_4_DAM_TO_KHERSON_FLOODWAY,river,749.34,,,,0.3619,0.0017,0.6205,0.0012,0.0,0.0,0.0147,0.0,0.047,0.5538,37.71,1.08,1.52,5.35,7.1,5.59,6.59,1.0,0.0,0.0,Inhulets,24.0,True,4.0,0.0,2023-06-09,0.0,1.0,0.872,0.982,1.0,0.881,S1_WATER,,RIVER_CONNECTED;S1_WATER;WEAK_SURFACE,
2023-06-09,71,171,RIVER_CONNECTED,2023-06-06,0.971,32.8121,46.973,485706.2,5202185.2,INHULETS_VALLEY_rect,1.0,ZONE_4_DAM_TO_KHERSON_FLOODWAY,river,749.34,,,,0.1586,0.2031,0.4895,0.1145,0.0,0.0,0.0342,0.0,0.0353,0.5454,33.91,1.15,2.34,6.35,7.1,4.77,6.98,1.0,0.0,0.0,Inhulets,22.5,True,4.0,0.0,2023-06-09,0.0,1.0,0.768,0.648,1.0,0.826,S1_WATER,,RIVER_CONNECTED;S1_WATER;WEAK_SURFACE,
2023-06-09,86,193,RIVER_CONNECTED,2023-06-06,1.917,32.8122,46.9544,485706.6,5200111.0,INHULETS_VALLEY_rect,1.0,ZONE_4_DAM_TO_KHERSON_FLOODWAY,river,749.34,,,,0.0557,0.0119,0.6933,0.2176,0.0,0.0048,0.0167,0.0,0.0402,0.5922,36.76,0.82,1.63,6.37,7.1,5.47,6.9,1.0,0.0,0.0,Inhulets,20.5,True,4.0,0.0,2023-06-09,0.0,1.0,0.791,0.749,1.0,0.77,S1_WATER,,RIVER_CONNECTED;S1_WATER;WEAK_SURFACE,
2023-06-09,92,215,RIVER_CONNECTED,2023-06-06,1.086,32.8057,46.9422,485211.4,5198757.9,INHULETS_VALLEY_rect,1.0,ZONE_4_DAM_TO_KHERSON_FLOODWAY,river,749.34,,,,0.045,0.0332,0.8939,0.0085,0.0,0.0018,0.0177,0.0001,0.0514,0.5499,33.82,1.09,1.67,6.41,7.1,5.43,6.84,1.0,0.0,0.0,Inhulets,19.3,True,4.0,0.0,2023-06-09,0.0,1.0,0.788,0.939,1.0,0.818,S1_WATER,,RIVER_CONNECTED;S1_WATER;WEAK_SURFACE,
2023-06-09,97,238,RIVER_CONNECTED,2023-06-06,1.187,32.8262,46.9276,486766.9,5197136.7,INHULETS_VALLEY_rect,1.0,ZONE_4_DAM_TO_KHERSON_FLOODWAY,river,749.34,,,,0.2865,0.1581,0.425,0.119,0.0,0.0074,0.004,0.0001,0.0526,0.4848,31.99,1.09,2.15,6.47,7.1,4.95,6.35,1.0,0.0,0.0,Inhulets,18.0,True,4.0,0.0,2023-06-09,0.0,1.0,0.475,0.711,1.0,0.541,S1_WATER,,RIVER_CONNECTED;S1_WATER;WEAK_SURFACE,
2023-06-09,104,261,RIVER_CONNECTED,2023-06-06,0.59,32.8181,46.9061,486143.4,5194741.2,INHULETS_VALLEY_rect,1.0,ZONE_4_DAM_TO_KHERSON_FLOODWAY,river,749.34,,,,0.0285,0.0393,0.8496,0.0373,0.0,0.0007,0.0447,0.0001,0.0526,0.5434,34.91,1.1,2.13,6.51,7.1,4.98,6.52,1.0,0.0,0.0,Inhulets,15.4,True,4.0,0.0,2023-06-09,0.0,1.0,0.6,0.878,1.0,0.659,S1_WATER,,RIVER_CONNECTED;S1_WATER;WEAK_SURFACE,
2023-06-09,125,293,RIVER_CONNECTED,2023-06-06,0.436,32.8313,46.8906,487146.0,5193018.7,INHULETS_VALLEY_rect,1.0,ZONE_4_DAM_TO_KHERSON_FLOODWAY,river,749.34,,,,0.1394,0.0817,0.7523,0.0009,0.0,0.0101,0.0156,0.0002,0.034,0.4904,30.49,1.17,3.7,6.69,7.1,3.4,6.06,1.0,0.0,0.0,Inhulets,14.1,True,4.0,0.0,2023-06-09,0.0,1.0,0.425,0.892,1.0,0.467,S1_WATER,,RIVER_CONNECTED;S1_WATER;WEAK_SURFACE,
2023-06-09,128,314,RIVER_CONNECTED,2023-06-06,0.562,32.8242,46.8637,486602.6,5190035.3,INHULETS_VALLEY_rect,1.0,ZONE_4_DAM_TO_KHERSON_FLOODWAY,river,749.34,,,,0.1046,0.1031,0.7397,0.0135,0.0,0.0299,0.0092,0.0,0.0281,0.5944,32.59,1.17,3.32,6.71,7.1,3.79,6.5,0.854,0.0,0.146,Inhulets,10.8,True,4.0,0.0,2023-06-09,0.0,1.0,0.508,0.844,1.0,0.587,S1_WATER,,RIVER_CONNECTED;S1_WATER;WEAK_SURFACE,
2023-06-09,139,321,RIVER_CONNECTED,2023-06-06,0.925,32.7996,46.8562,484725.6,5189207.0,INHULETS_VALLEY_rect,1.0,ZONE_4_DAM_TO_KHERSON_FLOODWAY,river,749.34,,,,0.16,0.0821,0.7224,0.0,0.0,0.032,0.0035,0.0,0.0359,0.5659,30.86,1.3,4.18,6.71,7.1,2.92,6.05,0.075,0.0,0.925,Inhulets,9.7,True,4.0,0.0,2023-06-09,0.0,1.0,0.511,0.882,1.0,0.579,S1_WATER,,RIVER_CONNECTED;S1_WATER,
2023-06-09,145,358,RIVER_CONNECTED,2023-06-06,1.234,32.7921,46.8307,484142.2,5186376.1,INHULETS_VALLEY_rect,1.0,ZONE_4_DAM_TO_KHERSON_FLOODWAY,river,749.34,,,,0.0593,0.1339,0.7352,0.0204,0.0,0.0431,0.0081,0.0001,0.0397,0.5577,30.91,1.18,3.5,6.71,7.1,3.61,6.74,0.0,0.0,1.0,Inhulets,7.0,True,4.0,0.0,2023-06-09,0.0,1.0,0.446,0.794,1.0,0.539,S1_WATER,,RIVER_CONNECTED;S1_WATER,
2023-06-09,155,360,RIVER_CONNECTED,2023-06-06,0.916,33.2175,46.8145,516592.4,5184571.7,DNIPRO_CORRIDOR,0.995,ZONE_4_DAM_TO_KHERSON_FLOODWAY,river,749.34,,,,0.0,0.3789,0.2204,0.3815,0.0,0.0004,0.0188,0.0,0.1469,0.4516,35.21,1.77,3.11,8.46,9.18,6.1,8.43,0.0,0.0,1.0,Kokan',4.4,True,4.0,0.0,2023-06-09,0.0,1.0,0.465,0.22,1.0,0.471,S1_WATER,,RIVER_CONNECTED;S1_WATER,
2023-06-09,172,412,RIVER_CONNECTED,2023-06-06,0.361,32.8169,46.8022,486029.3,5183204.2,INHULETS_VALLEY_rect,1.0,ZONE_4_DAM_TO_KHERSON_FLOODWAY,river,749.34,,,,0.093,0.0875,0.5991,0.0066,0.0,0.1971,0.0166,0.0001,0.0364,0.4695,24.72,1.28,3.54,6.63,7.1,3.56,6.05,0.0,0.0,1.0,Inhulets,4.8,True,4.0,0.0,2023-06-09,0.0,1.0,0.26,0.692,1.0,0.363,S1_WATER,,RIVER_CONNECTED;S1_WATER,
2023-06-09,188,467,RIVER_CONNECTED,2023-06-06,0.448,32.8186,46.7817,486155.6,5180918.1,INHULETS_VALLEY_rect,1.0,ZONE_4_DAM_TO_KHERSON_FLOODWAY,river,749.34,,,,0.0411,0.2502,0.5326,0.0,0.0,0.1662,0.0098,0.0001,0.0346,0.5266,27.06,1.29,4.15,6.81,7.1,2.96,6.49,0.0,0.0,1.0,Inhulets,3.4,True,4.0,0.0,2023-06-09,0.0,1.0,0.346,0.574,1.0,0.575,S1_WATER,,RIVER_CONNECTED;S1_WATER,
2023-06-09,192,413,RIVER_CONNECTED,2023-06-06,0.876,33.0368,46.7863,502805.9,5181419.6,INHULETS_VALLEY_rect,0.617,ZONE_4_DAM_TO_KHERSON_FLOODWAY,river,749.34,,,,0.0041,0.2224,0.5589,0.1721,0.0,0.0361,0.0064,0.0036,0.0239,0.5899,33.08,1.42,3.95,8.01,8.3,4.34,7.99,0.0,0.617,0.383,Dnipro,4.4,True,4.0,0.0,2023-06-09,0.0,1.0,0.465,0.563,1.0,0.438,S1_WATER,,RIVER_CONNECTED;S1_WATER,
2023-06-09,199,436,RIVER_CONNECTED,2023-06-06,0.768,33.313,46.7784,523897.3,5180586.9,DNIPRO_CORRIDOR,1.0,ZONE_4_DAM_TO_KHERSON_FLOODWAY,river,749.34,,,,0.0,0.537,0.2474,0.1333,0.0,0.0609,0.0214,0.0003,0.3132,0.1104,1.79,1.92,3.1,7.3,9.7,6.62,8.68,0.0,0.0,1.0,Kokan',1.5,True,4.0,0.0,2023-06-09,0.0,1.0,0.358,0.247,1.0,0.571,S1_WATER,,RIVER_CONNECTED;S1_WATER,
2023-06-09,214,517,RIVER_CONNECTED,2023-06-06,0.268,32.794,46.7837,484275.3,5181144.3,INHULETS_VALLEY_rect,1.0,ZONE_4_DAM_TO_KHERSON_FLOODWAY,river,749.34,,,,0.0566,0.0954,0.8018,0.0194,0.0,0.0224,0.0045,0.0,0.0741,0.4616,28.81,1.13,3.61,6.7,7.1,3.5,6.45,0.0,0.0,1.0,Inhulets,1.9,True,4.0,0.0,2023-06-09,0.0,1.0,0.477,0.858,1.0,0.531,S1_WATER,,RIVER_CONNECTED;S1_WATER,
2023-06-09,264,552,RIVER_CONNECTED,2023-06-06,0.45,33.2465,46.7806,518817.7,5180808.0,DNIPRO_CORRIDOR,1.0,ZONE_4_DAM_TO_KHERSON_FLOODWAY,river,749.34,,,,0.0,0.9698,0.0,0.0151,0.0,0.0,0.0151,0.0,0.3428,0.1069,0.98,1.77,2.46,5.65,9.32,6.85,7.65,0.0,0.0,1.0,Kokan',0.9,True,4.0,0.0,2023-06-09,0.0,1.0,0.005,0.0,0.0,,S1_NO_WATER_SIGNAL_VEGETATED,,RIVER_CONNECTED;S1_NO_WATER_SIGNAL_VEGETATED,
2023-06-09,317,693,RIVER_CONNECTED,2023-06-06,0.601,32.7948,46.7648,484331.8,5179048.8,DNIPRO_CORRIDOR,0.706,ZONE_4_DAM_TO_KHERSON_FLOODWAY,river,749.34,,,,0.3202,0.1778,0.47,0.012,0.0,0.0067,0.0133,0.0001,0.0848,0.4767,29.1,1.15,3.75,6.75,7.1,3.36,6.2,0.0,0.0,1.0,Inhulets,0.7,True,4.0,0.0,2023-06-09,0.0,1.0,0.48,0.79,1.0,0.59,S1_WATER,,RIVER_CONNECTED;S1_WATER,
2023-06-09,318,606,RIVER_CONNECTED,2023-06-06,0.896,33.1463,46.7779,511169.2,5180494.1,DNIPRO_CORRIDOR,1.0,ZONE_4_DAM_TO_KHERSON_FLOODWAY,river,749.34,,,,0.0022,0.0254,0.7768,0.1817,0.0,0.0031,0.0107,0.0001,0.1161,0.1574,1.67,1.47,2.24,3.54,8.86,6.62,8.22,0.0,0.0,1.0,Dnipro,0.5,True,4.0,0.0,2023-06-09,0.0,1.0,0.967,0.779,1.0,0.967,S1_WATER,,RIVER_CONNECTED;S1_WATER,
2023-06-09,354,647,RIVER_CONNECTED,2023-06-06,1.188,33.1745,46.7719,513321.6,5179826.6,DNIPRO_CORRIDOR,1.0,ZONE_4_DAM_TO_KHERSON_FLOODWAY,river,749.34,,,,0.0,0.0758,0.8609,0.0441,0.0,0.004,0.0152,0.0001,0.2187,0.0363,1.45,1.62,3.08,3.81,8.87,5.86,7.71,0.0,0.0,1.0,Dnipro,1.0,True,4.0,0.0,2023-06-09,0.0,1.0,0.92,0.861,1.0,0.953,S1_WATER,,RIVER_CONNECTED;S1_WATER,
2023-06-09,369,665,RIVER_CONNECTED,2023-06-06,0.376,33.3319,46.7739,525337.2,5180096.3,DNIPRO_CORRIDOR,1.0,ZONE_4_DAM_TO_KHERSON_FLOODWAY,river,749.34,,,,0.0,0.516,0.4053,0.0734,0.0,0.0,0.0053,0.0006,0.2926,0.037,1.75,1.97,3.16,4.29,9.89,6.73,8.03,0.0,0.0,1.0,Kokan',0.8,True,4.0,0.0,2023-06-09,0.0,1.0,0.316,0.405,1.0,0.661,S1_WATER,,RIVER_CONNECTED;S1_WATER,
2023-06-09,392,692,RIVER_CONNECTED,2023-06-06,0.396,33.3378,46.768,525788.8,5179444.2,DNIPRO_CORRIDOR,1.0,ZONE_4_DAM_TO_KHERSON_FLOODWAY,river,749.34,,,,0.0,0.6242,0.3364,0.0354,0.0,0.0,0.004,0.0014,0.2678,0.0227,5.46,1.95,2.87,4.32,9.92,7.01,8.25,0.0,0.0,1.0,Kokan',0.4,True,4.0,0.0,2023-06-09,0.0,1.0,0.527,0.336,1.0,0.784,S1_WATER,,RIVER_CONNECTED;S1_WATER,
2023-06-09,417,717,RIVER_CONNECTED,2023-06-06,0.338,33.0628,46.7624,504795.1,5178757.5,DNIPRO_CORRIDOR,1.0,ZONE_4_DAM_TO_KHERSON_FLOODWAY,river,749.34,,,,0.0,0.0509,0.91,0.0201,0.0,0.013,0.0059,0.0004,0.1354,0.2982,13.77,1.42,2.43,7.71,8.31,5.88,7.96,0.0,0.0,1.0,Dnipro,0.8,True,4.0,0.0,2023-06-09,0.0,1.0,0.669,0.91,1.0,0.693,S1_WATER,,RIVER_CONNECTED;S1_WATER,
2023-06-09,460,886,RIVER_CONNECTED,2023-06-06,0.355,32.9225,46.759,494085.0,5178388.5,DNIPRO_CORRIDOR,1.0,ZONE_4_DAM_TO_KHERSON_FLOODWAY,river,749.34,,,,0.3348,0.1218,0.4262,0.1139,0.0,0.0034,0.0,0.0,0.1605,0.487,25.27,2.53,5.36,7.33,7.65,2.29,6.28,0.0,0.0,1.0,Inhulets,1.8,True,4.0,0.0,2023-06-09,0.0,1.0,0.49,0.761,1.0,0.501,S1_WATER,,RIVER_CONNECTED;S1_WATER,
2023-06-09,499,2112,RIVER_CONNECTED,2023-06-06,12.811,33.1414,46.7476,510800.0,5177123.6,DNIPRO_CORRIDOR,1.0,ZONE_4_DAM_TO_KHERSON_FLOODWAY,river,749.34,,,,0.0102,0.3988,0.3577,0.0162,0.0003,0.2134,0.0034,0.0001,0.3336,0.0887,6.78,1.99,7.17,8.57,8.65,1.52,8.61,0.0,0.0,1.0,no_data,1.9,True,4.0,0.0,2023-06-09,0.0,1.0,0.165,0.368,1.0,0.363,S1_INCONCLUSIVE,,RIVER_CONNECTED;S1_INCONCLUSIVE,
2023-06-09,524,836,RIVER_CONNECTED,2023-06-06,0.277,33.3314,46.7549,525310.5,5177983.2,DNIPRO_CORRIDOR,1.0,ZONE_4_DAM_TO_KHERSON_FLOODWAY,river,749.34,,,,0.0,0.5361,0.0549,0.0,0.0,0.2327,0.1763,0.0057,0.3009,0.0132,12.67,2.37,6.61,9.38,9.83,3.17,7.93,0.0,0.0,1.0,Kokan',1.3,True,4.0,0.0,2023-06-09,0.0,1.0,0.061,0.055,1.0,0.289,S1_INCONCLUSIVE,,RIVER_CONNECTED;S1_INCONCLUSIVE,
2023-06-09,561,929,RIVER_CONNECTED,2023-06-06,0.532,32.7912,46.7473,484047.6,5177106.2,DNIPRO_CORRIDOR,1.0,ZONE_4_DAM_TO_KHERSON_FLOODWAY,river,749.34,,,,0.0053,0.2904,0.5297,0.0158,0.0,0.1257,0.0331,0.0001,0.1296,0.5107,30.11,1.13,3.11,6.72,7.11,3.99,6.14,0.0,0.0,1.0,Inhulets,0.5,True,4.0,0.0,2023-06-09,0.0,1.0,0.288,0.535,1.0,0.494,S1_WATER,,RIVER_CONNECTED;S1_WATER,
2023-06-09,590,913,RIVER_CONNECTED,2023-06-06,1.199,32.9653,46.7468,497350.0,5177023.3,DNIPRO_CORRIDOR,1.0,ZONE_4_DAM_TO_KHERSON_FLOODWAY,river,749.34,,,,0.0,0.645,0.3156,0.0277,0.0,0.0023,0.0093,0.0001,0.1934,0.344,13.78,1.1,1.96,6.19,7.79,5.81,8.81,0.0,0.0,1.0,Dnipro,0.9,True,4.0,0.0,2023-06-09,0.0,1.0,0.15,0.316,1.0,0.433,S1_INCONCLUSIVE,,RIVER_CONNECTED;S1_INCONCLUSIVE,
2023-06-09,603,928,RIVER_CONNECTED,2023-06-06,1.187,32.7636,46.7355,481938.1,5175801.0,DNIPRO_CORRIDOR,0.659,ZONE_4_DAM_TO_KHERSON_FLOODWAY,river,749.34,,,,0.1523,0.276,0.4115,0.1395,0.0,0.0145,0.0061,0.0,0.1296,0.4448,27.9,1.07,3.79,6.82,7.12,3.33,6.79,0.0,0.0,1.0,Inhulets,0.5,True,4.0,0.0,2023-06-09,0.0,1.0,0.289,0.564,1.0,0.323,S1_WATER,,RIVER_CONNECTED;S1_WATER,
2023-06-09,1087,2112,RIVER_CONNECTED,2023-06-06,104.56,32.6962,46.5786,476724.7,5158377.8,DNIPRO_CORRIDOR,1.0,ZONE_2_KHERSON_DELTA,river,749.34,,,,0.0252,0.181,0.3446,0.2986,0.0038,0.1399,0.005,0.0031,0.2062,0.0404,4.87,0.75,2.6,6.24,4.28,2.19,7.21,0.07,0.0,0.93,Dnipro,5.1,True,4.0,0.0,2023-06-09,0.0,0.996,0.36,0.374,0.998,0.43,S1_WATER,,RIVER_CONNECTED;S1_WATER,
2023-06-09,1088,1480,RIVER_CONNECTED,2023-06-06,0.336,32.8082,46.7077,485342.7,5172698.1,DNIPRO_CORRIDOR,1.0,ZONE_4_DAM_TO_KHERSON_FLOODWAY,river,749.34,,,,0.0,0.3401,0.3639,0.0131,0.0,0.1665,0.1165,0.0,0.1296,0.4023,21.83,1.35,4.95,6.93,7.11,2.15,6.64,0.0,0.0,1.0,Inhulets,0.2,True,4.0,0.0,2023-06-09,0.0,1.0,0.147,0.364,1.0,0.275,S1_INCONCLUSIVE,,RIVER_CONNECTED;S1_INCONCLUSIVE,
2023-06-09,1238,1717,RIVER_CONNECTED,2023-06-06,7.656,32.5629,46.6518,466556.1,5166565.0,DNIPRO_CORRIDOR,1.0,ZONE_2_KHERSON_DELTA,river,749.34,,,,0.0083,0.092,0.269,0.3237,0.0042,0.2989,0.004,0.0017,0.1059,0.1301,21.44,0.78,2.59,5.08,5.36,1.82,5.23,0.0,0.0,1.0,gauge,5.1,True,4.0,0.0,2023-06-09,0.0,1.0,0.318,0.282,1.0,0.18,S1_WATER,,RIVER_CONNECTED;S1_WATER,
2023-06-09,1271,2112,TRAPPED,2023-06-06,33.775,33.0829,46.6641,506344.9,5167840.7,DNIPRO_CORRIDOR,1.0,ZONE_4_DAM_TO_KHERSON_FLOODWAY,isolated,38.8,75.0,5.5704,7.68,0.016,0.2801,0.6201,0.0729,0.002,0.0017,0.0072,0.0366,0.3427,0.0389,10.47,5.82,7.11,8.03,8.1,0.94,3.39,0.132,0.0,0.868,no_data,7.0,,,3707.0,2023-06-09,0.0,0.885,0.023,0.638,0.899,0.034,S1_OPEN_SURFACE_NO_WATER,LIKELY_DRAINED,TRAPPED;S1_OPEN_SURFACE_NO_WATER;LIKELY_DRAINED,
2023-06-09,1317,1722,RIVER_CONNECTED,2023-06-06,1.561,32.694,46.6686,476589.2,5168384.0,DNIPRO_CORRIDOR,1.0,ZONE_4_DAM_TO_KHERSON_FLOODWAY,river,749.34,,,,0.0044,0.1332,0.1832,0.3736,0.022,0.2524,0.0225,0.0008,0.1769,0.1607,17.77,0.72,1.45,5.47,5.96,4.53,6.57,0.0,0.0,1.0,no_data,0.7,True,4.0,0.0,2023-06-09,0.0,0.982,0.507,0.21,1.0,0.562,S1_WATER,,RIVER_CONNECTED;S1_WATER,
2023-06-09,1374,1775,RIVER_CONNECTED,2023-06-06,1.212,32.7208,46.6511,478635.3,5166429.4,DNIPRO_CORRIDOR,1.0,ZONE_4_DAM_TO_KHERSON_FLOODWAY,river,749.34,,,,0.0,0.2816,0.0621,0.384,0.0007,0.2562,0.0155,0.0008,0.1621,0.0013,0.47,0.75,1.31,4.26,6.2,4.86,6.99,0.0,0.0,1.0,Dnipro,1.0,True,4.0,0.0,2023-06-09,0.0,1.0,0.117,0.063,1.0,0.0,S1_INCONCLUSIVE,,RIVER_CONNECTED;S1_INCONCLUSIVE,
2023-06-09,1571,1963,RIVER_CONNECTED,2023-06-06,1.759,32.4472,46.6437,457693.5,5165717.7,DNIPRO_CORRIDOR,1.0,ZONE_2_KHERSON_DELTA,river,749.34,,,,0.0205,0.0519,0.2884,0.5813,0.0,0.0519,0.0061,0.0001,0.023,0.5144,15.95,0.66,1.16,2.8,3.1,1.91,3.35,0.0,0.0,1.0,Dnipro,7.5,True,4.0,0.0,2023-06-09,0.0,1.0,0.637,0.309,1.0,0.538,S1_WATER,,RIVER_CONNECTED;S1_WATER,
2023-06-09,1637,2011,RIVER_CONNECTED,2023-06-06,0.53,32.649,46.6366,473132.3,5164841.6,DNIPRO_CORRIDOR,1.0,ZONE_2_KHERSON_DELTA,river,749.34,,,,0.0,0.0038,0.0045,0.9872,0.0,0.0,0.0045,0.0014,0.1477,0.0002,0.57,0.68,0.83,1.1,5.62,4.76,5.69,0.0,0.0,1.0,no_data,0.5,True,4.0,0.0,2023-06-09,0.0,1.0,0.846,0.005,1.0,0.0,S1_WATER,,RIVER_CONNECTED;S1_WATER,
2023-06-09,1699,2019,ISOLATED_NEVER,,0.645,33.3175,46.633,524300.9,5164432.2,DNIPRO_CORRIDOR,1.0,ZONE_4_DAM_TO_KHERSON_FLOODWAY,isolated,0.8,1.0,0.1572,8.38,0.0341,0.2139,0.0019,0.7353,0.0,0.0,0.0149,0.0,0.054,0.8209,12.54,8.36,9.1,9.41,9.51,0.41,1.56,1.0,0.0,0.0,Kokan',14.4,,,12239.0,2023-06-09,0.0,0.0,0.0,0.036,0.0,,S1_UNOBSERVED,,ISOLATED_NEVER;S1_UNOBSERVED;WEAK_SURFACE,
2023-06-09,1742,2143,RIVER_CONNECTED,2023-06-06,0.288,32.4845,46.6305,460540.9,5164238.5,DNIPRO_CORRIDOR,1.0,ZONE_2_KHERSON_DELTA,river,749.34,,,,0.0014,0.0334,0.5522,0.2851,0.0,0.1266,0.0014,0.0,0.0344,0.1861,0.86,0.7,2.11,3.0,3.13,1.02,3.08,0.0,0.0,1.0,Dnipro,4.6,True,4.0,0.0,2023-06-09,0.0,1.0,0.495,0.554,1.0,0.568,S1_WATER,,RIVER_CONNECTED;S1_WATER,
2023-06-09,1842,2220,RIVER_CONNECTED,2023-06-06,5.408,32.5797,46.6131,467816.5,5162261.0,DNIPRO_CORRIDOR,1.0,ZONE_2_KHERSON_DELTA,river,749.34,,,,0.0007,0.1502,0.0823,0.0774,0.0074,0.6587,0.0232,0.0005,0.1241,0.0004,0.29,0.72,1.95,3.65,4.14,1.93,4.67,0.0,0.0,1.0,Dnipro,1.1,True,4.0,0.0,2023-06-09,0.0,1.0,0.097,0.09,1.0,0.271,S1_INCONCLUSIVE,,RIVER_CONNECTED;S1_INCONCLUSIVE,
2023-06-09,1897,2285,RIVER_CONNECTED,2023-06-06,0.325,32.5476,46.6156,465363.4,5162544.1,DNIPRO_CORRIDOR,1.0,ZONE_2_KHERSON_DELTA,river,749.34,,,,0.0,0.2968,0.0,0.6884,0.0,0.0,0.0148,0.0023,0.0861,0.0043,0.26,0.53,0.79,1.6,3.25,2.46,3.52,0.0,0.0,1.0,Dnipro,2.2,True,4.0,0.0,2023-06-09,0.0,1.0,0.389,0.0,0.0,,S1_WATER,,RIVER_CONNECTED;S1_WATER,
2023-06-09,1958,2351,RIVER_CONNECTED,2023-06-06,0.523,32.4878,46.6094,460780.2,5161887.4,DNIPRO_CORRIDOR,1.0,ZONE_2_KHERSON_DELTA,river,749.34,,,,0.0,0.1109,0.0,0.8684,0.0,0.0,0.0207,0.0001,0.0439,0.0677,0.21,0.55,0.78,1.35,3.01,2.26,2.7,0.0,0.0,1.0,Dnipro,2.6,True,4.0,0.0,2023-06-09,0.0,1.0,0.441,0.0,0.0,,S1_WATER,,RIVER_CONNECTED;S1_WATER,
2023-06-09,2004,2401,RIVER_CONNECTED,2023-06-06,0.425,32.6143,46.6086,470466.5,5161738.0,DNIPRO_CORRIDOR,1.0,ZONE_2_KHERSON_DELTA,river,749.34,,,,0.0019,0.4111,0.1515,0.4055,0.0,0.0103,0.0198,0.0001,0.1346,0.0,0.33,0.68,1.17,1.93,4.17,2.86,5.22,0.0,0.0,1.0,Dnipro,0.6,True,4.0,0.0,2023-06-09,0.0,1.0,0.141,0.153,1.0,0.049,S1_INCONCLUSIVE,,RIVER_CONNECTED;S1_INCONCLUSIVE,
2023-06-09,2156,2560,RIVER_CONNECTED,2023-06-06,0.363,32.4964,46.5953,461423.5,5160317.7,DNIPRO_CORRIDOR,1.0,ZONE_2_KHERSON_DELTA,river,749.34,,,,0.0,0.0,0.0,1.0,0.0,0.0,0.0,0.0001,0.0576,0.0215,0.19,0.55,0.63,0.83,2.1,1.54,2.53,0.0,0.0,1.0,Dnipro,0.9,True,4.0,0.0,2023-06-09,0.0,1.0,0.982,0.0,0.0,,S1_WATER,,RIVER_CONNECTED;S1_WATER,
2023-06-09,2297,2704,RIVER_CONNECTED,2023-06-06,0.797,32.5678,46.5817,466885.7,5158767.9,DNIPRO_CORRIDOR,1.0,ZONE_2_KHERSON_DELTA,river,749.34,,,,0.0,0.1069,0.0,0.8886,0.0,0.0035,0.001,0.0001,0.1324,0.0001,0.14,0.19,0.71,1.17,4.05,3.35,4.4,0.0,0.0,1.0,Dnipro,1.6,True,4.0,0.0,2023-06-09,0.0,1.0,0.665,0.0,0.0,,S1_WATER,,RIVER_CONNECTED;S1_WATER,
2023-06-09,2331,2805,RIVER_CONNECTED,2023-06-06,0.47,32.465,46.5769,459009.8,5158286.6,DNIPRO_CORRIDOR,1.0,ZONE_2_KHERSON_DELTA,river,749.34,,,,0.0068,0.0477,0.206,0.6494,0.0,0.0732,0.017,0.0,0.0526,0.1535,0.45,0.41,0.86,1.68,1.98,1.05,2.05,0.0,0.0,1.0,Dnipro,1.0,True,4.0,0.0,2023-06-09,0.0,1.0,0.569,0.213,1.0,0.476,S1_WATER,,RIVER_CONNECTED;S1_WATER,
2023-06-09,2622,3187,RIVER_CONNECTED,2023-06-06,0.524,32.5034,46.5533,461935.3,5155644.0,DNIPRO_CORRIDOR,1.0,ZONE_2_KHERSON_DELTA,river,749.34,,,,0.0,0.0779,0.1885,0.6656,0.0008,0.0588,0.0084,0.0005,0.089,0.0,0.21,0.51,0.66,1.38,1.98,1.34,2.56,0.0,0.0,1.0,Dnipro,2.9,True,4.0,0.0,2023-06-09,0.0,1.0,0.74,0.189,1.0,0.79,S1_WATER,,RIVER_CONNECTED;S1_WATER,
2023-06-09,2789,3284,RIVER_CONNECTED,2023-06-06,0.259,32.5366,46.5429,464468.3,5154473.1,DNIPRO_CORRIDOR,1.0,ZONE_2_KHERSON_DELTA,river,749.34,,,,0.0,0.0741,0.0741,0.8117,0.0,0.0324,0.0077,0.0058,0.1254,0.0027,0.34,0.09,0.66,1.09,2.15,1.52,3.54,0.0,0.0,1.0,Dnipro,5.4,True,4.0,0.0,2023-06-09,0.0,1.0,0.326,0.074,1.0,0.479,S1_WATER,,RIVER_CONNECTED;S1_WATER,
2023-06-09,2835,3334,RIVER_CONNECTED,2023-06-06,0.391,32.5149,46.529,462793.3,5152936.3,DNIPRO_CORRIDOR,1.0,ZONE_2_KHERSON_DELTA,river,749.34,,,,0.0,0.1094,0.0961,0.1994,0.0051,0.5787,0.0112,0.0047,0.0921,0.0629,0.47,0.52,1.23,1.91,1.97,0.75,2.21,0.0,0.0,1.0,Dnipro,5.5,True,4.0,0.0,2023-06-09,0.0,1.0,0.284,0.101,1.0,0.333,S1_WATER,,RIVER_CONNECTED;S1_WATER,
2023-06-09,2844,3424,ISOLATED_NEVER,,1.124,32.5329,46.5231,464172.7,5152276.2,DNIPRO_CORRIDOR,1.0,ZONE_2_KHERSON_DELTA,isolated,2.28,4.0,0.5468,-5.25,0.0007,0.1883,0.2769,0.1267,0.0,0.4075,0.0,0.0045,0.1291,0.064,2.22,0.59,1.51,1.94,1.97,0.49,2.13,0.0,0.0,1.0,Dnipro,6.8,,,295.0,2023-06-09,0.0,1.0,0.25,0.278,1.0,0.613,S1_WATER,,ISOLATED_NEVER;S1_WATER,
2023-06-09,0,0,RIVER_CONNECTED,,21.622,,,,,specks < min_km2,,,,,,,,,,,,,,,,,,,,,,,,,,,,,,,,,,,,,,,,,,RIVER_CONNECTED;SPECKS_AGGREGATED,2754.0
2023-06-09,0,0,TRAPPED,,0.134,,,,,specks < min_km2,,,,,,,,,,,,,,,,,,,,,,,,,,,,,,,,,,,,,,,,,,TRAPPED;SPECKS_AGGREGATED,74.0
2023-06-09,0,0,ISOLATED_NEVER,,0.18,,,,,specks < min_km2,,,,,,,,,,,,,,,,,,,,,,,,,,,,,,,,,,,,,,,,,,ISOLATED_NEVER;SPECKS_AGGREGATED,4.0
2023-06-10,1,1,RIVER_CONNECTED,2023-06-06,9.144,32.9084,47.1218,493049.6,5218706.8,INHULETS_VALLEY_rect,1.0,ZONE_4_DAM_TO_KHERSON_FLOODWAY,river,735.82,,,,0.5971,0.0439,0.2457,0.0357,0.0,0.0027,0.0749,0.0,0.0477,0.564,40.7,2.15,3.36,5.86,6.54,3.18,6.4,0.983,0.017,0.0,Inhulets,39.8,True,4.0,0.0,2023-06-13,3.0,0.0,0.0,0.843,0.0,,S1_UNOBSERVED,,RIVER_CONNECTED;S1_UNOBSERVED;WEAK_SURFACE,
2023-06-10,2,1,RIVER_CONNECTED,2023-06-06,8.518,32.9803,47.1342,498509.1,5220080.2,INHULETS_VALLEY_rect,1.0,ZONE_4_DAM_TO_KHERSON_FLOODWAY,river,735.82,,,,0.5167,0.0816,0.2928,0.0066,0.0,0.0112,0.0911,0.0,0.0703,0.5882,47.63,1.28,4.51,7.1,7.97,3.44,8.46,0.0,1.0,0.0,Dnipro,40.7,True,4.0,0.0,2023-06-13,3.0,0.0,0.0,0.81,0.0,,S1_UNOBSERVED,,RIVER_CONNECTED;S1_UNOBSERVED,
2023-06-10,4,1,RIVER_CONNECTED,2023-06-06,0.845,32.9374,47.0968,495246.5,5215925.7,INHULETS_VALLEY_rect,1.0,ZONE_4_DAM_TO_KHERSON_FLOODWAY,river,735.82,,,,0.1212,0.1534,0.5687,0.0805,0.0,0.0062,0.0701,0.0,0.0606,0.5147,38.18,1.91,3.91,6.67,7.86,3.78,6.5,0.262,0.738,0.0,Dnipro,38.2,True,4.0,0.0,2023-06-13,3.0,0.0,0.0,0.69,0.0,,S1_UNOBSERVED,,RIVER_CONNECTED;S1_UNOBSERVED,
2023-06-10,6,16,RIVER_CONNECTED,2023-06-06,4.193,32.8669,47.0863,489900.1,5214757.5,INHULETS_VALLEY_rect,1.0,ZONE_4_DAM_TO_KHERSON_FLOODWAY,river,735.82,,,,0.5776,0.0244,0.2759,0.0799,0.0,0.0123,0.0299,0.0001,0.0866,0.4498,34.62,1.77,2.8,5.53,6.54,3.74,5.89,1.0,0.0,0.0,Inhulets,35.6,True,4.0,0.0,2023-06-13,3.0,0.0,0.0,0.853,0.0,,S1_UNOBSERVED,,RIVER_CONNECTED;S1_UNOBSERVED;WEAK_SURFACE,
2023-06-10,12,36,RIVER_CONNECTED,2023-06-06,4.154,32.8442,47.0743,488174.8,5213436.1,INHULETS_VALLEY_rect,1.0,ZONE_4_DAM_TO_KHERSON_FLOODWAY,river,735.82,,,,0.5397,0.0646,0.3409,0.0053,0.0,0.0274,0.0221,0.0001,0.092,0.451,33.76,1.51,2.48,5.65,6.54,4.06,5.63,1.0,0.0,0.0,Inhulets,34.5,True,4.0,0.0,2023-06-13,3.0,0.0,0.0,0.881,0.0,,S1_UNOBSERVED,,RIVER_CONNECTED;S1_UNOBSERVED;WEAK_SURFACE,
2023-06-10,16,63,RIVER_CONNECTED,2023-06-06,0.897,32.8286,47.0487,486978.3,5210586.5,INHULETS_VALLEY_rect,1.0,ZONE_4_DAM_TO_KHERSON_FLOODWAY,river,735.82,,,,0.3941,0.0205,0.5283,0.0312,0.0,0.0045,0.0214,0.0001,0.0823,0.3881,30.16,1.48,2.16,6.06,6.54,4.38,5.48,1.0,0.0,0.0,Inhulets,31.1,True,4.0,0.0,2023-06-13,3.0,0.0,0.0,0.922,0.0,,S1_UNOBSERVED,,RIVER_CONNECTED;S1_UNOBSERVED;WEAK_SURFACE,
2023-06-10,17,36,RIVER_CONNECTED,2023-06-06,1.036,32.8396,47.0403,487816.8,5209657.9,INHULETS_VALLEY_rect,1.0,ZONE_4_DAM_TO_KHERSON_FLOODWAY,river,735.82,,,,0.556,0.0371,0.3452,0.0216,0.0,0.0239,0.0162,0.0001,0.0783,0.4327,29.08,1.31,2.19,5.87,6.54,4.35,5.49,1.0,0.0,0.0,Inhulets,30.3,True,4.0,0.0,2023-06-13,3.0,0.0,0.0,0.901,0.0,,S1_UNOBSERVED,,RIVER_CONNECTED;S1_UNOBSERVED;WEAK_SURFACE,
2023-06-10,24,81,RIVER_CONNECTED,2023-06-06,2.033,32.8327,47.026,487286.7,5208070.9,INHULETS_VALLEY_rect,1.0,ZONE_4_DAM_TO_KHERSON_FLOODWAY,river,735.82,,,,0.0163,0.0761,0.5857,0.1698,0.0,0.0571,0.095,0.0001,0.0733,0.4936,32.56,1.25,2.34,5.97,6.54,4.2,5.76,1.0,0.0,0.0,Inhulets,28.8,True,4.0,0.0,2023-06-13,3.0,0.943,0.524,0.602,0.93,0.591,LATER_S1_WATER,,RIVER_CONNECTED;LATER_S1_WATER;WEAK_SURFACE,
2023-06-10,26,90,RIVER_CONNECTED,2023-06-06,0.295,32.8542,47.0229,488923.2,5207722.3,INHULETS_VALLEY_rect,1.0,ZONE_4_DAM_TO_KHERSON_FLOODWAY,river,735.82,,,,0.0014,0.3171,0.5949,0.0474,0.0,0.0,0.0393,0.0,0.056,0.5467,33.98,1.62,3.86,6.23,6.54,2.68,5.46,1.0,0.0,0.0,Inhulets,28.5,True,4.0,0.0,2023-06-13,3.0,1.0,0.28,0.596,1.0,0.409,LATER_S1_WATER,,RIVER_CONNECTED;LATER_S1_WATER;WEAK_SURFACE,
2023-06-10,33,97,RIVER_CONNECTED,2023-06-06,1.261,32.8298,47.0162,487067.3,5206975.7,INHULETS_VALLEY_rect,1.0,ZONE_4_DAM_TO_KHERSON_FLOODWAY,river,735.82,,,,0.7357,0.0003,0.2338,0.0029,0.0,0.0,0.0273,0.0001,0.0576,0.3881,26.43,1.2,1.73,3.21,6.54,4.81,5.54,1.0,0.0,0.0,Inhulets,27.6,True,4.0,0.0,2023-06-13,3.0,1.0,0.907,0.97,1.0,0.921,LATER_S1_WATER,,RIVER_CONNECTED;LATER_S1_WATER;WEAK_SURFACE,
2023-06-10,37,115,RIVER_CONNECTED,2023-06-06,0.749,32.8248,47.0059,486683.0,5205838.1,INHULETS_VALLEY_rect,1.0,ZONE_4_DAM_TO_KHERSON_FLOODWAY,river,735.82,,,,0.5344,0.0133,0.3839,0.0331,0.0,0.0021,0.0331,0.0001,0.0687,0.3889,31.29,1.11,1.55,5.5,6.54,4.99,5.86,1.0,0.0,0.0,Inhulets,26.4,True,4.0,0.0,2023-06-13,3.0,1.0,0.743,0.918,1.0,0.758,LATER_S1_WATER,,RIVER_CONNECTED;LATER_S1_WATER;WEAK_SURFACE,
2023-06-10,41,119,RIVER_CONNECTED,2023-06-06,1.877,32.8066,47.0,485297.1,5205183.5,INHULETS_VALLEY_rect,1.0,ZONE_4_DAM_TO_KHERSON_FLOODWAY,river,735.82,,,,0.1504,0.0296,0.7494,0.0013,0.0,0.055,0.0143,0.0,0.0613,0.516,39.78,1.09,1.42,5.41,6.54,5.12,6.2,1.0,0.0,0.0,Inhulets,25.5,True,4.0,0.0,2023-06-13,3.0,1.0,0.747,0.9,1.0,0.814,LATER_S1_WATER,,RIVER_CONNECTED;LATER_S1_WATER;WEAK_SURFACE,
2023-06-10,76,158,RIVER_CONNECTED,2023-06-06,1.371,32.823,46.9854,486543.2,5203559.4,INHULETS_VALLEY_rect,1.0,ZONE_4_DAM_TO_KHERSON_FLOODWAY,river,735.82,,,,0.367,0.0003,0.6167,0.0012,0.0,0.0,0.0149,0.0,0.047,0.5535,37.69,1.08,1.51,5.0,6.54,5.03,6.03,1.0,0.0,0.0,Inhulets,24.0,True,4.0,0.0,2023-06-13,3.0,1.0,0.866,0.984,1.0,0.872,LATER_S1_WATER,,RIVER_CONNECTED;LATER_S1_WATER;WEAK_SURFACE,
2023-06-10,84,171,RIVER_CONNECTED,2023-06-06,0.934,32.812,46.973,485699.9,5202182.2,INHULETS_VALLEY_rect,1.0,ZONE_4_DAM_TO_KHERSON_FLOODWAY,river,735.82,,,,0.1358,0.2107,0.4994,0.1191,0.0,0.0,0.0351,0.0,0.0352,0.5452,33.89,1.14,2.28,5.76,6.54,4.26,6.41,1.0,0.0,0.0,Inhulets,22.5,True,4.0,0.0,2023-06-13,3.0,1.0,0.499,0.635,1.0,0.51,LATER_S1_WATER,,RIVER_CONNECTED;LATER_S1_WATER;WEAK_SURFACE,
2023-06-10,103,193,RIVER_CONNECTED,2023-06-06,1.841,32.8123,46.9543,485718.6,5200107.2,INHULETS_VALLEY_rect,1.0,ZONE_4_DAM_TO_KHERSON_FLOODWAY,river,735.82,,,,0.0491,0.0117,0.6906,0.2266,0.0,0.0048,0.0172,0.0,0.0401,0.5905,36.65,0.81,1.59,5.85,6.54,4.95,6.34,1.0,0.0,0.0,Inhulets,20.5,True,4.0,0.0,2023-06-13,3.0,1.0,0.764,0.74,1.0,0.723,LATER_S1_WATER,,RIVER_CONNECTED;LATER_S1_WATER;WEAK_SURFACE,
2023-06-10,110,215,RIVER_CONNECTED,2023-06-06,1.039,32.8053,46.9422,485181.4,5198757.1,INHULETS_VALLEY_rect,1.0,ZONE_4_DAM_TO_KHERSON_FLOODWAY,river,735.82,,,,0.0346,0.0312,0.9053,0.0089,0.0,0.0015,0.0185,0.0001,0.0516,0.548,33.72,1.09,1.65,5.86,6.54,4.89,6.28,1.0,0.0,0.0,Inhulets,19.3,True,4.0,0.0,2023-06-13,3.0,1.0,0.662,0.94,1.0,0.688,LATER_S1_WATER,,RIVER_CONNECTED;LATER_S1_WATER;WEAK_SURFACE,
2023-06-10,115,238,RIVER_CONNECTED,2023-06-06,1.134,32.8264,46.9276,486782.0,5197134.8,INHULETS_VALLEY_rect,1.0,ZONE_4_DAM_TO_KHERSON_FLOODWAY,river,735.82,,,,0.2978,0.1489,0.4181,0.1246,0.0,0.0064,0.0042,0.0001,0.0533,0.4816,31.82,1.09,1.99,5.95,6.54,4.55,5.78,1.0,0.0,0.0,Inhulets,18.0,True,4.0,0.0,2023-06-13,3.0,1.0,0.542,0.716,1.0,0.604,LATER_S1_WATER,,RIVER_CONNECTED;LATER_S1_WATER;WEAK_SURFACE,
2023-06-10,122,261,RIVER_CONNECTED,2023-06-06,0.548,32.8171,46.9065,486073.6,5194785.4,INHULETS_VALLEY_rect,1.0,ZONE_4_DAM_TO_KHERSON_FLOODWAY,river,735.82,,,,0.0299,0.0307,0.87,0.0402,0.0,0.0007,0.0285,0.0002,0.0531,0.5328,34.98,1.1,1.96,6.02,6.54,4.58,5.96,1.0,0.0,0.0,Inhulets,15.4,True,4.0,0.0,2023-06-13,3.0,1.0,0.52,0.9,1.0,0.547,LATER_S1_WATER,,RIVER_CONNECTED;LATER_S1_WATER;WEAK_SURFACE,
2023-06-10,144,293,RIVER_CONNECTED,2023-06-06,0.4,32.8314,46.8905,487157.7,5193008.5,INHULETS_VALLEY_rect,1.0,ZONE_4_DAM_TO_KHERSON_FLOODWAY,river,735.82,,,,0.126,0.084,0.776,0.001,0.0,0.008,0.005,0.0002,0.0328,0.4858,30.29,1.16,3.49,6.17,6.54,3.06,5.49,1.0,0.0,0.0,Inhulets,14.1,True,4.0,0.0,2023-06-13,3.0,1.0,0.422,0.902,1.0,0.449,LATER_S1_WATER,,RIVER_CONNECTED;LATER_S1_WATER;WEAK_SURFACE,
2023-06-10,151,314,RIVER_CONNECTED,2023-06-06,0.526,32.8242,46.8638,486598.5,5190046.9,INHULETS_VALLEY_rect,1.0,ZONE_4_DAM_TO_KHERSON_FLOODWAY,river,735.82,,,,0.1095,0.1004,0.7384,0.0144,0.0,0.0274,0.0099,0.0,0.0283,0.5934,32.54,1.16,3.07,6.13,6.54,3.47,5.94,0.859,0.0,0.141,Inhulets,10.8,True,4.0,0.0,2023-06-13,3.0,1.0,0.336,0.848,1.0,0.378,LATER_S1_WATER,,RIVER_CONNECTED;LATER_S1_WATER;WEAK_SURFACE,
2023-06-10,161,321,RIVER_CONNECTED,2023-06-06,0.85,32.7997,46.8562,484728.7,5189199.3,INHULETS_VALLEY_rect,1.0,ZONE_4_DAM_TO_KHERSON_FLOODWAY,river,735.82,,,,0.1416,0.087,0.7385,0.0,0.0,0.0306,0.0024,0.0,0.0347,0.5587,29.84,1.28,3.98,6.31,6.54,2.56,5.48,0.061,0.0,0.939,Inhulets,9.6,True,4.0,0.0,2023-06-13,3.0,1.0,0.311,0.88,1.0,0.351,LATER_S1_WATER,,RIVER_CONNECTED;LATER_S1_WATER,
2023-06-10,170,358,RIVER_CONNECTED,2023-06-06,1.144,32.7919,46.8307,484131.7,5186370.2,INHULETS_VALLEY_rect,1.0,ZONE_4_DAM_TO_KHERSON_FLOODWAY,river,735.82,,,,0.0563,0.1346,0.7409,0.022,0.0,0.0374,0.0087,0.0001,0.0399,0.5559,30.81,1.17,3.26,6.22,6.54,3.28,6.18,0.0,0.0,1.0,Inhulets,7.0,True,4.0,0.0,2023-06-13,3.0,1.0,0.273,0.797,1.0,0.308,LATER_S1_WATER,,RIVER_CONNECTED;LATER_S1_WATER,
2023-06-10,182,360,RIVER_CONNECTED,2023-06-06,0.848,33.2176,46.8143,516599.7,5184552.7,DNIPRO_CORRIDOR,1.0,ZONE_4_DAM_TO_KHERSON_FLOODWAY,river,735.82,,,,0.0,0.3597,0.2074,0.4121,0.0,0.0005,0.0203,0.0,0.1528,0.4344,34.51,1.75,2.85,7.44,8.3,5.43,7.47,0.0,0.0,1.0,Kokan',4.4,True,4.0,0.0,2023-06-13,3.0,1.0,0.419,0.207,1.0,0.145,LATER_S1_WATER,,RIVER_CONNECTED;LATER_S1_WATER,
2023-06-10,204,412,RIVER_CONNECTED,2023-06-06,0.338,32.817,46.8023,486036.9,5183206.9,INHULETS_VALLEY_rect,1.0,ZONE_4_DAM_TO_KHERSON_FLOODWAY,river,735.82,,,,0.0876,0.0876,0.6036,0.0071,0.0,0.1964,0.0178,0.0001,0.0365,0.4693,24.71,1.26,3.43,6.19,6.54,3.11,5.49,0.0,0.0,1.0,Inhulets,4.8,True,4.0,0.0,2023-06-13,3.0,1.0,0.356,0.691,1.0,0.493,LATER_S1_WATER,,RIVER_CONNECTED;LATER_S1_WATER,
2023-06-10,222,467,RIVER_CONNECTED,2023-06-06,0.4,32.8186,46.7817,486149.7,5180922.6,INHULETS_VALLEY_rect,1.0,ZONE_4_DAM_TO_KHERSON_FLOODWAY,river,735.82,,,,0.041,0.253,0.545,0.0,0.0,0.15,0.011,0.0001,0.0348,0.526,27.02,1.26,3.86,6.31,6.54,2.67,5.92,0.0,0.0,1.0,Inhulets,3.4,True,4.0,0.0,2023-06-13,3.0,1.0,0.157,0.586,1.0,0.265,LATER_S1_INCONCLUSIVE,,RIVER_CONNECTED;LATER_S1_INCONCLUSIVE,
2023-06-10,227,413,RIVER_CONNECTED,2023-06-06,0.724,33.0368,46.7864,502811.7,5181425.6,INHULETS_VALLEY_rect,0.638,ZONE_4_DAM_TO_KHERSON_FLOODWAY,river,735.82,,,,0.0011,0.2369,0.5157,0.2054,0.0,0.0331,0.0077,0.0037,0.025,0.5747,32.19,1.41,3.45,7.0,7.46,3.99,7.14,0.0,0.638,0.362,Dnipro,4.4,True,4.0,0.0,2023-06-13,3.0,1.0,0.24,0.517,1.0,0.123,LATER_S1_WATER,,RIVER_CONNECTED;LATER_S1_WATER,
2023-06-10,297,552,RIVER_CONNECTED,2023-06-06,0.445,33.2465,46.7806,518819.0,5180809.2,DNIPRO_CORRIDOR,1.0,ZONE_4_DAM_TO_KHERSON_FLOODWAY,river,735.82,,,,0.0,0.9694,0.0,0.0153,0.0,0.0,0.0153,0.0,0.343,0.1069,0.98,1.77,2.46,5.28,8.34,5.87,6.68,0.0,0.0,1.0,Kokan',0.9,True,4.0,0.0,2023-06-13,3.0,1.0,0.024,0.0,0.0,,LATER_S1_NO_WATER_SIGNAL_VEGETATED,,RIVER_CONNECTED;LATER_S1_NO_WATER_SIGNAL_VEGETATED,
2023-06-10,355,693,RIVER_CONNECTED,2023-06-06,0.55,32.7947,46.7648,484322.5,5179052.6,DNIPRO_CORRIDOR,0.703,ZONE_4_DAM_TO_KHERSON_FLOODWAY,river,735.82,,,,0.2989,0.1833,0.488,0.0131,0.0,0.0051,0.0116,0.0001,0.085,0.4776,29.12,1.14,3.52,6.2,6.54,3.01,5.63,0.0,0.0,1.0,Inhulets,0.7,True,4.0,0.0,2023-06-13,3.0,1.0,0.156,0.787,1.0,0.188,LATER_S1_INCONCLUSIVE,,RIVER_CONNECTED;LATER_S1_INCONCLUSIVE,
2023-06-10,356,606,RIVER_CONNECTED,2023-06-06,0.896,33.1463,46.7779,511169.2,5180494.1,DNIPRO_CORRIDOR,1.0,ZONE_4_DAM_TO_KHERSON_FLOODWAY,river,735.82,,,,0.0022,0.0254,0.7768,0.1817,0.0,0.0031,0.0107,0.0001,0.1161,0.1574,1.67,1.47,2.24,3.54,7.97,5.7,7.3,0.0,0.0,1.0,Dnipro,0.5,True,4.0,0.0,2023-06-13,3.0,1.0,0.933,0.779,1.0,0.929,LATER_S1_WATER,,RIVER_CONNECTED;LATER_S1_WATER,
2023-06-10,369,436,RIVER_CONNECTED,2023-06-06,0.69,33.3146,46.7778,524016.0,5180518.0,DNIPRO_CORRIDOR,1.0,ZONE_4_DAM_TO_KHERSON_FLOODWAY,river,735.82,,,,0.0,0.5353,0.2346,0.1483,0.0,0.0608,0.0209,0.0004,0.3447,0.0588,0.98,1.92,3.04,5.07,8.58,5.59,7.55,0.0,0.0,1.0,Kokan',1.5,True,4.0,0.0,2023-06-13,3.0,1.0,0.198,0.235,1.0,0.338,LATER_S1_INCONCLUSIVE,,RIVER_CONNECTED;LATER_S1_INCONCLUSIVE,
2023-06-10,393,647,RIVER_CONNECTED,2023-06-06,1.188,33.1745,46.7719,513321.6,5179826.6,DNIPRO_CORRIDOR,1.0,ZONE_4_DAM_TO_KHERSON_FLOODWAY,river,735.82,,,,0.0,0.0758,0.8609,0.0441,0.0,0.004,0.0152,0.0001,0.2187,0.0363,1.45,1.62,3.08,3.81,7.95,4.91,6.74,0.0,0.0,1.0,Dnipro,1.0,True,4.0,0.0,2023-06-13,3.0,1.0,0.92,0.861,1.0,0.946,LATER_S1_WATER,,RIVER_CONNECTED;LATER_S1_WATER,
2023-06-10,410,665,RIVER_CONNECTED,2023-06-06,0.376,33.3319,46.7739,525337.2,5180096.3,DNIPRO_CORRIDOR,1.0,ZONE_4_DAM_TO_KHERSON_FLOODWAY,river,735.82,,,,0.0,0.516,0.4053,0.0734,0.0,0.0,0.0053,0.0006,0.2926,0.037,1.75,1.97,3.16,4.29,8.74,5.58,6.89,0.0,0.0,1.0,Kokan',0.8,True,4.0,0.0,2023-06-13,3.0,1.0,0.289,0.405,1.0,0.614,LATER_S1_WATER,,RIVER_CONNECTED;LATER_S1_WATER,
2023-06-10,433,692,RIVER_CONNECTED,2023-06-06,0.396,33.3378,46.768,525788.8,5179444.2,DNIPRO_CORRIDOR,1.0,ZONE_4_DAM_TO_KHERSON_FLOODWAY,river,735.82,,,,0.0,0.6242,0.3364,0.0354,0.0,0.0,0.004,0.0014,0.2678,0.0227,5.46,1.95,2.87,4.32,8.84,5.9,7.21,0.0,0.0,1.0,Kokan',0.4,True,4.0,0.0,2023-06-13,3.0,1.0,0.584,0.336,1.0,0.898,LATER_S1_WATER,,RIVER_CONNECTED;LATER_S1_WATER,
2023-06-10,458,717,RIVER_CONNECTED,2023-06-06,0.303,33.063,46.7623,504811.2,5178748.8,DNIPRO_CORRIDOR,1.0,ZONE_4_DAM_TO_KHERSON_FLOODWAY,river,735.82,,,,0.0,0.0435,0.9182,0.0224,0.0,0.0106,0.0053,0.0004,0.1349,0.298,13.68,1.42,2.18,6.94,7.46,5.28,7.12,0.0,0.0,1.0,Dnipro,0.8,True,4.0,0.0,2023-06-13,3.0,1.0,0.365,0.918,1.0,0.374,LATER_S1_WATER,,RIVER_CONNECTED;LATER_S1_WATER,
2023-06-10,501,886,RIVER_CONNECTED,2023-06-06,0.302,32.9229,46.7586,494112.2,5178338.7,DNIPRO_CORRIDOR,1.0,ZONE_4_DAM_TO_KHERSON_FLOODWAY,river,735.82,,,,0.3466,0.1336,0.3823,0.1336,0.0,0.004,0.0,0.0,0.1549,0.4972,25.84,2.51,5.15,6.74,6.88,1.74,5.51,0.0,0.0,1.0,Inhulets,1.7,True,4.0,0.0,2023-06-13,3.0,1.0,0.015,0.729,1.0,0.02,LATER_S1_OPEN_SURFACE_NO_WATER,,RIVER_CONNECTED;LATER_S1_OPEN_SURFACE_NO_WATER,
2023-06-10,539,2112,RIVER_CONNECTED,2023-06-06,8.666,33.1416,46.7486,510817.8,5177232.1,DNIPRO_CORRIDOR,1.0,ZONE_4_DAM_TO_KHERSON_FLOODWAY,river,735.82,,,,0.0021,0.3983,0.3391,0.024,0.0005,0.2311,0.005,0.0001,0.331,0.0884,7.06,1.77,6.43,7.83,7.69,1.26,7.63,0.0,0.0,1.0,no_data,1.8,True,4.0,0.0,2023-06-13,3.0,1.0,0.117,0.342,1.0,0.23,LATER_S1_INCONCLUSIVE,,RIVER_CONNECTED;LATER_S1_INCONCLUSIVE,
2023-06-10,607,929,RIVER_CONNECTED,2023-06-06,0.49,32.7912,46.7473,484053.4,5177100.2,DNIPRO_CORRIDOR,1.0,ZONE_4_DAM_TO_KHERSON_FLOODWAY,river,735.82,,,,0.0057,0.279,0.5457,0.0171,0.0,0.1175,0.0351,0.0001,0.1299,0.5102,30.08,1.11,2.86,6.13,6.5,3.64,5.55,0.0,0.0,1.0,Inhulets,0.5,True,4.0,0.0,2023-06-13,3.0,1.0,0.152,0.551,1.0,0.244,LATER_S1_INCONCLUSIVE,,RIVER_CONNECTED;LATER_S1_INCONCLUSIVE,
2023-06-10,643,913,RIVER_CONNECTED,2023-06-06,1.169,32.9653,46.7467,497351.7,5177015.5,DNIPRO_CORRIDOR,1.0,ZONE_4_DAM_TO_KHERSON_FLOODWAY,river,735.82,,,,0.0,0.6485,0.3118,0.0284,0.0,0.0017,0.0096,0.0001,0.1945,0.3399,12.88,1.09,1.92,5.56,6.99,5.07,8.06,0.0,0.0,1.0,Dnipro,0.9,True,4.0,0.0,2023-06-13,3.0,1.0,0.15,0.312,1.0,0.422,LATER_S1_INCONCLUSIVE,,RIVER_CONNECTED;LATER_S1_INCONCLUSIVE,
2023-06-10,651,928,RIVER_CONNECTED,2023-06-06,1.061,32.7636,46.7355,481936.3,5175803.2,DNIPRO_CORRIDOR,0.657,ZONE_4_DAM_TO_KHERSON_FLOODWAY,river,735.82,,,,0.1199,0.2821,0.4246,0.1561,0.0,0.0109,0.0064,0.0,0.13,0.4448,27.85,1.05,3.37,6.17,6.47,3.1,6.17,0.0,0.0,1.0,Inhulets,0.5,True,4.0,0.0,2023-06-13,3.0,1.0,0.15,0.544,1.0,0.089,LATER_S1_INCONCLUSIVE,,RIVER_CONNECTED;LATER_S1_INCONCLUSIVE,
2023-06-10,1148,2112,RIVER_CONNECTED,2023-06-06,98.621,32.6854,46.5723,475894.9,5157688.1,DNIPRO_CORRIDOR,1.0,ZONE_2_KHERSON_DELTA,river,735.82,,,,0.0165,0.1829,0.3304,0.3179,0.0035,0.1412,0.0053,0.003,0.1972,0.0445,4.69,0.74,2.47,5.53,4.59,2.34,6.43,0.086,0.0,0.914,Dnipro,5.7,True,4.0,0.0,2023-06-13,3.0,0.996,0.145,0.35,0.998,0.166,LATER_S1_INCONCLUSIVE,,RIVER_CONNECTED;LATER_S1_INCONCLUSIVE,
2023-06-10,1149,1480,RIVER_CONNECTED,2023-06-06,0.275,32.8081,46.7077,485331.8,5172702.4,DNIPRO_CORRIDOR,1.0,ZONE_4_DAM_TO_KHERSON_FLOODWAY,river,735.82,,,,0.0,0.3231,0.3712,0.016,0.0,0.1572,0.1325,0.0,0.13,0.4029,21.87,1.27,4.48,6.2,6.44,1.96,5.98,0.0,0.0,1.0,Inhulets,0.2,True,4.0,0.0,2023-06-13,3.0,1.0,0.106,0.371,1.0,0.137,LATER_S1_INCONCLUSIVE,,RIVER_CONNECTED;LATER_S1_INCONCLUSIVE,
2023-06-10,1300,1717,RIVER_CONNECTED,2023-06-06,7.252,32.5624,46.6495,466515.6,5166303.9,DNIPRO_CORRIDOR,1.0,ZONE_2_KHERSON_DELTA,river,735.82,,,,0.0078,0.0908,0.2488,0.3418,0.0042,0.3024,0.0042,0.0017,0.1066,0.127,20.92,0.77,2.49,4.62,4.79,1.76,4.66,0.0,0.0,1.0,gauge,4.8,True,4.0,0.0,2023-06-13,3.0,1.0,0.057,0.261,1.0,0.009,LATER_S1_INCONCLUSIVE,,RIVER_CONNECTED;LATER_S1_INCONCLUSIVE,
2023-06-10,1334,2112,TRAPPED,2023-06-06,7.814,33.1122,46.6728,508585.0,5168806.6,DNIPRO_CORRIDOR,1.0,ZONE_4_DAM_TO_KHERSON_FLOODWAY,isolated,7.81,1.0,0.0004,6.5,0.0,0.5737,0.4102,0.0157,0.0,0.0004,0.0,0.0081,0.3017,0.0137,8.44,5.58,6.81,7.34,7.38,0.56,2.23,0.0,0.0,1.0,no_data,7.3,,,5081.0,2023-06-13,3.0,1.0,0.005,0.41,1.0,0.013,LATER_S1_OPEN_SURFACE_NO_WATER,RETAINED_UNCERTAIN,TRAPPED;LATER_S1_OPEN_SURFACE_NO_WATER;RETAINED_UNCERTAIN,
2023-06-10,1388,1722,RIVER_CONNECTED,2023-06-06,1.266,32.6856,46.6672,475952.4,5168228.3,DNIPRO_CORRIDOR,1.0,ZONE_2_KHERSON_DELTA,river,735.82,,,,0.0054,0.0821,0.1845,0.4488,0.0268,0.2306,0.0111,0.0011,0.1607,0.0884,17.02,0.71,1.27,4.35,5.28,4.04,5.94,0.0,0.0,1.0,no_data,0.7,True,4.0,0.0,2023-06-13,3.0,0.978,0.419,0.217,1.0,0.399,LATER_S1_WATER,,RIVER_CONNECTED;LATER_S1_WATER,
2023-06-10,1440,1775,RIVER_CONNECTED,2023-06-06,1.199,32.7208,46.6511,478634.5,5166435.7,DNIPRO_CORRIDOR,1.0,ZONE_4_DAM_TO_KHERSON_FLOODWAY,river,735.82,,,,0.0,0.2845,0.0584,0.3879,0.0007,0.2528,0.0157,0.0008,0.162,0.0013,0.47,0.75,1.31,4.05,5.53,4.21,6.31,0.0,0.0,1.0,Dnipro,1.0,True,4.0,0.0,2023-06-13,3.0,1.0,0.078,0.059,1.0,0.0,LATER_S1_INCONCLUSIVE,,RIVER_CONNECTED;LATER_S1_INCONCLUSIVE,
2023-06-10,1574,2112,TRAPPED,2023-06-06,0.943,33.1332,46.6451,510190.6,5165738.9,DNIPRO_CORRIDOR,1.0,ZONE_4_DAM_TO_KHERSON_FLOODWAY,isolated,1.29,24.0,2.5832,7.05,0.0526,0.1052,0.1977,0.6381,0.0013,0.0,0.0051,0.0021,0.1192,0.0212,8.17,6.23,7.08,7.35,7.38,0.3,1.55,0.81,0.0,0.19,no_data,10.9,,,8438.0,2023-06-13,3.0,0.26,0.0,0.252,0.002,0.0,LATER_S1_INCONCLUSIVE,RETAINED_UNCERTAIN,TRAPPED;LATER_S1_INCONCLUSIVE;RETAINED_UNCERTAIN;WEAK_SURFACE,
2023-06-10,1614,1963,RIVER_CONNECTED,2023-06-06,1.811,32.4472,46.6437,457692.5,5165721.7,DNIPRO_CORRIDOR,1.0,ZONE_2_KHERSON_DELTA,river,735.82,,,,0.0261,0.0515,0.296,0.5648,0.0004,0.0552,0.006,0.0001,0.0229,0.5157,16.03,0.66,1.19,2.97,3.28,2.05,3.53,0.0,0.0,1.0,Dnipro,7.5,True,4.0,0.0,2023-06-13,3.0,1.0,0.03,0.323,1.0,0.048,LATER_S1_OPEN_SURFACE_NO_WATER,,RIVER_CONNECTED;LATER_S1_OPEN_SURFACE_NO_WATER,
2023-06-10,1685,2011,RIVER_CONNECTED,2023-06-06,0.53,32.649,46.6366,473132.3,5164841.6,DNIPRO_CORRIDOR,1.0,ZONE_2_KHERSON_DELTA,river,735.82,,,,0.0,0.0038,0.0045,0.9872,0.0,0.0,0.0045,0.0014,0.1477,0.0002,0.57,0.68,0.83,1.1,5.0,4.14,5.07,0.0,0.0,1.0,no_data,0.5,True,4.0,0.0,2023-06-13,3.0,1.0,0.334,0.005,1.0,0.0,LATER_S1_WATER,,RIVER_CONNECTED;LATER_S1_WATER,
2023-06-10,1790,2143,RIVER_CONNECTED,2023-06-06,0.31,32.4845,46.6307,460539.3,5164256.8,DNIPRO_CORRIDOR,1.0,ZONE_2_KHERSON_DELTA,river,735.82,,,,0.0013,0.0335,0.5606,0.2693,0.0,0.134,0.0013,0.0,0.0343,0.1912,0.93,0.71,2.22,3.18,3.29,1.08,3.26,0.0,0.0,1.0,Dnipro,4.7,True,4.0,0.0,2023-06-13,3.0,1.0,0.157,0.562,1.0,0.213,LATER_S1_INCONCLUSIVE,,RIVER_CONNECTED;LATER_S1_INCONCLUSIVE,
2023-06-10,1895,2220,RIVER_CONNECTED,2023-06-06,5.638,32.5799,46.6133,467832.2,5162283.7,DNIPRO_CORRIDOR,1.0,ZONE_2_KHERSON_DELTA,river,735.82,,,,0.0007,0.1473,0.0793,0.0743,0.0071,0.6691,0.0222,0.0005,0.1243,0.0004,0.29,0.73,2.02,4.02,4.53,2.16,5.0,0.0,0.0,1.0,Dnipro,1.1,True,4.0,0.0,2023-06-13,3.0,1.0,0.015,0.087,1.0,0.014,LATER_S1_NO_WATER_SIGNAL_VEGETATED,,RIVER_CONNECTED;LATER_S1_NO_WATER_SIGNAL_VEGETATED,
2023-06-10,1951,2285,RIVER_CONNECTED,2023-06-06,0.325,32.5476,46.6156,465363.8,5162544.6,DNIPRO_CORRIDOR,1.0,ZONE_2_KHERSON_DELTA,river,735.82,,,,0.0,0.2977,0.0,0.6876,0.0,0.0,0.0148,0.0023,0.0861,0.0043,0.26,0.53,0.79,1.62,3.45,2.66,3.73,0.0,0.0,1.0,Dnipro,2.2,True,4.0,0.0,2023-06-13,3.0,1.0,0.234,0.0,0.0,,LATER_S1_WATER,,RIVER_CONNECTED;LATER_S1_WATER,
2023-06-10,2012,2351,RIVER_CONNECTED,2023-06-06,0.522,32.4879,46.6094,460781.0,5161887.9,DNIPRO_CORRIDOR,1.0,ZONE_2_KHERSON_DELTA,river,735.82,,,,0.0,0.1096,0.0,0.8697,0.0,0.0,0.0207,0.0001,0.0439,0.0677,0.21,0.55,0.78,1.33,3.17,2.43,2.84,0.0,0.0,1.0,Dnipro,2.6,True,4.0,0.0,2023-06-13,3.0,1.0,0.189,0.0,0.0,,LATER_S1_INCONCLUSIVE,,RIVER_CONNECTED;LATER_S1_INCONCLUSIVE,
2023-06-10,2058,2401,RIVER_CONNECTED,2023-06-06,0.425,32.6143,46.6086,470466.5,5161738.0,DNIPRO_CORRIDOR,1.0,ZONE_2_KHERSON_DELTA,river,735.82,,,,0.0019,0.4111,0.1515,0.4055,0.0,0.0103,0.0198,0.0001,0.1346,0.0,0.33,0.68,1.17,1.93,4.54,3.17,4.63,0.0,0.0,1.0,Dnipro,0.6,True,4.0,0.0,2023-06-13,3.0,1.0,0.079,0.153,1.0,0.031,LATER_S1_INCONCLUSIVE,,RIVER_CONNECTED;LATER_S1_INCONCLUSIVE,
2023-06-10,2213,2560,RIVER_CONNECTED,2023-06-06,0.363,32.4964,46.5953,461423.5,5160317.7,DNIPRO_CORRIDOR,1.0,ZONE_2_KHERSON_DELTA,river,735.82,,,,0.0,0.0,0.0,1.0,0.0,0.0,0.0,0.0001,0.0576,0.0215,0.19,0.55,0.63,0.83,1.97,1.4,2.71,0.0,0.0,1.0,Dnipro,0.9,True,4.0,0.0,2023-06-13,3.0,1.0,0.399,0.0,0.0,,LATER_S1_WATER,,RIVER_CONNECTED;LATER_S1_WATER,
2023-06-10,2355,2704,RIVER_CONNECTED,2023-06-06,0.797,32.5678,46.5817,466885.7,5158767.9,DNIPRO_CORRIDOR,1.0,ZONE_2_KHERSON_DELTA,river,735.82,,,,0.0,0.1069,0.0,0.8886,0.0,0.0035,0.001,0.0001,0.1324,0.0001,0.14,0.19,0.71,1.17,4.38,3.68,4.74,0.0,0.0,1.0,Dnipro,1.6,True,4.0,0.0,2023-06-13,3.0,1.0,0.305,0.0,0.0,,LATER_S1_WATER,,RIVER_CONNECTED;LATER_S1_WATER,
2023-06-10,2393,2805,RIVER_CONNECTED,2023-06-06,0.504,32.4644,46.5769,458959.4,5158285.6,DNIPRO_CORRIDOR,1.0,ZONE_2_KHERSON_DELTA,river,735.82,,,,0.0063,0.0484,0.2302,0.6262,0.0,0.0722,0.0167,0.0,0.0532,0.1545,0.48,0.42,0.87,1.93,2.31,1.33,2.46,0.0,0.0,1.0,Dnipro,1.0,True,4.0,0.0,2023-06-13,3.0,1.0,0.013,0.237,1.0,0.054,LATER_S1_NO_WATER_SIGNAL_VEGETATED,,RIVER_CONNECTED;LATER_S1_NO_WATER_SIGNAL_VEGETATED,
2023-06-10,2708,3187,RIVER_CONNECTED,2023-06-06,0.571,32.5033,46.5536,461923.5,5155678.8,DNIPRO_CORRIDOR,1.0,ZONE_2_KHERSON_DELTA,river,735.82,,,,0.0,0.0714,0.2472,0.6106,0.0084,0.0546,0.0077,0.0003,0.0891,0.0,0.21,0.51,0.69,2.19,2.39,1.72,2.97,0.0,0.0,1.0,Dnipro,2.9,True,4.0,0.0,2023-06-13,3.0,1.0,0.383,0.256,1.0,0.4,LATER_S1_WATER,,RIVER_CONNECTED;LATER_S1_WATER,
2023-06-10,2874,3284,RIVER_CONNECTED,2023-06-06,0.259,32.5366,46.5429,464468.3,5154473.1,DNIPRO_CORRIDOR,1.0,ZONE_2_KHERSON_DELTA,river,735.82,,,,0.0,0.0741,0.0741,0.8117,0.0,0.0324,0.0077,0.0058,0.1254,0.0027,0.34,0.09,0.66,1.09,2.59,1.94,3.73,0.0,0.0,1.0,Dnipro,5.4,True,4.0,0.0,2023-06-13,3.0,1.0,0.068,0.074,1.0,0.021,LATER_S1_INCONCLUSIVE,,RIVER_CONNECTED;LATER_S1_INCONCLUSIVE,
2023-06-10,2925,3424,ISOLATED_NEVER,,1.593,32.5329,46.5231,464173.1,5152275.5,DNIPRO_CORRIDOR,1.0,ZONE_2_KHERSON_DELTA,isolated,2.75,4.0,0.5468,-5.25,0.0008,0.1836,0.2378,0.1173,0.0,0.4606,0.0,0.0045,0.1278,0.0644,2.2,0.64,1.73,2.34,2.38,0.67,2.54,0.0,0.0,1.0,Dnipro,6.8,,,57.0,2023-06-13,3.0,1.0,0.099,0.239,1.0,0.321,LATER_S1_INCONCLUSIVE,,ISOLATED_NEVER;LATER_S1_INCONCLUSIVE,
2023-06-10,0,0,RIVER_CONNECTED,,22.01,,,,,specks < min_km2,,,,,,,,,,,,,,,,,,,,,,,,,,,,,,,,,,,,,,,,,,RIVER_CONNECTED;SPECKS_AGGREGATED,2849.0
2023-06-10,0,0,TRAPPED,,0.466,,,,,specks < min_km2,,,,,,,,,,,,,,,,,,,,,,,,,,,,,,,,,,,,,,,,,,TRAPPED;SPECKS_AGGREGATED,47.0
2023-06-10,0,0,ISOLATED_NEVER,,0.1,,,,,specks < min_km2,,,,,,,,,,,,,,,,,,,,,,,,,,,,,,,,,,,,,,,,,,ISOLATED_NEVER;SPECKS_AGGREGATED,20.0
2023-06-11,1,1,RIVER_CONNECTED,2023-06-06,8.71,32.908,47.1213,493019.2,5218648.9,INHULETS_VALLEY_rect,1.0,ZONE_4_DAM_TO_KHERSON_FLOODWAY,river,720.38,,,,0.6047,0.0373,0.2415,0.0374,0.0,0.0017,0.0773,0.0,0.0482,0.565,40.61,2.13,3.31,5.29,5.88,2.57,5.7,0.993,0.007,0.0,Inhulets,39.7,True,4.0,0.0,2023-06-13,2.0,0.0,0.0,0.846,0.0,,S1_UNOBSERVED,,RIVER_CONNECTED;S1_UNOBSERVED;WEAK_SURFACE,
2023-06-11,2,1,RIVER_CONNECTED,2023-06-06,8.01,32.9806,47.1342,498527.6,5220073.0,INHULETS_VALLEY_rect,1.0,ZONE_4_DAM_TO_KHERSON_FLOODWAY,river,720.38,,,,0.5317,0.0755,0.2808,0.007,0.0,0.0084,0.0966,0.0,0.0709,0.5833,47.36,1.14,4.45,6.33,7.03,2.52,7.53,0.0,1.0,0.0,Dnipro,40.6,True,4.0,0.0,2023-06-13,2.0,0.0,0.0,0.813,0.0,,S1_UNOBSERVED,,RIVER_CONNECTED;S1_UNOBSERVED,
2023-06-11,4,1,RIVER_CONNECTED,2023-06-06,0.752,32.9388,47.0974,495357.7,5215984.6,INHULETS_VALLEY_rect,1.0,ZONE_4_DAM_TO_KHERSON_FLOODWAY,river,720.38,,,,0.1176,0.1457,0.5787,0.0883,0.0,0.0027,0.067,0.0001,0.0623,0.5148,39.21,1.95,3.87,5.78,6.85,2.9,5.48,0.218,0.782,0.0,Dnipro,38.3,True,4.0,0.0,2023-06-13,2.0,0.0,0.0,0.696,0.0,,S1_UNOBSERVED,,RIVER_CONNECTED;S1_UNOBSERVED,
2023-06-11,6,16,RIVER_CONNECTED,2023-06-06,4.04,32.8674,47.0862,489933.7,5214752.5,INHULETS_VALLEY_rect,1.0,ZONE_4_DAM_TO_KHERSON_FLOODWAY,river,720.38,,,,0.5869,0.0195,0.2723,0.0827,0.0,0.0089,0.0298,0.0001,0.0883,0.4398,34.26,1.75,2.78,4.9,5.88,3.1,5.23,1.0,0.0,0.0,Inhulets,35.6,True,4.0,0.0,2023-06-13,2.0,0.0,0.0,0.859,0.0,,S1_UNOBSERVED,,RIVER_CONNECTED;S1_UNOBSERVED;WEAK_SURFACE,
2023-06-11,15,36,RIVER_CONNECTED,2023-06-06,3.996,32.8439,47.0743,488146.9,5213429.8,INHULETS_VALLEY_rect,1.0,ZONE_4_DAM_TO_KHERSON_FLOODWAY,river,720.38,,,,0.553,0.0563,0.3416,0.0055,0.0,0.0207,0.0229,0.0001,0.0926,0.4499,33.64,1.51,2.43,5.12,5.88,3.45,4.97,1.0,0.0,0.0,Inhulets,34.5,True,4.0,0.0,2023-06-13,2.0,0.0,0.0,0.895,0.0,,S1_UNOBSERVED,,RIVER_CONNECTED;S1_UNOBSERVED;WEAK_SURFACE,
2023-06-11,20,63,RIVER_CONNECTED,2023-06-06,0.838,32.8289,47.0486,487000.0,5210577.6,INHULETS_VALLEY_rect,1.0,ZONE_4_DAM_TO_KHERSON_FLOODWAY,river,720.38,,,,0.4051,0.0172,0.5191,0.0334,0.0,0.0038,0.0215,0.0001,0.0817,0.3884,29.81,1.47,2.12,5.4,5.88,3.76,4.82,1.0,0.0,0.0,Inhulets,31.0,True,4.0,0.0,2023-06-13,2.0,0.0,0.0,0.924,0.0,,S1_UNOBSERVED,,RIVER_CONNECTED;S1_UNOBSERVED;WEAK_SURFACE,
2023-06-11,21,36,RIVER_CONNECTED,2023-06-06,0.984,32.8395,47.0403,487804.1,5209649.5,INHULETS_VALLEY_rect,1.0,ZONE_4_DAM_TO_KHERSON_FLOODWAY,river,720.38,,,,0.5608,0.0333,0.3489,0.0228,0.0,0.0175,0.0167,0.0001,0.0784,0.4319,28.96,1.3,2.14,5.16,5.88,3.74,4.83,1.0,0.0,0.0,Inhulets,30.3,True,4.0,0.0,2023-06-13,2.0,0.0,0.0,0.91,0.0,,S1_UNOBSERVED,,RIVER_CONNECTED;S1_UNOBSERVED;WEAK_SURFACE,
2023-06-11,28,81,RIVER_CONNECTED,2023-06-06,1.917,32.8332,47.0261,487323.1,5208074.4,INHULETS_VALLEY_rect,1.0,ZONE_4_DAM_TO_KHERSON_FLOODWAY,river,720.38,,,,0.0167,0.0657,0.592,0.1801,0.0,0.0459,0.0995,0.0001,0.0733,0.4937,32.42,1.24,2.22,5.37,5.88,3.66,5.1,1.0,0.0,0.0,Inhulets,28.8,True,4.0,0.0,2023-06-13,2.0,0.944,0.554,0.609,0.927,0.62,LATER_S1_WATER,,RIVER_CONNECTED;LATER_S1_WATER;WEAK_SURFACE,
2023-06-11,34,90,RIVER_CONNECTED,2023-06-06,0.253,32.8539,47.0227,488897.4,5207701.3,INHULETS_VALLEY_rect,1.0,ZONE_4_DAM_TO_KHERSON_FLOODWAY,river,720.38,,,,0.0016,0.3402,0.5902,0.0522,0.0,0.0,0.0158,0.0001,0.0592,0.5248,33.08,1.6,3.48,5.69,5.88,2.4,4.8,1.0,0.0,0.0,Inhulets,28.5,True,4.0,0.0,2023-06-13,2.0,1.0,0.318,0.592,1.0,0.479,LATER_S1_WATER,,RIVER_CONNECTED;LATER_S1_WATER;WEAK_SURFACE,
2023-06-11,39,97,RIVER_CONNECTED,2023-06-06,1.25,32.8298,47.0162,487061.3,5206979.7,INHULETS_VALLEY_rect,1.0,ZONE_4_DAM_TO_KHERSON_FLOODWAY,river,720.38,,,,0.7421,0.0003,0.2275,0.0029,0.0,0.0,0.0272,0.0001,0.0576,0.3879,26.4,1.2,1.73,2.92,5.88,4.15,4.88,1.0,0.0,0.0,Inhulets,27.6,True,4.0,0.0,2023-06-13,2.0,1.0,0.914,0.97,1.0,0.928,LATER_S1_WATER,,RIVER_CONNECTED;LATER_S1_WATER;WEAK_SURFACE,
2023-06-11,45,115,RIVER_CONNECTED,2023-06-06,0.721,32.8249,47.0059,486690.8,5205830.6,INHULETS_VALLEY_rect,1.0,ZONE_4_DAM_TO_KHERSON_FLOODWAY,river,720.38,,,,0.5541,0.0089,0.3733,0.0344,0.0,0.0022,0.0272,0.0001,0.0694,0.39,31.48,1.11,1.52,4.92,5.88,4.36,5.2,1.0,0.0,0.0,Inhulets,26.4,True,4.0,0.0,2023-06-13,2.0,1.0,0.77,0.927,1.0,0.779,LATER_S1_WATER,,RIVER_CONNECTED;LATER_S1_WATER;WEAK_SURFACE,
2023-06-11,48,119,RIVER_CONNECTED,2023-06-06,1.822,32.8065,47.0,485286.3,5205187.6,INHULETS_VALLEY_rect,1.0,ZONE_4_DAM_TO_KHERSON_FLOODWAY,river,720.38,,,,0.1526,0.0268,0.7618,0.0013,0.0,0.0459,0.0116,0.0,0.0621,0.5131,40.26,1.09,1.4,4.9,5.88,4.48,5.54,1.0,0.0,0.0,Inhulets,25.5,True,4.0,0.0,2023-06-13,2.0,1.0,0.767,0.914,1.0,0.825,LATER_S1_WATER,,RIVER_CONNECTED;LATER_S1_WATER;WEAK_SURFACE,
2023-06-11,84,158,RIVER_CONNECTED,2023-06-06,1.341,32.8231,46.9854,486548.3,5203553.3,INHULETS_VALLEY_rect,1.0,ZONE_4_DAM_TO_KHERSON_FLOODWAY,river,720.38,,,,0.3753,0.0003,0.6122,0.0012,0.0,0.0,0.011,0.0,0.0467,0.5554,37.78,1.08,1.5,4.51,5.88,4.38,5.37,1.0,0.0,0.0,Inhulets,24.0,True,4.0,0.0,2023-06-13,2.0,1.0,0.885,0.987,1.0,0.888,LATER_S1_WATER,,RIVER_CONNECTED;LATER_S1_WATER;WEAK_SURFACE,
2023-06-11,93,171,RIVER_CONNECTED,2023-06-06,0.893,32.8119,46.973,485694.8,5202179.5,INHULETS_VALLEY_rect,1.0,ZONE_4_DAM_TO_KHERSON_FLOODWAY,river,720.38,,,,0.1052,0.2203,0.5137,0.1245,0.0,0.0,0.0363,0.0,0.0352,0.5451,33.84,1.14,2.22,5.21,5.88,3.66,5.75,1.0,0.0,0.0,Inhulets,22.5,True,4.0,0.0,2023-06-13,2.0,1.0,0.521,0.619,1.0,0.548,LATER_S1_WATER,,RIVER_CONNECTED;LATER_S1_WATER;WEAK_SURFACE,
2023-06-11,112,193,RIVER_CONNECTED,2023-06-06,1.748,32.8125,46.9544,485735.7,5200108.9,INHULETS_VALLEY_rect,1.0,ZONE_4_DAM_TO_KHERSON_FLOODWAY,river,720.38,,,,0.0416,0.0119,0.6891,0.2386,0.0,0.0041,0.0146,0.0,0.0401,0.5885,36.5,0.8,1.54,5.13,5.88,4.34,5.68,1.0,0.0,0.0,Inhulets,20.5,True,4.0,0.0,2023-06-13,2.0,1.0,0.801,0.731,1.0,0.769,LATER_S1_WATER,,RIVER_CONNECTED;LATER_S1_WATER;WEAK_SURFACE,
2023-06-11,120,215,RIVER_CONNECTED,2023-06-06,0.794,32.7964,46.9446,484504.0,5199033.0,INHULETS_VALLEY_rect,1.0,ZONE_4_DAM_TO_KHERSON_FLOODWAY,river,720.38,,,,0.0297,0.0101,0.942,0.0015,0.0,0.002,0.0146,0.0001,0.0425,0.4805,31.17,1.09,1.59,5.01,5.88,4.3,4.98,1.0,0.0,0.0,Inhulets,19.4,True,4.0,0.0,2023-06-13,2.0,1.0,0.819,0.972,1.0,0.824,LATER_S1_WATER,,RIVER_CONNECTED;LATER_S1_WATER;WEAK_SURFACE,
2023-06-11,126,238,RIVER_CONNECTED,2023-06-06,1.067,32.8267,46.9276,486803.6,5197133.1,INHULETS_VALLEY_rect,1.0,ZONE_4_DAM_TO_KHERSON_FLOODWAY,river,720.38,,,,0.313,0.1413,0.4044,0.1323,0.0,0.0045,0.0045,0.0001,0.0536,0.4808,31.78,1.09,1.86,5.35,5.88,4.02,5.12,1.0,0.0,0.0,Inhulets,18.0,True,4.0,0.0,2023-06-13,2.0,1.0,0.576,0.717,1.0,0.639,LATER_S1_WATER,,RIVER_CONNECTED;LATER_S1_WATER;WEAK_SURFACE,
2023-06-11,137,261,RIVER_CONNECTED,2023-06-06,0.509,32.8167,46.9065,486040.0,5194788.2,INHULETS_VALLEY_rect,1.0,ZONE_4_DAM_TO_KHERSON_FLOODWAY,river,720.38,,,,0.0322,0.0173,0.8822,0.0432,0.0,0.0008,0.0244,0.0002,0.0523,0.5321,34.93,1.1,1.83,5.33,5.88,4.06,5.3,1.0,0.0,0.0,Inhulets,15.4,True,4.0,0.0,2023-06-13,2.0,1.0,0.555,0.914,1.0,0.577,LATER_S1_WATER,,RIVER_CONNECTED;LATER_S1_WATER;WEAK_SURFACE,
2023-06-11,160,293,RIVER_CONNECTED,2023-06-06,0.359,32.8315,46.8905,487161.1,5193009.9,INHULETS_VALLEY_rect,1.0,ZONE_4_DAM_TO_KHERSON_FLOODWAY,river,720.38,,,,0.1115,0.0803,0.7949,0.0011,0.0,0.0067,0.0056,0.0002,0.0329,0.4855,30.27,1.14,3.1,5.59,5.88,2.78,4.83,1.0,0.0,0.0,Inhulets,14.1,True,4.0,0.0,2023-06-13,2.0,1.0,0.47,0.906,1.0,0.498,LATER_S1_WATER,,RIVER_CONNECTED;LATER_S1_WATER;WEAK_SURFACE,
2023-06-11,169,314,RIVER_CONNECTED,2023-06-06,0.475,32.8242,46.864,486600.4,5190066.4,INHULETS_VALLEY_rect,1.0,ZONE_4_DAM_TO_KHERSON_FLOODWAY,river,720.38,,,,0.1154,0.0901,0.7414,0.016,0.0,0.0278,0.0093,0.0,0.0287,0.6023,33.09,1.15,2.74,5.56,5.88,3.14,5.28,0.874,0.0,0.126,Inhulets,10.8,True,4.0,0.0,2023-06-13,2.0,1.0,0.364,0.857,1.0,0.41,LATER_S1_WATER,,RIVER_CONNECTED;LATER_S1_WATER;WEAK_SURFACE,
2023-06-11,178,321,RIVER_CONNECTED,2023-06-06,0.719,32.7989,46.8562,484672.0,5189204.4,INHULETS_VALLEY_rect,1.0,ZONE_4_DAM_TO_KHERSON_FLOODWAY,river,720.38,,,,0.1268,0.0918,0.7525,0.0,0.0,0.0267,0.0022,0.0,0.0349,0.5567,29.67,1.23,3.53,5.68,5.88,2.35,4.82,0.049,0.0,0.951,Inhulets,9.7,True,4.0,0.0,2023-06-13,2.0,1.0,0.367,0.879,1.0,0.415,LATER_S1_WATER,,RIVER_CONNECTED;LATER_S1_WATER,
2023-06-11,188,358,RIVER_CONNECTED,2023-06-06,1.027,32.7917,46.8307,484115.4,5186370.5,INHULETS_VALLEY_rect,1.0,ZONE_4_DAM_TO_KHERSON_FLOODWAY,river,720.38,,,,0.0533,0.1386,0.7453,0.0245,0.0,0.0288,0.0093,0.0001,0.0402,0.5533,30.66,1.15,2.94,5.55,5.88,2.94,5.52,0.0,0.0,1.0,Inhulets,7.0,True,4.0,0.0,2023-06-13,2.0,1.0,0.303,0.799,1.0,0.342,LATER_S1_WATER,,RIVER_CONNECTED;LATER_S1_WATER,
2023-06-11,202,360,RIVER_CONNECTED,2023-06-06,0.785,33.2175,46.8143,516596.2,5184551.0,DNIPRO_CORRIDOR,1.0,ZONE_4_DAM_TO_KHERSON_FLOODWAY,river,720.38,,,,0.0,0.3398,0.1936,0.4452,0.0,0.0005,0.0209,0.0,0.1553,0.4312,34.23,1.74,2.66,6.54,7.23,4.59,6.48,0.0,0.0,1.0,Kokan',4.4,True,4.0,0.0,2023-06-13,2.0,1.0,0.453,0.194,1.0,0.168,LATER_S1_WATER,,RIVER_CONNECTED;LATER_S1_WATER,
2023-06-11,231,412,RIVER_CONNECTED,2023-06-06,0.293,32.8176,46.803,486081.4,5183294.0,INHULETS_VALLEY_rect,1.0,ZONE_4_DAM_TO_KHERSON_FLOODWAY,river,720.38,,,,0.0955,0.0873,0.5866,0.0082,0.0,0.206,0.0164,0.0001,0.0386,0.4472,23.7,1.21,3.21,5.53,5.88,2.67,4.83,0.0,0.0,1.0,Inhulets,4.8,True,4.0,0.0,2023-06-13,2.0,1.0,0.387,0.682,1.0,0.546,LATER_S1_WATER,,RIVER_CONNECTED;LATER_S1_WATER,
2023-06-11,251,467,RIVER_CONNECTED,2023-06-06,0.349,32.8184,46.7818,486138.5,5180933.3,INHULETS_VALLEY_rect,1.0,ZONE_4_DAM_TO_KHERSON_FLOODWAY,river,720.38,,,,0.0424,0.2649,0.5619,0.0,0.0,0.1181,0.0126,0.0001,0.035,0.5223,26.84,1.21,3.55,5.6,5.88,2.33,5.26,0.0,0.0,1.0,Inhulets,3.4,True,4.0,0.0,2023-06-13,2.0,1.0,0.18,0.604,1.0,0.294,LATER_S1_INCONCLUSIVE,,RIVER_CONNECTED;LATER_S1_INCONCLUSIVE,
2023-06-11,254,413,RIVER_CONNECTED,2023-06-06,0.484,33.0366,46.7848,502797.0,5181249.6,INHULETS_VALLEY_rect,0.639,ZONE_4_DAM_TO_KHERSON_FLOODWAY,river,720.38,,,,0.0017,0.1861,0.4706,0.2961,0.0,0.0339,0.0116,0.004,0.0267,0.5473,30.87,1.36,2.52,6.16,6.58,4.09,6.29,0.0,0.639,0.361,Dnipro,4.2,True,4.0,0.0,2023-06-13,2.0,1.0,0.351,0.472,1.0,0.189,LATER_S1_WATER,,RIVER_CONNECTED;LATER_S1_WATER,
2023-06-11,326,552,RIVER_CONNECTED,2023-06-06,0.442,33.2465,46.7806,518819.5,5180810.2,DNIPRO_CORRIDOR,1.0,ZONE_4_DAM_TO_KHERSON_FLOODWAY,river,720.38,,,,0.0,0.9692,0.0,0.0154,0.0,0.0,0.0154,0.0,0.343,0.1068,0.98,1.77,2.45,5.18,7.35,4.9,5.7,0.0,0.0,1.0,Kokan',0.9,True,4.0,0.0,2023-06-13,2.0,1.0,0.024,0.0,0.0,,LATER_S1_NO_WATER_SIGNAL_VEGETATED,,RIVER_CONNECTED;LATER_S1_NO_WATER_SIGNAL_VEGETATED,
2023-06-11,391,693,RIVER_CONNECTED,2023-06-06,0.488,32.7946,46.7648,484318.7,5179053.4,DNIPRO_CORRIDOR,0.7,ZONE_4_DAM_TO_KHERSON_FLOODWAY,river,720.38,,,,0.2683,0.1944,0.5062,0.0148,0.0,0.0033,0.0131,0.0001,0.085,0.4774,29.09,1.12,3.17,5.53,5.88,2.7,4.97,0.0,0.0,1.0,Inhulets,0.7,True,4.0,0.0,2023-06-13,2.0,1.0,0.176,0.774,1.0,0.215,LATER_S1_INCONCLUSIVE,,RIVER_CONNECTED;LATER_S1_INCONCLUSIVE,
2023-06-11,392,606,RIVER_CONNECTED,2023-06-06,0.896,33.1463,46.7779,511169.2,5180494.1,DNIPRO_CORRIDOR,1.0,ZONE_4_DAM_TO_KHERSON_FLOODWAY,river,720.38,,,,0.0022,0.0254,0.7768,0.1817,0.0,0.0031,0.0107,0.0001,0.1161,0.1574,1.67,1.47,2.24,3.54,6.98,4.73,6.33,0.0,0.0,1.0,Dnipro,0.5,True,4.0,0.0,2023-06-13,2.0,1.0,0.933,0.779,1.0,0.929,LATER_S1_WATER,,RIVER_CONNECTED;LATER_S1_WATER,
2023-06-11,405,436,RIVER_CONNECTED,2023-06-06,0.681,33.3145,46.7777,524011.9,5180513.5,DNIPRO_CORRIDOR,1.0,ZONE_4_DAM_TO_KHERSON_FLOODWAY,river,720.38,,,,0.0,0.5329,0.235,0.1504,0.0,0.0605,0.0212,0.0004,0.3456,0.0586,0.98,1.92,3.03,4.85,7.56,4.56,6.53,0.0,0.0,1.0,Kokan',1.5,True,4.0,0.0,2023-06-13,2.0,1.0,0.2,0.235,1.0,0.343,LATER_S1_WATER,,RIVER_CONNECTED;LATER_S1_WATER,
2023-06-11,431,647,RIVER_CONNECTED,2023-06-06,1.188,33.1745,46.7719,513321.6,5179826.6,DNIPRO_CORRIDOR,1.0,ZONE_4_DAM_TO_KHERSON_FLOODWAY,river,720.38,,,,0.0,0.0758,0.8609,0.0441,0.0,0.004,0.0152,0.0001,0.2187,0.0363,1.45,1.62,3.08,3.81,7.04,3.99,5.78,0.0,0.0,1.0,Dnipro,1.0,True,4.0,0.0,2023-06-13,2.0,1.0,0.92,0.861,1.0,0.946,LATER_S1_WATER,,RIVER_CONNECTED;LATER_S1_WATER,
2023-06-11,449,665,RIVER_CONNECTED,2023-06-06,0.376,33.3319,46.7739,525337.2,5180096.3,DNIPRO_CORRIDOR,1.0,ZONE_4_DAM_TO_KHERSON_FLOODWAY,river,720.38,,,,0.0,0.516,0.4053,0.0734,0.0,0.0,0.0053,0.0006,0.2926,0.037,1.75,1.97,3.16,4.29,7.73,4.59,5.94,0.0,0.0,1.0,Kokan',0.8,True,4.0,0.0,2023-06-13,2.0,1.0,0.289,0.405,1.0,0.614,LATER_S1_WATER,,RIVER_CONNECTED;LATER_S1_WATER,
2023-06-11,471,692,RIVER_CONNECTED,2023-06-06,0.396,33.3378,46.768,525788.8,5179444.2,DNIPRO_CORRIDOR,1.0,ZONE_4_DAM_TO_KHERSON_FLOODWAY,river,720.38,,,,0.0,0.6242,0.3364,0.0354,0.0,0.0,0.004,0.0014,0.2678,0.0227,5.46,1.95,2.87,4.32,7.83,4.88,6.18,0.0,0.0,1.0,Kokan',0.4,True,4.0,0.0,2023-06-13,2.0,1.0,0.584,0.336,1.0,0.898,LATER_S1_WATER,,RIVER_CONNECTED;LATER_S1_WATER,
2023-06-11,578,2112,RIVER_CONNECTED,2023-06-06,0.263,33.1996,46.7627,515241.6,5178817.6,DNIPRO_CORRIDOR,1.0,ZONE_4_DAM_TO_KHERSON_FLOODWAY,river,720.38,,,,0.0,0.2994,0.3435,0.0836,0.0,0.2356,0.038,0.0001,0.2668,0.0805,2.85,1.74,5.6,7.11,7.16,1.58,5.84,0.0,0.0,1.0,Kokan',1.5,True,4.0,0.0,2023-06-13,2.0,1.0,0.181,0.343,1.0,0.257,LATER_S1_INCONCLUSIVE,,RIVER_CONNECTED;LATER_S1_INCONCLUSIVE,
2023-06-11,591,2112,RIVER_CONNECTED,2023-06-06,3.493,33.1148,46.7455,508770.8,5176889.8,DNIPRO_CORRIDOR,1.0,ZONE_4_DAM_TO_KHERSON_FLOODWAY,river,720.38,,,,0.0031,0.4185,0.3175,0.0106,0.0,0.2436,0.0066,0.0001,0.3482,0.0161,6.51,1.68,5.24,6.68,6.61,1.4,5.98,0.0,0.0,1.0,no_data,1.4,True,4.0,0.0,2023-06-13,2.0,1.0,0.07,0.321,1.0,0.172,LATER_S1_INCONCLUSIVE,,RIVER_CONNECTED;LATER_S1_INCONCLUSIVE,
2023-06-11,596,2112,RIVER_CONNECTED,2023-06-06,0.911,33.238,46.7586,518178.3,5178367.5,DNIPRO_CORRIDOR,1.0,ZONE_4_DAM_TO_KHERSON_FLOODWAY,river,720.38,,,,0.0,0.2274,0.5909,0.1607,0.0009,0.0158,0.0044,0.0001,0.2591,0.1993,2.92,1.63,2.47,5.15,7.35,4.87,6.66,0.0,0.0,1.0,Kokan',1.7,True,4.0,0.0,2023-06-13,2.0,1.0,0.767,0.592,1.0,0.846,LATER_S1_WATER,,RIVER_CONNECTED;LATER_S1_WATER,
2023-06-11,699,929,RIVER_CONNECTED,2023-06-06,0.394,32.7948,46.7462,484328.2,5176980.5,DNIPRO_CORRIDOR,1.0,ZONE_4_DAM_TO_KHERSON_FLOODWAY,river,720.38,,,,0.0051,0.2376,0.5949,0.0112,0.0,0.1198,0.0315,0.0001,0.095,0.5297,28.66,1.1,2.59,5.49,5.84,3.25,4.87,0.0,0.0,1.0,Inhulets,0.5,True,4.0,0.0,2023-06-13,2.0,1.0,0.189,0.6,1.0,0.279,LATER_S1_INCONCLUSIVE,,RIVER_CONNECTED;LATER_S1_INCONCLUSIVE,
2023-06-11,700,913,RIVER_CONNECTED,2023-06-06,1.136,32.9653,46.7466,497350.2,5177007.2,DNIPRO_CORRIDOR,1.0,ZONE_4_DAM_TO_KHERSON_FLOODWAY,river,720.38,,,,0.0,0.6512,0.308,0.0292,0.0,0.0018,0.0099,0.0001,0.1953,0.3367,12.01,1.08,1.89,4.95,6.16,4.25,7.17,0.0,0.0,1.0,Dnipro,0.9,True,4.0,0.0,2023-06-13,2.0,1.0,0.155,0.308,1.0,0.439,LATER_S1_INCONCLUSIVE,,RIVER_CONNECTED;LATER_S1_INCONCLUSIVE,
2023-06-11,703,928,RIVER_CONNECTED,2023-06-06,0.563,32.7507,46.7459,480960.2,5176957.8,DNIPRO_CORRIDOR,0.431,ZONE_4_DAM_TO_KHERSON_FLOODWAY,river,720.38,,,,0.0839,0.3703,0.2523,0.2822,0.0,0.0,0.0114,0.0,0.1478,0.4416,27.72,1.01,2.86,5.46,5.79,2.93,5.45,0.0,0.0,1.0,Inhulets,0.4,True,4.0,0.0,2023-06-13,2.0,1.0,0.21,0.336,1.0,0.059,LATER_S1_WATER,,RIVER_CONNECTED;LATER_S1_WATER,
2023-06-11,1077,928,RIVER_CONNECTED,2023-06-06,0.362,32.7829,46.7198,483412.5,5174053.9,DNIPRO_CORRIDOR,1.0,ZONE_4_DAM_TO_KHERSON_FLOODWAY,river,720.38,,,,0.0762,0.1591,0.7204,0.0188,0.0,0.0254,0.0,0.0,0.0896,0.4783,24.74,1.11,3.1,5.48,5.72,2.63,4.74,0.0,0.0,1.0,Inhulets,0.8,True,4.0,0.0,2023-06-13,2.0,1.0,0.113,0.797,1.0,0.139,LATER_S1_INCONCLUSIVE,,RIVER_CONNECTED;LATER_S1_INCONCLUSIVE,
2023-06-11,1224,2112,RIVER_CONNECTED,2023-06-06,90.495,32.6713,46.5669,474808.3,5157089.5,DNIPRO_CORRIDOR,1.0,ZONE_2_KHERSON_DELTA,river,720.38,,,,0.0098,0.1884,0.2972,0.345,0.0028,0.149,0.0054,0.0033,0.2013,0.0392,4.35,0.72,2.27,4.27,4.15,2.0,5.57,0.069,0.0,0.931,Dnipro,6.0,True,4.0,0.0,2023-06-13,2.0,0.995,0.157,0.31,0.998,0.203,LATER_S1_INCONCLUSIVE,,RIVER_CONNECTED;LATER_S1_INCONCLUSIVE,
2023-06-11,1395,1717,RIVER_CONNECTED,2023-06-06,6.465,32.5607,46.6456,466379.4,5165876.3,DNIPRO_CORRIDOR,1.0,ZONE_2_KHERSON_DELTA,river,720.38,,,,0.0082,0.077,0.214,0.3823,0.0042,0.3097,0.0046,0.0009,0.1153,0.1249,18.41,0.74,2.32,3.97,4.13,1.7,4.15,0.0,0.0,1.0,gauge,4.5,True,4.0,0.0,2023-06-13,2.0,1.0,0.064,0.226,1.0,0.011,LATER_S1_INCONCLUSIVE,,RIVER_CONNECTED;LATER_S1_INCONCLUSIVE,
2023-06-11,1483,1722,RIVER_CONNECTED,2023-06-06,1.225,32.6858,46.6672,475967.5,5168229.5,DNIPRO_CORRIDOR,1.0,ZONE_2_KHERSON_DELTA,river,720.38,,,,0.0056,0.0787,0.1897,0.4641,0.0278,0.2116,0.0114,0.0011,0.1608,0.0878,16.76,0.71,1.24,3.72,4.65,3.42,5.28,0.0,0.0,1.0,no_data,0.7,True,4.0,0.0,2023-06-13,2.0,0.977,0.433,0.223,1.0,0.401,LATER_S1_WATER,,RIVER_CONNECTED;LATER_S1_WATER,
2023-06-11,1538,1775,RIVER_CONNECTED,2023-06-06,1.176,32.7208,46.6511,478633.2,5166431.4,DNIPRO_CORRIDOR,1.0,ZONE_4_DAM_TO_KHERSON_FLOODWAY,river,720.38,,,,0.0,0.29,0.0496,0.3954,0.0007,0.2482,0.016,0.0008,0.1619,0.0013,0.47,0.75,1.29,3.66,4.81,3.56,5.6,0.0,0.0,1.0,Dnipro,1.0,True,4.0,0.0,2023-06-13,2.0,1.0,0.08,0.05,1.0,0.0,LATER_S1_INCONCLUSIVE,,RIVER_CONNECTED;LATER_S1_INCONCLUSIVE,
2023-06-11,1711,1963,RIVER_CONNECTED,2023-06-06,1.86,32.4471,46.6438,457690.2,5165726.3,DNIPRO_CORRIDOR,1.0,ZONE_2_KHERSON_DELTA,river,720.38,,,,0.0331,0.0505,0.3032,0.5499,0.0004,0.057,0.0058,0.0001,0.0229,0.5167,16.09,0.67,1.21,3.13,3.45,2.2,3.71,0.0,0.0,1.0,Dnipro,7.5,True,4.0,0.0,2023-06-13,2.0,1.0,0.029,0.337,1.0,0.045,LATER_S1_OPEN_SURFACE_NO_WATER,,RIVER_CONNECTED;LATER_S1_OPEN_SURFACE_NO_WATER,
2023-06-11,1770,2011,RIVER_CONNECTED,2023-06-06,0.53,32.649,46.6366,473132.3,5164841.6,DNIPRO_CORRIDOR,1.0,ZONE_2_KHERSON_DELTA,river,720.38,,,,0.0,0.0038,0.0045,0.9872,0.0,0.0,0.0045,0.0014,0.1477,0.0002,0.57,0.68,0.83,1.1,4.35,3.53,4.48,0.0,0.0,1.0,no_data,0.5,True,4.0,0.0,2023-06-13,2.0,1.0,0.334,0.005,1.0,0.0,LATER_S1_WATER,,RIVER_CONNECTED;LATER_S1_WATER,
2023-06-11,1840,2143,RIVER_CONNECTED,2023-06-06,0.332,32.4845,46.6309,460541.3,5164274.2,DNIPRO_CORRIDOR,1.0,ZONE_2_KHERSON_DELTA,river,720.38,,,,0.0012,0.0362,0.5706,0.2521,0.0,0.1387,0.0012,0.0,0.0342,0.1922,0.93,0.71,2.35,3.36,3.46,1.11,3.43,0.0,0.0,1.0,Dnipro,4.7,True,4.0,0.0,2023-06-13,2.0,1.0,0.147,0.572,1.0,0.196,LATER_S1_INCONCLUSIVE,,RIVER_CONNECTED;LATER_S1_INCONCLUSIVE,
2023-06-11,1932,2220,RIVER_CONNECTED,2023-06-06,5.317,32.5796,46.6131,467809.2,5162253.8,DNIPRO_CORRIDOR,1.0,ZONE_2_KHERSON_DELTA,river,720.38,,,,0.0008,0.1505,0.0837,0.0788,0.0075,0.6551,0.0235,0.0005,0.1241,0.0004,0.29,0.71,1.91,3.56,3.99,2.01,4.47,0.0,0.0,1.0,Dnipro,1.1,True,4.0,0.0,2023-06-13,2.0,1.0,0.016,0.092,1.0,0.014,LATER_S1_NO_WATER_SIGNAL_VEGETATED,,RIVER_CONNECTED;LATER_S1_NO_WATER_SIGNAL_VEGETATED,
2023-06-11,1989,2285,RIVER_CONNECTED,2023-06-06,0.325,32.5476,46.6156,465363.8,5162544.6,DNIPRO_CORRIDOR,1.0,ZONE_2_KHERSON_DELTA,river,720.38,,,,0.0,0.2977,0.0,0.6876,0.0,0.0,0.0148,0.0023,0.0861,0.0043,0.26,0.53,0.79,1.62,3.64,2.86,3.94,0.0,0.0,1.0,Dnipro,2.2,True,4.0,0.0,2023-06-13,2.0,1.0,0.234,0.0,0.0,,LATER_S1_WATER,,RIVER_CONNECTED;LATER_S1_WATER,
2023-06-11,2050,2351,RIVER_CONNECTED,2023-06-06,0.522,32.4879,46.6094,460781.5,5161888.3,DNIPRO_CORRIDOR,1.0,ZONE_2_KHERSON_DELTA,river,720.38,,,,0.0,0.1081,0.0,0.8704,0.0,0.0,0.0215,0.0001,0.044,0.0677,0.21,0.55,0.78,1.33,3.33,2.6,2.99,0.0,0.0,1.0,Dnipro,2.6,True,4.0,0.0,2023-06-13,2.0,1.0,0.189,0.0,0.0,,LATER_S1_INCONCLUSIVE,,RIVER_CONNECTED;LATER_S1_INCONCLUSIVE,
2023-06-11,2096,2401,RIVER_CONNECTED,2023-06-06,0.425,32.6143,46.6086,470466.5,5161738.0,DNIPRO_CORRIDOR,1.0,ZONE_2_KHERSON_DELTA,river,720.38,,,,0.0019,0.4111,0.1515,0.4055,0.0,0.0103,0.0198,0.0001,0.1346,0.0,0.33,0.68,1.17,1.93,3.99,2.84,4.13,0.0,0.0,1.0,Dnipro,0.6,True,4.0,0.0,2023-06-13,2.0,1.0,0.079,0.153,1.0,0.031,LATER_S1_INCONCLUSIVE,,RIVER_CONNECTED;LATER_S1_INCONCLUSIVE,
2023-06-11,2245,2560,RIVER_CONNECTED,2023-06-06,0.363,32.4964,46.5953,461423.5,5160317.7,DNIPRO_CORRIDOR,1.0,ZONE_2_KHERSON_DELTA,river,720.38,,,,0.0,0.0,0.0,1.0,0.0,0.0,0.0,0.0001,0.0576,0.0215,0.19,0.55,0.63,0.83,1.83,1.27,2.88,0.0,0.0,1.0,Dnipro,0.9,True,4.0,0.0,2023-06-13,2.0,1.0,0.399,0.0,0.0,,LATER_S1_WATER,,RIVER_CONNECTED;LATER_S1_WATER,
2023-06-11,2384,2704,RIVER_CONNECTED,2023-06-06,0.797,32.5678,46.5817,466885.7,5158767.9,DNIPRO_CORRIDOR,1.0,ZONE_2_KHERSON_DELTA,river,720.38,,,,0.0,0.1069,0.0,0.8886,0.0,0.0035,0.001,0.0001,0.1324,0.0001,0.14,0.19,0.71,1.17,3.85,3.15,4.2,0.0,0.0,1.0,Dnipro,1.6,True,4.0,0.0,2023-06-13,2.0,1.0,0.305,0.0,0.0,,LATER_S1_WATER,,RIVER_CONNECTED;LATER_S1_WATER,
2023-06-11,2417,2805,RIVER_CONNECTED,2023-06-06,0.521,32.4643,46.5769,458950.0,5158292.3,DNIPRO_CORRIDOR,1.0,ZONE_2_KHERSON_DELTA,river,720.38,,,,0.0061,0.0491,0.2441,0.614,0.0,0.0706,0.0161,0.0,0.0531,0.1544,0.48,0.42,0.88,2.09,2.56,1.61,2.87,0.0,0.0,1.0,Dnipro,1.0,True,4.0,0.0,2023-06-13,2.0,1.0,0.012,0.25,1.0,0.049,LATER_S1_NO_WATER_SIGNAL_VEGETATED,,RIVER_CONNECTED;LATER_S1_NO_WATER_SIGNAL_VEGETATED,
2023-06-11,2727,3187,RIVER_CONNECTED,2023-06-06,0.576,32.5033,46.5536,461922.4,5155682.1,DNIPRO_CORRIDOR,1.0,ZONE_2_KHERSON_DELTA,river,720.38,,,,0.0,0.0709,0.253,0.606,0.0083,0.0542,0.0076,0.0003,0.0891,0.0,0.21,0.51,0.69,2.23,2.8,2.13,3.38,0.0,0.0,1.0,Dnipro,2.9,True,4.0,0.0,2023-06-13,2.0,1.0,0.381,0.261,1.0,0.391,LATER_S1_WATER,,RIVER_CONNECTED;LATER_S1_WATER,
2023-06-11,2893,3284,RIVER_CONNECTED,2023-06-06,0.259,32.5366,46.5429,464468.3,5154473.1,DNIPRO_CORRIDOR,1.0,ZONE_2_KHERSON_DELTA,river,720.38,,,,0.0,0.0741,0.0741,0.8117,0.0,0.0324,0.0077,0.0058,0.1254,0.0027,0.34,0.09,0.66,1.09,3.03,2.37,3.92,0.0,0.0,1.0,Dnipro,5.4,True,4.0,0.0,2023-06-13,2.0,1.0,0.068,0.074,1.0,0.021,LATER_S1_INCONCLUSIVE,,RIVER_CONNECTED;LATER_S1_INCONCLUSIVE,
2023-06-11,0,0,RIVER_CONNECTED,,22.708,,,,,specks < min_km2,,,,,,,,,,,,,,,,,,,,,,,,,,,,,,,,,,,,,,,,,,RIVER_CONNECTED;SPECKS_AGGREGATED,2931.0
2023-06-11,0,0,TRAPPED,,0.172,,,,,specks < min_km2,,,,,,,,,,,,,,,,,,,,,,,,,,,,,,,,,,,,,,,,,,TRAPPED;SPECKS_AGGREGATED,7.0
2023-06-12,1,1,RIVER_CONNECTED,2023-06-06,7.117,32.9056,47.1249,492843.6,5219043.0,INHULETS_VALLEY_rect,1.0,ZONE_4_DAM_TO_KHERSON_FLOODWAY,river,699.75,,,,0.6063,0.0326,0.2343,0.0433,0.0,0.0005,0.083,0.0,0.0482,0.5746,39.7,2.11,3.27,4.92,5.2,1.94,5.02,1.0,0.0,0.0,Inhulets,40.2,True,4.0,0.0,2023-06-13,1.0,0.0,0.0,0.841,0.0,,S1_UNOBSERVED,,RIVER_CONNECTED;S1_UNOBSERVED;WEAK_SURFACE,
2023-06-12,2,1,RIVER_CONNECTED,2023-06-06,7.027,32.9813,47.1326,498580.7,5219900.8,INHULETS_VALLEY_rect,1.0,ZONE_4_DAM_TO_KHERSON_FLOODWAY,river,699.75,,,,0.5396,0.0704,0.2695,0.008,0.0,0.0042,0.1083,0.0,0.0702,0.5808,47.0,0.77,4.4,5.65,6.02,1.6,6.52,0.0,1.0,0.0,Dnipro,40.4,True,4.0,0.0,2023-06-13,1.0,0.0,0.0,0.809,0.0,,S1_UNOBSERVED,,RIVER_CONNECTED;S1_UNOBSERVED,
2023-06-12,4,1,RIVER_CONNECTED,2023-06-06,1.078,32.9201,47.0929,493935.8,5215486.9,INHULETS_VALLEY_rect,1.0,ZONE_4_DAM_TO_KHERSON_FLOODWAY,river,699.75,,,,0.6698,0.0074,0.2434,0.0134,0.0,0.0,0.066,0.0,0.0565,0.5049,35.69,2.31,3.25,4.69,5.2,1.96,4.47,0.951,0.049,0.0,Inhulets,37.3,True,4.0,0.0,2023-06-13,1.0,0.0,0.0,0.913,0.0,,S1_UNOBSERVED,,RIVER_CONNECTED;S1_UNOBSERVED;WEAK_SURFACE,
2023-06-12,5,1,RIVER_CONNECTED,2023-06-06,0.707,32.9389,47.0976,495365.6,5216009.4,INHULETS_VALLEY_rect,1.0,ZONE_4_DAM_TO_KHERSON_FLOODWAY,river,699.75,,,,0.1216,0.1454,0.5713,0.0939,0.0,0.0011,0.0667,0.0001,0.0624,0.513,39.16,1.94,3.83,5.12,5.95,2.06,4.56,0.212,0.788,0.0,Dnipro,38.3,True,4.0,0.0,2023-06-13,1.0,0.0,0.0,0.693,0.0,,S1_UNOBSERVED,,RIVER_CONNECTED;S1_UNOBSERVED,
2023-06-12,7,16,RIVER_CONNECTED,2023-06-06,3.912,32.8676,47.0861,489950.9,5214743.3,INHULETS_VALLEY_rect,1.0,ZONE_4_DAM_TO_KHERSON_FLOODWAY,river,699.75,,,,0.5943,0.0161,0.2664,0.0852,0.0,0.0077,0.0305,0.0001,0.0888,0.4371,34.03,1.74,2.76,4.39,5.2,2.44,4.56,1.0,0.0,0.0,Inhulets,35.6,True,4.0,0.0,2023-06-13,1.0,0.0,0.0,0.861,0.0,,S1_UNOBSERVED,,RIVER_CONNECTED;S1_UNOBSERVED;WEAK_SURFACE,
2023-06-12,21,36,RIVER_CONNECTED,2023-06-06,3.818,32.8434,47.0742,488111.8,5213421.3,INHULETS_VALLEY_rect,1.0,ZONE_4_DAM_TO_KHERSON_FLOODWAY,river,699.75,,,,0.5662,0.0472,0.3431,0.0053,0.0,0.0142,0.0239,0.0001,0.0932,0.4487,33.51,1.5,2.36,4.58,5.2,2.85,4.29,1.0,0.0,0.0,Inhulets,34.5,True,4.0,0.0,2023-06-13,1.0,0.0,0.0,0.909,0.0,,S1_UNOBSERVED,,RIVER_CONNECTED;S1_UNOBSERVED;WEAK_SURFACE,
2023-06-12,27,63,RIVER_CONNECTED,2023-06-06,0.781,32.8293,47.0485,487032.3,5210573.2,INHULETS_VALLEY_rect,1.0,ZONE_4_DAM_TO_KHERSON_FLOODWAY,river,699.75,,,,0.4134,0.0128,0.5123,0.0359,0.0,0.0031,0.0225,0.0001,0.0813,0.3884,29.46,1.45,2.08,4.7,5.2,3.12,4.15,1.0,0.0,0.0,Inhulets,31.0,True,4.0,0.0,2023-06-13,1.0,0.0,0.0,0.926,0.0,,S1_UNOBSERVED,,RIVER_CONNECTED;S1_UNOBSERVED;WEAK_SURFACE,
2023-06-12,28,36,RIVER_CONNECTED,2023-06-06,0.937,32.8394,47.0402,487796.7,5209639.4,INHULETS_VALLEY_rect,1.0,ZONE_4_DAM_TO_KHERSON_FLOODWAY,river,699.75,,,,0.5658,0.0312,0.3484,0.0239,0.0,0.0141,0.0167,0.0001,0.0785,0.4315,28.88,1.3,2.09,4.58,5.2,3.11,4.15,1.0,0.0,0.0,Inhulets,30.2,True,4.0,0.0,2023-06-13,1.0,0.0,0.0,0.914,0.0,,S1_UNOBSERVED,,RIVER_CONNECTED;S1_UNOBSERVED;WEAK_SURFACE,
2023-06-12,35,81,RIVER_CONNECTED,2023-06-06,1.792,32.8338,47.0261,487374.0,5208079.3,INHULETS_VALLEY_rect,1.0,ZONE_4_DAM_TO_KHERSON_FLOODWAY,river,699.75,,,,0.0179,0.0569,0.5991,0.1891,0.0,0.0324,0.1047,0.0001,0.0728,0.4925,32.18,1.23,2.11,4.65,5.2,3.1,4.42,1.0,0.0,0.0,Inhulets,28.8,True,4.0,0.0,2023-06-13,1.0,0.942,0.592,0.617,0.924,0.655,LATER_S1_WATER,,RIVER_CONNECTED;LATER_S1_WATER;WEAK_SURFACE,
2023-06-12,47,97,RIVER_CONNECTED,2023-06-06,1.236,32.8297,47.0162,487054.3,5206983.7,INHULETS_VALLEY_rect,1.0,ZONE_4_DAM_TO_KHERSON_FLOODWAY,river,699.75,,,,0.7505,0.0003,0.2191,0.0029,0.0,0.0,0.0272,0.0001,0.0576,0.3876,26.39,1.2,1.72,2.66,5.2,3.49,4.2,1.0,0.0,0.0,Inhulets,27.6,True,4.0,0.0,2023-06-13,1.0,1.0,0.923,0.97,1.0,0.938,LATER_S1_WATER,,RIVER_CONNECTED;LATER_S1_WATER;WEAK_SURFACE,
2023-06-12,55,115,RIVER_CONNECTED,2023-06-06,0.692,32.8252,47.0058,486711.7,5205819.8,INHULETS_VALLEY_rect,1.0,ZONE_4_DAM_TO_KHERSON_FLOODWAY,river,699.75,,,,0.5778,0.0046,0.3557,0.0341,0.0,0.0023,0.0254,0.0001,0.0704,0.3837,30.4,1.1,1.49,4.05,5.2,3.72,4.53,1.0,0.0,0.0,Inhulets,26.4,True,4.0,0.0,2023-06-13,1.0,1.0,0.794,0.933,1.0,0.802,LATER_S1_WATER,,RIVER_CONNECTED;LATER_S1_WATER;WEAK_SURFACE,
2023-06-12,59,119,RIVER_CONNECTED,2023-06-06,1.761,32.8063,47.0001,485274.3,5205189.1,INHULETS_VALLEY_rect,1.0,ZONE_4_DAM_TO_KHERSON_FLOODWAY,river,699.75,,,,0.1545,0.0232,0.7703,0.0014,0.0,0.0386,0.012,0.0,0.0623,0.5115,40.1,1.09,1.38,4.41,5.2,3.82,4.86,1.0,0.0,0.0,Inhulets,25.5,True,4.0,0.0,2023-06-13,1.0,1.0,0.794,0.925,1.0,0.844,LATER_S1_WATER,,RIVER_CONNECTED;LATER_S1_WATER;WEAK_SURFACE,
2023-06-12,96,158,RIVER_CONNECTED,2023-06-06,1.308,32.8232,46.9853,486554.4,5203548.8,INHULETS_VALLEY_rect,1.0,ZONE_4_DAM_TO_KHERSON_FLOODWAY,river,699.75,,,,0.3841,0.0,0.6049,0.0012,0.0,0.0,0.0098,0.0,0.0468,0.556,37.81,1.08,1.49,3.97,5.2,3.71,4.69,1.0,0.0,0.0,Inhulets,24.0,True,4.0,0.0,2023-06-13,1.0,1.0,0.904,0.989,1.0,0.907,LATER_S1_WATER,,RIVER_CONNECTED;LATER_S1_WATER;WEAK_SURFACE,
2023-06-12,106,171,RIVER_CONNECTED,2023-06-06,0.848,32.8118,46.973,485684.6,5202178.1,INHULETS_VALLEY_rect,1.0,ZONE_4_DAM_TO_KHERSON_FLOODWAY,river,699.75,,,,0.0755,0.2321,0.5236,0.1311,0.0,0.0,0.0377,0.0,0.0353,0.5439,33.74,1.13,2.14,4.72,5.2,3.06,5.08,1.0,0.0,0.0,Inhulets,22.5,True,4.0,0.0,2023-06-13,1.0,1.0,0.547,0.599,1.0,0.593,LATER_S1_WATER,,RIVER_CONNECTED;LATER_S1_WATER;WEAK_SURFACE,
2023-06-12,124,193,RIVER_CONNECTED,2023-06-06,1.669,32.8128,46.9543,485754.4,5200108.0,INHULETS_VALLEY_rect,1.0,ZONE_4_DAM_TO_KHERSON_FLOODWAY,river,699.75,,,,0.0352,0.0117,0.6848,0.25,0.0,0.0036,0.0146,0.0,0.04,0.5872,36.39,0.8,1.5,4.48,5.2,3.7,5.0,1.0,0.0,0.0,Inhulets,20.5,True,4.0,0.0,2023-06-13,1.0,1.0,0.836,0.72,1.0,0.813,LATER_S1_WATER,,RIVER_CONNECTED;LATER_S1_WATER;WEAK_SURFACE,
2023-06-12,135,215,RIVER_CONNECTED,2023-06-06,0.76,32.7961,46.9445,484482.9,5199021.8,INHULETS_VALLEY_rect,1.0,ZONE_4_DAM_TO_KHERSON_FLOODWAY,river,699.75,,,,0.0221,0.0095,0.9505,0.0016,0.0,0.0016,0.0147,0.0001,0.0425,0.4802,31.13,1.09,1.56,4.38,5.2,3.64,4.3,1.0,0.0,0.0,Inhulets,19.4,True,4.0,0.0,2023-06-13,1.0,1.0,0.85,0.973,1.0,0.854,LATER_S1_WATER,,RIVER_CONNECTED;LATER_S1_WATER;WEAK_SURFACE,
2023-06-12,143,238,RIVER_CONNECTED,2023-06-06,0.986,32.8271,46.9278,486835.1,5197158.4,INHULETS_VALLEY_rect,1.0,ZONE_4_DAM_TO_KHERSON_FLOODWAY,river,699.75,,,,0.3359,0.127,0.3895,0.1428,0.0,0.0016,0.0032,0.0001,0.0538,0.4716,31.21,1.09,1.7,4.71,5.2,3.51,4.45,1.0,0.0,0.0,Inhulets,18.0,True,4.0,0.0,2023-06-13,1.0,1.0,0.615,0.725,1.0,0.674,LATER_S1_WATER,,RIVER_CONNECTED;LATER_S1_WATER;WEAK_SURFACE,
2023-06-12,156,261,RIVER_CONNECTED,2023-06-06,0.475,32.8162,46.9066,486002.5,5194805.3,INHULETS_VALLEY_rect,1.0,ZONE_4_DAM_TO_KHERSON_FLOODWAY,river,699.75,,,,0.0345,0.0126,0.8872,0.0463,0.0,0.0008,0.0185,0.0002,0.0527,0.5327,35.2,1.09,1.71,4.77,5.2,3.5,4.62,1.0,0.0,0.0,Inhulets,15.4,True,4.0,0.0,2023-06-13,1.0,1.0,0.593,0.922,1.0,0.611,LATER_S1_WATER,,RIVER_CONNECTED;LATER_S1_WATER;WEAK_SURFACE,
2023-06-12,178,293,RIVER_CONNECTED,2023-06-06,0.311,32.8315,46.8904,487161.2,5193000.7,INHULETS_VALLEY_rect,1.0,ZONE_4_DAM_TO_KHERSON_FLOODWAY,river,699.75,,,,0.1004,0.0721,0.816,0.0013,0.0,0.0039,0.0064,0.0002,0.0331,0.4851,30.24,1.14,2.66,4.98,5.2,2.54,4.15,1.0,0.0,0.0,Inhulets,14.0,True,4.0,0.0,2023-06-13,1.0,1.0,0.542,0.916,1.0,0.567,LATER_S1_WATER,,RIVER_CONNECTED;LATER_S1_WATER;WEAK_SURFACE,
2023-06-12,192,314,RIVER_CONNECTED,2023-06-06,0.427,32.8241,46.8641,486596.7,5190078.1,INHULETS_VALLEY_rect,1.0,ZONE_4_DAM_TO_KHERSON_FLOODWAY,river,699.75,,,,0.1172,0.0881,0.7395,0.0178,0.0,0.0272,0.0103,0.0,0.0288,0.601,33.02,1.14,2.49,4.92,5.2,2.71,4.6,0.88,0.0,0.12,Inhulets,10.8,True,4.0,0.0,2023-06-13,1.0,1.0,0.405,0.857,1.0,0.456,LATER_S1_WATER,,RIVER_CONNECTED;LATER_S1_WATER;WEAK_SURFACE,
2023-06-12,199,321,RIVER_CONNECTED,2023-06-06,0.608,32.7985,46.8562,484640.0,5189207.1,INHULETS_VALLEY_rect,1.0,ZONE_4_DAM_TO_KHERSON_FLOODWAY,river,699.75,,,,0.104,0.0928,0.7887,0.0,0.0,0.0118,0.0026,0.0,0.0352,0.5547,29.53,1.2,3.13,5.03,5.2,2.07,4.14,0.032,0.0,0.968,Inhulets,9.7,True,4.0,0.0,2023-06-13,1.0,1.0,0.433,0.893,1.0,0.482,LATER_S1_WATER,,RIVER_CONNECTED;LATER_S1_WATER,
2023-06-12,207,358,RIVER_CONNECTED,2023-06-06,0.868,32.7896,46.8317,483953.9,5186483.2,INHULETS_VALLEY_rect,1.0,ZONE_4_DAM_TO_KHERSON_FLOODWAY,river,699.75,,,,0.0571,0.105,0.7743,0.029,0.0,0.0244,0.0101,0.0001,0.0424,0.5227,28.62,1.14,2.61,4.91,5.2,2.6,4.84,0.0,0.0,1.0,Inhulets,7.1,True,4.0,0.0,2023-06-13,1.0,1.0,0.354,0.831,1.0,0.386,LATER_S1_WATER,,RIVER_CONNECTED;LATER_S1_WATER,
2023-06-12,224,360,RIVER_CONNECTED,2023-06-06,0.579,33.2155,46.8182,516437.2,5184988.6,DNIPRO_CORRIDOR,1.0,ZONE_4_DAM_TO_KHERSON_FLOODWAY,river,699.75,,,,0.0,0.2638,0.1181,0.5946,0.0,0.0,0.0235,0.0,0.0673,0.5282,37.66,1.75,2.44,5.59,6.16,3.73,5.48,0.0,0.0,1.0,Kokan',4.8,True,4.0,0.0,2023-06-13,1.0,1.0,0.601,0.118,1.0,0.304,LATER_S1_WATER,,RIVER_CONNECTED;LATER_S1_WATER,
2023-06-12,257,412,RIVER_CONNECTED,2023-06-06,0.252,32.8182,46.8038,486128.4,5183380.7,INHULETS_VALLEY_rect,1.0,ZONE_4_DAM_TO_KHERSON_FLOODWAY,river,699.75,,,,0.1111,0.0937,0.5857,0.0095,0.0,0.181,0.019,0.0001,0.0401,0.4228,23.78,1.21,3.09,4.82,5.2,2.11,4.15,0.0,0.0,1.0,Inhulets,4.9,True,4.0,0.0,2023-06-13,1.0,1.0,0.398,0.697,1.0,0.547,LATER_S1_WATER,,RIVER_CONNECTED;LATER_S1_WATER,
2023-06-12,287,413,RIVER_CONNECTED,2023-06-06,0.43,33.0365,46.7847,502785.0,5181235.9,INHULETS_VALLEY_rect,0.649,ZONE_4_DAM_TO_KHERSON_FLOODWAY,river,699.75,,,,0.0019,0.1877,0.4359,0.3327,0.0,0.0288,0.013,0.004,0.0265,0.5452,30.74,1.35,2.2,5.18,5.71,3.5,5.37,0.0,0.649,0.351,Dnipro,4.2,True,4.0,0.0,2023-06-13,1.0,1.0,0.391,0.438,1.0,0.223,LATER_S1_WATER,,RIVER_CONNECTED;LATER_S1_WATER,
2023-06-12,294,467,RIVER_CONNECTED,2023-06-06,0.28,32.8181,46.7811,486113.0,5180850.5,INHULETS_VALLEY_rect,1.0,ZONE_4_DAM_TO_KHERSON_FLOODWAY,river,699.75,,,,0.0457,0.2814,0.5857,0.0,0.0,0.0871,0.0,0.0001,0.0337,0.5143,27.57,1.18,3.24,4.93,5.2,1.95,4.59,0.0,0.0,1.0,Inhulets,3.4,True,4.0,0.0,2023-06-13,1.0,1.0,0.216,0.631,1.0,0.342,LATER_S1_WATER,,RIVER_CONNECTED;LATER_S1_WATER,
2023-06-12,368,552,RIVER_CONNECTED,2023-06-06,0.434,33.2466,46.7806,518820.9,5180813.1,DNIPRO_CORRIDOR,1.0,ZONE_4_DAM_TO_KHERSON_FLOODWAY,river,699.75,,,,0.0,0.9686,0.0,0.0157,0.0,0.0,0.0157,0.0,0.3433,0.1068,0.99,1.77,2.43,4.92,6.36,3.94,4.75,0.0,0.0,1.0,Kokan',0.9,True,4.0,0.0,2023-06-13,1.0,1.0,0.025,0.0,0.0,,LATER_S1_NO_WATER_SIGNAL_VEGETATED,,RIVER_CONNECTED;LATER_S1_NO_WATER_SIGNAL_VEGETATED,
2023-06-12,438,693,RIVER_CONNECTED,2023-06-06,0.424,32.7943,46.765,484295.3,5179072.8,DNIPRO_CORRIDOR,0.691,ZONE_4_DAM_TO_KHERSON_FLOODWAY,river,699.75,,,,0.2358,0.2066,0.5264,0.017,0.0,0.0,0.0142,0.0001,0.0859,0.4726,28.77,1.1,2.79,4.92,5.15,2.35,4.27,0.0,0.0,1.0,Inhulets,0.7,True,4.0,0.0,2023-06-13,1.0,1.0,0.201,0.762,1.0,0.249,LATER_S1_WATER,,RIVER_CONNECTED;LATER_S1_WATER,
2023-06-12,439,606,RIVER_CONNECTED,2023-06-06,0.896,33.1463,46.7779,511169.2,5180494.1,DNIPRO_CORRIDOR,1.0,ZONE_4_DAM_TO_KHERSON_FLOODWAY,river,699.75,,,,0.0022,0.0254,0.7768,0.1817,0.0,0.0031,0.0107,0.0001,0.1161,0.1574,1.67,1.47,2.24,3.54,6.01,3.77,5.37,0.0,0.0,1.0,Dnipro,0.5,True,4.0,0.0,2023-06-13,1.0,1.0,0.933,0.779,1.0,0.929,LATER_S1_WATER,,RIVER_CONNECTED;LATER_S1_WATER,
2023-06-12,451,436,RIVER_CONNECTED,2023-06-06,0.674,33.3145,46.7777,524007.3,5180510.6,DNIPRO_CORRIDOR,1.0,ZONE_4_DAM_TO_KHERSON_FLOODWAY,river,699.75,,,,0.0,0.5335,0.2332,0.1519,0.0,0.0599,0.0214,0.0004,0.3456,0.0586,0.98,1.92,3.02,4.74,6.6,3.62,5.56,0.0,0.0,1.0,Kokan',1.5,True,4.0,0.0,2023-06-13,1.0,1.0,0.202,0.233,1.0,0.349,LATER_S1_WATER,,RIVER_CONNECTED;LATER_S1_WATER,
2023-06-12,479,647,RIVER_CONNECTED,2023-06-06,1.188,33.1745,46.7719,513321.6,5179826.6,DNIPRO_CORRIDOR,1.0,ZONE_4_DAM_TO_KHERSON_FLOODWAY,river,699.75,,,,0.0,0.0758,0.8609,0.0441,0.0,0.004,0.0152,0.0001,0.2187,0.0363,1.45,1.62,3.08,3.81,6.05,3.0,4.81,0.0,0.0,1.0,Dnipro,1.0,True,4.0,0.0,2023-06-13,1.0,1.0,0.92,0.861,1.0,0.946,LATER_S1_WATER,,RIVER_CONNECTED;LATER_S1_WATER,
2023-06-12,498,665,RIVER_CONNECTED,2023-06-06,0.376,33.3319,46.7739,525337.2,5180096.3,DNIPRO_CORRIDOR,1.0,ZONE_4_DAM_TO_KHERSON_FLOODWAY,river,699.75,,,,0.0,0.516,0.4053,0.0734,0.0,0.0,0.0053,0.0006,0.2926,0.037,1.75,1.97,3.16,4.29,6.77,3.61,4.92,0.0,0.0,1.0,Kokan',0.8,True,4.0,0.0,2023-06-13,1.0,1.0,0.289,0.405,1.0,0.614,LATER_S1_WATER,,RIVER_CONNECTED;LATER_S1_WATER,
2023-06-12,521,692,RIVER_CONNECTED,2023-06-06,0.396,33.3378,46.768,525788.8,5179444.2,DNIPRO_CORRIDOR,1.0,ZONE_4_DAM_TO_KHERSON_FLOODWAY,river,699.75,,,,0.0,0.6242,0.3364,0.0354,0.0,0.0,0.004,0.0014,0.2678,0.0227,5.46,1.95,2.87,4.32,6.78,3.89,5.11,0.0,0.0,1.0,Kokan',0.4,True,4.0,0.0,2023-06-13,1.0,1.0,0.584,0.336,1.0,0.898,LATER_S1_WATER,,RIVER_CONNECTED;LATER_S1_WATER,
2023-06-12,648,2112,RIVER_CONNECTED,2023-06-06,2.264,33.1091,46.7443,508332.1,5176754.7,DNIPRO_CORRIDOR,1.0,ZONE_4_DAM_TO_KHERSON_FLOODWAY,river,699.75,,,,0.0039,0.4899,0.2776,0.0164,0.0,0.2019,0.0102,0.0001,0.345,0.0162,5.83,1.56,4.49,5.73,5.82,1.31,5.09,0.0,0.0,1.0,no_data,1.2,True,4.0,0.0,2023-06-13,1.0,1.0,0.108,0.281,1.0,0.303,LATER_S1_INCONCLUSIVE,,RIVER_CONNECTED;LATER_S1_INCONCLUSIVE,
2023-06-12,654,2112,RIVER_CONNECTED,2023-06-06,0.848,33.238,46.7588,518176.8,5178387.4,DNIPRO_CORRIDOR,1.0,ZONE_4_DAM_TO_KHERSON_FLOODWAY,river,699.75,,,,0.0,0.2008,0.6162,0.1622,0.0009,0.016,0.0038,0.0,0.2605,0.1903,2.44,1.62,2.45,4.26,6.36,3.91,5.7,0.0,0.0,1.0,Kokan',1.7,True,4.0,0.0,2023-06-13,1.0,1.0,0.805,0.617,1.0,0.856,LATER_S1_WATER,,RIVER_CONNECTED;LATER_S1_WATER,
2023-06-12,766,929,RIVER_CONNECTED,2023-06-06,0.35,32.795,46.7461,484340.4,5176975.6,DNIPRO_CORRIDOR,1.0,ZONE_4_DAM_TO_KHERSON_FLOODWAY,river,699.75,,,,0.0023,0.2117,0.6236,0.0126,0.0,0.1144,0.0355,0.0001,0.0934,0.5307,28.68,1.08,2.37,4.73,5.12,2.73,4.14,0.0,0.0,1.0,Inhulets,0.5,True,4.0,0.0,2023-06-13,1.0,1.0,0.213,0.626,1.0,0.302,LATER_S1_WATER,,RIVER_CONNECTED;LATER_S1_WATER,
2023-06-12,774,928,RIVER_CONNECTED,2023-06-06,0.488,32.7506,46.7462,480946.7,5176994.4,DNIPRO_CORRIDOR,0.426,ZONE_4_DAM_TO_KHERSON_FLOODWAY,river,699.75,,,,0.0549,0.3677,0.2408,0.3251,0.0,0.0,0.0115,0.0,0.1514,0.4365,27.52,1.0,2.43,4.76,5.0,2.58,4.68,0.0,0.0,1.0,Inhulets,0.4,True,4.0,0.0,2023-06-13,1.0,1.0,0.241,0.296,1.0,0.078,LATER_S1_WATER,,RIVER_CONNECTED;LATER_S1_WATER,
2023-06-12,775,913,RIVER_CONNECTED,2023-06-06,1.1,32.9652,46.7465,497345.1,5176993.4,DNIPRO_CORRIDOR,1.0,ZONE_4_DAM_TO_KHERSON_FLOODWAY,river,699.75,,,,0.0,0.6611,0.2967,0.0302,0.0,0.0018,0.0102,0.0001,0.1971,0.3293,10.1,1.07,1.85,4.32,5.32,3.45,6.34,0.0,0.0,1.0,Dnipro,0.9,True,4.0,0.0,2023-06-13,1.0,1.0,0.16,0.297,1.0,0.471,LATER_S1_INCONCLUSIVE,,RIVER_CONNECTED;LATER_S1_INCONCLUSIVE,
2023-06-12,1169,928,RIVER_CONNECTED,2023-06-06,0.298,32.7829,46.7197,483405.7,5174040.9,DNIPRO_CORRIDOR,1.0,ZONE_4_DAM_TO_KHERSON_FLOODWAY,river,699.75,,,,0.0309,0.1732,0.7544,0.0228,0.0,0.0188,0.0,0.0,0.0899,0.4782,24.72,1.09,2.66,4.67,4.93,2.28,3.94,0.0,0.0,1.0,Inhulets,0.8,True,4.0,0.0,2023-06-13,1.0,1.0,0.137,0.785,1.0,0.171,LATER_S1_INCONCLUSIVE,,RIVER_CONNECTED;LATER_S1_INCONCLUSIVE,
2023-06-12,1324,2112,RIVER_CONNECTED,2023-06-06,78.019,32.6732,46.5685,474953.1,5157261.7,DNIPRO_CORRIDOR,1.0,ZONE_2_KHERSON_DELTA,river,699.75,,,,0.0061,0.1844,0.2875,0.3845,0.0018,0.1272,0.006,0.0031,0.2067,0.0356,4.02,0.7,2.1,3.71,3.57,1.56,4.76,0.047,0.0,0.953,Dnipro,5.9,True,4.0,0.0,2023-06-13,1.0,0.995,0.18,0.295,0.997,0.24,LATER_S1_INCONCLUSIVE,,RIVER_CONNECTED;LATER_S1_INCONCLUSIVE,
2023-06-12,1587,1717,RIVER_CONNECTED,2023-06-06,5.273,32.5599,46.6411,466319.1,5165375.9,DNIPRO_CORRIDOR,1.0,ZONE_2_KHERSON_DELTA,river,699.75,,,,0.0064,0.0753,0.1479,0.4566,0.0038,0.3053,0.0046,0.0011,0.1231,0.0881,14.1,0.69,2.09,3.39,3.53,1.37,3.69,0.0,0.0,1.0,gauge,4.3,True,4.0,0.0,2023-06-13,1.0,1.0,0.078,0.158,1.0,0.02,LATER_S1_INCONCLUSIVE,,RIVER_CONNECTED;LATER_S1_INCONCLUSIVE,
2023-06-12,1613,1722,RIVER_CONNECTED,2023-06-06,1.18,32.6861,46.6672,475987.1,5168233.1,DNIPRO_CORRIDOR,1.0,ZONE_2_KHERSON_DELTA,river,699.75,,,,0.0058,0.0742,0.1956,0.4817,0.0285,0.1908,0.0119,0.0011,0.1611,0.0859,16.29,0.71,1.21,3.08,3.97,2.78,4.58,0.0,0.0,1.0,no_data,0.7,True,4.0,0.0,2023-06-13,1.0,0.977,0.45,0.23,1.0,0.404,LATER_S1_WATER,,RIVER_CONNECTED;LATER_S1_WATER,
2023-06-12,1667,1775,RIVER_CONNECTED,2023-06-06,1.146,32.7207,46.6511,478631.2,5166426.9,DNIPRO_CORRIDOR,1.0,ZONE_4_DAM_TO_KHERSON_FLOODWAY,river,699.75,,,,0.0,0.2978,0.0412,0.4061,0.0007,0.2378,0.0164,0.0008,0.1618,0.0013,0.47,0.75,1.27,3.12,4.14,2.9,4.9,0.0,0.0,1.0,Dnipro,1.0,True,4.0,0.0,2023-06-13,1.0,1.0,0.082,0.042,1.0,0.0,LATER_S1_INCONCLUSIVE,,RIVER_CONNECTED;LATER_S1_INCONCLUSIVE,
2023-06-12,1837,1963,RIVER_CONNECTED,2023-06-06,1.706,32.4473,46.6436,457702.4,5165711.8,DNIPRO_CORRIDOR,1.0,ZONE_2_KHERSON_DELTA,river,699.75,,,,0.0164,0.0509,0.2772,0.5994,0.0,0.0497,0.0063,0.0001,0.0231,0.5137,15.9,0.65,1.14,2.64,2.94,1.78,3.19,0.0,0.0,1.0,Dnipro,7.5,True,4.0,0.0,2023-06-13,1.0,1.0,0.032,0.294,1.0,0.056,LATER_S1_NO_WATER_SIGNAL_VEGETATED,,RIVER_CONNECTED;LATER_S1_NO_WATER_SIGNAL_VEGETATED,
2023-06-12,1894,2011,RIVER_CONNECTED,2023-06-06,0.53,32.649,46.6366,473132.3,5164841.6,DNIPRO_CORRIDOR,1.0,ZONE_2_KHERSON_DELTA,river,699.75,,,,0.0,0.0038,0.0045,0.9872,0.0,0.0,0.0045,0.0014,0.1477,0.0002,0.57,0.68,0.83,1.1,3.72,2.87,3.79,0.0,0.0,1.0,no_data,0.5,True,4.0,0.0,2023-06-13,1.0,1.0,0.334,0.005,1.0,0.0,LATER_S1_WATER,,RIVER_CONNECTED;LATER_S1_WATER,
2023-06-12,1970,2143,RIVER_CONNECTED,2023-06-06,0.268,32.4846,46.6304,460544.0,5164221.9,DNIPRO_CORRIDOR,1.0,ZONE_2_KHERSON_DELTA,river,699.75,,,,0.0015,0.0313,0.5463,0.3015,0.0,0.1179,0.0015,0.0,0.0346,0.1832,0.84,0.7,2.05,2.87,2.98,0.93,2.8,0.0,0.0,1.0,Dnipro,4.6,True,4.0,0.0,2023-06-13,1.0,1.0,0.182,0.548,1.0,0.253,LATER_S1_INCONCLUSIVE,,RIVER_CONNECTED;LATER_S1_INCONCLUSIVE,
2023-06-12,2060,2220,RIVER_CONNECTED,2023-06-06,4.883,32.5791,46.6128,467767.9,5162218.3,DNIPRO_CORRIDOR,1.0,ZONE_2_KHERSON_DELTA,river,699.75,,,,0.0008,0.1527,0.0886,0.0858,0.0081,0.6388,0.0252,0.0005,0.1242,0.0004,0.3,0.7,1.78,3.16,3.39,1.56,3.87,0.0,0.0,1.0,Dnipro,1.0,True,4.0,0.0,2023-06-13,1.0,1.0,0.017,0.097,1.0,0.014,LATER_S1_NO_WATER_SIGNAL_VEGETATED,,RIVER_CONNECTED;LATER_S1_NO_WATER_SIGNAL_VEGETATED,
2023-06-12,2115,2285,RIVER_CONNECTED,2023-06-06,0.324,32.5476,46.6156,465363.0,5162543.7,DNIPRO_CORRIDOR,1.0,ZONE_2_KHERSON_DELTA,river,699.75,,,,0.0,0.2959,0.0,0.6893,0.0,0.0,0.0148,0.0023,0.0861,0.0043,0.26,0.53,0.79,1.59,3.12,2.31,3.36,0.0,0.0,1.0,Dnipro,2.2,True,4.0,0.0,2023-06-13,1.0,1.0,0.234,0.0,0.0,,LATER_S1_WATER,,RIVER_CONNECTED;LATER_S1_WATER,
2023-06-12,2177,2351,RIVER_CONNECTED,2023-06-06,0.518,32.4879,46.6094,460784.3,5161891.3,DNIPRO_CORRIDOR,1.0,ZONE_2_KHERSON_DELTA,river,699.75,,,,0.0,0.1058,0.0,0.8734,0.0,0.0,0.0208,0.0001,0.044,0.0677,0.21,0.55,0.78,1.3,2.94,2.14,2.59,0.0,0.0,1.0,Dnipro,2.6,True,4.0,0.0,2023-06-13,1.0,1.0,0.19,0.0,0.0,,LATER_S1_INCONCLUSIVE,,RIVER_CONNECTED;LATER_S1_INCONCLUSIVE,
2023-06-12,2223,2401,RIVER_CONNECTED,2023-06-06,0.425,32.6143,46.6086,470466.5,5161738.0,DNIPRO_CORRIDOR,1.0,ZONE_2_KHERSON_DELTA,river,699.75,,,,0.0019,0.4111,0.1515,0.4055,0.0,0.0103,0.0198,0.0001,0.1346,0.0,0.33,0.68,1.17,1.93,3.39,2.24,3.54,0.0,0.0,1.0,Dnipro,0.6,True,4.0,0.0,2023-06-13,1.0,1.0,0.079,0.153,1.0,0.031,LATER_S1_INCONCLUSIVE,,RIVER_CONNECTED;LATER_S1_INCONCLUSIVE,
2023-06-12,2373,2560,RIVER_CONNECTED,2023-06-06,0.363,32.4964,46.5953,461423.5,5160317.7,DNIPRO_CORRIDOR,1.0,ZONE_2_KHERSON_DELTA,river,699.75,,,,0.0,0.0,0.0,1.0,0.0,0.0,0.0,0.0001,0.0576,0.0215,0.19,0.55,0.63,0.83,1.7,1.13,2.4,0.0,0.0,1.0,Dnipro,0.9,True,4.0,0.0,2023-06-13,1.0,1.0,0.399,0.0,0.0,,LATER_S1_WATER,,RIVER_CONNECTED;LATER_S1_WATER,
2023-06-12,2515,2704,RIVER_CONNECTED,2023-06-06,0.797,32.5678,46.5817,466885.7,5158767.9,DNIPRO_CORRIDOR,1.0,ZONE_2_KHERSON_DELTA,river,699.75,,,,0.0,0.1069,0.0,0.8886,0.0,0.0035,0.001,0.0001,0.1324,0.0001,0.14,0.19,0.71,1.17,3.25,2.56,3.6,0.0,0.0,1.0,Dnipro,1.6,True,4.0,0.0,2023-06-13,1.0,1.0,0.305,0.0,0.0,,LATER_S1_WATER,,RIVER_CONNECTED;LATER_S1_WATER,
2023-06-12,2545,2805,RIVER_CONNECTED,2023-06-06,0.508,32.4646,46.577,458976.9,5158303.0,DNIPRO_CORRIDOR,1.0,ZONE_2_KHERSON_DELTA,river,699.75,,,,0.0063,0.0465,0.2214,0.6383,0.0,0.0709,0.0165,0.0,0.0531,0.154,0.48,0.42,0.86,1.86,2.23,1.34,2.44,0.0,0.0,1.0,Dnipro,1.0,True,4.0,0.0,2023-06-13,1.0,1.0,0.013,0.228,1.0,0.055,LATER_S1_NO_WATER_SIGNAL_VEGETATED,,RIVER_CONNECTED;LATER_S1_NO_WATER_SIGNAL_VEGETATED,
2023-06-12,2859,3187,RIVER_CONNECTED,2023-06-06,0.57,32.5033,46.5536,461923.7,5155677.8,DNIPRO_CORRIDOR,1.0,ZONE_2_KHERSON_DELTA,river,699.75,,,,0.0,0.0716,0.2451,0.6124,0.0084,0.0548,0.0077,0.0003,0.0891,0.0,0.21,0.51,0.69,2.17,2.37,1.64,2.87,0.0,0.0,1.0,Dnipro,2.9,True,4.0,0.0,2023-06-13,1.0,1.0,0.384,0.254,1.0,0.404,LATER_S1_WATER,,RIVER_CONNECTED;LATER_S1_WATER,
2023-06-12,3028,3284,RIVER_CONNECTED,2023-06-06,0.259,32.5366,46.5429,464468.3,5154473.1,DNIPRO_CORRIDOR,1.0,ZONE_2_KHERSON_DELTA,river,699.75,,,,0.0,0.0741,0.0741,0.8117,0.0,0.0324,0.0077,0.0058,0.1254,0.0027,0.34,0.09,0.66,1.09,2.48,1.84,3.34,0.0,0.0,1.0,Dnipro,5.4,True,4.0,0.0,2023-06-13,1.0,1.0,0.068,0.074,1.0,0.021,LATER_S1_INCONCLUSIVE,,RIVER_CONNECTED;LATER_S1_INCONCLUSIVE,
2023-06-12,3073,2112,RIVER_CONNECTED,2023-06-06,0.48,32.5151,46.5287,462810.4,5152905.1,DNIPRO_CORRIDOR,1.0,ZONE_2_KHERSON_DELTA,river,699.75,,,,0.0,0.1243,0.0842,0.1626,0.0042,0.6155,0.0092,0.0046,0.0956,0.065,0.49,0.53,1.37,2.19,2.27,0.91,2.51,0.0,0.0,1.0,Dnipro,5.5,True,4.0,0.0,2023-06-13,1.0,1.0,0.021,0.088,1.0,0.066,LATER_S1_NO_WATER_SIGNAL_VEGETATED,,RIVER_CONNECTED;LATER_S1_NO_WATER_SIGNAL_VEGETATED,
2023-06-12,3080,2112,TRAPPED,2023-06-06,1.472,32.5328,46.5231,464168.9,5152277.8,DNIPRO_CORRIDOR,1.0,ZONE_2_KHERSON_DELTA,isolated,2.63,4.0,0.5468,-5.25,0.0008,0.1809,0.2488,0.1171,0.0,0.4523,0.0,0.0045,0.1284,0.0641,2.21,0.63,1.7,2.24,2.27,0.61,2.44,0.0,0.0,1.0,Dnipro,6.8,,,102.0,2023-06-13,1.0,1.0,0.107,0.25,1.0,0.332,LATER_S1_INCONCLUSIVE,RETAINED_UNCERTAIN,TRAPPED;LATER_S1_INCONCLUSIVE;RETAINED_UNCERTAIN,
2023-06-12,0,0,RIVER_CONNECTED,,22.486,,,,,specks < min_km2,,,,,,,,,,,,,,,,,,,,,,,,,,,,,,,,,,,,,,,,,,RIVER_CONNECTED;SPECKS_AGGREGATED,3071.0
2023-06-12,0,0,TRAPPED,,0.004,,,,,specks < min_km2,,,,,,,,,,,,,,,,,,,,,,,,,,,,,,,,,,,,,,,,,,TRAPPED;SPECKS_AGGREGATED,3.0
2023-06-13,1,1,RIVER_CONNECTED,2023-06-06,6.038,32.9038,47.1215,492700.2,5218669.3,INHULETS_VALLEY_rect,1.0,ZONE_4_DAM_TO_KHERSON_FLOODWAY,river,677.64,,,,0.5921,0.0244,0.2418,0.0495,0.0,0.0002,0.0919,0.0,0.0495,0.5718,39.1,2.04,3.11,4.19,4.46,1.35,4.28,1.0,0.0,0.0,Inhulets,39.8,True,4.0,0.0,2023-06-13,0.0,0.0,0.0,0.834,0.0,,S1_UNOBSERVED,,RIVER_CONNECTED;S1_UNOBSERVED;WEAK_SURFACE,
2023-06-13,2,1,RIVER_CONNECTED,2023-06-06,4.571,32.9819,47.134,498625.4,5220055.0,INHULETS_VALLEY_rect,1.0,ZONE_4_DAM_TO_KHERSON_FLOODWAY,river,677.64,,,,0.5238,0.0599,0.2491,0.0121,0.0,0.0023,0.1529,0.0,0.0757,0.5794,45.08,0.43,4.32,4.99,5.1,0.75,5.59,0.0,1.0,0.0,Dnipro,40.4,True,4.0,0.0,2023-06-13,0.0,0.0,0.0,0.773,0.0,,S1_UNOBSERVED,,RIVER_CONNECTED;S1_UNOBSERVED,
2023-06-13,6,1,RIVER_CONNECTED,2023-06-06,0.866,32.9642,47.1028,497286.2,5216585.6,INHULETS_VALLEY_rect,1.0,ZONE_4_DAM_TO_KHERSON_FLOODWAY,river,677.64,,,,0.7163,0.0018,0.2435,0.0009,0.0,0.0,0.0374,0.0,0.0825,0.4648,41.18,2.74,3.63,4.59,5.04,1.41,3.64,0.0,1.0,0.0,Dnipro,38.0,True,4.0,0.0,2023-06-13,0.0,0.0,0.0,0.96,0.0,,S1_UNOBSERVED,,RIVER_CONNECTED;S1_UNOBSERVED,
2023-06-13,9,1,RIVER_CONNECTED,2023-06-06,0.649,32.9391,47.0979,495375.1,5216043.5,INHULETS_VALLEY_rect,1.0,ZONE_4_DAM_TO_KHERSON_FLOODWAY,river,677.64,,,,0.1238,0.1436,0.5595,0.1023,0.0,0.0006,0.0702,0.0001,0.0629,0.5111,39.23,1.88,3.77,4.69,5.0,1.19,3.63,0.2,0.8,0.0,Dnipro,38.4,True,4.0,0.0,2023-06-13,0.0,0.0,0.0,0.683,0.0,,S1_UNOBSERVED,,RIVER_CONNECTED;S1_UNOBSERVED,
2023-06-13,13,1,RIVER_CONNECTED,2023-06-06,0.969,32.9188,47.0922,493838.4,5215416.9,INHULETS_VALLEY_rect,1.0,ZONE_4_DAM_TO_KHERSON_FLOODWAY,river,677.64,,,,0.7254,0.0041,0.2036,0.0145,0.0,0.0,0.0524,0.0001,0.0544,0.5122,37.11,2.36,3.21,4.1,4.46,1.25,3.39,0.999,0.001,0.0,Inhulets,37.2,True,4.0,0.0,2023-06-13,0.0,0.0,0.0,0.929,0.0,,S1_UNOBSERVED,,RIVER_CONNECTED;S1_UNOBSERVED;WEAK_SURFACE,
2023-06-13,17,16,RIVER_CONNECTED,2023-06-06,3.644,32.8688,47.0864,490041.4,5214771.8,INHULETS_VALLEY_rect,1.0,ZONE_4_DAM_TO_KHERSON_FLOODWAY,river,677.64,,,,0.6206,0.0093,0.2454,0.0914,0.0,0.0045,0.0286,0.0001,0.0909,0.4327,35.88,1.75,2.74,3.77,4.46,1.72,3.81,1.0,0.0,0.0,Inhulets,35.6,True,4.0,0.0,2023-06-13,0.0,0.0,0.0,0.866,0.0,,S1_UNOBSERVED,,RIVER_CONNECTED;S1_UNOBSERVED;WEAK_SURFACE,
2023-06-13,38,36,RIVER_CONNECTED,2023-06-06,3.572,32.8426,47.0742,488053.4,5213417.8,INHULETS_VALLEY_rect,1.0,ZONE_4_DAM_TO_KHERSON_FLOODWAY,river,677.64,,,,0.5846,0.0353,0.3445,0.0049,0.0,0.0081,0.0226,0.0001,0.0965,0.4455,33.54,1.5,2.27,3.86,4.46,2.19,3.55,1.0,0.0,0.0,Inhulets,34.5,True,4.0,0.0,2023-06-13,0.0,0.0,0.0,0.929,0.0,,S1_UNOBSERVED,,RIVER_CONNECTED;S1_UNOBSERVED;WEAK_SURFACE,
2023-06-13,49,63,RIVER_CONNECTED,2023-06-06,0.717,32.8298,47.0486,487072.1,5210573.6,INHULETS_VALLEY_rect,1.0,ZONE_4_DAM_TO_KHERSON_FLOODWAY,river,677.64,,,,0.4306,0.0123,0.5008,0.039,0.0,0.0033,0.0139,0.0001,0.077,0.4018,30.03,1.44,2.05,3.8,4.46,2.4,3.4,1.0,0.0,0.0,Inhulets,31.0,True,4.0,0.0,2023-06-13,0.0,0.0,0.0,0.931,0.0,,S1_UNOBSERVED,,RIVER_CONNECTED;S1_UNOBSERVED;WEAK_SURFACE,
2023-06-13,52,36,RIVER_CONNECTED,2023-06-06,0.88,32.8392,47.0401,487784.5,5209629.4,INHULETS_VALLEY_rect,1.0,ZONE_4_DAM_TO_KHERSON_FLOODWAY,river,677.64,,,,0.5738,0.0254,0.3498,0.0254,0.0,0.0086,0.0168,0.0001,0.0786,0.4311,28.78,1.29,2.04,3.83,4.46,2.41,3.41,1.0,0.0,0.0,Inhulets,30.2,True,4.0,0.0,2023-06-13,0.0,0.0,0.0,0.924,0.0,,S1_UNOBSERVED,,RIVER_CONNECTED;S1_UNOBSERVED;WEAK_SURFACE,
2023-06-13,61,81,RIVER_CONNECTED,2023-06-06,1.663,32.8345,47.0261,487420.5,5208080.7,INHULETS_VALLEY_rect,1.0,ZONE_4_DAM_TO_KHERSON_FLOODWAY,river,677.64,,,,0.0171,0.0491,0.6012,0.2013,0.0,0.0197,0.1116,0.0001,0.073,0.491,32.05,1.22,1.97,4.0,4.46,2.49,3.68,1.0,0.0,0.0,Inhulets,28.8,True,4.0,0.0,2023-06-13,0.0,0.94,0.634,0.618,0.919,0.704,S1_WATER,,RIVER_CONNECTED;S1_WATER;WEAK_SURFACE,
2023-06-13,74,97,RIVER_CONNECTED,2023-06-06,1.227,32.8296,47.0163,487050.2,5206985.6,INHULETS_VALLEY_rect,1.0,ZONE_4_DAM_TO_KHERSON_FLOODWAY,river,677.64,,,,0.7559,0.0,0.2138,0.0029,0.0,0.0,0.0274,0.0001,0.0576,0.3869,26.34,1.2,1.71,2.56,4.46,2.74,3.45,1.0,0.0,0.0,Inhulets,27.6,True,4.0,0.0,2023-06-13,0.0,1.0,0.93,0.97,1.0,0.945,S1_WATER,,RIVER_CONNECTED;S1_WATER;WEAK_SURFACE,
2023-06-13,85,115,RIVER_CONNECTED,2023-06-06,0.667,32.8253,47.0057,486722.9,5205814.7,INHULETS_VALLEY_rect,1.0,ZONE_4_DAM_TO_KHERSON_FLOODWAY,river,677.64,,,,0.5987,0.0036,0.3335,0.0354,0.0,0.0024,0.0264,0.0001,0.0703,0.3834,30.37,1.1,1.46,3.42,4.46,2.99,3.78,1.0,0.0,0.0,Inhulets,26.4,True,4.0,0.0,2023-06-13,0.0,1.0,0.82,0.932,1.0,0.829,S1_WATER,,RIVER_CONNECTED;S1_WATER;WEAK_SURFACE,
2023-06-13,89,119,RIVER_CONNECTED,2023-06-06,1.674,32.8062,47.0001,485267.7,5205187.9,INHULETS_VALLEY_rect,1.0,ZONE_4_DAM_TO_KHERSON_FLOODWAY,river,677.64,,,,0.155,0.0191,0.7895,0.0014,0.0,0.0227,0.0122,0.0,0.0627,0.5096,39.97,1.09,1.36,3.68,4.46,3.1,4.12,1.0,0.0,0.0,Inhulets,25.5,True,4.0,0.0,2023-06-13,0.0,1.0,0.834,0.945,1.0,0.868,S1_WATER,,RIVER_CONNECTED;S1_WATER;WEAK_SURFACE,
2023-06-13,124,158,RIVER_CONNECTED,2023-06-06,1.265,32.8233,46.9853,486565.0,5203546.5,INHULETS_VALLEY_rect,1.0,ZONE_4_DAM_TO_KHERSON_FLOODWAY,river,677.64,,,,0.3918,0.0,0.5987,0.0013,0.0,0.0,0.0082,0.0,0.0483,0.551,37.98,1.07,1.48,3.4,4.46,2.98,3.95,1.0,0.0,0.0,Inhulets,24.0,True,4.0,0.0,2023-06-13,0.0,1.0,0.932,0.991,1.0,0.935,S1_WATER,,RIVER_CONNECTED;S1_WATER;WEAK_SURFACE,
2023-06-13,135,171,RIVER_CONNECTED,2023-06-06,0.782,32.8116,46.9729,485673.4,5202174.7,INHULETS_VALLEY_rect,1.0,ZONE_4_DAM_TO_KHERSON_FLOODWAY,river,677.64,,,,0.046,0.2517,0.5202,0.1422,0.0,0.0,0.0399,0.0,0.0353,0.5433,33.67,1.12,2.05,3.9,4.46,2.41,4.33,1.0,0.0,0.0,Inhulets,22.5,True,4.0,0.0,2023-06-13,0.0,1.0,0.585,0.566,1.0,0.668,S1_WATER,,RIVER_CONNECTED;S1_WATER;WEAK_SURFACE,
2023-06-13,154,193,RIVER_CONNECTED,2023-06-06,1.552,32.8135,46.9546,485806.1,5200141.0,INHULETS_VALLEY_rect,1.0,ZONE_4_DAM_TO_KHERSON_FLOODWAY,river,677.64,,,,0.0296,0.0124,0.6729,0.2688,0.0,0.0034,0.0129,0.0,0.0407,0.5662,35.15,0.78,1.46,3.76,4.46,3.0,4.26,1.0,0.0,0.0,Inhulets,20.5,True,4.0,0.0,2023-06-13,0.0,1.0,0.877,0.703,1.0,0.866,S1_WATER,,RIVER_CONNECTED;S1_WATER;WEAK_SURFACE,
2023-06-13,171,215,RIVER_CONNECTED,2023-06-06,0.702,32.7952,46.9443,484412.3,5198998.7,INHULETS_VALLEY_rect,1.0,ZONE_4_DAM_TO_KHERSON_FLOODWAY,river,677.64,,,,0.0188,0.0063,0.9647,0.0017,0.0,0.0011,0.0074,0.0001,0.0437,0.4708,30.85,1.09,1.54,3.6,4.46,2.92,3.55,1.0,0.0,0.0,Inhulets,19.4,True,4.0,0.0,2023-06-13,0.0,1.0,0.892,0.983,1.0,0.896,S1_WATER,,RIVER_CONNECTED;S1_WATER;WEAK_SURFACE,
2023-06-13,183,238,RIVER_CONNECTED,2023-06-06,0.909,32.8273,46.9278,486850.1,5197159.5,INHULETS_VALLEY_rect,1.0,ZONE_4_DAM_TO_KHERSON_FLOODWAY,river,677.64,,,,0.3578,0.107,0.375,0.1549,0.0,0.0018,0.0035,0.0001,0.0544,0.4702,31.14,1.08,1.55,4.0,4.46,2.91,3.7,1.0,0.0,0.0,Inhulets,18.0,True,4.0,0.0,2023-06-13,0.0,1.0,0.662,0.733,1.0,0.718,S1_WATER,,RIVER_CONNECTED;S1_WATER;WEAK_SURFACE,
2023-06-13,199,261,RIVER_CONNECTED,2023-06-06,0.404,32.814,46.9072,485837.4,5194872.5,INHULETS_VALLEY_rect,1.0,ZONE_4_DAM_TO_KHERSON_FLOODWAY,river,677.64,,,,0.0406,0.0099,0.8802,0.0545,0.0,0.001,0.0139,0.0002,0.058,0.5194,34.46,1.09,1.59,4.0,4.46,2.87,3.88,1.0,0.0,0.0,Inhulets,15.4,True,4.0,0.0,2023-06-13,0.0,1.0,0.674,0.921,1.0,0.698,S1_WATER,,RIVER_CONNECTED;S1_WATER;WEAK_SURFACE,
2023-06-13,223,293,RIVER_CONNECTED,2023-06-06,0.256,32.8314,46.8903,487154.9,5192987.6,INHULETS_VALLEY_rect,1.0,ZONE_4_DAM_TO_KHERSON_FLOODWAY,river,677.64,,,,0.0892,0.072,0.8247,0.0016,0.0,0.0047,0.0078,0.0002,0.0332,0.4834,30.15,1.11,2.27,4.24,4.46,2.19,3.41,1.0,0.0,0.0,Inhulets,14.0,True,4.0,0.0,2023-06-13,0.0,1.0,0.648,0.914,1.0,0.68,S1_WATER,,RIVER_CONNECTED;S1_WATER;WEAK_SURFACE,
2023-06-13,240,314,RIVER_CONNECTED,2023-06-06,0.364,32.8241,46.8642,486593.1,5190084.9,INHULETS_VALLEY_rect,1.0,ZONE_4_DAM_TO_KHERSON_FLOODWAY,river,677.64,,,,0.1088,0.0758,0.7615,0.0209,0.0,0.0209,0.0121,0.0,0.0286,0.6006,33.23,1.13,2.22,4.24,4.46,2.24,3.86,0.887,0.0,0.113,Inhulets,10.8,True,4.0,0.0,2023-06-13,0.0,1.0,0.468,0.87,1.0,0.52,S1_WATER,,RIVER_CONNECTED;S1_WATER;WEAK_SURFACE,
2023-06-13,245,321,RIVER_CONNECTED,2023-06-06,0.494,32.798,46.8562,484603.0,5189207.3,INHULETS_VALLEY_rect,1.0,ZONE_4_DAM_TO_KHERSON_FLOODWAY,river,677.64,,,,0.0712,0.0833,0.835,0.0,0.0,0.0073,0.0032,0.0,0.0357,0.5506,29.24,1.18,2.69,4.27,4.46,1.77,3.4,0.013,0.0,0.987,Inhulets,9.7,True,4.0,0.0,2023-06-13,0.0,1.0,0.527,0.906,1.0,0.578,S1_WATER,,RIVER_CONNECTED;S1_WATER,
2023-06-13,268,358,RIVER_CONNECTED,2023-06-06,0.594,32.7911,46.8276,484066.1,5186029.6,INHULETS_VALLEY_rect,1.0,ZONE_4_DAM_TO_KHERSON_FLOODWAY,river,677.64,,,,0.0653,0.029,0.8896,0.0081,0.0,0.0081,0.0,0.0001,0.0458,0.4895,27.14,1.16,2.4,4.2,4.46,2.06,3.41,0.0,0.0,1.0,Inhulets,6.7,True,4.0,0.0,2023-06-13,0.0,1.0,0.455,0.955,1.0,0.468,S1_WATER,,RIVER_CONNECTED;S1_WATER,
2023-06-13,277,360,RIVER_CONNECTED,2023-06-06,0.534,33.2157,46.818,516454.2,5184961.3,DNIPRO_CORRIDOR,1.0,ZONE_4_DAM_TO_KHERSON_FLOODWAY,river,677.64,,,,0.0,0.2305,0.1033,0.6422,0.0,0.0,0.024,0.0,0.0667,0.5276,37.37,1.73,2.33,4.72,5.25,2.92,4.59,0.0,0.0,1.0,Kokan',4.8,True,4.0,0.0,2023-06-13,0.0,1.0,0.649,0.103,1.0,0.37,S1_WATER,,RIVER_CONNECTED;S1_WATER,
2023-06-13,364,413,RIVER_CONNECTED,2023-06-06,0.281,33.0316,46.7863,502410.2,5181417.6,INHULETS_VALLEY_rect,0.876,ZONE_4_DAM_TO_KHERSON_FLOODWAY,river,677.64,,,,0.0,0.2361,0.2432,0.505,0.0,0.0014,0.0142,0.0049,0.0269,0.532,29.97,1.25,1.81,4.37,4.87,3.05,4.57,0.0,0.876,0.124,Dnipro,4.5,True,4.0,0.0,2023-06-13,0.0,1.0,0.481,0.243,1.0,0.199,S1_WATER,,RIVER_CONNECTED;S1_WATER,
2023-06-13,445,552,RIVER_CONNECTED,2023-06-06,0.425,33.2466,46.7806,518824.7,5180813.0,DNIPRO_CORRIDOR,1.0,ZONE_4_DAM_TO_KHERSON_FLOODWAY,river,677.64,,,,0.0,0.968,0.0,0.016,0.0,0.0,0.016,0.0,0.3435,0.1068,0.99,1.76,2.42,4.72,5.43,3.01,3.82,0.0,0.0,1.0,Kokan',0.9,True,4.0,0.0,2023-06-13,0.0,1.0,0.025,0.0,0.0,,S1_NO_WATER_SIGNAL_VEGETATED,,RIVER_CONNECTED;S1_NO_WATER_SIGNAL_VEGETATED,
2023-06-13,518,693,RIVER_CONNECTED,2023-06-06,0.366,32.7941,46.7652,484277.4,5179091.6,DNIPRO_CORRIDOR,0.681,ZONE_4_DAM_TO_KHERSON_FLOODWAY,river,677.64,,,,0.1965,0.2227,0.5459,0.0197,0.0,0.0,0.0153,0.0001,0.0859,0.4724,28.73,1.1,2.5,4.23,4.43,1.93,3.54,0.0,0.0,1.0,Inhulets,0.7,True,4.0,0.0,2023-06-13,0.0,1.0,0.219,0.742,1.0,0.278,S1_WATER,,RIVER_CONNECTED;S1_WATER,
2023-06-13,520,606,RIVER_CONNECTED,2023-06-06,0.896,33.1463,46.7779,511169.2,5180494.1,DNIPRO_CORRIDOR,1.0,ZONE_4_DAM_TO_KHERSON_FLOODWAY,river,677.64,,,,0.0022,0.0254,0.7768,0.1817,0.0,0.0031,0.0107,0.0001,0.1161,0.1574,1.67,1.47,2.24,3.54,5.09,2.84,4.43,0.0,0.0,1.0,Dnipro,0.5,True,4.0,0.0,2023-06-13,0.0,1.0,0.933,0.779,1.0,0.929,S1_WATER,,RIVER_CONNECTED;S1_WATER,
2023-06-13,542,436,RIVER_CONNECTED,2023-06-06,0.66,33.3144,46.7777,524004.4,5180505.8,DNIPRO_CORRIDOR,1.0,ZONE_4_DAM_TO_KHERSON_FLOODWAY,river,677.64,,,,0.0,0.5312,0.2356,0.1551,0.0,0.0575,0.0206,0.0004,0.3482,0.0559,0.95,1.91,3.01,4.52,5.66,2.67,4.64,0.0,0.0,1.0,Kokan',1.5,True,4.0,0.0,2023-06-13,0.0,1.0,0.205,0.236,1.0,0.35,S1_WATER,,RIVER_CONNECTED;S1_WATER,
2023-06-13,561,647,RIVER_CONNECTED,2023-06-06,1.188,33.1745,46.7719,513321.6,5179826.6,DNIPRO_CORRIDOR,1.0,ZONE_4_DAM_TO_KHERSON_FLOODWAY,river,677.64,,,,0.0,0.0758,0.8609,0.0441,0.0,0.004,0.0152,0.0001,0.2187,0.0363,1.45,1.62,3.08,3.81,5.2,2.1,3.91,0.0,0.0,1.0,Dnipro,1.0,True,4.0,0.0,2023-06-13,0.0,1.0,0.92,0.861,1.0,0.946,S1_WATER,,RIVER_CONNECTED;S1_WATER,
2023-06-13,579,665,RIVER_CONNECTED,2023-06-06,0.376,33.3319,46.7739,525337.2,5180096.3,DNIPRO_CORRIDOR,1.0,ZONE_4_DAM_TO_KHERSON_FLOODWAY,river,677.64,,,,0.0,0.516,0.4053,0.0734,0.0,0.0,0.0053,0.0006,0.2926,0.037,1.75,1.97,3.16,4.29,5.78,2.63,3.93,0.0,0.0,1.0,Kokan',0.8,True,4.0,0.0,2023-06-13,0.0,1.0,0.289,0.405,1.0,0.614,S1_WATER,,RIVER_CONNECTED;S1_WATER,
2023-06-13,601,692,RIVER_CONNECTED,2023-06-06,0.396,33.3378,46.768,525788.8,5179444.2,DNIPRO_CORRIDOR,1.0,ZONE_4_DAM_TO_KHERSON_FLOODWAY,river,677.64,,,,0.0,0.6242,0.3364,0.0354,0.0,0.0,0.004,0.0014,0.2678,0.0227,5.46,1.95,2.87,4.32,5.8,2.91,4.13,0.0,0.0,1.0,Kokan',0.4,True,4.0,0.0,2023-06-13,0.0,1.0,0.584,0.336,1.0,0.898,S1_WATER,,RIVER_CONNECTED;S1_WATER,
2023-06-13,737,2112,RIVER_CONNECTED,2023-06-06,1.207,33.1208,46.7483,509223.9,5177201.9,DNIPRO_CORRIDOR,1.0,ZONE_4_DAM_TO_KHERSON_FLOODWAY,river,677.64,,,,0.0043,0.4503,0.3357,0.0272,0.0,0.1716,0.0109,0.0001,0.364,0.0108,3.57,1.5,3.55,4.88,4.95,1.43,4.29,0.0,0.0,1.0,no_data,1.3,True,4.0,0.0,2023-06-13,0.0,1.0,0.165,0.34,1.0,0.413,S1_INCONCLUSIVE,,RIVER_CONNECTED;S1_INCONCLUSIVE,
2023-06-13,752,2112,RIVER_CONNECTED,2023-06-06,0.659,33.2408,46.7585,518391.4,5178358.4,DNIPRO_CORRIDOR,1.0,ZONE_4_DAM_TO_KHERSON_FLOODWAY,river,677.64,,,,0.0,0.2095,0.6782,0.088,0.0,0.0194,0.0049,0.0,0.2677,0.2043,2.2,1.65,2.58,3.89,5.43,2.85,4.69,0.0,0.0,1.0,Kokan',1.7,True,4.0,0.0,2023-06-13,0.0,1.0,0.835,0.678,1.0,0.89,S1_WATER,,RIVER_CONNECTED;S1_WATER,
2023-06-13,888,928,RIVER_CONNECTED,2023-06-06,0.413,32.7503,46.7464,480929.2,5177015.7,DNIPRO_CORRIDOR,0.414,ZONE_4_DAM_TO_KHERSON_FLOODWAY,river,677.64,,,,0.029,0.3591,0.2168,0.3843,0.0,0.0,0.0106,0.0,0.1519,0.436,27.47,0.99,1.94,4.02,4.25,2.3,3.94,0.0,0.0,1.0,Inhulets,0.4,True,4.0,0.0,2023-06-13,0.0,1.0,0.284,0.246,1.0,0.11,S1_WATER,,RIVER_CONNECTED;S1_WATER,
2023-06-13,889,929,RIVER_CONNECTED,2023-06-06,0.313,32.7951,46.746,484348.9,5176964.2,DNIPRO_CORRIDOR,1.0,ZONE_4_DAM_TO_KHERSON_FLOODWAY,river,677.64,,,,0.0,0.1957,0.6496,0.0141,0.0,0.1087,0.032,0.0001,0.0946,0.5297,28.69,1.07,2.16,4.11,4.37,2.2,3.43,0.0,0.0,1.0,Inhulets,0.5,True,4.0,0.0,2023-06-13,0.0,1.0,0.235,0.65,1.0,0.321,S1_WATER,,RIVER_CONNECTED;S1_WATER,
2023-06-13,900,913,RIVER_CONNECTED,2023-06-06,1.057,32.9651,46.7464,497338.0,5176981.7,DNIPRO_CORRIDOR,1.0,ZONE_4_DAM_TO_KHERSON_FLOODWAY,river,677.64,,,,0.0,0.6684,0.288,0.0314,0.0,0.0015,0.0106,0.0001,0.1988,0.3241,8.04,1.06,1.81,3.81,4.5,2.68,5.55,0.0,0.0,1.0,Dnipro,0.9,True,4.0,0.0,2023-06-13,0.0,1.0,0.165,0.288,1.0,0.503,S1_INCONCLUSIVE,,RIVER_CONNECTED;S1_INCONCLUSIVE,
2023-06-13,1501,2112,RIVER_CONNECTED,2023-06-06,1.053,32.8872,46.6942,491378.7,5171186.7,DNIPRO_CORRIDOR,1.0,ZONE_4_DAM_TO_KHERSON_FLOODWAY,river,677.64,,,,0.1071,0.0862,0.5948,0.1884,0.0019,0.0213,0.0004,0.0009,0.1807,0.0805,0.91,1.12,2.29,4.09,4.18,1.87,4.01,0.0,0.0,1.0,Dnipro,1.1,True,4.0,0.0,2023-06-13,0.0,1.0,0.388,0.704,1.0,0.44,S1_WATER,,RIVER_CONNECTED;S1_WATER,
2023-06-13,1768,1717,RIVER_CONNECTED,2023-06-06,3.635,32.5526,46.6415,465760.8,5165419.0,DNIPRO_CORRIDOR,1.0,ZONE_2_KHERSON_DELTA,river,677.64,,,,0.0069,0.0671,0.137,0.6317,0.002,0.1521,0.0032,0.0015,0.11,0.1089,16.3,0.64,1.89,2.84,2.65,0.96,2.82,0.0,0.0,1.0,Dnipro,4.5,True,4.0,0.0,2023-06-13,0.0,1.0,0.11,0.146,1.0,0.029,S1_INCONCLUSIVE,,RIVER_CONNECTED;S1_INCONCLUSIVE,
2023-06-13,1778,1722,RIVER_CONNECTED,2023-06-06,1.14,32.6863,46.6672,476002.1,5168235.5,DNIPRO_CORRIDOR,1.0,ZONE_2_KHERSON_DELTA,river,677.64,,,,0.006,0.0709,0.1987,0.4988,0.0291,0.1723,0.0123,0.0011,0.1611,0.0855,16.13,0.7,1.19,2.59,3.32,2.16,3.91,0.0,0.0,1.0,no_data,0.7,True,4.0,0.0,2023-06-13,0.0,0.976,0.467,0.234,1.0,0.411,S1_WATER,,RIVER_CONNECTED;S1_WATER,
2023-06-13,1834,1775,RIVER_CONNECTED,2023-06-06,1.108,32.7207,46.651,478629.4,5166420.1,DNIPRO_CORRIDOR,1.0,ZONE_4_DAM_TO_KHERSON_FLOODWAY,river,677.64,,,,0.0,0.3071,0.035,0.4197,0.0007,0.2209,0.0166,0.0008,0.1617,0.0013,0.47,0.75,1.25,2.81,3.49,2.25,4.18,0.0,0.0,1.0,Dnipro,1.0,True,4.0,0.0,2023-06-13,0.0,1.0,0.085,0.036,1.0,0.0,S1_INCONCLUSIVE,,RIVER_CONNECTED;S1_INCONCLUSIVE,
2023-06-13,1897,2112,RIVER_CONNECTED,2023-06-06,63.387,32.6668,46.5664,474463.2,5157038.4,DNIPRO_CORRIDOR,1.0,ZONE_2_KHERSON_DELTA,river,677.64,,,,0.0018,0.1856,0.247,0.4519,0.0008,0.1033,0.0066,0.0035,0.2024,0.0183,3.67,0.65,1.85,3.13,3.04,1.14,3.84,0.025,0.0,0.975,Dnipro,5.8,True,4.0,0.0,2023-06-13,0.0,0.994,0.207,0.25,0.996,0.304,S1_WATER,,RIVER_CONNECTED;S1_WATER,
2023-06-13,2014,1963,RIVER_CONNECTED,2023-06-06,1.54,32.4476,46.6434,457723.6,5165689.9,DNIPRO_CORRIDOR,1.0,ZONE_2_KHERSON_DELTA,river,677.64,,,,0.0016,0.0535,0.2371,0.6592,0.0,0.0416,0.007,0.0001,0.0233,0.5083,15.57,0.64,1.07,2.16,2.42,1.34,2.67,0.0,0.0,1.0,Dnipro,7.4,True,4.0,0.0,2023-06-13,0.0,1.0,0.035,0.239,1.0,0.076,S1_NO_WATER_SIGNAL_VEGETATED,,RIVER_CONNECTED;S1_NO_WATER_SIGNAL_VEGETATED,
2023-06-13,2062,2011,RIVER_CONNECTED,2023-06-06,0.53,32.649,46.6366,473132.3,5164841.6,DNIPRO_CORRIDOR,1.0,ZONE_2_KHERSON_DELTA,river,677.64,,,,0.0,0.0038,0.0045,0.9872,0.0,0.0,0.0045,0.0014,0.1477,0.0002,0.57,0.68,0.83,1.1,3.1,2.25,3.18,0.0,0.0,1.0,no_data,0.5,True,4.0,0.0,2023-06-13,0.0,1.0,0.334,0.005,1.0,0.0,S1_WATER,,RIVER_CONNECTED;S1_WATER,
2023-06-13,2205,1717,RIVER_CONNECTED,2023-06-06,0.728,32.5913,46.6272,468715.3,5163821.0,DNIPRO_CORRIDOR,1.0,ZONE_2_KHERSON_DELTA,river,677.64,,,,0.0,0.1538,0.0203,0.0005,0.0022,0.8077,0.0154,0.0017,0.1518,0.003,2.05,0.97,2.0,2.89,3.0,0.97,3.09,0.0,0.0,1.0,gauge,1.7,True,4.0,0.0,2023-06-13,0.0,1.0,0.015,0.023,1.0,0.049,S1_NO_WATER_SIGNAL_VEGETATED,,RIVER_CONNECTED;S1_NO_WATER_SIGNAL_VEGETATED,
2023-06-13,2235,2220,RIVER_CONNECTED,2023-06-06,4.042,32.5775,46.6124,467650.7,5162174.6,DNIPRO_CORRIDOR,1.0,ZONE_2_KHERSON_DELTA,river,677.64,,,,0.001,0.1576,0.0906,0.1036,0.0098,0.6108,0.0266,0.0005,0.1235,0.0004,0.31,0.67,1.58,2.76,2.85,1.19,3.29,0.0,0.0,1.0,Dnipro,1.0,True,4.0,0.0,2023-06-13,0.0,1.0,0.021,0.101,1.0,0.017,S1_NO_WATER_SIGNAL_VEGETATED,,RIVER_CONNECTED;S1_NO_WATER_SIGNAL_VEGETATED,
2023-06-13,2294,2285,RIVER_CONNECTED,2023-06-06,0.324,32.5476,46.6156,465363.0,5162543.7,DNIPRO_CORRIDOR,1.0,ZONE_2_KHERSON_DELTA,river,677.64,,,,0.0,0.2959,0.0,0.6893,0.0,0.0,0.0148,0.0023,0.0861,0.0043,0.26,0.53,0.79,1.59,2.59,1.81,2.89,0.0,0.0,1.0,Dnipro,2.2,True,4.0,0.0,2023-06-13,0.0,1.0,0.234,0.0,0.0,,S1_WATER,,RIVER_CONNECTED;S1_WATER,
2023-06-13,2356,2351,RIVER_CONNECTED,2023-06-06,0.512,32.488,46.6095,460789.5,5161895.9,DNIPRO_CORRIDOR,1.0,ZONE_2_KHERSON_DELTA,river,677.64,,,,0.0,0.1016,0.0,0.8772,0.0,0.0,0.0211,0.0001,0.0441,0.0677,0.21,0.55,0.78,1.26,2.46,1.64,2.07,0.0,0.0,1.0,Dnipro,2.6,True,4.0,0.0,2023-06-13,0.0,1.0,0.192,0.0,0.0,,S1_INCONCLUSIVE,,RIVER_CONNECTED;S1_INCONCLUSIVE,
2023-06-13,2402,2401,RIVER_CONNECTED,2023-06-06,0.424,32.6143,46.6086,470467.1,5161738.3,DNIPRO_CORRIDOR,1.0,ZONE_2_KHERSON_DELTA,river,677.64,,,,0.0019,0.4119,0.1508,0.4062,0.0,0.0094,0.0198,0.0001,0.1346,0.0,0.33,0.68,1.17,1.92,2.88,1.71,2.99,0.0,0.0,1.0,Dnipro,0.6,True,4.0,0.0,2023-06-13,0.0,1.0,0.079,0.153,1.0,0.031,S1_INCONCLUSIVE,,RIVER_CONNECTED;S1_INCONCLUSIVE,
2023-06-13,2551,2560,RIVER_CONNECTED,2023-06-06,0.363,32.4964,46.5953,461423.5,5160317.7,DNIPRO_CORRIDOR,1.0,ZONE_2_KHERSON_DELTA,river,677.64,,,,0.0,0.0,0.0,1.0,0.0,0.0,0.0,0.0001,0.0576,0.0215,0.19,0.55,0.63,0.83,1.57,1.0,1.89,0.0,0.0,1.0,Dnipro,0.9,True,4.0,0.0,2023-06-13,0.0,1.0,0.399,0.0,0.0,,S1_WATER,,RIVER_CONNECTED;S1_WATER,
2023-06-13,2694,2704,RIVER_CONNECTED,2023-06-06,0.797,32.5678,46.5817,466885.7,5158767.9,DNIPRO_CORRIDOR,1.0,ZONE_2_KHERSON_DELTA,river,677.64,,,,0.0,0.1069,0.0,0.8886,0.0,0.0035,0.001,0.0001,0.1324,0.0001,0.14,0.19,0.71,1.17,2.7,2.01,3.06,0.0,0.0,1.0,Dnipro,1.6,True,4.0,0.0,2023-06-13,0.0,1.0,0.305,0.0,0.0,,S1_WATER,,RIVER_CONNECTED;S1_WATER,
2023-06-13,2723,2805,RIVER_CONNECTED,2023-06-06,0.268,32.4704,46.5808,459423.9,5158719.9,DNIPRO_CORRIDOR,1.0,ZONE_2_KHERSON_DELTA,river,677.64,,,,0.0,0.0358,0.1207,0.7139,0.0,0.1252,0.0045,0.0,0.0447,0.1906,0.42,0.39,0.82,1.45,2.07,1.1,2.14,0.0,0.0,1.0,Dnipro,1.1,True,4.0,0.0,2023-06-13,0.0,1.0,0.001,0.121,1.0,0.012,S1_NO_WATER_SIGNAL_VEGETATED,,RIVER_CONNECTED;S1_NO_WATER_SIGNAL_VEGETATED,
2023-06-13,3042,3187,RIVER_CONNECTED,2023-06-06,0.53,32.5034,46.5533,461933.0,5155649.5,DNIPRO_CORRIDOR,1.0,ZONE_2_KHERSON_DELTA,river,677.64,,,,0.0,0.0769,0.1961,0.6576,0.0023,0.0588,0.0083,0.0004,0.089,0.0,0.21,0.51,0.66,1.47,2.07,1.37,2.57,0.0,0.0,1.0,Dnipro,2.9,True,4.0,0.0,2023-06-13,0.0,1.0,0.408,0.198,1.0,0.532,S1_WATER,,RIVER_CONNECTED;S1_WATER,
2023-06-13,3209,3284,RIVER_CONNECTED,2023-06-06,0.259,32.5366,46.5429,464468.3,5154473.1,DNIPRO_CORRIDOR,1.0,ZONE_2_KHERSON_DELTA,river,677.64,,,,0.0,0.0741,0.0741,0.8117,0.0,0.0324,0.0077,0.0058,0.1254,0.0027,0.34,0.09,0.66,1.09,2.16,1.51,2.9,0.0,0.0,1.0,Dnipro,5.4,True,4.0,0.0,2023-06-13,0.0,1.0,0.068,0.074,1.0,0.021,S1_INCONCLUSIVE,,RIVER_CONNECTED;S1_INCONCLUSIVE,
2023-06-13,3261,2112,RIVER_CONNECTED,2023-06-06,0.371,32.5156,46.5296,462849.7,5153009.3,DNIPRO_CORRIDOR,1.0,ZONE_2_KHERSON_DELTA,river,677.64,,,,0.0,0.1154,0.1014,0.2104,0.0054,0.5556,0.0119,0.0046,0.0887,0.0586,0.46,0.51,1.17,1.87,1.99,0.78,2.23,0.0,0.0,1.0,Dnipro,5.5,True,4.0,0.0,2023-06-13,0.0,1.0,0.016,0.107,1.0,0.051,S1_NO_WATER_SIGNAL_VEGETATED,,RIVER_CONNECTED;S1_NO_WATER_SIGNAL_VEGETATED,
2023-06-13,3273,2112,TRAPPED,2023-06-06,1.142,32.5329,46.5231,464170.4,5152274.4,DNIPRO_CORRIDOR,1.0,ZONE_2_KHERSON_DELTA,isolated,2.3,4.0,0.5468,-5.25,0.0007,0.1871,0.274,0.1265,0.0,0.4117,0.0,0.0045,0.1291,0.064,2.22,0.59,1.53,1.95,1.99,0.5,2.15,0.0,0.0,1.0,Dnipro,6.8,,,340.0,2023-06-13,0.0,1.0,0.136,0.275,1.0,0.379,S1_INCONCLUSIVE,RETAINED_UNCERTAIN,TRAPPED;S1_INCONCLUSIVE;RETAINED_UNCERTAIN,
2023-06-13,0,0,RIVER_CONNECTED,,23.873,,,,,specks < min_km2,,,,,,,,,,,,,,,,,,,,,,,,,,,,,,,,,,,,,,,,,,RIVER_CONNECTED;SPECKS_AGGREGATED,3266.0
2023-06-13,0,0,TRAPPED,,0.011,,,,,specks < min_km2,,,,,,,,,,,,,,,,,,,,,,,,,,,,,,,,,,,,,,,,,,TRAPPED;SPECKS_AGGREGATED,8.0
2023-06-14,1,1,RIVER_CONNECTED,2023-06-06,1.679,32.9795,47.1278,498443.8,5219367.0,INHULETS_VALLEY_rect,1.0,ZONE_4_DAM_TO_KHERSON_FLOODWAY,river,649.48,,,,0.2178,0.0994,0.2683,0.0102,0.0,0.001,0.4034,0.0,0.0774,0.5675,42.45,-0.08,3.37,4.24,4.26,0.91,4.82,0.0,1.0,0.0,Dnipro,39.6,True,2.0,0.0,2023-06-14,0.0,0.0,0.0,0.486,0.0,,S1_UNOBSERVED,,RIVER_CONNECTED;S1_UNOBSERVED,
2023-06-14,2,1,RIVER_CONNECTED,2023-06-06,5.086,32.9027,47.1182,492616.6,5218306.9,INHULETS_VALLEY_rect,1.0,ZONE_4_DAM_TO_KHERSON_FLOODWAY,river,649.48,,,,0.601,0.0176,0.2422,0.0538,0.0,0.0002,0.0851,0.0,0.051,0.5563,37.83,1.92,2.97,3.71,3.86,0.89,3.68,1.0,0.0,0.0,Inhulets,39.5,True,4.0,0.0,2023-06-14,0.0,0.0,0.0,0.843,0.0,,S1_UNOBSERVED,,RIVER_CONNECTED;S1_UNOBSERVED;WEAK_SURFACE,
2023-06-14,7,1,RIVER_CONNECTED,2023-06-06,0.706,32.9637,47.1022,497246.2,5216522.1,INHULETS_VALLEY_rect,1.0,ZONE_4_DAM_TO_KHERSON_FLOODWAY,river,649.48,,,,0.7269,0.0011,0.2374,0.0011,0.0,0.0,0.0334,0.0,0.0816,0.4654,41.05,2.57,3.54,4.09,4.2,0.67,2.8,0.0,1.0,0.0,Dnipro,37.9,True,3.0,0.0,2023-06-14,0.0,0.0,0.0,0.964,0.0,,S1_UNOBSERVED,,RIVER_CONNECTED;S1_UNOBSERVED,
2023-06-14,14,1,RIVER_CONNECTED,2023-06-06,0.502,32.9381,47.0975,495301.9,5215997.3,INHULETS_VALLEY_rect,1.0,ZONE_4_DAM_TO_KHERSON_FLOODWAY,river,649.48,,,,0.0606,0.1562,0.5618,0.1307,0.0,0.0,0.0908,0.0001,0.0632,0.5091,39.09,1.72,3.57,4.12,4.2,0.57,2.81,0.232,0.768,0.0,Dnipro,38.3,True,3.0,0.0,2023-06-14,0.0,0.0,0.0,0.622,0.0,,S1_UNOBSERVED,,RIVER_CONNECTED;S1_UNOBSERVED,
2023-06-14,20,1,RIVER_CONNECTED,2023-06-06,0.85,32.9181,47.0923,493780.5,5215419.4,INHULETS_VALLEY_rect,1.0,ZONE_4_DAM_TO_KHERSON_FLOODWAY,river,649.48,,,,0.7336,0.0038,0.1906,0.0165,0.0,0.0,0.0555,0.0001,0.0539,0.5126,37.1,2.28,3.16,3.77,3.86,0.7,2.79,1.0,0.0,0.0,Inhulets,37.2,True,3.0,0.0,2023-06-14,0.0,0.0,0.0,0.924,0.0,,S1_UNOBSERVED,,RIVER_CONNECTED;S1_UNOBSERVED;WEAK_SURFACE,
2023-06-14,26,16,RIVER_CONNECTED,2023-06-06,3.484,32.8688,47.0862,490041.5,5214748.2,INHULETS_VALLEY_rect,1.0,ZONE_4_DAM_TO_KHERSON_FLOODWAY,river,649.48,,,,0.6254,0.006,0.2428,0.0953,0.0,0.0016,0.0289,0.0001,0.0917,0.4327,35.76,1.73,2.72,3.53,3.86,1.14,3.21,1.0,0.0,0.0,Inhulets,35.6,True,4.0,0.0,2023-06-14,0.0,0.0,0.0,0.868,0.0,,S1_UNOBSERVED,,RIVER_CONNECTED;S1_UNOBSERVED;WEAK_SURFACE,
2023-06-14,58,36,RIVER_CONNECTED,2023-06-06,3.382,32.8419,47.0741,487994.4,5213413.1,INHULETS_VALLEY_rect,1.0,ZONE_4_DAM_TO_KHERSON_FLOODWAY,river,649.48,,,,0.6015,0.0267,0.3432,0.0044,0.0,0.0014,0.0228,0.0001,0.0982,0.4435,33.42,1.49,2.21,3.42,3.86,1.65,2.95,1.0,0.0,0.0,Inhulets,34.5,True,4.0,0.0,2023-06-14,0.0,0.0,0.0,0.945,0.0,,S1_UNOBSERVED,,RIVER_CONNECTED;S1_UNOBSERVED;WEAK_SURFACE,
2023-06-14,74,63,RIVER_CONNECTED,2023-06-06,0.686,32.83,47.0485,487085.8,5210569.3,INHULETS_VALLEY_rect,1.0,ZONE_4_DAM_TO_KHERSON_FLOODWAY,river,649.48,,,,0.4499,0.0111,0.4808,0.0408,0.0,0.0029,0.0146,0.0001,0.0767,0.3999,29.67,1.43,2.03,3.34,3.86,1.82,2.8,1.0,0.0,0.0,Inhulets,31.0,True,4.0,0.0,2023-06-14,0.0,0.0,0.0,0.931,0.0,,S1_UNOBSERVED,,RIVER_CONNECTED;S1_UNOBSERVED;WEAK_SURFACE,
2023-06-14,78,36,RIVER_CONNECTED,2023-06-06,0.838,32.8391,47.04,487774.4,5209619.2,INHULETS_VALLEY_rect,1.0,ZONE_4_DAM_TO_KHERSON_FLOODWAY,river,649.48,,,,0.5778,0.0205,0.3545,0.0267,0.0,0.0043,0.0162,0.0001,0.0784,0.4314,28.66,1.29,2.01,3.41,3.86,1.85,2.81,1.0,0.0,0.0,Inhulets,30.2,True,4.0,0.0,2023-06-14,0.0,0.0,0.0,0.932,0.0,,S1_UNOBSERVED,,RIVER_CONNECTED;S1_UNOBSERVED;WEAK_SURFACE,
2023-06-14,87,81,RIVER_CONNECTED,2023-06-06,1.524,32.8351,47.0262,487471.5,5208088.7,INHULETS_VALLEY_rect,1.0,ZONE_4_DAM_TO_KHERSON_FLOODWAY,river,649.48,,,,0.0176,0.0451,0.6014,0.2175,0.0,0.0105,0.1078,0.0001,0.0741,0.4897,31.98,1.2,1.87,3.52,3.86,1.98,3.08,1.0,0.0,0.0,Inhulets,28.8,True,4.0,0.0,2023-06-14,0.0,0.939,0.494,0.619,0.915,0.574,S1_WATER,,RIVER_CONNECTED;S1_WATER;WEAK_SURFACE,
2023-06-14,99,97,RIVER_CONNECTED,2023-06-06,1.174,32.8292,47.0163,487018.3,5206994.1,INHULETS_VALLEY_rect,1.0,ZONE_4_DAM_TO_KHERSON_FLOODWAY,river,649.48,,,,0.7901,0.0,0.1986,0.0031,0.0,0.0,0.0082,0.0001,0.0588,0.3364,22.91,1.2,1.7,2.32,3.86,2.16,2.85,1.0,0.0,0.0,Inhulets,27.6,True,4.0,0.0,2023-06-14,0.0,1.0,0.981,0.989,1.0,0.984,S1_WATER,,RIVER_CONNECTED;S1_WATER;WEAK_SURFACE,
2023-06-14,115,115,RIVER_CONNECTED,2023-06-06,0.648,32.8254,47.0057,486725.4,5205809.2,INHULETS_VALLEY_rect,1.0,ZONE_4_DAM_TO_KHERSON_FLOODWAY,river,649.48,,,,0.6126,0.0031,0.3226,0.0364,0.0,0.0025,0.0228,0.0001,0.0706,0.3847,30.5,1.1,1.45,3.12,3.86,2.41,3.18,1.0,0.0,0.0,Inhulets,26.3,True,4.0,0.0,2023-06-14,0.0,1.0,0.878,0.935,1.0,0.894,S1_WATER,,RIVER_CONNECTED;S1_WATER;WEAK_SURFACE,
2023-06-14,118,119,RIVER_CONNECTED,2023-06-06,1.555,32.8053,47.0004,485196.7,5205222.1,INHULETS_VALLEY_rect,1.0,ZONE_4_DAM_TO_KHERSON_FLOODWAY,river,649.48,,,,0.1613,0.0147,0.8034,0.0015,0.0,0.0118,0.0072,0.0,0.0612,0.483,39.36,1.08,1.34,2.93,3.86,2.52,3.52,1.0,0.0,0.0,Inhulets,25.5,True,4.0,0.0,2023-06-14,0.0,1.0,0.882,0.965,1.0,0.909,S1_WATER,,RIVER_CONNECTED;S1_WATER;WEAK_SURFACE,
2023-06-14,157,158,RIVER_CONNECTED,2023-06-06,1.228,32.8234,46.9853,486569.4,5203541.5,INHULETS_VALLEY_rect,1.0,ZONE_4_DAM_TO_KHERSON_FLOODWAY,river,649.48,,,,0.3976,0.0,0.5943,0.0013,0.0,0.0,0.0068,0.0001,0.0499,0.5438,37.95,1.07,1.47,2.94,3.86,2.39,3.35,1.0,0.0,0.0,Inhulets,24.0,True,4.0,0.0,2023-06-14,0.0,1.0,0.898,0.992,1.0,0.901,S1_WATER,,RIVER_CONNECTED;S1_WATER;WEAK_SURFACE,
2023-06-14,168,171,RIVER_CONNECTED,2023-06-06,0.741,32.8116,46.9729,485672.8,5202168.2,INHULETS_VALLEY_rect,1.0,ZONE_4_DAM_TO_KHERSON_FLOODWAY,river,649.48,,,,0.0275,0.265,0.5202,0.1457,0.0,0.0,0.0416,0.0,0.0353,0.543,33.63,1.11,2.0,3.48,3.86,1.85,3.73,1.0,0.0,0.0,Inhulets,22.5,True,4.0,0.0,2023-06-14,0.0,1.0,0.389,0.548,1.0,0.511,S1_WATER,,RIVER_CONNECTED;S1_WATER;WEAK_SURFACE,
2023-06-14,189,193,RIVER_CONNECTED,2023-06-06,1.46,32.8142,46.9548,485859.5,5200157.4,INHULETS_VALLEY_rect,1.0,ZONE_4_DAM_TO_KHERSON_FLOODWAY,river,649.48,,,,0.0238,0.011,0.6671,0.2858,0.0,0.0,0.0123,0.0,0.0429,0.5273,33.21,0.77,1.44,3.19,3.86,2.42,3.65,1.0,0.0,0.0,Inhulets,20.5,True,4.0,0.0,2023-06-14,0.0,1.0,0.769,0.691,1.0,0.75,S1_WATER,,RIVER_CONNECTED;S1_WATER;WEAK_SURFACE,
2023-06-14,207,215,RIVER_CONNECTED,2023-06-06,0.678,32.795,46.9443,484400.8,5198991.4,INHULETS_VALLEY_rect,1.0,ZONE_4_DAM_TO_KHERSON_FLOODWAY,river,649.48,,,,0.013,0.0059,0.9705,0.0018,0.0,0.0012,0.0077,0.0001,0.0437,0.4703,30.83,1.09,1.53,3.26,3.86,2.33,2.95,1.0,0.0,0.0,Inhulets,19.4,True,4.0,0.0,2023-06-14,0.0,1.0,0.882,0.983,1.0,0.888,S1_WATER,,RIVER_CONNECTED;S1_WATER;WEAK_SURFACE,
2023-06-14,222,238,RIVER_CONNECTED,2023-06-06,0.841,32.8276,46.9278,486873.4,5197156.9,INHULETS_VALLEY_rect,1.0,ZONE_4_DAM_TO_KHERSON_FLOODWAY,river,649.48,,,,0.3815,0.0823,0.3639,0.1675,0.0,0.001,0.0038,0.0001,0.055,0.4694,31.1,1.08,1.49,3.55,3.86,2.37,3.1,1.0,0.0,0.0,Inhulets,17.9,True,4.0,0.0,2023-06-14,0.0,1.0,0.535,0.745,1.0,0.567,S1_WATER,,RIVER_CONNECTED;S1_WATER;WEAK_SURFACE,
2023-06-14,242,261,RIVER_CONNECTED,2023-06-06,0.371,32.8135,46.9073,485798.3,5194877.5,INHULETS_VALLEY_rect,1.0,ZONE_4_DAM_TO_KHERSON_FLOODWAY,river,649.48,,,,0.0431,0.0086,0.8804,0.0593,0.0,0.0011,0.0075,0.0002,0.0595,0.5101,34.02,1.08,1.5,3.46,3.86,2.35,3.28,1.0,0.0,0.0,Inhulets,15.4,True,4.0,0.0,2023-06-14,0.0,1.0,0.707,0.923,1.0,0.739,S1_WATER,,RIVER_CONNECTED;S1_WATER;WEAK_SURFACE,
2023-06-14,288,314,RIVER_CONNECTED,2023-06-06,0.318,32.824,46.8641,486586.2,5190081.7,INHULETS_VALLEY_rect,1.0,ZONE_4_DAM_TO_KHERSON_FLOODWAY,river,649.48,,,,0.0943,0.0679,0.7862,0.0239,0.0,0.0138,0.0138,0.0,0.0287,0.5997,33.19,1.12,1.99,3.62,3.86,1.87,3.26,0.886,0.0,0.114,Inhulets,10.8,True,4.0,0.0,2023-06-14,0.0,1.0,0.442,0.881,1.0,0.49,S1_WATER,,RIVER_CONNECTED;S1_WATER;WEAK_SURFACE,
2023-06-14,294,321,RIVER_CONNECTED,2023-06-06,0.399,32.7974,46.8563,484558.6,5189212.8,INHULETS_VALLEY_rect,1.0,ZONE_4_DAM_TO_KHERSON_FLOODWAY,river,649.48,,,,0.0431,0.0652,0.8826,0.0,0.0,0.005,0.004,0.0,0.0364,0.5473,29.02,1.16,2.36,3.7,3.86,1.49,2.8,0.003,0.0,0.997,Inhulets,9.7,True,4.0,0.0,2023-06-14,0.0,1.0,0.504,0.926,1.0,0.544,S1_WATER,,RIVER_CONNECTED;S1_WATER,
2023-06-14,324,358,RIVER_CONNECTED,2023-06-06,0.506,32.7905,46.8279,484022.3,5186066.1,INHULETS_VALLEY_rect,1.0,ZONE_4_DAM_TO_KHERSON_FLOODWAY,river,649.48,,,,0.0546,0.0229,0.9082,0.0095,0.0,0.0047,0.0,0.0001,0.0459,0.4887,27.08,1.15,2.15,3.68,3.86,1.71,2.81,0.0,0.0,1.0,Inhulets,6.8,True,4.0,0.0,2023-06-14,0.0,1.0,0.483,0.963,1.0,0.494,S1_WATER,,RIVER_CONNECTED;S1_WATER,
2023-06-14,335,360,RIVER_CONNECTED,2023-06-06,0.486,33.216,46.8176,516481.0,5184915.1,DNIPRO_CORRIDOR,1.0,ZONE_4_DAM_TO_KHERSON_FLOODWAY,river,649.48,,,,0.0,0.1919,0.0956,0.6862,0.0,0.0,0.0264,0.0,0.0679,0.5229,36.83,1.7,2.25,3.91,4.4,2.17,3.74,0.0,0.0,1.0,Kokan',4.7,True,4.0,0.0,2023-06-14,0.0,1.0,0.239,0.096,1.0,0.362,S1_WATER,,RIVER_CONNECTED;S1_WATER,
2023-06-14,438,413,RIVER_CONNECTED,2023-06-06,0.257,33.0314,46.7862,502393.3,5181411.6,INHULETS_VALLEY_rect,0.893,ZONE_4_DAM_TO_KHERSON_FLOODWAY,river,649.48,,,,0.0,0.2305,0.2103,0.5498,0.0,0.0016,0.0078,0.005,0.027,0.5305,29.98,1.19,1.71,3.67,4.09,2.39,3.83,0.0,0.893,0.107,Dnipro,4.5,True,4.0,0.0,2023-06-14,0.0,1.0,0.023,0.21,1.0,0.081,S1_NO_WATER_SIGNAL_VEGETATED,,RIVER_CONNECTED;S1_NO_WATER_SIGNAL_VEGETATED,
2023-06-14,533,552,RIVER_CONNECTED,2023-06-06,0.401,33.2467,46.7806,518835.6,5180809.4,DNIPRO_CORRIDOR,1.0,ZONE_4_DAM_TO_KHERSON_FLOODWAY,river,649.48,,,,0.0,0.9671,0.0,0.016,0.0,0.0,0.017,0.0,0.3441,0.1067,0.99,1.76,2.4,4.09,4.6,2.22,3.0,0.0,0.0,1.0,Kokan',0.9,True,4.0,0.0,2023-06-14,0.0,1.0,0.014,0.0,0.0,,S1_NO_WATER_SIGNAL_VEGETATED,,RIVER_CONNECTED;S1_NO_WATER_SIGNAL_VEGETATED,
2023-06-14,621,606,RIVER_CONNECTED,2023-06-06,0.891,33.1463,46.7779,511169.4,5180492.5,DNIPRO_CORRIDOR,1.0,ZONE_4_DAM_TO_KHERSON_FLOODWAY,river,649.48,,,,0.0022,0.0256,0.7756,0.1827,0.0,0.0031,0.0108,0.0001,0.116,0.1574,1.67,1.47,2.22,3.49,4.29,2.05,3.63,0.0,0.0,1.0,Dnipro,0.5,True,4.0,0.0,2023-06-14,0.0,1.0,0.905,0.778,1.0,0.901,S1_WATER,,RIVER_CONNECTED;S1_WATER,
2023-06-14,646,436,RIVER_CONNECTED,2023-06-06,0.644,33.3144,46.7776,523999.0,5180503.1,DNIPRO_CORRIDOR,1.0,ZONE_4_DAM_TO_KHERSON_FLOODWAY,river,649.48,,,,0.0,0.5286,0.2379,0.159,0.0,0.0565,0.018,0.0004,0.3493,0.0552,0.94,1.91,2.98,4.29,4.84,1.88,3.82,0.0,0.0,1.0,Kokan',1.5,True,4.0,0.0,2023-06-14,0.0,1.0,0.081,0.238,1.0,0.06,S1_INCONCLUSIVE,,RIVER_CONNECTED;S1_INCONCLUSIVE,
2023-06-14,671,647,RIVER_CONNECTED,2023-06-06,1.187,33.1745,46.7719,513321.0,5179826.9,DNIPRO_CORRIDOR,1.0,ZONE_4_DAM_TO_KHERSON_FLOODWAY,river,649.48,,,,0.0,0.0758,0.8615,0.0442,0.0,0.0034,0.0152,0.0001,0.2187,0.0363,1.45,1.62,3.08,3.8,4.32,1.27,3.08,0.0,0.0,1.0,Dnipro,1.0,True,4.0,0.0,2023-06-14,0.0,1.0,0.886,0.861,1.0,0.918,S1_WATER,,RIVER_CONNECTED;S1_WATER,
2023-06-14,689,665,RIVER_CONNECTED,2023-06-06,0.376,33.3319,46.7739,525337.2,5180096.3,DNIPRO_CORRIDOR,1.0,ZONE_4_DAM_TO_KHERSON_FLOODWAY,river,649.48,,,,0.0,0.516,0.4053,0.0734,0.0,0.0,0.0053,0.0006,0.2926,0.037,1.75,1.97,3.16,4.29,4.98,1.82,3.13,0.0,0.0,1.0,Kokan',0.8,True,4.0,0.0,2023-06-14,0.0,1.0,0.15,0.405,1.0,0.354,S1_INCONCLUSIVE,,RIVER_CONNECTED;S1_INCONCLUSIVE,
2023-06-14,713,692,RIVER_CONNECTED,2023-06-06,0.389,33.3377,46.768,525785.1,5179443.6,DNIPRO_CORRIDOR,1.0,ZONE_4_DAM_TO_KHERSON_FLOODWAY,river,649.48,,,,0.0,0.6341,0.3258,0.036,0.0,0.0,0.0041,0.0014,0.2678,0.0227,5.44,1.95,2.85,4.17,4.98,2.11,3.32,0.0,0.0,1.0,Kokan',0.4,True,4.0,0.0,2023-06-14,0.0,1.0,0.408,0.326,1.0,0.703,S1_WATER,,RIVER_CONNECTED;S1_WATER,
2023-06-14,885,2112,RIVER_CONNECTED,2023-06-06,0.649,33.2408,46.7585,518389.9,5178358.9,DNIPRO_CORRIDOR,1.0,ZONE_4_DAM_TO_KHERSON_FLOODWAY,river,649.48,,,,0.0,0.2041,0.6837,0.0894,0.0,0.0179,0.0049,0.0,0.2679,0.2042,2.21,1.65,2.57,3.72,4.62,2.05,3.87,0.0,0.0,1.0,Kokan',1.7,True,4.0,0.0,2023-06-14,0.0,1.0,0.731,0.684,1.0,0.784,S1_WATER,,RIVER_CONNECTED;S1_WATER,
2023-06-14,958,2112,RIVER_CONNECTED,2023-06-06,0.601,33.1047,46.744,507997.7,5176726.8,DNIPRO_CORRIDOR,1.0,ZONE_4_DAM_TO_KHERSON_FLOODWAY,river,649.48,,,,0.0013,0.3549,0.4621,0.032,0.0,0.1418,0.008,0.0001,0.384,0.0062,4.61,1.42,2.62,4.01,4.17,1.54,3.61,0.0,0.0,1.0,no_data,0.9,True,4.0,0.0,2023-06-14,0.0,1.0,0.244,0.463,1.0,0.483,S1_WATER,,RIVER_CONNECTED;S1_WATER,
2023-06-14,1035,928,RIVER_CONNECTED,2023-06-06,0.343,32.7497,46.7465,480884.7,5177021.9,DNIPRO_CORRIDOR,0.387,ZONE_4_DAM_TO_KHERSON_FLOODWAY,river,649.48,,,,0.0117,0.3497,0.183,0.4522,0.0,0.0,0.0035,0.0,0.1543,0.4372,27.86,0.96,1.66,3.41,3.59,1.93,3.26,0.0,0.0,1.0,Inhulets,0.4,True,4.0,0.0,2023-06-14,0.0,1.0,0.213,0.195,1.0,0.06,S1_WATER,,RIVER_CONNECTED;S1_WATER,
2023-06-14,1036,929,RIVER_CONNECTED,2023-06-06,0.27,32.7954,46.7459,484370.9,5176952.7,DNIPRO_CORRIDOR,1.0,ZONE_4_DAM_TO_KHERSON_FLOODWAY,river,649.48,,,,0.0,0.1716,0.6775,0.0133,0.0,0.1006,0.037,0.0001,0.0928,0.5304,28.77,1.06,1.95,3.44,3.69,1.74,2.75,0.0,0.0,1.0,Inhulets,0.5,True,4.0,0.0,2023-06-14,0.0,1.0,0.102,0.678,1.0,0.131,S1_INCONCLUSIVE,,RIVER_CONNECTED;S1_INCONCLUSIVE,
2023-06-14,1056,913,RIVER_CONNECTED,2023-06-06,1.0,32.965,46.7463,497324.6,5176968.9,DNIPRO_CORRIDOR,1.0,ZONE_4_DAM_TO_KHERSON_FLOODWAY,river,649.48,,,,0.0,0.676,0.2784,0.0332,0.0,0.0016,0.0108,0.0001,0.2012,0.3171,5.98,1.05,1.77,3.4,3.77,1.99,4.79,0.0,0.0,1.0,Dnipro,0.9,True,4.0,0.0,2023-06-14,0.0,1.0,0.147,0.278,1.0,0.489,S1_INCONCLUSIVE,,RIVER_CONNECTED;S1_INCONCLUSIVE,
2023-06-14,1674,2112,RIVER_CONNECTED,2023-06-06,0.792,32.8849,46.693,491200.1,5171054.3,DNIPRO_CORRIDOR,1.0,ZONE_4_DAM_TO_KHERSON_FLOODWAY,river,649.48,,,,0.0728,0.0793,0.5816,0.2496,0.0,0.0162,0.0005,0.001,0.1861,0.0832,0.89,1.1,1.91,3.35,3.48,1.56,3.31,0.0,0.0,1.0,Dnipro,1.1,True,4.0,0.0,2023-06-14,0.0,1.0,0.122,0.654,1.0,0.132,S1_INCONCLUSIVE,,RIVER_CONNECTED;S1_INCONCLUSIVE,
2023-06-14,1932,1722,RIVER_CONNECTED,2023-06-06,1.09,32.6864,46.6672,476013.3,5168235.3,DNIPRO_CORRIDOR,1.0,ZONE_2_KHERSON_DELTA,river,649.48,,,,0.0062,0.0653,0.1988,0.5213,0.0297,0.1537,0.0128,0.0012,0.1608,0.0832,16.17,0.7,1.15,2.19,2.7,1.6,3.3,0.0,0.0,1.0,no_data,0.7,True,4.0,0.0,2023-06-14,0.0,0.975,0.026,0.235,1.0,0.086,S1_NO_WATER_SIGNAL_VEGETATED,,RIVER_CONNECTED;S1_NO_WATER_SIGNAL_VEGETATED,
2023-06-14,1992,1717,RIVER_CONNECTED,2023-06-06,2.526,32.5512,46.6392,465650.8,5165173.0,DNIPRO_CORRIDOR,1.0,ZONE_2_KHERSON_DELTA,river,649.48,,,,0.0,0.0613,0.0575,0.7743,0.001,0.102,0.004,0.0015,0.1116,0.1103,13.08,0.6,1.67,2.34,2.19,0.71,2.31,0.0,0.0,1.0,Dnipro,4.5,True,4.0,0.0,2023-06-14,0.0,1.0,0.0,0.058,1.0,0.0,S1_NO_WATER_SIGNAL_VEGETATED,,RIVER_CONNECTED;S1_NO_WATER_SIGNAL_VEGETATED,
2023-06-14,2000,1775,RIVER_CONNECTED,2023-06-06,1.04,32.7207,46.6512,478626.8,5166441.4,DNIPRO_CORRIDOR,1.0,ZONE_4_DAM_TO_KHERSON_FLOODWAY,river,649.48,,,,0.0,0.3065,0.0277,0.4454,0.0008,0.2054,0.0142,0.0006,0.1613,0.0013,0.45,0.74,1.21,2.62,2.89,1.65,3.52,0.0,0.0,1.0,Dnipro,1.0,True,4.0,0.0,2023-06-14,0.0,1.0,0.001,0.028,1.0,0.0,S1_NO_WATER_SIGNAL_VEGETATED,,RIVER_CONNECTED;S1_NO_WATER_SIGNAL_VEGETATED,
2023-06-14,2068,2112,RIVER_CONNECTED,2023-06-06,5.203,32.7853,46.6276,483561.8,5163800.3,DNIPRO_CORRIDOR,1.0,ZONE_4_DAM_TO_KHERSON_FLOODWAY,river,649.48,,,,0.0012,0.232,0.2792,0.3881,0.0042,0.0903,0.0052,0.0052,0.1955,0.005,3.31,0.89,2.04,3.0,3.08,1.04,3.2,0.0,0.0,1.0,no_data,2.1,True,4.0,0.0,2023-06-14,0.0,1.0,0.081,0.285,1.0,0.178,S1_INCONCLUSIVE,,RIVER_CONNECTED;S1_INCONCLUSIVE,
2023-06-14,2191,1963,RIVER_CONNECTED,2023-06-06,1.366,32.4478,46.6433,457739.5,5165675.2,DNIPRO_CORRIDOR,1.0,ZONE_2_KHERSON_DELTA,river,649.48,,,,0.0,0.0571,0.1792,0.7327,0.0,0.0246,0.0064,0.0001,0.0235,0.5027,15.28,0.62,1.02,1.78,1.9,0.87,2.15,0.0,0.0,1.0,Dnipro,7.4,True,4.0,0.0,2023-06-14,0.0,1.0,0.0,0.179,1.0,0.0,S1_NO_WATER_SIGNAL_VEGETATED,,RIVER_CONNECTED;S1_NO_WATER_SIGNAL_VEGETATED,
2023-06-14,2234,2011,RIVER_CONNECTED,2023-06-06,0.53,32.649,46.6366,473132.3,5164841.6,DNIPRO_CORRIDOR,1.0,ZONE_2_KHERSON_DELTA,river,649.48,,,,0.0,0.0038,0.0045,0.9872,0.0,0.0,0.0045,0.0014,0.1477,0.0002,0.57,0.68,0.83,1.1,2.56,1.7,2.62,0.0,0.0,1.0,no_data,0.5,True,4.0,0.0,2023-06-14,0.0,1.0,0.062,0.005,1.0,0.0,S1_INCONCLUSIVE,,RIVER_CONNECTED;S1_INCONCLUSIVE,
2023-06-14,2351,2112,RIVER_CONNECTED,2023-06-06,38.174,32.6497,46.5581,473145.9,5156119.4,DNIPRO_CORRIDOR,1.0,ZONE_2_KHERSON_DELTA,river,649.48,,,,0.001,0.1783,0.1455,0.6131,0.0001,0.0513,0.0076,0.0017,0.1832,0.0253,2.76,0.53,1.45,2.33,2.37,0.91,3.05,0.019,0.0,0.981,Dnipro,6.3,True,4.0,0.0,2023-06-14,0.0,0.994,0.146,0.147,0.994,0.213,S1_INCONCLUSIVE,,RIVER_CONNECTED;S1_INCONCLUSIVE,
2023-06-14,2384,1717,RIVER_CONNECTED,2023-06-06,0.352,32.5817,46.6279,467978.4,5163899.9,DNIPRO_CORRIDOR,1.0,ZONE_2_KHERSON_DELTA,river,649.48,,,,0.0,0.1305,0.0295,0.0011,0.0023,0.8104,0.0261,0.002,0.138,0.003,2.85,0.71,1.67,2.31,2.41,0.74,2.6,0.0,0.0,1.0,gauge,2.4,True,4.0,0.0,2023-06-14,0.0,1.0,0.001,0.032,1.0,0.036,S1_NO_WATER_SIGNAL_VEGETATED,,RIVER_CONNECTED;S1_NO_WATER_SIGNAL_VEGETATED,
2023-06-14,2413,2220,RIVER_CONNECTED,2023-06-06,2.21,32.5672,46.6076,466857.6,5161655.6,DNIPRO_CORRIDOR,1.0,ZONE_2_KHERSON_DELTA,river,649.48,,,,0.0018,0.1332,0.0896,0.1738,0.0087,0.5715,0.0214,0.0009,0.1157,0.0005,0.27,0.59,1.34,2.22,2.19,0.87,2.81,0.0,0.0,1.0,Dnipro,0.9,True,4.0,0.0,2023-06-14,0.0,1.0,0.004,0.1,1.0,0.002,S1_NO_WATER_SIGNAL_VEGETATED,,RIVER_CONNECTED;S1_NO_WATER_SIGNAL_VEGETATED,
2023-06-14,2416,2220,RIVER_CONNECTED,2023-06-06,0.414,32.5895,46.6228,468569.6,5163331.5,DNIPRO_CORRIDOR,1.0,ZONE_2_KHERSON_DELTA,river,649.48,,,,0.0,0.2631,0.0764,0.0706,0.0116,0.4961,0.0822,0.002,0.143,0.0004,2.09,0.68,1.48,2.25,2.33,0.88,2.52,0.0,0.0,1.0,Dnipro,1.5,True,4.0,0.0,2023-06-14,0.0,1.0,0.009,0.088,1.0,0.0,S1_NO_WATER_SIGNAL_VEGETATED,,RIVER_CONNECTED;S1_NO_WATER_SIGNAL_VEGETATED,
2023-06-14,2432,2220,RIVER_CONNECTED,2023-06-06,0.363,32.6022,46.6207,469541.7,5163094.1,DNIPRO_CORRIDOR,1.0,ZONE_2_KHERSON_DELTA,river,649.48,,,,0.0,0.2172,0.032,0.0077,0.0,0.6858,0.0573,0.0019,0.1651,0.0001,1.63,0.71,1.77,2.42,2.54,0.71,2.26,0.0,0.0,1.0,Dnipro,0.7,True,4.0,0.0,2023-06-14,0.0,1.0,0.01,0.032,1.0,0.0,S1_NO_WATER_SIGNAL_VEGETATED,,RIVER_CONNECTED;S1_NO_WATER_SIGNAL_VEGETATED,
2023-06-14,2482,2285,RIVER_CONNECTED,2023-06-06,0.321,32.5476,46.6155,465360.6,5162540.1,DNIPRO_CORRIDOR,1.0,ZONE_2_KHERSON_DELTA,river,649.48,,,,0.0,0.288,0.0,0.697,0.0,0.0,0.015,0.0023,0.0863,0.0043,0.26,0.53,0.79,1.51,2.07,1.3,2.37,0.0,0.0,1.0,Dnipro,2.2,True,4.0,0.0,2023-06-14,0.0,1.0,0.001,0.0,0.0,,S1_NO_WATER_SIGNAL_VEGETATED,,RIVER_CONNECTED;S1_NO_WATER_SIGNAL_VEGETATED,
2023-06-14,2543,2351,RIVER_CONNECTED,2023-06-06,0.507,32.488,46.6095,460792.9,5161898.7,DNIPRO_CORRIDOR,1.0,ZONE_2_KHERSON_DELTA,river,649.48,,,,0.0,0.0978,0.0,0.8817,0.0,0.0,0.0205,0.0001,0.0442,0.0676,0.21,0.55,0.78,1.23,1.95,1.15,1.54,0.0,0.0,1.0,Dnipro,2.6,True,4.0,0.0,2023-06-14,0.0,1.0,0.001,0.0,0.0,,S1_NO_WATER_SIGNAL_VEGETATED,,RIVER_CONNECTED;S1_NO_WATER_SIGNAL_VEGETATED,
2023-06-14,2589,2401,RIVER_CONNECTED,2023-06-06,0.419,32.6144,46.6086,470468.8,5161739.5,DNIPRO_CORRIDOR,1.0,ZONE_2_KHERSON_DELTA,river,649.48,,,,0.0019,0.4164,0.1423,0.4097,0.0,0.0096,0.0201,0.0001,0.1346,0.0,0.33,0.68,1.16,1.85,2.37,1.21,2.47,0.0,0.0,1.0,Dnipro,0.6,True,4.0,0.0,2023-06-14,0.0,1.0,0.004,0.144,1.0,0.0,S1_NO_WATER_SIGNAL_VEGETATED,,RIVER_CONNECTED;S1_NO_WATER_SIGNAL_VEGETATED,
2023-06-14,2743,2560,RIVER_CONNECTED,2023-06-06,0.363,32.4964,46.5953,461423.5,5160317.7,DNIPRO_CORRIDOR,1.0,ZONE_2_KHERSON_DELTA,river,649.48,,,,0.0,0.0,0.0,1.0,0.0,0.0,0.0,0.0001,0.0576,0.0215,0.19,0.55,0.63,0.83,1.43,0.87,1.38,0.0,0.0,1.0,Dnipro,0.9,True,4.0,0.0,2023-06-14,0.0,1.0,0.006,0.0,0.0,,S1_NO_WATER_SIGNAL_VEGETATED,,RIVER_CONNECTED;S1_NO_WATER_SIGNAL_VEGETATED,
2023-06-14,2892,2704,RIVER_CONNECTED,2023-06-06,0.797,32.5678,46.5817,466885.7,5158767.9,DNIPRO_CORRIDOR,1.0,ZONE_2_KHERSON_DELTA,river,649.48,,,,0.0,0.1069,0.0,0.8886,0.0,0.0035,0.001,0.0001,0.1324,0.0001,0.14,0.19,0.71,1.17,2.19,1.49,2.54,0.0,0.0,1.0,Dnipro,1.6,True,4.0,0.0,2023-06-14,0.0,1.0,0.034,0.0,0.0,,S1_NO_WATER_SIGNAL_VEGETATED,,RIVER_CONNECTED;S1_NO_WATER_SIGNAL_VEGETATED,
2023-06-14,2921,2805,RIVER_CONNECTED,2023-06-06,0.266,32.4705,46.5809,459432.6,5158730.8,DNIPRO_CORRIDOR,1.0,ZONE_2_KHERSON_DELTA,river,649.48,,,,0.0,0.036,0.1126,0.7282,0.0,0.1171,0.006,0.0,0.0447,0.1904,0.42,0.39,0.81,1.34,1.77,0.82,1.84,0.0,0.0,1.0,Dnipro,1.1,True,4.0,0.0,2023-06-14,0.0,1.0,0.0,0.113,1.0,0.0,S1_NO_WATER_SIGNAL_VEGETATED,,RIVER_CONNECTED;S1_NO_WATER_SIGNAL_VEGETATED,
2023-06-14,3299,3187,RIVER_CONNECTED,2023-06-06,0.516,32.5035,46.5532,461938.2,5155637.1,DNIPRO_CORRIDOR,1.0,ZONE_2_KHERSON_DELTA,river,649.48,,,,0.0,0.079,0.1782,0.6754,0.0,0.0589,0.0085,0.0005,0.0889,0.0,0.21,0.5,0.66,1.33,1.75,1.09,2.27,0.0,0.0,1.0,Dnipro,2.9,True,4.0,0.0,2023-06-14,0.0,1.0,0.187,0.178,1.0,0.278,S1_INCONCLUSIVE,,RIVER_CONNECTED;S1_INCONCLUSIVE,
2023-06-14,3440,2112,RIVER_CONNECTED,2023-06-06,2.241,32.5629,46.5399,466485.7,5154130.0,DNIPRO_CORRIDOR,1.0,ZONE_2_KHERSON_DELTA,river,649.48,,,,0.0002,0.2751,0.1026,0.2258,0.0032,0.3752,0.0179,0.006,0.1096,0.0132,0.52,0.51,1.38,2.13,2.1,0.79,2.43,0.0,0.0,1.0,Dnipro,6.1,True,4.0,0.0,2023-06-14,0.0,1.0,0.007,0.106,1.0,0.034,S1_NO_WATER_SIGNAL_VEGETATED,,RIVER_CONNECTED;S1_NO_WATER_SIGNAL_VEGETATED,
2023-06-14,3518,3284,RIVER_CONNECTED,2023-06-06,0.259,32.5366,46.5429,464468.3,5154473.1,DNIPRO_CORRIDOR,1.0,ZONE_2_KHERSON_DELTA,river,649.48,,,,0.0,0.0741,0.0741,0.8117,0.0,0.0324,0.0077,0.0058,0.1254,0.0027,0.34,0.09,0.66,1.09,1.84,1.18,2.46,0.0,0.0,1.0,Dnipro,5.4,True,4.0,0.0,2023-06-14,0.0,1.0,0.031,0.074,1.0,0.0,S1_NO_WATER_SIGNAL_VEGETATED,,RIVER_CONNECTED;S1_NO_WATER_SIGNAL_VEGETATED,
2023-06-14,3591,2112,RIVER_CONNECTED,2023-06-06,0.294,32.516,46.5302,462882.3,5153073.6,DNIPRO_CORRIDOR,1.0,ZONE_2_KHERSON_DELTA,river,649.48,,,,0.0,0.1046,0.1236,0.2649,0.0,0.4986,0.0082,0.0047,0.0883,0.0597,0.46,0.51,1.06,1.6,1.71,0.63,1.95,0.0,0.0,1.0,Dnipro,5.4,True,4.0,0.0,2023-06-14,0.0,1.0,0.005,0.124,1.0,0.033,S1_NO_WATER_SIGNAL_VEGETATED,,RIVER_CONNECTED;S1_NO_WATER_SIGNAL_VEGETATED,
2023-06-14,3608,2112,TRAPPED,2023-06-06,0.685,32.5356,46.5233,464382.8,5152292.2,DNIPRO_CORRIDOR,1.0,ZONE_2_KHERSON_DELTA,isolated,1.84,3.0,0.546,-5.25,0.0,0.191,0.3364,0.1571,0.0,0.3154,0.0,0.0046,0.137,0.0673,2.36,0.54,1.24,1.69,1.73,0.49,1.87,0.0,0.0,1.0,Dnipro,7.0,,,356.0,2023-06-14,0.0,1.0,0.22,0.336,1.0,0.507,S1_WATER,RETAINED_PLAUSIBLE,TRAPPED;S1_WATER;RETAINED_PLAUSIBLE,
2023-06-14,0,0,RIVER_CONNECTED,,24.0,,,,,specks < min_km2,,,,,,,,,,,,,,,,,,,,,,,,,,,,,,,,,,,,,,,,,,RIVER_CONNECTED;SPECKS_AGGREGATED,3612.0
2023-06-14,0,0,TRAPPED,,0.056,,,,,specks < min_km2,,,,,,,,,,,,,,,,,,,,,,,,,,,,,,,,,,,,,,,,,,TRAPPED;SPECKS_AGGREGATED,11.0
2023-06-15,1,1,RIVER_CONNECTED,2023-06-06,0.901,32.9839,47.1321,498781.2,5219849.5,INHULETS_VALLEY_rect,1.0,ZONE_4_DAM_TO_KHERSON_FLOODWAY,river,609.84,,,,0.0022,0.1381,0.1306,0.0164,0.0,0.0009,0.7118,0.0,0.0793,0.5581,41.31,-0.08,1.38,3.58,3.77,2.34,4.27,0.0,1.0,0.0,Dnipro,39.8,True,1.0,0.0,2023-06-18,3.0,0.0,0.0,0.133,0.0,,S1_UNOBSERVED,,RIVER_CONNECTED;S1_UNOBSERVED;EROSION_1PX_DISCONNECTS,
2023-06-15,2,1,RIVER_CONNECTED,2023-06-06,1.816,32.9045,47.1254,492759.9,5219105.7,INHULETS_VALLEY_rect,1.0,ZONE_4_DAM_TO_KHERSON_FLOODWAY,river,609.84,,,,0.4964,0.024,0.1767,0.1249,0.0,0.0004,0.1776,0.0,0.0474,0.6008,38.62,1.45,2.85,3.22,3.28,0.43,3.1,1.0,0.0,0.0,Inhulets,40.2,True,4.0,0.0,2023-06-18,3.0,0.0,0.0,0.673,0.0,,S1_UNOBSERVED,,RIVER_CONNECTED;S1_UNOBSERVED;WEAK_SURFACE,
2023-06-15,3,1,RIVER_CONNECTED,2023-06-06,1.753,32.8976,47.1036,492228.2,5216680.4,INHULETS_VALLEY_rect,1.0,ZONE_4_DAM_TO_KHERSON_FLOODWAY,river,609.84,,,,0.5324,0.0171,0.3994,0.0132,0.0,0.0,0.0379,0.0001,0.0543,0.5113,33.85,2.11,2.6,3.24,3.28,0.68,2.23,1.0,0.0,0.0,Inhulets,38.1,True,4.0,0.0,2023-06-18,3.0,0.0,0.0,0.932,0.0,,S1_UNOBSERVED,,RIVER_CONNECTED;S1_UNOBSERVED;WEAK_SURFACE,
2023-06-15,23,1,RIVER_CONNECTED,2023-06-06,0.407,32.9621,47.1017,497123.7,5216461.4,INHULETS_VALLEY_rect,1.0,ZONE_4_DAM_TO_KHERSON_FLOODWAY,river,609.84,,,,0.7554,0.0,0.222,0.002,0.0,0.0,0.0206,0.0,0.0754,0.4702,41.08,2.44,3.44,3.59,3.62,0.18,2.21,0.0,1.0,0.0,Dnipro,37.9,True,2.0,0.0,2023-06-18,3.0,0.0,0.0,0.977,0.0,,S1_UNOBSERVED,,RIVER_CONNECTED;S1_UNOBSERVED,
2023-06-15,43,1,RIVER_CONNECTED,2023-06-06,0.438,32.9132,47.0948,493413.2,5215703.2,INHULETS_VALLEY_rect,1.0,ZONE_4_DAM_TO_KHERSON_FLOODWAY,river,609.84,,,,0.7828,0.0009,0.1588,0.0255,0.0,0.0,0.0319,0.0001,0.059,0.4961,34.22,2.33,3.0,3.24,3.28,0.27,2.2,1.0,0.0,0.0,Inhulets,37.4,True,2.0,0.0,2023-06-18,3.0,0.0,0.0,0.942,0.0,,S1_UNOBSERVED,,RIVER_CONNECTED;S1_UNOBSERVED;WEAK_SURFACE,
2023-06-15,46,16,RIVER_CONNECTED,2023-06-06,2.991,32.8669,47.0853,489895.7,5214649.8,INHULETS_VALLEY_rect,1.0,ZONE_4_DAM_TO_KHERSON_FLOODWAY,river,609.84,,,,0.6,0.0055,0.2545,0.1055,0.0,0.0012,0.0333,0.0001,0.0915,0.4339,35.39,1.69,2.64,3.17,3.28,0.64,2.63,1.0,0.0,0.0,Inhulets,35.5,True,4.0,0.0,2023-06-18,3.0,0.0,0.0,0.854,0.0,,S1_UNOBSERVED,,RIVER_CONNECTED;S1_UNOBSERVED;WEAK_SURFACE,
2023-06-15,82,36,RIVER_CONNECTED,2023-06-06,3.122,32.8401,47.074,487858.7,5213396.8,INHULETS_VALLEY_rect,1.0,ZONE_4_DAM_TO_KHERSON_FLOODWAY,river,609.84,,,,0.6088,0.0229,0.3395,0.0047,0.0,0.0,0.0241,0.0001,0.0992,0.4391,33.24,1.49,2.15,3.05,3.28,1.12,2.37,1.0,0.0,0.0,Inhulets,34.5,True,4.0,0.0,2023-06-18,3.0,0.0,0.0,0.948,0.0,,S1_UNOBSERVED,,RIVER_CONNECTED;S1_UNOBSERVED;WEAK_SURFACE,
2023-06-15,108,63,RIVER_CONNECTED,2023-06-06,0.646,32.8301,47.0484,487093.0,5210559.4,INHULETS_VALLEY_rect,1.0,ZONE_4_DAM_TO_KHERSON_FLOODWAY,river,609.84,,,,0.4771,0.0105,0.4561,0.0433,0.0,0.0025,0.0105,0.0001,0.0728,0.4062,29.99,1.43,2.02,2.9,3.28,1.26,2.22,1.0,0.0,0.0,Inhulets,31.0,True,4.0,0.0,2023-06-18,3.0,0.0,0.0,0.933,0.0,,S1_UNOBSERVED,,RIVER_CONNECTED;S1_UNOBSERVED;WEAK_SURFACE,
2023-06-15,115,36,RIVER_CONNECTED,2023-06-06,0.778,32.8388,47.0399,487752.8,5209609.9,INHULETS_VALLEY_rect,1.0,ZONE_4_DAM_TO_KHERSON_FLOODWAY,river,609.84,,,,0.5877,0.018,0.3496,0.0288,0.0,0.0015,0.0144,0.0001,0.0773,0.4319,28.13,1.29,1.96,2.96,3.28,1.31,2.23,1.0,0.0,0.0,Inhulets,30.2,True,4.0,0.0,2023-06-18,3.0,0.0,0.0,0.937,0.0,,S1_UNOBSERVED,,RIVER_CONNECTED;S1_UNOBSERVED;WEAK_SURFACE,
2023-06-15,126,81,RIVER_CONNECTED,2023-06-06,1.385,32.8359,47.0262,487531.1,5208090.8,INHULETS_VALLEY_rect,1.0,ZONE_4_DAM_TO_KHERSON_FLOODWAY,river,609.84,,,,0.0182,0.0396,0.5862,0.233,0.0,0.0061,0.117,0.0001,0.0743,0.4873,31.7,1.19,1.77,3.05,3.28,1.5,2.5,1.0,0.0,0.0,Inhulets,28.8,True,4.0,0.0,2023-06-18,3.0,0.937,0.262,0.604,0.906,0.228,LATER_S1_WATER,,RIVER_CONNECTED;LATER_S1_WATER;WEAK_SURFACE,
2023-06-15,142,97,RIVER_CONNECTED,2023-06-06,1.166,32.8291,47.0163,487014.7,5206994.8,INHULETS_VALLEY_rect,1.0,ZONE_4_DAM_TO_KHERSON_FLOODWAY,river,609.84,,,,0.7955,0.0,0.1931,0.0031,0.0,0.0,0.0082,0.0001,0.0589,0.3359,22.84,1.2,1.7,2.29,3.28,1.58,2.27,1.0,0.0,0.0,Inhulets,27.6,True,4.0,0.0,2023-06-18,3.0,1.0,0.308,0.989,1.0,0.306,LATER_S1_WATER,,RIVER_CONNECTED;LATER_S1_WATER;WEAK_SURFACE,
2023-06-15,160,115,RIVER_CONNECTED,2023-06-06,0.624,32.8254,47.0056,486730.1,5205805.5,INHULETS_VALLEY_rect,1.0,ZONE_4_DAM_TO_KHERSON_FLOODWAY,river,609.84,,,,0.6299,0.0019,0.3072,0.0378,0.0,0.0026,0.0205,0.0001,0.0706,0.3853,30.58,1.1,1.42,2.65,3.28,1.86,2.6,1.0,0.0,0.0,Inhulets,26.3,True,4.0,0.0,2023-06-18,3.0,1.0,0.347,0.937,1.0,0.359,LATER_S1_WATER,,RIVER_CONNECTED;LATER_S1_WATER;WEAK_SURFACE,
2023-06-15,164,119,RIVER_CONNECTED,2023-06-06,1.508,32.8052,47.0003,485192.9,5205221.2,INHULETS_VALLEY_rect,1.0,ZONE_4_DAM_TO_KHERSON_FLOODWAY,river,609.84,,,,0.1595,0.013,0.8135,0.0016,0.0,0.005,0.0074,0.0,0.0613,0.4827,39.31,1.08,1.33,2.45,3.28,1.95,2.94,1.0,0.0,0.0,Inhulets,25.5,True,4.0,0.0,2023-06-18,3.0,1.0,0.372,0.973,1.0,0.38,LATER_S1_WATER,,RIVER_CONNECTED;LATER_S1_WATER;WEAK_SURFACE,
2023-06-15,203,158,RIVER_CONNECTED,2023-06-06,1.194,32.8234,46.9852,486566.9,5203533.9,INHULETS_VALLEY_rect,1.0,ZONE_4_DAM_TO_KHERSON_FLOODWAY,river,609.84,,,,0.4042,0.0,0.5878,0.0013,0.0,0.0,0.0067,0.0001,0.0499,0.5436,37.93,1.06,1.46,2.61,3.28,1.81,2.77,1.0,0.0,0.0,Inhulets,24.0,True,4.0,0.0,2023-06-18,3.0,1.0,0.361,0.992,1.0,0.36,LATER_S1_WATER,,RIVER_CONNECTED;LATER_S1_WATER;WEAK_SURFACE,
2023-06-15,216,171,RIVER_CONNECTED,2023-06-06,0.678,32.8118,46.9727,485683.9,5202145.5,INHULETS_VALLEY_rect,1.0,ZONE_4_DAM_TO_KHERSON_FLOODWAY,river,609.84,,,,0.0094,0.2802,0.5097,0.1552,0.0,0.0,0.0454,0.0,0.0354,0.5423,33.58,1.1,1.92,3.06,3.28,1.36,3.15,1.0,0.0,0.0,Inhulets,22.4,True,4.0,0.0,2023-06-18,3.0,1.0,0.051,0.519,1.0,0.072,LATER_S1_INCONCLUSIVE,,RIVER_CONNECTED;LATER_S1_INCONCLUSIVE;WEAK_SURFACE,
2023-06-15,238,193,RIVER_CONNECTED,2023-06-06,1.386,32.8145,46.9547,485883.4,5200151.3,INHULETS_VALLEY_rect,1.0,ZONE_4_DAM_TO_KHERSON_FLOODWAY,river,609.84,,,,0.0179,0.0115,0.6602,0.2999,0.0,0.0,0.0104,0.0,0.0446,0.4995,31.71,0.77,1.41,2.64,3.28,1.87,3.08,1.0,0.0,0.0,Inhulets,20.5,True,4.0,0.0,2023-06-18,3.0,1.0,0.403,0.678,1.0,0.295,LATER_S1_WATER,,RIVER_CONNECTED;LATER_S1_WATER;WEAK_SURFACE,
2023-06-15,260,215,RIVER_CONNECTED,2023-06-06,0.636,32.7946,46.9442,484365.9,5198980.9,INHULETS_VALLEY_rect,1.0,ZONE_4_DAM_TO_KHERSON_FLOODWAY,river,609.84,,,,0.0101,0.0057,0.973,0.0019,0.0,0.0013,0.0082,0.0001,0.0414,0.4716,31.35,1.08,1.5,2.75,3.28,1.78,2.37,1.0,0.0,0.0,Inhulets,19.3,True,4.0,0.0,2023-06-18,3.0,1.0,0.202,0.983,1.0,0.198,LATER_S1_WATER,,RIVER_CONNECTED;LATER_S1_WATER;WEAK_SURFACE,
2023-06-15,281,238,RIVER_CONNECTED,2023-06-06,0.765,32.8281,46.9278,486916.5,5197156.7,INHULETS_VALLEY_rect,1.0,ZONE_4_DAM_TO_KHERSON_FLOODWAY,river,609.84,,,,0.4064,0.0633,0.3441,0.1841,0.0,0.001,0.001,0.0001,0.0558,0.4667,30.82,1.07,1.42,3.03,3.28,1.86,2.52,1.0,0.0,0.0,Inhulets,17.9,True,4.0,0.0,2023-06-18,3.0,1.0,0.246,0.751,1.0,0.316,LATER_S1_WATER,,RIVER_CONNECTED;LATER_S1_WATER;WEAK_SURFACE,
2023-06-15,304,261,RIVER_CONNECTED,2023-06-06,0.343,32.8133,46.9073,485781.7,5194875.6,INHULETS_VALLEY_rect,1.0,ZONE_4_DAM_TO_KHERSON_FLOODWAY,river,609.84,,,,0.0466,0.007,0.8753,0.0641,0.0,0.0,0.007,0.0002,0.0595,0.5101,34.02,1.08,1.44,2.91,3.28,1.84,2.7,1.0,0.0,0.0,Inhulets,15.4,True,4.0,0.0,2023-06-18,3.0,1.0,0.224,0.922,1.0,0.24,LATER_S1_WATER,,RIVER_CONNECTED;LATER_S1_WATER;WEAK_SURFACE,
2023-06-15,357,314,RIVER_CONNECTED,2023-06-06,0.269,32.8239,46.8641,486575.4,5190075.0,INHULETS_VALLEY_rect,1.0,ZONE_4_DAM_TO_KHERSON_FLOODWAY,river,609.84,,,,0.0892,0.0594,0.8158,0.0282,0.0,0.0015,0.0059,0.0,0.029,0.601,33.3,1.11,1.82,3.09,3.28,1.45,2.68,0.895,0.0,0.105,Inhulets,10.8,True,4.0,0.0,2023-06-18,3.0,1.0,0.033,0.905,1.0,0.036,LATER_S1_OPEN_SURFACE_NO_WATER,,RIVER_CONNECTED;LATER_S1_OPEN_SURFACE_NO_WATER;WEAK_SURFACE,
2023-06-15,364,321,RIVER_CONNECTED,2023-06-06,0.316,32.7973,46.8563,484550.4,5189210.7,INHULETS_VALLEY_rect,1.0,ZONE_4_DAM_TO_KHERSON_FLOODWAY,river,609.84,,,,0.0278,0.0456,0.9177,0.0,0.0,0.0038,0.0051,0.0,0.0354,0.5431,28.45,1.13,2.06,3.14,3.28,1.22,2.22,0.0,0.0,1.0,Inhulets,9.7,True,4.0,0.0,2023-06-18,3.0,1.0,0.058,0.946,1.0,0.062,LATER_S1_INCONCLUSIVE,,RIVER_CONNECTED;LATER_S1_INCONCLUSIVE,
2023-06-15,401,358,RIVER_CONNECTED,2023-06-06,0.277,32.7819,46.8363,483371.8,5186999.0,INHULETS_VALLEY_rect,1.0,ZONE_4_DAM_TO_KHERSON_FLOODWAY,river,609.84,,,,0.0072,0.0043,0.9827,0.0043,0.0,0.0014,0.0,0.0001,0.0498,0.4526,23.16,1.12,1.89,3.09,3.28,1.39,2.23,0.0,0.0,1.0,Inhulets,7.3,True,4.0,0.0,2023-06-18,3.0,1.0,0.033,0.99,1.0,0.034,LATER_S1_OPEN_SURFACE_NO_WATER,,RIVER_CONNECTED;LATER_S1_OPEN_SURFACE_NO_WATER,
2023-06-15,412,360,RIVER_CONNECTED,2023-06-06,0.451,33.2163,46.8174,516498.7,5184893.7,DNIPRO_CORRIDOR,1.0,ZONE_4_DAM_TO_KHERSON_FLOODWAY,river,609.84,,,,0.0,0.1721,0.0923,0.7072,0.0,0.0,0.0284,0.0,0.0575,0.5283,36.99,1.7,2.2,3.53,3.82,1.62,3.13,0.0,0.0,1.0,Kokan',4.7,True,4.0,0.0,2023-06-18,3.0,0.0,0.0,0.092,0.0,,S1_UNOBSERVED,,RIVER_CONNECTED;S1_UNOBSERVED,
2023-06-15,636,552,RIVER_CONNECTED,2023-06-06,0.373,33.247,46.7805,518854.7,5180800.0,DNIPRO_CORRIDOR,1.0,ZONE_4_DAM_TO_KHERSON_FLOODWAY,river,609.84,,,,0.0,0.9678,0.0,0.0172,0.0,0.0,0.015,0.0,0.3448,0.1065,1.0,1.75,2.35,3.71,4.01,1.67,2.4,0.0,0.0,1.0,Kokan',0.9,True,4.0,0.0,2023-06-18,3.0,0.0,0.0,0.0,0.0,,S1_UNOBSERVED,,RIVER_CONNECTED;S1_UNOBSERVED,
2023-06-15,724,606,RIVER_CONNECTED,2023-06-06,0.86,33.1463,46.7778,511169.4,5180481.4,DNIPRO_CORRIDOR,1.0,ZONE_4_DAM_TO_KHERSON_FLOODWAY,river,609.84,,,,0.0023,0.0265,0.7675,0.1892,0.0,0.0033,0.0112,0.0001,0.1159,0.1572,1.7,1.46,2.17,3.36,3.7,1.51,3.05,0.0,0.0,1.0,Dnipro,0.5,True,4.0,0.0,2023-06-18,3.0,0.0,0.0,0.77,0.0,,S1_UNOBSERVED,,RIVER_CONNECTED;S1_UNOBSERVED,
2023-06-15,750,436,RIVER_CONNECTED,2023-06-06,0.607,33.3143,46.7777,523990.6,5180503.6,DNIPRO_CORRIDOR,1.0,ZONE_4_DAM_TO_KHERSON_FLOODWAY,river,609.84,,,,0.0,0.5224,0.2391,0.1673,0.0,0.0567,0.0145,0.0004,0.3508,0.054,0.93,1.91,2.92,4.0,4.28,1.35,3.26,0.0,0.0,1.0,Kokan',1.5,True,4.0,0.0,2023-06-18,3.0,0.0,0.0,0.239,0.0,,S1_UNOBSERVED,,RIVER_CONNECTED;S1_UNOBSERVED,
2023-06-15,779,647,RIVER_CONNECTED,2023-06-06,1.104,33.1746,46.7718,513330.7,5179815.9,DNIPRO_CORRIDOR,1.0,ZONE_4_DAM_TO_KHERSON_FLOODWAY,river,609.84,,,,0.0,0.0793,0.8565,0.0475,0.0,0.0007,0.0159,0.0001,0.2183,0.0362,1.47,1.6,3.03,3.61,3.77,0.74,2.49,0.0,0.0,1.0,Dnipro,1.1,True,4.0,0.0,2023-06-18,3.0,0.0,0.0,0.857,0.0,,S1_UNOBSERVED,,RIVER_CONNECTED;S1_UNOBSERVED,
2023-06-15,798,665,RIVER_CONNECTED,2023-06-06,0.358,33.3319,46.7739,525340.3,5180088.1,DNIPRO_CORRIDOR,1.0,ZONE_4_DAM_TO_KHERSON_FLOODWAY,river,609.84,,,,0.0,0.5413,0.3761,0.077,0.0,0.0,0.0056,0.0006,0.2924,0.037,1.76,1.97,3.04,4.21,4.32,1.31,2.48,0.0,0.0,1.0,Kokan',0.7,True,4.0,0.0,2023-06-18,3.0,0.0,0.0,0.376,0.0,,S1_UNOBSERVED,,RIVER_CONNECTED;S1_UNOBSERVED,
2023-06-15,826,692,RIVER_CONNECTED,2023-06-06,0.378,33.3376,46.768,525778.3,5179439.5,DNIPRO_CORRIDOR,1.0,ZONE_4_DAM_TO_KHERSON_FLOODWAY,river,609.84,,,,0.0,0.6504,0.3083,0.0371,0.0,0.0,0.0042,0.0014,0.2677,0.0227,5.4,1.95,2.82,4.06,4.36,1.52,2.72,0.0,0.0,1.0,Kokan',0.4,True,4.0,0.0,2023-06-18,3.0,0.0,0.0,0.308,0.0,,S1_UNOBSERVED,,RIVER_CONNECTED;S1_UNOBSERVED,
2023-06-15,1016,2112,RIVER_CONNECTED,2023-06-06,0.63,33.2407,46.7585,518384.9,5178357.6,DNIPRO_CORRIDOR,1.0,ZONE_4_DAM_TO_KHERSON_FLOODWAY,river,609.84,,,,0.0,0.1956,0.6914,0.0921,0.0,0.0159,0.0051,0.0,0.2681,0.2041,2.22,1.64,2.54,3.52,4.01,1.48,3.28,0.0,0.0,1.0,Kokan',1.7,True,4.0,0.0,2023-06-18,3.0,0.0,0.0,0.691,0.0,,S1_UNOBSERVED,,RIVER_CONNECTED;S1_UNOBSERVED,
2023-06-15,1182,928,RIVER_CONNECTED,2023-06-06,0.263,32.749,46.7487,480828.5,5177267.3,DNIPRO_CORRIDOR,0.34,ZONE_4_DAM_TO_KHERSON_FLOODWAY,river,609.84,,,,0.0015,0.3222,0.0988,0.5729,0.0,0.0,0.0046,0.0,0.1672,0.4381,28.28,0.87,1.44,2.93,3.1,1.63,2.77,0.0,0.0,1.0,Inhulets,0.4,True,4.0,0.0,2023-06-18,3.0,1.0,0.0,0.1,1.0,0.0,LATER_S1_NO_WATER_SIGNAL_VEGETATED,,RIVER_CONNECTED;LATER_S1_NO_WATER_SIGNAL_VEGETATED,
2023-06-15,1185,2112,RIVER_CONNECTED,2023-06-06,0.317,33.1043,46.7443,507969.1,5176754.1,DNIPRO_CORRIDOR,1.0,ZONE_4_DAM_TO_KHERSON_FLOODWAY,river,609.84,,,,0.0,0.2106,0.6784,0.0202,0.0,0.0908,0.0,0.0001,0.366,0.007,1.6,1.43,2.24,3.45,3.62,1.38,3.06,0.0,0.0,1.0,no_data,0.8,True,4.0,0.0,2023-06-18,3.0,0.0,0.0,0.678,0.0,,S1_UNOBSERVED,,RIVER_CONNECTED;S1_UNOBSERVED,
2023-06-15,1222,913,RIVER_CONNECTED,2023-06-06,0.922,32.9648,46.7461,497311.1,5176955.0,DNIPRO_CORRIDOR,1.0,ZONE_4_DAM_TO_KHERSON_FLOODWAY,river,609.84,,,,0.0,0.6814,0.2713,0.036,0.0,0.0,0.0113,0.0001,0.2056,0.3038,3.47,1.02,1.71,2.95,3.25,1.54,4.33,0.0,0.0,1.0,Dnipro,0.9,True,4.0,0.0,2023-06-18,3.0,0.0,0.0,0.271,0.0,,S1_UNOBSERVED,,RIVER_CONNECTED;S1_UNOBSERVED,
2023-06-15,1851,2112,RIVER_CONNECTED,2023-06-06,0.663,32.8832,46.692,491067.0,5170939.7,DNIPRO_CORRIDOR,1.0,ZONE_4_DAM_TO_KHERSON_FLOODWAY,river,609.84,,,,0.0247,0.0905,0.5784,0.2967,0.0,0.009,0.0006,0.001,0.1866,0.0844,0.89,1.09,1.71,2.8,2.98,1.27,2.79,0.0,0.0,1.0,Dnipro,1.2,True,4.0,0.0,2023-06-18,3.0,0.925,0.0,0.603,0.933,0.0,LATER_S1_OPEN_SURFACE_NO_WATER,,RIVER_CONNECTED;LATER_S1_OPEN_SURFACE_NO_WATER,
2023-06-15,2126,1722,RIVER_CONNECTED,2023-06-06,1.052,32.6866,46.6673,476028.9,5168239.0,DNIPRO_CORRIDOR,1.0,ZONE_2_KHERSON_DELTA,river,609.84,,,,0.0065,0.0643,0.1951,0.5405,0.0289,0.1388,0.0133,0.0012,0.161,0.0814,15.74,0.7,1.11,2.03,2.32,1.23,2.9,0.0,0.0,1.0,no_data,0.7,True,4.0,0.0,2023-06-18,3.0,0.975,0.002,0.231,1.0,0.002,LATER_S1_NO_WATER_SIGNAL_VEGETATED,,RIVER_CONNECTED;LATER_S1_NO_WATER_SIGNAL_VEGETATED,
2023-06-15,2230,1775,RIVER_CONNECTED,2023-06-06,0.71,32.72,46.6482,478577.2,5166113.4,DNIPRO_CORRIDOR,1.0,ZONE_4_DAM_TO_KHERSON_FLOODWAY,river,609.84,,,,0.0,0.323,0.0163,0.6156,0.0,0.0287,0.0163,0.0007,0.1617,0.0002,0.44,0.74,1.11,2.15,2.39,1.26,2.58,0.0,0.0,1.0,Dnipro,1.0,True,4.0,0.0,2023-06-18,3.0,1.0,0.0,0.016,1.0,0.0,LATER_S1_NO_WATER_SIGNAL_VEGETATED,,RIVER_CONNECTED;LATER_S1_NO_WATER_SIGNAL_VEGETATED,
2023-06-15,2269,2112,RIVER_CONNECTED,2023-06-06,3.261,32.7836,46.631,483435.2,5164180.7,DNIPRO_CORRIDOR,1.0,ZONE_4_DAM_TO_KHERSON_FLOODWAY,river,609.84,,,,0.0,0.2068,0.2344,0.4763,0.0037,0.0719,0.0069,0.0049,0.1866,0.0052,3.1,0.84,1.53,2.52,2.63,1.09,2.74,0.0,0.0,1.0,no_data,1.9,True,4.0,0.0,2023-06-18,3.0,1.0,0.018,0.238,1.0,0.062,LATER_S1_NO_WATER_SIGNAL_VEGETATED,,RIVER_CONNECTED;LATER_S1_NO_WATER_SIGNAL_VEGETATED,
2023-06-15,2344,1717,RIVER_CONNECTED,2023-06-06,1.916,32.5503,46.6374,465583.7,5164967.1,DNIPRO_CORRIDOR,1.0,ZONE_2_KHERSON_DELTA,river,609.84,,,,0.0,0.067,0.0307,0.8373,0.0,0.0616,0.0033,0.0016,0.1083,0.1017,9.1,0.58,1.3,2.05,1.85,0.56,2.03,0.0,0.0,1.0,Dnipro,4.3,True,4.0,0.0,2023-06-18,3.0,1.0,0.0,0.031,1.0,0.0,LATER_S1_NO_WATER_SIGNAL_VEGETATED,,RIVER_CONNECTED;LATER_S1_NO_WATER_SIGNAL_VEGETATED,
2023-06-15,2407,1963,RIVER_CONNECTED,2023-06-06,0.958,32.4523,46.6417,458081.5,5165490.5,DNIPRO_CORRIDOR,1.0,ZONE_2_KHERSON_DELTA,river,609.84,,,,0.0,0.0714,0.0986,0.8049,0.0,0.0188,0.0063,0.0001,0.0256,0.4347,13.33,0.58,0.96,1.52,1.63,0.67,1.88,0.0,0.0,1.0,Dnipro,7.0,True,4.0,0.0,2023-06-18,3.0,1.0,0.0,0.099,1.0,0.0,LATER_S1_NO_WATER_SIGNAL_VEGETATED,,RIVER_CONNECTED;LATER_S1_NO_WATER_SIGNAL_VEGETATED,
2023-06-15,2444,2011,RIVER_CONNECTED,2023-06-06,0.53,32.649,46.6366,473132.3,5164841.6,DNIPRO_CORRIDOR,1.0,ZONE_2_KHERSON_DELTA,river,609.84,,,,0.0,0.0038,0.0045,0.9872,0.0,0.0,0.0045,0.0014,0.1477,0.0002,0.57,0.68,0.83,1.1,2.18,1.34,2.25,0.0,0.0,1.0,no_data,0.5,True,4.0,0.0,2023-06-18,3.0,1.0,0.0,0.005,1.0,0.0,LATER_S1_NO_WATER_SIGNAL_VEGETATED,,RIVER_CONNECTED;LATER_S1_NO_WATER_SIGNAL_VEGETATED,
2023-06-15,2562,2112,RIVER_CONNECTED,2023-06-06,0.291,32.7035,46.6289,477301.7,5163970.3,DNIPRO_CORRIDOR,1.0,ZONE_4_DAM_TO_KHERSON_FLOODWAY,river,609.84,,,,0.0,0.1264,0.0124,0.8297,0.0,0.0275,0.0041,0.0,0.1384,0.0056,0.71,0.16,0.82,1.3,2.3,1.47,2.55,0.0,0.0,1.0,Dnipro,0.5,True,4.0,0.0,2023-06-18,3.0,1.0,0.0,0.012,1.0,0.0,LATER_S1_NO_WATER_SIGNAL_VEGETATED,,RIVER_CONNECTED;LATER_S1_NO_WATER_SIGNAL_VEGETATED,
2023-06-15,2576,2112,RIVER_CONNECTED,2023-06-06,8.716,32.6726,46.5952,474920.8,5160231.3,DNIPRO_CORRIDOR,1.0,ZONE_2_KHERSON_DELTA,river,609.84,,,,0.001,0.0241,0.1508,0.7738,0.0,0.0424,0.0001,0.0002,0.1021,0.0426,0.77,0.59,0.95,2.12,2.19,1.2,2.69,0.0,0.0,1.0,Dnipro,3.3,True,4.0,0.0,2023-06-18,3.0,0.988,0.0,0.152,0.998,0.0,LATER_S1_NO_WATER_SIGNAL_VEGETATED,,RIVER_CONNECTED;LATER_S1_NO_WATER_SIGNAL_VEGETATED,
2023-06-15,2600,1717,RIVER_CONNECTED,2023-06-06,0.276,32.5817,46.6278,467977.1,5163885.1,DNIPRO_CORRIDOR,1.0,ZONE_2_KHERSON_DELTA,river,609.84,,,,0.0,0.1362,0.0348,0.0014,0.0029,0.7913,0.0333,0.0021,0.1376,0.0026,2.82,0.55,1.53,2.04,2.09,0.53,2.2,0.0,0.0,1.0,gauge,2.4,True,4.0,0.0,2023-06-18,3.0,1.0,0.0,0.038,1.0,0.0,LATER_S1_NO_WATER_SIGNAL_VEGETATED,,RIVER_CONNECTED;LATER_S1_NO_WATER_SIGNAL_VEGETATED,
2023-06-15,2615,2112,RIVER_CONNECTED,2023-06-06,0.276,32.692,46.6231,476416.5,5163328.1,DNIPRO_CORRIDOR,1.0,ZONE_4_DAM_TO_KHERSON_FLOODWAY,river,609.84,,,,0.0,0.1362,0.0609,0.6362,0.0,0.1565,0.0101,0.0,0.0904,0.0117,0.72,0.18,0.79,2.08,2.26,1.47,2.51,0.0,0.0,1.0,Dnipro,1.1,True,4.0,0.0,2023-06-18,3.0,1.0,0.0,0.061,1.0,0.0,LATER_S1_NO_WATER_SIGNAL_VEGETATED,,RIVER_CONNECTED;LATER_S1_NO_WATER_SIGNAL_VEGETATED,
2023-06-15,2630,2220,RIVER_CONNECTED,2023-06-06,1.791,32.5668,46.6077,466823.0,5161658.8,DNIPRO_CORRIDOR,1.0,ZONE_2_KHERSON_DELTA,river,609.84,,,,0.0016,0.1378,0.0773,0.208,0.0022,0.5528,0.0203,0.0012,0.1162,0.0005,0.28,0.46,1.25,1.85,1.87,0.65,2.49,0.0,0.0,1.0,Dnipro,0.9,True,4.0,0.0,2023-06-18,3.0,1.0,0.001,0.081,1.0,0.0,LATER_S1_NO_WATER_SIGNAL_VEGETATED,,RIVER_CONNECTED;LATER_S1_NO_WATER_SIGNAL_VEGETATED,
2023-06-15,2706,2285,RIVER_CONNECTED,2023-06-06,0.316,32.5476,46.6155,465357.6,5162535.8,DNIPRO_CORRIDOR,1.0,ZONE_2_KHERSON_DELTA,river,609.84,,,,0.0,0.2807,0.0,0.7042,0.0,0.0,0.0152,0.0023,0.0864,0.0043,0.26,0.53,0.79,1.49,1.77,0.99,2.07,0.0,0.0,1.0,Dnipro,2.2,True,4.0,0.0,2023-06-18,3.0,1.0,0.004,0.0,0.0,,LATER_S1_NO_WATER_SIGNAL_VEGETATED,,RIVER_CONNECTED;LATER_S1_NO_WATER_SIGNAL_VEGETATED,
2023-06-15,2770,2351,RIVER_CONNECTED,2023-06-06,0.495,32.4881,46.6096,460803.7,5161908.9,DNIPRO_CORRIDOR,1.0,ZONE_2_KHERSON_DELTA,river,609.84,,,,0.0,0.0889,0.0,0.8918,0.0,0.0,0.0194,0.0001,0.0443,0.0676,0.21,0.55,0.77,1.2,1.66,0.88,1.33,0.0,0.0,1.0,Dnipro,2.6,True,4.0,0.0,2023-06-18,3.0,1.0,0.0,0.0,0.0,,LATER_S1_NO_WATER_SIGNAL_VEGETATED,,RIVER_CONNECTED;LATER_S1_NO_WATER_SIGNAL_VEGETATED,
2023-06-15,2816,2401,RIVER_CONNECTED,2023-06-06,0.409,32.6144,46.6086,470473.5,5161741.5,DNIPRO_CORRIDOR,1.0,ZONE_2_KHERSON_DELTA,river,609.84,,,,0.002,0.4198,0.1448,0.407,0.0,0.0068,0.0196,0.0001,0.1346,0.0,0.33,0.68,1.14,1.76,2.03,0.88,2.11,0.0,0.0,1.0,Dnipro,0.6,True,4.0,0.0,2023-06-18,3.0,1.0,0.001,0.147,1.0,0.0,LATER_S1_NO_WATER_SIGNAL_VEGETATED,,RIVER_CONNECTED;LATER_S1_NO_WATER_SIGNAL_VEGETATED,
2023-06-15,2980,2560,RIVER_CONNECTED,2023-06-06,0.363,32.4964,46.5953,461423.5,5160317.7,DNIPRO_CORRIDOR,1.0,ZONE_2_KHERSON_DELTA,river,609.84,,,,0.0,0.0,0.0,1.0,0.0,0.0,0.0,0.0001,0.0576,0.0215,0.19,0.55,0.63,0.83,1.3,0.74,1.09,0.0,0.0,1.0,Dnipro,0.9,True,4.0,0.0,2023-06-18,3.0,1.0,0.0,0.0,0.0,,LATER_S1_NO_WATER_SIGNAL_VEGETATED,,RIVER_CONNECTED;LATER_S1_NO_WATER_SIGNAL_VEGETATED,
2023-06-15,3138,2704,RIVER_CONNECTED,2023-06-06,0.796,32.5678,46.5817,466886.0,5158767.3,DNIPRO_CORRIDOR,1.0,ZONE_2_KHERSON_DELTA,river,609.84,,,,0.0,0.107,0.0,0.8884,0.0,0.0035,0.001,0.0001,0.1324,0.0001,0.14,0.19,0.71,1.17,1.87,1.17,2.22,0.0,0.0,1.0,Dnipro,1.6,True,4.0,0.0,2023-06-18,3.0,1.0,0.0,0.0,0.0,,LATER_S1_NO_WATER_SIGNAL_VEGETATED,,RIVER_CONNECTED;LATER_S1_NO_WATER_SIGNAL_VEGETATED,
2023-06-15,3278,2112,RIVER_CONNECTED,2023-06-06,5.476,32.633,46.5616,471872.5,5156509.4,DNIPRO_CORRIDOR,1.0,ZONE_2_KHERSON_DELTA,river,609.84,,,,0.0004,0.2424,0.1325,0.5558,0.0,0.0651,0.0038,0.0024,0.1592,0.0025,1.03,0.23,1.2,1.95,2.05,0.85,2.3,0.0,0.0,1.0,Dnipro,5.3,True,4.0,0.0,2023-06-18,3.0,1.0,0.02,0.133,1.0,0.072,LATER_S1_NO_WATER_SIGNAL_VEGETATED,,RIVER_CONNECTED;LATER_S1_NO_WATER_SIGNAL_VEGETATED,
2023-06-15,3535,3187,RIVER_CONNECTED,2023-06-06,0.496,32.5035,46.5531,461938.0,5155622.0,DNIPRO_CORRIDOR,1.0,ZONE_2_KHERSON_DELTA,river,609.84,,,,0.0,0.0822,0.1571,0.6954,0.0,0.058,0.0073,0.0005,0.0889,0.0,0.21,0.49,0.65,1.21,1.45,0.8,1.97,0.0,0.0,1.0,Dnipro,2.9,True,4.0,0.0,2023-06-18,3.0,1.0,0.047,0.157,1.0,0.133,LATER_S1_NO_WATER_SIGNAL_VEGETATED,,RIVER_CONNECTED;LATER_S1_NO_WATER_SIGNAL_VEGETATED,
2023-06-15,3538,2112,TRAPPED,2023-06-06,13.116,32.6319,46.5277,471768.3,5152749.1,DNIPRO_CORRIDOR,1.0,ZONE_2_KHERSON_DELTA,isolated,18.05,99.0,3.5944,0.52,0.0,0.2803,0.0235,0.6729,0.0,0.0077,0.0155,0.0025,0.2214,0.0128,3.25,0.7,1.46,1.99,1.99,0.54,1.94,0.039,0.0,0.961,Dnipro,8.7,,,286.0,2023-06-18,3.0,1.0,0.114,0.023,0.996,0.339,LATER_S1_INCONCLUSIVE,RETAINED_UNCERTAIN,TRAPPED;LATER_S1_INCONCLUSIVE;RETAINED_UNCERTAIN,
2023-06-15,3755,2112,RIVER_CONNECTED,2023-06-06,1.386,32.5578,46.5384,466089.3,5153960.7,DNIPRO_CORRIDOR,1.0,ZONE_2_KHERSON_DELTA,river,609.84,,,,0.0,0.1622,0.1137,0.2226,0.0052,0.4902,0.0061,0.0059,0.1206,0.0154,0.55,0.34,1.06,1.68,1.79,0.71,2.07,0.0,0.0,1.0,Dnipro,6.2,True,4.0,0.0,2023-06-18,3.0,1.0,0.001,0.119,1.0,0.005,LATER_S1_NO_WATER_SIGNAL_VEGETATED,,RIVER_CONNECTED;LATER_S1_NO_WATER_SIGNAL_VEGETATED,
2023-06-15,3760,3284,RIVER_CONNECTED,2023-06-06,0.259,32.5366,46.5429,464468.3,5154473.1,DNIPRO_CORRIDOR,1.0,ZONE_2_KHERSON_DELTA,river,609.84,,,,0.0,0.0741,0.0741,0.8117,0.0,0.0324,0.0077,0.0058,0.1254,0.0027,0.34,0.09,0.66,1.09,1.51,0.87,2.14,0.0,0.0,1.0,Dnipro,5.4,True,4.0,0.0,2023-06-18,3.0,1.0,0.0,0.074,1.0,0.0,LATER_S1_NO_WATER_SIGNAL_VEGETATED,,RIVER_CONNECTED;LATER_S1_NO_WATER_SIGNAL_VEGETATED,
2023-06-15,3852,2112,TRAPPED,2023-06-06,0.432,32.5362,46.5236,464424.2,5152331.2,DNIPRO_CORRIDOR,1.0,ZONE_2_KHERSON_DELTA,isolated,1.59,3.0,0.546,-5.25,0.0,0.2266,0.3414,0.1443,0.0,0.2877,0.0,0.0046,0.1382,0.0659,2.31,0.51,1.0,1.41,1.44,0.45,1.59,0.0,0.0,1.0,Dnipro,7.0,,,520.0,2023-06-18,3.0,1.0,0.326,0.341,1.0,0.672,LATER_S1_WATER,RETAINED_UNCERTAIN,TRAPPED;LATER_S1_WATER;RETAINED_UNCERTAIN,
2023-06-15,0,0,RIVER_CONNECTED,,25.491,,,,,specks < min_km2,,,,,,,,,,,,,,,,,,,,,,,,,,,,,,,,,,,,,,,,,,RIVER_CONNECTED;SPECKS_AGGREGATED,3793.0
2023-06-15,0,0,TRAPPED,,0.536,,,,,specks < min_km2,,,,,,,,,,,,,,,,,,,,,,,,,,,,,,,,,,,,,,,,,,TRAPPED;SPECKS_AGGREGATED,97.0
2023-06-16,1,1,RIVER_CONNECTED,2023-06-06,0.734,32.9841,47.1328,498792.9,5219917.3,INHULETS_VALLEY_rect,1.0,ZONE_4_DAM_TO_KHERSON_FLOODWAY,river,594.03,,,,0.0005,0.0698,0.0905,0.0196,0.0,0.0005,0.819,0.0,0.0815,0.5549,41.02,-0.08,0.9,2.98,3.22,2.26,3.72,0.0,1.0,0.0,Dnipro,39.9,True,1.0,0.0,2023-06-18,2.0,0.0,0.0,0.091,0.0,,S1_UNOBSERVED,,RIVER_CONNECTED;S1_UNOBSERVED;EROSION_1PX_DISCONNECTS,
2023-06-16,2,1,RIVER_CONNECTED,2023-06-06,0.484,32.9021,47.1209,492576.0,5218602.7,INHULETS_VALLEY_rect,1.0,ZONE_4_DAM_TO_KHERSON_FLOODWAY,river,594.03,,,,0.1388,0.076,0.2959,0.4149,0.0,0.0017,0.0727,0.0,0.0431,0.5713,37.43,1.16,2.1,2.65,2.7,0.6,2.52,1.0,0.0,0.0,Inhulets,40.0,True,2.0,0.0,2023-06-18,2.0,0.0,0.0,0.435,0.0,,S1_UNOBSERVED,,RIVER_CONNECTED;S1_UNOBSERVED;WEAK_SURFACE,
2023-06-16,4,1,RIVER_CONNECTED,2023-06-06,1.022,32.896,47.102,492111.9,5216506.4,INHULETS_VALLEY_rect,1.0,ZONE_4_DAM_TO_KHERSON_FLOODWAY,river,594.03,,,,0.6106,0.0145,0.3389,0.0039,0.0,0.0,0.0321,0.0001,0.0566,0.4991,31.25,1.95,2.4,2.66,2.7,0.3,1.65,1.0,0.0,0.0,Inhulets,37.9,True,2.0,0.0,2023-06-18,2.0,0.0,0.0,0.95,0.0,,S1_UNOBSERVED,,RIVER_CONNECTED;S1_UNOBSERVED;WEAK_SURFACE,
2023-06-16,143,16,RIVER_CONNECTED,2023-06-06,1.613,32.8616,47.0845,489497.1,5214568.4,INHULETS_VALLEY_rect,1.0,ZONE_4_DAM_TO_KHERSON_FLOODWAY,river,594.03,,,,0.4531,0.0005,0.3214,0.1818,0.0,0.0015,0.0417,0.0001,0.1008,0.4537,35.05,1.61,2.39,2.67,2.7,0.31,1.65,1.0,0.0,0.0,Inhulets,35.4,True,4.0,0.0,2023-06-18,2.0,0.0,0.0,0.775,0.0,,S1_UNOBSERVED,,RIVER_CONNECTED;S1_UNOBSERVED;WEAK_SURFACE,
2023-06-16,157,36,RIVER_CONNECTED,2023-06-06,2.407,32.8357,47.0725,487528.6,5213231.2,INHULETS_VALLEY_rect,1.0,ZONE_4_DAM_TO_KHERSON_FLOODWAY,river,594.03,,,,0.5696,0.016,0.3779,0.0055,0.0,0.0,0.0311,0.0001,0.0992,0.4387,32.55,1.46,2.01,2.62,2.7,0.68,1.79,1.0,0.0,0.0,Inhulets,34.0,True,4.0,0.0,2023-06-18,2.0,0.0,0.0,0.947,0.0,,S1_UNOBSERVED,,RIVER_CONNECTED;S1_UNOBSERVED;WEAK_SURFACE,
2023-06-16,197,63,RIVER_CONNECTED,2023-06-06,0.589,32.8302,47.0483,487105.6,5210549.1,INHULETS_VALLEY_rect,1.0,ZONE_4_DAM_TO_KHERSON_FLOODWAY,river,594.03,,,,0.5214,0.0041,0.4168,0.0468,0.0,0.0007,0.0102,0.0001,0.0736,0.4018,29.41,1.42,2.0,2.52,2.7,0.7,1.64,1.0,0.0,0.0,Inhulets,31.0,True,4.0,0.0,2023-06-18,2.0,0.0,0.0,0.938,0.0,,S1_UNOBSERVED,,RIVER_CONNECTED;S1_UNOBSERVED;WEAK_SURFACE,
2023-06-16,206,36,RIVER_CONNECTED,2023-06-06,0.691,32.8385,47.0397,487729.8,5209584.5,INHULETS_VALLEY_rect,1.0,ZONE_4_DAM_TO_KHERSON_FLOODWAY,river,594.03,,,,0.603,0.0093,0.3472,0.0318,0.0,0.0,0.0087,0.0,0.0767,0.4378,27.39,1.27,1.9,2.52,2.7,0.8,1.65,1.0,0.0,0.0,Inhulets,30.2,True,4.0,0.0,2023-06-18,2.0,0.0,0.0,0.95,0.0,,S1_UNOBSERVED,,RIVER_CONNECTED;S1_UNOBSERVED;WEAK_SURFACE,
2023-06-16,219,81,RIVER_CONNECTED,2023-06-06,0.91,32.8441,47.0278,488153.3,5208264.4,INHULETS_VALLEY_rect,1.0,ZONE_4_DAM_TO_KHERSON_FLOODWAY,river,594.03,,,,0.0141,0.0154,0.6744,0.2012,0.0,0.0004,0.0945,0.0,0.0647,0.4908,28.57,1.15,1.59,2.46,2.7,1.11,1.92,1.0,0.0,0.0,Inhulets,28.9,True,4.0,0.0,2023-06-18,2.0,0.912,0.252,0.688,0.883,0.23,LATER_S1_WATER,,RIVER_CONNECTED;LATER_S1_WATER;WEAK_SURFACE,
2023-06-16,243,97,RIVER_CONNECTED,2023-06-06,1.15,32.8291,47.0163,487008.8,5206993.4,INHULETS_VALLEY_rect,1.0,ZONE_4_DAM_TO_KHERSON_FLOODWAY,river,594.03,,,,0.8017,0.0,0.1868,0.0031,0.0,0.0,0.0083,0.0001,0.0588,0.336,22.8,1.19,1.69,2.24,2.7,1.01,1.69,1.0,0.0,0.0,Inhulets,27.6,True,4.0,0.0,2023-06-18,2.0,1.0,0.312,0.989,1.0,0.311,LATER_S1_WATER,,RIVER_CONNECTED;LATER_S1_WATER;WEAK_SURFACE,
2023-06-16,264,115,RIVER_CONNECTED,2023-06-06,0.591,32.8256,47.0056,486745.9,5205797.2,INHULETS_VALLEY_rect,1.0,ZONE_4_DAM_TO_KHERSON_FLOODWAY,river,594.03,,,,0.6488,0.0,0.2869,0.0399,0.0,0.0027,0.0217,0.0001,0.07,0.3835,29.69,1.1,1.39,2.26,2.7,1.3,2.02,1.0,0.0,0.0,Inhulets,26.3,True,4.0,0.0,2023-06-18,2.0,1.0,0.366,0.936,1.0,0.38,LATER_S1_WATER,,RIVER_CONNECTED;LATER_S1_WATER;WEAK_SURFACE,
2023-06-16,266,119,RIVER_CONNECTED,2023-06-06,1.457,32.8052,47.0003,485188.7,5205219.9,INHULETS_VALLEY_rect,1.0,ZONE_4_DAM_TO_KHERSON_FLOODWAY,river,594.03,,,,0.1565,0.0113,0.8213,0.0016,0.0,0.0016,0.0077,0.0,0.0613,0.4822,39.23,1.08,1.32,2.19,2.7,1.38,2.36,1.0,0.0,0.0,Inhulets,25.5,True,4.0,0.0,2023-06-18,2.0,1.0,0.385,0.978,1.0,0.391,LATER_S1_WATER,,RIVER_CONNECTED;LATER_S1_WATER;WEAK_SURFACE,
2023-06-16,303,158,RIVER_CONNECTED,2023-06-06,1.142,32.8233,46.9851,486563.0,5203522.7,INHULETS_VALLEY_rect,1.0,ZONE_4_DAM_TO_KHERSON_FLOODWAY,river,594.03,,,,0.4161,0.0,0.5762,0.0014,0.0,0.0,0.0063,0.0001,0.0499,0.5422,37.83,1.05,1.45,2.26,2.7,1.25,2.19,1.0,0.0,0.0,Inhulets,24.0,True,4.0,0.0,2023-06-18,2.0,1.0,0.376,0.992,1.0,0.376,LATER_S1_WATER,,RIVER_CONNECTED;LATER_S1_WATER;WEAK_SURFACE,
2023-06-16,319,171,RIVER_CONNECTED,2023-06-06,0.57,32.812,46.9724,485698.6,5202116.8,INHULETS_VALLEY_rect,1.0,ZONE_4_DAM_TO_KHERSON_FLOODWAY,river,594.03,,,,0.0042,0.2746,0.5056,0.1643,0.0,0.0,0.0513,0.0,0.0356,0.5398,33.59,1.09,1.78,2.57,2.7,0.91,2.57,1.0,0.0,0.0,Inhulets,22.4,True,4.0,0.0,2023-06-18,2.0,1.0,0.06,0.51,1.0,0.087,LATER_S1_INCONCLUSIVE,,RIVER_CONNECTED;LATER_S1_INCONCLUSIVE;WEAK_SURFACE,
2023-06-16,334,193,RIVER_CONNECTED,2023-06-06,1.322,32.8145,46.9546,485888.7,5200139.7,INHULETS_VALLEY_rect,1.0,ZONE_4_DAM_TO_KHERSON_FLOODWAY,river,594.03,,,,0.0118,0.0118,0.6518,0.3137,0.0,0.0,0.0109,0.0,0.0446,0.4984,31.64,0.77,1.39,2.19,2.7,1.31,2.5,1.0,0.0,0.0,Inhulets,20.5,True,4.0,0.0,2023-06-18,2.0,1.0,0.421,0.664,1.0,0.315,LATER_S1_WATER,,RIVER_CONNECTED;LATER_S1_WATER;WEAK_SURFACE,
2023-06-16,360,215,RIVER_CONNECTED,2023-06-06,0.602,32.7943,46.9441,484345.4,5198968.4,INHULETS_VALLEY_rect,1.0,ZONE_4_DAM_TO_KHERSON_FLOODWAY,river,594.03,,,,0.008,0.004,0.9774,0.002,0.0,0.0013,0.0073,0.0001,0.0414,0.4711,31.35,1.08,1.47,2.22,2.7,1.22,1.79,1.0,0.0,0.0,Inhulets,19.3,True,4.0,0.0,2023-06-18,2.0,1.0,0.213,0.985,1.0,0.208,LATER_S1_WATER,,RIVER_CONNECTED;LATER_S1_WATER;WEAK_SURFACE,
2023-06-16,389,238,RIVER_CONNECTED,2023-06-06,0.316,32.8189,46.9368,486216.5,5198156.4,INHULETS_VALLEY_rect,1.0,ZONE_4_DAM_TO_KHERSON_FLOODWAY,river,594.03,,,,0.2819,0.0405,0.359,0.3161,0.0,0.0,0.0025,0.0,0.0704,0.4054,27.44,1.08,1.46,2.52,2.7,1.24,1.68,1.0,0.0,0.0,Inhulets,18.8,True,4.0,0.0,2023-06-18,2.0,1.0,0.212,0.641,1.0,0.316,LATER_S1_WATER,,RIVER_CONNECTED;LATER_S1_WATER;WEAK_SURFACE,
2023-06-16,399,238,RIVER_CONNECTED,2023-06-06,0.363,32.8373,46.9197,487609.6,5196251.1,INHULETS_VALLEY_rect,1.0,ZONE_4_DAM_TO_KHERSON_FLOODWAY,river,594.03,,,,0.5722,0.0397,0.2756,0.1125,0.0,0.0,0.0,0.0002,0.0588,0.5446,33.12,1.07,1.29,2.41,2.7,1.41,1.94,1.0,0.0,0.0,Inhulets,17.3,True,4.0,0.0,2023-06-18,2.0,1.0,0.334,0.848,1.0,0.382,LATER_S1_WATER,,RIVER_CONNECTED;LATER_S1_WATER;WEAK_SURFACE,
2023-06-16,418,261,RIVER_CONNECTED,2023-06-06,0.307,32.8126,46.9075,485729.9,5194898.2,INHULETS_VALLEY_rect,1.0,ZONE_4_DAM_TO_KHERSON_FLOODWAY,river,594.03,,,,0.0495,0.0065,0.8644,0.0717,0.0,0.0,0.0078,0.0002,0.0618,0.5028,33.45,1.08,1.37,2.43,2.7,1.33,2.12,1.0,0.0,0.0,Inhulets,15.4,True,4.0,0.0,2023-06-18,2.0,1.0,0.245,0.914,1.0,0.265,LATER_S1_WATER,,RIVER_CONNECTED;LATER_S1_WATER;WEAK_SURFACE,
2023-06-16,532,360,RIVER_CONNECTED,2023-06-06,0.386,33.2168,46.8163,516535.0,5184777.9,DNIPRO_CORRIDOR,1.0,ZONE_4_DAM_TO_KHERSON_FLOODWAY,river,594.03,,,,0.0,0.1368,0.0943,0.7358,0.0,0.0,0.0332,0.0,0.0527,0.5119,36.02,1.68,2.16,2.99,3.24,1.08,2.51,0.0,0.0,1.0,Kokan',4.5,True,4.0,0.0,2023-06-18,2.0,0.0,0.0,0.094,0.0,,S1_UNOBSERVED,,RIVER_CONNECTED;S1_UNOBSERVED,
2023-06-16,824,552,RIVER_CONNECTED,2023-06-06,0.274,33.2491,46.7799,519013.7,5180732.7,DNIPRO_CORRIDOR,1.0,ZONE_4_DAM_TO_KHERSON_FLOODWAY,river,594.03,,,,0.0,0.9665,0.0,0.0233,0.0,0.0,0.0102,0.0001,0.3507,0.0934,0.96,1.77,2.28,2.97,3.42,1.15,1.75,0.0,0.0,1.0,Kokan',0.8,True,4.0,0.0,2023-06-18,2.0,0.0,0.0,0.0,0.0,,S1_UNOBSERVED,,RIVER_CONNECTED;S1_UNOBSERVED,
2023-06-16,872,606,RIVER_CONNECTED,2023-06-06,0.655,33.1451,46.7772,511079.7,5180413.6,DNIPRO_CORRIDOR,1.0,ZONE_4_DAM_TO_KHERSON_FLOODWAY,river,594.03,,,,0.0031,0.0281,0.7233,0.2358,0.0,0.0024,0.0073,0.0001,0.1149,0.1578,1.77,1.45,1.94,2.98,3.11,1.15,2.47,0.0,0.0,1.0,Dnipro,0.7,True,4.0,0.0,2023-06-18,2.0,0.0,0.0,0.726,0.0,,S1_UNOBSERVED,,RIVER_CONNECTED;S1_UNOBSERVED,
2023-06-16,905,436,RIVER_CONNECTED,2023-06-06,0.532,33.3137,46.7776,523950.5,5180500.1,DNIPRO_CORRIDOR,1.0,ZONE_4_DAM_TO_KHERSON_FLOODWAY,river,594.03,,,,0.0,0.5222,0.2295,0.1783,0.0,0.0564,0.0135,0.0004,0.3547,0.0548,0.95,1.89,2.82,3.59,3.72,0.9,2.7,0.0,0.0,1.0,Kokan',1.5,True,4.0,0.0,2023-06-18,2.0,0.0,0.0,0.229,0.0,,S1_UNOBSERVED,,RIVER_CONNECTED;S1_UNOBSERVED,
2023-06-16,942,647,RIVER_CONNECTED,2023-06-06,0.572,33.1773,46.7703,513540.3,5179650.0,DNIPRO_CORRIDOR,1.0,ZONE_4_DAM_TO_KHERSON_FLOODWAY,river,594.03,,,,0.0,0.0721,0.8593,0.0574,0.0,0.0007,0.0105,0.0001,0.2181,0.0359,1.49,1.55,2.51,3.13,3.18,0.66,1.89,0.0,0.0,1.0,Dnipro,1.2,True,4.0,0.0,2023-06-18,2.0,0.0,0.0,0.859,0.0,,S1_UNOBSERVED,,RIVER_CONNECTED;S1_UNOBSERVED,
2023-06-16,965,665,RIVER_CONNECTED,2023-06-06,0.254,33.3323,46.7733,525370.3,5180030.6,DNIPRO_CORRIDOR,1.0,ZONE_4_DAM_TO_KHERSON_FLOODWAY,river,594.03,,,,0.0,0.7453,0.1777,0.0692,0.0,0.0,0.0079,0.0006,0.2912,0.0368,1.8,1.93,2.59,3.65,3.75,1.15,1.89,0.0,0.0,1.0,Kokan',0.7,True,4.0,0.0,2023-06-18,2.0,0.0,0.0,0.178,0.0,,S1_UNOBSERVED,,RIVER_CONNECTED;S1_UNOBSERVED,
2023-06-16,994,692,RIVER_CONNECTED,2023-06-06,0.324,33.3372,46.7678,525746.6,5179420.4,DNIPRO_CORRIDOR,1.0,ZONE_4_DAM_TO_KHERSON_FLOODWAY,river,594.03,,,,0.0,0.7206,0.2324,0.0433,0.0,0.0,0.0037,0.0014,0.2677,0.0227,5.23,1.94,2.67,3.61,3.75,1.1,2.12,0.0,0.0,1.0,Kokan',0.4,True,4.0,0.0,2023-06-18,2.0,0.0,0.0,0.232,0.0,,S1_UNOBSERVED,,RIVER_CONNECTED;S1_UNOBSERVED,
2023-06-16,1204,2112,RIVER_CONNECTED,2023-06-06,0.588,33.2407,46.7585,518380.3,5178352.6,DNIPRO_CORRIDOR,1.0,ZONE_4_DAM_TO_KHERSON_FLOODWAY,river,594.03,,,,0.0,0.1789,0.7048,0.0986,0.0,0.0122,0.0054,0.0,0.2689,0.204,2.22,1.63,2.48,3.24,3.42,0.95,2.7,0.0,0.0,1.0,Kokan',1.7,True,4.0,0.0,2023-06-18,2.0,0.0,0.0,0.705,0.0,,S1_UNOBSERVED,,RIVER_CONNECTED;S1_UNOBSERVED,
2023-06-16,1430,913,RIVER_CONNECTED,2023-06-06,0.384,32.9814,46.7467,498576.2,5177019.7,DNIPRO_CORRIDOR,1.0,ZONE_4_DAM_TO_KHERSON_FLOODWAY,river,594.03,,,,0.0,0.3271,0.6156,0.0573,0.0,0.0,0.0,0.0001,0.1999,0.3139,7.27,0.82,1.52,2.51,2.74,1.24,2.88,0.0,0.0,1.0,Dnipro,0.8,True,4.0,0.0,2023-06-18,2.0,0.0,0.0,0.616,0.0,,S1_UNOBSERVED,,RIVER_CONNECTED;S1_UNOBSERVED,
2023-06-16,1452,913,RIVER_CONNECTED,2023-06-06,0.445,32.9512,46.7456,496275.4,5176897.9,DNIPRO_CORRIDOR,1.0,ZONE_4_DAM_TO_KHERSON_FLOODWAY,river,594.03,,,,0.0,0.9533,0.0036,0.0252,0.0,0.0,0.018,0.0,0.2512,0.2642,1.67,1.16,1.7,2.6,2.73,1.04,3.27,0.0,0.0,1.0,Dnipro,0.9,True,4.0,0.0,2023-06-18,2.0,0.0,0.0,0.004,0.0,,S1_UNOBSERVED,,RIVER_CONNECTED;S1_UNOBSERVED,
2023-06-16,2296,2112,RIVER_CONNECTED,2023-06-06,0.292,32.8725,46.6839,490251.6,5170048.0,DNIPRO_CORRIDOR,1.0,ZONE_4_DAM_TO_KHERSON_FLOODWAY,river,594.03,,,,0.0,0.052,0.5691,0.3735,0.0,0.0055,0.0,0.001,0.1549,0.0255,1.32,1.06,1.59,2.38,2.48,0.86,2.28,0.0,0.0,1.0,Dnipro,1.8,True,4.0,0.0,2023-06-18,2.0,1.0,0.0,0.569,1.0,0.0,LATER_S1_OPEN_SURFACE_NO_WATER,,RIVER_CONNECTED;LATER_S1_OPEN_SURFACE_NO_WATER,
2023-06-16,2386,1722,RIVER_CONNECTED,2023-06-06,0.928,32.6884,46.6679,476166.2,5168304.1,DNIPRO_CORRIDOR,1.0,ZONE_4_DAM_TO_KHERSON_FLOODWAY,river,594.03,,,,0.0026,0.0599,0.1759,0.6095,0.0293,0.1013,0.0073,0.0014,0.1574,0.0858,13.28,0.7,1.02,1.77,1.94,0.94,2.48,0.0,0.0,1.0,no_data,0.7,True,4.0,0.0,2023-06-18,2.0,0.971,0.0,0.208,1.0,0.002,LATER_S1_NO_WATER_SIGNAL_VEGETATED,,RIVER_CONNECTED;LATER_S1_NO_WATER_SIGNAL_VEGETATED,
2023-06-16,2501,1775,RIVER_CONNECTED,2023-06-06,0.438,32.7181,46.6509,478432.7,5166408.9,DNIPRO_CORRIDOR,1.0,ZONE_4_DAM_TO_KHERSON_FLOODWAY,river,594.03,,,,0.0,0.3796,0.01,0.583,0.0,0.0055,0.0219,0.0003,0.1584,0.0002,0.38,0.75,1.09,1.74,1.89,0.83,2.14,0.0,0.0,1.0,Dnipro,1.1,True,4.0,0.0,2023-06-18,2.0,1.0,0.0,0.01,1.0,0.0,LATER_S1_NO_WATER_SIGNAL_VEGETATED,,RIVER_CONNECTED;LATER_S1_NO_WATER_SIGNAL_VEGETATED,
2023-06-16,2620,2112,RIVER_CONNECTED,2023-06-06,1.561,32.7995,46.6355,484654.6,5164676.0,DNIPRO_CORRIDOR,1.0,ZONE_4_DAM_TO_KHERSON_FLOODWAY,river,594.03,,,,0.0,0.2094,0.2547,0.5279,0.001,0.0059,0.001,0.0055,0.17,0.0063,3.12,0.84,1.28,2.08,2.19,0.92,2.28,0.0,0.0,1.0,no_data,1.9,True,4.0,0.0,2023-06-18,2.0,1.0,0.0,0.256,1.0,0.0,LATER_S1_NO_WATER_SIGNAL_VEGETATED,,RIVER_CONNECTED;LATER_S1_NO_WATER_SIGNAL_VEGETATED,
2023-06-16,2688,1963,RIVER_CONNECTED,2023-06-06,0.835,32.4524,46.6414,458094.1,5165462.4,DNIPRO_CORRIDOR,1.0,ZONE_2_KHERSON_DELTA,river,594.03,,,,0.0,0.0776,0.0407,0.8683,0.0,0.012,0.0014,0.0001,0.0257,0.4301,13.14,0.57,0.92,1.27,1.35,0.43,1.61,0.0,0.0,1.0,Dnipro,7.0,True,4.0,0.0,2023-06-18,2.0,1.0,0.0,0.041,1.0,0.0,LATER_S1_NO_WATER_SIGNAL_VEGETATED,,RIVER_CONNECTED;LATER_S1_NO_WATER_SIGNAL_VEGETATED,
2023-06-16,2723,2011,RIVER_CONNECTED,2023-06-06,0.53,32.649,46.6366,473132.5,5164841.5,DNIPRO_CORRIDOR,1.0,ZONE_2_KHERSON_DELTA,river,594.03,,,,0.0,0.0038,0.0038,0.9879,0.0,0.0,0.0045,0.0014,0.1477,0.0002,0.57,0.68,0.83,1.09,1.81,0.98,1.89,0.0,0.0,1.0,no_data,0.5,True,4.0,0.0,2023-06-18,2.0,1.0,0.0,0.004,1.0,0.0,LATER_S1_NO_WATER_SIGNAL_VEGETATED,,RIVER_CONNECTED;LATER_S1_NO_WATER_SIGNAL_VEGETATED,
2023-06-16,2771,1717,RIVER_CONNECTED,2023-06-06,1.032,32.5485,46.6316,465436.2,5164322.0,DNIPRO_CORRIDOR,1.0,ZONE_2_KHERSON_DELTA,river,594.03,,,,0.0,0.0671,0.031,0.8527,0.0,0.0438,0.0054,0.0016,0.0939,0.0825,2.21,0.56,0.86,1.37,1.47,0.61,1.76,0.0,0.0,1.0,Dnipro,4.0,True,4.0,0.0,2023-06-18,2.0,1.0,0.0,0.031,1.0,0.0,LATER_S1_NO_WATER_SIGNAL_VEGETATED,,RIVER_CONNECTED;LATER_S1_NO_WATER_SIGNAL_VEGETATED,
2023-06-16,2848,2112,RIVER_CONNECTED,2023-06-06,0.284,32.7035,46.629,477301.1,5163976.8,DNIPRO_CORRIDOR,1.0,ZONE_4_DAM_TO_KHERSON_FLOODWAY,river,594.03,,,,0.0,0.1197,0.0127,0.8507,0.0,0.0127,0.0042,0.0,0.1379,0.0056,0.71,0.16,0.82,1.19,1.9,1.08,2.15,0.0,0.0,1.0,Dnipro,0.5,True,4.0,0.0,2023-06-18,2.0,1.0,0.0,0.013,1.0,0.0,LATER_S1_NO_WATER_SIGNAL_VEGETATED,,RIVER_CONNECTED;LATER_S1_NO_WATER_SIGNAL_VEGETATED,
2023-06-16,2861,2112,RIVER_CONNECTED,2023-06-06,7.212,32.6695,46.5934,474679.9,5160034.0,DNIPRO_CORRIDOR,1.0,ZONE_2_KHERSON_DELTA,river,594.03,,,,0.0003,0.0216,0.0762,0.8916,0.0,0.0018,0.0001,0.0002,0.0757,0.0422,0.69,0.57,0.88,1.55,1.81,0.9,2.33,0.0,0.0,1.0,Dnipro,3.4,True,4.0,0.0,2023-06-18,2.0,0.987,0.0,0.077,0.999,0.0,LATER_S1_NO_WATER_SIGNAL_VEGETATED,,RIVER_CONNECTED;LATER_S1_NO_WATER_SIGNAL_VEGETATED,
2023-06-16,2914,2220,RIVER_CONNECTED,2023-06-06,1.358,32.566,46.6082,466763.6,5161714.0,DNIPRO_CORRIDOR,1.0,ZONE_2_KHERSON_DELTA,river,594.03,,,,0.0,0.1473,0.0459,0.2642,0.0024,0.5193,0.0209,0.0013,0.1168,0.0006,0.29,0.36,1.12,1.54,1.57,0.45,2.18,0.0,0.0,1.0,Dnipro,1.0,True,4.0,0.0,2023-06-18,2.0,1.0,0.001,0.048,1.0,0.0,LATER_S1_NO_WATER_SIGNAL_VEGETATED,,RIVER_CONNECTED;LATER_S1_NO_WATER_SIGNAL_VEGETATED,
2023-06-16,3008,2285,RIVER_CONNECTED,2023-06-06,0.296,32.5474,46.6154,465344.6,5162525.3,DNIPRO_CORRIDOR,1.0,ZONE_2_KHERSON_DELTA,river,594.03,,,,0.0,0.2747,0.0,0.7104,0.0,0.0,0.0149,0.0023,0.0866,0.0043,0.26,0.51,0.75,1.37,1.47,0.71,1.77,0.0,0.0,1.0,Dnipro,2.2,True,4.0,0.0,2023-06-18,2.0,1.0,0.004,0.0,0.0,,LATER_S1_NO_WATER_SIGNAL_VEGETATED,,RIVER_CONNECTED;LATER_S1_NO_WATER_SIGNAL_VEGETATED,
2023-06-16,3072,2351,RIVER_CONNECTED,2023-06-06,0.455,32.4887,46.61,460845.5,5161947.8,DNIPRO_CORRIDOR,1.0,ZONE_2_KHERSON_DELTA,river,594.03,,,,0.0,0.0879,0.0,0.8998,0.0,0.0,0.0123,0.0001,0.0445,0.0676,0.21,0.54,0.76,1.09,1.37,0.61,1.2,0.0,0.0,1.0,Dnipro,2.6,True,4.0,0.0,2023-06-18,2.0,1.0,0.0,0.0,0.0,,LATER_S1_NO_WATER_SIGNAL_VEGETATED,,RIVER_CONNECTED;LATER_S1_NO_WATER_SIGNAL_VEGETATED,
2023-06-16,3121,2401,RIVER_CONNECTED,2023-06-06,0.366,32.6144,46.6088,470472.0,5161769.4,DNIPRO_CORRIDOR,1.0,ZONE_2_KHERSON_DELTA,river,594.03,,,,0.0022,0.4269,0.119,0.429,0.0,0.0066,0.0164,0.0001,0.1353,0.0,0.33,0.68,1.09,1.63,1.68,0.59,1.77,0.0,0.0,1.0,Dnipro,0.6,True,4.0,0.0,2023-06-18,2.0,1.0,0.001,0.121,1.0,0.0,LATER_S1_NO_WATER_SIGNAL_VEGETATED,,RIVER_CONNECTED;LATER_S1_NO_WATER_SIGNAL_VEGETATED,
2023-06-16,3299,2560,RIVER_CONNECTED,2023-06-06,0.363,32.4964,46.5953,461423.5,5160317.7,DNIPRO_CORRIDOR,1.0,ZONE_2_KHERSON_DELTA,river,594.03,,,,0.0,0.0,0.0,1.0,0.0,0.0,0.0,0.0001,0.0576,0.0215,0.19,0.55,0.63,0.83,1.17,0.59,0.82,0.0,0.0,1.0,Dnipro,0.9,True,4.0,0.0,2023-06-18,2.0,1.0,0.0,0.0,0.0,,LATER_S1_NO_WATER_SIGNAL_VEGETATED,,RIVER_CONNECTED;LATER_S1_NO_WATER_SIGNAL_VEGETATED,
2023-06-16,3465,2704,RIVER_CONNECTED,2023-06-06,0.793,32.5678,46.5816,466886.2,5158766.5,DNIPRO_CORRIDOR,1.0,ZONE_2_KHERSON_DELTA,river,594.03,,,,0.0,0.1074,0.0,0.8891,0.0,0.0035,0.0,0.0001,0.1324,0.0001,0.14,0.19,0.71,1.16,1.57,0.84,1.89,0.0,0.0,1.0,Dnipro,1.6,True,4.0,0.0,2023-06-18,2.0,1.0,0.0,0.0,0.0,,LATER_S1_NO_WATER_SIGNAL_VEGETATED,,RIVER_CONNECTED;LATER_S1_NO_WATER_SIGNAL_VEGETATED,
2023-06-16,3609,2112,RIVER_CONNECTED,2023-06-06,4.292,32.634,46.5627,471946.4,5156633.0,DNIPRO_CORRIDOR,1.0,ZONE_2_KHERSON_DELTA,river,594.03,,,,0.0002,0.2616,0.0769,0.604,0.0,0.0526,0.0048,0.0016,0.1514,0.0019,1.04,0.14,1.02,1.64,1.73,0.7,1.98,0.0,0.0,1.0,Dnipro,5.2,True,4.0,0.0,2023-06-18,2.0,1.0,0.015,0.077,1.0,0.024,LATER_S1_NO_WATER_SIGNAL_VEGETATED,,RIVER_CONNECTED;LATER_S1_NO_WATER_SIGNAL_VEGETATED,
2023-06-16,3897,3187,RIVER_CONNECTED,2023-06-06,0.418,32.5038,46.5522,461965.4,5155525.6,DNIPRO_CORRIDOR,1.0,ZONE_2_KHERSON_DELTA,river,594.03,,,,0.0,0.0621,0.1377,0.7533,0.0,0.0468,0.0,0.0005,0.0928,0.0,0.22,0.5,0.62,1.03,1.16,0.54,1.67,0.0,0.0,1.0,Dnipro,3.0,True,4.0,0.0,2023-06-18,2.0,1.0,0.032,0.138,1.0,0.16,LATER_S1_NO_WATER_SIGNAL_VEGETATED,,RIVER_CONNECTED;LATER_S1_NO_WATER_SIGNAL_VEGETATED,
2023-06-16,4083,2112,RIVER_CONNECTED,2023-06-06,1.104,32.5575,46.5386,466068.9,5153987.1,DNIPRO_CORRIDOR,1.0,ZONE_2_KHERSON_DELTA,river,594.03,,,,0.0,0.1739,0.1159,0.2301,0.0065,0.4688,0.0047,0.0062,0.1215,0.0144,0.53,0.25,0.97,1.45,1.47,0.47,1.76,0.0,0.0,1.0,Dnipro,6.2,True,4.0,0.0,2023-06-18,2.0,1.0,0.001,0.122,1.0,0.006,LATER_S1_NO_WATER_SIGNAL_VEGETATED,,RIVER_CONNECTED;LATER_S1_NO_WATER_SIGNAL_VEGETATED,
2023-06-16,4091,3284,RIVER_CONNECTED,2023-06-06,0.257,32.5366,46.5429,464469.0,5154474.5,DNIPRO_CORRIDOR,1.0,ZONE_2_KHERSON_DELTA,river,594.03,,,,0.0,0.0747,0.07,0.8149,0.0,0.0327,0.0078,0.0058,0.1254,0.0027,0.34,0.08,0.66,1.07,1.19,0.56,1.83,0.0,0.0,1.0,Dnipro,5.4,True,4.0,0.0,2023-06-18,2.0,1.0,0.0,0.07,1.0,0.0,LATER_S1_NO_WATER_SIGNAL_VEGETATED,,RIVER_CONNECTED;LATER_S1_NO_WATER_SIGNAL_VEGETATED,
2023-06-16,4156,2112,TRAPPED,2023-06-06,7.321,32.6253,46.5218,471262.4,5152095.1,DNIPRO_CORRIDOR,1.0,ZONE_2_KHERSON_DELTA,isolated,11.4,83.0,2.7916,0.25,0.0,0.272,0.0085,0.7064,0.0,0.0001,0.013,0.0024,0.2137,0.008,3.06,0.6,1.29,1.62,1.67,0.39,1.61,0.038,0.0,0.962,Dnipro,9.0,,,393.0,2023-06-18,2.0,1.0,0.099,0.009,1.0,0.231,LATER_S1_INCONCLUSIVE,RETAINED_UNCERTAIN,TRAPPED;LATER_S1_INCONCLUSIVE;RETAINED_UNCERTAIN,
2023-06-16,0,0,RIVER_CONNECTED,,26.583,,,,,specks < min_km2,,,,,,,,,,,,,,,,,,,,,,,,,,,,,,,,,,,,,,,,,,RIVER_CONNECTED;SPECKS_AGGREGATED,4145.0
2023-06-16,0,0,TRAPPED,,1.032,,,,,specks < min_km2,,,,,,,,,,,,,,,,,,,,,,,,,,,,,,,,,,,,,,,,,,TRAPPED;SPECKS_AGGREGATED,121.0
2023-06-17,1,1,RIVER_CONNECTED,2023-06-06,0.632,32.9839,47.1327,498781.4,5219907.4,INHULETS_VALLEY_rect,1.0,ZONE_4_DAM_TO_KHERSON_FLOODWAY,river,580.36,,,,0.0006,0.0291,0.0664,0.0209,0.0,0.0006,0.8824,0.0,0.0824,0.552,40.89,-0.08,0.57,2.44,2.66,2.04,3.15,0.0,1.0,0.0,Dnipro,39.9,True,1.0,0.0,2023-06-18,1.0,0.0,0.0,0.067,0.0,,S1_UNOBSERVED,,RIVER_CONNECTED;S1_UNOBSERVED;EROSION_1PX_DISCONNECTS,
2023-06-17,2,1,RIVER_CONNECTED,2023-06-06,0.304,32.9018,47.121,492554.4,5218616.7,INHULETS_VALLEY_rect,1.0,ZONE_4_DAM_TO_KHERSON_FLOODWAY,river,580.36,,,,0.025,0.1092,0.1658,0.6092,0.0,0.0026,0.0882,0.0,0.0397,0.5703,37.39,1.09,1.8,2.21,2.26,0.46,2.08,1.0,0.0,0.0,Inhulets,40.0,True,1.0,0.0,2023-06-18,1.0,0.0,0.0,0.191,0.0,,S1_UNOBSERVED,,RIVER_CONNECTED;S1_UNOBSERVED;WEAK_SURFACE;EROSION_1PX_DISCONNECTS,
2023-06-17,246,36,RIVER_CONNECTED,2023-06-06,1.627,32.8332,47.0689,487333.1,5212829.3,INHULETS_VALLEY_rect,1.0,ZONE_4_DAM_TO_KHERSON_FLOODWAY,river,580.36,,,,0.5742,0.0118,0.3936,0.0064,0.0,0.0,0.014,0.0001,0.1147,0.3755,31.81,1.44,1.87,2.2,2.26,0.39,1.35,1.0,0.0,0.0,Inhulets,33.2,True,3.0,0.0,2023-06-18,1.0,0.0,0.0,0.968,0.0,,S1_UNOBSERVED,,RIVER_CONNECTED;S1_UNOBSERVED;WEAK_SURFACE,
2023-06-17,292,63,RIVER_CONNECTED,2023-06-06,0.492,32.8303,47.0481,487108.5,5210521.3,INHULETS_VALLEY_rect,1.0,ZONE_4_DAM_TO_KHERSON_FLOODWAY,river,580.36,,,,0.5642,0.0024,0.3707,0.0512,0.0,0.0008,0.0106,0.0001,0.0727,0.3979,28.76,1.37,1.97,2.2,2.26,0.3,1.21,1.0,0.0,0.0,Inhulets,31.0,True,3.0,0.0,2023-06-18,1.0,0.0,0.0,0.935,0.0,,S1_UNOBSERVED,,RIVER_CONNECTED;S1_UNOBSERVED;WEAK_SURFACE,
2023-06-17,302,36,RIVER_CONNECTED,2023-06-06,0.547,32.8384,47.0394,487720.1,5209551.3,INHULETS_VALLEY_rect,1.0,ZONE_4_DAM_TO_KHERSON_FLOODWAY,river,580.36,,,,0.6064,0.0,0.3424,0.0402,0.0,0.0,0.011,0.0,0.077,0.4358,27.09,1.23,1.81,2.21,2.26,0.45,1.21,1.0,0.0,0.0,Inhulets,30.1,True,3.0,0.0,2023-06-18,1.0,0.0,0.0,0.949,0.0,,S1_UNOBSERVED,,RIVER_CONNECTED;S1_UNOBSERVED;WEAK_SURFACE,
2023-06-17,315,81,RIVER_CONNECTED,2023-06-06,0.812,32.8445,47.0276,488184.4,5208240.7,INHULETS_VALLEY_rect,1.0,ZONE_4_DAM_TO_KHERSON_FLOODWAY,river,580.36,,,,0.003,0.0084,0.6645,0.2251,0.0,0.0,0.099,0.0,0.0616,0.4891,28.66,1.14,1.55,2.08,2.26,0.71,1.48,1.0,0.0,0.0,Inhulets,28.9,True,3.0,0.0,2023-06-18,1.0,0.911,0.279,0.667,0.877,0.262,LATER_S1_WATER,,RIVER_CONNECTED;LATER_S1_WATER;WEAK_SURFACE,
2023-06-17,342,97,RIVER_CONNECTED,2023-06-06,1.098,32.8289,47.0162,486995.2,5206980.8,INHULETS_VALLEY_rect,1.0,ZONE_4_DAM_TO_KHERSON_FLOODWAY,river,580.36,,,,0.8001,0.0,0.1883,0.0033,0.0,0.0,0.0084,0.0001,0.0585,0.3371,22.67,1.19,1.67,2.21,2.26,0.6,1.26,1.0,0.0,0.0,Inhulets,27.6,True,3.0,0.0,2023-06-18,1.0,1.0,0.327,0.988,1.0,0.325,LATER_S1_WATER,,RIVER_CONNECTED;LATER_S1_WATER;WEAK_SURFACE,
2023-06-17,370,115,RIVER_CONNECTED,2023-06-06,0.561,32.8257,47.0055,486746.8,5205787.8,INHULETS_VALLEY_rect,1.0,ZONE_4_DAM_TO_KHERSON_FLOODWAY,river,580.36,,,,0.6576,0.0,0.2767,0.0421,0.0,0.0029,0.0207,0.0001,0.0701,0.3848,29.81,1.1,1.37,2.02,2.26,0.89,1.59,1.0,0.0,0.0,Inhulets,26.3,True,3.0,0.0,2023-06-18,1.0,1.0,0.386,0.934,1.0,0.401,LATER_S1_WATER,,RIVER_CONNECTED;LATER_S1_WATER;WEAK_SURFACE,
2023-06-17,373,119,RIVER_CONNECTED,2023-06-06,1.397,32.8052,47.0003,485188.2,5205212.5,INHULETS_VALLEY_rect,1.0,ZONE_4_DAM_TO_KHERSON_FLOODWAY,river,580.36,,,,0.1466,0.0074,0.8359,0.0017,0.0,0.0009,0.0074,0.0,0.062,0.4764,38.74,1.08,1.31,2.01,2.26,0.95,1.92,1.0,0.0,0.0,Inhulets,25.5,True,3.0,0.0,2023-06-18,1.0,1.0,0.401,0.983,1.0,0.406,LATER_S1_WATER,,RIVER_CONNECTED;LATER_S1_WATER;WEAK_SURFACE,
2023-06-17,404,158,RIVER_CONNECTED,2023-06-06,1.082,32.8233,46.985,486563.5,5203511.2,INHULETS_VALLEY_rect,1.0,ZONE_4_DAM_TO_KHERSON_FLOODWAY,river,580.36,,,,0.4205,0.0,0.5725,0.0015,0.0,0.0,0.0055,0.0001,0.0495,0.5325,37.21,1.05,1.44,2.01,2.26,0.82,1.75,1.0,0.0,0.0,Inhulets,23.9,True,3.0,0.0,2023-06-18,1.0,1.0,0.393,0.993,1.0,0.393,LATER_S1_WATER,,RIVER_CONNECTED;LATER_S1_WATER;WEAK_SURFACE,
2023-06-17,419,171,RIVER_CONNECTED,2023-06-06,0.402,32.8116,46.9724,485669.9,5202119.5,INHULETS_VALLEY_rect,1.0,ZONE_4_DAM_TO_KHERSON_FLOODWAY,river,580.36,,,,0.006,0.2189,0.5443,0.1672,0.0,0.0,0.0637,0.0,0.0364,0.5364,33.5,1.07,1.63,2.18,2.26,0.63,2.13,1.0,0.0,0.0,Inhulets,22.4,True,4.0,0.0,2023-06-18,1.0,1.0,0.071,0.55,1.0,0.089,LATER_S1_INCONCLUSIVE,,RIVER_CONNECTED;LATER_S1_INCONCLUSIVE;WEAK_SURFACE,
2023-06-17,433,193,RIVER_CONNECTED,2023-06-06,1.267,32.8145,46.9545,485885.5,5200125.7,INHULETS_VALLEY_rect,1.0,ZONE_4_DAM_TO_KHERSON_FLOODWAY,river,580.36,,,,0.0101,0.0123,0.6398,0.3267,0.0,0.0,0.011,0.0,0.0446,0.4974,31.56,0.76,1.37,2.01,2.26,0.9,2.06,1.0,0.0,0.0,Inhulets,20.5,True,4.0,0.0,2023-06-18,1.0,1.0,0.439,0.65,1.0,0.335,LATER_S1_WATER,,RIVER_CONNECTED;LATER_S1_WATER;WEAK_SURFACE,
2023-06-17,456,215,RIVER_CONNECTED,2023-06-06,0.575,32.7941,46.944,484329.5,5198958.1,INHULETS_VALLEY_rect,1.0,ZONE_4_DAM_TO_KHERSON_FLOODWAY,river,580.36,,,,0.0056,0.0035,0.9805,0.0021,0.0,0.0007,0.0076,0.0001,0.0414,0.4707,31.31,1.08,1.45,1.95,2.26,0.81,1.36,1.0,0.0,0.0,Inhulets,19.3,True,4.0,0.0,2023-06-18,1.0,1.0,0.223,0.986,1.0,0.218,LATER_S1_WATER,,RIVER_CONNECTED;LATER_S1_WATER;WEAK_SURFACE,
2023-06-17,490,238,RIVER_CONNECTED,2023-06-06,0.255,32.8183,46.9373,486173.0,5198209.2,INHULETS_VALLEY_rect,1.0,ZONE_4_DAM_TO_KHERSON_FLOODWAY,river,580.36,,,,0.3009,0.0063,0.3056,0.3856,0.0,0.0,0.0016,0.0001,0.0762,0.3852,26.6,1.08,1.37,2.13,2.26,0.9,1.25,1.0,0.0,0.0,Inhulets,18.8,True,4.0,0.0,2023-06-18,1.0,1.0,0.248,0.607,1.0,0.388,LATER_S1_WATER,,RIVER_CONNECTED;LATER_S1_WATER;WEAK_SURFACE,
2023-06-17,507,238,RIVER_CONNECTED,2023-06-06,0.316,32.8393,46.9199,487767.2,5196278.1,INHULETS_VALLEY_rect,1.0,ZONE_4_DAM_TO_KHERSON_FLOODWAY,river,580.36,,,,0.641,0.0215,0.2149,0.1226,0.0,0.0,0.0,0.0002,0.0631,0.5106,31.57,1.07,1.26,1.99,2.26,1.0,1.51,1.0,0.0,0.0,Inhulets,17.3,True,4.0,0.0,2023-06-18,1.0,1.0,0.377,0.856,1.0,0.427,LATER_S1_WATER,,RIVER_CONNECTED;LATER_S1_WATER;WEAK_SURFACE,
2023-06-17,530,261,RIVER_CONNECTED,2023-06-06,0.271,32.812,46.9077,485681.6,5194922.1,INHULETS_VALLEY_rect,1.0,ZONE_4_DAM_TO_KHERSON_FLOODWAY,river,580.36,,,,0.0532,0.0044,0.8523,0.0812,0.0,0.0,0.0089,0.0002,0.0628,0.5077,33.23,1.08,1.34,2.08,2.26,0.92,1.68,1.0,0.0,0.0,Inhulets,15.5,True,4.0,0.0,2023-06-18,1.0,1.0,0.273,0.905,1.0,0.299,LATER_S1_WATER,,RIVER_CONNECTED;LATER_S1_WATER;WEAK_SURFACE,
2023-06-17,648,360,RIVER_CONNECTED,2023-06-06,0.344,33.217,46.8159,516550.9,5184731.0,DNIPRO_CORRIDOR,1.0,ZONE_4_DAM_TO_KHERSON_FLOODWAY,river,580.36,,,,0.0,0.1267,0.0802,0.7593,0.0,0.0,0.0337,0.0,0.0511,0.5106,35.91,1.61,2.12,2.61,2.74,0.63,1.93,0.0,0.0,1.0,Kokan',4.5,True,4.0,0.0,2023-06-18,1.0,0.0,0.0,0.08,0.0,,S1_UNOBSERVED,,RIVER_CONNECTED;S1_UNOBSERVED,
2023-06-17,1055,606,RIVER_CONNECTED,2023-06-06,0.498,33.1447,46.7765,511049.1,5180338.0,DNIPRO_CORRIDOR,1.0,ZONE_4_DAM_TO_KHERSON_FLOODWAY,river,580.36,,,,0.0,0.0113,0.7002,0.287,0.0,0.0008,0.0008,0.0001,0.1158,0.1559,1.63,1.45,1.81,2.49,2.61,0.8,1.98,0.0,0.0,1.0,Dnipro,0.7,True,4.0,0.0,2023-06-18,1.0,0.0,0.0,0.7,0.0,,S1_UNOBSERVED,,RIVER_CONNECTED;S1_UNOBSERVED,
2023-06-17,1084,436,RIVER_CONNECTED,2023-06-06,0.304,33.3115,46.7777,523780.5,5180512.3,DNIPRO_CORRIDOR,1.0,ZONE_4_DAM_TO_KHERSON_FLOODWAY,river,580.36,,,,0.0,0.5243,0.2076,0.2668,0.0,0.0,0.0013,0.0005,0.3753,0.059,1.05,1.85,2.53,3.09,3.14,0.6,2.12,0.0,0.0,1.0,Kokan',1.6,True,4.0,0.0,2023-06-18,1.0,0.0,0.0,0.208,0.0,,S1_UNOBSERVED,,RIVER_CONNECTED;S1_UNOBSERVED,
2023-06-17,1482,2112,RIVER_CONNECTED,2023-06-06,0.402,33.2395,46.7583,518286.7,5178338.1,DNIPRO_CORRIDOR,1.0,ZONE_4_DAM_TO_KHERSON_FLOODWAY,river,580.36,,,,0.0,0.1355,0.7251,0.1315,0.0,0.003,0.005,0.0,0.2684,0.2037,2.37,1.44,2.27,2.81,2.85,0.6,2.13,0.0,0.0,1.0,Kokan',1.7,True,4.0,0.0,2023-06-18,1.0,0.0,0.0,0.725,0.0,,S1_UNOBSERVED,,RIVER_CONNECTED;S1_UNOBSERVED,
2023-06-17,1739,913,RIVER_CONNECTED,2023-06-06,0.3,32.981,46.7469,498548.1,5177043.3,DNIPRO_CORRIDOR,1.0,ZONE_4_DAM_TO_KHERSON_FLOODWAY,river,580.36,,,,0.0,0.2884,0.6662,0.0454,0.0,0.0,0.0,0.0001,0.1996,0.3138,10.69,0.7,1.46,2.15,2.34,0.87,2.39,0.0,0.0,1.0,Dnipro,0.8,True,4.0,0.0,2023-06-18,1.0,0.0,0.0,0.666,0.0,,S1_UNOBSERVED,,RIVER_CONNECTED;S1_UNOBSERVED,
2023-06-17,1764,913,RIVER_CONNECTED,2023-06-06,0.346,32.9523,46.7456,496353.9,5176899.6,DNIPRO_CORRIDOR,1.0,ZONE_4_DAM_TO_KHERSON_FLOODWAY,river,580.36,,,,0.0,0.9446,0.0023,0.0323,0.0,0.0,0.0208,0.0,0.2553,0.2614,1.67,1.11,1.58,2.19,2.28,0.72,2.86,0.0,0.0,1.0,Dnipro,0.9,True,4.0,0.0,2023-06-18,1.0,0.0,0.0,0.002,0.0,,S1_UNOBSERVED,,RIVER_CONNECTED;S1_UNOBSERVED,
2023-06-17,2794,1722,RIVER_CONNECTED,2023-06-06,0.72,32.6917,46.6691,476417.5,5168441.9,DNIPRO_CORRIDOR,1.0,ZONE_4_DAM_TO_KHERSON_FLOODWAY,river,580.36,,,,0.0006,0.0706,0.1434,0.682,0.0117,0.0678,0.0056,0.0021,0.1477,0.0938,9.12,0.68,0.92,1.49,1.6,0.67,2.12,0.0,0.0,1.0,no_data,0.7,True,4.0,0.0,2023-06-18,1.0,0.963,0.001,0.156,1.0,0.004,LATER_S1_NO_WATER_SIGNAL_VEGETATED,,RIVER_CONNECTED;LATER_S1_NO_WATER_SIGNAL_VEGETATED,
2023-06-17,3113,1963,RIVER_CONNECTED,2023-06-06,0.652,32.4529,46.6414,458130.6,5165462.1,DNIPRO_CORRIDOR,1.0,ZONE_2_KHERSON_DELTA,river,580.36,,,,0.0,0.0668,0.0196,0.9093,0.0,0.0043,0.0,0.0002,0.0268,0.4319,13.93,0.56,0.88,1.06,1.08,0.2,1.33,0.0,0.0,1.0,Dnipro,6.9,True,4.0,0.0,2023-06-18,1.0,1.0,0.0,0.02,1.0,0.0,LATER_S1_NO_WATER_SIGNAL_VEGETATED,,RIVER_CONNECTED;LATER_S1_NO_WATER_SIGNAL_VEGETATED,
2023-06-17,3120,2112,RIVER_CONNECTED,2023-06-06,1.024,32.7941,46.6332,484238.2,5164424.9,DNIPRO_CORRIDOR,1.0,ZONE_4_DAM_TO_KHERSON_FLOODWAY,river,580.36,,,,0.0,0.2356,0.1844,0.5795,0.0,0.0004,0.0,0.0063,0.1645,0.0012,2.67,0.67,1.17,1.73,1.8,0.63,1.86,0.0,0.0,1.0,no_data,1.8,True,4.0,0.0,2023-06-18,1.0,1.0,0.0,0.184,1.0,0.0,LATER_S1_NO_WATER_SIGNAL_VEGETATED,,RIVER_CONNECTED;LATER_S1_NO_WATER_SIGNAL_VEGETATED,
2023-06-17,3152,2011,RIVER_CONNECTED,2023-06-06,0.526,32.649,46.6366,473134.7,5164840.7,DNIPRO_CORRIDOR,1.0,ZONE_2_KHERSON_DELTA,river,580.36,,,,0.0,0.0038,0.0,0.9916,0.0,0.0,0.0046,0.0014,0.1477,0.0002,0.57,0.68,0.82,1.06,1.44,0.62,1.53,0.0,0.0,1.0,no_data,0.6,True,4.0,0.0,2023-06-18,1.0,1.0,0.0,0.0,0.0,,LATER_S1_NO_WATER_SIGNAL_VEGETATED,,RIVER_CONNECTED;LATER_S1_NO_WATER_SIGNAL_VEGETATED,
2023-06-17,3221,1717,RIVER_CONNECTED,2023-06-06,0.778,32.5475,46.6313,465360.1,5164288.5,DNIPRO_CORRIDOR,1.0,ZONE_2_KHERSON_DELTA,river,580.36,,,,0.0,0.0684,0.0113,0.9177,0.0,0.0021,0.0005,0.0016,0.0921,0.083,2.09,0.55,0.82,1.08,1.16,0.33,1.49,0.0,0.0,1.0,Dnipro,3.9,True,4.0,0.0,2023-06-18,1.0,1.0,0.0,0.011,1.0,0.0,LATER_S1_NO_WATER_SIGNAL_VEGETATED,,RIVER_CONNECTED;LATER_S1_NO_WATER_SIGNAL_VEGETATED,
2023-06-17,3300,2112,RIVER_CONNECTED,2023-06-06,0.275,32.7035,46.6291,477303.7,5163987.8,DNIPRO_CORRIDOR,1.0,ZONE_4_DAM_TO_KHERSON_FLOODWAY,river,580.36,,,,0.0,0.1004,0.0116,0.8792,0.0,0.0044,0.0044,0.0,0.139,0.0046,0.7,0.16,0.82,1.1,1.5,0.68,1.75,0.0,0.0,1.0,Dnipro,0.5,True,4.0,0.0,2023-06-18,1.0,1.0,0.0,0.012,1.0,0.0,LATER_S1_NO_WATER_SIGNAL_VEGETATED,,RIVER_CONNECTED;LATER_S1_NO_WATER_SIGNAL_VEGETATED,
2023-06-17,3314,2112,RIVER_CONNECTED,2023-06-06,6.57,32.6693,46.5936,474669.0,5160056.4,DNIPRO_CORRIDOR,1.0,ZONE_2_KHERSON_DELTA,river,580.36,,,,0.0,0.0193,0.0338,0.9392,0.0,0.0007,0.0001,0.0002,0.0723,0.0418,0.68,0.56,0.86,1.33,1.44,0.57,1.97,0.0,0.0,1.0,Dnipro,3.4,True,4.0,0.0,2023-06-18,1.0,0.988,0.0,0.034,1.0,0.0,LATER_S1_NO_WATER_SIGNAL_VEGETATED,,RIVER_CONNECTED;LATER_S1_NO_WATER_SIGNAL_VEGETATED,
2023-06-17,3392,2220,RIVER_CONNECTED,2023-06-06,0.38,32.5726,46.6166,467275.9,5162649.9,DNIPRO_CORRIDOR,1.0,ZONE_2_KHERSON_DELTA,river,580.36,,,,0.0,0.2618,0.0242,0.4353,0.0032,0.2671,0.0084,0.002,0.1265,0.0007,0.88,0.3,0.93,1.33,1.39,0.4,1.56,0.0,0.0,1.0,Dnipro,2.3,True,4.0,0.0,2023-06-18,1.0,1.0,0.0,0.027,1.0,0.0,LATER_S1_NO_WATER_SIGNAL_VEGETATED,,RIVER_CONNECTED;LATER_S1_NO_WATER_SIGNAL_VEGETATED,
2023-06-17,3569,2351,RIVER_CONNECTED,2023-06-06,0.335,32.4913,46.6119,461046.4,5162164.0,DNIPRO_CORRIDOR,1.0,ZONE_2_KHERSON_DELTA,river,580.36,,,,0.0,0.0108,0.0,0.9809,0.0,0.0,0.0084,0.0001,0.0456,0.0481,0.2,0.56,0.74,0.93,1.09,0.34,0.55,0.0,0.0,1.0,Dnipro,2.6,True,4.0,0.0,2023-06-18,1.0,1.0,0.0,0.0,0.0,,LATER_S1_NO_WATER_SIGNAL_VEGETATED,,RIVER_CONNECTED;LATER_S1_NO_WATER_SIGNAL_VEGETATED,
2023-06-17,3747,2220,RIVER_CONNECTED,2023-06-06,0.256,32.5514,46.6028,465639.5,5161122.9,DNIPRO_CORRIDOR,1.0,ZONE_2_KHERSON_DELTA,river,580.36,,,,0.0,0.1875,0.0422,0.5359,0.0031,0.1906,0.0406,0.0005,0.093,0.0002,0.13,0.17,0.91,1.14,1.16,0.25,1.6,0.0,0.0,1.0,Dnipro,0.7,True,4.0,0.0,2023-06-18,1.0,1.0,0.002,0.045,1.0,0.0,LATER_S1_NO_WATER_SIGNAL_VEGETATED,,RIVER_CONNECTED;LATER_S1_NO_WATER_SIGNAL_VEGETATED,
2023-06-17,3841,2560,RIVER_CONNECTED,2023-06-06,0.363,32.4964,46.5953,461423.5,5160317.7,DNIPRO_CORRIDOR,1.0,ZONE_2_KHERSON_DELTA,river,580.36,,,,0.0,0.0,0.0,1.0,0.0,0.0,0.0,0.0001,0.0576,0.0215,0.19,0.55,0.63,0.83,1.04,0.4,0.51,0.0,0.0,1.0,Dnipro,0.9,True,4.0,0.0,2023-06-18,1.0,1.0,0.0,0.0,0.0,,LATER_S1_NO_WATER_SIGNAL_VEGETATED,,RIVER_CONNECTED;LATER_S1_NO_WATER_SIGNAL_VEGETATED,
2023-06-17,4017,2704,RIVER_CONNECTED,2023-06-06,0.772,32.5678,46.5816,466885.5,5158756.3,DNIPRO_CORRIDOR,1.0,ZONE_2_KHERSON_DELTA,river,580.36,,,,0.0,0.1104,0.0,0.8896,0.0,0.0,0.0,0.0001,0.1316,0.0001,0.14,0.18,0.71,1.11,1.26,0.53,1.56,0.0,0.0,1.0,Dnipro,1.6,True,4.0,0.0,2023-06-18,1.0,1.0,0.0,0.0,0.0,,LATER_S1_NO_WATER_SIGNAL_VEGETATED,,RIVER_CONNECTED;LATER_S1_NO_WATER_SIGNAL_VEGETATED,
2023-06-17,4162,2112,RIVER_CONNECTED,2023-06-06,2.489,32.632,46.5647,471795.3,5156855.5,DNIPRO_CORRIDOR,1.0,ZONE_2_KHERSON_DELTA,river,580.36,,,,0.0,0.2438,0.0347,0.6819,0.0,0.0336,0.0059,0.0015,0.1464,0.0011,0.86,0.03,0.87,1.32,1.41,0.53,1.67,0.0,0.0,1.0,Dnipro,5.0,True,4.0,0.0,2023-06-18,1.0,1.0,0.015,0.035,1.0,0.0,LATER_S1_NO_WATER_SIGNAL_VEGETATED,,RIVER_CONNECTED;LATER_S1_NO_WATER_SIGNAL_VEGETATED,
2023-06-17,4294,2112,RIVER_CONNECTED,2023-06-06,0.256,32.6546,46.5643,473529.3,5156802.2,DNIPRO_CORRIDOR,1.0,ZONE_2_KHERSON_DELTA,river,580.36,,,,0.0,0.2375,0.1156,0.6391,0.0,0.0,0.0078,0.0001,0.1376,0.0015,1.59,0.19,0.94,1.36,1.39,0.45,1.39,0.0,0.0,1.0,Dnipro,5.9,True,4.0,0.0,2023-06-18,1.0,1.0,0.0,0.116,1.0,0.0,LATER_S1_NO_WATER_SIGNAL_VEGETATED,,RIVER_CONNECTED;LATER_S1_NO_WATER_SIGNAL_VEGETATED,
2023-06-17,4543,3187,RIVER_CONNECTED,2023-06-06,0.263,32.5032,46.5513,461914.0,5155420.8,DNIPRO_CORRIDOR,1.0,ZONE_2_KHERSON_DELTA,river,580.36,,,,0.0,0.0517,0.0,0.9483,0.0,0.0,0.0,0.0006,0.0981,0.0,0.22,-0.23,0.58,0.75,0.87,0.29,1.26,0.0,0.0,1.0,Dnipro,3.0,True,4.0,0.0,2023-06-18,1.0,1.0,0.0,0.0,0.0,,LATER_S1_NO_WATER_SIGNAL_VEGETATED,,RIVER_CONNECTED;LATER_S1_NO_WATER_SIGNAL_VEGETATED,
2023-06-17,4714,2112,RIVER_CONNECTED,2023-06-06,0.256,32.5604,46.5372,466292.8,5153832.9,DNIPRO_CORRIDOR,1.0,ZONE_2_KHERSON_DELTA,river,580.36,,,,0.0,0.3944,0.1174,0.3302,0.0,0.1581,0.0,0.0083,0.1142,0.0185,0.62,0.2,0.75,1.11,1.15,0.4,1.4,0.0,0.0,1.0,Dnipro,6.5,True,4.0,0.0,2023-06-18,1.0,1.0,0.0,0.117,1.0,0.0,LATER_S1_NO_WATER_SIGNAL_VEGETATED,,RIVER_CONNECTED;LATER_S1_NO_WATER_SIGNAL_VEGETATED,
2023-06-17,4735,2112,RIVER_CONNECTED,2023-06-06,0.375,32.5496,46.5371,465464.2,5153825.3,DNIPRO_CORRIDOR,1.0,ZONE_2_KHERSON_DELTA,river,580.36,,,,0.0,0.033,0.1567,0.2665,0.0192,0.5203,0.0043,0.0054,0.1292,0.0197,0.62,0.53,0.85,1.05,1.12,0.27,1.45,0.0,0.0,1.0,Dnipro,6.2,True,4.0,0.0,2023-06-18,1.0,1.0,0.001,0.176,1.0,0.006,LATER_S1_NO_WATER_SIGNAL_VEGETATED,,RIVER_CONNECTED;LATER_S1_NO_WATER_SIGNAL_VEGETATED,
2023-06-17,4814,2112,TRAPPED,2023-06-06,1.93,32.6404,46.5242,472419.3,5152355.4,DNIPRO_CORRIDOR,1.0,ZONE_2_KHERSON_DELTA,isolated,3.59,26.0,0.152,-0.06,0.0,0.2226,0.0,0.7772,0.0,0.0,0.0002,0.002,0.3107,0.0094,2.62,0.39,1.19,1.34,1.35,0.17,1.29,0.005,0.0,0.995,Dnipro,9.1,,,1755.0,2023-06-18,1.0,1.0,0.21,0.0,0.0,,LATER_S1_WATER,RETAINED_UNCERTAIN,TRAPPED;LATER_S1_WATER;RETAINED_UNCERTAIN,
2023-06-17,4913,2112,TRAPPED,2023-06-06,0.698,32.6342,46.5165,471943.4,5151503.2,DNIPRO_CORRIDOR,1.0,ZONE_2_KHERSON_DELTA,isolated,3.59,26.0,0.152,-0.06,0.0,0.4378,0.0011,0.561,0.0,0.0,0.0,0.0018,0.29,0.0029,2.71,0.43,1.08,1.32,1.35,0.27,1.12,0.157,0.0,0.843,Dnipro,9.7,,,2593.0,2023-06-18,1.0,1.0,0.093,0.001,1.0,1.0,LATER_S1_INCONCLUSIVE,RETAINED_UNCERTAIN,TRAPPED;LATER_S1_INCONCLUSIVE;RETAINED_UNCERTAIN,
2023-06-17,0,0,RIVER_CONNECTED,,26.743,,,,,specks < min_km2,,,,,,,,,,,,,,,,,,,,,,,,,,,,,,,,,,,,,,,,,,RIVER_CONNECTED;SPECKS_AGGREGATED,4752.0
2023-06-17,0,0,TRAPPED,,1.784,,,,,specks < min_km2,,,,,,,,,,,,,,,,,,,,,,,,,,,,,,,,,,,,,,,,,,TRAPPED;SPECKS_AGGREGATED,233.0
2023-06-18,1,1,RIVER_CONNECTED,2023-06-06,0.567,32.9839,47.1325,498778.0,5219892.8,INHULETS_VALLEY_rect,1.0,ZONE_4_DAM_TO_KHERSON_FLOODWAY,river,566.22,,,,0.0,0.0198,0.0459,0.0212,0.0,0.0007,0.9125,0.0,0.0826,0.5514,40.84,-0.08,0.43,1.99,2.22,1.79,2.72,0.0,1.0,0.0,Dnipro,39.9,False,1.0,0.0,2023-06-18,0.0,0.0,0.0,0.046,0.0,,S1_UNOBSERVED,,RIVER_CONNECTED;S1_UNOBSERVED;EROSION_1PX_DISCONNECTS,
2023-06-18,268,36,RIVER_CONNECTED,2023-06-06,0.625,32.8362,47.0631,487559.8,5212194.5,INHULETS_VALLEY_rect,1.0,ZONE_4_DAM_TO_KHERSON_FLOODWAY,river,566.22,,,,0.2015,0.0,0.7582,0.007,0.0,0.0,0.0333,0.0001,0.1153,0.3687,29.71,1.35,1.59,1.79,1.81,0.22,0.75,1.0,0.0,0.0,Inhulets,32.7,True,2.0,0.0,2023-06-18,0.0,0.0,0.0,0.96,0.0,,S1_UNOBSERVED,,RIVER_CONNECTED;S1_UNOBSERVED;WEAK_SURFACE,
2023-06-18,342,36,RIVER_CONNECTED,2023-06-06,0.27,32.8369,47.0392,487609.4,5209533.7,INHULETS_VALLEY_rect,1.0,ZONE_4_DAM_TO_KHERSON_FLOODWAY,river,566.22,,,,0.4519,0.0,0.4533,0.0741,0.0,0.0,0.0207,0.0,0.0769,0.4325,26.25,1.13,1.6,1.79,1.81,0.21,0.76,1.0,0.0,0.0,Inhulets,30.1,True,2.0,0.0,2023-06-18,0.0,0.0,0.0,0.905,0.0,,S1_UNOBSERVED,,RIVER_CONNECTED;S1_UNOBSERVED;WEAK_SURFACE,
2023-06-18,356,81,RIVER_CONNECTED,2023-06-06,0.63,32.8448,47.0269,488206.6,5208160.0,INHULETS_VALLEY_rect,1.0,ZONE_4_DAM_TO_KHERSON_FLOODWAY,river,566.22,,,,0.0,0.0038,0.6622,0.2521,0.0,0.0,0.0819,0.0,0.0579,0.4854,28.49,1.13,1.47,1.75,1.81,0.34,1.03,1.0,0.0,0.0,Inhulets,28.9,True,2.0,0.0,2023-06-18,0.0,0.949,0.322,0.662,0.93,0.293,S1_WATER,,RIVER_CONNECTED;S1_WATER;WEAK_SURFACE,
2023-06-18,385,97,RIVER_CONNECTED,2023-06-06,0.676,32.8302,47.0146,487097.2,5206801.9,INHULETS_VALLEY_rect,1.0,ZONE_4_DAM_TO_KHERSON_FLOODWAY,river,566.22,,,,0.703,0.0,0.2864,0.0041,0.0,0.0,0.0065,0.0001,0.0568,0.3472,22.03,1.17,1.53,1.76,1.81,0.28,0.81,1.0,0.0,0.0,Inhulets,27.4,True,2.0,0.0,2023-06-18,0.0,1.0,0.528,0.989,1.0,0.528,S1_WATER,,RIVER_CONNECTED;S1_WATER;WEAK_SURFACE,
2023-06-18,402,119,RIVER_CONNECTED,2023-06-06,1.229,32.8056,47.0,485219.3,5205179.0,INHULETS_VALLEY_rect,1.0,ZONE_4_DAM_TO_KHERSON_FLOODWAY,river,566.22,,,,0.1058,0.0036,0.8802,0.002,0.0,0.0,0.0085,0.0,0.0619,0.4763,38.57,1.08,1.28,1.71,1.81,0.53,1.47,1.0,0.0,0.0,Inhulets,25.4,True,2.0,0.0,2023-06-18,0.0,1.0,0.448,0.986,1.0,0.452,S1_WATER,,RIVER_CONNECTED;S1_WATER;WEAK_SURFACE,
2023-06-18,404,115,RIVER_CONNECTED,2023-06-06,0.285,32.8339,47.0048,487372.3,5205711.5,INHULETS_VALLEY_rect,1.0,ZONE_4_DAM_TO_KHERSON_FLOODWAY,river,566.22,,,,0.7556,0.0,0.1404,0.0604,0.0,0.0056,0.0379,0.0001,0.0533,0.3582,19.66,1.09,1.4,1.79,1.81,0.41,1.13,1.0,0.0,0.0,Inhulets,26.3,True,2.0,0.0,2023-06-18,0.0,1.0,0.327,0.896,1.0,0.34,S1_WATER,,RIVER_CONNECTED;S1_WATER;WEAK_SURFACE,
2023-06-18,434,158,RIVER_CONNECTED,2023-06-06,0.943,32.8227,46.9845,486517.0,5203461.2,INHULETS_VALLEY_rect,1.0,ZONE_4_DAM_TO_KHERSON_FLOODWAY,river,566.22,,,,0.4092,0.0,0.584,0.0017,0.0,0.0,0.0051,0.0001,0.0491,0.5344,37.2,1.02,1.41,1.74,1.81,0.4,1.3,1.0,0.0,0.0,Inhulets,23.9,True,2.0,0.0,2023-06-18,0.0,1.0,0.445,0.993,1.0,0.445,S1_WATER,,RIVER_CONNECTED;S1_WATER;WEAK_SURFACE,
2023-06-18,476,193,RIVER_CONNECTED,2023-06-06,1.084,32.8135,46.9542,485808.7,5200087.8,INHULETS_VALLEY_rect,1.0,ZONE_4_DAM_TO_KHERSON_FLOODWAY,river,566.22,,,,0.0074,0.0144,0.5939,0.375,0.0,0.0,0.0092,0.0,0.0445,0.4953,31.39,0.74,1.3,1.75,1.81,0.51,1.61,1.0,0.0,0.0,Inhulets,20.4,True,4.0,0.0,2023-06-18,0.0,1.0,0.509,0.601,1.0,0.417,S1_WATER,,RIVER_CONNECTED;S1_WATER;WEAK_SURFACE,
2023-06-18,504,215,RIVER_CONNECTED,2023-06-06,0.518,32.7935,46.9437,484284.0,5198924.2,INHULETS_VALLEY_rect,1.0,ZONE_4_DAM_TO_KHERSON_FLOODWAY,river,566.22,,,,0.0046,0.0,0.99,0.0023,0.0,0.0,0.0031,0.0001,0.0391,0.4711,31.67,1.08,1.42,1.73,1.81,0.39,0.91,1.0,0.0,0.0,Inhulets,19.3,True,4.0,0.0,2023-06-18,0.0,1.0,0.242,0.995,1.0,0.238,S1_WATER,,RIVER_CONNECTED;S1_WATER;WEAK_SURFACE,
2023-06-18,577,238,RIVER_CONNECTED,2023-06-06,0.252,32.8416,46.9203,487940.5,5196315.0,INHULETS_VALLEY_rect,1.0,ZONE_4_DAM_TO_KHERSON_FLOODWAY,river,566.22,,,,0.7714,0.0048,0.0841,0.1397,0.0,0.0,0.0,0.0002,0.0678,0.4701,29.68,1.06,1.23,1.56,1.81,0.58,1.05,1.0,0.0,0.0,Inhulets,17.3,True,4.0,0.0,2023-06-18,0.0,1.0,0.47,0.856,1.0,0.532,S1_WATER,,RIVER_CONNECTED;S1_WATER;WEAK_SURFACE,
2023-06-18,743,360,RIVER_CONNECTED,2023-06-06,0.25,33.2172,46.8145,516571.8,5184568.0,DNIPRO_CORRIDOR,1.0,ZONE_4_DAM_TO_KHERSON_FLOODWAY,river,566.22,,,,0.0,0.1104,0.0368,0.8208,0.0,0.0,0.032,0.0,0.0538,0.4935,35.08,1.44,2.03,2.27,2.32,0.29,1.56,0.0,0.0,1.0,Kokan',4.3,True,4.0,0.0,2023-06-18,0.0,0.0,0.0,0.037,0.0,,S1_UNOBSERVED,,RIVER_CONNECTED;S1_UNOBSERVED,
2023-06-18,1229,606,RIVER_CONNECTED,2023-06-06,0.376,33.1452,46.7757,511087.4,5180246.7,DNIPRO_CORRIDOR,1.0,ZONE_4_DAM_TO_KHERSON_FLOODWAY,river,566.22,,,,0.0,0.0032,0.6464,0.3504,0.0,0.0,0.0,0.0001,0.1213,0.1242,1.23,1.44,1.73,2.08,2.16,0.45,1.57,0.0,0.0,1.0,Dnipro,0.8,True,4.0,0.0,2023-06-18,0.0,0.0,0.0,0.646,0.0,,S1_UNOBSERVED,,RIVER_CONNECTED;S1_UNOBSERVED,
2023-06-18,3169,1722,RIVER_CONNECTED,2023-06-06,0.578,32.693,46.6696,476515.9,5168492.7,DNIPRO_CORRIDOR,1.0,ZONE_4_DAM_TO_KHERSON_FLOODWAY,river,566.22,,,,0.0007,0.0761,0.121,0.7089,0.009,0.0553,0.0069,0.0022,0.1437,0.0944,6.81,0.59,0.85,1.22,1.27,0.42,1.8,0.0,0.0,1.0,no_data,0.7,True,4.0,0.0,2023-06-18,0.0,0.954,0.001,0.131,1.0,0.005,S1_NO_WATER_SIGNAL_VEGETATED,,RIVER_CONNECTED;S1_NO_WATER_SIGNAL_VEGETATED,
2023-06-18,3512,2112,RIVER_CONNECTED,2023-06-06,0.255,32.8101,46.6439,485463.4,5165612.6,DNIPRO_CORRIDOR,1.0,ZONE_4_DAM_TO_KHERSON_FLOODWAY,river,566.22,,,,0.0,0.0549,0.3182,0.627,0.0,0.0,0.0,0.004,0.1624,0.0011,0.83,0.88,1.08,1.44,1.48,0.39,1.12,0.0,0.0,1.0,no_data,1.8,True,4.0,0.0,2023-06-18,0.0,1.0,0.0,0.318,1.0,0.0,S1_OPEN_SURFACE_NO_WATER,,RIVER_CONNECTED;S1_OPEN_SURFACE_NO_WATER,
2023-06-18,3551,2011,RIVER_CONNECTED,2023-06-06,0.517,32.6491,46.6366,473139.2,5164840.3,DNIPRO_CORRIDOR,1.0,ZONE_2_KHERSON_DELTA,river,566.22,,,,0.0,0.0039,0.0,0.993,0.0,0.0,0.0031,0.0014,0.1476,0.0002,0.57,0.68,0.82,1.02,1.18,0.36,1.24,0.0,0.0,1.0,no_data,0.6,True,4.0,0.0,2023-06-18,0.0,1.0,0.0,0.0,0.0,,S1_NO_WATER_SIGNAL_VEGETATED,,RIVER_CONNECTED;S1_NO_WATER_SIGNAL_VEGETATED,
2023-06-18,3584,1963,RIVER_CONNECTED,2023-06-06,0.296,32.4561,46.6385,458370.6,5165136.7,DNIPRO_CORRIDOR,1.0,ZONE_2_KHERSON_DELTA,river,566.22,,,,0.0,0.0405,0.0,0.9595,0.0,0.0,0.0,0.0,0.027,0.3444,11.83,0.55,0.8,0.89,0.91,0.11,1.16,0.0,0.0,1.0,Dnipro,6.6,True,4.0,0.0,2023-06-18,0.0,1.0,0.0,0.0,0.0,,S1_NO_WATER_SIGNAL_VEGETATED,,RIVER_CONNECTED;S1_NO_WATER_SIGNAL_VEGETATED,
2023-06-18,3634,1717,RIVER_CONNECTED,2023-06-06,0.608,32.5474,46.631,465352.6,5164258.6,DNIPRO_CORRIDOR,1.0,ZONE_2_KHERSON_DELTA,river,566.22,,,,0.0,0.0494,0.002,0.9487,0.0,0.0,0.0,0.0017,0.0921,0.0799,1.89,0.56,0.78,0.93,0.96,0.17,1.25,0.0,0.0,1.0,Dnipro,3.9,True,4.0,0.0,2023-06-18,0.0,1.0,0.0,0.002,1.0,0.0,S1_NO_WATER_SIGNAL_VEGETATED,,RIVER_CONNECTED;S1_NO_WATER_SIGNAL_VEGETATED,
2023-06-18,3649,2112,RIVER_CONNECTED,2023-06-06,0.45,32.785,46.6277,483544.1,5163818.4,DNIPRO_CORRIDOR,1.0,ZONE_4_DAM_TO_KHERSON_FLOODWAY,river,566.22,,,,0.0,0.23,0.0187,0.7513,0.0,0.0,0.0,0.0084,0.1527,0.0015,2.88,0.33,1.04,1.39,1.43,0.41,1.53,0.0,0.0,1.0,no_data,1.8,True,4.0,0.0,2023-06-18,0.0,1.0,0.001,0.019,1.0,0.0,S1_NO_WATER_SIGNAL_VEGETATED,,RIVER_CONNECTED;S1_NO_WATER_SIGNAL_VEGETATED,
2023-06-18,3736,2112,RIVER_CONNECTED,2023-06-06,0.268,32.7035,46.6291,477303.7,5163992.0,DNIPRO_CORRIDOR,1.0,ZONE_4_DAM_TO_KHERSON_FLOODWAY,river,566.22,,,,0.0,0.0984,0.0075,0.8912,0.0,0.0,0.003,0.0,0.1388,0.0046,0.7,0.16,0.81,1.06,1.2,0.39,1.45,0.0,0.0,1.0,Dnipro,0.5,True,4.0,0.0,2023-06-18,0.0,1.0,0.0,0.007,1.0,0.0,S1_NO_WATER_SIGNAL_VEGETATED,,RIVER_CONNECTED;S1_NO_WATER_SIGNAL_VEGETATED,
2023-06-18,3756,2112,RIVER_CONNECTED,2023-06-06,5.626,32.6689,46.5931,474639.5,5160007.0,DNIPRO_CORRIDOR,1.0,ZONE_2_KHERSON_DELTA,river,566.22,,,,0.0,0.0188,0.0084,0.9668,0.0,0.0,0.0001,0.0002,0.0711,0.0401,0.69,0.54,0.82,1.09,1.16,0.32,1.68,0.0,0.0,1.0,Dnipro,3.4,True,4.0,0.0,2023-06-18,0.0,0.99,0.0,0.008,1.0,0.0,S1_NO_WATER_SIGNAL_VEGETATED,,RIVER_CONNECTED;S1_NO_WATER_SIGNAL_VEGETATED,
2023-06-18,4342,2560,RIVER_CONNECTED,2023-06-06,0.355,32.4965,46.5954,461430.6,5160321.9,DNIPRO_CORRIDOR,1.0,ZONE_2_KHERSON_DELTA,river,566.22,,,,0.0,0.0,0.0,1.0,0.0,0.0,0.0,0.0001,0.0576,0.0215,0.19,0.55,0.63,0.81,0.85,0.21,0.32,0.0,0.0,1.0,Dnipro,0.9,True,4.0,0.0,2023-06-18,0.0,1.0,0.0,0.0,0.0,,S1_NO_WATER_SIGNAL_VEGETATED,,RIVER_CONNECTED;S1_NO_WATER_SIGNAL_VEGETATED,
2023-06-18,4528,2704,RIVER_CONNECTED,2023-06-06,0.649,32.5676,46.5813,466872.1,5158730.8,DNIPRO_CORRIDOR,1.0,ZONE_2_KHERSON_DELTA,river,566.22,,,,0.0,0.1258,0.0,0.8742,0.0,0.0,0.0,0.0001,0.1307,0.0001,0.15,0.14,0.68,0.94,0.99,0.31,1.35,0.0,0.0,1.0,Dnipro,1.6,True,4.0,0.0,2023-06-18,0.0,1.0,0.0,0.0,0.0,,S1_NO_WATER_SIGNAL_VEGETATED,,RIVER_CONNECTED;S1_NO_WATER_SIGNAL_VEGETATED,
2023-06-18,4677,2112,RIVER_CONNECTED,2023-06-06,1.617,32.6312,46.5664,471732.4,5157047.6,DNIPRO_CORRIDOR,1.0,ZONE_2_KHERSON_DELTA,river,566.22,,,,0.0,0.2491,0.0139,0.734,0.0,0.0017,0.0012,0.0013,0.1276,0.0011,0.79,-0.03,0.8,1.04,1.09,0.29,1.35,0.0,0.0,1.0,Dnipro,4.9,True,4.0,0.0,2023-06-18,0.0,1.0,0.0,0.014,1.0,0.0,S1_NO_WATER_SIGNAL_VEGETATED,,RIVER_CONNECTED;S1_NO_WATER_SIGNAL_VEGETATED,
2023-06-18,0,0,RIVER_CONNECTED,,25.105,,,,,specks < min_km2,,,,,,,,,,,,,,,,,,,,,,,,,,,,,,,,,,,,,,,,,,RIVER_CONNECTED;SPECKS_AGGREGATED,5319.0
2023-06-18,0,0,TRAPPED,,1.263,,,,,specks < min_km2,,,,,,,,,,,,,,,,,,,,,,,,,,,,,,,,,,,,,,,,,,TRAPPED;SPECKS_AGGREGATED,338.0
2023-06-19,1,1,RIVER_CONNECTED,2023-06-06,0.535,32.9839,47.1325,498782.1,5219889.3,INHULETS_VALLEY_rect,1.0,ZONE_4_DAM_TO_KHERSON_FLOODWAY,river,552.93,,,,0.0,0.015,0.0359,0.0224,0.0,0.0007,0.926,0.0,0.0826,0.551,40.82,-0.09,0.43,1.73,1.97,1.53,2.46,0.0,1.0,0.0,Dnipro,39.9,False,1.0,0.0,2023-06-21,2.0,0.0,0.0,0.036,0.0,,S1_UNOBSERVED,,RIVER_CONNECTED;S1_UNOBSERVED;EROSION_1PX_DISCONNECTS,
2023-06-19,336,81,RIVER_CONNECTED,2023-06-06,0.268,32.8443,47.0254,488165.9,5208002.3,INHULETS_VALLEY_rect,1.0,ZONE_4_DAM_TO_KHERSON_FLOODWAY,river,552.93,,,,0.0,0.0,0.6855,0.313,0.0,0.0,0.0015,0.0001,0.0669,0.451,26.13,1.11,1.31,1.46,1.48,0.17,0.43,1.0,0.0,0.0,Inhulets,28.8,True,2.0,0.0,2023-06-21,2.0,1.0,0.076,0.686,1.0,0.061,LATER_S1_INCONCLUSIVE,,RIVER_CONNECTED;LATER_S1_INCONCLUSIVE;WEAK_SURFACE,
2023-06-19,395,119,RIVER_CONNECTED,2023-06-06,0.603,32.7991,47.0021,484726.7,5205417.6,INHULETS_VALLEY_rect,1.0,ZONE_4_DAM_TO_KHERSON_FLOODWAY,river,552.93,,,,0.0259,0.0,0.9595,0.0033,0.0,0.0,0.0113,0.0,0.0739,0.3995,31.24,1.08,1.27,1.43,1.48,0.21,0.53,1.0,0.0,0.0,Inhulets,25.8,True,2.0,0.0,2023-06-21,2.0,1.0,0.041,0.985,1.0,0.041,LATER_S1_OPEN_SURFACE_NO_WATER,,RIVER_CONNECTED;LATER_S1_OPEN_SURFACE_NO_WATER;WEAK_SURFACE,
2023-06-19,431,119,RIVER_CONNECTED,2023-06-06,0.352,32.8199,46.9945,486307.3,5204569.3,INHULETS_VALLEY_rect,1.0,ZONE_4_DAM_TO_KHERSON_FLOODWAY,river,552.93,,,,0.008,0.0,0.9875,0.0011,0.0,0.0,0.0034,0.0001,0.0515,0.4334,31.83,1.07,1.18,1.37,1.48,0.3,0.45,1.0,0.0,0.0,Inhulets,25.1,True,2.0,0.0,2023-06-21,2.0,1.0,0.01,0.995,1.0,0.009,LATER_S1_OPEN_SURFACE_NO_WATER,,RIVER_CONNECTED;LATER_S1_OPEN_SURFACE_NO_WATER;WEAK_SURFACE,
2023-06-19,435,158,RIVER_CONNECTED,2023-06-06,0.636,32.8209,46.9839,486377.0,5203390.1,INHULETS_VALLEY_rect,1.0,ZONE_4_DAM_TO_KHERSON_FLOODWAY,river,552.93,,,,0.3799,0.0,0.6101,0.0025,0.0,0.0,0.0075,0.0001,0.0487,0.5341,36.91,0.94,1.3,1.47,1.48,0.18,0.97,1.0,0.0,0.0,Inhulets,23.8,True,2.0,0.0,2023-06-21,2.0,1.0,0.372,0.99,1.0,0.375,LATER_S1_WATER,,RIVER_CONNECTED;LATER_S1_WATER;WEAK_SURFACE,
2023-06-19,493,193,RIVER_CONNECTED,2023-06-06,0.712,32.8098,46.9528,485526.0,5199935.6,INHULETS_VALLEY_rect,1.0,ZONE_4_DAM_TO_KHERSON_FLOODWAY,river,552.93,,,,0.0039,0.0219,0.4592,0.5104,0.0,0.0,0.0045,0.0001,0.0465,0.4503,28.93,0.71,1.17,1.45,1.48,0.32,1.28,1.0,0.0,0.0,Inhulets,20.4,True,4.0,0.0,2023-06-21,2.0,1.0,0.406,0.463,1.0,0.275,LATER_S1_WATER,,RIVER_CONNECTED;LATER_S1_WATER;WEAK_SURFACE,
2023-06-19,514,215,RIVER_CONNECTED,2023-06-06,0.293,32.7941,46.9428,484328.6,5198827.2,INHULETS_VALLEY_rect,1.0,ZONE_4_DAM_TO_KHERSON_FLOODWAY,river,552.93,,,,0.0082,0.0,0.9822,0.0041,0.0,0.0,0.0055,0.0001,0.0339,0.4823,32.42,1.06,1.25,1.46,1.48,0.23,0.58,1.0,0.0,0.0,Inhulets,19.2,True,4.0,0.0,2023-06-21,2.0,1.0,0.0,0.99,1.0,0.0,LATER_S1_OPEN_SURFACE_NO_WATER,,RIVER_CONNECTED;LATER_S1_OPEN_SURFACE_NO_WATER;WEAK_SURFACE,
2023-06-19,1294,606,RIVER_CONNECTED,2023-06-06,0.271,33.1445,46.7751,511034.0,5180182.2,DNIPRO_CORRIDOR,1.0,ZONE_4_DAM_TO_KHERSON_FLOODWAY,river,552.93,,,,0.0,0.0044,0.5442,0.4513,0.0,0.0,0.0,0.0001,0.1172,0.1297,1.2,1.43,1.64,1.9,1.95,0.27,1.32,0.0,0.0,1.0,Dnipro,0.8,True,4.0,0.0,2023-06-21,2.0,1.0,0.599,0.544,1.0,0.688,LATER_S1_WATER,,RIVER_CONNECTED;LATER_S1_WATER,
2023-06-19,3398,1722,RIVER_CONNECTED,2023-06-06,0.266,32.6954,46.6709,476700.9,5168642.2,DNIPRO_CORRIDOR,1.0,ZONE_4_DAM_TO_KHERSON_FLOODWAY,river,552.93,,,,0.0,0.0767,0.0165,0.8511,0.0,0.0541,0.0015,0.003,0.1389,0.0787,11.84,0.23,0.81,1.02,1.08,0.26,1.6,0.0,0.0,1.0,no_data,0.8,True,4.0,0.0,2023-06-21,2.0,1.0,0.0,0.017,1.0,0.0,LATER_S1_NO_WATER_SIGNAL_VEGETATED,,RIVER_CONNECTED;LATER_S1_NO_WATER_SIGNAL_VEGETATED,
2023-06-19,3786,2011,RIVER_CONNECTED,2023-06-06,0.477,32.6493,46.6366,473160.9,5164838.6,DNIPRO_CORRIDOR,1.0,ZONE_2_KHERSON_DELTA,river,552.93,,,,0.0,0.0042,0.0,0.9958,0.0,0.0,0.0,0.0014,0.1476,0.0002,0.57,0.68,0.81,0.94,0.99,0.18,1.05,0.0,0.0,1.0,no_data,0.6,True,4.0,0.0,2023-06-21,2.0,1.0,0.0,0.0,0.0,,LATER_S1_NO_WATER_SIGNAL_VEGETATED,,RIVER_CONNECTED;LATER_S1_NO_WATER_SIGNAL_VEGETATED,
2023-06-19,3884,1717,RIVER_CONNECTED,2023-06-06,0.365,32.5475,46.6307,465358.6,5164227.5,DNIPRO_CORRIDOR,1.0,ZONE_2_KHERSON_DELTA,river,552.93,,,,0.0,0.0131,0.0,0.9869,0.0,0.0,0.0,0.0019,0.0951,0.0792,1.7,0.56,0.71,0.84,0.82,0.11,1.01,0.0,0.0,1.0,Dnipro,3.8,True,4.0,0.0,2023-06-21,2.0,1.0,0.0,0.0,0.0,,LATER_S1_NO_WATER_SIGNAL_VEGETATED,,RIVER_CONNECTED;LATER_S1_NO_WATER_SIGNAL_VEGETATED,
2023-06-19,3891,2112,RIVER_CONNECTED,2023-06-06,0.344,32.7848,46.6279,483529.7,5163842.9,DNIPRO_CORRIDOR,1.0,ZONE_4_DAM_TO_KHERSON_FLOODWAY,river,552.93,,,,0.0,0.2207,0.0093,0.77,0.0,0.0,0.0,0.0084,0.1528,0.0015,2.85,0.27,0.98,1.2,1.22,0.25,1.31,0.0,0.0,1.0,no_data,1.8,True,4.0,0.0,2023-06-21,2.0,1.0,0.0,0.009,1.0,0.0,LATER_S1_NO_WATER_SIGNAL_VEGETATED,,RIVER_CONNECTED;LATER_S1_NO_WATER_SIGNAL_VEGETATED,
2023-06-19,4254,2112,RIVER_CONNECTED,2023-06-06,4.034,32.6685,46.593,474606.4,5159985.6,DNIPRO_CORRIDOR,1.0,ZONE_2_KHERSON_DELTA,river,552.93,,,,0.0,0.0148,0.0064,0.9786,0.0,0.0,0.0002,0.0001,0.067,0.0248,0.76,0.49,0.79,0.95,0.99,0.18,1.5,0.0,0.0,1.0,Dnipro,3.4,True,4.0,0.0,2023-06-21,2.0,0.997,0.0,0.006,1.0,0.0,LATER_S1_NO_WATER_SIGNAL_VEGETATED,,RIVER_CONNECTED;LATER_S1_NO_WATER_SIGNAL_VEGETATED,
2023-06-19,4566,2560,RIVER_CONNECTED,2023-06-06,0.306,32.4965,46.5956,461433.2,5160344.2,DNIPRO_CORRIDOR,1.0,ZONE_2_KHERSON_DELTA,river,552.93,,,,0.0,0.0,0.0,1.0,0.0,0.0,0.0,0.0001,0.0575,0.0215,0.19,0.54,0.61,0.75,0.79,0.16,0.25,0.0,0.0,1.0,Dnipro,0.9,True,4.0,0.0,2023-06-21,2.0,1.0,0.0,0.0,0.0,,LATER_S1_NO_WATER_SIGNAL_VEGETATED,,RIVER_CONNECTED;LATER_S1_NO_WATER_SIGNAL_VEGETATED,
2023-06-19,4749,2704,RIVER_CONNECTED,2023-06-06,0.54,32.5674,46.581,466855.5,5158699.4,DNIPRO_CORRIDOR,1.0,ZONE_2_KHERSON_DELTA,river,552.93,,,,0.0,0.1089,0.0,0.8911,0.0,0.0,0.0,0.0001,0.1311,0.0001,0.15,0.1,0.67,0.82,0.85,0.18,1.21,0.0,0.0,1.0,Dnipro,1.7,True,4.0,0.0,2023-06-21,2.0,1.0,0.0,0.0,0.0,,LATER_S1_NO_WATER_SIGNAL_VEGETATED,,RIVER_CONNECTED;LATER_S1_NO_WATER_SIGNAL_VEGETATED,
2023-06-19,4903,2112,RIVER_CONNECTED,2023-06-06,1.091,32.6321,46.5679,471803.5,5157218.6,DNIPRO_CORRIDOR,1.0,ZONE_2_KHERSON_DELTA,river,552.93,,,,0.0,0.2049,0.0,0.7951,0.0,0.0,0.0,0.001,0.126,0.0011,0.7,-0.08,0.78,0.91,0.95,0.17,1.21,0.0,0.0,1.0,Dnipro,4.8,True,4.0,0.0,2023-06-21,2.0,1.0,0.0,0.0,0.0,,LATER_S1_NO_WATER_SIGNAL_VEGETATED,,RIVER_CONNECTED;LATER_S1_NO_WATER_SIGNAL_VEGETATED,
2023-06-19,0,0,RIVER_CONNECTED,,20.345,,,,,specks < min_km2,,,,,,,,,,,,,,,,,,,,,,,,,,,,,,,,,,,,,,,,,,RIVER_CONNECTED;SPECKS_AGGREGATED,5600.0
2023-06-19,0,0,TRAPPED,,0.613,,,,,specks < min_km2,,,,,,,,,,,,,,,,,,,,,,,,,,,,,,,,,,,,,,,,,,TRAPPED;SPECKS_AGGREGATED,352.0
2023-06-20,1,1,RIVER_CONNECTED,2023-06-06,0.405,32.9827,47.1269,498684.7,5219265.8,INHULETS_VALLEY_rect,1.0,ZONE_4_DAM_TO_KHERSON_FLOODWAY,river,535.27,,,,0.0,0.0138,0.0247,0.0227,0.0,0.001,0.9377,0.0,0.0832,0.5489,40.68,-0.09,0.43,1.42,1.62,1.12,2.04,0.0,1.0,0.0,Dnipro,39.7,False,1.0,0.0,2023-06-21,1.0,0.0,0.0,0.025,0.0,,S1_UNOBSERVED,,RIVER_CONNECTED;S1_UNOBSERVED;EROSION_1PX_DISCONNECTS,
2023-06-20,355,193,RIVER_CONNECTED,2023-06-06,0.281,32.814,46.9534,485844.2,5200000.7,INHULETS_VALLEY_rect,1.0,ZONE_4_DAM_TO_KHERSON_FLOODWAY,river,535.27,,,,0.0,0.0,0.0612,0.9388,0.0,0.0,0.0,0.0,0.0473,0.3919,22.85,0.68,0.9,1.11,1.16,0.26,0.52,1.0,0.0,0.0,Inhulets,20.5,True,2.0,0.0,2023-06-21,1.0,1.0,0.693,0.061,1.0,0.395,LATER_S1_WATER,,RIVER_CONNECTED;LATER_S1_WATER;WEAK_SURFACE,
2023-06-20,3212,2112,RIVER_CONNECTED,2023-06-06,0.428,32.6622,46.596,474127.3,5160326.4,DNIPRO_CORRIDOR,1.0,ZONE_2_KHERSON_DELTA,river,535.27,,,,0.0,0.0056,0.0,0.9944,0.0,0.0,0.0,0.0,0.057,0.0012,0.7,0.68,0.76,0.82,0.83,0.05,0.97,0.0,0.0,1.0,Dnipro,2.8,True,4.0,0.0,2023-06-21,1.0,1.0,0.0,0.0,0.0,,LATER_S1_NO_WATER_SIGNAL_VEGETATED,,RIVER_CONNECTED;LATER_S1_NO_WATER_SIGNAL_VEGETATED,
2023-06-20,3330,2112,RIVER_CONNECTED,2023-06-06,1.343,32.6713,46.5894,474822.3,5159594.1,DNIPRO_CORRIDOR,1.0,ZONE_2_KHERSON_DELTA,river,535.27,,,,0.0,0.0101,0.0,0.9899,0.0,0.0,0.0,0.0,0.0578,0.0222,1.01,0.53,0.72,0.8,0.79,0.09,1.04,0.0,0.0,1.0,Dnipro,3.8,True,4.0,0.0,2023-06-21,1.0,1.0,0.0,0.0,0.0,,LATER_S1_NO_WATER_SIGNAL_VEGETATED,,RIVER_CONNECTED;LATER_S1_NO_WATER_SIGNAL_VEGETATED,
2023-06-20,3540,2704,RIVER_CONNECTED,2023-06-06,0.358,32.5666,46.5804,466792.3,5158627.6,DNIPRO_CORRIDOR,1.0,ZONE_2_KHERSON_DELTA,river,535.27,,,,0.0,0.0951,0.0,0.9049,0.0,0.0,0.0,0.0001,0.1316,0.0002,0.15,0.08,0.64,0.71,0.72,0.08,1.08,0.0,0.0,1.0,Dnipro,1.8,True,4.0,0.0,2023-06-21,1.0,1.0,0.0,0.0,0.0,,LATER_S1_NO_WATER_SIGNAL_VEGETATED,,RIVER_CONNECTED;LATER_S1_NO_WATER_SIGNAL_VEGETATED,
2023-06-20,3668,2112,RIVER_CONNECTED,2023-06-06,0.573,32.6341,46.5686,471959.5,5157286.8,DNIPRO_CORRIDOR,1.0,ZONE_2_KHERSON_DELTA,river,535.27,,,,0.0,0.3294,0.0,0.6706,0.0,0.0,0.0,0.0,0.1196,0.0011,0.73,-0.12,0.71,0.8,0.81,0.1,1.07,0.0,0.0,1.0,Dnipro,4.8,True,4.0,0.0,2023-06-21,1.0,1.0,0.0,0.0,0.0,,LATER_S1_NO_WATER_SIGNAL_VEGETATED,,RIVER_CONNECTED;LATER_S1_NO_WATER_SIGNAL_VEGETATED,
2023-06-20,0,0,RIVER_CONNECTED,,11.159,,,,,specks < min_km2,,,,,,,,,,,,,,,,,,,,,,,,,,,,,,,,,,,,,,,,,,RIVER_CONNECTED;SPECKS_AGGREGATED,4302.0
2023-06-20,0,0,TRAPPED,,0.226,,,,,specks < min_km2,,,,,,,,,,,,,,,,,,,,,,,,,,,,,,,,,,,,,,,,,,TRAPPED;SPECKS_AGGREGATED,246.0
2023-06-21,0,0,RIVER_CONNECTED,,4.085,,,,,specks < min_km2,,,,,,,,,,,,,,,,,,,,,,,,,,,,,,,,,,,,,,,,,,RIVER_CONNECTED;SPECKS_AGGREGATED,1657.0
2023-06-21,0,0,TRAPPED,,0.099,,,,,specks < min_km2,,,,,,,,,,,,,,,,,,,,,,,,,,,,,,,,,,,,,,,,,,TRAPPED;SPECKS_AGGREGATED,145.0
2023-06-22,0,0,RIVER_CONNECTED,,0.54,,,,,specks < min_km2,,,,,,,,,,,,,,,,,,,,,,,,,,,,,,,,,,,,,,,,,,RIVER_CONNECTED;SPECKS_AGGREGATED,464.0
2023-06-22,0,0,TRAPPED,,0.003,,,,,specks < min_km2,,,,,,,,,,,,,,,,,,,,,,,,,,,,,,,,,,,,,,,,,,TRAPPED;SPECKS_AGGREGATED,5.0
2023-06-23,0,0,RIVER_CONNECTED,,0.058,,,,,specks < min_km2,,,,,,,,,,,,,,,,,,,,,,,,,,,,,,,,,,,,,,,,,,RIVER_CONNECTED;SPECKS_AGGREGATED,32.0
2023-06-24,0,0,RIVER_CONNECTED,,0.013,,,,,specks < min_km2,,,,,,,,,,,,,,,,,,,,,,,,,,,,,,,,,,,,,,,,,,RIVER_CONNECTED;SPECKS_AGGREGATED,17.0
2023-06-25,0,0,RIVER_CONNECTED,,0.007,,,,,specks < min_km2,,,,,,,,,,,,,,,,,,,,,,,,,,,,,,,,,,,,,,,,,,RIVER_CONNECTED;SPECKS_AGGREGATED,8.0
2023-06-27,0,0,RIVER_CONNECTED,,0.026,,,,,specks < min_km2,,,,,,,,,,,,,,,,,,,,,,,,,,,,,,,,,,,,,,,,,,RIVER_CONNECTED;SPECKS_AGGREGATED,30.0
2023-06-28,0,0,RIVER_CONNECTED,,0.025,,,,,specks < min_km2,,,,,,,,,,,,,,,,,,,,,,,,,,,,,,,,,,,,,,,,,,RIVER_CONNECTED;SPECKS_AGGREGATED,30.0
2023-06-29,0,0,RIVER_CONNECTED,,0.03,,,,,specks < min_km2,,,,,,,,,,,,,,,,,,,,,,,,,,,,,,,,,,,,,,,,,,RIVER_CONNECTED;SPECKS_AGGREGATED,44.0
2023-06-29,0,0,ISOLATED_NEVER,,0.002,,,,,specks < min_km2,,,,,,,,,,,,,,,,,,,,,,,,,,,,,,,,,,,,,,,,,,ISOLATED_NEVER;SPECKS_AGGREGATED,3.0
2023-06-30,0,0,RIVER_CONNECTED,,0.068,,,,,specks < min_km2,,,,,,,,,,,,,,,,,,,,,,,,,,,,,,,,,,,,,,,,,,RIVER_CONNECTED;SPECKS_AGGREGATED,69.0
2023-06-30,0,0,ISOLATED_NEVER,,0.004,,,,,specks < min_km2,,,,,,,,,,,,,,,,,,,,,,,,,,,,,,,,,,,,,,,,,,ISOLATED_NEVER;SPECKS_AGGREGATED,5.0
2023-07-01,0,0,RIVER_CONNECTED,,1.072,,,,,specks < min_km2,,,,,,,,,,,,,,,,,,,,,,,,,,,,,,,,,,,,,,,,,,RIVER_CONNECTED;SPECKS_AGGREGATED,1518.0
2023-07-01,0,0,ISOLATED_NEVER,,0.078,,,,,specks < min_km2,,,,,,,,,,,,,,,,,,,,,,,,,,,,,,,,,,,,,,,,,,ISOLATED_NEVER;SPECKS_AGGREGATED,126.0
2023-07-02,0,0,RIVER_CONNECTED,,0.066,,,,,specks < min_km2,,,,,,,,,,,,,,,,,,,,,,,,,,,,,,,,,,,,,,,,,,RIVER_CONNECTED;SPECKS_AGGREGATED,66.0
2023-07-03,0,0,RIVER_CONNECTED,,0.044,,,,,specks < min_km2,,,,,,,,,,,,,,,,,,,,,,,,,,,,,,,,,,,,,,,,,,RIVER_CONNECTED;SPECKS_AGGREGATED,24.0
2023-07-04,0,0,RIVER_CONNECTED,,0.006,,,,,specks < min_km2,,,,,,,,,,,,,,,,,,,,,,,,,,,,,,,,,,,,,,,,,,RIVER_CONNECTED;SPECKS_AGGREGATED,10.0
