date,mask,stratum,n_cells,valid_share,scene,orbit,VV_dB_median,VH_dB_median,VVVH_dB_median
2023-06-01,target,trees,66273,1.0,2023-06-01_orb65_DES,orb65_DES,-9.6046,-14.7159,5.1716
2023-06-01,target,grass,71007,1.0,2023-06-01_orb65_DES,orb65_DES,-12.8232,-18.3773,5.6289
2023-06-01,target,cropland,1522,1.0,2023-06-01_orb65_DES,orb65_DES,-10.2566,-17.5823,7.2249
2023-06-01,target,wetland,7351,1.0,2023-06-01_orb65_DES,orb65_DES,-9.27,-15.5934,6.2638
2023-06-01,target,ndvi<0.3 bare/sparse,17562,1.0,2023-06-01_orb65_DES,orb65_DES,-12.8798,-18.8308,5.802
2023-06-01,target,ndvi0.3-0.6 mixed,69979,1.0,2023-06-01_orb65_DES,orb65_DES,-12.0789,-17.6214,5.4625
2023-06-01,target,ndvi>0.6 canopy,61309,1.0,2023-06-01_orb65_DES,orb65_DES,-9.4675,-14.8115,5.348
2023-06-01,target,trees unburnt,44280,1.0,2023-06-01_orb65_DES,orb65_DES,-9.3576,-14.3757,5.0437
2023-06-01,target,grass unburnt,66996,1.0,2023-06-01_orb65_DES,orb65_DES,-12.8209,-18.3698,5.6197
2023-06-01,target,burnt dNBR>0.1,27648,1.0,2023-06-01_orb65_DES,orb65_DES,-10.4585,-15.9985,5.4586
2023-06-01,control,trees,58110,1.0,2023-06-01_orb65_DES,orb65_DES,-9.0787,-14.0859,5.0185
2023-06-01,control,grass,139125,1.0,2023-06-01_orb65_DES,orb65_DES,-12.2753,-17.8606,5.7766
2023-06-01,control,cropland,183810,1.0,2023-06-01_orb65_DES,orb65_DES,-10.0723,-15.4629,5.471
2023-06-01,control,wetland,736,1.0,2023-06-01_orb65_DES,orb65_DES,-9.6945,-15.6589,6.2483
2023-06-01,control,ndvi<0.3 bare/sparse,69576,1.0,2023-06-01_orb65_DES,orb65_DES,-14.6124,-20.9034,6.1577
2023-06-01,control,ndvi0.3-0.6 mixed,136794,1.0,2023-06-01_orb65_DES,orb65_DES,-10.5512,-15.9723,5.5895
2023-06-01,control,ndvi>0.6 canopy,145162,1.0,2023-06-01_orb65_DES,orb65_DES,-9.4088,-14.86,5.4343
2023-06-01,control,trees unburnt,34081,1.0,2023-06-01_orb65_DES,orb65_DES,-8.8685,-13.9525,5.1014
2023-06-01,control,grass unburnt,85045,1.0,2023-06-01_orb65_DES,orb65_DES,-11.6745,-17.3837,5.8938
2023-06-01,control,burnt dNBR>0.1,85035,1.0,2023-06-01_orb65_DES,orb65_DES,-10.5212,-16.0209,5.6843
2023-06-01,reference,trees,2265,1.0,2023-06-01_orb65_DES,orb65_DES,-8.2404,-14.5287,6.3153
2023-06-01,reference,grass,52960,1.0,2023-06-01_orb65_DES,orb65_DES,-11.5838,-16.7353,5.25
2023-06-01,reference,cropland,3751,1.0,2023-06-01_orb65_DES,orb65_DES,-9.8933,-15.4409,5.5847
2023-06-01,reference,wetland,38676,1.0,2023-06-01_orb65_DES,orb65_DES,-9.0362,-14.9894,6.0737
2023-06-01,reference,ndvi<0.3 bare/sparse,619,1.0,2023-06-01_orb65_DES,orb65_DES,-14.1887,-20.0349,5.5613
2023-06-01,reference,ndvi0.3-0.6 mixed,7545,1.0,2023-06-01_orb65_DES,orb65_DES,-12.269,-17.8277,5.7218
2023-06-01,reference,ndvi>0.6 canopy,9967,1.0,2023-06-01_orb65_DES,orb65_DES,-9.0114,-15.2877,6.2808
2023-06-01,reference,trees unburnt,1699,1.0,2023-06-01_orb65_DES,orb65_DES,-8.3955,-14.5967,6.2426
2023-06-01,reference,grass unburnt,12397,1.0,2023-06-01_orb65_DES,orb65_DES,-11.193,-16.8493,5.7637
2023-06-01,reference,burnt dNBR>0.1,675,1.0,2023-06-01_orb65_DES,orb65_DES,-10.022,-15.9675,5.7786
2023-06-01,reference_brief,trees,8874,1.0,2023-06-01_orb65_DES,orb65_DES,-8.885,-14.1517,5.2732
2023-06-01,reference_brief,grass,10954,1.0,2023-06-01_orb65_DES,orb65_DES,-12.5236,-17.9055,5.4644
2023-06-01,reference_brief,cropland,997,1.0,2023-06-01_orb65_DES,orb65_DES,-11.4864,-17.2534,5.718
2023-06-01,reference_brief,ndvi<0.3 bare/sparse,627,1.0,2023-06-01_orb65_DES,orb65_DES,-13.4049,-19.0067,5.8918
2023-06-01,reference_brief,ndvi0.3-0.6 mixed,8078,1.0,2023-06-01_orb65_DES,orb65_DES,-12.1038,-17.6837,5.6341
2023-06-01,reference_brief,ndvi>0.6 canopy,9327,1.0,2023-06-01_orb65_DES,orb65_DES,-9.0636,-14.4375,5.3963
2023-06-01,reference_brief,trees unburnt,7867,1.0,2023-06-01_orb65_DES,orb65_DES,-8.8772,-14.1751,5.3109
2023-06-01,reference_brief,grass unburnt,7951,1.0,2023-06-01_orb65_DES,orb65_DES,-12.5232,-18.0315,5.5815
2023-06-01,reference_brief,burnt dNBR>0.1,446,1.0,2023-06-01_orb65_DES,orb65_DES,-9.9005,-15.2997,5.3994
2023-06-01,box_never_flooded,trees,77056,1.0,2023-06-01_orb65_DES,orb65_DES,-8.9601,-14.1984,5.2392
2023-06-01,box_never_flooded,grass,159759,1.0,2023-06-01_orb65_DES,orb65_DES,-12.8886,-18.5075,5.7685
2023-06-01,box_never_flooded,cropland,19241,1.0,2023-06-01_orb65_DES,orb65_DES,-10.0465,-15.3356,5.2464
2023-06-01,box_never_flooded,wetland,1496,1.0,2023-06-01_orb65_DES,orb65_DES,-8.2225,-15.4079,7.1477
2023-06-01,box_never_flooded,ndvi<0.3 bare/sparse,63057,1.0,2023-06-01_orb65_DES,orb65_DES,-14.7325,-20.8279,5.9857
2023-06-01,box_never_flooded,ndvi0.3-0.6 mixed,113963,1.0,2023-06-01_orb65_DES,orb65_DES,-12.36,-17.9002,5.5515
2023-06-01,box_never_flooded,ndvi>0.6 canopy,102709,1.0,2023-06-01_orb65_DES,orb65_DES,-9.2116,-14.6196,5.37
2023-06-01,box_never_flooded,trees unburnt,67221,1.0,2023-06-01_orb65_DES,orb65_DES,-8.909,-14.1354,5.2242
2023-06-01,box_never_flooded,grass unburnt,147101,1.0,2023-06-01_orb65_DES,orb65_DES,-12.8773,-18.4784,5.7357
2023-06-01,box_never_flooded,burnt dNBR>0.1,20664,1.0,2023-06-01_orb65_DES,orb65_DES,-10.364,-16.0841,5.73
2023-06-01,target_P>=0.95,trees,1440,1.0,2023-06-01_orb65_DES,orb65_DES,-9.6836,-14.6563,5.0326
2023-06-01,target_P>=0.95,grass,31105,1.0,2023-06-01_orb65_DES,orb65_DES,-12.767,-18.3442,5.6333
2023-06-01,target_P>=0.95,cropland,1421,1.0,2023-06-01_orb65_DES,orb65_DES,-10.1061,-17.7158,7.4128
2023-06-01,target_P>=0.95,wetland,6481,1.0,2023-06-01_orb65_DES,orb65_DES,-9.2001,-15.5928,6.3557
2023-06-01,target_P>=0.95,ndvi<0.3 bare/sparse,5211,1.0,2023-06-01_orb65_DES,orb65_DES,-15.1908,-21.0469,5.8032
2023-06-01,target_P>=0.95,ndvi0.3-0.6 mixed,21566,1.0,2023-06-01_orb65_DES,orb65_DES,-12.9721,-18.5652,5.6493
2023-06-01,target_P>=0.95,ndvi>0.6 canopy,15566,1.0,2023-06-01_orb65_DES,orb65_DES,-9.8437,-15.6908,5.876
2023-06-01,target_P>=0.95,trees unburnt,1059,1.0,2023-06-01_orb65_DES,orb65_DES,-9.6283,-14.4895,4.9315
2023-06-01,target_P>=0.95,grass unburnt,29511,1.0,2023-06-01_orb65_DES,orb65_DES,-12.7226,-18.2934,5.6249
2023-06-01,target_P>=0.95,burnt dNBR>0.1,3411,1.0,2023-06-01_orb65_DES,orb65_DES,-12.2912,-17.6225,5.5377
2023-06-01,target_P0.5-0.95,trees,60602,1.0,2023-06-01_orb65_DES,orb65_DES,-9.6319,-14.7457,5.1817
2023-06-01,target_P0.5-0.95,grass,37672,1.0,2023-06-01_orb65_DES,orb65_DES,-12.8359,-18.3808,5.6242
2023-06-01,target_P0.5-0.95,cropland,94,1.0,2023-06-01_orb65_DES,orb65_DES,-11.6605,-16.1759,4.8501
2023-06-01,target_P0.5-0.95,wetland,858,1.0,2023-06-01_orb65_DES,orb65_DES,-9.8794,-15.6101,5.652
2023-06-01,target_P0.5-0.95,ndvi<0.3 bare/sparse,11859,1.0,2023-06-01_orb65_DES,orb65_DES,-11.9779,-17.8335,5.7926
2023-06-01,target_P0.5-0.95,ndvi0.3-0.6 mixed,45745,1.0,2023-06-01_orb65_DES,orb65_DES,-11.7004,-17.1414,5.3921
2023-06-01,target_P0.5-0.95,ndvi>0.6 canopy,42392,1.0,2023-06-01_orb65_DES,orb65_DES,-9.3983,-14.5493,5.1964
2023-06-01,target_P0.5-0.95,trees unburnt,39829,1.0,2023-06-01_orb65_DES,orb65_DES,-9.3746,-14.3921,5.0543
2023-06-01,target_P0.5-0.95,grass unburnt,35362,1.0,2023-06-01_orb65_DES,orb65_DES,-12.8568,-18.3959,5.617
2023-06-01,target_P0.5-0.95,burnt dNBR>0.1,23282,1.0,2023-06-01_orb65_DES,orb65_DES,-10.3266,-15.823,5.4475
2023-06-01,target_P<0.5,trees,4231,1.0,2023-06-01_orb65_DES,orb65_DES,-9.2353,-14.3465,5.0631
2023-06-01,target_P<0.5,grass,2230,1.0,2023-06-01_orb65_DES,orb65_DES,-13.2246,-18.7325,5.5945
2023-06-01,target_P<0.5,ndvi<0.3 bare/sparse,492,1.0,2023-06-01_orb65_DES,orb65_DES,-12.5348,-18.3208,6.0915
2023-06-01,target_P<0.5,ndvi0.3-0.6 mixed,2668,1.0,2023-06-01_orb65_DES,orb65_DES,-12.1558,-17.589,5.3289
2023-06-01,target_P<0.5,ndvi>0.6 canopy,3351,1.0,2023-06-01_orb65_DES,orb65_DES,-9.0695,-14.202,5.0841
2023-06-01,target_P<0.5,trees unburnt,3392,1.0,2023-06-01_orb65_DES,orb65_DES,-9.0966,-14.1589,4.9704
2023-06-01,target_P<0.5,grass unburnt,2123,1.0,2023-06-01_orb65_DES,orb65_DES,-13.2566,-18.7579,5.5634
2023-06-01,target_P<0.5,burnt dNBR>0.1,955,1.0,2023-06-01_orb65_DES,orb65_DES,-9.9646,-15.6127,5.4923
2023-06-01,target_d<0.5m,trees,7147,1.0,2023-06-01_orb65_DES,orb65_DES,-9.2821,-14.3546,5.0965
2023-06-01,target_d<0.5m,grass,11924,1.0,2023-06-01_orb65_DES,orb65_DES,-12.9146,-18.4081,5.5345
2023-06-01,target_d<0.5m,cropland,86,1.0,2023-06-01_orb65_DES,orb65_DES,-11.3317,-15.9532,4.9524
2023-06-01,target_d<0.5m,wetland,152,1.0,2023-06-01_orb65_DES,orb65_DES,-8.9535,-14.9468,5.9622
2023-06-01,target_d<0.5m,ndvi<0.3 bare/sparse,1923,1.0,2023-06-01_orb65_DES,orb65_DES,-13.0655,-18.9765,5.8384
2023-06-01,target_d<0.5m,ndvi0.3-0.6 mixed,10205,1.0,2023-06-01_orb65_DES,orb65_DES,-12.6562,-18.152,5.4471
2023-06-01,target_d<0.5m,ndvi>0.6 canopy,7402,1.0,2023-06-01_orb65_DES,orb65_DES,-9.4761,-14.6973,5.1735
2023-06-01,target_d<0.5m,trees unburnt,5519,1.0,2023-06-01_orb65_DES,orb65_DES,-9.1028,-14.1234,4.9885
2023-06-01,target_d<0.5m,grass unburnt,10997,1.0,2023-06-01_orb65_DES,orb65_DES,-12.9852,-18.4502,5.5178
2023-06-01,target_d<0.5m,burnt dNBR>0.1,2596,1.0,2023-06-01_orb65_DES,orb65_DES,-10.6001,-16.2449,5.5546
2023-06-01,target_d0.5-1.5m,trees,18695,1.0,2023-06-01_orb65_DES,orb65_DES,-9.6929,-14.7873,5.155
2023-06-01,target_d0.5-1.5m,grass,28115,1.0,2023-06-01_orb65_DES,orb65_DES,-12.8492,-18.4214,5.6636
2023-06-01,target_d0.5-1.5m,cropland,213,1.0,2023-06-01_orb65_DES,orb65_DES,-10.7781,-16.5184,5.4956
2023-06-01,target_d0.5-1.5m,wetland,1143,1.0,2023-06-01_orb65_DES,orb65_DES,-10.5259,-15.978,5.4602
2023-06-01,target_d0.5-1.5m,ndvi<0.3 bare/sparse,6635,1.0,2023-06-01_orb65_DES,orb65_DES,-12.8396,-18.6067,5.852
2023-06-01,target_d0.5-1.5m,ndvi0.3-0.6 mixed,24738,1.0,2023-06-01_orb65_DES,orb65_DES,-12.418,-17.9609,5.5038
2023-06-01,target_d0.5-1.5m,ndvi>0.6 canopy,17721,1.0,2023-06-01_orb65_DES,orb65_DES,-9.7348,-14.9975,5.2644
2023-06-01,target_d0.5-1.5m,trees unburnt,12421,1.0,2023-06-01_orb65_DES,orb65_DES,-9.3528,-14.3242,4.9626
2023-06-01,target_d0.5-1.5m,grass unburnt,26460,1.0,2023-06-01_orb65_DES,orb65_DES,-12.8446,-18.4121,5.6502
2023-06-01,target_d0.5-1.5m,burnt dNBR>0.1,8394,1.0,2023-06-01_orb65_DES,orb65_DES,-10.859,-16.4948,5.5702
2023-06-01,target_d>=1.5m,trees,40431,1.0,2023-06-01_orb65_DES,orb65_DES,-9.6318,-14.7466,5.1915
2023-06-01,target_d>=1.5m,grass,30968,1.0,2023-06-01_orb65_DES,orb65_DES,-12.7417,-18.3098,5.6296
2023-06-01,target_d>=1.5m,cropland,1223,1.0,2023-06-01_orb65_DES,orb65_DES,-9.8393,-18.041,7.8759
2023-06-01,target_d>=1.5m,wetland,6056,1.0,2023-06-01_orb65_DES,orb65_DES,-9.0774,-15.5164,6.4152
2023-06-01,target_d>=1.5m,ndvi<0.3 bare/sparse,9004,1.0,2023-06-01_orb65_DES,orb65_DES,-12.8417,-18.9752,5.7578
2023-06-01,target_d>=1.5m,ndvi0.3-0.6 mixed,35036,1.0,2023-06-01_orb65_DES,orb65_DES,-11.5657,-17.0977,5.4388
2023-06-01,target_d>=1.5m,ndvi>0.6 canopy,36186,1.0,2023-06-01_orb65_DES,orb65_DES,-9.3342,-14.7468,5.4337
2023-06-01,target_d>=1.5m,trees unburnt,26340,1.0,2023-06-01_orb65_DES,orb65_DES,-9.4211,-14.4527,5.0955
2023-06-01,target_d>=1.5m,grass unburnt,29539,1.0,2023-06-01_orb65_DES,orb65_DES,-12.7149,-18.2769,5.6246
2023-06-01,target_d>=1.5m,burnt dNBR>0.1,16658,1.0,2023-06-01_orb65_DES,orb65_DES,-10.2415,-15.6969,5.3895
2023-06-02,target,trees,66273,1.0,2023-06-02_orb87_ASC,orb87_ASC,-9.8331,-14.9912,5.2765
2023-06-02,target,grass,71007,1.0,2023-06-02_orb87_ASC,orb87_ASC,-13.0768,-19.0251,5.969
2023-06-02,target,cropland,1522,1.0,2023-06-02_orb87_ASC,orb87_ASC,-9.9782,-17.962,8.106
2023-06-02,target,wetland,7351,1.0,2023-06-02_orb87_ASC,orb87_ASC,-9.2634,-15.8596,6.5122
2023-06-02,target,ndvi<0.3 bare/sparse,17562,1.0,2023-06-02_orb87_ASC,orb87_ASC,-13.5279,-19.7145,6.1201
2023-06-02,target,ndvi0.3-0.6 mixed,69979,1.0,2023-06-02_orb87_ASC,orb87_ASC,-12.3688,-18.1598,5.7401
2023-06-02,target,ndvi>0.6 canopy,61309,1.0,2023-06-02_orb87_ASC,orb87_ASC,-9.517,-14.9787,5.514
2023-06-02,target,trees unburnt,44280,1.0,2023-06-02_orb87_ASC,orb87_ASC,-9.4372,-14.5234,5.1079
2023-06-02,target,grass unburnt,66996,1.0,2023-06-02_orb87_ASC,orb87_ASC,-13.0595,-19.0158,5.9657
2023-06-02,target,burnt dNBR>0.1,27648,1.0,2023-06-02_orb87_ASC,orb87_ASC,-11.0755,-16.7843,5.6581
2023-06-02,control,trees,58110,1.0,2023-06-02_orb87_ASC,orb87_ASC,-9.0974,-14.2488,5.1659
2023-06-02,control,grass,139125,1.0,2023-06-02_orb87_ASC,orb87_ASC,-12.5709,-18.3362,6.0744
2023-06-02,control,cropland,183810,1.0,2023-06-02_orb87_ASC,orb87_ASC,-10.8654,-16.8524,5.8566
2023-06-02,control,wetland,736,1.0,2023-06-02_orb87_ASC,orb87_ASC,-10.4387,-16.1323,5.972
2023-06-02,control,ndvi<0.3 bare/sparse,69576,1.0,2023-06-02_orb87_ASC,orb87_ASC,-15.4171,-21.9015,6.5537
2023-06-02,control,ndvi0.3-0.6 mixed,136794,1.0,2023-06-02_orb87_ASC,orb87_ASC,-11.1317,-17.1189,6.0081
2023-06-02,control,ndvi>0.6 canopy,145162,1.0,2023-06-02_orb87_ASC,orb87_ASC,-9.9332,-15.6239,5.5948
2023-06-02,control,trees unburnt,34081,1.0,2023-06-02_orb87_ASC,orb87_ASC,-8.8846,-14.0573,5.185
2023-06-02,control,grass unburnt,85045,1.0,2023-06-02_orb87_ASC,orb87_ASC,-12.0109,-17.8253,6.0883
2023-06-02,control,burnt dNBR>0.1,85035,1.0,2023-06-02_orb87_ASC,orb87_ASC,-11.1647,-17.4052,6.1685
2023-06-02,reference,trees,2265,1.0,2023-06-02_orb87_ASC,orb87_ASC,-8.2974,-14.5907,6.2349
2023-06-02,reference,grass,52960,1.0,2023-06-02_orb87_ASC,orb87_ASC,-11.7318,-17.591,5.9106
2023-06-02,reference,cropland,3751,1.0,2023-06-02_orb87_ASC,orb87_ASC,-10.0652,-15.9836,5.973
2023-06-02,reference,wetland,38676,1.0,2023-06-02_orb87_ASC,orb87_ASC,-8.0878,-15.0713,7.0953
2023-06-02,reference,ndvi<0.3 bare/sparse,619,1.0,2023-06-02_orb87_ASC,orb87_ASC,-13.7122,-19.5726,5.9386
2023-06-02,reference,ndvi0.3-0.6 mixed,7545,1.0,2023-06-02_orb87_ASC,orb87_ASC,-12.4222,-18.0074,5.8013
2023-06-02,reference,ndvi>0.6 canopy,9967,1.0,2023-06-02_orb87_ASC,orb87_ASC,-9.3878,-15.9204,6.4744
2023-06-02,reference,trees unburnt,1699,1.0,2023-06-02_orb87_ASC,orb87_ASC,-8.539,-14.623,6.0596
2023-06-02,reference,grass unburnt,12397,1.0,2023-06-02_orb87_ASC,orb87_ASC,-11.7983,-17.5894,5.868
2023-06-02,reference,burnt dNBR>0.1,675,1.0,2023-06-02_orb87_ASC,orb87_ASC,-9.7909,-16.4003,6.3984
2023-06-02,reference_brief,trees,8874,1.0,2023-06-02_orb87_ASC,orb87_ASC,-8.8348,-14.2205,5.4336
2023-06-02,reference_brief,grass,10954,1.0,2023-06-02_orb87_ASC,orb87_ASC,-12.5523,-18.21,5.7034
2023-06-02,reference_brief,cropland,997,1.0,2023-06-02_orb87_ASC,orb87_ASC,-11.7224,-17.6747,5.8018
2023-06-02,reference_brief,ndvi<0.3 bare/sparse,627,1.0,2023-06-02_orb87_ASC,orb87_ASC,-13.4353,-19.3606,6.0161
2023-06-02,reference_brief,ndvi0.3-0.6 mixed,8078,1.0,2023-06-02_orb87_ASC,orb87_ASC,-12.249,-17.9114,5.727
2023-06-02,reference_brief,ndvi>0.6 canopy,9327,1.0,2023-06-02_orb87_ASC,orb87_ASC,-9.0824,-14.5491,5.5235
2023-06-02,reference_brief,trees unburnt,7867,1.0,2023-06-02_orb87_ASC,orb87_ASC,-8.8289,-14.2505,5.4526
2023-06-02,reference_brief,grass unburnt,7951,1.0,2023-06-02_orb87_ASC,orb87_ASC,-12.6641,-18.3101,5.6669
2023-06-02,reference_brief,burnt dNBR>0.1,446,1.0,2023-06-02_orb87_ASC,orb87_ASC,-10.3848,-15.7164,5.4819
2023-06-02,box_never_flooded,trees,77056,1.0,2023-06-02_orb87_ASC,orb87_ASC,-8.9698,-14.2934,5.3368
2023-06-02,box_never_flooded,grass,159759,1.0,2023-06-02_orb87_ASC,orb87_ASC,-13.3009,-19.0884,5.9657
2023-06-02,box_never_flooded,cropland,19241,1.0,2023-06-02_orb87_ASC,orb87_ASC,-11.2952,-16.6675,5.3647
2023-06-02,box_never_flooded,wetland,1496,1.0,2023-06-02_orb87_ASC,orb87_ASC,-8.6159,-15.8487,7.212
2023-06-02,box_never_flooded,ndvi<0.3 bare/sparse,63057,1.0,2023-06-02_orb87_ASC,orb87_ASC,-15.4294,-21.768,6.2809
2023-06-02,box_never_flooded,ndvi0.3-0.6 mixed,113963,1.0,2023-06-02_orb87_ASC,orb87_ASC,-12.7128,-18.4342,5.7325
2023-06-02,box_never_flooded,ndvi>0.6 canopy,102709,1.0,2023-06-02_orb87_ASC,orb87_ASC,-9.2921,-14.8281,5.5142
2023-06-02,box_never_flooded,trees unburnt,67221,1.0,2023-06-02_orb87_ASC,orb87_ASC,-8.8479,-14.1791,5.3148
2023-06-02,box_never_flooded,grass unburnt,147101,1.0,2023-06-02_orb87_ASC,orb87_ASC,-13.2779,-19.0471,5.9367
2023-06-02,box_never_flooded,burnt dNBR>0.1,20664,1.0,2023-06-02_orb87_ASC,orb87_ASC,-11.0803,-16.8265,5.8341
2023-06-02,target_P>=0.95,trees,1440,1.0,2023-06-02_orb87_ASC,orb87_ASC,-10.133,-14.9906,4.8446
2023-06-02,target_P>=0.95,grass,31105,1.0,2023-06-02_orb87_ASC,orb87_ASC,-13.0235,-18.9552,5.9549
2023-06-02,target_P>=0.95,cropland,1421,1.0,2023-06-02_orb87_ASC,orb87_ASC,-9.7816,-18.1375,8.4063
2023-06-02,target_P>=0.95,wetland,6481,1.0,2023-06-02_orb87_ASC,orb87_ASC,-9.2144,-15.8701,6.5532
2023-06-02,target_P>=0.95,ndvi<0.3 bare/sparse,5211,1.0,2023-06-02_orb87_ASC,orb87_ASC,-15.3921,-21.8454,6.4368
2023-06-02,target_P>=0.95,ndvi0.3-0.6 mixed,21566,1.0,2023-06-02_orb87_ASC,orb87_ASC,-13.2115,-19.1012,5.9632
2023-06-02,target_P>=0.95,ndvi>0.6 canopy,15566,1.0,2023-06-02_orb87_ASC,orb87_ASC,-10.047,-16.1409,6.0939
2023-06-02,target_P>=0.95,trees unburnt,1059,1.0,2023-06-02_orb87_ASC,orb87_ASC,-9.899,-14.7086,4.7184
2023-06-02,target_P>=0.95,grass unburnt,29511,1.0,2023-06-02_orb87_ASC,orb87_ASC,-12.9772,-18.9116,5.9482
2023-06-02,target_P>=0.95,burnt dNBR>0.1,3411,1.0,2023-06-02_orb87_ASC,orb87_ASC,-12.6417,-17.8864,5.7207
2023-06-02,target_P0.5-0.95,trees,60602,1.0,2023-06-02_orb87_ASC,orb87_ASC,-9.8579,-15.0303,5.2923
2023-06-02,target_P0.5-0.95,grass,37672,1.0,2023-06-02_orb87_ASC,orb87_ASC,-13.0868,-19.052,5.9886
2023-06-02,target_P0.5-0.95,cropland,94,1.0,2023-06-02_orb87_ASC,orb87_ASC,-11.6207,-16.6324,5.1725
2023-06-02,target_P0.5-0.95,wetland,858,1.0,2023-06-02_orb87_ASC,orb87_ASC,-9.4804,-15.8047,6.2032
2023-06-02,target_P0.5-0.95,ndvi<0.3 bare/sparse,11859,1.0,2023-06-02_orb87_ASC,orb87_ASC,-12.9134,-18.8932,6.0003
2023-06-02,target_P0.5-0.95,ndvi0.3-0.6 mixed,45745,1.0,2023-06-02_orb87_ASC,orb87_ASC,-11.999,-17.6897,5.6471
2023-06-02,target_P0.5-0.95,ndvi>0.6 canopy,42392,1.0,2023-06-02_orb87_ASC,orb87_ASC,-9.4004,-14.6669,5.3614
2023-06-02,target_P0.5-0.95,trees unburnt,39829,1.0,2023-06-02_orb87_ASC,orb87_ASC,-9.4446,-14.5399,5.125
2023-06-02,target_P0.5-0.95,grass unburnt,35362,1.0,2023-06-02_orb87_ASC,orb87_ASC,-13.0863,-19.0649,5.9922
2023-06-02,target_P0.5-0.95,burnt dNBR>0.1,23282,1.0,2023-06-02_orb87_ASC,orb87_ASC,-10.9571,-16.6612,5.6439
2023-06-02,target_P<0.5,trees,4231,1.0,2023-06-02_orb87_ASC,orb87_ASC,-9.4123,-14.5574,5.1779
2023-06-02,target_P<0.5,grass,2230,1.0,2023-06-02_orb87_ASC,orb87_ASC,-13.5016,-19.3069,5.8519
2023-06-02,target_P<0.5,ndvi<0.3 bare/sparse,492,1.0,2023-06-02_orb87_ASC,orb87_ASC,-13.197,-19.1065,6.1074
2023-06-02,target_P<0.5,ndvi0.3-0.6 mixed,2668,1.0,2023-06-02_orb87_ASC,orb87_ASC,-12.4687,-18.0871,5.555
2023-06-02,target_P<0.5,ndvi>0.6 canopy,3351,1.0,2023-06-02_orb87_ASC,orb87_ASC,-9.1034,-14.3164,5.2441
2023-06-02,target_P<0.5,trees unburnt,3392,1.0,2023-06-02_orb87_ASC,orb87_ASC,-9.2014,-14.2949,5.0618
2023-06-02,target_P<0.5,grass unburnt,2123,1.0,2023-06-02_orb87_ASC,orb87_ASC,-13.5499,-19.3386,5.827
2023-06-02,target_P<0.5,burnt dNBR>0.1,955,1.0,2023-06-02_orb87_ASC,orb87_ASC,-10.6317,-16.4789,5.8607
2023-06-02,target_d<0.5m,trees,7147,1.0,2023-06-02_orb87_ASC,orb87_ASC,-9.4129,-14.568,5.2033
2023-06-02,target_d<0.5m,grass,11924,1.0,2023-06-02_orb87_ASC,orb87_ASC,-13.2278,-19.0621,5.8394
2023-06-02,target_d<0.5m,cropland,86,1.0,2023-06-02_orb87_ASC,orb87_ASC,-11.1885,-16.4343,5.2835
2023-06-02,target_d<0.5m,wetland,152,1.0,2023-06-02_orb87_ASC,orb87_ASC,-9.1829,-15.6719,6.0878
2023-06-02,target_d<0.5m,ndvi<0.3 bare/sparse,1923,1.0,2023-06-02_orb87_ASC,orb87_ASC,-13.7239,-19.5871,5.8911
2023-06-02,target_d<0.5m,ndvi0.3-0.6 mixed,10205,1.0,2023-06-02_orb87_ASC,orb87_ASC,-12.958,-18.715,5.7144
2023-06-02,target_d<0.5m,ndvi>0.6 canopy,7402,1.0,2023-06-02_orb87_ASC,orb87_ASC,-9.4694,-14.7921,5.4329
2023-06-02,target_d<0.5m,trees unburnt,5519,1.0,2023-06-02_orb87_ASC,orb87_ASC,-9.1562,-14.261,5.0575
2023-06-02,target_d<0.5m,grass unburnt,10997,1.0,2023-06-02_orb87_ASC,orb87_ASC,-13.2488,-19.0896,5.8308
2023-06-02,target_d<0.5m,burnt dNBR>0.1,2596,1.0,2023-06-02_orb87_ASC,orb87_ASC,-11.3564,-17.1133,5.7992
2023-06-02,target_d0.5-1.5m,trees,18695,1.0,2023-06-02_orb87_ASC,orb87_ASC,-9.9102,-15.0664,5.2853
2023-06-02,target_d0.5-1.5m,grass,28115,1.0,2023-06-02_orb87_ASC,orb87_ASC,-13.0617,-19.0818,6.0399
2023-06-02,target_d0.5-1.5m,cropland,213,1.0,2023-06-02_orb87_ASC,orb87_ASC,-10.9135,-17.1645,5.8666
2023-06-02,target_d0.5-1.5m,wetland,1143,1.0,2023-06-02_orb87_ASC,orb87_ASC,-10.3006,-16.2723,5.8627
2023-06-02,target_d0.5-1.5m,ndvi<0.3 bare/sparse,6635,1.0,2023-06-02_orb87_ASC,orb87_ASC,-13.4633,-19.5033,6.1287
2023-06-02,target_d0.5-1.5m,ndvi0.3-0.6 mixed,24738,1.0,2023-06-02_orb87_ASC,orb87_ASC,-12.6568,-18.5668,5.8094
2023-06-02,target_d0.5-1.5m,ndvi>0.6 canopy,17721,1.0,2023-06-02_orb87_ASC,orb87_ASC,-9.7233,-15.1715,5.5179
2023-06-02,target_d0.5-1.5m,trees unburnt,12421,1.0,2023-06-02_orb87_ASC,orb87_ASC,-9.4037,-14.4692,5.0561
2023-06-02,target_d0.5-1.5m,grass unburnt,26460,1.0,2023-06-02_orb87_ASC,orb87_ASC,-13.0443,-19.0748,6.0385
2023-06-02,target_d0.5-1.5m,burnt dNBR>0.1,8394,1.0,2023-06-02_orb87_ASC,orb87_ASC,-11.6012,-17.3802,5.8026
2023-06-02,target_d>=1.5m,trees,40431,1.0,2023-06-02_orb87_ASC,orb87_ASC,-9.8677,-15.042,5.2838
2023-06-02,target_d>=1.5m,grass,30968,1.0,2023-06-02_orb87_ASC,orb87_ASC,-13.0091,-18.9473,5.9567
2023-06-02,target_d>=1.5m,cropland,1223,1.0,2023-06-02_orb87_ASC,orb87_ASC,-9.5243,-18.5669,8.9588
2023-06-02,target_d>=1.5m,wetland,6056,1.0,2023-06-02_orb87_ASC,orb87_ASC,-9.108,-15.7727,6.6536
2023-06-02,target_d>=1.5m,ndvi<0.3 bare/sparse,9004,1.0,2023-06-02_orb87_ASC,orb87_ASC,-13.5355,-19.9839,6.1649
2023-06-02,target_d>=1.5m,ndvi0.3-0.6 mixed,35036,1.0,2023-06-02_orb87_ASC,orb87_ASC,-11.8904,-17.5752,5.696
2023-06-02,target_d>=1.5m,ndvi>0.6 canopy,36186,1.0,2023-06-02_orb87_ASC,orb87_ASC,-9.4311,-14.9297,5.5322
2023-06-02,target_d>=1.5m,trees unburnt,26340,1.0,2023-06-02_orb87_ASC,orb87_ASC,-9.5181,-14.6159,5.1463
2023-06-02,target_d>=1.5m,grass unburnt,29539,1.0,2023-06-02_orb87_ASC,orb87_ASC,-12.9811,-18.9166,5.9524
2023-06-02,target_d>=1.5m,burnt dNBR>0.1,16658,1.0,2023-06-02_orb87_ASC,orb87_ASC,-10.8024,-16.4094,5.5601
2023-06-06,target,trees,66273,0.0,2023-06-06_orb138_DES,orb138_DES,,,
2023-06-06,target,grass,71007,0.0,2023-06-06_orb138_DES,orb138_DES,,,
2023-06-06,target,cropland,1522,0.0,2023-06-06_orb138_DES,orb138_DES,,,
2023-06-06,target,wetland,7351,0.0,2023-06-06_orb138_DES,orb138_DES,,,
2023-06-06,target,ndvi<0.3 bare/sparse,17562,0.0,2023-06-06_orb138_DES,orb138_DES,,,
2023-06-06,target,ndvi0.3-0.6 mixed,69979,0.0,2023-06-06_orb138_DES,orb138_DES,,,
2023-06-06,target,ndvi>0.6 canopy,61309,0.0,2023-06-06_orb138_DES,orb138_DES,,,
2023-06-06,target,trees unburnt,44280,0.0,2023-06-06_orb138_DES,orb138_DES,,,
2023-06-06,target,grass unburnt,66996,0.0,2023-06-06_orb138_DES,orb138_DES,,,
2023-06-06,target,burnt dNBR>0.1,27648,0.0,2023-06-06_orb138_DES,orb138_DES,,,
2023-06-06,control,trees,58110,0.0,2023-06-06_orb138_DES,orb138_DES,,,
2023-06-06,control,grass,139125,0.0,2023-06-06_orb138_DES,orb138_DES,,,
2023-06-06,control,cropland,183810,0.0,2023-06-06_orb138_DES,orb138_DES,,,
2023-06-06,control,wetland,736,0.0,2023-06-06_orb138_DES,orb138_DES,,,
2023-06-06,control,ndvi<0.3 bare/sparse,69576,0.0,2023-06-06_orb138_DES,orb138_DES,,,
2023-06-06,control,ndvi0.3-0.6 mixed,136794,0.0,2023-06-06_orb138_DES,orb138_DES,,,
2023-06-06,control,ndvi>0.6 canopy,145162,0.0,2023-06-06_orb138_DES,orb138_DES,,,
2023-06-06,control,trees unburnt,34081,0.0,2023-06-06_orb138_DES,orb138_DES,,,
2023-06-06,control,grass unburnt,85045,0.0,2023-06-06_orb138_DES,orb138_DES,,,
2023-06-06,control,burnt dNBR>0.1,85035,0.0,2023-06-06_orb138_DES,orb138_DES,,,
2023-06-06,reference,trees,2265,0.182,2023-06-06_orb138_DES,orb138_DES,-8.4671,-14.2737,5.6315
2023-06-06,reference,grass,52960,0.695,2023-06-06_orb138_DES,orb138_DES,-12.0961,-16.8502,4.7223
2023-06-06,reference,cropland,3751,0.697,2023-06-06_orb138_DES,orb138_DES,-10.6211,-15.6885,5.0845
2023-06-06,reference,wetland,38676,0.929,2023-06-06_orb138_DES,orb138_DES,-8.9939,-15.0389,6.1073
2023-06-06,reference,ndvi<0.3 bare/sparse,619,0.0,2023-06-06_orb138_DES,orb138_DES,,,
2023-06-06,reference,ndvi0.3-0.6 mixed,7545,0.0,2023-06-06_orb138_DES,orb138_DES,,,
2023-06-06,reference,ndvi>0.6 canopy,9967,0.0,2023-06-06_orb138_DES,orb138_DES,,,
2023-06-06,reference,trees unburnt,1699,0.0,2023-06-06_orb138_DES,orb138_DES,,,
2023-06-06,reference,grass unburnt,12397,0.0,2023-06-06_orb138_DES,orb138_DES,,,
2023-06-06,reference,burnt dNBR>0.1,675,0.0,2023-06-06_orb138_DES,orb138_DES,,,
2023-06-06,reference_brief,trees,8874,0.03,2023-06-06_orb138_DES,orb138_DES,-9.224,-14.3003,5.0392
2023-06-06,reference_brief,grass,10954,0.055,2023-06-06_orb138_DES,orb138_DES,-11.7983,-16.2107,4.3043
2023-06-06,reference_brief,cropland,997,0.006,2023-06-06_orb138_DES,orb138_DES,-9.8841,-14.4208,4.6552
2023-06-06,reference_brief,ndvi<0.3 bare/sparse,627,0.0,2023-06-06_orb138_DES,orb138_DES,,,
2023-06-06,reference_brief,ndvi0.3-0.6 mixed,8078,0.0,2023-06-06_orb138_DES,orb138_DES,,,
2023-06-06,reference_brief,ndvi>0.6 canopy,9327,0.0,2023-06-06_orb138_DES,orb138_DES,,,
2023-06-06,reference_brief,trees unburnt,7867,0.0,2023-06-06_orb138_DES,orb138_DES,,,
2023-06-06,reference_brief,grass unburnt,7951,0.0,2023-06-06_orb138_DES,orb138_DES,,,
2023-06-06,reference_brief,burnt dNBR>0.1,446,0.0,2023-06-06_orb138_DES,orb138_DES,,,
2023-06-06,box_never_flooded,trees,77056,0.0,2023-06-06_orb138_DES,orb138_DES,,,
2023-06-06,box_never_flooded,grass,159759,0.0,2023-06-06_orb138_DES,orb138_DES,,,
2023-06-06,box_never_flooded,cropland,19241,0.0,2023-06-06_orb138_DES,orb138_DES,,,
2023-06-06,box_never_flooded,wetland,1496,0.0,2023-06-06_orb138_DES,orb138_DES,,,
2023-06-06,box_never_flooded,ndvi<0.3 bare/sparse,63057,0.0,2023-06-06_orb138_DES,orb138_DES,,,
2023-06-06,box_never_flooded,ndvi0.3-0.6 mixed,113963,0.0,2023-06-06_orb138_DES,orb138_DES,,,
2023-06-06,box_never_flooded,ndvi>0.6 canopy,102709,0.0,2023-06-06_orb138_DES,orb138_DES,,,
2023-06-06,box_never_flooded,trees unburnt,67221,0.0,2023-06-06_orb138_DES,orb138_DES,,,
2023-06-06,box_never_flooded,grass unburnt,147101,0.0,2023-06-06_orb138_DES,orb138_DES,,,
2023-06-06,box_never_flooded,burnt dNBR>0.1,20664,0.0,2023-06-06_orb138_DES,orb138_DES,,,
2023-06-06,target_P>=0.95,trees,1440,0.0,2023-06-06_orb138_DES,orb138_DES,,,
2023-06-06,target_P>=0.95,grass,31105,0.0,2023-06-06_orb138_DES,orb138_DES,,,
2023-06-06,target_P>=0.95,cropland,1421,0.0,2023-06-06_orb138_DES,orb138_DES,,,
2023-06-06,target_P>=0.95,wetland,6481,0.0,2023-06-06_orb138_DES,orb138_DES,,,
2023-06-06,target_P>=0.95,ndvi<0.3 bare/sparse,5211,0.0,2023-06-06_orb138_DES,orb138_DES,,,
2023-06-06,target_P>=0.95,ndvi0.3-0.6 mixed,21566,0.0,2023-06-06_orb138_DES,orb138_DES,,,
2023-06-06,target_P>=0.95,ndvi>0.6 canopy,15566,0.0,2023-06-06_orb138_DES,orb138_DES,,,
2023-06-06,target_P>=0.95,trees unburnt,1059,0.0,2023-06-06_orb138_DES,orb138_DES,,,
2023-06-06,target_P>=0.95,grass unburnt,29511,0.0,2023-06-06_orb138_DES,orb138_DES,,,
2023-06-06,target_P>=0.95,burnt dNBR>0.1,3411,0.0,2023-06-06_orb138_DES,orb138_DES,,,
2023-06-06,target_P0.5-0.95,trees,60602,0.0,2023-06-06_orb138_DES,orb138_DES,,,
2023-06-06,target_P0.5-0.95,grass,37672,0.0,2023-06-06_orb138_DES,orb138_DES,,,
2023-06-06,target_P0.5-0.95,cropland,94,0.0,2023-06-06_orb138_DES,orb138_DES,,,
2023-06-06,target_P0.5-0.95,wetland,858,0.0,2023-06-06_orb138_DES,orb138_DES,,,
2023-06-06,target_P0.5-0.95,ndvi<0.3 bare/sparse,11859,0.0,2023-06-06_orb138_DES,orb138_DES,,,
2023-06-06,target_P0.5-0.95,ndvi0.3-0.6 mixed,45745,0.0,2023-06-06_orb138_DES,orb138_DES,,,
2023-06-06,target_P0.5-0.95,ndvi>0.6 canopy,42392,0.0,2023-06-06_orb138_DES,orb138_DES,,,
2023-06-06,target_P0.5-0.95,trees unburnt,39829,0.0,2023-06-06_orb138_DES,orb138_DES,,,
2023-06-06,target_P0.5-0.95,grass unburnt,35362,0.0,2023-06-06_orb138_DES,orb138_DES,,,
2023-06-06,target_P0.5-0.95,burnt dNBR>0.1,23282,0.0,2023-06-06_orb138_DES,orb138_DES,,,
2023-06-06,target_P<0.5,trees,4231,0.0,2023-06-06_orb138_DES,orb138_DES,,,
2023-06-06,target_P<0.5,grass,2230,0.0,2023-06-06_orb138_DES,orb138_DES,,,
2023-06-06,target_P<0.5,ndvi<0.3 bare/sparse,492,0.0,2023-06-06_orb138_DES,orb138_DES,,,
2023-06-06,target_P<0.5,ndvi0.3-0.6 mixed,2668,0.0,2023-06-06_orb138_DES,orb138_DES,,,
2023-06-06,target_P<0.5,ndvi>0.6 canopy,3351,0.0,2023-06-06_orb138_DES,orb138_DES,,,
2023-06-06,target_P<0.5,trees unburnt,3392,0.0,2023-06-06_orb138_DES,orb138_DES,,,
2023-06-06,target_P<0.5,grass unburnt,2123,0.0,2023-06-06_orb138_DES,orb138_DES,,,
2023-06-06,target_P<0.5,burnt dNBR>0.1,955,0.0,2023-06-06_orb138_DES,orb138_DES,,,
2023-06-06,target_d<0.5m,trees,7147,0.0,2023-06-06_orb138_DES,orb138_DES,,,
2023-06-06,target_d<0.5m,grass,11924,0.0,2023-06-06_orb138_DES,orb138_DES,,,
2023-06-06,target_d<0.5m,cropland,86,0.0,2023-06-06_orb138_DES,orb138_DES,,,
2023-06-06,target_d<0.5m,wetland,152,0.0,2023-06-06_orb138_DES,orb138_DES,,,
2023-06-06,target_d<0.5m,ndvi<0.3 bare/sparse,1923,0.0,2023-06-06_orb138_DES,orb138_DES,,,
2023-06-06,target_d<0.5m,ndvi0.3-0.6 mixed,10205,0.0,2023-06-06_orb138_DES,orb138_DES,,,
2023-06-06,target_d<0.5m,ndvi>0.6 canopy,7402,0.0,2023-06-06_orb138_DES,orb138_DES,,,
2023-06-06,target_d<0.5m,trees unburnt,5519,0.0,2023-06-06_orb138_DES,orb138_DES,,,
2023-06-06,target_d<0.5m,grass unburnt,10997,0.0,2023-06-06_orb138_DES,orb138_DES,,,
2023-06-06,target_d<0.5m,burnt dNBR>0.1,2596,0.0,2023-06-06_orb138_DES,orb138_DES,,,
2023-06-06,target_d0.5-1.5m,trees,18695,0.0,2023-06-06_orb138_DES,orb138_DES,,,
2023-06-06,target_d0.5-1.5m,grass,28115,0.0,2023-06-06_orb138_DES,orb138_DES,,,
2023-06-06,target_d0.5-1.5m,cropland,213,0.0,2023-06-06_orb138_DES,orb138_DES,,,
2023-06-06,target_d0.5-1.5m,wetland,1143,0.0,2023-06-06_orb138_DES,orb138_DES,,,
2023-06-06,target_d0.5-1.5m,ndvi<0.3 bare/sparse,6635,0.0,2023-06-06_orb138_DES,orb138_DES,,,
2023-06-06,target_d0.5-1.5m,ndvi0.3-0.6 mixed,24738,0.0,2023-06-06_orb138_DES,orb138_DES,,,
2023-06-06,target_d0.5-1.5m,ndvi>0.6 canopy,17721,0.0,2023-06-06_orb138_DES,orb138_DES,,,
2023-06-06,target_d0.5-1.5m,trees unburnt,12421,0.0,2023-06-06_orb138_DES,orb138_DES,,,
2023-06-06,target_d0.5-1.5m,grass unburnt,26460,0.0,2023-06-06_orb138_DES,orb138_DES,,,
2023-06-06,target_d0.5-1.5m,burnt dNBR>0.1,8394,0.0,2023-06-06_orb138_DES,orb138_DES,,,
2023-06-06,target_d>=1.5m,trees,40431,0.0,2023-06-06_orb138_DES,orb138_DES,,,
2023-06-06,target_d>=1.5m,grass,30968,0.0,2023-06-06_orb138_DES,orb138_DES,,,
2023-06-06,target_d>=1.5m,cropland,1223,0.0,2023-06-06_orb138_DES,orb138_DES,,,
2023-06-06,target_d>=1.5m,wetland,6056,0.0,2023-06-06_orb138_DES,orb138_DES,,,
2023-06-06,target_d>=1.5m,ndvi<0.3 bare/sparse,9004,0.0,2023-06-06_orb138_DES,orb138_DES,,,
2023-06-06,target_d>=1.5m,ndvi0.3-0.6 mixed,35036,0.0,2023-06-06_orb138_DES,orb138_DES,,,
2023-06-06,target_d>=1.5m,ndvi>0.6 canopy,36186,0.0,2023-06-06_orb138_DES,orb138_DES,,,
2023-06-06,target_d>=1.5m,trees unburnt,26340,0.0,2023-06-06_orb138_DES,orb138_DES,,,
2023-06-06,target_d>=1.5m,grass unburnt,29539,0.0,2023-06-06_orb138_DES,orb138_DES,,,
2023-06-06,target_d>=1.5m,burnt dNBR>0.1,16658,0.0,2023-06-06_orb138_DES,orb138_DES,,,
2023-06-08,target,trees,66273,0.0,2023-06-08_orb167_DES,orb167_DES,,,
2023-06-08,target,grass,71007,0.0,2023-06-08_orb167_DES,orb167_DES,,,
2023-06-08,target,cropland,1522,0.0,2023-06-08_orb167_DES,orb167_DES,,,
2023-06-08,target,wetland,7351,0.0,2023-06-08_orb167_DES,orb167_DES,,,
2023-06-08,target,ndvi<0.3 bare/sparse,17562,0.0,2023-06-08_orb167_DES,orb167_DES,,,
2023-06-08,target,ndvi0.3-0.6 mixed,69979,0.0,2023-06-08_orb167_DES,orb167_DES,,,
2023-06-08,target,ndvi>0.6 canopy,61309,0.0,2023-06-08_orb167_DES,orb167_DES,,,
2023-06-08,target,trees unburnt,44280,0.0,2023-06-08_orb167_DES,orb167_DES,,,
2023-06-08,target,grass unburnt,66996,0.0,2023-06-08_orb167_DES,orb167_DES,,,
2023-06-08,target,burnt dNBR>0.1,27648,0.0,2023-06-08_orb167_DES,orb167_DES,,,
2023-06-08,control,trees,58110,0.0,2023-06-08_orb167_DES,orb167_DES,,,
2023-06-08,control,grass,139125,0.0,2023-06-08_orb167_DES,orb167_DES,,,
2023-06-08,control,cropland,183810,0.0,2023-06-08_orb167_DES,orb167_DES,,,
2023-06-08,control,wetland,736,0.0,2023-06-08_orb167_DES,orb167_DES,,,
2023-06-08,control,ndvi<0.3 bare/sparse,69576,0.0,2023-06-08_orb167_DES,orb167_DES,,,
2023-06-08,control,ndvi0.3-0.6 mixed,136794,0.0,2023-06-08_orb167_DES,orb167_DES,,,
2023-06-08,control,ndvi>0.6 canopy,145162,0.0,2023-06-08_orb167_DES,orb167_DES,,,
2023-06-08,control,trees unburnt,34081,0.0,2023-06-08_orb167_DES,orb167_DES,,,
2023-06-08,control,grass unburnt,85045,0.0,2023-06-08_orb167_DES,orb167_DES,,,
2023-06-08,control,burnt dNBR>0.1,85035,0.0,2023-06-08_orb167_DES,orb167_DES,,,
2023-06-08,reference,trees,2265,0.0,2023-06-08_orb167_DES,orb167_DES,,,
2023-06-08,reference,grass,52960,0.0,2023-06-08_orb167_DES,orb167_DES,,,
2023-06-08,reference,cropland,3751,0.0,2023-06-08_orb167_DES,orb167_DES,,,
2023-06-08,reference,wetland,38676,0.0,2023-06-08_orb167_DES,orb167_DES,,,
2023-06-08,reference,ndvi<0.3 bare/sparse,619,0.0,2023-06-08_orb167_DES,orb167_DES,,,
2023-06-08,reference,ndvi0.3-0.6 mixed,7545,0.0,2023-06-08_orb167_DES,orb167_DES,,,
2023-06-08,reference,ndvi>0.6 canopy,9967,0.0,2023-06-08_orb167_DES,orb167_DES,,,
2023-06-08,reference,trees unburnt,1699,0.0,2023-06-08_orb167_DES,orb167_DES,,,
2023-06-08,reference,grass unburnt,12397,0.0,2023-06-08_orb167_DES,orb167_DES,,,
2023-06-08,reference,burnt dNBR>0.1,675,0.0,2023-06-08_orb167_DES,orb167_DES,,,
2023-06-08,reference_brief,trees,8874,0.0,2023-06-08_orb167_DES,orb167_DES,,,
2023-06-08,reference_brief,grass,10954,0.0,2023-06-08_orb167_DES,orb167_DES,,,
2023-06-08,reference_brief,cropland,997,0.0,2023-06-08_orb167_DES,orb167_DES,,,
2023-06-08,reference_brief,ndvi<0.3 bare/sparse,627,0.0,2023-06-08_orb167_DES,orb167_DES,,,
2023-06-08,reference_brief,ndvi0.3-0.6 mixed,8078,0.0,2023-06-08_orb167_DES,orb167_DES,,,
2023-06-08,reference_brief,ndvi>0.6 canopy,9327,0.0,2023-06-08_orb167_DES,orb167_DES,,,
2023-06-08,reference_brief,trees unburnt,7867,0.0,2023-06-08_orb167_DES,orb167_DES,,,
2023-06-08,reference_brief,grass unburnt,7951,0.0,2023-06-08_orb167_DES,orb167_DES,,,
2023-06-08,reference_brief,burnt dNBR>0.1,446,0.0,2023-06-08_orb167_DES,orb167_DES,,,
2023-06-08,box_never_flooded,trees,77056,0.0,2023-06-08_orb167_DES,orb167_DES,,,
2023-06-08,box_never_flooded,grass,159759,0.0,2023-06-08_orb167_DES,orb167_DES,,,
2023-06-08,box_never_flooded,cropland,19241,0.0,2023-06-08_orb167_DES,orb167_DES,,,
2023-06-08,box_never_flooded,wetland,1496,0.0,2023-06-08_orb167_DES,orb167_DES,,,
2023-06-08,box_never_flooded,ndvi<0.3 bare/sparse,63057,0.0,2023-06-08_orb167_DES,orb167_DES,,,
2023-06-08,box_never_flooded,ndvi0.3-0.6 mixed,113963,0.0,2023-06-08_orb167_DES,orb167_DES,,,
2023-06-08,box_never_flooded,ndvi>0.6 canopy,102709,0.0,2023-06-08_orb167_DES,orb167_DES,,,
2023-06-08,box_never_flooded,trees unburnt,67221,0.0,2023-06-08_orb167_DES,orb167_DES,,,
2023-06-08,box_never_flooded,grass unburnt,147101,0.0,2023-06-08_orb167_DES,orb167_DES,,,
2023-06-08,box_never_flooded,burnt dNBR>0.1,20664,0.0,2023-06-08_orb167_DES,orb167_DES,,,
2023-06-08,target_P>=0.95,trees,1440,0.0,2023-06-08_orb167_DES,orb167_DES,,,
2023-06-08,target_P>=0.95,grass,31105,0.0,2023-06-08_orb167_DES,orb167_DES,,,
2023-06-08,target_P>=0.95,cropland,1421,0.0,2023-06-08_orb167_DES,orb167_DES,,,
2023-06-08,target_P>=0.95,wetland,6481,0.0,2023-06-08_orb167_DES,orb167_DES,,,
2023-06-08,target_P>=0.95,ndvi<0.3 bare/sparse,5211,0.0,2023-06-08_orb167_DES,orb167_DES,,,
2023-06-08,target_P>=0.95,ndvi0.3-0.6 mixed,21566,0.0,2023-06-08_orb167_DES,orb167_DES,,,
2023-06-08,target_P>=0.95,ndvi>0.6 canopy,15566,0.0,2023-06-08_orb167_DES,orb167_DES,,,
2023-06-08,target_P>=0.95,trees unburnt,1059,0.0,2023-06-08_orb167_DES,orb167_DES,,,
2023-06-08,target_P>=0.95,grass unburnt,29511,0.0,2023-06-08_orb167_DES,orb167_DES,,,
2023-06-08,target_P>=0.95,burnt dNBR>0.1,3411,0.0,2023-06-08_orb167_DES,orb167_DES,,,
2023-06-08,target_P0.5-0.95,trees,60602,0.0,2023-06-08_orb167_DES,orb167_DES,,,
2023-06-08,target_P0.5-0.95,grass,37672,0.0,2023-06-08_orb167_DES,orb167_DES,,,
2023-06-08,target_P0.5-0.95,cropland,94,0.0,2023-06-08_orb167_DES,orb167_DES,,,
2023-06-08,target_P0.5-0.95,wetland,858,0.0,2023-06-08_orb167_DES,orb167_DES,,,
2023-06-08,target_P0.5-0.95,ndvi<0.3 bare/sparse,11859,0.0,2023-06-08_orb167_DES,orb167_DES,,,
2023-06-08,target_P0.5-0.95,ndvi0.3-0.6 mixed,45745,0.0,2023-06-08_orb167_DES,orb167_DES,,,
2023-06-08,target_P0.5-0.95,ndvi>0.6 canopy,42392,0.0,2023-06-08_orb167_DES,orb167_DES,,,
2023-06-08,target_P0.5-0.95,trees unburnt,39829,0.0,2023-06-08_orb167_DES,orb167_DES,,,
2023-06-08,target_P0.5-0.95,grass unburnt,35362,0.0,2023-06-08_orb167_DES,orb167_DES,,,
2023-06-08,target_P0.5-0.95,burnt dNBR>0.1,23282,0.0,2023-06-08_orb167_DES,orb167_DES,,,
2023-06-08,target_P<0.5,trees,4231,0.0,2023-06-08_orb167_DES,orb167_DES,,,
2023-06-08,target_P<0.5,grass,2230,0.0,2023-06-08_orb167_DES,orb167_DES,,,
2023-06-08,target_P<0.5,ndvi<0.3 bare/sparse,492,0.0,2023-06-08_orb167_DES,orb167_DES,,,
2023-06-08,target_P<0.5,ndvi0.3-0.6 mixed,2668,0.0,2023-06-08_orb167_DES,orb167_DES,,,
2023-06-08,target_P<0.5,ndvi>0.6 canopy,3351,0.0,2023-06-08_orb167_DES,orb167_DES,,,
2023-06-08,target_P<0.5,trees unburnt,3392,0.0,2023-06-08_orb167_DES,orb167_DES,,,
2023-06-08,target_P<0.5,grass unburnt,2123,0.0,2023-06-08_orb167_DES,orb167_DES,,,
2023-06-08,target_P<0.5,burnt dNBR>0.1,955,0.0,2023-06-08_orb167_DES,orb167_DES,,,
2023-06-08,target_d<0.5m,trees,7147,0.0,2023-06-08_orb167_DES,orb167_DES,,,
2023-06-08,target_d<0.5m,grass,11924,0.0,2023-06-08_orb167_DES,orb167_DES,,,
2023-06-08,target_d<0.5m,cropland,86,0.0,2023-06-08_orb167_DES,orb167_DES,,,
2023-06-08,target_d<0.5m,wetland,152,0.0,2023-06-08_orb167_DES,orb167_DES,,,
2023-06-08,target_d<0.5m,ndvi<0.3 bare/sparse,1923,0.0,2023-06-08_orb167_DES,orb167_DES,,,
2023-06-08,target_d<0.5m,ndvi0.3-0.6 mixed,10205,0.0,2023-06-08_orb167_DES,orb167_DES,,,
2023-06-08,target_d<0.5m,ndvi>0.6 canopy,7402,0.0,2023-06-08_orb167_DES,orb167_DES,,,
2023-06-08,target_d<0.5m,trees unburnt,5519,0.0,2023-06-08_orb167_DES,orb167_DES,,,
2023-06-08,target_d<0.5m,grass unburnt,10997,0.0,2023-06-08_orb167_DES,orb167_DES,,,
2023-06-08,target_d<0.5m,burnt dNBR>0.1,2596,0.0,2023-06-08_orb167_DES,orb167_DES,,,
2023-06-08,target_d0.5-1.5m,trees,18695,0.0,2023-06-08_orb167_DES,orb167_DES,,,
2023-06-08,target_d0.5-1.5m,grass,28115,0.0,2023-06-08_orb167_DES,orb167_DES,,,
2023-06-08,target_d0.5-1.5m,cropland,213,0.0,2023-06-08_orb167_DES,orb167_DES,,,
2023-06-08,target_d0.5-1.5m,wetland,1143,0.0,2023-06-08_orb167_DES,orb167_DES,,,
2023-06-08,target_d0.5-1.5m,ndvi<0.3 bare/sparse,6635,0.0,2023-06-08_orb167_DES,orb167_DES,,,
2023-06-08,target_d0.5-1.5m,ndvi0.3-0.6 mixed,24738,0.0,2023-06-08_orb167_DES,orb167_DES,,,
2023-06-08,target_d0.5-1.5m,ndvi>0.6 canopy,17721,0.0,2023-06-08_orb167_DES,orb167_DES,,,
2023-06-08,target_d0.5-1.5m,trees unburnt,12421,0.0,2023-06-08_orb167_DES,orb167_DES,,,
2023-06-08,target_d0.5-1.5m,grass unburnt,26460,0.0,2023-06-08_orb167_DES,orb167_DES,,,
2023-06-08,target_d0.5-1.5m,burnt dNBR>0.1,8394,0.0,2023-06-08_orb167_DES,orb167_DES,,,
2023-06-08,target_d>=1.5m,trees,40431,0.0,2023-06-08_orb167_DES,orb167_DES,,,
2023-06-08,target_d>=1.5m,grass,30968,0.0,2023-06-08_orb167_DES,orb167_DES,,,
2023-06-08,target_d>=1.5m,cropland,1223,0.0,2023-06-08_orb167_DES,orb167_DES,,,
2023-06-08,target_d>=1.5m,wetland,6056,0.0,2023-06-08_orb167_DES,orb167_DES,,,
2023-06-08,target_d>=1.5m,ndvi<0.3 bare/sparse,9004,0.0,2023-06-08_orb167_DES,orb167_DES,,,
2023-06-08,target_d>=1.5m,ndvi0.3-0.6 mixed,35036,0.0,2023-06-08_orb167_DES,orb167_DES,,,
2023-06-08,target_d>=1.5m,ndvi>0.6 canopy,36186,0.0,2023-06-08_orb167_DES,orb167_DES,,,
2023-06-08,target_d>=1.5m,trees unburnt,26340,0.0,2023-06-08_orb167_DES,orb167_DES,,,
2023-06-08,target_d>=1.5m,grass unburnt,29539,0.0,2023-06-08_orb167_DES,orb167_DES,,,
2023-06-08,target_d>=1.5m,burnt dNBR>0.1,16658,0.0,2023-06-08_orb167_DES,orb167_DES,,,
2023-06-09,target,trees,66273,1.0,2023-06-09_orb14_ASC,orb14_ASC,-8.9204,-14.4563,5.5491
2023-06-09,target,grass,71007,1.0,2023-06-09_orb14_ASC,orb14_ASC,-12.728,-18.408,5.6322
2023-06-09,target,cropland,1522,1.0,2023-06-09_orb14_ASC,orb14_ASC,-11.5631,-18.0239,6.5536
2023-06-09,target,wetland,7351,1.0,2023-06-09_orb14_ASC,orb14_ASC,-10.1339,-15.659,5.6054
2023-06-09,target,ndvi<0.3 bare/sparse,17562,1.0,2023-06-09_orb14_ASC,orb14_ASC,-12.2523,-18.5918,6.494
2023-06-09,target,ndvi0.3-0.6 mixed,69979,1.0,2023-06-09_orb14_ASC,orb14_ASC,-11.7221,-17.5126,5.6907
2023-06-09,target,ndvi>0.6 canopy,61309,1.0,2023-06-09_orb14_ASC,orb14_ASC,-9.4194,-14.7177,5.3188
2023-06-09,target,trees unburnt,44280,1.0,2023-06-09_orb14_ASC,orb14_ASC,-9.0509,-14.1651,5.1212
2023-06-09,target,grass unburnt,66996,1.0,2023-06-09_orb14_ASC,orb14_ASC,-12.7745,-18.4193,5.5905
2023-06-09,target,burnt dNBR>0.1,27648,1.0,2023-06-09_orb14_ASC,orb14_ASC,-9.0747,-15.6306,6.4527
2023-06-09,control,trees,58110,1.0,2023-06-09_orb14_ASC,orb14_ASC,-9.5263,-14.3957,4.9157
2023-06-09,control,grass,139125,1.0,2023-06-09_orb14_ASC,orb14_ASC,-12.8737,-18.1917,5.4234
2023-06-09,control,cropland,183810,1.0,2023-06-09_orb14_ASC,orb14_ASC,-11.564,-17.0235,5.3429
2023-06-09,control,wetland,736,1.0,2023-06-09_orb14_ASC,orb14_ASC,-10.632,-16.3374,6.0109
2023-06-09,control,ndvi<0.3 bare/sparse,69576,1.0,2023-06-09_orb14_ASC,orb14_ASC,-14.5406,-20.4834,5.9543
2023-06-09,control,ndvi0.3-0.6 mixed,136794,1.0,2023-06-09_orb14_ASC,orb14_ASC,-11.8101,-17.2902,5.5548
2023-06-09,control,ndvi>0.6 canopy,145162,1.0,2023-06-09_orb14_ASC,orb14_ASC,-10.5149,-15.7803,5.154
2023-06-09,control,trees unburnt,34081,1.0,2023-06-09_orb14_ASC,orb14_ASC,-9.3087,-14.2506,4.9678
2023-06-09,control,grass unburnt,85045,1.0,2023-06-09_orb14_ASC,orb14_ASC,-12.3705,-17.8183,5.5244
2023-06-09,control,burnt dNBR>0.1,85035,1.0,2023-06-09_orb14_ASC,orb14_ASC,-11.7932,-17.4697,5.6506
2023-06-09,reference,trees,2265,1.0,2023-06-09_orb14_ASC,orb14_ASC,-15.4247,-21.3269,5.9096
2023-06-09,reference,grass,52960,1.0,2023-06-09_orb14_ASC,orb14_ASC,-15.2905,-21.8398,6.6008
2023-06-09,reference,cropland,3751,1.0,2023-06-09_orb14_ASC,orb14_ASC,-14.6828,-22.0132,7.3936
2023-06-09,reference,wetland,38676,1.0,2023-06-09_orb14_ASC,orb14_ASC,-14.825,-21.8565,7.057
2023-06-09,reference,ndvi<0.3 bare/sparse,619,1.0,2023-06-09_orb14_ASC,orb14_ASC,-16.6317,-21.8285,5.3157
2023-06-09,reference,ndvi0.3-0.6 mixed,7545,1.0,2023-06-09_orb14_ASC,orb14_ASC,-16.2147,-21.968,5.8205
2023-06-09,reference,ndvi>0.6 canopy,9967,1.0,2023-06-09_orb14_ASC,orb14_ASC,-15.9232,-21.8405,5.9236
2023-06-09,reference,trees unburnt,1699,1.0,2023-06-09_orb14_ASC,orb14_ASC,-15.6754,-21.4643,5.8056
2023-06-09,reference,grass unburnt,12397,1.0,2023-06-09_orb14_ASC,orb14_ASC,-16.1209,-22.0084,5.9133
2023-06-09,reference,burnt dNBR>0.1,675,1.0,2023-06-09_orb14_ASC,orb14_ASC,-15.9126,-21.753,5.8687
2023-06-09,reference_brief,trees,8874,1.0,2023-06-09_orb14_ASC,orb14_ASC,-8.2575,-13.4979,5.2447
2023-06-09,reference_brief,grass,10954,1.0,2023-06-09_orb14_ASC,orb14_ASC,-10.1635,-16.2568,5.909
2023-06-09,reference_brief,cropland,997,1.0,2023-06-09_orb14_ASC,orb14_ASC,-8.474,-14.9516,6.2524
2023-06-09,reference_brief,ndvi<0.3 bare/sparse,627,1.0,2023-06-09_orb14_ASC,orb14_ASC,-9.6869,-16.4272,6.693
2023-06-09,reference_brief,ndvi0.3-0.6 mixed,8078,1.0,2023-06-09_orb14_ASC,orb14_ASC,-9.4114,-15.6223,6.29
2023-06-09,reference_brief,ndvi>0.6 canopy,9327,1.0,2023-06-09_orb14_ASC,orb14_ASC,-8.4902,-13.7636,5.3109
2023-06-09,reference_brief,trees unburnt,7867,1.0,2023-06-09_orb14_ASC,orb14_ASC,-8.2603,-13.5227,5.2779
2023-06-09,reference_brief,grass unburnt,7951,1.0,2023-06-09_orb14_ASC,orb14_ASC,-10.019,-16.1873,6.0461
2023-06-09,reference_brief,burnt dNBR>0.1,446,1.0,2023-06-09_orb14_ASC,orb14_ASC,-8.5007,-14.4853,5.8582
2023-06-09,box_never_flooded,trees,77056,1.0,2023-06-09_orb14_ASC,orb14_ASC,-9.0081,-14.2582,5.2621
2023-06-09,box_never_flooded,grass,159759,1.0,2023-06-09_orb14_ASC,orb14_ASC,-13.5186,-18.7799,5.3262
2023-06-09,box_never_flooded,cropland,19241,1.0,2023-06-09_orb14_ASC,orb14_ASC,-11.6348,-16.839,5.1577
2023-06-09,box_never_flooded,wetland,1496,1.0,2023-06-09_orb14_ASC,orb14_ASC,-9.1382,-15.3366,6.2286
2023-06-09,box_never_flooded,ndvi<0.3 bare/sparse,63057,1.0,2023-06-09_orb14_ASC,orb14_ASC,-14.9476,-20.4316,5.4913
2023-06-09,box_never_flooded,ndvi0.3-0.6 mixed,113963,1.0,2023-06-09_orb14_ASC,orb14_ASC,-12.988,-18.246,5.2428
2023-06-09,box_never_flooded,ndvi>0.6 canopy,102709,1.0,2023-06-09_orb14_ASC,orb14_ASC,-9.5071,-14.8513,5.3184
2023-06-09,box_never_flooded,trees unburnt,67221,1.0,2023-06-09_orb14_ASC,orb14_ASC,-8.9607,-14.1666,5.2048
2023-06-09,box_never_flooded,grass unburnt,147101,1.0,2023-06-09_orb14_ASC,orb14_ASC,-13.527,-18.7743,5.3072
2023-06-09,box_never_flooded,burnt dNBR>0.1,20664,1.0,2023-06-09_orb14_ASC,orb14_ASC,-10.9245,-16.5534,5.6248
2023-06-09,target_P>=0.95,trees,1440,1.0,2023-06-09_orb14_ASC,orb14_ASC,-10.0863,-15.0089,5.207
2023-06-09,target_P>=0.95,grass,31105,1.0,2023-06-09_orb14_ASC,orb14_ASC,-12.6222,-18.448,5.724
2023-06-09,target_P>=0.95,cropland,1421,1.0,2023-06-09_orb14_ASC,orb14_ASC,-11.5436,-18.1242,6.6837
2023-06-09,target_P>=0.95,wetland,6481,1.0,2023-06-09_orb14_ASC,orb14_ASC,-10.1549,-15.6621,5.6042
2023-06-09,target_P>=0.95,ndvi<0.3 bare/sparse,5211,1.0,2023-06-09_orb14_ASC,orb14_ASC,-14.4155,-20.5712,6.2156
2023-06-09,target_P>=0.95,ndvi0.3-0.6 mixed,21566,1.0,2023-06-09_orb14_ASC,orb14_ASC,-12.8022,-18.5868,5.7979
2023-06-09,target_P>=0.95,ndvi>0.6 canopy,15566,1.0,2023-06-09_orb14_ASC,orb14_ASC,-10.4977,-15.9971,5.5725
2023-06-09,target_P>=0.95,trees unburnt,1059,1.0,2023-06-09_orb14_ASC,orb14_ASC,-9.751,-14.4653,4.9212
2023-06-09,target_P>=0.95,grass unburnt,29511,1.0,2023-06-09_orb14_ASC,orb14_ASC,-12.6076,-18.4062,5.697
2023-06-09,target_P>=0.95,burnt dNBR>0.1,3411,1.0,2023-06-09_orb14_ASC,orb14_ASC,-12.0465,-17.5913,5.8324
2023-06-09,target_P0.5-0.95,trees,60602,1.0,2023-06-09_orb14_ASC,orb14_ASC,-8.8867,-14.4575,5.5786
2023-06-09,target_P0.5-0.95,grass,37672,1.0,2023-06-09_orb14_ASC,orb14_ASC,-12.7782,-18.3626,5.5654
2023-06-09,target_P0.5-0.95,cropland,94,1.0,2023-06-09_orb14_ASC,orb14_ASC,-12.0869,-16.6234,4.9265
2023-06-09,target_P0.5-0.95,wetland,858,1.0,2023-06-09_orb14_ASC,orb14_ASC,-10.0642,-15.6131,5.6134
2023-06-09,target_P0.5-0.95,ndvi<0.3 bare/sparse,11859,1.0,2023-06-09_orb14_ASC,orb14_ASC,-10.9754,-17.5366,6.6293
2023-06-09,target_P0.5-0.95,ndvi0.3-0.6 mixed,45745,1.0,2023-06-09_orb14_ASC,orb14_ASC,-11.1785,-16.9587,5.6563
2023-06-09,target_P0.5-0.95,ndvi>0.6 canopy,42392,1.0,2023-06-09_orb14_ASC,orb14_ASC,-9.0879,-14.324,5.2486
2023-06-09,target_P0.5-0.95,trees unburnt,39829,1.0,2023-06-09_orb14_ASC,orb14_ASC,-9.0239,-14.1587,5.1348
2023-06-09,target_P0.5-0.95,grass unburnt,35362,1.0,2023-06-09_orb14_ASC,orb14_ASC,-12.8656,-18.4125,5.5151
2023-06-09,target_P0.5-0.95,burnt dNBR>0.1,23282,1.0,2023-06-09_orb14_ASC,orb14_ASC,-8.738,-15.4003,6.5406
2023-06-09,target_P<0.5,trees,4231,1.0,2023-06-09_orb14_ASC,orb14_ASC,-8.9726,-14.2971,5.2794
2023-06-09,target_P<0.5,grass,2230,1.0,2023-06-09_orb14_ASC,orb14_ASC,-13.2271,-18.6813,5.4369
2023-06-09,target_P<0.5,ndvi<0.3 bare/sparse,492,1.0,2023-06-09_orb14_ASC,orb14_ASC,-11.0651,-18.0463,6.8543
2023-06-09,target_P<0.5,ndvi0.3-0.6 mixed,2668,1.0,2023-06-09_orb14_ASC,orb14_ASC,-12.0631,-17.4741,5.4238
2023-06-09,target_P<0.5,ndvi>0.6 canopy,3351,1.0,2023-06-09_orb14_ASC,orb14_ASC,-8.9958,-14.1065,5.1051
2023-06-09,target_P<0.5,trees unburnt,3392,1.0,2023-06-09_orb14_ASC,orb14_ASC,-9.1135,-14.1336,4.9924
2023-06-09,target_P<0.5,grass unburnt,2123,1.0,2023-06-09_orb14_ASC,orb14_ASC,-13.3122,-18.7316,5.4038
2023-06-09,target_P<0.5,burnt dNBR>0.1,955,1.0,2023-06-09_orb14_ASC,orb14_ASC,-8.4534,-15.1805,6.7295
2023-06-09,target_d<0.5m,trees,7147,1.0,2023-06-09_orb14_ASC,orb14_ASC,-8.8977,-14.2141,5.284
2023-06-09,target_d<0.5m,grass,11924,1.0,2023-06-09_orb14_ASC,orb14_ASC,-12.7442,-18.2515,5.5256
2023-06-09,target_d<0.5m,cropland,86,1.0,2023-06-09_orb14_ASC,orb14_ASC,-11.6385,-16.2483,4.9502
2023-06-09,target_d<0.5m,wetland,152,1.0,2023-06-09_orb14_ASC,orb14_ASC,-9.8913,-15.6405,5.6311
2023-06-09,target_d<0.5m,ndvi<0.3 bare/sparse,1923,1.0,2023-06-09_orb14_ASC,orb14_ASC,-11.9227,-18.3076,6.366
2023-06-09,target_d<0.5m,ndvi0.3-0.6 mixed,10205,1.0,2023-06-09_orb14_ASC,orb14_ASC,-12.3693,-17.905,5.5221
2023-06-09,target_d<0.5m,ndvi>0.6 canopy,7402,1.0,2023-06-09_orb14_ASC,orb14_ASC,-9.4653,-14.5793,5.1144
2023-06-09,target_d<0.5m,trees unburnt,5519,1.0,2023-06-09_orb14_ASC,orb14_ASC,-8.9595,-13.9997,4.9924
2023-06-09,target_d<0.5m,grass unburnt,10997,1.0,2023-06-09_orb14_ASC,orb14_ASC,-12.9198,-18.3315,5.4469
2023-06-09,target_d<0.5m,burnt dNBR>0.1,2596,1.0,2023-06-09_orb14_ASC,orb14_ASC,-9.38,-15.9076,6.4959
2023-06-09,target_d0.5-1.5m,trees,18695,1.0,2023-06-09_orb14_ASC,orb14_ASC,-9.249,-14.6556,5.4589
2023-06-09,target_d0.5-1.5m,grass,28115,1.0,2023-06-09_orb14_ASC,orb14_ASC,-12.8179,-18.4347,5.5946
2023-06-09,target_d0.5-1.5m,cropland,213,1.0,2023-06-09_orb14_ASC,orb14_ASC,-11.2065,-16.7861,5.6875
2023-06-09,target_d0.5-1.5m,wetland,1143,1.0,2023-06-09_orb14_ASC,orb14_ASC,-10.7245,-16.0125,5.298
2023-06-09,target_d0.5-1.5m,ndvi<0.3 bare/sparse,6635,1.0,2023-06-09_orb14_ASC,orb14_ASC,-12.5295,-18.4876,6.2086
2023-06-09,target_d0.5-1.5m,ndvi0.3-0.6 mixed,24738,1.0,2023-06-09_orb14_ASC,orb14_ASC,-12.1246,-17.8491,5.6386
2023-06-09,target_d0.5-1.5m,ndvi>0.6 canopy,17721,1.0,2023-06-09_orb14_ASC,orb14_ASC,-9.8434,-15.0023,5.2189
2023-06-09,target_d0.5-1.5m,trees unburnt,12421,1.0,2023-06-09_orb14_ASC,orb14_ASC,-9.2876,-14.2412,4.9837
2023-06-09,target_d0.5-1.5m,grass unburnt,26460,1.0,2023-06-09_orb14_ASC,orb14_ASC,-12.8605,-18.4513,5.5548
2023-06-09,target_d0.5-1.5m,burnt dNBR>0.1,8394,1.0,2023-06-09_orb14_ASC,orb14_ASC,-9.687,-16.1884,6.4537
2023-06-09,target_d>=1.5m,trees,40431,1.0,2023-06-09_orb14_ASC,orb14_ASC,-8.7635,-14.4048,5.6449
2023-06-09,target_d>=1.5m,grass,30968,1.0,2023-06-09_orb14_ASC,orb14_ASC,-12.6328,-18.4529,5.7053
2023-06-09,target_d>=1.5m,cropland,1223,1.0,2023-06-09_orb14_ASC,orb14_ASC,-11.5954,-18.4804,6.883
2023-06-09,target_d>=1.5m,wetland,6056,1.0,2023-06-09_orb14_ASC,orb14_ASC,-10.0317,-15.5746,5.664
2023-06-09,target_d>=1.5m,ndvi<0.3 bare/sparse,9004,1.0,2023-06-09_orb14_ASC,orb14_ASC,-12.1081,-18.8022,6.7668
2023-06-09,target_d>=1.5m,ndvi0.3-0.6 mixed,35036,1.0,2023-06-09_orb14_ASC,orb14_ASC,-11.2212,-17.0601,5.7867
2023-06-09,target_d>=1.5m,ndvi>0.6 canopy,36186,1.0,2023-06-09_orb14_ASC,orb14_ASC,-9.1949,-14.6091,5.4133
2023-06-09,target_d>=1.5m,trees unburnt,26340,1.0,2023-06-09_orb14_ASC,orb14_ASC,-8.9491,-14.1699,5.2058
2023-06-09,target_d>=1.5m,grass unburnt,29539,1.0,2023-06-09_orb14_ASC,orb14_ASC,-12.6356,-18.4261,5.6809
2023-06-09,target_d>=1.5m,burnt dNBR>0.1,16658,1.0,2023-06-09_orb14_ASC,orb14_ASC,-8.7605,-15.3194,6.4501
2023-06-13,target,trees,66273,1.0,2023-06-13_orb65_DES,orb65_DES,-8.2015,-13.4267,5.2325
2023-06-13,target,grass,71007,1.0,2023-06-13_orb65_DES,orb65_DES,-10.7921,-16.7225,5.9935
2023-06-13,target,cropland,1522,1.0,2023-06-13_orb65_DES,orb65_DES,-9.5935,-16.5949,6.8743
2023-06-13,target,wetland,7351,1.0,2023-06-13_orb65_DES,orb65_DES,-9.2714,-15.1748,5.8605
2023-06-13,target,ndvi<0.3 bare/sparse,17562,1.0,2023-06-13_orb65_DES,orb65_DES,-9.801,-16.2159,6.4503
2023-06-13,target,ndvi0.3-0.6 mixed,69979,1.0,2023-06-13_orb65_DES,orb65_DES,-9.9417,-15.7167,5.7858
2023-06-13,target,ndvi>0.6 canopy,61309,1.0,2023-06-13_orb65_DES,orb65_DES,-8.7115,-14.0045,5.2704
2023-06-13,target,trees unburnt,44280,1.0,2023-06-13_orb65_DES,orb65_DES,-8.4565,-13.4468,4.9908
2023-06-13,target,grass unburnt,66996,1.0,2023-06-13_orb65_DES,orb65_DES,-10.8141,-16.7303,5.9843
2023-06-13,target,burnt dNBR>0.1,27648,1.0,2023-06-13_orb65_DES,orb65_DES,-8.0148,-13.7913,5.7997
2023-06-13,control,trees,58110,1.0,2023-06-13_orb65_DES,orb65_DES,-8.4176,-13.3481,4.9286
2023-06-13,control,grass,139125,1.0,2023-06-13_orb65_DES,orb65_DES,-10.6111,-16.2449,5.9442
2023-06-13,control,cropland,183810,1.0,2023-06-13_orb65_DES,orb65_DES,-8.4726,-13.739,5.2108
2023-06-13,control,wetland,736,1.0,2023-06-13_orb65_DES,orb65_DES,-8.4505,-14.008,5.552
2023-06-13,control,ndvi<0.3 bare/sparse,69576,1.0,2023-06-13_orb65_DES,orb65_DES,-12.6203,-19.4058,6.6651
2023-06-13,control,ndvi0.3-0.6 mixed,136794,1.0,2023-06-13_orb65_DES,orb65_DES,-9.0194,-14.2424,5.3866
2023-06-13,control,ndvi>0.6 canopy,145162,1.0,2023-06-13_orb65_DES,orb65_DES,-8.3433,-13.5602,5.1574
2023-06-13,control,trees unburnt,34081,1.0,2023-06-13_orb65_DES,orb65_DES,-8.2296,-13.2116,4.9897
2023-06-13,control,grass unburnt,85045,1.0,2023-06-13_orb65_DES,orb65_DES,-10.0815,-15.6717,5.8986
2023-06-13,control,burnt dNBR>0.1,85035,1.0,2023-06-13_orb65_DES,orb65_DES,-8.5933,-13.9281,5.3339
2023-06-13,reference,trees,2265,1.0,2023-06-13_orb65_DES,orb65_DES,-12.6775,-18.5537,5.9336
2023-06-13,reference,grass,52960,1.0,2023-06-13_orb65_DES,orb65_DES,-13.4973,-19.1348,5.3011
2023-06-13,reference,cropland,3751,1.0,2023-06-13_orb65_DES,orb65_DES,-10.1291,-16.4144,4.9249
2023-06-13,reference,wetland,38676,1.0,2023-06-13_orb65_DES,orb65_DES,-12.5404,-19.6064,6.609
2023-06-13,reference,ndvi<0.3 bare/sparse,619,1.0,2023-06-13_orb65_DES,orb65_DES,-12.2026,-19.0237,5.9187
2023-06-13,reference,ndvi0.3-0.6 mixed,7545,1.0,2023-06-13_orb65_DES,orb65_DES,-14.444,-21.2262,6.3154
2023-06-13,reference,ndvi>0.6 canopy,9967,1.0,2023-06-13_orb65_DES,orb65_DES,-14.5739,-20.7539,5.9638
2023-06-13,reference,trees unburnt,1699,1.0,2023-06-13_orb65_DES,orb65_DES,-13.487,-19.6943,6.1283
2023-06-13,reference,grass unburnt,12397,1.0,2023-06-13_orb65_DES,orb65_DES,-14.2805,-20.6723,6.1605
2023-06-13,reference,burnt dNBR>0.1,675,1.0,2023-06-13_orb65_DES,orb65_DES,-15.4376,-21.3821,5.7909
2023-06-13,reference_brief,trees,8874,1.0,2023-06-13_orb65_DES,orb65_DES,-8.1039,-13.2115,5.1334
2023-06-13,reference_brief,grass,10954,1.0,2023-06-13_orb65_DES,orb65_DES,-9.813,-15.2847,5.5613
2023-06-13,reference_brief,cropland,997,1.0,2023-06-13_orb65_DES,orb65_DES,-8.6566,-13.9701,5.4299
2023-06-13,reference_brief,ndvi<0.3 bare/sparse,627,1.0,2023-06-13_orb65_DES,orb65_DES,-9.7587,-15.822,6.334
2023-06-13,reference_brief,ndvi0.3-0.6 mixed,8078,1.0,2023-06-13_orb65_DES,orb65_DES,-9.3328,-14.8814,5.6721
2023-06-13,reference_brief,ndvi>0.6 canopy,9327,1.0,2023-06-13_orb65_DES,orb65_DES,-8.1695,-13.3187,5.1822
2023-06-13,reference_brief,trees unburnt,7867,1.0,2023-06-13_orb65_DES,orb65_DES,-8.0824,-13.2137,5.1542
2023-06-13,reference_brief,grass unburnt,7951,1.0,2023-06-13_orb65_DES,orb65_DES,-9.722,-15.2409,5.6327
2023-06-13,reference_brief,burnt dNBR>0.1,446,1.0,2023-06-13_orb65_DES,orb65_DES,-8.6054,-13.4414,5.1463
2023-06-13,box_never_flooded,trees,77056,1.0,2023-06-13_orb65_DES,orb65_DES,-8.116,-13.4106,5.2694
2023-06-13,box_never_flooded,grass,159759,1.0,2023-06-13_orb65_DES,orb65_DES,-10.9463,-16.8556,6.0922
2023-06-13,box_never_flooded,cropland,19241,1.0,2023-06-13_orb65_DES,orb65_DES,-8.5989,-13.8489,5.2188
2023-06-13,box_never_flooded,wetland,1496,1.0,2023-06-13_orb65_DES,orb65_DES,-7.8459,-14.6202,6.6295
2023-06-13,box_never_flooded,ndvi<0.3 bare/sparse,63057,1.0,2023-06-13_orb65_DES,orb65_DES,-12.652,-19.6076,6.7303
2023-06-13,box_never_flooded,ndvi0.3-0.6 mixed,113963,1.0,2023-06-13_orb65_DES,orb65_DES,-10.4939,-16.1388,5.7613
2023-06-13,box_never_flooded,ndvi>0.6 canopy,102709,1.0,2023-06-13_orb65_DES,orb65_DES,-8.3604,-13.7657,5.3743
2023-06-13,box_never_flooded,trees unburnt,67221,1.0,2023-06-13_orb65_DES,orb65_DES,-8.1371,-13.4116,5.2375
2023-06-13,box_never_flooded,grass unburnt,147101,1.0,2023-06-13_orb65_DES,orb65_DES,-10.9702,-16.8459,6.0423
2023-06-13,box_never_flooded,burnt dNBR>0.1,20664,1.0,2023-06-13_orb65_DES,orb65_DES,-8.751,-14.5325,6.053
2023-06-13,target_P>=0.95,trees,1440,1.0,2023-06-13_orb65_DES,orb65_DES,-8.6686,-13.6109,5.0521
2023-06-13,target_P>=0.95,grass,31105,1.0,2023-06-13_orb65_DES,orb65_DES,-10.7144,-16.739,6.0814
2023-06-13,target_P>=0.95,cropland,1421,1.0,2023-06-13_orb65_DES,orb65_DES,-9.7125,-16.8634,7.0282
2023-06-13,target_P>=0.95,wetland,6481,1.0,2023-06-13_orb65_DES,orb65_DES,-9.3418,-15.2648,5.895
2023-06-13,target_P>=0.95,ndvi<0.3 bare/sparse,5211,1.0,2023-06-13_orb65_DES,orb65_DES,-12.5427,-19.4918,6.7123
2023-06-13,target_P>=0.95,ndvi0.3-0.6 mixed,21566,1.0,2023-06-13_orb65_DES,orb65_DES,-10.7348,-16.8609,6.1184
2023-06-13,target_P>=0.95,ndvi>0.6 canopy,15566,1.0,2023-06-13_orb65_DES,orb65_DES,-9.28,-15.0103,5.6828
2023-06-13,target_P>=0.95,trees unburnt,1059,1.0,2023-06-13_orb65_DES,orb65_DES,-8.7112,-13.4709,4.9184
2023-06-13,target_P>=0.95,grass unburnt,29511,1.0,2023-06-13_orb65_DES,orb65_DES,-10.6847,-16.6843,6.0716
2023-06-13,target_P>=0.95,burnt dNBR>0.1,3411,1.0,2023-06-13_orb65_DES,orb65_DES,-11.0356,-16.7018,5.8407
2023-06-13,target_P0.5-0.95,trees,60602,1.0,2023-06-13_orb65_DES,orb65_DES,-8.1916,-13.4293,5.2472
2023-06-13,target_P0.5-0.95,grass,37672,1.0,2023-06-13_orb65_DES,orb65_DES,-10.8293,-16.6997,5.9258
2023-06-13,target_P0.5-0.95,cropland,94,1.0,2023-06-13_orb65_DES,orb65_DES,-8.9788,-13.7916,4.9163
2023-06-13,target_P0.5-0.95,wetland,858,1.0,2023-06-13_orb65_DES,orb65_DES,-8.8568,-14.6604,5.676
2023-06-13,target_P0.5-0.95,ndvi<0.3 bare/sparse,11859,1.0,2023-06-13_orb65_DES,orb65_DES,-8.6236,-14.8072,6.3444
2023-06-13,target_P0.5-0.95,ndvi0.3-0.6 mixed,45745,1.0,2023-06-13_orb65_DES,orb65_DES,-9.5725,-15.1437,5.6372
2023-06-13,target_P0.5-0.95,ndvi>0.6 canopy,42392,1.0,2023-06-13_orb65_DES,orb65_DES,-8.5678,-13.7006,5.1531
2023-06-13,target_P0.5-0.95,trees unburnt,39829,1.0,2023-06-13_orb65_DES,orb65_DES,-8.459,-13.4568,4.9929
2023-06-13,target_P0.5-0.95,grass unburnt,35362,1.0,2023-06-13_orb65_DES,orb65_DES,-10.8867,-16.7466,5.9149
2023-06-13,target_P0.5-0.95,burnt dNBR>0.1,23282,1.0,2023-06-13_orb65_DES,orb65_DES,-7.8055,-13.565,5.7939
2023-06-13,target_P<0.5,trees,4231,1.0,2023-06-13_orb65_DES,orb65_DES,-8.1853,-13.3218,5.1024
2023-06-13,target_P<0.5,grass,2230,1.0,2023-06-13_orb65_DES,orb65_DES,-11.1463,-16.888,5.8629
2023-06-13,target_P<0.5,ndvi<0.3 bare/sparse,492,1.0,2023-06-13_orb65_DES,orb65_DES,-9.2731,-15.6021,6.5323
2023-06-13,target_P<0.5,ndvi0.3-0.6 mixed,2668,1.0,2023-06-13_orb65_DES,orb65_DES,-10.3877,-15.7633,5.5926
2023-06-13,target_P<0.5,ndvi>0.6 canopy,3351,1.0,2023-06-13_orb65_DES,orb65_DES,-8.2777,-13.3602,5.0556
2023-06-13,target_P<0.5,trees unburnt,3392,1.0,2023-06-13_orb65_DES,orb65_DES,-8.3239,-13.3311,4.9993
2023-06-13,target_P<0.5,grass unburnt,2123,1.0,2023-06-13_orb65_DES,orb65_DES,-11.2053,-16.942,5.8584
2023-06-13,target_P<0.5,burnt dNBR>0.1,955,1.0,2023-06-13_orb65_DES,orb65_DES,-7.7626,-13.5295,5.78
2023-06-13,target_d<0.5m,trees,7147,1.0,2023-06-13_orb65_DES,orb65_DES,-8.2104,-13.3324,5.1226
2023-06-13,target_d<0.5m,grass,11924,1.0,2023-06-13_orb65_DES,orb65_DES,-10.8153,-16.5977,5.8667
2023-06-13,target_d<0.5m,cropland,86,1.0,2023-06-13_orb65_DES,orb65_DES,-8.7196,-13.5461,4.7242
2023-06-13,target_d<0.5m,wetland,152,1.0,2023-06-13_orb65_DES,orb65_DES,-8.1975,-14.3788,5.6478
2023-06-13,target_d<0.5m,ndvi<0.3 bare/sparse,1923,1.0,2023-06-13_orb65_DES,orb65_DES,-10.0278,-16.4544,6.3288
2023-06-13,target_d<0.5m,ndvi0.3-0.6 mixed,10205,1.0,2023-06-13_orb65_DES,orb65_DES,-10.4663,-16.1918,5.7546
2023-06-13,target_d<0.5m,ndvi>0.6 canopy,7402,1.0,2023-06-13_orb65_DES,orb65_DES,-8.7088,-13.8706,5.152
2023-06-13,target_d<0.5m,trees unburnt,5519,1.0,2023-06-13_orb65_DES,orb65_DES,-8.3228,-13.3437,5.0079
2023-06-13,target_d<0.5m,grass unburnt,10997,1.0,2023-06-13_orb65_DES,orb65_DES,-10.9285,-16.6828,5.8406
2023-06-13,target_d<0.5m,burnt dNBR>0.1,2596,1.0,2023-06-13_orb65_DES,orb65_DES,-8.288,-14.0544,5.7649
2023-06-13,target_d0.5-1.5m,trees,18695,1.0,2023-06-13_orb65_DES,orb65_DES,-8.2658,-13.476,5.211
2023-06-13,target_d0.5-1.5m,grass,28115,1.0,2023-06-13_orb65_DES,orb65_DES,-10.8864,-16.7729,5.9411
2023-06-13,target_d0.5-1.5m,cropland,213,1.0,2023-06-13_orb65_DES,orb65_DES,-10.0972,-15.3242,5.232
2023-06-13,target_d0.5-1.5m,wetland,1143,1.0,2023-06-13_orb65_DES,orb65_DES,-9.6997,-15.3323,5.416
2023-06-13,target_d0.5-1.5m,ndvi<0.3 bare/sparse,6635,1.0,2023-06-13_orb65_DES,orb65_DES,-9.6414,-15.8454,6.2904
2023-06-13,target_d0.5-1.5m,ndvi0.3-0.6 mixed,24738,1.0,2023-06-13_orb65_DES,orb65_DES,-10.1766,-16.0022,5.8234
2023-06-13,target_d0.5-1.5m,ndvi>0.6 canopy,17721,1.0,2023-06-13_orb65_DES,orb65_DES,-9.0262,-14.1989,5.1821
2023-06-13,target_d0.5-1.5m,trees unburnt,12421,1.0,2023-06-13_orb65_DES,orb65_DES,-8.5136,-13.4658,4.9549
2023-06-13,target_d0.5-1.5m,grass unburnt,26460,1.0,2023-06-13_orb65_DES,orb65_DES,-10.9002,-16.7839,5.9339
2023-06-13,target_d0.5-1.5m,burnt dNBR>0.1,8394,1.0,2023-06-13_orb65_DES,orb65_DES,-8.1844,-13.9943,5.7942
2023-06-13,target_d>=1.5m,trees,40431,1.0,2023-06-13_orb65_DES,orb65_DES,-8.1727,-13.4199,5.2646
2023-06-13,target_d>=1.5m,grass,30968,1.0,2023-06-13_orb65_DES,orb65_DES,-10.6899,-16.7236,6.0906
2023-06-13,target_d>=1.5m,cropland,1223,1.0,2023-06-13_orb65_DES,orb65_DES,-9.5843,-17.2879,7.4386
2023-06-13,target_d>=1.5m,wetland,6056,1.0,2023-06-13_orb65_DES,orb65_DES,-9.219,-15.1707,5.9643
2023-06-13,target_d>=1.5m,ndvi<0.3 bare/sparse,9004,1.0,2023-06-13_orb65_DES,orb65_DES,-9.8751,-16.5816,6.6132
2023-06-13,target_d>=1.5m,ndvi0.3-0.6 mixed,35036,1.0,2023-06-13_orb65_DES,orb65_DES,-9.5915,-15.3294,5.7632
2023-06-13,target_d>=1.5m,ndvi>0.6 canopy,36186,1.0,2023-06-13_orb65_DES,orb65_DES,-8.57,-13.9408,5.3463
2023-06-13,target_d>=1.5m,trees unburnt,26340,1.0,2023-06-13_orb65_DES,orb65_DES,-8.4561,-13.4623,5.006
2023-06-13,target_d>=1.5m,grass unburnt,29539,1.0,2023-06-13_orb65_DES,orb65_DES,-10.6782,-16.6877,6.0791
2023-06-13,target_d>=1.5m,burnt dNBR>0.1,16658,1.0,2023-06-13_orb65_DES,orb65_DES,-7.9047,-13.6543,5.8059
2023-06-14,target,trees,66273,1.0,2023-06-14_orb87_ASC,orb87_ASC,-8.717,-14.2521,5.5768
2023-06-14,target,grass,71007,1.0,2023-06-14_orb87_ASC,orb87_ASC,-11.4082,-18.0177,6.6912
2023-06-14,target,cropland,1522,1.0,2023-06-14_orb87_ASC,orb87_ASC,-10.3899,-17.6824,7.2667
2023-06-14,target,wetland,7351,1.0,2023-06-14_orb87_ASC,orb87_ASC,-9.9694,-16.117,6.0474
2023-06-14,target,ndvi<0.3 bare/sparse,17562,1.0,2023-06-14_orb87_ASC,orb87_ASC,-10.478,-17.5101,7.0796
2023-06-14,target,ndvi0.3-0.6 mixed,69979,1.0,2023-06-14_orb87_ASC,orb87_ASC,-10.4955,-16.8282,6.4091
2023-06-14,target,ndvi>0.6 canopy,61309,1.0,2023-06-14_orb87_ASC,orb87_ASC,-9.2523,-14.8519,5.6442
2023-06-14,target,trees unburnt,44280,1.0,2023-06-14_orb87_ASC,orb87_ASC,-8.9995,-14.2466,5.2629
2023-06-14,target,grass unburnt,66996,1.0,2023-06-14_orb87_ASC,orb87_ASC,-11.4427,-18.0465,6.6946
2023-06-14,target,burnt dNBR>0.1,27648,1.0,2023-06-14_orb87_ASC,orb87_ASC,-8.4558,-14.649,6.2477
2023-06-14,control,trees,58110,1.0,2023-06-14_orb87_ASC,orb87_ASC,-8.998,-14.1176,5.1462
2023-06-14,control,grass,139125,1.0,2023-06-14_orb87_ASC,orb87_ASC,-11.6829,-17.6502,6.4368
2023-06-14,control,cropland,183810,1.0,2023-06-14_orb87_ASC,orb87_ASC,-9.6811,-15.2565,5.5162
2023-06-14,control,wetland,736,1.0,2023-06-14_orb87_ASC,orb87_ASC,-9.2601,-15.3527,6.0732
2023-06-14,control,ndvi<0.3 bare/sparse,69576,1.0,2023-06-14_orb87_ASC,orb87_ASC,-14.1943,-21.3801,7.114
2023-06-14,control,ndvi0.3-0.6 mixed,136794,1.0,2023-06-14_orb87_ASC,orb87_ASC,-9.9606,-15.6471,5.8785
2023-06-14,control,ndvi>0.6 canopy,145162,1.0,2023-06-14_orb87_ASC,orb87_ASC,-9.4441,-14.8957,5.3584
2023-06-14,control,trees unburnt,34081,1.0,2023-06-14_orb87_ASC,orb87_ASC,-8.8576,-13.9835,5.166
2023-06-14,control,grass unburnt,85045,1.0,2023-06-14_orb87_ASC,orb87_ASC,-11.2194,-17.1543,6.3778
2023-06-14,control,burnt dNBR>0.1,85035,1.0,2023-06-14_orb87_ASC,orb87_ASC,-9.7232,-15.3821,5.7116
2023-06-14,reference,trees,2265,1.0,2023-06-14_orb87_ASC,orb87_ASC,-11.8983,-17.7884,5.2435
2023-06-14,reference,grass,52960,1.0,2023-06-14_orb87_ASC,orb87_ASC,-12.2989,-19.2864,6.1709
2023-06-14,reference,cropland,3751,1.0,2023-06-14_orb87_ASC,orb87_ASC,-9.5672,-16.1061,5.8974
2023-06-14,reference,wetland,38676,1.0,2023-06-14_orb87_ASC,orb87_ASC,-8.0983,-19.5086,10.7173
2023-06-14,reference,ndvi<0.3 bare/sparse,619,1.0,2023-06-14_orb87_ASC,orb87_ASC,-12.204,-19.5748,6.1194
2023-06-14,reference,ndvi0.3-0.6 mixed,7545,1.0,2023-06-14_orb87_ASC,orb87_ASC,-14.8284,-21.4913,5.6024
2023-06-14,reference,ndvi>0.6 canopy,9967,1.0,2023-06-14_orb87_ASC,orb87_ASC,-15.2487,-20.3348,4.9809
2023-06-14,reference,trees unburnt,1699,1.0,2023-06-14_orb87_ASC,orb87_ASC,-13.0223,-18.3843,4.9587
2023-06-14,reference,grass unburnt,12397,1.0,2023-06-14_orb87_ASC,orb87_ASC,-15.3441,-20.7508,5.1944
2023-06-14,reference,burnt dNBR>0.1,675,1.0,2023-06-14_orb87_ASC,orb87_ASC,-15.3255,-21.8686,5.5177
2023-06-14,reference_brief,trees,8874,1.0,2023-06-14_orb87_ASC,orb87_ASC,-8.767,-14.0985,5.3364
2023-06-14,reference_brief,grass,10954,1.0,2023-06-14_orb87_ASC,orb87_ASC,-10.992,-17.073,6.14
2023-06-14,reference_brief,cropland,997,1.0,2023-06-14_orb87_ASC,orb87_ASC,-9.2366,-16.0144,6.7377
2023-06-14,reference_brief,ndvi<0.3 bare/sparse,627,1.0,2023-06-14_orb87_ASC,orb87_ASC,-11.8763,-18.5543,6.5871
2023-06-14,reference_brief,ndvi0.3-0.6 mixed,8078,1.0,2023-06-14_orb87_ASC,orb87_ASC,-10.6956,-16.853,6.3034
2023-06-14,reference_brief,ndvi>0.6 canopy,9327,1.0,2023-06-14_orb87_ASC,orb87_ASC,-8.9252,-14.3011,5.4001
2023-06-14,reference_brief,trees unburnt,7867,1.0,2023-06-14_orb87_ASC,orb87_ASC,-8.7693,-14.0963,5.3341
2023-06-14,reference_brief,grass unburnt,7951,1.0,2023-06-14_orb87_ASC,orb87_ASC,-11.2457,-17.3417,6.2038
2023-06-14,reference_brief,burnt dNBR>0.1,446,1.0,2023-06-14_orb87_ASC,orb87_ASC,-9.3136,-14.9862,6.0173
2023-06-14,box_never_flooded,trees,77056,1.0,2023-06-14_orb87_ASC,orb87_ASC,-8.6763,-14.1957,5.5106
2023-06-14,box_never_flooded,grass,159759,1.0,2023-06-14_orb87_ASC,orb87_ASC,-11.8281,-18.342,6.735
2023-06-14,box_never_flooded,cropland,19241,1.0,2023-06-14_orb87_ASC,orb87_ASC,-9.9278,-15.5063,5.5524
2023-06-14,box_never_flooded,wetland,1496,1.0,2023-06-14_orb87_ASC,orb87_ASC,-8.6794,-15.6268,7.0968
2023-06-14,box_never_flooded,ndvi<0.3 bare/sparse,63057,1.0,2023-06-14_orb87_ASC,orb87_ASC,-13.5675,-21.2347,7.422
2023-06-14,box_never_flooded,ndvi0.3-0.6 mixed,113963,1.0,2023-06-14_orb87_ASC,orb87_ASC,-11.2647,-17.5319,6.3776
2023-06-14,box_never_flooded,ndvi>0.6 canopy,102709,1.0,2023-06-14_orb87_ASC,orb87_ASC,-9.032,-14.7293,5.6848
2023-06-14,box_never_flooded,trees unburnt,67221,1.0,2023-06-14_orb87_ASC,orb87_ASC,-8.6901,-14.1885,5.4741
2023-06-14,box_never_flooded,grass unburnt,147101,1.0,2023-06-14_orb87_ASC,orb87_ASC,-11.8494,-18.3285,6.6852
2023-06-14,box_never_flooded,burnt dNBR>0.1,20664,1.0,2023-06-14_orb87_ASC,orb87_ASC,-9.4831,-15.5898,6.4955
2023-06-14,target_P>=0.95,trees,1440,1.0,2023-06-14_orb87_ASC,orb87_ASC,-9.28,-14.5552,5.4104
2023-06-14,target_P>=0.95,grass,31105,1.0,2023-06-14_orb87_ASC,orb87_ASC,-11.266,-18.0107,6.8018
2023-06-14,target_P>=0.95,cropland,1421,1.0,2023-06-14_orb87_ASC,orb87_ASC,-10.4666,-17.8896,7.4585
2023-06-14,target_P>=0.95,wetland,6481,1.0,2023-06-14_orb87_ASC,orb87_ASC,-10.005,-16.1748,6.0588
2023-06-14,target_P>=0.95,ndvi<0.3 bare/sparse,5211,1.0,2023-06-14_orb87_ASC,orb87_ASC,-13.1383,-20.9494,7.4189
2023-06-14,target_P>=0.95,ndvi0.3-0.6 mixed,21566,1.0,2023-06-14_orb87_ASC,orb87_ASC,-11.2474,-18.095,6.867
2023-06-14,target_P>=0.95,ndvi>0.6 canopy,15566,1.0,2023-06-14_orb87_ASC,orb87_ASC,-9.9705,-16.0802,6.0995
2023-06-14,target_P>=0.95,trees unburnt,1059,1.0,2023-06-14_orb87_ASC,orb87_ASC,-9.316,-14.3861,5.0732
2023-06-14,target_P>=0.95,grass unburnt,29511,1.0,2023-06-14_orb87_ASC,orb87_ASC,-11.2462,-17.9807,6.8057
2023-06-14,target_P>=0.95,burnt dNBR>0.1,3411,1.0,2023-06-14_orb87_ASC,orb87_ASC,-11.6751,-17.6254,6.0642
2023-06-14,target_P0.5-0.95,trees,60602,1.0,2023-06-14_orb87_ASC,orb87_ASC,-8.6995,-14.2546,5.594
2023-06-14,target_P0.5-0.95,grass,37672,1.0,2023-06-14_orb87_ASC,orb87_ASC,-11.4846,-17.9962,6.5968
2023-06-14,target_P0.5-0.95,cropland,94,1.0,2023-06-14_orb87_ASC,orb87_ASC,-10.1866,-15.2457,4.861
2023-06-14,target_P0.5-0.95,wetland,858,1.0,2023-06-14_orb87_ASC,orb87_ASC,-9.7671,-15.6975,5.9614
2023-06-14,target_P0.5-0.95,ndvi<0.3 bare/sparse,11859,1.0,2023-06-14_orb87_ASC,orb87_ASC,-9.3134,-15.9229,6.9352
2023-06-14,target_P0.5-0.95,ndvi0.3-0.6 mixed,45745,1.0,2023-06-14_orb87_ASC,orb87_ASC,-10.1327,-16.181,6.2145
2023-06-14,target_P0.5-0.95,ndvi>0.6 canopy,42392,1.0,2023-06-14_orb87_ASC,orb87_ASC,-9.0745,-14.5048,5.5058
2023-06-14,target_P0.5-0.95,trees unburnt,39829,1.0,2023-06-14_orb87_ASC,orb87_ASC,-8.9944,-14.2535,5.2695
2023-06-14,target_P0.5-0.95,grass unburnt,35362,1.0,2023-06-14_orb87_ASC,orb87_ASC,-11.5528,-18.0699,6.6004
2023-06-14,target_P0.5-0.95,burnt dNBR>0.1,23282,1.0,2023-06-14_orb87_ASC,orb87_ASC,-8.2357,-14.4227,6.2696
2023-06-14,target_P<0.5,trees,4231,1.0,2023-06-14_orb87_ASC,orb87_ASC,-8.798,-14.0967,5.4279
2023-06-14,target_P<0.5,grass,2230,1.0,2023-06-14_orb87_ASC,orb87_ASC,-11.8066,-18.4061,6.6479
2023-06-14,target_P<0.5,ndvi<0.3 bare/sparse,492,1.0,2023-06-14_orb87_ASC,orb87_ASC,-10.049,-17.0021,7.0379
2023-06-14,target_P<0.5,ndvi0.3-0.6 mixed,2668,1.0,2023-06-14_orb87_ASC,orb87_ASC,-10.8876,-16.9431,6.2176
2023-06-14,target_P<0.5,ndvi>0.6 canopy,3351,1.0,2023-06-14_orb87_ASC,orb87_ASC,-8.8879,-14.1812,5.3821
2023-06-14,target_P<0.5,trees unburnt,3392,1.0,2023-06-14_orb87_ASC,orb87_ASC,-8.9621,-14.1167,5.2295
2023-06-14,target_P<0.5,grass unburnt,2123,1.0,2023-06-14_orb87_ASC,orb87_ASC,-11.8582,-18.4613,6.6341
2023-06-14,target_P<0.5,burnt dNBR>0.1,955,1.0,2023-06-14_orb87_ASC,orb87_ASC,-8.2464,-14.3025,6.2604
2023-06-14,target_d<0.5m,trees,7147,1.0,2023-06-14_orb87_ASC,orb87_ASC,-8.6867,-14.1379,5.4811
2023-06-14,target_d<0.5m,grass,11924,1.0,2023-06-14_orb87_ASC,orb87_ASC,-11.5562,-17.9976,6.5288
2023-06-14,target_d<0.5m,cropland,86,1.0,2023-06-14_orb87_ASC,orb87_ASC,-10.1727,-14.7381,4.5854
2023-06-14,target_d<0.5m,wetland,152,1.0,2023-06-14_orb87_ASC,orb87_ASC,-9.848,-15.6569,6.2086
2023-06-14,target_d<0.5m,ndvi<0.3 bare/sparse,1923,1.0,2023-06-14_orb87_ASC,orb87_ASC,-10.8675,-17.8326,6.9283
2023-06-14,target_d<0.5m,ndvi0.3-0.6 mixed,10205,1.0,2023-06-14_orb87_ASC,orb87_ASC,-11.1306,-17.5011,6.4308
2023-06-14,target_d<0.5m,ndvi>0.6 canopy,7402,1.0,2023-06-14_orb87_ASC,orb87_ASC,-9.2805,-14.7465,5.5412
2023-06-14,target_d<0.5m,trees unburnt,5519,1.0,2023-06-14_orb87_ASC,orb87_ASC,-8.8465,-14.1324,5.3225
2023-06-14,target_d<0.5m,grass unburnt,10997,1.0,2023-06-14_orb87_ASC,orb87_ASC,-11.6837,-18.1347,6.5082
2023-06-14,target_d<0.5m,burnt dNBR>0.1,2596,1.0,2023-06-14_orb87_ASC,orb87_ASC,-8.6694,-14.9346,6.3194
2023-06-14,target_d0.5-1.5m,trees,18695,1.0,2023-06-14_orb87_ASC,orb87_ASC,-8.8215,-14.3114,5.526
2023-06-14,target_d0.5-1.5m,grass,28115,1.0,2023-06-14_orb87_ASC,orb87_ASC,-11.4961,-18.0513,6.6326
2023-06-14,target_d0.5-1.5m,cropland,213,1.0,2023-06-14_orb87_ASC,orb87_ASC,-10.3968,-16.5963,5.8895
2023-06-14,target_d0.5-1.5m,wetland,1143,1.0,2023-06-14_orb87_ASC,orb87_ASC,-10.5853,-16.3247,5.525
2023-06-14,target_d0.5-1.5m,ndvi<0.3 bare/sparse,6635,1.0,2023-06-14_orb87_ASC,orb87_ASC,-10.3087,-17.1559,6.9301
2023-06-14,target_d0.5-1.5m,ndvi0.3-0.6 mixed,24738,1.0,2023-06-14_orb87_ASC,orb87_ASC,-10.7924,-17.2116,6.4272
2023-06-14,target_d0.5-1.5m,ndvi>0.6 canopy,17721,1.0,2023-06-14_orb87_ASC,orb87_ASC,-9.5217,-15.1187,5.5962
2023-06-14,target_d0.5-1.5m,trees unburnt,12421,1.0,2023-06-14_orb87_ASC,orb87_ASC,-9.0789,-14.2766,5.222
2023-06-14,target_d0.5-1.5m,grass unburnt,26460,1.0,2023-06-14_orb87_ASC,orb87_ASC,-11.5291,-18.0867,6.6443
2023-06-14,target_d0.5-1.5m,burnt dNBR>0.1,8394,1.0,2023-06-14_orb87_ASC,orb87_ASC,-8.6788,-14.864,6.1561
2023-06-14,target_d>=1.5m,trees,40431,1.0,2023-06-14_orb87_ASC,orb87_ASC,-8.6702,-14.2404,5.6211
2023-06-14,target_d>=1.5m,grass,30968,1.0,2023-06-14_orb87_ASC,orb87_ASC,-11.246,-17.9871,6.805
2023-06-14,target_d>=1.5m,cropland,1223,1.0,2023-06-14_orb87_ASC,orb87_ASC,-10.4589,-18.3088,7.8875
2023-06-14,target_d>=1.5m,wetland,6056,1.0,2023-06-14_orb87_ASC,orb87_ASC,-9.8635,-16.0884,6.1326
2023-06-14,target_d>=1.5m,ndvi<0.3 bare/sparse,9004,1.0,2023-06-14_orb87_ASC,orb87_ASC,-10.487,-17.8492,7.2324
2023-06-14,target_d>=1.5m,ndvi0.3-0.6 mixed,35036,1.0,2023-06-14_orb87_ASC,orb87_ASC,-10.0823,-16.3377,6.3879
2023-06-14,target_d>=1.5m,ndvi>0.6 canopy,36186,1.0,2023-06-14_orb87_ASC,orb87_ASC,-9.1137,-14.7648,5.6873
2023-06-14,target_d>=1.5m,trees unburnt,26340,1.0,2023-06-14_orb87_ASC,orb87_ASC,-8.9952,-14.2554,5.267
2023-06-14,target_d>=1.5m,grass unburnt,29539,1.0,2023-06-14_orb87_ASC,orb87_ASC,-11.2396,-17.9754,6.8046
2023-06-14,target_d>=1.5m,burnt dNBR>0.1,16658,1.0,2023-06-14_orb87_ASC,orb87_ASC,-8.2968,-14.5159,6.2865
2023-06-18,target,trees,66273,0.0,2023-06-18_orb138_DES,orb138_DES,,,
2023-06-18,target,grass,71007,0.0,2023-06-18_orb138_DES,orb138_DES,,,
2023-06-18,target,cropland,1522,0.0,2023-06-18_orb138_DES,orb138_DES,,,
2023-06-18,target,wetland,7351,0.0,2023-06-18_orb138_DES,orb138_DES,,,
2023-06-18,target,ndvi<0.3 bare/sparse,17562,0.0,2023-06-18_orb138_DES,orb138_DES,,,
2023-06-18,target,ndvi0.3-0.6 mixed,69979,0.0,2023-06-18_orb138_DES,orb138_DES,,,
2023-06-18,target,ndvi>0.6 canopy,61309,0.0,2023-06-18_orb138_DES,orb138_DES,,,
2023-06-18,target,trees unburnt,44280,0.0,2023-06-18_orb138_DES,orb138_DES,,,
2023-06-18,target,grass unburnt,66996,0.0,2023-06-18_orb138_DES,orb138_DES,,,
2023-06-18,target,burnt dNBR>0.1,27648,0.0,2023-06-18_orb138_DES,orb138_DES,,,
2023-06-18,control,trees,58110,0.0,2023-06-18_orb138_DES,orb138_DES,,,
2023-06-18,control,grass,139125,0.0,2023-06-18_orb138_DES,orb138_DES,,,
2023-06-18,control,cropland,183810,0.0,2023-06-18_orb138_DES,orb138_DES,,,
2023-06-18,control,wetland,736,0.0,2023-06-18_orb138_DES,orb138_DES,,,
2023-06-18,control,ndvi<0.3 bare/sparse,69576,0.0,2023-06-18_orb138_DES,orb138_DES,,,
2023-06-18,control,ndvi0.3-0.6 mixed,136794,0.0,2023-06-18_orb138_DES,orb138_DES,,,
2023-06-18,control,ndvi>0.6 canopy,145162,0.0,2023-06-18_orb138_DES,orb138_DES,,,
2023-06-18,control,trees unburnt,34081,0.0,2023-06-18_orb138_DES,orb138_DES,,,
2023-06-18,control,grass unburnt,85045,0.0,2023-06-18_orb138_DES,orb138_DES,,,
2023-06-18,control,burnt dNBR>0.1,85035,0.0,2023-06-18_orb138_DES,orb138_DES,,,
2023-06-18,reference,trees,2265,0.181,2023-06-18_orb138_DES,orb138_DES,-6.9236,-13.4937,6.2807
2023-06-18,reference,grass,52960,0.685,2023-06-18_orb138_DES,orb138_DES,-9.6669,-16.2174,5.9157
2023-06-18,reference,cropland,3751,0.686,2023-06-18_orb138_DES,orb138_DES,-9.4081,-16.5111,5.801
2023-06-18,reference,wetland,38676,0.929,2023-06-18_orb138_DES,orb138_DES,-4.6256,-13.8521,9.3444
2023-06-18,reference,ndvi<0.3 bare/sparse,619,0.0,2023-06-18_orb138_DES,orb138_DES,,,
2023-06-18,reference,ndvi0.3-0.6 mixed,7545,0.0,2023-06-18_orb138_DES,orb138_DES,,,
2023-06-18,reference,ndvi>0.6 canopy,9967,0.0,2023-06-18_orb138_DES,orb138_DES,,,
2023-06-18,reference,trees unburnt,1699,0.0,2023-06-18_orb138_DES,orb138_DES,,,
2023-06-18,reference,grass unburnt,12397,0.0,2023-06-18_orb138_DES,orb138_DES,,,
2023-06-18,reference,burnt dNBR>0.1,675,0.0,2023-06-18_orb138_DES,orb138_DES,,,
2023-06-18,reference_brief,trees,8874,0.024,2023-06-18_orb138_DES,orb138_DES,-8.3961,-14.3294,5.8055
2023-06-18,reference_brief,grass,10954,0.054,2023-06-18_orb138_DES,orb138_DES,-10.0868,-15.7421,5.6503
2023-06-18,reference_brief,cropland,997,0.006,2023-06-18_orb138_DES,orb138_DES,-7.4114,-13.0589,4.8816
2023-06-18,reference_brief,ndvi<0.3 bare/sparse,627,0.0,2023-06-18_orb138_DES,orb138_DES,,,
2023-06-18,reference_brief,ndvi0.3-0.6 mixed,8078,0.0,2023-06-18_orb138_DES,orb138_DES,,,
2023-06-18,reference_brief,ndvi>0.6 canopy,9327,0.0,2023-06-18_orb138_DES,orb138_DES,,,
2023-06-18,reference_brief,trees unburnt,7867,0.0,2023-06-18_orb138_DES,orb138_DES,,,
2023-06-18,reference_brief,grass unburnt,7951,0.0,2023-06-18_orb138_DES,orb138_DES,,,
2023-06-18,reference_brief,burnt dNBR>0.1,446,0.0,2023-06-18_orb138_DES,orb138_DES,,,
2023-06-18,box_never_flooded,trees,77056,0.0,2023-06-18_orb138_DES,orb138_DES,,,
2023-06-18,box_never_flooded,grass,159759,0.0,2023-06-18_orb138_DES,orb138_DES,,,
2023-06-18,box_never_flooded,cropland,19241,0.0,2023-06-18_orb138_DES,orb138_DES,,,
2023-06-18,box_never_flooded,wetland,1496,0.0,2023-06-18_orb138_DES,orb138_DES,,,
2023-06-18,box_never_flooded,ndvi<0.3 bare/sparse,63057,0.0,2023-06-18_orb138_DES,orb138_DES,,,
2023-06-18,box_never_flooded,ndvi0.3-0.6 mixed,113963,0.0,2023-06-18_orb138_DES,orb138_DES,,,
2023-06-18,box_never_flooded,ndvi>0.6 canopy,102709,0.0,2023-06-18_orb138_DES,orb138_DES,,,
2023-06-18,box_never_flooded,trees unburnt,67221,0.0,2023-06-18_orb138_DES,orb138_DES,,,
2023-06-18,box_never_flooded,grass unburnt,147101,0.0,2023-06-18_orb138_DES,orb138_DES,,,
2023-06-18,box_never_flooded,burnt dNBR>0.1,20664,0.0,2023-06-18_orb138_DES,orb138_DES,,,
2023-06-18,target_P>=0.95,trees,1440,0.0,2023-06-18_orb138_DES,orb138_DES,,,
2023-06-18,target_P>=0.95,grass,31105,0.0,2023-06-18_orb138_DES,orb138_DES,,,
2023-06-18,target_P>=0.95,cropland,1421,0.0,2023-06-18_orb138_DES,orb138_DES,,,
2023-06-18,target_P>=0.95,wetland,6481,0.0,2023-06-18_orb138_DES,orb138_DES,,,
2023-06-18,target_P>=0.95,ndvi<0.3 bare/sparse,5211,0.0,2023-06-18_orb138_DES,orb138_DES,,,
2023-06-18,target_P>=0.95,ndvi0.3-0.6 mixed,21566,0.0,2023-06-18_orb138_DES,orb138_DES,,,
2023-06-18,target_P>=0.95,ndvi>0.6 canopy,15566,0.0,2023-06-18_orb138_DES,orb138_DES,,,
2023-06-18,target_P>=0.95,trees unburnt,1059,0.0,2023-06-18_orb138_DES,orb138_DES,,,
2023-06-18,target_P>=0.95,grass unburnt,29511,0.0,2023-06-18_orb138_DES,orb138_DES,,,
2023-06-18,target_P>=0.95,burnt dNBR>0.1,3411,0.0,2023-06-18_orb138_DES,orb138_DES,,,
2023-06-18,target_P0.5-0.95,trees,60602,0.0,2023-06-18_orb138_DES,orb138_DES,,,
2023-06-18,target_P0.5-0.95,grass,37672,0.0,2023-06-18_orb138_DES,orb138_DES,,,
2023-06-18,target_P0.5-0.95,cropland,94,0.0,2023-06-18_orb138_DES,orb138_DES,,,
2023-06-18,target_P0.5-0.95,wetland,858,0.0,2023-06-18_orb138_DES,orb138_DES,,,
2023-06-18,target_P0.5-0.95,ndvi<0.3 bare/sparse,11859,0.0,2023-06-18_orb138_DES,orb138_DES,,,
2023-06-18,target_P0.5-0.95,ndvi0.3-0.6 mixed,45745,0.0,2023-06-18_orb138_DES,orb138_DES,,,
2023-06-18,target_P0.5-0.95,ndvi>0.6 canopy,42392,0.0,2023-06-18_orb138_DES,orb138_DES,,,
2023-06-18,target_P0.5-0.95,trees unburnt,39829,0.0,2023-06-18_orb138_DES,orb138_DES,,,
2023-06-18,target_P0.5-0.95,grass unburnt,35362,0.0,2023-06-18_orb138_DES,orb138_DES,,,
2023-06-18,target_P0.5-0.95,burnt dNBR>0.1,23282,0.0,2023-06-18_orb138_DES,orb138_DES,,,
2023-06-18,target_P<0.5,trees,4231,0.0,2023-06-18_orb138_DES,orb138_DES,,,
2023-06-18,target_P<0.5,grass,2230,0.0,2023-06-18_orb138_DES,orb138_DES,,,
2023-06-18,target_P<0.5,ndvi<0.3 bare/sparse,492,0.0,2023-06-18_orb138_DES,orb138_DES,,,
2023-06-18,target_P<0.5,ndvi0.3-0.6 mixed,2668,0.0,2023-06-18_orb138_DES,orb138_DES,,,
2023-06-18,target_P<0.5,ndvi>0.6 canopy,3351,0.0,2023-06-18_orb138_DES,orb138_DES,,,
2023-06-18,target_P<0.5,trees unburnt,3392,0.0,2023-06-18_orb138_DES,orb138_DES,,,
2023-06-18,target_P<0.5,grass unburnt,2123,0.0,2023-06-18_orb138_DES,orb138_DES,,,
2023-06-18,target_P<0.5,burnt dNBR>0.1,955,0.0,2023-06-18_orb138_DES,orb138_DES,,,
2023-06-18,target_d<0.5m,trees,7147,0.0,2023-06-18_orb138_DES,orb138_DES,,,
2023-06-18,target_d<0.5m,grass,11924,0.0,2023-06-18_orb138_DES,orb138_DES,,,
2023-06-18,target_d<0.5m,cropland,86,0.0,2023-06-18_orb138_DES,orb138_DES,,,
2023-06-18,target_d<0.5m,wetland,152,0.0,2023-06-18_orb138_DES,orb138_DES,,,
2023-06-18,target_d<0.5m,ndvi<0.3 bare/sparse,1923,0.0,2023-06-18_orb138_DES,orb138_DES,,,
2023-06-18,target_d<0.5m,ndvi0.3-0.6 mixed,10205,0.0,2023-06-18_orb138_DES,orb138_DES,,,
2023-06-18,target_d<0.5m,ndvi>0.6 canopy,7402,0.0,2023-06-18_orb138_DES,orb138_DES,,,
2023-06-18,target_d<0.5m,trees unburnt,5519,0.0,2023-06-18_orb138_DES,orb138_DES,,,
2023-06-18,target_d<0.5m,grass unburnt,10997,0.0,2023-06-18_orb138_DES,orb138_DES,,,
2023-06-18,target_d<0.5m,burnt dNBR>0.1,2596,0.0,2023-06-18_orb138_DES,orb138_DES,,,
2023-06-18,target_d0.5-1.5m,trees,18695,0.0,2023-06-18_orb138_DES,orb138_DES,,,
2023-06-18,target_d0.5-1.5m,grass,28115,0.0,2023-06-18_orb138_DES,orb138_DES,,,
2023-06-18,target_d0.5-1.5m,cropland,213,0.0,2023-06-18_orb138_DES,orb138_DES,,,
2023-06-18,target_d0.5-1.5m,wetland,1143,0.0,2023-06-18_orb138_DES,orb138_DES,,,
2023-06-18,target_d0.5-1.5m,ndvi<0.3 bare/sparse,6635,0.0,2023-06-18_orb138_DES,orb138_DES,,,
2023-06-18,target_d0.5-1.5m,ndvi0.3-0.6 mixed,24738,0.0,2023-06-18_orb138_DES,orb138_DES,,,
2023-06-18,target_d0.5-1.5m,ndvi>0.6 canopy,17721,0.0,2023-06-18_orb138_DES,orb138_DES,,,
2023-06-18,target_d0.5-1.5m,trees unburnt,12421,0.0,2023-06-18_orb138_DES,orb138_DES,,,
2023-06-18,target_d0.5-1.5m,grass unburnt,26460,0.0,2023-06-18_orb138_DES,orb138_DES,,,
2023-06-18,target_d0.5-1.5m,burnt dNBR>0.1,8394,0.0,2023-06-18_orb138_DES,orb138_DES,,,
2023-06-18,target_d>=1.5m,trees,40431,0.0,2023-06-18_orb138_DES,orb138_DES,,,
2023-06-18,target_d>=1.5m,grass,30968,0.0,2023-06-18_orb138_DES,orb138_DES,,,
2023-06-18,target_d>=1.5m,cropland,1223,0.0,2023-06-18_orb138_DES,orb138_DES,,,
2023-06-18,target_d>=1.5m,wetland,6056,0.0,2023-06-18_orb138_DES,orb138_DES,,,
2023-06-18,target_d>=1.5m,ndvi<0.3 bare/sparse,9004,0.0,2023-06-18_orb138_DES,orb138_DES,,,
2023-06-18,target_d>=1.5m,ndvi0.3-0.6 mixed,35036,0.0,2023-06-18_orb138_DES,orb138_DES,,,
2023-06-18,target_d>=1.5m,ndvi>0.6 canopy,36186,0.0,2023-06-18_orb138_DES,orb138_DES,,,
2023-06-18,target_d>=1.5m,trees unburnt,26340,0.0,2023-06-18_orb138_DES,orb138_DES,,,
2023-06-18,target_d>=1.5m,grass unburnt,29539,0.0,2023-06-18_orb138_DES,orb138_DES,,,
2023-06-18,target_d>=1.5m,burnt dNBR>0.1,16658,0.0,2023-06-18_orb138_DES,orb138_DES,,,
2023-06-20,target,trees,66273,0.0,2023-06-20_orb167_DES,orb167_DES,,,
2023-06-20,target,grass,71007,0.0,2023-06-20_orb167_DES,orb167_DES,,,
2023-06-20,target,cropland,1522,0.0,2023-06-20_orb167_DES,orb167_DES,,,
2023-06-20,target,wetland,7351,0.0,2023-06-20_orb167_DES,orb167_DES,,,
2023-06-20,target,ndvi<0.3 bare/sparse,17562,0.0,2023-06-20_orb167_DES,orb167_DES,,,
2023-06-20,target,ndvi0.3-0.6 mixed,69979,0.0,2023-06-20_orb167_DES,orb167_DES,,,
2023-06-20,target,ndvi>0.6 canopy,61309,0.0,2023-06-20_orb167_DES,orb167_DES,,,
2023-06-20,target,trees unburnt,44280,0.0,2023-06-20_orb167_DES,orb167_DES,,,
2023-06-20,target,grass unburnt,66996,0.0,2023-06-20_orb167_DES,orb167_DES,,,
2023-06-20,target,burnt dNBR>0.1,27648,0.0,2023-06-20_orb167_DES,orb167_DES,,,
2023-06-20,control,trees,58110,0.0,2023-06-20_orb167_DES,orb167_DES,,,
2023-06-20,control,grass,139125,0.0,2023-06-20_orb167_DES,orb167_DES,,,
2023-06-20,control,cropland,183810,0.0,2023-06-20_orb167_DES,orb167_DES,,,
2023-06-20,control,wetland,736,0.0,2023-06-20_orb167_DES,orb167_DES,,,
2023-06-20,control,ndvi<0.3 bare/sparse,69576,0.0,2023-06-20_orb167_DES,orb167_DES,,,
2023-06-20,control,ndvi0.3-0.6 mixed,136794,0.0,2023-06-20_orb167_DES,orb167_DES,,,
2023-06-20,control,ndvi>0.6 canopy,145162,0.0,2023-06-20_orb167_DES,orb167_DES,,,
2023-06-20,control,trees unburnt,34081,0.0,2023-06-20_orb167_DES,orb167_DES,,,
2023-06-20,control,grass unburnt,85045,0.0,2023-06-20_orb167_DES,orb167_DES,,,
2023-06-20,control,burnt dNBR>0.1,85035,0.0,2023-06-20_orb167_DES,orb167_DES,,,
2023-06-20,reference,trees,2265,0.0,2023-06-20_orb167_DES,orb167_DES,,,
2023-06-20,reference,grass,52960,0.0,2023-06-20_orb167_DES,orb167_DES,,,
2023-06-20,reference,cropland,3751,0.0,2023-06-20_orb167_DES,orb167_DES,,,
2023-06-20,reference,wetland,38676,0.0,2023-06-20_orb167_DES,orb167_DES,,,
2023-06-20,reference,ndvi<0.3 bare/sparse,619,0.0,2023-06-20_orb167_DES,orb167_DES,,,
2023-06-20,reference,ndvi0.3-0.6 mixed,7545,0.0,2023-06-20_orb167_DES,orb167_DES,,,
2023-06-20,reference,ndvi>0.6 canopy,9967,0.0,2023-06-20_orb167_DES,orb167_DES,,,
2023-06-20,reference,trees unburnt,1699,0.0,2023-06-20_orb167_DES,orb167_DES,,,
2023-06-20,reference,grass unburnt,12397,0.0,2023-06-20_orb167_DES,orb167_DES,,,
2023-06-20,reference,burnt dNBR>0.1,675,0.0,2023-06-20_orb167_DES,orb167_DES,,,
2023-06-20,reference_brief,trees,8874,0.0,2023-06-20_orb167_DES,orb167_DES,,,
2023-06-20,reference_brief,grass,10954,0.0,2023-06-20_orb167_DES,orb167_DES,,,
2023-06-20,reference_brief,cropland,997,0.0,2023-06-20_orb167_DES,orb167_DES,,,
2023-06-20,reference_brief,ndvi<0.3 bare/sparse,627,0.0,2023-06-20_orb167_DES,orb167_DES,,,
2023-06-20,reference_brief,ndvi0.3-0.6 mixed,8078,0.0,2023-06-20_orb167_DES,orb167_DES,,,
2023-06-20,reference_brief,ndvi>0.6 canopy,9327,0.0,2023-06-20_orb167_DES,orb167_DES,,,
2023-06-20,reference_brief,trees unburnt,7867,0.0,2023-06-20_orb167_DES,orb167_DES,,,
2023-06-20,reference_brief,grass unburnt,7951,0.0,2023-06-20_orb167_DES,orb167_DES,,,
2023-06-20,reference_brief,burnt dNBR>0.1,446,0.0,2023-06-20_orb167_DES,orb167_DES,,,
2023-06-20,box_never_flooded,trees,77056,0.0,2023-06-20_orb167_DES,orb167_DES,,,
2023-06-20,box_never_flooded,grass,159759,0.0,2023-06-20_orb167_DES,orb167_DES,,,
2023-06-20,box_never_flooded,cropland,19241,0.0,2023-06-20_orb167_DES,orb167_DES,,,
2023-06-20,box_never_flooded,wetland,1496,0.0,2023-06-20_orb167_DES,orb167_DES,,,
2023-06-20,box_never_flooded,ndvi<0.3 bare/sparse,63057,0.0,2023-06-20_orb167_DES,orb167_DES,,,
2023-06-20,box_never_flooded,ndvi0.3-0.6 mixed,113963,0.0,2023-06-20_orb167_DES,orb167_DES,,,
2023-06-20,box_never_flooded,ndvi>0.6 canopy,102709,0.0,2023-06-20_orb167_DES,orb167_DES,,,
2023-06-20,box_never_flooded,trees unburnt,67221,0.0,2023-06-20_orb167_DES,orb167_DES,,,
2023-06-20,box_never_flooded,grass unburnt,147101,0.0,2023-06-20_orb167_DES,orb167_DES,,,
2023-06-20,box_never_flooded,burnt dNBR>0.1,20664,0.0,2023-06-20_orb167_DES,orb167_DES,,,
2023-06-20,target_P>=0.95,trees,1440,0.0,2023-06-20_orb167_DES,orb167_DES,,,
2023-06-20,target_P>=0.95,grass,31105,0.0,2023-06-20_orb167_DES,orb167_DES,,,
2023-06-20,target_P>=0.95,cropland,1421,0.0,2023-06-20_orb167_DES,orb167_DES,,,
2023-06-20,target_P>=0.95,wetland,6481,0.0,2023-06-20_orb167_DES,orb167_DES,,,
2023-06-20,target_P>=0.95,ndvi<0.3 bare/sparse,5211,0.0,2023-06-20_orb167_DES,orb167_DES,,,
2023-06-20,target_P>=0.95,ndvi0.3-0.6 mixed,21566,0.0,2023-06-20_orb167_DES,orb167_DES,,,
2023-06-20,target_P>=0.95,ndvi>0.6 canopy,15566,0.0,2023-06-20_orb167_DES,orb167_DES,,,
2023-06-20,target_P>=0.95,trees unburnt,1059,0.0,2023-06-20_orb167_DES,orb167_DES,,,
2023-06-20,target_P>=0.95,grass unburnt,29511,0.0,2023-06-20_orb167_DES,orb167_DES,,,
2023-06-20,target_P>=0.95,burnt dNBR>0.1,3411,0.0,2023-06-20_orb167_DES,orb167_DES,,,
2023-06-20,target_P0.5-0.95,trees,60602,0.0,2023-06-20_orb167_DES,orb167_DES,,,
2023-06-20,target_P0.5-0.95,grass,37672,0.0,2023-06-20_orb167_DES,orb167_DES,,,
2023-06-20,target_P0.5-0.95,cropland,94,0.0,2023-06-20_orb167_DES,orb167_DES,,,
2023-06-20,target_P0.5-0.95,wetland,858,0.0,2023-06-20_orb167_DES,orb167_DES,,,
2023-06-20,target_P0.5-0.95,ndvi<0.3 bare/sparse,11859,0.0,2023-06-20_orb167_DES,orb167_DES,,,
2023-06-20,target_P0.5-0.95,ndvi0.3-0.6 mixed,45745,0.0,2023-06-20_orb167_DES,orb167_DES,,,
2023-06-20,target_P0.5-0.95,ndvi>0.6 canopy,42392,0.0,2023-06-20_orb167_DES,orb167_DES,,,
2023-06-20,target_P0.5-0.95,trees unburnt,39829,0.0,2023-06-20_orb167_DES,orb167_DES,,,
2023-06-20,target_P0.5-0.95,grass unburnt,35362,0.0,2023-06-20_orb167_DES,orb167_DES,,,
2023-06-20,target_P0.5-0.95,burnt dNBR>0.1,23282,0.0,2023-06-20_orb167_DES,orb167_DES,,,
2023-06-20,target_P<0.5,trees,4231,0.0,2023-06-20_orb167_DES,orb167_DES,,,
2023-06-20,target_P<0.5,grass,2230,0.0,2023-06-20_orb167_DES,orb167_DES,,,
2023-06-20,target_P<0.5,ndvi<0.3 bare/sparse,492,0.0,2023-06-20_orb167_DES,orb167_DES,,,
2023-06-20,target_P<0.5,ndvi0.3-0.6 mixed,2668,0.0,2023-06-20_orb167_DES,orb167_DES,,,
2023-06-20,target_P<0.5,ndvi>0.6 canopy,3351,0.0,2023-06-20_orb167_DES,orb167_DES,,,
2023-06-20,target_P<0.5,trees unburnt,3392,0.0,2023-06-20_orb167_DES,orb167_DES,,,
2023-06-20,target_P<0.5,grass unburnt,2123,0.0,2023-06-20_orb167_DES,orb167_DES,,,
2023-06-20,target_P<0.5,burnt dNBR>0.1,955,0.0,2023-06-20_orb167_DES,orb167_DES,,,
2023-06-20,target_d<0.5m,trees,7147,0.0,2023-06-20_orb167_DES,orb167_DES,,,
2023-06-20,target_d<0.5m,grass,11924,0.0,2023-06-20_orb167_DES,orb167_DES,,,
2023-06-20,target_d<0.5m,cropland,86,0.0,2023-06-20_orb167_DES,orb167_DES,,,
2023-06-20,target_d<0.5m,wetland,152,0.0,2023-06-20_orb167_DES,orb167_DES,,,
2023-06-20,target_d<0.5m,ndvi<0.3 bare/sparse,1923,0.0,2023-06-20_orb167_DES,orb167_DES,,,
2023-06-20,target_d<0.5m,ndvi0.3-0.6 mixed,10205,0.0,2023-06-20_orb167_DES,orb167_DES,,,
2023-06-20,target_d<0.5m,ndvi>0.6 canopy,7402,0.0,2023-06-20_orb167_DES,orb167_DES,,,
2023-06-20,target_d<0.5m,trees unburnt,5519,0.0,2023-06-20_orb167_DES,orb167_DES,,,
2023-06-20,target_d<0.5m,grass unburnt,10997,0.0,2023-06-20_orb167_DES,orb167_DES,,,
2023-06-20,target_d<0.5m,burnt dNBR>0.1,2596,0.0,2023-06-20_orb167_DES,orb167_DES,,,
2023-06-20,target_d0.5-1.5m,trees,18695,0.0,2023-06-20_orb167_DES,orb167_DES,,,
2023-06-20,target_d0.5-1.5m,grass,28115,0.0,2023-06-20_orb167_DES,orb167_DES,,,
2023-06-20,target_d0.5-1.5m,cropland,213,0.0,2023-06-20_orb167_DES,orb167_DES,,,
2023-06-20,target_d0.5-1.5m,wetland,1143,0.0,2023-06-20_orb167_DES,orb167_DES,,,
2023-06-20,target_d0.5-1.5m,ndvi<0.3 bare/sparse,6635,0.0,2023-06-20_orb167_DES,orb167_DES,,,
2023-06-20,target_d0.5-1.5m,ndvi0.3-0.6 mixed,24738,0.0,2023-06-20_orb167_DES,orb167_DES,,,
2023-06-20,target_d0.5-1.5m,ndvi>0.6 canopy,17721,0.0,2023-06-20_orb167_DES,orb167_DES,,,
2023-06-20,target_d0.5-1.5m,trees unburnt,12421,0.0,2023-06-20_orb167_DES,orb167_DES,,,
2023-06-20,target_d0.5-1.5m,grass unburnt,26460,0.0,2023-06-20_orb167_DES,orb167_DES,,,
2023-06-20,target_d0.5-1.5m,burnt dNBR>0.1,8394,0.0,2023-06-20_orb167_DES,orb167_DES,,,
2023-06-20,target_d>=1.5m,trees,40431,0.0,2023-06-20_orb167_DES,orb167_DES,,,
2023-06-20,target_d>=1.5m,grass,30968,0.0,2023-06-20_orb167_DES,orb167_DES,,,
2023-06-20,target_d>=1.5m,cropland,1223,0.0,2023-06-20_orb167_DES,orb167_DES,,,
2023-06-20,target_d>=1.5m,wetland,6056,0.0,2023-06-20_orb167_DES,orb167_DES,,,
2023-06-20,target_d>=1.5m,ndvi<0.3 bare/sparse,9004,0.0,2023-06-20_orb167_DES,orb167_DES,,,
2023-06-20,target_d>=1.5m,ndvi0.3-0.6 mixed,35036,0.0,2023-06-20_orb167_DES,orb167_DES,,,
2023-06-20,target_d>=1.5m,ndvi>0.6 canopy,36186,0.0,2023-06-20_orb167_DES,orb167_DES,,,
2023-06-20,target_d>=1.5m,trees unburnt,26340,0.0,2023-06-20_orb167_DES,orb167_DES,,,
2023-06-20,target_d>=1.5m,grass unburnt,29539,0.0,2023-06-20_orb167_DES,orb167_DES,,,
2023-06-20,target_d>=1.5m,burnt dNBR>0.1,16658,0.0,2023-06-20_orb167_DES,orb167_DES,,,
2023-06-21,target,trees,66273,1.0,2023-06-21_orb14_ASC,orb14_ASC,-9.1562,-14.7245,5.6135
2023-06-21,target,grass,71007,1.0,2023-06-21_orb14_ASC,orb14_ASC,-12.5114,-18.2141,5.6394
2023-06-21,target,cropland,1522,1.0,2023-06-21_orb14_ASC,orb14_ASC,-11.0908,-17.431,6.2245
2023-06-21,target,wetland,7351,1.0,2023-06-21_orb14_ASC,orb14_ASC,-10.0544,-15.5534,5.4026
2023-06-21,target,ndvi<0.3 bare/sparse,17562,1.0,2023-06-21_orb14_ASC,orb14_ASC,-12.0725,-18.4772,6.3469
2023-06-21,target,ndvi0.3-0.6 mixed,69979,1.0,2023-06-21_orb14_ASC,orb14_ASC,-11.6691,-17.4755,5.6988
2023-06-21,target,ndvi>0.6 canopy,61309,1.0,2023-06-21_orb14_ASC,orb14_ASC,-9.4584,-14.8655,5.3677
2023-06-21,target,trees unburnt,44280,1.0,2023-06-21_orb14_ASC,orb14_ASC,-9.2024,-14.4302,5.231
2023-06-21,target,grass unburnt,66996,1.0,2023-06-21_orb14_ASC,orb14_ASC,-12.5549,-18.2244,5.607
2023-06-21,target,burnt dNBR>0.1,27648,1.0,2023-06-21_orb14_ASC,orb14_ASC,-9.4897,-15.8263,6.314
2023-06-21,control,trees,58110,1.0,2023-06-21_orb14_ASC,orb14_ASC,-8.9924,-14.0585,5.0742
2023-06-21,control,grass,139125,1.0,2023-06-21_orb14_ASC,orb14_ASC,-12.0399,-17.6754,5.7394
2023-06-21,control,cropland,183810,1.0,2023-06-21_orb14_ASC,orb14_ASC,-8.952,-14.6557,5.6556
2023-06-21,control,wetland,736,1.0,2023-06-21_orb14_ASC,orb14_ASC,-8.1984,-14.4927,6.2679
2023-06-21,control,ndvi<0.3 bare/sparse,69576,1.0,2023-06-21_orb14_ASC,orb14_ASC,-13.8535,-20.1803,6.284
2023-06-21,control,ndvi0.3-0.6 mixed,136794,1.0,2023-06-21_orb14_ASC,orb14_ASC,-9.2407,-15.1972,5.9695
2023-06-21,control,ndvi>0.6 canopy,145162,1.0,2023-06-21_orb14_ASC,orb14_ASC,-8.9205,-14.3467,5.3835
2023-06-21,control,trees unburnt,34081,1.0,2023-06-21_orb14_ASC,orb14_ASC,-8.5808,-13.69,5.1259
2023-06-21,control,grass unburnt,85045,1.0,2023-06-21_orb14_ASC,orb14_ASC,-11.1573,-17.0189,5.9481
2023-06-21,control,burnt dNBR>0.1,85035,1.0,2023-06-21_orb14_ASC,orb14_ASC,-8.6562,-14.4411,5.7899
2023-06-21,reference,trees,2265,1.0,2023-06-21_orb14_ASC,orb14_ASC,-8.4333,-14.5532,5.3658
2023-06-21,reference,grass,52960,1.0,2023-06-21_orb14_ASC,orb14_ASC,-10.075,-16.9225,6.2238
2023-06-21,reference,cropland,3751,1.0,2023-06-21_orb14_ASC,orb14_ASC,-9.2207,-16.7873,6.955
2023-06-21,reference,wetland,38676,1.0,2023-06-21_orb14_ASC,orb14_ASC,-6.1917,-14.1921,8.0143
2023-06-21,reference,ndvi<0.3 bare/sparse,619,1.0,2023-06-21_orb14_ASC,orb14_ASC,-11.5102,-19.0939,6.5169
2023-06-21,reference,ndvi0.3-0.6 mixed,7545,1.0,2023-06-21_orb14_ASC,orb14_ASC,-11.6545,-19.1557,6.1995
2023-06-21,reference,ndvi>0.6 canopy,9967,1.0,2023-06-21_orb14_ASC,orb14_ASC,-9.4364,-16.0912,6.0835
2023-06-21,reference,trees unburnt,1699,1.0,2023-06-21_orb14_ASC,orb14_ASC,-8.9527,-14.9523,4.9547
2023-06-21,reference,grass unburnt,12397,1.0,2023-06-21_orb14_ASC,orb14_ASC,-10.72,-18.3543,6.3218
2023-06-21,reference,burnt dNBR>0.1,675,1.0,2023-06-21_orb14_ASC,orb14_ASC,-8.5403,-16.1132,6.5124
2023-06-21,reference_brief,trees,8874,1.0,2023-06-21_orb14_ASC,orb14_ASC,-8.4322,-13.8086,5.3937
2023-06-21,reference_brief,grass,10954,1.0,2023-06-21_orb14_ASC,orb14_ASC,-11.2432,-17.4356,6.0714
2023-06-21,reference_brief,cropland,997,1.0,2023-06-21_orb14_ASC,orb14_ASC,-10.9253,-17.3115,6.3152
2023-06-21,reference_brief,ndvi<0.3 bare/sparse,627,1.0,2023-06-21_orb14_ASC,orb14_ASC,-11.1789,-18.4976,6.9399
2023-06-21,reference_brief,ndvi0.3-0.6 mixed,8078,1.0,2023-06-21_orb14_ASC,orb14_ASC,-10.7716,-17.0604,6.2394
2023-06-21,reference_brief,ndvi>0.6 canopy,9327,1.0,2023-06-21_orb14_ASC,orb14_ASC,-8.6281,-14.0625,5.4301
2023-06-21,reference_brief,trees unburnt,7867,1.0,2023-06-21_orb14_ASC,orb14_ASC,-8.4332,-13.8041,5.3541
2023-06-21,reference_brief,grass unburnt,7951,1.0,2023-06-21_orb14_ASC,orb14_ASC,-11.1335,-17.4217,6.1539
2023-06-21,reference_brief,burnt dNBR>0.1,446,1.0,2023-06-21_orb14_ASC,orb14_ASC,-8.9461,-14.8258,5.8143
2023-06-21,box_never_flooded,trees,77056,1.0,2023-06-21_orb14_ASC,orb14_ASC,-8.6742,-14.3405,5.6401
2023-06-21,box_never_flooded,grass,159759,1.0,2023-06-21_orb14_ASC,orb14_ASC,-12.6319,-18.347,5.7039
2023-06-21,box_never_flooded,cropland,19241,1.0,2023-06-21_orb14_ASC,orb14_ASC,-9.991,-15.5111,5.5705
2023-06-21,box_never_flooded,wetland,1496,1.0,2023-06-21_orb14_ASC,orb14_ASC,-8.9069,-15.2723,6.5412
2023-06-21,box_never_flooded,ndvi<0.3 bare/sparse,63057,1.0,2023-06-21_orb14_ASC,orb14_ASC,-14.5587,-20.2925,5.6982
2023-06-21,box_never_flooded,ndvi0.3-0.6 mixed,113963,1.0,2023-06-21_orb14_ASC,orb14_ASC,-12.0119,-17.7343,5.6462
2023-06-21,box_never_flooded,ndvi>0.6 canopy,102709,1.0,2023-06-21_orb14_ASC,orb14_ASC,-9.015,-14.7634,5.6979
2023-06-21,box_never_flooded,trees unburnt,67221,1.0,2023-06-21_orb14_ASC,orb14_ASC,-8.5812,-14.2413,5.6165
2023-06-21,box_never_flooded,grass unburnt,147101,1.0,2023-06-21_orb14_ASC,orb14_ASC,-12.6251,-18.3355,5.6873
2023-06-21,box_never_flooded,burnt dNBR>0.1,20664,1.0,2023-06-21_orb14_ASC,orb14_ASC,-10.3308,-16.4033,5.9029
2023-06-21,target_P>=0.95,trees,1440,1.0,2023-06-21_orb14_ASC,orb14_ASC,-9.9348,-15.0545,5.1101
2023-06-21,target_P>=0.95,grass,31105,1.0,2023-06-21_orb14_ASC,orb14_ASC,-12.2473,-18.073,5.6907
2023-06-21,target_P>=0.95,cropland,1421,1.0,2023-06-21_orb14_ASC,orb14_ASC,-11.0502,-17.5523,6.3507
2023-06-21,target_P>=0.95,wetland,6481,1.0,2023-06-21_orb14_ASC,orb14_ASC,-10.1674,-15.5296,5.2918
2023-06-21,target_P>=0.95,ndvi<0.3 bare/sparse,5211,1.0,2023-06-21_orb14_ASC,orb14_ASC,-13.9555,-20.022,5.8648
2023-06-21,target_P>=0.95,ndvi0.3-0.6 mixed,21566,1.0,2023-06-21_orb14_ASC,orb14_ASC,-12.4017,-18.2139,5.771
2023-06-21,target_P>=0.95,ndvi>0.6 canopy,15566,1.0,2023-06-21_orb14_ASC,orb14_ASC,-10.3744,-15.7933,5.438
2023-06-21,target_P>=0.95,trees unburnt,1059,1.0,2023-06-21_orb14_ASC,orb14_ASC,-9.7412,-14.6576,4.8681
2023-06-21,target_P>=0.95,grass unburnt,29511,1.0,2023-06-21_orb14_ASC,orb14_ASC,-12.2453,-18.0384,5.6748
2023-06-21,target_P>=0.95,burnt dNBR>0.1,3411,1.0,2023-06-21_orb14_ASC,orb14_ASC,-12.1034,-17.3244,5.3695
2023-06-21,target_P0.5-0.95,trees,60602,1.0,2023-06-21_orb14_ASC,orb14_ASC,-9.1457,-14.7303,5.6355
2023-06-21,target_P0.5-0.95,grass,37672,1.0,2023-06-21_orb14_ASC,orb14_ASC,-12.6549,-18.2861,5.6022
2023-06-21,target_P0.5-0.95,cropland,94,1.0,2023-06-21_orb14_ASC,orb14_ASC,-11.5064,-16.3377,5.1993
2023-06-21,target_P0.5-0.95,wetland,858,1.0,2023-06-21_orb14_ASC,orb14_ASC,-9.3859,-15.6716,6.2162
2023-06-21,target_P0.5-0.95,ndvi<0.3 bare/sparse,11859,1.0,2023-06-21_orb14_ASC,orb14_ASC,-11.2622,-17.6552,6.5464
2023-06-21,target_P0.5-0.95,ndvi0.3-0.6 mixed,45745,1.0,2023-06-21_orb14_ASC,orb14_ASC,-11.3255,-17.0727,5.6819
2023-06-21,target_P0.5-0.95,ndvi>0.6 canopy,42392,1.0,2023-06-21_orb14_ASC,orb14_ASC,-9.2067,-14.5811,5.3417
2023-06-21,target_P0.5-0.95,trees unburnt,39829,1.0,2023-06-21_orb14_ASC,orb14_ASC,-9.1925,-14.4283,5.2396
2023-06-21,target_P0.5-0.95,grass unburnt,35362,1.0,2023-06-21_orb14_ASC,orb14_ASC,-12.7258,-18.3182,5.5622
2023-06-21,target_P0.5-0.95,burnt dNBR>0.1,23282,1.0,2023-06-21_orb14_ASC,orb14_ASC,-9.219,-15.6559,6.4339
2023-06-21,target_P<0.5,trees,4231,1.0,2023-06-21_orb14_ASC,orb14_ASC,-9.0687,-14.5394,5.4921
2023-06-21,target_P<0.5,grass,2230,1.0,2023-06-21_orb14_ASC,orb14_ASC,-13.1287,-18.6834,5.5503
2023-06-21,target_P<0.5,ndvi<0.3 bare/sparse,492,1.0,2023-06-21_orb14_ASC,orb14_ASC,-11.9223,-18.3035,6.3964
2023-06-21,target_P<0.5,ndvi0.3-0.6 mixed,2668,1.0,2023-06-21_orb14_ASC,orb14_ASC,-12.075,-17.6014,5.5169
2023-06-21,target_P<0.5,ndvi>0.6 canopy,3351,1.0,2023-06-21_orb14_ASC,orb14_ASC,-8.9924,-14.4189,5.3825
2023-06-21,target_P<0.5,trees unburnt,3392,1.0,2023-06-21_orb14_ASC,orb14_ASC,-9.1464,-14.3865,5.2539
2023-06-21,target_P<0.5,grass unburnt,2123,1.0,2023-06-21_orb14_ASC,orb14_ASC,-13.2098,-18.7459,5.5373
2023-06-21,target_P<0.5,burnt dNBR>0.1,955,1.0,2023-06-21_orb14_ASC,orb14_ASC,-8.9108,-15.4255,6.4166
2023-06-21,target_d<0.5m,trees,7147,1.0,2023-06-21_orb14_ASC,orb14_ASC,-9.0258,-14.542,5.535
2023-06-21,target_d<0.5m,grass,11924,1.0,2023-06-21_orb14_ASC,orb14_ASC,-12.6865,-18.2842,5.6412
2023-06-21,target_d<0.5m,cropland,86,1.0,2023-06-21_orb14_ASC,orb14_ASC,-11.5064,-16.3377,5.1156
2023-06-21,target_d<0.5m,wetland,152,1.0,2023-06-21_orb14_ASC,orb14_ASC,-9.3331,-15.5438,6.2426
2023-06-21,target_d<0.5m,ndvi<0.3 bare/sparse,1923,1.0,2023-06-21_orb14_ASC,orb14_ASC,-12.3701,-18.5652,6.2039
2023-06-21,target_d<0.5m,ndvi0.3-0.6 mixed,10205,1.0,2023-06-21_orb14_ASC,orb14_ASC,-12.3942,-18.0322,5.675
2023-06-21,target_d<0.5m,ndvi>0.6 canopy,7402,1.0,2023-06-21_orb14_ASC,orb14_ASC,-9.4557,-14.8999,5.383
2023-06-21,target_d<0.5m,trees unburnt,5519,1.0,2023-06-21_orb14_ASC,orb14_ASC,-9.0145,-14.3332,5.2895
2023-06-21,target_d<0.5m,grass unburnt,10997,1.0,2023-06-21_orb14_ASC,orb14_ASC,-12.7841,-18.3432,5.5929
2023-06-21,target_d<0.5m,burnt dNBR>0.1,2596,1.0,2023-06-21_orb14_ASC,orb14_ASC,-9.9059,-16.2087,6.3603
2023-06-21,target_d0.5-1.5m,trees,18695,1.0,2023-06-21_orb14_ASC,orb14_ASC,-9.4327,-14.9179,5.5844
2023-06-21,target_d0.5-1.5m,grass,28115,1.0,2023-06-21_orb14_ASC,orb14_ASC,-12.6998,-18.3376,5.5932
2023-06-21,target_d0.5-1.5m,cropland,213,1.0,2023-06-21_orb14_ASC,orb14_ASC,-11.9337,-17.3661,5.3958
2023-06-21,target_d0.5-1.5m,wetland,1143,1.0,2023-06-21_orb14_ASC,orb14_ASC,-10.4469,-15.9373,5.4511
2023-06-21,target_d0.5-1.5m,ndvi<0.3 bare/sparse,6635,1.0,2023-06-21_orb14_ASC,orb14_ASC,-12.3487,-18.5004,6.1348
2023-06-21,target_d0.5-1.5m,ndvi0.3-0.6 mixed,24738,1.0,2023-06-21_orb14_ASC,orb14_ASC,-12.1085,-17.8569,5.6731
2023-06-21,target_d0.5-1.5m,ndvi>0.6 canopy,17721,1.0,2023-06-21_orb14_ASC,orb14_ASC,-9.8466,-15.1569,5.2918
2023-06-21,target_d0.5-1.5m,trees unburnt,12421,1.0,2023-06-21_orb14_ASC,orb14_ASC,-9.3292,-14.5163,5.1978
2023-06-21,target_d0.5-1.5m,grass unburnt,26460,1.0,2023-06-21_orb14_ASC,orb14_ASC,-12.755,-18.3527,5.5534
2023-06-21,target_d0.5-1.5m,burnt dNBR>0.1,8394,1.0,2023-06-21_orb14_ASC,orb14_ASC,-10.1562,-16.3384,6.2725
2023-06-21,target_d>=1.5m,trees,40431,1.0,2023-06-21_orb14_ASC,orb14_ASC,-9.0538,-14.6605,5.6406
2023-06-21,target_d>=1.5m,grass,30968,1.0,2023-06-21_orb14_ASC,orb14_ASC,-12.229,-18.0443,5.6826
2023-06-21,target_d>=1.5m,cropland,1223,1.0,2023-06-21_orb14_ASC,orb14_ASC,-10.787,-17.5832,6.5236
2023-06-21,target_d>=1.5m,wetland,6056,1.0,2023-06-21_orb14_ASC,orb14_ASC,-10.0266,-15.4803,5.3634
2023-06-21,target_d>=1.5m,ndvi<0.3 bare/sparse,9004,1.0,2023-06-21_orb14_ASC,orb14_ASC,-11.7238,-18.4297,6.5554
2023-06-21,target_d>=1.5m,ndvi0.3-0.6 mixed,35036,1.0,2023-06-21_orb14_ASC,orb14_ASC,-11.083,-16.9453,5.7283
2023-06-21,target_d>=1.5m,ndvi>0.6 canopy,36186,1.0,2023-06-21_orb14_ASC,orb14_ASC,-9.2688,-14.7251,5.3989
2023-06-21,target_d>=1.5m,trees unburnt,26340,1.0,2023-06-21_orb14_ASC,orb14_ASC,-9.1886,-14.417,5.2351
2023-06-21,target_d>=1.5m,grass unburnt,29539,1.0,2023-06-21_orb14_ASC,orb14_ASC,-12.2354,-18.0267,5.6686
2023-06-21,target_d>=1.5m,burnt dNBR>0.1,16658,1.0,2023-06-21_orb14_ASC,orb14_ASC,-9.1215,-15.5102,6.3275
2023-06-25,target,trees,66273,1.0,2023-06-25_orb65_DES,orb65_DES,-9.0927,-14.7228,5.6611
2023-06-25,target,grass,71007,1.0,2023-06-25_orb65_DES,orb65_DES,-12.4868,-18.4237,5.9639
2023-06-25,target,cropland,1522,1.0,2023-06-25_orb65_DES,orb65_DES,-11.1598,-17.8483,6.5809
2023-06-25,target,wetland,7351,1.0,2023-06-25_orb65_DES,orb65_DES,-10.2736,-16.1457,5.7772
2023-06-25,target,ndvi<0.3 bare/sparse,17562,1.0,2023-06-25_orb65_DES,orb65_DES,-11.8483,-18.4711,6.6241
2023-06-25,target,ndvi0.3-0.6 mixed,69979,1.0,2023-06-25_orb65_DES,orb65_DES,-11.5122,-17.5166,5.9271
2023-06-25,target,ndvi>0.6 canopy,61309,1.0,2023-06-25_orb65_DES,orb65_DES,-9.4525,-15.0035,5.4864
2023-06-25,target,trees unburnt,44280,1.0,2023-06-25_orb65_DES,orb65_DES,-9.1107,-14.4071,5.3118
2023-06-25,target,grass unburnt,66996,1.0,2023-06-25_orb65_DES,orb65_DES,-12.5384,-18.4286,5.9204
2023-06-25,target,burnt dNBR>0.1,27648,1.0,2023-06-25_orb65_DES,orb65_DES,-9.4904,-15.9342,6.3799
2023-06-25,control,trees,58110,1.0,2023-06-25_orb65_DES,orb65_DES,-9.1814,-14.3127,5.1661
2023-06-25,control,grass,139125,1.0,2023-06-25_orb65_DES,orb65_DES,-12.263,-17.8131,5.7175
2023-06-25,control,cropland,183810,1.0,2023-06-25_orb65_DES,orb65_DES,-10.6596,-16.4636,5.8153
2023-06-25,control,wetland,736,1.0,2023-06-25_orb65_DES,orb65_DES,-9.4772,-15.4691,6.1194
2023-06-25,control,ndvi<0.3 bare/sparse,69576,1.0,2023-06-25_orb65_DES,orb65_DES,-14.8782,-20.9239,6.0017
2023-06-25,control,ndvi0.3-0.6 mixed,136794,1.0,2023-06-25_orb65_DES,orb65_DES,-10.8235,-16.8096,6.0187
2023-06-25,control,ndvi>0.6 canopy,145162,1.0,2023-06-25_orb65_DES,orb65_DES,-9.9727,-15.4875,5.4788
2023-06-25,control,trees unburnt,34081,1.0,2023-06-25_orb65_DES,orb65_DES,-8.9118,-14.1256,5.2411
2023-06-25,control,grass unburnt,85045,1.0,2023-06-25_orb65_DES,orb65_DES,-11.5258,-17.2496,5.8434
2023-06-25,control,burnt dNBR>0.1,85035,1.0,2023-06-25_orb65_DES,orb65_DES,-10.6821,-16.7246,6.15
2023-06-25,reference,trees,2265,1.0,2023-06-25_orb65_DES,orb65_DES,-9.3473,-15.7626,6.255
2023-06-25,reference,grass,52960,1.0,2023-06-25_orb65_DES,orb65_DES,-10.8814,-17.6454,6.4623
2023-06-25,reference,cropland,3751,1.0,2023-06-25_orb65_DES,orb65_DES,-10.7486,-17.5202,6.483
2023-06-25,reference,wetland,38676,1.0,2023-06-25_orb65_DES,orb65_DES,-5.9684,-14.1005,8.1178
2023-06-25,reference,ndvi<0.3 bare/sparse,619,1.0,2023-06-25_orb65_DES,orb65_DES,-15.1052,-21.4574,5.8841
2023-06-25,reference,ndvi0.3-0.6 mixed,7545,1.0,2023-06-25_orb65_DES,orb65_DES,-14.0368,-20.9672,6.6696
2023-06-25,reference,ndvi>0.6 canopy,9967,1.0,2023-06-25_orb65_DES,orb65_DES,-9.9067,-16.7965,6.7546
2023-06-25,reference,trees unburnt,1699,1.0,2023-06-25_orb65_DES,orb65_DES,-9.9061,-16.3572,6.1583
2023-06-25,reference,grass unburnt,12397,1.0,2023-06-25_orb65_DES,orb65_DES,-12.2868,-19.8001,6.6696
2023-06-25,reference,burnt dNBR>0.1,675,1.0,2023-06-25_orb65_DES,orb65_DES,-9.1301,-16.7493,6.8851
2023-06-25,reference_brief,trees,8874,1.0,2023-06-25_orb65_DES,orb65_DES,-8.701,-14.2044,5.5582
2023-06-25,reference_brief,grass,10954,1.0,2023-06-25_orb65_DES,orb65_DES,-12.4626,-18.2312,5.8464
2023-06-25,reference_brief,cropland,997,1.0,2023-06-25_orb65_DES,orb65_DES,-11.731,-17.6243,5.9264
2023-06-25,reference_brief,ndvi<0.3 bare/sparse,627,1.0,2023-06-25_orb65_DES,orb65_DES,-13.708,-19.8741,6.1875
2023-06-25,reference_brief,ndvi0.3-0.6 mixed,8078,1.0,2023-06-25_orb65_DES,orb65_DES,-12.3233,-18.142,5.9055
2023-06-25,reference_brief,ndvi>0.6 canopy,9327,1.0,2023-06-25_orb65_DES,orb65_DES,-8.872,-14.5297,5.7092
2023-06-25,reference_brief,trees unburnt,7867,1.0,2023-06-25_orb65_DES,orb65_DES,-8.6784,-14.2145,5.596
2023-06-25,reference_brief,grass unburnt,7951,1.0,2023-06-25_orb65_DES,orb65_DES,-12.7007,-18.6025,5.9688
2023-06-25,reference_brief,burnt dNBR>0.1,446,1.0,2023-06-25_orb65_DES,orb65_DES,-9.8309,-15.3118,5.6852
2023-06-25,box_never_flooded,trees,77056,1.0,2023-06-25_orb65_DES,orb65_DES,-8.8197,-14.4882,5.6167
2023-06-25,box_never_flooded,grass,159759,1.0,2023-06-25_orb65_DES,orb65_DES,-13.1387,-18.7631,5.7465
2023-06-25,box_never_flooded,cropland,19241,1.0,2023-06-25_orb65_DES,orb65_DES,-10.7649,-16.4686,5.6829
2023-06-25,box_never_flooded,wetland,1496,1.0,2023-06-25_orb65_DES,orb65_DES,-9.5238,-15.4926,6.1149
2023-06-25,box_never_flooded,ndvi<0.3 bare/sparse,63057,1.0,2023-06-25_orb65_DES,orb65_DES,-15.0689,-20.9285,5.7911
2023-06-25,box_never_flooded,ndvi0.3-0.6 mixed,113963,1.0,2023-06-25_orb65_DES,orb65_DES,-12.6032,-18.1936,5.6268
2023-06-25,box_never_flooded,ndvi>0.6 canopy,102709,1.0,2023-06-25_orb65_DES,orb65_DES,-9.2367,-15.0203,5.6993
2023-06-25,box_never_flooded,trees unburnt,67221,1.0,2023-06-25_orb65_DES,orb65_DES,-8.7802,-14.3982,5.5577
2023-06-25,box_never_flooded,grass unburnt,147101,1.0,2023-06-25_orb65_DES,orb65_DES,-13.1455,-18.757,5.7248
2023-06-25,box_never_flooded,burnt dNBR>0.1,20664,1.0,2023-06-25_orb65_DES,orb65_DES,-10.5547,-16.593,6.0129
2023-06-25,target_P>=0.95,trees,1440,1.0,2023-06-25_orb65_DES,orb65_DES,-9.7464,-14.9584,5.3497
2023-06-25,target_P>=0.95,grass,31105,1.0,2023-06-25_orb65_DES,orb65_DES,-11.9847,-18.2157,6.1426
2023-06-25,target_P>=0.95,cropland,1421,1.0,2023-06-25_orb65_DES,orb65_DES,-11.1743,-17.9687,6.7239
2023-06-25,target_P>=0.95,wetland,6481,1.0,2023-06-25_orb65_DES,orb65_DES,-10.3324,-16.1803,5.7331
2023-06-25,target_P>=0.95,ndvi<0.3 bare/sparse,5211,1.0,2023-06-25_orb65_DES,orb65_DES,-13.5121,-20.387,6.6579
2023-06-25,target_P>=0.95,ndvi0.3-0.6 mixed,21566,1.0,2023-06-25_orb65_DES,orb65_DES,-12.1367,-18.361,6.1239
2023-06-25,target_P>=0.95,ndvi>0.6 canopy,15566,1.0,2023-06-25_orb65_DES,orb65_DES,-10.2566,-16.1009,5.7726
2023-06-25,target_P>=0.95,trees unburnt,1059,1.0,2023-06-25_orb65_DES,orb65_DES,-9.6092,-14.658,5.1811
2023-06-25,target_P>=0.95,grass unburnt,29511,1.0,2023-06-25_orb65_DES,orb65_DES,-11.9833,-18.1701,6.1074
2023-06-25,target_P>=0.95,burnt dNBR>0.1,3411,1.0,2023-06-25_orb65_DES,orb65_DES,-12.3352,-18.1186,5.859
2023-06-25,target_P0.5-0.95,trees,60602,1.0,2023-06-25_orb65_DES,orb65_DES,-9.0853,-14.7394,5.6808
2023-06-25,target_P0.5-0.95,grass,37672,1.0,2023-06-25_orb65_DES,orb65_DES,-12.8063,-18.5485,5.8527
2023-06-25,target_P0.5-0.95,cropland,94,1.0,2023-06-25_orb65_DES,orb65_DES,-11.0302,-16.6714,5.5096
2023-06-25,target_P0.5-0.95,wetland,858,1.0,2023-06-25_orb65_DES,orb65_DES,-9.9391,-15.9748,5.986
2023-06-25,target_P0.5-0.95,ndvi<0.3 bare/sparse,11859,1.0,2023-06-25_orb65_DES,orb65_DES,-11.0724,-17.5534,6.6129
2023-06-25,target_P0.5-0.95,ndvi0.3-0.6 mixed,45745,1.0,2023-06-25_orb65_DES,orb65_DES,-11.1787,-17.0541,5.858
2023-06-25,target_P0.5-0.95,ndvi>0.6 canopy,42392,1.0,2023-06-25_orb65_DES,orb65_DES,-9.2358,-14.6699,5.4058
2023-06-25,target_P0.5-0.95,trees unburnt,39829,1.0,2023-06-25_orb65_DES,orb65_DES,-9.1035,-14.4163,5.3224
2023-06-25,target_P0.5-0.95,grass unburnt,35362,1.0,2023-06-25_orb65_DES,orb65_DES,-12.884,-18.5877,5.807
2023-06-25,target_P0.5-0.95,burnt dNBR>0.1,23282,1.0,2023-06-25_orb65_DES,orb65_DES,-9.2411,-15.7005,6.4349
2023-06-25,target_P<0.5,trees,4231,1.0,2023-06-25_orb65_DES,orb65_DES,-8.9377,-14.4031,5.4902
2023-06-25,target_P<0.5,grass,2230,1.0,2023-06-25_orb65_DES,orb65_DES,-13.2986,-18.7793,5.612
2023-06-25,target_P<0.5,ndvi<0.3 bare/sparse,492,1.0,2023-06-25_orb65_DES,orb65_DES,-12.1911,-18.2365,6.485
2023-06-25,target_P<0.5,ndvi0.3-0.6 mixed,2668,1.0,2023-06-25_orb65_DES,orb65_DES,-12.0652,-17.6045,5.5602
2023-06-25,target_P<0.5,ndvi>0.6 canopy,3351,1.0,2023-06-25_orb65_DES,orb65_DES,-8.955,-14.2975,5.3507
2023-06-25,target_P<0.5,trees unburnt,3392,1.0,2023-06-25_orb65_DES,orb65_DES,-8.9973,-14.2276,5.2194
2023-06-25,target_P<0.5,grass unburnt,2123,1.0,2023-06-25_orb65_DES,orb65_DES,-13.3783,-18.8287,5.5609
2023-06-25,target_P<0.5,burnt dNBR>0.1,955,1.0,2023-06-25_orb65_DES,orb65_DES,-8.9555,-15.4783,6.5983
2023-06-25,target_d<0.5m,trees,7147,1.0,2023-06-25_orb65_DES,orb65_DES,-8.9859,-14.4778,5.5308
2023-06-25,target_d<0.5m,grass,11924,1.0,2023-06-25_orb65_DES,orb65_DES,-12.8309,-18.4678,5.7405
2023-06-25,target_d<0.5m,cropland,86,1.0,2023-06-25_orb65_DES,orb65_DES,-11.0144,-16.5807,5.5069
2023-06-25,target_d<0.5m,wetland,152,1.0,2023-06-25_orb65_DES,orb65_DES,-9.6325,-15.9225,6.3675
2023-06-25,target_d<0.5m,ndvi<0.3 bare/sparse,1923,1.0,2023-06-25_orb65_DES,orb65_DES,-12.6101,-18.6555,6.1893
2023-06-25,target_d<0.5m,ndvi0.3-0.6 mixed,10205,1.0,2023-06-25_orb65_DES,orb65_DES,-12.4109,-18.1161,5.7147
2023-06-25,target_d<0.5m,ndvi>0.6 canopy,7402,1.0,2023-06-25_orb65_DES,orb65_DES,-9.4771,-14.9241,5.4329
2023-06-25,target_d<0.5m,trees unburnt,5519,1.0,2023-06-25_orb65_DES,orb65_DES,-8.9365,-14.2198,5.2917
2023-06-25,target_d<0.5m,grass unburnt,10997,1.0,2023-06-25_orb65_DES,orb65_DES,-12.9686,-18.545,5.6771
2023-06-25,target_d<0.5m,burnt dNBR>0.1,2596,1.0,2023-06-25_orb65_DES,orb65_DES,-9.8991,-16.3116,6.3827
2023-06-25,target_d0.5-1.5m,trees,18695,1.0,2023-06-25_orb65_DES,orb65_DES,-9.3386,-14.8711,5.5685
2023-06-25,target_d0.5-1.5m,grass,28115,1.0,2023-06-25_orb65_DES,orb65_DES,-12.8592,-18.6345,5.8867
2023-06-25,target_d0.5-1.5m,cropland,213,1.0,2023-06-25_orb65_DES,orb65_DES,-11.5243,-17.3784,5.9506
2023-06-25,target_d0.5-1.5m,wetland,1143,1.0,2023-06-25_orb65_DES,orb65_DES,-10.7886,-16.4763,5.5283
2023-06-25,target_d0.5-1.5m,ndvi<0.3 bare/sparse,6635,1.0,2023-06-25_orb65_DES,orb65_DES,-12.1353,-18.4431,6.3533
2023-06-25,target_d0.5-1.5m,ndvi0.3-0.6 mixed,24738,1.0,2023-06-25_orb65_DES,orb65_DES,-12.1095,-17.9805,5.899
2023-06-25,target_d0.5-1.5m,ndvi>0.6 canopy,17721,1.0,2023-06-25_orb65_DES,orb65_DES,-9.874,-15.2703,5.3567
2023-06-25,target_d0.5-1.5m,trees unburnt,12421,1.0,2023-06-25_orb65_DES,orb65_DES,-9.1699,-14.3987,5.2334
2023-06-25,target_d0.5-1.5m,grass unburnt,26460,1.0,2023-06-25_orb65_DES,orb65_DES,-12.9116,-18.6438,5.837
2023-06-25,target_d0.5-1.5m,burnt dNBR>0.1,8394,1.0,2023-06-25_orb65_DES,orb65_DES,-10.1741,-16.4308,6.2976
2023-06-25,target_d>=1.5m,trees,40431,1.0,2023-06-25_orb65_DES,orb65_DES,-9.0089,-14.7007,5.7267
2023-06-25,target_d>=1.5m,grass,30968,1.0,2023-06-25_orb65_DES,orb65_DES,-11.958,-18.1923,6.134
2023-06-25,target_d>=1.5m,cropland,1223,1.0,2023-06-25_orb65_DES,orb65_DES,-11.0555,-18.1438,6.9854
2023-06-25,target_d>=1.5m,wetland,6056,1.0,2023-06-25_orb65_DES,orb65_DES,-10.2115,-16.0884,5.8143
2023-06-25,target_d>=1.5m,ndvi<0.3 bare/sparse,9004,1.0,2023-06-25_orb65_DES,orb65_DES,-11.417,-18.4305,6.9382
2023-06-25,target_d>=1.5m,ndvi0.3-0.6 mixed,35036,1.0,2023-06-25_orb65_DES,orb65_DES,-10.7854,-16.9585,6.0132
2023-06-25,target_d>=1.5m,ndvi>0.6 canopy,36186,1.0,2023-06-25_orb65_DES,orb65_DES,-9.2631,-14.906,5.5701
2023-06-25,target_d>=1.5m,trees unburnt,26340,1.0,2023-06-25_orb65_DES,orb65_DES,-9.1177,-14.4561,5.3516
2023-06-25,target_d>=1.5m,grass unburnt,29539,1.0,2023-06-25_orb65_DES,orb65_DES,-11.9669,-18.1616,6.1048
2023-06-25,target_d>=1.5m,burnt dNBR>0.1,16658,1.0,2023-06-25_orb65_DES,orb65_DES,-9.1097,-15.62,6.4222
2023-06-26,target,trees,66273,1.0,2023-06-26_orb87_ASC,orb87_ASC,-8.521,-13.9184,5.4351
2023-06-26,target,grass,71007,1.0,2023-06-26_orb87_ASC,orb87_ASC,-10.7801,-17.411,6.7139
2023-06-26,target,cropland,1522,1.0,2023-06-26_orb87_ASC,orb87_ASC,-9.6233,-16.8589,7.3898
2023-06-26,target,wetland,7351,1.0,2023-06-26_orb87_ASC,orb87_ASC,-9.165,-15.4214,6.2306
2023-06-26,target,ndvi<0.3 bare/sparse,17562,1.0,2023-06-26_orb87_ASC,orb87_ASC,-10.0548,-16.8991,7.0848
2023-06-26,target,ndvi0.3-0.6 mixed,69979,1.0,2023-06-26_orb87_ASC,orb87_ASC,-10.0234,-16.3322,6.4185
2023-06-26,target,ndvi>0.6 canopy,61309,1.0,2023-06-26_orb87_ASC,orb87_ASC,-9.0107,-14.4766,5.5388
2023-06-26,target,trees unburnt,44280,1.0,2023-06-26_orb87_ASC,orb87_ASC,-8.8168,-13.914,5.1119
2023-06-26,target,grass unburnt,66996,1.0,2023-06-26_orb87_ASC,orb87_ASC,-10.7953,-17.4273,6.7055
2023-06-26,target,burnt dNBR>0.1,27648,1.0,2023-06-26_orb87_ASC,orb87_ASC,-8.2314,-14.3287,6.216
2023-06-26,control,trees,58110,1.0,2023-06-26_orb87_ASC,orb87_ASC,-8.7419,-13.8573,5.1279
2023-06-26,control,grass,139125,1.0,2023-06-26_orb87_ASC,orb87_ASC,-10.6744,-16.9144,6.6559
2023-06-26,control,cropland,183810,1.0,2023-06-26_orb87_ASC,orb87_ASC,-9.237,-15.0889,5.8117
2023-06-26,control,wetland,736,1.0,2023-06-26_orb87_ASC,orb87_ASC,-8.544,-14.5372,5.9481
2023-06-26,control,ndvi<0.3 bare/sparse,69576,1.0,2023-06-26_orb87_ASC,orb87_ASC,-12.0802,-19.9335,7.5347
2023-06-26,control,ndvi0.3-0.6 mixed,136794,1.0,2023-06-26_orb87_ASC,orb87_ASC,-9.2526,-15.3385,6.2148
2023-06-26,control,ndvi>0.6 canopy,145162,1.0,2023-06-26_orb87_ASC,orb87_ASC,-9.1982,-14.7477,5.4783
2023-06-26,control,trees unburnt,34081,1.0,2023-06-26_orb87_ASC,orb87_ASC,-8.6779,-13.8161,5.1541
2023-06-26,control,grass unburnt,85045,1.0,2023-06-26_orb87_ASC,orb87_ASC,-10.3421,-16.4819,6.5617
2023-06-26,control,burnt dNBR>0.1,85035,1.0,2023-06-26_orb87_ASC,orb87_ASC,-9.1172,-15.1243,6.0186
2023-06-26,reference,trees,2265,1.0,2023-06-26_orb87_ASC,orb87_ASC,-9.2321,-15.4643,5.738
2023-06-26,reference,grass,52960,1.0,2023-06-26_orb87_ASC,orb87_ASC,-10.5468,-17.8175,7.0626
2023-06-26,reference,cropland,3751,1.0,2023-06-26_orb87_ASC,orb87_ASC,-9.5065,-17.6067,7.7186
2023-06-26,reference,wetland,38676,1.0,2023-06-26_orb87_ASC,orb87_ASC,-5.5189,-13.8748,8.428
2023-06-26,reference,ndvi<0.3 bare/sparse,619,1.0,2023-06-26_orb87_ASC,orb87_ASC,-12.4402,-20.3735,7.3317
2023-06-26,reference,ndvi0.3-0.6 mixed,7545,1.0,2023-06-26_orb87_ASC,orb87_ASC,-12.7118,-20.5379,6.979
2023-06-26,reference,ndvi>0.6 canopy,9967,1.0,2023-06-26_orb87_ASC,orb87_ASC,-10.5402,-16.9021,6.4314
2023-06-26,reference,trees unburnt,1699,1.0,2023-06-26_orb87_ASC,orb87_ASC,-9.8863,-15.9914,5.5268
2023-06-26,reference,grass unburnt,12397,1.0,2023-06-26_orb87_ASC,orb87_ASC,-12.1411,-19.7115,6.7995
2023-06-26,reference,burnt dNBR>0.1,675,1.0,2023-06-26_orb87_ASC,orb87_ASC,-9.7074,-17.117,6.8485
2023-06-26,reference_brief,trees,8874,1.0,2023-06-26_orb87_ASC,orb87_ASC,-8.6309,-13.9103,5.2814
2023-06-26,reference_brief,grass,10954,1.0,2023-06-26_orb87_ASC,orb87_ASC,-11.1848,-17.4868,6.394
2023-06-26,reference_brief,cropland,997,1.0,2023-06-26_orb87_ASC,orb87_ASC,-9.5644,-16.3108,6.7355
2023-06-26,reference_brief,ndvi<0.3 bare/sparse,627,1.0,2023-06-26_orb87_ASC,orb87_ASC,-11.6362,-18.7911,6.9336
2023-06-26,reference_brief,ndvi0.3-0.6 mixed,8078,1.0,2023-06-26_orb87_ASC,orb87_ASC,-11.0452,-17.3328,6.4903
2023-06-26,reference_brief,ndvi>0.6 canopy,9327,1.0,2023-06-26_orb87_ASC,orb87_ASC,-8.8491,-14.256,5.4734
2023-06-26,reference_brief,trees unburnt,7867,1.0,2023-06-26_orb87_ASC,orb87_ASC,-8.6488,-13.9564,5.309
2023-06-26,reference_brief,grass unburnt,7951,1.0,2023-06-26_orb87_ASC,orb87_ASC,-11.4718,-17.8254,6.4324
2023-06-26,reference_brief,burnt dNBR>0.1,446,1.0,2023-06-26_orb87_ASC,orb87_ASC,-9.1581,-14.9182,5.8172
2023-06-26,box_never_flooded,trees,77056,1.0,2023-06-26_orb87_ASC,orb87_ASC,-8.5739,-13.9765,5.3898
2023-06-26,box_never_flooded,grass,159759,1.0,2023-06-26_orb87_ASC,orb87_ASC,-10.9321,-17.5579,6.8197
2023-06-26,box_never_flooded,cropland,19241,1.0,2023-06-26_orb87_ASC,orb87_ASC,-9.1399,-15.0134,5.8838
2023-06-26,box_never_flooded,wetland,1496,1.0,2023-06-26_orb87_ASC,orb87_ASC,-8.4505,-15.2161,6.762
2023-06-26,box_never_flooded,ndvi<0.3 bare/sparse,63057,1.0,2023-06-26_orb87_ASC,orb87_ASC,-12.3238,-20.1504,7.5913
2023-06-26,box_never_flooded,ndvi0.3-0.6 mixed,113963,1.0,2023-06-26_orb87_ASC,orb87_ASC,-10.5069,-16.8628,6.4781
2023-06-26,box_never_flooded,ndvi>0.6 canopy,102709,1.0,2023-06-26_orb87_ASC,orb87_ASC,-8.8028,-14.4571,5.6512
2023-06-26,box_never_flooded,trees unburnt,67221,1.0,2023-06-26_orb87_ASC,orb87_ASC,-8.5885,-13.9524,5.3464
2023-06-26,box_never_flooded,grass unburnt,147101,1.0,2023-06-26_orb87_ASC,orb87_ASC,-10.9505,-17.5473,6.7812
2023-06-26,box_never_flooded,burnt dNBR>0.1,20664,1.0,2023-06-26_orb87_ASC,orb87_ASC,-9.2771,-15.392,6.4095
2023-06-26,target_P>=0.95,trees,1440,1.0,2023-06-26_orb87_ASC,orb87_ASC,-9.0021,-14.3344,5.3874
2023-06-26,target_P>=0.95,grass,31105,1.0,2023-06-26_orb87_ASC,orb87_ASC,-10.5811,-17.4044,6.8532
2023-06-26,target_P>=0.95,cropland,1421,1.0,2023-06-26_orb87_ASC,orb87_ASC,-9.6241,-16.9916,7.5624
2023-06-26,target_P>=0.95,wetland,6481,1.0,2023-06-26_orb87_ASC,orb87_ASC,-9.1137,-15.4054,6.281
2023-06-26,target_P>=0.95,ndvi<0.3 bare/sparse,5211,1.0,2023-06-26_orb87_ASC,orb87_ASC,-12.2838,-20.1196,7.516
2023-06-26,target_P>=0.95,ndvi0.3-0.6 mixed,21566,1.0,2023-06-26_orb87_ASC,orb87_ASC,-10.529,-17.4828,6.9393
2023-06-26,target_P>=0.95,ndvi>0.6 canopy,15566,1.0,2023-06-26_orb87_ASC,orb87_ASC,-9.3411,-15.4907,6.1534
2023-06-26,target_P>=0.95,trees unburnt,1059,1.0,2023-06-26_orb87_ASC,orb87_ASC,-9.0506,-14.12,5.1394
2023-06-26,target_P>=0.95,grass unburnt,29511,1.0,2023-06-26_orb87_ASC,orb87_ASC,-10.5572,-17.3698,6.8367
2023-06-26,target_P>=0.95,burnt dNBR>0.1,3411,1.0,2023-06-26_orb87_ASC,orb87_ASC,-10.8749,-17.2356,6.5039
2023-06-26,target_P0.5-0.95,trees,60602,1.0,2023-06-26_orb87_ASC,orb87_ASC,-8.509,-13.9127,5.4441
2023-06-26,target_P0.5-0.95,grass,37672,1.0,2023-06-26_orb87_ASC,orb87_ASC,-10.8941,-17.3949,6.6144
2023-06-26,target_P0.5-0.95,cropland,94,1.0,2023-06-26_orb87_ASC,orb87_ASC,-9.5113,-15.3747,6.1692
2023-06-26,target_P0.5-0.95,wetland,858,1.0,2023-06-26_orb87_ASC,orb87_ASC,-9.509,-15.5398,6.0176
2023-06-26,target_P0.5-0.95,ndvi<0.3 bare/sparse,11859,1.0,2023-06-26_orb87_ASC,orb87_ASC,-8.9271,-15.3606,6.9021
2023-06-26,target_P0.5-0.95,ndvi0.3-0.6 mixed,45745,1.0,2023-06-26_orb87_ASC,orb87_ASC,-9.7636,-15.719,6.1837
2023-06-26,target_P0.5-0.95,ndvi>0.6 canopy,42392,1.0,2023-06-26_orb87_ASC,orb87_ASC,-8.9345,-14.1676,5.349
2023-06-26,target_P0.5-0.95,trees unburnt,39829,1.0,2023-06-26_orb87_ASC,orb87_ASC,-8.8235,-13.9116,5.1048
2023-06-26,target_P0.5-0.95,grass unburnt,35362,1.0,2023-06-26_orb87_ASC,orb87_ASC,-10.9373,-17.4448,6.6135
2023-06-26,target_P0.5-0.95,burnt dNBR>0.1,23282,1.0,2023-06-26_orb87_ASC,orb87_ASC,-8.0165,-14.0986,6.1924
2023-06-26,target_P<0.5,trees,4231,1.0,2023-06-26_orb87_ASC,orb87_ASC,-8.5367,-13.8712,5.3112
2023-06-26,target_P<0.5,grass,2230,1.0,2023-06-26_orb87_ASC,orb87_ASC,-11.3663,-17.8747,6.5896
2023-06-26,target_P<0.5,ndvi<0.3 bare/sparse,492,1.0,2023-06-26_orb87_ASC,orb87_ASC,-9.9343,-16.2259,6.972
2023-06-26,target_P<0.5,ndvi0.3-0.6 mixed,2668,1.0,2023-06-26_orb87_ASC,orb87_ASC,-10.5159,-16.4986,6.1415
2023-06-26,target_P<0.5,ndvi>0.6 canopy,3351,1.0,2023-06-26_orb87_ASC,orb87_ASC,-8.6362,-13.9207,5.2926
2023-06-26,target_P<0.5,trees unburnt,3392,1.0,2023-06-26_orb87_ASC,orb87_ASC,-8.6669,-13.8779,5.1642
2023-06-26,target_P<0.5,grass unburnt,2123,1.0,2023-06-26_orb87_ASC,orb87_ASC,-11.4341,-17.9216,6.581
2023-06-26,target_P<0.5,burnt dNBR>0.1,955,1.0,2023-06-26_orb87_ASC,orb87_ASC,-8.1508,-14.0714,6.083
2023-06-26,target_d<0.5m,trees,7147,1.0,2023-06-26_orb87_ASC,orb87_ASC,-8.5495,-13.8312,5.3094
2023-06-26,target_d<0.5m,grass,11924,1.0,2023-06-26_orb87_ASC,orb87_ASC,-10.9024,-17.334,6.5436
2023-06-26,target_d<0.5m,cropland,86,1.0,2023-06-26_orb87_ASC,orb87_ASC,-9.3427,-15.1239,6.0365
2023-06-26,target_d<0.5m,wetland,152,1.0,2023-06-26_orb87_ASC,orb87_ASC,-9.4858,-15.4829,5.9159
2023-06-26,target_d<0.5m,ndvi<0.3 bare/sparse,1923,1.0,2023-06-26_orb87_ASC,orb87_ASC,-10.4958,-17.2597,6.851
2023-06-26,target_d<0.5m,ndvi0.3-0.6 mixed,10205,1.0,2023-06-26_orb87_ASC,orb87_ASC,-10.5403,-16.8695,6.4311
2023-06-26,target_d<0.5m,ndvi>0.6 canopy,7402,1.0,2023-06-26_orb87_ASC,orb87_ASC,-9.062,-14.4178,5.4573
2023-06-26,target_d<0.5m,trees unburnt,5519,1.0,2023-06-26_orb87_ASC,orb87_ASC,-8.684,-13.8492,5.1475
2023-06-26,target_d<0.5m,grass unburnt,10997,1.0,2023-06-26_orb87_ASC,orb87_ASC,-11.004,-17.4074,6.5432
2023-06-26,target_d<0.5m,burnt dNBR>0.1,2596,1.0,2023-06-26_orb87_ASC,orb87_ASC,-8.5436,-14.5185,6.111
2023-06-26,target_d0.5-1.5m,trees,18695,1.0,2023-06-26_orb87_ASC,orb87_ASC,-8.5996,-13.9621,5.4018
2023-06-26,target_d0.5-1.5m,grass,28115,1.0,2023-06-26_orb87_ASC,orb87_ASC,-10.9674,-17.4857,6.65
2023-06-26,target_d0.5-1.5m,cropland,213,1.0,2023-06-26_orb87_ASC,orb87_ASC,-9.9623,-16.0364,6.1906
2023-06-26,target_d0.5-1.5m,wetland,1143,1.0,2023-06-26_orb87_ASC,orb87_ASC,-9.9755,-15.8538,5.8208
2023-06-26,target_d0.5-1.5m,ndvi<0.3 bare/sparse,6635,1.0,2023-06-26_orb87_ASC,orb87_ASC,-10.008,-16.5487,6.9519
2023-06-26,target_d0.5-1.5m,ndvi0.3-0.6 mixed,24738,1.0,2023-06-26_orb87_ASC,orb87_ASC,-10.3306,-16.6785,6.4529
2023-06-26,target_d0.5-1.5m,ndvi>0.6 canopy,17721,1.0,2023-06-26_orb87_ASC,orb87_ASC,-9.3645,-14.7448,5.4985
2023-06-26,target_d0.5-1.5m,trees unburnt,12421,1.0,2023-06-26_orb87_ASC,orb87_ASC,-8.9155,-13.9899,5.0964
2023-06-26,target_d0.5-1.5m,grass unburnt,26460,1.0,2023-06-26_orb87_ASC,orb87_ASC,-10.9789,-17.5034,6.6434
2023-06-26,target_d0.5-1.5m,burnt dNBR>0.1,8394,1.0,2023-06-26_orb87_ASC,orb87_ASC,-8.4085,-14.3737,6.139
2023-06-26,target_d>=1.5m,trees,40431,1.0,2023-06-26_orb87_ASC,orb87_ASC,-8.4758,-13.9097,5.4697
2023-06-26,target_d>=1.5m,grass,30968,1.0,2023-06-26_orb87_ASC,orb87_ASC,-10.5471,-17.3777,6.8427
2023-06-26,target_d>=1.5m,cropland,1223,1.0,2023-06-26_orb87_ASC,orb87_ASC,-9.5631,-17.3657,7.8509
2023-06-26,target_d>=1.5m,wetland,6056,1.0,2023-06-26_orb87_ASC,orb87_ASC,-8.983,-15.3175,6.3419
2023-06-26,target_d>=1.5m,ndvi<0.3 bare/sparse,9004,1.0,2023-06-26_orb87_ASC,orb87_ASC,-9.9053,-17.1475,7.2633
2023-06-26,target_d>=1.5m,ndvi0.3-0.6 mixed,35036,1.0,2023-06-26_orb87_ASC,orb87_ASC,-9.6446,-15.8661,6.3811
2023-06-26,target_d>=1.5m,ndvi>0.6 canopy,36186,1.0,2023-06-26_orb87_ASC,orb87_ASC,-8.8298,-14.3665,5.5755
2023-06-26,target_d>=1.5m,trees unburnt,26340,1.0,2023-06-26_orb87_ASC,orb87_ASC,-8.7972,-13.8854,5.1116
2023-06-26,target_d>=1.5m,grass unburnt,29539,1.0,2023-06-26_orb87_ASC,orb87_ASC,-10.5368,-17.3528,6.8316
2023-06-26,target_d>=1.5m,burnt dNBR>0.1,16658,1.0,2023-06-26_orb87_ASC,orb87_ASC,-8.0962,-14.2673,6.2681
2023-06-30,target,trees,66273,0.0,2023-06-30_orb138_DES,orb138_DES,,,
2023-06-30,target,grass,71007,0.0,2023-06-30_orb138_DES,orb138_DES,,,
2023-06-30,target,cropland,1522,0.0,2023-06-30_orb138_DES,orb138_DES,,,
2023-06-30,target,wetland,7351,0.0,2023-06-30_orb138_DES,orb138_DES,,,
2023-06-30,target,ndvi<0.3 bare/sparse,17562,0.0,2023-06-30_orb138_DES,orb138_DES,,,
2023-06-30,target,ndvi0.3-0.6 mixed,69979,0.0,2023-06-30_orb138_DES,orb138_DES,,,
2023-06-30,target,ndvi>0.6 canopy,61309,0.0,2023-06-30_orb138_DES,orb138_DES,,,
2023-06-30,target,trees unburnt,44280,0.0,2023-06-30_orb138_DES,orb138_DES,,,
2023-06-30,target,grass unburnt,66996,0.0,2023-06-30_orb138_DES,orb138_DES,,,
2023-06-30,target,burnt dNBR>0.1,27648,0.0,2023-06-30_orb138_DES,orb138_DES,,,
2023-06-30,control,trees,58110,0.0,2023-06-30_orb138_DES,orb138_DES,,,
2023-06-30,control,grass,139125,0.0,2023-06-30_orb138_DES,orb138_DES,,,
2023-06-30,control,cropland,183810,0.0,2023-06-30_orb138_DES,orb138_DES,,,
2023-06-30,control,wetland,736,0.0,2023-06-30_orb138_DES,orb138_DES,,,
2023-06-30,control,ndvi<0.3 bare/sparse,69576,0.0,2023-06-30_orb138_DES,orb138_DES,,,
2023-06-30,control,ndvi0.3-0.6 mixed,136794,0.0,2023-06-30_orb138_DES,orb138_DES,,,
2023-06-30,control,ndvi>0.6 canopy,145162,0.0,2023-06-30_orb138_DES,orb138_DES,,,
2023-06-30,control,trees unburnt,34081,0.0,2023-06-30_orb138_DES,orb138_DES,,,
2023-06-30,control,grass unburnt,85045,0.0,2023-06-30_orb138_DES,orb138_DES,,,
2023-06-30,control,burnt dNBR>0.1,85035,0.0,2023-06-30_orb138_DES,orb138_DES,,,
2023-06-30,reference,trees,2265,0.182,2023-06-30_orb138_DES,orb138_DES,-7.1564,-13.7634,6.7097
2023-06-30,reference,grass,52960,0.699,2023-06-30_orb138_DES,orb138_DES,-9.6968,-16.5195,6.5294
2023-06-30,reference,cropland,3751,0.704,2023-06-30_orb138_DES,orb138_DES,-8.7131,-16.0613,6.8871
2023-06-30,reference,wetland,38676,0.929,2023-06-30_orb138_DES,orb138_DES,-6.1475,-13.9927,7.9957
2023-06-30,reference,ndvi<0.3 bare/sparse,619,0.0,2023-06-30_orb138_DES,orb138_DES,,,
2023-06-30,reference,ndvi0.3-0.6 mixed,7545,0.0,2023-06-30_orb138_DES,orb138_DES,,,
2023-06-30,reference,ndvi>0.6 canopy,9967,0.0,2023-06-30_orb138_DES,orb138_DES,,,
2023-06-30,reference,trees unburnt,1699,0.0,2023-06-30_orb138_DES,orb138_DES,,,
2023-06-30,reference,grass unburnt,12397,0.0,2023-06-30_orb138_DES,orb138_DES,,,
2023-06-30,reference,burnt dNBR>0.1,675,0.0,2023-06-30_orb138_DES,orb138_DES,,,
2023-06-30,reference_brief,trees,8874,0.033,2023-06-30_orb138_DES,orb138_DES,-8.1237,-13.7718,5.759
2023-06-30,reference_brief,grass,10954,0.056,2023-06-30_orb138_DES,orb138_DES,-9.533,-15.0066,5.4458
2023-06-30,reference_brief,cropland,997,0.006,2023-06-30_orb138_DES,orb138_DES,-9.5848,-15.1642,5.883
2023-06-30,reference_brief,ndvi<0.3 bare/sparse,627,0.0,2023-06-30_orb138_DES,orb138_DES,,,
2023-06-30,reference_brief,ndvi0.3-0.6 mixed,8078,0.0,2023-06-30_orb138_DES,orb138_DES,,,
2023-06-30,reference_brief,ndvi>0.6 canopy,9327,0.0,2023-06-30_orb138_DES,orb138_DES,,,
2023-06-30,reference_brief,trees unburnt,7867,0.0,2023-06-30_orb138_DES,orb138_DES,,,
2023-06-30,reference_brief,grass unburnt,7951,0.0,2023-06-30_orb138_DES,orb138_DES,,,
2023-06-30,reference_brief,burnt dNBR>0.1,446,0.0,2023-06-30_orb138_DES,orb138_DES,,,
2023-06-30,box_never_flooded,trees,77056,0.0,2023-06-30_orb138_DES,orb138_DES,,,
2023-06-30,box_never_flooded,grass,159759,0.0,2023-06-30_orb138_DES,orb138_DES,,,
2023-06-30,box_never_flooded,cropland,19241,0.0,2023-06-30_orb138_DES,orb138_DES,,,
2023-06-30,box_never_flooded,wetland,1496,0.0,2023-06-30_orb138_DES,orb138_DES,,,
2023-06-30,box_never_flooded,ndvi<0.3 bare/sparse,63057,0.0,2023-06-30_orb138_DES,orb138_DES,,,
2023-06-30,box_never_flooded,ndvi0.3-0.6 mixed,113963,0.0,2023-06-30_orb138_DES,orb138_DES,,,
2023-06-30,box_never_flooded,ndvi>0.6 canopy,102709,0.0,2023-06-30_orb138_DES,orb138_DES,,,
2023-06-30,box_never_flooded,trees unburnt,67221,0.0,2023-06-30_orb138_DES,orb138_DES,,,
2023-06-30,box_never_flooded,grass unburnt,147101,0.0,2023-06-30_orb138_DES,orb138_DES,,,
2023-06-30,box_never_flooded,burnt dNBR>0.1,20664,0.0,2023-06-30_orb138_DES,orb138_DES,,,
2023-06-30,target_P>=0.95,trees,1440,0.0,2023-06-30_orb138_DES,orb138_DES,,,
2023-06-30,target_P>=0.95,grass,31105,0.0,2023-06-30_orb138_DES,orb138_DES,,,
2023-06-30,target_P>=0.95,cropland,1421,0.0,2023-06-30_orb138_DES,orb138_DES,,,
2023-06-30,target_P>=0.95,wetland,6481,0.0,2023-06-30_orb138_DES,orb138_DES,,,
2023-06-30,target_P>=0.95,ndvi<0.3 bare/sparse,5211,0.0,2023-06-30_orb138_DES,orb138_DES,,,
2023-06-30,target_P>=0.95,ndvi0.3-0.6 mixed,21566,0.0,2023-06-30_orb138_DES,orb138_DES,,,
2023-06-30,target_P>=0.95,ndvi>0.6 canopy,15566,0.0,2023-06-30_orb138_DES,orb138_DES,,,
2023-06-30,target_P>=0.95,trees unburnt,1059,0.0,2023-06-30_orb138_DES,orb138_DES,,,
2023-06-30,target_P>=0.95,grass unburnt,29511,0.0,2023-06-30_orb138_DES,orb138_DES,,,
2023-06-30,target_P>=0.95,burnt dNBR>0.1,3411,0.0,2023-06-30_orb138_DES,orb138_DES,,,
2023-06-30,target_P0.5-0.95,trees,60602,0.0,2023-06-30_orb138_DES,orb138_DES,,,
2023-06-30,target_P0.5-0.95,grass,37672,0.0,2023-06-30_orb138_DES,orb138_DES,,,
2023-06-30,target_P0.5-0.95,cropland,94,0.0,2023-06-30_orb138_DES,orb138_DES,,,
2023-06-30,target_P0.5-0.95,wetland,858,0.0,2023-06-30_orb138_DES,orb138_DES,,,
2023-06-30,target_P0.5-0.95,ndvi<0.3 bare/sparse,11859,0.0,2023-06-30_orb138_DES,orb138_DES,,,
2023-06-30,target_P0.5-0.95,ndvi0.3-0.6 mixed,45745,0.0,2023-06-30_orb138_DES,orb138_DES,,,
2023-06-30,target_P0.5-0.95,ndvi>0.6 canopy,42392,0.0,2023-06-30_orb138_DES,orb138_DES,,,
2023-06-30,target_P0.5-0.95,trees unburnt,39829,0.0,2023-06-30_orb138_DES,orb138_DES,,,
2023-06-30,target_P0.5-0.95,grass unburnt,35362,0.0,2023-06-30_orb138_DES,orb138_DES,,,
2023-06-30,target_P0.5-0.95,burnt dNBR>0.1,23282,0.0,2023-06-30_orb138_DES,orb138_DES,,,
2023-06-30,target_P<0.5,trees,4231,0.0,2023-06-30_orb138_DES,orb138_DES,,,
2023-06-30,target_P<0.5,grass,2230,0.0,2023-06-30_orb138_DES,orb138_DES,,,
2023-06-30,target_P<0.5,ndvi<0.3 bare/sparse,492,0.0,2023-06-30_orb138_DES,orb138_DES,,,
2023-06-30,target_P<0.5,ndvi0.3-0.6 mixed,2668,0.0,2023-06-30_orb138_DES,orb138_DES,,,
2023-06-30,target_P<0.5,ndvi>0.6 canopy,3351,0.0,2023-06-30_orb138_DES,orb138_DES,,,
2023-06-30,target_P<0.5,trees unburnt,3392,0.0,2023-06-30_orb138_DES,orb138_DES,,,
2023-06-30,target_P<0.5,grass unburnt,2123,0.0,2023-06-30_orb138_DES,orb138_DES,,,
2023-06-30,target_P<0.5,burnt dNBR>0.1,955,0.0,2023-06-30_orb138_DES,orb138_DES,,,
2023-06-30,target_d<0.5m,trees,7147,0.0,2023-06-30_orb138_DES,orb138_DES,,,
2023-06-30,target_d<0.5m,grass,11924,0.0,2023-06-30_orb138_DES,orb138_DES,,,
2023-06-30,target_d<0.5m,cropland,86,0.0,2023-06-30_orb138_DES,orb138_DES,,,
2023-06-30,target_d<0.5m,wetland,152,0.0,2023-06-30_orb138_DES,orb138_DES,,,
2023-06-30,target_d<0.5m,ndvi<0.3 bare/sparse,1923,0.0,2023-06-30_orb138_DES,orb138_DES,,,
2023-06-30,target_d<0.5m,ndvi0.3-0.6 mixed,10205,0.0,2023-06-30_orb138_DES,orb138_DES,,,
2023-06-30,target_d<0.5m,ndvi>0.6 canopy,7402,0.0,2023-06-30_orb138_DES,orb138_DES,,,
2023-06-30,target_d<0.5m,trees unburnt,5519,0.0,2023-06-30_orb138_DES,orb138_DES,,,
2023-06-30,target_d<0.5m,grass unburnt,10997,0.0,2023-06-30_orb138_DES,orb138_DES,,,
2023-06-30,target_d<0.5m,burnt dNBR>0.1,2596,0.0,2023-06-30_orb138_DES,orb138_DES,,,
2023-06-30,target_d0.5-1.5m,trees,18695,0.0,2023-06-30_orb138_DES,orb138_DES,,,
2023-06-30,target_d0.5-1.5m,grass,28115,0.0,2023-06-30_orb138_DES,orb138_DES,,,
2023-06-30,target_d0.5-1.5m,cropland,213,0.0,2023-06-30_orb138_DES,orb138_DES,,,
2023-06-30,target_d0.5-1.5m,wetland,1143,0.0,2023-06-30_orb138_DES,orb138_DES,,,
2023-06-30,target_d0.5-1.5m,ndvi<0.3 bare/sparse,6635,0.0,2023-06-30_orb138_DES,orb138_DES,,,
2023-06-30,target_d0.5-1.5m,ndvi0.3-0.6 mixed,24738,0.0,2023-06-30_orb138_DES,orb138_DES,,,
2023-06-30,target_d0.5-1.5m,ndvi>0.6 canopy,17721,0.0,2023-06-30_orb138_DES,orb138_DES,,,
2023-06-30,target_d0.5-1.5m,trees unburnt,12421,0.0,2023-06-30_orb138_DES,orb138_DES,,,
2023-06-30,target_d0.5-1.5m,grass unburnt,26460,0.0,2023-06-30_orb138_DES,orb138_DES,,,
2023-06-30,target_d0.5-1.5m,burnt dNBR>0.1,8394,0.0,2023-06-30_orb138_DES,orb138_DES,,,
2023-06-30,target_d>=1.5m,trees,40431,0.0,2023-06-30_orb138_DES,orb138_DES,,,
2023-06-30,target_d>=1.5m,grass,30968,0.0,2023-06-30_orb138_DES,orb138_DES,,,
2023-06-30,target_d>=1.5m,cropland,1223,0.0,2023-06-30_orb138_DES,orb138_DES,,,
2023-06-30,target_d>=1.5m,wetland,6056,0.0,2023-06-30_orb138_DES,orb138_DES,,,
2023-06-30,target_d>=1.5m,ndvi<0.3 bare/sparse,9004,0.0,2023-06-30_orb138_DES,orb138_DES,,,
2023-06-30,target_d>=1.5m,ndvi0.3-0.6 mixed,35036,0.0,2023-06-30_orb138_DES,orb138_DES,,,
2023-06-30,target_d>=1.5m,ndvi>0.6 canopy,36186,0.0,2023-06-30_orb138_DES,orb138_DES,,,
2023-06-30,target_d>=1.5m,trees unburnt,26340,0.0,2023-06-30_orb138_DES,orb138_DES,,,
2023-06-30,target_d>=1.5m,grass unburnt,29539,0.0,2023-06-30_orb138_DES,orb138_DES,,,
2023-06-30,target_d>=1.5m,burnt dNBR>0.1,16658,0.0,2023-06-30_orb138_DES,orb138_DES,,,
