source,stratum,index,date,target_minus_control,DiD_vs_pre,same_season_2022_date,target_minus_control_2022,DiD_vs_2022,reference_brief_minus_control,DiD_reference_brief,reference_minus_control,DiD_reference
p54a_10m,trees,NDVI,2023-06-15,-0.0832,-0.0202,2022-06-13,-0.0106,-0.0726,,,,
p54a_10m,trees,NDVI,2023-06-18,-0.0385,0.0245,2022-06-20,0.0184,-0.0569,0.0403,0.0106,,
p54a_10m,trees,NDVI,2023-06-20,-0.0429,0.0201,2022-06-20,0.0184,-0.0613,0.0533,0.0236,,
p54a_10m,trees,NDVI,2023-06-23,,,2022-06-20,0.0184,,,,,
p54a_10m,trees,NDVI,2023-06-25,-0.0507,0.0123,2022-06-20,0.0184,-0.0691,0.0657,0.036,-0.4835,-0.5427
p54a_10m,trees,NDVI,2023-06-28,,,2022-07-03,0.0208,,,,,
p54a_10m,trees,NDVI,2023-06-30,-0.0505,0.0125,2022-07-03,0.0208,-0.0713,0.0356,0.0059,-0.4944,-0.5536
p54a_10m,trees,NDVI,2023-07-03,-0.0409,0.0221,2022-07-03,0.0208,-0.0617,0.0511,0.0214,-0.4978,-0.557
p54a_10m,trees,NDVI,2023-07-05,-0.0461,0.0169,2022-07-03,0.0208,-0.0669,0.0611,0.0314,,
p54a_10m,trees,NDVI,2023-07-08,-0.0438,0.0192,2022-07-08,0.0254,-0.0692,0.0273,-0.0024,-0.5141,-0.5733
p54a_10m,trees,NDVI,2023-07-15,-0.0798,-0.0168,2022-07-18,0.0401,-0.1199,0.0736,0.0439,,
p54a_10m,trees,NDVI,2023-07-25,-0.0333,0.0297,2022-07-23,0.054,-0.0873,0.0864,0.0567,,
p54a_10m,trees,NDVI,2023-07-30,-0.0315,0.0315,2022-07-23,0.054,-0.0855,0.0752,0.0455,-0.4589,-0.5181
p54a_10m,trees,NDVI,2023-08-04,-0.0838,-0.0208,2022-08-07,0.0302,-0.114,0.0309,0.0012,-0.5297,-0.5889
p54a_10m,trees,NDVI,2023-08-07,-0.103,-0.04,2022-08-07,0.0302,-0.1332,0.0722,0.0425,-0.1631,-0.2223
p54a_10m,trees,NDVI,2023-08-09,-0.0651,-0.0021,2022-08-09,-0.0289,-0.0362,0.0875,0.0578,,
p54a_10m,trees,NDVI,2023-08-17,-0.0486,0.0144,2022-08-24,-0.0018,-0.0468,0.0998,0.0701,-0.085,-0.1442
p54a_10m,trees,NDVI,2023-08-24,-0.0304,0.0326,2022-08-24,-0.0018,-0.0286,0.1006,0.0709,,
p54a_10m,trees,NDVI,2023-08-27,-0.0332,0.0298,2022-08-24,-0.0018,-0.0314,0.0611,0.0314,-0.2828,-0.342
p54a_10m,trees,NDVI,2023-09-03,-0.0094,0.0536,2022-08-24,-0.0018,-0.0076,0.1168,0.0871,,
p54a_10m,trees,NDVI,2023-09-08,-0.1179,-0.0549,2022-09-18,-0.022,-0.0959,0.0242,-0.0055,-0.3069,-0.3661
p54a_10m,trees,NDVI,2023-09-11,,,2022-09-18,-0.022,,,,,
p54a_10m,trees,NDVI,2023-09-13,-0.0144,0.0486,2022-09-18,-0.022,0.0076,0.1334,0.1037,,
p54a_10m,trees,NDVI,2023-09-28,-0.0083,0.0547,2022-09-21,-0.0644,0.0561,0.1399,0.1102,,
p54a_10m,trees,NDWI,2023-06-15,0.0719,0.0442,2022-06-13,-0.001,0.0729,,,,
p54a_10m,trees,NDWI,2023-06-18,0.0353,0.0076,2022-06-20,-0.0147,0.05,-0.019,0.0048,,
p54a_10m,trees,NDWI,2023-06-20,0.0314,0.0037,2022-06-20,-0.0147,0.0461,-0.0322,-0.0084,,
p54a_10m,trees,NDWI,2023-06-23,,,2022-06-20,-0.0147,,,,,
p54a_10m,trees,NDWI,2023-06-25,0.0368,0.0091,2022-06-20,-0.0147,0.0515,-0.05,-0.0262,0.3668,0.4038
p54a_10m,trees,NDWI,2023-06-28,,,2022-07-03,-0.0196,,,,,
p54a_10m,trees,NDWI,2023-06-30,0.0279,0.0002,2022-07-03,-0.0196,0.0475,-0.0276,-0.0038,0.3474,0.3844
p54a_10m,trees,NDWI,2023-07-03,0.0164,-0.0113,2022-07-03,-0.0196,0.036,-0.0416,-0.0178,0.3501,0.3871
p54a_10m,trees,NDWI,2023-07-05,0.0245,-0.0032,2022-07-03,-0.0196,0.0441,-0.0406,-0.0168,,
p54a_10m,trees,NDWI,2023-07-08,0.0147,-0.013,2022-07-08,-0.0204,0.0351,-0.0247,-0.0009,0.373,0.41
p54a_10m,trees,NDWI,2023-07-15,0.0504,0.0227,2022-07-18,-0.0334,0.0838,-0.0674,-0.0436,,
p54a_10m,trees,NDWI,2023-07-25,0.0182,-0.0095,2022-07-23,-0.0489,0.0671,-0.0559,-0.0321,,
p54a_10m,trees,NDWI,2023-07-30,0.0136,-0.0141,2022-07-23,-0.0489,0.0625,-0.0587,-0.0349,0.3254,0.3624
p54a_10m,trees,NDWI,2023-08-04,0.0347,0.007,2022-08-07,-0.0306,0.0653,-0.0335,-0.0097,0.3822,0.4192
p54a_10m,trees,NDWI,2023-08-07,0.0828,0.0551,2022-08-07,-0.0306,0.1134,-0.0442,-0.0204,0.136,0.173
p54a_10m,trees,NDWI,2023-08-09,0.0339,0.0062,2022-08-09,0.0089,0.025,-0.057,-0.0332,,
p54a_10m,trees,NDWI,2023-08-17,0.0207,-0.007,2022-08-24,-0.0072,0.0279,-0.0731,-0.0493,0.0858,0.1228
p54a_10m,trees,NDWI,2023-08-24,0.0126,-0.0151,2022-08-24,-0.0072,0.0198,-0.0576,-0.0338,,
p54a_10m,trees,NDWI,2023-08-27,-0.0028,-0.0305,2022-08-24,-0.0072,0.0044,-0.0604,-0.0366,0.2097,0.2467
p54a_10m,trees,NDWI,2023-09-03,0.0024,-0.0253,2022-08-24,-0.0072,0.0096,-0.0642,-0.0404,,
p54a_10m,trees,NDWI,2023-09-08,0.0841,0.0564,2022-09-18,0.0003,0.0838,-0.0203,0.0035,0.2356,0.2726
p54a_10m,trees,NDWI,2023-09-11,,,2022-09-18,0.0003,,,,,
p54a_10m,trees,NDWI,2023-09-13,-0.0003,-0.028,2022-09-18,0.0003,-0.0006,-0.0816,-0.0578,,
p54a_10m,trees,NDWI,2023-09-28,-0.0017,-0.0294,2022-09-21,0.0266,-0.0283,-0.0877,-0.0639,,
p54a_10m,trees,MNDWI,2023-06-15,0.0677,0.0808,2022-06-13,0.0356,0.0321,,,,
p54a_10m,trees,MNDWI,2023-06-18,0.0704,0.0835,2022-06-20,0.0034,0.067,0.0637,0.0599,,
p54a_10m,trees,MNDWI,2023-06-20,0.0464,0.0595,2022-06-20,0.0034,0.043,0.0446,0.0408,,
p54a_10m,trees,MNDWI,2023-06-23,,,2022-06-20,0.0034,,,,,
p54a_10m,trees,MNDWI,2023-06-25,0.0288,0.0419,2022-06-20,0.0034,0.0254,0.0138,0.01,0.2093,0.1643
p54a_10m,trees,MNDWI,2023-06-28,,,2022-07-03,0.0061,,,,,
p54a_10m,trees,MNDWI,2023-06-30,0.0085,0.0216,2022-07-03,0.0061,0.0024,0.0078,0.004,0.1493,0.1043
p54a_10m,trees,MNDWI,2023-07-03,0.0007,0.0138,2022-07-03,0.0061,-0.0054,-0.0017,-0.0055,0.1406,0.0956
p54a_10m,trees,MNDWI,2023-07-05,0.0313,0.0444,2022-07-03,0.0061,0.0252,0.0344,0.0306,,
p54a_10m,trees,MNDWI,2023-07-08,-0.0104,0.0027,2022-07-08,0.0063,-0.0167,0.0161,0.0123,0.1589,0.1139
p54a_10m,trees,MNDWI,2023-07-15,0.0361,0.0492,2022-07-18,0.019,0.0171,-0.0132,-0.017,,
p54a_10m,trees,MNDWI,2023-07-25,0.0303,0.0434,2022-07-23,0.0111,0.0192,0.0433,0.0395,,
p54a_10m,trees,MNDWI,2023-07-30,-0.013,0.0001,2022-07-23,0.0111,-0.0241,-0.025,-0.0288,0.0979,0.0529
p54a_10m,trees,MNDWI,2023-08-04,-0.0225,-0.0094,2022-08-07,0.0068,-0.0293,-0.0103,-0.0141,0.153,0.108
p54a_10m,trees,MNDWI,2023-08-07,0.0631,0.0762,2022-08-07,0.0068,0.0563,0.044,0.0402,0.0759,0.0309
p54a_10m,trees,MNDWI,2023-08-09,0.0153,0.0284,2022-08-09,0.0289,-0.0136,0.0424,0.0386,,
p54a_10m,trees,MNDWI,2023-08-17,0.017,0.0301,2022-08-24,0.0094,0.0076,0.023,0.0192,0.0729,0.0279
p54a_10m,trees,MNDWI,2023-08-24,0.0156,0.0287,2022-08-24,0.0094,0.0062,0.0474,0.0436,,
p54a_10m,trees,MNDWI,2023-08-27,-0.016,-0.0029,2022-08-24,0.0094,-0.0254,-0.0223,-0.0261,0.1298,0.0848
p54a_10m,trees,MNDWI,2023-09-03,0.0148,0.0279,2022-08-24,0.0094,0.0054,0.0386,0.0348,,
p54a_10m,trees,MNDWI,2023-09-08,0.025,0.0381,2022-09-18,-0.0019,0.0269,0.0094,0.0056,0.1389,0.0939
p54a_10m,trees,MNDWI,2023-09-11,,,2022-09-18,-0.0019,,,,,
p54a_10m,trees,MNDWI,2023-09-13,0.0053,0.0184,2022-09-18,-0.0019,0.0072,0.0266,0.0228,,
p54a_10m,trees,MNDWI,2023-09-28,0.0023,0.0154,2022-09-21,-0.0017,0.004,0.0162,0.0124,,
p54a_10m,trees,NDMI,2023-06-15,0.0354,0.0933,2022-06-13,0.0556,-0.0202,,,,
p54a_10m,trees,NDMI,2023-06-18,0.0474,0.1053,2022-06-20,0.0417,0.0057,0.1106,0.0534,,
p54a_10m,trees,NDMI,2023-06-20,0.0053,0.0632,2022-06-20,0.0417,-0.0364,0.0921,0.0349,,
p54a_10m,trees,NDMI,2023-06-23,,,2022-06-20,0.0417,,,,,
p54a_10m,trees,NDMI,2023-06-25,-0.0214,0.0365,2022-06-20,0.0417,-0.0631,0.0574,0.0002,-0.2244,-0.3548
p54a_10m,trees,NDMI,2023-06-28,,,2022-07-03,0.054,,,,,
p54a_10m,trees,NDMI,2023-06-30,-0.0336,0.0243,2022-07-03,0.054,-0.0876,0.0576,0.0004,-0.2572,-0.3876
p54a_10m,trees,NDMI,2023-07-03,-0.0251,0.0328,2022-07-03,0.054,-0.0791,0.0708,0.0136,-0.2706,-0.401
p54a_10m,trees,NDMI,2023-07-05,-0.007,0.0509,2022-07-03,0.054,-0.061,0.0923,0.0351,,
p54a_10m,trees,NDMI,2023-07-08,-0.0376,0.0203,2022-07-08,0.0555,-0.0931,0.0498,-0.0074,-0.2556,-0.386
p54a_10m,trees,NDMI,2023-07-15,-0.0259,0.032,2022-07-18,0.0827,-0.1086,0.0705,0.0133,,
p54a_10m,trees,NDMI,2023-07-25,-0.0007,0.0572,2022-07-23,0.078,-0.0787,0.1231,0.0659,,
p54a_10m,trees,NDMI,2023-07-30,-0.023,0.0349,2022-07-23,0.078,-0.101,0.1068,0.0496,-0.2557,-0.3861
p54a_10m,trees,NDMI,2023-08-04,-0.0848,-0.0269,2022-08-07,0.0658,-0.1506,0.053,-0.0042,-0.2528,-0.3832
p54a_10m,trees,NDMI,2023-08-07,-0.0244,0.0335,2022-08-07,0.0658,-0.0902,0.1315,0.0743,-0.0903,-0.2207
p54a_10m,trees,NDMI,2023-08-09,-0.0292,0.0287,2022-08-09,0.0021,-0.0313,0.1298,0.0726,,
p54a_10m,trees,NDMI,2023-08-17,-0.0103,0.0476,2022-08-24,0.0082,-0.0185,0.1318,0.0746,-0.0102,-0.1406
p54a_10m,trees,NDMI,2023-08-24,0.0032,0.0611,2022-08-24,0.0082,-0.005,0.1346,0.0774,,
p54a_10m,trees,NDMI,2023-08-27,-0.0313,0.0266,2022-08-24,0.0082,-0.0395,0.0552,-0.002,-0.0592,-0.1896
p54a_10m,trees,NDMI,2023-09-03,0.0204,0.0783,2022-08-24,0.0082,0.0122,0.1393,0.0821,,
p54a_10m,trees,NDMI,2023-09-08,-0.0414,0.0165,2022-09-18,0.0006,-0.042,0.0421,-0.0151,-0.0497,-0.1801
p54a_10m,trees,NDMI,2023-09-11,,,2022-09-18,0.0006,,,,,
p54a_10m,trees,NDMI,2023-09-13,0.0157,0.0736,2022-09-18,0.0006,0.0151,0.1395,0.0823,,
p54a_10m,trees,NDMI,2023-09-28,0.0133,0.0712,2022-09-21,-0.0543,0.0676,0.1298,0.0726,,
p54a_10m,trees,BSI,2023-06-15,-0.035,-0.0948,2022-06-13,-0.0447,0.0097,,,,
p54a_10m,trees,BSI,2023-06-18,-0.0413,-0.1011,2022-06-20,-0.039,-0.0023,-0.1052,-0.0488,,
p54a_10m,trees,BSI,2023-06-20,-0.002,-0.0618,2022-06-20,-0.039,0.037,-0.0859,-0.0295,,
p54a_10m,trees,BSI,2023-06-23,,,2022-06-20,-0.039,,,,,
p54a_10m,trees,BSI,2023-06-25,0.0156,-0.0442,2022-06-20,-0.039,0.0546,-0.0532,0.0032,0.1946,0.3172
p54a_10m,trees,BSI,2023-06-28,,,2022-07-03,-0.0487,,,,,
p54a_10m,trees,BSI,2023-06-30,0.034,-0.0258,2022-07-03,-0.0487,0.0827,-0.0561,0.0003,0.2416,0.3642
p54a_10m,trees,BSI,2023-07-03,0.0303,-0.0295,2022-07-03,-0.0487,0.079,-0.0687,-0.0123,0.253,0.3756
p54a_10m,trees,BSI,2023-07-05,0.0111,-0.0487,2022-07-03,-0.0487,0.0598,-0.0885,-0.0321,,
p54a_10m,trees,BSI,2023-07-08,0.0448,-0.015,2022-07-08,-0.0503,0.0951,-0.0448,0.0116,0.2393,0.3619
p54a_10m,trees,BSI,2023-07-15,0.0253,-0.0345,2022-07-18,-0.0771,0.1024,-0.0636,-0.0072,,
p54a_10m,trees,BSI,2023-07-25,0.0023,-0.0575,2022-07-23,-0.0693,0.0716,-0.1185,-0.0621,,
p54a_10m,trees,BSI,2023-07-30,0.0228,-0.037,2022-07-23,-0.0693,0.0921,-0.1077,-0.0513,0.2382,0.3608
p54a_10m,trees,BSI,2023-08-04,0.0904,0.0306,2022-08-07,-0.0595,0.1499,-0.0503,0.0061,0.2363,0.3589
p54a_10m,trees,BSI,2023-08-07,0.0213,-0.0385,2022-08-07,-0.0595,0.0808,-0.127,-0.0706,0.0885,0.2111
p54a_10m,trees,BSI,2023-08-09,0.0322,-0.0276,2022-08-09,0.0022,0.03,-0.1258,-0.0694,,
p54a_10m,trees,BSI,2023-08-17,0.0157,-0.0441,2022-08-24,-0.0045,0.0202,-0.125,-0.0686,0.0144,0.137
p54a_10m,trees,BSI,2023-08-24,0.0006,-0.0592,2022-08-24,-0.0045,0.0051,-0.1289,-0.0725,,
p54a_10m,trees,BSI,2023-08-27,0.0371,-0.0227,2022-08-24,-0.0045,0.0416,-0.0504,0.006,0.0775,0.2001
p54a_10m,trees,BSI,2023-09-03,-0.0192,-0.079,2022-08-24,-0.0045,-0.0147,-0.1386,-0.0822,,
p54a_10m,trees,BSI,2023-09-08,0.0382,-0.0216,2022-09-18,0.0002,0.038,-0.0401,0.0163,0.0608,0.1834
p54a_10m,trees,BSI,2023-09-11,,,2022-09-18,0.0002,,,,,
p54a_10m,trees,BSI,2023-09-13,-0.0096,-0.0694,2022-09-18,0.0002,-0.0098,-0.1327,-0.0763,,
p54a_10m,trees,BSI,2023-09-28,-0.0095,-0.0693,2022-09-21,0.0543,-0.0638,-0.1232,-0.0668,,
p54a_10m,grass,NDVI,2023-06-15,0.0201,0.0655,2022-06-20,-0.0195,0.0396,0.0096,0.0456,,
p54a_10m,grass,NDVI,2023-06-18,0.024,0.0694,2022-06-20,-0.0195,0.0435,0.0037,0.0397,-0.1729,
p54a_10m,grass,NDVI,2023-06-20,0.0177,0.0631,2022-06-20,-0.0195,0.0372,0.0117,0.0477,,
p54a_10m,grass,NDVI,2023-06-23,,,2022-06-20,-0.0195,,,,-0.1229,
p54a_10m,grass,NDVI,2023-06-25,0.0186,0.064,2022-06-20,-0.0195,0.0381,0.0165,0.0525,,
p54a_10m,grass,NDVI,2023-06-28,0.129,0.1744,2022-07-03,-0.0073,0.1363,0.1333,0.1693,-0.0586,
p54a_10m,grass,NDVI,2023-06-30,-0.0009,0.0445,2022-07-03,-0.0073,0.0064,0.0076,0.0436,-0.2114,
p54a_10m,grass,NDVI,2023-07-03,0.0006,0.046,2022-07-03,-0.0073,0.0079,0.0239,0.0599,-0.2088,
p54a_10m,grass,NDVI,2023-07-05,0.0518,0.0972,2022-07-03,-0.0073,0.0591,0.0844,0.1204,,
p54a_10m,grass,NDVI,2023-07-08,0.0561,0.1015,2022-07-08,0.0052,0.0509,0.061,0.097,-0.1364,
p54a_10m,grass,NDVI,2023-07-15,0.0197,0.0651,2022-07-18,0.0864,-0.0667,0.0362,0.0722,,
p54a_10m,grass,NDVI,2023-07-25,0.1469,0.1923,2022-07-23,0.1242,0.0227,0.1578,0.1938,,
p54a_10m,grass,NDVI,2023-07-30,0.1311,0.1765,2022-07-23,0.1242,0.0069,0.1427,0.1787,-0.0047,
p54a_10m,grass,NDVI,2023-08-04,0.0401,0.0855,2022-08-07,0.0422,-0.0021,0.0964,0.1324,,
p54a_10m,grass,NDVI,2023-08-07,0.1362,0.1816,2022-08-07,0.0422,0.094,0.1466,0.1826,0.1479,
p54a_10m,grass,NDVI,2023-08-09,0.144,0.1894,2022-08-09,-0.0178,0.1618,0.1488,0.1848,,
p54a_10m,grass,NDVI,2023-08-17,0.1301,0.1755,2022-08-24,0.0671,0.063,0.1187,0.1547,0.1832,
p54a_10m,grass,NDVI,2023-08-24,0.1357,0.1811,2022-08-24,0.0671,0.0686,0.0895,0.1255,,
p54a_10m,grass,NDVI,2023-08-27,0.1065,0.1519,2022-08-24,0.0671,0.0394,0.0623,0.0983,0.163,
p54a_10m,grass,NDVI,2023-09-01,,,2022-08-24,0.0671,,,,,
p54a_10m,grass,NDVI,2023-09-03,0.1561,0.2015,2022-08-24,0.0671,0.089,0.0861,0.1221,,
p54a_10m,grass,NDVI,2023-09-08,0.0963,0.1417,2022-09-18,0.0135,0.0828,0.0293,0.0653,0.0847,
p54a_10m,grass,NDVI,2023-09-11,0.1339,0.1793,2022-09-18,0.0135,0.1204,0.0306,0.0666,0.2474,
p54a_10m,grass,NDVI,2023-09-13,0.1371,0.1825,2022-09-18,0.0135,0.1236,0.0306,0.0666,,
p54a_10m,grass,NDVI,2023-09-28,0.1268,0.1722,2022-09-21,0.0036,0.1232,0.0215,0.0575,,
p54a_10m,grass,NDWI,2023-06-15,0.0,-0.0411,2022-06-20,0.0273,-0.0273,0.0159,-0.0134,,
p54a_10m,grass,NDWI,2023-06-18,-0.0036,-0.0447,2022-06-20,0.0273,-0.0309,0.0111,-0.0182,0.1761,
p54a_10m,grass,NDWI,2023-06-20,-0.0017,-0.0428,2022-06-20,0.0273,-0.029,0.0046,-0.0247,,
p54a_10m,grass,NDWI,2023-06-23,,,2022-06-20,0.0273,,,,0.1124,
p54a_10m,grass,NDWI,2023-06-25,-0.0056,-0.0467,2022-06-20,0.0273,-0.0329,-0.019,-0.0483,,
p54a_10m,grass,NDWI,2023-06-28,-0.1005,-0.1416,2022-07-03,0.0144,-0.1149,-0.0885,-0.1178,0.0343,
p54a_10m,grass,NDWI,2023-06-30,0.0112,-0.0299,2022-07-03,0.0144,-0.0032,0.0099,-0.0194,0.1705,
p54a_10m,grass,NDWI,2023-07-03,0.0092,-0.0319,2022-07-03,0.0144,-0.0052,-0.0002,-0.0295,0.1628,
p54a_10m,grass,NDWI,2023-07-05,-0.0244,-0.0655,2022-07-03,0.0144,-0.0388,-0.0389,-0.0682,,
p54a_10m,grass,NDWI,2023-07-08,-0.0346,-0.0757,2022-07-08,0.0071,-0.0417,-0.0285,-0.0578,0.1091,
p54a_10m,grass,NDWI,2023-07-15,0.0002,-0.0409,2022-07-18,-0.0546,0.0548,-0.0251,-0.0544,,
p54a_10m,grass,NDWI,2023-07-25,-0.0793,-0.1204,2022-07-23,-0.0921,0.0128,-0.0815,-0.1108,,
p54a_10m,grass,NDWI,2023-07-30,-0.0686,-0.1097,2022-07-23,-0.0921,0.0235,-0.067,-0.0963,0.038,
p54a_10m,grass,NDWI,2023-08-04,-0.0094,-0.0505,2022-08-07,-0.02,0.0106,-0.0335,-0.0628,,
p54a_10m,grass,NDWI,2023-08-07,-0.0784,-0.1195,2022-08-07,-0.02,-0.0584,-0.0964,-0.1257,-0.0771,
p54a_10m,grass,NDWI,2023-08-09,-0.0825,-0.1236,2022-08-09,0.0231,-0.1056,-0.0776,-0.1069,,
p54a_10m,grass,NDWI,2023-08-17,-0.0836,-0.1247,2022-08-24,-0.0428,-0.0408,-0.0733,-0.1026,-0.0936,
p54a_10m,grass,NDWI,2023-08-24,-0.0855,-0.1266,2022-08-24,-0.0428,-0.0427,-0.0527,-0.082,,
p54a_10m,grass,NDWI,2023-08-27,-0.0747,-0.1158,2022-08-24,-0.0428,-0.0319,-0.0428,-0.0721,-0.0728,
p54a_10m,grass,NDWI,2023-09-01,,,2022-08-24,-0.0428,,,,,
p54a_10m,grass,NDWI,2023-09-03,-0.1055,-0.1466,2022-08-24,-0.0428,-0.0627,-0.0652,-0.0945,,
p54a_10m,grass,NDWI,2023-09-08,-0.0377,-0.0788,2022-09-18,-0.0059,-0.0318,-0.0089,-0.0382,-0.0248,
p54a_10m,grass,NDWI,2023-09-11,-0.1031,-0.1442,2022-09-18,-0.0059,-0.0972,-0.0277,-0.057,-0.1428,
p54a_10m,grass,NDWI,2023-09-13,-0.0998,-0.1409,2022-09-18,-0.0059,-0.0939,-0.0255,-0.0548,,
p54a_10m,grass,NDWI,2023-09-28,-0.0957,-0.1368,2022-09-21,-0.0016,-0.0941,-0.0268,-0.0561,,
p54a_10m,grass,MNDWI,2023-06-15,-0.0013,0.0266,2022-06-20,-0.0167,0.0154,-0.0322,0.0207,,
p54a_10m,grass,MNDWI,2023-06-18,-0.0009,0.027,2022-06-20,-0.0167,0.0158,-0.0325,0.0204,0.1377,
p54a_10m,grass,MNDWI,2023-06-20,0.0016,0.0295,2022-06-20,-0.0167,0.0183,-0.0293,0.0236,,
p54a_10m,grass,MNDWI,2023-06-23,,,2022-06-20,-0.0167,,,,0.081,
p54a_10m,grass,MNDWI,2023-06-25,-0.0108,0.0171,2022-06-20,-0.0167,0.0059,-0.0531,-0.0002,,
p54a_10m,grass,MNDWI,2023-06-28,-0.0474,-0.0195,2022-07-03,-0.0163,-0.0311,-0.0616,-0.0087,0.0242,
p54a_10m,grass,MNDWI,2023-06-30,-0.0093,0.0186,2022-07-03,-0.0163,0.007,-0.0361,0.0168,0.081,
p54a_10m,grass,MNDWI,2023-07-03,-0.0093,0.0186,2022-07-03,-0.0163,0.007,-0.0371,0.0158,0.0716,
p54a_10m,grass,MNDWI,2023-07-05,-0.0096,0.0183,2022-07-03,-0.0163,0.0067,-0.04,0.0129,,
p54a_10m,grass,MNDWI,2023-07-08,-0.0453,-0.0174,2022-07-08,-0.0139,-0.0314,-0.0596,-0.0067,0.0319,
p54a_10m,grass,MNDWI,2023-07-15,0.0121,0.04,2022-07-18,-0.042,0.0541,-0.0194,0.0335,,
p54a_10m,grass,MNDWI,2023-07-25,0.0016,0.0295,2022-07-23,-0.0668,0.0684,-0.0338,0.0191,,
p54a_10m,grass,MNDWI,2023-07-30,-0.0057,0.0222,2022-07-23,-0.0668,0.0611,-0.0261,0.0268,0.0564,
p54a_10m,grass,MNDWI,2023-08-04,-0.0065,0.0214,2022-08-07,-0.0129,0.0064,-0.0126,0.0403,,
p54a_10m,grass,MNDWI,2023-08-07,-0.0054,0.0225,2022-08-07,-0.0129,0.0075,-0.0468,0.0061,0.0165,
p54a_10m,grass,MNDWI,2023-08-09,-0.0111,0.0168,2022-08-09,0.0073,-0.0184,-0.0214,0.0315,,
p54a_10m,grass,MNDWI,2023-08-17,-0.0087,0.0192,2022-08-24,-0.0465,0.0378,-0.0249,0.028,0.0497,
p54a_10m,grass,MNDWI,2023-08-24,-0.0114,0.0165,2022-08-24,-0.0465,0.0351,-0.0092,0.0437,,
p54a_10m,grass,MNDWI,2023-08-27,-0.0158,0.0121,2022-08-24,-0.0465,0.0307,-0.0122,0.0407,0.0729,
p54a_10m,grass,MNDWI,2023-09-01,,,2022-08-24,-0.0465,,,,,
p54a_10m,grass,MNDWI,2023-09-03,-0.0165,0.0114,2022-08-24,-0.0465,0.03,-0.0184,0.0345,,
p54a_10m,grass,MNDWI,2023-09-08,0.0287,0.0566,2022-09-18,-0.017,0.0457,0.0154,0.0683,0.0826,
p54a_10m,grass,MNDWI,2023-09-11,-0.0233,0.0046,2022-09-18,-0.017,-0.0063,-0.0081,0.0448,0.0451,
p54a_10m,grass,MNDWI,2023-09-13,-0.0133,0.0146,2022-09-18,-0.017,0.0037,0.0069,0.0598,,
p54a_10m,grass,MNDWI,2023-09-28,-0.0187,0.0092,2022-09-21,-0.0181,-0.0006,-0.0236,0.0293,,
p54a_10m,grass,NDMI,2023-06-15,0.0303,0.0555,2022-06-20,-0.0608,0.0911,-0.0508,-0.0219,,
p54a_10m,grass,NDMI,2023-06-18,0.0517,0.0769,2022-06-20,-0.0608,0.1125,-0.0436,-0.0147,-0.0256,
p54a_10m,grass,NDMI,2023-06-20,0.026,0.0512,2022-06-20,-0.0608,0.0868,-0.0473,-0.0184,,
p54a_10m,grass,NDMI,2023-06-23,,,2022-06-20,-0.0608,,,,-0.0224,
p54a_10m,grass,NDMI,2023-06-25,-0.0001,0.0251,2022-06-20,-0.0608,0.0607,-0.0557,-0.0268,,
p54a_10m,grass,NDMI,2023-06-28,0.0452,0.0704,2022-07-03,-0.0467,0.0919,0.0314,0.0603,-0.0278,
p54a_10m,grass,NDMI,2023-06-30,0.0238,0.049,2022-07-03,-0.0467,0.0705,-0.0194,0.0095,-0.0398,
p54a_10m,grass,NDMI,2023-07-03,0.0193,0.0445,2022-07-03,-0.0467,0.066,-0.0103,0.0186,-0.0514,
p54a_10m,grass,NDMI,2023-07-05,0.0333,0.0585,2022-07-03,-0.0467,0.08,-0.0081,0.0208,,
p54a_10m,grass,NDMI,2023-07-08,-0.0032,0.022,2022-07-08,-0.0338,0.0306,-0.036,-0.0071,-0.063,
p54a_10m,grass,NDMI,2023-07-15,0.0285,0.0537,2022-07-18,-0.0218,0.0503,0.0182,0.0471,,
p54a_10m,grass,NDMI,2023-07-25,0.0799,0.1051,2022-07-23,-0.0116,0.0915,0.0253,0.0542,,
p54a_10m,grass,NDMI,2023-07-30,0.0754,0.1006,2022-07-23,-0.0116,0.087,0.0506,0.0795,0.0386,
p54a_10m,grass,NDMI,2023-08-04,0.0284,0.0536,2022-08-07,-0.0232,0.0516,0.0686,0.0975,,
p54a_10m,grass,NDMI,2023-08-07,0.0779,0.1031,2022-08-07,-0.0232,0.1011,0.0239,0.0528,0.1075,
p54a_10m,grass,NDMI,2023-08-09,0.061,0.0862,2022-08-09,-0.0389,0.0999,0.0402,0.0691,,
p54a_10m,grass,NDMI,2023-08-17,0.0667,0.0919,2022-08-24,-0.0275,0.0942,0.0235,0.0524,0.1738,
p54a_10m,grass,NDMI,2023-08-24,0.0673,0.0925,2022-08-24,-0.0275,0.0948,0.0124,0.0413,,
p54a_10m,grass,NDMI,2023-08-27,0.0598,0.085,2022-08-24,-0.0275,0.0873,0.0275,0.0564,0.1827,
p54a_10m,grass,NDMI,2023-09-01,,,2022-08-24,-0.0275,,,,,
p54a_10m,grass,NDMI,2023-09-03,0.0672,0.0924,2022-08-24,-0.0275,0.0947,0.0058,0.0347,,
p54a_10m,grass,NDMI,2023-09-08,0.0635,0.0887,2022-09-18,-0.0236,0.0871,0.0131,0.042,0.1357,
p54a_10m,grass,NDMI,2023-09-11,0.073,0.0982,2022-09-18,-0.0236,0.0966,-0.0219,0.007,0.1988,
p54a_10m,grass,NDMI,2023-09-13,0.068,0.0932,2022-09-18,-0.0236,0.0916,-0.0005,0.0284,,
p54a_10m,grass,NDMI,2023-09-28,0.0534,0.0786,2022-09-21,-0.0297,0.0831,-0.0146,0.0143,,
p54a_10m,grass,BSI,2023-06-15,-0.0453,-0.0553,2022-06-20,0.0371,-0.0824,0.0145,0.0013,,
p54a_10m,grass,BSI,2023-06-18,-0.0582,-0.0682,2022-06-20,0.0371,-0.0953,0.0137,0.0005,-0.0176,
p54a_10m,grass,BSI,2023-06-20,-0.0447,-0.0547,2022-06-20,0.0371,-0.0818,0.0106,-0.0026,,
p54a_10m,grass,BSI,2023-06-23,,,2022-06-20,0.0371,,,,-0.0118,
p54a_10m,grass,BSI,2023-06-25,-0.0045,-0.0145,2022-06-20,0.0371,-0.0416,0.0434,0.0302,,
p54a_10m,grass,BSI,2023-06-28,-0.0516,-0.0616,2022-07-03,0.0246,-0.0762,-0.0489,-0.0621,0.0128,
p54a_10m,grass,BSI,2023-06-30,-0.0342,-0.0442,2022-07-03,0.0246,-0.0588,-0.0043,-0.0175,0.0172,
p54a_10m,grass,BSI,2023-07-03,-0.0274,-0.0374,2022-07-03,0.0246,-0.052,-0.0105,-0.0237,0.0257,
p54a_10m,grass,BSI,2023-07-05,-0.0419,-0.0519,2022-07-03,0.0246,-0.0665,-0.0153,-0.0285,,
p54a_10m,grass,BSI,2023-07-08,0.0029,-0.0071,2022-07-08,0.0139,-0.011,0.0198,0.0066,0.0455,
p54a_10m,grass,BSI,2023-07-15,-0.0352,-0.0452,2022-07-18,0.0028,-0.038,-0.025,-0.0382,,
p54a_10m,grass,BSI,2023-07-25,-0.0845,-0.0945,2022-07-23,-0.0078,-0.0767,-0.0438,-0.057,,
p54a_10m,grass,BSI,2023-07-30,-0.0837,-0.0937,2022-07-23,-0.0078,-0.0759,-0.0681,-0.0813,-0.0524,
p54a_10m,grass,BSI,2023-08-04,-0.0343,-0.0443,2022-08-07,0.0073,-0.0416,-0.0764,-0.0896,,
p54a_10m,grass,BSI,2023-08-07,-0.0808,-0.0908,2022-08-07,0.0073,-0.0881,-0.0365,-0.0497,-0.1024,
p54a_10m,grass,BSI,2023-08-09,-0.0664,-0.0764,2022-08-09,0.0158,-0.0822,-0.058,-0.0712,,
p54a_10m,grass,BSI,2023-08-17,-0.0658,-0.0758,2022-08-24,0.0066,-0.0724,-0.0345,-0.0477,-0.1625,
p54a_10m,grass,BSI,2023-08-24,-0.0641,-0.0741,2022-08-24,0.0066,-0.0707,-0.0246,-0.0378,,
p54a_10m,grass,BSI,2023-08-27,-0.0522,-0.0622,2022-08-24,0.0066,-0.0588,-0.0265,-0.0397,-0.1628,
p54a_10m,grass,BSI,2023-09-01,,,2022-08-24,0.0066,,,,,
p54a_10m,grass,BSI,2023-09-03,-0.0623,-0.0723,2022-08-24,0.0066,-0.0689,-0.0115,-0.0247,,
p54a_10m,grass,BSI,2023-09-08,-0.0716,-0.0816,2022-09-18,0.0072,-0.0788,-0.0187,-0.0319,-0.1204,
p54a_10m,grass,BSI,2023-09-11,-0.071,-0.081,2022-09-18,0.0072,-0.0782,0.0046,-0.0086,-0.1832,
p54a_10m,grass,BSI,2023-09-13,-0.0601,-0.0701,2022-09-18,0.0072,-0.0673,-0.006,-0.0192,,
p54a_10m,grass,BSI,2023-09-28,-0.0459,-0.0559,2022-09-21,0.0118,-0.0577,0.0107,-0.0025,,
p54a_10m,cropland,NDVI,2023-06-15,,,2022-06-20,0.1221,,,,,
p54a_10m,cropland,NDVI,2023-06-18,,,2022-06-20,0.1221,,,,,
p54a_10m,cropland,NDVI,2023-06-20,,,2022-06-20,0.1221,,,,,
p54a_10m,cropland,NDVI,2023-06-23,,,2022-06-20,0.1221,,,,,
p54a_10m,cropland,NDVI,2023-06-25,-0.0619,0.0638,2022-06-20,0.1221,-0.184,-0.0308,0.1022,-0.2611,
p54a_10m,cropland,NDVI,2023-06-28,,,2022-07-03,0.0684,,,,,
p54a_10m,cropland,NDVI,2023-06-30,0.022,0.1477,2022-07-03,0.0684,-0.0464,0.0129,0.1459,-0.2117,
p54a_10m,cropland,NDVI,2023-07-03,0.006,0.1317,2022-07-03,0.0684,-0.0624,0.0134,0.1464,-0.2387,
p54a_10m,cropland,NDVI,2023-07-05,,,2022-07-03,0.0684,,,,,
p54a_10m,cropland,NDVI,2023-07-08,0.0,0.1257,2022-07-08,0.065,-0.065,-0.0088,0.1242,-0.155,
p54a_10m,cropland,NDVI,2023-07-15,,,2022-07-08,0.065,,-0.0145,0.1185,,
p54a_10m,cropland,NDVI,2023-07-25,,,,,,,,,
p54a_10m,cropland,NDVI,2023-07-30,0.0264,0.1521,2022-08-07,0.1239,-0.0975,0.0007,0.1337,,
p54a_10m,cropland,NDVI,2023-08-04,0.0385,0.1642,2022-08-07,0.1239,-0.0854,0.0234,0.1564,,
p54a_10m,cropland,NDVI,2023-08-07,,,2022-08-07,0.1239,,,,,
p54a_10m,cropland,NDVI,2023-08-09,,,2022-08-09,0.1245,,,,,
p54a_10m,cropland,NDVI,2023-08-17,,,2022-08-09,0.1245,,,,,
p54a_10m,cropland,NDVI,2023-08-24,,,,,,,,,
p54a_10m,cropland,NDVI,2023-08-27,0.1203,0.246,,,,-0.0386,0.0944,0.1058,
p54a_10m,cropland,NDVI,2023-09-01,,,,,,,,,
p54a_10m,cropland,NDVI,2023-09-03,,,,,,,,,
p54a_10m,cropland,NDVI,2023-09-08,0.0801,0.2058,2022-09-18,0.1053,-0.0252,-0.0676,0.0654,0.0447,
p54a_10m,cropland,NDVI,2023-09-11,,,2022-09-18,0.1053,,,,,
p54a_10m,cropland,NDVI,2023-09-13,,,2022-09-18,0.1053,,,,,
p54a_10m,cropland,NDVI,2023-09-28,,,2022-09-21,0.0631,,,,,
p54a_10m,cropland,NDWI,2023-06-15,,,2022-06-20,0.0298,,,,,
p54a_10m,cropland,NDWI,2023-06-18,,,2022-06-20,0.0298,,,,,
p54a_10m,cropland,NDWI,2023-06-20,,,2022-06-20,0.0298,,,,,
p54a_10m,cropland,NDWI,2023-06-23,,,2022-06-20,0.0298,,,,,
p54a_10m,cropland,NDWI,2023-06-25,0.1072,-0.018,2022-06-20,0.0298,0.0774,0.0221,-0.061,0.2012,
p54a_10m,cropland,NDWI,2023-06-28,,,2022-07-03,0.1319,,,,,
p54a_10m,cropland,NDWI,2023-06-30,0.0258,-0.0994,2022-07-03,0.1319,-0.1061,0.0267,-0.0564,0.1713,
p54a_10m,cropland,NDWI,2023-07-03,0.0319,-0.0933,2022-07-03,0.1319,-0.1,0.018,-0.0651,0.1782,
p54a_10m,cropland,NDWI,2023-07-05,,,2022-07-03,0.1319,,,,,
p54a_10m,cropland,NDWI,2023-07-08,0.033,-0.0922,2022-07-08,0.1215,-0.0885,0.0207,-0.0624,0.1188,
p54a_10m,cropland,NDWI,2023-07-15,,,2022-07-08,0.1215,,0.0242,-0.0589,,
p54a_10m,cropland,NDWI,2023-07-25,,,,,,,,,
p54a_10m,cropland,NDWI,2023-07-30,-0.0049,-0.1301,2022-08-07,0.0243,-0.0292,0.0227,-0.0604,,
p54a_10m,cropland,NDWI,2023-08-04,-0.0074,-0.1326,2022-08-07,0.0243,-0.0317,0.0014,-0.0817,,
p54a_10m,cropland,NDWI,2023-08-07,,,2022-08-07,0.0243,,,,,
p54a_10m,cropland,NDWI,2023-08-09,,,2022-08-09,0.0174,,,,,
p54a_10m,cropland,NDWI,2023-08-17,,,2022-08-09,0.0174,,,,,
p54a_10m,cropland,NDWI,2023-08-24,,,,,,,,,
p54a_10m,cropland,NDWI,2023-08-27,-0.0748,-0.2,,,,0.0346,-0.0485,-0.0376,
p54a_10m,cropland,NDWI,2023-09-01,,,,,,,,,
p54a_10m,cropland,NDWI,2023-09-03,,,,,,,,,
p54a_10m,cropland,NDWI,2023-09-08,-0.026,-0.1512,2022-09-18,-0.0157,-0.0103,0.0524,-0.0307,-0.0017,
p54a_10m,cropland,NDWI,2023-09-11,,,2022-09-18,-0.0157,,,,,
p54a_10m,cropland,NDWI,2023-09-13,,,2022-09-18,-0.0157,,,,,
p54a_10m,cropland,NDWI,2023-09-28,,,2022-09-21,0.0275,,,,,
p54a_10m,cropland,MNDWI,2023-06-15,,,2022-06-20,0.1251,,,,,
p54a_10m,cropland,MNDWI,2023-06-18,,,2022-06-20,0.1251,,,,,
p54a_10m,cropland,MNDWI,2023-06-20,,,2022-06-20,0.1251,,,,,
p54a_10m,cropland,MNDWI,2023-06-23,,,2022-06-20,0.1251,,,,,
p54a_10m,cropland,MNDWI,2023-06-25,0.1734,-0.0095,2022-06-20,0.1251,0.0483,-0.0383,0.0213,0.0394,
p54a_10m,cropland,MNDWI,2023-06-28,,,2022-07-03,0.4887,,,,,
p54a_10m,cropland,MNDWI,2023-06-30,0.1351,-0.0478,2022-07-03,0.4887,-0.3536,-0.0169,0.0427,0.0445,
p54a_10m,cropland,MNDWI,2023-07-03,0.1457,-0.0372,2022-07-03,0.4887,-0.343,-0.0109,0.0487,0.0565,
p54a_10m,cropland,MNDWI,2023-07-05,,,2022-07-03,0.4887,,,,,
p54a_10m,cropland,MNDWI,2023-07-08,0.1117,-0.0712,2022-07-08,0.4476,-0.3359,-0.0171,0.0425,0.0369,
p54a_10m,cropland,MNDWI,2023-07-15,,,2022-07-08,0.4476,,-0.0112,0.0484,,
p54a_10m,cropland,MNDWI,2023-07-25,,,,,,,,,
p54a_10m,cropland,MNDWI,2023-07-30,0.0813,-0.1016,2022-08-07,0.359,-0.2777,-0.01,0.0496,,
p54a_10m,cropland,MNDWI,2023-08-04,0.0804,-0.1025,2022-08-07,0.359,-0.2786,-0.0063,0.0533,,
p54a_10m,cropland,MNDWI,2023-08-07,,,2022-08-07,0.359,,,,,
p54a_10m,cropland,MNDWI,2023-08-09,,,2022-08-09,0.3765,,,,,
p54a_10m,cropland,MNDWI,2023-08-17,,,2022-08-09,0.3765,,,,,
p54a_10m,cropland,MNDWI,2023-08-24,,,,,,,,,
p54a_10m,cropland,MNDWI,2023-08-27,0.0335,-0.1494,,,,-0.0019,0.0577,0.0674,
p54a_10m,cropland,MNDWI,2023-09-01,,,,,,,,,
p54a_10m,cropland,MNDWI,2023-09-03,,,,,,,,,
p54a_10m,cropland,MNDWI,2023-09-08,0.0903,-0.0926,2022-09-18,0.2229,-0.1326,0.0282,0.0878,0.1059,
p54a_10m,cropland,MNDWI,2023-09-11,,,2022-09-18,0.2229,,,,,
p54a_10m,cropland,MNDWI,2023-09-13,,,2022-09-18,0.2229,,,,,
p54a_10m,cropland,MNDWI,2023-09-28,,,2022-09-21,0.3554,,,,,
p54a_10m,cropland,NDMI,2023-06-15,,,2022-06-20,-0.0448,,,,,
p54a_10m,cropland,NDMI,2023-06-18,,,2022-06-20,-0.0448,,,,,
p54a_10m,cropland,NDMI,2023-06-20,,,2022-06-20,-0.0448,,,,,
p54a_10m,cropland,NDMI,2023-06-23,,,2022-06-20,-0.0448,,,,,
p54a_10m,cropland,NDMI,2023-06-25,0.042,0.003,2022-06-20,-0.0448,0.0868,-0.1054,0.0956,-0.198,
p54a_10m,cropland,NDMI,2023-06-28,,,2022-07-03,0.2894,,,,,
p54a_10m,cropland,NDMI,2023-06-30,0.1558,0.1168,2022-07-03,0.2894,-0.1336,-0.0538,0.1472,-0.1076,
p54a_10m,cropland,NDMI,2023-07-03,0.1468,0.1078,2022-07-03,0.2894,-0.1426,-0.0239,0.1771,-0.1192,
p54a_10m,cropland,NDMI,2023-07-05,,,2022-07-03,0.2894,,,,,
p54a_10m,cropland,NDMI,2023-07-08,0.0981,0.0591,2022-07-08,0.2399,-0.1418,-0.064,0.137,-0.0932,
p54a_10m,cropland,NDMI,2023-07-15,,,2022-07-08,0.2399,,-0.0337,0.1673,,
p54a_10m,cropland,NDMI,2023-07-25,,,,,,,,,
p54a_10m,cropland,NDMI,2023-07-30,0.1133,0.0743,2022-08-07,0.2674,-0.1541,-0.0463,0.1547,,
p54a_10m,cropland,NDMI,2023-08-04,0.1397,0.1007,2022-08-07,0.2674,-0.1277,-0.0069,0.1941,,
p54a_10m,cropland,NDMI,2023-08-07,,,2022-08-07,0.2674,,,,,
p54a_10m,cropland,NDMI,2023-08-09,,,2022-08-09,0.2989,,,,,
p54a_10m,cropland,NDMI,2023-08-17,,,2022-08-09,0.2989,,,,,
p54a_10m,cropland,NDMI,2023-08-24,,,,,,,,,
p54a_10m,cropland,NDMI,2023-08-27,0.2102,0.1712,,,,-0.0371,0.1639,0.1589,
p54a_10m,cropland,NDMI,2023-09-01,,,,,,,,,
p54a_10m,cropland,NDMI,2023-09-03,,,,,,,,,
p54a_10m,cropland,NDMI,2023-09-08,0.2014,0.1624,2022-09-18,0.1474,0.054,-0.031,0.17,0.1524,
p54a_10m,cropland,NDMI,2023-09-11,,,2022-09-18,0.1474,,,,,
p54a_10m,cropland,NDMI,2023-09-13,,,2022-09-18,0.1474,,,,,
p54a_10m,cropland,NDMI,2023-09-28,,,2022-09-21,0.2852,,,,,
p54a_10m,cropland,BSI,2023-06-15,,,2022-06-20,0.0238,,,,,
p54a_10m,cropland,BSI,2023-06-18,,,2022-06-20,0.0238,,,,,
p54a_10m,cropland,BSI,2023-06-20,,,2022-06-20,0.0238,,,,,
p54a_10m,cropland,BSI,2023-06-23,,,2022-06-20,0.0238,,,,,
p54a_10m,cropland,BSI,2023-06-25,-0.0666,-0.0664,2022-06-20,0.0238,-0.0904,0.0914,-0.0685,0.1563,
p54a_10m,cropland,BSI,2023-06-28,,,2022-07-03,-0.2598,,,,,
p54a_10m,cropland,BSI,2023-06-30,-0.1199,-0.1197,2022-07-03,-0.2598,0.1399,0.0247,-0.1352,0.0724,
p54a_10m,cropland,BSI,2023-07-03,-0.1209,-0.1207,2022-07-03,-0.2598,0.1389,0.007,-0.1529,0.09,
p54a_10m,cropland,BSI,2023-07-05,,,2022-07-03,-0.2598,,,,,
p54a_10m,cropland,BSI,2023-07-08,-0.0822,-0.082,2022-07-08,-0.2407,0.1585,0.0443,-0.1156,0.0752,
p54a_10m,cropland,BSI,2023-07-15,,,2022-07-08,-0.2407,,0.0187,-0.1412,,
p54a_10m,cropland,BSI,2023-07-25,,,,,,,,,
p54a_10m,cropland,BSI,2023-07-30,-0.0927,-0.0925,2022-08-07,-0.2543,0.1616,0.0234,-0.1365,,
p54a_10m,cropland,BSI,2023-08-04,-0.1088,-0.1086,2022-08-07,-0.2543,0.1455,-0.0002,-0.1601,,
p54a_10m,cropland,BSI,2023-08-07,,,2022-08-07,-0.2543,,,,,
p54a_10m,cropland,BSI,2023-08-09,,,2022-08-09,-0.2695,,,,,
p54a_10m,cropland,BSI,2023-08-17,,,2022-08-09,-0.2695,,,,,
p54a_10m,cropland,BSI,2023-08-24,,,,,,,,,
p54a_10m,cropland,BSI,2023-08-27,-0.1516,-0.1514,,,,0.0408,-0.1191,-0.1305,
p54a_10m,cropland,BSI,2023-09-01,,,,,,,,,
p54a_10m,cropland,BSI,2023-09-03,,,,,,,,,
p54a_10m,cropland,BSI,2023-09-08,-0.1766,-0.1764,2022-09-18,-0.1135,-0.0631,0.028,-0.1319,-0.1172,
p54a_10m,cropland,BSI,2023-09-11,,,2022-09-18,-0.1135,,,,,
p54a_10m,cropland,BSI,2023-09-13,,,2022-09-18,-0.1135,,,,,
p54a_10m,cropland,BSI,2023-09-28,,,2022-09-21,-0.1998,,,,,
p54a_10m,wetland,NDVI,2023-06-15,,,2022-06-20,0.1474,,,,,
p54a_10m,wetland,NDVI,2023-06-18,,,2022-06-20,0.1474,,,,,
p54a_10m,wetland,NDVI,2023-06-20,,,2022-06-20,0.1474,,,,,
p54a_10m,wetland,NDVI,2023-06-23,,,2022-06-20,0.1474,,,,,
p54a_10m,wetland,NDVI,2023-06-25,,,2022-06-20,0.1474,,,,,
p54a_10m,wetland,NDVI,2023-06-28,,,2022-07-03,0.0824,,,,,
p54a_10m,wetland,NDVI,2023-06-30,0.021,-0.0097,2022-07-03,0.0824,-0.0614,,,,
p54a_10m,wetland,NDVI,2023-07-03,0.0032,-0.0275,2022-07-03,0.0824,-0.0792,-0.0136,,-0.4162,
p54a_10m,wetland,NDVI,2023-07-05,,,2022-07-03,0.0824,,,,,
p54a_10m,wetland,NDVI,2023-07-08,0.041,0.0103,2022-07-08,0.1038,-0.0628,0.0728,,-0.3581,
p54a_10m,wetland,NDVI,2023-07-15,,,2022-07-08,0.1038,,,,,
p54a_10m,wetland,NDVI,2023-07-25,,,,,,,,,
p54a_10m,wetland,NDVI,2023-07-30,0.0795,0.0488,2022-08-07,0.129,-0.0495,,,,
p54a_10m,wetland,NDVI,2023-08-04,0.106,0.0753,2022-08-07,0.129,-0.023,,,,
p54a_10m,wetland,NDVI,2023-08-07,,,2022-08-07,0.129,,,,,
p54a_10m,wetland,NDVI,2023-08-09,,,2022-08-09,0.1369,,,,,
p54a_10m,wetland,NDVI,2023-08-17,,,2022-08-09,0.1369,,,,,
p54a_10m,wetland,NDVI,2023-08-24,,,,,,,,,
p54a_10m,wetland,NDVI,2023-08-27,0.2199,0.1892,,,,0.1293,,0.194,
p54a_10m,wetland,NDVI,2023-09-01,,,,,,,,,
p54a_10m,wetland,NDVI,2023-09-03,,,,,,,,,
p54a_10m,wetland,NDVI,2023-09-08,0.1648,0.1341,2022-09-18,0.0932,0.0716,,,,
p54a_10m,wetland,NDVI,2023-09-11,,,2022-09-18,0.0932,,,,,
p54a_10m,wetland,NDVI,2023-09-13,,,2022-09-18,0.0932,,,,,
p54a_10m,wetland,NDVI,2023-09-21,,,2022-09-21,0.1015,,,,,
p54a_10m,wetland,NDVI,2023-09-28,,,2022-09-21,0.1015,,,,,
p54a_10m,wetland,NDWI,2023-06-15,,,2022-06-20,-0.0429,,,,,
p54a_10m,wetland,NDWI,2023-06-18,,,2022-06-20,-0.0429,,,,,
p54a_10m,wetland,NDWI,2023-06-20,,,2022-06-20,-0.0429,,,,,
p54a_10m,wetland,NDWI,2023-06-23,,,2022-06-20,-0.0429,,,,,
p54a_10m,wetland,NDWI,2023-06-25,,,2022-06-20,-0.0429,,,,,
p54a_10m,wetland,NDWI,2023-06-28,,,2022-07-03,-0.0154,,,,,
p54a_10m,wetland,NDWI,2023-06-30,-0.0032,-0.0118,2022-07-03,-0.0154,0.0122,,,,
p54a_10m,wetland,NDWI,2023-07-03,0.0029,-0.0057,2022-07-03,-0.0154,0.0183,-0.0137,,0.2369,
p54a_10m,wetland,NDWI,2023-07-05,,,2022-07-03,-0.0154,,,,,
p54a_10m,wetland,NDWI,2023-07-08,-0.0292,-0.0378,2022-07-08,-0.0286,-0.0006,-0.0727,,0.2058,
p54a_10m,wetland,NDWI,2023-07-15,,,2022-07-08,-0.0286,,,,,
p54a_10m,wetland,NDWI,2023-07-25,,,,,,,,,
p54a_10m,wetland,NDWI,2023-07-30,-0.0469,-0.0555,2022-08-07,-0.0461,-0.0008,,,,
p54a_10m,wetland,NDWI,2023-08-04,-0.074,-0.0826,2022-08-07,-0.0461,-0.0279,,,,
p54a_10m,wetland,NDWI,2023-08-07,,,2022-08-07,-0.0461,,,,,
p54a_10m,wetland,NDWI,2023-08-09,,,2022-08-09,-0.0533,,,,,
p54a_10m,wetland,NDWI,2023-08-17,,,2022-08-09,-0.0533,,,,,
p54a_10m,wetland,NDWI,2023-08-24,,,,,,,,,
p54a_10m,wetland,NDWI,2023-08-27,-0.1166,-0.1252,,,,-0.0599,,-0.0601,
p54a_10m,wetland,NDWI,2023-09-01,,,,,,,,,
p54a_10m,wetland,NDWI,2023-09-03,,,,,,,,,
p54a_10m,wetland,NDWI,2023-09-08,-0.0728,-0.0814,2022-09-18,-0.0336,-0.0392,,,,
p54a_10m,wetland,NDWI,2023-09-11,,,2022-09-18,-0.0336,,,,,
p54a_10m,wetland,NDWI,2023-09-13,,,2022-09-18,-0.0336,,,,,
p54a_10m,wetland,NDWI,2023-09-21,,,2022-09-21,-0.0433,,,,,
p54a_10m,wetland,NDWI,2023-09-28,,,2022-09-21,-0.0433,,,,,
p54a_10m,wetland,MNDWI,2023-06-15,,,2022-06-20,0.0636,,,,,
p54a_10m,wetland,MNDWI,2023-06-18,,,2022-06-20,0.0636,,,,,
p54a_10m,wetland,MNDWI,2023-06-20,,,2022-06-20,0.0636,,,,,
p54a_10m,wetland,MNDWI,2023-06-23,,,2022-06-20,0.0636,,,,,
p54a_10m,wetland,MNDWI,2023-06-25,,,2022-06-20,0.0636,,,,,
p54a_10m,wetland,MNDWI,2023-06-28,,,2022-07-03,0.0885,,,,,
p54a_10m,wetland,MNDWI,2023-06-30,0.0444,0.0058,2022-07-03,0.0885,-0.0441,,,,
p54a_10m,wetland,MNDWI,2023-07-03,0.0586,0.02,2022-07-03,0.0885,-0.0299,0.0025,,0.0251,
p54a_10m,wetland,MNDWI,2023-07-05,,,2022-07-03,0.0885,,,,,
p54a_10m,wetland,MNDWI,2023-07-08,0.0079,-0.0307,2022-07-08,0.0822,-0.0743,-0.0466,,-0.0099,
p54a_10m,wetland,MNDWI,2023-07-15,,,2022-07-08,0.0822,,,,,
p54a_10m,wetland,MNDWI,2023-07-25,,,,,,,,,
p54a_10m,wetland,MNDWI,2023-07-30,0.0155,-0.0231,2022-08-07,0.1103,-0.0948,,,,
p54a_10m,wetland,MNDWI,2023-08-04,0.0258,-0.0128,2022-08-07,0.1103,-0.0845,,,,
p54a_10m,wetland,MNDWI,2023-08-07,,,2022-08-07,0.1103,,,,,
p54a_10m,wetland,MNDWI,2023-08-09,,,2022-08-09,0.1049,,,,,
p54a_10m,wetland,MNDWI,2023-08-17,,,2022-08-09,0.1049,,,,,
p54a_10m,wetland,MNDWI,2023-08-24,,,,,,,,,
p54a_10m,wetland,MNDWI,2023-08-27,0.0425,0.0039,,,,0.0421,,0.096,
p54a_10m,wetland,MNDWI,2023-09-01,,,,,,,,,
p54a_10m,wetland,MNDWI,2023-09-03,,,,,,,,,
p54a_10m,wetland,MNDWI,2023-09-08,0.0827,0.0441,2022-09-18,0.0958,-0.0131,,,,
p54a_10m,wetland,MNDWI,2023-09-11,,,2022-09-18,0.0958,,,,,
p54a_10m,wetland,MNDWI,2023-09-13,,,2022-09-18,0.0958,,,,,
p54a_10m,wetland,MNDWI,2023-09-21,,,2022-09-21,0.0963,,,,,
p54a_10m,wetland,MNDWI,2023-09-28,,,2022-09-21,0.0963,,,,,
p54a_10m,wetland,NDMI,2023-06-15,,,2022-06-20,0.1993,,,,,
p54a_10m,wetland,NDMI,2023-06-18,,,2022-06-20,0.1993,,,,,
p54a_10m,wetland,NDMI,2023-06-20,,,2022-06-20,0.1993,,,,,
p54a_10m,wetland,NDMI,2023-06-23,,,2022-06-20,0.1993,,,,,
p54a_10m,wetland,NDMI,2023-06-25,,,2022-06-20,0.1993,,,,,
p54a_10m,wetland,NDMI,2023-06-28,,,2022-07-03,0.1861,,,,,
p54a_10m,wetland,NDMI,2023-06-30,0.0655,0.0257,2022-07-03,0.1861,-0.1206,,,,
p54a_10m,wetland,NDMI,2023-07-03,0.0753,0.0355,2022-07-03,0.1861,-0.1108,0.0083,,-0.2964,
p54a_10m,wetland,NDMI,2023-07-05,,,2022-07-03,0.1861,,,,,
p54a_10m,wetland,NDMI,2023-07-08,0.0495,0.0097,2022-07-08,0.1904,-0.1409,0.0248,,-0.2855,
p54a_10m,wetland,NDMI,2023-07-15,,,2022-07-08,0.1904,,,,,
p54a_10m,wetland,NDMI,2023-07-25,,,,,,,,,
p54a_10m,wetland,NDMI,2023-07-30,0.1109,0.0711,2022-08-07,0.2519,-0.141,,,,
p54a_10m,wetland,NDMI,2023-08-04,0.1559,0.1161,2022-08-07,0.2519,-0.096,,,,
p54a_10m,wetland,NDMI,2023-08-07,,,2022-08-07,0.2519,,,,,
p54a_10m,wetland,NDMI,2023-08-09,,,2022-08-09,0.2539,,,,,
p54a_10m,wetland,NDMI,2023-08-17,,,2022-08-09,0.2539,,,,,
p54a_10m,wetland,NDMI,2023-08-24,,,,,,,,,
p54a_10m,wetland,NDMI,2023-08-27,0.2522,0.2124,,,,0.1588,,0.2452,
p54a_10m,wetland,NDMI,2023-09-01,,,,,,,,,
p54a_10m,wetland,NDMI,2023-09-03,,,,,,,,,
p54a_10m,wetland,NDMI,2023-09-08,0.2429,0.2031,2022-09-18,0.2186,0.0243,,,,
p54a_10m,wetland,NDMI,2023-09-11,,,2022-09-18,0.2186,,,,,
p54a_10m,wetland,NDMI,2023-09-13,,,2022-09-18,0.2186,,,,,
p54a_10m,wetland,NDMI,2023-09-21,,,2022-09-21,0.2354,,,,,
p54a_10m,wetland,NDMI,2023-09-28,,,2022-09-21,0.2354,,,,,
p54a_10m,wetland,BSI,2023-06-15,,,2022-06-20,-0.2029,,,,,
p54a_10m,wetland,BSI,2023-06-18,,,2022-06-20,-0.2029,,,,,
p54a_10m,wetland,BSI,2023-06-20,,,2022-06-20,-0.2029,,,,,
p54a_10m,wetland,BSI,2023-06-23,,,2022-06-20,-0.2029,,,,,
p54a_10m,wetland,BSI,2023-06-25,,,2022-06-20,-0.2029,,,,,
p54a_10m,wetland,BSI,2023-06-28,,,2022-07-03,-0.1765,,,,,
p54a_10m,wetland,BSI,2023-06-30,-0.0627,-0.0149,2022-07-03,-0.1765,0.1138,,,,
p54a_10m,wetland,BSI,2023-07-03,-0.0683,-0.0205,2022-07-03,-0.1765,0.1082,0.0204,,0.2603,
p54a_10m,wetland,BSI,2023-07-05,,,2022-07-03,-0.1765,,,,,
p54a_10m,wetland,BSI,2023-07-08,-0.0535,-0.0057,2022-07-08,-0.1789,0.1254,-0.0271,,0.2519,
p54a_10m,wetland,BSI,2023-07-15,,,2022-07-08,-0.1789,,,,,
p54a_10m,wetland,BSI,2023-07-25,,,,,,,,,
p54a_10m,wetland,BSI,2023-07-30,-0.1059,-0.0581,2022-08-07,-0.2416,0.1357,,,,
p54a_10m,wetland,BSI,2023-08-04,-0.1514,-0.1036,2022-08-07,-0.2416,0.0902,,,,
p54a_10m,wetland,BSI,2023-08-07,,,2022-08-07,-0.2416,,,,,
p54a_10m,wetland,BSI,2023-08-09,,,2022-08-09,-0.2391,,,,,
p54a_10m,wetland,BSI,2023-08-17,,,2022-08-09,-0.2391,,,,,
p54a_10m,wetland,BSI,2023-08-24,,,,,,,,,
p54a_10m,wetland,BSI,2023-08-27,-0.2292,-0.1814,,,,-0.1394,,-0.2324,
p54a_10m,wetland,BSI,2023-09-01,,,,,,,,,
p54a_10m,wetland,BSI,2023-09-03,,,,,,,,,
p54a_10m,wetland,BSI,2023-09-08,-0.2272,-0.1794,2022-09-18,-0.2016,-0.0256,,,,
p54a_10m,wetland,BSI,2023-09-11,,,2022-09-18,-0.2016,,,,,
p54a_10m,wetland,BSI,2023-09-13,,,2022-09-18,-0.2016,,,,,
p54a_10m,wetland,BSI,2023-09-21,,,2022-09-21,-0.2114,,,,,
p54a_10m,wetland,BSI,2023-09-28,,,2022-09-21,-0.2114,,,,,
p54a_10m,ndvi<0.3 bare/sparse,NDVI,2023-06-15,0.0598,-0.014,2022-06-20,0.1526,-0.0928,0.0331,-0.0586,0.0117,-0.057
p54a_10m,ndvi<0.3 bare/sparse,NDVI,2023-06-18,0.0694,-0.0044,2022-06-20,0.1526,-0.0832,0.0473,-0.0444,0.0193,-0.0494
p54a_10m,ndvi<0.3 bare/sparse,NDVI,2023-06-20,0.0651,-0.0087,2022-06-20,0.1526,-0.0875,0.0459,-0.0458,0.0015,-0.0672
p54a_10m,ndvi<0.3 bare/sparse,NDVI,2023-06-23,,,2022-06-20,0.1526,,,,,
p54a_10m,ndvi<0.3 bare/sparse,NDVI,2023-06-25,0.08,0.0062,2022-06-20,0.1526,-0.0726,0.0776,-0.0141,0.0018,-0.0669
p54a_10m,ndvi<0.3 bare/sparse,NDVI,2023-06-28,0.0829,0.0091,2022-07-03,0.1748,-0.0919,,,0.0561,-0.0126
p54a_10m,ndvi<0.3 bare/sparse,NDVI,2023-06-30,0.0698,-0.004,2022-07-03,0.1748,-0.105,0.1041,0.0124,-0.014,-0.0827
p54a_10m,ndvi<0.3 bare/sparse,NDVI,2023-07-03,0.0861,0.0123,2022-07-03,0.1748,-0.0887,0.1236,0.0319,-0.0004,-0.0691
p54a_10m,ndvi<0.3 bare/sparse,NDVI,2023-07-05,0.0962,0.0224,2022-07-03,0.1748,-0.0786,0.1192,0.0275,0.0638,-0.0049
p54a_10m,ndvi<0.3 bare/sparse,NDVI,2023-07-08,0.0928,0.019,2022-07-08,0.1673,-0.0745,0.111,0.0193,0.0153,-0.0534
p54a_10m,ndvi<0.3 bare/sparse,NDVI,2023-07-15,0.0791,0.0053,2022-07-18,0.2362,-0.1571,0.1219,0.0302,,
p54a_10m,ndvi<0.3 bare/sparse,NDVI,2023-07-25,0.1322,0.0584,2022-07-23,0.2483,-0.1161,0.138,0.0463,0.1499,0.0812
p54a_10m,ndvi<0.3 bare/sparse,NDVI,2023-07-30,0.1139,0.0401,2022-07-23,0.2483,-0.1344,0.1814,0.0897,0.1186,0.0499
p54a_10m,ndvi<0.3 bare/sparse,NDVI,2023-08-04,0.1237,0.0499,2022-08-07,0.1773,-0.0536,0.2077,0.116,0.1242,0.0555
p54a_10m,ndvi<0.3 bare/sparse,NDVI,2023-08-07,0.1421,0.0683,2022-08-07,0.1773,-0.0352,,,,
p54a_10m,ndvi<0.3 bare/sparse,NDVI,2023-08-09,0.1497,0.0759,2022-08-09,0.0661,0.0836,0.1814,0.0897,0.2095,0.1408
p54a_10m,ndvi<0.3 bare/sparse,NDVI,2023-08-17,0.1409,0.0671,2022-08-24,0.0802,0.0607,0.1289,0.0372,0.1373,0.0686
p54a_10m,ndvi<0.3 bare/sparse,NDVI,2023-08-24,0.1299,0.0561,2022-08-24,0.0802,0.0497,0.1014,0.0097,0.0912,0.0225
p54a_10m,ndvi<0.3 bare/sparse,NDVI,2023-08-27,0.107,0.0332,2022-08-24,0.0802,0.0268,0.0981,0.0064,0.0322,-0.0365
p54a_10m,ndvi<0.3 bare/sparse,NDVI,2023-09-03,0.1303,0.0565,2022-08-24,0.0802,0.0501,0.088,-0.0037,0.0746,0.0059
p54a_10m,ndvi<0.3 bare/sparse,NDVI,2023-09-08,0.1003,0.0265,2022-09-18,0.1056,-0.0053,0.0751,-0.0166,0.0202,-0.0485
p54a_10m,ndvi<0.3 bare/sparse,NDVI,2023-09-11,0.1297,0.0559,2022-09-18,0.1056,0.0241,0.0832,-0.0085,0.066,-0.0027
p54a_10m,ndvi<0.3 bare/sparse,NDVI,2023-09-13,0.1231,0.0493,2022-09-18,0.1056,0.0175,0.0734,-0.0183,0.0617,-0.007
p54a_10m,ndvi<0.3 bare/sparse,NDVI,2023-09-28,0.1234,0.0496,2022-09-21,0.1009,0.0225,0.0706,-0.0211,0.0567,-0.012
p54a_10m,ndvi<0.3 bare/sparse,NDWI,2023-06-15,-0.0417,0.0207,2022-06-20,-0.125,0.0833,-0.0026,0.0655,0.0206,0.0599
p54a_10m,ndvi<0.3 bare/sparse,NDWI,2023-06-18,-0.0447,0.0177,2022-06-20,-0.125,0.0803,-0.0159,0.0522,0.0177,0.057
p54a_10m,ndvi<0.3 bare/sparse,NDWI,2023-06-20,-0.0329,0.0295,2022-06-20,-0.125,0.0921,-0.0102,0.0579,0.0312,0.0705
p54a_10m,ndvi<0.3 bare/sparse,NDWI,2023-06-23,,,2022-06-20,-0.125,,,,,
p54a_10m,ndvi<0.3 bare/sparse,NDWI,2023-06-25,-0.0561,0.0063,2022-06-20,-0.125,0.0689,-0.0428,0.0253,0.0161,0.0554
p54a_10m,ndvi<0.3 bare/sparse,NDWI,2023-06-28,-0.0467,0.0157,2022-07-03,-0.1285,0.0818,,,-0.0258,0.0135
p54a_10m,ndvi<0.3 bare/sparse,NDWI,2023-06-30,-0.0448,0.0176,2022-07-03,-0.1285,0.0837,-0.0584,0.0097,0.0353,0.0746
p54a_10m,ndvi<0.3 bare/sparse,NDWI,2023-07-03,-0.0638,-0.0014,2022-07-03,-0.1285,0.0647,-0.0749,-0.0068,0.0249,0.0642
p54a_10m,ndvi<0.3 bare/sparse,NDWI,2023-07-05,-0.0673,-0.0049,2022-07-03,-0.1285,0.0612,-0.0688,-0.0007,-0.0296,0.0097
p54a_10m,ndvi<0.3 bare/sparse,NDWI,2023-07-08,-0.0885,-0.0261,2022-07-08,-0.1143,0.0258,-0.0766,-0.0085,0.0025,0.0418
p54a_10m,ndvi<0.3 bare/sparse,NDWI,2023-07-15,-0.0308,0.0316,2022-07-18,-0.1816,0.1508,-0.0678,0.0003,,
p54a_10m,ndvi<0.3 bare/sparse,NDWI,2023-07-25,-0.0867,-0.0243,2022-07-23,-0.1789,0.0922,-0.0841,-0.016,-0.089,-0.0497
p54a_10m,ndvi<0.3 bare/sparse,NDWI,2023-07-30,-0.0617,0.0007,2022-07-23,-0.1789,0.1172,-0.1035,-0.0354,-0.0545,-0.0152
p54a_10m,ndvi<0.3 bare/sparse,NDWI,2023-08-04,-0.0931,-0.0307,2022-08-07,-0.1316,0.0385,-0.1317,-0.0636,-0.0538,-0.0145
p54a_10m,ndvi<0.3 bare/sparse,NDWI,2023-08-07,-0.0959,-0.0335,2022-08-07,-0.1316,0.0357,,,,
p54a_10m,ndvi<0.3 bare/sparse,NDWI,2023-08-09,-0.1144,-0.052,2022-08-09,-0.0366,-0.0778,-0.1153,-0.0472,-0.1357,-0.0964
p54a_10m,ndvi<0.3 bare/sparse,NDWI,2023-08-17,-0.1073,-0.0449,2022-08-24,-0.0721,-0.0352,-0.0903,-0.0222,-0.1003,-0.061
p54a_10m,ndvi<0.3 bare/sparse,NDWI,2023-08-24,-0.1011,-0.0387,2022-08-24,-0.0721,-0.029,-0.071,-0.0029,-0.0629,-0.0236
p54a_10m,ndvi<0.3 bare/sparse,NDWI,2023-08-27,-0.0909,-0.0285,2022-08-24,-0.0721,-0.0188,-0.0844,-0.0163,-0.0195,0.0198
p54a_10m,ndvi<0.3 bare/sparse,NDWI,2023-09-03,-0.1121,-0.0497,2022-08-24,-0.0721,-0.04,-0.0724,-0.0043,-0.0625,-0.0232
p54a_10m,ndvi<0.3 bare/sparse,NDWI,2023-09-08,-0.0717,-0.0093,2022-09-18,-0.1084,0.0367,-0.0615,0.0066,-0.0074,0.0319
p54a_10m,ndvi<0.3 bare/sparse,NDWI,2023-09-11,-0.1105,-0.0481,2022-09-18,-0.1084,-0.0021,-0.0754,-0.0073,-0.0614,-0.0221
p54a_10m,ndvi<0.3 bare/sparse,NDWI,2023-09-13,-0.1112,-0.0488,2022-09-18,-0.1084,-0.0028,-0.0687,-0.0006,-0.0561,-0.0168
p54a_10m,ndvi<0.3 bare/sparse,NDWI,2023-09-28,-0.1204,-0.058,2022-09-21,-0.1003,-0.0201,-0.0797,-0.0116,-0.0663,-0.027
p54a_10m,ndvi<0.3 bare/sparse,MNDWI,2023-06-15,-0.125,0.0022,2022-06-20,-0.1339,0.0089,-0.105,-0.0154,-0.0894,-0.0427
p54a_10m,ndvi<0.3 bare/sparse,MNDWI,2023-06-18,-0.0914,0.0358,2022-06-20,-0.1339,0.0425,-0.0771,0.0125,-0.0575,-0.0108
p54a_10m,ndvi<0.3 bare/sparse,MNDWI,2023-06-20,-0.0881,0.0391,2022-06-20,-0.1339,0.0458,-0.0635,0.0261,-0.0461,0.0006
p54a_10m,ndvi<0.3 bare/sparse,MNDWI,2023-06-23,,,2022-06-20,-0.1339,,,,,
p54a_10m,ndvi<0.3 bare/sparse,MNDWI,2023-06-25,-0.117,0.0102,2022-06-20,-0.1339,0.0169,-0.0696,0.02,-0.0575,-0.0108
p54a_10m,ndvi<0.3 bare/sparse,MNDWI,2023-06-28,-0.0841,0.0431,2022-07-03,-0.1043,0.0202,,,-0.0837,-0.037
p54a_10m,ndvi<0.3 bare/sparse,MNDWI,2023-06-30,-0.0835,0.0437,2022-07-03,-0.1043,0.0208,-0.0663,0.0233,-0.0104,0.0363
p54a_10m,ndvi<0.3 bare/sparse,MNDWI,2023-07-03,-0.0901,0.0371,2022-07-03,-0.1043,0.0142,-0.07,0.0196,-0.0077,0.039
p54a_10m,ndvi<0.3 bare/sparse,MNDWI,2023-07-05,-0.1196,0.0076,2022-07-03,-0.1043,-0.0153,-0.089,0.0006,-0.0789,-0.0322
p54a_10m,ndvi<0.3 bare/sparse,MNDWI,2023-07-08,-0.1322,-0.005,2022-07-08,-0.0753,-0.0569,-0.0909,-0.0013,-0.0137,0.033
p54a_10m,ndvi<0.3 bare/sparse,MNDWI,2023-07-15,-0.0459,0.0813,2022-07-18,-0.1368,0.0909,-0.0516,0.038,,
p54a_10m,ndvi<0.3 bare/sparse,MNDWI,2023-07-25,-0.1104,0.0168,2022-07-23,-0.0925,-0.0179,-0.0913,-0.0017,-0.0746,-0.0279
p54a_10m,ndvi<0.3 bare/sparse,MNDWI,2023-07-30,-0.0735,0.0537,2022-07-23,-0.0925,0.019,-0.0712,0.0184,-0.0269,0.0198
p54a_10m,ndvi<0.3 bare/sparse,MNDWI,2023-08-04,-0.117,0.0102,2022-08-07,-0.1026,-0.0144,-0.0718,0.0178,-0.0031,0.0436
p54a_10m,ndvi<0.3 bare/sparse,MNDWI,2023-08-07,-0.1106,0.0166,2022-08-07,-0.1026,-0.008,,,,
p54a_10m,ndvi<0.3 bare/sparse,MNDWI,2023-08-09,-0.144,-0.0168,2022-08-09,-0.0513,-0.0927,-0.1022,-0.0126,-0.0847,-0.038
p54a_10m,ndvi<0.3 bare/sparse,MNDWI,2023-08-17,-0.1313,-0.0041,2022-08-24,-0.1256,-0.0057,-0.0973,-0.0077,-0.0839,-0.0372
p54a_10m,ndvi<0.3 bare/sparse,MNDWI,2023-08-24,-0.1293,-0.0021,2022-08-24,-0.1256,-0.0037,-0.0831,0.0065,-0.0555,-0.0088
p54a_10m,ndvi<0.3 bare/sparse,MNDWI,2023-08-27,-0.1055,0.0217,2022-08-24,-0.1256,0.0201,-0.0662,0.0234,-0.0021,0.0446
p54a_10m,ndvi<0.3 bare/sparse,MNDWI,2023-09-03,-0.1385,-0.0113,2022-08-24,-0.1256,-0.0129,-0.0881,0.0015,-0.0591,-0.0124
p54a_10m,ndvi<0.3 bare/sparse,MNDWI,2023-09-08,-0.079,0.0482,2022-09-18,-0.1389,0.0599,-0.0509,0.0387,0.0077,0.0544
p54a_10m,ndvi<0.3 bare/sparse,MNDWI,2023-09-11,-0.1347,-0.0075,2022-09-18,-0.1389,0.0042,-0.0959,-0.0063,-0.0651,-0.0184
p54a_10m,ndvi<0.3 bare/sparse,MNDWI,2023-09-13,-0.1287,-0.0015,2022-09-18,-0.1389,0.0102,-0.0796,0.01,-0.0515,-0.0048
p54a_10m,ndvi<0.3 bare/sparse,MNDWI,2023-09-28,-0.144,-0.0168,2022-09-21,-0.1342,-0.0098,-0.0958,-0.0062,-0.0643,-0.0176
p54a_10m,ndvi<0.3 bare/sparse,NDMI,2023-06-15,-0.0896,-0.0141,2022-06-20,-0.0268,-0.0628,-0.1067,-0.0705,-0.1359,-0.0648
p54a_10m,ndvi<0.3 bare/sparse,NDMI,2023-06-18,-0.0546,0.0209,2022-06-20,-0.0268,-0.0278,-0.0757,-0.0395,-0.0905,-0.0194
p54a_10m,ndvi<0.3 bare/sparse,NDMI,2023-06-20,-0.0661,0.0094,2022-06-20,-0.0268,-0.0393,-0.0711,-0.0349,-0.0918,-0.0207
p54a_10m,ndvi<0.3 bare/sparse,NDMI,2023-06-23,,,2022-06-20,-0.0268,,,,,
p54a_10m,ndvi<0.3 bare/sparse,NDMI,2023-06-25,-0.064,0.0115,2022-06-20,-0.0268,-0.0372,-0.0276,0.0086,-0.0845,-0.0134
p54a_10m,ndvi<0.3 bare/sparse,NDMI,2023-06-28,-0.0319,0.0436,2022-07-03,0.0078,-0.0397,,,-0.0637,0.0074
p54a_10m,ndvi<0.3 bare/sparse,NDMI,2023-06-30,-0.0571,0.0184,2022-07-03,0.0078,-0.0649,-0.0303,0.0059,-0.0533,0.0178
p54a_10m,ndvi<0.3 bare/sparse,NDMI,2023-07-03,-0.0539,0.0216,2022-07-03,0.0078,-0.0617,-0.0217,0.0145,-0.044,0.0271
p54a_10m,ndvi<0.3 bare/sparse,NDMI,2023-07-05,-0.0682,0.0073,2022-07-03,0.0078,-0.076,-0.0417,-0.0055,-0.0593,0.0118
p54a_10m,ndvi<0.3 bare/sparse,NDMI,2023-07-08,-0.0833,-0.0078,2022-07-08,0.0191,-0.1024,-0.0496,-0.0134,-0.0396,0.0315
p54a_10m,ndvi<0.3 bare/sparse,NDMI,2023-07-15,-0.0242,0.0513,2022-07-18,0.0158,-0.04,0.0043,0.0405,,
p54a_10m,ndvi<0.3 bare/sparse,NDMI,2023-07-25,-0.0251,0.0504,2022-07-23,0.0652,-0.0903,-0.0253,0.0109,0.0024,0.0735
p54a_10m,ndvi<0.3 bare/sparse,NDMI,2023-07-30,-0.0147,0.0608,2022-07-23,0.0652,-0.0799,0.0323,0.0685,0.0363,0.1074
p54a_10m,ndvi<0.3 bare/sparse,NDMI,2023-08-04,-0.0411,0.0344,2022-08-07,0.0055,-0.0466,0.0717,0.1079,0.0406,0.1117
p54a_10m,ndvi<0.3 bare/sparse,NDMI,2023-08-07,-0.0187,0.0568,2022-08-07,0.0055,-0.0242,,,,
p54a_10m,ndvi<0.3 bare/sparse,NDMI,2023-08-09,-0.0322,0.0433,2022-08-09,-0.0468,0.0146,-0.003,0.0332,0.0421,0.1132
p54a_10m,ndvi<0.3 bare/sparse,NDMI,2023-08-17,-0.0293,0.0462,2022-08-24,-0.0658,0.0365,-0.0183,0.0179,0.008,0.0791
p54a_10m,ndvi<0.3 bare/sparse,NDMI,2023-08-24,-0.0322,0.0433,2022-08-24,-0.0658,0.0336,-0.0252,0.011,0.0051,0.0762
p54a_10m,ndvi<0.3 bare/sparse,NDMI,2023-08-27,-0.0303,0.0452,2022-08-24,-0.0658,0.0355,0.0138,0.05,0.0237,0.0948
p54a_10m,ndvi<0.3 bare/sparse,NDMI,2023-09-03,-0.0322,0.0433,2022-08-24,-0.0658,0.0336,-0.0316,0.0046,0.0008,0.0719
p54a_10m,ndvi<0.3 bare/sparse,NDMI,2023-09-08,-0.0318,0.0437,2022-09-18,-0.0644,0.0326,0.0002,0.0364,0.0363,0.1074
p54a_10m,ndvi<0.3 bare/sparse,NDMI,2023-09-11,-0.0195,0.056,2022-09-18,-0.0644,0.0449,-0.0333,0.0029,-0.0048,0.0663
p54a_10m,ndvi<0.3 bare/sparse,NDMI,2023-09-13,-0.0214,0.0541,2022-09-18,-0.0644,0.043,-0.022,0.0142,0.0065,0.0776
p54a_10m,ndvi<0.3 bare/sparse,NDMI,2023-09-28,-0.033,0.0425,2022-09-21,-0.0618,0.0288,-0.0311,0.0051,-0.003,0.0681
p54a_10m,ndvi<0.3 bare/sparse,BSI,2023-06-15,0.022,-0.0088,2022-06-20,-0.0041,0.0261,0.036,0.0329,0.0287,0.017
p54a_10m,ndvi<0.3 bare/sparse,BSI,2023-06-18,0.0064,-0.0244,2022-06-20,-0.0041,0.0105,0.0197,0.0166,0.0176,0.0059
p54a_10m,ndvi<0.3 bare/sparse,BSI,2023-06-20,0.0067,-0.0241,2022-06-20,-0.0041,0.0108,0.0136,0.0105,0.0174,0.0057
p54a_10m,ndvi<0.3 bare/sparse,BSI,2023-06-23,,,2022-06-20,-0.0041,,,,,
p54a_10m,ndvi<0.3 bare/sparse,BSI,2023-06-25,0.0249,-0.0059,2022-06-20,-0.0041,0.029,-0.0098,-0.0129,0.0304,0.0187
p54a_10m,ndvi<0.3 bare/sparse,BSI,2023-06-28,-0.0108,-0.0416,2022-07-03,-0.0408,0.03,,,0.0144,0.0027
p54a_10m,ndvi<0.3 bare/sparse,BSI,2023-06-30,0.0059,-0.0249,2022-07-03,-0.0408,0.0467,-0.0155,-0.0186,-0.0093,-0.021
p54a_10m,ndvi<0.3 bare/sparse,BSI,2023-07-03,0.0096,-0.0212,2022-07-03,-0.0408,0.0504,-0.0205,-0.0236,-0.0101,-0.0218
p54a_10m,ndvi<0.3 bare/sparse,BSI,2023-07-05,0.0148,-0.016,2022-07-03,-0.0408,0.0556,-0.0027,-0.0058,0.0048,-0.0069
p54a_10m,ndvi<0.3 bare/sparse,BSI,2023-07-08,0.0502,0.0194,2022-07-08,-0.0521,0.1023,0.0132,0.0101,-0.0036,-0.0153
p54a_10m,ndvi<0.3 bare/sparse,BSI,2023-07-15,-0.0162,-0.047,2022-07-18,-0.0488,0.0326,-0.0419,-0.045,,
p54a_10m,ndvi<0.3 bare/sparse,BSI,2023-07-25,-0.0146,-0.0454,2022-07-23,-0.0956,0.081,-0.015,-0.0181,-0.0384,-0.0501
p54a_10m,ndvi<0.3 bare/sparse,BSI,2023-07-30,-0.0352,-0.066,2022-07-23,-0.0956,0.0604,-0.0741,-0.0772,-0.0924,-0.1041
p54a_10m,ndvi<0.3 bare/sparse,BSI,2023-08-04,0.0013,-0.0295,2022-08-07,-0.0377,0.039,-0.0973,-0.1004,-0.0827,-0.0944
p54a_10m,ndvi<0.3 bare/sparse,BSI,2023-08-07,-0.0218,-0.0526,2022-08-07,-0.0377,0.0159,,,,
p54a_10m,ndvi<0.3 bare/sparse,BSI,2023-08-09,-0.0097,-0.0405,2022-08-09,-0.0086,-0.0011,-0.0339,-0.037,-0.0719,-0.0836
p54a_10m,ndvi<0.3 bare/sparse,BSI,2023-08-17,-0.0094,-0.0402,2022-08-24,0.0153,-0.0247,-0.0171,-0.0202,-0.0398,-0.0515
p54a_10m,ndvi<0.3 bare/sparse,BSI,2023-08-24,-0.006,-0.0368,2022-08-24,0.0153,-0.0213,-0.0126,-0.0157,-0.0377,-0.0494
p54a_10m,ndvi<0.3 bare/sparse,BSI,2023-08-27,-0.0012,-0.032,2022-08-24,0.0153,-0.0165,-0.0298,-0.0329,-0.0405,-0.0522
p54a_10m,ndvi<0.3 bare/sparse,BSI,2023-09-03,-0.0019,-0.0327,2022-08-24,0.0153,-0.0172,0.0,-0.0031,-0.0266,-0.0383
p54a_10m,ndvi<0.3 bare/sparse,BSI,2023-09-08,-0.015,-0.0458,2022-09-18,0.0267,-0.0417,-0.0263,-0.0294,-0.0663,-0.078
p54a_10m,ndvi<0.3 bare/sparse,BSI,2023-09-11,-0.0165,-0.0473,2022-09-18,0.0267,-0.0432,0.0055,0.0024,-0.0188,-0.0305
p54a_10m,ndvi<0.3 bare/sparse,BSI,2023-09-13,-0.0062,-0.037,2022-09-18,0.0267,-0.0329,-0.0015,-0.0046,-0.0258,-0.0375
p54a_10m,ndvi<0.3 bare/sparse,BSI,2023-09-28,0.0033,-0.0275,2022-09-21,0.0188,-0.0155,0.0119,0.0088,-0.0113,-0.023
p54a_10m,ndvi0.3-0.6 mixed,NDVI,2023-06-15,,,2022-06-20,0.0157,,,,,
p54a_10m,ndvi0.3-0.6 mixed,NDVI,2023-06-18,,,2022-06-20,0.0157,,,,,
p54a_10m,ndvi0.3-0.6 mixed,NDVI,2023-06-20,,,2022-06-20,0.0157,,,,,
p54a_10m,ndvi0.3-0.6 mixed,NDVI,2023-06-25,-0.0147,0.0347,2022-06-20,0.0157,-0.0304,-0.0273,0.0283,-0.2425,-0.2167
p54a_10m,ndvi0.3-0.6 mixed,NDVI,2023-06-28,,,2022-07-03,0.0596,,,,,
p54a_10m,ndvi0.3-0.6 mixed,NDVI,2023-06-30,-0.0402,0.0092,2022-07-03,0.0596,-0.0998,-0.0331,0.0225,-0.3119,-0.2861
p54a_10m,ndvi0.3-0.6 mixed,NDVI,2023-07-03,-0.0418,0.0076,2022-07-03,0.0596,-0.1014,-0.0148,0.0408,-0.3159,-0.2901
p54a_10m,ndvi0.3-0.6 mixed,NDVI,2023-07-05,,,2022-07-03,0.0596,,,,,
p54a_10m,ndvi0.3-0.6 mixed,NDVI,2023-07-08,-0.0282,0.0212,2022-07-08,0.0597,-0.0879,-0.0371,0.0185,-0.3207,-0.2949
p54a_10m,ndvi0.3-0.6 mixed,NDVI,2023-07-15,-0.0487,0.0007,2022-07-08,0.0597,-0.1084,-0.0185,0.0371,,
p54a_10m,ndvi0.3-0.6 mixed,NDVI,2023-07-25,,,,,,,,,
p54a_10m,ndvi0.3-0.6 mixed,NDVI,2023-07-30,-0.0414,0.008,2022-08-07,0.0306,-0.072,0.0122,0.0678,-0.1824,-0.1566
p54a_10m,ndvi0.3-0.6 mixed,NDVI,2023-08-04,-0.0483,0.0011,2022-08-07,0.0306,-0.0789,0.0164,0.072,-0.1809,-0.1551
p54a_10m,ndvi0.3-0.6 mixed,NDVI,2023-08-07,,,2022-08-07,0.0306,,,,,
p54a_10m,ndvi0.3-0.6 mixed,NDVI,2023-08-09,,,2022-08-09,0.0029,,,,,
p54a_10m,ndvi0.3-0.6 mixed,NDVI,2023-08-17,,,2022-08-09,0.0029,,,,,
p54a_10m,ndvi0.3-0.6 mixed,NDVI,2023-08-24,,,,,,,,,
p54a_10m,ndvi0.3-0.6 mixed,NDVI,2023-08-27,0.0085,0.0579,,,,-0.0281,0.0275,-0.1391,-0.1133
p54a_10m,ndvi0.3-0.6 mixed,NDVI,2023-09-03,,,,,,,,,
p54a_10m,ndvi0.3-0.6 mixed,NDVI,2023-09-08,-0.0115,0.0379,2022-09-18,0.0164,-0.0279,-0.0471,0.0085,-0.1324,-0.1066
p54a_10m,ndvi0.3-0.6 mixed,NDVI,2023-09-11,,,2022-09-18,0.0164,,,,,
p54a_10m,ndvi0.3-0.6 mixed,NDVI,2023-09-13,,,2022-09-18,0.0164,,,,,
p54a_10m,ndvi0.3-0.6 mixed,NDVI,2023-09-28,,,2022-09-21,0.0165,,,,,
p54a_10m,ndvi0.3-0.6 mixed,NDWI,2023-06-15,,,2022-06-20,0.0128,,,,,
p54a_10m,ndvi0.3-0.6 mixed,NDWI,2023-06-18,,,2022-06-20,0.0128,,,,,
p54a_10m,ndvi0.3-0.6 mixed,NDWI,2023-06-20,,,2022-06-20,0.0128,,,,,
p54a_10m,ndvi0.3-0.6 mixed,NDWI,2023-06-25,0.0257,-0.0066,2022-06-20,0.0128,0.0129,0.0351,0.0006,0.1977,0.1788
p54a_10m,ndvi0.3-0.6 mixed,NDWI,2023-06-28,,,2022-07-03,-0.0269,,,,,
p54a_10m,ndvi0.3-0.6 mixed,NDWI,2023-06-30,0.0335,0.0012,2022-07-03,-0.0269,0.0604,0.0394,0.0049,0.2469,0.228
p54a_10m,ndvi0.3-0.6 mixed,NDWI,2023-07-03,0.0273,-0.005,2022-07-03,-0.0269,0.0542,0.022,-0.0125,0.2443,0.2254
p54a_10m,ndvi0.3-0.6 mixed,NDWI,2023-07-05,,,2022-07-03,-0.0269,,,,,
p54a_10m,ndvi0.3-0.6 mixed,NDWI,2023-07-08,0.0141,-0.0182,2022-07-08,-0.0266,0.0407,0.041,0.0065,0.2712,0.2523
p54a_10m,ndvi0.3-0.6 mixed,NDWI,2023-07-15,0.0559,0.0236,2022-07-08,-0.0266,0.0825,0.0225,-0.012,,
p54a_10m,ndvi0.3-0.6 mixed,NDWI,2023-07-25,,,,,,,,,
p54a_10m,ndvi0.3-0.6 mixed,NDWI,2023-07-30,0.0274,-0.0049,2022-08-07,-0.022,0.0494,0.0112,-0.0233,0.1383,0.1194
p54a_10m,ndvi0.3-0.6 mixed,NDWI,2023-08-04,0.0218,-0.0105,2022-08-07,-0.022,0.0438,-0.0002,-0.0347,0.1381,0.1192
p54a_10m,ndvi0.3-0.6 mixed,NDWI,2023-08-07,,,2022-08-07,-0.022,,,,,
p54a_10m,ndvi0.3-0.6 mixed,NDWI,2023-08-09,,,2022-08-09,0.0047,,,,,
p54a_10m,ndvi0.3-0.6 mixed,NDWI,2023-08-17,,,2022-08-09,0.0047,,,,,
p54a_10m,ndvi0.3-0.6 mixed,NDWI,2023-08-24,,,,,,,,,
p54a_10m,ndvi0.3-0.6 mixed,NDWI,2023-08-27,-0.0136,-0.0459,,,,0.0186,-0.0159,0.1263,0.1074
p54a_10m,ndvi0.3-0.6 mixed,NDWI,2023-09-03,,,,,,,,,
p54a_10m,ndvi0.3-0.6 mixed,NDWI,2023-09-08,0.0231,-0.0092,2022-09-18,-0.0149,0.038,0.0368,0.0023,0.13,0.1111
p54a_10m,ndvi0.3-0.6 mixed,NDWI,2023-09-11,,,2022-09-18,-0.0149,,,,,
p54a_10m,ndvi0.3-0.6 mixed,NDWI,2023-09-13,,,2022-09-18,-0.0149,,,,,
p54a_10m,ndvi0.3-0.6 mixed,NDWI,2023-09-28,,,2022-09-21,-0.0166,,,,,
p54a_10m,ndvi0.3-0.6 mixed,MNDWI,2023-06-15,,,2022-06-20,-0.0599,,,,,
p54a_10m,ndvi0.3-0.6 mixed,MNDWI,2023-06-18,,,2022-06-20,-0.0599,,,,,
p54a_10m,ndvi0.3-0.6 mixed,MNDWI,2023-06-20,,,2022-06-20,-0.0599,,,,,
p54a_10m,ndvi0.3-0.6 mixed,MNDWI,2023-06-25,-0.0252,0.0109,2022-06-20,-0.0599,0.0347,-0.0377,0.0096,0.0618,0.0781
p54a_10m,ndvi0.3-0.6 mixed,MNDWI,2023-06-28,,,2022-07-03,-0.0487,,,,,
p54a_10m,ndvi0.3-0.6 mixed,MNDWI,2023-06-30,-0.0229,0.0132,2022-07-03,-0.0487,0.0258,-0.0292,0.0181,0.1124,0.1287
p54a_10m,ndvi0.3-0.6 mixed,MNDWI,2023-07-03,-0.0161,0.02,2022-07-03,-0.0487,0.0326,-0.0278,0.0195,0.126,0.1423
p54a_10m,ndvi0.3-0.6 mixed,MNDWI,2023-07-05,,,2022-07-03,-0.0487,,,,,
p54a_10m,ndvi0.3-0.6 mixed,MNDWI,2023-07-08,-0.0545,-0.0184,2022-07-08,-0.039,-0.0155,-0.0422,0.0051,0.141,0.1573
p54a_10m,ndvi0.3-0.6 mixed,MNDWI,2023-07-15,0.0065,0.0426,2022-07-08,-0.039,0.0455,-0.013,0.0343,,
p54a_10m,ndvi0.3-0.6 mixed,MNDWI,2023-07-25,,,,,,,,,
p54a_10m,ndvi0.3-0.6 mixed,MNDWI,2023-07-30,-0.0366,-0.0005,2022-08-07,-0.0449,0.0083,-0.0344,0.0129,0.0683,0.0846
p54a_10m,ndvi0.3-0.6 mixed,MNDWI,2023-08-04,-0.0365,-0.0004,2022-08-07,-0.0449,0.0084,-0.0221,0.0252,0.0903,0.1066
p54a_10m,ndvi0.3-0.6 mixed,MNDWI,2023-08-07,,,2022-08-07,-0.0449,,,,,
p54a_10m,ndvi0.3-0.6 mixed,MNDWI,2023-08-09,,,2022-08-09,-0.0193,,,,,
p54a_10m,ndvi0.3-0.6 mixed,MNDWI,2023-08-17,,,2022-08-09,-0.0193,,,,,
p54a_10m,ndvi0.3-0.6 mixed,MNDWI,2023-08-24,,,,,,,,,
p54a_10m,ndvi0.3-0.6 mixed,MNDWI,2023-08-27,-0.035,0.0011,,,,-0.0053,0.042,0.1028,0.1191
p54a_10m,ndvi0.3-0.6 mixed,MNDWI,2023-09-03,,,,,,,,,
p54a_10m,ndvi0.3-0.6 mixed,MNDWI,2023-09-08,0.0179,0.054,2022-09-18,-0.0252,0.0431,0.0272,0.0745,0.1239,0.1402
p54a_10m,ndvi0.3-0.6 mixed,MNDWI,2023-09-11,,,2022-09-18,-0.0252,,,,,
p54a_10m,ndvi0.3-0.6 mixed,MNDWI,2023-09-13,,,2022-09-18,-0.0252,,,,,
p54a_10m,ndvi0.3-0.6 mixed,MNDWI,2023-09-28,,,2022-09-21,-0.0197,,,,,
p54a_10m,ndvi0.3-0.6 mixed,NDMI,2023-06-15,,,2022-06-20,-0.1296,,,,,
p54a_10m,ndvi0.3-0.6 mixed,NDMI,2023-06-18,,,2022-06-20,-0.1296,,,,,
p54a_10m,ndvi0.3-0.6 mixed,NDMI,2023-06-20,,,2022-06-20,-0.1296,,,,,
p54a_10m,ndvi0.3-0.6 mixed,NDMI,2023-06-25,-0.0525,0.0408,2022-06-20,-0.1296,0.0771,-0.0645,0.0252,-0.1372,-0.1032
p54a_10m,ndvi0.3-0.6 mixed,NDMI,2023-06-28,,,2022-07-03,-0.0275,,,,,
p54a_10m,ndvi0.3-0.6 mixed,NDMI,2023-06-30,-0.056,0.0373,2022-07-03,-0.0275,-0.0285,-0.0641,0.0256,-0.1167,-0.0827
p54a_10m,ndvi0.3-0.6 mixed,NDMI,2023-07-03,-0.039,0.0543,2022-07-03,-0.0275,-0.0115,-0.0348,0.0549,-0.0979,-0.0639
p54a_10m,ndvi0.3-0.6 mixed,NDMI,2023-07-05,,,2022-07-03,-0.0275,,,,,
p54a_10m,ndvi0.3-0.6 mixed,NDMI,2023-07-08,-0.0708,0.0225,2022-07-08,-0.0227,-0.0481,-0.084,0.0057,-0.1012,-0.0672
p54a_10m,ndvi0.3-0.6 mixed,NDMI,2023-07-15,-0.0467,0.0466,2022-07-08,-0.0227,-0.024,-0.0228,0.0669,,
p54a_10m,ndvi0.3-0.6 mixed,NDMI,2023-07-25,,,,,,,,,
p54a_10m,ndvi0.3-0.6 mixed,NDMI,2023-07-30,-0.0741,0.0192,2022-08-07,-0.0112,-0.0629,-0.0381,0.0516,-0.0793,-0.0453
p54a_10m,ndvi0.3-0.6 mixed,NDMI,2023-08-04,-0.0689,0.0244,2022-08-07,-0.0112,-0.0577,0.0022,0.0919,-0.0536,-0.0196
p54a_10m,ndvi0.3-0.6 mixed,NDMI,2023-08-07,,,2022-08-07,-0.0112,,,,,
p54a_10m,ndvi0.3-0.6 mixed,NDMI,2023-08-09,,,2022-08-09,-0.0177,,,,,
p54a_10m,ndvi0.3-0.6 mixed,NDMI,2023-08-17,,,2022-08-09,-0.0177,,,,,
p54a_10m,ndvi0.3-0.6 mixed,NDMI,2023-08-24,,,,,,,,,
p54a_10m,ndvi0.3-0.6 mixed,NDMI,2023-08-27,-0.0064,0.0869,,,,0.0047,0.0944,0.0377,0.0717
p54a_10m,ndvi0.3-0.6 mixed,NDMI,2023-09-03,,,,,,,,,
p54a_10m,ndvi0.3-0.6 mixed,NDMI,2023-09-08,0.0088,0.1021,2022-09-18,-0.0257,0.0345,0.0142,0.1039,0.0733,0.1073
p54a_10m,ndvi0.3-0.6 mixed,NDMI,2023-09-11,,,2022-09-18,-0.0257,,,,,
p54a_10m,ndvi0.3-0.6 mixed,NDMI,2023-09-13,,,2022-09-18,-0.0257,,,,,
p54a_10m,ndvi0.3-0.6 mixed,NDMI,2023-09-28,,,2022-09-21,-0.0183,,,,,
p54a_10m,ndvi0.3-0.6 mixed,BSI,2023-06-15,,,2022-06-20,0.0767,,,,,
p54a_10m,ndvi0.3-0.6 mixed,BSI,2023-06-18,,,2022-06-20,0.0767,,,,,
p54a_10m,ndvi0.3-0.6 mixed,BSI,2023-06-20,,,2022-06-20,0.0767,,,,,
p54a_10m,ndvi0.3-0.6 mixed,BSI,2023-06-25,0.0267,-0.047,2022-06-20,0.0767,-0.05,0.0395,-0.0336,0.0879,0.0607
p54a_10m,ndvi0.3-0.6 mixed,BSI,2023-06-28,,,2022-07-03,-0.0047,,,,,
p54a_10m,ndvi0.3-0.6 mixed,BSI,2023-06-30,0.0335,-0.0402,2022-07-03,-0.0047,0.0382,0.0362,-0.0369,0.0856,0.0584
p54a_10m,ndvi0.3-0.6 mixed,BSI,2023-07-03,0.0255,-0.0482,2022-07-03,-0.0047,0.0302,0.0181,-0.055,0.0715,0.0443
p54a_10m,ndvi0.3-0.6 mixed,BSI,2023-07-05,,,2022-07-03,-0.0047,,,,,
p54a_10m,ndvi0.3-0.6 mixed,BSI,2023-07-08,0.0533,-0.0204,2022-07-08,-0.0097,0.063,0.0522,-0.0209,0.0703,0.0431
p54a_10m,ndvi0.3-0.6 mixed,BSI,2023-07-15,0.0192,-0.0545,2022-07-08,-0.0097,0.0289,0.0095,-0.0636,,
p54a_10m,ndvi0.3-0.6 mixed,BSI,2023-07-25,,,,,,,,,
p54a_10m,ndvi0.3-0.6 mixed,BSI,2023-07-30,0.0528,-0.0209,2022-08-07,0.0006,0.0522,0.0179,-0.0552,0.0526,0.0254
p54a_10m,ndvi0.3-0.6 mixed,BSI,2023-08-04,0.0595,-0.0142,2022-08-07,0.0006,0.0589,-0.0074,-0.0805,0.0413,0.0141
p54a_10m,ndvi0.3-0.6 mixed,BSI,2023-08-07,,,2022-08-07,0.0006,,,,,
p54a_10m,ndvi0.3-0.6 mixed,BSI,2023-08-09,,,2022-08-09,-0.002,,,,,
p54a_10m,ndvi0.3-0.6 mixed,BSI,2023-08-17,,,2022-08-09,-0.002,,,,,
p54a_10m,ndvi0.3-0.6 mixed,BSI,2023-08-24,,,,,,,,,
p54a_10m,ndvi0.3-0.6 mixed,BSI,2023-08-27,0.0093,-0.0644,,,,0.0049,-0.0682,-0.0113,-0.0385
p54a_10m,ndvi0.3-0.6 mixed,BSI,2023-09-03,,,,,,,,,
p54a_10m,ndvi0.3-0.6 mixed,BSI,2023-09-08,-0.0231,-0.0968,2022-09-18,0.0147,-0.0378,-0.0092,-0.0823,-0.06,-0.0872
p54a_10m,ndvi0.3-0.6 mixed,BSI,2023-09-11,,,2022-09-18,0.0147,,,,,
p54a_10m,ndvi0.3-0.6 mixed,BSI,2023-09-13,,,2022-09-18,0.0147,,,,,
p54a_10m,ndvi0.3-0.6 mixed,BSI,2023-09-28,,,2022-09-21,0.0091,,,,,
p54a_10m,ndvi>0.6 canopy,NDVI,2023-06-15,,,2022-06-20,0.1666,,,,,
p54a_10m,ndvi>0.6 canopy,NDVI,2023-06-18,,,2022-06-20,0.1666,,,,,
p54a_10m,ndvi>0.6 canopy,NDVI,2023-06-20,,,2022-06-20,0.1666,,,,,
p54a_10m,ndvi>0.6 canopy,NDVI,2023-06-23,,,2022-06-20,0.1666,,,,,
p54a_10m,ndvi>0.6 canopy,NDVI,2023-06-25,0.0578,0.0398,2022-06-20,0.1666,-0.1088,0.0871,0.0536,-0.447,-0.4864
p54a_10m,ndvi>0.6 canopy,NDVI,2023-06-28,,,2022-07-03,0.1481,,,,,
p54a_10m,ndvi>0.6 canopy,NDVI,2023-06-30,0.0521,0.0341,2022-07-03,0.1481,-0.096,0.0563,0.0228,-0.4671,-0.5065
p54a_10m,ndvi>0.6 canopy,NDVI,2023-07-03,0.0692,0.0512,2022-07-03,0.1481,-0.0789,0.0875,0.054,-0.4787,-0.5181
p54a_10m,ndvi>0.6 canopy,NDVI,2023-07-05,,,2022-07-03,0.1481,,,,,
p54a_10m,ndvi>0.6 canopy,NDVI,2023-07-08,0.0882,0.0702,2022-07-08,0.1571,-0.0689,0.0731,0.0396,-0.4738,-0.5132
p54a_10m,ndvi>0.6 canopy,NDVI,2023-07-15,0.0605,0.0425,2022-07-08,0.1571,-0.0966,0.1106,0.0771,-0.4069,-0.4463
p54a_10m,ndvi>0.6 canopy,NDVI,2023-07-25,,,,,,,,,
p54a_10m,ndvi>0.6 canopy,NDVI,2023-07-30,0.0941,0.0761,2022-08-07,0.1785,-0.0844,0.1346,0.1011,-0.3911,-0.4305
p54a_10m,ndvi>0.6 canopy,NDVI,2023-08-04,0.1164,0.0984,2022-08-07,0.1785,-0.0621,0.1432,0.1097,-0.3195,-0.3589
p54a_10m,ndvi>0.6 canopy,NDVI,2023-08-07,,,2022-08-07,0.1785,,,,,
p54a_10m,ndvi>0.6 canopy,NDVI,2023-08-09,,,2022-08-09,0.1702,,,,,
p54a_10m,ndvi>0.6 canopy,NDVI,2023-08-17,,,2022-08-09,0.1702,,,,,
p54a_10m,ndvi>0.6 canopy,NDVI,2023-08-24,,,,,,,,,
p54a_10m,ndvi>0.6 canopy,NDVI,2023-08-27,0.2215,0.2035,,,,0.2176,0.1841,-0.0474,-0.0868
p54a_10m,ndvi>0.6 canopy,NDVI,2023-09-03,,,,,,,,,
p54a_10m,ndvi>0.6 canopy,NDVI,2023-09-08,0.1563,0.1383,2022-09-18,0.1428,0.0135,0.1885,0.155,-0.0103,-0.0497
p54a_10m,ndvi>0.6 canopy,NDVI,2023-09-11,,,2022-09-18,0.1428,,,,,
p54a_10m,ndvi>0.6 canopy,NDVI,2023-09-13,,,2022-09-18,0.1428,,,,,
p54a_10m,ndvi>0.6 canopy,NDVI,2023-09-28,,,2022-09-21,0.1462,,,,,
p54a_10m,ndvi>0.6 canopy,NDWI,2023-06-15,,,2022-06-20,-0.0916,,,,,
p54a_10m,ndvi>0.6 canopy,NDWI,2023-06-18,,,2022-06-20,-0.0916,,,,,
p54a_10m,ndvi>0.6 canopy,NDWI,2023-06-20,,,2022-06-20,-0.0916,,,,,
p54a_10m,ndvi>0.6 canopy,NDWI,2023-06-23,,,2022-06-20,-0.0916,,,,,
p54a_10m,ndvi>0.6 canopy,NDWI,2023-06-25,-0.0344,-0.0261,2022-06-20,-0.0916,0.0572,-0.0684,-0.044,0.3258,0.3387
p54a_10m,ndvi>0.6 canopy,NDWI,2023-06-28,,,2022-07-03,-0.087,,,,,
p54a_10m,ndvi>0.6 canopy,NDWI,2023-06-30,-0.0303,-0.022,2022-07-03,-0.087,0.0567,-0.0399,-0.0155,0.32,0.3329
p54a_10m,ndvi>0.6 canopy,NDWI,2023-07-03,-0.0479,-0.0396,2022-07-03,-0.087,0.0391,-0.0653,-0.0409,0.3401,0.353
p54a_10m,ndvi>0.6 canopy,NDWI,2023-07-05,,,2022-07-03,-0.087,,,,,
p54a_10m,ndvi>0.6 canopy,NDWI,2023-07-08,-0.0674,-0.0591,2022-07-08,-0.0891,0.0217,-0.0554,-0.031,0.3531,0.366
p54a_10m,ndvi>0.6 canopy,NDWI,2023-07-15,-0.0323,-0.024,2022-07-08,-0.0891,0.0568,-0.0768,-0.0524,0.2985,0.3114
p54a_10m,ndvi>0.6 canopy,NDWI,2023-07-25,,,,,,,,,
p54a_10m,ndvi>0.6 canopy,NDWI,2023-07-30,-0.0665,-0.0582,2022-08-07,-0.1142,0.0477,-0.1044,-0.08,0.2899,0.3028
p54a_10m,ndvi>0.6 canopy,NDWI,2023-08-04,-0.0911,-0.0828,2022-08-07,-0.1142,0.0231,-0.1154,-0.091,0.2348,0.2477
p54a_10m,ndvi>0.6 canopy,NDWI,2023-08-07,,,2022-08-07,-0.1142,,,,,
p54a_10m,ndvi>0.6 canopy,NDWI,2023-08-09,,,2022-08-09,-0.1006,,,,,
p54a_10m,ndvi>0.6 canopy,NDWI,2023-08-17,,,2022-08-09,-0.1006,,,,,
p54a_10m,ndvi>0.6 canopy,NDWI,2023-08-24,,,,,,,,,
p54a_10m,ndvi>0.6 canopy,NDWI,2023-08-27,-0.1388,-0.1305,,,,-0.1443,-0.1199,0.0746,0.0875
p54a_10m,ndvi>0.6 canopy,NDWI,2023-09-03,,,,,,,,,
p54a_10m,ndvi>0.6 canopy,NDWI,2023-09-08,-0.0715,-0.0632,2022-09-18,-0.0859,0.0144,-0.1008,-0.0764,0.0522,0.0651
p54a_10m,ndvi>0.6 canopy,NDWI,2023-09-11,,,2022-09-18,-0.0859,,,,,
p54a_10m,ndvi>0.6 canopy,NDWI,2023-09-13,,,2022-09-18,-0.0859,,,,,
p54a_10m,ndvi>0.6 canopy,NDWI,2023-09-28,,,2022-09-21,-0.0901,,,,,
p54a_10m,ndvi>0.6 canopy,MNDWI,2023-06-15,,,2022-06-20,-0.0144,,,,,
p54a_10m,ndvi>0.6 canopy,MNDWI,2023-06-18,,,2022-06-20,-0.0144,,,,,
p54a_10m,ndvi>0.6 canopy,MNDWI,2023-06-20,,,2022-06-20,-0.0144,,,,,
p54a_10m,ndvi>0.6 canopy,MNDWI,2023-06-23,,,2022-06-20,-0.0144,,,,,
p54a_10m,ndvi>0.6 canopy,MNDWI,2023-06-25,0.0087,0.0325,2022-06-20,-0.0144,0.0231,-0.0178,0.0057,0.1439,0.1019
p54a_10m,ndvi>0.6 canopy,MNDWI,2023-06-28,,,2022-07-03,0.0042,,,,,
p54a_10m,ndvi>0.6 canopy,MNDWI,2023-06-30,0.0175,0.0413,2022-07-03,0.0042,0.0133,-0.0082,0.0153,0.1302,0.0882
p54a_10m,ndvi>0.6 canopy,MNDWI,2023-07-03,0.0151,0.0389,2022-07-03,0.0042,0.0109,-0.0106,0.0129,0.152,0.11
p54a_10m,ndvi>0.6 canopy,MNDWI,2023-07-05,,,2022-07-03,0.0042,,,,,
p54a_10m,ndvi>0.6 canopy,MNDWI,2023-07-08,-0.0116,0.0122,2022-07-08,0.02,-0.0316,-0.0066,0.0169,0.1667,0.1247
p54a_10m,ndvi>0.6 canopy,MNDWI,2023-07-15,0.0545,0.0783,2022-07-08,0.02,0.0345,-0.0058,0.0177,0.123,0.081
p54a_10m,ndvi>0.6 canopy,MNDWI,2023-07-25,,,,,,,,,
p54a_10m,ndvi>0.6 canopy,MNDWI,2023-07-30,0.0005,0.0243,2022-08-07,0.0068,-0.0063,-0.0268,-0.0033,0.1254,0.0834
p54a_10m,ndvi>0.6 canopy,MNDWI,2023-08-04,-0.0065,0.0173,2022-08-07,0.0068,-0.0133,-0.0219,0.0016,0.1248,0.0828
p54a_10m,ndvi>0.6 canopy,MNDWI,2023-08-07,,,2022-08-07,0.0068,,,,,
p54a_10m,ndvi>0.6 canopy,MNDWI,2023-08-09,,,2022-08-09,0.019,,,,,
p54a_10m,ndvi>0.6 canopy,MNDWI,2023-08-17,,,2022-08-09,0.019,,,,,
p54a_10m,ndvi>0.6 canopy,MNDWI,2023-08-24,,,,,,,,,
p54a_10m,ndvi>0.6 canopy,MNDWI,2023-08-27,-0.0147,0.0091,,,,-0.0162,0.0073,0.1346,0.0926
p54a_10m,ndvi>0.6 canopy,MNDWI,2023-09-03,,,,,,,,,
p54a_10m,ndvi>0.6 canopy,MNDWI,2023-09-08,0.06,0.0838,2022-09-18,0.0086,0.0514,0.0277,0.0512,0.149,0.107
p54a_10m,ndvi>0.6 canopy,MNDWI,2023-09-11,,,2022-09-18,0.0086,,,,,
p54a_10m,ndvi>0.6 canopy,MNDWI,2023-09-13,,,2022-09-18,0.0086,,,,,
p54a_10m,ndvi>0.6 canopy,MNDWI,2023-09-28,,,2022-09-21,0.0125,,,,,
p54a_10m,ndvi>0.6 canopy,NDMI,2023-06-15,,,2022-06-20,0.141,,,,,
p54a_10m,ndvi>0.6 canopy,NDMI,2023-06-18,,,2022-06-20,0.141,,,,,
p54a_10m,ndvi>0.6 canopy,NDMI,2023-06-20,,,2022-06-20,0.141,,,,,
p54a_10m,ndvi>0.6 canopy,NDMI,2023-06-23,,,2022-06-20,0.141,,,,,
p54a_10m,ndvi>0.6 canopy,NDMI,2023-06-25,0.0556,0.0726,2022-06-20,0.141,-0.0854,0.0701,0.0591,-0.2218,-0.2931
p54a_10m,ndvi>0.6 canopy,NDMI,2023-06-28,,,2022-07-03,0.2201,,,,,
p54a_10m,ndvi>0.6 canopy,NDMI,2023-06-30,0.0961,0.1131,2022-07-03,0.2201,-0.124,0.0857,0.0747,-0.232,-0.3033
p54a_10m,ndvi>0.6 canopy,NDMI,2023-07-03,0.1228,0.1398,2022-07-03,0.2201,-0.0973,0.1268,0.1158,-0.2164,-0.2877
p54a_10m,ndvi>0.6 canopy,NDMI,2023-07-05,,,2022-07-03,0.2201,,,,,
p54a_10m,ndvi>0.6 canopy,NDMI,2023-07-08,0.1104,0.1274,2022-07-08,0.2227,-0.1123,0.1015,0.0905,-0.199,-0.2703
p54a_10m,ndvi>0.6 canopy,NDMI,2023-07-15,0.1305,0.1475,2022-07-08,0.2227,-0.0922,0.1399,0.1289,-0.193,-0.2643
p54a_10m,ndvi>0.6 canopy,NDMI,2023-07-25,,,,,,,,,
p54a_10m,ndvi>0.6 canopy,NDMI,2023-07-30,0.1319,0.1489,2022-08-07,0.2475,-0.1156,0.1857,0.1747,-0.1528,-0.2241
p54a_10m,ndvi>0.6 canopy,NDMI,2023-08-04,0.1507,0.1677,2022-08-07,0.2475,-0.0968,0.1849,0.1739,-0.1091,-0.1804
p54a_10m,ndvi>0.6 canopy,NDMI,2023-08-07,,,2022-08-07,0.2475,,,,,
p54a_10m,ndvi>0.6 canopy,NDMI,2023-08-09,,,2022-08-09,0.2289,,,,,
p54a_10m,ndvi>0.6 canopy,NDMI,2023-08-17,,,2022-08-09,0.2289,,,,,
p54a_10m,ndvi>0.6 canopy,NDMI,2023-08-24,,,,,,,,,
p54a_10m,ndvi>0.6 canopy,NDMI,2023-08-27,0.2012,0.2182,,,,0.1933,0.1823,0.0826,0.0113
p54a_10m,ndvi>0.6 canopy,NDMI,2023-09-03,,,,,,,,,
p54a_10m,ndvi>0.6 canopy,NDMI,2023-09-08,0.2027,0.2197,2022-09-18,0.1946,0.0081,0.1954,0.1844,0.1263,0.055
p54a_10m,ndvi>0.6 canopy,NDMI,2023-09-11,,,2022-09-18,0.1946,,,,,
p54a_10m,ndvi>0.6 canopy,NDMI,2023-09-13,,,2022-09-18,0.1946,,,,,
p54a_10m,ndvi>0.6 canopy,NDMI,2023-09-28,,,2022-09-21,0.1922,,,,,
p54a_10m,ndvi>0.6 canopy,BSI,2023-06-15,,,2022-06-20,-0.1706,,,,,
p54a_10m,ndvi>0.6 canopy,BSI,2023-06-18,,,2022-06-20,-0.1706,,,,,
p54a_10m,ndvi>0.6 canopy,BSI,2023-06-20,,,2022-06-20,-0.1706,,,,,
p54a_10m,ndvi>0.6 canopy,BSI,2023-06-23,,,2022-06-20,-0.1706,,,,,
p54a_10m,ndvi>0.6 canopy,BSI,2023-06-25,-0.0612,-0.0652,2022-06-20,-0.1706,0.1094,-0.0697,-0.0465,0.1968,0.27
p54a_10m,ndvi>0.6 canopy,BSI,2023-06-28,,,2022-07-03,-0.2146,,,,,
p54a_10m,ndvi>0.6 canopy,BSI,2023-06-30,-0.0966,-0.1006,2022-07-03,-0.2146,0.118,-0.0892,-0.066,0.2148,0.288
p54a_10m,ndvi>0.6 canopy,BSI,2023-07-03,-0.1199,-0.1239,2022-07-03,-0.2146,0.0947,-0.127,-0.1038,0.2008,0.274
p54a_10m,ndvi>0.6 canopy,BSI,2023-07-05,,,2022-07-03,-0.2146,,,,,
p54a_10m,ndvi>0.6 canopy,BSI,2023-07-08,-0.1112,-0.1152,2022-07-08,-0.2143,0.1031,-0.103,-0.0798,0.1809,0.2541
p54a_10m,ndvi>0.6 canopy,BSI,2023-07-15,-0.1262,-0.1302,2022-07-08,-0.2143,0.0881,-0.1353,-0.1121,0.1765,0.2497
p54a_10m,ndvi>0.6 canopy,BSI,2023-07-25,,,,,,,,,
p54a_10m,ndvi>0.6 canopy,BSI,2023-07-30,-0.1297,-0.1337,2022-08-07,-0.2369,0.1072,-0.1868,-0.1636,0.141,0.2142
p54a_10m,ndvi>0.6 canopy,BSI,2023-08-04,-0.1467,-0.1507,2022-08-07,-0.2369,0.0902,-0.1826,-0.1594,0.0988,0.172
p54a_10m,ndvi>0.6 canopy,BSI,2023-08-07,,,2022-08-07,-0.2369,,,,,
p54a_10m,ndvi>0.6 canopy,BSI,2023-08-09,,,2022-08-09,-0.2185,,,,,
p54a_10m,ndvi>0.6 canopy,BSI,2023-08-17,,,2022-08-09,-0.2185,,,,,
p54a_10m,ndvi>0.6 canopy,BSI,2023-08-24,,,,,,,,,
p54a_10m,ndvi>0.6 canopy,BSI,2023-08-27,-0.1808,-0.1848,,,,-0.1725,-0.1493,-0.0546,0.0186
p54a_10m,ndvi>0.6 canopy,BSI,2023-09-03,,,,,,,,,
p54a_10m,ndvi>0.6 canopy,BSI,2023-09-08,-0.201,-0.205,2022-09-18,-0.1882,-0.0128,-0.1916,-0.1684,-0.1126,-0.0394
p54a_10m,ndvi>0.6 canopy,BSI,2023-09-11,,,2022-09-18,-0.1882,,,,,
p54a_10m,ndvi>0.6 canopy,BSI,2023-09-13,,,2022-09-18,-0.1882,,,,,
p54a_10m,ndvi>0.6 canopy,BSI,2023-09-28,,,2022-09-21,-0.184,,,,,
p54a_10m,trees unburnt,NDVI,2023-06-15,,,2022-06-20,0.0189,,,,,
p54a_10m,trees unburnt,NDVI,2023-06-18,,,2022-06-20,0.0189,,,,,
p54a_10m,trees unburnt,NDVI,2023-06-20,,,2022-06-20,0.0189,,,,,
p54a_10m,trees unburnt,NDVI,2023-06-25,0.027,0.0353,2022-06-20,0.0189,0.0081,0.0548,0.0368,-0.5163,-0.5612
p54a_10m,trees unburnt,NDVI,2023-06-28,,,2022-07-03,0.0191,,,,,
p54a_10m,trees unburnt,NDVI,2023-06-30,-0.0139,-0.0056,2022-07-03,0.0191,-0.033,0.0095,-0.0085,-0.5405,-0.5854
p54a_10m,trees unburnt,NDVI,2023-07-03,-0.003,0.0053,2022-07-03,0.0191,-0.0221,0.0239,0.0059,-0.5753,-0.6202
p54a_10m,trees unburnt,NDVI,2023-07-05,,,2022-07-03,0.0191,,,,,
p54a_10m,trees unburnt,NDVI,2023-07-08,0.0035,0.0118,2022-07-08,0.0238,-0.0203,0.0049,-0.0131,-0.5706,-0.6155
p54a_10m,trees unburnt,NDVI,2023-07-15,-0.02,-0.0117,2022-07-08,0.0238,-0.0438,0.0536,0.0356,,
p54a_10m,trees unburnt,NDVI,2023-07-25,,,,,,,,,
p54a_10m,trees unburnt,NDVI,2023-07-30,-0.0123,-0.004,2022-08-07,0.0176,-0.0299,0.0404,0.0224,-0.511,-0.5559
p54a_10m,trees unburnt,NDVI,2023-08-04,-0.0168,-0.0085,2022-08-07,0.0176,-0.0344,0.0207,0.0027,-0.5469,-0.5918
p54a_10m,trees unburnt,NDVI,2023-08-07,,,2022-08-07,0.0176,,,,,
p54a_10m,trees unburnt,NDVI,2023-08-09,,,2022-08-09,0.0129,,,,,
p54a_10m,trees unburnt,NDVI,2023-08-17,,,2022-08-09,0.0129,,,,,
p54a_10m,trees unburnt,NDVI,2023-08-24,,,,,,,,,
p54a_10m,trees unburnt,NDVI,2023-08-27,0.0056,0.0139,,,,0.0257,0.0077,-0.4272,-0.4721
p54a_10m,trees unburnt,NDVI,2023-09-03,,,,,,,,,
p54a_10m,trees unburnt,NDVI,2023-09-08,-0.0927,-0.0844,2022-09-18,0.0108,-0.1035,-0.0154,-0.0334,-0.3774,-0.4223
p54a_10m,trees unburnt,NDVI,2023-09-11,,,2022-09-18,0.0108,,,,,
p54a_10m,trees unburnt,NDVI,2023-09-13,,,2022-09-18,0.0108,,,,,
p54a_10m,trees unburnt,NDVI,2023-09-28,,,2022-09-21,-0.0082,,,,,
p54a_10m,trees unburnt,NDWI,2023-06-15,,,2022-06-20,-0.0149,,,,,
p54a_10m,trees unburnt,NDWI,2023-06-18,,,2022-06-20,-0.0149,,,,,
p54a_10m,trees unburnt,NDWI,2023-06-20,,,2022-06-20,-0.0149,,,,,
p54a_10m,trees unburnt,NDWI,2023-06-25,-0.015,-0.0143,2022-06-20,-0.0149,-0.0001,-0.0415,-0.0246,0.3927,0.4231
p54a_10m,trees unburnt,NDWI,2023-06-28,,,2022-07-03,-0.0179,,,,,
p54a_10m,trees unburnt,NDWI,2023-06-30,0.0074,0.0081,2022-07-03,-0.0179,0.0253,-0.0118,0.0051,0.3787,0.4091
p54a_10m,trees unburnt,NDWI,2023-07-03,-0.0046,-0.0039,2022-07-03,-0.0179,0.0133,-0.0226,-0.0057,0.4139,0.4443
p54a_10m,trees unburnt,NDWI,2023-07-05,,,2022-07-03,-0.0179,,,,,
p54a_10m,trees unburnt,NDWI,2023-07-08,-0.0146,-0.0139,2022-07-08,-0.0183,0.0037,-0.0081,0.0088,0.4211,0.4515
p54a_10m,trees unburnt,NDWI,2023-07-15,0.0063,0.007,2022-07-08,-0.0183,0.0246,-0.0571,-0.0402,,
p54a_10m,trees unburnt,NDWI,2023-07-25,,,,,,,,,
p54a_10m,trees unburnt,NDWI,2023-07-30,-0.0017,-0.001,2022-08-07,-0.0211,0.0194,-0.0407,-0.0238,0.3603,0.3907
p54a_10m,trees unburnt,NDWI,2023-08-04,-0.0032,-0.0025,2022-08-07,-0.0211,0.0179,-0.0265,-0.0096,0.3954,0.4258
p54a_10m,trees unburnt,NDWI,2023-08-07,,,2022-08-07,-0.0211,,,,,
p54a_10m,trees unburnt,NDWI,2023-08-09,,,2022-08-09,-0.0144,,,,,
p54a_10m,trees unburnt,NDWI,2023-08-17,,,2022-08-09,-0.0144,,,,,
p54a_10m,trees unburnt,NDWI,2023-08-24,,,,,,,,,
p54a_10m,trees unburnt,NDWI,2023-08-27,-0.0201,-0.0194,,,,-0.0349,-0.018,0.3192,0.3496
p54a_10m,trees unburnt,NDWI,2023-09-03,,,,,,,,,
p54a_10m,trees unburnt,NDWI,2023-09-08,0.0537,0.0544,2022-09-18,-0.0175,0.0712,-0.0014,0.0155,0.2755,0.3059
p54a_10m,trees unburnt,NDWI,2023-09-11,,,2022-09-18,-0.0175,,,,,
p54a_10m,trees unburnt,NDWI,2023-09-13,,,2022-09-18,-0.0175,,,,,
p54a_10m,trees unburnt,NDWI,2023-09-28,,,2022-09-21,-0.0038,,,,,
p54a_10m,trees unburnt,MNDWI,2023-06-15,,,2022-06-20,-0.0005,,,,,
p54a_10m,trees unburnt,MNDWI,2023-06-18,,,2022-06-20,-0.0005,,,,,
p54a_10m,trees unburnt,MNDWI,2023-06-20,,,2022-06-20,-0.0005,,,,,
p54a_10m,trees unburnt,MNDWI,2023-06-25,0.0054,0.0087,2022-06-20,-0.0005,0.0059,-0.022,-0.0226,0.1837,0.1424
p54a_10m,trees unburnt,MNDWI,2023-06-28,,,2022-07-03,0.0017,,,,,
p54a_10m,trees unburnt,MNDWI,2023-06-30,0.01,0.0133,2022-07-03,0.0017,0.0083,-0.0023,-0.0029,0.1554,0.1141
p54a_10m,trees unburnt,MNDWI,2023-07-03,0.0076,0.0109,2022-07-03,0.0017,0.0059,-0.0052,-0.0058,0.1773,0.136
p54a_10m,trees unburnt,MNDWI,2023-07-05,,,2022-07-03,0.0017,,,,,
p54a_10m,trees unburnt,MNDWI,2023-07-08,-0.0063,-0.003,2022-07-08,0.0026,-0.0089,0.009,0.0084,0.1828,0.1415
p54a_10m,trees unburnt,MNDWI,2023-07-15,0.0406,0.0439,2022-07-08,0.0026,0.038,-0.0241,-0.0247,,
p54a_10m,trees unburnt,MNDWI,2023-07-25,,,,,,,,,
p54a_10m,trees unburnt,MNDWI,2023-07-30,-0.011,-0.0077,2022-08-07,0.0036,-0.0146,-0.0299,-0.0305,0.1073,0.066
p54a_10m,trees unburnt,MNDWI,2023-08-04,-0.0112,-0.0079,2022-08-07,0.0036,-0.0148,-0.0107,-0.0113,0.1592,0.1179
p54a_10m,trees unburnt,MNDWI,2023-08-07,,,2022-08-07,0.0036,,,,,
p54a_10m,trees unburnt,MNDWI,2023-08-09,,,2022-08-09,0.0132,,,,,
p54a_10m,trees unburnt,MNDWI,2023-08-17,,,2022-08-09,0.0132,,,,,
p54a_10m,trees unburnt,MNDWI,2023-08-24,,,,,,,,,
p54a_10m,trees unburnt,MNDWI,2023-08-27,-0.0195,-0.0162,,,,-0.0264,-0.027,0.1605,0.1192
p54a_10m,trees unburnt,MNDWI,2023-09-03,,,,,,,,,
p54a_10m,trees unburnt,MNDWI,2023-09-08,0.0333,0.0366,2022-09-18,0.0023,0.031,0.0011,0.0005,0.141,0.0997
p54a_10m,trees unburnt,MNDWI,2023-09-11,,,2022-09-18,0.0023,,,,,
p54a_10m,trees unburnt,MNDWI,2023-09-13,,,2022-09-18,0.0023,,,,,
p54a_10m,trees unburnt,MNDWI,2023-09-28,,,2022-09-21,0.0094,,,,,
p54a_10m,trees unburnt,NDMI,2023-06-15,,,2022-06-20,0.0434,,,,,
p54a_10m,trees unburnt,NDMI,2023-06-18,,,2022-06-20,0.0434,,,,,
p54a_10m,trees unburnt,NDMI,2023-06-20,,,2022-06-20,0.0434,,,,,
p54a_10m,trees unburnt,NDMI,2023-06-25,0.0249,0.0259,2022-06-20,0.0434,-0.0185,0.0185,-0.0169,-0.2706,-0.377
p54a_10m,trees unburnt,NDMI,2023-06-28,,,2022-07-03,0.0506,,,,,
p54a_10m,trees unburnt,NDMI,2023-06-30,0.0159,0.0169,2022-07-03,0.0506,-0.0347,0.0216,-0.0138,-0.2972,-0.4036
p54a_10m,trees unburnt,NDMI,2023-07-03,0.0249,0.0259,2022-07-03,0.0506,-0.0257,0.0366,0.0012,-0.3095,-0.4159
p54a_10m,trees unburnt,NDMI,2023-07-05,,,2022-07-03,0.0506,,,,,
p54a_10m,trees unburnt,NDMI,2023-07-08,0.018,0.019,2022-07-08,0.0519,-0.0339,0.0146,-0.0208,-0.2966,-0.403
p54a_10m,trees unburnt,NDMI,2023-07-15,0.0313,0.0323,2022-07-08,0.0519,-0.0206,0.0489,0.0135,,
p54a_10m,trees unburnt,NDMI,2023-07-25,,,,,,,,,
p54a_10m,trees unburnt,NDMI,2023-07-30,0.002,0.003,2022-08-07,0.0514,-0.0494,0.0604,0.025,-0.3028,-0.4092
p54a_10m,trees unburnt,NDMI,2023-08-04,-0.0085,-0.0075,2022-08-07,0.0514,-0.0599,0.0376,0.0022,-0.2677,-0.3741
p54a_10m,trees unburnt,NDMI,2023-08-07,,,2022-08-07,0.0514,,,,,
p54a_10m,trees unburnt,NDMI,2023-08-09,,,2022-08-09,0.0437,,,,,
p54a_10m,trees unburnt,NDMI,2023-08-17,,,2022-08-09,0.0437,,,,,
p54a_10m,trees unburnt,NDMI,2023-08-24,,,,,,,,,
p54a_10m,trees unburnt,NDMI,2023-08-27,-0.0046,-0.0036,,,,0.0089,-0.0265,-0.125,-0.2314
p54a_10m,trees unburnt,NDMI,2023-09-03,,,,,,,,,
p54a_10m,trees unburnt,NDMI,2023-09-08,-0.0249,-0.0239,2022-09-18,0.0362,-0.0611,-0.0113,-0.0467,-0.1019,-0.2083
p54a_10m,trees unburnt,NDMI,2023-09-11,,,2022-09-18,0.0362,,,,,
p54a_10m,trees unburnt,NDMI,2023-09-13,,,2022-09-18,0.0362,,,,,
p54a_10m,trees unburnt,NDMI,2023-09-28,,,2022-09-21,0.0057,,,,,
p54a_10m,trees unburnt,BSI,2023-06-15,,,2022-06-20,-0.0397,,,,,
p54a_10m,trees unburnt,BSI,2023-06-18,,,2022-06-20,-0.0397,,,,,
p54a_10m,trees unburnt,BSI,2023-06-20,,,2022-06-20,-0.0397,,,,,
p54a_10m,trees unburnt,BSI,2023-06-25,-0.0221,-0.0239,2022-06-20,-0.0397,0.0176,-0.0123,0.0234,0.2411,0.3404
p54a_10m,trees unburnt,BSI,2023-06-28,,,2022-07-03,-0.0463,,,,,
p54a_10m,trees unburnt,BSI,2023-06-30,-0.0133,-0.0151,2022-07-03,-0.0463,0.033,-0.021,0.0147,0.2814,0.3807
p54a_10m,trees unburnt,BSI,2023-07-03,-0.0188,-0.0206,2022-07-03,-0.0463,0.0275,-0.0344,0.0013,0.2942,0.3935
p54a_10m,trees unburnt,BSI,2023-07-05,,,2022-07-03,-0.0463,,,,,
p54a_10m,trees unburnt,BSI,2023-07-08,-0.0113,-0.0131,2022-07-08,-0.0479,0.0366,-0.0102,0.0255,0.2774,0.3767
p54a_10m,trees unburnt,BSI,2023-07-15,-0.0261,-0.0279,2022-07-08,-0.0479,0.0218,-0.0431,-0.0074,,
p54a_10m,trees unburnt,BSI,2023-07-25,,,,,,,,,
p54a_10m,trees unburnt,BSI,2023-07-30,-0.0005,-0.0023,2022-08-07,-0.0462,0.0457,-0.063,-0.0273,0.2857,0.385
p54a_10m,trees unburnt,BSI,2023-08-04,0.0142,0.0124,2022-08-07,-0.0462,0.0604,-0.0343,0.0014,0.2517,0.351
p54a_10m,trees unburnt,BSI,2023-08-07,,,2022-08-07,-0.0462,,,,,
p54a_10m,trees unburnt,BSI,2023-08-09,,,2022-08-09,-0.0392,,,,,
p54a_10m,trees unburnt,BSI,2023-08-17,,,2022-08-09,-0.0392,,,,,
p54a_10m,trees unburnt,BSI,2023-08-24,,,,,,,,,
p54a_10m,trees unburnt,BSI,2023-08-27,0.0103,0.0085,,,,-0.0037,0.032,0.1483,0.2476
p54a_10m,trees unburnt,BSI,2023-09-03,,,,,,,,,
p54a_10m,trees unburnt,BSI,2023-09-08,0.0249,0.0231,2022-09-18,-0.0339,0.0588,0.0144,0.0501,0.1148,0.2141
p54a_10m,trees unburnt,BSI,2023-09-11,,,2022-09-18,-0.0339,,,,,
p54a_10m,trees unburnt,BSI,2023-09-13,,,2022-09-18,-0.0339,,,,,
p54a_10m,trees unburnt,BSI,2023-09-28,,,2022-09-21,-0.0051,,,,,
p54a_10m,grass unburnt,NDVI,2023-06-15,0.0235,0.0789,2022-06-20,-0.0292,0.0527,-0.0861,-0.0326,,
p54a_10m,grass unburnt,NDVI,2023-06-18,0.0244,0.0798,2022-06-20,-0.0292,0.0536,-0.0664,-0.0129,-0.1674,-0.248
p54a_10m,grass unburnt,NDVI,2023-06-20,0.018,0.0734,2022-06-20,-0.0292,0.0472,-0.048,0.0055,-0.1451,-0.2257
p54a_10m,grass unburnt,NDVI,2023-06-23,,,2022-06-20,-0.0292,,,,,
p54a_10m,grass unburnt,NDVI,2023-06-25,-0.0133,0.0421,2022-06-20,-0.0292,0.0159,-0.0498,0.0037,-0.2357,-0.3163
p54a_10m,grass unburnt,NDVI,2023-06-28,0.1373,0.1927,2022-07-03,-0.021,0.1583,0.1514,0.2049,-0.0372,-0.1178
p54a_10m,grass unburnt,NDVI,2023-06-30,-0.0583,-0.0029,2022-07-03,-0.021,-0.0373,-0.0689,-0.0154,-0.3189,-0.3995
p54a_10m,grass unburnt,NDVI,2023-07-03,-0.069,-0.0136,2022-07-03,-0.021,-0.048,-0.0539,-0.0004,-0.3396,-0.4202
p54a_10m,grass unburnt,NDVI,2023-07-05,0.0457,0.1011,2022-07-03,-0.021,0.0667,0.052,0.1055,-0.1008,-0.1814
p54a_10m,grass unburnt,NDVI,2023-07-08,0.0535,0.1089,2022-07-08,-0.0064,0.0599,0.0321,0.0856,-0.2426,-0.3232
p54a_10m,grass unburnt,NDVI,2023-07-15,-0.0221,0.0333,2022-07-18,0.0759,-0.098,0.0046,0.0581,-0.2438,-0.3244
p54a_10m,grass unburnt,NDVI,2023-07-25,0.1178,0.1732,2022-07-23,0.1069,0.0109,0.122,0.1755,0.0811,0.0005
p54a_10m,grass unburnt,NDVI,2023-07-30,0.0793,0.1347,2022-07-23,0.1069,-0.0276,0.1075,0.161,-0.1181,-0.1987
p54a_10m,grass unburnt,NDVI,2023-08-04,0.0357,0.0911,2022-08-07,-0.0016,0.0373,0.087,0.1405,-0.1264,-0.207
p54a_10m,grass unburnt,NDVI,2023-08-07,0.1335,0.1889,2022-08-07,-0.0016,0.1351,,,,
p54a_10m,grass unburnt,NDVI,2023-08-09,0.1336,0.189,2022-08-09,-0.025,0.1586,0.1569,0.2104,0.202,0.1214
p54a_10m,grass unburnt,NDVI,2023-08-17,0.1237,0.1791,2022-08-24,0.0688,0.0549,0.1155,0.169,0.1853,0.1047
p54a_10m,grass unburnt,NDVI,2023-08-24,0.123,0.1784,2022-08-24,0.0688,0.0542,0.0734,0.1269,0.1566,0.076
p54a_10m,grass unburnt,NDVI,2023-08-27,0.0754,0.1308,2022-08-24,0.0688,0.0066,0.0303,0.0838,-0.0506,-0.1312
p54a_10m,grass unburnt,NDVI,2023-09-03,0.1419,0.1973,2022-08-24,0.0688,0.0731,0.064,0.1175,0.1674,0.0868
p54a_10m,grass unburnt,NDVI,2023-09-08,0.0608,0.1162,2022-09-18,0.006,0.0548,0.0109,0.0644,-0.0357,-0.1163
p54a_10m,grass unburnt,NDVI,2023-09-11,0.123,0.1784,2022-09-18,0.006,0.117,0.0439,0.0974,,
p54a_10m,grass unburnt,NDVI,2023-09-13,0.1236,0.179,2022-09-18,0.006,0.1176,0.0414,0.0949,0.1412,0.0606
p54a_10m,grass unburnt,NDVI,2023-09-28,0.1216,0.177,2022-09-21,-0.0029,0.1245,0.0348,0.0883,0.1113,0.0307
p54a_10m,grass unburnt,NDWI,2023-06-15,-0.0025,-0.0503,2022-06-20,0.0346,-0.0371,0.086,0.0455,,
p54a_10m,grass unburnt,NDWI,2023-06-18,-0.0017,-0.0495,2022-06-20,0.0346,-0.0363,0.072,0.0315,0.1618,0.196
p54a_10m,grass unburnt,NDWI,2023-06-20,-0.0006,-0.0484,2022-06-20,0.0346,-0.0352,0.0545,0.014,0.1307,0.1649
p54a_10m,grass unburnt,NDWI,2023-06-23,,,2022-06-20,0.0346,,,,,
p54a_10m,grass unburnt,NDWI,2023-06-25,0.0081,-0.0397,2022-06-20,0.0346,-0.0265,0.0326,-0.0079,0.1707,0.2049
p54a_10m,grass unburnt,NDWI,2023-06-28,-0.1065,-0.1543,2022-07-03,0.0234,-0.1299,-0.1089,-0.1494,0.0047,0.0389
p54a_10m,grass unburnt,NDWI,2023-06-30,0.0436,-0.0042,2022-07-03,0.0234,0.0202,0.0563,0.0158,0.241,0.2752
p54a_10m,grass unburnt,NDWI,2023-07-03,0.051,0.0032,2022-07-03,0.0234,0.0276,0.0472,0.0067,0.2615,0.2957
p54a_10m,grass unburnt,NDWI,2023-07-05,-0.0203,-0.0681,2022-07-03,0.0234,-0.0437,-0.0133,-0.0538,0.0761,0.1103
p54a_10m,grass unburnt,NDWI,2023-07-08,-0.0357,-0.0835,2022-07-08,0.0147,-0.0504,-0.0078,-0.0483,0.2167,0.2509
p54a_10m,grass unburnt,NDWI,2023-07-15,0.0317,-0.0161,2022-07-18,-0.0442,0.0759,0.0028,-0.0377,0.1931,0.2273
p54a_10m,grass unburnt,NDWI,2023-07-25,-0.0667,-0.1145,2022-07-23,-0.0783,0.0116,-0.0608,-0.1013,-0.034,0.0002
p54a_10m,grass unburnt,NDWI,2023-07-30,-0.0332,-0.081,2022-07-23,-0.0783,0.0451,-0.037,-0.0775,0.1187,0.1529
p54a_10m,grass unburnt,NDWI,2023-08-04,-0.0069,-0.0547,2022-08-07,0.0108,-0.0177,-0.0273,-0.0678,0.132,0.1662
p54a_10m,grass unburnt,NDWI,2023-08-07,-0.0857,-0.1335,2022-08-07,0.0108,-0.0965,,,,
p54a_10m,grass unburnt,NDWI,2023-08-09,-0.0805,-0.1283,2022-08-09,0.0275,-0.108,-0.0812,-0.1217,-0.1064,-0.0722
p54a_10m,grass unburnt,NDWI,2023-08-17,-0.0787,-0.1265,2022-08-24,-0.0436,-0.0351,-0.0648,-0.1053,-0.1067,-0.0725
p54a_10m,grass unburnt,NDWI,2023-08-24,-0.0713,-0.1191,2022-08-24,-0.0436,-0.0277,-0.0313,-0.0718,-0.0796,-0.0454
p54a_10m,grass unburnt,NDWI,2023-08-27,-0.0493,-0.0971,2022-08-24,-0.0436,-0.0057,-0.016,-0.0565,0.0719,0.1061
p54a_10m,grass unburnt,NDWI,2023-09-03,-0.0901,-0.1379,2022-08-24,-0.0436,-0.0465,-0.0393,-0.0798,-0.0944,-0.0602
p54a_10m,grass unburnt,NDWI,2023-09-08,-0.009,-0.0568,2022-09-18,-0.0005,-0.0085,0.0075,-0.033,0.0746,0.1088
p54a_10m,grass unburnt,NDWI,2023-09-11,-0.0949,-0.1427,2022-09-18,-0.0005,-0.0944,-0.0404,-0.0809,,
p54a_10m,grass unburnt,NDWI,2023-09-13,-0.0827,-0.1305,2022-09-18,-0.0005,-0.0822,-0.0296,-0.0701,-0.0815,-0.0473
p54a_10m,grass unburnt,NDWI,2023-09-28,-0.0874,-0.1352,2022-09-21,0.0032,-0.0906,-0.034,-0.0745,-0.0711,-0.0369
p54a_10m,grass unburnt,MNDWI,2023-06-15,-0.0206,0.0046,2022-06-20,-0.0133,-0.0073,-0.0345,0.0176,,
p54a_10m,grass unburnt,MNDWI,2023-06-18,-0.0115,0.0137,2022-06-20,-0.0133,0.0018,-0.0268,0.0253,0.0917,0.0785
p54a_10m,grass unburnt,MNDWI,2023-06-20,-0.0098,0.0154,2022-06-20,-0.0133,0.0035,-0.0275,0.0246,0.0383,0.0251
p54a_10m,grass unburnt,MNDWI,2023-06-23,,,2022-06-20,-0.0133,,,,,
p54a_10m,grass unburnt,MNDWI,2023-06-25,-0.0232,0.002,2022-06-20,-0.0133,-0.0099,-0.0458,0.0063,0.0781,0.0649
p54a_10m,grass unburnt,MNDWI,2023-06-28,-0.0524,-0.0272,2022-07-03,-0.0129,-0.0395,-0.0743,-0.0222,-0.0402,-0.0534
p54a_10m,grass unburnt,MNDWI,2023-06-30,-0.0094,0.0158,2022-07-03,-0.0129,0.0035,-0.0303,0.0218,0.1181,0.1049
p54a_10m,grass unburnt,MNDWI,2023-07-03,-0.005,0.0202,2022-07-03,-0.0129,0.0079,-0.0318,0.0203,0.1302,0.117
p54a_10m,grass unburnt,MNDWI,2023-07-05,-0.0129,0.0123,2022-07-03,-0.0129,0.0,-0.0365,0.0156,0.0081,-0.0051
p54a_10m,grass unburnt,MNDWI,2023-07-08,-0.0522,-0.027,2022-07-08,-0.0111,-0.0411,-0.0555,-0.0034,0.142,0.1288
p54a_10m,grass unburnt,MNDWI,2023-07-15,0.012,0.0372,2022-07-18,-0.0399,0.0519,-0.016,0.0361,0.1106,0.0974
p54a_10m,grass unburnt,MNDWI,2023-07-25,-0.0031,0.0221,2022-07-23,-0.0621,0.059,-0.0278,0.0243,0.0078,-0.0054
p54a_10m,grass unburnt,MNDWI,2023-07-30,-0.004,0.0212,2022-07-23,-0.0621,0.0581,-0.0133,0.0388,0.1007,0.0875
p54a_10m,grass unburnt,MNDWI,2023-08-04,-0.005,0.0202,2022-08-07,-0.0014,-0.0036,-0.0111,0.041,0.1156,0.1024
p54a_10m,grass unburnt,MNDWI,2023-08-07,-0.0124,0.0128,2022-08-07,-0.0014,-0.011,,,,
p54a_10m,grass unburnt,MNDWI,2023-08-09,-0.012,0.0132,2022-08-09,0.0087,-0.0207,-0.0142,0.0379,0.0261,0.0129
p54a_10m,grass unburnt,MNDWI,2023-08-17,-0.0098,0.0154,2022-08-24,-0.0419,0.0321,-0.0114,0.0407,0.0218,0.0086
p54a_10m,grass unburnt,MNDWI,2023-08-24,-0.0076,0.0176,2022-08-24,-0.0419,0.0343,0.0194,0.0715,0.0507,0.0375
p54a_10m,grass unburnt,MNDWI,2023-08-27,-0.0078,0.0174,2022-08-24,-0.0419,0.0341,0.0095,0.0616,0.1269,0.1137
p54a_10m,grass unburnt,MNDWI,2023-09-03,-0.0154,0.0098,2022-08-24,-0.0419,0.0265,0.0094,0.0615,0.0488,0.0356
p54a_10m,grass unburnt,MNDWI,2023-09-08,0.0406,0.0658,2022-09-18,-0.0139,0.0545,0.0317,0.0838,0.1345,0.1213
p54a_10m,grass unburnt,MNDWI,2023-09-11,-0.0253,-0.0001,2022-09-18,-0.0139,-0.0114,-0.0008,0.0513,,
p54a_10m,grass unburnt,MNDWI,2023-09-13,-0.0091,0.0161,2022-09-18,-0.0139,0.0048,0.0159,0.068,0.0538,0.0406
p54a_10m,grass unburnt,MNDWI,2023-09-28,-0.0159,0.0093,2022-09-21,-0.0141,-0.0018,0.0013,0.0534,0.0383,0.0251
p54a_10m,grass unburnt,NDMI,2023-06-15,0.0296,0.0568,2022-06-20,-0.0628,0.0924,-0.1184,-0.0824,,
p54a_10m,grass unburnt,NDMI,2023-06-18,0.0502,0.0774,2022-06-20,-0.0628,0.113,-0.0783,-0.0423,-0.0446,-0.195
p54a_10m,grass unburnt,NDMI,2023-06-20,0.0152,0.0424,2022-06-20,-0.0628,0.078,-0.0842,-0.0482,-0.0825,-0.2329
p54a_10m,grass unburnt,NDMI,2023-06-23,,,2022-06-20,-0.0628,,,,,
p54a_10m,grass unburnt,NDMI,2023-06-25,-0.0259,0.0013,2022-06-20,-0.0628,0.0369,-0.0749,-0.0389,-0.0773,-0.2277
p54a_10m,grass unburnt,NDMI,2023-06-28,0.042,0.0692,2022-07-03,-0.0503,0.0923,0.0315,0.0675,-0.0654,-0.2158
p54a_10m,grass unburnt,NDMI,2023-06-30,-0.0047,0.0225,2022-07-03,-0.0503,0.0456,-0.0475,-0.0115,-0.0638,-0.2142
p54a_10m,grass unburnt,NDMI,2023-07-03,-0.0058,0.0214,2022-07-03,-0.0503,0.0445,-0.0362,-0.0002,-0.0633,-0.2137
p54a_10m,grass unburnt,NDMI,2023-07-05,0.0313,0.0585,2022-07-03,-0.0503,0.0816,-0.0185,0.0175,-0.0493,-0.1997
p54a_10m,grass unburnt,NDMI,2023-07-08,-0.0055,0.0217,2022-07-08,-0.0369,0.0314,-0.0492,-0.0132,-0.0408,-0.1912
p54a_10m,grass unburnt,NDMI,2023-07-15,0.0116,0.0388,2022-07-18,-0.0353,0.0469,0.0199,0.0559,-0.0442,-0.1946
p54a_10m,grass unburnt,NDMI,2023-07-25,0.0682,0.0954,2022-07-23,-0.0257,0.0939,0.0268,0.0628,0.0381,-0.1123
p54a_10m,grass unburnt,NDMI,2023-07-30,0.0593,0.0865,2022-07-23,-0.0257,0.085,0.0686,0.1046,0.0342,-0.1162
p54a_10m,grass unburnt,NDMI,2023-08-04,0.0294,0.0566,2022-08-07,-0.039,0.0684,0.0659,0.1019,0.0345,-0.1159
p54a_10m,grass unburnt,NDMI,2023-08-07,0.0769,0.1041,2022-08-07,-0.039,0.1159,,,,
p54a_10m,grass unburnt,NDMI,2023-08-09,0.057,0.0842,2022-08-09,-0.0389,0.0959,0.0577,0.0937,0.1453,-0.0051
p54a_10m,grass unburnt,NDMI,2023-08-17,0.0623,0.0895,2022-08-24,-0.0299,0.0922,0.0465,0.0825,0.1382,-0.0122
p54a_10m,grass unburnt,NDMI,2023-08-24,0.0594,0.0866,2022-08-24,-0.0299,0.0893,0.0363,0.0723,0.1382,-0.0122
p54a_10m,grass unburnt,NDMI,2023-08-27,0.0484,0.0756,2022-08-24,-0.0299,0.0783,0.0376,0.0736,0.1075,-0.0429
p54a_10m,grass unburnt,NDMI,2023-09-03,0.0576,0.0848,2022-08-24,-0.0299,0.0875,0.0281,0.0641,0.143,-0.0074
p54a_10m,grass unburnt,NDMI,2023-09-08,0.049,0.0762,2022-09-18,-0.0238,0.0728,0.0282,0.0642,0.1277,-0.0227
p54a_10m,grass unburnt,NDMI,2023-09-11,0.0674,0.0946,2022-09-18,-0.0238,0.0912,0.0156,0.0516,,
p54a_10m,grass unburnt,NDMI,2023-09-13,0.0589,0.0861,2022-09-18,-0.0238,0.0827,0.0327,0.0687,0.1395,-0.0109
p54a_10m,grass unburnt,NDMI,2023-09-28,0.0442,0.0714,2022-09-21,-0.0286,0.0728,0.0201,0.0561,0.1041,-0.0463
p54a_10m,grass unburnt,BSI,2023-06-15,-0.045,-0.0578,2022-06-20,0.0394,-0.0844,0.0619,0.0411,,
p54a_10m,grass unburnt,BSI,2023-06-18,-0.058,-0.0708,2022-06-20,0.0394,-0.0974,0.0373,0.0165,-0.0012,0.1394
p54a_10m,grass unburnt,BSI,2023-06-20,-0.0383,-0.0511,2022-06-20,0.0394,-0.0777,0.0358,0.015,0.0317,0.1723
p54a_10m,grass unburnt,BSI,2023-06-23,,,2022-06-20,0.0394,,,,,
p54a_10m,grass unburnt,BSI,2023-06-25,0.0231,0.0103,2022-06-20,0.0394,-0.0163,0.0615,0.0407,0.0712,0.2118
p54a_10m,grass unburnt,BSI,2023-06-28,-0.0506,-0.0634,2022-07-03,0.0288,-0.0794,-0.0439,-0.0647,0.0427,0.1833
p54a_10m,grass unburnt,BSI,2023-06-30,-0.0063,-0.0191,2022-07-03,0.0288,-0.0351,0.0239,0.0031,0.0472,0.1878
p54a_10m,grass unburnt,BSI,2023-07-03,-0.0025,-0.0153,2022-07-03,0.0288,-0.0313,0.0167,-0.0041,0.0444,0.185
p54a_10m,grass unburnt,BSI,2023-07-05,-0.0415,-0.0543,2022-07-03,0.0288,-0.0703,-0.0078,-0.0286,0.0222,0.1628
p54a_10m,grass unburnt,BSI,2023-07-08,0.0062,-0.0066,2022-07-08,0.0179,-0.0117,0.0281,0.0073,0.0319,0.1725
p54a_10m,grass unburnt,BSI,2023-07-15,-0.0192,-0.032,2022-07-18,0.0133,-0.0325,-0.022,-0.0428,0.042,0.1826
p54a_10m,grass unburnt,BSI,2023-07-25,-0.0751,-0.0879,2022-07-23,0.0043,-0.0794,-0.0437,-0.0645,-0.0535,0.0871
p54a_10m,grass unburnt,BSI,2023-07-30,-0.069,-0.0818,2022-07-23,0.0043,-0.0733,-0.083,-0.1038,-0.0449,0.0957
p54a_10m,grass unburnt,BSI,2023-08-04,-0.0348,-0.0476,2022-08-07,0.0216,-0.0564,-0.0737,-0.0945,-0.0436,0.097
p54a_10m,grass unburnt,BSI,2023-08-07,-0.0781,-0.0909,2022-08-07,0.0216,-0.0997,,,,
p54a_10m,grass unburnt,BSI,2023-08-09,-0.0627,-0.0755,2022-08-09,0.0175,-0.0802,-0.0696,-0.0904,-0.1468,-0.0062
p54a_10m,grass unburnt,BSI,2023-08-17,-0.0619,-0.0747,2022-08-24,0.0092,-0.0711,-0.0523,-0.0731,-0.1316,0.009
p54a_10m,grass unburnt,BSI,2023-08-24,-0.0584,-0.0712,2022-08-24,0.0092,-0.0676,-0.0421,-0.0629,-0.1301,0.0105
p54a_10m,grass unburnt,BSI,2023-08-27,-0.0423,-0.0551,2022-08-24,0.0092,-0.0515,-0.0319,-0.0527,-0.082,0.0586
p54a_10m,grass unburnt,BSI,2023-09-03,-0.0542,-0.067,2022-08-24,0.0092,-0.0634,-0.0271,-0.0479,-0.1274,0.0132
p54a_10m,grass unburnt,BSI,2023-09-08,-0.0594,-0.0722,2022-09-18,0.0083,-0.0677,-0.0279,-0.0487,-0.1095,0.0311
p54a_10m,grass unburnt,BSI,2023-09-11,-0.0668,-0.0796,2022-09-18,0.0083,-0.0751,-0.0179,-0.0387,,
p54a_10m,grass unburnt,BSI,2023-09-13,-0.053,-0.0658,2022-09-18,0.0083,-0.0613,-0.0263,-0.0471,-0.1183,0.0223
p54a_10m,grass unburnt,BSI,2023-09-28,-0.038,-0.0508,2022-09-21,0.0117,-0.0497,-0.0104,-0.0312,-0.0815,0.0591
p54a_10m,burnt dNBR>0.1,NDVI,2023-06-15,,,2022-06-20,0.3253,,,,,
p54a_10m,burnt dNBR>0.1,NDVI,2023-06-18,,,2022-06-20,0.3253,,,,,
p54a_10m,burnt dNBR>0.1,NDVI,2023-06-20,,,2022-06-20,0.3253,,,,,
p54a_10m,burnt dNBR>0.1,NDVI,2023-06-23,,,2022-06-20,0.3253,,,,,
p54a_10m,burnt dNBR>0.1,NDVI,2023-06-25,,,2022-06-20,0.3253,,,,,
p54a_10m,burnt dNBR>0.1,NDVI,2023-06-28,,,2022-07-03,0.4159,,,,,
p54a_10m,burnt dNBR>0.1,NDVI,2023-06-30,-0.1508,0.012,2022-07-03,0.4159,-0.5667,0.0715,0.1048,-0.2857,-0.3127
p54a_10m,burnt dNBR>0.1,NDVI,2023-07-03,-0.1419,0.0209,2022-07-03,0.4159,-0.5578,0.0864,0.1197,-0.2903,-0.3173
p54a_10m,burnt dNBR>0.1,NDVI,2023-07-05,,,2022-07-03,0.4159,,,,,
p54a_10m,burnt dNBR>0.1,NDVI,2023-07-08,-0.159,0.0038,2022-07-08,0.3896,-0.5486,0.1033,0.1366,-0.3495,-0.3765
p54a_10m,burnt dNBR>0.1,NDVI,2023-07-15,-0.1781,-0.0153,2022-07-08,0.3896,-0.5677,0.0341,0.0674,,
p54a_10m,burnt dNBR>0.1,NDVI,2023-07-25,,,,,,,,,
p54a_10m,burnt dNBR>0.1,NDVI,2023-07-30,-0.1829,-0.0201,2022-08-07,0.4409,-0.6238,0.0749,0.1082,-0.3348,-0.3618
p54a_10m,burnt dNBR>0.1,NDVI,2023-08-04,-0.1529,0.0099,2022-08-07,0.4409,-0.5938,0.0997,0.133,-0.2401,-0.2671
p54a_10m,burnt dNBR>0.1,NDVI,2023-08-07,,,2022-08-07,0.4409,,,,,
p54a_10m,burnt dNBR>0.1,NDVI,2023-08-09,,,2022-08-09,0.2128,,,,,
p54a_10m,burnt dNBR>0.1,NDVI,2023-08-17,,,2022-08-09,0.2128,,,,,
p54a_10m,burnt dNBR>0.1,NDVI,2023-08-24,,,,,,,,,
p54a_10m,burnt dNBR>0.1,NDVI,2023-08-27,-0.0653,0.0975,,,,0.0785,0.1118,-0.0657,-0.0927
p54a_10m,burnt dNBR>0.1,NDVI,2023-09-03,,,,,,,,,
p54a_10m,burnt dNBR>0.1,NDVI,2023-09-08,-0.0473,0.1155,2022-09-18,0.0986,-0.1459,0.068,0.1013,0.0132,-0.0138
p54a_10m,burnt dNBR>0.1,NDVI,2023-09-11,,,2022-09-18,0.0986,,,,,
p54a_10m,burnt dNBR>0.1,NDVI,2023-09-13,,,2022-09-18,0.0986,,,,,
p54a_10m,burnt dNBR>0.1,NDVI,2023-09-28,,,2022-09-21,0.0607,,,,,
p54a_10m,burnt dNBR>0.1,NDWI,2023-06-15,,,2022-06-20,-0.1475,,,,,
p54a_10m,burnt dNBR>0.1,NDWI,2023-06-18,,,2022-06-20,-0.1475,,,,,
p54a_10m,burnt dNBR>0.1,NDWI,2023-06-20,,,2022-06-20,-0.1475,,,,,
p54a_10m,burnt dNBR>0.1,NDWI,2023-06-23,,,2022-06-20,-0.1475,,,,,
p54a_10m,burnt dNBR>0.1,NDWI,2023-06-25,,,2022-06-20,-0.1475,,,,,
p54a_10m,burnt dNBR>0.1,NDWI,2023-06-28,,,2022-07-03,-0.2289,,,,,
p54a_10m,burnt dNBR>0.1,NDWI,2023-06-30,0.1067,0.0106,2022-07-03,-0.2289,0.3356,-0.0213,-0.0513,0.2303,0.2247
p54a_10m,burnt dNBR>0.1,NDWI,2023-07-03,0.0823,-0.0138,2022-07-03,-0.2289,0.3112,-0.0399,-0.0699,0.2201,0.2145
p54a_10m,burnt dNBR>0.1,NDWI,2023-07-05,,,2022-07-03,-0.2289,,,,,
p54a_10m,burnt dNBR>0.1,NDWI,2023-07-08,0.0747,-0.0214,2022-07-08,-0.2049,0.2796,-0.0747,-0.1047,0.2923,0.2867
p54a_10m,burnt dNBR>0.1,NDWI,2023-07-15,0.1504,0.0543,2022-07-08,-0.2049,0.3553,-0.0222,-0.0522,,
p54a_10m,burnt dNBR>0.1,NDWI,2023-07-25,,,,,,,,,
p54a_10m,burnt dNBR>0.1,NDWI,2023-07-30,0.1095,0.0134,2022-08-07,-0.285,0.3945,-0.053,-0.083,0.2383,0.2327
p54a_10m,burnt dNBR>0.1,NDWI,2023-08-04,0.0724,-0.0237,2022-08-07,-0.285,0.3574,-0.0725,-0.1025,0.1835,0.1779
p54a_10m,burnt dNBR>0.1,NDWI,2023-08-07,,,2022-08-07,-0.285,,,,,
p54a_10m,burnt dNBR>0.1,NDWI,2023-08-09,,,2022-08-09,-0.1131,,,,,
p54a_10m,burnt dNBR>0.1,NDWI,2023-08-17,,,2022-08-09,-0.1131,,,,,
p54a_10m,burnt dNBR>0.1,NDWI,2023-08-24,,,,,,,,,
p54a_10m,burnt dNBR>0.1,NDWI,2023-08-27,0.0441,-0.052,,,,-0.0631,-0.0931,0.0841,0.0785
p54a_10m,burnt dNBR>0.1,NDWI,2023-09-03,,,,,,,,,
p54a_10m,burnt dNBR>0.1,NDWI,2023-09-08,0.0484,-0.0477,2022-09-18,-0.116,0.1644,-0.0399,-0.0699,0.0356,0.03
p54a_10m,burnt dNBR>0.1,NDWI,2023-09-11,,,2022-09-18,-0.116,,,,,
p54a_10m,burnt dNBR>0.1,NDWI,2023-09-13,,,2022-09-18,-0.116,,,,,
p54a_10m,burnt dNBR>0.1,NDWI,2023-09-28,,,2022-09-21,-0.0755,,,,,
p54a_10m,burnt dNBR>0.1,MNDWI,2023-06-15,,,2022-06-20,-0.1336,,,,,
p54a_10m,burnt dNBR>0.1,MNDWI,2023-06-18,,,2022-06-20,-0.1336,,,,,
p54a_10m,burnt dNBR>0.1,MNDWI,2023-06-20,,,2022-06-20,-0.1336,,,,,
p54a_10m,burnt dNBR>0.1,MNDWI,2023-06-23,,,2022-06-20,-0.1336,,,,,
p54a_10m,burnt dNBR>0.1,MNDWI,2023-06-25,,,2022-06-20,-0.1336,,,,,
p54a_10m,burnt dNBR>0.1,MNDWI,2023-06-28,,,2022-07-03,-0.0341,,,,,
p54a_10m,burnt dNBR>0.1,MNDWI,2023-06-30,-0.0183,0.0496,2022-07-03,-0.0341,0.0158,-0.0123,0.0103,0.1377,0.0979
p54a_10m,burnt dNBR>0.1,MNDWI,2023-07-03,-0.0166,0.0513,2022-07-03,-0.0341,0.0175,-0.0017,0.0209,0.1612,0.1214
p54a_10m,burnt dNBR>0.1,MNDWI,2023-07-05,,,2022-07-03,-0.0341,,,,,
p54a_10m,burnt dNBR>0.1,MNDWI,2023-07-08,-0.0642,0.0037,2022-07-08,-0.0094,-0.0548,0.0106,0.0332,0.1695,0.1297
p54a_10m,burnt dNBR>0.1,MNDWI,2023-07-15,0.0096,0.0775,2022-07-08,-0.0094,0.019,-0.0078,0.0148,,
p54a_10m,burnt dNBR>0.1,MNDWI,2023-07-25,,,,,,,,,
p54a_10m,burnt dNBR>0.1,MNDWI,2023-07-30,-0.0201,0.0478,2022-08-07,-0.021,0.0009,0.0087,0.0313,0.1445,0.1047
p54a_10m,burnt dNBR>0.1,MNDWI,2023-08-04,-0.0513,0.0166,2022-08-07,-0.021,-0.0303,0.0054,0.028,0.1051,0.0653
p54a_10m,burnt dNBR>0.1,MNDWI,2023-08-07,,,2022-08-07,-0.021,,,,,
p54a_10m,burnt dNBR>0.1,MNDWI,2023-08-09,,,2022-08-09,0.0417,,,,,
p54a_10m,burnt dNBR>0.1,MNDWI,2023-08-17,,,2022-08-09,0.0417,,,,,
p54a_10m,burnt dNBR>0.1,MNDWI,2023-08-24,,,,,,,,,
p54a_10m,burnt dNBR>0.1,MNDWI,2023-08-27,-0.0261,0.0418,,,,-0.002,0.0206,0.1085,0.0687
p54a_10m,burnt dNBR>0.1,MNDWI,2023-09-03,,,,,,,,,
p54a_10m,burnt dNBR>0.1,MNDWI,2023-09-08,0.0068,0.0747,2022-09-18,-0.0265,0.0333,0.053,0.0756,0.1255,0.0857
p54a_10m,burnt dNBR>0.1,MNDWI,2023-09-11,,,2022-09-18,-0.0265,,,,,
p54a_10m,burnt dNBR>0.1,MNDWI,2023-09-13,,,2022-09-18,-0.0265,,,,,
p54a_10m,burnt dNBR>0.1,MNDWI,2023-09-28,,,2022-09-21,-0.0084,,,,,
p54a_10m,burnt dNBR>0.1,NDMI,2023-06-15,,,2022-06-20,0.0202,,,,,
p54a_10m,burnt dNBR>0.1,NDMI,2023-06-18,,,2022-06-20,0.0202,,,,,
p54a_10m,burnt dNBR>0.1,NDMI,2023-06-20,,,2022-06-20,0.0202,,,,,
p54a_10m,burnt dNBR>0.1,NDMI,2023-06-23,,,2022-06-20,0.0202,,,,,
p54a_10m,burnt dNBR>0.1,NDMI,2023-06-25,,,2022-06-20,0.0202,,,,,
p54a_10m,burnt dNBR>0.1,NDMI,2023-06-28,,,2022-07-03,0.2723,,,,,
p54a_10m,burnt dNBR>0.1,NDMI,2023-06-30,-0.14,0.0607,2022-07-03,0.2723,-0.4123,0.0548,0.0713,-0.1001,-0.1338
p54a_10m,burnt dNBR>0.1,NDMI,2023-07-03,-0.1047,0.096,2022-07-03,0.2723,-0.377,0.0916,0.1081,-0.0848,-0.1185
p54a_10m,burnt dNBR>0.1,NDMI,2023-07-05,,,2022-07-03,0.2723,,,,,
p54a_10m,burnt dNBR>0.1,NDMI,2023-07-08,-0.1565,0.0442,2022-07-08,0.2552,-0.4117,0.1067,0.1232,-0.0894,-0.1231
p54a_10m,burnt dNBR>0.1,NDMI,2023-07-15,-0.1352,0.0655,2022-07-08,0.2552,-0.3904,0.0328,0.0493,,
p54a_10m,burnt dNBR>0.1,NDMI,2023-07-25,,,,,,,,,
p54a_10m,burnt dNBR>0.1,NDMI,2023-07-30,-0.1567,0.044,2022-08-07,0.3599,-0.5166,0.079,0.0955,-0.0928,-0.1265
p54a_10m,burnt dNBR>0.1,NDMI,2023-08-04,-0.1514,0.0493,2022-08-07,0.3599,-0.5113,0.1081,0.1246,-0.0572,-0.0909
p54a_10m,burnt dNBR>0.1,NDMI,2023-08-07,,,2022-08-07,0.3599,,,,,
p54a_10m,burnt dNBR>0.1,NDMI,2023-08-09,,,2022-08-09,0.1547,,,,,
p54a_10m,burnt dNBR>0.1,NDMI,2023-08-17,,,2022-08-09,0.1547,,,,,
p54a_10m,burnt dNBR>0.1,NDMI,2023-08-24,,,,,,,,,
p54a_10m,burnt dNBR>0.1,NDMI,2023-08-27,-0.0625,0.1382,,,,0.1063,0.1228,0.0767,0.043
p54a_10m,burnt dNBR>0.1,NDMI,2023-09-03,,,,,,,,,
p54a_10m,burnt dNBR>0.1,NDMI,2023-09-08,-0.0264,0.1743,2022-09-18,0.0729,-0.0993,0.1178,0.1343,0.1399,0.1062
p54a_10m,burnt dNBR>0.1,NDMI,2023-09-11,,,2022-09-18,0.0729,,,,,
p54a_10m,burnt dNBR>0.1,NDMI,2023-09-13,,,2022-09-18,0.0729,,,,,
p54a_10m,burnt dNBR>0.1,NDMI,2023-09-28,,,2022-09-21,0.0613,,,,,
p54a_10m,burnt dNBR>0.1,BSI,2023-06-15,,,2022-06-20,-0.1006,,,,,
p54a_10m,burnt dNBR>0.1,BSI,2023-06-18,,,2022-06-20,-0.1006,,,,,
p54a_10m,burnt dNBR>0.1,BSI,2023-06-20,,,2022-06-20,-0.1006,,,,,
p54a_10m,burnt dNBR>0.1,BSI,2023-06-23,,,2022-06-20,-0.1006,,,,,
p54a_10m,burnt dNBR>0.1,BSI,2023-06-25,,,2022-06-20,-0.1006,,,,,
p54a_10m,burnt dNBR>0.1,BSI,2023-06-28,,,2022-07-03,-0.2774,,,,,
p54a_10m,burnt dNBR>0.1,BSI,2023-06-30,0.095,-0.0676,2022-07-03,-0.2774,0.3724,-0.0572,-0.0665,0.0747,0.116
p54a_10m,burnt dNBR>0.1,BSI,2023-07-03,0.0785,-0.0841,2022-07-03,-0.2774,0.3559,-0.0893,-0.0986,0.0634,0.1047
p54a_10m,burnt dNBR>0.1,BSI,2023-07-05,,,2022-07-03,-0.2774,,,,,
p54a_10m,burnt dNBR>0.1,BSI,2023-07-08,0.1343,-0.0283,2022-07-08,-0.2616,0.3959,-0.1032,-0.1125,0.0732,0.1145
p54a_10m,burnt dNBR>0.1,BSI,2023-07-15,0.083,-0.0796,2022-07-08,-0.2616,0.3446,-0.0382,-0.0475,,
p54a_10m,burnt dNBR>0.1,BSI,2023-07-25,,,,,,,,,
p54a_10m,burnt dNBR>0.1,BSI,2023-07-30,0.11,-0.0526,2022-08-07,-0.3267,0.4367,-0.0826,-0.0919,0.0552,0.0965
p54a_10m,burnt dNBR>0.1,BSI,2023-08-04,0.1303,-0.0323,2022-08-07,-0.3267,0.457,-0.1031,-0.1124,0.046,0.0873
p54a_10m,burnt dNBR>0.1,BSI,2023-08-07,,,2022-08-07,-0.3267,,,,,
p54a_10m,burnt dNBR>0.1,BSI,2023-08-09,,,2022-08-09,-0.1526,,,,,
p54a_10m,burnt dNBR>0.1,BSI,2023-08-17,,,2022-08-09,-0.1526,,,,,
p54a_10m,burnt dNBR>0.1,BSI,2023-08-24,,,,,,,,,
p54a_10m,burnt dNBR>0.1,BSI,2023-08-27,0.0512,-0.1114,,,,-0.0847,-0.094,-0.0618,-0.0205
p54a_10m,burnt dNBR>0.1,BSI,2023-09-03,,,,,,,,,
p54a_10m,burnt dNBR>0.1,BSI,2023-09-08,-0.001,-0.1636,2022-09-18,-0.046,0.045,-0.1055,-0.1148,-0.1297,-0.0884
p54a_10m,burnt dNBR>0.1,BSI,2023-09-11,,,2022-09-18,-0.046,,,,,
p54a_10m,burnt dNBR>0.1,BSI,2023-09-13,,,2022-09-18,-0.046,,,,,
p54a_10m,burnt dNBR>0.1,BSI,2023-09-28,,,2022-09-21,-0.0424,,,,,
SAFE_20m,trees,SWIR1112,2023-06-15,-0.0134,0.0117,2022-06-13,0.0155,-0.0289,,,,
SAFE_20m,trees,SWIR1112,2023-06-18,-0.0027,0.0224,2022-06-20,0.0224,-0.0251,0.0309,-0.0027,,
SAFE_20m,trees,SWIR1112,2023-06-20,-0.0219,0.0032,2022-06-20,0.0224,-0.0443,0.023,-0.0106,,
SAFE_20m,trees,SWIR1112,2023-06-23,,,2022-06-20,0.0224,,,,,
SAFE_20m,trees,SWIR1112,2023-06-25,-0.0224,0.0027,2022-06-20,0.0224,-0.0448,0.01,-0.0236,-0.1199,-0.1793
SAFE_20m,trees,SWIR1112,2023-06-28,,,2022-07-03,0.0233,,,,,
SAFE_20m,trees,SWIR1112,2023-06-30,-0.0278,-0.0027,2022-07-03,0.0233,-0.0511,0.0116,-0.022,-0.1395,-0.1989
SAFE_20m,trees,SWIR1112,2023-07-03,-0.0303,-0.0052,2022-07-03,0.0233,-0.0536,0.0182,-0.0154,-0.1433,-0.2027
SAFE_20m,trees,SWIR1112,2023-07-05,-0.0275,-0.0024,2022-07-03,0.0233,-0.0508,0.0245,-0.0091,,
SAFE_20m,trees,SWIR1112,2023-07-08,-0.0326,-0.0075,2022-07-08,0.0274,-0.06,-0.0006,-0.0342,-0.1443,-0.2037
SAFE_20m,trees,SWIR1112,2023-07-15,-0.0321,-0.007,2022-07-18,0.0414,-0.0735,0.0304,-0.0032,,
SAFE_20m,trees,SWIR1112,2023-07-25,-0.0236,0.0015,2022-07-23,0.0383,-0.0619,0.0464,0.0128,,
SAFE_20m,trees,SWIR1112,2023-07-30,-0.0153,0.0098,2022-07-23,0.0383,-0.0536,0.0554,0.0218,-0.1387,-0.1981
SAFE_20m,trees,SWIR1112,2023-08-04,-0.0538,-0.0287,2022-08-07,0.0361,-0.0899,0.0171,-0.0165,-0.1764,-0.2358
SAFE_20m,trees,SWIR1112,2023-08-07,-0.0343,-0.0092,2022-08-07,0.0361,-0.0704,0.0407,0.0071,-0.043,-0.1024
SAFE_20m,trees,SWIR1112,2023-08-09,-0.0303,-0.0052,2022-08-07,0.0361,-0.0664,0.0448,0.0112,,
SAFE_20m,trees,NDMI,2023-06-15,0.0401,0.0924,2022-06-13,0.0545,-0.0144,,,,
SAFE_20m,trees,NDMI,2023-06-18,0.0496,0.1019,2022-06-20,0.0449,0.0047,0.1054,0.0456,,
SAFE_20m,trees,NDMI,2023-06-20,0.0069,0.0592,2022-06-20,0.0449,-0.038,0.086,0.0262,,
SAFE_20m,trees,NDMI,2023-06-23,,,2022-06-20,0.0449,,,,,
SAFE_20m,trees,NDMI,2023-06-25,-0.0199,0.0324,2022-06-20,0.0449,-0.0648,0.054,-0.0058,-0.2358,-0.352
SAFE_20m,trees,NDMI,2023-06-28,,,2022-07-03,0.0548,,,,,
SAFE_20m,trees,NDMI,2023-06-30,-0.0296,0.0227,2022-07-03,0.0548,-0.0844,0.0546,-0.0052,-0.2704,-0.3866
SAFE_20m,trees,NDMI,2023-07-03,-0.0229,0.0294,2022-07-03,0.0548,-0.0777,0.065,0.0052,-0.2844,-0.4006
SAFE_20m,trees,NDMI,2023-07-05,-0.0073,0.045,2022-07-03,0.0548,-0.0621,0.0899,0.0301,,
SAFE_20m,trees,NDMI,2023-07-08,-0.0346,0.0177,2022-07-08,0.0557,-0.0903,0.0441,-0.0157,-0.2714,-0.3876
SAFE_20m,trees,NDMI,2023-07-15,-0.025,0.0273,2022-07-18,0.0829,-0.1079,0.0671,0.0073,,
SAFE_20m,trees,NDMI,2023-07-25,-0.0025,0.0498,2022-07-23,0.0802,-0.0827,0.115,0.0552,,
SAFE_20m,trees,NDMI,2023-07-30,-0.0221,0.0302,2022-07-23,0.0802,-0.1023,0.1009,0.0411,-0.2736,-0.3898
SAFE_20m,trees,NDMI,2023-08-04,-0.0801,-0.0278,2022-08-07,0.0674,-0.1475,0.0512,-0.0086,-0.2822,-0.3984
SAFE_20m,trees,NDMI,2023-08-07,-0.0259,0.0264,2022-08-07,0.0674,-0.0933,0.1226,0.0628,-0.1059,-0.2221
SAFE_20m,trees,NDMI,2023-08-09,-0.033,0.0193,2022-08-07,0.0674,-0.1004,0.126,0.0662,,
SAFE_20m,trees,MSI,2023-06-15,-0.0631,-0.1428,2022-06-13,-0.0811,0.018,,,,
SAFE_20m,trees,MSI,2023-06-18,-0.0749,-0.1546,2022-06-20,-0.0669,-0.008,-0.1518,-0.0687,,
SAFE_20m,trees,MSI,2023-06-20,-0.011,-0.0907,2022-06-20,-0.0669,0.0559,-0.1269,-0.0438,,
SAFE_20m,trees,MSI,2023-06-23,,,2022-06-20,-0.0669,,,,,
SAFE_20m,trees,MSI,2023-06-25,0.0294,-0.0503,2022-06-20,-0.0669,0.0963,-0.0748,0.0083,0.4278,0.582
SAFE_20m,trees,MSI,2023-06-28,,,2022-07-03,-0.0768,,,,,
SAFE_20m,trees,MSI,2023-06-30,0.0422,-0.0375,2022-07-03,-0.0768,0.119,-0.0726,0.0105,0.4857,0.6399
SAFE_20m,trees,MSI,2023-07-03,0.0323,-0.0474,2022-07-03,-0.0768,0.1091,-0.0855,-0.0024,0.5165,0.6707
SAFE_20m,trees,MSI,2023-07-05,0.0116,-0.0681,2022-07-03,-0.0768,0.0884,-0.1308,-0.0477,,
SAFE_20m,trees,MSI,2023-07-08,0.0483,-0.0314,2022-07-08,-0.0803,0.1286,-0.0576,0.0255,0.4739,0.6281
SAFE_20m,trees,MSI,2023-07-15,0.0357,-0.044,2022-07-18,-0.1163,0.152,-0.0888,-0.0057,,
SAFE_20m,trees,MSI,2023-07-25,0.0041,-0.0756,2022-07-23,-0.1114,0.1155,-0.1651,-0.082,,
SAFE_20m,trees,MSI,2023-07-30,0.0308,-0.0489,2022-07-23,-0.1114,0.1422,-0.1271,-0.044,0.4825,0.6367
SAFE_20m,trees,MSI,2023-08-04,0.1139,0.0342,2022-08-07,-0.096,0.2099,-0.0653,0.0178,0.4871,0.6413
SAFE_20m,trees,MSI,2023-08-07,0.0412,-0.0385,2022-08-07,-0.096,0.1372,-0.1715,-0.0884,0.181,0.3352
SAFE_20m,trees,MSI,2023-08-09,0.0525,-0.0272,2022-08-07,-0.096,0.1485,-0.1751,-0.092,,
SAFE_20m,trees,NDVI,2023-06-15,-0.0672,-0.0076,2022-06-13,-0.0076,-0.0596,,,,
SAFE_20m,trees,NDVI,2023-06-18,-0.0325,0.0271,2022-06-20,0.018,-0.0505,0.0378,0.0062,,
SAFE_20m,trees,NDVI,2023-06-20,-0.0364,0.0232,2022-06-20,0.018,-0.0544,0.0493,0.0177,,
SAFE_20m,trees,NDVI,2023-06-23,,,2022-06-20,0.018,,,,,
SAFE_20m,trees,NDVI,2023-06-25,-0.0257,0.0339,2022-06-20,0.018,-0.0437,0.0662,0.0346,-0.4604,-0.516
SAFE_20m,trees,NDVI,2023-06-28,,,2022-07-03,0.0192,,,,,
SAFE_20m,trees,NDVI,2023-06-30,-0.0384,0.0212,2022-07-03,0.0192,-0.0576,0.0339,0.0023,-0.4843,-0.5399
SAFE_20m,trees,NDVI,2023-07-03,-0.0342,0.0254,2022-07-03,0.0192,-0.0534,0.0478,0.0162,-0.4819,-0.5375
SAFE_20m,trees,NDVI,2023-07-05,-0.0388,0.0208,2022-07-03,0.0192,-0.058,0.0571,0.0255,,
SAFE_20m,trees,NDVI,2023-07-08,-0.0427,0.0169,2022-07-08,0.0244,-0.0671,0.0228,-0.0088,-0.4872,-0.5428
SAFE_20m,trees,NDVI,2023-07-15,-0.0626,-0.003,2022-07-18,0.0416,-0.1042,0.0703,0.0387,,
SAFE_20m,trees,NDVI,2023-07-25,-0.0272,0.0324,2022-07-23,0.0528,-0.08,0.0802,0.0486,,
SAFE_20m,trees,NDVI,2023-07-30,-0.0243,0.0353,2022-07-23,0.0528,-0.0771,0.072,0.0404,-0.444,-0.4996
SAFE_20m,trees,NDVI,2023-08-04,-0.0746,-0.015,2022-08-07,0.0385,-0.1131,0.0296,-0.002,-0.5003,-0.5559
SAFE_20m,trees,NDVI,2023-08-07,-0.0912,-0.0316,2022-08-07,0.0385,-0.1297,0.0677,0.0361,-0.146,-0.2016
SAFE_20m,trees,NDVI,2023-08-09,-0.0563,0.0033,2022-08-07,0.0385,-0.0948,0.0863,0.0547,,
SAFE_20m,trees,MNDWI,2023-06-15,0.066,0.0798,2022-06-13,0.0309,0.0351,,,,
SAFE_20m,trees,MNDWI,2023-06-18,0.0641,0.0779,2022-06-20,0.0015,0.0626,0.0619,0.0581,,
SAFE_20m,trees,MNDWI,2023-06-20,0.0405,0.0543,2022-06-20,0.0015,0.039,0.0426,0.0388,,
SAFE_20m,trees,MNDWI,2023-06-23,,,2022-06-20,0.0015,,,,,
SAFE_20m,trees,MNDWI,2023-06-25,0.0106,0.0244,2022-06-20,0.0015,0.0091,0.0096,0.0058,0.2151,0.177
SAFE_20m,trees,MNDWI,2023-06-28,,,2022-07-03,0.0046,,,,,
SAFE_20m,trees,MNDWI,2023-06-30,-0.0039,0.0099,2022-07-03,0.0046,-0.0085,0.0073,0.0035,0.149,0.1109
SAFE_20m,trees,MNDWI,2023-07-03,-0.0057,0.0081,2022-07-03,0.0046,-0.0103,-0.0018,-0.0056,0.1388,0.1007
SAFE_20m,trees,MNDWI,2023-07-05,0.0252,0.039,2022-07-03,0.0046,0.0206,0.0303,0.0265,,
SAFE_20m,trees,MNDWI,2023-07-08,-0.0014,0.0124,2022-07-08,0.0044,-0.0058,0.0158,0.012,0.1513,0.1132
SAFE_20m,trees,MNDWI,2023-07-15,0.0303,0.0441,2022-07-18,0.0142,0.0161,-0.0142,-0.018,,
SAFE_20m,trees,MNDWI,2023-07-25,0.0248,0.0386,2022-07-23,0.009,0.0158,0.0386,0.0348,,
SAFE_20m,trees,MNDWI,2023-07-30,-0.0186,-0.0048,2022-07-23,0.009,-0.0276,-0.0257,-0.0295,0.0995,0.0614
SAFE_20m,trees,MNDWI,2023-08-04,-0.0237,-0.0099,2022-08-07,-0.0034,-0.0203,-0.0093,-0.0131,0.1521,0.114
SAFE_20m,trees,MNDWI,2023-08-07,0.0561,0.0699,2022-08-07,-0.0034,0.0595,0.04,0.0362,0.0728,0.0347
SAFE_20m,trees,MNDWI,2023-08-09,0.0104,0.0242,2022-08-07,-0.0034,0.0138,0.0375,0.0337,,
SAFE_20m,trees,BSI,2023-06-15,-0.0356,-0.0908,2022-06-13,-0.0433,0.0077,,,,
SAFE_20m,trees,BSI,2023-06-18,-0.0415,-0.0967,2022-06-20,-0.0413,-0.0002,-0.1001,-0.0417,,
SAFE_20m,trees,BSI,2023-06-20,-0.0028,-0.058,2022-06-20,-0.0413,0.0385,-0.08,-0.0216,,
SAFE_20m,trees,BSI,2023-06-23,,,2022-06-20,-0.0413,,,,,
SAFE_20m,trees,BSI,2023-06-25,0.0168,-0.0384,2022-06-20,-0.0413,0.0581,-0.0506,0.0078,0.2147,0.3235
SAFE_20m,trees,BSI,2023-06-28,,,2022-07-03,-0.0491,,,,,
SAFE_20m,trees,BSI,2023-06-30,0.0307,-0.0245,2022-07-03,-0.0491,0.0798,-0.0539,0.0045,0.2548,0.3636
SAFE_20m,trees,BSI,2023-07-03,0.0258,-0.0294,2022-07-03,-0.0491,0.0749,-0.0653,-0.0069,0.2672,0.376
SAFE_20m,trees,BSI,2023-07-05,0.0119,-0.0433,2022-07-03,-0.0491,0.061,-0.0856,-0.0272,,
SAFE_20m,trees,BSI,2023-07-08,0.0377,-0.0175,2022-07-08,-0.0509,0.0886,-0.0404,0.018,0.2582,0.367
SAFE_20m,trees,BSI,2023-07-15,0.0238,-0.0314,2022-07-18,-0.0777,0.1015,-0.0628,-0.0044,,
SAFE_20m,trees,BSI,2023-07-25,0.004,-0.0512,2022-07-23,-0.0708,0.0748,-0.112,-0.0536,,
SAFE_20m,trees,BSI,2023-07-30,0.0224,-0.0328,2022-07-23,-0.0708,0.0932,-0.1027,-0.0443,0.2533,0.3621
SAFE_20m,trees,BSI,2023-08-04,0.0868,0.0316,2022-08-07,-0.0622,0.149,-0.0493,0.0091,0.2543,0.3631
SAFE_20m,trees,BSI,2023-08-07,0.0245,-0.0307,2022-08-07,-0.0622,0.0867,-0.1194,-0.061,0.1031,0.2119
SAFE_20m,trees,BSI,2023-08-09,0.0355,-0.0197,2022-08-07,-0.0622,0.0977,-0.1211,-0.0627,,
SAFE_20m,trees,NBR,2023-06-15,0.0238,0.0919,2022-06-13,0.0658,-0.042,,,,
SAFE_20m,trees,NBR,2023-06-18,0.0437,0.1118,2022-06-20,0.0607,-0.017,0.1177,0.039,,
SAFE_20m,trees,NBR,2023-06-20,-0.0136,0.0545,2022-06-20,0.0607,-0.0743,0.0965,0.0178,,
SAFE_20m,trees,NBR,2023-06-23,,,2022-06-20,0.0607,,,,,
SAFE_20m,trees,NBR,2023-06-25,-0.0376,0.0305,2022-06-20,0.0607,-0.0983,0.0528,-0.0259,-0.3458,-0.4932
SAFE_20m,trees,NBR,2023-06-28,,,2022-07-03,0.07,,,,,
SAFE_20m,trees,NBR,2023-06-30,-0.0495,0.0186,2022-07-03,0.07,-0.1195,0.0574,-0.0213,-0.3639,-0.5113
SAFE_20m,trees,NBR,2023-07-03,-0.0443,0.0238,2022-07-03,0.07,-0.1143,0.071,-0.0077,-0.3951,-0.5425
SAFE_20m,trees,NBR,2023-07-05,-0.0318,0.0363,2022-07-03,0.07,-0.1018,0.0994,0.0207,,
SAFE_20m,trees,NBR,2023-07-08,-0.0584,0.0097,2022-07-08,0.0768,-0.1352,0.0339,-0.0448,-0.3845,-0.5319
SAFE_20m,trees,NBR,2023-07-15,-0.052,0.0161,2022-07-18,0.1099,-0.1619,0.0826,0.0039,,
SAFE_20m,trees,NBR,2023-07-25,-0.0235,0.0446,2022-07-23,0.1034,-0.1269,0.1405,0.0618,,
SAFE_20m,trees,NBR,2023-07-30,-0.031,0.0371,2022-07-23,0.1034,-0.1344,0.1312,0.0525,-0.3965,-0.5439
SAFE_20m,trees,NBR,2023-08-04,-0.1142,-0.0461,2022-08-07,0.0943,-0.2085,0.0572,-0.0215,-0.4337,-0.5811
SAFE_20m,trees,NBR,2023-08-07,-0.0528,0.0153,2022-08-07,0.0943,-0.1471,0.1411,0.0624,-0.1311,-0.2785
SAFE_20m,trees,NBR,2023-08-09,-0.0569,0.0112,2022-08-07,0.0943,-0.1512,0.1483,0.0696,,
SAFE_20m,grass,SWIR1112,2023-06-15,0.0315,0.0235,2022-06-20,0.0133,0.0182,0.0261,-0.0049,,
SAFE_20m,grass,SWIR1112,2023-06-18,0.0394,0.0314,2022-06-20,0.0133,0.0261,0.02,-0.011,0.0068,
SAFE_20m,grass,SWIR1112,2023-06-20,0.0279,0.0199,2022-06-20,0.0133,0.0146,0.0049,-0.0261,,
SAFE_20m,grass,SWIR1112,2023-06-23,,,2022-06-20,0.0133,,,,0.0203,
SAFE_20m,grass,SWIR1112,2023-06-25,0.0115,0.0035,2022-06-20,0.0133,-0.0018,-0.007,-0.038,,
SAFE_20m,grass,SWIR1112,2023-06-28,0.0573,0.0493,2022-07-03,0.0163,0.041,0.0613,0.0303,0.0241,
SAFE_20m,grass,SWIR1112,2023-06-30,0.0264,0.0184,2022-07-03,0.0163,0.0101,0.0056,-0.0254,-0.0264,
SAFE_20m,grass,SWIR1112,2023-07-03,0.0219,0.0139,2022-07-03,0.0163,0.0056,0.0113,-0.0197,-0.0232,
SAFE_20m,grass,SWIR1112,2023-07-05,0.0388,0.0308,2022-07-03,0.0163,0.0225,0.0337,0.0027,,
SAFE_20m,grass,SWIR1112,2023-07-08,0.0363,0.0283,2022-07-08,0.0214,0.0149,0.0328,0.0018,-0.0047,
SAFE_20m,grass,SWIR1112,2023-07-15,0.0261,0.0181,2022-07-18,0.0502,-0.0241,0.0292,-0.0018,,
SAFE_20m,grass,SWIR1112,2023-07-25,0.0698,0.0618,2022-07-23,0.0658,0.004,0.0633,0.0323,,
SAFE_20m,grass,SWIR1112,2023-07-30,0.0729,0.0649,2022-07-23,0.0658,0.0071,0.0534,0.0224,0.0257,
SAFE_20m,grass,SWIR1112,2023-08-04,0.0219,0.0139,2022-08-07,0.0375,-0.0156,0.024,-0.007,,
SAFE_20m,grass,SWIR1112,2023-08-07,0.0757,0.0677,2022-08-07,0.0375,0.0382,0.0713,0.0403,0.0677,
SAFE_20m,grass,SWIR1112,2023-08-09,0.064,0.056,2022-08-07,0.0375,0.0265,0.0593,0.0283,,
SAFE_20m,grass,NDMI,2023-06-15,0.0261,0.0544,2022-06-20,-0.0629,0.089,-0.0419,-0.0168,,
SAFE_20m,grass,NDMI,2023-06-18,0.0496,0.0779,2022-06-20,-0.0629,0.1125,-0.0398,-0.0147,-0.0159,
SAFE_20m,grass,NDMI,2023-06-20,0.0271,0.0554,2022-06-20,-0.0629,0.09,-0.0429,-0.0178,,
SAFE_20m,grass,NDMI,2023-06-23,,,2022-06-20,-0.0629,,,,-0.0197,
SAFE_20m,grass,NDMI,2023-06-25,-0.0038,0.0245,2022-06-20,-0.0629,0.0591,-0.0519,-0.0268,,
SAFE_20m,grass,NDMI,2023-06-28,0.0419,0.0702,2022-07-03,-0.0524,0.0943,0.0304,0.0555,-0.0284,
SAFE_20m,grass,NDMI,2023-06-30,0.0131,0.0414,2022-07-03,-0.0524,0.0655,-0.0209,0.0042,-0.049,
SAFE_20m,grass,NDMI,2023-07-03,0.0067,0.035,2022-07-03,-0.0524,0.0591,-0.0147,0.0104,-0.0589,
SAFE_20m,grass,NDMI,2023-07-05,0.026,0.0543,2022-07-03,-0.0524,0.0784,-0.0074,0.0177,,
SAFE_20m,grass,NDMI,2023-07-08,-0.0019,0.0264,2022-07-08,-0.0399,0.038,-0.0269,-0.0018,-0.058,
SAFE_20m,grass,NDMI,2023-07-15,0.0199,0.0482,2022-07-18,-0.0222,0.0421,0.0142,0.0393,,
SAFE_20m,grass,NDMI,2023-07-25,0.0761,0.1044,2022-07-23,-0.0066,0.0827,0.0244,0.0495,,
SAFE_20m,grass,NDMI,2023-07-30,0.0703,0.0986,2022-07-23,-0.0066,0.0769,0.048,0.0731,0.0163,
SAFE_20m,grass,NDMI,2023-08-04,0.0245,0.0528,2022-08-07,-0.024,0.0485,0.0646,0.0897,,
SAFE_20m,grass,NDMI,2023-08-07,0.0735,0.1018,2022-08-07,-0.024,0.0975,0.0228,0.0479,0.0944,
SAFE_20m,grass,NDMI,2023-08-09,0.0571,0.0854,2022-08-07,-0.024,0.0811,0.0379,0.063,,
SAFE_20m,grass,MSI,2023-06-15,-0.0594,-0.1234,2022-06-20,0.159,-0.2184,0.102,0.0453,,
SAFE_20m,grass,MSI,2023-06-18,-0.1137,-0.1777,2022-06-20,0.159,-0.2727,0.1006,0.0439,0.0392,
SAFE_20m,grass,MSI,2023-06-20,-0.0625,-0.1265,2022-06-20,0.159,-0.2215,0.1066,0.0499,,
SAFE_20m,grass,MSI,2023-06-23,,,2022-06-20,0.159,,,,0.0493,
SAFE_20m,grass,MSI,2023-06-25,0.0081,-0.0559,2022-06-20,0.159,-0.1509,0.1178,0.0611,,
SAFE_20m,grass,MSI,2023-06-28,-0.0894,-0.1534,2022-07-03,0.1313,-0.2207,-0.0655,-0.1222,0.0654,
SAFE_20m,grass,MSI,2023-06-30,-0.0287,-0.0927,2022-07-03,0.1313,-0.16,0.0477,-0.009,0.1149,
SAFE_20m,grass,MSI,2023-07-03,-0.0148,-0.0788,2022-07-03,0.1313,-0.1461,0.0337,-0.023,0.1413,
SAFE_20m,grass,MSI,2023-07-05,-0.0615,-0.1255,2022-07-03,0.1313,-0.1928,0.0182,-0.0385,,
SAFE_20m,grass,MSI,2023-07-08,0.004,-0.06,2022-07-08,0.0999,-0.0959,0.0586,0.0019,0.1309,
SAFE_20m,grass,MSI,2023-07-15,-0.0424,-0.1064,2022-07-18,0.0574,-0.0998,-0.0304,-0.0871,,
SAFE_20m,grass,MSI,2023-07-25,-0.1745,-0.2385,2022-07-23,0.0169,-0.1914,-0.059,-0.1157,,
SAFE_20m,grass,MSI,2023-07-30,-0.1535,-0.2175,2022-07-23,0.0169,-0.1704,-0.1072,-0.1639,-0.038,
SAFE_20m,grass,MSI,2023-08-04,-0.0541,-0.1181,2022-08-07,0.0645,-0.1186,-0.137,-0.1937,,
SAFE_20m,grass,MSI,2023-08-07,-0.167,-0.231,2022-08-07,0.0645,-0.2315,-0.0546,-0.1113,-0.2101,
SAFE_20m,grass,MSI,2023-08-09,-0.1304,-0.1944,2022-08-07,0.0645,-0.1949,-0.0884,-0.1451,,
SAFE_20m,grass,NDVI,2023-06-15,0.0212,0.0534,2022-06-20,-0.013,0.0342,0.0175,0.0383,,
SAFE_20m,grass,NDVI,2023-06-18,0.0265,0.0587,2022-06-20,-0.013,0.0395,0.0133,0.0341,-0.1678,
SAFE_20m,grass,NDVI,2023-06-20,0.0178,0.05,2022-06-20,-0.013,0.0308,0.0168,0.0376,,
SAFE_20m,grass,NDVI,2023-06-23,,,2022-06-20,-0.013,,,,-0.1227,
SAFE_20m,grass,NDVI,2023-06-25,0.0232,0.0554,2022-06-20,-0.013,0.0362,0.0207,0.0415,,
SAFE_20m,grass,NDVI,2023-06-28,0.1265,0.1587,2022-07-03,0.0012,0.1253,0.1308,0.1516,-0.0561,
SAFE_20m,grass,NDVI,2023-06-30,0.0096,0.0418,2022-07-03,0.0012,0.0084,0.0159,0.0367,-0.205,
SAFE_20m,grass,NDVI,2023-07-03,0.0114,0.0436,2022-07-03,0.0012,0.0102,0.0327,0.0535,-0.1982,
SAFE_20m,grass,NDVI,2023-07-05,0.0539,0.0861,2022-07-03,0.0012,0.0527,0.0842,0.105,,
SAFE_20m,grass,NDVI,2023-07-08,0.0629,0.0951,2022-07-08,0.0128,0.0501,0.0702,0.091,-0.1191,
SAFE_20m,grass,NDVI,2023-07-15,0.0221,0.0543,2022-07-18,0.0867,-0.0646,0.0423,0.0631,,
SAFE_20m,grass,NDVI,2023-07-25,0.1393,0.1715,2022-07-23,0.1228,0.0165,0.1488,0.1696,,
SAFE_20m,grass,NDVI,2023-07-30,0.1267,0.1589,2022-07-23,0.1228,0.0039,0.1368,0.1576,-0.0069,
SAFE_20m,grass,NDVI,2023-08-04,0.0438,0.076,2022-08-07,0.0439,-0.0001,0.0939,0.1147,,
SAFE_20m,grass,NDVI,2023-08-07,0.1308,0.163,2022-08-07,0.0439,0.0869,0.1436,0.1644,0.1378,
SAFE_20m,grass,NDVI,2023-08-09,0.1389,0.1711,2022-08-07,0.0439,0.095,0.1455,0.1663,,
SAFE_20m,grass,MNDWI,2023-06-15,-0.003,0.0283,2022-06-20,-0.0205,0.0175,-0.0358,0.0215,,
SAFE_20m,grass,MNDWI,2023-06-18,-0.0052,0.0261,2022-06-20,-0.0205,0.0153,-0.0349,0.0224,0.1383,
SAFE_20m,grass,MNDWI,2023-06-20,-0.0026,0.0287,2022-06-20,-0.0205,0.0179,-0.0308,0.0265,,
SAFE_20m,grass,MNDWI,2023-06-23,,,2022-06-20,-0.0205,,,,0.0749,
SAFE_20m,grass,MNDWI,2023-06-25,-0.0191,0.0122,2022-06-20,-0.0205,0.0014,-0.059,-0.0017,,
SAFE_20m,grass,MNDWI,2023-06-28,-0.047,-0.0157,2022-07-03,-0.022,-0.025,-0.0571,0.0002,0.025,
SAFE_20m,grass,MNDWI,2023-06-30,-0.015,0.0163,2022-07-03,-0.022,0.007,-0.0384,0.0189,0.0815,
SAFE_20m,grass,MNDWI,2023-07-03,-0.0115,0.0198,2022-07-03,-0.022,0.0105,-0.0388,0.0185,0.0673,
SAFE_20m,grass,MNDWI,2023-07-05,-0.0121,0.0192,2022-07-03,-0.022,0.0099,-0.0425,0.0148,,
SAFE_20m,grass,MNDWI,2023-07-08,-0.0395,-0.0082,2022-07-08,-0.0206,-0.0189,-0.0608,-0.0035,0.0269,
SAFE_20m,grass,MNDWI,2023-07-15,0.0063,0.0376,2022-07-18,-0.0483,0.0546,-0.0222,0.0351,,
SAFE_20m,grass,MNDWI,2023-07-25,-0.0033,0.028,2022-07-23,-0.0701,0.0668,-0.0367,0.0206,,
SAFE_20m,grass,MNDWI,2023-07-30,-0.0087,0.0226,2022-07-23,-0.0701,0.0614,-0.0274,0.0299,0.0546,
SAFE_20m,grass,MNDWI,2023-08-04,-0.0084,0.0229,2022-08-07,-0.018,0.0096,-0.014,0.0433,,
SAFE_20m,grass,MNDWI,2023-08-07,-0.0175,0.0138,2022-08-07,-0.018,0.0005,-0.0583,-0.001,0.0051,
SAFE_20m,grass,MNDWI,2023-08-09,-0.0174,0.0139,2022-08-07,-0.018,0.0006,-0.0276,0.0297,,
SAFE_20m,grass,BSI,2023-06-15,-0.042,-0.0589,2022-06-20,0.0402,-0.0822,0.0103,-0.0062,,
SAFE_20m,grass,BSI,2023-06-18,-0.0594,-0.0763,2022-06-20,0.0402,-0.0996,0.0103,-0.0062,-0.0209,
SAFE_20m,grass,BSI,2023-06-20,-0.0469,-0.0638,2022-06-20,0.0402,-0.0871,0.0087,-0.0078,,
SAFE_20m,grass,BSI,2023-06-23,,,2022-06-20,0.0402,,,,-0.0087,
SAFE_20m,grass,BSI,2023-06-25,0.0007,-0.0162,2022-06-20,0.0402,-0.0395,0.0437,0.0272,,
SAFE_20m,grass,BSI,2023-06-28,-0.0488,-0.0657,2022-07-03,0.0281,-0.0769,-0.0469,-0.0634,0.0204,
SAFE_20m,grass,BSI,2023-06-30,-0.0249,-0.0418,2022-07-03,0.0281,-0.053,0.0002,-0.0163,0.03,
SAFE_20m,grass,BSI,2023-07-03,-0.0172,-0.0341,2022-07-03,0.0281,-0.0453,-0.0048,-0.0213,0.0381,
SAFE_20m,grass,BSI,2023-07-05,-0.0379,-0.0548,2022-07-03,0.0281,-0.066,-0.0172,-0.0337,,
SAFE_20m,grass,BSI,2023-07-08,-0.0027,-0.0196,2022-07-08,0.0177,-0.0204,0.0164,-0.0001,0.0499,
SAFE_20m,grass,BSI,2023-07-15,-0.0296,-0.0465,2022-07-18,0.0004,-0.03,-0.0232,-0.0397,,
SAFE_20m,grass,BSI,2023-07-25,-0.0859,-0.1028,2022-07-23,-0.0132,-0.0727,-0.0449,-0.0614,,
SAFE_20m,grass,BSI,2023-07-30,-0.0815,-0.0984,2022-07-23,-0.0132,-0.0683,-0.0654,-0.0819,-0.0403,
SAFE_20m,grass,BSI,2023-08-04,-0.0289,-0.0458,2022-08-07,0.0077,-0.0366,-0.0696,-0.0861,,
SAFE_20m,grass,BSI,2023-08-07,-0.0819,-0.0988,2022-08-07,0.0077,-0.0896,-0.0396,-0.0561,-0.0943,
SAFE_20m,grass,BSI,2023-08-09,-0.0662,-0.0831,2022-08-07,0.0077,-0.0739,-0.0574,-0.0739,,
SAFE_20m,grass,NBR,2023-06-15,0.0602,0.0779,2022-06-20,-0.0537,0.1139,-0.0008,-0.0108,,
SAFE_20m,grass,NBR,2023-06-18,0.1021,0.1198,2022-06-20,-0.0537,0.1558,-0.007,-0.017,0.0067,
SAFE_20m,grass,NBR,2023-06-20,0.0664,0.0841,2022-06-20,-0.0537,0.1201,-0.0292,-0.0392,,
SAFE_20m,grass,NBR,2023-06-23,,,2022-06-20,-0.0537,,,,0.0137,
SAFE_20m,grass,NBR,2023-06-25,0.0177,0.0354,2022-06-20,-0.0537,0.0714,-0.0457,-0.0557,,
SAFE_20m,grass,NBR,2023-06-28,0.094,0.1117,2022-07-03,-0.034,0.128,0.0898,0.0798,0.0071,
SAFE_20m,grass,NBR,2023-06-30,0.0442,0.0619,2022-07-03,-0.034,0.0782,-0.0056,-0.0156,-0.0615,
SAFE_20m,grass,NBR,2023-07-03,0.0285,0.0462,2022-07-03,-0.034,0.0625,0.0056,-0.0044,-0.0775,
SAFE_20m,grass,NBR,2023-07-05,0.0674,0.0851,2022-07-03,-0.034,0.1014,0.0405,0.0305,,
SAFE_20m,grass,NBR,2023-07-08,0.0443,0.062,2022-07-08,-0.0169,0.0612,0.0262,0.0162,-0.0438,
SAFE_20m,grass,NBR,2023-07-15,0.0464,0.0641,2022-07-18,0.0217,0.0247,0.0438,0.0338,,
SAFE_20m,grass,NBR,2023-07-25,0.1501,0.1678,2022-07-23,0.0538,0.0963,0.0948,0.0848,,
SAFE_20m,grass,NBR,2023-07-30,0.1464,0.1641,2022-07-23,0.0538,0.0926,0.1052,0.0952,0.0411,
SAFE_20m,grass,NBR,2023-08-04,0.0533,0.071,2022-08-07,0.0132,0.0401,0.0977,0.0877,,
SAFE_20m,grass,NBR,2023-08-07,0.1523,0.17,2022-08-07,0.0132,0.1391,0.0953,0.0853,0.1607,
SAFE_20m,grass,NBR,2023-08-09,0.123,0.1407,2022-08-07,0.0132,0.1098,0.0992,0.0892,,
SAFE_20m,cropland,SWIR1112,2023-06-15,,,2022-06-20,-0.037,,,,,
SAFE_20m,cropland,SWIR1112,2023-06-18,,,2022-06-20,-0.037,,,,,
SAFE_20m,cropland,SWIR1112,2023-06-20,,,2022-06-20,-0.037,,,,,
SAFE_20m,cropland,SWIR1112,2023-06-23,,,2022-06-20,-0.037,,,,,
SAFE_20m,cropland,SWIR1112,2023-06-25,-0.0392,-0.0725,2022-06-20,-0.037,-0.0022,-0.0835,-0.0598,-0.1437,
SAFE_20m,cropland,SWIR1112,2023-06-28,,,2022-07-03,0.0272,,,,,
SAFE_20m,cropland,SWIR1112,2023-06-30,0.0415,0.0082,2022-07-03,0.0272,0.0143,-0.0321,-0.0084,-0.0874,
SAFE_20m,cropland,SWIR1112,2023-07-03,0.0345,0.0012,2022-07-03,0.0272,0.0073,-0.0372,-0.0135,-0.087,
SAFE_20m,cropland,SWIR1112,2023-07-05,,,2022-07-03,0.0272,,,,,
SAFE_20m,cropland,SWIR1112,2023-07-08,-0.0132,-0.0465,2022-07-08,0.0214,-0.0346,-0.0514,-0.0277,-0.074,
SAFE_20m,cropland,SWIR1112,2023-07-15,,,2022-07-08,0.0214,,-0.0454,-0.0217,,
SAFE_20m,cropland,SWIR1112,2023-07-25,,,,,,,,,
SAFE_20m,cropland,SWIR1112,2023-07-30,0.0283,-0.005,2022-08-07,0.0687,-0.0404,-0.0307,-0.007,,
SAFE_20m,cropland,SWIR1112,2023-08-04,0.0383,0.005,2022-08-07,0.0687,-0.0304,-0.0144,0.0093,,
SAFE_20m,cropland,SWIR1112,2023-08-07,,,2022-08-07,0.0687,,,,,
SAFE_20m,cropland,SWIR1112,2023-08-09,,,2022-08-07,0.0687,,,,,
SAFE_20m,cropland,NDMI,2023-06-15,,,2022-06-20,-0.0499,,,,,
SAFE_20m,cropland,NDMI,2023-06-18,,,2022-06-20,-0.0499,,,,,
SAFE_20m,cropland,NDMI,2023-06-20,,,2022-06-20,-0.0499,,,,,
SAFE_20m,cropland,NDMI,2023-06-23,,,2022-06-20,-0.0499,,,,,
SAFE_20m,cropland,NDMI,2023-06-25,0.0353,-0.0064,2022-06-20,-0.0499,0.0852,-0.1096,0.0841,-0.2059,
SAFE_20m,cropland,NDMI,2023-06-28,,,2022-07-03,0.3015,,,,,
SAFE_20m,cropland,NDMI,2023-06-30,0.1462,0.1045,2022-07-03,0.3015,-0.1553,-0.0485,0.1452,-0.1068,
SAFE_20m,cropland,NDMI,2023-07-03,0.1383,0.0966,2022-07-03,0.3015,-0.1632,-0.023,0.1707,-0.1223,
SAFE_20m,cropland,NDMI,2023-07-05,,,2022-07-03,0.3015,,,,,
SAFE_20m,cropland,NDMI,2023-07-08,0.0884,0.0467,2022-07-08,0.2556,-0.1672,-0.0527,0.141,-0.0918,
SAFE_20m,cropland,NDMI,2023-07-15,,,2022-07-08,0.2556,,-0.0184,0.1753,,
SAFE_20m,cropland,NDMI,2023-07-25,,,,,,,,,
SAFE_20m,cropland,NDMI,2023-07-30,0.1151,0.0734,2022-08-07,0.3117,-0.1966,-0.0374,0.1563,,
SAFE_20m,cropland,NDMI,2023-08-04,0.1464,0.1047,2022-08-07,0.3117,-0.1653,-0.0039,0.1898,,
SAFE_20m,cropland,NDMI,2023-08-07,,,2022-08-07,0.3117,,,,,
SAFE_20m,cropland,NDMI,2023-08-09,,,2022-08-07,0.3117,,,,,
SAFE_20m,cropland,MSI,2023-06-15,,,2022-06-20,-0.0272,,,,,
SAFE_20m,cropland,MSI,2023-06-18,,,2022-06-20,-0.0272,,,,,
SAFE_20m,cropland,MSI,2023-06-20,,,2022-06-20,-0.0272,,,,,
SAFE_20m,cropland,MSI,2023-06-23,,,2022-06-20,-0.0272,,,,,
SAFE_20m,cropland,MSI,2023-06-25,-0.0593,0.01,2022-06-20,-0.0272,-0.0321,0.2114,-0.1692,0.4411,
SAFE_20m,cropland,MSI,2023-06-28,,,2022-07-03,-0.5284,,,,,
SAFE_20m,cropland,MSI,2023-06-30,-0.2278,-0.1585,2022-07-03,-0.5284,0.3006,0.0902,-0.2904,0.2106,
SAFE_20m,cropland,MSI,2023-07-03,-0.2277,-0.1584,2022-07-03,-0.5284,0.3007,0.0439,-0.3367,0.2587,
SAFE_20m,cropland,MSI,2023-07-05,,,2022-07-03,-0.5284,,,,,
SAFE_20m,cropland,MSI,2023-07-08,-0.1404,-0.0711,2022-07-08,-0.468,0.3276,0.0951,-0.2855,0.1722,
SAFE_20m,cropland,MSI,2023-07-15,,,2022-07-08,-0.468,,0.0331,-0.3475,,
SAFE_20m,cropland,MSI,2023-07-25,,,,,,,,,
SAFE_20m,cropland,MSI,2023-07-30,-0.177,-0.1077,2022-08-07,-0.6204,0.4434,0.0655,-0.3151,,
SAFE_20m,cropland,MSI,2023-08-04,-0.2281,-0.1588,2022-08-07,-0.6204,0.3923,0.007,-0.3736,,
SAFE_20m,cropland,MSI,2023-08-07,,,2022-08-07,-0.6204,,,,,
SAFE_20m,cropland,MSI,2023-08-09,,,2022-08-07,-0.6204,,,,,
SAFE_20m,cropland,NDVI,2023-06-15,,,2022-06-20,0.1141,,,,,
SAFE_20m,cropland,NDVI,2023-06-18,,,2022-06-20,0.1141,,,,,
SAFE_20m,cropland,NDVI,2023-06-20,,,2022-06-20,0.1141,,,,,
SAFE_20m,cropland,NDVI,2023-06-23,,,2022-06-20,0.1141,,,,,
SAFE_20m,cropland,NDVI,2023-06-25,-0.0651,0.0565,2022-06-20,0.1141,-0.1792,-0.0342,0.0888,-0.256,
SAFE_20m,cropland,NDVI,2023-06-28,,,2022-07-03,0.0382,,,,,
SAFE_20m,cropland,NDVI,2023-06-30,0.0274,0.149,2022-07-03,0.0382,-0.0108,0.0164,0.1394,-0.2013,
SAFE_20m,cropland,NDVI,2023-07-03,0.0054,0.127,2022-07-03,0.0382,-0.0328,0.0139,0.1369,-0.2316,
SAFE_20m,cropland,NDVI,2023-07-05,,,2022-07-03,0.0382,,,,,
SAFE_20m,cropland,NDVI,2023-07-08,-0.0016,0.12,2022-07-08,0.0459,-0.0475,-0.0007,0.1223,-0.1426,
SAFE_20m,cropland,NDVI,2023-07-15,,,2022-07-08,0.0459,,-0.0029,0.1201,,
SAFE_20m,cropland,NDVI,2023-07-25,,,,,,,,,
SAFE_20m,cropland,NDVI,2023-07-30,0.031,0.1526,2022-08-07,0.1225,-0.0915,0.0029,0.1259,,
SAFE_20m,cropland,NDVI,2023-08-04,0.0382,0.1598,2022-08-07,0.1225,-0.0843,0.0251,0.1481,,
SAFE_20m,cropland,NDVI,2023-08-07,,,2022-08-07,0.1225,,,,,
SAFE_20m,cropland,NDVI,2023-08-09,,,2022-08-07,0.1225,,,,,
SAFE_20m,cropland,MNDWI,2023-06-15,,,2022-06-20,0.1304,,,,,
SAFE_20m,cropland,MNDWI,2023-06-18,,,2022-06-20,0.1304,,,,,
SAFE_20m,cropland,MNDWI,2023-06-20,,,2022-06-20,0.1304,,,,,
SAFE_20m,cropland,MNDWI,2023-06-23,,,2022-06-20,0.1304,,,,,
SAFE_20m,cropland,MNDWI,2023-06-25,0.1797,-0.0028,2022-06-20,0.1304,0.0493,-0.0307,0.0283,0.0442,
SAFE_20m,cropland,MNDWI,2023-06-28,,,2022-07-03,0.5226,,,,,
SAFE_20m,cropland,MNDWI,2023-06-30,0.1342,-0.0483,2022-07-03,0.5226,-0.3884,-0.0209,0.0381,0.0469,
SAFE_20m,cropland,MNDWI,2023-07-03,0.1404,-0.0421,2022-07-03,0.5226,-0.3822,-0.0092,0.0498,0.0564,
SAFE_20m,cropland,MNDWI,2023-07-05,,,2022-07-03,0.5226,,,,,
SAFE_20m,cropland,MNDWI,2023-07-08,0.1057,-0.0768,2022-07-08,0.4644,-0.3587,-0.0157,0.0433,0.0371,
SAFE_20m,cropland,MNDWI,2023-07-15,,,2022-07-08,0.4644,,-0.0117,0.0473,,
SAFE_20m,cropland,MNDWI,2023-07-25,,,,,,,,,
SAFE_20m,cropland,MNDWI,2023-07-30,0.0731,-0.1094,2022-08-07,0.381,-0.3079,-0.0096,0.0494,,
SAFE_20m,cropland,MNDWI,2023-08-04,0.0744,-0.1081,2022-08-07,0.381,-0.3066,-0.0053,0.0537,,
SAFE_20m,cropland,MNDWI,2023-08-07,,,2022-08-07,0.381,,,,,
SAFE_20m,cropland,MNDWI,2023-08-09,,,2022-08-07,0.381,,,,,
SAFE_20m,cropland,BSI,2023-06-15,,,2022-06-20,0.0256,,,,,
SAFE_20m,cropland,BSI,2023-06-18,,,2022-06-20,0.0256,,,,,
SAFE_20m,cropland,BSI,2023-06-20,,,2022-06-20,0.0256,,,,,
SAFE_20m,cropland,BSI,2023-06-23,,,2022-06-20,0.0256,,,,,
SAFE_20m,cropland,BSI,2023-06-25,-0.0651,-0.0669,2022-06-20,0.0256,-0.0907,0.089,-0.0644,0.165,
SAFE_20m,cropland,BSI,2023-06-28,,,2022-07-03,-0.2555,,,,,
SAFE_20m,cropland,BSI,2023-06-30,-0.1123,-0.1141,2022-07-03,-0.2555,0.1432,0.0198,-0.1336,0.0735,
SAFE_20m,cropland,BSI,2023-07-03,-0.1124,-0.1142,2022-07-03,-0.2555,0.1431,0.0055,-0.1479,0.0947,
SAFE_20m,cropland,BSI,2023-07-05,,,2022-07-03,-0.2555,,,,,
SAFE_20m,cropland,BSI,2023-07-08,-0.0744,-0.0762,2022-07-08,-0.2397,0.1653,0.0352,-0.1182,0.0775,
SAFE_20m,cropland,BSI,2023-07-15,,,2022-07-08,-0.2397,,0.0093,-0.1441,,
SAFE_20m,cropland,BSI,2023-07-25,,,,,,,,,
SAFE_20m,cropland,BSI,2023-07-30,-0.0921,-0.0939,2022-08-07,-0.2846,0.1925,0.0174,-0.136,,
SAFE_20m,cropland,BSI,2023-08-04,-0.11,-0.1118,2022-08-07,-0.2846,0.1746,-0.0012,-0.1546,,
SAFE_20m,cropland,BSI,2023-08-07,,,2022-08-07,-0.2846,,,,,
SAFE_20m,cropland,BSI,2023-08-09,,,2022-08-07,-0.2846,,,,,
SAFE_20m,cropland,NBR,2023-06-15,,,2022-06-20,-0.0871,,,,,
SAFE_20m,cropland,NBR,2023-06-18,,,2022-06-20,-0.0871,,,,,
SAFE_20m,cropland,NBR,2023-06-20,,,2022-06-20,-0.0871,,,,,
SAFE_20m,cropland,NBR,2023-06-23,,,2022-06-20,-0.0871,,,,,
SAFE_20m,cropland,NBR,2023-06-25,-0.0117,-0.0754,2022-06-20,-0.0871,0.0754,-0.1871,0.0255,-0.3406,
SAFE_20m,cropland,NBR,2023-06-28,,,2022-07-03,0.3056,,,,,
SAFE_20m,cropland,NBR,2023-06-30,0.1711,0.1074,2022-07-03,0.3056,-0.1345,-0.0737,0.1389,-0.1792,
SAFE_20m,cropland,NBR,2023-07-03,0.1565,0.0928,2022-07-03,0.3056,-0.1491,-0.054,0.1586,-0.2089,
SAFE_20m,cropland,NBR,2023-07-05,,,2022-07-03,0.3056,,,,,
SAFE_20m,cropland,NBR,2023-07-08,0.0664,0.0027,2022-07-08,0.2528,-0.1864,-0.0894,0.1232,-0.1605,
SAFE_20m,cropland,NBR,2023-07-15,,,2022-07-08,0.2528,,-0.0635,0.1491,,
SAFE_20m,cropland,NBR,2023-07-25,,,,,,,,,
SAFE_20m,cropland,NBR,2023-07-30,0.135,0.0713,2022-08-07,0.3685,-0.2335,-0.0605,0.1521,,
SAFE_20m,cropland,NBR,2023-08-04,0.177,0.1133,2022-08-07,0.3685,-0.1915,-0.0119,0.2007,,
SAFE_20m,cropland,NBR,2023-08-07,,,2022-08-07,0.3685,,,,,
SAFE_20m,cropland,NBR,2023-08-09,,,2022-08-07,0.3685,,,,,
SAFE_20m,wetland,SWIR1112,2023-06-15,,,2022-06-20,0.0825,,,,,
SAFE_20m,wetland,SWIR1112,2023-06-18,,,2022-06-20,0.0825,,,,,
SAFE_20m,wetland,SWIR1112,2023-06-20,,,2022-06-20,0.0825,,,,,
SAFE_20m,wetland,SWIR1112,2023-06-23,,,2022-06-20,0.0825,,,,,
SAFE_20m,wetland,SWIR1112,2023-06-25,,,2022-06-20,0.0825,,,,,
SAFE_20m,wetland,SWIR1112,2023-06-28,,,2022-07-03,0.0852,,,,,
SAFE_20m,wetland,SWIR1112,2023-06-30,0.0271,-0.0074,2022-07-03,0.0852,-0.0581,,,,
SAFE_20m,wetland,SWIR1112,2023-07-03,0.0258,-0.0087,2022-07-03,0.0852,-0.0594,,,-0.1171,
SAFE_20m,wetland,SWIR1112,2023-07-05,,,2022-07-03,0.0852,,,,,
SAFE_20m,wetland,SWIR1112,2023-07-08,0.0128,-0.0217,2022-07-08,0.0821,-0.0693,,,-0.1243,
SAFE_20m,wetland,SWIR1112,2023-07-15,,,2022-07-08,0.0821,,,,,
SAFE_20m,wetland,SWIR1112,2023-07-25,,,,,,,,,
SAFE_20m,wetland,SWIR1112,2023-07-30,0.0533,0.0188,2022-08-07,0.1164,-0.0631,,,,
SAFE_20m,wetland,SWIR1112,2023-08-04,0.0729,0.0384,2022-08-07,0.1164,-0.0435,,,,
SAFE_20m,wetland,SWIR1112,2023-08-07,,,2022-08-07,0.1164,,,,,
SAFE_20m,wetland,SWIR1112,2023-08-09,,,2022-08-07,0.1164,,,,,
SAFE_20m,wetland,NDMI,2023-06-15,,,2022-06-20,0.1972,,,,,
SAFE_20m,wetland,NDMI,2023-06-18,,,2022-06-20,0.1972,,,,,
SAFE_20m,wetland,NDMI,2023-06-20,,,2022-06-20,0.1972,,,,,
SAFE_20m,wetland,NDMI,2023-06-23,,,2022-06-20,0.1972,,,,,
SAFE_20m,wetland,NDMI,2023-06-25,,,2022-06-20,0.1972,,,,,
SAFE_20m,wetland,NDMI,2023-06-28,,,2022-07-03,0.1824,,,,,
SAFE_20m,wetland,NDMI,2023-06-30,0.0737,0.0303,2022-07-03,0.1824,-0.1087,,,,
SAFE_20m,wetland,NDMI,2023-07-03,0.0717,0.0283,2022-07-03,0.1824,-0.1107,,,-0.287,
SAFE_20m,wetland,NDMI,2023-07-05,,,2022-07-03,0.1824,,,,,
SAFE_20m,wetland,NDMI,2023-07-08,0.0479,0.0045,2022-07-08,0.185,-0.1371,,,-0.2708,
SAFE_20m,wetland,NDMI,2023-07-15,,,2022-07-08,0.185,,,,,
SAFE_20m,wetland,NDMI,2023-07-25,,,,,,,,,
SAFE_20m,wetland,NDMI,2023-07-30,0.1055,0.0621,2022-08-07,0.2487,-0.1432,,,,
SAFE_20m,wetland,NDMI,2023-08-04,0.1593,0.1159,2022-08-07,0.2487,-0.0894,,,,
SAFE_20m,wetland,NDMI,2023-08-07,,,2022-08-07,0.2487,,,,,
SAFE_20m,wetland,NDMI,2023-08-09,,,2022-08-07,0.2487,,,,,
SAFE_20m,wetland,MSI,2023-06-15,,,2022-06-20,-0.2938,,,,,
SAFE_20m,wetland,MSI,2023-06-18,,,2022-06-20,-0.2938,,,,,
SAFE_20m,wetland,MSI,2023-06-20,,,2022-06-20,-0.2938,,,,,
SAFE_20m,wetland,MSI,2023-06-23,,,2022-06-20,-0.2938,,,,,
SAFE_20m,wetland,MSI,2023-06-25,,,2022-06-20,-0.2938,,,,,
SAFE_20m,wetland,MSI,2023-06-28,,,2022-07-03,-0.2498,,,,,
SAFE_20m,wetland,MSI,2023-06-30,-0.1006,-0.0372,2022-07-03,-0.2498,0.1492,,,,
SAFE_20m,wetland,MSI,2023-07-03,-0.0989,-0.0355,2022-07-03,-0.2498,0.1509,,,0.5566,
SAFE_20m,wetland,MSI,2023-07-05,,,2022-07-03,-0.2498,,,,,
SAFE_20m,wetland,MSI,2023-07-08,-0.0641,-0.0007,2022-07-08,-0.2637,0.1996,,,0.4866,
SAFE_20m,wetland,MSI,2023-07-15,,,2022-07-08,-0.2637,,,,,
SAFE_20m,wetland,MSI,2023-07-25,,,,,,,,,
SAFE_20m,wetland,MSI,2023-07-30,-0.1464,-0.083,2022-08-07,-0.3621,0.2157,,,,
SAFE_20m,wetland,MSI,2023-08-04,-0.2389,-0.1755,2022-08-07,-0.3621,0.1232,,,,
SAFE_20m,wetland,MSI,2023-08-07,,,2022-08-07,-0.3621,,,,,
SAFE_20m,wetland,MSI,2023-08-09,,,2022-08-07,-0.3621,,,,,
SAFE_20m,wetland,NDVI,2023-06-15,,,2022-06-20,0.1376,,,,,
SAFE_20m,wetland,NDVI,2023-06-18,,,2022-06-20,0.1376,,,,,
SAFE_20m,wetland,NDVI,2023-06-20,,,2022-06-20,0.1376,,,,,
SAFE_20m,wetland,NDVI,2023-06-23,,,2022-06-20,0.1376,,,,,
SAFE_20m,wetland,NDVI,2023-06-25,,,2022-06-20,0.1376,,,,,
SAFE_20m,wetland,NDVI,2023-06-28,,,2022-07-03,0.0743,,,,,
SAFE_20m,wetland,NDVI,2023-06-30,0.0267,-0.006,2022-07-03,0.0743,-0.0476,,,,
SAFE_20m,wetland,NDVI,2023-07-03,0.0044,-0.0283,2022-07-03,0.0743,-0.0699,,,-0.3905,
SAFE_20m,wetland,NDVI,2023-07-05,,,2022-07-03,0.0743,,,,,
SAFE_20m,wetland,NDVI,2023-07-08,0.0342,0.0015,2022-07-08,0.0958,-0.0616,,,-0.3251,
SAFE_20m,wetland,NDVI,2023-07-15,,,2022-07-08,0.0958,,,,,
SAFE_20m,wetland,NDVI,2023-07-25,,,,,,,,,
SAFE_20m,wetland,NDVI,2023-07-30,0.0668,0.0341,2022-08-07,0.1214,-0.0546,,,,
SAFE_20m,wetland,NDVI,2023-08-04,0.0978,0.0651,2022-08-07,0.1214,-0.0236,,,,
SAFE_20m,wetland,NDVI,2023-08-07,,,2022-08-07,0.1214,,,,,
SAFE_20m,wetland,NDVI,2023-08-09,,,2022-08-07,0.1214,,,,,
SAFE_20m,wetland,MNDWI,2023-06-15,,,2022-06-20,0.061,,,,,
SAFE_20m,wetland,MNDWI,2023-06-18,,,2022-06-20,0.061,,,,,
SAFE_20m,wetland,MNDWI,2023-06-20,,,2022-06-20,0.061,,,,,
SAFE_20m,wetland,MNDWI,2023-06-23,,,2022-06-20,0.061,,,,,
SAFE_20m,wetland,MNDWI,2023-06-25,,,2022-06-20,0.061,,,,,
SAFE_20m,wetland,MNDWI,2023-06-28,,,2022-07-03,0.0846,,,,,
SAFE_20m,wetland,MNDWI,2023-06-30,0.0375,-0.0013,2022-07-03,0.0846,-0.0471,,,,
SAFE_20m,wetland,MNDWI,2023-07-03,0.0563,0.0175,2022-07-03,0.0846,-0.0283,,,0.0274,
SAFE_20m,wetland,MNDWI,2023-07-05,,,2022-07-03,0.0846,,,,,
SAFE_20m,wetland,MNDWI,2023-07-08,0.0146,-0.0242,2022-07-08,0.0778,-0.0632,,,-0.0098,
SAFE_20m,wetland,MNDWI,2023-07-15,,,2022-07-08,0.0778,,,,,
SAFE_20m,wetland,MNDWI,2023-07-25,,,,,,,,,
SAFE_20m,wetland,MNDWI,2023-07-30,0.013,-0.0258,2022-08-07,0.108,-0.095,,,,
SAFE_20m,wetland,MNDWI,2023-08-04,0.0249,-0.0139,2022-08-07,0.108,-0.0831,,,,
SAFE_20m,wetland,MNDWI,2023-08-07,,,2022-08-07,0.108,,,,,
SAFE_20m,wetland,MNDWI,2023-08-09,,,2022-08-07,0.108,,,,,
SAFE_20m,wetland,BSI,2023-06-15,,,2022-06-20,-0.1989,,,,,
SAFE_20m,wetland,BSI,2023-06-18,,,2022-06-20,-0.1989,,,,,
SAFE_20m,wetland,BSI,2023-06-20,,,2022-06-20,-0.1989,,,,,
SAFE_20m,wetland,BSI,2023-06-23,,,2022-06-20,-0.1989,,,,,
SAFE_20m,wetland,BSI,2023-06-25,,,2022-06-20,-0.1989,,,,,
SAFE_20m,wetland,BSI,2023-06-28,,,2022-07-03,-0.1728,,,,,
SAFE_20m,wetland,BSI,2023-06-30,-0.0687,-0.0145,2022-07-03,-0.1728,0.1041,,,,
SAFE_20m,wetland,BSI,2023-07-03,-0.0627,-0.0085,2022-07-03,-0.1728,0.1101,,,0.2605,
SAFE_20m,wetland,BSI,2023-07-05,,,2022-07-03,-0.1728,,,,,
SAFE_20m,wetland,BSI,2023-07-08,-0.0536,0.0006,2022-07-08,-0.1724,0.1188,,,0.2476,
SAFE_20m,wetland,BSI,2023-07-15,,,2022-07-08,-0.1724,,,,,
SAFE_20m,wetland,BSI,2023-07-25,,,,,,,,,
SAFE_20m,wetland,BSI,2023-07-30,-0.1043,-0.0501,2022-08-07,-0.239,0.1347,,,,
SAFE_20m,wetland,BSI,2023-08-04,-0.1575,-0.1033,2022-08-07,-0.239,0.0815,,,,
SAFE_20m,wetland,BSI,2023-08-07,,,2022-08-07,-0.239,,,,,
SAFE_20m,wetland,BSI,2023-08-09,,,2022-08-07,-0.239,,,,,
SAFE_20m,wetland,NBR,2023-06-15,,,2022-06-20,0.2512,,,,,
SAFE_20m,wetland,NBR,2023-06-18,,,2022-06-20,0.2512,,,,,
SAFE_20m,wetland,NBR,2023-06-20,,,2022-06-20,0.2512,,,,,
SAFE_20m,wetland,NBR,2023-06-23,,,2022-06-20,0.2512,,,,,
SAFE_20m,wetland,NBR,2023-06-25,,,2022-06-20,0.2512,,,,,
SAFE_20m,wetland,NBR,2023-06-28,,,2022-07-03,0.2312,,,,,
SAFE_20m,wetland,NBR,2023-06-30,0.0798,0.0095,2022-07-03,0.2312,-0.1514,,,,
SAFE_20m,wetland,NBR,2023-07-03,0.0809,0.0106,2022-07-03,0.2312,-0.1503,,,-0.3969,
SAFE_20m,wetland,NBR,2023-07-05,,,2022-07-03,0.2312,,,,,
SAFE_20m,wetland,NBR,2023-07-08,0.049,-0.0213,2022-07-08,0.2383,-0.1893,,,-0.3729,
SAFE_20m,wetland,NBR,2023-07-15,,,2022-07-08,0.2383,,,,,
SAFE_20m,wetland,NBR,2023-07-25,,,,,,,,,
SAFE_20m,wetland,NBR,2023-07-30,0.1324,0.0621,2022-08-07,0.3357,-0.2033,,,,
SAFE_20m,wetland,NBR,2023-08-04,0.201,0.1307,2022-08-07,0.3357,-0.1347,,,,
SAFE_20m,wetland,NBR,2023-08-07,,,2022-08-07,0.3357,,,,,
SAFE_20m,wetland,NBR,2023-08-09,,,2022-08-07,0.3357,,,,,
SAFE_20m,ndvi<0.3 bare/sparse,SWIR1112,2023-06-15,0.0222,-0.0034,2022-06-20,0.0878,-0.0656,-0.0078,-0.0518,0.0676,0.0127
SAFE_20m,ndvi<0.3 bare/sparse,SWIR1112,2023-06-18,0.0283,0.0027,2022-06-20,0.0878,-0.0595,-0.0025,-0.0465,0.0398,-0.0151
SAFE_20m,ndvi<0.3 bare/sparse,SWIR1112,2023-06-20,0.0144,-0.0112,2022-06-20,0.0878,-0.0734,-0.0138,-0.0578,-0.0065,-0.0614
SAFE_20m,ndvi<0.3 bare/sparse,SWIR1112,2023-06-23,,,2022-06-20,0.0878,,,,,
SAFE_20m,ndvi<0.3 bare/sparse,SWIR1112,2023-06-25,0.0154,-0.0102,2022-06-20,0.0878,-0.0724,0.0104,-0.0336,-0.0073,-0.0622
SAFE_20m,ndvi<0.3 bare/sparse,SWIR1112,2023-06-28,0.0363,0.0107,2022-07-03,0.0895,-0.0532,,,0.0078,-0.0471
SAFE_20m,ndvi<0.3 bare/sparse,SWIR1112,2023-06-30,0.0284,0.0028,2022-07-03,0.0895,-0.0611,0.0291,-0.0149,0.0103,-0.0446
SAFE_20m,ndvi<0.3 bare/sparse,SWIR1112,2023-07-03,0.0315,0.0059,2022-07-03,0.0895,-0.058,0.0312,-0.0128,0.0216,-0.0333
SAFE_20m,ndvi<0.3 bare/sparse,SWIR1112,2023-07-05,0.0362,0.0106,2022-07-03,0.0895,-0.0533,0.0277,-0.0163,0.0193,-0.0356
SAFE_20m,ndvi<0.3 bare/sparse,SWIR1112,2023-07-08,0.0154,-0.0102,2022-07-08,0.0977,-0.0823,0.0074,-0.0366,0.0065,-0.0484
SAFE_20m,ndvi<0.3 bare/sparse,SWIR1112,2023-07-15,0.0333,0.0077,2022-07-18,0.1091,-0.0758,0.0566,0.0126,,
SAFE_20m,ndvi<0.3 bare/sparse,SWIR1112,2023-07-25,0.0474,0.0218,2022-07-23,0.1169,-0.0695,0.0369,-0.0071,0.0428,-0.0121
SAFE_20m,ndvi<0.3 bare/sparse,SWIR1112,2023-07-30,0.0529,0.0273,2022-07-23,0.1169,-0.064,0.0547,0.0107,0.0548,-0.0001
SAFE_20m,ndvi<0.3 bare/sparse,SWIR1112,2023-08-04,0.0407,0.0151,2022-08-07,0.0995,-0.0588,0.0635,0.0195,0.0537,-0.0012
SAFE_20m,ndvi<0.3 bare/sparse,SWIR1112,2023-08-07,0.0531,0.0275,2022-08-07,0.0995,-0.0464,,,,
SAFE_20m,ndvi<0.3 bare/sparse,SWIR1112,2023-08-09,0.06,0.0344,2022-08-07,0.0995,-0.0395,0.0688,0.0248,0.087,0.0321
SAFE_20m,ndvi<0.3 bare/sparse,NDMI,2023-06-15,-0.0784,-0.0112,2022-06-20,-0.012,-0.0664,-0.0972,-0.0558,-0.0986,-0.0515
SAFE_20m,ndvi<0.3 bare/sparse,NDMI,2023-06-18,-0.0435,0.0237,2022-06-20,-0.012,-0.0315,-0.0694,-0.028,-0.0747,-0.0276
SAFE_20m,ndvi<0.3 bare/sparse,NDMI,2023-06-20,-0.0592,0.008,2022-06-20,-0.012,-0.0472,-0.0712,-0.0298,-0.0869,-0.0398
SAFE_20m,ndvi<0.3 bare/sparse,NDMI,2023-06-23,,,2022-06-20,-0.012,,,,,
SAFE_20m,ndvi<0.3 bare/sparse,NDMI,2023-06-25,-0.064,0.0032,2022-06-20,-0.012,-0.052,-0.0335,0.0079,-0.0809,-0.0338
SAFE_20m,ndvi<0.3 bare/sparse,NDMI,2023-06-28,-0.0204,0.0468,2022-07-03,0.0256,-0.046,,,-0.0522,-0.0051
SAFE_20m,ndvi<0.3 bare/sparse,NDMI,2023-06-30,-0.0495,0.0177,2022-07-03,0.0256,-0.0751,-0.0278,0.0136,-0.034,0.0131
SAFE_20m,ndvi<0.3 bare/sparse,NDMI,2023-07-03,-0.0469,0.0203,2022-07-03,0.0256,-0.0725,-0.0201,0.0213,-0.0296,0.0175
SAFE_20m,ndvi<0.3 bare/sparse,NDMI,2023-07-05,-0.0528,0.0144,2022-07-03,0.0256,-0.0784,-0.032,0.0094,-0.0419,0.0052
SAFE_20m,ndvi<0.3 bare/sparse,NDMI,2023-07-08,-0.0664,0.0008,2022-07-08,0.0403,-0.1067,-0.0464,-0.005,-0.0296,0.0175
SAFE_20m,ndvi<0.3 bare/sparse,NDMI,2023-07-15,-0.012,0.0552,2022-07-18,0.0325,-0.0445,0.0156,0.057,,
SAFE_20m,ndvi<0.3 bare/sparse,NDMI,2023-07-25,-0.018,0.0492,2022-07-23,0.0899,-0.1079,-0.025,0.0164,0.0024,0.0495
SAFE_20m,ndvi<0.3 bare/sparse,NDMI,2023-07-30,-0.0067,0.0605,2022-07-23,0.0899,-0.0966,0.025,0.0664,0.0392,0.0863
SAFE_20m,ndvi<0.3 bare/sparse,NDMI,2023-08-04,-0.0284,0.0388,2022-08-07,0.0208,-0.0492,0.0676,0.109,0.0464,0.0935
SAFE_20m,ndvi<0.3 bare/sparse,NDMI,2023-08-07,-0.0121,0.0551,2022-08-07,0.0208,-0.0329,,,,
SAFE_20m,ndvi<0.3 bare/sparse,NDMI,2023-08-09,-0.0227,0.0445,2022-08-07,0.0208,-0.0435,0.0013,0.0427,0.0474,0.0945
SAFE_20m,ndvi<0.3 bare/sparse,MSI,2023-06-15,0.2084,0.0236,2022-06-20,0.0132,0.1952,0.265,0.1546,0.2689,0.1424
SAFE_20m,ndvi<0.3 bare/sparse,MSI,2023-06-18,0.1155,-0.0693,2022-06-20,0.0132,0.1023,0.1902,0.0798,0.2058,0.0793
SAFE_20m,ndvi<0.3 bare/sparse,MSI,2023-06-20,0.1609,-0.0239,2022-06-20,0.0132,0.1477,0.1963,0.0859,0.2443,0.1178
SAFE_20m,ndvi<0.3 bare/sparse,MSI,2023-06-23,,,2022-06-20,0.0132,,,,,
SAFE_20m,ndvi<0.3 bare/sparse,MSI,2023-06-25,0.165,-0.0198,2022-06-20,0.0132,0.1518,0.0834,-0.027,0.2128,0.0863
SAFE_20m,ndvi<0.3 bare/sparse,MSI,2023-06-28,0.0518,-0.133,2022-07-03,-0.0629,0.1147,,,0.138,0.0115
SAFE_20m,ndvi<0.3 bare/sparse,MSI,2023-06-30,0.1339,-0.0509,2022-07-03,-0.0629,0.1968,0.0735,-0.0369,0.0904,-0.0361
SAFE_20m,ndvi<0.3 bare/sparse,MSI,2023-07-03,0.1277,-0.0571,2022-07-03,-0.0629,0.1906,0.053,-0.0574,0.0789,-0.0476
SAFE_20m,ndvi<0.3 bare/sparse,MSI,2023-07-05,0.1449,-0.0399,2022-07-03,-0.0629,0.2078,0.0856,-0.0248,0.1135,-0.013
SAFE_20m,ndvi<0.3 bare/sparse,MSI,2023-07-08,0.1682,-0.0166,2022-07-08,-0.0996,0.2678,0.1149,0.0045,0.0719,-0.0546
SAFE_20m,ndvi<0.3 bare/sparse,MSI,2023-07-15,0.0306,-0.1542,2022-07-18,-0.0799,0.1105,-0.0386,-0.149,,
SAFE_20m,ndvi<0.3 bare/sparse,MSI,2023-07-25,0.0478,-0.137,2022-07-23,-0.2066,0.2544,0.067,-0.0434,-0.0061,-0.1326
SAFE_20m,ndvi<0.3 bare/sparse,MSI,2023-07-30,0.0171,-0.1677,2022-07-23,-0.2066,0.2237,-0.0617,-0.1721,-0.0951,-0.2216
SAFE_20m,ndvi<0.3 bare/sparse,MSI,2023-08-04,0.0741,-0.1107,2022-08-07,-0.0549,0.129,-0.1584,-0.2688,-0.1113,-0.2378
SAFE_20m,ndvi<0.3 bare/sparse,MSI,2023-08-07,0.0315,-0.1533,2022-08-07,-0.0549,0.0864,,,,
SAFE_20m,ndvi<0.3 bare/sparse,MSI,2023-08-09,0.0594,-0.1254,2022-08-07,-0.0549,0.1143,-0.0034,-0.1138,-0.1151,-0.2416
SAFE_20m,ndvi<0.3 bare/sparse,NDVI,2023-06-15,0.0656,-0.013,2022-06-20,0.171,-0.1054,0.044,-0.0454,0.0338,-0.0313
SAFE_20m,ndvi<0.3 bare/sparse,NDVI,2023-06-18,0.0725,-0.0061,2022-06-20,0.171,-0.0985,0.0537,-0.0357,0.0312,-0.0339
SAFE_20m,ndvi<0.3 bare/sparse,NDVI,2023-06-20,0.0661,-0.0125,2022-06-20,0.171,-0.1049,0.0453,-0.0441,0.0035,-0.0616
SAFE_20m,ndvi<0.3 bare/sparse,NDVI,2023-06-23,,,2022-06-20,0.171,,,,,
SAFE_20m,ndvi<0.3 bare/sparse,NDVI,2023-06-25,0.0843,0.0057,2022-06-20,0.171,-0.0867,0.0825,-0.0069,0.0052,-0.0599
SAFE_20m,ndvi<0.3 bare/sparse,NDVI,2023-06-28,0.0823,0.0037,2022-07-03,0.1841,-0.1018,,,0.0575,-0.0076
SAFE_20m,ndvi<0.3 bare/sparse,NDVI,2023-06-30,0.0717,-0.0069,2022-07-03,0.1841,-0.1124,0.1081,0.0187,-0.0097,-0.0748
SAFE_20m,ndvi<0.3 bare/sparse,NDVI,2023-07-03,0.0837,0.0051,2022-07-03,0.1841,-0.1004,0.1241,0.0347,0.0049,-0.0602
SAFE_20m,ndvi<0.3 bare/sparse,NDVI,2023-07-05,0.101,0.0224,2022-07-03,0.1841,-0.0831,0.1184,0.029,0.0658,0.0007
SAFE_20m,ndvi<0.3 bare/sparse,NDVI,2023-07-08,0.0929,0.0143,2022-07-08,0.1729,-0.08,0.1087,0.0193,0.0301,-0.035
SAFE_20m,ndvi<0.3 bare/sparse,NDVI,2023-07-15,0.0757,-0.0029,2022-07-18,0.2535,-0.1778,0.1279,0.0385,,
SAFE_20m,ndvi<0.3 bare/sparse,NDVI,2023-07-25,0.1323,0.0537,2022-07-23,0.275,-0.1427,0.1262,0.0368,0.139,0.0739
SAFE_20m,ndvi<0.3 bare/sparse,NDVI,2023-07-30,0.1093,0.0307,2022-07-23,0.275,-0.1657,0.1683,0.0789,0.1106,0.0455
SAFE_20m,ndvi<0.3 bare/sparse,NDVI,2023-08-04,0.1241,0.0455,2022-08-07,0.1885,-0.0644,0.1903,0.1009,0.1131,0.048
SAFE_20m,ndvi<0.3 bare/sparse,NDVI,2023-08-07,0.139,0.0604,2022-08-07,0.1885,-0.0495,,,,
SAFE_20m,ndvi<0.3 bare/sparse,NDVI,2023-08-09,0.1512,0.0726,2022-08-07,0.1885,-0.0373,0.1768,0.0874,0.2047,0.1396
SAFE_20m,ndvi<0.3 bare/sparse,MNDWI,2023-06-15,-0.1132,0.008,2022-06-20,-0.124,0.0108,-0.0916,-0.0025,-0.0781,-0.034
SAFE_20m,ndvi<0.3 bare/sparse,MNDWI,2023-06-18,-0.0829,0.0383,2022-06-20,-0.124,0.0411,-0.0696,0.0195,-0.0502,-0.0061
SAFE_20m,ndvi<0.3 bare/sparse,MNDWI,2023-06-20,-0.0826,0.0386,2022-06-20,-0.124,0.0414,-0.0556,0.0335,-0.0457,-0.0016
SAFE_20m,ndvi<0.3 bare/sparse,MNDWI,2023-06-23,,,2022-06-20,-0.124,,,,,
SAFE_20m,ndvi<0.3 bare/sparse,MNDWI,2023-06-25,-0.1285,-0.0073,2022-06-20,-0.124,-0.0045,-0.077,0.0121,-0.073,-0.0289
SAFE_20m,ndvi<0.3 bare/sparse,MNDWI,2023-06-28,-0.0728,0.0484,2022-07-03,-0.093,0.0202,,,-0.0765,-0.0324
SAFE_20m,ndvi<0.3 bare/sparse,MNDWI,2023-06-30,-0.0883,0.0329,2022-07-03,-0.093,0.0047,-0.0661,0.023,-0.0165,0.0276
SAFE_20m,ndvi<0.3 bare/sparse,MNDWI,2023-07-03,-0.0901,0.0311,2022-07-03,-0.093,0.0029,-0.0709,0.0182,-0.0148,0.0293
SAFE_20m,ndvi<0.3 bare/sparse,MNDWI,2023-07-05,-0.1095,0.0117,2022-07-03,-0.093,-0.0165,-0.0811,0.008,-0.0687,-0.0246
SAFE_20m,ndvi<0.3 bare/sparse,MNDWI,2023-07-08,-0.1139,0.0073,2022-07-08,-0.0667,-0.0472,-0.0868,0.0023,-0.0341,0.01
SAFE_20m,ndvi<0.3 bare/sparse,MNDWI,2023-07-15,-0.0469,0.0743,2022-07-18,-0.1171,0.0702,-0.0551,0.034,,
SAFE_20m,ndvi<0.3 bare/sparse,MNDWI,2023-07-25,-0.1039,0.0173,2022-07-23,-0.0745,-0.0294,-0.0852,0.0039,-0.0667,-0.0226
SAFE_20m,ndvi<0.3 bare/sparse,MNDWI,2023-07-30,-0.0753,0.0459,2022-07-23,-0.0745,-0.0008,-0.0699,0.0192,-0.0312,0.0129
SAFE_20m,ndvi<0.3 bare/sparse,MNDWI,2023-08-04,-0.1131,0.0081,2022-08-07,-0.1035,-0.0096,-0.0715,0.0176,-0.0117,0.0324
SAFE_20m,ndvi<0.3 bare/sparse,MNDWI,2023-08-07,-0.1012,0.02,2022-08-07,-0.1035,0.0023,,,,
SAFE_20m,ndvi<0.3 bare/sparse,MNDWI,2023-08-09,-0.1334,-0.0122,2022-08-07,-0.1035,-0.0299,-0.0912,-0.0021,-0.0739,-0.0298
SAFE_20m,ndvi<0.3 bare/sparse,BSI,2023-06-15,0.0125,-0.0097,2022-06-20,-0.0148,0.0273,0.0316,0.0296,0.0102,0.0224
SAFE_20m,ndvi<0.3 bare/sparse,BSI,2023-06-18,-0.0003,-0.0225,2022-06-20,-0.0148,0.0145,0.0158,0.0138,0.0068,0.019
SAFE_20m,ndvi<0.3 bare/sparse,BSI,2023-06-20,0.0026,-0.0196,2022-06-20,-0.0148,0.0174,0.0142,0.0122,0.0136,0.0258
SAFE_20m,ndvi<0.3 bare/sparse,BSI,2023-06-23,,,2022-06-20,-0.0148,,,,,
SAFE_20m,ndvi<0.3 bare/sparse,BSI,2023-06-25,0.0285,0.0063,2022-06-20,-0.0148,0.0433,-0.0057,-0.0077,0.035,0.0472
SAFE_20m,ndvi<0.3 bare/sparse,BSI,2023-06-28,-0.017,-0.0392,2022-07-03,-0.0622,0.0452,,,0.0091,0.0213
SAFE_20m,ndvi<0.3 bare/sparse,BSI,2023-06-30,0.0027,-0.0195,2022-07-03,-0.0622,0.0649,-0.0186,-0.0206,-0.0227,-0.0105
SAFE_20m,ndvi<0.3 bare/sparse,BSI,2023-07-03,0.0037,-0.0185,2022-07-03,-0.0622,0.0659,-0.0205,-0.0225,-0.0246,-0.0124
SAFE_20m,ndvi<0.3 bare/sparse,BSI,2023-07-05,0.0039,-0.0183,2022-07-03,-0.0622,0.0661,-0.0078,-0.0098,-0.004,0.0082
SAFE_20m,ndvi<0.3 bare/sparse,BSI,2023-07-08,0.0393,0.0171,2022-07-08,-0.0769,0.1162,0.026,0.024,-0.005,0.0072
SAFE_20m,ndvi<0.3 bare/sparse,BSI,2023-07-15,-0.021,-0.0432,2022-07-18,-0.0666,0.0456,-0.0478,-0.0498,,
SAFE_20m,ndvi<0.3 bare/sparse,BSI,2023-07-25,-0.0195,-0.0417,2022-07-23,-0.1195,0.1,-0.0153,-0.0173,-0.0397,-0.0275
SAFE_20m,ndvi<0.3 bare/sparse,BSI,2023-07-30,-0.0388,-0.061,2022-07-23,-0.1195,0.0807,-0.0656,-0.0676,-0.0882,-0.076
SAFE_20m,ndvi<0.3 bare/sparse,BSI,2023-08-04,-0.007,-0.0292,2022-08-07,-0.0585,0.0515,-0.0929,-0.0949,-0.0908,-0.0786
SAFE_20m,ndvi<0.3 bare/sparse,BSI,2023-08-07,-0.0263,-0.0485,2022-08-07,-0.0585,0.0322,,,,
SAFE_20m,ndvi<0.3 bare/sparse,BSI,2023-08-09,-0.0147,-0.0369,2022-08-07,-0.0585,0.0438,-0.0344,-0.0364,-0.0738,-0.0616
SAFE_20m,ndvi<0.3 bare/sparse,NBR,2023-06-15,-0.0478,-0.0165,2022-06-20,0.06,-0.1078,-0.0991,-0.1073,-0.0211,-0.0341
SAFE_20m,ndvi<0.3 bare/sparse,NBR,2023-06-18,-0.008,0.0233,2022-06-20,0.06,-0.068,-0.0703,-0.0785,-0.0354,-0.0484
SAFE_20m,ndvi<0.3 bare/sparse,NBR,2023-06-20,-0.0406,-0.0093,2022-06-20,0.06,-0.1006,-0.0868,-0.095,-0.0918,-0.1048
SAFE_20m,ndvi<0.3 bare/sparse,NBR,2023-06-23,,,2022-06-20,0.06,,,,,
SAFE_20m,ndvi<0.3 bare/sparse,NBR,2023-06-25,-0.0388,-0.0075,2022-06-20,0.06,-0.0988,-0.0035,-0.0117,-0.0765,-0.0895
SAFE_20m,ndvi<0.3 bare/sparse,NBR,2023-06-28,0.0176,0.0489,2022-07-03,0.1089,-0.0913,,,-0.0432,-0.0562
SAFE_20m,ndvi<0.3 bare/sparse,NBR,2023-06-30,-0.0144,0.0169,2022-07-03,0.1089,-0.1233,0.0144,0.0062,-0.0037,-0.0167
SAFE_20m,ndvi<0.3 bare/sparse,NBR,2023-07-03,-0.0085,0.0228,2022-07-03,0.1089,-0.1174,0.0302,0.022,0.0111,-0.0019
SAFE_20m,ndvi<0.3 bare/sparse,NBR,2023-07-05,-0.0105,0.0208,2022-07-03,0.1089,-0.1194,-0.0044,-0.0126,-0.0171,-0.0301
SAFE_20m,ndvi<0.3 bare/sparse,NBR,2023-07-08,-0.0576,-0.0263,2022-07-08,0.137,-0.1946,-0.0507,-0.0589,-0.0306,-0.0436
SAFE_20m,ndvi<0.3 bare/sparse,NBR,2023-07-15,0.028,0.0593,2022-07-18,0.1318,-0.1038,0.0788,0.0706,,
SAFE_20m,ndvi<0.3 bare/sparse,NBR,2023-07-25,0.0311,0.0624,2022-07-23,0.2094,-0.1783,0.0204,0.0122,0.0522,0.0392
SAFE_20m,ndvi<0.3 bare/sparse,NBR,2023-07-30,0.0539,0.0852,2022-07-23,0.2094,-0.1555,0.0999,0.0917,0.1069,0.0939
SAFE_20m,ndvi<0.3 bare/sparse,NBR,2023-08-04,0.0193,0.0506,2022-08-07,0.1068,-0.0875,0.1397,0.1315,0.1135,0.1005
SAFE_20m,ndvi<0.3 bare/sparse,NBR,2023-08-07,0.0418,0.0731,2022-08-07,0.1068,-0.065,,,,
SAFE_20m,ndvi<0.3 bare/sparse,NBR,2023-08-09,0.038,0.0693,2022-08-07,0.1068,-0.0688,0.0779,0.0697,0.1422,0.1292
SAFE_20m,ndvi0.3-0.6 mixed,SWIR1112,2023-06-15,,,2022-06-20,-0.0166,,,,,
SAFE_20m,ndvi0.3-0.6 mixed,SWIR1112,2023-06-18,,,2022-06-20,-0.0166,,,,,
SAFE_20m,ndvi0.3-0.6 mixed,SWIR1112,2023-06-20,,,2022-06-20,-0.0166,,,,,
SAFE_20m,ndvi0.3-0.6 mixed,SWIR1112,2023-06-25,-0.043,-0.029,2022-06-20,-0.0166,-0.0264,-0.0629,-0.0703,-0.1063,-0.1285
SAFE_20m,ndvi0.3-0.6 mixed,SWIR1112,2023-06-28,,,2022-07-03,-0.0003,,,,,
SAFE_20m,ndvi0.3-0.6 mixed,SWIR1112,2023-06-30,-0.0462,-0.0322,2022-07-03,-0.0003,-0.0459,-0.0666,-0.074,-0.1227,-0.1449
SAFE_20m,ndvi0.3-0.6 mixed,SWIR1112,2023-07-03,-0.0449,-0.0309,2022-07-03,-0.0003,-0.0446,-0.0544,-0.0618,-0.1128,-0.135
SAFE_20m,ndvi0.3-0.6 mixed,SWIR1112,2023-07-05,,,2022-07-03,-0.0003,,,,,
SAFE_20m,ndvi0.3-0.6 mixed,SWIR1112,2023-07-08,-0.0602,-0.0462,2022-07-08,-0.0005,-0.0597,-0.0715,-0.0789,-0.1235,-0.1457
SAFE_20m,ndvi0.3-0.6 mixed,SWIR1112,2023-07-15,-0.046,-0.032,2022-07-08,-0.0005,-0.0455,-0.0475,-0.0549,,
SAFE_20m,ndvi0.3-0.6 mixed,SWIR1112,2023-07-25,,,,,,,,,
SAFE_20m,ndvi0.3-0.6 mixed,SWIR1112,2023-07-30,-0.0264,-0.0124,2022-08-07,0.0284,-0.0548,-0.0225,-0.0299,-0.071,-0.0932
SAFE_20m,ndvi0.3-0.6 mixed,SWIR1112,2023-08-04,-0.0397,-0.0257,2022-08-07,0.0284,-0.0681,-0.0265,-0.0339,-0.0728,-0.095
SAFE_20m,ndvi0.3-0.6 mixed,SWIR1112,2023-08-07,,,2022-08-07,0.0284,,,,,
SAFE_20m,ndvi0.3-0.6 mixed,SWIR1112,2023-08-09,,,2022-08-07,0.0284,,,,,
SAFE_20m,ndvi0.3-0.6 mixed,NDMI,2023-06-15,,,2022-06-20,-0.1229,,,,,
SAFE_20m,ndvi0.3-0.6 mixed,NDMI,2023-06-18,,,2022-06-20,-0.1229,,,,,
SAFE_20m,ndvi0.3-0.6 mixed,NDMI,2023-06-20,,,2022-06-20,-0.1229,,,,,
SAFE_20m,ndvi0.3-0.6 mixed,NDMI,2023-06-25,-0.0624,0.0255,2022-06-20,-0.1229,0.0605,-0.0592,0.0172,-0.1376,-0.1162
SAFE_20m,ndvi0.3-0.6 mixed,NDMI,2023-06-28,,,2022-07-03,-0.0364,,,,,
SAFE_20m,ndvi0.3-0.6 mixed,NDMI,2023-06-30,-0.0611,0.0268,2022-07-03,-0.0364,-0.0247,-0.0594,0.017,-0.1146,-0.0932
SAFE_20m,ndvi0.3-0.6 mixed,NDMI,2023-07-03,-0.0513,0.0366,2022-07-03,-0.0364,-0.0149,-0.0373,0.0391,-0.1057,-0.0843
SAFE_20m,ndvi0.3-0.6 mixed,NDMI,2023-07-05,,,2022-07-03,-0.0364,,,,,
SAFE_20m,ndvi0.3-0.6 mixed,NDMI,2023-07-08,-0.076,0.0119,2022-07-08,-0.0286,-0.0474,-0.0795,-0.0031,-0.1024,-0.081
SAFE_20m,ndvi0.3-0.6 mixed,NDMI,2023-07-15,-0.0497,0.0382,2022-07-08,-0.0286,-0.0211,-0.0176,0.0588,,
SAFE_20m,ndvi0.3-0.6 mixed,NDMI,2023-07-25,,,,,,,,,
SAFE_20m,ndvi0.3-0.6 mixed,NDMI,2023-07-30,-0.0716,0.0163,2022-08-07,-0.023,-0.0486,-0.0297,0.0467,-0.0842,-0.0628
SAFE_20m,ndvi0.3-0.6 mixed,NDMI,2023-08-04,-0.0707,0.0172,2022-08-07,-0.023,-0.0477,0.0057,0.0821,-0.0647,-0.0433
SAFE_20m,ndvi0.3-0.6 mixed,NDMI,2023-08-07,,,2022-08-07,-0.023,,,,,
SAFE_20m,ndvi0.3-0.6 mixed,NDMI,2023-08-09,,,2022-08-07,-0.023,,,,,
SAFE_20m,ndvi0.3-0.6 mixed,MSI,2023-06-15,,,2022-06-20,0.275,,,,,
SAFE_20m,ndvi0.3-0.6 mixed,MSI,2023-06-18,,,2022-06-20,0.275,,,,,
SAFE_20m,ndvi0.3-0.6 mixed,MSI,2023-06-20,,,2022-06-20,0.275,,,,,
SAFE_20m,ndvi0.3-0.6 mixed,MSI,2023-06-25,0.1295,-0.059,2022-06-20,0.275,-0.1455,0.1224,-0.0393,0.3102,0.2674
SAFE_20m,ndvi0.3-0.6 mixed,MSI,2023-06-28,,,2022-07-03,0.0863,,,,,
SAFE_20m,ndvi0.3-0.6 mixed,MSI,2023-06-30,0.1262,-0.0623,2022-07-03,0.0863,0.0399,0.1224,-0.0393,0.2506,0.2078
SAFE_20m,ndvi0.3-0.6 mixed,MSI,2023-07-03,0.1082,-0.0803,2022-07-03,0.0863,0.0219,0.0776,-0.0841,0.2368,0.194
SAFE_20m,ndvi0.3-0.6 mixed,MSI,2023-07-05,,,2022-07-03,0.0863,,,,,
SAFE_20m,ndvi0.3-0.6 mixed,MSI,2023-07-08,0.1512,-0.0373,2022-07-08,0.0676,0.0836,0.1588,-0.0029,0.2096,0.1668
SAFE_20m,ndvi0.3-0.6 mixed,MSI,2023-07-15,0.0975,-0.091,2022-07-08,0.0676,0.0299,0.0333,-0.1284,,
SAFE_20m,ndvi0.3-0.6 mixed,MSI,2023-07-25,,,,,,,,,
SAFE_20m,ndvi0.3-0.6 mixed,MSI,2023-07-30,0.1383,-0.0502,2022-08-07,0.0565,0.0818,0.055,-0.1067,0.1636,0.1208
SAFE_20m,ndvi0.3-0.6 mixed,MSI,2023-08-04,0.143,-0.0455,2022-08-07,0.0565,0.0865,-0.0107,-0.1724,0.1293,0.0865
SAFE_20m,ndvi0.3-0.6 mixed,MSI,2023-08-07,,,2022-08-07,0.0565,,,,,
SAFE_20m,ndvi0.3-0.6 mixed,MSI,2023-08-09,,,2022-08-07,0.0565,,,,,
SAFE_20m,ndvi0.3-0.6 mixed,NDVI,2023-06-15,,,2022-06-20,0.0172,,,,,
SAFE_20m,ndvi0.3-0.6 mixed,NDVI,2023-06-18,,,2022-06-20,0.0172,,,,,
SAFE_20m,ndvi0.3-0.6 mixed,NDVI,2023-06-20,,,2022-06-20,0.0172,,,,,
SAFE_20m,ndvi0.3-0.6 mixed,NDVI,2023-06-25,-0.0171,0.0325,2022-06-20,0.0172,-0.0343,-0.0202,0.0252,-0.2338,-0.2139
SAFE_20m,ndvi0.3-0.6 mixed,NDVI,2023-06-28,,,2022-07-03,0.0589,,,,,
SAFE_20m,ndvi0.3-0.6 mixed,NDVI,2023-06-30,-0.0383,0.0113,2022-07-03,0.0589,-0.0972,-0.0254,0.02,-0.293,-0.2731
SAFE_20m,ndvi0.3-0.6 mixed,NDVI,2023-07-03,-0.0457,0.0039,2022-07-03,0.0589,-0.1046,-0.01,0.0354,-0.2983,-0.2784
SAFE_20m,ndvi0.3-0.6 mixed,NDVI,2023-07-05,,,2022-07-03,0.0589,,,,,
SAFE_20m,ndvi0.3-0.6 mixed,NDVI,2023-07-08,-0.0307,0.0189,2022-07-08,0.0581,-0.0888,-0.025,0.0204,-0.2952,-0.2753
SAFE_20m,ndvi0.3-0.6 mixed,NDVI,2023-07-15,-0.0468,0.0028,2022-07-08,0.0581,-0.1049,-0.0051,0.0403,,
SAFE_20m,ndvi0.3-0.6 mixed,NDVI,2023-07-25,,,,,,,,,
SAFE_20m,ndvi0.3-0.6 mixed,NDVI,2023-07-30,-0.0391,0.0105,2022-08-07,0.0289,-0.068,0.0191,0.0645,-0.1553,-0.1354
SAFE_20m,ndvi0.3-0.6 mixed,NDVI,2023-08-04,-0.048,0.0016,2022-08-07,0.0289,-0.0769,0.02,0.0654,-0.1552,-0.1353
SAFE_20m,ndvi0.3-0.6 mixed,NDVI,2023-08-07,,,2022-08-07,0.0289,,,,,
SAFE_20m,ndvi0.3-0.6 mixed,NDVI,2023-08-09,,,2022-08-07,0.0289,,,,,
SAFE_20m,ndvi0.3-0.6 mixed,MNDWI,2023-06-15,,,2022-06-20,-0.0581,,,,,
SAFE_20m,ndvi0.3-0.6 mixed,MNDWI,2023-06-18,,,2022-06-20,-0.0581,,,,,
SAFE_20m,ndvi0.3-0.6 mixed,MNDWI,2023-06-20,,,2022-06-20,-0.0581,,,,,
SAFE_20m,ndvi0.3-0.6 mixed,MNDWI,2023-06-25,-0.0376,-0.0024,2022-06-20,-0.0581,0.0205,-0.0447,0.0019,0.0491,0.0668
SAFE_20m,ndvi0.3-0.6 mixed,MNDWI,2023-06-28,,,2022-07-03,-0.0486,,,,,
SAFE_20m,ndvi0.3-0.6 mixed,MNDWI,2023-06-30,-0.03,0.0052,2022-07-03,-0.0486,0.0186,-0.0324,0.0142,0.1162,0.1339
SAFE_20m,ndvi0.3-0.6 mixed,MNDWI,2023-07-03,-0.0171,0.0181,2022-07-03,-0.0486,0.0315,-0.0265,0.0201,0.127,0.1447
SAFE_20m,ndvi0.3-0.6 mixed,MNDWI,2023-07-05,,,2022-07-03,-0.0486,,,,,
SAFE_20m,ndvi0.3-0.6 mixed,MNDWI,2023-07-08,-0.0451,-0.0099,2022-07-08,-0.0403,-0.0048,-0.0373,0.0093,0.1407,0.1584
SAFE_20m,ndvi0.3-0.6 mixed,MNDWI,2023-07-15,0.0004,0.0356,2022-07-08,-0.0403,0.0407,-0.0154,0.0312,,
SAFE_20m,ndvi0.3-0.6 mixed,MNDWI,2023-07-25,,,,,,,,,
SAFE_20m,ndvi0.3-0.6 mixed,MNDWI,2023-07-30,-0.0378,-0.0026,2022-08-07,-0.0468,0.009,-0.0328,0.0138,0.066,0.0837
SAFE_20m,ndvi0.3-0.6 mixed,MNDWI,2023-08-04,-0.0362,-0.001,2022-08-07,-0.0468,0.0106,-0.0212,0.0254,0.0963,0.114
SAFE_20m,ndvi0.3-0.6 mixed,MNDWI,2023-08-07,,,2022-08-07,-0.0468,,,,,
SAFE_20m,ndvi0.3-0.6 mixed,MNDWI,2023-08-09,,,2022-08-07,-0.0468,,,,,
SAFE_20m,ndvi0.3-0.6 mixed,BSI,2023-06-15,,,2022-06-20,0.0768,,,,,
SAFE_20m,ndvi0.3-0.6 mixed,BSI,2023-06-18,,,2022-06-20,0.0768,,,,,
SAFE_20m,ndvi0.3-0.6 mixed,BSI,2023-06-20,,,2022-06-20,0.0768,,,,,
SAFE_20m,ndvi0.3-0.6 mixed,BSI,2023-06-25,0.0363,-0.0353,2022-06-20,0.0768,-0.0405,0.0364,-0.0276,0.0894,0.0693
SAFE_20m,ndvi0.3-0.6 mixed,BSI,2023-06-28,,,2022-07-03,0.0037,,,,,
SAFE_20m,ndvi0.3-0.6 mixed,BSI,2023-06-30,0.0381,-0.0335,2022-07-03,0.0037,0.0344,0.0347,-0.0293,0.0867,0.0666
SAFE_20m,ndvi0.3-0.6 mixed,BSI,2023-07-03,0.034,-0.0376,2022-07-03,0.0037,0.0303,0.0178,-0.0462,0.0795,0.0594
SAFE_20m,ndvi0.3-0.6 mixed,BSI,2023-07-05,,,2022-07-03,0.0037,,,,,
SAFE_20m,ndvi0.3-0.6 mixed,BSI,2023-07-08,0.0514,-0.0202,2022-07-08,-0.0035,0.0549,0.0474,-0.0166,0.0747,0.0546
SAFE_20m,ndvi0.3-0.6 mixed,BSI,2023-07-15,0.0212,-0.0504,2022-07-08,-0.0035,0.0247,0.0044,-0.0596,,
SAFE_20m,ndvi0.3-0.6 mixed,BSI,2023-07-25,,,,,,,,,
SAFE_20m,ndvi0.3-0.6 mixed,BSI,2023-07-30,0.05,-0.0216,2022-08-07,0.0102,0.0398,0.0116,-0.0524,0.0474,0.0273
SAFE_20m,ndvi0.3-0.6 mixed,BSI,2023-08-04,0.0616,-0.01,2022-08-07,0.0102,0.0514,-0.0103,-0.0743,0.0523,0.0322
SAFE_20m,ndvi0.3-0.6 mixed,BSI,2023-08-07,,,2022-08-07,0.0102,,,,,
SAFE_20m,ndvi0.3-0.6 mixed,BSI,2023-08-09,,,2022-08-07,0.0102,,,,,
SAFE_20m,ndvi0.3-0.6 mixed,NBR,2023-06-15,,,2022-06-20,-0.133,,,,,
SAFE_20m,ndvi0.3-0.6 mixed,NBR,2023-06-18,,,2022-06-20,-0.133,,,,,
SAFE_20m,ndvi0.3-0.6 mixed,NBR,2023-06-20,,,2022-06-20,-0.133,,,,,
SAFE_20m,ndvi0.3-0.6 mixed,NBR,2023-06-25,-0.1036,-0.0015,2022-06-20,-0.133,0.0294,-0.1154,-0.0478,-0.2428,-0.245
SAFE_20m,ndvi0.3-0.6 mixed,NBR,2023-06-28,,,2022-07-03,-0.041,,,,,
SAFE_20m,ndvi0.3-0.6 mixed,NBR,2023-06-30,-0.1011,0.001,2022-07-03,-0.041,-0.0601,-0.1147,-0.0471,-0.2039,-0.2061
SAFE_20m,ndvi0.3-0.6 mixed,NBR,2023-07-03,-0.0952,0.0069,2022-07-03,-0.041,-0.0542,-0.0829,-0.0153,-0.205,-0.2072
SAFE_20m,ndvi0.3-0.6 mixed,NBR,2023-07-05,,,2022-07-03,-0.041,,,,,
SAFE_20m,ndvi0.3-0.6 mixed,NBR,2023-07-08,-0.1306,-0.0285,2022-07-08,-0.0344,-0.0962,-0.1388,-0.0712,-0.1997,-0.2019
SAFE_20m,ndvi0.3-0.6 mixed,NBR,2023-07-15,-0.0814,0.0207,2022-07-08,-0.0344,-0.047,-0.0511,0.0165,,
SAFE_20m,ndvi0.3-0.6 mixed,NBR,2023-07-25,,,,,,,,,
SAFE_20m,ndvi0.3-0.6 mixed,NBR,2023-07-30,-0.0924,0.0097,2022-08-07,-0.0016,-0.0908,-0.0479,0.0197,-0.1533,-0.1555
SAFE_20m,ndvi0.3-0.6 mixed,NBR,2023-08-04,-0.0995,0.0026,2022-08-07,-0.0016,-0.0979,-0.011,0.0566,-0.141,-0.1432
SAFE_20m,ndvi0.3-0.6 mixed,NBR,2023-08-07,,,2022-08-07,-0.0016,,,,,
SAFE_20m,ndvi0.3-0.6 mixed,NBR,2023-08-09,,,2022-08-07,-0.0016,,,,,
SAFE_20m,ndvi>0.6 canopy,SWIR1112,2023-06-15,,,2022-06-20,0.0688,,,,,
SAFE_20m,ndvi>0.6 canopy,SWIR1112,2023-06-18,,,2022-06-20,0.0688,,,,,
SAFE_20m,ndvi>0.6 canopy,SWIR1112,2023-06-20,,,2022-06-20,0.0688,,,,,
SAFE_20m,ndvi>0.6 canopy,SWIR1112,2023-06-23,,,2022-06-20,0.0688,,,,,
SAFE_20m,ndvi>0.6 canopy,SWIR1112,2023-06-25,0.0235,-0.003,2022-06-20,0.0688,-0.0453,-0.0005,-0.0372,-0.1112,-0.1688
SAFE_20m,ndvi>0.6 canopy,SWIR1112,2023-06-28,,,2022-07-03,0.0933,,,,,
SAFE_20m,ndvi>0.6 canopy,SWIR1112,2023-06-30,0.0367,0.0102,2022-07-03,0.0933,-0.0566,0.0078,-0.0289,-0.1226,-0.1802
SAFE_20m,ndvi>0.6 canopy,SWIR1112,2023-07-03,0.0464,0.0199,2022-07-03,0.0933,-0.0469,0.0257,-0.011,-0.1232,-0.1808
SAFE_20m,ndvi>0.6 canopy,SWIR1112,2023-07-05,,,2022-07-03,0.0933,,,,,
SAFE_20m,ndvi>0.6 canopy,SWIR1112,2023-07-08,0.0273,0.0008,2022-07-08,0.0923,-0.065,-0.0037,-0.0404,-0.1301,-0.1877
SAFE_20m,ndvi>0.6 canopy,SWIR1112,2023-07-15,0.0346,0.0081,2022-07-08,0.0923,-0.0577,0.0337,-0.003,-0.1279,-0.1855
SAFE_20m,ndvi>0.6 canopy,SWIR1112,2023-07-25,,,,,,,,,
SAFE_20m,ndvi>0.6 canopy,SWIR1112,2023-07-30,0.0612,0.0347,2022-08-07,0.123,-0.0618,0.0618,0.0251,-0.1087,-0.1663
SAFE_20m,ndvi>0.6 canopy,SWIR1112,2023-08-04,0.0575,0.031,2022-08-07,0.123,-0.0655,0.0499,0.0132,-0.0883,-0.1459
SAFE_20m,ndvi>0.6 canopy,SWIR1112,2023-08-07,,,2022-08-07,0.123,,,,,
SAFE_20m,ndvi>0.6 canopy,SWIR1112,2023-08-09,,,2022-08-07,0.123,,,,,
SAFE_20m,ndvi>0.6 canopy,NDMI,2023-06-15,,,2022-06-20,0.1351,,,,,
SAFE_20m,ndvi>0.6 canopy,NDMI,2023-06-18,,,2022-06-20,0.1351,,,,,
SAFE_20m,ndvi>0.6 canopy,NDMI,2023-06-20,,,2022-06-20,0.1351,,,,,
SAFE_20m,ndvi>0.6 canopy,NDMI,2023-06-23,,,2022-06-20,0.1351,,,,,
SAFE_20m,ndvi>0.6 canopy,NDMI,2023-06-25,0.0545,0.0664,2022-06-20,0.1351,-0.0806,0.064,0.0459,-0.2248,-0.2895
SAFE_20m,ndvi>0.6 canopy,NDMI,2023-06-28,,,2022-07-03,0.2109,,,,,
SAFE_20m,ndvi>0.6 canopy,NDMI,2023-06-30,0.0937,0.1056,2022-07-03,0.2109,-0.1172,0.0831,0.065,-0.2359,-0.3006
SAFE_20m,ndvi>0.6 canopy,NDMI,2023-07-03,0.1147,0.1266,2022-07-03,0.2109,-0.0962,0.1189,0.1008,-0.23,-0.2947
SAFE_20m,ndvi>0.6 canopy,NDMI,2023-07-05,,,2022-07-03,0.2109,,,,,
SAFE_20m,ndvi>0.6 canopy,NDMI,2023-07-08,0.1006,0.1125,2022-07-08,0.2142,-0.1136,0.0922,0.0741,-0.2124,-0.2771
SAFE_20m,ndvi>0.6 canopy,NDMI,2023-07-15,0.1224,0.1343,2022-07-08,0.2142,-0.0918,0.1297,0.1116,-0.2093,-0.274
SAFE_20m,ndvi>0.6 canopy,NDMI,2023-07-25,,,,,,,,,
SAFE_20m,ndvi>0.6 canopy,NDMI,2023-07-30,0.1267,0.1386,2022-08-07,0.2379,-0.1112,0.1771,0.159,-0.1757,-0.2404
SAFE_20m,ndvi>0.6 canopy,NDMI,2023-08-04,0.1464,0.1583,2022-08-07,0.2379,-0.0915,0.1769,0.1588,-0.1302,-0.1949
SAFE_20m,ndvi>0.6 canopy,NDMI,2023-08-07,,,2022-08-07,0.2379,,,,,
SAFE_20m,ndvi>0.6 canopy,NDMI,2023-08-09,,,2022-08-07,0.2379,,,,,
SAFE_20m,ndvi>0.6 canopy,MSI,2023-06-15,,,2022-06-20,-0.2049,,,,,
SAFE_20m,ndvi>0.6 canopy,MSI,2023-06-18,,,2022-06-20,-0.2049,,,,,
SAFE_20m,ndvi>0.6 canopy,MSI,2023-06-20,,,2022-06-20,-0.2049,,,,,
SAFE_20m,ndvi>0.6 canopy,MSI,2023-06-23,,,2022-06-20,-0.2049,,,,,
SAFE_20m,ndvi>0.6 canopy,MSI,2023-06-25,-0.0772,-0.0933,2022-06-20,-0.2049,0.1277,-0.09,-0.066,0.4128,0.4955
SAFE_20m,ndvi>0.6 canopy,MSI,2023-06-28,,,2022-07-03,-0.3246,,,,,
SAFE_20m,ndvi>0.6 canopy,MSI,2023-06-30,-0.1294,-0.1455,2022-07-03,-0.3246,0.1952,-0.1157,-0.0917,0.442,0.5247
SAFE_20m,ndvi>0.6 canopy,MSI,2023-07-03,-0.1605,-0.1766,2022-07-03,-0.3246,0.1641,-0.1658,-0.1418,0.4439,0.5266
SAFE_20m,ndvi>0.6 canopy,MSI,2023-07-05,,,2022-07-03,-0.3246,,,,,
SAFE_20m,ndvi>0.6 canopy,MSI,2023-07-08,-0.1386,-0.1547,2022-07-08,-0.3432,0.2046,-0.1279,-0.1039,0.3899,0.4726
SAFE_20m,ndvi>0.6 canopy,MSI,2023-07-15,-0.174,-0.1901,2022-07-08,-0.3432,0.1692,-0.1832,-0.1592,0.405,0.4877
SAFE_20m,ndvi>0.6 canopy,MSI,2023-07-25,,,,,,,,,
SAFE_20m,ndvi>0.6 canopy,MSI,2023-07-30,-0.1819,-0.198,2022-08-07,-0.3874,0.2055,-0.2443,-0.2203,0.3333,0.416
SAFE_20m,ndvi>0.6 canopy,MSI,2023-08-04,-0.2184,-0.2345,2022-08-07,-0.3874,0.169,-0.2576,-0.2336,0.2505,0.3332
SAFE_20m,ndvi>0.6 canopy,MSI,2023-08-07,,,2022-08-07,-0.3874,,,,,
SAFE_20m,ndvi>0.6 canopy,MSI,2023-08-09,,,2022-08-07,-0.3874,,,,,
SAFE_20m,ndvi>0.6 canopy,NDVI,2023-06-15,,,2022-06-20,0.165,,,,,
SAFE_20m,ndvi>0.6 canopy,NDVI,2023-06-18,,,2022-06-20,0.165,,,,,
SAFE_20m,ndvi>0.6 canopy,NDVI,2023-06-20,,,2022-06-20,0.165,,,,,
SAFE_20m,ndvi>0.6 canopy,NDVI,2023-06-23,,,2022-06-20,0.165,,,,,
SAFE_20m,ndvi>0.6 canopy,NDVI,2023-06-25,0.0597,0.0399,2022-06-20,0.165,-0.1053,0.0734,0.0373,-0.4395,-0.4767
SAFE_20m,ndvi>0.6 canopy,NDVI,2023-06-28,,,2022-07-03,0.1457,,,,,
SAFE_20m,ndvi>0.6 canopy,NDVI,2023-06-30,0.0544,0.0346,2022-07-03,0.1457,-0.0913,0.0519,0.0158,-0.4534,-0.4906
SAFE_20m,ndvi>0.6 canopy,NDVI,2023-07-03,0.0667,0.0469,2022-07-03,0.1457,-0.079,0.0806,0.0445,-0.4629,-0.5001
SAFE_20m,ndvi>0.6 canopy,NDVI,2023-07-05,,,2022-07-03,0.1457,,,,,
SAFE_20m,ndvi>0.6 canopy,NDVI,2023-07-08,0.0756,0.0558,2022-07-08,0.1526,-0.077,0.0634,0.0273,-0.4508,-0.488
SAFE_20m,ndvi>0.6 canopy,NDVI,2023-07-15,0.0598,0.04,2022-07-08,0.1526,-0.0928,0.1003,0.0642,-0.3989,-0.4361
SAFE_20m,ndvi>0.6 canopy,NDVI,2023-07-25,,,,,,,,,
SAFE_20m,ndvi>0.6 canopy,NDVI,2023-07-30,0.0903,0.0705,2022-08-07,0.179,-0.0887,0.1248,0.0887,-0.3767,-0.4139
SAFE_20m,ndvi>0.6 canopy,NDVI,2023-08-04,0.1092,0.0894,2022-08-07,0.179,-0.0698,0.1337,0.0976,-0.298,-0.3352
SAFE_20m,ndvi>0.6 canopy,NDVI,2023-08-07,,,2022-08-07,0.179,,,,,
SAFE_20m,ndvi>0.6 canopy,NDVI,2023-08-09,,,2022-08-07,0.179,,,,,
SAFE_20m,ndvi>0.6 canopy,MNDWI,2023-06-15,,,2022-06-20,-0.0115,,,,,
SAFE_20m,ndvi>0.6 canopy,MNDWI,2023-06-18,,,2022-06-20,-0.0115,,,,,
SAFE_20m,ndvi>0.6 canopy,MNDWI,2023-06-20,,,2022-06-20,-0.0115,,,,,
SAFE_20m,ndvi>0.6 canopy,MNDWI,2023-06-23,,,2022-06-20,-0.0115,,,,,
SAFE_20m,ndvi>0.6 canopy,MNDWI,2023-06-25,0.0053,0.0272,2022-06-20,-0.0115,0.0168,-0.0105,0.01,0.1671,0.1279
SAFE_20m,ndvi>0.6 canopy,MNDWI,2023-06-28,,,2022-07-03,0.0085,,,,,
SAFE_20m,ndvi>0.6 canopy,MNDWI,2023-06-30,0.0111,0.033,2022-07-03,0.0085,0.0026,-0.0071,0.0134,0.1342,0.095
SAFE_20m,ndvi>0.6 canopy,MNDWI,2023-07-03,0.0156,0.0375,2022-07-03,0.0085,0.0071,-0.0058,0.0147,0.1619,0.1227
SAFE_20m,ndvi>0.6 canopy,MNDWI,2023-07-05,,,2022-07-03,0.0085,,,,,
SAFE_20m,ndvi>0.6 canopy,MNDWI,2023-07-08,0.0007,0.0226,2022-07-08,0.0239,-0.0232,-0.0004,0.0201,0.1667,0.1275
SAFE_20m,ndvi>0.6 canopy,MNDWI,2023-07-15,0.0527,0.0746,2022-07-08,0.0239,0.0288,-0.0042,0.0163,0.1289,0.0897
SAFE_20m,ndvi>0.6 canopy,MNDWI,2023-07-25,,,,,,,,,
SAFE_20m,ndvi>0.6 canopy,MNDWI,2023-07-30,-0.0001,0.0218,2022-08-07,0.0059,-0.006,-0.0231,-0.0026,0.1362,0.097
SAFE_20m,ndvi>0.6 canopy,MNDWI,2023-08-04,-0.0032,0.0187,2022-08-07,0.0059,-0.0091,-0.0177,0.0028,0.1349,0.0957
SAFE_20m,ndvi>0.6 canopy,MNDWI,2023-08-07,,,2022-08-07,0.0059,,,,,
SAFE_20m,ndvi>0.6 canopy,MNDWI,2023-08-09,,,2022-08-07,0.0059,,,,,
SAFE_20m,ndvi>0.6 canopy,BSI,2023-06-15,,,2022-06-20,-0.1644,,,,,
SAFE_20m,ndvi>0.6 canopy,BSI,2023-06-18,,,2022-06-20,-0.1644,,,,,
SAFE_20m,ndvi>0.6 canopy,BSI,2023-06-20,,,2022-06-20,-0.1644,,,,,
SAFE_20m,ndvi>0.6 canopy,BSI,2023-06-23,,,2022-06-20,-0.1644,,,,,
SAFE_20m,ndvi>0.6 canopy,BSI,2023-06-25,-0.0608,-0.061,2022-06-20,-0.1644,0.1036,-0.0661,-0.0365,0.2077,0.2756
SAFE_20m,ndvi>0.6 canopy,BSI,2023-06-28,,,2022-07-03,-0.2065,,,,,
SAFE_20m,ndvi>0.6 canopy,BSI,2023-06-30,-0.0956,-0.0958,2022-07-03,-0.2065,0.1109,-0.0859,-0.0563,0.2218,0.2897
SAFE_20m,ndvi>0.6 canopy,BSI,2023-07-03,-0.1145,-0.1147,2022-07-03,-0.2065,0.092,-0.1196,-0.09,0.2151,0.283
SAFE_20m,ndvi>0.6 canopy,BSI,2023-07-05,,,2022-07-03,-0.2065,,,,,
SAFE_20m,ndvi>0.6 canopy,BSI,2023-07-08,-0.1048,-0.105,2022-07-08,-0.2074,0.1026,-0.0946,-0.065,0.1989,0.2668
SAFE_20m,ndvi>0.6 canopy,BSI,2023-07-15,-0.1208,-0.121,2022-07-08,-0.2074,0.0866,-0.1277,-0.0981,0.1922,0.2601
SAFE_20m,ndvi>0.6 canopy,BSI,2023-07-25,,,,,,,,,
SAFE_20m,ndvi>0.6 canopy,BSI,2023-07-30,-0.1262,-0.1264,2022-08-07,-0.2314,0.1052,-0.1805,-0.1509,0.1564,0.2243
SAFE_20m,ndvi>0.6 canopy,BSI,2023-08-04,-0.1442,-0.1444,2022-08-07,-0.2314,0.0872,-0.1787,-0.1491,0.115,0.1829
SAFE_20m,ndvi>0.6 canopy,BSI,2023-08-07,,,2022-08-07,-0.2314,,,,,
SAFE_20m,ndvi>0.6 canopy,BSI,2023-08-09,,,2022-08-07,-0.2314,,,,,
SAFE_20m,ndvi>0.6 canopy,NBR,2023-06-15,,,2022-06-20,0.1828,,,,,
SAFE_20m,ndvi>0.6 canopy,NBR,2023-06-18,,,2022-06-20,0.1828,,,,,
SAFE_20m,ndvi>0.6 canopy,NBR,2023-06-20,,,2022-06-20,0.1828,,,,,
SAFE_20m,ndvi>0.6 canopy,NBR,2023-06-23,,,2022-06-20,0.1828,,,,,
SAFE_20m,ndvi>0.6 canopy,NBR,2023-06-25,0.0628,0.0528,2022-06-20,0.1828,-0.12,0.0511,0.0069,-0.3288,-0.4287
SAFE_20m,ndvi>0.6 canopy,NBR,2023-06-28,,,2022-07-03,0.2806,,,,,
SAFE_20m,ndvi>0.6 canopy,NBR,2023-06-30,0.1094,0.0994,2022-07-03,0.2806,-0.1712,0.0762,0.032,-0.3413,-0.4412
SAFE_20m,ndvi>0.6 canopy,NBR,2023-07-03,0.1353,0.1253,2022-07-03,0.2806,-0.1453,0.1205,0.0763,-0.3451,-0.445
SAFE_20m,ndvi>0.6 canopy,NBR,2023-07-05,,,2022-07-03,0.2806,,,,,
SAFE_20m,ndvi>0.6 canopy,NBR,2023-07-08,0.1054,0.0954,2022-07-08,0.2923,-0.1869,0.0718,0.0276,-0.3251,-0.425
SAFE_20m,ndvi>0.6 canopy,NBR,2023-07-15,0.1334,0.1234,2022-07-08,0.2923,-0.1589,0.1398,0.0956,-0.3398,-0.4397
SAFE_20m,ndvi>0.6 canopy,NBR,2023-07-25,,,,,,,,,
SAFE_20m,ndvi>0.6 canopy,NBR,2023-07-30,0.1624,0.1524,2022-08-07,0.3389,-0.1765,0.206,0.1618,-0.2789,-0.3788
SAFE_20m,ndvi>0.6 canopy,NBR,2023-08-04,0.1771,0.1671,2022-08-07,0.3389,-0.1618,0.1974,0.1532,-0.222,-0.3219
SAFE_20m,ndvi>0.6 canopy,NBR,2023-08-07,,,2022-08-07,0.3389,,,,,
SAFE_20m,ndvi>0.6 canopy,NBR,2023-08-09,,,2022-08-07,0.3389,,,,,
SAFE_20m,trees unburnt,SWIR1112,2023-06-15,,,2022-06-20,0.0223,,,,,
SAFE_20m,trees unburnt,SWIR1112,2023-06-18,,,2022-06-20,0.0223,,,,,
SAFE_20m,trees unburnt,SWIR1112,2023-06-20,,,2022-06-20,0.0223,,,,,
SAFE_20m,trees unburnt,SWIR1112,2023-06-25,0.0086,0.002,2022-06-20,0.0223,-0.0137,-0.0004,-0.0257,-0.141,-0.1905
SAFE_20m,trees unburnt,SWIR1112,2023-06-28,,,2022-07-03,0.0237,,,,,
SAFE_20m,trees unburnt,SWIR1112,2023-06-30,0.0008,-0.0058,2022-07-03,0.0237,-0.0229,-0.0032,-0.0285,-0.1664,-0.2159
SAFE_20m,trees unburnt,SWIR1112,2023-07-03,-0.0008,-0.0074,2022-07-03,0.0237,-0.0245,0.0015,-0.0238,-0.1764,-0.2259
SAFE_20m,trees unburnt,SWIR1112,2023-07-05,,,2022-07-03,0.0237,,,,,
SAFE_20m,trees unburnt,SWIR1112,2023-07-08,-0.0076,-0.0142,2022-07-08,0.0267,-0.0343,-0.0209,-0.0462,-0.1933,-0.2428
SAFE_20m,trees unburnt,SWIR1112,2023-07-15,-0.0027,-0.0093,2022-07-08,0.0267,-0.0294,0.0212,-0.0041,,
SAFE_20m,trees unburnt,SWIR1112,2023-07-25,,,,,,,,,
SAFE_20m,trees unburnt,SWIR1112,2023-07-30,0.0048,-0.0018,2022-08-07,0.0334,-0.0286,0.0372,0.0119,-0.1764,-0.2259
SAFE_20m,trees unburnt,SWIR1112,2023-08-04,-0.0137,-0.0203,2022-08-07,0.0334,-0.0471,0.0096,-0.0157,-0.1896,-0.2391
SAFE_20m,trees unburnt,SWIR1112,2023-08-07,,,2022-08-07,0.0334,,,,,
SAFE_20m,trees unburnt,SWIR1112,2023-08-09,,,2022-08-07,0.0334,,,,,
SAFE_20m,trees unburnt,NDMI,2023-06-15,,,2022-06-20,0.0465,,,,,
SAFE_20m,trees unburnt,NDMI,2023-06-18,,,2022-06-20,0.0465,,,,,
SAFE_20m,trees unburnt,NDMI,2023-06-20,,,2022-06-20,0.0465,,,,,
SAFE_20m,trees unburnt,NDMI,2023-06-25,0.0267,0.023,2022-06-20,0.0465,-0.0198,0.0199,-0.0179,-0.2805,-0.3722
SAFE_20m,trees unburnt,NDMI,2023-06-28,,,2022-07-03,0.0514,,,,,
SAFE_20m,trees unburnt,NDMI,2023-06-30,0.022,0.0183,2022-07-03,0.0514,-0.0294,0.0226,-0.0152,-0.3085,-0.4002
SAFE_20m,trees unburnt,NDMI,2023-07-03,0.0257,0.022,2022-07-03,0.0514,-0.0257,0.0334,-0.0044,-0.3259,-0.4176
SAFE_20m,trees unburnt,NDMI,2023-07-05,,,2022-07-03,0.0514,,,,,
SAFE_20m,trees unburnt,NDMI,2023-07-08,0.0178,0.0141,2022-07-08,0.052,-0.0342,0.0098,-0.028,-0.3134,-0.4051
SAFE_20m,trees unburnt,NDMI,2023-07-15,0.0328,0.0291,2022-07-08,0.052,-0.0192,0.0467,0.0089,,
SAFE_20m,trees unburnt,NDMI,2023-07-25,,,,,,,,,
SAFE_20m,trees unburnt,NDMI,2023-07-30,0.006,0.0023,2022-08-07,0.0507,-0.0447,0.0585,0.0207,-0.3205,-0.4122
SAFE_20m,trees unburnt,NDMI,2023-08-04,-0.0051,-0.0088,2022-08-07,0.0507,-0.0558,0.0363,-0.0015,-0.2972,-0.3889
SAFE_20m,trees unburnt,NDMI,2023-08-07,,,2022-08-07,0.0507,,,,,
SAFE_20m,trees unburnt,NDMI,2023-08-09,,,2022-08-07,0.0507,,,,,
SAFE_20m,trees unburnt,MSI,2023-06-15,,,2022-06-20,-0.0676,,,,,
SAFE_20m,trees unburnt,MSI,2023-06-18,,,2022-06-20,-0.0676,,,,,
SAFE_20m,trees unburnt,MSI,2023-06-20,,,2022-06-20,-0.0676,,,,,
SAFE_20m,trees unburnt,MSI,2023-06-25,-0.0353,-0.0301,2022-06-20,-0.0676,0.0323,-0.0265,0.0248,0.4922,0.6113
SAFE_20m,trees unburnt,MSI,2023-06-28,,,2022-07-03,-0.0703,,,,,
SAFE_20m,trees unburnt,MSI,2023-06-30,-0.0284,-0.0232,2022-07-03,-0.0703,0.0419,-0.0291,0.0222,0.5386,0.6577
SAFE_20m,trees unburnt,MSI,2023-07-03,-0.0326,-0.0274,2022-07-03,-0.0703,0.0377,-0.0422,0.0091,0.5726,0.6917
SAFE_20m,trees unburnt,MSI,2023-07-05,,,2022-07-03,-0.0703,,,,,
SAFE_20m,trees unburnt,MSI,2023-07-08,-0.0224,-0.0172,2022-07-08,-0.0734,0.051,-0.0124,0.0389,0.5321,0.6512
SAFE_20m,trees unburnt,MSI,2023-07-15,-0.043,-0.0378,2022-07-08,-0.0734,0.0304,-0.0606,-0.0093,,
SAFE_20m,trees unburnt,MSI,2023-07-25,,,,,,,,,
SAFE_20m,trees unburnt,MSI,2023-07-30,-0.0076,-0.0024,2022-08-07,-0.0706,0.063,-0.0709,-0.0196,0.5447,0.6638
SAFE_20m,trees unburnt,MSI,2023-08-04,0.0067,0.0119,2022-08-07,-0.0706,0.0773,-0.0457,0.0056,0.5058,0.6249
SAFE_20m,trees unburnt,MSI,2023-08-07,,,2022-08-07,-0.0706,,,,,
SAFE_20m,trees unburnt,MSI,2023-08-09,,,2022-08-07,-0.0706,,,,,
SAFE_20m,trees unburnt,NDVI,2023-06-15,,,2022-06-20,0.0186,,,,,
SAFE_20m,trees unburnt,NDVI,2023-06-18,,,2022-06-20,0.0186,,,,,
SAFE_20m,trees unburnt,NDVI,2023-06-20,,,2022-06-20,0.0186,,,,,
SAFE_20m,trees unburnt,NDVI,2023-06-25,0.0321,0.0401,2022-06-20,0.0186,0.0135,0.0509,0.0317,-0.5044,-0.5446
SAFE_20m,trees unburnt,NDVI,2023-06-28,,,2022-07-03,0.018,,,,,
SAFE_20m,trees unburnt,NDVI,2023-06-30,-0.0042,0.0038,2022-07-03,0.018,-0.0222,0.0101,-0.0091,-0.5307,-0.5709
SAFE_20m,trees unburnt,NDVI,2023-07-03,0.0007,0.0087,2022-07-03,0.018,-0.0173,0.0217,0.0025,-0.5638,-0.604
SAFE_20m,trees unburnt,NDVI,2023-07-05,,,2022-07-03,0.018,,,,,
SAFE_20m,trees unburnt,NDVI,2023-07-08,-0.0017,0.0063,2022-07-08,0.0229,-0.0246,0.001,-0.0182,-0.5423,-0.5825
SAFE_20m,trees unburnt,NDVI,2023-07-15,-0.0109,-0.0029,2022-07-08,0.0229,-0.0338,0.0508,0.0316,,
SAFE_20m,trees unburnt,NDVI,2023-07-25,,,,,,,,,
SAFE_20m,trees unburnt,NDVI,2023-07-30,-0.0057,0.0023,2022-08-07,0.0247,-0.0304,0.0409,0.0217,-0.4942,-0.5344
SAFE_20m,trees unburnt,NDVI,2023-08-04,-0.0147,-0.0067,2022-08-07,0.0247,-0.0394,0.02,0.0008,-0.5218,-0.562
SAFE_20m,trees unburnt,NDVI,2023-08-07,,,2022-08-07,0.0247,,,,,
SAFE_20m,trees unburnt,NDVI,2023-08-09,,,2022-08-07,0.0247,,,,,
SAFE_20m,trees unburnt,MNDWI,2023-06-15,,,2022-06-20,-0.0026,,,,,
SAFE_20m,trees unburnt,MNDWI,2023-06-18,,,2022-06-20,-0.0026,,,,,
SAFE_20m,trees unburnt,MNDWI,2023-06-20,,,2022-06-20,-0.0026,,,,,
SAFE_20m,trees unburnt,MNDWI,2023-06-25,0.0064,0.0105,2022-06-20,-0.0026,0.009,-0.0142,-0.0151,0.2021,0.1674
SAFE_20m,trees unburnt,MNDWI,2023-06-28,,,2022-07-03,0.0001,,,,,
SAFE_20m,trees unburnt,MNDWI,2023-06-30,0.0011,0.0052,2022-07-03,0.0001,0.001,-0.0019,-0.0028,0.1521,0.1174
SAFE_20m,trees unburnt,MNDWI,2023-07-03,0.0043,0.0084,2022-07-03,0.0001,0.0042,-0.0033,-0.0042,0.1745,0.1398
SAFE_20m,trees unburnt,MNDWI,2023-07-05,,,2022-07-03,0.0001,,,,,
SAFE_20m,trees unburnt,MNDWI,2023-07-08,0.0005,0.0046,2022-07-08,0.0008,-0.0003,0.0108,0.0099,0.1703,0.1356
SAFE_20m,trees unburnt,MNDWI,2023-07-15,0.0366,0.0407,2022-07-08,0.0008,0.0358,-0.0245,-0.0254,,
SAFE_20m,trees unburnt,MNDWI,2023-07-25,,,,,,,,,
SAFE_20m,trees unburnt,MNDWI,2023-07-30,-0.0145,-0.0104,2022-08-07,-0.0043,-0.0102,-0.0289,-0.0298,0.1089,0.0742
SAFE_20m,trees unburnt,MNDWI,2023-08-04,-0.0116,-0.0075,2022-08-07,-0.0043,-0.0073,-0.0093,-0.0102,0.1574,0.1227
SAFE_20m,trees unburnt,MNDWI,2023-08-07,,,2022-08-07,-0.0043,,,,,
SAFE_20m,trees unburnt,MNDWI,2023-08-09,,,2022-08-07,-0.0043,,,,,
SAFE_20m,trees unburnt,BSI,2023-06-15,,,2022-06-20,-0.0431,,,,,
SAFE_20m,trees unburnt,BSI,2023-06-18,,,2022-06-20,-0.0431,,,,,
SAFE_20m,trees unburnt,BSI,2023-06-20,,,2022-06-20,-0.0431,,,,,
SAFE_20m,trees unburnt,BSI,2023-06-25,-0.026,-0.0236,2022-06-20,-0.0431,0.0171,-0.0151,0.023,0.2587,0.3442
SAFE_20m,trees unburnt,BSI,2023-06-28,,,2022-07-03,-0.0471,,,,,
SAFE_20m,trees unburnt,BSI,2023-06-30,-0.0192,-0.0168,2022-07-03,-0.0471,0.0279,-0.0218,0.0163,0.2942,0.3797
SAFE_20m,trees unburnt,BSI,2023-07-03,-0.0224,-0.02,2022-07-03,-0.0471,0.0247,-0.0321,0.006,0.3098,0.3953
SAFE_20m,trees unburnt,BSI,2023-07-05,,,2022-07-03,-0.0471,,,,,
SAFE_20m,trees unburnt,BSI,2023-07-08,-0.0157,-0.0133,2022-07-08,-0.0487,0.033,-0.0077,0.0304,0.299,0.3845
SAFE_20m,trees unburnt,BSI,2023-07-15,-0.028,-0.0256,2022-07-08,-0.0487,0.0207,-0.0429,-0.0048,,
SAFE_20m,trees unburnt,BSI,2023-07-25,,,,,,,,,
SAFE_20m,trees unburnt,BSI,2023-07-30,-0.0052,-0.0028,2022-08-07,-0.0472,0.042,-0.062,-0.0239,0.2986,0.3841
SAFE_20m,trees unburnt,BSI,2023-08-04,0.0108,0.0132,2022-08-07,-0.0472,0.058,-0.0336,0.0045,0.2703,0.3558
SAFE_20m,trees unburnt,BSI,2023-08-07,,,2022-08-07,-0.0472,,,,,
SAFE_20m,trees unburnt,BSI,2023-08-09,,,2022-08-07,-0.0472,,,,,
SAFE_20m,trees unburnt,NBR,2023-06-15,,,2022-06-20,0.0622,,,,,
SAFE_20m,trees unburnt,NBR,2023-06-18,,,2022-06-20,0.0622,,,,,
SAFE_20m,trees unburnt,NBR,2023-06-20,,,2022-06-20,0.0622,,,,,
SAFE_20m,trees unburnt,NBR,2023-06-25,0.0274,0.0185,2022-06-20,0.0622,-0.0348,0.0115,-0.0413,-0.4067,-0.5249
SAFE_20m,trees unburnt,NBR,2023-06-28,,,2022-07-03,0.068,,,,,
SAFE_20m,trees unburnt,NBR,2023-06-30,0.0205,0.0116,2022-07-03,0.068,-0.0475,0.0183,-0.0345,-0.4139,-0.5321
SAFE_20m,trees unburnt,NBR,2023-07-03,0.0235,0.0146,2022-07-03,0.068,-0.0445,0.0316,-0.0212,-0.452,-0.5702
SAFE_20m,trees unburnt,NBR,2023-07-05,,,2022-07-03,0.068,,,,,
SAFE_20m,trees unburnt,NBR,2023-07-08,0.0111,0.0022,2022-07-08,0.0738,-0.0627,-0.009,-0.0618,-0.4413,-0.5595
SAFE_20m,trees unburnt,NBR,2023-07-15,0.0246,0.0157,2022-07-08,0.0738,-0.0492,0.0577,0.0049,,
SAFE_20m,trees unburnt,NBR,2023-07-25,,,,,,,,,
SAFE_20m,trees unburnt,NBR,2023-07-30,0.0104,0.0015,2022-08-07,0.0771,-0.0667,0.078,0.0252,-0.4673,-0.5855
SAFE_20m,trees unburnt,NBR,2023-08-04,-0.0139,-0.0228,2022-08-07,0.0771,-0.091,0.0387,-0.0141,-0.4564,-0.5746
SAFE_20m,trees unburnt,NBR,2023-08-07,,,2022-08-07,0.0771,,,,,
SAFE_20m,trees unburnt,NBR,2023-08-09,,,2022-08-07,0.0771,,,,,
SAFE_20m,grass unburnt,SWIR1112,2023-06-15,0.0402,0.0402,2022-06-20,0.0073,0.0329,-0.0186,-0.0385,,
SAFE_20m,grass unburnt,SWIR1112,2023-06-18,0.0471,0.0471,2022-06-20,0.0073,0.0398,-0.0147,-0.0346,0.0034,-0.0675
SAFE_20m,grass unburnt,SWIR1112,2023-06-20,0.0277,0.0277,2022-06-20,0.0073,0.0204,-0.0275,-0.0474,-0.0131,-0.084
SAFE_20m,grass unburnt,SWIR1112,2023-06-23,,,2022-06-20,0.0073,,,,,
SAFE_20m,grass unburnt,SWIR1112,2023-06-25,-0.0043,-0.0043,2022-06-20,0.0073,-0.0116,-0.0357,-0.0556,-0.054,-0.1249
SAFE_20m,grass unburnt,SWIR1112,2023-06-28,0.0634,0.0634,2022-07-03,0.0096,0.0538,0.0541,0.0342,0.0185,-0.0524
SAFE_20m,grass unburnt,SWIR1112,2023-06-30,0.0052,0.0052,2022-07-03,0.0096,-0.0044,-0.0285,-0.0484,-0.0683,-0.1392
SAFE_20m,grass unburnt,SWIR1112,2023-07-03,0.0004,0.0004,2022-07-03,0.0096,-0.0092,-0.0213,-0.0412,-0.0705,-0.1414
SAFE_20m,grass unburnt,SWIR1112,2023-07-05,0.0467,0.0467,2022-07-03,0.0096,0.0371,0.022,0.0021,0.0061,-0.0648
SAFE_20m,grass unburnt,SWIR1112,2023-07-08,0.0398,0.0398,2022-07-08,0.0146,0.0252,0.0165,-0.0034,-0.029,-0.0999
SAFE_20m,grass unburnt,SWIR1112,2023-07-15,0.0064,0.0064,2022-07-18,0.045,-0.0386,0.0022,-0.0177,-0.057,-0.1279
SAFE_20m,grass unburnt,SWIR1112,2023-07-25,0.0642,0.0642,2022-07-23,0.0522,0.012,0.0453,0.0254,0.0408,-0.0301
SAFE_20m,grass unburnt,SWIR1112,2023-07-30,0.0577,0.0577,2022-07-23,0.0522,0.0055,0.0436,0.0237,-0.0117,-0.0826
SAFE_20m,grass unburnt,SWIR1112,2023-08-04,0.0158,0.0158,2022-08-07,0.0237,-0.0079,0.0145,-0.0054,-0.039,-0.1099
SAFE_20m,grass unburnt,SWIR1112,2023-08-07,0.0763,0.0763,2022-08-07,0.0237,0.0526,,,,
SAFE_20m,grass unburnt,SWIR1112,2023-08-09,0.0729,0.0729,2022-08-07,0.0237,0.0492,0.0706,0.0507,0.0917,0.0208
SAFE_20m,grass unburnt,NDMI,2023-06-15,0.0199,0.0493,2022-06-20,-0.0661,0.086,-0.1223,-0.0898,,
SAFE_20m,grass unburnt,NDMI,2023-06-18,0.0431,0.0725,2022-06-20,-0.0661,0.1092,-0.0818,-0.0493,-0.0335,-0.1849
SAFE_20m,grass unburnt,NDMI,2023-06-20,0.0129,0.0423,2022-06-20,-0.0661,0.079,-0.0857,-0.0532,-0.0709,-0.2223
SAFE_20m,grass unburnt,NDMI,2023-06-23,,,2022-06-20,-0.0661,,,,,
SAFE_20m,grass unburnt,NDMI,2023-06-25,-0.033,-0.0036,2022-06-20,-0.0661,0.0331,-0.0703,-0.0378,-0.0821,-0.2335
SAFE_20m,grass unburnt,NDMI,2023-06-28,0.0369,0.0663,2022-07-03,-0.0563,0.0932,0.0317,0.0642,-0.0638,-0.2152
SAFE_20m,grass unburnt,NDMI,2023-06-30,-0.018,0.0114,2022-07-03,-0.0563,0.0383,-0.0532,-0.0207,-0.0813,-0.2327
SAFE_20m,grass unburnt,NDMI,2023-07-03,-0.0222,0.0072,2022-07-03,-0.0563,0.0341,-0.044,-0.0115,-0.0835,-0.2349
SAFE_20m,grass unburnt,NDMI,2023-07-05,0.0202,0.0496,2022-07-03,-0.0563,0.0765,-0.023,0.0095,-0.0508,-0.2022
SAFE_20m,grass unburnt,NDMI,2023-07-08,-0.0039,0.0255,2022-07-08,-0.0433,0.0394,-0.0402,-0.0077,-0.0459,-0.1973
SAFE_20m,grass unburnt,NDMI,2023-07-15,0.0028,0.0322,2022-07-18,-0.043,0.0458,0.0136,0.0461,-0.0658,-0.2172
SAFE_20m,grass unburnt,NDMI,2023-07-25,0.0607,0.0901,2022-07-23,-0.0278,0.0885,0.021,0.0535,0.0348,-0.1166
SAFE_20m,grass unburnt,NDMI,2023-07-30,0.0527,0.0821,2022-07-23,-0.0278,0.0805,0.0631,0.0956,0.0059,-0.1455
SAFE_20m,grass unburnt,NDMI,2023-08-04,0.0257,0.0551,2022-08-07,-0.0466,0.0723,0.0616,0.0941,0.0112,-0.1402
SAFE_20m,grass unburnt,NDMI,2023-08-07,0.0695,0.0989,2022-08-07,-0.0466,0.1161,,,,
SAFE_20m,grass unburnt,NDMI,2023-08-09,0.0494,0.0788,2022-08-07,-0.0466,0.096,0.0502,0.0827,0.132,-0.0194
SAFE_20m,grass unburnt,MSI,2023-06-15,-0.0446,-0.1103,2022-06-20,0.1675,-0.2121,0.3154,0.2426,,
SAFE_20m,grass unburnt,MSI,2023-06-18,-0.0973,-0.163,2022-06-20,0.1675,-0.2648,0.2123,0.1395,0.0824,0.3654
SAFE_20m,grass unburnt,MSI,2023-06-20,-0.0291,-0.0948,2022-06-20,0.1675,-0.1966,0.2153,0.1425,0.1752,0.4582
SAFE_20m,grass unburnt,MSI,2023-06-23,,,2022-06-20,0.1675,,,,,
SAFE_20m,grass unburnt,MSI,2023-06-25,0.0683,0.0026,2022-06-20,0.1675,-0.0992,0.1517,0.0789,0.1795,0.4625
SAFE_20m,grass unburnt,MSI,2023-06-28,-0.0778,-0.1435,2022-07-03,0.1411,-0.2189,-0.0672,-0.14,0.1496,0.4326
SAFE_20m,grass unburnt,MSI,2023-06-30,0.0378,-0.0279,2022-07-03,0.1411,-0.1033,0.1161,0.0433,0.1827,0.4657
SAFE_20m,grass unburnt,MSI,2023-07-03,0.0475,-0.0182,2022-07-03,0.1411,-0.0936,0.0963,0.0235,0.1909,0.4739
SAFE_20m,grass unburnt,MSI,2023-07-05,-0.0472,-0.1129,2022-07-03,0.1411,-0.1883,0.0562,-0.0166,0.128,0.411
SAFE_20m,grass unburnt,MSI,2023-07-08,0.0082,-0.0575,2022-07-08,0.1088,-0.1006,0.0877,0.0149,0.1009,0.3839
SAFE_20m,grass unburnt,MSI,2023-07-15,-0.0057,-0.0714,2022-07-18,0.1098,-0.1155,-0.0277,-0.1005,0.1467,0.4297
SAFE_20m,grass unburnt,MSI,2023-07-25,-0.1357,-0.2014,2022-07-23,0.0704,-0.2061,-0.0489,-0.1217,-0.0799,0.2031
SAFE_20m,grass unburnt,MSI,2023-07-30,-0.1124,-0.1781,2022-07-23,0.0704,-0.1828,-0.1332,-0.206,-0.0136,0.2694
SAFE_20m,grass unburnt,MSI,2023-08-04,-0.0566,-0.1223,2022-08-07,0.1225,-0.1791,-0.1307,-0.2035,-0.0254,0.2576
SAFE_20m,grass unburnt,MSI,2023-08-07,-0.1564,-0.2221,2022-08-07,0.1225,-0.2789,,,,
SAFE_20m,grass unburnt,MSI,2023-08-09,-0.1114,-0.1771,2022-08-07,0.1225,-0.2339,-0.1133,-0.1861,-0.2744,0.0086
SAFE_20m,grass unburnt,NDVI,2023-06-15,0.0234,0.0653,2022-06-20,-0.0228,0.0462,-0.0753,-0.0375,,
SAFE_20m,grass unburnt,NDVI,2023-06-18,0.0301,0.072,2022-06-20,-0.0228,0.0529,-0.0511,-0.0133,-0.1594,-0.2478
SAFE_20m,grass unburnt,NDVI,2023-06-20,0.0214,0.0633,2022-06-20,-0.0228,0.0442,-0.0414,-0.0036,-0.1404,-0.2288
SAFE_20m,grass unburnt,NDVI,2023-06-23,,,2022-06-20,-0.0228,,,,,
SAFE_20m,grass unburnt,NDVI,2023-06-25,-0.012,0.0299,2022-06-20,-0.0228,0.0108,-0.0416,-0.0038,-0.2425,-0.3309
SAFE_20m,grass unburnt,NDVI,2023-06-28,0.1342,0.1761,2022-07-03,-0.0124,0.1466,0.1494,0.1872,-0.0305,-0.1189
SAFE_20m,grass unburnt,NDVI,2023-06-30,-0.0458,-0.0039,2022-07-03,-0.0124,-0.0334,-0.0548,-0.017,-0.312,-0.4004
SAFE_20m,grass unburnt,NDVI,2023-07-03,-0.0569,-0.015,2022-07-03,-0.0124,-0.0445,-0.0409,-0.0031,-0.3297,-0.4181
SAFE_20m,grass unburnt,NDVI,2023-07-05,0.0523,0.0942,2022-07-03,-0.0124,0.0647,0.0578,0.0956,-0.0856,-0.174
SAFE_20m,grass unburnt,NDVI,2023-07-08,0.0649,0.1068,2022-07-08,0.0011,0.0638,0.0492,0.087,-0.2294,-0.3178
SAFE_20m,grass unburnt,NDVI,2023-07-15,-0.0187,0.0232,2022-07-18,0.0751,-0.0938,0.0119,0.0497,-0.2414,-0.3298
SAFE_20m,grass unburnt,NDVI,2023-07-25,0.1145,0.1564,2022-07-23,0.105,0.0095,0.1181,0.1559,0.0817,-0.0067
SAFE_20m,grass unburnt,NDVI,2023-07-30,0.0792,0.1211,2022-07-23,0.105,-0.0258,0.1063,0.1441,-0.1167,-0.2051
SAFE_20m,grass unburnt,NDVI,2023-08-04,0.0398,0.0817,2022-08-07,0.0006,0.0392,0.0852,0.123,-0.12,-0.2084
SAFE_20m,grass unburnt,NDVI,2023-08-07,0.1306,0.1725,2022-08-07,0.0006,0.13,,,,
SAFE_20m,grass unburnt,NDVI,2023-08-09,0.1305,0.1724,2022-08-07,0.0006,0.1299,0.1537,0.1915,0.1934,0.105
SAFE_20m,grass unburnt,MNDWI,2023-06-15,-0.0221,0.0065,2022-06-20,-0.0168,-0.0053,-0.0371,0.0196,,
SAFE_20m,grass unburnt,MNDWI,2023-06-18,-0.0172,0.0114,2022-06-20,-0.0168,-0.0004,-0.031,0.0257,0.0842,0.0743
SAFE_20m,grass unburnt,MNDWI,2023-06-20,-0.015,0.0136,2022-06-20,-0.0168,0.0018,-0.0312,0.0255,0.0315,0.0216
SAFE_20m,grass unburnt,MNDWI,2023-06-23,,,2022-06-20,-0.0168,,,,,
SAFE_20m,grass unburnt,MNDWI,2023-06-25,-0.0294,-0.0008,2022-06-20,-0.0168,-0.0126,-0.0507,0.006,0.0821,0.0722
SAFE_20m,grass unburnt,MNDWI,2023-06-28,-0.0535,-0.0249,2022-07-03,-0.0184,-0.0351,-0.0705,-0.0138,-0.0409,-0.0508
SAFE_20m,grass unburnt,MNDWI,2023-06-30,-0.014,0.0146,2022-07-03,-0.0184,0.0044,-0.0329,0.0238,0.1248,0.1149
SAFE_20m,grass unburnt,MNDWI,2023-07-03,-0.0071,0.0215,2022-07-03,-0.0184,0.0113,-0.0335,0.0232,0.1391,0.1292
SAFE_20m,grass unburnt,MNDWI,2023-07-05,-0.0167,0.0119,2022-07-03,-0.0184,0.0017,-0.0401,0.0166,0.0042,-0.0057
SAFE_20m,grass unburnt,MNDWI,2023-07-08,-0.0477,-0.0191,2022-07-08,-0.0173,-0.0304,-0.0555,0.0012,0.1396,0.1297
SAFE_20m,grass unburnt,MNDWI,2023-07-15,0.006,0.0346,2022-07-18,-0.0496,0.0556,-0.019,0.0377,0.1183,0.1084
SAFE_20m,grass unburnt,MNDWI,2023-07-25,-0.0102,0.0184,2022-07-23,-0.0689,0.0587,-0.0333,0.0234,0.0015,-0.0084
SAFE_20m,grass unburnt,MNDWI,2023-07-30,-0.0068,0.0218,2022-07-23,-0.0689,0.0621,-0.014,0.0427,0.1064,0.0965
SAFE_20m,grass unburnt,MNDWI,2023-08-04,-0.0068,0.0218,2022-08-07,-0.0054,-0.0014,-0.0123,0.0444,0.1218,0.1119
SAFE_20m,grass unburnt,MNDWI,2023-08-07,-0.0275,0.0011,2022-08-07,-0.0054,-0.0221,,,,
SAFE_20m,grass unburnt,MNDWI,2023-08-09,-0.0217,0.0069,2022-08-07,-0.0054,-0.0163,-0.0237,0.033,0.0173,0.0074
SAFE_20m,grass unburnt,BSI,2023-06-15,-0.0379,-0.0582,2022-06-20,0.0437,-0.0816,0.0694,0.0441,,
SAFE_20m,grass unburnt,BSI,2023-06-18,-0.0554,-0.0757,2022-06-20,0.0437,-0.0991,0.0401,0.0148,-0.0021,0.1341
SAFE_20m,grass unburnt,BSI,2023-06-20,-0.0357,-0.056,2022-06-20,0.0437,-0.0794,0.0405,0.0152,0.0321,0.1683
SAFE_20m,grass unburnt,BSI,2023-06-23,,,2022-06-20,0.0437,,,,,
SAFE_20m,grass unburnt,BSI,2023-06-25,0.0289,0.0086,2022-06-20,0.0437,-0.0148,0.0628,0.0375,0.0787,0.2149
SAFE_20m,grass unburnt,BSI,2023-06-28,-0.0454,-0.0657,2022-07-03,0.0331,-0.0785,-0.0426,-0.0679,0.0514,0.1876
SAFE_20m,grass unburnt,BSI,2023-06-30,0.0076,-0.0127,2022-07-03,0.0331,-0.0255,0.0341,0.0088,0.0684,0.2046
SAFE_20m,grass unburnt,BSI,2023-07-03,0.0142,-0.0061,2022-07-03,0.0331,-0.0189,0.0304,0.0051,0.0698,0.206
SAFE_20m,grass unburnt,BSI,2023-07-05,-0.0344,-0.0547,2022-07-03,0.0331,-0.0675,-0.007,-0.0323,0.0246,0.1608
SAFE_20m,grass unburnt,BSI,2023-07-08,-0.0016,-0.0219,2022-07-08,0.0222,-0.0238,0.023,-0.0023,0.0425,0.1787
SAFE_20m,grass unburnt,BSI,2023-07-15,-0.0116,-0.0319,2022-07-18,0.0151,-0.0267,-0.0179,-0.0432,0.0644,0.2006
SAFE_20m,grass unburnt,BSI,2023-07-25,-0.0715,-0.0918,2022-07-23,0.0039,-0.0754,-0.0399,-0.0652,-0.0507,0.0855
SAFE_20m,grass unburnt,BSI,2023-07-30,-0.0625,-0.0828,2022-07-23,0.0039,-0.0664,-0.0754,-0.1007,-0.0264,0.1098
SAFE_20m,grass unburnt,BSI,2023-08-04,-0.0293,-0.0496,2022-08-07,0.0265,-0.0558,-0.0668,-0.0921,-0.0183,0.1179
SAFE_20m,grass unburnt,BSI,2023-08-07,-0.0776,-0.0979,2022-08-07,0.0265,-0.1041,,,,
SAFE_20m,grass unburnt,BSI,2023-08-09,-0.06,-0.0803,2022-08-07,0.0265,-0.0865,-0.0656,-0.0909,-0.1404,-0.0042
SAFE_20m,grass unburnt,NBR,2023-06-15,0.0645,0.0895,2022-06-20,-0.065,0.1295,-0.1382,-0.1311,,
SAFE_20m,grass unburnt,NBR,2023-06-18,0.1004,0.1254,2022-06-20,-0.065,0.1654,-0.0897,-0.0826,-0.0117,-0.2319
SAFE_20m,grass unburnt,NBR,2023-06-20,0.0482,0.0732,2022-06-20,-0.065,0.1132,-0.1061,-0.099,-0.0691,-0.2893
SAFE_20m,grass unburnt,NBR,2023-06-23,,,2022-06-20,-0.065,,,,,
SAFE_20m,grass unburnt,NBR,2023-06-25,-0.0344,-0.0094,2022-06-20,-0.065,0.0306,-0.1024,-0.0953,-0.1424,-0.3626
SAFE_20m,grass unburnt,NBR,2023-06-28,0.0952,0.1202,2022-07-03,-0.0454,0.1406,0.0845,0.0916,-0.0407,-0.2609
SAFE_20m,grass unburnt,NBR,2023-06-30,-0.013,0.012,2022-07-03,-0.0454,0.0324,-0.0765,-0.0694,-0.129,-0.3492
SAFE_20m,grass unburnt,NBR,2023-07-03,-0.0274,-0.0024,2022-07-03,-0.0454,0.018,-0.0646,-0.0575,-0.1469,-0.3671
SAFE_20m,grass unburnt,NBR,2023-07-05,0.0677,0.0927,2022-07-03,-0.0454,0.1131,0.0114,0.0185,-0.0346,-0.2548
SAFE_20m,grass unburnt,NBR,2023-07-08,0.0443,0.0693,2022-07-08,-0.0284,0.0727,-0.01,-0.0029,-0.0439,-0.2641
SAFE_20m,grass unburnt,NBR,2023-07-15,0.0042,0.0292,2022-07-18,-0.0057,0.0099,0.0116,0.0187,-0.1456,-0.3658
SAFE_20m,grass unburnt,NBR,2023-07-25,0.1258,0.1508,2022-07-23,0.0142,0.1116,0.0751,0.0822,0.0831,-0.1371
SAFE_20m,grass unburnt,NBR,2023-07-30,0.1091,0.1341,2022-07-23,0.0142,0.0949,0.1068,0.1139,-0.007,-0.2272
SAFE_20m,grass unburnt,NBR,2023-08-04,0.0512,0.0762,2022-08-07,-0.0199,0.0711,0.0876,0.0947,-0.0279,-0.2481
SAFE_20m,grass unburnt,NBR,2023-08-07,0.1461,0.1711,2022-08-07,-0.0199,0.166,,,,
SAFE_20m,grass unburnt,NBR,2023-08-09,0.1204,0.1454,2022-08-07,-0.0199,0.1403,0.1229,0.13,0.2212,0.001
SAFE_20m,burnt dNBR>0.1,SWIR1112,2023-06-15,,,2022-06-20,0.0262,,,,,
SAFE_20m,burnt dNBR>0.1,SWIR1112,2023-06-18,,,2022-06-20,0.0262,,,,,
SAFE_20m,burnt dNBR>0.1,SWIR1112,2023-06-20,,,2022-06-20,0.0262,,,,,
SAFE_20m,burnt dNBR>0.1,SWIR1112,2023-06-23,,,2022-06-20,0.0262,,,,,
SAFE_20m,burnt dNBR>0.1,SWIR1112,2023-06-25,,,2022-06-20,0.0262,,,,,
SAFE_20m,burnt dNBR>0.1,SWIR1112,2023-06-28,,,2022-07-03,0.0749,,,,,
SAFE_20m,burnt dNBR>0.1,SWIR1112,2023-06-30,-0.0984,-0.0266,2022-07-03,0.0749,-0.1733,-0.0377,-0.0279,-0.0833,-0.1721
SAFE_20m,burnt dNBR>0.1,SWIR1112,2023-07-03,-0.0892,-0.0174,2022-07-03,0.0749,-0.1641,-0.0216,-0.0118,-0.0609,-0.1497
SAFE_20m,burnt dNBR>0.1,SWIR1112,2023-07-05,,,2022-07-03,0.0749,,,,,
SAFE_20m,burnt dNBR>0.1,SWIR1112,2023-07-08,-0.1125,-0.0407,2022-07-08,0.0658,-0.1783,-0.021,-0.0112,-0.0994,-0.1882
SAFE_20m,burnt dNBR>0.1,SWIR1112,2023-07-15,-0.0976,-0.0258,2022-07-08,0.0658,-0.1634,-0.0489,-0.0391,,
SAFE_20m,burnt dNBR>0.1,SWIR1112,2023-07-25,,,,,,,,,
SAFE_20m,burnt dNBR>0.1,SWIR1112,2023-07-30,-0.1013,-0.0295,2022-08-07,0.1605,-0.2618,-0.0146,-0.0048,-0.082,-0.1708
SAFE_20m,burnt dNBR>0.1,SWIR1112,2023-08-04,-0.0942,-0.0224,2022-08-07,0.1605,-0.2547,-0.0072,0.0026,-0.0564,-0.1452
SAFE_20m,burnt dNBR>0.1,SWIR1112,2023-08-07,,,2022-08-07,0.1605,,,,,
SAFE_20m,burnt dNBR>0.1,SWIR1112,2023-08-09,,,2022-08-07,0.1605,,,,,
SAFE_20m,burnt dNBR>0.1,NDMI,2023-06-15,,,2022-06-20,0.0231,,,,,
SAFE_20m,burnt dNBR>0.1,NDMI,2023-06-18,,,2022-06-20,0.0231,,,,,
SAFE_20m,burnt dNBR>0.1,NDMI,2023-06-20,,,2022-06-20,0.0231,,,,,
SAFE_20m,burnt dNBR>0.1,NDMI,2023-06-23,,,2022-06-20,0.0231,,,,,
SAFE_20m,burnt dNBR>0.1,NDMI,2023-06-25,,,2022-06-20,0.0231,,,,,
SAFE_20m,burnt dNBR>0.1,NDMI,2023-06-28,,,2022-07-03,0.2728,,,,,
SAFE_20m,burnt dNBR>0.1,NDMI,2023-06-30,-0.1453,0.0501,2022-07-03,0.2728,-0.4181,0.0527,0.0721,-0.0974,-0.1502
SAFE_20m,burnt dNBR>0.1,NDMI,2023-07-03,-0.1158,0.0796,2022-07-03,0.2728,-0.3886,0.0818,0.1012,-0.0911,-0.1439
SAFE_20m,burnt dNBR>0.1,NDMI,2023-07-05,,,2022-07-03,0.2728,,,,,
SAFE_20m,burnt dNBR>0.1,NDMI,2023-07-08,-0.1524,0.043,2022-07-08,0.258,-0.4104,0.099,0.1184,-0.0915,-0.1443
SAFE_20m,burnt dNBR>0.1,NDMI,2023-07-15,-0.133,0.0624,2022-07-08,0.258,-0.391,0.0408,0.0602,,
SAFE_20m,burnt dNBR>0.1,NDMI,2023-07-25,,,,,,,,,
SAFE_20m,burnt dNBR>0.1,NDMI,2023-07-30,-0.1523,0.0431,2022-08-07,0.3679,-0.5202,0.0866,0.106,-0.0884,-0.1412
SAFE_20m,burnt dNBR>0.1,NDMI,2023-08-04,-0.1471,0.0483,2022-08-07,0.3679,-0.515,0.1036,0.123,-0.0691,-0.1219
SAFE_20m,burnt dNBR>0.1,NDMI,2023-08-07,,,2022-08-07,0.3679,,,,,
SAFE_20m,burnt dNBR>0.1,NDMI,2023-08-09,,,2022-08-07,0.3679,,,,,
SAFE_20m,burnt dNBR>0.1,MSI,2023-06-15,,,2022-06-20,-0.038,,,,,
SAFE_20m,burnt dNBR>0.1,MSI,2023-06-18,,,2022-06-20,-0.038,,,,,
SAFE_20m,burnt dNBR>0.1,MSI,2023-06-20,,,2022-06-20,-0.038,,,,,
SAFE_20m,burnt dNBR>0.1,MSI,2023-06-23,,,2022-06-20,-0.038,,,,,
SAFE_20m,burnt dNBR>0.1,MSI,2023-06-25,,,2022-06-20,-0.038,,,,,
SAFE_20m,burnt dNBR>0.1,MSI,2023-06-28,,,2022-07-03,-0.51,,,,,
SAFE_20m,burnt dNBR>0.1,MSI,2023-06-30,0.3153,-0.1202,2022-07-03,-0.51,0.8253,-0.0933,-0.1292,0.2008,0.2951
SAFE_20m,burnt dNBR>0.1,MSI,2023-07-03,0.2538,-0.1817,2022-07-03,-0.51,0.7638,-0.1472,-0.1831,0.1944,0.2887
SAFE_20m,burnt dNBR>0.1,MSI,2023-07-05,,,2022-07-03,-0.51,,,,,
SAFE_20m,burnt dNBR>0.1,MSI,2023-07-08,0.311,-0.1245,2022-07-08,-0.4852,0.7962,-0.1584,-0.1943,0.1751,0.2694
SAFE_20m,burnt dNBR>0.1,MSI,2023-07-15,0.2659,-0.1696,2022-07-08,-0.4852,0.7511,-0.0688,-0.1047,,
SAFE_20m,burnt dNBR>0.1,MSI,2023-07-25,,,,,,,,,
SAFE_20m,burnt dNBR>0.1,MSI,2023-07-30,0.2869,-0.1486,2022-08-07,-0.7564,1.0433,-0.1306,-0.1665,0.1561,0.2504
SAFE_20m,burnt dNBR>0.1,MSI,2023-08-04,0.3006,-0.1349,2022-08-07,-0.7564,1.057,-0.1664,-0.2023,0.1302,0.2245
SAFE_20m,burnt dNBR>0.1,MSI,2023-08-07,,,2022-08-07,-0.7564,,,,,
SAFE_20m,burnt dNBR>0.1,MSI,2023-08-09,,,2022-08-07,-0.7564,,,,,
SAFE_20m,burnt dNBR>0.1,NDVI,2023-06-15,,,2022-06-20,0.3022,,,,,
SAFE_20m,burnt dNBR>0.1,NDVI,2023-06-18,,,2022-06-20,0.3022,,,,,
SAFE_20m,burnt dNBR>0.1,NDVI,2023-06-20,,,2022-06-20,0.3022,,,,,
SAFE_20m,burnt dNBR>0.1,NDVI,2023-06-23,,,2022-06-20,0.3022,,,,,
SAFE_20m,burnt dNBR>0.1,NDVI,2023-06-25,,,2022-06-20,0.3022,,,,,
SAFE_20m,burnt dNBR>0.1,NDVI,2023-06-28,,,2022-07-03,0.391,,,,,
SAFE_20m,burnt dNBR>0.1,NDVI,2023-06-30,-0.1254,0.021,2022-07-03,0.391,-0.5164,0.0692,0.093,-0.278,-0.3069
SAFE_20m,burnt dNBR>0.1,NDVI,2023-07-03,-0.127,0.0194,2022-07-03,0.391,-0.518,0.0756,0.0994,-0.2936,-0.3225
SAFE_20m,burnt dNBR>0.1,NDVI,2023-07-05,,,2022-07-03,0.391,,,,,
SAFE_20m,burnt dNBR>0.1,NDVI,2023-07-08,-0.1455,0.0009,2022-07-08,0.3682,-0.5137,0.0794,0.1032,-0.343,-0.3719
SAFE_20m,burnt dNBR>0.1,NDVI,2023-07-15,-0.1609,-0.0145,2022-07-08,0.3682,-0.5291,0.0434,0.0672,,
SAFE_20m,burnt dNBR>0.1,NDVI,2023-07-25,,,,,,,,,
SAFE_20m,burnt dNBR>0.1,NDVI,2023-07-30,-0.1617,-0.0153,2022-08-07,0.4277,-0.5894,0.0702,0.094,-0.325,-0.3539
SAFE_20m,burnt dNBR>0.1,NDVI,2023-08-04,-0.1359,0.0105,2022-08-07,0.4277,-0.5636,0.0923,0.1161,-0.2113,-0.2402
SAFE_20m,burnt dNBR>0.1,NDVI,2023-08-07,,,2022-08-07,0.4277,,,,,
SAFE_20m,burnt dNBR>0.1,NDVI,2023-08-09,,,2022-08-07,0.4277,,,,,
SAFE_20m,burnt dNBR>0.1,MNDWI,2023-06-15,,,2022-06-20,-0.1295,,,,,
SAFE_20m,burnt dNBR>0.1,MNDWI,2023-06-18,,,2022-06-20,-0.1295,,,,,
SAFE_20m,burnt dNBR>0.1,MNDWI,2023-06-20,,,2022-06-20,-0.1295,,,,,
SAFE_20m,burnt dNBR>0.1,MNDWI,2023-06-23,,,2022-06-20,-0.1295,,,,,
SAFE_20m,burnt dNBR>0.1,MNDWI,2023-06-25,,,2022-06-20,-0.1295,,,,,
SAFE_20m,burnt dNBR>0.1,MNDWI,2023-06-28,,,2022-07-03,-0.0277,,,,,
SAFE_20m,burnt dNBR>0.1,MNDWI,2023-06-30,-0.0359,0.0276,2022-07-03,-0.0277,-0.0082,-0.0128,0.0043,0.1557,0.1135
SAFE_20m,burnt dNBR>0.1,MNDWI,2023-07-03,-0.02,0.0435,2022-07-03,-0.0277,0.0077,0.0005,0.0176,0.1766,0.1344
SAFE_20m,burnt dNBR>0.1,MNDWI,2023-07-05,,,2022-07-03,-0.0277,,,,,
SAFE_20m,burnt dNBR>0.1,MNDWI,2023-07-08,-0.0404,0.0231,2022-07-08,-0.0034,-0.037,0.0171,0.0342,0.173,0.1308
SAFE_20m,burnt dNBR>0.1,MNDWI,2023-07-15,0.0038,0.0673,2022-07-08,-0.0034,0.0072,-0.0135,0.0036,,
SAFE_20m,burnt dNBR>0.1,MNDWI,2023-07-25,,,,,,,,,
SAFE_20m,burnt dNBR>0.1,MNDWI,2023-07-30,-0.0252,0.0383,2022-08-07,-0.0273,0.0021,0.0099,0.027,0.1666,0.1244
SAFE_20m,burnt dNBR>0.1,MNDWI,2023-08-04,-0.0477,0.0158,2022-08-07,-0.0273,-0.0204,0.0034,0.0205,0.1255,0.0833
SAFE_20m,burnt dNBR>0.1,MNDWI,2023-08-07,,,2022-08-07,-0.0273,,,,,
SAFE_20m,burnt dNBR>0.1,MNDWI,2023-08-09,,,2022-08-07,-0.0273,,,,,
SAFE_20m,burnt dNBR>0.1,BSI,2023-06-15,,,2022-06-20,-0.1029,,,,,
SAFE_20m,burnt dNBR>0.1,BSI,2023-06-18,,,2022-06-20,-0.1029,,,,,
SAFE_20m,burnt dNBR>0.1,BSI,2023-06-20,,,2022-06-20,-0.1029,,,,,
SAFE_20m,burnt dNBR>0.1,BSI,2023-06-23,,,2022-06-20,-0.1029,,,,,
SAFE_20m,burnt dNBR>0.1,BSI,2023-06-25,,,2022-06-20,-0.1029,,,,,
SAFE_20m,burnt dNBR>0.1,BSI,2023-06-28,,,2022-07-03,-0.2802,,,,,
SAFE_20m,burnt dNBR>0.1,BSI,2023-06-30,0.099,-0.0619,2022-07-03,-0.2802,0.3792,-0.0594,-0.0732,0.0729,0.1274
SAFE_20m,burnt dNBR>0.1,BSI,2023-07-03,0.084,-0.0769,2022-07-03,-0.2802,0.3642,-0.0822,-0.096,0.0673,0.1218
SAFE_20m,burnt dNBR>0.1,BSI,2023-07-05,,,2022-07-03,-0.2802,,,,,
SAFE_20m,burnt dNBR>0.1,BSI,2023-07-08,0.1191,-0.0418,2022-07-08,-0.2662,0.3853,-0.0969,-0.1107,0.0743,0.1288
SAFE_20m,burnt dNBR>0.1,BSI,2023-07-15,0.078,-0.0829,2022-07-08,-0.2662,0.3442,-0.0452,-0.059,,
SAFE_20m,burnt dNBR>0.1,BSI,2023-07-25,,,,,,,,,
SAFE_20m,burnt dNBR>0.1,BSI,2023-07-30,0.1045,-0.0564,2022-08-07,-0.3396,0.4441,-0.0905,-0.1043,0.0525,0.107
SAFE_20m,burnt dNBR>0.1,BSI,2023-08-04,0.1285,-0.0324,2022-08-07,-0.3396,0.4681,-0.0992,-0.113,0.0485,0.103
SAFE_20m,burnt dNBR>0.1,BSI,2023-08-07,,,2022-08-07,-0.3396,,,,,
SAFE_20m,burnt dNBR>0.1,BSI,2023-08-09,,,2022-08-07,-0.3396,,,,,
SAFE_20m,burnt dNBR>0.1,NBR,2023-06-15,,,2022-06-20,0.0421,,,,,
SAFE_20m,burnt dNBR>0.1,NBR,2023-06-18,,,2022-06-20,0.0421,,,,,
SAFE_20m,burnt dNBR>0.1,NBR,2023-06-20,,,2022-06-20,0.0421,,,,,
SAFE_20m,burnt dNBR>0.1,NBR,2023-06-23,,,2022-06-20,0.0421,,,,,
SAFE_20m,burnt dNBR>0.1,NBR,2023-06-25,,,2022-06-20,0.0421,,,,,
SAFE_20m,burnt dNBR>0.1,NBR,2023-06-28,,,2022-07-03,0.3232,,,,,
SAFE_20m,burnt dNBR>0.1,NBR,2023-06-30,-0.242,0.0366,2022-07-03,0.3232,-0.5652,0.0167,0.0705,-0.1765,-0.2932
SAFE_20m,burnt dNBR>0.1,NBR,2023-07-03,-0.2053,0.0733,2022-07-03,0.3232,-0.5285,0.0649,0.1187,-0.1506,-0.2673
SAFE_20m,burnt dNBR>0.1,NBR,2023-07-05,,,2022-07-03,0.3232,,,,,
SAFE_20m,burnt dNBR>0.1,NBR,2023-07-08,-0.2595,0.0191,2022-07-08,0.3036,-0.5631,0.0761,0.1299,-0.179,-0.2957
SAFE_20m,burnt dNBR>0.1,NBR,2023-07-15,-0.215,0.0636,2022-07-08,0.3036,-0.5186,-0.0017,0.0521,,
SAFE_20m,burnt dNBR>0.1,NBR,2023-07-25,,,,,,,,,
SAFE_20m,burnt dNBR>0.1,NBR,2023-07-30,-0.2448,0.0338,2022-08-07,0.4976,-0.7424,0.0591,0.1129,-0.1688,-0.2855
SAFE_20m,burnt dNBR>0.1,NBR,2023-08-04,-0.2349,0.0437,2022-08-07,0.4976,-0.7325,0.0903,0.1441,-0.1258,-0.2425
SAFE_20m,burnt dNBR>0.1,NBR,2023-08-07,,,2022-08-07,0.4976,,,,,
SAFE_20m,burnt dNBR>0.1,NBR,2023-08-09,,,2022-08-07,0.4976,,,,,
