zone,phase,period,dates,cover,layer,cls,label,stratum,km2,share_of_observed,observed_km2
delta,before,normal year · 25 May – 30 Jun 2022,2022-06-03|2022-06-13,1.0,NDVI,1,< 0.15,ALL,200.561,0.073,2747.12
delta,before,normal year · 25 May – 30 Jun 2022,2022-06-03|2022-06-13,1.0,NDVI,2,0.15–0.3,ALL,469.792,0.171,2747.12
delta,before,normal year · 25 May – 30 Jun 2022,2022-06-03|2022-06-13,1.0,NDVI,3,0.3–0.5,ALL,974.042,0.3546,2747.12
delta,before,normal year · 25 May – 30 Jun 2022,2022-06-03|2022-06-13,1.0,NDVI,4,> 0.5,ALL,1102.723,0.4014,2747.12
delta,before,normal year · 25 May – 30 Jun 2022,2022-06-03|2022-06-13,1.0,NDVI,1,< 0.15,NW_REEDS,0.271,0.0023,116.05
delta,before,normal year · 25 May – 30 Jun 2022,2022-06-03|2022-06-13,1.0,NDVI,2,0.15–0.3,NW_REEDS,0.518,0.0045,116.05
delta,before,normal year · 25 May – 30 Jun 2022,2022-06-03|2022-06-13,1.0,NDVI,3,0.3–0.5,NW_REEDS,3.48,0.03,116.05
delta,before,normal year · 25 May – 30 Jun 2022,2022-06-03|2022-06-13,1.0,NDVI,4,> 0.5,NW_REEDS,111.784,0.9632,116.05
delta,before,normal year · 25 May – 30 Jun 2022,2022-06-03|2022-06-13,1.0,NDVI,1,< 0.15,NW_TREES,0.011,0.0008,13.06
delta,before,normal year · 25 May – 30 Jun 2022,2022-06-03|2022-06-13,1.0,NDVI,2,0.15–0.3,NW_TREES,0.052,0.004,13.06
delta,before,normal year · 25 May – 30 Jun 2022,2022-06-03|2022-06-13,1.0,NDVI,3,0.3–0.5,NW_TREES,0.738,0.0565,13.06
delta,before,normal year · 25 May – 30 Jun 2022,2022-06-03|2022-06-13,1.0,NDVI,4,> 0.5,NW_TREES,12.263,0.9386,13.06
delta,before,normal year · 25 May – 30 Jun 2022,2022-06-03|2022-06-13,1.0,NDVI,1,< 0.15,HIGH_REEDS,0.041,0.003,13.76
delta,before,normal year · 25 May – 30 Jun 2022,2022-06-03|2022-06-13,1.0,NDVI,2,0.15–0.3,HIGH_REEDS,0.429,0.0312,13.76
delta,before,normal year · 25 May – 30 Jun 2022,2022-06-03|2022-06-13,1.0,NDVI,3,0.3–0.5,HIGH_REEDS,3.474,0.2525,13.76
delta,before,normal year · 25 May – 30 Jun 2022,2022-06-03|2022-06-13,1.0,NDVI,4,> 0.5,HIGH_REEDS,9.813,0.7133,13.76
delta,before,normal year · 25 May – 30 Jun 2022,2022-06-03|2022-06-13,1.0,NDVI,1,< 0.15,OPEN_WATER,170.13,0.8757,194.28
delta,before,normal year · 25 May – 30 Jun 2022,2022-06-03|2022-06-13,1.0,NDVI,2,0.15–0.3,OPEN_WATER,5.766,0.0297,194.28
delta,before,normal year · 25 May – 30 Jun 2022,2022-06-03|2022-06-13,1.0,NDVI,3,0.3–0.5,OPEN_WATER,5.198,0.0268,194.28
delta,before,normal year · 25 May – 30 Jun 2022,2022-06-03|2022-06-13,1.0,NDVI,4,> 0.5,OPEN_WATER,13.19,0.0679,194.28
delta,before,normal year · 25 May – 30 Jun 2022,2022-06-03|2022-06-13,1.0,NDVI,1,< 0.15,EVENT_REEDS,0.084,0.0022,38.98
delta,before,normal year · 25 May – 30 Jun 2022,2022-06-03|2022-06-13,1.0,NDVI,2,0.15–0.3,EVENT_REEDS,0.294,0.0076,38.98
delta,before,normal year · 25 May – 30 Jun 2022,2022-06-03|2022-06-13,1.0,NDVI,3,0.3–0.5,EVENT_REEDS,1.943,0.0499,38.98
delta,before,normal year · 25 May – 30 Jun 2022,2022-06-03|2022-06-13,1.0,NDVI,4,> 0.5,EVENT_REEDS,36.654,0.9404,38.98
delta,before,normal year · 25 May – 30 Jun 2022,2022-06-03|2022-06-13,1.0,NDVI,1,< 0.15,DRY_LAND,12.217,0.0063,1947.05
delta,before,normal year · 25 May – 30 Jun 2022,2022-06-03|2022-06-13,1.0,NDVI,2,0.15–0.3,DRY_LAND,414.932,0.2131,1947.05
delta,before,normal year · 25 May – 30 Jun 2022,2022-06-03|2022-06-13,1.0,NDVI,3,0.3–0.5,DRY_LAND,836.361,0.4296,1947.05
delta,before,normal year · 25 May – 30 Jun 2022,2022-06-03|2022-06-13,1.0,NDVI,4,> 0.5,DRY_LAND,683.544,0.3511,1947.05
delta,before,normal year · 25 May – 30 Jun 2022,2022-06-03|2022-06-13,1.0,NDWI,1,< −0.3,ALL,2452.863,0.8929,2747.12
delta,before,normal year · 25 May – 30 Jun 2022,2022-06-03|2022-06-13,1.0,NDWI,2,−0.3–0,ALL,125.118,0.0455,2747.12
delta,before,normal year · 25 May – 30 Jun 2022,2022-06-03|2022-06-13,1.0,NDWI,3,0–0.3,ALL,140.088,0.051,2747.12
delta,before,normal year · 25 May – 30 Jun 2022,2022-06-03|2022-06-13,1.0,NDWI,4,> 0.3,ALL,29.048,0.0106,2747.12
delta,before,normal year · 25 May – 30 Jun 2022,2022-06-03|2022-06-13,1.0,NDWI,1,< −0.3,NW_REEDS,114.698,0.9883,116.05
delta,before,normal year · 25 May – 30 Jun 2022,2022-06-03|2022-06-13,1.0,NDWI,2,−0.3–0,NW_REEDS,1.14,0.0098,116.05
delta,before,normal year · 25 May – 30 Jun 2022,2022-06-03|2022-06-13,1.0,NDWI,3,0–0.3,NW_REEDS,0.208,0.0018,116.05
delta,before,normal year · 25 May – 30 Jun 2022,2022-06-03|2022-06-13,1.0,NDWI,4,> 0.3,NW_REEDS,0.007,0.0001,116.05
delta,before,normal year · 25 May – 30 Jun 2022,2022-06-03|2022-06-13,1.0,NDWI,1,< −0.3,NW_TREES,12.992,0.9944,13.06
delta,before,normal year · 25 May – 30 Jun 2022,2022-06-03|2022-06-13,1.0,NDWI,2,−0.3–0,NW_TREES,0.072,0.0055,13.06
delta,before,normal year · 25 May – 30 Jun 2022,2022-06-03|2022-06-13,1.0,NDWI,3,0–0.3,NW_TREES,0.001,0.0001,13.06
delta,before,normal year · 25 May – 30 Jun 2022,2022-06-03|2022-06-13,1.0,NDWI,4,> 0.3,NW_TREES,0.0,0.0,13.06
delta,before,normal year · 25 May – 30 Jun 2022,2022-06-03|2022-06-13,1.0,NDWI,1,< −0.3,HIGH_REEDS,13.64,0.9915,13.76
delta,before,normal year · 25 May – 30 Jun 2022,2022-06-03|2022-06-13,1.0,NDWI,2,−0.3–0,HIGH_REEDS,0.114,0.0083,13.76
delta,before,normal year · 25 May – 30 Jun 2022,2022-06-03|2022-06-13,1.0,NDWI,3,0–0.3,HIGH_REEDS,0.003,0.0002,13.76
delta,before,normal year · 25 May – 30 Jun 2022,2022-06-03|2022-06-13,1.0,NDWI,4,> 0.3,HIGH_REEDS,0.0,0.0,13.76
delta,before,normal year · 25 May – 30 Jun 2022,2022-06-03|2022-06-13,1.0,NDWI,1,< −0.3,OPEN_WATER,15.702,0.0808,194.28
delta,before,normal year · 25 May – 30 Jun 2022,2022-06-03|2022-06-13,1.0,NDWI,2,−0.3–0,OPEN_WATER,12.603,0.0649,194.28
delta,before,normal year · 25 May – 30 Jun 2022,2022-06-03|2022-06-13,1.0,NDWI,3,0–0.3,OPEN_WATER,137.061,0.7055,194.28
delta,before,normal year · 25 May – 30 Jun 2022,2022-06-03|2022-06-13,1.0,NDWI,4,> 0.3,OPEN_WATER,28.917,0.1488,194.28
delta,before,normal year · 25 May – 30 Jun 2022,2022-06-03|2022-06-13,1.0,NDWI,1,< −0.3,EVENT_REEDS,38.6,0.9904,38.98
delta,before,normal year · 25 May – 30 Jun 2022,2022-06-03|2022-06-13,1.0,NDWI,2,−0.3–0,EVENT_REEDS,0.344,0.0088,38.98
delta,before,normal year · 25 May – 30 Jun 2022,2022-06-03|2022-06-13,1.0,NDWI,3,0–0.3,EVENT_REEDS,0.031,0.0008,38.98
delta,before,normal year · 25 May – 30 Jun 2022,2022-06-03|2022-06-13,1.0,NDWI,4,> 0.3,EVENT_REEDS,0.0,0.0,38.98
delta,before,normal year · 25 May – 30 Jun 2022,2022-06-03|2022-06-13,1.0,NDWI,1,< −0.3,DRY_LAND,1871.404,0.9611,1947.05
delta,before,normal year · 25 May – 30 Jun 2022,2022-06-03|2022-06-13,1.0,NDWI,2,−0.3–0,DRY_LAND,75.63,0.0388,1947.05
delta,before,normal year · 25 May – 30 Jun 2022,2022-06-03|2022-06-13,1.0,NDWI,3,0–0.3,DRY_LAND,0.017,0.0,1947.05
delta,before,normal year · 25 May – 30 Jun 2022,2022-06-03|2022-06-13,1.0,NDWI,4,> 0.3,DRY_LAND,0.002,0.0,1947.05
delta,before,normal year · 25 May – 30 Jun 2022,2022-06-03|2022-06-13,1.0,MNDWI,1,< −0.3,ALL,2469.573,0.899,2747.12
delta,before,normal year · 25 May – 30 Jun 2022,2022-06-03|2022-06-13,1.0,MNDWI,2,−0.3–0,ALL,105.312,0.0383,2747.12
delta,before,normal year · 25 May – 30 Jun 2022,2022-06-03|2022-06-13,1.0,MNDWI,3,0–0.3,ALL,120.548,0.0439,2747.12
delta,before,normal year · 25 May – 30 Jun 2022,2022-06-03|2022-06-13,1.0,MNDWI,4,> 0.3,ALL,51.684,0.0188,2747.12
delta,before,normal year · 25 May – 30 Jun 2022,2022-06-03|2022-06-13,1.0,MNDWI,1,< −0.3,NW_REEDS,112.18,0.9666,116.05
delta,before,normal year · 25 May – 30 Jun 2022,2022-06-03|2022-06-13,1.0,MNDWI,2,−0.3–0,NW_REEDS,3.741,0.0322,116.05
delta,before,normal year · 25 May – 30 Jun 2022,2022-06-03|2022-06-13,1.0,MNDWI,3,0–0.3,NW_REEDS,0.128,0.0011,116.05
delta,before,normal year · 25 May – 30 Jun 2022,2022-06-03|2022-06-13,1.0,MNDWI,4,> 0.3,NW_REEDS,0.004,0.0,116.05
delta,before,normal year · 25 May – 30 Jun 2022,2022-06-03|2022-06-13,1.0,MNDWI,1,< −0.3,NW_TREES,12.812,0.9807,13.06
delta,before,normal year · 25 May – 30 Jun 2022,2022-06-03|2022-06-13,1.0,MNDWI,2,−0.3–0,NW_TREES,0.251,0.0192,13.06
delta,before,normal year · 25 May – 30 Jun 2022,2022-06-03|2022-06-13,1.0,MNDWI,3,0–0.3,NW_TREES,0.002,0.0001,13.06
delta,before,normal year · 25 May – 30 Jun 2022,2022-06-03|2022-06-13,1.0,MNDWI,4,> 0.3,NW_TREES,0.0,0.0,13.06
delta,before,normal year · 25 May – 30 Jun 2022,2022-06-03|2022-06-13,1.0,MNDWI,1,< −0.3,HIGH_REEDS,13.685,0.9947,13.76
delta,before,normal year · 25 May – 30 Jun 2022,2022-06-03|2022-06-13,1.0,MNDWI,2,−0.3–0,HIGH_REEDS,0.069,0.005,13.76
delta,before,normal year · 25 May – 30 Jun 2022,2022-06-03|2022-06-13,1.0,MNDWI,3,0–0.3,HIGH_REEDS,0.004,0.0003,13.76
delta,before,normal year · 25 May – 30 Jun 2022,2022-06-03|2022-06-13,1.0,MNDWI,4,> 0.3,HIGH_REEDS,0.0,0.0,13.76
delta,before,normal year · 25 May – 30 Jun 2022,2022-06-03|2022-06-13,1.0,MNDWI,1,< −0.3,OPEN_WATER,8.3,0.0427,194.28
delta,before,normal year · 25 May – 30 Jun 2022,2022-06-03|2022-06-13,1.0,MNDWI,2,−0.3–0,OPEN_WATER,15.71,0.0809,194.28
delta,before,normal year · 25 May – 30 Jun 2022,2022-06-03|2022-06-13,1.0,MNDWI,3,0–0.3,OPEN_WATER,118.687,0.6109,194.28
delta,before,normal year · 25 May – 30 Jun 2022,2022-06-03|2022-06-13,1.0,MNDWI,4,> 0.3,OPEN_WATER,51.587,0.2655,194.28
delta,before,normal year · 25 May – 30 Jun 2022,2022-06-03|2022-06-13,1.0,MNDWI,1,< −0.3,EVENT_REEDS,37.411,0.9599,38.98
delta,before,normal year · 25 May – 30 Jun 2022,2022-06-03|2022-06-13,1.0,MNDWI,2,−0.3–0,EVENT_REEDS,1.482,0.038,38.98
delta,before,normal year · 25 May – 30 Jun 2022,2022-06-03|2022-06-13,1.0,MNDWI,3,0–0.3,EVENT_REEDS,0.076,0.002,38.98
delta,before,normal year · 25 May – 30 Jun 2022,2022-06-03|2022-06-13,1.0,MNDWI,4,> 0.3,EVENT_REEDS,0.005,0.0001,38.98
delta,before,normal year · 25 May – 30 Jun 2022,2022-06-03|2022-06-13,1.0,MNDWI,1,< −0.3,DRY_LAND,1888.676,0.97,1947.05
delta,before,normal year · 25 May – 30 Jun 2022,2022-06-03|2022-06-13,1.0,MNDWI,2,−0.3–0,DRY_LAND,58.122,0.0299,1947.05
delta,before,normal year · 25 May – 30 Jun 2022,2022-06-03|2022-06-13,1.0,MNDWI,3,0–0.3,DRY_LAND,0.255,0.0001,1947.05
delta,before,normal year · 25 May – 30 Jun 2022,2022-06-03|2022-06-13,1.0,MNDWI,4,> 0.3,DRY_LAND,0.0,0.0,1947.05
delta,before,normal year · 25 May – 30 Jun 2022,2022-06-03|2022-06-13,1.0,NDMI,1,< −0.1,ALL,680.402,0.2477,2747.12
delta,before,normal year · 25 May – 30 Jun 2022,2022-06-03|2022-06-13,1.0,NDMI,2,−0.1–0.1,ALL,1231.666,0.4483,2747.12
delta,before,normal year · 25 May – 30 Jun 2022,2022-06-03|2022-06-13,1.0,NDMI,3,> 0.1,ALL,835.049,0.304,2747.12
delta,before,normal year · 25 May – 30 Jun 2022,2022-06-03|2022-06-13,1.0,NDMI,1,< −0.1,NW_REEDS,1.272,0.011,116.05
delta,before,normal year · 25 May – 30 Jun 2022,2022-06-03|2022-06-13,1.0,NDMI,2,−0.1–0.1,NW_REEDS,10.082,0.0869,116.05
delta,before,normal year · 25 May – 30 Jun 2022,2022-06-03|2022-06-13,1.0,NDMI,3,> 0.1,NW_REEDS,104.698,0.9022,116.05
delta,before,normal year · 25 May – 30 Jun 2022,2022-06-03|2022-06-13,1.0,NDMI,1,< −0.1,NW_TREES,0.08,0.0062,13.06
delta,before,normal year · 25 May – 30 Jun 2022,2022-06-03|2022-06-13,1.0,NDMI,2,−0.1–0.1,NW_TREES,1.162,0.089,13.06
delta,before,normal year · 25 May – 30 Jun 2022,2022-06-03|2022-06-13,1.0,NDMI,3,> 0.1,NW_TREES,11.822,0.9049,13.06
delta,before,normal year · 25 May – 30 Jun 2022,2022-06-03|2022-06-13,1.0,NDMI,1,< −0.1,HIGH_REEDS,2.956,0.2148,13.76
delta,before,normal year · 25 May – 30 Jun 2022,2022-06-03|2022-06-13,1.0,NDMI,2,−0.1–0.1,HIGH_REEDS,3.666,0.2665,13.76
delta,before,normal year · 25 May – 30 Jun 2022,2022-06-03|2022-06-13,1.0,NDMI,3,> 0.1,HIGH_REEDS,7.136,0.5187,13.76
delta,before,normal year · 25 May – 30 Jun 2022,2022-06-03|2022-06-13,1.0,NDMI,1,< −0.1,OPEN_WATER,10.152,0.0523,194.28
delta,before,normal year · 25 May – 30 Jun 2022,2022-06-03|2022-06-13,1.0,NDMI,2,−0.1–0.1,OPEN_WATER,131.783,0.6783,194.28
delta,before,normal year · 25 May – 30 Jun 2022,2022-06-03|2022-06-13,1.0,NDMI,3,> 0.1,OPEN_WATER,52.348,0.2694,194.28
delta,before,normal year · 25 May – 30 Jun 2022,2022-06-03|2022-06-13,1.0,NDMI,1,< −0.1,EVENT_REEDS,0.628,0.0161,38.98
delta,before,normal year · 25 May – 30 Jun 2022,2022-06-03|2022-06-13,1.0,NDMI,2,−0.1–0.1,EVENT_REEDS,4.255,0.1092,38.98
delta,before,normal year · 25 May – 30 Jun 2022,2022-06-03|2022-06-13,1.0,NDMI,3,> 0.1,EVENT_REEDS,34.092,0.8747,38.98
delta,before,normal year · 25 May – 30 Jun 2022,2022-06-03|2022-06-13,1.0,NDMI,1,< −0.1,DRY_LAND,602.404,0.3094,1947.05
delta,before,normal year · 25 May – 30 Jun 2022,2022-06-03|2022-06-13,1.0,NDMI,2,−0.1–0.1,DRY_LAND,880.25,0.4521,1947.05
delta,before,normal year · 25 May – 30 Jun 2022,2022-06-03|2022-06-13,1.0,NDMI,3,> 0.1,DRY_LAND,464.4,0.2385,1947.05
delta,before,normal year · 25 May – 30 Jun 2022,2022-06-03|2022-06-13,1.0,BSI,1,< −0.1,ALL,564.316,0.2054,2747.12
delta,before,normal year · 25 May – 30 Jun 2022,2022-06-03|2022-06-13,1.0,BSI,2,−0.1–0.1,ALL,1182.312,0.4304,2747.12
delta,before,normal year · 25 May – 30 Jun 2022,2022-06-03|2022-06-13,1.0,BSI,3,> 0.1,ALL,1000.49,0.3642,2747.12
delta,before,normal year · 25 May – 30 Jun 2022,2022-06-03|2022-06-13,1.0,BSI,1,< −0.1,NW_REEDS,94.192,0.8116,116.05
delta,before,normal year · 25 May – 30 Jun 2022,2022-06-03|2022-06-13,1.0,BSI,2,−0.1–0.1,NW_REEDS,20.425,0.176,116.05
delta,before,normal year · 25 May – 30 Jun 2022,2022-06-03|2022-06-13,1.0,BSI,3,> 0.1,NW_REEDS,1.436,0.0124,116.05
delta,before,normal year · 25 May – 30 Jun 2022,2022-06-03|2022-06-13,1.0,BSI,1,< −0.1,NW_TREES,10.63,0.8137,13.06
delta,before,normal year · 25 May – 30 Jun 2022,2022-06-03|2022-06-13,1.0,BSI,2,−0.1–0.1,NW_TREES,2.346,0.1796,13.06
delta,before,normal year · 25 May – 30 Jun 2022,2022-06-03|2022-06-13,1.0,BSI,3,> 0.1,NW_TREES,0.088,0.0068,13.06
delta,before,normal year · 25 May – 30 Jun 2022,2022-06-03|2022-06-13,1.0,BSI,1,< −0.1,HIGH_REEDS,6.16,0.4478,13.76
delta,before,normal year · 25 May – 30 Jun 2022,2022-06-03|2022-06-13,1.0,BSI,2,−0.1–0.1,HIGH_REEDS,4.037,0.2935,13.76
delta,before,normal year · 25 May – 30 Jun 2022,2022-06-03|2022-06-13,1.0,BSI,3,> 0.1,HIGH_REEDS,3.56,0.2587,13.76
delta,before,normal year · 25 May – 30 Jun 2022,2022-06-03|2022-06-13,1.0,BSI,1,< −0.1,OPEN_WATER,19.222,0.0989,194.28
delta,before,normal year · 25 May – 30 Jun 2022,2022-06-03|2022-06-13,1.0,BSI,2,−0.1–0.1,OPEN_WATER,169.622,0.8731,194.28
delta,before,normal year · 25 May – 30 Jun 2022,2022-06-03|2022-06-13,1.0,BSI,3,> 0.1,OPEN_WATER,5.44,0.028,194.28
delta,before,normal year · 25 May – 30 Jun 2022,2022-06-03|2022-06-13,1.0,BSI,1,< −0.1,EVENT_REEDS,30.687,0.7873,38.98
delta,before,normal year · 25 May – 30 Jun 2022,2022-06-03|2022-06-13,1.0,BSI,2,−0.1–0.1,EVENT_REEDS,7.418,0.1903,38.98
delta,before,normal year · 25 May – 30 Jun 2022,2022-06-03|2022-06-13,1.0,BSI,3,> 0.1,EVENT_REEDS,0.87,0.0223,38.98
delta,before,normal year · 25 May – 30 Jun 2022,2022-06-03|2022-06-13,1.0,BSI,1,< −0.1,DRY_LAND,282.76,0.1452,1947.05
delta,before,normal year · 25 May – 30 Jun 2022,2022-06-03|2022-06-13,1.0,BSI,2,−0.1–0.1,DRY_LAND,771.632,0.3963,1947.05
delta,before,normal year · 25 May – 30 Jun 2022,2022-06-03|2022-06-13,1.0,BSI,3,> 0.1,DRY_LAND,892.662,0.4585,1947.05
delta,before,normal year · 25 May – 30 Jun 2022,2022-06-03|2022-06-13,1.0,AWEIsh,1,< −0.3,ALL,2521.648,0.9179,2747.12
delta,before,normal year · 25 May – 30 Jun 2022,2022-06-03|2022-06-13,1.0,AWEIsh,2,−0.3–0,ALL,56.152,0.0204,2747.12
delta,before,normal year · 25 May – 30 Jun 2022,2022-06-03|2022-06-13,1.0,AWEIsh,3,0–0.3,ALL,169.199,0.0616,2747.12
delta,before,normal year · 25 May – 30 Jun 2022,2022-06-03|2022-06-13,1.0,AWEIsh,4,> 0.3,ALL,0.119,0.0,2747.12
delta,before,normal year · 25 May – 30 Jun 2022,2022-06-03|2022-06-13,1.0,AWEIsh,1,< −0.3,NW_REEDS,108.441,0.9344,116.05
delta,before,normal year · 25 May – 30 Jun 2022,2022-06-03|2022-06-13,1.0,AWEIsh,2,−0.3–0,NW_REEDS,7.528,0.0649,116.05
delta,before,normal year · 25 May – 30 Jun 2022,2022-06-03|2022-06-13,1.0,AWEIsh,3,0–0.3,NW_REEDS,0.084,0.0007,116.05
delta,before,normal year · 25 May – 30 Jun 2022,2022-06-03|2022-06-13,1.0,AWEIsh,4,> 0.3,NW_REEDS,0.0,0.0,116.05
delta,before,normal year · 25 May – 30 Jun 2022,2022-06-03|2022-06-13,1.0,AWEIsh,1,< −0.3,NW_TREES,12.574,0.9624,13.06
delta,before,normal year · 25 May – 30 Jun 2022,2022-06-03|2022-06-13,1.0,AWEIsh,2,−0.3–0,NW_TREES,0.49,0.0375,13.06
delta,before,normal year · 25 May – 30 Jun 2022,2022-06-03|2022-06-13,1.0,AWEIsh,3,0–0.3,NW_TREES,0.002,0.0001,13.06
delta,before,normal year · 25 May – 30 Jun 2022,2022-06-03|2022-06-13,1.0,AWEIsh,4,> 0.3,NW_TREES,0.0,0.0,13.06
delta,before,normal year · 25 May – 30 Jun 2022,2022-06-03|2022-06-13,1.0,AWEIsh,1,< −0.3,HIGH_REEDS,13.538,0.984,13.76
delta,before,normal year · 25 May – 30 Jun 2022,2022-06-03|2022-06-13,1.0,AWEIsh,2,−0.3–0,HIGH_REEDS,0.218,0.0158,13.76
delta,before,normal year · 25 May – 30 Jun 2022,2022-06-03|2022-06-13,1.0,AWEIsh,3,0–0.3,HIGH_REEDS,0.002,0.0001,13.76
delta,before,normal year · 25 May – 30 Jun 2022,2022-06-03|2022-06-13,1.0,AWEIsh,4,> 0.3,HIGH_REEDS,0.0,0.0,13.76
delta,before,normal year · 25 May – 30 Jun 2022,2022-06-03|2022-06-13,1.0,AWEIsh,1,< −0.3,OPEN_WATER,6.835,0.0352,194.28
delta,before,normal year · 25 May – 30 Jun 2022,2022-06-03|2022-06-13,1.0,AWEIsh,2,−0.3–0,OPEN_WATER,20.223,0.1041,194.28
delta,before,normal year · 25 May – 30 Jun 2022,2022-06-03|2022-06-13,1.0,AWEIsh,3,0–0.3,OPEN_WATER,167.162,0.8604,194.28
delta,before,normal year · 25 May – 30 Jun 2022,2022-06-03|2022-06-13,1.0,AWEIsh,4,> 0.3,OPEN_WATER,0.064,0.0003,194.28
delta,before,normal year · 25 May – 30 Jun 2022,2022-06-03|2022-06-13,1.0,AWEIsh,1,< −0.3,EVENT_REEDS,36.899,0.9467,38.98
delta,before,normal year · 25 May – 30 Jun 2022,2022-06-03|2022-06-13,1.0,AWEIsh,2,−0.3–0,EVENT_REEDS,2.05,0.0526,38.98
delta,before,normal year · 25 May – 30 Jun 2022,2022-06-03|2022-06-13,1.0,AWEIsh,3,0–0.3,EVENT_REEDS,0.026,0.0007,38.98
delta,before,normal year · 25 May – 30 Jun 2022,2022-06-03|2022-06-13,1.0,AWEIsh,4,> 0.3,EVENT_REEDS,0.0,0.0,38.98
delta,before,normal year · 25 May – 30 Jun 2022,2022-06-03|2022-06-13,1.0,AWEIsh,1,< −0.3,DRY_LAND,1946.05,0.9995,1947.05
delta,before,normal year · 25 May – 30 Jun 2022,2022-06-03|2022-06-13,1.0,AWEIsh,2,−0.3–0,DRY_LAND,0.996,0.0005,1947.05
delta,before,normal year · 25 May – 30 Jun 2022,2022-06-03|2022-06-13,1.0,AWEIsh,3,0–0.3,DRY_LAND,0.006,0.0,1947.05
delta,before,normal year · 25 May – 30 Jun 2022,2022-06-03|2022-06-13,1.0,AWEIsh,4,> 0.3,DRY_LAND,0.002,0.0,1947.05
delta,before,normal year · 25 May – 30 Jun 2022,2022-06-03|2022-06-13,1.0,NDTI,1,< −0.1,ALL,593.805,0.2162,2747.12
delta,before,normal year · 25 May – 30 Jun 2022,2022-06-03|2022-06-13,1.0,NDTI,2,−0.1–0.1,ALL,1484.34,0.5403,2747.12
delta,before,normal year · 25 May – 30 Jun 2022,2022-06-03|2022-06-13,1.0,NDTI,3,> 0.1,ALL,668.973,0.2435,2747.12
delta,before,normal year · 25 May – 30 Jun 2022,2022-06-03|2022-06-13,1.0,NDTI,1,< −0.1,NW_REEDS,95.945,0.8267,116.05
delta,before,normal year · 25 May – 30 Jun 2022,2022-06-03|2022-06-13,1.0,NDTI,2,−0.1–0.1,NW_REEDS,19.922,0.1717,116.05
delta,before,normal year · 25 May – 30 Jun 2022,2022-06-03|2022-06-13,1.0,NDTI,3,> 0.1,NW_REEDS,0.185,0.0016,116.05
delta,before,normal year · 25 May – 30 Jun 2022,2022-06-03|2022-06-13,1.0,NDTI,1,< −0.1,NW_TREES,9.646,0.7383,13.06
delta,before,normal year · 25 May – 30 Jun 2022,2022-06-03|2022-06-13,1.0,NDTI,2,−0.1–0.1,NW_TREES,3.374,0.2583,13.06
delta,before,normal year · 25 May – 30 Jun 2022,2022-06-03|2022-06-13,1.0,NDTI,3,> 0.1,NW_TREES,0.045,0.0034,13.06
delta,before,normal year · 25 May – 30 Jun 2022,2022-06-03|2022-06-13,1.0,NDTI,1,< −0.1,HIGH_REEDS,6.318,0.4593,13.76
delta,before,normal year · 25 May – 30 Jun 2022,2022-06-03|2022-06-13,1.0,NDTI,2,−0.1–0.1,HIGH_REEDS,7.029,0.5109,13.76
delta,before,normal year · 25 May – 30 Jun 2022,2022-06-03|2022-06-13,1.0,NDTI,3,> 0.1,HIGH_REEDS,0.41,0.0298,13.76
delta,before,normal year · 25 May – 30 Jun 2022,2022-06-03|2022-06-13,1.0,NDTI,1,< −0.1,OPEN_WATER,116.396,0.5991,194.28
delta,before,normal year · 25 May – 30 Jun 2022,2022-06-03|2022-06-13,1.0,NDTI,2,−0.1–0.1,OPEN_WATER,77.48,0.3988,194.28
delta,before,normal year · 25 May – 30 Jun 2022,2022-06-03|2022-06-13,1.0,NDTI,3,> 0.1,OPEN_WATER,0.407,0.0021,194.28
delta,before,normal year · 25 May – 30 Jun 2022,2022-06-03|2022-06-13,1.0,NDTI,1,< −0.1,EVENT_REEDS,29.577,0.7589,38.98
delta,before,normal year · 25 May – 30 Jun 2022,2022-06-03|2022-06-13,1.0,NDTI,2,−0.1–0.1,EVENT_REEDS,9.238,0.237,38.98
delta,before,normal year · 25 May – 30 Jun 2022,2022-06-03|2022-06-13,1.0,NDTI,3,> 0.1,EVENT_REEDS,0.16,0.0041,38.98
delta,before,normal year · 25 May – 30 Jun 2022,2022-06-03|2022-06-13,1.0,NDTI,1,< −0.1,DRY_LAND,215.065,0.1105,1947.05
delta,before,normal year · 25 May – 30 Jun 2022,2022-06-03|2022-06-13,1.0,NDTI,2,−0.1–0.1,DRY_LAND,1097.221,0.5635,1947.05
delta,before,normal year · 25 May – 30 Jun 2022,2022-06-03|2022-06-13,1.0,NDTI,3,> 0.1,DRY_LAND,634.768,0.326,1947.05
delta,before,last before the breach · Feb – Mar 2023,2023-02-08|2023-02-13|2023-02-23|2023-03-05,1.0,NDVI,1,< 0.15,ALL,220.628,0.0803,2747.1
delta,before,last before the breach · Feb – Mar 2023,2023-02-08|2023-02-13|2023-02-23|2023-03-05,1.0,NDVI,2,0.15–0.3,ALL,1267.371,0.4613,2747.1
delta,before,last before the breach · Feb – Mar 2023,2023-02-08|2023-02-13|2023-02-23|2023-03-05,1.0,NDVI,3,0.3–0.5,ALL,968.902,0.3527,2747.1
delta,before,last before the breach · Feb – Mar 2023,2023-02-08|2023-02-13|2023-02-23|2023-03-05,1.0,NDVI,4,> 0.5,ALL,290.2,0.1056,2747.1
delta,before,last before the breach · Feb – Mar 2023,2023-02-08|2023-02-13|2023-02-23|2023-03-05,1.0,NDVI,1,< 0.15,NW_REEDS,6.754,0.0582,116.05
delta,before,last before the breach · Feb – Mar 2023,2023-02-08|2023-02-13|2023-02-23|2023-03-05,1.0,NDVI,2,0.15–0.3,NW_REEDS,85.342,0.7354,116.05
delta,before,last before the breach · Feb – Mar 2023,2023-02-08|2023-02-13|2023-02-23|2023-03-05,1.0,NDVI,3,0.3–0.5,NW_REEDS,23.878,0.2057,116.05
delta,before,last before the breach · Feb – Mar 2023,2023-02-08|2023-02-13|2023-02-23|2023-03-05,1.0,NDVI,4,> 0.5,NW_REEDS,0.078,0.0007,116.05
delta,before,last before the breach · Feb – Mar 2023,2023-02-08|2023-02-13|2023-02-23|2023-03-05,1.0,NDVI,1,< 0.15,NW_TREES,0.44,0.0337,13.06
delta,before,last before the breach · Feb – Mar 2023,2023-02-08|2023-02-13|2023-02-23|2023-03-05,1.0,NDVI,2,0.15–0.3,NW_TREES,2.59,0.1982,13.06
delta,before,last before the breach · Feb – Mar 2023,2023-02-08|2023-02-13|2023-02-23|2023-03-05,1.0,NDVI,3,0.3–0.5,NW_TREES,9.88,0.7562,13.06
delta,before,last before the breach · Feb – Mar 2023,2023-02-08|2023-02-13|2023-02-23|2023-03-05,1.0,NDVI,4,> 0.5,NW_TREES,0.155,0.0119,13.06
delta,before,last before the breach · Feb – Mar 2023,2023-02-08|2023-02-13|2023-02-23|2023-03-05,1.0,NDVI,1,< 0.15,HIGH_REEDS,0.197,0.0143,13.76
delta,before,last before the breach · Feb – Mar 2023,2023-02-08|2023-02-13|2023-02-23|2023-03-05,1.0,NDVI,2,0.15–0.3,HIGH_REEDS,8.291,0.6027,13.76
delta,before,last before the breach · Feb – Mar 2023,2023-02-08|2023-02-13|2023-02-23|2023-03-05,1.0,NDVI,3,0.3–0.5,HIGH_REEDS,4.946,0.3595,13.76
delta,before,last before the breach · Feb – Mar 2023,2023-02-08|2023-02-13|2023-02-23|2023-03-05,1.0,NDVI,4,> 0.5,HIGH_REEDS,0.323,0.0235,13.76
delta,before,last before the breach · Feb – Mar 2023,2023-02-08|2023-02-13|2023-02-23|2023-03-05,1.0,NDVI,1,< 0.15,OPEN_WATER,183.227,0.9431,194.28
delta,before,last before the breach · Feb – Mar 2023,2023-02-08|2023-02-13|2023-02-23|2023-03-05,1.0,NDVI,2,0.15–0.3,OPEN_WATER,8.296,0.0427,194.28
delta,before,last before the breach · Feb – Mar 2023,2023-02-08|2023-02-13|2023-02-23|2023-03-05,1.0,NDVI,3,0.3–0.5,OPEN_WATER,2.567,0.0132,194.28
delta,before,last before the breach · Feb – Mar 2023,2023-02-08|2023-02-13|2023-02-23|2023-03-05,1.0,NDVI,4,> 0.5,OPEN_WATER,0.193,0.001,194.28
delta,before,last before the breach · Feb – Mar 2023,2023-02-08|2023-02-13|2023-02-23|2023-03-05,1.0,NDVI,1,< 0.15,EVENT_REEDS,0.772,0.0198,38.98
delta,before,last before the breach · Feb – Mar 2023,2023-02-08|2023-02-13|2023-02-23|2023-03-05,1.0,NDVI,2,0.15–0.3,EVENT_REEDS,25.453,0.6531,38.98
delta,before,last before the breach · Feb – Mar 2023,2023-02-08|2023-02-13|2023-02-23|2023-03-05,1.0,NDVI,3,0.3–0.5,EVENT_REEDS,12.622,0.3238,38.98
delta,before,last before the breach · Feb – Mar 2023,2023-02-08|2023-02-13|2023-02-23|2023-03-05,1.0,NDVI,4,> 0.5,EVENT_REEDS,0.129,0.0033,38.98
delta,before,last before the breach · Feb – Mar 2023,2023-02-08|2023-02-13|2023-02-23|2023-03-05,1.0,NDVI,1,< 0.15,DRY_LAND,2.668,0.0014,1947.05
delta,before,last before the breach · Feb – Mar 2023,2023-02-08|2023-02-13|2023-02-23|2023-03-05,1.0,NDVI,2,0.15–0.3,DRY_LAND,1002.826,0.515,1947.05
delta,before,last before the breach · Feb – Mar 2023,2023-02-08|2023-02-13|2023-02-23|2023-03-05,1.0,NDVI,3,0.3–0.5,DRY_LAND,739.606,0.3799,1947.05
delta,before,last before the breach · Feb – Mar 2023,2023-02-08|2023-02-13|2023-02-23|2023-03-05,1.0,NDVI,4,> 0.5,DRY_LAND,201.953,0.1037,1947.05
delta,before,last before the breach · Feb – Mar 2023,2023-02-08|2023-02-13|2023-02-23|2023-03-05,1.0,NDWI,1,< −0.3,ALL,2452.038,0.8926,2747.1
delta,before,last before the breach · Feb – Mar 2023,2023-02-08|2023-02-13|2023-02-23|2023-03-05,1.0,NDWI,2,−0.3–0,ALL,107.169,0.039,2747.1
delta,before,last before the breach · Feb – Mar 2023,2023-02-08|2023-02-13|2023-02-23|2023-03-05,1.0,NDWI,3,0–0.3,ALL,37.933,0.0138,2747.1
delta,before,last before the breach · Feb – Mar 2023,2023-02-08|2023-02-13|2023-02-23|2023-03-05,1.0,NDWI,4,> 0.3,ALL,149.961,0.0546,2747.1
delta,before,last before the breach · Feb – Mar 2023,2023-02-08|2023-02-13|2023-02-23|2023-03-05,1.0,NDWI,1,< −0.3,NW_REEDS,105.878,0.9123,116.05
delta,before,last before the breach · Feb – Mar 2023,2023-02-08|2023-02-13|2023-02-23|2023-03-05,1.0,NDWI,2,−0.3–0,NW_REEDS,7.198,0.062,116.05
delta,before,last before the breach · Feb – Mar 2023,2023-02-08|2023-02-13|2023-02-23|2023-03-05,1.0,NDWI,3,0–0.3,NW_REEDS,2.756,0.0237,116.05
delta,before,last before the breach · Feb – Mar 2023,2023-02-08|2023-02-13|2023-02-23|2023-03-05,1.0,NDWI,4,> 0.3,NW_REEDS,0.22,0.0019,116.05
delta,before,last before the breach · Feb – Mar 2023,2023-02-08|2023-02-13|2023-02-23|2023-03-05,1.0,NDWI,1,< −0.3,NW_TREES,12.081,0.9247,13.06
delta,before,last before the breach · Feb – Mar 2023,2023-02-08|2023-02-13|2023-02-23|2023-03-05,1.0,NDWI,2,−0.3–0,NW_TREES,0.851,0.0651,13.06
delta,before,last before the breach · Feb – Mar 2023,2023-02-08|2023-02-13|2023-02-23|2023-03-05,1.0,NDWI,3,0–0.3,NW_TREES,0.13,0.01,13.06
delta,before,last before the breach · Feb – Mar 2023,2023-02-08|2023-02-13|2023-02-23|2023-03-05,1.0,NDWI,4,> 0.3,NW_TREES,0.003,0.0002,13.06
delta,before,last before the breach · Feb – Mar 2023,2023-02-08|2023-02-13|2023-02-23|2023-03-05,1.0,NDWI,1,< −0.3,HIGH_REEDS,13.398,0.9739,13.76
delta,before,last before the breach · Feb – Mar 2023,2023-02-08|2023-02-13|2023-02-23|2023-03-05,1.0,NDWI,2,−0.3–0,HIGH_REEDS,0.322,0.0234,13.76
delta,before,last before the breach · Feb – Mar 2023,2023-02-08|2023-02-13|2023-02-23|2023-03-05,1.0,NDWI,3,0–0.3,HIGH_REEDS,0.037,0.0027,13.76
delta,before,last before the breach · Feb – Mar 2023,2023-02-08|2023-02-13|2023-02-23|2023-03-05,1.0,NDWI,4,> 0.3,HIGH_REEDS,0.0,0.0,13.76
delta,before,last before the breach · Feb – Mar 2023,2023-02-08|2023-02-13|2023-02-23|2023-03-05,1.0,NDWI,1,< −0.3,OPEN_WATER,7.763,0.04,194.28
delta,before,last before the breach · Feb – Mar 2023,2023-02-08|2023-02-13|2023-02-23|2023-03-05,1.0,NDWI,2,−0.3–0,OPEN_WATER,7.615,0.0392,194.28
delta,before,last before the breach · Feb – Mar 2023,2023-02-08|2023-02-13|2023-02-23|2023-03-05,1.0,NDWI,3,0–0.3,OPEN_WATER,29.806,0.1534,194.28
delta,before,last before the breach · Feb – Mar 2023,2023-02-08|2023-02-13|2023-02-23|2023-03-05,1.0,NDWI,4,> 0.3,OPEN_WATER,149.098,0.7674,194.28
delta,before,last before the breach · Feb – Mar 2023,2023-02-08|2023-02-13|2023-02-23|2023-03-05,1.0,NDWI,1,< −0.3,EVENT_REEDS,37.252,0.9558,38.98
delta,before,last before the breach · Feb – Mar 2023,2023-02-08|2023-02-13|2023-02-23|2023-03-05,1.0,NDWI,2,−0.3–0,EVENT_REEDS,1.573,0.0404,38.98
delta,before,last before the breach · Feb – Mar 2023,2023-02-08|2023-02-13|2023-02-23|2023-03-05,1.0,NDWI,3,0–0.3,EVENT_REEDS,0.149,0.0038,38.98
delta,before,last before the breach · Feb – Mar 2023,2023-02-08|2023-02-13|2023-02-23|2023-03-05,1.0,NDWI,4,> 0.3,EVENT_REEDS,0.001,0.0,38.98
delta,before,last before the breach · Feb – Mar 2023,2023-02-08|2023-02-13|2023-02-23|2023-03-05,1.0,NDWI,1,< −0.3,DRY_LAND,1911.416,0.9817,1947.05
delta,before,last before the breach · Feb – Mar 2023,2023-02-08|2023-02-13|2023-02-23|2023-03-05,1.0,NDWI,2,−0.3–0,DRY_LAND,35.622,0.0183,1947.05
delta,before,last before the breach · Feb – Mar 2023,2023-02-08|2023-02-13|2023-02-23|2023-03-05,1.0,NDWI,3,0–0.3,DRY_LAND,0.013,0.0,1947.05
delta,before,last before the breach · Feb – Mar 2023,2023-02-08|2023-02-13|2023-02-23|2023-03-05,1.0,NDWI,4,> 0.3,DRY_LAND,0.002,0.0,1947.05
delta,before,last before the breach · Feb – Mar 2023,2023-02-08|2023-02-13|2023-02-23|2023-03-05,1.0,MNDWI,1,< −0.3,ALL,2525.903,0.9195,2747.1
delta,before,last before the breach · Feb – Mar 2023,2023-02-08|2023-02-13|2023-02-23|2023-03-05,1.0,MNDWI,2,−0.3–0,ALL,38.478,0.014,2747.1
delta,before,last before the breach · Feb – Mar 2023,2023-02-08|2023-02-13|2023-02-23|2023-03-05,1.0,MNDWI,3,0–0.3,ALL,13.346,0.0049,2747.1
delta,before,last before the breach · Feb – Mar 2023,2023-02-08|2023-02-13|2023-02-23|2023-03-05,1.0,MNDWI,4,> 0.3,ALL,169.374,0.0617,2747.1
delta,before,last before the breach · Feb – Mar 2023,2023-02-08|2023-02-13|2023-02-23|2023-03-05,1.0,MNDWI,1,< −0.3,NW_REEDS,108.964,0.9389,116.05
delta,before,last before the breach · Feb – Mar 2023,2023-02-08|2023-02-13|2023-02-23|2023-03-05,1.0,MNDWI,2,−0.3–0,NW_REEDS,5.096,0.0439,116.05
delta,before,last before the breach · Feb – Mar 2023,2023-02-08|2023-02-13|2023-02-23|2023-03-05,1.0,MNDWI,3,0–0.3,NW_REEDS,1.422,0.0122,116.05
delta,before,last before the breach · Feb – Mar 2023,2023-02-08|2023-02-13|2023-02-23|2023-03-05,1.0,MNDWI,4,> 0.3,NW_REEDS,0.571,0.0049,116.05
delta,before,last before the breach · Feb – Mar 2023,2023-02-08|2023-02-13|2023-02-23|2023-03-05,1.0,MNDWI,1,< −0.3,NW_TREES,12.699,0.972,13.06
delta,before,last before the breach · Feb – Mar 2023,2023-02-08|2023-02-13|2023-02-23|2023-03-05,1.0,MNDWI,2,−0.3–0,NW_TREES,0.347,0.0265,13.06
delta,before,last before the breach · Feb – Mar 2023,2023-02-08|2023-02-13|2023-02-23|2023-03-05,1.0,MNDWI,3,0–0.3,NW_TREES,0.018,0.0014,13.06
delta,before,last before the breach · Feb – Mar 2023,2023-02-08|2023-02-13|2023-02-23|2023-03-05,1.0,MNDWI,4,> 0.3,NW_TREES,0.0,0.0,13.06
delta,before,last before the breach · Feb – Mar 2023,2023-02-08|2023-02-13|2023-02-23|2023-03-05,1.0,MNDWI,1,< −0.3,HIGH_REEDS,13.636,0.9912,13.76
delta,before,last before the breach · Feb – Mar 2023,2023-02-08|2023-02-13|2023-02-23|2023-03-05,1.0,MNDWI,2,−0.3–0,HIGH_REEDS,0.094,0.0068,13.76
delta,before,last before the breach · Feb – Mar 2023,2023-02-08|2023-02-13|2023-02-23|2023-03-05,1.0,MNDWI,3,0–0.3,HIGH_REEDS,0.02,0.0015,13.76
delta,before,last before the breach · Feb – Mar 2023,2023-02-08|2023-02-13|2023-02-23|2023-03-05,1.0,MNDWI,4,> 0.3,HIGH_REEDS,0.007,0.0005,13.76
delta,before,last before the breach · Feb – Mar 2023,2023-02-08|2023-02-13|2023-02-23|2023-03-05,1.0,MNDWI,1,< −0.3,OPEN_WATER,10.678,0.055,194.28
delta,before,last before the breach · Feb – Mar 2023,2023-02-08|2023-02-13|2023-02-23|2023-03-05,1.0,MNDWI,2,−0.3–0,OPEN_WATER,7.076,0.0364,194.28
delta,before,last before the breach · Feb – Mar 2023,2023-02-08|2023-02-13|2023-02-23|2023-03-05,1.0,MNDWI,3,0–0.3,OPEN_WATER,9.083,0.0468,194.28
delta,before,last before the breach · Feb – Mar 2023,2023-02-08|2023-02-13|2023-02-23|2023-03-05,1.0,MNDWI,4,> 0.3,OPEN_WATER,167.445,0.8619,194.28
delta,before,last before the breach · Feb – Mar 2023,2023-02-08|2023-02-13|2023-02-23|2023-03-05,1.0,MNDWI,1,< −0.3,EVENT_REEDS,38.432,0.9861,38.98
delta,before,last before the breach · Feb – Mar 2023,2023-02-08|2023-02-13|2023-02-23|2023-03-05,1.0,MNDWI,2,−0.3–0,EVENT_REEDS,0.475,0.0122,38.98
delta,before,last before the breach · Feb – Mar 2023,2023-02-08|2023-02-13|2023-02-23|2023-03-05,1.0,MNDWI,3,0–0.3,EVENT_REEDS,0.041,0.0011,38.98
delta,before,last before the breach · Feb – Mar 2023,2023-02-08|2023-02-13|2023-02-23|2023-03-05,1.0,MNDWI,4,> 0.3,EVENT_REEDS,0.027,0.0007,38.98
delta,before,last before the breach · Feb – Mar 2023,2023-02-08|2023-02-13|2023-02-23|2023-03-05,1.0,MNDWI,1,< −0.3,DRY_LAND,1944.894,0.9989,1947.05
delta,before,last before the breach · Feb – Mar 2023,2023-02-08|2023-02-13|2023-02-23|2023-03-05,1.0,MNDWI,2,−0.3–0,DRY_LAND,2.151,0.0011,1947.05
delta,before,last before the breach · Feb – Mar 2023,2023-02-08|2023-02-13|2023-02-23|2023-03-05,1.0,MNDWI,3,0–0.3,DRY_LAND,0.008,0.0,1947.05
delta,before,last before the breach · Feb – Mar 2023,2023-02-08|2023-02-13|2023-02-23|2023-03-05,1.0,MNDWI,4,> 0.3,DRY_LAND,0.0,0.0,1947.05
delta,before,last before the breach · Feb – Mar 2023,2023-02-08|2023-02-13|2023-02-23|2023-03-05,1.0,NDMI,1,< −0.1,ALL,1941.783,0.7068,2747.1
delta,before,last before the breach · Feb – Mar 2023,2023-02-08|2023-02-13|2023-02-23|2023-03-05,1.0,NDMI,2,−0.1–0.1,ALL,528.574,0.1924,2747.1
delta,before,last before the breach · Feb – Mar 2023,2023-02-08|2023-02-13|2023-02-23|2023-03-05,1.0,NDMI,3,> 0.1,ALL,276.745,0.1007,2747.1
delta,before,last before the breach · Feb – Mar 2023,2023-02-08|2023-02-13|2023-02-23|2023-03-05,1.0,NDMI,1,< −0.1,NW_REEDS,97.484,0.84,116.05
delta,before,last before the breach · Feb – Mar 2023,2023-02-08|2023-02-13|2023-02-23|2023-03-05,1.0,NDMI,2,−0.1–0.1,NW_REEDS,16.283,0.1403,116.05
delta,before,last before the breach · Feb – Mar 2023,2023-02-08|2023-02-13|2023-02-23|2023-03-05,1.0,NDMI,3,> 0.1,NW_REEDS,2.286,0.0197,116.05
delta,before,last before the breach · Feb – Mar 2023,2023-02-08|2023-02-13|2023-02-23|2023-03-05,1.0,NDMI,1,< −0.1,NW_TREES,6.052,0.4632,13.06
delta,before,last before the breach · Feb – Mar 2023,2023-02-08|2023-02-13|2023-02-23|2023-03-05,1.0,NDMI,2,−0.1–0.1,NW_TREES,6.833,0.523,13.06
delta,before,last before the breach · Feb – Mar 2023,2023-02-08|2023-02-13|2023-02-23|2023-03-05,1.0,NDMI,3,> 0.1,NW_TREES,0.18,0.0137,13.06
delta,before,last before the breach · Feb – Mar 2023,2023-02-08|2023-02-13|2023-02-23|2023-03-05,1.0,NDMI,1,< −0.1,HIGH_REEDS,12.38,0.8999,13.76
delta,before,last before the breach · Feb – Mar 2023,2023-02-08|2023-02-13|2023-02-23|2023-03-05,1.0,NDMI,2,−0.1–0.1,HIGH_REEDS,1.332,0.0968,13.76
delta,before,last before the breach · Feb – Mar 2023,2023-02-08|2023-02-13|2023-02-23|2023-03-05,1.0,NDMI,3,> 0.1,HIGH_REEDS,0.045,0.0033,13.76
delta,before,last before the breach · Feb – Mar 2023,2023-02-08|2023-02-13|2023-02-23|2023-03-05,1.0,NDMI,1,< −0.1,OPEN_WATER,12.058,0.0621,194.28
delta,before,last before the breach · Feb – Mar 2023,2023-02-08|2023-02-13|2023-02-23|2023-03-05,1.0,NDMI,2,−0.1–0.1,OPEN_WATER,20.464,0.1053,194.28
delta,before,last before the breach · Feb – Mar 2023,2023-02-08|2023-02-13|2023-02-23|2023-03-05,1.0,NDMI,3,> 0.1,OPEN_WATER,161.761,0.8326,194.28
delta,before,last before the breach · Feb – Mar 2023,2023-02-08|2023-02-13|2023-02-23|2023-03-05,1.0,NDMI,1,< −0.1,EVENT_REEDS,33.828,0.8679,38.98
delta,before,last before the breach · Feb – Mar 2023,2023-02-08|2023-02-13|2023-02-23|2023-03-05,1.0,NDMI,2,−0.1–0.1,EVENT_REEDS,4.884,0.1253,38.98
delta,before,last before the breach · Feb – Mar 2023,2023-02-08|2023-02-13|2023-02-23|2023-03-05,1.0,NDMI,3,> 0.1,EVENT_REEDS,0.263,0.0068,38.98
delta,before,last before the breach · Feb – Mar 2023,2023-02-08|2023-02-13|2023-02-23|2023-03-05,1.0,NDMI,1,< −0.1,DRY_LAND,1563.822,0.8032,1947.05
delta,before,last before the breach · Feb – Mar 2023,2023-02-08|2023-02-13|2023-02-23|2023-03-05,1.0,NDMI,2,−0.1–0.1,DRY_LAND,322.525,0.1656,1947.05
delta,before,last before the breach · Feb – Mar 2023,2023-02-08|2023-02-13|2023-02-23|2023-03-05,1.0,NDMI,3,> 0.1,DRY_LAND,60.706,0.0312,1947.05
delta,before,last before the breach · Feb – Mar 2023,2023-02-08|2023-02-13|2023-02-23|2023-03-05,1.0,BSI,1,< −0.1,ALL,211.319,0.0769,2747.1
delta,before,last before the breach · Feb – Mar 2023,2023-02-08|2023-02-13|2023-02-23|2023-03-05,1.0,BSI,2,−0.1–0.1,ALL,445.916,0.1623,2747.1
delta,before,last before the breach · Feb – Mar 2023,2023-02-08|2023-02-13|2023-02-23|2023-03-05,1.0,BSI,3,> 0.1,ALL,2089.866,0.7608,2747.1
delta,before,last before the breach · Feb – Mar 2023,2023-02-08|2023-02-13|2023-02-23|2023-03-05,1.0,BSI,1,< −0.1,NW_REEDS,0.334,0.0029,116.05
delta,before,last before the breach · Feb – Mar 2023,2023-02-08|2023-02-13|2023-02-23|2023-03-05,1.0,BSI,2,−0.1–0.1,NW_REEDS,9.906,0.0854,116.05
delta,before,last before the breach · Feb – Mar 2023,2023-02-08|2023-02-13|2023-02-23|2023-03-05,1.0,BSI,3,> 0.1,NW_REEDS,105.812,0.9118,116.05
delta,before,last before the breach · Feb – Mar 2023,2023-02-08|2023-02-13|2023-02-23|2023-03-05,1.0,BSI,1,< −0.1,NW_TREES,0.016,0.0013,13.06
delta,before,last before the breach · Feb – Mar 2023,2023-02-08|2023-02-13|2023-02-23|2023-03-05,1.0,BSI,2,−0.1–0.1,NW_TREES,5.37,0.4111,13.06
delta,before,last before the breach · Feb – Mar 2023,2023-02-08|2023-02-13|2023-02-23|2023-03-05,1.0,BSI,3,> 0.1,NW_TREES,7.678,0.5877,13.06
delta,before,last before the breach · Feb – Mar 2023,2023-02-08|2023-02-13|2023-02-23|2023-03-05,1.0,BSI,1,< −0.1,HIGH_REEDS,0.007,0.0005,13.76
delta,before,last before the breach · Feb – Mar 2023,2023-02-08|2023-02-13|2023-02-23|2023-03-05,1.0,BSI,2,−0.1–0.1,HIGH_REEDS,0.666,0.0484,13.76
delta,before,last before the breach · Feb – Mar 2023,2023-02-08|2023-02-13|2023-02-23|2023-03-05,1.0,BSI,3,> 0.1,HIGH_REEDS,13.084,0.9511,13.76
delta,before,last before the breach · Feb – Mar 2023,2023-02-08|2023-02-13|2023-02-23|2023-03-05,1.0,BSI,1,< −0.1,OPEN_WATER,144.38,0.7431,194.28
delta,before,last before the breach · Feb – Mar 2023,2023-02-08|2023-02-13|2023-02-23|2023-03-05,1.0,BSI,2,−0.1–0.1,OPEN_WATER,39.066,0.2011,194.28
delta,before,last before the breach · Feb – Mar 2023,2023-02-08|2023-02-13|2023-02-23|2023-03-05,1.0,BSI,3,> 0.1,OPEN_WATER,10.836,0.0558,194.28
delta,before,last before the breach · Feb – Mar 2023,2023-02-08|2023-02-13|2023-02-23|2023-03-05,1.0,BSI,1,< −0.1,EVENT_REEDS,0.104,0.0027,38.98
delta,before,last before the breach · Feb – Mar 2023,2023-02-08|2023-02-13|2023-02-23|2023-03-05,1.0,BSI,2,−0.1–0.1,EVENT_REEDS,2.321,0.0596,38.98
delta,before,last before the breach · Feb – Mar 2023,2023-02-08|2023-02-13|2023-02-23|2023-03-05,1.0,BSI,3,> 0.1,EVENT_REEDS,36.55,0.9378,38.98
delta,before,last before the breach · Feb – Mar 2023,2023-02-08|2023-02-13|2023-02-23|2023-03-05,1.0,BSI,1,< −0.1,DRY_LAND,34.058,0.0175,1947.05
delta,before,last before the breach · Feb – Mar 2023,2023-02-08|2023-02-13|2023-02-23|2023-03-05,1.0,BSI,2,−0.1–0.1,DRY_LAND,251.146,0.129,1947.05
delta,before,last before the breach · Feb – Mar 2023,2023-02-08|2023-02-13|2023-02-23|2023-03-05,1.0,BSI,3,> 0.1,DRY_LAND,1661.849,0.8535,1947.05
delta,before,last before the breach · Feb – Mar 2023,2023-02-08|2023-02-13|2023-02-23|2023-03-05,1.0,AWEIsh,1,< −0.3,ALL,2298.621,0.8367,2747.1
delta,before,last before the breach · Feb – Mar 2023,2023-02-08|2023-02-13|2023-02-23|2023-03-05,1.0,AWEIsh,2,−0.3–0,ALL,263.204,0.0958,2747.1
delta,before,last before the breach · Feb – Mar 2023,2023-02-08|2023-02-13|2023-02-23|2023-03-05,1.0,AWEIsh,3,0–0.3,ALL,181.987,0.0662,2747.1
delta,before,last before the breach · Feb – Mar 2023,2023-02-08|2023-02-13|2023-02-23|2023-03-05,1.0,AWEIsh,4,> 0.3,ALL,3.289,0.0012,2747.1
delta,before,last before the breach · Feb – Mar 2023,2023-02-08|2023-02-13|2023-02-23|2023-03-05,1.0,AWEIsh,1,< −0.3,NW_REEDS,65.084,0.5608,116.05
delta,before,last before the breach · Feb – Mar 2023,2023-02-08|2023-02-13|2023-02-23|2023-03-05,1.0,AWEIsh,2,−0.3–0,NW_REEDS,48.581,0.4186,116.05
delta,before,last before the breach · Feb – Mar 2023,2023-02-08|2023-02-13|2023-02-23|2023-03-05,1.0,AWEIsh,3,0–0.3,NW_REEDS,2.355,0.0203,116.05
delta,before,last before the breach · Feb – Mar 2023,2023-02-08|2023-02-13|2023-02-23|2023-03-05,1.0,AWEIsh,4,> 0.3,NW_REEDS,0.032,0.0003,116.05
delta,before,last before the breach · Feb – Mar 2023,2023-02-08|2023-02-13|2023-02-23|2023-03-05,1.0,AWEIsh,1,< −0.3,NW_TREES,6.912,0.5291,13.06
delta,before,last before the breach · Feb – Mar 2023,2023-02-08|2023-02-13|2023-02-23|2023-03-05,1.0,AWEIsh,2,−0.3–0,NW_TREES,6.125,0.4688,13.06
delta,before,last before the breach · Feb – Mar 2023,2023-02-08|2023-02-13|2023-02-23|2023-03-05,1.0,AWEIsh,3,0–0.3,NW_TREES,0.028,0.0021,13.06
delta,before,last before the breach · Feb – Mar 2023,2023-02-08|2023-02-13|2023-02-23|2023-03-05,1.0,AWEIsh,4,> 0.3,NW_TREES,0.0,0.0,13.06
delta,before,last before the breach · Feb – Mar 2023,2023-02-08|2023-02-13|2023-02-23|2023-03-05,1.0,AWEIsh,1,< −0.3,HIGH_REEDS,11.396,0.8284,13.76
delta,before,last before the breach · Feb – Mar 2023,2023-02-08|2023-02-13|2023-02-23|2023-03-05,1.0,AWEIsh,2,−0.3–0,HIGH_REEDS,2.331,0.1694,13.76
delta,before,last before the breach · Feb – Mar 2023,2023-02-08|2023-02-13|2023-02-23|2023-03-05,1.0,AWEIsh,3,0–0.3,HIGH_REEDS,0.03,0.0022,13.76
delta,before,last before the breach · Feb – Mar 2023,2023-02-08|2023-02-13|2023-02-23|2023-03-05,1.0,AWEIsh,4,> 0.3,HIGH_REEDS,0.0,0.0,13.76
delta,before,last before the breach · Feb – Mar 2023,2023-02-08|2023-02-13|2023-02-23|2023-03-05,1.0,AWEIsh,1,< −0.3,OPEN_WATER,3.488,0.018,194.28
delta,before,last before the breach · Feb – Mar 2023,2023-02-08|2023-02-13|2023-02-23|2023-03-05,1.0,AWEIsh,2,−0.3–0,OPEN_WATER,12.932,0.0666,194.28
delta,before,last before the breach · Feb – Mar 2023,2023-02-08|2023-02-13|2023-02-23|2023-03-05,1.0,AWEIsh,3,0–0.3,OPEN_WATER,174.747,0.8994,194.28
delta,before,last before the breach · Feb – Mar 2023,2023-02-08|2023-02-13|2023-02-23|2023-03-05,1.0,AWEIsh,4,> 0.3,OPEN_WATER,3.116,0.016,194.28
delta,before,last before the breach · Feb – Mar 2023,2023-02-08|2023-02-13|2023-02-23|2023-03-05,1.0,AWEIsh,1,< −0.3,EVENT_REEDS,27.134,0.6962,38.98
delta,before,last before the breach · Feb – Mar 2023,2023-02-08|2023-02-13|2023-02-23|2023-03-05,1.0,AWEIsh,2,−0.3–0,EVENT_REEDS,11.766,0.3019,38.98
delta,before,last before the breach · Feb – Mar 2023,2023-02-08|2023-02-13|2023-02-23|2023-03-05,1.0,AWEIsh,3,0–0.3,EVENT_REEDS,0.076,0.0019,38.98
delta,before,last before the breach · Feb – Mar 2023,2023-02-08|2023-02-13|2023-02-23|2023-03-05,1.0,AWEIsh,4,> 0.3,EVENT_REEDS,0.0,0.0,38.98
delta,before,last before the breach · Feb – Mar 2023,2023-02-08|2023-02-13|2023-02-23|2023-03-05,1.0,AWEIsh,1,< −0.3,DRY_LAND,1891.829,0.9716,1947.05
delta,before,last before the breach · Feb – Mar 2023,2023-02-08|2023-02-13|2023-02-23|2023-03-05,1.0,AWEIsh,2,−0.3–0,DRY_LAND,55.214,0.0284,1947.05
delta,before,last before the breach · Feb – Mar 2023,2023-02-08|2023-02-13|2023-02-23|2023-03-05,1.0,AWEIsh,3,0–0.3,DRY_LAND,0.011,0.0,1947.05
delta,before,last before the breach · Feb – Mar 2023,2023-02-08|2023-02-13|2023-02-23|2023-03-05,1.0,AWEIsh,4,> 0.3,DRY_LAND,0.0,0.0,1947.05
delta,before,last before the breach · Feb – Mar 2023,2023-02-08|2023-02-13|2023-02-23|2023-03-05,1.0,NDTI,1,< −0.1,ALL,183.493,0.0668,2747.1
delta,before,last before the breach · Feb – Mar 2023,2023-02-08|2023-02-13|2023-02-23|2023-03-05,1.0,NDTI,2,−0.1–0.1,ALL,906.523,0.33,2747.1
delta,before,last before the breach · Feb – Mar 2023,2023-02-08|2023-02-13|2023-02-23|2023-03-05,1.0,NDTI,3,> 0.1,ALL,1657.086,0.6032,2747.1
delta,before,last before the breach · Feb – Mar 2023,2023-02-08|2023-02-13|2023-02-23|2023-03-05,1.0,NDTI,1,< −0.1,NW_REEDS,0.536,0.0046,116.05
delta,before,last before the breach · Feb – Mar 2023,2023-02-08|2023-02-13|2023-02-23|2023-03-05,1.0,NDTI,2,−0.1–0.1,NW_REEDS,9.401,0.081,116.05
delta,before,last before the breach · Feb – Mar 2023,2023-02-08|2023-02-13|2023-02-23|2023-03-05,1.0,NDTI,3,> 0.1,NW_REEDS,106.116,0.9144,116.05
delta,before,last before the breach · Feb – Mar 2023,2023-02-08|2023-02-13|2023-02-23|2023-03-05,1.0,NDTI,1,< −0.1,NW_TREES,0.027,0.0021,13.06
delta,before,last before the breach · Feb – Mar 2023,2023-02-08|2023-02-13|2023-02-23|2023-03-05,1.0,NDTI,2,−0.1–0.1,NW_TREES,7.506,0.5746,13.06
delta,before,last before the breach · Feb – Mar 2023,2023-02-08|2023-02-13|2023-02-23|2023-03-05,1.0,NDTI,3,> 0.1,NW_TREES,5.531,0.4234,13.06
delta,before,last before the breach · Feb – Mar 2023,2023-02-08|2023-02-13|2023-02-23|2023-03-05,1.0,NDTI,1,< −0.1,HIGH_REEDS,0.003,0.0002,13.76
delta,before,last before the breach · Feb – Mar 2023,2023-02-08|2023-02-13|2023-02-23|2023-03-05,1.0,NDTI,2,−0.1–0.1,HIGH_REEDS,1.772,0.1288,13.76
delta,before,last before the breach · Feb – Mar 2023,2023-02-08|2023-02-13|2023-02-23|2023-03-05,1.0,NDTI,3,> 0.1,HIGH_REEDS,11.982,0.8709,13.76
delta,before,last before the breach · Feb – Mar 2023,2023-02-08|2023-02-13|2023-02-23|2023-03-05,1.0,NDTI,1,< −0.1,OPEN_WATER,157.436,0.8103,194.28
delta,before,last before the breach · Feb – Mar 2023,2023-02-08|2023-02-13|2023-02-23|2023-03-05,1.0,NDTI,2,−0.1–0.1,OPEN_WATER,30.876,0.1589,194.28
delta,before,last before the breach · Feb – Mar 2023,2023-02-08|2023-02-13|2023-02-23|2023-03-05,1.0,NDTI,3,> 0.1,OPEN_WATER,5.97,0.0307,194.28
delta,before,last before the breach · Feb – Mar 2023,2023-02-08|2023-02-13|2023-02-23|2023-03-05,1.0,NDTI,1,< −0.1,EVENT_REEDS,0.024,0.0006,38.98
delta,before,last before the breach · Feb – Mar 2023,2023-02-08|2023-02-13|2023-02-23|2023-03-05,1.0,NDTI,2,−0.1–0.1,EVENT_REEDS,4.655,0.1194,38.98
delta,before,last before the breach · Feb – Mar 2023,2023-02-08|2023-02-13|2023-02-23|2023-03-05,1.0,NDTI,3,> 0.1,EVENT_REEDS,34.296,0.88,38.98
delta,before,last before the breach · Feb – Mar 2023,2023-02-08|2023-02-13|2023-02-23|2023-03-05,1.0,NDTI,1,< −0.1,DRY_LAND,8.786,0.0045,1947.05
delta,before,last before the breach · Feb – Mar 2023,2023-02-08|2023-02-13|2023-02-23|2023-03-05,1.0,NDTI,2,−0.1–0.1,DRY_LAND,597.068,0.3067,1947.05
delta,before,last before the breach · Feb – Mar 2023,2023-02-08|2023-02-13|2023-02-23|2023-03-05,1.0,NDTI,3,> 0.1,DRY_LAND,1341.2,0.6888,1947.05
delta,after,recession · 16 – 30 Jun 2023,2023-06-18|2023-06-23|2023-06-28,0.979,NDVI,1,< 0.15,ALL,232.474,0.0864,2689.51
delta,after,recession · 16 – 30 Jun 2023,2023-06-18|2023-06-23|2023-06-28,0.979,NDVI,2,0.15–0.3,ALL,624.865,0.2323,2689.51
delta,after,recession · 16 – 30 Jun 2023,2023-06-18|2023-06-23|2023-06-28,0.979,NDVI,3,0.3–0.5,ALL,866.856,0.3223,2689.51
delta,after,recession · 16 – 30 Jun 2023,2023-06-18|2023-06-23|2023-06-28,0.979,NDVI,4,> 0.5,ALL,965.314,0.3589,2689.51
delta,after,recession · 16 – 30 Jun 2023,2023-06-18|2023-06-23|2023-06-28,0.979,NDVI,1,< 0.15,NW_REEDS,6.984,0.0602,116.05
delta,after,recession · 16 – 30 Jun 2023,2023-06-18|2023-06-23|2023-06-28,0.979,NDVI,2,0.15–0.3,NW_REEDS,42.274,0.3643,116.05
delta,after,recession · 16 – 30 Jun 2023,2023-06-18|2023-06-23|2023-06-28,0.979,NDVI,3,0.3–0.5,NW_REEDS,45.288,0.3902,116.05
delta,after,recession · 16 – 30 Jun 2023,2023-06-18|2023-06-23|2023-06-28,0.979,NDVI,4,> 0.5,NW_REEDS,21.506,0.1853,116.05
delta,after,recession · 16 – 30 Jun 2023,2023-06-18|2023-06-23|2023-06-28,0.979,NDVI,1,< 0.15,NW_TREES,0.584,0.0447,13.06
delta,after,recession · 16 – 30 Jun 2023,2023-06-18|2023-06-23|2023-06-28,0.979,NDVI,2,0.15–0.3,NW_TREES,2.63,0.2014,13.06
delta,after,recession · 16 – 30 Jun 2023,2023-06-18|2023-06-23|2023-06-28,0.979,NDVI,3,0.3–0.5,NW_TREES,2.654,0.2032,13.06
delta,after,recession · 16 – 30 Jun 2023,2023-06-18|2023-06-23|2023-06-28,0.979,NDVI,4,> 0.5,NW_TREES,7.194,0.5507,13.06
delta,after,recession · 16 – 30 Jun 2023,2023-06-18|2023-06-23|2023-06-28,0.979,NDVI,1,< 0.15,HIGH_REEDS,0.117,0.0085,13.73
delta,after,recession · 16 – 30 Jun 2023,2023-06-18|2023-06-23|2023-06-28,0.979,NDVI,2,0.15–0.3,HIGH_REEDS,0.803,0.0585,13.73
delta,after,recession · 16 – 30 Jun 2023,2023-06-18|2023-06-23|2023-06-28,0.979,NDVI,3,0.3–0.5,HIGH_REEDS,2.52,0.1835,13.73
delta,after,recession · 16 – 30 Jun 2023,2023-06-18|2023-06-23|2023-06-28,0.979,NDVI,4,> 0.5,HIGH_REEDS,10.291,0.7495,13.73
delta,after,recession · 16 – 30 Jun 2023,2023-06-18|2023-06-23|2023-06-28,0.979,NDVI,1,< 0.15,OPEN_WATER,177.369,0.914,194.05
delta,after,recession · 16 – 30 Jun 2023,2023-06-18|2023-06-23|2023-06-28,0.979,NDVI,2,0.15–0.3,OPEN_WATER,3.753,0.0193,194.05
delta,after,recession · 16 – 30 Jun 2023,2023-06-18|2023-06-23|2023-06-28,0.979,NDVI,3,0.3–0.5,OPEN_WATER,4.892,0.0252,194.05
delta,after,recession · 16 – 30 Jun 2023,2023-06-18|2023-06-23|2023-06-28,0.979,NDVI,4,> 0.5,OPEN_WATER,8.034,0.0414,194.05
delta,after,recession · 16 – 30 Jun 2023,2023-06-18|2023-06-23|2023-06-28,0.979,NDVI,1,< 0.15,EVENT_REEDS,4.887,0.1345,36.34
delta,after,recession · 16 – 30 Jun 2023,2023-06-18|2023-06-23|2023-06-28,0.979,NDVI,2,0.15–0.3,EVENT_REEDS,15.904,0.4376,36.34
delta,after,recession · 16 – 30 Jun 2023,2023-06-18|2023-06-23|2023-06-28,0.979,NDVI,3,0.3–0.5,EVENT_REEDS,10.664,0.2935,36.34
delta,after,recession · 16 – 30 Jun 2023,2023-06-18|2023-06-23|2023-06-28,0.979,NDVI,4,> 0.5,EVENT_REEDS,4.885,0.1344,36.34
delta,after,recession · 16 – 30 Jun 2023,2023-06-18|2023-06-23|2023-06-28,0.979,NDVI,1,< 0.15,DRY_LAND,18.378,0.0097,1895.44
delta,after,recession · 16 – 30 Jun 2023,2023-06-18|2023-06-23|2023-06-28,0.979,NDVI,2,0.15–0.3,DRY_LAND,501.12,0.2644,1895.44
delta,after,recession · 16 – 30 Jun 2023,2023-06-18|2023-06-23|2023-06-28,0.979,NDVI,3,0.3–0.5,DRY_LAND,669.574,0.3533,1895.44
delta,after,recession · 16 – 30 Jun 2023,2023-06-18|2023-06-23|2023-06-28,0.979,NDVI,4,> 0.5,DRY_LAND,706.37,0.3727,1895.44
delta,after,recession · 16 – 30 Jun 2023,2023-06-18|2023-06-23|2023-06-28,0.979,NDWI,1,< −0.3,ALL,2265.123,0.8422,2689.51
delta,after,recession · 16 – 30 Jun 2023,2023-06-18|2023-06-23|2023-06-28,0.979,NDWI,2,−0.3–0,ALL,235.586,0.0876,2689.51
delta,after,recession · 16 – 30 Jun 2023,2023-06-18|2023-06-23|2023-06-28,0.979,NDWI,3,0–0.3,ALL,167.816,0.0624,2689.51
delta,after,recession · 16 – 30 Jun 2023,2023-06-18|2023-06-23|2023-06-28,0.979,NDWI,4,> 0.3,ALL,20.983,0.0078,2689.51
delta,after,recession · 16 – 30 Jun 2023,2023-06-18|2023-06-23|2023-06-28,0.979,NDWI,1,< −0.3,NW_REEDS,98.528,0.849,116.05
delta,after,recession · 16 – 30 Jun 2023,2023-06-18|2023-06-23|2023-06-28,0.979,NDWI,2,−0.3–0,NW_REEDS,13.842,0.1193,116.05
delta,after,recession · 16 – 30 Jun 2023,2023-06-18|2023-06-23|2023-06-28,0.979,NDWI,3,0–0.3,NW_REEDS,3.625,0.0312,116.05
delta,after,recession · 16 – 30 Jun 2023,2023-06-18|2023-06-23|2023-06-28,0.979,NDWI,4,> 0.3,NW_REEDS,0.057,0.0005,116.05
delta,after,recession · 16 – 30 Jun 2023,2023-06-18|2023-06-23|2023-06-28,0.979,NDWI,1,< −0.3,NW_TREES,10.579,0.8099,13.06
delta,after,recession · 16 – 30 Jun 2023,2023-06-18|2023-06-23|2023-06-28,0.979,NDWI,2,−0.3–0,NW_TREES,2.304,0.1764,13.06
delta,after,recession · 16 – 30 Jun 2023,2023-06-18|2023-06-23|2023-06-28,0.979,NDWI,3,0–0.3,NW_TREES,0.174,0.0134,13.06
delta,after,recession · 16 – 30 Jun 2023,2023-06-18|2023-06-23|2023-06-28,0.979,NDWI,4,> 0.3,NW_TREES,0.005,0.0004,13.06
delta,after,recession · 16 – 30 Jun 2023,2023-06-18|2023-06-23|2023-06-28,0.979,NDWI,1,< −0.3,HIGH_REEDS,13.249,0.9649,13.73
delta,after,recession · 16 – 30 Jun 2023,2023-06-18|2023-06-23|2023-06-28,0.979,NDWI,2,−0.3–0,HIGH_REEDS,0.43,0.0313,13.73
delta,after,recession · 16 – 30 Jun 2023,2023-06-18|2023-06-23|2023-06-28,0.979,NDWI,3,0–0.3,HIGH_REEDS,0.052,0.0038,13.73
delta,after,recession · 16 – 30 Jun 2023,2023-06-18|2023-06-23|2023-06-28,0.979,NDWI,4,> 0.3,HIGH_REEDS,0.0,0.0,13.73
delta,after,recession · 16 – 30 Jun 2023,2023-06-18|2023-06-23|2023-06-28,0.979,NDWI,1,< −0.3,OPEN_WATER,11.887,0.0613,194.05
delta,after,recession · 16 – 30 Jun 2023,2023-06-18|2023-06-23|2023-06-28,0.979,NDWI,2,−0.3–0,OPEN_WATER,7.546,0.0389,194.05
delta,after,recession · 16 – 30 Jun 2023,2023-06-18|2023-06-23|2023-06-28,0.979,NDWI,3,0–0.3,OPEN_WATER,154.559,0.7965,194.05
delta,after,recession · 16 – 30 Jun 2023,2023-06-18|2023-06-23|2023-06-28,0.979,NDWI,4,> 0.3,OPEN_WATER,20.056,0.1034,194.05
delta,after,recession · 16 – 30 Jun 2023,2023-06-18|2023-06-23|2023-06-28,0.979,NDWI,1,< −0.3,EVENT_REEDS,24.271,0.6679,36.34
delta,after,recession · 16 – 30 Jun 2023,2023-06-18|2023-06-23|2023-06-28,0.979,NDWI,2,−0.3–0,EVENT_REEDS,9.315,0.2563,36.34
delta,after,recession · 16 – 30 Jun 2023,2023-06-18|2023-06-23|2023-06-28,0.979,NDWI,3,0–0.3,EVENT_REEDS,2.468,0.0679,36.34
delta,after,recession · 16 – 30 Jun 2023,2023-06-18|2023-06-23|2023-06-28,0.979,NDWI,4,> 0.3,EVENT_REEDS,0.286,0.0079,36.34
delta,after,recession · 16 – 30 Jun 2023,2023-06-18|2023-06-23|2023-06-28,0.979,NDWI,1,< −0.3,DRY_LAND,1742.223,0.9192,1895.44
delta,after,recession · 16 – 30 Jun 2023,2023-06-18|2023-06-23|2023-06-28,0.979,NDWI,2,−0.3–0,DRY_LAND,153.023,0.0807,1895.44
delta,after,recession · 16 – 30 Jun 2023,2023-06-18|2023-06-23|2023-06-28,0.979,NDWI,3,0–0.3,DRY_LAND,0.12,0.0001,1895.44
delta,after,recession · 16 – 30 Jun 2023,2023-06-18|2023-06-23|2023-06-28,0.979,NDWI,4,> 0.3,DRY_LAND,0.076,0.0,1895.44
delta,after,recession · 16 – 30 Jun 2023,2023-06-18|2023-06-23|2023-06-28,0.979,MNDWI,1,< −0.3,ALL,2413.79,0.8975,2689.51
delta,after,recession · 16 – 30 Jun 2023,2023-06-18|2023-06-23|2023-06-28,0.979,MNDWI,2,−0.3–0,ALL,87.206,0.0324,2689.51
delta,after,recession · 16 – 30 Jun 2023,2023-06-18|2023-06-23|2023-06-28,0.979,MNDWI,3,0–0.3,ALL,65.926,0.0245,2689.51
delta,after,recession · 16 – 30 Jun 2023,2023-06-18|2023-06-23|2023-06-28,0.979,MNDWI,4,> 0.3,ALL,122.588,0.0456,2689.51
delta,after,recession · 16 – 30 Jun 2023,2023-06-18|2023-06-23|2023-06-28,0.979,MNDWI,1,< −0.3,NW_REEDS,106.116,0.9144,116.05
delta,after,recession · 16 – 30 Jun 2023,2023-06-18|2023-06-23|2023-06-28,0.979,MNDWI,2,−0.3–0,NW_REEDS,6.472,0.0558,116.05
delta,after,recession · 16 – 30 Jun 2023,2023-06-18|2023-06-23|2023-06-28,0.979,MNDWI,3,0–0.3,NW_REEDS,2.546,0.0219,116.05
delta,after,recession · 16 – 30 Jun 2023,2023-06-18|2023-06-23|2023-06-28,0.979,MNDWI,4,> 0.3,NW_REEDS,0.919,0.0079,116.05
delta,after,recession · 16 – 30 Jun 2023,2023-06-18|2023-06-23|2023-06-28,0.979,MNDWI,1,< −0.3,NW_TREES,11.446,0.8763,13.06
delta,after,recession · 16 – 30 Jun 2023,2023-06-18|2023-06-23|2023-06-28,0.979,MNDWI,2,−0.3–0,NW_TREES,1.542,0.118,13.06
delta,after,recession · 16 – 30 Jun 2023,2023-06-18|2023-06-23|2023-06-28,0.979,MNDWI,3,0–0.3,NW_TREES,0.046,0.0035,13.06
delta,after,recession · 16 – 30 Jun 2023,2023-06-18|2023-06-23|2023-06-28,0.979,MNDWI,4,> 0.3,NW_TREES,0.029,0.0022,13.06
delta,after,recession · 16 – 30 Jun 2023,2023-06-18|2023-06-23|2023-06-28,0.979,MNDWI,1,< −0.3,HIGH_REEDS,13.296,0.9683,13.73
delta,after,recession · 16 – 30 Jun 2023,2023-06-18|2023-06-23|2023-06-28,0.979,MNDWI,2,−0.3–0,HIGH_REEDS,0.383,0.0279,13.73
delta,after,recession · 16 – 30 Jun 2023,2023-06-18|2023-06-23|2023-06-28,0.979,MNDWI,3,0–0.3,HIGH_REEDS,0.05,0.0036,13.73
delta,after,recession · 16 – 30 Jun 2023,2023-06-18|2023-06-23|2023-06-28,0.979,MNDWI,4,> 0.3,HIGH_REEDS,0.003,0.0002,13.73
delta,after,recession · 16 – 30 Jun 2023,2023-06-18|2023-06-23|2023-06-28,0.979,MNDWI,1,< −0.3,OPEN_WATER,6.064,0.0312,194.05
delta,after,recession · 16 – 30 Jun 2023,2023-06-18|2023-06-23|2023-06-28,0.979,MNDWI,2,−0.3–0,OPEN_WATER,12.229,0.063,194.05
delta,after,recession · 16 – 30 Jun 2023,2023-06-18|2023-06-23|2023-06-28,0.979,MNDWI,3,0–0.3,OPEN_WATER,56.124,0.2892,194.05
delta,after,recession · 16 – 30 Jun 2023,2023-06-18|2023-06-23|2023-06-28,0.979,MNDWI,4,> 0.3,OPEN_WATER,119.631,0.6165,194.05
delta,after,recession · 16 – 30 Jun 2023,2023-06-18|2023-06-23|2023-06-28,0.979,MNDWI,1,< −0.3,EVENT_REEDS,26.328,0.7245,36.34
delta,after,recession · 16 – 30 Jun 2023,2023-06-18|2023-06-23|2023-06-28,0.979,MNDWI,2,−0.3–0,EVENT_REEDS,7.315,0.2013,36.34
delta,after,recession · 16 – 30 Jun 2023,2023-06-18|2023-06-23|2023-06-28,0.979,MNDWI,3,0–0.3,EVENT_REEDS,2.238,0.0616,36.34
delta,after,recession · 16 – 30 Jun 2023,2023-06-18|2023-06-23|2023-06-28,0.979,MNDWI,4,> 0.3,EVENT_REEDS,0.459,0.0126,36.34
delta,after,recession · 16 – 30 Jun 2023,2023-06-18|2023-06-23|2023-06-28,0.979,MNDWI,1,< −0.3,DRY_LAND,1869.05,0.9861,1895.44
delta,after,recession · 16 – 30 Jun 2023,2023-06-18|2023-06-23|2023-06-28,0.979,MNDWI,2,−0.3–0,DRY_LAND,26.318,0.0139,1895.44
delta,after,recession · 16 – 30 Jun 2023,2023-06-18|2023-06-23|2023-06-28,0.979,MNDWI,3,0–0.3,DRY_LAND,0.075,0.0,1895.44
delta,after,recession · 16 – 30 Jun 2023,2023-06-18|2023-06-23|2023-06-28,0.979,MNDWI,4,> 0.3,DRY_LAND,0.0,0.0,1895.44
delta,after,recession · 16 – 30 Jun 2023,2023-06-18|2023-06-23|2023-06-28,0.979,NDMI,1,< −0.1,ALL,767.124,0.2852,2689.51
delta,after,recession · 16 – 30 Jun 2023,2023-06-18|2023-06-23|2023-06-28,0.979,NDMI,2,−0.1–0.1,ALL,1195.284,0.4444,2689.51
delta,after,recession · 16 – 30 Jun 2023,2023-06-18|2023-06-23|2023-06-28,0.979,NDMI,3,> 0.1,ALL,727.1,0.2703,2689.51
delta,after,recession · 16 – 30 Jun 2023,2023-06-18|2023-06-23|2023-06-28,0.979,NDMI,1,< −0.1,NW_REEDS,64.36,0.5546,116.05
delta,after,recession · 16 – 30 Jun 2023,2023-06-18|2023-06-23|2023-06-28,0.979,NDMI,2,−0.1–0.1,NW_REEDS,35.262,0.3038,116.05
delta,after,recession · 16 – 30 Jun 2023,2023-06-18|2023-06-23|2023-06-28,0.979,NDMI,3,> 0.1,NW_REEDS,16.431,0.1416,116.05
delta,after,recession · 16 – 30 Jun 2023,2023-06-18|2023-06-23|2023-06-28,0.979,NDMI,1,< −0.1,NW_TREES,1.533,0.1173,13.06
delta,after,recession · 16 – 30 Jun 2023,2023-06-18|2023-06-23|2023-06-28,0.979,NDMI,2,−0.1–0.1,NW_TREES,4.574,0.3502,13.06
delta,after,recession · 16 – 30 Jun 2023,2023-06-18|2023-06-23|2023-06-28,0.979,NDMI,3,> 0.1,NW_TREES,6.955,0.5325,13.06
delta,after,recession · 16 – 30 Jun 2023,2023-06-18|2023-06-23|2023-06-28,0.979,NDMI,1,< −0.1,HIGH_REEDS,1.725,0.1256,13.73
delta,after,recession · 16 – 30 Jun 2023,2023-06-18|2023-06-23|2023-06-28,0.979,NDMI,2,−0.1–0.1,HIGH_REEDS,4.031,0.2935,13.73
delta,after,recession · 16 – 30 Jun 2023,2023-06-18|2023-06-23|2023-06-28,0.979,NDMI,3,> 0.1,HIGH_REEDS,7.976,0.5809,13.73
delta,after,recession · 16 – 30 Jun 2023,2023-06-18|2023-06-23|2023-06-28,0.979,NDMI,1,< −0.1,OPEN_WATER,6.898,0.0355,194.05
delta,after,recession · 16 – 30 Jun 2023,2023-06-18|2023-06-23|2023-06-28,0.979,NDMI,2,−0.1–0.1,OPEN_WATER,38.541,0.1986,194.05
delta,after,recession · 16 – 30 Jun 2023,2023-06-18|2023-06-23|2023-06-28,0.979,NDMI,3,> 0.1,OPEN_WATER,148.61,0.7658,194.05
delta,after,recession · 16 – 30 Jun 2023,2023-06-18|2023-06-23|2023-06-28,0.979,NDMI,1,< −0.1,EVENT_REEDS,16.323,0.4492,36.34
delta,after,recession · 16 – 30 Jun 2023,2023-06-18|2023-06-23|2023-06-28,0.979,NDMI,2,−0.1–0.1,EVENT_REEDS,12.918,0.3555,36.34
delta,after,recession · 16 – 30 Jun 2023,2023-06-18|2023-06-23|2023-06-28,0.979,NDMI,3,> 0.1,EVENT_REEDS,7.099,0.1954,36.34
delta,after,recession · 16 – 30 Jun 2023,2023-06-18|2023-06-23|2023-06-28,0.979,NDMI,1,< −0.1,DRY_LAND,606.777,0.3201,1895.44
delta,after,recession · 16 – 30 Jun 2023,2023-06-18|2023-06-23|2023-06-28,0.979,NDMI,2,−0.1–0.1,DRY_LAND,886.463,0.4677,1895.44
delta,after,recession · 16 – 30 Jun 2023,2023-06-18|2023-06-23|2023-06-28,0.979,NDMI,3,> 0.1,DRY_LAND,402.203,0.2122,1895.44
delta,after,recession · 16 – 30 Jun 2023,2023-06-18|2023-06-23|2023-06-28,0.979,BSI,1,< −0.1,ALL,396.758,0.1475,2689.51
delta,after,recession · 16 – 30 Jun 2023,2023-06-18|2023-06-23|2023-06-28,0.979,BSI,2,−0.1–0.1,ALL,1325.997,0.493,2689.51
delta,after,recession · 16 – 30 Jun 2023,2023-06-18|2023-06-23|2023-06-28,0.979,BSI,3,> 0.1,ALL,966.753,0.3595,2689.51
delta,after,recession · 16 – 30 Jun 2023,2023-06-18|2023-06-23|2023-06-28,0.979,BSI,1,< −0.1,NW_REEDS,10.819,0.0932,116.05
delta,after,recession · 16 – 30 Jun 2023,2023-06-18|2023-06-23|2023-06-28,0.979,BSI,2,−0.1–0.1,NW_REEDS,33.97,0.2927,116.05
delta,after,recession · 16 – 30 Jun 2023,2023-06-18|2023-06-23|2023-06-28,0.979,BSI,3,> 0.1,NW_REEDS,71.264,0.6141,116.05
delta,after,recession · 16 – 30 Jun 2023,2023-06-18|2023-06-23|2023-06-28,0.979,BSI,1,< −0.1,NW_TREES,5.969,0.457,13.06
delta,after,recession · 16 – 30 Jun 2023,2023-06-18|2023-06-23|2023-06-28,0.979,BSI,2,−0.1–0.1,NW_TREES,4.906,0.3756,13.06
delta,after,recession · 16 – 30 Jun 2023,2023-06-18|2023-06-23|2023-06-28,0.979,BSI,3,> 0.1,NW_TREES,2.188,0.1675,13.06
delta,after,recession · 16 – 30 Jun 2023,2023-06-18|2023-06-23|2023-06-28,0.979,BSI,1,< −0.1,HIGH_REEDS,6.694,0.4875,13.73
delta,after,recession · 16 – 30 Jun 2023,2023-06-18|2023-06-23|2023-06-28,0.979,BSI,2,−0.1–0.1,HIGH_REEDS,5.031,0.3664,13.73
delta,after,recession · 16 – 30 Jun 2023,2023-06-18|2023-06-23|2023-06-28,0.979,BSI,3,> 0.1,HIGH_REEDS,2.007,0.1461,13.73
delta,after,recession · 16 – 30 Jun 2023,2023-06-18|2023-06-23|2023-06-28,0.979,BSI,1,< −0.1,OPEN_WATER,30.405,0.1567,194.05
delta,after,recession · 16 – 30 Jun 2023,2023-06-18|2023-06-23|2023-06-28,0.979,BSI,2,−0.1–0.1,OPEN_WATER,158.957,0.8192,194.05
delta,after,recession · 16 – 30 Jun 2023,2023-06-18|2023-06-23|2023-06-28,0.979,BSI,3,> 0.1,OPEN_WATER,4.686,0.0241,194.05
delta,after,recession · 16 – 30 Jun 2023,2023-06-18|2023-06-23|2023-06-28,0.979,BSI,1,< −0.1,EVENT_REEDS,4.513,0.1242,36.34
delta,after,recession · 16 – 30 Jun 2023,2023-06-18|2023-06-23|2023-06-28,0.979,BSI,2,−0.1–0.1,EVENT_REEDS,14.079,0.3874,36.34
delta,after,recession · 16 – 30 Jun 2023,2023-06-18|2023-06-23|2023-06-28,0.979,BSI,3,> 0.1,EVENT_REEDS,17.748,0.4884,36.34
delta,after,recession · 16 – 30 Jun 2023,2023-06-18|2023-06-23|2023-06-28,0.979,BSI,1,< −0.1,DRY_LAND,242.06,0.1277,1895.44
delta,after,recession · 16 – 30 Jun 2023,2023-06-18|2023-06-23|2023-06-28,0.979,BSI,2,−0.1–0.1,DRY_LAND,873.32,0.4607,1895.44
delta,after,recession · 16 – 30 Jun 2023,2023-06-18|2023-06-23|2023-06-28,0.979,BSI,3,> 0.1,DRY_LAND,780.062,0.4115,1895.44
delta,after,recession · 16 – 30 Jun 2023,2023-06-18|2023-06-23|2023-06-28,0.979,AWEIsh,1,< −0.3,ALL,2329.158,0.866,2689.51
delta,after,recession · 16 – 30 Jun 2023,2023-06-18|2023-06-23|2023-06-28,0.979,AWEIsh,2,−0.3–0,ALL,172.53,0.0641,2689.51
delta,after,recession · 16 – 30 Jun 2023,2023-06-18|2023-06-23|2023-06-28,0.979,AWEIsh,3,0–0.3,ALL,185.874,0.0691,2689.51
delta,after,recession · 16 – 30 Jun 2023,2023-06-18|2023-06-23|2023-06-28,0.979,AWEIsh,4,> 0.3,ALL,1.946,0.0007,2689.51
delta,after,recession · 16 – 30 Jun 2023,2023-06-18|2023-06-23|2023-06-28,0.979,AWEIsh,1,< −0.3,NW_REEDS,52.572,0.453,116.05
delta,after,recession · 16 – 30 Jun 2023,2023-06-18|2023-06-23|2023-06-28,0.979,AWEIsh,2,−0.3–0,NW_REEDS,60.202,0.5188,116.05
delta,after,recession · 16 – 30 Jun 2023,2023-06-18|2023-06-23|2023-06-28,0.979,AWEIsh,3,0–0.3,NW_REEDS,3.278,0.0282,116.05
delta,after,recession · 16 – 30 Jun 2023,2023-06-18|2023-06-23|2023-06-28,0.979,AWEIsh,4,> 0.3,NW_REEDS,0.0,0.0,116.05
delta,after,recession · 16 – 30 Jun 2023,2023-06-18|2023-06-23|2023-06-28,0.979,AWEIsh,1,< −0.3,NW_TREES,8.032,0.6149,13.06
delta,after,recession · 16 – 30 Jun 2023,2023-06-18|2023-06-23|2023-06-28,0.979,AWEIsh,2,−0.3–0,NW_TREES,4.931,0.3775,13.06
delta,after,recession · 16 – 30 Jun 2023,2023-06-18|2023-06-23|2023-06-28,0.979,AWEIsh,3,0–0.3,NW_TREES,0.1,0.0076,13.06
delta,after,recession · 16 – 30 Jun 2023,2023-06-18|2023-06-23|2023-06-28,0.979,AWEIsh,4,> 0.3,NW_TREES,0.0,0.0,13.06
delta,after,recession · 16 – 30 Jun 2023,2023-06-18|2023-06-23|2023-06-28,0.979,AWEIsh,1,< −0.3,HIGH_REEDS,12.27,0.8936,13.73
delta,after,recession · 16 – 30 Jun 2023,2023-06-18|2023-06-23|2023-06-28,0.979,AWEIsh,2,−0.3–0,HIGH_REEDS,1.415,0.1031,13.73
delta,after,recession · 16 – 30 Jun 2023,2023-06-18|2023-06-23|2023-06-28,0.979,AWEIsh,3,0–0.3,HIGH_REEDS,0.046,0.0033,13.73
delta,after,recession · 16 – 30 Jun 2023,2023-06-18|2023-06-23|2023-06-28,0.979,AWEIsh,4,> 0.3,HIGH_REEDS,0.0,0.0,13.73
delta,after,recession · 16 – 30 Jun 2023,2023-06-18|2023-06-23|2023-06-28,0.979,AWEIsh,1,< −0.3,OPEN_WATER,4.956,0.0255,194.05
delta,after,recession · 16 – 30 Jun 2023,2023-06-18|2023-06-23|2023-06-28,0.979,AWEIsh,2,−0.3–0,OPEN_WATER,14.503,0.0747,194.05
delta,after,recession · 16 – 30 Jun 2023,2023-06-18|2023-06-23|2023-06-28,0.979,AWEIsh,3,0–0.3,OPEN_WATER,172.868,0.8909,194.05
delta,after,recession · 16 – 30 Jun 2023,2023-06-18|2023-06-23|2023-06-28,0.979,AWEIsh,4,> 0.3,OPEN_WATER,1.721,0.0089,194.05
delta,after,recession · 16 – 30 Jun 2023,2023-06-18|2023-06-23|2023-06-28,0.979,AWEIsh,1,< −0.3,EVENT_REEDS,9.704,0.267,36.34
delta,after,recession · 16 – 30 Jun 2023,2023-06-18|2023-06-23|2023-06-28,0.979,AWEIsh,2,−0.3–0,EVENT_REEDS,23.793,0.6547,36.34
delta,after,recession · 16 – 30 Jun 2023,2023-06-18|2023-06-23|2023-06-28,0.979,AWEIsh,3,0–0.3,EVENT_REEDS,2.843,0.0782,36.34
delta,after,recession · 16 – 30 Jun 2023,2023-06-18|2023-06-23|2023-06-28,0.979,AWEIsh,4,> 0.3,EVENT_REEDS,0.0,0.0,36.34
delta,after,recession · 16 – 30 Jun 2023,2023-06-18|2023-06-23|2023-06-28,0.979,AWEIsh,1,< −0.3,DRY_LAND,1886.963,0.9955,1895.44
delta,after,recession · 16 – 30 Jun 2023,2023-06-18|2023-06-23|2023-06-28,0.979,AWEIsh,2,−0.3–0,DRY_LAND,8.398,0.0044,1895.44
delta,after,recession · 16 – 30 Jun 2023,2023-06-18|2023-06-23|2023-06-28,0.979,AWEIsh,3,0–0.3,DRY_LAND,0.081,0.0,1895.44
delta,after,recession · 16 – 30 Jun 2023,2023-06-18|2023-06-23|2023-06-28,0.979,AWEIsh,4,> 0.3,DRY_LAND,0.001,0.0,1895.44
delta,after,recession · 16 – 30 Jun 2023,2023-06-18|2023-06-23|2023-06-28,0.979,NDTI,1,< −0.1,ALL,406.951,0.1513,2689.51
delta,after,recession · 16 – 30 Jun 2023,2023-06-18|2023-06-23|2023-06-28,0.979,NDTI,2,−0.1–0.1,ALL,1775.036,0.66,2689.51
delta,after,recession · 16 – 30 Jun 2023,2023-06-18|2023-06-23|2023-06-28,0.979,NDTI,3,> 0.1,ALL,507.521,0.1887,2689.51
delta,after,recession · 16 – 30 Jun 2023,2023-06-18|2023-06-23|2023-06-28,0.979,NDTI,1,< −0.1,NW_REEDS,12.574,0.1083,116.05
delta,after,recession · 16 – 30 Jun 2023,2023-06-18|2023-06-23|2023-06-28,0.979,NDTI,2,−0.1–0.1,NW_REEDS,76.29,0.6574,116.05
delta,after,recession · 16 – 30 Jun 2023,2023-06-18|2023-06-23|2023-06-28,0.979,NDTI,3,> 0.1,NW_REEDS,27.188,0.2343,116.05
delta,after,recession · 16 – 30 Jun 2023,2023-06-18|2023-06-23|2023-06-28,0.979,NDTI,1,< −0.1,NW_TREES,5.542,0.4243,13.06
delta,after,recession · 16 – 30 Jun 2023,2023-06-18|2023-06-23|2023-06-28,0.979,NDTI,2,−0.1–0.1,NW_TREES,7.33,0.5612,13.06
delta,after,recession · 16 – 30 Jun 2023,2023-06-18|2023-06-23|2023-06-28,0.979,NDTI,3,> 0.1,NW_TREES,0.19,0.0145,13.06
delta,after,recession · 16 – 30 Jun 2023,2023-06-18|2023-06-23|2023-06-28,0.979,NDTI,1,< −0.1,HIGH_REEDS,7.402,0.5391,13.73
delta,after,recession · 16 – 30 Jun 2023,2023-06-18|2023-06-23|2023-06-28,0.979,NDTI,2,−0.1–0.1,HIGH_REEDS,6.05,0.4406,13.73
delta,after,recession · 16 – 30 Jun 2023,2023-06-18|2023-06-23|2023-06-28,0.979,NDTI,3,> 0.1,HIGH_REEDS,0.28,0.0204,13.73
delta,after,recession · 16 – 30 Jun 2023,2023-06-18|2023-06-23|2023-06-28,0.979,NDTI,1,< −0.1,OPEN_WATER,39.902,0.2056,194.05
delta,after,recession · 16 – 30 Jun 2023,2023-06-18|2023-06-23|2023-06-28,0.979,NDTI,2,−0.1–0.1,OPEN_WATER,153.867,0.7929,194.05
delta,after,recession · 16 – 30 Jun 2023,2023-06-18|2023-06-23|2023-06-28,0.979,NDTI,3,> 0.1,OPEN_WATER,0.279,0.0014,194.05
delta,after,recession · 16 – 30 Jun 2023,2023-06-18|2023-06-23|2023-06-28,0.979,NDTI,1,< −0.1,EVENT_REEDS,4.072,0.112,36.34
delta,after,recession · 16 – 30 Jun 2023,2023-06-18|2023-06-23|2023-06-28,0.979,NDTI,2,−0.1–0.1,EVENT_REEDS,25.828,0.7107,36.34
delta,after,recession · 16 – 30 Jun 2023,2023-06-18|2023-06-23|2023-06-28,0.979,NDTI,3,> 0.1,EVENT_REEDS,6.441,0.1772,36.34
delta,after,recession · 16 – 30 Jun 2023,2023-06-18|2023-06-23|2023-06-28,0.979,NDTI,1,< −0.1,DRY_LAND,244.45,0.129,1895.44
delta,after,recession · 16 – 30 Jun 2023,2023-06-18|2023-06-23|2023-06-28,0.979,NDTI,2,−0.1–0.1,DRY_LAND,1197.6,0.6318,1895.44
delta,after,recession · 16 – 30 Jun 2023,2023-06-18|2023-06-23|2023-06-28,0.979,NDTI,3,> 0.1,DRY_LAND,453.393,0.2392,1895.44
delta,after,after the flood · Jul 2023,2023-07-03|2023-07-08|2023-07-28,0.979,NDVI,1,< 0.15,ALL,227.409,0.0846,2688.71
delta,after,after the flood · Jul 2023,2023-07-03|2023-07-08|2023-07-28,0.979,NDVI,2,0.15–0.3,ALL,680.848,0.2532,2688.71
delta,after,after the flood · Jul 2023,2023-07-03|2023-07-08|2023-07-28,0.979,NDVI,3,0.3–0.5,ALL,886.984,0.3299,2688.71
delta,after,after the flood · Jul 2023,2023-07-03|2023-07-08|2023-07-28,0.979,NDVI,4,> 0.5,ALL,893.468,0.3323,2688.71
delta,after,after the flood · Jul 2023,2023-07-03|2023-07-08|2023-07-28,0.979,NDVI,1,< 0.15,NW_REEDS,3.92,0.0342,114.7
delta,after,after the flood · Jul 2023,2023-07-03|2023-07-08|2023-07-28,0.979,NDVI,2,0.15–0.3,NW_REEDS,20.274,0.1768,114.7
delta,after,after the flood · Jul 2023,2023-07-03|2023-07-08|2023-07-28,0.979,NDVI,3,0.3–0.5,NW_REEDS,47.606,0.415,114.7
delta,after,after the flood · Jul 2023,2023-07-03|2023-07-08|2023-07-28,0.979,NDVI,4,> 0.5,NW_REEDS,42.901,0.374,114.7
delta,after,after the flood · Jul 2023,2023-07-03|2023-07-08|2023-07-28,0.979,NDVI,1,< 0.15,NW_TREES,0.534,0.0415,12.89
delta,after,after the flood · Jul 2023,2023-07-03|2023-07-08|2023-07-28,0.979,NDVI,2,0.15–0.3,NW_TREES,2.384,0.185,12.89
delta,after,after the flood · Jul 2023,2023-07-03|2023-07-08|2023-07-28,0.979,NDVI,3,0.3–0.5,NW_TREES,2.576,0.1999,12.89
delta,after,after the flood · Jul 2023,2023-07-03|2023-07-08|2023-07-28,0.979,NDVI,4,> 0.5,NW_TREES,7.392,0.5736,12.89
delta,after,after the flood · Jul 2023,2023-07-03|2023-07-08|2023-07-28,0.979,NDVI,1,< 0.15,HIGH_REEDS,0.08,0.0058,13.72
delta,after,after the flood · Jul 2023,2023-07-03|2023-07-08|2023-07-28,0.979,NDVI,2,0.15–0.3,HIGH_REEDS,0.486,0.0355,13.72
delta,after,after the flood · Jul 2023,2023-07-03|2023-07-08|2023-07-28,0.979,NDVI,3,0.3–0.5,HIGH_REEDS,2.395,0.1746,13.72
delta,after,after the flood · Jul 2023,2023-07-03|2023-07-08|2023-07-28,0.979,NDVI,4,> 0.5,HIGH_REEDS,10.754,0.7841,13.72
delta,after,after the flood · Jul 2023,2023-07-03|2023-07-08|2023-07-28,0.979,NDVI,1,< 0.15,OPEN_WATER,175.356,0.9059,193.56
delta,after,after the flood · Jul 2023,2023-07-03|2023-07-08|2023-07-28,0.979,NDVI,2,0.15–0.3,OPEN_WATER,3.909,0.0202,193.56
delta,after,after the flood · Jul 2023,2023-07-03|2023-07-08|2023-07-28,0.979,NDVI,3,0.3–0.5,OPEN_WATER,4.994,0.0258,193.56
delta,after,after the flood · Jul 2023,2023-07-03|2023-07-08|2023-07-28,0.979,NDVI,4,> 0.5,OPEN_WATER,9.303,0.0481,193.56
delta,after,after the flood · Jul 2023,2023-07-03|2023-07-08|2023-07-28,0.979,NDVI,1,< 0.15,EVENT_REEDS,2.008,0.0535,37.49
delta,after,after the flood · Jul 2023,2023-07-03|2023-07-08|2023-07-28,0.979,NDVI,2,0.15–0.3,EVENT_REEDS,10.472,0.2793,37.49
delta,after,after the flood · Jul 2023,2023-07-03|2023-07-08|2023-07-28,0.979,NDVI,3,0.3–0.5,EVENT_REEDS,17.603,0.4695,37.49
delta,after,after the flood · Jul 2023,2023-07-03|2023-07-08|2023-07-28,0.979,NDVI,4,> 0.5,EVENT_REEDS,7.408,0.1976,37.49
delta,after,after the flood · Jul 2023,2023-07-03|2023-07-08|2023-07-28,0.979,NDVI,1,< 0.15,DRY_LAND,22.176,0.0117,1896.71
delta,after,after the flood · Jul 2023,2023-07-03|2023-07-08|2023-07-28,0.979,NDVI,2,0.15–0.3,DRY_LAND,585.997,0.309,1896.71
delta,after,after the flood · Jul 2023,2023-07-03|2023-07-08|2023-07-28,0.979,NDVI,3,0.3–0.5,DRY_LAND,679.292,0.3581,1896.71
delta,after,after the flood · Jul 2023,2023-07-03|2023-07-08|2023-07-28,0.979,NDVI,4,> 0.5,DRY_LAND,609.241,0.3212,1896.71
delta,after,after the flood · Jul 2023,2023-07-03|2023-07-08|2023-07-28,0.979,NDWI,1,< −0.3,ALL,2309.414,0.8589,2688.71
delta,after,after the flood · Jul 2023,2023-07-03|2023-07-08|2023-07-28,0.979,NDWI,2,−0.3–0,ALL,197.842,0.0736,2688.71
delta,after,after the flood · Jul 2023,2023-07-03|2023-07-08|2023-07-28,0.979,NDWI,3,0–0.3,ALL,177.996,0.0662,2688.71
delta,after,after the flood · Jul 2023,2023-07-03|2023-07-08|2023-07-28,0.979,NDWI,4,> 0.3,ALL,3.456,0.0013,2688.71
delta,after,after the flood · Jul 2023,2023-07-03|2023-07-08|2023-07-28,0.979,NDWI,1,< −0.3,NW_REEDS,105.777,0.9222,114.7
delta,after,after the flood · Jul 2023,2023-07-03|2023-07-08|2023-07-28,0.979,NDWI,2,−0.3–0,NW_REEDS,6.761,0.0589,114.7
delta,after,after the flood · Jul 2023,2023-07-03|2023-07-08|2023-07-28,0.979,NDWI,3,0–0.3,NW_REEDS,2.155,0.0188,114.7
delta,after,after the flood · Jul 2023,2023-07-03|2023-07-08|2023-07-28,0.979,NDWI,4,> 0.3,NW_REEDS,0.008,0.0001,114.7
delta,after,after the flood · Jul 2023,2023-07-03|2023-07-08|2023-07-28,0.979,NDWI,1,< −0.3,NW_TREES,10.697,0.8301,12.89
delta,after,after the flood · Jul 2023,2023-07-03|2023-07-08|2023-07-28,0.979,NDWI,2,−0.3–0,NW_TREES,2.088,0.1621,12.89
delta,after,after the flood · Jul 2023,2023-07-03|2023-07-08|2023-07-28,0.979,NDWI,3,0–0.3,NW_TREES,0.1,0.0078,12.89
delta,after,after the flood · Jul 2023,2023-07-03|2023-07-08|2023-07-28,0.979,NDWI,4,> 0.3,NW_TREES,0.001,0.0001,12.89
delta,after,after the flood · Jul 2023,2023-07-03|2023-07-08|2023-07-28,0.979,NDWI,1,< −0.3,HIGH_REEDS,13.46,0.9814,13.72
delta,after,after the flood · Jul 2023,2023-07-03|2023-07-08|2023-07-28,0.979,NDWI,2,−0.3–0,HIGH_REEDS,0.226,0.0165,13.72
delta,after,after the flood · Jul 2023,2023-07-03|2023-07-08|2023-07-28,0.979,NDWI,3,0–0.3,HIGH_REEDS,0.03,0.0022,13.72
delta,after,after the flood · Jul 2023,2023-07-03|2023-07-08|2023-07-28,0.979,NDWI,4,> 0.3,HIGH_REEDS,0.0,0.0,13.72
delta,after,after the flood · Jul 2023,2023-07-03|2023-07-08|2023-07-28,0.979,NDWI,1,< −0.3,OPEN_WATER,12.972,0.067,193.56
delta,after,after the flood · Jul 2023,2023-07-03|2023-07-08|2023-07-28,0.979,NDWI,2,−0.3–0,OPEN_WATER,8.002,0.0413,193.56
delta,after,after the flood · Jul 2023,2023-07-03|2023-07-08|2023-07-28,0.979,NDWI,3,0–0.3,OPEN_WATER,169.218,0.8742,193.56
delta,after,after the flood · Jul 2023,2023-07-03|2023-07-08|2023-07-28,0.979,NDWI,4,> 0.3,OPEN_WATER,3.369,0.0174,193.56
delta,after,after the flood · Jul 2023,2023-07-03|2023-07-08|2023-07-28,0.979,NDWI,1,< −0.3,EVENT_REEDS,30.31,0.8085,37.49
delta,after,after the flood · Jul 2023,2023-07-03|2023-07-08|2023-07-28,0.979,NDWI,2,−0.3–0,EVENT_REEDS,6.398,0.1706,37.49
delta,after,after the flood · Jul 2023,2023-07-03|2023-07-08|2023-07-28,0.979,NDWI,3,0–0.3,EVENT_REEDS,0.776,0.0207,37.49
delta,after,after the flood · Jul 2023,2023-07-03|2023-07-08|2023-07-28,0.979,NDWI,4,> 0.3,EVENT_REEDS,0.007,0.0002,37.49
delta,after,after the flood · Jul 2023,2023-07-03|2023-07-08|2023-07-28,0.979,NDWI,1,< −0.3,DRY_LAND,1770.235,0.9333,1896.71
delta,after,after the flood · Jul 2023,2023-07-03|2023-07-08|2023-07-28,0.979,NDWI,2,−0.3–0,DRY_LAND,125.984,0.0664,1896.71
delta,after,after the flood · Jul 2023,2023-07-03|2023-07-08|2023-07-28,0.979,NDWI,3,0–0.3,DRY_LAND,0.482,0.0003,1896.71
delta,after,after the flood · Jul 2023,2023-07-03|2023-07-08|2023-07-28,0.979,NDWI,4,> 0.3,DRY_LAND,0.005,0.0,1896.71
delta,after,after the flood · Jul 2023,2023-07-03|2023-07-08|2023-07-28,0.979,MNDWI,1,< −0.3,ALL,2442.238,0.9083,2688.71
delta,after,after the flood · Jul 2023,2023-07-03|2023-07-08|2023-07-28,0.979,MNDWI,2,−0.3–0,ALL,66.187,0.0246,2688.71
delta,after,after the flood · Jul 2023,2023-07-03|2023-07-08|2023-07-28,0.979,MNDWI,3,0–0.3,ALL,56.497,0.021,2688.71
delta,after,after the flood · Jul 2023,2023-07-03|2023-07-08|2023-07-28,0.979,MNDWI,4,> 0.3,ALL,123.786,0.046,2688.71
delta,after,after the flood · Jul 2023,2023-07-03|2023-07-08|2023-07-28,0.979,MNDWI,1,< −0.3,NW_REEDS,107.226,0.9348,114.7
delta,after,after the flood · Jul 2023,2023-07-03|2023-07-08|2023-07-28,0.979,MNDWI,2,−0.3–0,NW_REEDS,5.76,0.0502,114.7
delta,after,after the flood · Jul 2023,2023-07-03|2023-07-08|2023-07-28,0.979,MNDWI,3,0–0.3,NW_REEDS,1.164,0.0102,114.7
delta,after,after the flood · Jul 2023,2023-07-03|2023-07-08|2023-07-28,0.979,MNDWI,4,> 0.3,NW_REEDS,0.55,0.0048,114.7
delta,after,after the flood · Jul 2023,2023-07-03|2023-07-08|2023-07-28,0.979,MNDWI,1,< −0.3,NW_TREES,11.777,0.9139,12.89
delta,after,after the flood · Jul 2023,2023-07-03|2023-07-08|2023-07-28,0.979,MNDWI,2,−0.3–0,NW_TREES,1.063,0.0825,12.89
delta,after,after the flood · Jul 2023,2023-07-03|2023-07-08|2023-07-28,0.979,MNDWI,3,0–0.3,NW_TREES,0.034,0.0026,12.89
delta,after,after the flood · Jul 2023,2023-07-03|2023-07-08|2023-07-28,0.979,MNDWI,4,> 0.3,NW_TREES,0.012,0.0009,12.89
delta,after,after the flood · Jul 2023,2023-07-03|2023-07-08|2023-07-28,0.979,MNDWI,1,< −0.3,HIGH_REEDS,13.438,0.9798,13.72
delta,after,after the flood · Jul 2023,2023-07-03|2023-07-08|2023-07-28,0.979,MNDWI,2,−0.3–0,HIGH_REEDS,0.238,0.0174,13.72
delta,after,after the flood · Jul 2023,2023-07-03|2023-07-08|2023-07-28,0.979,MNDWI,3,0–0.3,HIGH_REEDS,0.038,0.0027,13.72
delta,after,after the flood · Jul 2023,2023-07-03|2023-07-08|2023-07-28,0.979,MNDWI,4,> 0.3,HIGH_REEDS,0.002,0.0001,13.72
delta,after,after the flood · Jul 2023,2023-07-03|2023-07-08|2023-07-28,0.979,MNDWI,1,< −0.3,OPEN_WATER,6.955,0.0359,193.56
delta,after,after the flood · Jul 2023,2023-07-03|2023-07-08|2023-07-28,0.979,MNDWI,2,−0.3–0,OPEN_WATER,13.346,0.0689,193.56
delta,after,after the flood · Jul 2023,2023-07-03|2023-07-08|2023-07-28,0.979,MNDWI,3,0–0.3,OPEN_WATER,51.246,0.2648,193.56
delta,after,after the flood · Jul 2023,2023-07-03|2023-07-08|2023-07-28,0.979,MNDWI,4,> 0.3,OPEN_WATER,122.014,0.6304,193.56
delta,after,after the flood · Jul 2023,2023-07-03|2023-07-08|2023-07-28,0.979,MNDWI,1,< −0.3,EVENT_REEDS,29.064,0.7752,37.49
delta,after,after the flood · Jul 2023,2023-07-03|2023-07-08|2023-07-28,0.979,MNDWI,2,−0.3–0,EVENT_REEDS,7.455,0.1989,37.49
delta,after,after the flood · Jul 2023,2023-07-03|2023-07-08|2023-07-28,0.979,MNDWI,3,0–0.3,EVENT_REEDS,0.813,0.0217,37.49
delta,after,after the flood · Jul 2023,2023-07-03|2023-07-08|2023-07-28,0.979,MNDWI,4,> 0.3,EVENT_REEDS,0.158,0.0042,37.49
delta,after,after the flood · Jul 2023,2023-07-03|2023-07-08|2023-07-28,0.979,MNDWI,1,< −0.3,DRY_LAND,1887.7,0.9953,1896.71
delta,after,after the flood · Jul 2023,2023-07-03|2023-07-08|2023-07-28,0.979,MNDWI,2,−0.3–0,DRY_LAND,8.72,0.0046,1896.71
delta,after,after the flood · Jul 2023,2023-07-03|2023-07-08|2023-07-28,0.979,MNDWI,3,0–0.3,DRY_LAND,0.283,0.0001,1896.71
delta,after,after the flood · Jul 2023,2023-07-03|2023-07-08|2023-07-28,0.979,MNDWI,4,> 0.3,DRY_LAND,0.002,0.0,1896.71
delta,after,after the flood · Jul 2023,2023-07-03|2023-07-08|2023-07-28,0.979,NDMI,1,< −0.1,ALL,1011.32,0.3761,2688.71
delta,after,after the flood · Jul 2023,2023-07-03|2023-07-08|2023-07-28,0.979,NDMI,2,−0.1–0.1,ALL,1057.261,0.3932,2688.71
delta,after,after the flood · Jul 2023,2023-07-03|2023-07-08|2023-07-28,0.979,NDMI,3,> 0.1,ALL,620.127,0.2306,2688.71
delta,after,after the flood · Jul 2023,2023-07-03|2023-07-08|2023-07-28,0.979,NDMI,1,< −0.1,NW_REEDS,52.95,0.4616,114.7
delta,after,after the flood · Jul 2023,2023-07-03|2023-07-08|2023-07-28,0.979,NDMI,2,−0.1–0.1,NW_REEDS,40.391,0.3521,114.7
delta,after,after the flood · Jul 2023,2023-07-03|2023-07-08|2023-07-28,0.979,NDMI,3,> 0.1,NW_REEDS,21.361,0.1862,114.7
delta,after,after the flood · Jul 2023,2023-07-03|2023-07-08|2023-07-28,0.979,NDMI,1,< −0.1,NW_TREES,2.04,0.1583,12.89
delta,after,after the flood · Jul 2023,2023-07-03|2023-07-08|2023-07-28,0.979,NDMI,2,−0.1–0.1,NW_TREES,4.158,0.3227,12.89
delta,after,after the flood · Jul 2023,2023-07-03|2023-07-08|2023-07-28,0.979,NDMI,3,> 0.1,NW_TREES,6.688,0.519,12.89
delta,after,after the flood · Jul 2023,2023-07-03|2023-07-08|2023-07-28,0.979,NDMI,1,< −0.1,HIGH_REEDS,1.524,0.1111,13.72
delta,after,after the flood · Jul 2023,2023-07-03|2023-07-08|2023-07-28,0.979,NDMI,2,−0.1–0.1,HIGH_REEDS,4.057,0.2958,13.72
delta,after,after the flood · Jul 2023,2023-07-03|2023-07-08|2023-07-28,0.979,NDMI,3,> 0.1,HIGH_REEDS,8.134,0.5931,13.72
delta,after,after the flood · Jul 2023,2023-07-03|2023-07-08|2023-07-28,0.979,NDMI,1,< −0.1,OPEN_WATER,6.248,0.0323,193.56
delta,after,after the flood · Jul 2023,2023-07-03|2023-07-08|2023-07-28,0.979,NDMI,2,−0.1–0.1,OPEN_WATER,35.664,0.1842,193.56
delta,after,after the flood · Jul 2023,2023-07-03|2023-07-08|2023-07-28,0.979,NDMI,3,> 0.1,OPEN_WATER,151.65,0.7835,193.56
delta,after,after the flood · Jul 2023,2023-07-03|2023-07-08|2023-07-28,0.979,NDMI,1,< −0.1,EVENT_REEDS,14.662,0.3911,37.49
delta,after,after the flood · Jul 2023,2023-07-03|2023-07-08|2023-07-28,0.979,NDMI,2,−0.1–0.1,EVENT_REEDS,14.751,0.3935,37.49
delta,after,after the flood · Jul 2023,2023-07-03|2023-07-08|2023-07-28,0.979,NDMI,3,> 0.1,EVENT_REEDS,8.077,0.2154,37.49
delta,after,after the flood · Jul 2023,2023-07-03|2023-07-08|2023-07-28,0.979,NDMI,1,< −0.1,DRY_LAND,860.043,0.4534,1896.71
delta,after,after the flood · Jul 2023,2023-07-03|2023-07-08|2023-07-28,0.979,NDMI,2,−0.1–0.1,DRY_LAND,742.928,0.3917,1896.71
delta,after,after the flood · Jul 2023,2023-07-03|2023-07-08|2023-07-28,0.979,NDMI,3,> 0.1,DRY_LAND,293.735,0.1549,1896.71
delta,after,after the flood · Jul 2023,2023-07-03|2023-07-08|2023-07-28,0.979,BSI,1,< −0.1,ALL,378.36,0.1407,2688.71
delta,after,after the flood · Jul 2023,2023-07-03|2023-07-08|2023-07-28,0.979,BSI,2,−0.1–0.1,ALL,1059.757,0.3942,2688.71
delta,after,after the flood · Jul 2023,2023-07-03|2023-07-08|2023-07-28,0.979,BSI,3,> 0.1,ALL,1250.59,0.4651,2688.71
delta,after,after the flood · Jul 2023,2023-07-03|2023-07-08|2023-07-28,0.979,BSI,1,< −0.1,NW_REEDS,15.38,0.1341,114.7
delta,after,after the flood · Jul 2023,2023-07-03|2023-07-08|2023-07-28,0.979,BSI,2,−0.1–0.1,NW_REEDS,41.413,0.361,114.7
delta,after,after the flood · Jul 2023,2023-07-03|2023-07-08|2023-07-28,0.979,BSI,3,> 0.1,NW_REEDS,57.909,0.5049,114.7
delta,after,after the flood · Jul 2023,2023-07-03|2023-07-08|2023-07-28,0.979,BSI,1,< −0.1,NW_TREES,5.75,0.4462,12.89
delta,after,after the flood · Jul 2023,2023-07-03|2023-07-08|2023-07-28,0.979,BSI,2,−0.1–0.1,NW_TREES,4.515,0.3504,12.89
delta,after,after the flood · Jul 2023,2023-07-03|2023-07-08|2023-07-28,0.979,BSI,3,> 0.1,NW_TREES,2.621,0.2034,12.89
delta,after,after the flood · Jul 2023,2023-07-03|2023-07-08|2023-07-28,0.979,BSI,1,< −0.1,HIGH_REEDS,6.81,0.4965,13.72
delta,after,after the flood · Jul 2023,2023-07-03|2023-07-08|2023-07-28,0.979,BSI,2,−0.1–0.1,HIGH_REEDS,5.008,0.3651,13.72
delta,after,after the flood · Jul 2023,2023-07-03|2023-07-08|2023-07-28,0.979,BSI,3,> 0.1,HIGH_REEDS,1.897,0.1383,13.72
delta,after,after the flood · Jul 2023,2023-07-03|2023-07-08|2023-07-28,0.979,BSI,1,< −0.1,OPEN_WATER,39.804,0.2056,193.56
delta,after,after the flood · Jul 2023,2023-07-03|2023-07-08|2023-07-28,0.979,BSI,2,−0.1–0.1,OPEN_WATER,148.969,0.7696,193.56
delta,after,after the flood · Jul 2023,2023-07-03|2023-07-08|2023-07-28,0.979,BSI,3,> 0.1,OPEN_WATER,4.789,0.0247,193.56
delta,after,after the flood · Jul 2023,2023-07-03|2023-07-08|2023-07-28,0.979,BSI,1,< −0.1,EVENT_REEDS,4.898,0.1306,37.49
delta,after,after the flood · Jul 2023,2023-07-03|2023-07-08|2023-07-28,0.979,BSI,2,−0.1–0.1,EVENT_REEDS,16.57,0.442,37.49
delta,after,after the flood · Jul 2023,2023-07-03|2023-07-08|2023-07-28,0.979,BSI,3,> 0.1,EVENT_REEDS,16.022,0.4274,37.49
delta,after,after the flood · Jul 2023,2023-07-03|2023-07-08|2023-07-28,0.979,BSI,1,< −0.1,DRY_LAND,214.618,0.1132,1896.71
delta,after,after the flood · Jul 2023,2023-07-03|2023-07-08|2023-07-28,0.979,BSI,2,−0.1–0.1,DRY_LAND,611.426,0.3224,1896.71
delta,after,after the flood · Jul 2023,2023-07-03|2023-07-08|2023-07-28,0.979,BSI,3,> 0.1,DRY_LAND,1070.661,0.5645,1896.71
delta,after,after the flood · Jul 2023,2023-07-03|2023-07-08|2023-07-28,0.979,AWEIsh,1,< −0.3,ALL,2385.084,0.8871,2688.71
delta,after,after the flood · Jul 2023,2023-07-03|2023-07-08|2023-07-28,0.979,AWEIsh,2,−0.3–0,ALL,124.508,0.0463,2688.71
delta,after,after the flood · Jul 2023,2023-07-03|2023-07-08|2023-07-28,0.979,AWEIsh,3,0–0.3,ALL,178.546,0.0664,2688.71
delta,after,after the flood · Jul 2023,2023-07-03|2023-07-08|2023-07-28,0.979,AWEIsh,4,> 0.3,ALL,0.571,0.0002,2688.71
delta,after,after the flood · Jul 2023,2023-07-03|2023-07-08|2023-07-28,0.979,AWEIsh,1,< −0.3,NW_REEDS,84.172,0.7338,114.7
delta,after,after the flood · Jul 2023,2023-07-03|2023-07-08|2023-07-28,0.979,AWEIsh,2,−0.3–0,NW_REEDS,28.82,0.2513,114.7
delta,after,after the flood · Jul 2023,2023-07-03|2023-07-08|2023-07-28,0.979,AWEIsh,3,0–0.3,NW_REEDS,1.709,0.0149,114.7
delta,after,after the flood · Jul 2023,2023-07-03|2023-07-08|2023-07-28,0.979,AWEIsh,4,> 0.3,NW_REEDS,0.0,0.0,114.7
delta,after,after the flood · Jul 2023,2023-07-03|2023-07-08|2023-07-28,0.979,AWEIsh,1,< −0.3,NW_TREES,9.894,0.7678,12.89
delta,after,after the flood · Jul 2023,2023-07-03|2023-07-08|2023-07-28,0.979,AWEIsh,2,−0.3–0,NW_TREES,2.936,0.2278,12.89
delta,after,after the flood · Jul 2023,2023-07-03|2023-07-08|2023-07-28,0.979,AWEIsh,3,0–0.3,NW_TREES,0.056,0.0044,12.89
delta,after,after the flood · Jul 2023,2023-07-03|2023-07-08|2023-07-28,0.979,AWEIsh,4,> 0.3,NW_TREES,0.0,0.0,12.89
delta,after,after the flood · Jul 2023,2023-07-03|2023-07-08|2023-07-28,0.979,AWEIsh,1,< −0.3,HIGH_REEDS,12.911,0.9414,13.72
delta,after,after the flood · Jul 2023,2023-07-03|2023-07-08|2023-07-28,0.979,AWEIsh,2,−0.3–0,HIGH_REEDS,0.774,0.0564,13.72
delta,after,after the flood · Jul 2023,2023-07-03|2023-07-08|2023-07-28,0.979,AWEIsh,3,0–0.3,HIGH_REEDS,0.03,0.0022,13.72
delta,after,after the flood · Jul 2023,2023-07-03|2023-07-08|2023-07-28,0.979,AWEIsh,4,> 0.3,HIGH_REEDS,0.0,0.0,13.72
delta,after,after the flood · Jul 2023,2023-07-03|2023-07-08|2023-07-28,0.979,AWEIsh,1,< −0.3,OPEN_WATER,5.926,0.0306,193.56
delta,after,after the flood · Jul 2023,2023-07-03|2023-07-08|2023-07-28,0.979,AWEIsh,2,−0.3–0,OPEN_WATER,15.939,0.0823,193.56
delta,after,after the flood · Jul 2023,2023-07-03|2023-07-08|2023-07-28,0.979,AWEIsh,3,0–0.3,OPEN_WATER,171.234,0.8847,193.56
delta,after,after the flood · Jul 2023,2023-07-03|2023-07-08|2023-07-28,0.979,AWEIsh,4,> 0.3,OPEN_WATER,0.462,0.0024,193.56
delta,after,after the flood · Jul 2023,2023-07-03|2023-07-08|2023-07-28,0.979,AWEIsh,1,< −0.3,EVENT_REEDS,18.524,0.4941,37.49
delta,after,after the flood · Jul 2023,2023-07-03|2023-07-08|2023-07-28,0.979,AWEIsh,2,−0.3–0,EVENT_REEDS,18.092,0.4826,37.49
delta,after,after the flood · Jul 2023,2023-07-03|2023-07-08|2023-07-28,0.979,AWEIsh,3,0–0.3,EVENT_REEDS,0.874,0.0233,37.49
delta,after,after the flood · Jul 2023,2023-07-03|2023-07-08|2023-07-28,0.979,AWEIsh,4,> 0.3,EVENT_REEDS,0.0,0.0,37.49
delta,after,after the flood · Jul 2023,2023-07-03|2023-07-08|2023-07-28,0.979,AWEIsh,1,< −0.3,DRY_LAND,1885.791,0.9942,1896.71
delta,after,after the flood · Jul 2023,2023-07-03|2023-07-08|2023-07-28,0.979,AWEIsh,2,−0.3–0,DRY_LAND,10.569,0.0056,1896.71
delta,after,after the flood · Jul 2023,2023-07-03|2023-07-08|2023-07-28,0.979,AWEIsh,3,0–0.3,DRY_LAND,0.344,0.0002,1896.71
delta,after,after the flood · Jul 2023,2023-07-03|2023-07-08|2023-07-28,0.979,AWEIsh,4,> 0.3,DRY_LAND,0.0,0.0,1896.71
delta,after,after the flood · Jul 2023,2023-07-03|2023-07-08|2023-07-28,0.979,NDTI,1,< −0.1,ALL,415.649,0.1546,2688.71
delta,after,after the flood · Jul 2023,2023-07-03|2023-07-08|2023-07-28,0.979,NDTI,2,−0.1–0.1,ALL,1589.813,0.5913,2688.71
delta,after,after the flood · Jul 2023,2023-07-03|2023-07-08|2023-07-28,0.979,NDTI,3,> 0.1,ALL,683.246,0.2541,2688.71
delta,after,after the flood · Jul 2023,2023-07-03|2023-07-08|2023-07-28,0.979,NDTI,1,< −0.1,NW_REEDS,19.69,0.1717,114.7
delta,after,after the flood · Jul 2023,2023-07-03|2023-07-08|2023-07-28,0.979,NDTI,2,−0.1–0.1,NW_REEDS,73.843,0.6438,114.7
delta,after,after the flood · Jul 2023,2023-07-03|2023-07-08|2023-07-28,0.979,NDTI,3,> 0.1,NW_REEDS,21.168,0.1845,114.7
delta,after,after the flood · Jul 2023,2023-07-03|2023-07-08|2023-07-28,0.979,NDTI,1,< −0.1,NW_TREES,5.532,0.4293,12.89
delta,after,after the flood · Jul 2023,2023-07-03|2023-07-08|2023-07-28,0.979,NDTI,2,−0.1–0.1,NW_TREES,7.119,0.5525,12.89
delta,after,after the flood · Jul 2023,2023-07-03|2023-07-08|2023-07-28,0.979,NDTI,3,> 0.1,NW_TREES,0.235,0.0183,12.89
delta,after,after the flood · Jul 2023,2023-07-03|2023-07-08|2023-07-28,0.979,NDTI,1,< −0.1,HIGH_REEDS,7.506,0.5473,13.72
delta,after,after the flood · Jul 2023,2023-07-03|2023-07-08|2023-07-28,0.979,NDTI,2,−0.1–0.1,HIGH_REEDS,5.862,0.4274,13.72
delta,after,after the flood · Jul 2023,2023-07-03|2023-07-08|2023-07-28,0.979,NDTI,3,> 0.1,HIGH_REEDS,0.348,0.0253,13.72
delta,after,after the flood · Jul 2023,2023-07-03|2023-07-08|2023-07-28,0.979,NDTI,1,< −0.1,OPEN_WATER,56.385,0.2913,193.56
delta,after,after the flood · Jul 2023,2023-07-03|2023-07-08|2023-07-28,0.979,NDTI,2,−0.1–0.1,OPEN_WATER,136.93,0.7074,193.56
delta,after,after the flood · Jul 2023,2023-07-03|2023-07-08|2023-07-28,0.979,NDTI,3,> 0.1,OPEN_WATER,0.246,0.0013,193.56
delta,after,after the flood · Jul 2023,2023-07-03|2023-07-08|2023-07-28,0.979,NDTI,1,< −0.1,EVENT_REEDS,4.213,0.1124,37.49
delta,after,after the flood · Jul 2023,2023-07-03|2023-07-08|2023-07-28,0.979,NDTI,2,−0.1–0.1,EVENT_REEDS,27.294,0.728,37.49
delta,after,after the flood · Jul 2023,2023-07-03|2023-07-08|2023-07-28,0.979,NDTI,3,> 0.1,EVENT_REEDS,5.984,0.1596,37.49
delta,after,after the flood · Jul 2023,2023-07-03|2023-07-08|2023-07-28,0.979,NDTI,1,< −0.1,DRY_LAND,231.225,0.1219,1896.71
delta,after,after the flood · Jul 2023,2023-07-03|2023-07-08|2023-07-28,0.979,NDTI,2,−0.1–0.1,DRY_LAND,1033.262,0.5448,1896.71
delta,after,after the flood · Jul 2023,2023-07-03|2023-07-08|2023-07-28,0.979,NDTI,3,> 0.1,DRY_LAND,632.219,0.3333,1896.71
floodway,before,normal year · 25 May – 30 Jun 2022,2022-05-31|2022-06-03|2022-06-13|2022-06-15|2022-06-20,1.0,NDVI,1,< 0.15,ALL,145.633,0.0419,3474.92
floodway,before,normal year · 25 May – 30 Jun 2022,2022-05-31|2022-06-03|2022-06-13|2022-06-15|2022-06-20,1.0,NDVI,2,0.15–0.3,ALL,589.016,0.1695,3474.92
floodway,before,normal year · 25 May – 30 Jun 2022,2022-05-31|2022-06-03|2022-06-13|2022-06-15|2022-06-20,1.0,NDVI,3,0.3–0.5,ALL,1047.456,0.3014,3474.92
floodway,before,normal year · 25 May – 30 Jun 2022,2022-05-31|2022-06-03|2022-06-13|2022-06-15|2022-06-20,1.0,NDVI,4,> 0.5,ALL,1692.813,0.4872,3474.92
floodway,before,normal year · 25 May – 30 Jun 2022,2022-05-31|2022-06-03|2022-06-13|2022-06-15|2022-06-20,1.0,NDVI,1,< 0.15,NW_REEDS,0.032,0.0003,98.59
floodway,before,normal year · 25 May – 30 Jun 2022,2022-05-31|2022-06-03|2022-06-13|2022-06-15|2022-06-20,1.0,NDVI,2,0.15–0.3,NW_REEDS,0.258,0.0026,98.59
floodway,before,normal year · 25 May – 30 Jun 2022,2022-05-31|2022-06-03|2022-06-13|2022-06-15|2022-06-20,1.0,NDVI,3,0.3–0.5,NW_REEDS,4.478,0.0454,98.59
floodway,before,normal year · 25 May – 30 Jun 2022,2022-05-31|2022-06-03|2022-06-13|2022-06-15|2022-06-20,1.0,NDVI,4,> 0.5,NW_REEDS,93.826,0.9516,98.59
floodway,before,normal year · 25 May – 30 Jun 2022,2022-05-31|2022-06-03|2022-06-13|2022-06-15|2022-06-20,1.0,NDVI,1,< 0.15,NW_TREES,0.001,0.0,48.19
floodway,before,normal year · 25 May – 30 Jun 2022,2022-05-31|2022-06-03|2022-06-13|2022-06-15|2022-06-20,1.0,NDVI,2,0.15–0.3,NW_TREES,0.01,0.0002,48.19
floodway,before,normal year · 25 May – 30 Jun 2022,2022-05-31|2022-06-03|2022-06-13|2022-06-15|2022-06-20,1.0,NDVI,3,0.3–0.5,NW_TREES,0.2,0.0042,48.19
floodway,before,normal year · 25 May – 30 Jun 2022,2022-05-31|2022-06-03|2022-06-13|2022-06-15|2022-06-20,1.0,NDVI,4,> 0.5,NW_TREES,47.982,0.9956,48.19
floodway,before,normal year · 25 May – 30 Jun 2022,2022-05-31|2022-06-03|2022-06-13|2022-06-15|2022-06-20,1.0,NDVI,1,< 0.15,HIGH_REEDS,0.018,0.0019,9.89
floodway,before,normal year · 25 May – 30 Jun 2022,2022-05-31|2022-06-03|2022-06-13|2022-06-15|2022-06-20,1.0,NDVI,2,0.15–0.3,HIGH_REEDS,0.086,0.0087,9.89
floodway,before,normal year · 25 May – 30 Jun 2022,2022-05-31|2022-06-03|2022-06-13|2022-06-15|2022-06-20,1.0,NDVI,3,0.3–0.5,HIGH_REEDS,0.891,0.0901,9.89
floodway,before,normal year · 25 May – 30 Jun 2022,2022-05-31|2022-06-03|2022-06-13|2022-06-15|2022-06-20,1.0,NDVI,4,> 0.5,HIGH_REEDS,8.892,0.8993,9.89
floodway,before,normal year · 25 May – 30 Jun 2022,2022-05-31|2022-06-03|2022-06-13|2022-06-15|2022-06-20,1.0,NDVI,1,< 0.15,OPEN_WATER,53.776,0.7771,69.2
floodway,before,normal year · 25 May – 30 Jun 2022,2022-05-31|2022-06-03|2022-06-13|2022-06-15|2022-06-20,1.0,NDVI,2,0.15–0.3,OPEN_WATER,5.316,0.0768,69.2
floodway,before,normal year · 25 May – 30 Jun 2022,2022-05-31|2022-06-03|2022-06-13|2022-06-15|2022-06-20,1.0,NDVI,3,0.3–0.5,OPEN_WATER,5.533,0.08,69.2
floodway,before,normal year · 25 May – 30 Jun 2022,2022-05-31|2022-06-03|2022-06-13|2022-06-15|2022-06-20,1.0,NDVI,4,> 0.5,OPEN_WATER,4.573,0.0661,69.2
floodway,before,normal year · 25 May – 30 Jun 2022,2022-05-31|2022-06-03|2022-06-13|2022-06-15|2022-06-20,1.0,NDVI,1,< 0.15,EVENT_REEDS,0.084,0.0065,12.86
floodway,before,normal year · 25 May – 30 Jun 2022,2022-05-31|2022-06-03|2022-06-13|2022-06-15|2022-06-20,1.0,NDVI,2,0.15–0.3,EVENT_REEDS,0.128,0.0099,12.86
floodway,before,normal year · 25 May – 30 Jun 2022,2022-05-31|2022-06-03|2022-06-13|2022-06-15|2022-06-20,1.0,NDVI,3,0.3–0.5,EVENT_REEDS,1.227,0.0954,12.86
floodway,before,normal year · 25 May – 30 Jun 2022,2022-05-31|2022-06-03|2022-06-13|2022-06-15|2022-06-20,1.0,NDVI,4,> 0.5,EVENT_REEDS,11.426,0.8882,12.86
floodway,before,normal year · 25 May – 30 Jun 2022,2022-05-31|2022-06-03|2022-06-13|2022-06-15|2022-06-20,1.0,NDVI,1,< 0.15,DRY_LAND,30.604,0.0124,2458.32
floodway,before,normal year · 25 May – 30 Jun 2022,2022-05-31|2022-06-03|2022-06-13|2022-06-15|2022-06-20,1.0,NDVI,2,0.15–0.3,DRY_LAND,493.09,0.2006,2458.32
floodway,before,normal year · 25 May – 30 Jun 2022,2022-05-31|2022-06-03|2022-06-13|2022-06-15|2022-06-20,1.0,NDVI,3,0.3–0.5,DRY_LAND,840.098,0.3417,2458.32
floodway,before,normal year · 25 May – 30 Jun 2022,2022-05-31|2022-06-03|2022-06-13|2022-06-15|2022-06-20,1.0,NDVI,4,> 0.5,DRY_LAND,1094.53,0.4452,2458.32
floodway,before,normal year · 25 May – 30 Jun 2022,2022-05-31|2022-06-03|2022-06-13|2022-06-15|2022-06-20,1.0,NDWI,1,< −0.3,ALL,3204.537,0.9222,3474.92
floodway,before,normal year · 25 May – 30 Jun 2022,2022-05-31|2022-06-03|2022-06-13|2022-06-15|2022-06-20,1.0,NDWI,2,−0.3–0,ALL,212.996,0.0613,3474.92
floodway,before,normal year · 25 May – 30 Jun 2022,2022-05-31|2022-06-03|2022-06-13|2022-06-15|2022-06-20,1.0,NDWI,3,0–0.3,ALL,46.978,0.0135,3474.92
floodway,before,normal year · 25 May – 30 Jun 2022,2022-05-31|2022-06-03|2022-06-13|2022-06-15|2022-06-20,1.0,NDWI,4,> 0.3,ALL,10.406,0.003,3474.92
floodway,before,normal year · 25 May – 30 Jun 2022,2022-05-31|2022-06-03|2022-06-13|2022-06-15|2022-06-20,1.0,NDWI,1,< −0.3,NW_REEDS,98.146,0.9955,98.59
floodway,before,normal year · 25 May – 30 Jun 2022,2022-05-31|2022-06-03|2022-06-13|2022-06-15|2022-06-20,1.0,NDWI,2,−0.3–0,NW_REEDS,0.434,0.0044,98.59
floodway,before,normal year · 25 May – 30 Jun 2022,2022-05-31|2022-06-03|2022-06-13|2022-06-15|2022-06-20,1.0,NDWI,3,0–0.3,NW_REEDS,0.015,0.0002,98.59
floodway,before,normal year · 25 May – 30 Jun 2022,2022-05-31|2022-06-03|2022-06-13|2022-06-15|2022-06-20,1.0,NDWI,4,> 0.3,NW_REEDS,0.0,0.0,98.59
floodway,before,normal year · 25 May – 30 Jun 2022,2022-05-31|2022-06-03|2022-06-13|2022-06-15|2022-06-20,1.0,NDWI,1,< −0.3,NW_TREES,48.186,0.9998,48.19
floodway,before,normal year · 25 May – 30 Jun 2022,2022-05-31|2022-06-03|2022-06-13|2022-06-15|2022-06-20,1.0,NDWI,2,−0.3–0,NW_TREES,0.008,0.0002,48.19
floodway,before,normal year · 25 May – 30 Jun 2022,2022-05-31|2022-06-03|2022-06-13|2022-06-15|2022-06-20,1.0,NDWI,3,0–0.3,NW_TREES,0.0,0.0,48.19
floodway,before,normal year · 25 May – 30 Jun 2022,2022-05-31|2022-06-03|2022-06-13|2022-06-15|2022-06-20,1.0,NDWI,4,> 0.3,NW_TREES,0.0,0.0,48.19
floodway,before,normal year · 25 May – 30 Jun 2022,2022-05-31|2022-06-03|2022-06-13|2022-06-15|2022-06-20,1.0,NDWI,1,< −0.3,HIGH_REEDS,9.826,0.9938,9.89
floodway,before,normal year · 25 May – 30 Jun 2022,2022-05-31|2022-06-03|2022-06-13|2022-06-15|2022-06-20,1.0,NDWI,2,−0.3–0,HIGH_REEDS,0.056,0.0056,9.89
floodway,before,normal year · 25 May – 30 Jun 2022,2022-05-31|2022-06-03|2022-06-13|2022-06-15|2022-06-20,1.0,NDWI,3,0–0.3,HIGH_REEDS,0.005,0.0005,9.89
floodway,before,normal year · 25 May – 30 Jun 2022,2022-05-31|2022-06-03|2022-06-13|2022-06-15|2022-06-20,1.0,NDWI,4,> 0.3,HIGH_REEDS,0.0,0.0,9.89
floodway,before,normal year · 25 May – 30 Jun 2022,2022-05-31|2022-06-03|2022-06-13|2022-06-15|2022-06-20,1.0,NDWI,1,< −0.3,OPEN_WATER,8.35,0.1207,69.2
floodway,before,normal year · 25 May – 30 Jun 2022,2022-05-31|2022-06-03|2022-06-13|2022-06-15|2022-06-20,1.0,NDWI,2,−0.3–0,OPEN_WATER,7.02,0.1014,69.2
floodway,before,normal year · 25 May – 30 Jun 2022,2022-05-31|2022-06-03|2022-06-13|2022-06-15|2022-06-20,1.0,NDWI,3,0–0.3,OPEN_WATER,43.746,0.6322,69.2
floodway,before,normal year · 25 May – 30 Jun 2022,2022-05-31|2022-06-03|2022-06-13|2022-06-15|2022-06-20,1.0,NDWI,4,> 0.3,OPEN_WATER,10.083,0.1457,69.2
floodway,before,normal year · 25 May – 30 Jun 2022,2022-05-31|2022-06-03|2022-06-13|2022-06-15|2022-06-20,1.0,NDWI,1,< −0.3,EVENT_REEDS,12.68,0.9858,12.86
floodway,before,normal year · 25 May – 30 Jun 2022,2022-05-31|2022-06-03|2022-06-13|2022-06-15|2022-06-20,1.0,NDWI,2,−0.3–0,EVENT_REEDS,0.162,0.0126,12.86
floodway,before,normal year · 25 May – 30 Jun 2022,2022-05-31|2022-06-03|2022-06-13|2022-06-15|2022-06-20,1.0,NDWI,3,0–0.3,EVENT_REEDS,0.021,0.0016,12.86
floodway,before,normal year · 25 May – 30 Jun 2022,2022-05-31|2022-06-03|2022-06-13|2022-06-15|2022-06-20,1.0,NDWI,4,> 0.3,EVENT_REEDS,0.0,0.0,12.86
floodway,before,normal year · 25 May – 30 Jun 2022,2022-05-31|2022-06-03|2022-06-13|2022-06-15|2022-06-20,1.0,NDWI,1,< −0.3,DRY_LAND,2337.835,0.951,2458.32
floodway,before,normal year · 25 May – 30 Jun 2022,2022-05-31|2022-06-03|2022-06-13|2022-06-15|2022-06-20,1.0,NDWI,2,−0.3–0,DRY_LAND,120.475,0.049,2458.32
floodway,before,normal year · 25 May – 30 Jun 2022,2022-05-31|2022-06-03|2022-06-13|2022-06-15|2022-06-20,1.0,NDWI,3,0–0.3,DRY_LAND,0.01,0.0,2458.32
floodway,before,normal year · 25 May – 30 Jun 2022,2022-05-31|2022-06-03|2022-06-13|2022-06-15|2022-06-20,1.0,NDWI,4,> 0.3,DRY_LAND,0.001,0.0,2458.32
floodway,before,normal year · 25 May – 30 Jun 2022,2022-05-31|2022-06-03|2022-06-13|2022-06-15|2022-06-20,1.0,MNDWI,1,< −0.3,ALL,3298.275,0.9492,3474.92
floodway,before,normal year · 25 May – 30 Jun 2022,2022-05-31|2022-06-03|2022-06-13|2022-06-15|2022-06-20,1.0,MNDWI,2,−0.3–0,ALL,125.463,0.0361,3474.92
floodway,before,normal year · 25 May – 30 Jun 2022,2022-05-31|2022-06-03|2022-06-13|2022-06-15|2022-06-20,1.0,MNDWI,3,0–0.3,ALL,48.803,0.014,3474.92
floodway,before,normal year · 25 May – 30 Jun 2022,2022-05-31|2022-06-03|2022-06-13|2022-06-15|2022-06-20,1.0,MNDWI,4,> 0.3,ALL,2.377,0.0007,3474.92
floodway,before,normal year · 25 May – 30 Jun 2022,2022-05-31|2022-06-03|2022-06-13|2022-06-15|2022-06-20,1.0,MNDWI,1,< −0.3,NW_REEDS,93.775,0.9511,98.59
floodway,before,normal year · 25 May – 30 Jun 2022,2022-05-31|2022-06-03|2022-06-13|2022-06-15|2022-06-20,1.0,MNDWI,2,−0.3–0,NW_REEDS,4.012,0.0407,98.59
floodway,before,normal year · 25 May – 30 Jun 2022,2022-05-31|2022-06-03|2022-06-13|2022-06-15|2022-06-20,1.0,MNDWI,3,0–0.3,NW_REEDS,0.762,0.0077,98.59
floodway,before,normal year · 25 May – 30 Jun 2022,2022-05-31|2022-06-03|2022-06-13|2022-06-15|2022-06-20,1.0,MNDWI,4,> 0.3,NW_REEDS,0.044,0.0005,98.59
floodway,before,normal year · 25 May – 30 Jun 2022,2022-05-31|2022-06-03|2022-06-13|2022-06-15|2022-06-20,1.0,MNDWI,1,< −0.3,NW_TREES,48.036,0.9967,48.19
floodway,before,normal year · 25 May – 30 Jun 2022,2022-05-31|2022-06-03|2022-06-13|2022-06-15|2022-06-20,1.0,MNDWI,2,−0.3–0,NW_TREES,0.156,0.0032,48.19
floodway,before,normal year · 25 May – 30 Jun 2022,2022-05-31|2022-06-03|2022-06-13|2022-06-15|2022-06-20,1.0,MNDWI,3,0–0.3,NW_TREES,0.001,0.0,48.19
floodway,before,normal year · 25 May – 30 Jun 2022,2022-05-31|2022-06-03|2022-06-13|2022-06-15|2022-06-20,1.0,MNDWI,4,> 0.3,NW_TREES,0.0,0.0,48.19
floodway,before,normal year · 25 May – 30 Jun 2022,2022-05-31|2022-06-03|2022-06-13|2022-06-15|2022-06-20,1.0,MNDWI,1,< −0.3,HIGH_REEDS,9.804,0.9916,9.89
floodway,before,normal year · 25 May – 30 Jun 2022,2022-05-31|2022-06-03|2022-06-13|2022-06-15|2022-06-20,1.0,MNDWI,2,−0.3–0,HIGH_REEDS,0.073,0.0074,9.89
floodway,before,normal year · 25 May – 30 Jun 2022,2022-05-31|2022-06-03|2022-06-13|2022-06-15|2022-06-20,1.0,MNDWI,3,0–0.3,HIGH_REEDS,0.01,0.001,9.89
floodway,before,normal year · 25 May – 30 Jun 2022,2022-05-31|2022-06-03|2022-06-13|2022-06-15|2022-06-20,1.0,MNDWI,4,> 0.3,HIGH_REEDS,0.0,0.0,9.89
floodway,before,normal year · 25 May – 30 Jun 2022,2022-05-31|2022-06-03|2022-06-13|2022-06-15|2022-06-20,1.0,MNDWI,1,< −0.3,OPEN_WATER,10.499,0.1517,69.2
floodway,before,normal year · 25 May – 30 Jun 2022,2022-05-31|2022-06-03|2022-06-13|2022-06-15|2022-06-20,1.0,MNDWI,2,−0.3–0,OPEN_WATER,10.607,0.1533,69.2
floodway,before,normal year · 25 May – 30 Jun 2022,2022-05-31|2022-06-03|2022-06-13|2022-06-15|2022-06-20,1.0,MNDWI,3,0–0.3,OPEN_WATER,45.792,0.6617,69.2
floodway,before,normal year · 25 May – 30 Jun 2022,2022-05-31|2022-06-03|2022-06-13|2022-06-15|2022-06-20,1.0,MNDWI,4,> 0.3,OPEN_WATER,2.3,0.0332,69.2
floodway,before,normal year · 25 May – 30 Jun 2022,2022-05-31|2022-06-03|2022-06-13|2022-06-15|2022-06-20,1.0,MNDWI,1,< −0.3,EVENT_REEDS,12.423,0.9658,12.86
floodway,before,normal year · 25 May – 30 Jun 2022,2022-05-31|2022-06-03|2022-06-13|2022-06-15|2022-06-20,1.0,MNDWI,2,−0.3–0,EVENT_REEDS,0.408,0.0317,12.86
floodway,before,normal year · 25 May – 30 Jun 2022,2022-05-31|2022-06-03|2022-06-13|2022-06-15|2022-06-20,1.0,MNDWI,3,0–0.3,EVENT_REEDS,0.028,0.0021,12.86
floodway,before,normal year · 25 May – 30 Jun 2022,2022-05-31|2022-06-03|2022-06-13|2022-06-15|2022-06-20,1.0,MNDWI,4,> 0.3,EVENT_REEDS,0.005,0.0004,12.86
floodway,before,normal year · 25 May – 30 Jun 2022,2022-05-31|2022-06-03|2022-06-13|2022-06-15|2022-06-20,1.0,MNDWI,1,< −0.3,DRY_LAND,2378.014,0.9673,2458.32
floodway,before,normal year · 25 May – 30 Jun 2022,2022-05-31|2022-06-03|2022-06-13|2022-06-15|2022-06-20,1.0,MNDWI,2,−0.3–0,DRY_LAND,80.102,0.0326,2458.32
floodway,before,normal year · 25 May – 30 Jun 2022,2022-05-31|2022-06-03|2022-06-13|2022-06-15|2022-06-20,1.0,MNDWI,3,0–0.3,DRY_LAND,0.205,0.0001,2458.32
floodway,before,normal year · 25 May – 30 Jun 2022,2022-05-31|2022-06-03|2022-06-13|2022-06-15|2022-06-20,1.0,MNDWI,4,> 0.3,DRY_LAND,0.0,0.0,2458.32
floodway,before,normal year · 25 May – 30 Jun 2022,2022-05-31|2022-06-03|2022-06-13|2022-06-15|2022-06-20,1.0,NDMI,1,< −0.1,ALL,922.818,0.2656,3474.92
floodway,before,normal year · 25 May – 30 Jun 2022,2022-05-31|2022-06-03|2022-06-13|2022-06-15|2022-06-20,1.0,NDMI,2,−0.1–0.1,ALL,1325.828,0.3815,3474.92
floodway,before,normal year · 25 May – 30 Jun 2022,2022-05-31|2022-06-03|2022-06-13|2022-06-15|2022-06-20,1.0,NDMI,3,> 0.1,ALL,1226.272,0.3529,3474.92
floodway,before,normal year · 25 May – 30 Jun 2022,2022-05-31|2022-06-03|2022-06-13|2022-06-15|2022-06-20,1.0,NDMI,1,< −0.1,NW_REEDS,0.836,0.0085,98.59
floodway,before,normal year · 25 May – 30 Jun 2022,2022-05-31|2022-06-03|2022-06-13|2022-06-15|2022-06-20,1.0,NDMI,2,−0.1–0.1,NW_REEDS,9.02,0.0915,98.59
floodway,before,normal year · 25 May – 30 Jun 2022,2022-05-31|2022-06-03|2022-06-13|2022-06-15|2022-06-20,1.0,NDMI,3,> 0.1,NW_REEDS,88.738,0.9,98.59
floodway,before,normal year · 25 May – 30 Jun 2022,2022-05-31|2022-06-03|2022-06-13|2022-06-15|2022-06-20,1.0,NDMI,1,< −0.1,NW_TREES,0.031,0.0006,48.19
floodway,before,normal year · 25 May – 30 Jun 2022,2022-05-31|2022-06-03|2022-06-13|2022-06-15|2022-06-20,1.0,NDMI,2,−0.1–0.1,NW_TREES,0.398,0.0083,48.19
floodway,before,normal year · 25 May – 30 Jun 2022,2022-05-31|2022-06-03|2022-06-13|2022-06-15|2022-06-20,1.0,NDMI,3,> 0.1,NW_TREES,47.765,0.9911,48.19
floodway,before,normal year · 25 May – 30 Jun 2022,2022-05-31|2022-06-03|2022-06-13|2022-06-15|2022-06-20,1.0,NDMI,1,< −0.1,HIGH_REEDS,0.695,0.0703,9.89
floodway,before,normal year · 25 May – 30 Jun 2022,2022-05-31|2022-06-03|2022-06-13|2022-06-15|2022-06-20,1.0,NDMI,2,−0.1–0.1,HIGH_REEDS,2.48,0.2508,9.89
floodway,before,normal year · 25 May – 30 Jun 2022,2022-05-31|2022-06-03|2022-06-13|2022-06-15|2022-06-20,1.0,NDMI,3,> 0.1,HIGH_REEDS,6.713,0.6789,9.89
floodway,before,normal year · 25 May – 30 Jun 2022,2022-05-31|2022-06-03|2022-06-13|2022-06-15|2022-06-20,1.0,NDMI,1,< −0.1,OPEN_WATER,18.607,0.2689,69.2
floodway,before,normal year · 25 May – 30 Jun 2022,2022-05-31|2022-06-03|2022-06-13|2022-06-15|2022-06-20,1.0,NDMI,2,−0.1–0.1,OPEN_WATER,44.151,0.638,69.2
floodway,before,normal year · 25 May – 30 Jun 2022,2022-05-31|2022-06-03|2022-06-13|2022-06-15|2022-06-20,1.0,NDMI,3,> 0.1,OPEN_WATER,6.44,0.0931,69.2
floodway,before,normal year · 25 May – 30 Jun 2022,2022-05-31|2022-06-03|2022-06-13|2022-06-15|2022-06-20,1.0,NDMI,1,< −0.1,EVENT_REEDS,0.545,0.0424,12.86
floodway,before,normal year · 25 May – 30 Jun 2022,2022-05-31|2022-06-03|2022-06-13|2022-06-15|2022-06-20,1.0,NDMI,2,−0.1–0.1,EVENT_REEDS,2.83,0.22,12.86
floodway,before,normal year · 25 May – 30 Jun 2022,2022-05-31|2022-06-03|2022-06-13|2022-06-15|2022-06-20,1.0,NDMI,3,> 0.1,EVENT_REEDS,9.488,0.7376,12.86
floodway,before,normal year · 25 May – 30 Jun 2022,2022-05-31|2022-06-03|2022-06-13|2022-06-15|2022-06-20,1.0,NDMI,1,< −0.1,DRY_LAND,703.344,0.2861,2458.32
floodway,before,normal year · 25 May – 30 Jun 2022,2022-05-31|2022-06-03|2022-06-13|2022-06-15|2022-06-20,1.0,NDMI,2,−0.1–0.1,DRY_LAND,982.511,0.3997,2458.32
floodway,before,normal year · 25 May – 30 Jun 2022,2022-05-31|2022-06-03|2022-06-13|2022-06-15|2022-06-20,1.0,NDMI,3,> 0.1,DRY_LAND,772.467,0.3142,2458.32
floodway,before,normal year · 25 May – 30 Jun 2022,2022-05-31|2022-06-03|2022-06-13|2022-06-15|2022-06-20,1.0,BSI,1,< −0.1,ALL,876.089,0.2521,3474.92
floodway,before,normal year · 25 May – 30 Jun 2022,2022-05-31|2022-06-03|2022-06-13|2022-06-15|2022-06-20,1.0,BSI,2,−0.1–0.1,ALL,1342.522,0.3863,3474.92
floodway,before,normal year · 25 May – 30 Jun 2022,2022-05-31|2022-06-03|2022-06-13|2022-06-15|2022-06-20,1.0,BSI,3,> 0.1,ALL,1256.307,0.3615,3474.92
floodway,before,normal year · 25 May – 30 Jun 2022,2022-05-31|2022-06-03|2022-06-13|2022-06-15|2022-06-20,1.0,BSI,1,< −0.1,NW_REEDS,78.882,0.8001,98.59
floodway,before,normal year · 25 May – 30 Jun 2022,2022-05-31|2022-06-03|2022-06-13|2022-06-15|2022-06-20,1.0,BSI,2,−0.1–0.1,NW_REEDS,18.609,0.1887,98.59
floodway,before,normal year · 25 May – 30 Jun 2022,2022-05-31|2022-06-03|2022-06-13|2022-06-15|2022-06-20,1.0,BSI,3,> 0.1,NW_REEDS,1.103,0.0112,98.59
floodway,before,normal year · 25 May – 30 Jun 2022,2022-05-31|2022-06-03|2022-06-13|2022-06-15|2022-06-20,1.0,BSI,1,< −0.1,NW_TREES,47.211,0.9796,48.19
floodway,before,normal year · 25 May – 30 Jun 2022,2022-05-31|2022-06-03|2022-06-13|2022-06-15|2022-06-20,1.0,BSI,2,−0.1–0.1,NW_TREES,0.945,0.0196,48.19
floodway,before,normal year · 25 May – 30 Jun 2022,2022-05-31|2022-06-03|2022-06-13|2022-06-15|2022-06-20,1.0,BSI,3,> 0.1,NW_TREES,0.038,0.0008,48.19
floodway,before,normal year · 25 May – 30 Jun 2022,2022-05-31|2022-06-03|2022-06-13|2022-06-15|2022-06-20,1.0,BSI,1,< −0.1,HIGH_REEDS,5.895,0.5962,9.89
floodway,before,normal year · 25 May – 30 Jun 2022,2022-05-31|2022-06-03|2022-06-13|2022-06-15|2022-06-20,1.0,BSI,2,−0.1–0.1,HIGH_REEDS,3.047,0.3082,9.89
floodway,before,normal year · 25 May – 30 Jun 2022,2022-05-31|2022-06-03|2022-06-13|2022-06-15|2022-06-20,1.0,BSI,3,> 0.1,HIGH_REEDS,0.945,0.0956,9.89
floodway,before,normal year · 25 May – 30 Jun 2022,2022-05-31|2022-06-03|2022-06-13|2022-06-15|2022-06-20,1.0,BSI,1,< −0.1,OPEN_WATER,4.005,0.0579,69.2
floodway,before,normal year · 25 May – 30 Jun 2022,2022-05-31|2022-06-03|2022-06-13|2022-06-15|2022-06-20,1.0,BSI,2,−0.1–0.1,OPEN_WATER,43.351,0.6265,69.2
floodway,before,normal year · 25 May – 30 Jun 2022,2022-05-31|2022-06-03|2022-06-13|2022-06-15|2022-06-20,1.0,BSI,3,> 0.1,OPEN_WATER,21.842,0.3156,69.2
floodway,before,normal year · 25 May – 30 Jun 2022,2022-05-31|2022-06-03|2022-06-13|2022-06-15|2022-06-20,1.0,BSI,1,< −0.1,EVENT_REEDS,8.111,0.6305,12.86
floodway,before,normal year · 25 May – 30 Jun 2022,2022-05-31|2022-06-03|2022-06-13|2022-06-15|2022-06-20,1.0,BSI,2,−0.1–0.1,EVENT_REEDS,3.925,0.3051,12.86
floodway,before,normal year · 25 May – 30 Jun 2022,2022-05-31|2022-06-03|2022-06-13|2022-06-15|2022-06-20,1.0,BSI,3,> 0.1,EVENT_REEDS,0.828,0.0644,12.86
floodway,before,normal year · 25 May – 30 Jun 2022,2022-05-31|2022-06-03|2022-06-13|2022-06-15|2022-06-20,1.0,BSI,1,< −0.1,DRY_LAND,503.837,0.205,2458.32
floodway,before,normal year · 25 May – 30 Jun 2022,2022-05-31|2022-06-03|2022-06-13|2022-06-15|2022-06-20,1.0,BSI,2,−0.1–0.1,DRY_LAND,989.735,0.4026,2458.32
floodway,before,normal year · 25 May – 30 Jun 2022,2022-05-31|2022-06-03|2022-06-13|2022-06-15|2022-06-20,1.0,BSI,3,> 0.1,DRY_LAND,964.75,0.3924,2458.32
floodway,before,normal year · 25 May – 30 Jun 2022,2022-05-31|2022-06-03|2022-06-13|2022-06-15|2022-06-20,1.0,AWEIsh,1,< −0.3,ALL,3374.247,0.971,3474.92
floodway,before,normal year · 25 May – 30 Jun 2022,2022-05-31|2022-06-03|2022-06-13|2022-06-15|2022-06-20,1.0,AWEIsh,2,−0.3–0,ALL,46.56,0.0134,3474.92
floodway,before,normal year · 25 May – 30 Jun 2022,2022-05-31|2022-06-03|2022-06-13|2022-06-15|2022-06-20,1.0,AWEIsh,3,0–0.3,ALL,54.07,0.0156,3474.92
floodway,before,normal year · 25 May – 30 Jun 2022,2022-05-31|2022-06-03|2022-06-13|2022-06-15|2022-06-20,1.0,AWEIsh,4,> 0.3,ALL,0.04,0.0,3474.92
floodway,before,normal year · 25 May – 30 Jun 2022,2022-05-31|2022-06-03|2022-06-13|2022-06-15|2022-06-20,1.0,AWEIsh,1,< −0.3,NW_REEDS,85.872,0.871,98.59
floodway,before,normal year · 25 May – 30 Jun 2022,2022-05-31|2022-06-03|2022-06-13|2022-06-15|2022-06-20,1.0,AWEIsh,2,−0.3–0,NW_REEDS,12.706,0.1289,98.59
floodway,before,normal year · 25 May – 30 Jun 2022,2022-05-31|2022-06-03|2022-06-13|2022-06-15|2022-06-20,1.0,AWEIsh,3,0–0.3,NW_REEDS,0.016,0.0002,98.59
floodway,before,normal year · 25 May – 30 Jun 2022,2022-05-31|2022-06-03|2022-06-13|2022-06-15|2022-06-20,1.0,AWEIsh,4,> 0.3,NW_REEDS,0.0,0.0,98.59
floodway,before,normal year · 25 May – 30 Jun 2022,2022-05-31|2022-06-03|2022-06-13|2022-06-15|2022-06-20,1.0,AWEIsh,1,< −0.3,NW_TREES,47.714,0.99,48.19
floodway,before,normal year · 25 May – 30 Jun 2022,2022-05-31|2022-06-03|2022-06-13|2022-06-15|2022-06-20,1.0,AWEIsh,2,−0.3–0,NW_TREES,0.48,0.01,48.19
floodway,before,normal year · 25 May – 30 Jun 2022,2022-05-31|2022-06-03|2022-06-13|2022-06-15|2022-06-20,1.0,AWEIsh,3,0–0.3,NW_TREES,0.0,0.0,48.19
floodway,before,normal year · 25 May – 30 Jun 2022,2022-05-31|2022-06-03|2022-06-13|2022-06-15|2022-06-20,1.0,AWEIsh,4,> 0.3,NW_TREES,0.0,0.0,48.19
floodway,before,normal year · 25 May – 30 Jun 2022,2022-05-31|2022-06-03|2022-06-13|2022-06-15|2022-06-20,1.0,AWEIsh,1,< −0.3,HIGH_REEDS,9.474,0.9582,9.89
floodway,before,normal year · 25 May – 30 Jun 2022,2022-05-31|2022-06-03|2022-06-13|2022-06-15|2022-06-20,1.0,AWEIsh,2,−0.3–0,HIGH_REEDS,0.411,0.0416,9.89
floodway,before,normal year · 25 May – 30 Jun 2022,2022-05-31|2022-06-03|2022-06-13|2022-06-15|2022-06-20,1.0,AWEIsh,3,0–0.3,HIGH_REEDS,0.002,0.0002,9.89
floodway,before,normal year · 25 May – 30 Jun 2022,2022-05-31|2022-06-03|2022-06-13|2022-06-15|2022-06-20,1.0,AWEIsh,4,> 0.3,HIGH_REEDS,0.0,0.0,9.89
floodway,before,normal year · 25 May – 30 Jun 2022,2022-05-31|2022-06-03|2022-06-13|2022-06-15|2022-06-20,1.0,AWEIsh,1,< −0.3,OPEN_WATER,6.364,0.092,69.2
floodway,before,normal year · 25 May – 30 Jun 2022,2022-05-31|2022-06-03|2022-06-13|2022-06-15|2022-06-20,1.0,AWEIsh,2,−0.3–0,OPEN_WATER,10.992,0.1589,69.2
floodway,before,normal year · 25 May – 30 Jun 2022,2022-05-31|2022-06-03|2022-06-13|2022-06-15|2022-06-20,1.0,AWEIsh,3,0–0.3,OPEN_WATER,51.821,0.7489,69.2
floodway,before,normal year · 25 May – 30 Jun 2022,2022-05-31|2022-06-03|2022-06-13|2022-06-15|2022-06-20,1.0,AWEIsh,4,> 0.3,OPEN_WATER,0.02,0.0003,69.2
floodway,before,normal year · 25 May – 30 Jun 2022,2022-05-31|2022-06-03|2022-06-13|2022-06-15|2022-06-20,1.0,AWEIsh,1,< −0.3,EVENT_REEDS,11.709,0.9103,12.86
floodway,before,normal year · 25 May – 30 Jun 2022,2022-05-31|2022-06-03|2022-06-13|2022-06-15|2022-06-20,1.0,AWEIsh,2,−0.3–0,EVENT_REEDS,1.143,0.0889,12.86
floodway,before,normal year · 25 May – 30 Jun 2022,2022-05-31|2022-06-03|2022-06-13|2022-06-15|2022-06-20,1.0,AWEIsh,3,0–0.3,EVENT_REEDS,0.011,0.0009,12.86
floodway,before,normal year · 25 May – 30 Jun 2022,2022-05-31|2022-06-03|2022-06-13|2022-06-15|2022-06-20,1.0,AWEIsh,4,> 0.3,EVENT_REEDS,0.0,0.0,12.86
floodway,before,normal year · 25 May – 30 Jun 2022,2022-05-31|2022-06-03|2022-06-13|2022-06-15|2022-06-20,1.0,AWEIsh,1,< −0.3,DRY_LAND,2457.81,0.9998,2458.32
floodway,before,normal year · 25 May – 30 Jun 2022,2022-05-31|2022-06-03|2022-06-13|2022-06-15|2022-06-20,1.0,AWEIsh,2,−0.3–0,DRY_LAND,0.504,0.0002,2458.32
floodway,before,normal year · 25 May – 30 Jun 2022,2022-05-31|2022-06-03|2022-06-13|2022-06-15|2022-06-20,1.0,AWEIsh,3,0–0.3,DRY_LAND,0.006,0.0,2458.32
floodway,before,normal year · 25 May – 30 Jun 2022,2022-05-31|2022-06-03|2022-06-13|2022-06-15|2022-06-20,1.0,AWEIsh,4,> 0.3,DRY_LAND,0.001,0.0,2458.32
floodway,before,normal year · 25 May – 30 Jun 2022,2022-05-31|2022-06-03|2022-06-13|2022-06-15|2022-06-20,1.0,NDTI,1,< −0.1,ALL,758.604,0.2183,3474.92
floodway,before,normal year · 25 May – 30 Jun 2022,2022-05-31|2022-06-03|2022-06-13|2022-06-15|2022-06-20,1.0,NDTI,2,−0.1–0.1,ALL,1889.758,0.5438,3474.92
floodway,before,normal year · 25 May – 30 Jun 2022,2022-05-31|2022-06-03|2022-06-13|2022-06-15|2022-06-20,1.0,NDTI,3,> 0.1,ALL,826.556,0.2379,3474.92
floodway,before,normal year · 25 May – 30 Jun 2022,2022-05-31|2022-06-03|2022-06-13|2022-06-15|2022-06-20,1.0,NDTI,1,< −0.1,NW_REEDS,76.75,0.7784,98.59
floodway,before,normal year · 25 May – 30 Jun 2022,2022-05-31|2022-06-03|2022-06-13|2022-06-15|2022-06-20,1.0,NDTI,2,−0.1–0.1,NW_REEDS,21.7,0.2201,98.59
floodway,before,normal year · 25 May – 30 Jun 2022,2022-05-31|2022-06-03|2022-06-13|2022-06-15|2022-06-20,1.0,NDTI,3,> 0.1,NW_REEDS,0.144,0.0015,98.59
floodway,before,normal year · 25 May – 30 Jun 2022,2022-05-31|2022-06-03|2022-06-13|2022-06-15|2022-06-20,1.0,NDTI,1,< −0.1,NW_TREES,46.38,0.9624,48.19
floodway,before,normal year · 25 May – 30 Jun 2022,2022-05-31|2022-06-03|2022-06-13|2022-06-15|2022-06-20,1.0,NDTI,2,−0.1–0.1,NW_TREES,1.793,0.0372,48.19
floodway,before,normal year · 25 May – 30 Jun 2022,2022-05-31|2022-06-03|2022-06-13|2022-06-15|2022-06-20,1.0,NDTI,3,> 0.1,NW_TREES,0.02,0.0004,48.19
floodway,before,normal year · 25 May – 30 Jun 2022,2022-05-31|2022-06-03|2022-06-13|2022-06-15|2022-06-20,1.0,NDTI,1,< −0.1,HIGH_REEDS,6.454,0.6528,9.89
floodway,before,normal year · 25 May – 30 Jun 2022,2022-05-31|2022-06-03|2022-06-13|2022-06-15|2022-06-20,1.0,NDTI,2,−0.1–0.1,HIGH_REEDS,3.32,0.3357,9.89
floodway,before,normal year · 25 May – 30 Jun 2022,2022-05-31|2022-06-03|2022-06-13|2022-06-15|2022-06-20,1.0,NDTI,3,> 0.1,HIGH_REEDS,0.113,0.0114,9.89
floodway,before,normal year · 25 May – 30 Jun 2022,2022-05-31|2022-06-03|2022-06-13|2022-06-15|2022-06-20,1.0,NDTI,1,< −0.1,OPEN_WATER,40.223,0.5813,69.2
floodway,before,normal year · 25 May – 30 Jun 2022,2022-05-31|2022-06-03|2022-06-13|2022-06-15|2022-06-20,1.0,NDTI,2,−0.1–0.1,OPEN_WATER,28.297,0.4089,69.2
floodway,before,normal year · 25 May – 30 Jun 2022,2022-05-31|2022-06-03|2022-06-13|2022-06-15|2022-06-20,1.0,NDTI,3,> 0.1,OPEN_WATER,0.678,0.0098,69.2
floodway,before,normal year · 25 May – 30 Jun 2022,2022-05-31|2022-06-03|2022-06-13|2022-06-15|2022-06-20,1.0,NDTI,1,< −0.1,EVENT_REEDS,8.221,0.6391,12.86
floodway,before,normal year · 25 May – 30 Jun 2022,2022-05-31|2022-06-03|2022-06-13|2022-06-15|2022-06-20,1.0,NDTI,2,−0.1–0.1,EVENT_REEDS,4.461,0.3468,12.86
floodway,before,normal year · 25 May – 30 Jun 2022,2022-05-31|2022-06-03|2022-06-13|2022-06-15|2022-06-20,1.0,NDTI,3,> 0.1,EVENT_REEDS,0.182,0.0141,12.86
floodway,before,normal year · 25 May – 30 Jun 2022,2022-05-31|2022-06-03|2022-06-13|2022-06-15|2022-06-20,1.0,NDTI,1,< −0.1,DRY_LAND,354.597,0.1442,2458.32
floodway,before,normal year · 25 May – 30 Jun 2022,2022-05-31|2022-06-03|2022-06-13|2022-06-15|2022-06-20,1.0,NDTI,2,−0.1–0.1,DRY_LAND,1413.974,0.5752,2458.32
floodway,before,normal year · 25 May – 30 Jun 2022,2022-05-31|2022-06-03|2022-06-13|2022-06-15|2022-06-20,1.0,NDTI,3,> 0.1,DRY_LAND,689.751,0.2806,2458.32
floodway,before,spring before the breach · 15 Apr – 5 Jun 2023,2023-05-06|2023-05-11|2023-05-16|2023-05-19|2023-06-05,0.524,NDVI,1,< 0.15,ALL,64.67,0.0355,1819.79
floodway,before,spring before the breach · 15 Apr – 5 Jun 2023,2023-05-06|2023-05-11|2023-05-16|2023-05-19|2023-06-05,0.524,NDVI,2,0.15–0.3,ALL,269.172,0.1479,1819.79
floodway,before,spring before the breach · 15 Apr – 5 Jun 2023,2023-05-06|2023-05-11|2023-05-16|2023-05-19|2023-06-05,0.524,NDVI,3,0.3–0.5,ALL,396.81,0.2181,1819.79
floodway,before,spring before the breach · 15 Apr – 5 Jun 2023,2023-05-06|2023-05-11|2023-05-16|2023-05-19|2023-06-05,0.524,NDVI,4,> 0.5,ALL,1089.135,0.5985,1819.79
floodway,before,spring before the breach · 15 Apr – 5 Jun 2023,2023-05-06|2023-05-11|2023-05-16|2023-05-19|2023-06-05,0.524,NDVI,1,< 0.15,NW_REEDS,0.096,0.0039,24.88
floodway,before,spring before the breach · 15 Apr – 5 Jun 2023,2023-05-06|2023-05-11|2023-05-16|2023-05-19|2023-06-05,0.524,NDVI,2,0.15–0.3,NW_REEDS,0.62,0.0249,24.88
floodway,before,spring before the breach · 15 Apr – 5 Jun 2023,2023-05-06|2023-05-11|2023-05-16|2023-05-19|2023-06-05,0.524,NDVI,3,0.3–0.5,NW_REEDS,10.348,0.416,24.88
floodway,before,spring before the breach · 15 Apr – 5 Jun 2023,2023-05-06|2023-05-11|2023-05-16|2023-05-19|2023-06-05,0.524,NDVI,4,> 0.5,NW_REEDS,13.813,0.5552,24.88
floodway,before,spring before the breach · 15 Apr – 5 Jun 2023,2023-05-06|2023-05-11|2023-05-16|2023-05-19|2023-06-05,0.524,NDVI,1,< 0.15,NW_TREES,0.001,0.0,25.08
floodway,before,spring before the breach · 15 Apr – 5 Jun 2023,2023-05-06|2023-05-11|2023-05-16|2023-05-19|2023-06-05,0.524,NDVI,2,0.15–0.3,NW_TREES,0.002,0.0001,25.08
floodway,before,spring before the breach · 15 Apr – 5 Jun 2023,2023-05-06|2023-05-11|2023-05-16|2023-05-19|2023-06-05,0.524,NDVI,3,0.3–0.5,NW_TREES,0.409,0.0163,25.08
floodway,before,spring before the breach · 15 Apr – 5 Jun 2023,2023-05-06|2023-05-11|2023-05-16|2023-05-19|2023-06-05,0.524,NDVI,4,> 0.5,NW_TREES,24.665,0.9836,25.08
floodway,before,spring before the breach · 15 Apr – 5 Jun 2023,2023-05-06|2023-05-11|2023-05-16|2023-05-19|2023-06-05,0.524,NDVI,1,< 0.15,HIGH_REEDS,0.007,0.0019,3.55
floodway,before,spring before the breach · 15 Apr – 5 Jun 2023,2023-05-06|2023-05-11|2023-05-16|2023-05-19|2023-06-05,0.524,NDVI,2,0.15–0.3,HIGH_REEDS,0.062,0.0174,3.55
floodway,before,spring before the breach · 15 Apr – 5 Jun 2023,2023-05-06|2023-05-11|2023-05-16|2023-05-19|2023-06-05,0.524,NDVI,3,0.3–0.5,HIGH_REEDS,1.198,0.3379,3.55
floodway,before,spring before the breach · 15 Apr – 5 Jun 2023,2023-05-06|2023-05-11|2023-05-16|2023-05-19|2023-06-05,0.524,NDVI,4,> 0.5,HIGH_REEDS,2.279,0.6428,3.55
floodway,before,spring before the breach · 15 Apr – 5 Jun 2023,2023-05-06|2023-05-11|2023-05-16|2023-05-19|2023-06-05,0.524,NDVI,1,< 0.15,OPEN_WATER,28.099,0.7503,37.45
floodway,before,spring before the breach · 15 Apr – 5 Jun 2023,2023-05-06|2023-05-11|2023-05-16|2023-05-19|2023-06-05,0.524,NDVI,2,0.15–0.3,OPEN_WATER,2.749,0.0734,37.45
floodway,before,spring before the breach · 15 Apr – 5 Jun 2023,2023-05-06|2023-05-11|2023-05-16|2023-05-19|2023-06-05,0.524,NDVI,3,0.3–0.5,OPEN_WATER,3.528,0.0942,37.45
floodway,before,spring before the breach · 15 Apr – 5 Jun 2023,2023-05-06|2023-05-11|2023-05-16|2023-05-19|2023-06-05,0.524,NDVI,4,> 0.5,OPEN_WATER,3.076,0.0821,37.45
floodway,before,spring before the breach · 15 Apr – 5 Jun 2023,2023-05-06|2023-05-11|2023-05-16|2023-05-19|2023-06-05,0.524,NDVI,1,< 0.15,EVENT_REEDS,0.097,0.0221,4.38
floodway,before,spring before the breach · 15 Apr – 5 Jun 2023,2023-05-06|2023-05-11|2023-05-16|2023-05-19|2023-06-05,0.524,NDVI,2,0.15–0.3,EVENT_REEDS,0.206,0.047,4.38
floodway,before,spring before the breach · 15 Apr – 5 Jun 2023,2023-05-06|2023-05-11|2023-05-16|2023-05-19|2023-06-05,0.524,NDVI,3,0.3–0.5,EVENT_REEDS,1.026,0.2343,4.38
floodway,before,spring before the breach · 15 Apr – 5 Jun 2023,2023-05-06|2023-05-11|2023-05-16|2023-05-19|2023-06-05,0.524,NDVI,4,> 0.5,EVENT_REEDS,3.052,0.6966,4.38
floodway,before,spring before the breach · 15 Apr – 5 Jun 2023,2023-05-06|2023-05-11|2023-05-16|2023-05-19|2023-06-05,0.524,NDVI,1,< 0.15,DRY_LAND,3.474,0.0027,1304.81
floodway,before,spring before the breach · 15 Apr – 5 Jun 2023,2023-05-06|2023-05-11|2023-05-16|2023-05-19|2023-06-05,0.524,NDVI,2,0.15–0.3,DRY_LAND,222.39,0.1704,1304.81
floodway,before,spring before the breach · 15 Apr – 5 Jun 2023,2023-05-06|2023-05-11|2023-05-16|2023-05-19|2023-06-05,0.524,NDVI,3,0.3–0.5,DRY_LAND,279.108,0.2139,1304.81
floodway,before,spring before the breach · 15 Apr – 5 Jun 2023,2023-05-06|2023-05-11|2023-05-16|2023-05-19|2023-06-05,0.524,NDVI,4,> 0.5,DRY_LAND,799.84,0.613,1304.81
floodway,before,spring before the breach · 15 Apr – 5 Jun 2023,2023-05-06|2023-05-11|2023-05-16|2023-05-19|2023-06-05,0.524,NDWI,1,< −0.3,ALL,1673.262,0.9195,1819.79
floodway,before,spring before the breach · 15 Apr – 5 Jun 2023,2023-05-06|2023-05-11|2023-05-16|2023-05-19|2023-06-05,0.524,NDWI,2,−0.3–0,ALL,115.87,0.0637,1819.79
floodway,before,spring before the breach · 15 Apr – 5 Jun 2023,2023-05-06|2023-05-11|2023-05-16|2023-05-19|2023-06-05,0.524,NDWI,3,0–0.3,ALL,6.882,0.0038,1819.79
floodway,before,spring before the breach · 15 Apr – 5 Jun 2023,2023-05-06|2023-05-11|2023-05-16|2023-05-19|2023-06-05,0.524,NDWI,4,> 0.3,ALL,23.773,0.0131,1819.79
floodway,before,spring before the breach · 15 Apr – 5 Jun 2023,2023-05-06|2023-05-11|2023-05-16|2023-05-19|2023-06-05,0.524,NDWI,1,< −0.3,NW_REEDS,23.673,0.9516,24.88
floodway,before,spring before the breach · 15 Apr – 5 Jun 2023,2023-05-06|2023-05-11|2023-05-16|2023-05-19|2023-06-05,0.524,NDWI,2,−0.3–0,NW_REEDS,1.123,0.0451,24.88
floodway,before,spring before the breach · 15 Apr – 5 Jun 2023,2023-05-06|2023-05-11|2023-05-16|2023-05-19|2023-06-05,0.524,NDWI,3,0–0.3,NW_REEDS,0.077,0.0031,24.88
floodway,before,spring before the breach · 15 Apr – 5 Jun 2023,2023-05-06|2023-05-11|2023-05-16|2023-05-19|2023-06-05,0.524,NDWI,4,> 0.3,NW_REEDS,0.006,0.0002,24.88
floodway,before,spring before the breach · 15 Apr – 5 Jun 2023,2023-05-06|2023-05-11|2023-05-16|2023-05-19|2023-06-05,0.524,NDWI,1,< −0.3,NW_TREES,25.068,0.9997,25.08
floodway,before,spring before the breach · 15 Apr – 5 Jun 2023,2023-05-06|2023-05-11|2023-05-16|2023-05-19|2023-06-05,0.524,NDWI,2,−0.3–0,NW_TREES,0.008,0.0003,25.08
floodway,before,spring before the breach · 15 Apr – 5 Jun 2023,2023-05-06|2023-05-11|2023-05-16|2023-05-19|2023-06-05,0.524,NDWI,3,0–0.3,NW_TREES,0.0,0.0,25.08
floodway,before,spring before the breach · 15 Apr – 5 Jun 2023,2023-05-06|2023-05-11|2023-05-16|2023-05-19|2023-06-05,0.524,NDWI,4,> 0.3,NW_TREES,0.0,0.0,25.08
floodway,before,spring before the breach · 15 Apr – 5 Jun 2023,2023-05-06|2023-05-11|2023-05-16|2023-05-19|2023-06-05,0.524,NDWI,1,< −0.3,HIGH_REEDS,3.514,0.9912,3.55
floodway,before,spring before the breach · 15 Apr – 5 Jun 2023,2023-05-06|2023-05-11|2023-05-16|2023-05-19|2023-06-05,0.524,NDWI,2,−0.3–0,HIGH_REEDS,0.022,0.0063,3.55
floodway,before,spring before the breach · 15 Apr – 5 Jun 2023,2023-05-06|2023-05-11|2023-05-16|2023-05-19|2023-06-05,0.524,NDWI,3,0–0.3,HIGH_REEDS,0.009,0.0025,3.55
floodway,before,spring before the breach · 15 Apr – 5 Jun 2023,2023-05-06|2023-05-11|2023-05-16|2023-05-19|2023-06-05,0.524,NDWI,4,> 0.3,HIGH_REEDS,0.0,0.0,3.55
floodway,before,spring before the breach · 15 Apr – 5 Jun 2023,2023-05-06|2023-05-11|2023-05-16|2023-05-19|2023-06-05,0.524,NDWI,1,< −0.3,OPEN_WATER,6.005,0.1603,37.45
floodway,before,spring before the breach · 15 Apr – 5 Jun 2023,2023-05-06|2023-05-11|2023-05-16|2023-05-19|2023-06-05,0.524,NDWI,2,−0.3–0,OPEN_WATER,3.101,0.0828,37.45
floodway,before,spring before the breach · 15 Apr – 5 Jun 2023,2023-05-06|2023-05-11|2023-05-16|2023-05-19|2023-06-05,0.524,NDWI,3,0–0.3,OPEN_WATER,5.032,0.1344,37.45
floodway,before,spring before the breach · 15 Apr – 5 Jun 2023,2023-05-06|2023-05-11|2023-05-16|2023-05-19|2023-06-05,0.524,NDWI,4,> 0.3,OPEN_WATER,23.313,0.6225,37.45
floodway,before,spring before the breach · 15 Apr – 5 Jun 2023,2023-05-06|2023-05-11|2023-05-16|2023-05-19|2023-06-05,0.524,NDWI,1,< −0.3,EVENT_REEDS,4.182,0.9546,4.38
floodway,before,spring before the breach · 15 Apr – 5 Jun 2023,2023-05-06|2023-05-11|2023-05-16|2023-05-19|2023-06-05,0.524,NDWI,2,−0.3–0,EVENT_REEDS,0.118,0.0269,4.38
floodway,before,spring before the breach · 15 Apr – 5 Jun 2023,2023-05-06|2023-05-11|2023-05-16|2023-05-19|2023-06-05,0.524,NDWI,3,0–0.3,EVENT_REEDS,0.045,0.0102,4.38
floodway,before,spring before the breach · 15 Apr – 5 Jun 2023,2023-05-06|2023-05-11|2023-05-16|2023-05-19|2023-06-05,0.524,NDWI,4,> 0.3,EVENT_REEDS,0.036,0.0082,4.38
floodway,before,spring before the breach · 15 Apr – 5 Jun 2023,2023-05-06|2023-05-11|2023-05-16|2023-05-19|2023-06-05,0.524,NDWI,1,< −0.3,DRY_LAND,1244.781,0.954,1304.81
floodway,before,spring before the breach · 15 Apr – 5 Jun 2023,2023-05-06|2023-05-11|2023-05-16|2023-05-19|2023-06-05,0.524,NDWI,2,−0.3–0,DRY_LAND,60.02,0.046,1304.81
floodway,before,spring before the breach · 15 Apr – 5 Jun 2023,2023-05-06|2023-05-11|2023-05-16|2023-05-19|2023-06-05,0.524,NDWI,3,0–0.3,DRY_LAND,0.01,0.0,1304.81
floodway,before,spring before the breach · 15 Apr – 5 Jun 2023,2023-05-06|2023-05-11|2023-05-16|2023-05-19|2023-06-05,0.524,NDWI,4,> 0.3,DRY_LAND,0.001,0.0,1304.81
floodway,before,spring before the breach · 15 Apr – 5 Jun 2023,2023-05-06|2023-05-11|2023-05-16|2023-05-19|2023-06-05,0.524,MNDWI,1,< −0.3,ALL,1742.494,0.9575,1819.79
floodway,before,spring before the breach · 15 Apr – 5 Jun 2023,2023-05-06|2023-05-11|2023-05-16|2023-05-19|2023-06-05,0.524,MNDWI,2,−0.3–0,ALL,46.648,0.0256,1819.79
floodway,before,spring before the breach · 15 Apr – 5 Jun 2023,2023-05-06|2023-05-11|2023-05-16|2023-05-19|2023-06-05,0.524,MNDWI,3,0–0.3,ALL,7.33,0.004,1819.79
floodway,before,spring before the breach · 15 Apr – 5 Jun 2023,2023-05-06|2023-05-11|2023-05-16|2023-05-19|2023-06-05,0.524,MNDWI,4,> 0.3,ALL,23.315,0.0128,1819.79
floodway,before,spring before the breach · 15 Apr – 5 Jun 2023,2023-05-06|2023-05-11|2023-05-16|2023-05-19|2023-06-05,0.524,MNDWI,1,< −0.3,NW_REEDS,17.141,0.689,24.88
floodway,before,spring before the breach · 15 Apr – 5 Jun 2023,2023-05-06|2023-05-11|2023-05-16|2023-05-19|2023-06-05,0.524,MNDWI,2,−0.3–0,NW_REEDS,7.244,0.2912,24.88
floodway,before,spring before the breach · 15 Apr – 5 Jun 2023,2023-05-06|2023-05-11|2023-05-16|2023-05-19|2023-06-05,0.524,MNDWI,3,0–0.3,NW_REEDS,0.483,0.0194,24.88
floodway,before,spring before the breach · 15 Apr – 5 Jun 2023,2023-05-06|2023-05-11|2023-05-16|2023-05-19|2023-06-05,0.524,MNDWI,4,> 0.3,NW_REEDS,0.01,0.0004,24.88
floodway,before,spring before the breach · 15 Apr – 5 Jun 2023,2023-05-06|2023-05-11|2023-05-16|2023-05-19|2023-06-05,0.524,MNDWI,1,< −0.3,NW_TREES,23.653,0.9432,25.08
floodway,before,spring before the breach · 15 Apr – 5 Jun 2023,2023-05-06|2023-05-11|2023-05-16|2023-05-19|2023-06-05,0.524,MNDWI,2,−0.3–0,NW_TREES,1.424,0.0568,25.08
floodway,before,spring before the breach · 15 Apr – 5 Jun 2023,2023-05-06|2023-05-11|2023-05-16|2023-05-19|2023-06-05,0.524,MNDWI,3,0–0.3,NW_TREES,0.0,0.0,25.08
floodway,before,spring before the breach · 15 Apr – 5 Jun 2023,2023-05-06|2023-05-11|2023-05-16|2023-05-19|2023-06-05,0.524,MNDWI,4,> 0.3,NW_TREES,0.0,0.0,25.08
floodway,before,spring before the breach · 15 Apr – 5 Jun 2023,2023-05-06|2023-05-11|2023-05-16|2023-05-19|2023-06-05,0.524,MNDWI,1,< −0.3,HIGH_REEDS,3.454,0.9742,3.55
floodway,before,spring before the breach · 15 Apr – 5 Jun 2023,2023-05-06|2023-05-11|2023-05-16|2023-05-19|2023-06-05,0.524,MNDWI,2,−0.3–0,HIGH_REEDS,0.08,0.0225,3.55
floodway,before,spring before the breach · 15 Apr – 5 Jun 2023,2023-05-06|2023-05-11|2023-05-16|2023-05-19|2023-06-05,0.524,MNDWI,3,0–0.3,HIGH_REEDS,0.012,0.0034,3.55
floodway,before,spring before the breach · 15 Apr – 5 Jun 2023,2023-05-06|2023-05-11|2023-05-16|2023-05-19|2023-06-05,0.524,MNDWI,4,> 0.3,HIGH_REEDS,0.0,0.0,3.55
floodway,before,spring before the breach · 15 Apr – 5 Jun 2023,2023-05-06|2023-05-11|2023-05-16|2023-05-19|2023-06-05,0.524,MNDWI,1,< −0.3,OPEN_WATER,6.048,0.1615,37.45
floodway,before,spring before the breach · 15 Apr – 5 Jun 2023,2023-05-06|2023-05-11|2023-05-16|2023-05-19|2023-06-05,0.524,MNDWI,2,−0.3–0,OPEN_WATER,3.331,0.0889,37.45
floodway,before,spring before the breach · 15 Apr – 5 Jun 2023,2023-05-06|2023-05-11|2023-05-16|2023-05-19|2023-06-05,0.524,MNDWI,3,0–0.3,OPEN_WATER,5.102,0.1362,37.45
floodway,before,spring before the breach · 15 Apr – 5 Jun 2023,2023-05-06|2023-05-11|2023-05-16|2023-05-19|2023-06-05,0.524,MNDWI,4,> 0.3,OPEN_WATER,22.97,0.6133,37.45
floodway,before,spring before the breach · 15 Apr – 5 Jun 2023,2023-05-06|2023-05-11|2023-05-16|2023-05-19|2023-06-05,0.524,MNDWI,1,< −0.3,EVENT_REEDS,3.89,0.8879,4.38
floodway,before,spring before the breach · 15 Apr – 5 Jun 2023,2023-05-06|2023-05-11|2023-05-16|2023-05-19|2023-06-05,0.524,MNDWI,2,−0.3–0,EVENT_REEDS,0.367,0.0837,4.38
floodway,before,spring before the breach · 15 Apr – 5 Jun 2023,2023-05-06|2023-05-11|2023-05-16|2023-05-19|2023-06-05,0.524,MNDWI,3,0–0.3,EVENT_REEDS,0.074,0.0169,4.38
floodway,before,spring before the breach · 15 Apr – 5 Jun 2023,2023-05-06|2023-05-11|2023-05-16|2023-05-19|2023-06-05,0.524,MNDWI,4,> 0.3,EVENT_REEDS,0.05,0.0115,4.38
floodway,before,spring before the breach · 15 Apr – 5 Jun 2023,2023-05-06|2023-05-11|2023-05-16|2023-05-19|2023-06-05,0.524,MNDWI,1,< −0.3,DRY_LAND,1286.622,0.9861,1304.81
floodway,before,spring before the breach · 15 Apr – 5 Jun 2023,2023-05-06|2023-05-11|2023-05-16|2023-05-19|2023-06-05,0.524,MNDWI,2,−0.3–0,DRY_LAND,18.152,0.0139,1304.81
floodway,before,spring before the breach · 15 Apr – 5 Jun 2023,2023-05-06|2023-05-11|2023-05-16|2023-05-19|2023-06-05,0.524,MNDWI,3,0–0.3,DRY_LAND,0.036,0.0,1304.81
floodway,before,spring before the breach · 15 Apr – 5 Jun 2023,2023-05-06|2023-05-11|2023-05-16|2023-05-19|2023-06-05,0.524,MNDWI,4,> 0.3,DRY_LAND,0.003,0.0,1304.81
floodway,before,spring before the breach · 15 Apr – 5 Jun 2023,2023-05-06|2023-05-11|2023-05-16|2023-05-19|2023-06-05,0.524,NDMI,1,< −0.1,ALL,447.988,0.2462,1819.79
floodway,before,spring before the breach · 15 Apr – 5 Jun 2023,2023-05-06|2023-05-11|2023-05-16|2023-05-19|2023-06-05,0.524,NDMI,2,−0.1–0.1,ALL,553.471,0.3041,1819.79
floodway,before,spring before the breach · 15 Apr – 5 Jun 2023,2023-05-06|2023-05-11|2023-05-16|2023-05-19|2023-06-05,0.524,NDMI,3,> 0.1,ALL,818.328,0.4497,1819.79
floodway,before,spring before the breach · 15 Apr – 5 Jun 2023,2023-05-06|2023-05-11|2023-05-16|2023-05-19|2023-06-05,0.524,NDMI,1,< −0.1,NW_REEDS,0.326,0.0131,24.88
floodway,before,spring before the breach · 15 Apr – 5 Jun 2023,2023-05-06|2023-05-11|2023-05-16|2023-05-19|2023-06-05,0.524,NDMI,2,−0.1–0.1,NW_REEDS,4.505,0.1811,24.88
floodway,before,spring before the breach · 15 Apr – 5 Jun 2023,2023-05-06|2023-05-11|2023-05-16|2023-05-19|2023-06-05,0.524,NDMI,3,> 0.1,NW_REEDS,20.047,0.8058,24.88
floodway,before,spring before the breach · 15 Apr – 5 Jun 2023,2023-05-06|2023-05-11|2023-05-16|2023-05-19|2023-06-05,0.524,NDMI,1,< −0.1,NW_TREES,0.011,0.0004,25.08
floodway,before,spring before the breach · 15 Apr – 5 Jun 2023,2023-05-06|2023-05-11|2023-05-16|2023-05-19|2023-06-05,0.524,NDMI,2,−0.1–0.1,NW_TREES,0.265,0.0106,25.08
floodway,before,spring before the breach · 15 Apr – 5 Jun 2023,2023-05-06|2023-05-11|2023-05-16|2023-05-19|2023-06-05,0.524,NDMI,3,> 0.1,NW_TREES,24.801,0.989,25.08
floodway,before,spring before the breach · 15 Apr – 5 Jun 2023,2023-05-06|2023-05-11|2023-05-16|2023-05-19|2023-06-05,0.524,NDMI,1,< −0.1,HIGH_REEDS,0.366,0.1032,3.55
floodway,before,spring before the breach · 15 Apr – 5 Jun 2023,2023-05-06|2023-05-11|2023-05-16|2023-05-19|2023-06-05,0.524,NDMI,2,−0.1–0.1,HIGH_REEDS,1.275,0.3597,3.55
floodway,before,spring before the breach · 15 Apr – 5 Jun 2023,2023-05-06|2023-05-11|2023-05-16|2023-05-19|2023-06-05,0.524,NDMI,3,> 0.1,HIGH_REEDS,1.904,0.5371,3.55
floodway,before,spring before the breach · 15 Apr – 5 Jun 2023,2023-05-06|2023-05-11|2023-05-16|2023-05-19|2023-06-05,0.524,NDMI,1,< −0.1,OPEN_WATER,13.059,0.3487,37.45
floodway,before,spring before the breach · 15 Apr – 5 Jun 2023,2023-05-06|2023-05-11|2023-05-16|2023-05-19|2023-06-05,0.524,NDMI,2,−0.1–0.1,OPEN_WATER,14.925,0.3985,37.45
floodway,before,spring before the breach · 15 Apr – 5 Jun 2023,2023-05-06|2023-05-11|2023-05-16|2023-05-19|2023-06-05,0.524,NDMI,3,> 0.1,OPEN_WATER,9.467,0.2528,37.45
floodway,before,spring before the breach · 15 Apr – 5 Jun 2023,2023-05-06|2023-05-11|2023-05-16|2023-05-19|2023-06-05,0.524,NDMI,1,< −0.1,EVENT_REEDS,0.179,0.0409,4.38
floodway,before,spring before the breach · 15 Apr – 5 Jun 2023,2023-05-06|2023-05-11|2023-05-16|2023-05-19|2023-06-05,0.524,NDMI,2,−0.1–0.1,EVENT_REEDS,1.818,0.415,4.38
floodway,before,spring before the breach · 15 Apr – 5 Jun 2023,2023-05-06|2023-05-11|2023-05-16|2023-05-19|2023-06-05,0.524,NDMI,3,> 0.1,EVENT_REEDS,2.384,0.5441,4.38
floodway,before,spring before the breach · 15 Apr – 5 Jun 2023,2023-05-06|2023-05-11|2023-05-16|2023-05-19|2023-06-05,0.524,NDMI,1,< −0.1,DRY_LAND,348.424,0.267,1304.81
floodway,before,spring before the breach · 15 Apr – 5 Jun 2023,2023-05-06|2023-05-11|2023-05-16|2023-05-19|2023-06-05,0.524,NDMI,2,−0.1–0.1,DRY_LAND,375.771,0.288,1304.81
floodway,before,spring before the breach · 15 Apr – 5 Jun 2023,2023-05-06|2023-05-11|2023-05-16|2023-05-19|2023-06-05,0.524,NDMI,3,> 0.1,DRY_LAND,580.618,0.445,1304.81
floodway,before,spring before the breach · 15 Apr – 5 Jun 2023,2023-05-06|2023-05-11|2023-05-16|2023-05-19|2023-06-05,0.524,BSI,1,< −0.1,ALL,659.724,0.3625,1819.79
floodway,before,spring before the breach · 15 Apr – 5 Jun 2023,2023-05-06|2023-05-11|2023-05-16|2023-05-19|2023-06-05,0.524,BSI,2,−0.1–0.1,ALL,631.835,0.3472,1819.79
floodway,before,spring before the breach · 15 Apr – 5 Jun 2023,2023-05-06|2023-05-11|2023-05-16|2023-05-19|2023-06-05,0.524,BSI,3,> 0.1,ALL,528.228,0.2903,1819.79
floodway,before,spring before the breach · 15 Apr – 5 Jun 2023,2023-05-06|2023-05-11|2023-05-16|2023-05-19|2023-06-05,0.524,BSI,1,< −0.1,NW_REEDS,14.878,0.5981,24.88
floodway,before,spring before the breach · 15 Apr – 5 Jun 2023,2023-05-06|2023-05-11|2023-05-16|2023-05-19|2023-06-05,0.524,BSI,2,−0.1–0.1,NW_REEDS,9.716,0.3906,24.88
floodway,before,spring before the breach · 15 Apr – 5 Jun 2023,2023-05-06|2023-05-11|2023-05-16|2023-05-19|2023-06-05,0.524,BSI,3,> 0.1,NW_REEDS,0.283,0.0114,24.88
floodway,before,spring before the breach · 15 Apr – 5 Jun 2023,2023-05-06|2023-05-11|2023-05-16|2023-05-19|2023-06-05,0.524,BSI,1,< −0.1,NW_TREES,24.436,0.9745,25.08
floodway,before,spring before the breach · 15 Apr – 5 Jun 2023,2023-05-06|2023-05-11|2023-05-16|2023-05-19|2023-06-05,0.524,BSI,2,−0.1–0.1,NW_TREES,0.634,0.0253,25.08
floodway,before,spring before the breach · 15 Apr – 5 Jun 2023,2023-05-06|2023-05-11|2023-05-16|2023-05-19|2023-06-05,0.524,BSI,3,> 0.1,NW_TREES,0.007,0.0003,25.08
floodway,before,spring before the breach · 15 Apr – 5 Jun 2023,2023-05-06|2023-05-11|2023-05-16|2023-05-19|2023-06-05,0.524,BSI,1,< −0.1,HIGH_REEDS,1.446,0.4078,3.55
floodway,before,spring before the breach · 15 Apr – 5 Jun 2023,2023-05-06|2023-05-11|2023-05-16|2023-05-19|2023-06-05,0.524,BSI,2,−0.1–0.1,HIGH_REEDS,1.622,0.4574,3.55
floodway,before,spring before the breach · 15 Apr – 5 Jun 2023,2023-05-06|2023-05-11|2023-05-16|2023-05-19|2023-06-05,0.524,BSI,3,> 0.1,HIGH_REEDS,0.478,0.1348,3.55
floodway,before,spring before the breach · 15 Apr – 5 Jun 2023,2023-05-06|2023-05-11|2023-05-16|2023-05-19|2023-06-05,0.524,BSI,1,< −0.1,OPEN_WATER,8.066,0.2154,37.45
floodway,before,spring before the breach · 15 Apr – 5 Jun 2023,2023-05-06|2023-05-11|2023-05-16|2023-05-19|2023-06-05,0.524,BSI,2,−0.1–0.1,OPEN_WATER,25.701,0.6863,37.45
floodway,before,spring before the breach · 15 Apr – 5 Jun 2023,2023-05-06|2023-05-11|2023-05-16|2023-05-19|2023-06-05,0.524,BSI,3,> 0.1,OPEN_WATER,3.684,0.0984,37.45
floodway,before,spring before the breach · 15 Apr – 5 Jun 2023,2023-05-06|2023-05-11|2023-05-16|2023-05-19|2023-06-05,0.524,BSI,1,< −0.1,EVENT_REEDS,1.841,0.4203,4.38
floodway,before,spring before the breach · 15 Apr – 5 Jun 2023,2023-05-06|2023-05-11|2023-05-16|2023-05-19|2023-06-05,0.524,BSI,2,−0.1–0.1,EVENT_REEDS,2.293,0.5233,4.38
floodway,before,spring before the breach · 15 Apr – 5 Jun 2023,2023-05-06|2023-05-11|2023-05-16|2023-05-19|2023-06-05,0.524,BSI,3,> 0.1,EVENT_REEDS,0.247,0.0564,4.38
floodway,before,spring before the breach · 15 Apr – 5 Jun 2023,2023-05-06|2023-05-11|2023-05-16|2023-05-19|2023-06-05,0.524,BSI,1,< −0.1,DRY_LAND,465.906,0.3571,1304.81
floodway,before,spring before the breach · 15 Apr – 5 Jun 2023,2023-05-06|2023-05-11|2023-05-16|2023-05-19|2023-06-05,0.524,BSI,2,−0.1–0.1,DRY_LAND,437.832,0.3356,1304.81
floodway,before,spring before the breach · 15 Apr – 5 Jun 2023,2023-05-06|2023-05-11|2023-05-16|2023-05-19|2023-06-05,0.524,BSI,3,> 0.1,DRY_LAND,401.074,0.3074,1304.81
floodway,before,spring before the breach · 15 Apr – 5 Jun 2023,2023-05-06|2023-05-11|2023-05-16|2023-05-19|2023-06-05,0.524,AWEIsh,1,< −0.3,ALL,1755.335,0.9646,1819.79
floodway,before,spring before the breach · 15 Apr – 5 Jun 2023,2023-05-06|2023-05-11|2023-05-16|2023-05-19|2023-06-05,0.524,AWEIsh,2,−0.3–0,ALL,34.308,0.0189,1819.79
floodway,before,spring before the breach · 15 Apr – 5 Jun 2023,2023-05-06|2023-05-11|2023-05-16|2023-05-19|2023-06-05,0.524,AWEIsh,3,0–0.3,ALL,30.143,0.0166,1819.79
floodway,before,spring before the breach · 15 Apr – 5 Jun 2023,2023-05-06|2023-05-11|2023-05-16|2023-05-19|2023-06-05,0.524,AWEIsh,4,> 0.3,ALL,0.001,0.0,1819.79
floodway,before,spring before the breach · 15 Apr – 5 Jun 2023,2023-05-06|2023-05-11|2023-05-16|2023-05-19|2023-06-05,0.524,AWEIsh,1,< −0.3,NW_REEDS,7.879,0.3167,24.88
floodway,before,spring before the breach · 15 Apr – 5 Jun 2023,2023-05-06|2023-05-11|2023-05-16|2023-05-19|2023-06-05,0.524,AWEIsh,2,−0.3–0,NW_REEDS,16.907,0.6796,24.88
floodway,before,spring before the breach · 15 Apr – 5 Jun 2023,2023-05-06|2023-05-11|2023-05-16|2023-05-19|2023-06-05,0.524,AWEIsh,3,0–0.3,NW_REEDS,0.092,0.0037,24.88
floodway,before,spring before the breach · 15 Apr – 5 Jun 2023,2023-05-06|2023-05-11|2023-05-16|2023-05-19|2023-06-05,0.524,AWEIsh,4,> 0.3,NW_REEDS,0.0,0.0,24.88
floodway,before,spring before the breach · 15 Apr – 5 Jun 2023,2023-05-06|2023-05-11|2023-05-16|2023-05-19|2023-06-05,0.524,AWEIsh,1,< −0.3,NW_TREES,23.43,0.9343,25.08
floodway,before,spring before the breach · 15 Apr – 5 Jun 2023,2023-05-06|2023-05-11|2023-05-16|2023-05-19|2023-06-05,0.524,AWEIsh,2,−0.3–0,NW_TREES,1.646,0.0657,25.08
floodway,before,spring before the breach · 15 Apr – 5 Jun 2023,2023-05-06|2023-05-11|2023-05-16|2023-05-19|2023-06-05,0.524,AWEIsh,3,0–0.3,NW_TREES,0.0,0.0,25.08
floodway,before,spring before the breach · 15 Apr – 5 Jun 2023,2023-05-06|2023-05-11|2023-05-16|2023-05-19|2023-06-05,0.524,AWEIsh,4,> 0.3,NW_TREES,0.0,0.0,25.08
floodway,before,spring before the breach · 15 Apr – 5 Jun 2023,2023-05-06|2023-05-11|2023-05-16|2023-05-19|2023-06-05,0.524,AWEIsh,1,< −0.3,HIGH_REEDS,2.699,0.7613,3.55
floodway,before,spring before the breach · 15 Apr – 5 Jun 2023,2023-05-06|2023-05-11|2023-05-16|2023-05-19|2023-06-05,0.524,AWEIsh,2,−0.3–0,HIGH_REEDS,0.84,0.2368,3.55
floodway,before,spring before the breach · 15 Apr – 5 Jun 2023,2023-05-06|2023-05-11|2023-05-16|2023-05-19|2023-06-05,0.524,AWEIsh,3,0–0.3,HIGH_REEDS,0.007,0.0019,3.55
floodway,before,spring before the breach · 15 Apr – 5 Jun 2023,2023-05-06|2023-05-11|2023-05-16|2023-05-19|2023-06-05,0.524,AWEIsh,4,> 0.3,HIGH_REEDS,0.0,0.0,3.55
floodway,before,spring before the breach · 15 Apr – 5 Jun 2023,2023-05-06|2023-05-11|2023-05-16|2023-05-19|2023-06-05,0.524,AWEIsh,1,< −0.3,OPEN_WATER,5.19,0.1386,37.45
floodway,before,spring before the breach · 15 Apr – 5 Jun 2023,2023-05-06|2023-05-11|2023-05-16|2023-05-19|2023-06-05,0.524,AWEIsh,2,−0.3–0,OPEN_WATER,4.159,0.1111,37.45
floodway,before,spring before the breach · 15 Apr – 5 Jun 2023,2023-05-06|2023-05-11|2023-05-16|2023-05-19|2023-06-05,0.524,AWEIsh,3,0–0.3,OPEN_WATER,28.102,0.7504,37.45
floodway,before,spring before the breach · 15 Apr – 5 Jun 2023,2023-05-06|2023-05-11|2023-05-16|2023-05-19|2023-06-05,0.524,AWEIsh,4,> 0.3,OPEN_WATER,0.001,0.0,37.45
floodway,before,spring before the breach · 15 Apr – 5 Jun 2023,2023-05-06|2023-05-11|2023-05-16|2023-05-19|2023-06-05,0.524,AWEIsh,1,< −0.3,EVENT_REEDS,3.654,0.834,4.38
floodway,before,spring before the breach · 15 Apr – 5 Jun 2023,2023-05-06|2023-05-11|2023-05-16|2023-05-19|2023-06-05,0.524,AWEIsh,2,−0.3–0,EVENT_REEDS,0.634,0.1448,4.38
floodway,before,spring before the breach · 15 Apr – 5 Jun 2023,2023-05-06|2023-05-11|2023-05-16|2023-05-19|2023-06-05,0.524,AWEIsh,3,0–0.3,EVENT_REEDS,0.093,0.0212,4.38
floodway,before,spring before the breach · 15 Apr – 5 Jun 2023,2023-05-06|2023-05-11|2023-05-16|2023-05-19|2023-06-05,0.524,AWEIsh,4,> 0.3,EVENT_REEDS,0.0,0.0,4.38
floodway,before,spring before the breach · 15 Apr – 5 Jun 2023,2023-05-06|2023-05-11|2023-05-16|2023-05-19|2023-06-05,0.524,AWEIsh,1,< −0.3,DRY_LAND,1304.524,0.9998,1304.81
floodway,before,spring before the breach · 15 Apr – 5 Jun 2023,2023-05-06|2023-05-11|2023-05-16|2023-05-19|2023-06-05,0.524,AWEIsh,2,−0.3–0,DRY_LAND,0.283,0.0002,1304.81
floodway,before,spring before the breach · 15 Apr – 5 Jun 2023,2023-05-06|2023-05-11|2023-05-16|2023-05-19|2023-06-05,0.524,AWEIsh,3,0–0.3,DRY_LAND,0.006,0.0,1304.81
floodway,before,spring before the breach · 15 Apr – 5 Jun 2023,2023-05-06|2023-05-11|2023-05-16|2023-05-19|2023-06-05,0.524,AWEIsh,4,> 0.3,DRY_LAND,0.0,0.0,1304.81
floodway,before,spring before the breach · 15 Apr – 5 Jun 2023,2023-05-06|2023-05-11|2023-05-16|2023-05-19|2023-06-05,0.524,NDTI,1,< −0.1,ALL,651.21,0.3578,1819.79
floodway,before,spring before the breach · 15 Apr – 5 Jun 2023,2023-05-06|2023-05-11|2023-05-16|2023-05-19|2023-06-05,0.524,NDTI,2,−0.1–0.1,ALL,975.572,0.5361,1819.79
floodway,before,spring before the breach · 15 Apr – 5 Jun 2023,2023-05-06|2023-05-11|2023-05-16|2023-05-19|2023-06-05,0.524,NDTI,3,> 0.1,ALL,193.005,0.1061,1819.79
floodway,before,spring before the breach · 15 Apr – 5 Jun 2023,2023-05-06|2023-05-11|2023-05-16|2023-05-19|2023-06-05,0.524,NDTI,1,< −0.1,NW_REEDS,9.261,0.3723,24.88
floodway,before,spring before the breach · 15 Apr – 5 Jun 2023,2023-05-06|2023-05-11|2023-05-16|2023-05-19|2023-06-05,0.524,NDTI,2,−0.1–0.1,NW_REEDS,15.591,0.6267,24.88
floodway,before,spring before the breach · 15 Apr – 5 Jun 2023,2023-05-06|2023-05-11|2023-05-16|2023-05-19|2023-06-05,0.524,NDTI,3,> 0.1,NW_REEDS,0.026,0.001,24.88
floodway,before,spring before the breach · 15 Apr – 5 Jun 2023,2023-05-06|2023-05-11|2023-05-16|2023-05-19|2023-06-05,0.524,NDTI,1,< −0.1,NW_TREES,23.882,0.9523,25.08
floodway,before,spring before the breach · 15 Apr – 5 Jun 2023,2023-05-06|2023-05-11|2023-05-16|2023-05-19|2023-06-05,0.524,NDTI,2,−0.1–0.1,NW_TREES,1.195,0.0476,25.08
floodway,before,spring before the breach · 15 Apr – 5 Jun 2023,2023-05-06|2023-05-11|2023-05-16|2023-05-19|2023-06-05,0.524,NDTI,3,> 0.1,NW_TREES,0.0,0.0,25.08
floodway,before,spring before the breach · 15 Apr – 5 Jun 2023,2023-05-06|2023-05-11|2023-05-16|2023-05-19|2023-06-05,0.524,NDTI,1,< −0.1,HIGH_REEDS,1.412,0.3982,3.55
floodway,before,spring before the breach · 15 Apr – 5 Jun 2023,2023-05-06|2023-05-11|2023-05-16|2023-05-19|2023-06-05,0.524,NDTI,2,−0.1–0.1,HIGH_REEDS,2.0,0.5643,3.55
floodway,before,spring before the breach · 15 Apr – 5 Jun 2023,2023-05-06|2023-05-11|2023-05-16|2023-05-19|2023-06-05,0.524,NDTI,3,> 0.1,HIGH_REEDS,0.133,0.0376,3.55
floodway,before,spring before the breach · 15 Apr – 5 Jun 2023,2023-05-06|2023-05-11|2023-05-16|2023-05-19|2023-06-05,0.524,NDTI,1,< −0.1,OPEN_WATER,32.231,0.8606,37.45
floodway,before,spring before the breach · 15 Apr – 5 Jun 2023,2023-05-06|2023-05-11|2023-05-16|2023-05-19|2023-06-05,0.524,NDTI,2,−0.1–0.1,OPEN_WATER,5.074,0.1355,37.45
floodway,before,spring before the breach · 15 Apr – 5 Jun 2023,2023-05-06|2023-05-11|2023-05-16|2023-05-19|2023-06-05,0.524,NDTI,3,> 0.1,OPEN_WATER,0.146,0.0039,37.45
floodway,before,spring before the breach · 15 Apr – 5 Jun 2023,2023-05-06|2023-05-11|2023-05-16|2023-05-19|2023-06-05,0.524,NDTI,1,< −0.1,EVENT_REEDS,2.021,0.4613,4.38
floodway,before,spring before the breach · 15 Apr – 5 Jun 2023,2023-05-06|2023-05-11|2023-05-16|2023-05-19|2023-06-05,0.524,NDTI,2,−0.1–0.1,EVENT_REEDS,2.236,0.5104,4.38
floodway,before,spring before the breach · 15 Apr – 5 Jun 2023,2023-05-06|2023-05-11|2023-05-16|2023-05-19|2023-06-05,0.524,NDTI,3,> 0.1,EVENT_REEDS,0.124,0.0283,4.38
floodway,before,spring before the breach · 15 Apr – 5 Jun 2023,2023-05-06|2023-05-11|2023-05-16|2023-05-19|2023-06-05,0.524,NDTI,1,< −0.1,DRY_LAND,432.756,0.3317,1304.81
floodway,before,spring before the breach · 15 Apr – 5 Jun 2023,2023-05-06|2023-05-11|2023-05-16|2023-05-19|2023-06-05,0.524,NDTI,2,−0.1–0.1,DRY_LAND,729.092,0.5588,1304.81
floodway,before,spring before the breach · 15 Apr – 5 Jun 2023,2023-05-06|2023-05-11|2023-05-16|2023-05-19|2023-06-05,0.524,NDTI,3,> 0.1,DRY_LAND,142.965,0.1096,1304.81
floodway,after,recession · 16 – 30 Jun 2023,2023-06-18|2023-06-20|2023-06-23|2023-06-25|2023-06-28|2023-06-30,0.996,NDVI,1,< 0.15,ALL,194.608,0.0562,3460.53
floodway,after,recession · 16 – 30 Jun 2023,2023-06-18|2023-06-20|2023-06-23|2023-06-25|2023-06-28|2023-06-30,0.996,NDVI,2,0.15–0.3,ALL,856.988,0.2476,3460.53
floodway,after,recession · 16 – 30 Jun 2023,2023-06-18|2023-06-20|2023-06-23|2023-06-25|2023-06-28|2023-06-30,0.996,NDVI,3,0.3–0.5,ALL,884.292,0.2555,3460.53
floodway,after,recession · 16 – 30 Jun 2023,2023-06-18|2023-06-20|2023-06-23|2023-06-25|2023-06-28|2023-06-30,0.996,NDVI,4,> 0.5,ALL,1524.639,0.4406,3460.53
floodway,after,recession · 16 – 30 Jun 2023,2023-06-18|2023-06-20|2023-06-23|2023-06-25|2023-06-28|2023-06-30,0.996,NDVI,1,< 0.15,NW_REEDS,17.863,0.1821,98.1
floodway,after,recession · 16 – 30 Jun 2023,2023-06-18|2023-06-20|2023-06-23|2023-06-25|2023-06-28|2023-06-30,0.996,NDVI,2,0.15–0.3,NW_REEDS,58.544,0.5968,98.1
floodway,after,recession · 16 – 30 Jun 2023,2023-06-18|2023-06-20|2023-06-23|2023-06-25|2023-06-28|2023-06-30,0.996,NDVI,3,0.3–0.5,NW_REEDS,16.696,0.1702,98.1
floodway,after,recession · 16 – 30 Jun 2023,2023-06-18|2023-06-20|2023-06-23|2023-06-25|2023-06-28|2023-06-30,0.996,NDVI,4,> 0.5,NW_REEDS,4.996,0.0509,98.1
floodway,after,recession · 16 – 30 Jun 2023,2023-06-18|2023-06-20|2023-06-23|2023-06-25|2023-06-28|2023-06-30,0.996,NDVI,1,< 0.15,NW_TREES,1.001,0.0208,48.17
floodway,after,recession · 16 – 30 Jun 2023,2023-06-18|2023-06-20|2023-06-23|2023-06-25|2023-06-28|2023-06-30,0.996,NDVI,2,0.15–0.3,NW_TREES,3.387,0.0703,48.17
floodway,after,recession · 16 – 30 Jun 2023,2023-06-18|2023-06-20|2023-06-23|2023-06-25|2023-06-28|2023-06-30,0.996,NDVI,3,0.3–0.5,NW_TREES,5.627,0.1168,48.17
floodway,after,recession · 16 – 30 Jun 2023,2023-06-18|2023-06-20|2023-06-23|2023-06-25|2023-06-28|2023-06-30,0.996,NDVI,4,> 0.5,NW_TREES,38.154,0.7921,48.17
floodway,after,recession · 16 – 30 Jun 2023,2023-06-18|2023-06-20|2023-06-23|2023-06-25|2023-06-28|2023-06-30,0.996,NDVI,1,< 0.15,HIGH_REEDS,0.026,0.0026,9.88
floodway,after,recession · 16 – 30 Jun 2023,2023-06-18|2023-06-20|2023-06-23|2023-06-25|2023-06-28|2023-06-30,0.996,NDVI,2,0.15–0.3,HIGH_REEDS,0.306,0.031,9.88
floodway,after,recession · 16 – 30 Jun 2023,2023-06-18|2023-06-20|2023-06-23|2023-06-25|2023-06-28|2023-06-30,0.996,NDVI,3,0.3–0.5,HIGH_REEDS,0.603,0.061,9.88
floodway,after,recession · 16 – 30 Jun 2023,2023-06-18|2023-06-20|2023-06-23|2023-06-25|2023-06-28|2023-06-30,0.996,NDVI,4,> 0.5,HIGH_REEDS,8.95,0.9054,9.88
floodway,after,recession · 16 – 30 Jun 2023,2023-06-18|2023-06-20|2023-06-23|2023-06-25|2023-06-28|2023-06-30,0.996,NDVI,1,< 0.15,OPEN_WATER,58.983,0.862,68.43
floodway,after,recession · 16 – 30 Jun 2023,2023-06-18|2023-06-20|2023-06-23|2023-06-25|2023-06-28|2023-06-30,0.996,NDVI,2,0.15–0.3,OPEN_WATER,2.034,0.0297,68.43
floodway,after,recession · 16 – 30 Jun 2023,2023-06-18|2023-06-20|2023-06-23|2023-06-25|2023-06-28|2023-06-30,0.996,NDVI,3,0.3–0.5,OPEN_WATER,2.611,0.0382,68.43
floodway,after,recession · 16 – 30 Jun 2023,2023-06-18|2023-06-20|2023-06-23|2023-06-25|2023-06-28|2023-06-30,0.996,NDVI,4,> 0.5,OPEN_WATER,4.801,0.0702,68.43
floodway,after,recession · 16 – 30 Jun 2023,2023-06-18|2023-06-20|2023-06-23|2023-06-25|2023-06-28|2023-06-30,0.996,NDVI,1,< 0.15,EVENT_REEDS,1.832,0.1425,12.86
floodway,after,recession · 16 – 30 Jun 2023,2023-06-18|2023-06-20|2023-06-23|2023-06-25|2023-06-28|2023-06-30,0.996,NDVI,2,0.15–0.3,EVENT_REEDS,5.314,0.4133,12.86
floodway,after,recession · 16 – 30 Jun 2023,2023-06-18|2023-06-20|2023-06-23|2023-06-25|2023-06-28|2023-06-30,0.996,NDVI,3,0.3–0.5,EVENT_REEDS,2.312,0.1798,12.86
floodway,after,recession · 16 – 30 Jun 2023,2023-06-18|2023-06-20|2023-06-23|2023-06-25|2023-06-28|2023-06-30,0.996,NDVI,4,> 0.5,EVENT_REEDS,3.4,0.2644,12.86
floodway,after,recession · 16 – 30 Jun 2023,2023-06-18|2023-06-20|2023-06-23|2023-06-25|2023-06-28|2023-06-30,0.996,NDVI,1,< 0.15,DRY_LAND,33.986,0.0139,2446.52
floodway,after,recession · 16 – 30 Jun 2023,2023-06-18|2023-06-20|2023-06-23|2023-06-25|2023-06-28|2023-06-30,0.996,NDVI,2,0.15–0.3,DRY_LAND,654.552,0.2675,2446.52
floodway,after,recession · 16 – 30 Jun 2023,2023-06-18|2023-06-20|2023-06-23|2023-06-25|2023-06-28|2023-06-30,0.996,NDVI,3,0.3–0.5,DRY_LAND,684.969,0.28,2446.52
floodway,after,recession · 16 – 30 Jun 2023,2023-06-18|2023-06-20|2023-06-23|2023-06-25|2023-06-28|2023-06-30,0.996,NDVI,4,> 0.5,DRY_LAND,1073.017,0.4386,2446.52
floodway,after,recession · 16 – 30 Jun 2023,2023-06-18|2023-06-20|2023-06-23|2023-06-25|2023-06-28|2023-06-30,0.996,NDWI,1,< −0.3,ALL,3039.872,0.8784,3460.53
floodway,after,recession · 16 – 30 Jun 2023,2023-06-18|2023-06-20|2023-06-23|2023-06-25|2023-06-28|2023-06-30,0.996,NDWI,2,−0.3–0,ALL,340.599,0.0984,3460.53
floodway,after,recession · 16 – 30 Jun 2023,2023-06-18|2023-06-20|2023-06-23|2023-06-25|2023-06-28|2023-06-30,0.996,NDWI,3,0–0.3,ALL,53.711,0.0155,3460.53
floodway,after,recession · 16 – 30 Jun 2023,2023-06-18|2023-06-20|2023-06-23|2023-06-25|2023-06-28|2023-06-30,0.996,NDWI,4,> 0.3,ALL,26.348,0.0076,3460.53
floodway,after,recession · 16 – 30 Jun 2023,2023-06-18|2023-06-20|2023-06-23|2023-06-25|2023-06-28|2023-06-30,0.996,NDWI,1,< −0.3,NW_REEDS,49.941,0.5091,98.1
floodway,after,recession · 16 – 30 Jun 2023,2023-06-18|2023-06-20|2023-06-23|2023-06-25|2023-06-28|2023-06-30,0.996,NDWI,2,−0.3–0,NW_REEDS,43.49,0.4433,98.1
floodway,after,recession · 16 – 30 Jun 2023,2023-06-18|2023-06-20|2023-06-23|2023-06-25|2023-06-28|2023-06-30,0.996,NDWI,3,0–0.3,NW_REEDS,4.29,0.0437,98.1
floodway,after,recession · 16 – 30 Jun 2023,2023-06-18|2023-06-20|2023-06-23|2023-06-25|2023-06-28|2023-06-30,0.996,NDWI,4,> 0.3,NW_REEDS,0.378,0.0038,98.1
floodway,after,recession · 16 – 30 Jun 2023,2023-06-18|2023-06-20|2023-06-23|2023-06-25|2023-06-28|2023-06-30,0.996,NDWI,1,< −0.3,NW_TREES,44.936,0.9329,48.17
floodway,after,recession · 16 – 30 Jun 2023,2023-06-18|2023-06-20|2023-06-23|2023-06-25|2023-06-28|2023-06-30,0.996,NDWI,2,−0.3–0,NW_TREES,2.943,0.0611,48.17
floodway,after,recession · 16 – 30 Jun 2023,2023-06-18|2023-06-20|2023-06-23|2023-06-25|2023-06-28|2023-06-30,0.996,NDWI,3,0–0.3,NW_TREES,0.18,0.0037,48.17
floodway,after,recession · 16 – 30 Jun 2023,2023-06-18|2023-06-20|2023-06-23|2023-06-25|2023-06-28|2023-06-30,0.996,NDWI,4,> 0.3,NW_TREES,0.111,0.0023,48.17
floodway,after,recession · 16 – 30 Jun 2023,2023-06-18|2023-06-20|2023-06-23|2023-06-25|2023-06-28|2023-06-30,0.996,NDWI,1,< −0.3,HIGH_REEDS,9.7,0.9814,9.88
floodway,after,recession · 16 – 30 Jun 2023,2023-06-18|2023-06-20|2023-06-23|2023-06-25|2023-06-28|2023-06-30,0.996,NDWI,2,−0.3–0,HIGH_REEDS,0.172,0.0174,9.88
floodway,after,recession · 16 – 30 Jun 2023,2023-06-18|2023-06-20|2023-06-23|2023-06-25|2023-06-28|2023-06-30,0.996,NDWI,3,0–0.3,HIGH_REEDS,0.01,0.001,9.88
floodway,after,recession · 16 – 30 Jun 2023,2023-06-18|2023-06-20|2023-06-23|2023-06-25|2023-06-28|2023-06-30,0.996,NDWI,4,> 0.3,HIGH_REEDS,0.002,0.0002,9.88
floodway,after,recession · 16 – 30 Jun 2023,2023-06-18|2023-06-20|2023-06-23|2023-06-25|2023-06-28|2023-06-30,0.996,NDWI,1,< −0.3,OPEN_WATER,6.649,0.0972,68.43
floodway,after,recession · 16 – 30 Jun 2023,2023-06-18|2023-06-20|2023-06-23|2023-06-25|2023-06-28|2023-06-30,0.996,NDWI,2,−0.3–0,OPEN_WATER,4.766,0.0696,68.43
floodway,after,recession · 16 – 30 Jun 2023,2023-06-18|2023-06-20|2023-06-23|2023-06-25|2023-06-28|2023-06-30,0.996,NDWI,3,0–0.3,OPEN_WATER,35.521,0.5191,68.43
floodway,after,recession · 16 – 30 Jun 2023,2023-06-18|2023-06-20|2023-06-23|2023-06-25|2023-06-28|2023-06-30,0.996,NDWI,4,> 0.3,OPEN_WATER,21.496,0.3141,68.43
floodway,after,recession · 16 – 30 Jun 2023,2023-06-18|2023-06-20|2023-06-23|2023-06-25|2023-06-28|2023-06-30,0.996,NDWI,1,< −0.3,EVENT_REEDS,8.135,0.6326,12.86
floodway,after,recession · 16 – 30 Jun 2023,2023-06-18|2023-06-20|2023-06-23|2023-06-25|2023-06-28|2023-06-30,0.996,NDWI,2,−0.3–0,EVENT_REEDS,3.929,0.3055,12.86
floodway,after,recession · 16 – 30 Jun 2023,2023-06-18|2023-06-20|2023-06-23|2023-06-25|2023-06-28|2023-06-30,0.996,NDWI,3,0–0.3,EVENT_REEDS,0.487,0.0379,12.86
floodway,after,recession · 16 – 30 Jun 2023,2023-06-18|2023-06-20|2023-06-23|2023-06-25|2023-06-28|2023-06-30,0.996,NDWI,4,> 0.3,EVENT_REEDS,0.308,0.024,12.86
floodway,after,recession · 16 – 30 Jun 2023,2023-06-18|2023-06-20|2023-06-23|2023-06-25|2023-06-28|2023-06-30,0.996,NDWI,1,< −0.3,DRY_LAND,2288.941,0.9356,2446.52
floodway,after,recession · 16 – 30 Jun 2023,2023-06-18|2023-06-20|2023-06-23|2023-06-25|2023-06-28|2023-06-30,0.996,NDWI,2,−0.3–0,DRY_LAND,157.505,0.0644,2446.52
floodway,after,recession · 16 – 30 Jun 2023,2023-06-18|2023-06-20|2023-06-23|2023-06-25|2023-06-28|2023-06-30,0.996,NDWI,3,0–0.3,DRY_LAND,0.076,0.0,2446.52
floodway,after,recession · 16 – 30 Jun 2023,2023-06-18|2023-06-20|2023-06-23|2023-06-25|2023-06-28|2023-06-30,0.996,NDWI,4,> 0.3,DRY_LAND,0.002,0.0,2446.52
floodway,after,recession · 16 – 30 Jun 2023,2023-06-18|2023-06-20|2023-06-23|2023-06-25|2023-06-28|2023-06-30,0.996,MNDWI,1,< −0.3,ALL,3288.612,0.9503,3460.53
floodway,after,recession · 16 – 30 Jun 2023,2023-06-18|2023-06-20|2023-06-23|2023-06-25|2023-06-28|2023-06-30,0.996,MNDWI,2,−0.3–0,ALL,95.876,0.0277,3460.53
floodway,after,recession · 16 – 30 Jun 2023,2023-06-18|2023-06-20|2023-06-23|2023-06-25|2023-06-28|2023-06-30,0.996,MNDWI,3,0–0.3,ALL,29.231,0.0084,3460.53
floodway,after,recession · 16 – 30 Jun 2023,2023-06-18|2023-06-20|2023-06-23|2023-06-25|2023-06-28|2023-06-30,0.996,MNDWI,4,> 0.3,ALL,46.812,0.0135,3460.53
floodway,after,recession · 16 – 30 Jun 2023,2023-06-18|2023-06-20|2023-06-23|2023-06-25|2023-06-28|2023-06-30,0.996,MNDWI,1,< −0.3,NW_REEDS,72.149,0.7355,98.1
floodway,after,recession · 16 – 30 Jun 2023,2023-06-18|2023-06-20|2023-06-23|2023-06-25|2023-06-28|2023-06-30,0.996,MNDWI,2,−0.3–0,NW_REEDS,20.923,0.2133,98.1
floodway,after,recession · 16 – 30 Jun 2023,2023-06-18|2023-06-20|2023-06-23|2023-06-25|2023-06-28|2023-06-30,0.996,MNDWI,3,0–0.3,NW_REEDS,4.369,0.0445,98.1
floodway,after,recession · 16 – 30 Jun 2023,2023-06-18|2023-06-20|2023-06-23|2023-06-25|2023-06-28|2023-06-30,0.996,MNDWI,4,> 0.3,NW_REEDS,0.658,0.0067,98.1
floodway,after,recession · 16 – 30 Jun 2023,2023-06-18|2023-06-20|2023-06-23|2023-06-25|2023-06-28|2023-06-30,0.996,MNDWI,1,< −0.3,NW_TREES,43.753,0.9083,48.17
floodway,after,recession · 16 – 30 Jun 2023,2023-06-18|2023-06-20|2023-06-23|2023-06-25|2023-06-28|2023-06-30,0.996,MNDWI,2,−0.3–0,NW_TREES,4.112,0.0854,48.17
floodway,after,recession · 16 – 30 Jun 2023,2023-06-18|2023-06-20|2023-06-23|2023-06-25|2023-06-28|2023-06-30,0.996,MNDWI,3,0–0.3,NW_TREES,0.17,0.0035,48.17
floodway,after,recession · 16 – 30 Jun 2023,2023-06-18|2023-06-20|2023-06-23|2023-06-25|2023-06-28|2023-06-30,0.996,MNDWI,4,> 0.3,NW_TREES,0.135,0.0028,48.17
floodway,after,recession · 16 – 30 Jun 2023,2023-06-18|2023-06-20|2023-06-23|2023-06-25|2023-06-28|2023-06-30,0.996,MNDWI,1,< −0.3,HIGH_REEDS,9.718,0.9832,9.88
floodway,after,recession · 16 – 30 Jun 2023,2023-06-18|2023-06-20|2023-06-23|2023-06-25|2023-06-28|2023-06-30,0.996,MNDWI,2,−0.3–0,HIGH_REEDS,0.15,0.0151,9.88
floodway,after,recession · 16 – 30 Jun 2023,2023-06-18|2023-06-20|2023-06-23|2023-06-25|2023-06-28|2023-06-30,0.996,MNDWI,3,0–0.3,HIGH_REEDS,0.014,0.0014,9.88
floodway,after,recession · 16 – 30 Jun 2023,2023-06-18|2023-06-20|2023-06-23|2023-06-25|2023-06-28|2023-06-30,0.996,MNDWI,4,> 0.3,HIGH_REEDS,0.002,0.0002,9.88
floodway,after,recession · 16 – 30 Jun 2023,2023-06-18|2023-06-20|2023-06-23|2023-06-25|2023-06-28|2023-06-30,0.996,MNDWI,1,< −0.3,OPEN_WATER,6.444,0.0942,68.43
floodway,after,recession · 16 – 30 Jun 2023,2023-06-18|2023-06-20|2023-06-23|2023-06-25|2023-06-28|2023-06-30,0.996,MNDWI,2,−0.3–0,OPEN_WATER,6.117,0.0894,68.43
floodway,after,recession · 16 – 30 Jun 2023,2023-06-18|2023-06-20|2023-06-23|2023-06-25|2023-06-28|2023-06-30,0.996,MNDWI,3,0–0.3,OPEN_WATER,13.751,0.2009,68.43
floodway,after,recession · 16 – 30 Jun 2023,2023-06-18|2023-06-20|2023-06-23|2023-06-25|2023-06-28|2023-06-30,0.996,MNDWI,4,> 0.3,OPEN_WATER,42.12,0.6155,68.43
floodway,after,recession · 16 – 30 Jun 2023,2023-06-18|2023-06-20|2023-06-23|2023-06-25|2023-06-28|2023-06-30,0.996,MNDWI,1,< −0.3,EVENT_REEDS,10.242,0.7965,12.86
floodway,after,recession · 16 – 30 Jun 2023,2023-06-18|2023-06-20|2023-06-23|2023-06-25|2023-06-28|2023-06-30,0.996,MNDWI,2,−0.3–0,EVENT_REEDS,1.888,0.1468,12.86
floodway,after,recession · 16 – 30 Jun 2023,2023-06-18|2023-06-20|2023-06-23|2023-06-25|2023-06-28|2023-06-30,0.996,MNDWI,3,0–0.3,EVENT_REEDS,0.466,0.0363,12.86
floodway,after,recession · 16 – 30 Jun 2023,2023-06-18|2023-06-20|2023-06-23|2023-06-25|2023-06-28|2023-06-30,0.996,MNDWI,4,> 0.3,EVENT_REEDS,0.262,0.0204,12.86
floodway,after,recession · 16 – 30 Jun 2023,2023-06-18|2023-06-20|2023-06-23|2023-06-25|2023-06-28|2023-06-30,0.996,MNDWI,1,< −0.3,DRY_LAND,2423.218,0.9905,2446.52
floodway,after,recession · 16 – 30 Jun 2023,2023-06-18|2023-06-20|2023-06-23|2023-06-25|2023-06-28|2023-06-30,0.996,MNDWI,2,−0.3–0,DRY_LAND,23.16,0.0095,2446.52
floodway,after,recession · 16 – 30 Jun 2023,2023-06-18|2023-06-20|2023-06-23|2023-06-25|2023-06-28|2023-06-30,0.996,MNDWI,3,0–0.3,DRY_LAND,0.138,0.0001,2446.52
floodway,after,recession · 16 – 30 Jun 2023,2023-06-18|2023-06-20|2023-06-23|2023-06-25|2023-06-28|2023-06-30,0.996,MNDWI,4,> 0.3,DRY_LAND,0.007,0.0,2446.52
floodway,after,recession · 16 – 30 Jun 2023,2023-06-18|2023-06-20|2023-06-23|2023-06-25|2023-06-28|2023-06-30,0.996,NDMI,1,< −0.1,ALL,1100.287,0.318,3460.52
floodway,after,recession · 16 – 30 Jun 2023,2023-06-18|2023-06-20|2023-06-23|2023-06-25|2023-06-28|2023-06-30,0.996,NDMI,2,−0.1–0.1,ALL,1367.21,0.3951,3460.52
floodway,after,recession · 16 – 30 Jun 2023,2023-06-18|2023-06-20|2023-06-23|2023-06-25|2023-06-28|2023-06-30,0.996,NDMI,3,> 0.1,ALL,993.027,0.287,3460.52
floodway,after,recession · 16 – 30 Jun 2023,2023-06-18|2023-06-20|2023-06-23|2023-06-25|2023-06-28|2023-06-30,0.996,NDMI,1,< −0.1,NW_REEDS,52.835,0.5386,98.1
floodway,after,recession · 16 – 30 Jun 2023,2023-06-18|2023-06-20|2023-06-23|2023-06-25|2023-06-28|2023-06-30,0.996,NDMI,2,−0.1–0.1,NW_REEDS,36.566,0.3727,98.1
floodway,after,recession · 16 – 30 Jun 2023,2023-06-18|2023-06-20|2023-06-23|2023-06-25|2023-06-28|2023-06-30,0.996,NDMI,3,> 0.1,NW_REEDS,8.698,0.0887,98.1
floodway,after,recession · 16 – 30 Jun 2023,2023-06-18|2023-06-20|2023-06-23|2023-06-25|2023-06-28|2023-06-30,0.996,NDMI,1,< −0.1,NW_TREES,2.246,0.0466,48.17
floodway,after,recession · 16 – 30 Jun 2023,2023-06-18|2023-06-20|2023-06-23|2023-06-25|2023-06-28|2023-06-30,0.996,NDMI,2,−0.1–0.1,NW_TREES,7.954,0.1651,48.17
floodway,after,recession · 16 – 30 Jun 2023,2023-06-18|2023-06-20|2023-06-23|2023-06-25|2023-06-28|2023-06-30,0.996,NDMI,3,> 0.1,NW_TREES,37.97,0.7882,48.17
floodway,after,recession · 16 – 30 Jun 2023,2023-06-18|2023-06-20|2023-06-23|2023-06-25|2023-06-28|2023-06-30,0.996,NDMI,1,< −0.1,HIGH_REEDS,0.521,0.0527,9.88
floodway,after,recession · 16 – 30 Jun 2023,2023-06-18|2023-06-20|2023-06-23|2023-06-25|2023-06-28|2023-06-30,0.996,NDMI,2,−0.1–0.1,HIGH_REEDS,1.552,0.157,9.88
floodway,after,recession · 16 – 30 Jun 2023,2023-06-18|2023-06-20|2023-06-23|2023-06-25|2023-06-28|2023-06-30,0.996,NDMI,3,> 0.1,HIGH_REEDS,7.811,0.7903,9.88
floodway,after,recession · 16 – 30 Jun 2023,2023-06-18|2023-06-20|2023-06-23|2023-06-25|2023-06-28|2023-06-30,0.996,NDMI,1,< −0.1,OPEN_WATER,9.332,0.1364,68.43
floodway,after,recession · 16 – 30 Jun 2023,2023-06-18|2023-06-20|2023-06-23|2023-06-25|2023-06-28|2023-06-30,0.996,NDMI,2,−0.1–0.1,OPEN_WATER,19.003,0.2777,68.43
floodway,after,recession · 16 – 30 Jun 2023,2023-06-18|2023-06-20|2023-06-23|2023-06-25|2023-06-28|2023-06-30,0.996,NDMI,3,> 0.1,OPEN_WATER,40.096,0.5859,68.43
floodway,after,recession · 16 – 30 Jun 2023,2023-06-18|2023-06-20|2023-06-23|2023-06-25|2023-06-28|2023-06-30,0.996,NDMI,1,< −0.1,EVENT_REEDS,5.326,0.4142,12.86
floodway,after,recession · 16 – 30 Jun 2023,2023-06-18|2023-06-20|2023-06-23|2023-06-25|2023-06-28|2023-06-30,0.996,NDMI,2,−0.1–0.1,EVENT_REEDS,4.096,0.3185,12.86
floodway,after,recession · 16 – 30 Jun 2023,2023-06-18|2023-06-20|2023-06-23|2023-06-25|2023-06-28|2023-06-30,0.996,NDMI,3,> 0.1,EVENT_REEDS,3.438,0.2673,12.86
floodway,after,recession · 16 – 30 Jun 2023,2023-06-18|2023-06-20|2023-06-23|2023-06-25|2023-06-28|2023-06-30,0.996,NDMI,1,< −0.1,DRY_LAND,834.038,0.3409,2446.52
floodway,after,recession · 16 – 30 Jun 2023,2023-06-18|2023-06-20|2023-06-23|2023-06-25|2023-06-28|2023-06-30,0.996,NDMI,2,−0.1–0.1,DRY_LAND,1015.626,0.4151,2446.52
floodway,after,recession · 16 – 30 Jun 2023,2023-06-18|2023-06-20|2023-06-23|2023-06-25|2023-06-28|2023-06-30,0.996,NDMI,3,> 0.1,DRY_LAND,596.859,0.244,2446.52
floodway,after,recession · 16 – 30 Jun 2023,2023-06-18|2023-06-20|2023-06-23|2023-06-25|2023-06-28|2023-06-30,0.996,BSI,1,< −0.1,ALL,700.452,0.2024,3460.53
floodway,after,recession · 16 – 30 Jun 2023,2023-06-18|2023-06-20|2023-06-23|2023-06-25|2023-06-28|2023-06-30,0.996,BSI,2,−0.1–0.1,ALL,1408.628,0.4071,3460.53
floodway,after,recession · 16 – 30 Jun 2023,2023-06-18|2023-06-20|2023-06-23|2023-06-25|2023-06-28|2023-06-30,0.996,BSI,3,> 0.1,ALL,1351.45,0.3905,3460.53
floodway,after,recession · 16 – 30 Jun 2023,2023-06-18|2023-06-20|2023-06-23|2023-06-25|2023-06-28|2023-06-30,0.996,BSI,1,< −0.1,NW_REEDS,5.252,0.0535,98.1
floodway,after,recession · 16 – 30 Jun 2023,2023-06-18|2023-06-20|2023-06-23|2023-06-25|2023-06-28|2023-06-30,0.996,BSI,2,−0.1–0.1,NW_REEDS,38.113,0.3885,98.1
floodway,after,recession · 16 – 30 Jun 2023,2023-06-18|2023-06-20|2023-06-23|2023-06-25|2023-06-28|2023-06-30,0.996,BSI,3,> 0.1,NW_REEDS,54.734,0.558,98.1
floodway,after,recession · 16 – 30 Jun 2023,2023-06-18|2023-06-20|2023-06-23|2023-06-25|2023-06-28|2023-06-30,0.996,BSI,1,< −0.1,NW_TREES,35.088,0.7284,48.17
floodway,after,recession · 16 – 30 Jun 2023,2023-06-18|2023-06-20|2023-06-23|2023-06-25|2023-06-28|2023-06-30,0.996,BSI,2,−0.1–0.1,NW_TREES,10.304,0.2139,48.17
floodway,after,recession · 16 – 30 Jun 2023,2023-06-18|2023-06-20|2023-06-23|2023-06-25|2023-06-28|2023-06-30,0.996,BSI,3,> 0.1,NW_TREES,2.778,0.0577,48.17
floodway,after,recession · 16 – 30 Jun 2023,2023-06-18|2023-06-20|2023-06-23|2023-06-25|2023-06-28|2023-06-30,0.996,BSI,1,< −0.1,HIGH_REEDS,7.252,0.7336,9.88
floodway,after,recession · 16 – 30 Jun 2023,2023-06-18|2023-06-20|2023-06-23|2023-06-25|2023-06-28|2023-06-30,0.996,BSI,2,−0.1–0.1,HIGH_REEDS,2.12,0.2144,9.88
floodway,after,recession · 16 – 30 Jun 2023,2023-06-18|2023-06-20|2023-06-23|2023-06-25|2023-06-28|2023-06-30,0.996,BSI,3,> 0.1,HIGH_REEDS,0.513,0.0519,9.88
floodway,after,recession · 16 – 30 Jun 2023,2023-06-18|2023-06-20|2023-06-23|2023-06-25|2023-06-28|2023-06-30,0.996,BSI,1,< −0.1,OPEN_WATER,12.738,0.1861,68.43
floodway,after,recession · 16 – 30 Jun 2023,2023-06-18|2023-06-20|2023-06-23|2023-06-25|2023-06-28|2023-06-30,0.996,BSI,2,−0.1–0.1,OPEN_WATER,49.72,0.7266,68.43
floodway,after,recession · 16 – 30 Jun 2023,2023-06-18|2023-06-20|2023-06-23|2023-06-25|2023-06-28|2023-06-30,0.996,BSI,3,> 0.1,OPEN_WATER,5.974,0.0873,68.43
floodway,after,recession · 16 – 30 Jun 2023,2023-06-18|2023-06-20|2023-06-23|2023-06-25|2023-06-28|2023-06-30,0.996,BSI,1,< −0.1,EVENT_REEDS,2.672,0.2078,12.86
floodway,after,recession · 16 – 30 Jun 2023,2023-06-18|2023-06-20|2023-06-23|2023-06-25|2023-06-28|2023-06-30,0.996,BSI,2,−0.1–0.1,EVENT_REEDS,4.364,0.3394,12.86
floodway,after,recession · 16 – 30 Jun 2023,2023-06-18|2023-06-20|2023-06-23|2023-06-25|2023-06-28|2023-06-30,0.996,BSI,3,> 0.1,EVENT_REEDS,5.823,0.4528,12.86
floodway,after,recession · 16 – 30 Jun 2023,2023-06-18|2023-06-20|2023-06-23|2023-06-25|2023-06-28|2023-06-30,0.996,BSI,1,< −0.1,DRY_LAND,401.41,0.1641,2446.52
floodway,after,recession · 16 – 30 Jun 2023,2023-06-18|2023-06-20|2023-06-23|2023-06-25|2023-06-28|2023-06-30,0.996,BSI,2,−0.1–0.1,DRY_LAND,1000.68,0.409,2446.52
floodway,after,recession · 16 – 30 Jun 2023,2023-06-18|2023-06-20|2023-06-23|2023-06-25|2023-06-28|2023-06-30,0.996,BSI,3,> 0.1,DRY_LAND,1044.434,0.4269,2446.52
floodway,after,recession · 16 – 30 Jun 2023,2023-06-18|2023-06-20|2023-06-23|2023-06-25|2023-06-28|2023-06-30,0.996,AWEIsh,1,< −0.3,ALL,3192.229,0.9225,3460.53
floodway,after,recession · 16 – 30 Jun 2023,2023-06-18|2023-06-20|2023-06-23|2023-06-25|2023-06-28|2023-06-30,0.996,AWEIsh,2,−0.3–0,ALL,192.175,0.0555,3460.53
floodway,after,recession · 16 – 30 Jun 2023,2023-06-18|2023-06-20|2023-06-23|2023-06-25|2023-06-28|2023-06-30,0.996,AWEIsh,3,0–0.3,ALL,76.088,0.022,3460.53
floodway,after,recession · 16 – 30 Jun 2023,2023-06-18|2023-06-20|2023-06-23|2023-06-25|2023-06-28|2023-06-30,0.996,AWEIsh,4,> 0.3,ALL,0.04,0.0,3460.53
floodway,after,recession · 16 – 30 Jun 2023,2023-06-18|2023-06-20|2023-06-23|2023-06-25|2023-06-28|2023-06-30,0.996,AWEIsh,1,< −0.3,NW_REEDS,15.747,0.1605,98.1
floodway,after,recession · 16 – 30 Jun 2023,2023-06-18|2023-06-20|2023-06-23|2023-06-25|2023-06-28|2023-06-30,0.996,AWEIsh,2,−0.3–0,NW_REEDS,78.322,0.7984,98.1
floodway,after,recession · 16 – 30 Jun 2023,2023-06-18|2023-06-20|2023-06-23|2023-06-25|2023-06-28|2023-06-30,0.996,AWEIsh,3,0–0.3,NW_REEDS,4.031,0.0411,98.1
floodway,after,recession · 16 – 30 Jun 2023,2023-06-18|2023-06-20|2023-06-23|2023-06-25|2023-06-28|2023-06-30,0.996,AWEIsh,4,> 0.3,NW_REEDS,0.0,0.0,98.1
floodway,after,recession · 16 – 30 Jun 2023,2023-06-18|2023-06-20|2023-06-23|2023-06-25|2023-06-28|2023-06-30,0.996,AWEIsh,1,< −0.3,NW_TREES,36.871,0.7654,48.17
floodway,after,recession · 16 – 30 Jun 2023,2023-06-18|2023-06-20|2023-06-23|2023-06-25|2023-06-28|2023-06-30,0.996,AWEIsh,2,−0.3–0,NW_TREES,11.011,0.2286,48.17
floodway,after,recession · 16 – 30 Jun 2023,2023-06-18|2023-06-20|2023-06-23|2023-06-25|2023-06-28|2023-06-30,0.996,AWEIsh,3,0–0.3,NW_TREES,0.288,0.006,48.17
floodway,after,recession · 16 – 30 Jun 2023,2023-06-18|2023-06-20|2023-06-23|2023-06-25|2023-06-28|2023-06-30,0.996,AWEIsh,4,> 0.3,NW_TREES,0.0,0.0,48.17
floodway,after,recession · 16 – 30 Jun 2023,2023-06-18|2023-06-20|2023-06-23|2023-06-25|2023-06-28|2023-06-30,0.996,AWEIsh,1,< −0.3,HIGH_REEDS,9.118,0.9225,9.88
floodway,after,recession · 16 – 30 Jun 2023,2023-06-18|2023-06-20|2023-06-23|2023-06-25|2023-06-28|2023-06-30,0.996,AWEIsh,2,−0.3–0,HIGH_REEDS,0.756,0.0764,9.88
floodway,after,recession · 16 – 30 Jun 2023,2023-06-18|2023-06-20|2023-06-23|2023-06-25|2023-06-28|2023-06-30,0.996,AWEIsh,3,0–0.3,HIGH_REEDS,0.011,0.0011,9.88
floodway,after,recession · 16 – 30 Jun 2023,2023-06-18|2023-06-20|2023-06-23|2023-06-25|2023-06-28|2023-06-30,0.996,AWEIsh,4,> 0.3,HIGH_REEDS,0.0,0.0,9.88
floodway,after,recession · 16 – 30 Jun 2023,2023-06-18|2023-06-20|2023-06-23|2023-06-25|2023-06-28|2023-06-30,0.996,AWEIsh,1,< −0.3,OPEN_WATER,5.863,0.0857,68.43
floodway,after,recession · 16 – 30 Jun 2023,2023-06-18|2023-06-20|2023-06-23|2023-06-25|2023-06-28|2023-06-30,0.996,AWEIsh,2,−0.3–0,OPEN_WATER,6.04,0.0883,68.43
floodway,after,recession · 16 – 30 Jun 2023,2023-06-18|2023-06-20|2023-06-23|2023-06-25|2023-06-28|2023-06-30,0.996,AWEIsh,3,0–0.3,OPEN_WATER,56.529,0.8261,68.43
floodway,after,recession · 16 – 30 Jun 2023,2023-06-18|2023-06-20|2023-06-23|2023-06-25|2023-06-28|2023-06-30,0.996,AWEIsh,4,> 0.3,OPEN_WATER,0.001,0.0,68.43
floodway,after,recession · 16 – 30 Jun 2023,2023-06-18|2023-06-20|2023-06-23|2023-06-25|2023-06-28|2023-06-30,0.996,AWEIsh,1,< −0.3,EVENT_REEDS,5.423,0.4217,12.86
floodway,after,recession · 16 – 30 Jun 2023,2023-06-18|2023-06-20|2023-06-23|2023-06-25|2023-06-28|2023-06-30,0.996,AWEIsh,2,−0.3–0,EVENT_REEDS,6.752,0.5251,12.86
floodway,after,recession · 16 – 30 Jun 2023,2023-06-18|2023-06-20|2023-06-23|2023-06-25|2023-06-28|2023-06-30,0.996,AWEIsh,3,0–0.3,EVENT_REEDS,0.684,0.0532,12.86
floodway,after,recession · 16 – 30 Jun 2023,2023-06-18|2023-06-20|2023-06-23|2023-06-25|2023-06-28|2023-06-30,0.996,AWEIsh,4,> 0.3,EVENT_REEDS,0.0,0.0,12.86
floodway,after,recession · 16 – 30 Jun 2023,2023-06-18|2023-06-20|2023-06-23|2023-06-25|2023-06-28|2023-06-30,0.996,AWEIsh,1,< −0.3,DRY_LAND,2435.328,0.9954,2446.52
floodway,after,recession · 16 – 30 Jun 2023,2023-06-18|2023-06-20|2023-06-23|2023-06-25|2023-06-28|2023-06-30,0.996,AWEIsh,2,−0.3–0,DRY_LAND,10.95,0.0045,2446.52
floodway,after,recession · 16 – 30 Jun 2023,2023-06-18|2023-06-20|2023-06-23|2023-06-25|2023-06-28|2023-06-30,0.996,AWEIsh,3,0–0.3,DRY_LAND,0.212,0.0001,2446.52
floodway,after,recession · 16 – 30 Jun 2023,2023-06-18|2023-06-20|2023-06-23|2023-06-25|2023-06-28|2023-06-30,0.996,AWEIsh,4,> 0.3,DRY_LAND,0.033,0.0,2446.52
floodway,after,recession · 16 – 30 Jun 2023,2023-06-18|2023-06-20|2023-06-23|2023-06-25|2023-06-28|2023-06-30,0.996,NDTI,1,< −0.1,ALL,727.617,0.2103,3460.53
floodway,after,recession · 16 – 30 Jun 2023,2023-06-18|2023-06-20|2023-06-23|2023-06-25|2023-06-28|2023-06-30,0.996,NDTI,2,−0.1–0.1,ALL,1957.495,0.5657,3460.53
floodway,after,recession · 16 – 30 Jun 2023,2023-06-18|2023-06-20|2023-06-23|2023-06-25|2023-06-28|2023-06-30,0.996,NDTI,3,> 0.1,ALL,775.42,0.2241,3460.53
floodway,after,recession · 16 – 30 Jun 2023,2023-06-18|2023-06-20|2023-06-23|2023-06-25|2023-06-28|2023-06-30,0.996,NDTI,1,< −0.1,NW_REEDS,5.544,0.0565,98.1
floodway,after,recession · 16 – 30 Jun 2023,2023-06-18|2023-06-20|2023-06-23|2023-06-25|2023-06-28|2023-06-30,0.996,NDTI,2,−0.1–0.1,NW_REEDS,71.686,0.7307,98.1
floodway,after,recession · 16 – 30 Jun 2023,2023-06-18|2023-06-20|2023-06-23|2023-06-25|2023-06-28|2023-06-30,0.996,NDTI,3,> 0.1,NW_REEDS,20.87,0.2127,98.1
floodway,after,recession · 16 – 30 Jun 2023,2023-06-18|2023-06-20|2023-06-23|2023-06-25|2023-06-28|2023-06-30,0.996,NDTI,1,< −0.1,NW_TREES,34.029,0.7064,48.17
floodway,after,recession · 16 – 30 Jun 2023,2023-06-18|2023-06-20|2023-06-23|2023-06-25|2023-06-28|2023-06-30,0.996,NDTI,2,−0.1–0.1,NW_TREES,13.648,0.2833,48.17
floodway,after,recession · 16 – 30 Jun 2023,2023-06-18|2023-06-20|2023-06-23|2023-06-25|2023-06-28|2023-06-30,0.996,NDTI,3,> 0.1,NW_TREES,0.493,0.0102,48.17
floodway,after,recession · 16 – 30 Jun 2023,2023-06-18|2023-06-20|2023-06-23|2023-06-25|2023-06-28|2023-06-30,0.996,NDTI,1,< −0.1,HIGH_REEDS,7.861,0.7953,9.88
floodway,after,recession · 16 – 30 Jun 2023,2023-06-18|2023-06-20|2023-06-23|2023-06-25|2023-06-28|2023-06-30,0.996,NDTI,2,−0.1–0.1,HIGH_REEDS,1.944,0.1967,9.88
floodway,after,recession · 16 – 30 Jun 2023,2023-06-18|2023-06-20|2023-06-23|2023-06-25|2023-06-28|2023-06-30,0.996,NDTI,3,> 0.1,HIGH_REEDS,0.079,0.008,9.88
floodway,after,recession · 16 – 30 Jun 2023,2023-06-18|2023-06-20|2023-06-23|2023-06-25|2023-06-28|2023-06-30,0.996,NDTI,1,< −0.1,OPEN_WATER,26.627,0.3891,68.43
floodway,after,recession · 16 – 30 Jun 2023,2023-06-18|2023-06-20|2023-06-23|2023-06-25|2023-06-28|2023-06-30,0.996,NDTI,2,−0.1–0.1,OPEN_WATER,41.442,0.6056,68.43
floodway,after,recession · 16 – 30 Jun 2023,2023-06-18|2023-06-20|2023-06-23|2023-06-25|2023-06-28|2023-06-30,0.996,NDTI,3,> 0.1,OPEN_WATER,0.363,0.0053,68.43
floodway,after,recession · 16 – 30 Jun 2023,2023-06-18|2023-06-20|2023-06-23|2023-06-25|2023-06-28|2023-06-30,0.996,NDTI,1,< −0.1,EVENT_REEDS,2.925,0.2275,12.86
floodway,after,recession · 16 – 30 Jun 2023,2023-06-18|2023-06-20|2023-06-23|2023-06-25|2023-06-28|2023-06-30,0.996,NDTI,2,−0.1–0.1,EVENT_REEDS,7.858,0.6111,12.86
floodway,after,recession · 16 – 30 Jun 2023,2023-06-18|2023-06-20|2023-06-23|2023-06-25|2023-06-28|2023-06-30,0.996,NDTI,3,> 0.1,EVENT_REEDS,2.076,0.1615,12.86
floodway,after,recession · 16 – 30 Jun 2023,2023-06-18|2023-06-20|2023-06-23|2023-06-25|2023-06-28|2023-06-30,0.996,NDTI,1,< −0.1,DRY_LAND,420.058,0.1717,2446.52
floodway,after,recession · 16 – 30 Jun 2023,2023-06-18|2023-06-20|2023-06-23|2023-06-25|2023-06-28|2023-06-30,0.996,NDTI,2,−0.1–0.1,DRY_LAND,1388.434,0.5675,2446.52
floodway,after,recession · 16 – 30 Jun 2023,2023-06-18|2023-06-20|2023-06-23|2023-06-25|2023-06-28|2023-06-30,0.996,NDTI,3,> 0.1,DRY_LAND,638.031,0.2608,2446.52
floodway,after,after the flood · Jul 2023,2023-07-03|2023-07-05|2023-07-08|2023-07-15|2023-07-25|2023-07-28|2023-07-30,0.995,NDVI,1,< 0.15,ALL,182.446,0.0528,3457.14
floodway,after,after the flood · Jul 2023,2023-07-03|2023-07-05|2023-07-08|2023-07-15|2023-07-25|2023-07-28|2023-07-30,0.995,NDVI,2,0.15–0.3,ALL,824.854,0.2386,3457.14
floodway,after,after the flood · Jul 2023,2023-07-03|2023-07-05|2023-07-08|2023-07-15|2023-07-25|2023-07-28|2023-07-30,0.995,NDVI,3,0.3–0.5,ALL,1092.384,0.316,3457.14
floodway,after,after the flood · Jul 2023,2023-07-03|2023-07-05|2023-07-08|2023-07-15|2023-07-25|2023-07-28|2023-07-30,0.995,NDVI,4,> 0.5,ALL,1357.453,0.3927,3457.14
floodway,after,after the flood · Jul 2023,2023-07-03|2023-07-05|2023-07-08|2023-07-15|2023-07-25|2023-07-28|2023-07-30,0.995,NDVI,1,< 0.15,NW_REEDS,5.84,0.0608,96.08
floodway,after,after the flood · Jul 2023,2023-07-03|2023-07-05|2023-07-08|2023-07-15|2023-07-25|2023-07-28|2023-07-30,0.995,NDVI,2,0.15–0.3,NW_REEDS,43.708,0.4549,96.08
floodway,after,after the flood · Jul 2023,2023-07-03|2023-07-05|2023-07-08|2023-07-15|2023-07-25|2023-07-28|2023-07-30,0.995,NDVI,3,0.3–0.5,NW_REEDS,33.924,0.3531,96.08
floodway,after,after the flood · Jul 2023,2023-07-03|2023-07-05|2023-07-08|2023-07-15|2023-07-25|2023-07-28|2023-07-30,0.995,NDVI,4,> 0.5,NW_REEDS,12.608,0.1312,96.08
floodway,after,after the flood · Jul 2023,2023-07-03|2023-07-05|2023-07-08|2023-07-15|2023-07-25|2023-07-28|2023-07-30,0.995,NDVI,1,< 0.15,NW_TREES,0.899,0.0189,47.57
floodway,after,after the flood · Jul 2023,2023-07-03|2023-07-05|2023-07-08|2023-07-15|2023-07-25|2023-07-28|2023-07-30,0.995,NDVI,2,0.15–0.3,NW_TREES,2.625,0.0552,47.57
floodway,after,after the flood · Jul 2023,2023-07-03|2023-07-05|2023-07-08|2023-07-15|2023-07-25|2023-07-28|2023-07-30,0.995,NDVI,3,0.3–0.5,NW_TREES,4.354,0.0915,47.57
floodway,after,after the flood · Jul 2023,2023-07-03|2023-07-05|2023-07-08|2023-07-15|2023-07-25|2023-07-28|2023-07-30,0.995,NDVI,4,> 0.5,NW_TREES,39.692,0.8344,47.57
floodway,after,after the flood · Jul 2023,2023-07-03|2023-07-05|2023-07-08|2023-07-15|2023-07-25|2023-07-28|2023-07-30,0.995,NDVI,1,< 0.15,HIGH_REEDS,0.016,0.0017,9.86
floodway,after,after the flood · Jul 2023,2023-07-03|2023-07-05|2023-07-08|2023-07-15|2023-07-25|2023-07-28|2023-07-30,0.995,NDVI,2,0.15–0.3,HIGH_REEDS,0.145,0.0147,9.86
floodway,after,after the flood · Jul 2023,2023-07-03|2023-07-05|2023-07-08|2023-07-15|2023-07-25|2023-07-28|2023-07-30,0.995,NDVI,3,0.3–0.5,HIGH_REEDS,0.632,0.0641,9.86
floodway,after,after the flood · Jul 2023,2023-07-03|2023-07-05|2023-07-08|2023-07-15|2023-07-25|2023-07-28|2023-07-30,0.995,NDVI,4,> 0.5,HIGH_REEDS,9.066,0.9195,9.86
floodway,after,after the flood · Jul 2023,2023-07-03|2023-07-05|2023-07-08|2023-07-15|2023-07-25|2023-07-28|2023-07-30,0.995,NDVI,1,< 0.15,OPEN_WATER,58.732,0.856,68.61
floodway,after,after the flood · Jul 2023,2023-07-03|2023-07-05|2023-07-08|2023-07-15|2023-07-25|2023-07-28|2023-07-30,0.995,NDVI,2,0.15–0.3,OPEN_WATER,2.503,0.0365,68.61
floodway,after,after the flood · Jul 2023,2023-07-03|2023-07-05|2023-07-08|2023-07-15|2023-07-25|2023-07-28|2023-07-30,0.995,NDVI,3,0.3–0.5,OPEN_WATER,3.212,0.0468,68.61
floodway,after,after the flood · Jul 2023,2023-07-03|2023-07-05|2023-07-08|2023-07-15|2023-07-25|2023-07-28|2023-07-30,0.995,NDVI,4,> 0.5,OPEN_WATER,4.165,0.0607,68.61
floodway,after,after the flood · Jul 2023,2023-07-03|2023-07-05|2023-07-08|2023-07-15|2023-07-25|2023-07-28|2023-07-30,0.995,NDVI,1,< 0.15,EVENT_REEDS,0.898,0.0721,12.45
floodway,after,after the flood · Jul 2023,2023-07-03|2023-07-05|2023-07-08|2023-07-15|2023-07-25|2023-07-28|2023-07-30,0.995,NDVI,2,0.15–0.3,EVENT_REEDS,4.519,0.3629,12.45
floodway,after,after the flood · Jul 2023,2023-07-03|2023-07-05|2023-07-08|2023-07-15|2023-07-25|2023-07-28|2023-07-30,0.995,NDVI,3,0.3–0.5,EVENT_REEDS,3.144,0.2524,12.45
floodway,after,after the flood · Jul 2023,2023-07-03|2023-07-05|2023-07-08|2023-07-15|2023-07-25|2023-07-28|2023-07-30,0.995,NDVI,4,> 0.5,EVENT_REEDS,3.894,0.3126,12.45
floodway,after,after the flood · Jul 2023,2023-07-03|2023-07-05|2023-07-08|2023-07-15|2023-07-25|2023-07-28|2023-07-30,0.995,NDVI,1,< 0.15,DRY_LAND,41.138,0.0168,2451.15
floodway,after,after the flood · Jul 2023,2023-07-03|2023-07-05|2023-07-08|2023-07-15|2023-07-25|2023-07-28|2023-07-30,0.995,NDVI,2,0.15–0.3,DRY_LAND,654.455,0.267,2451.15
floodway,after,after the flood · Jul 2023,2023-07-03|2023-07-05|2023-07-08|2023-07-15|2023-07-25|2023-07-28|2023-07-30,0.995,NDVI,3,0.3–0.5,DRY_LAND,867.494,0.3539,2451.15
floodway,after,after the flood · Jul 2023,2023-07-03|2023-07-05|2023-07-08|2023-07-15|2023-07-25|2023-07-28|2023-07-30,0.995,NDVI,4,> 0.5,DRY_LAND,888.065,0.3623,2451.15
floodway,after,after the flood · Jul 2023,2023-07-03|2023-07-05|2023-07-08|2023-07-15|2023-07-25|2023-07-28|2023-07-30,0.995,NDWI,1,< −0.3,ALL,3084.597,0.8922,3457.14
floodway,after,after the flood · Jul 2023,2023-07-03|2023-07-05|2023-07-08|2023-07-15|2023-07-25|2023-07-28|2023-07-30,0.995,NDWI,2,−0.3–0,ALL,302.419,0.0875,3457.14
floodway,after,after the flood · Jul 2023,2023-07-03|2023-07-05|2023-07-08|2023-07-15|2023-07-25|2023-07-28|2023-07-30,0.995,NDWI,3,0–0.3,ALL,39.851,0.0115,3457.14
floodway,after,after the flood · Jul 2023,2023-07-03|2023-07-05|2023-07-08|2023-07-15|2023-07-25|2023-07-28|2023-07-30,0.995,NDWI,4,> 0.3,ALL,30.271,0.0088,3457.14
floodway,after,after the flood · Jul 2023,2023-07-03|2023-07-05|2023-07-08|2023-07-15|2023-07-25|2023-07-28|2023-07-30,0.995,NDWI,1,< −0.3,NW_REEDS,79.584,0.8283,96.08
floodway,after,after the flood · Jul 2023,2023-07-03|2023-07-05|2023-07-08|2023-07-15|2023-07-25|2023-07-28|2023-07-30,0.995,NDWI,2,−0.3–0,NW_REEDS,14.963,0.1557,96.08
floodway,after,after the flood · Jul 2023,2023-07-03|2023-07-05|2023-07-08|2023-07-15|2023-07-25|2023-07-28|2023-07-30,0.995,NDWI,3,0–0.3,NW_REEDS,1.424,0.0148,96.08
floodway,after,after the flood · Jul 2023,2023-07-03|2023-07-05|2023-07-08|2023-07-15|2023-07-25|2023-07-28|2023-07-30,0.995,NDWI,4,> 0.3,NW_REEDS,0.109,0.0011,96.08
floodway,after,after the flood · Jul 2023,2023-07-03|2023-07-05|2023-07-08|2023-07-15|2023-07-25|2023-07-28|2023-07-30,0.995,NDWI,1,< −0.3,NW_TREES,45.11,0.9483,47.57
floodway,after,after the flood · Jul 2023,2023-07-03|2023-07-05|2023-07-08|2023-07-15|2023-07-25|2023-07-28|2023-07-30,0.995,NDWI,2,−0.3–0,NW_TREES,2.258,0.0475,47.57
floodway,after,after the flood · Jul 2023,2023-07-03|2023-07-05|2023-07-08|2023-07-15|2023-07-25|2023-07-28|2023-07-30,0.995,NDWI,3,0–0.3,NW_TREES,0.11,0.0023,47.57
floodway,after,after the flood · Jul 2023,2023-07-03|2023-07-05|2023-07-08|2023-07-15|2023-07-25|2023-07-28|2023-07-30,0.995,NDWI,4,> 0.3,NW_TREES,0.094,0.002,47.57
floodway,after,after the flood · Jul 2023,2023-07-03|2023-07-05|2023-07-08|2023-07-15|2023-07-25|2023-07-28|2023-07-30,0.995,NDWI,1,< −0.3,HIGH_REEDS,9.749,0.9888,9.86
floodway,after,after the flood · Jul 2023,2023-07-03|2023-07-05|2023-07-08|2023-07-15|2023-07-25|2023-07-28|2023-07-30,0.995,NDWI,2,−0.3–0,HIGH_REEDS,0.102,0.0103,9.86
floodway,after,after the flood · Jul 2023,2023-07-03|2023-07-05|2023-07-08|2023-07-15|2023-07-25|2023-07-28|2023-07-30,0.995,NDWI,3,0–0.3,HIGH_REEDS,0.008,0.0008,9.86
floodway,after,after the flood · Jul 2023,2023-07-03|2023-07-05|2023-07-08|2023-07-15|2023-07-25|2023-07-28|2023-07-30,0.995,NDWI,4,> 0.3,HIGH_REEDS,0.0,0.0,9.86
floodway,after,after the flood · Jul 2023,2023-07-03|2023-07-05|2023-07-08|2023-07-15|2023-07-25|2023-07-28|2023-07-30,0.995,NDWI,1,< −0.3,OPEN_WATER,6.466,0.0942,68.61
floodway,after,after the flood · Jul 2023,2023-07-03|2023-07-05|2023-07-08|2023-07-15|2023-07-25|2023-07-28|2023-07-30,0.995,NDWI,2,−0.3–0,OPEN_WATER,5.167,0.0753,68.61
floodway,after,after the flood · Jul 2023,2023-07-03|2023-07-05|2023-07-08|2023-07-15|2023-07-25|2023-07-28|2023-07-30,0.995,NDWI,3,0–0.3,OPEN_WATER,28.682,0.418,68.61
floodway,after,after the flood · Jul 2023,2023-07-03|2023-07-05|2023-07-08|2023-07-15|2023-07-25|2023-07-28|2023-07-30,0.995,NDWI,4,> 0.3,OPEN_WATER,28.298,0.4124,68.61
floodway,after,after the flood · Jul 2023,2023-07-03|2023-07-05|2023-07-08|2023-07-15|2023-07-25|2023-07-28|2023-07-30,0.995,NDWI,1,< −0.3,EVENT_REEDS,10.025,0.805,12.45
floodway,after,after the flood · Jul 2023,2023-07-03|2023-07-05|2023-07-08|2023-07-15|2023-07-25|2023-07-28|2023-07-30,0.995,NDWI,2,−0.3–0,EVENT_REEDS,2.091,0.1679,12.45
floodway,after,after the flood · Jul 2023,2023-07-03|2023-07-05|2023-07-08|2023-07-15|2023-07-25|2023-07-28|2023-07-30,0.995,NDWI,3,0–0.3,EVENT_REEDS,0.287,0.0231,12.45
floodway,after,after the flood · Jul 2023,2023-07-03|2023-07-05|2023-07-08|2023-07-15|2023-07-25|2023-07-28|2023-07-30,0.995,NDWI,4,> 0.3,EVENT_REEDS,0.05,0.004,12.45
floodway,after,after the flood · Jul 2023,2023-07-03|2023-07-05|2023-07-08|2023-07-15|2023-07-25|2023-07-28|2023-07-30,0.995,NDWI,1,< −0.3,DRY_LAND,2286.052,0.9326,2451.15
floodway,after,after the flood · Jul 2023,2023-07-03|2023-07-05|2023-07-08|2023-07-15|2023-07-25|2023-07-28|2023-07-30,0.995,NDWI,2,−0.3–0,DRY_LAND,165.08,0.0673,2451.15
floodway,after,after the flood · Jul 2023,2023-07-03|2023-07-05|2023-07-08|2023-07-15|2023-07-25|2023-07-28|2023-07-30,0.995,NDWI,3,0–0.3,DRY_LAND,0.021,0.0,2451.15
floodway,after,after the flood · Jul 2023,2023-07-03|2023-07-05|2023-07-08|2023-07-15|2023-07-25|2023-07-28|2023-07-30,0.995,NDWI,4,> 0.3,DRY_LAND,0.0,0.0,2451.15
floodway,after,after the flood · Jul 2023,2023-07-03|2023-07-05|2023-07-08|2023-07-15|2023-07-25|2023-07-28|2023-07-30,0.995,MNDWI,1,< −0.3,ALL,3337.371,0.9654,3457.14
floodway,after,after the flood · Jul 2023,2023-07-03|2023-07-05|2023-07-08|2023-07-15|2023-07-25|2023-07-28|2023-07-30,0.995,MNDWI,2,−0.3–0,ALL,52.025,0.015,3457.14
floodway,after,after the flood · Jul 2023,2023-07-03|2023-07-05|2023-07-08|2023-07-15|2023-07-25|2023-07-28|2023-07-30,0.995,MNDWI,3,0–0.3,ALL,21.446,0.0062,3457.14
floodway,after,after the flood · Jul 2023,2023-07-03|2023-07-05|2023-07-08|2023-07-15|2023-07-25|2023-07-28|2023-07-30,0.995,MNDWI,4,> 0.3,ALL,46.297,0.0134,3457.14
floodway,after,after the flood · Jul 2023,2023-07-03|2023-07-05|2023-07-08|2023-07-15|2023-07-25|2023-07-28|2023-07-30,0.995,MNDWI,1,< −0.3,NW_REEDS,85.62,0.8911,96.08
floodway,after,after the flood · Jul 2023,2023-07-03|2023-07-05|2023-07-08|2023-07-15|2023-07-25|2023-07-28|2023-07-30,0.995,MNDWI,2,−0.3–0,NW_REEDS,8.388,0.0873,96.08
floodway,after,after the flood · Jul 2023,2023-07-03|2023-07-05|2023-07-08|2023-07-15|2023-07-25|2023-07-28|2023-07-30,0.995,MNDWI,3,0–0.3,NW_REEDS,1.714,0.0178,96.08
floodway,after,after the flood · Jul 2023,2023-07-03|2023-07-05|2023-07-08|2023-07-15|2023-07-25|2023-07-28|2023-07-30,0.995,MNDWI,4,> 0.3,NW_REEDS,0.357,0.0037,96.08
floodway,after,after the flood · Jul 2023,2023-07-03|2023-07-05|2023-07-08|2023-07-15|2023-07-25|2023-07-28|2023-07-30,0.995,MNDWI,1,< −0.3,NW_TREES,45.589,0.9584,47.57
floodway,after,after the flood · Jul 2023,2023-07-03|2023-07-05|2023-07-08|2023-07-15|2023-07-25|2023-07-28|2023-07-30,0.995,MNDWI,2,−0.3–0,NW_TREES,1.812,0.0381,47.57
floodway,after,after the flood · Jul 2023,2023-07-03|2023-07-05|2023-07-08|2023-07-15|2023-07-25|2023-07-28|2023-07-30,0.995,MNDWI,3,0–0.3,NW_TREES,0.049,0.001,47.57
floodway,after,after the flood · Jul 2023,2023-07-03|2023-07-05|2023-07-08|2023-07-15|2023-07-25|2023-07-28|2023-07-30,0.995,MNDWI,4,> 0.3,NW_TREES,0.12,0.0025,47.57
floodway,after,after the flood · Jul 2023,2023-07-03|2023-07-05|2023-07-08|2023-07-15|2023-07-25|2023-07-28|2023-07-30,0.995,MNDWI,1,< −0.3,HIGH_REEDS,9.71,0.9848,9.86
floodway,after,after the flood · Jul 2023,2023-07-03|2023-07-05|2023-07-08|2023-07-15|2023-07-25|2023-07-28|2023-07-30,0.995,MNDWI,2,−0.3–0,HIGH_REEDS,0.132,0.0133,9.86
floodway,after,after the flood · Jul 2023,2023-07-03|2023-07-05|2023-07-08|2023-07-15|2023-07-25|2023-07-28|2023-07-30,0.995,MNDWI,3,0–0.3,HIGH_REEDS,0.018,0.0018,9.86
floodway,after,after the flood · Jul 2023,2023-07-03|2023-07-05|2023-07-08|2023-07-15|2023-07-25|2023-07-28|2023-07-30,0.995,MNDWI,4,> 0.3,HIGH_REEDS,0.0,0.0,9.86
floodway,after,after the flood · Jul 2023,2023-07-03|2023-07-05|2023-07-08|2023-07-15|2023-07-25|2023-07-28|2023-07-30,0.995,MNDWI,1,< −0.3,OPEN_WATER,6.646,0.0969,68.61
floodway,after,after the flood · Jul 2023,2023-07-03|2023-07-05|2023-07-08|2023-07-15|2023-07-25|2023-07-28|2023-07-30,0.995,MNDWI,2,−0.3–0,OPEN_WATER,6.34,0.0924,68.61
floodway,after,after the flood · Jul 2023,2023-07-03|2023-07-05|2023-07-08|2023-07-15|2023-07-25|2023-07-28|2023-07-30,0.995,MNDWI,3,0–0.3,OPEN_WATER,13.028,0.1899,68.61
floodway,after,after the flood · Jul 2023,2023-07-03|2023-07-05|2023-07-08|2023-07-15|2023-07-25|2023-07-28|2023-07-30,0.995,MNDWI,4,> 0.3,OPEN_WATER,42.599,0.6209,68.61
floodway,after,after the flood · Jul 2023,2023-07-03|2023-07-05|2023-07-08|2023-07-15|2023-07-25|2023-07-28|2023-07-30,0.995,MNDWI,1,< −0.3,EVENT_REEDS,10.923,0.8771,12.45
floodway,after,after the flood · Jul 2023,2023-07-03|2023-07-05|2023-07-08|2023-07-15|2023-07-25|2023-07-28|2023-07-30,0.995,MNDWI,2,−0.3–0,EVENT_REEDS,1.073,0.0862,12.45
floodway,after,after the flood · Jul 2023,2023-07-03|2023-07-05|2023-07-08|2023-07-15|2023-07-25|2023-07-28|2023-07-30,0.995,MNDWI,3,0–0.3,EVENT_REEDS,0.334,0.0269,12.45
floodway,after,after the flood · Jul 2023,2023-07-03|2023-07-05|2023-07-08|2023-07-15|2023-07-25|2023-07-28|2023-07-30,0.995,MNDWI,4,> 0.3,EVENT_REEDS,0.124,0.0099,12.45
floodway,after,after the flood · Jul 2023,2023-07-03|2023-07-05|2023-07-08|2023-07-15|2023-07-25|2023-07-28|2023-07-30,0.995,MNDWI,1,< −0.3,DRY_LAND,2446.756,0.9982,2451.15
floodway,after,after the flood · Jul 2023,2023-07-03|2023-07-05|2023-07-08|2023-07-15|2023-07-25|2023-07-28|2023-07-30,0.995,MNDWI,2,−0.3–0,DRY_LAND,4.384,0.0018,2451.15
floodway,after,after the flood · Jul 2023,2023-07-03|2023-07-05|2023-07-08|2023-07-15|2023-07-25|2023-07-28|2023-07-30,0.995,MNDWI,3,0–0.3,DRY_LAND,0.012,0.0,2451.15
floodway,after,after the flood · Jul 2023,2023-07-03|2023-07-05|2023-07-08|2023-07-15|2023-07-25|2023-07-28|2023-07-30,0.995,MNDWI,4,> 0.3,DRY_LAND,0.002,0.0,2451.15
floodway,after,after the flood · Jul 2023,2023-07-03|2023-07-05|2023-07-08|2023-07-15|2023-07-25|2023-07-28|2023-07-30,0.995,NDMI,1,< −0.1,ALL,1324.656,0.3832,3457.14
floodway,after,after the flood · Jul 2023,2023-07-03|2023-07-05|2023-07-08|2023-07-15|2023-07-25|2023-07-28|2023-07-30,0.995,NDMI,2,−0.1–0.1,ALL,1353.496,0.3915,3457.14
floodway,after,after the flood · Jul 2023,2023-07-03|2023-07-05|2023-07-08|2023-07-15|2023-07-25|2023-07-28|2023-07-30,0.995,NDMI,3,> 0.1,ALL,778.986,0.2253,3457.14
floodway,after,after the flood · Jul 2023,2023-07-03|2023-07-05|2023-07-08|2023-07-15|2023-07-25|2023-07-28|2023-07-30,0.995,NDMI,1,< −0.1,NW_REEDS,60.02,0.6247,96.08
floodway,after,after the flood · Jul 2023,2023-07-03|2023-07-05|2023-07-08|2023-07-15|2023-07-25|2023-07-28|2023-07-30,0.995,NDMI,2,−0.1–0.1,NW_REEDS,26.922,0.2802,96.08
floodway,after,after the flood · Jul 2023,2023-07-03|2023-07-05|2023-07-08|2023-07-15|2023-07-25|2023-07-28|2023-07-30,0.995,NDMI,3,> 0.1,NW_REEDS,9.138,0.0951,96.08
floodway,after,after the flood · Jul 2023,2023-07-03|2023-07-05|2023-07-08|2023-07-15|2023-07-25|2023-07-28|2023-07-30,0.995,NDMI,1,< −0.1,NW_TREES,2.205,0.0463,47.57
floodway,after,after the flood · Jul 2023,2023-07-03|2023-07-05|2023-07-08|2023-07-15|2023-07-25|2023-07-28|2023-07-30,0.995,NDMI,2,−0.1–0.1,NW_TREES,7.966,0.1675,47.57
floodway,after,after the flood · Jul 2023,2023-07-03|2023-07-05|2023-07-08|2023-07-15|2023-07-25|2023-07-28|2023-07-30,0.995,NDMI,3,> 0.1,NW_TREES,37.4,0.7862,47.57
floodway,after,after the flood · Jul 2023,2023-07-03|2023-07-05|2023-07-08|2023-07-15|2023-07-25|2023-07-28|2023-07-30,0.995,NDMI,1,< −0.1,HIGH_REEDS,0.499,0.0506,9.86
floodway,after,after the flood · Jul 2023,2023-07-03|2023-07-05|2023-07-08|2023-07-15|2023-07-25|2023-07-28|2023-07-30,0.995,NDMI,2,−0.1–0.1,HIGH_REEDS,1.603,0.1626,9.86
floodway,after,after the flood · Jul 2023,2023-07-03|2023-07-05|2023-07-08|2023-07-15|2023-07-25|2023-07-28|2023-07-30,0.995,NDMI,3,> 0.1,HIGH_REEDS,7.757,0.7868,9.86
floodway,after,after the flood · Jul 2023,2023-07-03|2023-07-05|2023-07-08|2023-07-15|2023-07-25|2023-07-28|2023-07-30,0.995,NDMI,1,< −0.1,OPEN_WATER,7.595,0.1107,68.61
floodway,after,after the flood · Jul 2023,2023-07-03|2023-07-05|2023-07-08|2023-07-15|2023-07-25|2023-07-28|2023-07-30,0.995,NDMI,2,−0.1–0.1,OPEN_WATER,18.267,0.2662,68.61
floodway,after,after the flood · Jul 2023,2023-07-03|2023-07-05|2023-07-08|2023-07-15|2023-07-25|2023-07-28|2023-07-30,0.995,NDMI,3,> 0.1,OPEN_WATER,42.751,0.6231,68.61
floodway,after,after the flood · Jul 2023,2023-07-03|2023-07-05|2023-07-08|2023-07-15|2023-07-25|2023-07-28|2023-07-30,0.995,NDMI,1,< −0.1,EVENT_REEDS,5.254,0.4218,12.45
floodway,after,after the flood · Jul 2023,2023-07-03|2023-07-05|2023-07-08|2023-07-15|2023-07-25|2023-07-28|2023-07-30,0.995,NDMI,2,−0.1–0.1,EVENT_REEDS,3.674,0.295,12.45
floodway,after,after the flood · Jul 2023,2023-07-03|2023-07-05|2023-07-08|2023-07-15|2023-07-25|2023-07-28|2023-07-30,0.995,NDMI,3,> 0.1,EVENT_REEDS,3.526,0.2832,12.45
floodway,after,after the flood · Jul 2023,2023-07-03|2023-07-05|2023-07-08|2023-07-15|2023-07-25|2023-07-28|2023-07-30,0.995,NDMI,1,< −0.1,DRY_LAND,1052.177,0.4293,2451.15
floodway,after,after the flood · Jul 2023,2023-07-03|2023-07-05|2023-07-08|2023-07-15|2023-07-25|2023-07-28|2023-07-30,0.995,NDMI,2,−0.1–0.1,DRY_LAND,1008.256,0.4113,2451.15
floodway,after,after the flood · Jul 2023,2023-07-03|2023-07-05|2023-07-08|2023-07-15|2023-07-25|2023-07-28|2023-07-30,0.995,NDMI,3,> 0.1,DRY_LAND,390.72,0.1594,2451.15
floodway,after,after the flood · Jul 2023,2023-07-03|2023-07-05|2023-07-08|2023-07-15|2023-07-25|2023-07-28|2023-07-30,0.995,BSI,1,< −0.1,ALL,584.099,0.169,3457.14
floodway,after,after the flood · Jul 2023,2023-07-03|2023-07-05|2023-07-08|2023-07-15|2023-07-25|2023-07-28|2023-07-30,0.995,BSI,2,−0.1–0.1,ALL,1267.129,0.3665,3457.14
floodway,after,after the flood · Jul 2023,2023-07-03|2023-07-05|2023-07-08|2023-07-15|2023-07-25|2023-07-28|2023-07-30,0.995,BSI,3,> 0.1,ALL,1605.91,0.4645,3457.14
floodway,after,after the flood · Jul 2023,2023-07-03|2023-07-05|2023-07-08|2023-07-15|2023-07-25|2023-07-28|2023-07-30,0.995,BSI,1,< −0.1,NW_REEDS,6.403,0.0666,96.08
floodway,after,after the flood · Jul 2023,2023-07-03|2023-07-05|2023-07-08|2023-07-15|2023-07-25|2023-07-28|2023-07-30,0.995,BSI,2,−0.1–0.1,NW_REEDS,23.308,0.2426,96.08
floodway,after,after the flood · Jul 2023,2023-07-03|2023-07-05|2023-07-08|2023-07-15|2023-07-25|2023-07-28|2023-07-30,0.995,BSI,3,> 0.1,NW_REEDS,66.369,0.6908,96.08
floodway,after,after the flood · Jul 2023,2023-07-03|2023-07-05|2023-07-08|2023-07-15|2023-07-25|2023-07-28|2023-07-30,0.995,BSI,1,< −0.1,NW_TREES,34.392,0.723,47.57
floodway,after,after the flood · Jul 2023,2023-07-03|2023-07-05|2023-07-08|2023-07-15|2023-07-25|2023-07-28|2023-07-30,0.995,BSI,2,−0.1–0.1,NW_TREES,10.173,0.2138,47.57
floodway,after,after the flood · Jul 2023,2023-07-03|2023-07-05|2023-07-08|2023-07-15|2023-07-25|2023-07-28|2023-07-30,0.995,BSI,3,> 0.1,NW_TREES,3.006,0.0632,47.57
floodway,after,after the flood · Jul 2023,2023-07-03|2023-07-05|2023-07-08|2023-07-15|2023-07-25|2023-07-28|2023-07-30,0.995,BSI,1,< −0.1,HIGH_REEDS,7.153,0.7255,9.86
floodway,after,after the flood · Jul 2023,2023-07-03|2023-07-05|2023-07-08|2023-07-15|2023-07-25|2023-07-28|2023-07-30,0.995,BSI,2,−0.1–0.1,HIGH_REEDS,2.18,0.2212,9.86
floodway,after,after the flood · Jul 2023,2023-07-03|2023-07-05|2023-07-08|2023-07-15|2023-07-25|2023-07-28|2023-07-30,0.995,BSI,3,> 0.1,HIGH_REEDS,0.526,0.0534,9.86
floodway,after,after the flood · Jul 2023,2023-07-03|2023-07-05|2023-07-08|2023-07-15|2023-07-25|2023-07-28|2023-07-30,0.995,BSI,1,< −0.1,OPEN_WATER,26.004,0.379,68.61
floodway,after,after the flood · Jul 2023,2023-07-03|2023-07-05|2023-07-08|2023-07-15|2023-07-25|2023-07-28|2023-07-30,0.995,BSI,2,−0.1–0.1,OPEN_WATER,37.42,0.5454,68.61
floodway,after,after the flood · Jul 2023,2023-07-03|2023-07-05|2023-07-08|2023-07-15|2023-07-25|2023-07-28|2023-07-30,0.995,BSI,3,> 0.1,OPEN_WATER,5.189,0.0756,68.61
floodway,after,after the flood · Jul 2023,2023-07-03|2023-07-05|2023-07-08|2023-07-15|2023-07-25|2023-07-28|2023-07-30,0.995,BSI,1,< −0.1,EVENT_REEDS,2.818,0.2263,12.45
floodway,after,after the flood · Jul 2023,2023-07-03|2023-07-05|2023-07-08|2023-07-15|2023-07-25|2023-07-28|2023-07-30,0.995,BSI,2,−0.1–0.1,EVENT_REEDS,3.732,0.2997,12.45
floodway,after,after the flood · Jul 2023,2023-07-03|2023-07-05|2023-07-08|2023-07-15|2023-07-25|2023-07-28|2023-07-30,0.995,BSI,3,> 0.1,EVENT_REEDS,5.904,0.474,12.45
floodway,after,after the flood · Jul 2023,2023-07-03|2023-07-05|2023-07-08|2023-07-15|2023-07-25|2023-07-28|2023-07-30,0.995,BSI,1,< −0.1,DRY_LAND,280.645,0.1145,2451.15
floodway,after,after the flood · Jul 2023,2023-07-03|2023-07-05|2023-07-08|2023-07-15|2023-07-25|2023-07-28|2023-07-30,0.995,BSI,2,−0.1–0.1,DRY_LAND,885.333,0.3612,2451.15
floodway,after,after the flood · Jul 2023,2023-07-03|2023-07-05|2023-07-08|2023-07-15|2023-07-25|2023-07-28|2023-07-30,0.995,BSI,3,> 0.1,DRY_LAND,1285.175,0.5243,2451.15
floodway,after,after the flood · Jul 2023,2023-07-03|2023-07-05|2023-07-08|2023-07-15|2023-07-25|2023-07-28|2023-07-30,0.995,AWEIsh,1,< −0.3,ALL,3266.965,0.945,3457.14
floodway,after,after the flood · Jul 2023,2023-07-03|2023-07-05|2023-07-08|2023-07-15|2023-07-25|2023-07-28|2023-07-30,0.995,AWEIsh,2,−0.3–0,ALL,122.167,0.0353,3457.14
floodway,after,after the flood · Jul 2023,2023-07-03|2023-07-05|2023-07-08|2023-07-15|2023-07-25|2023-07-28|2023-07-30,0.995,AWEIsh,3,0–0.3,ALL,67.996,0.0197,3457.14
floodway,after,after the flood · Jul 2023,2023-07-03|2023-07-05|2023-07-08|2023-07-15|2023-07-25|2023-07-28|2023-07-30,0.995,AWEIsh,4,> 0.3,ALL,0.01,0.0,3457.14
floodway,after,after the flood · Jul 2023,2023-07-03|2023-07-05|2023-07-08|2023-07-15|2023-07-25|2023-07-28|2023-07-30,0.995,AWEIsh,1,< −0.3,NW_REEDS,46.723,0.4863,96.08
floodway,after,after the flood · Jul 2023,2023-07-03|2023-07-05|2023-07-08|2023-07-15|2023-07-25|2023-07-28|2023-07-30,0.995,AWEIsh,2,−0.3–0,NW_REEDS,48.004,0.4996,96.08
floodway,after,after the flood · Jul 2023,2023-07-03|2023-07-05|2023-07-08|2023-07-15|2023-07-25|2023-07-28|2023-07-30,0.995,AWEIsh,3,0–0.3,NW_REEDS,1.353,0.0141,96.08
floodway,after,after the flood · Jul 2023,2023-07-03|2023-07-05|2023-07-08|2023-07-15|2023-07-25|2023-07-28|2023-07-30,0.995,AWEIsh,4,> 0.3,NW_REEDS,0.0,0.0,96.08
floodway,after,after the flood · Jul 2023,2023-07-03|2023-07-05|2023-07-08|2023-07-15|2023-07-25|2023-07-28|2023-07-30,0.995,AWEIsh,1,< −0.3,NW_TREES,43.013,0.9042,47.57
floodway,after,after the flood · Jul 2023,2023-07-03|2023-07-05|2023-07-08|2023-07-15|2023-07-25|2023-07-28|2023-07-30,0.995,AWEIsh,2,−0.3–0,NW_TREES,4.387,0.0922,47.57
floodway,after,after the flood · Jul 2023,2023-07-03|2023-07-05|2023-07-08|2023-07-15|2023-07-25|2023-07-28|2023-07-30,0.995,AWEIsh,3,0–0.3,NW_TREES,0.17,0.0036,47.57
floodway,after,after the flood · Jul 2023,2023-07-03|2023-07-05|2023-07-08|2023-07-15|2023-07-25|2023-07-28|2023-07-30,0.995,AWEIsh,4,> 0.3,NW_TREES,0.0,0.0,47.57
floodway,after,after the flood · Jul 2023,2023-07-03|2023-07-05|2023-07-08|2023-07-15|2023-07-25|2023-07-28|2023-07-30,0.995,AWEIsh,1,< −0.3,HIGH_REEDS,9.473,0.9608,9.86
floodway,after,after the flood · Jul 2023,2023-07-03|2023-07-05|2023-07-08|2023-07-15|2023-07-25|2023-07-28|2023-07-30,0.995,AWEIsh,2,−0.3–0,HIGH_REEDS,0.38,0.0386,9.86
floodway,after,after the flood · Jul 2023,2023-07-03|2023-07-05|2023-07-08|2023-07-15|2023-07-25|2023-07-28|2023-07-30,0.995,AWEIsh,3,0–0.3,HIGH_REEDS,0.006,0.0006,9.86
floodway,after,after the flood · Jul 2023,2023-07-03|2023-07-05|2023-07-08|2023-07-15|2023-07-25|2023-07-28|2023-07-30,0.995,AWEIsh,4,> 0.3,HIGH_REEDS,0.0,0.0,9.86
floodway,after,after the flood · Jul 2023,2023-07-03|2023-07-05|2023-07-08|2023-07-15|2023-07-25|2023-07-28|2023-07-30,0.995,AWEIsh,1,< −0.3,OPEN_WATER,6.162,0.0898,68.61
floodway,after,after the flood · Jul 2023,2023-07-03|2023-07-05|2023-07-08|2023-07-15|2023-07-25|2023-07-28|2023-07-30,0.995,AWEIsh,2,−0.3–0,OPEN_WATER,5.96,0.0869,68.61
floodway,after,after the flood · Jul 2023,2023-07-03|2023-07-05|2023-07-08|2023-07-15|2023-07-25|2023-07-28|2023-07-30,0.995,AWEIsh,3,0–0.3,OPEN_WATER,56.489,0.8233,68.61
floodway,after,after the flood · Jul 2023,2023-07-03|2023-07-05|2023-07-08|2023-07-15|2023-07-25|2023-07-28|2023-07-30,0.995,AWEIsh,4,> 0.3,OPEN_WATER,0.001,0.0,68.61
floodway,after,after the flood · Jul 2023,2023-07-03|2023-07-05|2023-07-08|2023-07-15|2023-07-25|2023-07-28|2023-07-30,0.995,AWEIsh,1,< −0.3,EVENT_REEDS,8.112,0.6514,12.45
floodway,after,after the flood · Jul 2023,2023-07-03|2023-07-05|2023-07-08|2023-07-15|2023-07-25|2023-07-28|2023-07-30,0.995,AWEIsh,2,−0.3–0,EVENT_REEDS,3.944,0.3167,12.45
floodway,after,after the flood · Jul 2023,2023-07-03|2023-07-05|2023-07-08|2023-07-15|2023-07-25|2023-07-28|2023-07-30,0.995,AWEIsh,3,0–0.3,EVENT_REEDS,0.398,0.032,12.45
floodway,after,after the flood · Jul 2023,2023-07-03|2023-07-05|2023-07-08|2023-07-15|2023-07-25|2023-07-28|2023-07-30,0.995,AWEIsh,4,> 0.3,EVENT_REEDS,0.0,0.0,12.45
floodway,after,after the flood · Jul 2023,2023-07-03|2023-07-05|2023-07-08|2023-07-15|2023-07-25|2023-07-28|2023-07-30,0.995,AWEIsh,1,< −0.3,DRY_LAND,2446.919,0.9983,2451.15
floodway,after,after the flood · Jul 2023,2023-07-03|2023-07-05|2023-07-08|2023-07-15|2023-07-25|2023-07-28|2023-07-30,0.995,AWEIsh,2,−0.3–0,DRY_LAND,4.225,0.0017,2451.15
floodway,after,after the flood · Jul 2023,2023-07-03|2023-07-05|2023-07-08|2023-07-15|2023-07-25|2023-07-28|2023-07-30,0.995,AWEIsh,3,0–0.3,DRY_LAND,0.009,0.0,2451.15
floodway,after,after the flood · Jul 2023,2023-07-03|2023-07-05|2023-07-08|2023-07-15|2023-07-25|2023-07-28|2023-07-30,0.995,AWEIsh,4,> 0.3,DRY_LAND,0.0,0.0,2451.15
floodway,after,after the flood · Jul 2023,2023-07-03|2023-07-05|2023-07-08|2023-07-15|2023-07-25|2023-07-28|2023-07-30,0.995,NDTI,1,< −0.1,ALL,659.925,0.1909,3457.14
floodway,after,after the flood · Jul 2023,2023-07-03|2023-07-05|2023-07-08|2023-07-15|2023-07-25|2023-07-28|2023-07-30,0.995,NDTI,2,−0.1–0.1,ALL,1936.851,0.5602,3457.14
floodway,after,after the flood · Jul 2023,2023-07-03|2023-07-05|2023-07-08|2023-07-15|2023-07-25|2023-07-28|2023-07-30,0.995,NDTI,3,> 0.1,ALL,860.362,0.2489,3457.14
floodway,after,after the flood · Jul 2023,2023-07-03|2023-07-05|2023-07-08|2023-07-15|2023-07-25|2023-07-28|2023-07-30,0.995,NDTI,1,< −0.1,NW_REEDS,9.032,0.094,96.08
floodway,after,after the flood · Jul 2023,2023-07-03|2023-07-05|2023-07-08|2023-07-15|2023-07-25|2023-07-28|2023-07-30,0.995,NDTI,2,−0.1–0.1,NW_REEDS,44.318,0.4613,96.08
floodway,after,after the flood · Jul 2023,2023-07-03|2023-07-05|2023-07-08|2023-07-15|2023-07-25|2023-07-28|2023-07-30,0.995,NDTI,3,> 0.1,NW_REEDS,42.731,0.4447,96.08
floodway,after,after the flood · Jul 2023,2023-07-03|2023-07-05|2023-07-08|2023-07-15|2023-07-25|2023-07-28|2023-07-30,0.995,NDTI,1,< −0.1,NW_TREES,34.884,0.7333,47.57
floodway,after,after the flood · Jul 2023,2023-07-03|2023-07-05|2023-07-08|2023-07-15|2023-07-25|2023-07-28|2023-07-30,0.995,NDTI,2,−0.1–0.1,NW_TREES,12.016,0.2526,47.57
floodway,after,after the flood · Jul 2023,2023-07-03|2023-07-05|2023-07-08|2023-07-15|2023-07-25|2023-07-28|2023-07-30,0.995,NDTI,3,> 0.1,NW_TREES,0.671,0.0141,47.57
floodway,after,after the flood · Jul 2023,2023-07-03|2023-07-05|2023-07-08|2023-07-15|2023-07-25|2023-07-28|2023-07-30,0.995,NDTI,1,< −0.1,HIGH_REEDS,7.956,0.807,9.86
floodway,after,after the flood · Jul 2023,2023-07-03|2023-07-05|2023-07-08|2023-07-15|2023-07-25|2023-07-28|2023-07-30,0.995,NDTI,2,−0.1–0.1,HIGH_REEDS,1.799,0.1824,9.86
floodway,after,after the flood · Jul 2023,2023-07-03|2023-07-05|2023-07-08|2023-07-15|2023-07-25|2023-07-28|2023-07-30,0.995,NDTI,3,> 0.1,HIGH_REEDS,0.104,0.0105,9.86
floodway,after,after the flood · Jul 2023,2023-07-03|2023-07-05|2023-07-08|2023-07-15|2023-07-25|2023-07-28|2023-07-30,0.995,NDTI,1,< −0.1,OPEN_WATER,46.064,0.6714,68.61
floodway,after,after the flood · Jul 2023,2023-07-03|2023-07-05|2023-07-08|2023-07-15|2023-07-25|2023-07-28|2023-07-30,0.995,NDTI,2,−0.1–0.1,OPEN_WATER,22.223,0.3239,68.61
floodway,after,after the flood · Jul 2023,2023-07-03|2023-07-05|2023-07-08|2023-07-15|2023-07-25|2023-07-28|2023-07-30,0.995,NDTI,3,> 0.1,OPEN_WATER,0.326,0.0047,68.61
floodway,after,after the flood · Jul 2023,2023-07-03|2023-07-05|2023-07-08|2023-07-15|2023-07-25|2023-07-28|2023-07-30,0.995,NDTI,1,< −0.1,EVENT_REEDS,3.096,0.2486,12.45
floodway,after,after the flood · Jul 2023,2023-07-03|2023-07-05|2023-07-08|2023-07-15|2023-07-25|2023-07-28|2023-07-30,0.995,NDTI,2,−0.1–0.1,EVENT_REEDS,6.262,0.5028,12.45
floodway,after,after the flood · Jul 2023,2023-07-03|2023-07-05|2023-07-08|2023-07-15|2023-07-25|2023-07-28|2023-07-30,0.995,NDTI,3,> 0.1,EVENT_REEDS,3.097,0.2487,12.45
floodway,after,after the flood · Jul 2023,2023-07-03|2023-07-05|2023-07-08|2023-07-15|2023-07-25|2023-07-28|2023-07-30,0.995,NDTI,1,< −0.1,DRY_LAND,328.3,0.1339,2451.15
floodway,after,after the flood · Jul 2023,2023-07-03|2023-07-05|2023-07-08|2023-07-15|2023-07-25|2023-07-28|2023-07-30,0.995,NDTI,2,−0.1–0.1,DRY_LAND,1426.271,0.5819,2451.15
floodway,after,after the flood · Jul 2023,2023-07-03|2023-07-05|2023-07-08|2023-07-15|2023-07-25|2023-07-28|2023-07-30,0.995,NDTI,3,> 0.1,DRY_LAND,696.582,0.2842,2451.15
