zone,date,sensor,index,stratum,observed_km2,p25,median,p75
delta,2022-02-13,S2,NDVI,NW_REEDS,115.89,0.292,0.3137,0.3326
delta,2022-02-13,S2,NDWI,NW_REEDS,115.89,-0.5385,-0.5157,-0.4866
delta,2022-02-13,S2,MNDWI,NW_REEDS,115.89,-0.6613,-0.6301,-0.5887
delta,2022-02-13,S2,NDMI,NW_REEDS,115.89,-0.211,-0.1722,-0.1283
delta,2022-02-13,S2,BSI,NW_REEDS,115.89,0.1996,0.2314,0.2604
delta,2022-02-13,S2,AWEIsh,NW_REEDS,115.89,-0.4098,-0.3503,-0.2869
delta,2022-02-13,S2,NDTI,NW_REEDS,115.89,0.2134,0.2395,0.2597
delta,2022-02-13,S2,NDVI,NW_TREES,12.92,0.3385,0.3925,0.4419
delta,2022-02-13,S2,NDWI,NW_TREES,12.92,-0.5464,-0.5019,-0.4486
delta,2022-02-13,S2,MNDWI,NW_TREES,12.92,-0.613,-0.5676,-0.515
delta,2022-02-13,S2,NDMI,NW_TREES,12.92,-0.1593,-0.0925,-0.0248
delta,2022-02-13,S2,BSI,NW_TREES,12.92,0.0911,0.143,0.1957
delta,2022-02-13,S2,AWEIsh,NW_TREES,12.92,-0.3511,-0.3125,-0.271
delta,2022-02-13,S2,NDTI,NW_TREES,12.92,0.0936,0.1293,0.1656
delta,2022-02-13,S2,NDVI,HIGH_REEDS,13.74,0.2716,0.3006,0.3313
delta,2022-02-13,S2,NDWI,HIGH_REEDS,13.74,-0.5047,-0.4649,-0.4274
delta,2022-02-13,S2,MNDWI,HIGH_REEDS,13.74,-0.6545,-0.6243,-0.5893
delta,2022-02-13,S2,NDMI,HIGH_REEDS,13.74,-0.2811,-0.221,-0.1519
delta,2022-02-13,S2,BSI,HIGH_REEDS,13.74,0.2071,0.251,0.2924
delta,2022-02-13,S2,AWEIsh,HIGH_REEDS,13.74,-0.4502,-0.4053,-0.3387
delta,2022-02-13,S2,NDTI,HIGH_REEDS,13.74,0.1512,0.184,0.224
delta,2022-02-13,S2,NDVI,OPEN_WATER,193.84,-0.5556,-0.3824,-0.2206
delta,2022-02-13,S2,NDWI,OPEN_WATER,193.84,0.5149,0.6503,0.7705
delta,2022-02-13,S2,MNDWI,OPEN_WATER,193.84,0.4906,0.8283,0.9
delta,2022-02-13,S2,NDMI,OPEN_WATER,193.84,-0.1579,0.2353,0.5758
delta,2022-02-13,S2,BSI,OPEN_WATER,193.84,-0.2485,-0.0363,0.1311
delta,2022-02-13,S2,AWEIsh,OPEN_WATER,193.84,0.0241,0.0429,0.0535
delta,2022-02-13,S2,NDTI,OPEN_WATER,193.84,-0.4083,-0.3477,-0.2717
delta,2022-02-13,S2,NDVI,EVENT_REEDS,38.78,0.2861,0.3156,0.3475
delta,2022-02-13,S2,NDWI,EVENT_REEDS,38.78,-0.5259,-0.4937,-0.4545
delta,2022-02-13,S2,MNDWI,EVENT_REEDS,38.78,-0.6574,-0.6214,-0.5796
delta,2022-02-13,S2,NDMI,EVENT_REEDS,38.78,-0.2346,-0.1856,-0.1346
delta,2022-02-13,S2,BSI,EVENT_REEDS,38.78,0.1943,0.2336,0.2706
delta,2022-02-13,S2,AWEIsh,EVENT_REEDS,38.78,-0.405,-0.3534,-0.2993
delta,2022-02-13,S2,NDTI,EVENT_REEDS,38.78,0.1674,0.2046,0.2369
delta,2022-02-13,S2,NDVI,DRY_LAND,1897.31,0.2386,0.3024,0.3994
delta,2022-02-13,S2,NDWI,DRY_LAND,1897.31,-0.4905,-0.4316,-0.3924
delta,2022-02-13,S2,MNDWI,DRY_LAND,1897.31,-0.6415,-0.6057,-0.5644
delta,2022-02-13,S2,NDMI,DRY_LAND,1897.31,-0.2965,-0.2217,-0.1361
delta,2022-02-13,S2,BSI,DRY_LAND,1897.31,0.1738,0.2443,0.3058
delta,2022-02-13,S2,AWEIsh,DRY_LAND,1897.31,-0.4573,-0.3912,-0.3428
delta,2022-02-13,S2,NDTI,DRY_LAND,1897.31,0.1012,0.1424,0.1733
delta,2022-02-23,S2,NDVI,NW_REEDS,116.09,0.2629,0.2836,0.3013
delta,2022-02-23,S2,NDWI,NW_REEDS,116.09,-0.4951,-0.4735,-0.4447
delta,2022-02-23,S2,MNDWI,NW_REEDS,116.09,-0.6509,-0.6212,-0.5782
delta,2022-02-23,S2,NDMI,NW_REEDS,116.09,-0.2493,-0.2122,-0.1677
delta,2022-02-23,S2,BSI,NW_REEDS,116.09,0.2177,0.2502,0.2768
delta,2022-02-23,S2,AWEIsh,NW_REEDS,116.09,-0.4166,-0.3537,-0.283
delta,2022-02-23,S2,NDTI,NW_REEDS,116.09,0.1927,0.2185,0.237
delta,2022-02-23,S2,NDVI,NW_TREES,13.07,0.3058,0.3579,0.4058
delta,2022-02-23,S2,NDWI,NW_TREES,13.07,-0.5011,-0.461,-0.4128
delta,2022-02-23,S2,MNDWI,NW_TREES,13.07,-0.5977,-0.5577,-0.5092
delta,2022-02-23,S2,NDMI,NW_TREES,13.07,-0.1904,-0.129,-0.065
delta,2022-02-23,S2,BSI,NW_TREES,13.07,0.1132,0.1617,0.2095
delta,2022-02-23,S2,AWEIsh,NW_TREES,13.07,-0.3618,-0.3184,-0.2737
delta,2022-02-23,S2,NDTI,NW_TREES,13.07,0.0855,0.1173,0.1489
delta,2022-02-23,S2,NDVI,HIGH_REEDS,13.76,0.2503,0.276,0.3033
delta,2022-02-23,S2,NDWI,HIGH_REEDS,13.76,-0.4678,-0.4343,-0.4038
delta,2022-02-23,S2,MNDWI,HIGH_REEDS,13.76,-0.6502,-0.6225,-0.5892
delta,2022-02-23,S2,NDMI,HIGH_REEDS,13.76,-0.3071,-0.2528,-0.1922
delta,2022-02-23,S2,BSI,HIGH_REEDS,13.76,0.2287,0.2675,0.3052
delta,2022-02-23,S2,AWEIsh,HIGH_REEDS,13.76,-0.4766,-0.4286,-0.3546
delta,2022-02-23,S2,NDTI,HIGH_REEDS,13.76,0.1461,0.1743,0.2064
delta,2022-02-23,S2,NDVI,OPEN_WATER,194.23,-0.4095,-0.2973,-0.1938
delta,2022-02-23,S2,NDWI,OPEN_WATER,194.23,0.4354,0.5366,0.6396
delta,2022-02-23,S2,MNDWI,OPEN_WATER,194.23,0.4913,0.7964,0.8587
delta,2022-02-23,S2,NDMI,OPEN_WATER,194.23,0.02,0.3514,0.5484
delta,2022-02-23,S2,BSI,OPEN_WATER,194.23,-0.2542,-0.1078,0.0099
delta,2022-02-23,S2,AWEIsh,OPEN_WATER,194.23,0.0317,0.048,0.0668
delta,2022-02-23,S2,NDTI,OPEN_WATER,194.23,-0.3311,-0.2837,-0.2202
delta,2022-02-23,S2,NDVI,EVENT_REEDS,39.02,0.2558,0.2826,0.3115
delta,2022-02-23,S2,NDWI,EVENT_REEDS,39.02,-0.4759,-0.4483,-0.412
delta,2022-02-23,S2,MNDWI,EVENT_REEDS,39.02,-0.638,-0.6052,-0.5654
delta,2022-02-23,S2,NDMI,EVENT_REEDS,39.02,-0.2639,-0.218,-0.1685
delta,2022-02-23,S2,BSI,EVENT_REEDS,39.02,0.2077,0.2457,0.2796
delta,2022-02-23,S2,AWEIsh,EVENT_REEDS,39.02,-0.413,-0.3552,-0.2895
delta,2022-02-23,S2,NDTI,EVENT_REEDS,39.02,0.1475,0.1817,0.2108
delta,2022-02-23,S2,NDVI,DRY_LAND,1947.67,0.2135,0.2786,0.3733
delta,2022-02-23,S2,NDWI,DRY_LAND,1947.67,-0.4622,-0.4007,-0.3625
delta,2022-02-23,S2,MNDWI,DRY_LAND,1947.67,-0.6297,-0.6022,-0.5714
delta,2022-02-23,S2,NDMI,DRY_LAND,1947.67,-0.316,-0.2474,-0.1712
delta,2022-02-23,S2,BSI,DRY_LAND,1947.67,0.1958,0.2572,0.3132
delta,2022-02-23,S2,AWEIsh,DRY_LAND,1947.67,-0.5151,-0.4596,-0.4071
delta,2022-02-23,S2,NDTI,DRY_LAND,1947.67,0.0976,0.1334,0.1618
delta,2022-02-28,S2,NDVI,NW_REEDS,25.72,0.131,0.1695,0.2168
delta,2022-02-28,S2,NDWI,NW_REEDS,25.72,-0.3244,-0.2435,-0.1869
delta,2022-02-28,S2,MNDWI,NW_REEDS,25.72,-0.4492,-0.348,-0.2739
delta,2022-02-28,S2,NDMI,NW_REEDS,25.72,-0.1575,-0.1186,-0.0826
delta,2022-02-28,S2,BSI,NW_REEDS,25.72,0.0716,0.1097,0.1538
delta,2022-02-28,S2,AWEIsh,NW_REEDS,25.72,-0.4014,-0.3126,-0.2068
delta,2022-02-28,S2,NDTI,NW_REEDS,25.72,0.0544,0.084,0.1209
delta,2022-02-28,S2,NDVI,NW_TREES,2.53,0.1343,0.1877,0.2476
delta,2022-02-28,S2,NDWI,NW_TREES,2.53,-0.3021,-0.2292,-0.1694
delta,2022-02-28,S2,MNDWI,NW_TREES,2.53,-0.391,-0.3137,-0.2426
delta,2022-02-28,S2,NDMI,NW_TREES,2.53,-0.1241,-0.0909,-0.0557
delta,2022-02-28,S2,BSI,NW_TREES,2.53,0.0465,0.0794,0.1113
delta,2022-02-28,S2,AWEIsh,NW_TREES,2.53,-0.347,-0.2689,-0.1821
delta,2022-02-28,S2,NDTI,NW_TREES,2.53,0.0277,0.0474,0.0673
delta,2022-02-28,S2,NDVI,HIGH_REEDS,2.03,0.1377,0.1781,0.2169
delta,2022-02-28,S2,NDWI,HIGH_REEDS,2.03,-0.2993,-0.2346,-0.1784
delta,2022-02-28,S2,MNDWI,HIGH_REEDS,2.03,-0.4442,-0.3624,-0.2732
delta,2022-02-28,S2,NDMI,HIGH_REEDS,2.03,-0.1833,-0.1327,-0.0873
delta,2022-02-28,S2,BSI,HIGH_REEDS,2.03,0.0696,0.1133,0.1638
delta,2022-02-28,S2,AWEIsh,HIGH_REEDS,2.03,-0.4422,-0.319,-0.1989
delta,2022-02-28,S2,NDTI,HIGH_REEDS,2.03,0.0355,0.0585,0.0944
delta,2022-02-28,S2,NDVI,OPEN_WATER,22.28,-0.0429,0.0225,0.0829
delta,2022-02-28,S2,NDWI,OPEN_WATER,22.28,-0.0794,0.0288,0.1299
delta,2022-02-28,S2,MNDWI,OPEN_WATER,22.28,-0.1647,-0.0025,0.1862
delta,2022-02-28,S2,NDMI,OPEN_WATER,22.28,-0.0965,-0.0247,0.075
delta,2022-02-28,S2,BSI,OPEN_WATER,22.28,-0.0938,-0.0087,0.056
delta,2022-02-28,S2,AWEIsh,OPEN_WATER,22.28,-0.0759,0.0226,0.0527
delta,2022-02-28,S2,NDTI,OPEN_WATER,22.28,-0.1026,-0.0525,0.0035
delta,2022-02-28,S2,NDVI,EVENT_REEDS,11.89,0.128,0.1695,0.2165
delta,2022-02-28,S2,NDWI,EVENT_REEDS,11.89,-0.2986,-0.2251,-0.1713
delta,2022-02-28,S2,MNDWI,EVENT_REEDS,11.89,-0.4293,-0.3291,-0.2497
delta,2022-02-28,S2,NDMI,EVENT_REEDS,11.89,-0.1592,-0.1131,-0.073
delta,2022-02-28,S2,BSI,EVENT_REEDS,11.89,0.0579,0.0973,0.1468
delta,2022-02-28,S2,AWEIsh,EVENT_REEDS,11.89,-0.3879,-0.2991,-0.1789
delta,2022-02-28,S2,NDTI,EVENT_REEDS,11.89,0.0388,0.0634,0.096
delta,2022-02-28,S2,NDVI,DRY_LAND,1096.63,0.1662,0.2104,0.2975
delta,2022-02-28,S2,NDWI,DRY_LAND,1096.63,-0.3679,-0.2966,-0.222
delta,2022-02-28,S2,MNDWI,DRY_LAND,1096.63,-0.5496,-0.4493,-0.3346
delta,2022-02-28,S2,NDMI,DRY_LAND,1096.63,-0.2307,-0.1512,-0.0862
delta,2022-02-28,S2,BSI,DRY_LAND,1096.63,0.0762,0.1368,0.2092
delta,2022-02-28,S2,AWEIsh,DRY_LAND,1096.63,-0.5002,-0.4036,-0.2827
delta,2022-02-28,S2,NDTI,DRY_LAND,1096.63,0.0328,0.0627,0.0992
delta,2022-06-03,S2,NDVI,NW_REEDS,116.09,0.6511,0.7263,0.8454
delta,2022-06-03,S2,NDWI,NW_REEDS,116.09,-0.7221,-0.6366,-0.5901
delta,2022-06-03,S2,MNDWI,NW_REEDS,116.09,-0.4995,-0.4701,-0.4286
delta,2022-06-03,S2,NDMI,NW_REEDS,116.09,0.1494,0.2477,0.42
delta,2022-06-03,S2,BSI,NW_REEDS,116.09,-0.368,-0.1897,-0.0941
delta,2022-06-03,S2,AWEIsh,NW_REEDS,116.09,-0.6219,-0.5238,-0.4411
delta,2022-06-03,S2,NDTI,NW_REEDS,116.09,-0.3064,-0.1735,-0.101
delta,2022-06-03,S2,NDVI,NW_TREES,13.07,0.6598,0.7887,0.8371
delta,2022-06-03,S2,NDWI,NW_TREES,13.07,-0.7293,-0.6851,-0.6093
delta,2022-06-03,S2,MNDWI,NW_TREES,13.07,-0.5109,-0.4732,-0.4313
delta,2022-06-03,S2,NDMI,NW_TREES,13.07,0.1995,0.3151,0.387
delta,2022-06-03,S2,BSI,NW_TREES,13.07,-0.3381,-0.2635,-0.1351
delta,2022-06-03,S2,AWEIsh,NW_TREES,13.07,-0.6443,-0.577,-0.509
delta,2022-06-03,S2,NDTI,NW_TREES,13.07,-0.2812,-0.2138,-0.0894
delta,2022-06-03,S2,NDVI,HIGH_REEDS,13.76,0.4705,0.628,0.7502
delta,2022-06-03,S2,NDWI,HIGH_REEDS,13.76,-0.6584,-0.5855,-0.4952
delta,2022-06-03,S2,MNDWI,HIGH_REEDS,13.76,-0.567,-0.5235,-0.481
delta,2022-06-03,S2,NDMI,HIGH_REEDS,13.76,-0.0853,0.1078,0.2474
delta,2022-06-03,S2,BSI,HIGH_REEDS,13.76,-0.1941,-0.0519,0.1149
delta,2022-06-03,S2,AWEIsh,HIGH_REEDS,13.76,-0.6033,-0.5431,-0.5002
delta,2022-06-03,S2,NDTI,HIGH_REEDS,13.76,-0.1839,-0.0632,0.0326
delta,2022-06-03,S2,NDVI,OPEN_WATER,192.0,-0.1173,-0.0783,-0.0258
delta,2022-06-03,S2,NDWI,OPEN_WATER,192.0,0.12,0.1741,0.2193
delta,2022-06-03,S2,MNDWI,OPEN_WATER,192.0,0.1391,0.216,0.263
delta,2022-06-03,S2,NDMI,OPEN_WATER,192.0,0.004,0.0461,0.0827
delta,2022-06-03,S2,BSI,OPEN_WATER,192.0,-0.0382,-0.0156,0.0123
delta,2022-06-03,S2,AWEIsh,OPEN_WATER,192.0,0.0315,0.0461,0.0546
delta,2022-06-03,S2,NDTI,OPEN_WATER,192.0,-0.1342,-0.1035,-0.0804
delta,2022-06-03,S2,NDVI,EVENT_REEDS,39.02,0.64,0.7424,0.8308
delta,2022-06-03,S2,NDWI,EVENT_REEDS,39.02,-0.7224,-0.6566,-0.5885
delta,2022-06-03,S2,MNDWI,EVENT_REEDS,39.02,-0.5146,-0.4854,-0.4508
delta,2022-06-03,S2,NDMI,EVENT_REEDS,39.02,0.1581,0.2676,0.3718
delta,2022-06-03,S2,BSI,EVENT_REEDS,39.02,-0.3208,-0.2091,-0.0992
delta,2022-06-03,S2,AWEIsh,EVENT_REEDS,39.02,-0.6758,-0.5672,-0.4655
delta,2022-06-03,S2,NDTI,EVENT_REEDS,39.02,-0.275,-0.1729,-0.0841
delta,2022-06-03,S2,NDVI,DRY_LAND,1942.66,0.3616,0.4904,0.6266
delta,2022-06-03,S2,NDWI,DRY_LAND,1942.66,-0.5869,-0.5121,-0.4323
delta,2022-06-03,S2,MNDWI,DRY_LAND,1942.66,-0.5372,-0.5083,-0.4661
delta,2022-06-03,S2,NDMI,DRY_LAND,1942.66,-0.1009,0.0141,0.1449
delta,2022-06-03,S2,BSI,DRY_LAND,1942.66,-0.0781,0.0467,0.1459
delta,2022-06-03,S2,AWEIsh,DRY_LAND,1942.66,-0.6091,-0.5545,-0.5034
delta,2022-06-03,S2,NDTI,DRY_LAND,1942.66,-0.0686,0.025,0.0907
delta,2022-06-13,S2,NDVI,NW_REEDS,90.84,0.7098,0.7746,0.8595
delta,2022-06-13,S2,NDWI,NW_REEDS,90.84,-0.7353,-0.6572,-0.6123
delta,2022-06-13,S2,MNDWI,NW_REEDS,90.84,-0.4767,-0.4499,-0.4115
delta,2022-06-13,S2,NDMI,NW_REEDS,90.84,0.2253,0.3078,0.4538
delta,2022-06-13,S2,BSI,NW_REEDS,90.84,-0.4069,-0.2573,-0.1748
delta,2022-06-13,S2,AWEIsh,NW_REEDS,90.84,-0.7277,-0.5793,-0.4787
delta,2022-06-13,S2,NDTI,NW_REEDS,90.84,-0.3412,-0.2434,-0.1726
delta,2022-06-13,S2,NDVI,NW_TREES,10.35,0.6745,0.8018,0.85
delta,2022-06-13,S2,NDWI,NW_TREES,10.35,-0.7397,-0.6966,-0.6148
delta,2022-06-13,S2,MNDWI,NW_TREES,10.35,-0.5166,-0.4756,-0.4262
delta,2022-06-13,S2,NDMI,NW_TREES,10.35,0.2122,0.341,0.4052
delta,2022-06-13,S2,BSI,NW_TREES,10.35,-0.3606,-0.2953,-0.1526
delta,2022-06-13,S2,AWEIsh,NW_TREES,10.35,-0.6745,-0.6035,-0.5148
delta,2022-06-13,S2,NDTI,NW_TREES,10.35,-0.2978,-0.2315,-0.1051
delta,2022-06-13,S2,NDVI,HIGH_REEDS,13.37,0.4815,0.6526,0.7788
delta,2022-06-13,S2,NDWI,HIGH_REEDS,13.37,-0.673,-0.5976,-0.496
delta,2022-06-13,S2,MNDWI,HIGH_REEDS,13.37,-0.5647,-0.5228,-0.4769
delta,2022-06-13,S2,NDMI,HIGH_REEDS,13.37,-0.077,0.1178,0.282
delta,2022-06-13,S2,BSI,HIGH_REEDS,13.37,-0.2346,-0.0692,0.1064
delta,2022-06-13,S2,AWEIsh,HIGH_REEDS,13.37,-0.6391,-0.5624,-0.5124
delta,2022-06-13,S2,NDTI,HIGH_REEDS,13.37,-0.2235,-0.0869,0.0202
delta,2022-06-13,S2,NDVI,OPEN_WATER,179.27,-0.1685,-0.107,-0.0629
delta,2022-06-13,S2,NDWI,OPEN_WATER,179.27,0.1524,0.2026,0.302
delta,2022-06-13,S2,MNDWI,OPEN_WATER,179.27,0.2169,0.2778,0.38
delta,2022-06-13,S2,NDMI,OPEN_WATER,179.27,0.04,0.0822,0.1399
delta,2022-06-13,S2,BSI,OPEN_WATER,179.27,-0.0777,-0.0476,-0.0229
delta,2022-06-13,S2,AWEIsh,OPEN_WATER,179.27,0.046,0.0552,0.0661
delta,2022-06-13,S2,NDTI,OPEN_WATER,179.27,-0.163,-0.1161,-0.0833
delta,2022-06-13,S2,NDVI,EVENT_REEDS,35.14,0.6797,0.7752,0.851
delta,2022-06-13,S2,NDWI,EVENT_REEDS,35.14,-0.7361,-0.6734,-0.6067
delta,2022-06-13,S2,MNDWI,EVENT_REEDS,35.14,-0.5085,-0.479,-0.4405
delta,2022-06-13,S2,NDMI,EVENT_REEDS,35.14,0.2021,0.3075,0.4041
delta,2022-06-13,S2,BSI,EVENT_REEDS,35.14,-0.3578,-0.2542,-0.1471
delta,2022-06-13,S2,AWEIsh,EVENT_REEDS,35.14,-0.7372,-0.611,-0.494
delta,2022-06-13,S2,NDTI,EVENT_REEDS,35.14,-0.3117,-0.2184,-0.1284
delta,2022-06-13,S2,NDVI,DRY_LAND,1918.12,0.25,0.3525,0.5103
delta,2022-06-13,S2,NDWI,DRY_LAND,1918.12,-0.5281,-0.4557,-0.3885
delta,2022-06-13,S2,MNDWI,DRY_LAND,1918.12,-0.5487,-0.5189,-0.472
delta,2022-06-13,S2,NDMI,DRY_LAND,1918.12,-0.153,-0.0649,0.0441
delta,2022-06-13,S2,BSI,DRY_LAND,1918.12,0.0274,0.1281,0.1981
delta,2022-06-13,S2,AWEIsh,DRY_LAND,1918.12,-0.6016,-0.5456,-0.4956
delta,2022-06-13,S2,NDTI,DRY_LAND,1918.12,0.0181,0.1041,0.1539
delta,2022-07-18,S2,NDVI,NW_REEDS,116.09,0.8076,0.8463,0.8837
delta,2022-07-18,S2,NDWI,NW_REEDS,116.09,-0.7575,-0.7203,-0.6868
delta,2022-07-18,S2,MNDWI,NW_REEDS,116.09,-0.4793,-0.4524,-0.4235
delta,2022-07-18,S2,NDMI,NW_REEDS,116.09,0.3384,0.3991,0.47
delta,2022-07-18,S2,BSI,NW_REEDS,116.09,-0.4321,-0.3588,-0.2957
delta,2022-07-18,S2,AWEIsh,NW_REEDS,116.09,-0.7856,-0.6587,-0.5752
delta,2022-07-18,S2,NDTI,NW_REEDS,116.09,-0.3782,-0.3255,-0.2653
delta,2022-07-18,S2,NDVI,NW_TREES,13.07,0.7036,0.8375,0.8755
delta,2022-07-18,S2,NDWI,NW_TREES,13.07,-0.775,-0.734,-0.6502
delta,2022-07-18,S2,MNDWI,NW_TREES,13.07,-0.5447,-0.5004,-0.454
delta,2022-07-18,S2,NDMI,NW_TREES,13.07,0.2301,0.3802,0.4382
delta,2022-07-18,S2,BSI,NW_TREES,13.07,-0.4013,-0.3423,-0.1734
delta,2022-07-18,S2,AWEIsh,NW_TREES,13.07,-0.7008,-0.6333,-0.564
delta,2022-07-18,S2,NDTI,NW_TREES,13.07,-0.3205,-0.2591,-0.1017
delta,2022-07-18,S2,NDVI,HIGH_REEDS,13.74,0.4653,0.7153,0.8324
delta,2022-07-18,S2,NDWI,HIGH_REEDS,13.74,-0.716,-0.6488,-0.5053
delta,2022-07-18,S2,MNDWI,HIGH_REEDS,13.74,-0.5658,-0.5247,-0.4795
delta,2022-07-18,S2,NDMI,HIGH_REEDS,13.74,-0.0631,0.1829,0.3519
delta,2022-07-18,S2,BSI,HIGH_REEDS,13.74,-0.312,-0.136,0.0959
delta,2022-07-18,S2,AWEIsh,HIGH_REEDS,13.74,-0.6859,-0.602,-0.5378
delta,2022-07-18,S2,NDTI,HIGH_REEDS,13.74,-0.286,-0.1192,0.0506
delta,2022-07-18,S2,NDVI,OPEN_WATER,194.29,-0.1515,-0.1108,-0.0399
delta,2022-07-18,S2,NDWI,OPEN_WATER,194.29,0.153,0.2483,0.3058
delta,2022-07-18,S2,MNDWI,OPEN_WATER,194.29,0.1751,0.3434,0.4372
delta,2022-07-18,S2,NDMI,OPEN_WATER,194.29,0.0568,0.1229,0.2148
delta,2022-07-18,S2,BSI,OPEN_WATER,194.29,-0.1004,-0.0699,-0.0455
delta,2022-07-18,S2,AWEIsh,OPEN_WATER,194.29,0.0354,0.0758,0.0985
delta,2022-07-18,S2,NDTI,OPEN_WATER,194.29,-0.1908,-0.1485,-0.1095
delta,2022-07-18,S2,NDVI,EVENT_REEDS,39.02,0.7545,0.8287,0.8707
delta,2022-07-18,S2,NDWI,EVENT_REEDS,39.02,-0.7583,-0.7174,-0.6678
delta,2022-07-18,S2,MNDWI,EVENT_REEDS,39.02,-0.5236,-0.491,-0.4565
delta,2022-07-18,S2,NDMI,EVENT_REEDS,39.02,0.2758,0.3638,0.4266
delta,2022-07-18,S2,BSI,EVENT_REEDS,39.02,-0.3884,-0.3203,-0.2278
delta,2022-07-18,S2,AWEIsh,EVENT_REEDS,39.02,-0.7657,-0.6579,-0.5683
delta,2022-07-18,S2,NDTI,EVENT_REEDS,39.02,-0.3348,-0.2724,-0.1744
delta,2022-07-18,S2,NDVI,DRY_LAND,1944.38,0.1927,0.2561,0.3884
delta,2022-07-18,S2,NDWI,DRY_LAND,1944.38,-0.4745,-0.3923,-0.3415
delta,2022-07-18,S2,MNDWI,DRY_LAND,1944.38,-0.5635,-0.5279,-0.4844
delta,2022-07-18,S2,NDMI,DRY_LAND,1944.38,-0.2081,-0.1422,-0.0692
delta,2022-07-18,S2,BSI,DRY_LAND,1944.38,0.1251,0.182,0.2261
delta,2022-07-18,S2,AWEIsh,DRY_LAND,1944.38,-0.6038,-0.5481,-0.5006
delta,2022-07-18,S2,NDTI,DRY_LAND,1944.38,0.0975,0.1377,0.1624
delta,2022-07-23,S2,NDVI,NW_REEDS,61.76,0.7559,0.806,0.8508
delta,2022-07-23,S2,NDWI,NW_REEDS,61.76,-0.7202,-0.6779,-0.6354
delta,2022-07-23,S2,MNDWI,NW_REEDS,61.76,-0.4287,-0.4011,-0.3682
delta,2022-07-23,S2,NDMI,NW_REEDS,61.76,0.3173,0.381,0.4518
delta,2022-07-23,S2,BSI,NW_REEDS,61.76,-0.4064,-0.3346,-0.2697
delta,2022-07-23,S2,AWEIsh,NW_REEDS,61.76,-0.8149,-0.6832,-0.5805
delta,2022-07-23,S2,NDTI,NW_REEDS,61.76,-0.3333,-0.2835,-0.2275
delta,2022-07-23,S2,NDVI,NW_TREES,5.93,0.6201,0.7741,0.8314
delta,2022-07-23,S2,NDWI,NW_TREES,5.93,-0.7272,-0.6705,-0.5668
delta,2022-07-23,S2,MNDWI,NW_TREES,5.93,-0.4874,-0.4325,-0.3619
delta,2022-07-23,S2,NDMI,NW_TREES,5.93,0.2106,0.35,0.4134
delta,2022-07-23,S2,BSI,NW_TREES,5.93,-0.3703,-0.3036,-0.1567
delta,2022-07-23,S2,AWEIsh,NW_TREES,5.93,-0.7247,-0.6382,-0.5363
delta,2022-07-23,S2,NDTI,NW_TREES,5.93,-0.2702,-0.21,-0.0925
delta,2022-07-23,S2,NDVI,HIGH_REEDS,9.43,0.3695,0.5351,0.745
delta,2022-07-23,S2,NDWI,HIGH_REEDS,9.43,-0.6507,-0.5285,-0.4266
delta,2022-07-23,S2,MNDWI,HIGH_REEDS,9.43,-0.5496,-0.5074,-0.4542
delta,2022-07-23,S2,NDMI,HIGH_REEDS,9.43,-0.1314,0.0286,0.2529
delta,2022-07-23,S2,BSI,HIGH_REEDS,9.43,-0.2047,0.012,0.1474
delta,2022-07-23,S2,AWEIsh,HIGH_REEDS,9.43,-0.6652,-0.5764,-0.5238
delta,2022-07-23,S2,NDTI,HIGH_REEDS,9.43,-0.1779,-0.0133,0.0608
delta,2022-07-23,S2,NDVI,OPEN_WATER,139.95,-0.1358,-0.0939,0.0253
delta,2022-07-23,S2,NDWI,OPEN_WATER,139.95,0.1041,0.258,0.3145
delta,2022-07-23,S2,MNDWI,OPEN_WATER,139.95,0.2226,0.3868,0.4836
delta,2022-07-23,S2,NDMI,OPEN_WATER,139.95,0.1049,0.1607,0.2573
delta,2022-07-23,S2,BSI,OPEN_WATER,139.95,-0.1412,-0.0968,-0.0693
delta,2022-07-23,S2,AWEIsh,OPEN_WATER,139.95,0.0417,0.0857,0.1192
delta,2022-07-23,S2,NDTI,OPEN_WATER,139.95,-0.2061,-0.1686,-0.1239
delta,2022-07-23,S2,NDVI,EVENT_REEDS,16.52,0.6472,0.7689,0.8188
delta,2022-07-23,S2,NDWI,EVENT_REEDS,16.52,-0.7034,-0.6587,-0.5715
delta,2022-07-23,S2,MNDWI,EVENT_REEDS,16.52,-0.4595,-0.4226,-0.3657
delta,2022-07-23,S2,NDMI,EVENT_REEDS,16.52,0.2467,0.3347,0.3952
delta,2022-07-23,S2,BSI,EVENT_REEDS,16.52,-0.3499,-0.2864,-0.1947
delta,2022-07-23,S2,AWEIsh,EVENT_REEDS,16.52,-0.7716,-0.6588,-0.5367
delta,2022-07-23,S2,NDTI,EVENT_REEDS,16.52,-0.2763,-0.2222,-0.1325
delta,2022-07-23,S2,NDVI,DRY_LAND,1097.17,0.1724,0.2299,0.3468
delta,2022-07-23,S2,NDWI,DRY_LAND,1097.17,-0.4271,-0.3491,-0.301
delta,2022-07-23,S2,MNDWI,DRY_LAND,1097.17,-0.5358,-0.5001,-0.4566
delta,2022-07-23,S2,NDMI,DRY_LAND,1097.17,-0.2184,-0.1531,-0.0821
delta,2022-07-23,S2,BSI,DRY_LAND,1097.17,0.1232,0.1835,0.2263
delta,2022-07-23,S2,AWEIsh,DRY_LAND,1097.17,-0.6355,-0.5715,-0.5156
delta,2022-07-23,S2,NDTI,DRY_LAND,1097.17,0.0783,0.1158,0.142
delta,2022-08-07,S2,NDVI,NW_REEDS,116.09,0.7952,0.8277,0.8553
delta,2022-08-07,S2,NDWI,NW_REEDS,116.09,-0.7324,-0.7035,-0.6736
delta,2022-08-07,S2,MNDWI,NW_REEDS,116.09,-0.4931,-0.4658,-0.4371
delta,2022-08-07,S2,NDMI,NW_REEDS,116.09,0.3024,0.3539,0.4169
delta,2022-08-07,S2,BSI,NW_REEDS,116.09,-0.3757,-0.3151,-0.2628
delta,2022-08-07,S2,AWEIsh,NW_REEDS,116.09,-0.7411,-0.6414,-0.5725
delta,2022-08-07,S2,NDTI,NW_REEDS,116.09,-0.3311,-0.295,-0.2538
delta,2022-08-07,S2,NDVI,NW_TREES,13.07,0.7,0.8234,0.859
delta,2022-08-07,S2,NDWI,NW_TREES,13.07,-0.7612,-0.7217,-0.6392
delta,2022-08-07,S2,MNDWI,NW_TREES,13.07,-0.5471,-0.5055,-0.4615
delta,2022-08-07,S2,NDMI,NW_TREES,13.07,0.2117,0.3461,0.4053
delta,2022-08-07,S2,BSI,NW_TREES,13.07,-0.3678,-0.3085,-0.1608
delta,2022-08-07,S2,AWEIsh,NW_TREES,13.07,-0.6598,-0.593,-0.525
delta,2022-08-07,S2,NDTI,NW_TREES,13.07,-0.2915,-0.2396,-0.1133
delta,2022-08-07,S2,NDVI,HIGH_REEDS,13.74,0.3965,0.6396,0.802
delta,2022-08-07,S2,NDWI,HIGH_REEDS,13.74,-0.6887,-0.6014,-0.4533
delta,2022-08-07,S2,MNDWI,HIGH_REEDS,13.74,-0.5724,-0.5373,-0.4901
delta,2022-08-07,S2,NDMI,HIGH_REEDS,13.74,-0.1397,0.0789,0.3015
delta,2022-08-07,S2,BSI,HIGH_REEDS,13.74,-0.2621,-0.0403,0.1541
delta,2022-08-07,S2,AWEIsh,HIGH_REEDS,13.74,-0.6511,-0.5709,-0.508
delta,2022-08-07,S2,NDTI,HIGH_REEDS,13.74,-0.2507,-0.0647,0.0629
delta,2022-08-07,S2,NDVI,OPEN_WATER,194.22,-0.2638,-0.1464,-0.0112
delta,2022-08-07,S2,NDWI,OPEN_WATER,194.22,0.2785,0.4286,0.4985
delta,2022-08-07,S2,MNDWI,OPEN_WATER,194.22,0.1969,0.669,0.7709
delta,2022-08-07,S2,NDMI,OPEN_WATER,194.22,0.0,0.3427,0.498
delta,2022-08-07,S2,BSI,OPEN_WATER,194.22,-0.2393,-0.1821,-0.0857
delta,2022-08-07,S2,AWEIsh,OPEN_WATER,194.22,0.0272,0.0802,0.1177
delta,2022-08-07,S2,NDTI,OPEN_WATER,194.22,-0.3217,-0.2642,-0.2061
delta,2022-08-07,S2,NDVI,EVENT_REEDS,37.47,0.7355,0.8122,0.847
delta,2022-08-07,S2,NDWI,EVENT_REEDS,37.47,-0.7373,-0.7014,-0.648
delta,2022-08-07,S2,MNDWI,EVENT_REEDS,37.47,-0.5357,-0.5052,-0.4716
delta,2022-08-07,S2,NDMI,EVENT_REEDS,37.47,0.2347,0.3202,0.3748
delta,2022-08-07,S2,BSI,EVENT_REEDS,37.47,-0.3357,-0.2804,-0.1917
delta,2022-08-07,S2,AWEIsh,EVENT_REEDS,37.47,-0.7187,-0.6289,-0.546
delta,2022-08-07,S2,NDTI,EVENT_REEDS,37.47,-0.2958,-0.2522,-0.1686
delta,2022-08-07,S2,NDVI,DRY_LAND,1945.58,0.1797,0.251,0.383
delta,2022-08-07,S2,NDWI,DRY_LAND,1945.58,-0.4537,-0.3668,-0.3158
delta,2022-08-07,S2,MNDWI,DRY_LAND,1945.58,-0.5769,-0.5476,-0.5157
delta,2022-08-07,S2,NDMI,DRY_LAND,1945.58,-0.2782,-0.2173,-0.1269
delta,2022-08-07,S2,BSI,DRY_LAND,1945.58,0.1529,0.2265,0.2713
delta,2022-08-07,S2,AWEIsh,DRY_LAND,1945.58,-0.5673,-0.5182,-0.4723
delta,2022-08-07,S2,NDTI,DRY_LAND,1945.58,0.0792,0.1216,0.144
delta,2022-10-11,S2,NDVI,NW_REEDS,116.09,0.5925,0.6405,0.6874
delta,2022-10-11,S2,NDWI,NW_REEDS,116.09,-0.6806,-0.6568,-0.6319
delta,2022-10-11,S2,MNDWI,NW_REEDS,116.09,-0.6092,-0.5807,-0.5503
delta,2022-10-11,S2,NDMI,NW_REEDS,116.09,0.0645,0.1217,0.1825
delta,2022-10-11,S2,BSI,NW_REEDS,116.09,-0.1031,-0.0444,0.0097
delta,2022-10-11,S2,AWEIsh,NW_REEDS,116.09,-0.5782,-0.5372,-0.4922
delta,2022-10-11,S2,NDTI,NW_REEDS,116.09,-0.0359,0.0225,0.0729
delta,2022-10-11,S2,NDVI,NW_TREES,13.07,0.6782,0.756,0.8097
delta,2022-10-11,S2,NDWI,NW_TREES,13.07,-0.7452,-0.7008,-0.6479
delta,2022-10-11,S2,MNDWI,NW_TREES,13.07,-0.6163,-0.5556,-0.4953
delta,2022-10-11,S2,NDMI,NW_TREES,13.07,0.1464,0.2305,0.3153
delta,2022-10-11,S2,BSI,NW_TREES,13.07,-0.252,-0.1667,-0.0833
delta,2022-10-11,S2,AWEIsh,NW_TREES,13.07,-0.5352,-0.4788,-0.4128
delta,2022-10-11,S2,NDTI,NW_TREES,13.07,-0.1772,-0.1156,-0.0485
delta,2022-10-11,S2,NDVI,HIGH_REEDS,13.76,0.5696,0.641,0.7138
delta,2022-10-11,S2,NDWI,HIGH_REEDS,13.76,-0.6823,-0.6435,-0.6037
delta,2022-10-11,S2,MNDWI,HIGH_REEDS,13.76,-0.6342,-0.6013,-0.5679
delta,2022-10-11,S2,NDMI,HIGH_REEDS,13.76,-0.0223,0.0713,0.1579
delta,2022-10-11,S2,BSI,HIGH_REEDS,13.76,-0.0916,-0.0106,0.0706
delta,2022-10-11,S2,AWEIsh,HIGH_REEDS,13.76,-0.59,-0.5419,-0.5014
delta,2022-10-11,S2,NDTI,HIGH_REEDS,13.76,-0.073,0.0012,0.0591
delta,2022-10-11,S2,NDVI,OPEN_WATER,194.22,-0.4694,-0.3638,-0.2174
delta,2022-10-11,S2,NDWI,OPEN_WATER,194.22,0.4512,0.572,0.6615
delta,2022-10-11,S2,MNDWI,OPEN_WATER,194.22,0.4011,0.7561,0.8302
delta,2022-10-11,S2,NDMI,OPEN_WATER,194.22,-0.1154,0.3246,0.5
delta,2022-10-11,S2,BSI,OPEN_WATER,194.22,-0.0875,-0.0016,0.1769
delta,2022-10-11,S2,AWEIsh,OPEN_WATER,194.22,0.0234,0.0424,0.0555
delta,2022-10-11,S2,NDTI,OPEN_WATER,194.22,-0.2989,-0.2562,-0.2102
delta,2022-10-11,S2,NDVI,EVENT_REEDS,39.02,0.6241,0.6816,0.7388
delta,2022-10-11,S2,NDWI,EVENT_REEDS,39.02,-0.7012,-0.669,-0.6385
delta,2022-10-11,S2,MNDWI,EVENT_REEDS,39.02,-0.622,-0.5878,-0.5528
delta,2022-10-11,S2,NDMI,EVENT_REEDS,39.02,0.0699,0.1381,0.2043
delta,2022-10-11,S2,BSI,EVENT_REEDS,39.02,-0.1374,-0.0702,-0.0047
delta,2022-10-11,S2,AWEIsh,EVENT_REEDS,39.02,-0.5932,-0.541,-0.4889
delta,2022-10-11,S2,NDTI,EVENT_REEDS,39.02,-0.0913,-0.0261,0.0296
delta,2022-10-11,S2,NDVI,DRY_LAND,1947.61,0.3727,0.5027,0.6443
delta,2022-10-11,S2,NDWI,DRY_LAND,1947.61,-0.6258,-0.5497,-0.4712
delta,2022-10-11,S2,MNDWI,DRY_LAND,1947.61,-0.6305,-0.5936,-0.5501
delta,2022-10-11,S2,NDMI,DRY_LAND,1947.61,-0.1885,-0.0765,0.0762
delta,2022-10-11,S2,BSI,DRY_LAND,1947.61,-0.0214,0.1198,0.215
delta,2022-10-11,S2,AWEIsh,DRY_LAND,1947.61,-0.6063,-0.5285,-0.4672
delta,2022-10-11,S2,NDTI,DRY_LAND,1947.61,-0.0428,0.0628,0.1211
delta,2022-10-16,S2,NDVI,NW_REEDS,116.09,0.5285,0.5767,0.6256
delta,2022-10-16,S2,NDWI,NW_REEDS,116.09,-0.6275,-0.6025,-0.5778
delta,2022-10-16,S2,MNDWI,NW_REEDS,116.09,-0.5792,-0.5508,-0.5205
delta,2022-10-16,S2,NDMI,NW_REEDS,116.09,0.0204,0.0762,0.136
delta,2022-10-16,S2,BSI,NW_REEDS,116.09,-0.0696,-0.0148,0.0346
delta,2022-10-16,S2,AWEIsh,NW_REEDS,116.09,-0.5402,-0.5016,-0.4593
delta,2022-10-16,S2,NDTI,NW_REEDS,116.09,-0.0189,0.034,0.0795
delta,2022-10-16,S2,NDVI,NW_TREES,13.07,0.6282,0.7025,0.7578
delta,2022-10-16,S2,NDWI,NW_TREES,13.07,-0.6875,-0.645,-0.5953
delta,2022-10-16,S2,MNDWI,NW_TREES,13.07,-0.5579,-0.508,-0.4519
delta,2022-10-16,S2,NDMI,NW_TREES,13.07,0.1192,0.2012,0.2848
delta,2022-10-16,S2,BSI,NW_TREES,13.07,-0.2289,-0.1497,-0.0736
delta,2022-10-16,S2,AWEIsh,NW_TREES,13.07,-0.5002,-0.4458,-0.3834
delta,2022-10-16,S2,NDTI,NW_TREES,13.07,-0.1592,-0.1073,-0.0496
delta,2022-10-16,S2,NDVI,HIGH_REEDS,13.76,0.5102,0.5801,0.652
delta,2022-10-16,S2,NDWI,HIGH_REEDS,13.76,-0.624,-0.5842,-0.543
delta,2022-10-16,S2,MNDWI,HIGH_REEDS,13.76,-0.592,-0.5609,-0.53
delta,2022-10-16,S2,NDMI,HIGH_REEDS,13.76,-0.0498,0.0378,0.1185
delta,2022-10-16,S2,BSI,HIGH_REEDS,13.76,-0.0658,0.0067,0.0778
delta,2022-10-16,S2,AWEIsh,HIGH_REEDS,13.76,-0.5488,-0.5049,-0.4664
delta,2022-10-16,S2,NDTI,HIGH_REEDS,13.76,-0.0622,0.0016,0.0537
delta,2022-10-16,S2,NDVI,OPEN_WATER,194.26,-0.3624,-0.3058,-0.1972
delta,2022-10-16,S2,NDWI,OPEN_WATER,194.26,0.4009,0.4879,0.5437
delta,2022-10-16,S2,MNDWI,OPEN_WATER,194.26,0.5146,0.7273,0.7726
delta,2022-10-16,S2,NDMI,OPEN_WATER,194.26,0.1549,0.3514,0.4388
delta,2022-10-16,S2,BSI,OPEN_WATER,194.26,-0.204,-0.1583,-0.1052
delta,2022-10-16,S2,AWEIsh,OPEN_WATER,194.26,0.0547,0.0721,0.0843
delta,2022-10-16,S2,NDTI,OPEN_WATER,194.26,-0.2468,-0.2125,-0.1768
delta,2022-10-16,S2,NDVI,EVENT_REEDS,39.02,0.557,0.6153,0.6775
delta,2022-10-16,S2,NDWI,EVENT_REEDS,39.02,-0.643,-0.6103,-0.5801
delta,2022-10-16,S2,MNDWI,EVENT_REEDS,39.02,-0.5926,-0.5591,-0.5224
delta,2022-10-16,S2,NDMI,EVENT_REEDS,39.02,0.0128,0.083,0.154
delta,2022-10-16,S2,BSI,EVENT_REEDS,39.02,-0.1,-0.0321,0.0302
delta,2022-10-16,S2,AWEIsh,EVENT_REEDS,39.02,-0.5539,-0.5053,-0.4559
delta,2022-10-16,S2,NDTI,EVENT_REEDS,39.02,-0.0745,-0.0132,0.0386
delta,2022-10-16,S2,NDVI,DRY_LAND,1947.58,0.3385,0.4567,0.5914
delta,2022-10-16,S2,NDWI,DRY_LAND,1947.58,-0.5835,-0.5061,-0.4314
delta,2022-10-16,S2,MNDWI,DRY_LAND,1947.58,-0.6094,-0.5755,-0.535
delta,2022-10-16,S2,NDMI,DRY_LAND,1947.58,-0.2074,-0.1036,0.0365
delta,2022-10-16,S2,BSI,DRY_LAND,1947.58,0.0048,0.1283,0.2126
delta,2022-10-16,S2,AWEIsh,DRY_LAND,1947.58,-0.5865,-0.512,-0.4533
delta,2022-10-16,S2,NDTI,DRY_LAND,1947.58,-0.0241,0.0607,0.1129
delta,2022-10-21,S2,NDVI,NW_REEDS,43.16,0.2737,0.3211,0.3853
delta,2022-10-21,S2,NDWI,NW_REEDS,43.16,-0.3934,-0.3257,-0.2781
delta,2022-10-21,S2,MNDWI,NW_REEDS,43.16,-0.3386,-0.2785,-0.237
delta,2022-10-21,S2,NDMI,NW_REEDS,43.16,0.0241,0.0502,0.08
delta,2022-10-21,S2,BSI,NW_REEDS,43.16,-0.0401,-0.0167,0.0043
delta,2022-10-21,S2,AWEIsh,NW_REEDS,43.16,-0.3726,-0.3182,-0.2754
delta,2022-10-21,S2,NDTI,NW_REEDS,43.16,-0.0127,0.0061,0.0251
delta,2022-10-21,S2,NDVI,NW_TREES,3.7,0.291,0.3407,0.4202
delta,2022-10-21,S2,NDWI,NW_TREES,3.7,-0.3851,-0.3157,-0.2743
delta,2022-10-21,S2,MNDWI,NW_TREES,3.7,-0.2906,-0.2454,-0.2147
delta,2022-10-21,S2,NDMI,NW_TREES,3.7,0.0513,0.0802,0.1201
delta,2022-10-21,S2,BSI,NW_TREES,3.7,-0.0852,-0.0519,-0.027
delta,2022-10-21,S2,AWEIsh,NW_TREES,3.7,-0.3557,-0.295,-0.2475
delta,2022-10-21,S2,NDTI,NW_TREES,3.7,-0.0524,-0.0299,-0.0113
delta,2022-10-21,S2,NDVI,HIGH_REEDS,4.72,0.2415,0.2859,0.341
delta,2022-10-21,S2,NDWI,HIGH_REEDS,4.72,-0.337,-0.285,-0.2433
delta,2022-10-21,S2,MNDWI,HIGH_REEDS,4.72,-0.3477,-0.2929,-0.2495
delta,2022-10-21,S2,NDMI,HIGH_REEDS,4.72,-0.0413,-0.0101,0.0216
delta,2022-10-21,S2,BSI,HIGH_REEDS,4.72,-0.008,0.0182,0.045
delta,2022-10-21,S2,AWEIsh,HIGH_REEDS,4.72,-0.3644,-0.3233,-0.2869
delta,2022-10-21,S2,NDTI,HIGH_REEDS,4.72,-0.0177,-0.0018,0.0135
delta,2022-10-21,S2,NDVI,OPEN_WATER,81.83,-0.2315,-0.053,0.0474
delta,2022-10-21,S2,NDWI,OPEN_WATER,81.83,0.0294,0.1546,0.4169
delta,2022-10-21,S2,MNDWI,OPEN_WATER,81.83,-0.0379,0.0947,0.4881
delta,2022-10-21,S2,NDMI,OPEN_WATER,81.83,-0.079,-0.003,0.1388
delta,2022-10-21,S2,BSI,OPEN_WATER,81.83,-0.167,-0.046,0.0118
delta,2022-10-21,S2,AWEIsh,OPEN_WATER,81.83,0.0117,0.0526,0.0806
delta,2022-10-21,S2,NDTI,OPEN_WATER,81.83,-0.2082,-0.1186,-0.0614
delta,2022-10-21,S2,NDVI,EVENT_REEDS,8.03,0.255,0.306,0.3777
delta,2022-10-21,S2,NDWI,EVENT_REEDS,8.03,-0.3614,-0.2927,-0.2448
delta,2022-10-21,S2,MNDWI,EVENT_REEDS,8.03,-0.3172,-0.2618,-0.2216
delta,2022-10-21,S2,NDMI,EVENT_REEDS,8.03,0.0074,0.0393,0.0747
delta,2022-10-21,S2,BSI,EVENT_REEDS,8.03,-0.0478,-0.0216,0.0024
delta,2022-10-21,S2,AWEIsh,EVENT_REEDS,8.03,-0.3288,-0.2708,-0.2227
delta,2022-10-21,S2,NDTI,EVENT_REEDS,8.03,-0.0344,-0.0142,0.0041
delta,2022-10-21,S2,NDVI,DRY_LAND,425.92,0.213,0.27,0.3458
delta,2022-10-21,S2,NDWI,DRY_LAND,425.92,-0.3519,-0.2809,-0.2258
delta,2022-10-21,S2,MNDWI,DRY_LAND,425.92,-0.3987,-0.3265,-0.2697
delta,2022-10-21,S2,NDMI,DRY_LAND,425.92,-0.0953,-0.0474,0.0005
delta,2022-10-21,S2,BSI,DRY_LAND,425.92,0.005,0.0418,0.0829
delta,2022-10-21,S2,AWEIsh,DRY_LAND,425.92,-0.3998,-0.3353,-0.2861
delta,2022-10-21,S2,NDTI,DRY_LAND,425.92,-0.0132,0.0067,0.0271
delta,2022-11-15,S2,NDVI,NW_REEDS,116.09,0.3804,0.4128,0.4509
delta,2022-11-15,S2,NDWI,NW_REEDS,116.09,-0.6125,-0.5887,-0.5625
delta,2022-11-15,S2,MNDWI,NW_REEDS,116.09,-0.6802,-0.6464,-0.6102
delta,2022-11-15,S2,NDMI,NW_REEDS,116.09,-0.1535,-0.0998,-0.0394
delta,2022-11-15,S2,BSI,NW_REEDS,116.09,0.1135,0.1614,0.2026
delta,2022-11-15,S2,AWEIsh,NW_REEDS,116.09,-0.4662,-0.4268,-0.3831
delta,2022-11-15,S2,NDTI,NW_REEDS,116.09,0.1872,0.2272,0.2598
delta,2022-11-15,S2,NDVI,NW_TREES,13.07,0.4892,0.5487,0.6082
delta,2022-11-15,S2,NDWI,NW_TREES,13.07,-0.6381,-0.5977,-0.5548
delta,2022-11-15,S2,MNDWI,NW_TREES,13.07,-0.6356,-0.5745,-0.5103
delta,2022-11-15,S2,NDMI,NW_TREES,13.07,-0.0533,0.0308,0.1149
delta,2022-11-15,S2,BSI,NW_TREES,13.07,-0.0441,0.0259,0.0947
delta,2022-11-15,S2,AWEIsh,NW_TREES,13.07,-0.4241,-0.3736,-0.3182
delta,2022-11-15,S2,NDTI,NW_TREES,13.07,0.0129,0.0643,0.1148
delta,2022-11-15,S2,NDVI,HIGH_REEDS,13.76,0.3796,0.4497,0.5141
delta,2022-11-15,S2,NDWI,HIGH_REEDS,13.76,-0.5902,-0.5587,-0.5267
delta,2022-11-15,S2,MNDWI,HIGH_REEDS,13.76,-0.6559,-0.624,-0.5897
delta,2022-11-15,S2,NDMI,HIGH_REEDS,13.76,-0.1694,-0.102,-0.0326
delta,2022-11-15,S2,BSI,HIGH_REEDS,13.76,0.0865,0.1449,0.2002
delta,2022-11-15,S2,AWEIsh,HIGH_REEDS,13.76,-0.5099,-0.4672,-0.4166
delta,2022-11-15,S2,NDTI,HIGH_REEDS,13.76,0.0749,0.1328,0.2038
delta,2022-11-15,S2,NDVI,OPEN_WATER,194.07,-0.7576,-0.5215,-0.2911
delta,2022-11-15,S2,NDWI,OPEN_WATER,194.07,0.5278,0.7176,0.8776
delta,2022-11-15,S2,MNDWI,OPEN_WATER,194.07,0.4471,0.8346,0.9211
delta,2022-11-15,S2,NDMI,OPEN_WATER,194.07,-0.3656,0.1429,0.6
delta,2022-11-15,S2,BSI,OPEN_WATER,194.07,-0.2883,-0.1575,0.0
delta,2022-11-15,S2,AWEIsh,OPEN_WATER,194.07,0.0278,0.0422,0.0528
delta,2022-11-15,S2,NDTI,OPEN_WATER,194.07,-0.378,-0.3034,-0.214
delta,2022-11-15,S2,NDVI,EVENT_REEDS,39.01,0.3892,0.4386,0.4957
delta,2022-11-15,S2,NDWI,EVENT_REEDS,39.01,-0.6068,-0.579,-0.5523
delta,2022-11-15,S2,MNDWI,EVENT_REEDS,39.01,-0.6836,-0.6483,-0.6079
delta,2022-11-15,S2,NDMI,EVENT_REEDS,39.01,-0.1723,-0.1123,-0.0446
delta,2022-11-15,S2,BSI,EVENT_REEDS,39.01,0.1032,0.1613,0.211
delta,2022-11-15,S2,AWEIsh,EVENT_REEDS,39.01,-0.4751,-0.4308,-0.3823
delta,2022-11-15,S2,NDTI,EVENT_REEDS,39.01,0.1271,0.185,0.2301
delta,2022-11-15,S2,NDVI,DRY_LAND,1939.82,0.3236,0.4252,0.549
delta,2022-11-15,S2,NDWI,DRY_LAND,1939.82,-0.5891,-0.5168,-0.4516
delta,2022-11-15,S2,MNDWI,DRY_LAND,1939.82,-0.6574,-0.6155,-0.5693
delta,2022-11-15,S2,NDMI,DRY_LAND,1939.82,-0.2558,-0.1517,-0.0146
delta,2022-11-15,S2,BSI,DRY_LAND,1939.82,0.06,0.1757,0.2594
delta,2022-11-15,S2,AWEIsh,DRY_LAND,1939.82,-0.565,-0.4872,-0.4219
delta,2022-11-15,S2,NDTI,DRY_LAND,1939.82,0.0428,0.105,0.153
delta,2023-01-19,S2,NDVI,NW_REEDS,0.73,-0.0141,0.0256,0.0661
delta,2023-01-19,S2,NDWI,NW_REEDS,0.73,-0.0612,-0.0202,0.0211
delta,2023-01-19,S2,MNDWI,NW_REEDS,0.73,-0.0992,-0.0104,0.0696
delta,2023-01-19,S2,NDMI,NW_REEDS,0.73,-0.0464,0.0097,0.0605
delta,2023-01-19,S2,BSI,NW_REEDS,0.73,-0.0836,-0.0283,0.0309
delta,2023-01-19,S2,AWEIsh,NW_REEDS,0.73,-0.0351,0.0367,0.0981
delta,2023-01-19,S2,NDTI,NW_REEDS,0.73,-0.0414,-0.0078,0.0301
delta,2023-01-19,S2,NDVI,OPEN_WATER,3.01,-0.0357,0.0106,0.0643
delta,2023-01-19,S2,NDWI,OPEN_WATER,3.01,-0.0423,0.0099,0.0517
delta,2023-01-19,S2,MNDWI,OPEN_WATER,3.01,-0.016,0.0704,0.1492
delta,2023-01-19,S2,NDMI,OPEN_WATER,3.01,-0.0258,0.0458,0.1664
delta,2023-01-19,S2,BSI,OPEN_WATER,3.01,-0.1288,-0.0627,0.0058
delta,2023-01-19,S2,AWEIsh,OPEN_WATER,3.01,0.0254,0.0801,0.1213
delta,2023-01-19,S2,NDTI,OPEN_WATER,3.01,-0.0531,-0.0196,0.0179
delta,2023-01-19,S2,NDVI,EVENT_REEDS,0.21,-0.0063,0.0486,0.0904
delta,2023-01-19,S2,NDWI,EVENT_REEDS,0.21,-0.0971,-0.0248,0.0305
delta,2023-01-19,S2,MNDWI,EVENT_REEDS,0.21,-0.119,0.0143,0.1144
delta,2023-01-19,S2,NDMI,EVENT_REEDS,0.21,-0.0288,0.0238,0.1306
delta,2023-01-19,S2,BSI,EVENT_REEDS,0.21,-0.1338,-0.0453,0.0154
delta,2023-01-19,S2,AWEIsh,EVENT_REEDS,0.21,-0.0632,0.0564,0.1283
delta,2023-01-19,S2,NDTI,EVENT_REEDS,0.21,-0.0454,-0.0135,0.0226
delta,2023-01-19,S2,NDVI,DRY_LAND,54.31,0.0656,0.1363,0.2114
delta,2023-01-19,S2,NDWI,DRY_LAND,54.31,-0.2489,-0.1576,-0.0749
delta,2023-01-19,S2,MNDWI,DRY_LAND,54.31,-0.3852,-0.2437,-0.1034
delta,2023-01-19,S2,NDMI,DRY_LAND,54.31,-0.161,-0.0687,0.0007
delta,2023-01-19,S2,BSI,DRY_LAND,54.31,-0.0246,0.0536,0.1505
delta,2023-01-19,S2,AWEIsh,DRY_LAND,54.31,-0.2892,-0.1701,-0.0466
delta,2023-01-19,S2,NDTI,DRY_LAND,54.31,-0.0252,0.015,0.0625
delta,2023-02-08,S2,NDVI,NW_REEDS,115.35,0.2421,0.2766,0.299
delta,2023-02-08,S2,NDWI,NW_REEDS,115.35,-0.4851,-0.4561,-0.3989
delta,2023-02-08,S2,MNDWI,NW_REEDS,115.35,-0.6082,-0.57,-0.5006
delta,2023-02-08,S2,NDMI,NW_REEDS,115.35,-0.2003,-0.1582,-0.1004
delta,2023-02-08,S2,BSI,NW_REEDS,115.35,0.1614,0.2041,0.2339
delta,2023-02-08,S2,AWEIsh,NW_REEDS,115.35,-0.3654,-0.3088,-0.2387
delta,2023-02-08,S2,NDTI,NW_REEDS,115.35,0.1561,0.1996,0.2261
delta,2023-02-08,S2,NDVI,NW_TREES,12.9,0.2904,0.3473,0.3943
delta,2023-02-08,S2,NDWI,NW_TREES,12.9,-0.474,-0.4329,-0.377
delta,2023-02-08,S2,MNDWI,NW_TREES,12.9,-0.5177,-0.4592,-0.3828
delta,2023-02-08,S2,NDMI,NW_TREES,12.9,-0.1012,-0.0301,0.0353
delta,2023-02-08,S2,BSI,NW_TREES,12.9,0.0298,0.0793,0.1352
delta,2023-02-08,S2,AWEIsh,NW_TREES,12.9,-0.3226,-0.282,-0.234
delta,2023-02-08,S2,NDTI,NW_TREES,12.9,0.0548,0.0909,0.1269
delta,2023-02-08,S2,NDVI,HIGH_REEDS,12.67,0.2509,0.2849,0.3281
delta,2023-02-08,S2,NDWI,HIGH_REEDS,12.67,-0.4635,-0.4325,-0.3992
delta,2023-02-08,S2,MNDWI,HIGH_REEDS,12.67,-0.6043,-0.5687,-0.5171
delta,2023-02-08,S2,NDMI,HIGH_REEDS,12.67,-0.2248,-0.1738,-0.1071
delta,2023-02-08,S2,BSI,HIGH_REEDS,12.67,0.1545,0.2045,0.2413
delta,2023-02-08,S2,AWEIsh,HIGH_REEDS,12.67,-0.4477,-0.3748,-0.2973
delta,2023-02-08,S2,NDTI,HIGH_REEDS,12.67,0.1186,0.1531,0.1862
delta,2023-02-08,S2,NDVI,OPEN_WATER,189.3,-0.293,-0.2126,-0.1367
delta,2023-02-08,S2,NDWI,OPEN_WATER,189.3,0.2524,0.337,0.4156
delta,2023-02-08,S2,MNDWI,OPEN_WATER,189.3,0.5254,0.6883,0.7706
delta,2023-02-08,S2,NDMI,OPEN_WATER,189.3,0.232,0.4286,0.5294
delta,2023-02-08,S2,BSI,OPEN_WATER,189.3,-0.1835,-0.1189,-0.0293
delta,2023-02-08,S2,AWEIsh,OPEN_WATER,189.3,0.0383,0.0546,0.0873
delta,2023-02-08,S2,NDTI,OPEN_WATER,189.3,-0.1696,-0.1285,-0.0784
delta,2023-02-08,S2,NDVI,EVENT_REEDS,37.32,0.2457,0.2788,0.3127
delta,2023-02-08,S2,NDWI,EVENT_REEDS,37.32,-0.4625,-0.4313,-0.3897
delta,2023-02-08,S2,MNDWI,EVENT_REEDS,37.32,-0.5766,-0.528,-0.4534
delta,2023-02-08,S2,NDMI,EVENT_REEDS,37.32,-0.1787,-0.1166,-0.0496
delta,2023-02-08,S2,BSI,EVENT_REEDS,37.32,0.1102,0.165,0.212
delta,2023-02-08,S2,AWEIsh,EVENT_REEDS,37.32,-0.3633,-0.3186,-0.2702
delta,2023-02-08,S2,NDTI,EVENT_REEDS,37.32,0.1177,0.1605,0.1944
delta,2023-02-08,S2,NDVI,DRY_LAND,1898.79,0.2259,0.2889,0.4005
delta,2023-02-08,S2,NDWI,DRY_LAND,1898.79,-0.484,-0.4051,-0.3499
delta,2023-02-08,S2,MNDWI,DRY_LAND,1898.79,-0.6025,-0.5697,-0.5184
delta,2023-02-08,S2,NDMI,DRY_LAND,1898.79,-0.2737,-0.1764,-0.0565
delta,2023-02-08,S2,BSI,DRY_LAND,1898.79,0.0981,0.1937,0.2672
delta,2023-02-08,S2,AWEIsh,DRY_LAND,1898.79,-0.482,-0.4102,-0.347
delta,2023-02-08,S2,NDTI,DRY_LAND,1898.79,0.0778,0.1138,0.1432
delta,2023-02-13,S2,NDVI,NW_REEDS,113.8,0.2669,0.2926,0.3134
delta,2023-02-13,S2,NDWI,NW_REEDS,113.8,-0.5228,-0.4979,-0.4604
delta,2023-02-13,S2,MNDWI,NW_REEDS,113.8,-0.6696,-0.638,-0.5923
delta,2023-02-13,S2,NDMI,NW_REEDS,113.8,-0.2483,-0.2049,-0.149
delta,2023-02-13,S2,BSI,NW_REEDS,113.8,0.2001,0.2367,0.2663
delta,2023-02-13,S2,AWEIsh,NW_REEDS,113.8,-0.3965,-0.3364,-0.2578
delta,2023-02-13,S2,NDTI,NW_REEDS,113.8,0.2018,0.2366,0.2599
delta,2023-02-13,S2,NDVI,NW_TREES,12.92,0.3327,0.3875,0.4327
delta,2023-02-13,S2,NDWI,NW_TREES,12.92,-0.5266,-0.4897,-0.4389
delta,2023-02-13,S2,MNDWI,NW_TREES,12.92,-0.61,-0.5615,-0.4973
delta,2023-02-13,S2,NDMI,NW_TREES,12.92,-0.1609,-0.0981,-0.0348
delta,2023-02-13,S2,BSI,NW_TREES,12.92,0.0772,0.1272,0.177
delta,2023-02-13,S2,AWEIsh,NW_TREES,12.92,-0.3756,-0.3318,-0.2865
delta,2023-02-13,S2,NDTI,NW_TREES,12.92,0.081,0.1169,0.152
delta,2023-02-13,S2,NDVI,HIGH_REEDS,13.01,0.2667,0.2962,0.3351
delta,2023-02-13,S2,NDWI,HIGH_REEDS,13.01,-0.4929,-0.4562,-0.4251
delta,2023-02-13,S2,MNDWI,HIGH_REEDS,13.01,-0.6497,-0.6202,-0.5856
delta,2023-02-13,S2,NDMI,HIGH_REEDS,13.01,-0.2706,-0.2234,-0.1713
delta,2023-02-13,S2,BSI,HIGH_REEDS,13.01,0.1985,0.2377,0.2718
delta,2023-02-13,S2,AWEIsh,HIGH_REEDS,13.01,-0.4916,-0.4302,-0.3462
delta,2023-02-13,S2,NDTI,HIGH_REEDS,13.01,0.1369,0.1715,0.212
delta,2023-02-13,S2,NDVI,OPEN_WATER,136.2,-0.4357,-0.2563,-0.1555
delta,2023-02-13,S2,NDWI,OPEN_WATER,136.2,0.2441,0.402,0.6
delta,2023-02-13,S2,MNDWI,OPEN_WATER,136.2,0.329,0.7296,0.8885
delta,2023-02-13,S2,NDMI,OPEN_WATER,136.2,-0.1806,0.28,0.75
delta,2023-02-13,S2,BSI,OPEN_WATER,136.2,-0.2531,-0.1689,-0.0256
delta,2023-02-13,S2,AWEIsh,OPEN_WATER,136.2,0.0198,0.0373,0.1072
delta,2023-02-13,S2,NDTI,OPEN_WATER,136.2,-0.2298,-0.1381,-0.0631
delta,2023-02-13,S2,NDVI,EVENT_REEDS,39.01,0.2705,0.2983,0.3333
delta,2023-02-13,S2,NDWI,EVENT_REEDS,39.01,-0.5065,-0.4793,-0.4446
delta,2023-02-13,S2,MNDWI,EVENT_REEDS,39.01,-0.6584,-0.6241,-0.5798
delta,2023-02-13,S2,NDMI,EVENT_REEDS,39.01,-0.2565,-0.2082,-0.1552
delta,2023-02-13,S2,BSI,EVENT_REEDS,39.01,0.1902,0.2315,0.2679
delta,2023-02-13,S2,AWEIsh,EVENT_REEDS,39.01,-0.4194,-0.3664,-0.3075
delta,2023-02-13,S2,NDTI,EVENT_REEDS,39.01,0.1566,0.198,0.2313
delta,2023-02-13,S2,NDVI,DRY_LAND,1889.22,0.2422,0.3018,0.4034
delta,2023-02-13,S2,NDWI,DRY_LAND,1889.22,-0.4995,-0.4289,-0.3797
delta,2023-02-13,S2,MNDWI,DRY_LAND,1889.22,-0.6482,-0.6183,-0.5828
delta,2023-02-13,S2,NDMI,DRY_LAND,1889.22,-0.3272,-0.2429,-0.1451
delta,2023-02-13,S2,BSI,DRY_LAND,1889.22,0.167,0.2413,0.3065
delta,2023-02-13,S2,AWEIsh,DRY_LAND,1889.22,-0.5393,-0.47,-0.4124
delta,2023-02-13,S2,NDTI,DRY_LAND,1889.22,0.1029,0.133,0.1582
delta,2023-02-23,S2,NDVI,NW_REEDS,115.77,0.2533,0.2779,0.2976
delta,2023-02-23,S2,NDWI,NW_REEDS,115.77,-0.4745,-0.4484,-0.4078
delta,2023-02-23,S2,MNDWI,NW_REEDS,115.77,-0.6148,-0.5815,-0.5267
delta,2023-02-23,S2,NDMI,NW_REEDS,115.77,-0.2231,-0.1812,-0.1293
delta,2023-02-23,S2,BSI,NW_REEDS,115.77,0.1661,0.2037,0.2312
delta,2023-02-23,S2,AWEIsh,NW_REEDS,115.77,-0.3718,-0.3111,-0.2306
delta,2023-02-23,S2,NDTI,NW_REEDS,115.77,0.1586,0.1909,0.2144
delta,2023-02-23,S2,NDVI,NW_TREES,12.88,0.3139,0.365,0.4081
delta,2023-02-23,S2,NDWI,NW_TREES,12.88,-0.4823,-0.4499,-0.411
delta,2023-02-23,S2,MNDWI,NW_TREES,12.88,-0.5622,-0.5245,-0.478
delta,2023-02-23,S2,NDMI,NW_TREES,12.88,-0.1575,-0.0982,-0.0397
delta,2023-02-23,S2,BSI,NW_TREES,12.88,0.0746,0.119,0.164
delta,2023-02-23,S2,AWEIsh,NW_TREES,12.88,-0.3498,-0.304,-0.2598
delta,2023-02-23,S2,NDTI,NW_TREES,12.88,0.0632,0.0945,0.1257
delta,2023-02-23,S2,NDVI,HIGH_REEDS,13.74,0.2577,0.2857,0.3255
delta,2023-02-23,S2,NDWI,HIGH_REEDS,13.74,-0.4508,-0.4212,-0.3949
delta,2023-02-23,S2,MNDWI,HIGH_REEDS,13.74,-0.6104,-0.5836,-0.5518
delta,2023-02-23,S2,NDMI,HIGH_REEDS,13.74,-0.2541,-0.2098,-0.1595
delta,2023-02-23,S2,BSI,HIGH_REEDS,13.74,0.1788,0.2158,0.2477
delta,2023-02-23,S2,AWEIsh,HIGH_REEDS,13.74,-0.4726,-0.4134,-0.3294
delta,2023-02-23,S2,NDTI,HIGH_REEDS,13.74,0.1155,0.1423,0.1719
delta,2023-02-23,S2,NDVI,OPEN_WATER,193.91,-0.3565,-0.2878,-0.2105
delta,2023-02-23,S2,NDWI,OPEN_WATER,193.91,0.3712,0.4551,0.5241
delta,2023-02-23,S2,MNDWI,OPEN_WATER,193.91,0.5625,0.7944,0.8443
delta,2023-02-23,S2,NDMI,OPEN_WATER,193.91,0.2193,0.4776,0.5963
delta,2023-02-23,S2,BSI,OPEN_WATER,193.91,-0.2778,-0.2104,-0.128
delta,2023-02-23,S2,AWEIsh,OPEN_WATER,193.91,0.0451,0.0578,0.0734
delta,2023-02-23,S2,NDTI,OPEN_WATER,193.91,-0.2239,-0.189,-0.1454
delta,2023-02-23,S2,NDVI,EVENT_REEDS,38.79,0.2606,0.2848,0.3182
delta,2023-02-23,S2,NDWI,EVENT_REEDS,38.79,-0.4598,-0.4362,-0.4088
delta,2023-02-23,S2,MNDWI,EVENT_REEDS,38.79,-0.6108,-0.5792,-0.542
delta,2023-02-23,S2,NDMI,EVENT_REEDS,38.79,-0.2382,-0.1924,-0.1407
delta,2023-02-23,S2,BSI,EVENT_REEDS,38.79,0.1691,0.2066,0.2401
delta,2023-02-23,S2,AWEIsh,EVENT_REEDS,38.79,-0.3974,-0.3446,-0.2836
delta,2023-02-23,S2,NDTI,EVENT_REEDS,38.79,0.1302,0.1628,0.1895
delta,2023-02-23,S2,NDVI,DRY_LAND,1936.01,0.2416,0.3014,0.4022
delta,2023-02-23,S2,NDWI,DRY_LAND,1936.01,-0.4846,-0.4104,-0.3626
delta,2023-02-23,S2,MNDWI,DRY_LAND,1936.01,-0.6174,-0.5922,-0.5626
delta,2023-02-23,S2,NDMI,DRY_LAND,1936.01,-0.3091,-0.2242,-0.1223
delta,2023-02-23,S2,BSI,DRY_LAND,1936.01,0.145,0.2219,0.2823
delta,2023-02-23,S2,AWEIsh,DRY_LAND,1936.01,-0.4995,-0.4264,-0.3694
delta,2023-02-23,S2,NDTI,DRY_LAND,1936.01,0.0926,0.1178,0.1382
delta,2023-03-05,S2,NDVI,NW_REEDS,90.03,0.2128,0.2451,0.2671
delta,2023-03-05,S2,NDWI,NW_REEDS,90.03,-0.4215,-0.3825,-0.3202
delta,2023-03-05,S2,MNDWI,NW_REEDS,90.03,-0.5588,-0.5135,-0.4328
delta,2023-03-05,S2,NDMI,NW_REEDS,90.03,-0.2041,-0.1597,-0.1143
delta,2023-03-05,S2,BSI,NW_REEDS,90.03,0.1299,0.1732,0.2021
delta,2023-03-05,S2,AWEIsh,NW_REEDS,90.03,-0.3865,-0.3115,-0.1893
delta,2023-03-05,S2,NDTI,NW_REEDS,90.03,0.109,0.1488,0.181
delta,2023-03-05,S2,NDVI,NW_TREES,10.18,0.2763,0.3207,0.3613
delta,2023-03-05,S2,NDWI,NW_TREES,10.18,-0.4261,-0.3914,-0.3462
delta,2023-03-05,S2,MNDWI,NW_TREES,10.18,-0.5118,-0.4738,-0.4261
delta,2023-03-05,S2,NDMI,NW_TREES,10.18,-0.1473,-0.1024,-0.0543
delta,2023-03-05,S2,BSI,NW_TREES,10.18,0.072,0.1079,0.1429
delta,2023-03-05,S2,AWEIsh,NW_TREES,10.18,-0.3554,-0.306,-0.2611
delta,2023-03-05,S2,NDTI,NW_TREES,10.18,0.0474,0.0727,0.0987
delta,2023-03-05,S2,NDVI,HIGH_REEDS,11.44,0.2355,0.2634,0.2997
delta,2023-03-05,S2,NDWI,HIGH_REEDS,11.44,-0.4103,-0.3823,-0.3488
delta,2023-03-05,S2,MNDWI,HIGH_REEDS,11.44,-0.5853,-0.5554,-0.5086
delta,2023-03-05,S2,NDMI,HIGH_REEDS,11.44,-0.2535,-0.2076,-0.152
delta,2023-03-05,S2,BSI,HIGH_REEDS,11.44,0.1593,0.2039,0.2383
delta,2023-03-05,S2,AWEIsh,HIGH_REEDS,11.44,-0.4876,-0.4195,-0.3285
delta,2023-03-05,S2,NDTI,HIGH_REEDS,11.44,0.0893,0.1178,0.1449
delta,2023-03-05,S2,NDVI,OPEN_WATER,115.94,-0.2125,-0.1318,-0.0327
delta,2023-03-05,S2,NDWI,OPEN_WATER,115.94,0.1186,0.2376,0.36
delta,2023-03-05,S2,MNDWI,OPEN_WATER,115.94,0.1697,0.4372,0.6254
delta,2023-03-05,S2,NDMI,OPEN_WATER,115.94,0.0384,0.2361,0.3675
delta,2023-03-05,S2,BSI,OPEN_WATER,115.94,-0.2041,-0.1556,-0.0552
delta,2023-03-05,S2,AWEIsh,OPEN_WATER,115.94,0.0451,0.065,0.0844
delta,2023-03-05,S2,NDTI,OPEN_WATER,115.94,-0.1674,-0.1171,-0.0656
delta,2023-03-05,S2,NDVI,EVENT_REEDS,33.34,0.2254,0.2536,0.2854
delta,2023-03-05,S2,NDWI,EVENT_REEDS,33.34,-0.4065,-0.3788,-0.3326
delta,2023-03-05,S2,MNDWI,EVENT_REEDS,33.34,-0.5608,-0.5239,-0.4701
delta,2023-03-05,S2,NDMI,EVENT_REEDS,33.34,-0.2254,-0.1816,-0.1343
delta,2023-03-05,S2,BSI,EVENT_REEDS,33.34,0.1426,0.1811,0.2146
delta,2023-03-05,S2,AWEIsh,EVENT_REEDS,33.34,-0.3991,-0.339,-0.2421
delta,2023-03-05,S2,NDTI,EVENT_REEDS,33.34,0.0904,0.1243,0.1516
delta,2023-03-05,S2,NDVI,DRY_LAND,1743.39,0.2182,0.268,0.3616
delta,2023-03-05,S2,NDWI,DRY_LAND,1743.39,-0.4358,-0.3661,-0.3278
delta,2023-03-05,S2,MNDWI,DRY_LAND,1743.39,-0.5998,-0.5762,-0.5434
delta,2023-03-05,S2,NDMI,DRY_LAND,1743.39,-0.3199,-0.2388,-0.1444
delta,2023-03-05,S2,BSI,DRY_LAND,1743.39,0.1526,0.2254,0.2839
delta,2023-03-05,S2,AWEIsh,DRY_LAND,1743.39,-0.5258,-0.4614,-0.4054
delta,2023-03-05,S2,NDTI,DRY_LAND,1743.39,0.0795,0.1034,0.122
delta,2023-06-08,S2,NDVI,NW_REEDS,47.42,-0.1546,-0.1142,-0.0527
delta,2023-06-08,S2,NDWI,NW_REEDS,47.42,0.0771,0.1308,0.1699
delta,2023-06-08,S2,MNDWI,NW_REEDS,47.42,0.344,0.5115,0.5727
delta,2023-06-08,S2,NDMI,NW_REEDS,47.42,0.3096,0.3975,0.4603
delta,2023-06-08,S2,BSI,NW_REEDS,47.42,-0.1509,-0.1133,-0.0833
delta,2023-06-08,S2,AWEIsh,NW_REEDS,47.42,0.1209,0.1399,0.1597
delta,2023-06-08,S2,NDTI,NW_REEDS,47.42,-0.034,-0.0215,-0.0095
delta,2023-06-08,S2,NDVI,NW_TREES,4.47,0.0818,0.2652,0.4801
delta,2023-06-08,S2,NDWI,NW_TREES,4.47,-0.3941,-0.2037,-0.0408
delta,2023-06-08,S2,MNDWI,NW_TREES,4.47,-0.0031,0.1339,0.2255
delta,2023-06-08,S2,NDMI,NW_TREES,4.47,0.2619,0.3333,0.409
delta,2023-06-08,S2,BSI,NW_TREES,4.47,-0.2704,-0.1915,-0.1269
delta,2023-06-08,S2,AWEIsh,NW_TREES,4.47,-0.1699,-0.0157,0.0778
delta,2023-06-08,S2,NDTI,NW_TREES,4.47,-0.1113,-0.0671,-0.0374
delta,2023-06-08,S2,NDVI,HIGH_REEDS,3.67,0.1371,0.4278,0.6435
delta,2023-06-08,S2,NDWI,HIGH_REEDS,3.67,-0.5761,-0.4004,-0.1262
delta,2023-06-08,S2,MNDWI,HIGH_REEDS,3.67,-0.436,-0.1965,0.1192
delta,2023-06-08,S2,NDMI,HIGH_REEDS,3.67,0.1303,0.255,0.3493
delta,2023-06-08,S2,BSI,HIGH_REEDS,3.67,-0.2103,-0.1014,-0.0367
delta,2023-06-08,S2,AWEIsh,HIGH_REEDS,3.67,-0.5245,-0.1953,-0.0055
delta,2023-06-08,S2,NDTI,HIGH_REEDS,3.67,-0.1227,-0.0455,-0.0036
delta,2023-06-08,S2,NDVI,OPEN_WATER,37.2,-0.1743,-0.1488,-0.1142
delta,2023-06-08,S2,NDWI,OPEN_WATER,37.2,0.1171,0.1511,0.179
delta,2023-06-08,S2,MNDWI,OPEN_WATER,37.2,0.4272,0.4742,0.518
delta,2023-06-08,S2,NDMI,OPEN_WATER,37.2,0.3042,0.3463,0.3857
delta,2023-06-08,S2,BSI,OPEN_WATER,37.2,-0.0983,-0.0736,-0.056
delta,2023-06-08,S2,AWEIsh,OPEN_WATER,37.2,0.1256,0.1428,0.1549
delta,2023-06-08,S2,NDTI,OPEN_WATER,37.2,-0.0187,-0.0048,0.0053
delta,2023-06-08,S2,NDVI,EVENT_REEDS,16.97,-0.1805,-0.0973,0.0238
delta,2023-06-08,S2,NDWI,EVENT_REEDS,16.97,-0.0036,0.113,0.1915
delta,2023-06-08,S2,MNDWI,EVENT_REEDS,16.97,0.248,0.3505,0.4494
delta,2023-06-08,S2,NDMI,EVENT_REEDS,16.97,0.207,0.2691,0.3541
delta,2023-06-08,S2,BSI,EVENT_REEDS,16.97,-0.1146,-0.0593,-0.0253
delta,2023-06-08,S2,AWEIsh,EVENT_REEDS,16.97,0.0671,0.123,0.1516
delta,2023-06-08,S2,NDTI,EVENT_REEDS,16.97,-0.0332,-0.0168,-0.0033
delta,2023-06-08,S2,NDVI,DRY_LAND,441.1,0.2506,0.3768,0.5439
delta,2023-06-08,S2,NDWI,DRY_LAND,441.1,-0.5327,-0.4167,-0.3235
delta,2023-06-08,S2,MNDWI,DRY_LAND,441.1,-0.4789,-0.4396,-0.394
delta,2023-06-08,S2,NDMI,DRY_LAND,441.1,-0.1485,-0.0197,0.1568
delta,2023-06-08,S2,BSI,DRY_LAND,441.1,-0.0831,0.0652,0.1667
delta,2023-06-08,S2,AWEIsh,DRY_LAND,441.1,-0.5906,-0.5359,-0.4818
delta,2023-06-08,S2,NDTI,DRY_LAND,441.1,-0.0251,0.0476,0.0845
delta,2023-06-18,S2,NDVI,NW_REEDS,105.8,0.2287,0.3161,0.4407
delta,2023-06-18,S2,NDWI,NW_REEDS,105.8,-0.4438,-0.37,-0.2936
delta,2023-06-18,S2,MNDWI,NW_REEDS,105.8,-0.4971,-0.4543,-0.3893
delta,2023-06-18,S2,NDMI,NW_REEDS,105.8,-0.1724,-0.0986,0.0107
delta,2023-06-18,S2,BSI,NW_REEDS,105.8,0.0295,0.1167,0.1703
delta,2023-06-18,S2,AWEIsh,NW_REEDS,105.8,-0.3203,-0.2516,-0.1596
delta,2023-06-18,S2,NDTI,NW_REEDS,105.8,-0.0256,0.0371,0.0729
delta,2023-06-18,S2,NDVI,NW_TREES,12.15,0.3069,0.5647,0.7401
delta,2023-06-18,S2,NDWI,NW_TREES,12.15,-0.638,-0.5142,-0.3273
delta,2023-06-18,S2,MNDWI,NW_TREES,12.15,-0.4489,-0.384,-0.3142
delta,2023-06-18,S2,NDMI,NW_TREES,12.15,-0.0069,0.1548,0.3119
delta,2023-06-18,S2,BSI,NW_TREES,12.15,-0.2533,-0.0922,0.0485
delta,2023-06-18,S2,AWEIsh,NW_TREES,12.15,-0.4383,-0.3159,-0.2112
delta,2023-06-18,S2,NDTI,NW_TREES,12.15,-0.1967,-0.0762,0.013
delta,2023-06-18,S2,NDVI,HIGH_REEDS,11.98,0.5038,0.6554,0.7527
delta,2023-06-18,S2,NDWI,HIGH_REEDS,11.98,-0.6484,-0.5886,-0.4941
delta,2023-06-18,S2,MNDWI,HIGH_REEDS,11.98,-0.5326,-0.4871,-0.4362
delta,2023-06-18,S2,NDMI,HIGH_REEDS,11.98,-0.0002,0.1384,0.2649
delta,2023-06-18,S2,BSI,HIGH_REEDS,11.98,-0.2131,-0.0904,0.037
delta,2023-06-18,S2,AWEIsh,HIGH_REEDS,11.98,-0.6174,-0.5456,-0.4386
delta,2023-06-18,S2,NDTI,HIGH_REEDS,11.98,-0.2086,-0.1115,-0.012
delta,2023-06-18,S2,NDVI,OPEN_WATER,178.7,-0.2403,-0.1656,-0.1178
delta,2023-06-18,S2,NDWI,OPEN_WATER,178.7,0.185,0.2411,0.3172
delta,2023-06-18,S2,MNDWI,OPEN_WATER,178.7,0.3115,0.4,0.5242
delta,2023-06-18,S2,NDMI,OPEN_WATER,178.7,0.1128,0.1852,0.2955
delta,2023-06-18,S2,BSI,OPEN_WATER,178.7,-0.0906,-0.0574,-0.0248
delta,2023-06-18,S2,AWEIsh,OPEN_WATER,178.7,0.0524,0.0716,0.0853
delta,2023-06-18,S2,NDTI,OPEN_WATER,178.7,-0.1016,-0.0771,-0.0557
delta,2023-06-18,S2,NDVI,EVENT_REEDS,29.67,0.1963,0.2725,0.3804
delta,2023-06-18,S2,NDWI,EVENT_REEDS,29.67,-0.4052,-0.3234,-0.2352
delta,2023-06-18,S2,MNDWI,EVENT_REEDS,29.67,-0.462,-0.4,-0.283
delta,2023-06-18,S2,NDMI,EVENT_REEDS,29.67,-0.1677,-0.0806,0.0486
delta,2023-06-18,S2,BSI,EVENT_REEDS,29.67,0.0013,0.097,0.1587
delta,2023-06-18,S2,AWEIsh,EVENT_REEDS,29.67,-0.2611,-0.1752,-0.0881
delta,2023-06-18,S2,NDTI,EVENT_REEDS,29.67,-0.0429,0.0252,0.067
delta,2023-06-18,S2,NDVI,DRY_LAND,1389.65,0.2816,0.4378,0.5804
delta,2023-06-18,S2,NDWI,DRY_LAND,1389.65,-0.55,-0.47,-0.3702
delta,2023-06-18,S2,MNDWI,DRY_LAND,1389.65,-0.5272,-0.4936,-0.451
delta,2023-06-18,S2,NDMI,DRY_LAND,1389.65,-0.1455,-0.0133,0.1034
delta,2023-06-18,S2,BSI,DRY_LAND,1389.65,-0.0496,0.0629,0.1736
delta,2023-06-18,S2,AWEIsh,DRY_LAND,1389.65,-0.6418,-0.581,-0.5247
delta,2023-06-18,S2,NDTI,DRY_LAND,1389.65,-0.0521,0.0341,0.0978
delta,2023-06-23,S2,NDVI,NW_REEDS,60.72,0.2596,0.3346,0.4792
delta,2023-06-23,S2,NDWI,NW_REEDS,60.72,-0.4602,-0.3865,-0.325
delta,2023-06-23,S2,MNDWI,NW_REEDS,60.72,-0.5246,-0.4778,-0.4124
delta,2023-06-23,S2,NDMI,NW_REEDS,60.72,-0.207,-0.1138,0.0155
delta,2023-06-23,S2,BSI,NW_REEDS,60.72,-0.0056,0.105,0.1833
delta,2023-06-23,S2,AWEIsh,NW_REEDS,60.72,-0.3438,-0.2955,-0.2421
delta,2023-06-23,S2,NDTI,NW_REEDS,60.72,-0.0547,0.0259,0.0843
delta,2023-06-23,S2,NDVI,NW_TREES,4.75,0.3504,0.6086,0.7626
delta,2023-06-23,S2,NDWI,NW_TREES,4.75,-0.6572,-0.5436,-0.3681
delta,2023-06-23,S2,MNDWI,NW_TREES,4.75,-0.4766,-0.4227,-0.3658
delta,2023-06-23,S2,NDMI,NW_TREES,4.75,-0.0245,0.1656,0.3031
delta,2023-06-23,S2,BSI,NW_TREES,4.75,-0.261,-0.1245,0.0458
delta,2023-06-23,S2,AWEIsh,NW_TREES,4.75,-0.4989,-0.3727,-0.2689
delta,2023-06-23,S2,NDTI,NW_TREES,4.75,-0.2125,-0.1034,0.0104
delta,2023-06-23,S2,NDVI,HIGH_REEDS,12.34,0.5006,0.6505,0.7504
delta,2023-06-23,S2,NDWI,HIGH_REEDS,12.34,-0.6424,-0.581,-0.4923
delta,2023-06-23,S2,MNDWI,HIGH_REEDS,12.34,-0.5223,-0.4823,-0.4426
delta,2023-06-23,S2,NDMI,HIGH_REEDS,12.34,-0.0061,0.1354,0.2609
delta,2023-06-23,S2,BSI,HIGH_REEDS,12.34,-0.2173,-0.0967,0.0316
delta,2023-06-23,S2,AWEIsh,HIGH_REEDS,12.34,-0.5912,-0.5228,-0.423
delta,2023-06-23,S2,NDTI,HIGH_REEDS,12.34,-0.2109,-0.1148,-0.0134
delta,2023-06-23,S2,NDVI,OPEN_WATER,102.26,-0.2058,-0.149,-0.0885
delta,2023-06-23,S2,NDWI,OPEN_WATER,102.26,0.1809,0.2718,0.3482
delta,2023-06-23,S2,MNDWI,OPEN_WATER,102.26,0.2796,0.4237,0.5676
delta,2023-06-23,S2,NDMI,OPEN_WATER,102.26,0.1066,0.1907,0.3004
delta,2023-06-23,S2,BSI,OPEN_WATER,102.26,-0.1978,-0.1423,-0.0918
delta,2023-06-23,S2,AWEIsh,OPEN_WATER,102.26,0.0576,0.07,0.0778
delta,2023-06-23,S2,NDTI,OPEN_WATER,102.26,-0.1718,-0.134,-0.089
delta,2023-06-23,S2,NDVI,EVENT_REEDS,13.87,0.2129,0.2799,0.3998
delta,2023-06-23,S2,NDWI,EVENT_REEDS,13.87,-0.4227,-0.3487,-0.2676
delta,2023-06-23,S2,MNDWI,EVENT_REEDS,13.87,-0.4913,-0.4256,-0.263
delta,2023-06-23,S2,NDMI,EVENT_REEDS,13.87,-0.176,-0.0665,0.0788
delta,2023-06-23,S2,BSI,EVENT_REEDS,13.87,-0.0561,0.0571,0.1595
delta,2023-06-23,S2,AWEIsh,EVENT_REEDS,13.87,-0.3156,-0.2406,-0.0885
delta,2023-06-23,S2,NDTI,EVENT_REEDS,13.87,-0.0484,0.0253,0.0908
delta,2023-06-23,S2,NDVI,DRY_LAND,1678.64,0.2914,0.442,0.5796
delta,2023-06-23,S2,NDWI,DRY_LAND,1678.64,-0.5524,-0.4808,-0.3923
delta,2023-06-23,S2,MNDWI,DRY_LAND,1678.64,-0.5385,-0.5094,-0.474
delta,2023-06-23,S2,NDMI,DRY_LAND,1678.64,-0.1352,-0.0241,0.0804
delta,2023-06-23,S2,BSI,DRY_LAND,1678.64,-0.0311,0.0699,0.1636
delta,2023-06-23,S2,AWEIsh,DRY_LAND,1678.64,-0.5956,-0.5416,-0.4953
delta,2023-06-23,S2,NDTI,DRY_LAND,1678.64,-0.0446,0.0454,0.1067
delta,2023-06-28,S2,NDVI,NW_REEDS,116.08,0.2728,0.3628,0.4952
delta,2023-06-28,S2,NDWI,NW_REEDS,116.08,-0.5026,-0.44,-0.3756
delta,2023-06-28,S2,MNDWI,NW_REEDS,116.08,-0.5779,-0.5306,-0.4567
delta,2023-06-28,S2,NDMI,NW_REEDS,116.08,-0.2169,-0.1153,0.0195
delta,2023-06-28,S2,BSI,NW_REEDS,116.08,0.0229,0.1395,0.2192
delta,2023-06-28,S2,AWEIsh,NW_REEDS,116.08,-0.4036,-0.3432,-0.2766
delta,2023-06-28,S2,NDTI,NW_REEDS,116.08,-0.0272,0.0676,0.1157
delta,2023-06-28,S2,NDVI,NW_TREES,13.0,0.3058,0.563,0.7314
delta,2023-06-28,S2,NDWI,NW_TREES,13.0,-0.6376,-0.5292,-0.3502
delta,2023-06-28,S2,MNDWI,NW_TREES,13.0,-0.4786,-0.4246,-0.3655
delta,2023-06-28,S2,NDMI,NW_TREES,13.0,-0.0492,0.1207,0.287
delta,2023-06-28,S2,BSI,NW_TREES,13.0,-0.2316,-0.0631,0.0838
delta,2023-06-28,S2,AWEIsh,NW_TREES,13.0,-0.4778,-0.3788,-0.2882
delta,2023-06-28,S2,NDTI,NW_TREES,13.0,-0.1794,-0.0595,0.0384
delta,2023-06-28,S2,NDVI,HIGH_REEDS,13.02,0.5027,0.6561,0.7586
delta,2023-06-28,S2,NDWI,HIGH_REEDS,13.02,-0.6458,-0.5818,-0.4915
delta,2023-06-28,S2,MNDWI,HIGH_REEDS,13.02,-0.5209,-0.4729,-0.4259
delta,2023-06-28,S2,NDMI,HIGH_REEDS,13.02,0.0102,0.151,0.276
delta,2023-06-28,S2,BSI,HIGH_REEDS,13.02,-0.227,-0.1026,0.0283
delta,2023-06-28,S2,AWEIsh,HIGH_REEDS,13.02,-0.6239,-0.5464,-0.4431
delta,2023-06-28,S2,NDTI,HIGH_REEDS,13.02,-0.2243,-0.123,-0.0182
delta,2023-06-28,S2,NDVI,OPEN_WATER,192.41,-0.0906,-0.0587,-0.0263
delta,2023-06-28,S2,NDWI,OPEN_WATER,192.41,0.0803,0.1134,0.1472
delta,2023-06-28,S2,MNDWI,OPEN_WATER,192.41,0.1789,0.2228,0.2641
delta,2023-06-28,S2,NDMI,OPEN_WATER,192.41,0.0771,0.1156,0.149
delta,2023-06-28,S2,BSI,OPEN_WATER,192.41,-0.059,-0.0402,-0.019
delta,2023-06-28,S2,AWEIsh,OPEN_WATER,192.41,0.0555,0.0675,0.0803
delta,2023-06-28,S2,NDTI,OPEN_WATER,192.41,-0.0771,-0.0578,-0.0409
delta,2023-06-28,S2,NDVI,EVENT_REEDS,31.57,0.2353,0.2973,0.4006
delta,2023-06-28,S2,NDWI,EVENT_REEDS,31.57,-0.4519,-0.3848,-0.3108
delta,2023-06-28,S2,MNDWI,EVENT_REEDS,31.57,-0.5306,-0.4688,-0.3636
delta,2023-06-28,S2,NDMI,EVENT_REEDS,31.57,-0.1801,-0.0904,0.0373
delta,2023-06-28,S2,BSI,EVENT_REEDS,31.57,0.0,0.1168,0.1906
delta,2023-06-28,S2,AWEIsh,EVENT_REEDS,31.57,-0.3595,-0.2982,-0.1973
delta,2023-06-28,S2,NDTI,EVENT_REEDS,31.57,-0.0258,0.0646,0.1133
delta,2023-06-28,S2,NDVI,DRY_LAND,826.31,0.2471,0.3583,0.4939
delta,2023-06-28,S2,NDWI,DRY_LAND,826.31,-0.4941,-0.4066,-0.3206
delta,2023-06-28,S2,MNDWI,DRY_LAND,826.31,-0.5156,-0.4731,-0.4046
delta,2023-06-28,S2,NDMI,DRY_LAND,826.31,-0.1447,-0.043,0.0451
delta,2023-06-28,S2,BSI,DRY_LAND,826.31,-0.0061,0.0803,0.1719
delta,2023-06-28,S2,AWEIsh,DRY_LAND,826.31,-0.6237,-0.5554,-0.4864
delta,2023-06-28,S2,NDTI,DRY_LAND,826.31,-0.0217,0.0411,0.0911
delta,2023-07-03,S2,NDVI,NW_REEDS,94.72,0.3075,0.4274,0.5591
delta,2023-07-03,S2,NDWI,NW_REEDS,94.72,-0.5291,-0.4634,-0.3937
delta,2023-07-03,S2,MNDWI,NW_REEDS,94.72,-0.5825,-0.5365,-0.4684
delta,2023-07-03,S2,NDMI,NW_REEDS,94.72,-0.2132,-0.0986,0.0425
delta,2023-07-03,S2,BSI,NW_REEDS,94.72,-0.016,0.1062,0.2
delta,2023-07-03,S2,AWEIsh,NW_REEDS,94.72,-0.4127,-0.3549,-0.2944
delta,2023-07-03,S2,NDTI,NW_REEDS,94.72,-0.0685,0.026,0.093
delta,2023-07-03,S2,NDVI,NW_TREES,10.7,0.3093,0.5727,0.732
delta,2023-07-03,S2,NDWI,NW_TREES,10.7,-0.6373,-0.532,-0.3443
delta,2023-07-03,S2,MNDWI,NW_TREES,10.7,-0.4876,-0.4374,-0.3784
delta,2023-07-03,S2,NDMI,NW_TREES,10.7,-0.0565,0.1121,0.2647
delta,2023-07-03,S2,BSI,NW_TREES,10.7,-0.2212,-0.07,0.0782
delta,2023-07-03,S2,AWEIsh,NW_TREES,10.7,-0.4784,-0.3871,-0.2988
delta,2023-07-03,S2,NDTI,NW_TREES,10.7,-0.1818,-0.0699,0.0353
delta,2023-07-03,S2,NDVI,HIGH_REEDS,13.48,0.5309,0.674,0.7743
delta,2023-07-03,S2,NDWI,HIGH_REEDS,13.48,-0.6609,-0.5983,-0.5164
delta,2023-07-03,S2,MNDWI,HIGH_REEDS,13.48,-0.5338,-0.4938,-0.4537
delta,2023-07-03,S2,NDMI,HIGH_REEDS,13.48,0.0127,0.1542,0.275
delta,2023-07-03,S2,BSI,HIGH_REEDS,13.48,-0.2332,-0.1124,0.0181
delta,2023-07-03,S2,AWEIsh,HIGH_REEDS,13.48,-0.6238,-0.5433,-0.4601
delta,2023-07-03,S2,NDTI,HIGH_REEDS,13.48,-0.2332,-0.129,-0.0231
delta,2023-07-03,S2,NDVI,OPEN_WATER,183.9,-0.1583,-0.117,-0.0806
delta,2023-07-03,S2,NDWI,OPEN_WATER,183.9,0.1871,0.2265,0.2834
delta,2023-07-03,S2,MNDWI,OPEN_WATER,183.9,0.3083,0.3724,0.4577
delta,2023-07-03,S2,NDMI,OPEN_WATER,183.9,0.1216,0.1622,0.2211
delta,2023-07-03,S2,BSI,OPEN_WATER,183.9,-0.1354,-0.1004,-0.0748
delta,2023-07-03,S2,AWEIsh,OPEN_WATER,183.9,0.0577,0.0698,0.0778
delta,2023-07-03,S2,NDTI,OPEN_WATER,183.9,-0.1459,-0.1169,-0.0936
delta,2023-07-03,S2,NDVI,EVENT_REEDS,21.26,0.2716,0.3424,0.4608
delta,2023-07-03,S2,NDWI,EVENT_REEDS,21.26,-0.4733,-0.4096,-0.3474
delta,2023-07-03,S2,MNDWI,EVENT_REEDS,21.26,-0.5438,-0.499,-0.4411
delta,2023-07-03,S2,NDMI,EVENT_REEDS,21.26,-0.1886,-0.1058,0.007
delta,2023-07-03,S2,BSI,EVENT_REEDS,21.26,0.0127,0.1147,0.1829
delta,2023-07-03,S2,AWEIsh,EVENT_REEDS,21.26,-0.3812,-0.3276,-0.2708
delta,2023-07-03,S2,NDTI,EVENT_REEDS,21.26,-0.0211,0.0546,0.0996
delta,2023-07-03,S2,NDVI,DRY_LAND,1790.4,0.2677,0.4108,0.5632
delta,2023-07-03,S2,NDWI,DRY_LAND,1790.4,-0.548,-0.4656,-0.3821
delta,2023-07-03,S2,MNDWI,DRY_LAND,1790.4,-0.5578,-0.5325,-0.503
delta,2023-07-03,S2,NDMI,DRY_LAND,1790.4,-0.1751,-0.0872,0.0292
delta,2023-07-03,S2,BSI,DRY_LAND,1790.4,0.0079,0.1202,0.1953
delta,2023-07-03,S2,AWEIsh,DRY_LAND,1790.4,-0.6211,-0.5503,-0.5015
delta,2023-07-03,S2,NDTI,DRY_LAND,1790.4,-0.0253,0.0617,0.1153
delta,2023-07-08,S2,NDVI,NW_REEDS,110.51,0.3294,0.462,0.581
delta,2023-07-08,S2,NDWI,NW_REEDS,110.51,-0.5463,-0.4834,-0.4075
delta,2023-07-08,S2,MNDWI,NW_REEDS,110.51,-0.5764,-0.5314,-0.4665
delta,2023-07-08,S2,NDMI,NW_REEDS,110.51,-0.178,-0.0646,0.0659
delta,2023-07-08,S2,BSI,NW_REEDS,110.51,-0.0186,0.0943,0.1882
delta,2023-07-08,S2,AWEIsh,NW_REEDS,110.51,-0.4107,-0.3586,-0.3
delta,2023-07-08,S2,NDTI,NW_REEDS,110.51,-0.0687,0.0082,0.0769
delta,2023-07-08,S2,NDVI,NW_TREES,12.13,0.3282,0.5898,0.7345
delta,2023-07-08,S2,NDWI,NW_TREES,12.13,-0.6466,-0.5479,-0.3595
delta,2023-07-08,S2,MNDWI,NW_TREES,12.13,-0.4991,-0.4449,-0.3808
delta,2023-07-08,S2,NDMI,NW_TREES,12.13,-0.0424,0.1242,0.2635
delta,2023-07-08,S2,BSI,NW_TREES,12.13,-0.2102,-0.0701,0.0791
delta,2023-07-08,S2,AWEIsh,NW_TREES,12.13,-0.4902,-0.4018,-0.3144
delta,2023-07-08,S2,NDTI,NW_TREES,12.13,-0.17,-0.0678,0.0286
delta,2023-07-08,S2,NDVI,HIGH_REEDS,12.11,0.515,0.6571,0.7606
delta,2023-07-08,S2,NDWI,HIGH_REEDS,12.11,-0.6549,-0.5906,-0.5132
delta,2023-07-08,S2,MNDWI,HIGH_REEDS,12.11,-0.5333,-0.4963,-0.4605
delta,2023-07-08,S2,NDMI,HIGH_REEDS,12.11,0.0013,0.139,0.2596
delta,2023-07-08,S2,BSI,HIGH_REEDS,12.11,-0.2092,-0.0861,0.0427
delta,2023-07-08,S2,AWEIsh,HIGH_REEDS,12.11,-0.6234,-0.5436,-0.461
delta,2023-07-08,S2,NDTI,HIGH_REEDS,12.11,-0.2099,-0.1089,-0.0062
delta,2023-07-08,S2,NDVI,OPEN_WATER,191.17,-0.1179,-0.09,-0.0494
delta,2023-07-08,S2,NDWI,OPEN_WATER,191.17,0.1082,0.1429,0.1724
delta,2023-07-08,S2,MNDWI,OPEN_WATER,191.17,0.1732,0.2357,0.2757
delta,2023-07-08,S2,NDMI,OPEN_WATER,191.17,0.0494,0.1008,0.1357
delta,2023-07-08,S2,BSI,OPEN_WATER,191.17,-0.0245,-0.0057,0.013
delta,2023-07-08,S2,AWEIsh,OPEN_WATER,191.17,0.0495,0.0627,0.0734
delta,2023-07-08,S2,NDTI,OPEN_WATER,191.17,-0.0785,-0.0552,-0.0389
delta,2023-07-08,S2,NDVI,EVENT_REEDS,35.57,0.278,0.3642,0.4781
delta,2023-07-08,S2,NDWI,EVENT_REEDS,35.57,-0.48,-0.4073,-0.3268
delta,2023-07-08,S2,MNDWI,EVENT_REEDS,35.57,-0.5311,-0.4676,-0.3146
delta,2023-07-08,S2,NDMI,EVENT_REEDS,35.57,-0.1535,-0.0417,0.0835
delta,2023-07-08,S2,BSI,EVENT_REEDS,35.57,-0.0326,0.0687,0.1652
delta,2023-07-08,S2,AWEIsh,EVENT_REEDS,35.57,-0.3723,-0.3049,-0.1468
delta,2023-07-08,S2,NDTI,EVENT_REEDS,35.57,-0.0496,0.0122,0.0752
delta,2023-07-08,S2,NDVI,DRY_LAND,1191.33,0.2457,0.3787,0.5292
delta,2023-07-08,S2,NDWI,DRY_LAND,1191.33,-0.5326,-0.452,-0.3682
delta,2023-07-08,S2,MNDWI,DRY_LAND,1191.33,-0.5486,-0.5171,-0.4823
delta,2023-07-08,S2,NDMI,DRY_LAND,1191.33,-0.1644,-0.0795,0.0209
delta,2023-07-08,S2,BSI,DRY_LAND,1191.33,0.0307,0.1302,0.1979
delta,2023-07-08,S2,AWEIsh,DRY_LAND,1191.33,-0.6128,-0.5507,-0.5003
delta,2023-07-08,S2,NDTI,DRY_LAND,1191.33,-0.0013,0.0798,0.1271
delta,2023-07-28,S2,NDVI,NW_REEDS,9.51,0.4876,0.6674,0.7356
delta,2023-07-28,S2,NDWI,NW_REEDS,9.51,-0.6159,-0.5566,-0.4061
delta,2023-07-28,S2,MNDWI,NW_REEDS,9.51,-0.4247,-0.3663,-0.2368
delta,2023-07-28,S2,NDMI,NW_REEDS,9.51,0.1518,0.2263,0.3012
delta,2023-07-28,S2,BSI,NW_REEDS,9.51,-0.2488,-0.1824,-0.1184
delta,2023-07-28,S2,AWEIsh,NW_REEDS,9.51,-0.5726,-0.4796,-0.3039
delta,2023-07-28,S2,NDTI,NW_REEDS,9.51,-0.2245,-0.1728,-0.1025
delta,2023-07-28,S2,NDVI,NW_TREES,0.53,0.3874,0.6741,0.7638
delta,2023-07-28,S2,NDWI,NW_TREES,0.53,-0.6543,-0.5806,-0.319
delta,2023-07-28,S2,MNDWI,NW_TREES,0.53,-0.4325,-0.3557,-0.1844
delta,2023-07-28,S2,NDMI,NW_TREES,0.53,0.1644,0.2641,0.3278
delta,2023-07-28,S2,BSI,NW_TREES,0.53,-0.2788,-0.2162,-0.1331
delta,2023-07-28,S2,AWEIsh,NW_TREES,0.53,-0.5803,-0.4567,-0.2046
delta,2023-07-28,S2,NDTI,NW_TREES,0.53,-0.2215,-0.1551,-0.0833
delta,2023-07-28,S2,NDVI,HIGH_REEDS,7.14,0.4997,0.6036,0.7191
delta,2023-07-28,S2,NDWI,HIGH_REEDS,7.14,-0.6243,-0.5551,-0.4942
delta,2023-07-28,S2,MNDWI,HIGH_REEDS,7.14,-0.5289,-0.4894,-0.4507
delta,2023-07-28,S2,NDMI,HIGH_REEDS,7.14,-0.0054,0.1047,0.227
delta,2023-07-28,S2,BSI,HIGH_REEDS,7.14,-0.1792,-0.0597,0.0392
delta,2023-07-28,S2,AWEIsh,HIGH_REEDS,7.14,-0.5845,-0.5134,-0.4645
delta,2023-07-28,S2,NDTI,HIGH_REEDS,7.14,-0.1722,-0.0817,-0.0109
delta,2023-07-28,S2,NDVI,OPEN_WATER,105.89,-0.1069,-0.084,-0.0506
delta,2023-07-28,S2,NDWI,OPEN_WATER,105.89,0.1076,0.1372,0.1645
delta,2023-07-28,S2,MNDWI,OPEN_WATER,105.89,0.343,0.3798,0.4085
delta,2023-07-28,S2,NDMI,OPEN_WATER,105.89,0.2122,0.2518,0.2857
delta,2023-07-28,S2,BSI,OPEN_WATER,105.89,-0.1068,-0.086,-0.0694
delta,2023-07-28,S2,AWEIsh,OPEN_WATER,105.89,0.0795,0.0938,0.1062
delta,2023-07-28,S2,NDTI,OPEN_WATER,105.89,-0.0793,-0.0578,-0.0404
delta,2023-07-28,S2,NDVI,DRY_LAND,404.19,0.2312,0.3477,0.4997
delta,2023-07-28,S2,NDWI,DRY_LAND,404.19,-0.4809,-0.3864,-0.3057
delta,2023-07-28,S2,MNDWI,DRY_LAND,404.19,-0.5176,-0.4632,-0.382
delta,2023-07-28,S2,NDMI,DRY_LAND,404.19,-0.177,-0.07,0.056
delta,2023-07-28,S2,BSI,DRY_LAND,404.19,-0.0271,0.0828,0.1769
delta,2023-07-28,S2,AWEIsh,DRY_LAND,404.19,-0.5605,-0.4887,-0.4109
delta,2023-07-28,S2,NDTI,DRY_LAND,404.19,-0.0411,0.0274,0.0817
delta,2023-08-07,S2,NDVI,NW_REEDS,114.67,0.6599,0.7458,0.7926
delta,2023-08-07,S2,NDWI,NW_REEDS,114.67,-0.6624,-0.6294,-0.5829
delta,2023-08-07,S2,MNDWI,NW_REEDS,114.67,-0.5484,-0.5124,-0.4723
delta,2023-08-07,S2,NDMI,NW_REEDS,114.67,0.0784,0.1808,0.2605
delta,2023-08-07,S2,BSI,NW_REEDS,114.67,-0.2186,-0.1416,-0.0435
delta,2023-08-07,S2,AWEIsh,NW_REEDS,114.67,-0.5773,-0.5026,-0.4134
delta,2023-08-07,S2,NDTI,NW_REEDS,114.67,-0.2772,-0.2179,-0.1351
delta,2023-08-07,S2,NDVI,NW_TREES,12.77,0.5242,0.7307,0.8049
delta,2023-08-07,S2,NDWI,NW_TREES,12.77,-0.7059,-0.644,-0.4941
delta,2023-08-07,S2,MNDWI,NW_TREES,12.77,-0.5341,-0.4809,-0.4137
delta,2023-08-07,S2,NDMI,NW_TREES,12.77,0.0701,0.2209,0.3144
delta,2023-08-07,S2,BSI,NW_TREES,12.77,-0.267,-0.1712,-0.0186
delta,2023-08-07,S2,AWEIsh,NW_TREES,12.77,-0.5433,-0.4744,-0.3913
delta,2023-08-07,S2,NDTI,NW_TREES,12.77,-0.2335,-0.1592,-0.0437
delta,2023-08-07,S2,NDVI,HIGH_REEDS,13.45,0.5442,0.7029,0.7862
delta,2023-08-07,S2,NDWI,HIGH_REEDS,13.45,-0.6797,-0.6252,-0.5356
delta,2023-08-07,S2,MNDWI,HIGH_REEDS,13.45,-0.5566,-0.5217,-0.4892
delta,2023-08-07,S2,NDMI,HIGH_REEDS,13.45,-0.0004,0.1579,0.2678
delta,2023-08-07,S2,BSI,HIGH_REEDS,13.45,-0.2215,-0.1091,0.0438
delta,2023-08-07,S2,AWEIsh,HIGH_REEDS,13.45,-0.6512,-0.5726,-0.5069
delta,2023-08-07,S2,NDTI,HIGH_REEDS,13.45,-0.232,-0.1354,-0.0125
delta,2023-08-07,S2,NDVI,OPEN_WATER,191.96,-0.1747,-0.1416,-0.0855
delta,2023-08-07,S2,NDWI,OPEN_WATER,191.96,0.1786,0.2238,0.2661
delta,2023-08-07,S2,MNDWI,OPEN_WATER,191.96,0.3733,0.4737,0.5345
delta,2023-08-07,S2,NDMI,OPEN_WATER,191.96,0.1622,0.2837,0.3591
delta,2023-08-07,S2,BSI,OPEN_WATER,191.96,-0.0862,-0.0582,-0.0179
delta,2023-08-07,S2,AWEIsh,OPEN_WATER,191.96,0.0467,0.0639,0.0796
delta,2023-08-07,S2,NDTI,OPEN_WATER,191.96,-0.1247,-0.0928,-0.0684
delta,2023-08-07,S2,NDVI,EVENT_REEDS,35.37,0.4868,0.6315,0.7492
delta,2023-08-07,S2,NDWI,EVENT_REEDS,35.37,-0.6488,-0.5719,-0.4689
delta,2023-08-07,S2,MNDWI,EVENT_REEDS,35.37,-0.555,-0.5157,-0.4317
delta,2023-08-07,S2,NDMI,EVENT_REEDS,35.37,-0.0053,0.1179,0.2283
delta,2023-08-07,S2,BSI,EVENT_REEDS,35.37,-0.1743,-0.0687,0.0426
delta,2023-08-07,S2,AWEIsh,EVENT_REEDS,35.37,-0.5227,-0.4243,-0.2877
delta,2023-08-07,S2,NDTI,EVENT_REEDS,35.37,-0.2034,-0.1115,-0.0249
delta,2023-08-07,S2,NDVI,DRY_LAND,1879.75,0.2398,0.3728,0.4916
delta,2023-08-07,S2,NDWI,DRY_LAND,1879.75,-0.5118,-0.4465,-0.3537
delta,2023-08-07,S2,MNDWI,DRY_LAND,1879.75,-0.5889,-0.5588,-0.5223
delta,2023-08-07,S2,NDMI,DRY_LAND,1879.75,-0.2429,-0.1578,-0.0549
delta,2023-08-07,S2,BSI,DRY_LAND,1879.75,0.0934,0.1838,0.2513
delta,2023-08-07,S2,AWEIsh,DRY_LAND,1879.75,-0.5958,-0.5391,-0.4961
delta,2023-08-07,S2,NDTI,DRY_LAND,1879.75,0.022,0.086,0.125
delta,2023-08-17,S2,NDVI,NW_REEDS,115.53,0.6901,0.7564,0.7961
delta,2023-08-17,S2,NDWI,NW_REEDS,115.53,-0.6656,-0.6355,-0.5929
delta,2023-08-17,S2,MNDWI,NW_REEDS,115.53,-0.5216,-0.4934,-0.4597
delta,2023-08-17,S2,NDMI,NW_REEDS,115.53,0.1325,0.215,0.2807
delta,2023-08-17,S2,BSI,NW_REEDS,115.53,-0.2395,-0.1771,-0.0989
delta,2023-08-17,S2,AWEIsh,NW_REEDS,115.53,-0.5845,-0.5168,-0.4354
delta,2023-08-17,S2,NDTI,NW_REEDS,115.53,-0.2808,-0.2304,-0.1672
delta,2023-08-17,S2,NDVI,NW_TREES,13.05,0.5839,0.7363,0.7969
delta,2023-08-17,S2,NDWI,NW_TREES,13.05,-0.6982,-0.6452,-0.531
delta,2023-08-17,S2,MNDWI,NW_TREES,13.05,-0.5143,-0.4679,-0.4114
delta,2023-08-17,S2,NDMI,NW_TREES,13.05,0.1222,0.2412,0.32
delta,2023-08-17,S2,BSI,NW_TREES,13.05,-0.2733,-0.1937,-0.0714
delta,2023-08-17,S2,AWEIsh,NW_TREES,13.05,-0.5461,-0.4852,-0.4143
delta,2023-08-17,S2,NDTI,NW_TREES,13.05,-0.227,-0.1693,-0.0772
delta,2023-08-17,S2,NDVI,HIGH_REEDS,13.44,0.5068,0.6738,0.7667
delta,2023-08-17,S2,NDWI,HIGH_REEDS,13.44,-0.6642,-0.6087,-0.5156
delta,2023-08-17,S2,MNDWI,HIGH_REEDS,13.44,-0.5516,-0.5169,-0.4843
delta,2023-08-17,S2,NDMI,HIGH_REEDS,13.44,-0.0284,0.1402,0.2518
delta,2023-08-17,S2,BSI,HIGH_REEDS,13.44,-0.2066,-0.0937,0.0669
delta,2023-08-17,S2,AWEIsh,HIGH_REEDS,13.44,-0.6299,-0.5622,-0.5042
delta,2023-08-17,S2,NDTI,HIGH_REEDS,13.44,-0.2102,-0.1125,0.0091
delta,2023-08-17,S2,NDVI,OPEN_WATER,194.19,-0.2312,-0.1788,-0.0833
delta,2023-08-17,S2,NDWI,OPEN_WATER,194.19,0.2642,0.3321,0.3805
delta,2023-08-17,S2,MNDWI,OPEN_WATER,194.19,0.5388,0.6736,0.7366
delta,2023-08-17,S2,NDMI,OPEN_WATER,194.19,0.2793,0.4258,0.5267
delta,2023-08-17,S2,BSI,OPEN_WATER,194.19,-0.1808,-0.136,-0.0824
delta,2023-08-17,S2,AWEIsh,OPEN_WATER,194.19,0.0629,0.0763,0.0853
delta,2023-08-17,S2,NDTI,OPEN_WATER,194.19,-0.1904,-0.1626,-0.1384
delta,2023-08-17,S2,NDVI,EVENT_REEDS,38.99,0.4728,0.6352,0.7533
delta,2023-08-17,S2,NDWI,EVENT_REEDS,38.99,-0.6461,-0.5617,-0.4268
delta,2023-08-17,S2,MNDWI,EVENT_REEDS,38.99,-0.5237,-0.4828,-0.362
delta,2023-08-17,S2,NDMI,EVENT_REEDS,38.99,0.0361,0.1536,0.249
delta,2023-08-17,S2,BSI,EVENT_REEDS,38.99,-0.1972,-0.1067,-0.003
delta,2023-08-17,S2,AWEIsh,EVENT_REEDS,38.99,-0.5294,-0.4249,-0.2461
delta,2023-08-17,S2,NDTI,EVENT_REEDS,38.99,-0.2126,-0.1351,-0.0602
delta,2023-08-17,S2,NDVI,DRY_LAND,1910.68,0.2267,0.3369,0.4449
delta,2023-08-17,S2,NDWI,DRY_LAND,1910.68,-0.4773,-0.4153,-0.338
delta,2023-08-17,S2,MNDWI,DRY_LAND,1910.68,-0.5804,-0.5501,-0.5141
delta,2023-08-17,S2,NDMI,DRY_LAND,1910.68,-0.2562,-0.1795,-0.0852
delta,2023-08-17,S2,BSI,DRY_LAND,1910.68,0.1188,0.198,0.258
delta,2023-08-17,S2,AWEIsh,DRY_LAND,1910.68,-0.5758,-0.5202,-0.479
delta,2023-08-17,S2,NDTI,DRY_LAND,1910.68,0.0341,0.09,0.1231
delta,2023-08-27,S2,NDVI,NW_REEDS,116.08,0.7135,0.7638,0.7975
delta,2023-08-27,S2,NDWI,NW_REEDS,116.08,-0.6703,-0.6443,-0.6095
delta,2023-08-27,S2,MNDWI,NW_REEDS,116.08,-0.5178,-0.4954,-0.4669
delta,2023-08-27,S2,NDMI,NW_REEDS,116.08,0.1624,0.225,0.2799
delta,2023-08-27,S2,BSI,NW_REEDS,116.08,-0.2385,-0.1859,-0.1257
delta,2023-08-27,S2,AWEIsh,NW_REEDS,116.08,-0.6087,-0.5463,-0.4706
delta,2023-08-27,S2,NDTI,NW_REEDS,116.08,-0.2785,-0.2346,-0.183
delta,2023-08-27,S2,NDVI,NW_TREES,13.07,0.6204,0.7377,0.7901
delta,2023-08-27,S2,NDWI,NW_TREES,13.07,-0.6952,-0.6487,-0.5595
delta,2023-08-27,S2,MNDWI,NW_TREES,13.07,-0.5189,-0.4746,-0.4193
delta,2023-08-27,S2,NDMI,NW_TREES,13.07,0.148,0.2402,0.3086
delta,2023-08-27,S2,BSI,NW_TREES,13.07,-0.2596,-0.1909,-0.0963
delta,2023-08-27,S2,AWEIsh,NW_TREES,13.07,-0.5462,-0.4904,-0.4267
delta,2023-08-27,S2,NDTI,NW_TREES,13.07,-0.2164,-0.1667,-0.0935
delta,2023-08-27,S2,NDVI,HIGH_REEDS,13.76,0.4572,0.6548,0.7558
delta,2023-08-27,S2,NDWI,HIGH_REEDS,13.76,-0.6608,-0.6034,-0.4979
delta,2023-08-27,S2,MNDWI,HIGH_REEDS,13.76,-0.565,-0.5305,-0.4963
delta,2023-08-27,S2,NDMI,HIGH_REEDS,13.76,-0.077,0.105,0.2294
delta,2023-08-27,S2,BSI,HIGH_REEDS,13.76,-0.1837,-0.0576,0.1125
delta,2023-08-27,S2,AWEIsh,HIGH_REEDS,13.76,-0.6245,-0.5602,-0.5057
delta,2023-08-27,S2,NDTI,HIGH_REEDS,13.76,-0.1908,-0.0825,0.0436
delta,2023-08-27,S2,NDVI,OPEN_WATER,194.29,-0.177,-0.1196,-0.0254
delta,2023-08-27,S2,NDWI,OPEN_WATER,194.29,0.2095,0.2711,0.3092
delta,2023-08-27,S2,MNDWI,OPEN_WATER,194.29,0.4932,0.6281,0.675
delta,2023-08-27,S2,NDMI,OPEN_WATER,194.29,0.3,0.4076,0.486
delta,2023-08-27,S2,BSI,OPEN_WATER,194.29,-0.1668,-0.1217,-0.0726
delta,2023-08-27,S2,AWEIsh,OPEN_WATER,194.29,0.0646,0.0811,0.0922
delta,2023-08-27,S2,NDTI,OPEN_WATER,194.29,-0.1852,-0.15,-0.1246
delta,2023-08-27,S2,NDVI,EVENT_REEDS,39.02,0.4964,0.6611,0.7623
delta,2023-08-27,S2,NDWI,EVENT_REEDS,39.02,-0.6542,-0.581,-0.4465
delta,2023-08-27,S2,MNDWI,EVENT_REEDS,39.02,-0.5231,-0.4875,-0.3846
delta,2023-08-27,S2,NDMI,EVENT_REEDS,39.02,0.0562,0.1657,0.2489
delta,2023-08-27,S2,BSI,EVENT_REEDS,39.02,-0.1986,-0.1172,-0.016
delta,2023-08-27,S2,AWEIsh,EVENT_REEDS,39.02,-0.5521,-0.453,-0.279
delta,2023-08-27,S2,NDTI,EVENT_REEDS,39.02,-0.218,-0.1438,-0.0668
delta,2023-08-27,S2,NDVI,DRY_LAND,1947.67,0.1974,0.2806,0.3706
delta,2023-08-27,S2,NDWI,DRY_LAND,1947.67,-0.4444,-0.3873,-0.3234
delta,2023-08-27,S2,MNDWI,DRY_LAND,1947.67,-0.5906,-0.5619,-0.5276
delta,2023-08-27,S2,NDMI,DRY_LAND,1947.67,-0.2875,-0.225,-0.1468
delta,2023-08-27,S2,BSI,DRY_LAND,1947.67,0.1775,0.2384,0.2863
delta,2023-08-27,S2,AWEIsh,DRY_LAND,1947.67,-0.5652,-0.5154,-0.4767
delta,2023-08-27,S2,NDTI,DRY_LAND,1947.67,0.0794,0.116,0.1396
delta,2023-09-01,S2,NDVI,NW_REEDS,112.95,0.553,0.6071,0.6448
delta,2023-09-01,S2,NDWI,NW_REEDS,112.95,-0.5483,-0.5155,-0.4691
delta,2023-09-01,S2,MNDWI,NW_REEDS,112.95,-0.3688,-0.3458,-0.3094
delta,2023-09-01,S2,NDMI,NW_REEDS,112.95,0.1636,0.2095,0.2564
delta,2023-09-01,S2,BSI,NW_REEDS,112.95,-0.2066,-0.1678,-0.1287
delta,2023-09-01,S2,AWEIsh,NW_REEDS,112.95,-0.5173,-0.462,-0.3951
delta,2023-09-01,S2,NDTI,NW_REEDS,112.95,-0.1547,-0.1329,-0.1088
delta,2023-09-01,S2,NDVI,NW_TREES,12.72,0.4896,0.5706,0.618
delta,2023-09-01,S2,NDWI,NW_TREES,12.72,-0.5383,-0.496,-0.4313
delta,2023-09-01,S2,MNDWI,NW_TREES,12.72,-0.34,-0.3012,-0.2507
delta,2023-09-01,S2,NDMI,NW_TREES,12.72,0.1633,0.2317,0.2891
delta,2023-09-01,S2,BSI,NW_TREES,12.72,-0.2264,-0.1785,-0.1183
delta,2023-09-01,S2,AWEIsh,NW_TREES,12.72,-0.4507,-0.4018,-0.347
delta,2023-09-01,S2,NDTI,NW_TREES,12.72,-0.1242,-0.103,-0.0743
delta,2023-09-01,S2,NDVI,HIGH_REEDS,13.34,0.3575,0.5101,0.6137
delta,2023-09-01,S2,NDWI,HIGH_REEDS,13.34,-0.5409,-0.469,-0.3711
delta,2023-09-01,S2,MNDWI,HIGH_REEDS,13.34,-0.4415,-0.4032,-0.3726
delta,2023-09-01,S2,NDMI,HIGH_REEDS,13.34,-0.0754,0.0874,0.2022
delta,2023-09-01,S2,BSI,HIGH_REEDS,13.34,-0.1567,-0.0554,0.0793
delta,2023-09-01,S2,AWEIsh,HIGH_REEDS,13.34,-0.528,-0.4694,-0.419
delta,2023-09-01,S2,NDTI,HIGH_REEDS,13.34,-0.1093,-0.0542,0.0076
delta,2023-09-01,S2,NDVI,OPEN_WATER,190.25,-0.0129,0.0184,0.0636
delta,2023-09-01,S2,NDWI,OPEN_WATER,190.25,0.0383,0.0771,0.1041
delta,2023-09-01,S2,MNDWI,OPEN_WATER,190.25,0.537,0.5707,0.5894
delta,2023-09-01,S2,NDMI,OPEN_WATER,190.25,0.4658,0.506,0.5364
delta,2023-09-01,S2,BSI,OPEN_WATER,190.25,-0.2391,-0.2206,-0.2011
delta,2023-09-01,S2,AWEIsh,OPEN_WATER,190.25,0.1279,0.141,0.1522
delta,2023-09-01,S2,NDTI,OPEN_WATER,190.25,-0.1092,-0.0943,-0.0804
delta,2023-09-01,S2,NDVI,EVENT_REEDS,33.58,0.4147,0.5399,0.618
delta,2023-09-01,S2,NDWI,EVENT_REEDS,33.58,-0.5298,-0.466,-0.3663
delta,2023-09-01,S2,MNDWI,EVENT_REEDS,33.58,-0.374,-0.3398,-0.2689
delta,2023-09-01,S2,NDMI,EVENT_REEDS,33.58,0.0996,0.1804,0.2422
delta,2023-09-01,S2,BSI,EVENT_REEDS,33.58,-0.1896,-0.1363,-0.069
delta,2023-09-01,S2,AWEIsh,EVENT_REEDS,33.58,-0.4866,-0.4089,-0.293
delta,2023-09-01,S2,NDTI,EVENT_REEDS,33.58,-0.1355,-0.1025,-0.0627
delta,2023-09-01,S2,NDVI,DRY_LAND,1795.27,0.1794,0.2314,0.2872
delta,2023-09-01,S2,NDWI,DRY_LAND,1795.27,-0.3402,-0.299,-0.2574
delta,2023-09-01,S2,MNDWI,DRY_LAND,1795.27,-0.4975,-0.4751,-0.4444
delta,2023-09-01,S2,NDMI,DRY_LAND,1795.27,-0.2531,-0.2037,-0.1351
delta,2023-09-01,S2,BSI,DRY_LAND,1795.27,0.1337,0.1865,0.2223
delta,2023-09-01,S2,AWEIsh,DRY_LAND,1795.27,-0.5092,-0.46,-0.4182
delta,2023-09-01,S2,NDTI,DRY_LAND,1795.27,0.0425,0.0682,0.0875
delta,2023-09-11,S2,NDVI,NW_REEDS,115.01,0.7607,0.8037,0.8329
delta,2023-09-11,S2,NDWI,NW_REEDS,115.01,-0.7113,-0.6885,-0.659
delta,2023-09-11,S2,MNDWI,NW_REEDS,115.01,-0.5332,-0.511,-0.4832
delta,2023-09-11,S2,NDMI,NW_REEDS,115.01,0.2236,0.2773,0.3255
delta,2023-09-11,S2,BSI,NW_REEDS,115.01,-0.2877,-0.2403,-0.187
delta,2023-09-11,S2,AWEIsh,NW_REEDS,115.01,-0.6682,-0.6065,-0.5316
delta,2023-09-11,S2,NDTI,NW_REEDS,115.01,-0.3053,-0.2581,-0.2021
delta,2023-09-11,S2,NDVI,NW_TREES,12.83,0.6726,0.7736,0.82
delta,2023-09-11,S2,NDWI,NW_TREES,12.83,-0.7309,-0.6899,-0.6163
delta,2023-09-11,S2,MNDWI,NW_TREES,12.83,-0.5452,-0.4965,-0.4406
delta,2023-09-11,S2,NDMI,NW_TREES,12.83,0.1995,0.2787,0.3423
delta,2023-09-11,S2,BSI,NW_TREES,12.83,-0.2975,-0.2326,-0.1492
delta,2023-09-11,S2,AWEIsh,NW_TREES,12.83,-0.5774,-0.5186,-0.4525
delta,2023-09-11,S2,NDTI,NW_TREES,12.83,-0.2299,-0.1748,-0.0957
delta,2023-09-11,S2,NDVI,HIGH_REEDS,13.1,0.428,0.633,0.7626
delta,2023-09-11,S2,NDWI,HIGH_REEDS,13.1,-0.6825,-0.6164,-0.5054
delta,2023-09-11,S2,MNDWI,HIGH_REEDS,13.1,-0.58,-0.5414,-0.5018
delta,2023-09-11,S2,NDMI,HIGH_REEDS,13.1,-0.0739,0.1016,0.2521
delta,2023-09-11,S2,BSI,HIGH_REEDS,13.1,-0.2064,-0.0514,0.1115
delta,2023-09-11,S2,AWEIsh,HIGH_REEDS,13.1,-0.657,-0.5841,-0.5228
delta,2023-09-11,S2,NDTI,HIGH_REEDS,13.1,-0.1692,-0.0318,0.0799
delta,2023-09-11,S2,NDVI,OPEN_WATER,186.65,-0.28,-0.1733,0.0
delta,2023-09-11,S2,NDWI,OPEN_WATER,186.65,0.195,0.3606,0.4436
delta,2023-09-11,S2,MNDWI,OPEN_WATER,186.65,0.5642,0.76,0.8295
delta,2023-09-11,S2,NDMI,OPEN_WATER,186.65,0.3262,0.5349,0.6573
delta,2023-09-11,S2,BSI,OPEN_WATER,186.65,-0.2252,-0.1609,-0.0893
delta,2023-09-11,S2,AWEIsh,OPEN_WATER,186.65,0.0624,0.0786,0.0876
delta,2023-09-11,S2,NDTI,OPEN_WATER,186.65,-0.2278,-0.1886,-0.1512
delta,2023-09-11,S2,NDVI,EVENT_REEDS,38.02,0.5551,0.7154,0.8036
delta,2023-09-11,S2,NDWI,EVENT_REEDS,38.02,-0.6974,-0.6355,-0.511
delta,2023-09-11,S2,MNDWI,EVENT_REEDS,38.02,-0.5379,-0.5014,-0.4279
delta,2023-09-11,S2,NDMI,EVENT_REEDS,38.02,0.1065,0.2171,0.2954
delta,2023-09-11,S2,BSI,EVENT_REEDS,38.02,-0.2515,-0.1704,-0.0633
delta,2023-09-11,S2,AWEIsh,EVENT_REEDS,38.02,-0.61,-0.5072,-0.3237
delta,2023-09-11,S2,NDTI,EVENT_REEDS,38.02,-0.2439,-0.1582,-0.0676
delta,2023-09-11,S2,NDVI,DRY_LAND,1867.88,0.1917,0.2491,0.3214
delta,2023-09-11,S2,NDWI,DRY_LAND,1867.88,-0.4331,-0.3766,-0.3252
delta,2023-09-11,S2,MNDWI,DRY_LAND,1867.88,-0.5843,-0.558,-0.5224
delta,2023-09-11,S2,NDMI,DRY_LAND,1867.88,-0.2762,-0.2187,-0.1497
delta,2023-09-11,S2,BSI,DRY_LAND,1867.88,0.1765,0.2289,0.27
delta,2023-09-11,S2,AWEIsh,DRY_LAND,1867.88,-0.5792,-0.5237,-0.4756
delta,2023-09-11,S2,NDTI,DRY_LAND,1867.88,0.1098,0.1349,0.1537
delta,2023-09-21,S2,NDVI,NW_REEDS,112.31,0.7551,0.7982,0.8281
delta,2023-09-21,S2,NDWI,NW_REEDS,112.31,-0.7097,-0.6873,-0.6596
delta,2023-09-21,S2,MNDWI,NW_REEDS,112.31,-0.535,-0.5138,-0.4865
delta,2023-09-21,S2,NDMI,NW_REEDS,112.31,0.2215,0.2714,0.3182
delta,2023-09-21,S2,BSI,NW_REEDS,112.31,-0.2783,-0.2313,-0.1805
delta,2023-09-21,S2,AWEIsh,NW_REEDS,112.31,-0.6916,-0.6321,-0.5609
delta,2023-09-21,S2,NDTI,NW_REEDS,112.31,-0.2946,-0.247,-0.1904
delta,2023-09-21,S2,NDVI,NW_TREES,12.44,0.6722,0.7725,0.8168
delta,2023-09-21,S2,NDWI,NW_TREES,12.44,-0.7323,-0.6931,-0.6237
delta,2023-09-21,S2,MNDWI,NW_TREES,12.44,-0.5541,-0.5062,-0.4513
delta,2023-09-21,S2,NDMI,NW_TREES,12.44,0.192,0.2705,0.3363
delta,2023-09-21,S2,BSI,NW_TREES,12.44,-0.2893,-0.2229,-0.1396
delta,2023-09-21,S2,AWEIsh,NW_TREES,12.44,-0.5813,-0.5202,-0.4533
delta,2023-09-21,S2,NDTI,NW_TREES,12.44,-0.2188,-0.1648,-0.0862
delta,2023-09-21,S2,NDVI,HIGH_REEDS,11.15,0.4192,0.652,0.7553
delta,2023-09-21,S2,NDWI,HIGH_REEDS,11.15,-0.6781,-0.6231,-0.5007
delta,2023-09-21,S2,MNDWI,HIGH_REEDS,11.15,-0.5728,-0.5361,-0.5021
delta,2023-09-21,S2,NDMI,HIGH_REEDS,11.15,-0.081,0.1247,0.2481
delta,2023-09-21,S2,BSI,HIGH_REEDS,11.15,-0.1973,-0.0741,0.1196
delta,2023-09-21,S2,AWEIsh,HIGH_REEDS,11.15,-0.6553,-0.5867,-0.5243
delta,2023-09-21,S2,NDTI,HIGH_REEDS,11.15,-0.1616,-0.0463,0.0807
delta,2023-09-21,S2,NDVI,OPEN_WATER,189.54,-0.28,-0.2041,-0.1295
delta,2023-09-21,S2,NDWI,OPEN_WATER,189.54,0.3131,0.3761,0.437
delta,2023-09-21,S2,MNDWI,OPEN_WATER,189.54,0.5631,0.7256,0.7606
delta,2023-09-21,S2,NDMI,OPEN_WATER,189.54,0.25,0.4534,0.5325
delta,2023-09-21,S2,BSI,OPEN_WATER,189.54,-0.1836,-0.1373,-0.0557
delta,2023-09-21,S2,AWEIsh,OPEN_WATER,189.54,0.0594,0.0776,0.0868
delta,2023-09-21,S2,NDTI,OPEN_WATER,189.54,-0.204,-0.1762,-0.1496
delta,2023-09-21,S2,NDVI,EVENT_REEDS,37.33,0.5594,0.7205,0.8039
delta,2023-09-21,S2,NDWI,EVENT_REEDS,37.33,-0.699,-0.6441,-0.528
delta,2023-09-21,S2,MNDWI,EVENT_REEDS,37.33,-0.5411,-0.5071,-0.4463
delta,2023-09-21,S2,NDMI,EVENT_REEDS,37.33,0.1042,0.2178,0.2935
delta,2023-09-21,S2,BSI,EVENT_REEDS,37.33,-0.2485,-0.1677,-0.0558
delta,2023-09-21,S2,AWEIsh,EVENT_REEDS,37.33,-0.6422,-0.5339,-0.3365
delta,2023-09-21,S2,NDTI,EVENT_REEDS,37.33,-0.2402,-0.1511,-0.0534
delta,2023-09-21,S2,NDVI,DRY_LAND,1518.47,0.1907,0.2396,0.301
delta,2023-09-21,S2,NDWI,DRY_LAND,1518.47,-0.4292,-0.3754,-0.327
delta,2023-09-21,S2,MNDWI,DRY_LAND,1518.47,-0.5839,-0.5577,-0.5277
delta,2023-09-21,S2,NDMI,DRY_LAND,1518.47,-0.2748,-0.2264,-0.168
delta,2023-09-21,S2,BSI,DRY_LAND,1518.47,0.1956,0.2376,0.2704
delta,2023-09-21,S2,AWEIsh,DRY_LAND,1518.47,-0.5821,-0.5278,-0.477
delta,2023-09-21,S2,NDTI,DRY_LAND,1518.47,0.122,0.1427,0.1608
delta,2023-10-01,S2,NDVI,NW_REEDS,116.09,0.697,0.7427,0.7771
delta,2023-10-01,S2,NDWI,NW_REEDS,116.09,-0.6763,-0.6522,-0.6233
delta,2023-10-01,S2,MNDWI,NW_REEDS,116.09,-0.5183,-0.4993,-0.4747
delta,2023-10-01,S2,NDMI,NW_REEDS,116.09,0.1824,0.2299,0.2762
delta,2023-10-01,S2,BSI,NW_REEDS,116.09,-0.231,-0.1856,-0.1385
delta,2023-10-01,S2,AWEIsh,NW_REEDS,116.09,-0.6428,-0.5893,-0.5246
delta,2023-10-01,S2,NDTI,NW_REEDS,116.09,-0.2187,-0.1779,-0.1318
delta,2023-10-01,S2,NDVI,NW_TREES,13.07,0.6137,0.7127,0.7599
delta,2023-10-01,S2,NDWI,NW_TREES,13.07,-0.6866,-0.6476,-0.5812
delta,2023-10-01,S2,MNDWI,NW_TREES,13.07,-0.5227,-0.482,-0.433
delta,2023-10-01,S2,NDMI,NW_TREES,13.07,0.1496,0.2272,0.2932
delta,2023-10-01,S2,BSI,NW_TREES,13.07,-0.2415,-0.1775,-0.0996
delta,2023-10-01,S2,AWEIsh,NW_TREES,13.07,-0.5302,-0.4735,-0.4119
delta,2023-10-01,S2,NDTI,NW_TREES,13.07,-0.1586,-0.1176,-0.0556
delta,2023-10-01,S2,NDVI,HIGH_REEDS,13.76,0.3664,0.545,0.6788
delta,2023-10-01,S2,NDWI,HIGH_REEDS,13.76,-0.6308,-0.5652,-0.4672
delta,2023-10-01,S2,MNDWI,HIGH_REEDS,13.76,-0.5718,-0.5341,-0.4937
delta,2023-10-01,S2,NDMI,HIGH_REEDS,13.76,-0.1252,0.0305,0.1866
delta,2023-10-01,S2,BSI,HIGH_REEDS,13.76,-0.1316,0.0175,0.1558
delta,2023-10-01,S2,AWEIsh,HIGH_REEDS,13.76,-0.6078,-0.551,-0.5022
delta,2023-10-01,S2,NDTI,HIGH_REEDS,13.76,-0.0862,0.0209,0.1081
delta,2023-10-01,S2,NDVI,OPEN_WATER,194.29,-0.1869,-0.1442,-0.0464
delta,2023-10-01,S2,NDWI,OPEN_WATER,194.29,0.1713,0.2557,0.299
delta,2023-10-01,S2,MNDWI,OPEN_WATER,194.29,0.3069,0.4725,0.5414
delta,2023-10-01,S2,NDMI,OPEN_WATER,194.29,0.1348,0.25,0.313
delta,2023-10-01,S2,BSI,OPEN_WATER,194.29,-0.1494,-0.1149,-0.0638
delta,2023-10-01,S2,AWEIsh,OPEN_WATER,194.29,0.0458,0.058,0.0655
delta,2023-10-01,S2,NDTI,OPEN_WATER,194.29,-0.1449,-0.1143,-0.0883
delta,2023-10-01,S2,NDVI,EVENT_REEDS,39.02,0.508,0.6713,0.755
delta,2023-10-01,S2,NDWI,EVENT_REEDS,39.02,-0.6683,-0.6124,-0.4934
delta,2023-10-01,S2,MNDWI,EVENT_REEDS,39.02,-0.524,-0.4937,-0.4353
delta,2023-10-01,S2,NDMI,EVENT_REEDS,39.02,0.0724,0.1804,0.2545
delta,2023-10-01,S2,BSI,EVENT_REEDS,39.02,-0.2066,-0.1309,-0.0295
delta,2023-10-01,S2,AWEIsh,EVENT_REEDS,39.02,-0.5933,-0.5026,-0.3345
delta,2023-10-01,S2,NDTI,EVENT_REEDS,39.02,-0.1773,-0.1074,-0.03
delta,2023-10-01,S2,NDVI,DRY_LAND,1947.67,0.1768,0.2145,0.2652
delta,2023-10-01,S2,NDWI,DRY_LAND,1947.67,-0.4049,-0.3566,-0.3129
delta,2023-10-01,S2,MNDWI,DRY_LAND,1947.67,-0.5824,-0.5545,-0.5273
delta,2023-10-01,S2,NDMI,DRY_LAND,1947.67,-0.2899,-0.2474,-0.1958
delta,2023-10-01,S2,BSI,DRY_LAND,1947.67,0.2157,0.2516,0.279
delta,2023-10-01,S2,AWEIsh,DRY_LAND,1947.67,-0.5641,-0.5109,-0.4618
delta,2023-10-01,S2,NDTI,DRY_LAND,1947.67,0.1274,0.1456,0.1634
delta,2023-10-11,S2,NDVI,NW_REEDS,116.08,0.7337,0.7795,0.8134
delta,2023-10-11,S2,NDWI,NW_REEDS,116.08,-0.7166,-0.6939,-0.668
delta,2023-10-11,S2,MNDWI,NW_REEDS,116.08,-0.5589,-0.535,-0.5076
delta,2023-10-11,S2,NDMI,NW_REEDS,116.08,0.2041,0.2541,0.3039
delta,2023-10-11,S2,BSI,NW_REEDS,116.08,-0.2567,-0.2055,-0.1534
delta,2023-10-11,S2,AWEIsh,NW_REEDS,116.08,-0.6606,-0.6066,-0.5399
delta,2023-10-11,S2,NDTI,NW_REEDS,116.08,-0.2412,-0.1892,-0.1293
delta,2023-10-11,S2,NDVI,NW_TREES,13.07,0.6601,0.7692,0.8176
delta,2023-10-11,S2,NDWI,NW_TREES,13.07,-0.7432,-0.7038,-0.6347
delta,2023-10-11,S2,MNDWI,NW_TREES,13.07,-0.5792,-0.5273,-0.4707
delta,2023-10-11,S2,NDMI,NW_TREES,13.07,0.1677,0.2602,0.3362
delta,2023-10-11,S2,BSI,NW_TREES,13.07,-0.2849,-0.2082,-0.1109
delta,2023-10-11,S2,AWEIsh,NW_TREES,13.07,-0.5518,-0.4859,-0.4143
delta,2023-10-11,S2,NDTI,NW_TREES,13.07,-0.1945,-0.1325,-0.046
delta,2023-10-11,S2,NDVI,HIGH_REEDS,13.76,0.3951,0.5619,0.7064
delta,2023-10-11,S2,NDWI,HIGH_REEDS,13.76,-0.6696,-0.6035,-0.5148
delta,2023-10-11,S2,MNDWI,HIGH_REEDS,13.76,-0.6098,-0.5697,-0.5267
delta,2023-10-11,S2,NDMI,HIGH_REEDS,13.76,-0.1152,0.0418,0.2043
delta,2023-10-11,S2,BSI,HIGH_REEDS,13.76,-0.1407,0.0172,0.1583
delta,2023-10-11,S2,AWEIsh,HIGH_REEDS,13.76,-0.6146,-0.5573,-0.5076
delta,2023-10-11,S2,NDTI,HIGH_REEDS,13.76,-0.0732,0.051,0.1418
delta,2023-10-11,S2,NDVI,OPEN_WATER,194.28,-0.5057,-0.3982,-0.2764
delta,2023-10-11,S2,NDWI,OPEN_WATER,194.28,0.4383,0.5414,0.626
delta,2023-10-11,S2,MNDWI,OPEN_WATER,194.28,0.5354,0.8194,0.8872
delta,2023-10-11,S2,NDMI,OPEN_WATER,194.28,0.0435,0.4468,0.6615
delta,2023-10-11,S2,BSI,OPEN_WATER,194.28,-0.148,-0.0769,0.0327
delta,2023-10-11,S2,AWEIsh,OPEN_WATER,194.28,0.0395,0.0505,0.0571
delta,2023-10-11,S2,NDTI,OPEN_WATER,194.28,-0.2075,-0.1657,-0.1192
delta,2023-10-11,S2,NDVI,EVENT_REEDS,39.02,0.5597,0.7167,0.7959
delta,2023-10-11,S2,NDWI,EVENT_REEDS,39.02,-0.7089,-0.6608,-0.564
delta,2023-10-11,S2,MNDWI,EVENT_REEDS,39.02,-0.57,-0.5357,-0.4901
delta,2023-10-11,S2,NDMI,EVENT_REEDS,39.02,0.0775,0.201,0.2808
delta,2023-10-11,S2,BSI,EVENT_REEDS,39.02,-0.2324,-0.1472,-0.0247
delta,2023-10-11,S2,AWEIsh,EVENT_REEDS,39.02,-0.6112,-0.5169,-0.3505
delta,2023-10-11,S2,NDTI,EVENT_REEDS,39.02,-0.2014,-0.1121,-0.0031
delta,2023-10-11,S2,NDVI,DRY_LAND,1945.49,0.2126,0.2452,0.3001
delta,2023-10-11,S2,NDWI,DRY_LAND,1945.49,-0.4555,-0.4027,-0.3678
delta,2023-10-11,S2,MNDWI,DRY_LAND,1945.49,-0.6244,-0.5921,-0.5547
delta,2023-10-11,S2,NDMI,DRY_LAND,1945.49,-0.2893,-0.2364,-0.1744
delta,2023-10-11,S2,BSI,DRY_LAND,1945.49,0.2077,0.2523,0.2894
delta,2023-10-11,S2,AWEIsh,DRY_LAND,1945.49,-0.5529,-0.5018,-0.4551
delta,2023-10-11,S2,NDTI,DRY_LAND,1945.49,0.1504,0.1708,0.188
delta,2023-10-21,S2,NDVI,NW_REEDS,116.08,0.558,0.6254,0.6818
delta,2023-10-21,S2,NDWI,NW_REEDS,116.08,-0.629,-0.602,-0.5716
delta,2023-10-21,S2,MNDWI,NW_REEDS,116.08,-0.5284,-0.4965,-0.4606
delta,2023-10-21,S2,NDMI,NW_REEDS,116.08,0.0915,0.1484,0.2066
delta,2023-10-21,S2,BSI,NW_REEDS,116.08,-0.1315,-0.0717,-0.0133
delta,2023-10-21,S2,AWEIsh,NW_REEDS,116.08,-0.6054,-0.559,-0.5037
delta,2023-10-21,S2,NDTI,NW_REEDS,116.08,-0.1044,-0.0487,0.0138
delta,2023-10-21,S2,NDVI,NW_TREES,13.07,0.5507,0.6619,0.7236
delta,2023-10-21,S2,NDWI,NW_TREES,13.07,-0.6712,-0.6248,-0.5527
delta,2023-10-21,S2,MNDWI,NW_TREES,13.07,-0.5487,-0.4989,-0.4444
delta,2023-10-21,S2,NDMI,NW_TREES,13.07,0.0759,0.1688,0.2473
delta,2023-10-21,S2,BSI,NW_TREES,13.07,-0.179,-0.1036,-0.0153
delta,2023-10-21,S2,AWEIsh,NW_TREES,13.07,-0.496,-0.4381,-0.3726
delta,2023-10-21,S2,NDTI,NW_TREES,13.07,-0.1083,-0.0579,0.0015
delta,2023-10-21,S2,NDVI,HIGH_REEDS,13.76,0.3205,0.4266,0.5611
delta,2023-10-21,S2,NDWI,HIGH_REEDS,13.76,-0.5839,-0.5212,-0.4572
delta,2023-10-21,S2,MNDWI,HIGH_REEDS,13.76,-0.5977,-0.557,-0.5023
delta,2023-10-21,S2,NDMI,HIGH_REEDS,13.76,-0.1799,-0.0538,0.1003
delta,2023-10-21,S2,BSI,HIGH_REEDS,13.76,-0.0163,0.1116,0.2136
delta,2023-10-21,S2,AWEIsh,HIGH_REEDS,13.76,-0.5654,-0.5235,-0.484
delta,2023-10-21,S2,NDTI,HIGH_REEDS,13.76,0.0249,0.1077,0.1583
delta,2023-10-21,S2,NDVI,OPEN_WATER,194.27,-0.2827,-0.2326,-0.1037
delta,2023-10-21,S2,NDWI,OPEN_WATER,194.27,0.1759,0.2968,0.3391
delta,2023-10-21,S2,MNDWI,OPEN_WATER,194.27,0.1684,0.3789,0.4638
delta,2023-10-21,S2,NDMI,OPEN_WATER,194.27,-0.016,0.1067,0.1809
delta,2023-10-21,S2,BSI,OPEN_WATER,194.27,0.0026,0.0451,0.11
delta,2023-10-21,S2,AWEIsh,OPEN_WATER,194.27,0.0238,0.0461,0.0557
delta,2023-10-21,S2,NDTI,OPEN_WATER,194.27,-0.0928,-0.0574,-0.0237
delta,2023-10-21,S2,NDVI,EVENT_REEDS,39.02,0.4666,0.6,0.6801
delta,2023-10-21,S2,NDWI,EVENT_REEDS,39.02,-0.6293,-0.5845,-0.5053
delta,2023-10-21,S2,MNDWI,EVENT_REEDS,39.02,-0.5447,-0.5085,-0.4667
delta,2023-10-21,S2,NDMI,EVENT_REEDS,39.02,-0.0013,0.1107,0.1902
delta,2023-10-21,S2,BSI,EVENT_REEDS,39.02,-0.1211,-0.0442,0.0557
delta,2023-10-21,S2,AWEIsh,EVENT_REEDS,39.02,-0.5624,-0.487,-0.352
delta,2023-10-21,S2,NDTI,EVENT_REEDS,39.02,-0.094,-0.0296,0.0446
delta,2023-10-21,S2,NDVI,DRY_LAND,1944.11,0.1819,0.2085,0.2586
delta,2023-10-21,S2,NDWI,DRY_LAND,1944.11,-0.4042,-0.3574,-0.3275
delta,2023-10-21,S2,MNDWI,DRY_LAND,1944.11,-0.6048,-0.5773,-0.5471
delta,2023-10-21,S2,NDMI,DRY_LAND,1944.11,-0.3121,-0.2706,-0.22
delta,2023-10-21,S2,BSI,DRY_LAND,1944.11,0.2397,0.2759,0.3053
delta,2023-10-21,S2,AWEIsh,DRY_LAND,1944.11,-0.5382,-0.4934,-0.4537
delta,2023-10-21,S2,NDTI,DRY_LAND,1944.11,0.1367,0.1555,0.1721
delta,2023-10-31,S2,NDVI,NW_REEDS,116.08,0.4614,0.5344,0.6
delta,2023-10-31,S2,NDWI,NW_REEDS,116.08,-0.6067,-0.5795,-0.5492
delta,2023-10-31,S2,MNDWI,NW_REEDS,116.08,-0.6088,-0.5762,-0.5364
delta,2023-10-31,S2,NDMI,NW_REEDS,116.08,-0.0676,0.0029,0.0769
delta,2023-10-31,S2,BSI,NW_REEDS,116.08,-0.0156,0.0534,0.1174
delta,2023-10-31,S2,AWEIsh,NW_REEDS,116.08,-0.5406,-0.4967,-0.4457
delta,2023-10-31,S2,NDTI,NW_REEDS,116.08,-0.0149,0.05,0.1135
delta,2023-10-31,S2,NDVI,NW_TREES,13.07,0.4965,0.6066,0.6828
delta,2023-10-31,S2,NDWI,NW_TREES,13.07,-0.6471,-0.5978,-0.5266
delta,2023-10-31,S2,MNDWI,NW_TREES,13.07,-0.5821,-0.5321,-0.4755
delta,2023-10-31,S2,NDMI,NW_TREES,13.07,-0.0195,0.0807,0.1722
delta,2023-10-31,S2,BSI,NW_TREES,13.07,-0.115,-0.0308,0.0576
delta,2023-10-31,S2,AWEIsh,NW_TREES,13.07,-0.4419,-0.387,-0.3245
delta,2023-10-31,S2,NDTI,NW_TREES,13.07,-0.0751,-0.0209,0.0356
delta,2023-10-31,S2,NDVI,HIGH_REEDS,13.76,0.309,0.3863,0.4931
delta,2023-10-31,S2,NDWI,HIGH_REEDS,13.76,-0.5642,-0.5071,-0.4473
delta,2023-10-31,S2,MNDWI,HIGH_REEDS,13.76,-0.6331,-0.6002,-0.5631
delta,2023-10-31,S2,NDMI,HIGH_REEDS,13.76,-0.2439,-0.1322,-0.0212
delta,2023-10-31,S2,BSI,HIGH_REEDS,13.76,0.0793,0.1702,0.2512
delta,2023-10-31,S2,AWEIsh,HIGH_REEDS,13.76,-0.5084,-0.4713,-0.4338
delta,2023-10-31,S2,NDTI,HIGH_REEDS,13.76,0.0787,0.1317,0.1685
delta,2023-10-31,S2,NDVI,OPEN_WATER,194.25,-0.4717,-0.4078,-0.2653
delta,2023-10-31,S2,NDWI,OPEN_WATER,194.25,0.372,0.472,0.5219
delta,2023-10-31,S2,MNDWI,OPEN_WATER,194.25,0.4377,0.6525,0.75
delta,2023-10-31,S2,NDMI,OPEN_WATER,194.25,0.0647,0.2537,0.4026
delta,2023-10-31,S2,BSI,OPEN_WATER,194.25,-0.0615,-0.0134,0.0624
delta,2023-10-31,S2,AWEIsh,OPEN_WATER,194.25,0.0454,0.0638,0.0741
delta,2023-10-31,S2,NDTI,OPEN_WATER,194.25,-0.1131,-0.0667,-0.0278
delta,2023-10-31,S2,NDVI,EVENT_REEDS,39.02,0.4359,0.5425,0.6211
delta,2023-10-31,S2,NDWI,EVENT_REEDS,39.02,-0.6078,-0.5667,-0.4991
delta,2023-10-31,S2,MNDWI,EVENT_REEDS,39.02,-0.5902,-0.5554,-0.5098
delta,2023-10-31,S2,NDMI,EVENT_REEDS,39.02,-0.0752,0.0141,0.0958
delta,2023-10-31,S2,BSI,EVENT_REEDS,39.02,-0.0396,0.0349,0.1095
delta,2023-10-31,S2,AWEIsh,EVENT_REEDS,39.02,-0.505,-0.4407,-0.3258
delta,2023-10-31,S2,NDTI,EVENT_REEDS,39.02,-0.0349,0.023,0.0794
delta,2023-10-31,S2,NDVI,DRY_LAND,1947.67,0.1888,0.2163,0.2705
delta,2023-10-31,S2,NDWI,DRY_LAND,1947.67,-0.4081,-0.3657,-0.3376
delta,2023-10-31,S2,MNDWI,DRY_LAND,1947.67,-0.6314,-0.6042,-0.5739
delta,2023-10-31,S2,NDMI,DRY_LAND,1947.67,-0.3402,-0.3015,-0.2531
delta,2023-10-31,S2,BSI,DRY_LAND,1947.67,0.2579,0.2941,0.3223
delta,2023-10-31,S2,AWEIsh,DRY_LAND,1947.67,-0.505,-0.462,-0.4249
delta,2023-10-31,S2,NDTI,DRY_LAND,1947.67,0.1322,0.1551,0.1734
delta,2023-11-10,S2,NDVI,NW_REEDS,111.44,0.416,0.4859,0.5557
delta,2023-11-10,S2,NDWI,NW_REEDS,111.44,-0.6087,-0.5799,-0.5475
delta,2023-11-10,S2,MNDWI,NW_REEDS,111.44,-0.6328,-0.6014,-0.5615
delta,2023-11-10,S2,NDMI,NW_REEDS,111.44,-0.1017,-0.0343,0.0378
delta,2023-11-10,S2,BSI,NW_REEDS,111.44,0.0223,0.0888,0.1485
delta,2023-11-10,S2,AWEIsh,NW_REEDS,111.44,-0.5272,-0.474,-0.4127
delta,2023-11-10,S2,NDTI,NW_REEDS,111.44,0.0472,0.1138,0.1696
delta,2023-11-10,S2,NDVI,NW_TREES,12.6,0.4849,0.5885,0.6675
delta,2023-11-10,S2,NDWI,NW_TREES,12.6,-0.6488,-0.5994,-0.5295
delta,2023-11-10,S2,MNDWI,NW_TREES,12.6,-0.6003,-0.5433,-0.48
delta,2023-11-10,S2,NDMI,NW_TREES,12.6,-0.0381,0.0659,0.1629
delta,2023-11-10,S2,BSI,NW_TREES,12.6,-0.1048,-0.0174,0.0723
delta,2023-11-10,S2,AWEIsh,NW_TREES,12.6,-0.4181,-0.3595,-0.2958
delta,2023-11-10,S2,NDTI,NW_TREES,12.6,-0.0502,0.0063,0.0628
delta,2023-11-10,S2,NDVI,HIGH_REEDS,12.27,0.3094,0.3824,0.478
delta,2023-11-10,S2,NDWI,HIGH_REEDS,12.27,-0.5653,-0.5061,-0.4455
delta,2023-11-10,S2,MNDWI,HIGH_REEDS,12.27,-0.6371,-0.6038,-0.5653
delta,2023-11-10,S2,NDMI,HIGH_REEDS,12.27,-0.2367,-0.1282,-0.0319
delta,2023-11-10,S2,BSI,HIGH_REEDS,12.27,0.0842,0.1626,0.2386
delta,2023-11-10,S2,AWEIsh,HIGH_REEDS,12.27,-0.4949,-0.4506,-0.4011
delta,2023-11-10,S2,NDTI,HIGH_REEDS,12.27,0.0857,0.1354,0.1753
delta,2023-11-10,S2,NDVI,OPEN_WATER,184.44,-0.5489,-0.4822,-0.3885
delta,2023-11-10,S2,NDWI,OPEN_WATER,184.44,0.4493,0.5247,0.5881
delta,2023-11-10,S2,MNDWI,OPEN_WATER,184.44,0.6145,0.8489,0.9072
delta,2023-11-10,S2,NDMI,OPEN_WATER,184.44,0.1714,0.5283,0.7241
delta,2023-11-10,S2,BSI,OPEN_WATER,184.44,-0.0914,-0.0455,0.0393
delta,2023-11-10,S2,AWEIsh,OPEN_WATER,184.44,0.0531,0.0734,0.0848
delta,2023-11-10,S2,NDTI,OPEN_WATER,184.44,-0.0898,-0.0473,-0.0096
delta,2023-11-10,S2,NDVI,EVENT_REEDS,38.62,0.4231,0.5176,0.5948
delta,2023-11-10,S2,NDWI,EVENT_REEDS,38.62,-0.6143,-0.5759,-0.5208
delta,2023-11-10,S2,MNDWI,EVENT_REEDS,38.62,-0.6192,-0.582,-0.5333
delta,2023-11-10,S2,NDMI,EVENT_REEDS,38.62,-0.0963,-0.0139,0.0707
delta,2023-11-10,S2,BSI,EVENT_REEDS,38.62,-0.0146,0.0614,0.1312
delta,2023-11-10,S2,AWEIsh,EVENT_REEDS,38.62,-0.4847,-0.4175,-0.314
delta,2023-11-10,S2,NDTI,EVENT_REEDS,38.62,0.0096,0.069,0.1255
delta,2023-11-10,S2,NDVI,DRY_LAND,1927.57,0.2179,0.2491,0.3155
delta,2023-11-10,S2,NDWI,DRY_LAND,1927.57,-0.447,-0.4058,-0.3752
delta,2023-11-10,S2,MNDWI,DRY_LAND,1927.57,-0.6591,-0.627,-0.5894
delta,2023-11-10,S2,NDMI,DRY_LAND,1927.57,-0.3425,-0.2962,-0.2312
delta,2023-11-10,S2,BSI,DRY_LAND,1927.57,0.2368,0.289,0.3253
delta,2023-11-10,S2,AWEIsh,DRY_LAND,1927.57,-0.4575,-0.4037,-0.3552
delta,2023-11-10,S2,NDTI,DRY_LAND,1927.57,0.1287,0.1616,0.1853
delta,2023-04-15,S1 orb87_ASC,S1_VV_dB,NW_REEDS,116.12,-9.514,-7.69,-5.801
delta,2023-04-15,S1 orb87_ASC,S1_VH_dB,NW_REEDS,116.12,-15.812,-14.524,-13.39
delta,2023-04-15,S1 orb87_ASC,S1_VV_minus_VH_dB,NW_REEDS,116.12,4.994,6.861,8.978
delta,2023-04-15,S1 orb87_ASC,S1_VV_dB,NW_TREES,13.07,-8.346,-7.019,-5.715
delta,2023-04-15,S1 orb87_ASC,S1_VH_dB,NW_TREES,13.07,-14.048,-12.715,-11.488
delta,2023-04-15,S1 orb87_ASC,S1_VV_minus_VH_dB,NW_TREES,13.07,4.243,5.692,7.272
delta,2023-04-15,S1 orb87_ASC,S1_VV_dB,HIGH_REEDS,13.79,-13.086,-11.05,-8.802
delta,2023-04-15,S1 orb87_ASC,S1_VH_dB,HIGH_REEDS,13.79,-18.733,-16.6,-14.413
delta,2023-04-15,S1 orb87_ASC,S1_VV_minus_VH_dB,HIGH_REEDS,13.79,4.11,5.579,7.188
delta,2023-04-15,S1 orb87_ASC,S1_VV_dB,OPEN_WATER,194.32,-17.097,-15.919,-14.63
delta,2023-04-15,S1 orb87_ASC,S1_VH_dB,OPEN_WATER,194.32,-24.456,-23.45,-22.318
delta,2023-04-15,S1 orb87_ASC,S1_VV_minus_VH_dB,OPEN_WATER,194.32,6.077,7.527,8.966
delta,2023-04-15,S1 orb87_ASC,S1_VV_dB,EVENT_REEDS,39.06,-10.017,-8.196,-6.319
delta,2023-04-15,S1 orb87_ASC,S1_VH_dB,EVENT_REEDS,39.06,-16.845,-15.239,-13.799
delta,2023-04-15,S1 orb87_ASC,S1_VV_minus_VH_dB,EVENT_REEDS,39.06,5.198,6.958,9.001
delta,2023-04-15,S1 orb87_ASC,S1_VV_dB,DRY_LAND,1949.24,-13.449,-12.013,-10.632
delta,2023-04-15,S1 orb87_ASC,S1_VH_dB,DRY_LAND,1949.24,-20.789,-19.073,-17.427
delta,2023-04-15,S1 orb87_ASC,S1_VV_minus_VH_dB,DRY_LAND,1949.24,5.232,6.959,8.799
delta,2023-04-19,S1 orb138_DES,S1_VV_dB,NW_REEDS,116.12,-11.0,-9.146,-7.072
delta,2023-04-19,S1 orb138_DES,S1_VH_dB,NW_REEDS,116.12,-16.694,-15.425,-14.246
delta,2023-04-19,S1 orb138_DES,S1_VV_minus_VH_dB,NW_REEDS,116.12,4.515,6.339,8.433
delta,2023-04-19,S1 orb138_DES,S1_VV_dB,NW_TREES,13.07,-9.641,-8.096,-6.648
delta,2023-04-19,S1 orb138_DES,S1_VH_dB,NW_TREES,13.07,-15.111,-13.579,-12.179
delta,2023-04-19,S1 orb138_DES,S1_VV_minus_VH_dB,NW_TREES,13.07,3.904,5.41,6.973
delta,2023-04-19,S1 orb138_DES,S1_VV_dB,HIGH_REEDS,13.79,-14.003,-12.075,-9.944
delta,2023-04-19,S1 orb138_DES,S1_VH_dB,HIGH_REEDS,13.79,-18.987,-17.206,-15.378
delta,2023-04-19,S1 orb138_DES,S1_VV_minus_VH_dB,HIGH_REEDS,13.79,3.672,5.171,6.772
delta,2023-04-19,S1 orb138_DES,S1_VV_dB,OPEN_WATER,194.32,-18.565,-17.21,-15.845
delta,2023-04-19,S1 orb138_DES,S1_VH_dB,OPEN_WATER,194.32,-23.336,-22.385,-21.35
delta,2023-04-19,S1 orb138_DES,S1_VV_minus_VH_dB,OPEN_WATER,194.32,3.627,5.234,6.796
delta,2023-04-19,S1 orb138_DES,S1_VV_dB,EVENT_REEDS,39.06,-10.878,-9.078,-7.104
delta,2023-04-19,S1 orb138_DES,S1_VH_dB,EVENT_REEDS,39.06,-17.1,-15.633,-14.209
delta,2023-04-19,S1 orb138_DES,S1_VV_minus_VH_dB,EVENT_REEDS,39.06,4.781,6.499,8.471
delta,2023-04-19,S1 orb138_DES,S1_VV_dB,DRY_LAND,1949.24,-13.739,-12.299,-10.906
delta,2023-04-19,S1 orb138_DES,S1_VH_dB,DRY_LAND,1949.24,-20.155,-18.782,-17.415
delta,2023-04-19,S1 orb138_DES,S1_VV_minus_VH_dB,DRY_LAND,1949.24,4.69,6.381,8.134
delta,2023-04-22,S1 orb14_ASC,S1_VV_dB,NW_REEDS,115.17,-9.667,-7.756,-5.517
delta,2023-04-22,S1 orb14_ASC,S1_VH_dB,NW_REEDS,115.17,-16.273,-14.942,-13.71
delta,2023-04-22,S1 orb14_ASC,S1_VV_minus_VH_dB,NW_REEDS,115.17,5.087,7.2,9.698
delta,2023-04-22,S1 orb14_ASC,S1_VV_dB,NW_TREES,13.01,-8.894,-7.431,-5.993
delta,2023-04-22,S1 orb14_ASC,S1_VH_dB,NW_TREES,13.01,-14.632,-13.23,-11.924
delta,2023-04-22,S1 orb14_ASC,S1_VV_minus_VH_dB,NW_TREES,13.01,4.139,5.781,7.471
delta,2023-04-22,S1 orb14_ASC,S1_VV_dB,HIGH_REEDS,8.25,-11.243,-9.443,-7.439
delta,2023-04-22,S1 orb14_ASC,S1_VH_dB,HIGH_REEDS,8.25,-16.49,-14.974,-13.543
delta,2023-04-22,S1 orb14_ASC,S1_VV_minus_VH_dB,HIGH_REEDS,8.25,3.866,5.598,7.537
delta,2023-04-22,S1 orb14_ASC,S1_VV_dB,OPEN_WATER,133.16,-19.257,-16.167,-13.324
delta,2023-04-22,S1 orb14_ASC,S1_VH_dB,OPEN_WATER,133.16,-22.4,-21.349,-20.189
delta,2023-04-22,S1 orb14_ASC,S1_VV_minus_VH_dB,OPEN_WATER,133.16,2.409,5.072,7.658
delta,2023-04-22,S1 orb14_ASC,S1_VV_dB,EVENT_REEDS,39.06,-10.26,-8.523,-6.508
delta,2023-04-22,S1 orb14_ASC,S1_VH_dB,EVENT_REEDS,39.06,-16.333,-14.965,-13.667
delta,2023-04-22,S1 orb14_ASC,S1_VV_minus_VH_dB,EVENT_REEDS,39.06,4.627,6.462,8.611
delta,2023-04-22,S1 orb14_ASC,S1_VV_dB,DRY_LAND,1871.96,-10.993,-9.048,-7.09
delta,2023-04-22,S1 orb14_ASC,S1_VH_dB,DRY_LAND,1871.96,-18.174,-16.652,-15.209
delta,2023-04-22,S1 orb14_ASC,S1_VV_minus_VH_dB,DRY_LAND,1871.96,5.541,7.545,9.731
delta,2023-04-26,S1 orb65_DES,S1_VV_dB,NW_REEDS,116.12,-8.352,-6.152,-3.781
delta,2023-04-26,S1 orb65_DES,S1_VH_dB,NW_REEDS,116.12,-17.728,-16.435,-15.183
delta,2023-04-26,S1 orb65_DES,S1_VV_minus_VH_dB,NW_REEDS,116.12,8.075,10.383,12.82
delta,2023-04-26,S1 orb65_DES,S1_VV_dB,NW_TREES,13.07,-8.557,-7.061,-5.6
delta,2023-04-26,S1 orb65_DES,S1_VH_dB,NW_TREES,13.07,-15.189,-13.673,-12.303
delta,2023-04-26,S1 orb65_DES,S1_VV_minus_VH_dB,NW_TREES,13.07,5.006,6.587,8.297
delta,2023-04-26,S1 orb65_DES,S1_VV_dB,HIGH_REEDS,13.79,-13.913,-11.58,-8.412
delta,2023-04-26,S1 orb65_DES,S1_VH_dB,HIGH_REEDS,13.79,-19.85,-17.84,-15.924
delta,2023-04-26,S1 orb65_DES,S1_VV_minus_VH_dB,HIGH_REEDS,13.79,4.896,6.558,8.543
delta,2023-04-26,S1 orb65_DES,S1_VV_dB,OPEN_WATER,194.32,-21.241,-19.904,-18.248
delta,2023-04-26,S1 orb65_DES,S1_VH_dB,OPEN_WATER,194.32,-27.419,-26.124,-24.35
delta,2023-04-26,S1 orb65_DES,S1_VV_minus_VH_dB,OPEN_WATER,194.32,4.86,6.313,7.842
delta,2023-04-26,S1 orb65_DES,S1_VV_dB,EVENT_REEDS,39.06,-9.936,-7.684,-5.222
delta,2023-04-26,S1 orb65_DES,S1_VH_dB,EVENT_REEDS,39.06,-17.091,-15.715,-14.359
delta,2023-04-26,S1 orb65_DES,S1_VV_minus_VH_dB,EVENT_REEDS,39.06,5.785,7.914,10.558
delta,2023-04-26,S1 orb65_DES,S1_VV_dB,DRY_LAND,1949.24,-13.747,-12.243,-10.814
delta,2023-04-26,S1 orb65_DES,S1_VH_dB,DRY_LAND,1949.24,-20.626,-18.898,-17.286
delta,2023-04-26,S1 orb65_DES,S1_VV_minus_VH_dB,DRY_LAND,1949.24,4.886,6.589,8.402
delta,2023-04-27,S1 orb87_ASC,S1_VV_dB,NW_REEDS,116.12,-10.566,-8.079,-5.388
delta,2023-04-27,S1 orb87_ASC,S1_VH_dB,NW_REEDS,116.12,-16.709,-15.517,-14.385
delta,2023-04-27,S1 orb87_ASC,S1_VV_minus_VH_dB,NW_REEDS,116.12,5.254,7.543,10.121
delta,2023-04-27,S1 orb87_ASC,S1_VV_dB,NW_TREES,13.07,-8.795,-7.331,-5.899
delta,2023-04-27,S1 orb87_ASC,S1_VH_dB,NW_TREES,13.07,-14.937,-13.525,-12.267
delta,2023-04-27,S1 orb87_ASC,S1_VV_minus_VH_dB,NW_TREES,13.07,4.678,6.228,7.914
delta,2023-04-27,S1 orb87_ASC,S1_VV_dB,HIGH_REEDS,13.79,-12.754,-11.16,-9.188
delta,2023-04-27,S1 orb87_ASC,S1_VH_dB,HIGH_REEDS,13.79,-17.871,-16.356,-14.852
delta,2023-04-27,S1 orb87_ASC,S1_VV_minus_VH_dB,HIGH_REEDS,13.79,3.835,5.366,7.035
delta,2023-04-27,S1 orb87_ASC,S1_VV_dB,OPEN_WATER,194.32,-19.309,-18.265,-17.02
delta,2023-04-27,S1 orb87_ASC,S1_VH_dB,OPEN_WATER,194.32,-24.621,-23.598,-22.416
delta,2023-04-27,S1 orb87_ASC,S1_VV_minus_VH_dB,OPEN_WATER,194.32,4.167,5.526,6.946
delta,2023-04-27,S1 orb87_ASC,S1_VV_dB,EVENT_REEDS,39.06,-10.157,-8.001,-5.599
delta,2023-04-27,S1 orb87_ASC,S1_VH_dB,EVENT_REEDS,39.06,-16.954,-15.562,-14.24
delta,2023-04-27,S1 orb87_ASC,S1_VV_minus_VH_dB,EVENT_REEDS,39.06,5.516,7.526,10.053
delta,2023-04-27,S1 orb87_ASC,S1_VV_dB,DRY_LAND,1949.24,-12.065,-10.352,-8.708
delta,2023-04-27,S1 orb87_ASC,S1_VH_dB,DRY_LAND,1949.24,-18.507,-17.012,-15.647
delta,2023-04-27,S1 orb87_ASC,S1_VV_minus_VH_dB,DRY_LAND,1949.24,4.877,6.627,8.507
delta,2023-05-01,S1 orb138_DES,S1_VV_dB,NW_REEDS,116.12,-10.21,-8.131,-5.275
delta,2023-05-01,S1 orb138_DES,S1_VH_dB,NW_REEDS,116.12,-16.292,-15.126,-14.03
delta,2023-05-01,S1 orb138_DES,S1_VV_minus_VH_dB,NW_REEDS,116.12,5.105,7.232,9.977
delta,2023-05-01,S1 orb138_DES,S1_VV_dB,NW_TREES,13.07,-8.808,-7.379,-6.02
delta,2023-05-01,S1 orb138_DES,S1_VH_dB,NW_TREES,13.07,-14.832,-13.449,-12.163
delta,2023-05-01,S1 orb138_DES,S1_VV_minus_VH_dB,NW_TREES,13.07,4.53,6.029,7.657
delta,2023-05-01,S1 orb138_DES,S1_VV_dB,HIGH_REEDS,13.79,-11.683,-10.145,-8.249
delta,2023-05-01,S1 orb138_DES,S1_VH_dB,HIGH_REEDS,13.79,-16.797,-15.524,-14.242
delta,2023-05-01,S1 orb138_DES,S1_VV_minus_VH_dB,HIGH_REEDS,13.79,3.993,5.515,7.261
delta,2023-05-01,S1 orb138_DES,S1_VV_dB,OPEN_WATER,194.32,-16.516,-15.369,-14.148
delta,2023-05-01,S1 orb138_DES,S1_VH_dB,OPEN_WATER,194.32,-23.187,-22.258,-21.245
delta,2023-05-01,S1 orb138_DES,S1_VV_minus_VH_dB,OPEN_WATER,194.32,5.501,6.922,8.336
delta,2023-05-01,S1 orb138_DES,S1_VV_dB,EVENT_REEDS,39.06,-9.901,-8.19,-6.018
delta,2023-05-01,S1 orb138_DES,S1_VH_dB,EVENT_REEDS,39.06,-15.927,-14.689,-13.499
delta,2023-05-01,S1 orb138_DES,S1_VV_minus_VH_dB,EVENT_REEDS,39.06,4.805,6.603,8.85
delta,2023-05-01,S1 orb138_DES,S1_VV_dB,DRY_LAND,1949.24,-10.829,-9.147,-7.324
delta,2023-05-01,S1 orb138_DES,S1_VH_dB,DRY_LAND,1949.24,-16.886,-15.583,-14.336
delta,2023-05-01,S1 orb138_DES,S1_VV_minus_VH_dB,DRY_LAND,1949.24,4.744,6.533,8.42
delta,2023-05-04,S1 orb14_ASC,S1_VV_dB,NW_REEDS,115.2,-7.202,-4.904,-2.678
delta,2023-05-04,S1 orb14_ASC,S1_VH_dB,NW_REEDS,115.2,-15.579,-14.391,-13.289
delta,2023-05-04,S1 orb14_ASC,S1_VV_minus_VH_dB,NW_REEDS,115.2,7.217,9.51,11.827
delta,2023-05-04,S1 orb14_ASC,S1_VV_dB,NW_TREES,13.01,-8.095,-6.63,-5.074
delta,2023-05-04,S1 orb14_ASC,S1_VH_dB,NW_TREES,13.01,-14.54,-13.263,-12.034
delta,2023-05-04,S1 orb14_ASC,S1_VV_minus_VH_dB,NW_TREES,13.01,5.032,6.623,8.394
delta,2023-05-04,S1 orb14_ASC,S1_VV_dB,HIGH_REEDS,8.25,-11.101,-8.698,-6.019
delta,2023-05-04,S1 orb14_ASC,S1_VH_dB,HIGH_REEDS,8.25,-16.489,-14.885,-13.441
delta,2023-05-04,S1 orb14_ASC,S1_VV_minus_VH_dB,HIGH_REEDS,8.25,4.426,6.253,8.466
delta,2023-05-04,S1 orb14_ASC,S1_VV_dB,OPEN_WATER,133.56,-18.145,-16.637,-14.981
delta,2023-05-04,S1 orb14_ASC,S1_VH_dB,OPEN_WATER,133.56,-22.27,-21.304,-20.218
delta,2023-05-04,S1 orb14_ASC,S1_VV_minus_VH_dB,OPEN_WATER,133.56,3.166,4.864,6.65
delta,2023-05-04,S1 orb14_ASC,S1_VV_dB,EVENT_REEDS,39.06,-8.896,-6.505,-3.781
delta,2023-05-04,S1 orb14_ASC,S1_VH_dB,EVENT_REEDS,39.06,-16.044,-14.629,-13.311
delta,2023-05-04,S1 orb14_ASC,S1_VV_minus_VH_dB,EVENT_REEDS,39.06,5.994,8.148,10.755
delta,2023-05-04,S1 orb14_ASC,S1_VV_dB,DRY_LAND,1872.76,-12.889,-11.452,-10.039
delta,2023-05-04,S1 orb14_ASC,S1_VH_dB,DRY_LAND,1872.76,-19.022,-17.59,-16.223
delta,2023-05-04,S1 orb14_ASC,S1_VV_minus_VH_dB,DRY_LAND,1872.76,4.365,6.032,7.844
delta,2023-05-08,S1 orb65_DES,S1_VV_dB,NW_REEDS,116.12,-9.92,-7.38,-4.824
delta,2023-05-08,S1 orb65_DES,S1_VH_dB,NW_REEDS,116.12,-16.609,-15.242,-14.0
delta,2023-05-08,S1 orb65_DES,S1_VV_minus_VH_dB,NW_REEDS,116.12,5.769,7.892,10.192
delta,2023-05-08,S1 orb65_DES,S1_VV_dB,NW_TREES,13.07,-8.59,-7.123,-5.718
delta,2023-05-08,S1 orb65_DES,S1_VH_dB,NW_TREES,13.07,-14.986,-13.532,-12.23
delta,2023-05-08,S1 orb65_DES,S1_VV_minus_VH_dB,NW_TREES,13.07,4.875,6.361,8.01
delta,2023-05-08,S1 orb65_DES,S1_VV_dB,HIGH_REEDS,13.79,-14.059,-12.002,-9.429
delta,2023-05-08,S1 orb65_DES,S1_VH_dB,HIGH_REEDS,13.79,-19.431,-17.572,-15.645
delta,2023-05-08,S1 orb65_DES,S1_VV_minus_VH_dB,HIGH_REEDS,13.79,4.319,5.804,7.421
delta,2023-05-08,S1 orb65_DES,S1_VV_dB,OPEN_WATER,194.32,-20.457,-19.188,-17.527
delta,2023-05-08,S1 orb65_DES,S1_VH_dB,OPEN_WATER,194.32,-26.908,-25.666,-23.787
delta,2023-05-08,S1 orb65_DES,S1_VV_minus_VH_dB,OPEN_WATER,194.32,5.07,6.55,8.088
delta,2023-05-08,S1 orb65_DES,S1_VV_dB,EVENT_REEDS,39.06,-9.852,-7.427,-4.943
delta,2023-05-08,S1 orb65_DES,S1_VH_dB,EVENT_REEDS,39.06,-16.278,-14.848,-13.5
delta,2023-05-08,S1 orb65_DES,S1_VV_minus_VH_dB,EVENT_REEDS,39.06,5.385,7.312,9.641
delta,2023-05-08,S1 orb65_DES,S1_VV_dB,DRY_LAND,1949.24,-14.367,-12.818,-11.359
delta,2023-05-08,S1 orb65_DES,S1_VH_dB,DRY_LAND,1949.24,-20.356,-18.757,-17.209
delta,2023-05-08,S1 orb65_DES,S1_VV_minus_VH_dB,DRY_LAND,1949.24,4.182,5.793,7.547
delta,2023-05-09,S1 orb87_ASC,S1_VV_dB,NW_REEDS,116.12,-9.835,-7.265,-4.662
delta,2023-05-09,S1 orb87_ASC,S1_VH_dB,NW_REEDS,116.12,-16.497,-15.285,-14.175
delta,2023-05-09,S1 orb87_ASC,S1_VV_minus_VH_dB,NW_REEDS,116.12,5.762,8.019,10.503
delta,2023-05-09,S1 orb87_ASC,S1_VV_dB,NW_TREES,13.07,-8.693,-7.207,-5.66
delta,2023-05-09,S1 orb87_ASC,S1_VH_dB,NW_TREES,13.07,-15.224,-13.852,-12.612
delta,2023-05-09,S1 orb87_ASC,S1_VV_minus_VH_dB,NW_TREES,13.07,5.071,6.636,8.425
delta,2023-05-09,S1 orb87_ASC,S1_VV_dB,HIGH_REEDS,13.79,-14.127,-12.084,-9.6
delta,2023-05-09,S1 orb87_ASC,S1_VH_dB,HIGH_REEDS,13.79,-18.836,-17.086,-15.334
delta,2023-05-09,S1 orb87_ASC,S1_VV_minus_VH_dB,HIGH_REEDS,13.79,3.735,5.185,6.849
delta,2023-05-09,S1 orb87_ASC,S1_VV_dB,OPEN_WATER,194.32,-18.409,-16.765,-14.998
delta,2023-05-09,S1 orb87_ASC,S1_VH_dB,OPEN_WATER,194.32,-24.58,-23.574,-22.404
delta,2023-05-09,S1 orb87_ASC,S1_VV_minus_VH_dB,OPEN_WATER,194.32,4.9,6.845,8.79
delta,2023-05-09,S1 orb87_ASC,S1_VV_dB,EVENT_REEDS,39.06,-10.058,-7.728,-5.2
delta,2023-05-09,S1 orb87_ASC,S1_VH_dB,EVENT_REEDS,39.06,-16.757,-15.331,-13.995
delta,2023-05-09,S1 orb87_ASC,S1_VV_minus_VH_dB,EVENT_REEDS,39.06,5.666,7.603,9.94
delta,2023-05-09,S1 orb87_ASC,S1_VV_dB,DRY_LAND,1949.24,-13.703,-12.036,-10.488
delta,2023-05-09,S1 orb87_ASC,S1_VH_dB,DRY_LAND,1949.24,-19.234,-17.756,-16.361
delta,2023-05-09,S1 orb87_ASC,S1_VV_minus_VH_dB,DRY_LAND,1949.24,4.017,5.565,7.251
delta,2023-05-13,S1 orb138_DES,S1_VV_dB,NW_REEDS,116.12,-9.921,-7.564,-5.15
delta,2023-05-13,S1 orb138_DES,S1_VH_dB,NW_REEDS,116.12,-16.492,-15.235,-14.043
delta,2023-05-13,S1 orb138_DES,S1_VV_minus_VH_dB,NW_REEDS,116.12,5.635,7.69,9.895
delta,2023-05-13,S1 orb138_DES,S1_VV_dB,NW_TREES,13.07,-8.874,-7.425,-5.983
delta,2023-05-13,S1 orb138_DES,S1_VH_dB,NW_TREES,13.07,-15.238,-13.851,-12.568
delta,2023-05-13,S1 orb138_DES,S1_VV_minus_VH_dB,NW_TREES,13.07,4.803,6.366,8.087
delta,2023-05-13,S1 orb138_DES,S1_VV_dB,HIGH_REEDS,13.79,-14.052,-12.091,-9.609
delta,2023-05-13,S1 orb138_DES,S1_VH_dB,HIGH_REEDS,13.79,-18.65,-17.067,-15.384
delta,2023-05-13,S1 orb138_DES,S1_VV_minus_VH_dB,HIGH_REEDS,13.79,3.659,5.134,6.79
delta,2023-05-13,S1 orb138_DES,S1_VV_dB,OPEN_WATER,194.32,-19.857,-18.089,-16.285
delta,2023-05-13,S1 orb138_DES,S1_VH_dB,OPEN_WATER,194.32,-23.309,-22.365,-21.318
delta,2023-05-13,S1 orb138_DES,S1_VV_minus_VH_dB,OPEN_WATER,194.32,2.438,4.427,6.443
delta,2023-05-13,S1 orb138_DES,S1_VV_dB,EVENT_REEDS,39.06,-10.178,-7.94,-5.54
delta,2023-05-13,S1 orb138_DES,S1_VH_dB,EVENT_REEDS,39.06,-16.577,-15.169,-13.791
delta,2023-05-13,S1 orb138_DES,S1_VV_minus_VH_dB,EVENT_REEDS,39.06,5.363,7.23,9.363
delta,2023-05-13,S1 orb138_DES,S1_VV_dB,DRY_LAND,1949.24,-14.145,-12.64,-11.195
delta,2023-05-13,S1 orb138_DES,S1_VH_dB,DRY_LAND,1949.24,-19.388,-18.022,-16.674
delta,2023-05-13,S1 orb138_DES,S1_VV_minus_VH_dB,DRY_LAND,1949.24,3.652,5.26,6.964
delta,2023-05-16,S1 orb14_ASC,S1_VV_dB,NW_REEDS,115.26,-7.595,-5.282,-3.054
delta,2023-05-16,S1 orb14_ASC,S1_VH_dB,NW_REEDS,115.26,-15.249,-14.033,-12.904
delta,2023-05-16,S1 orb14_ASC,S1_VV_minus_VH_dB,NW_REEDS,115.26,6.616,8.726,10.887
delta,2023-05-16,S1 orb14_ASC,S1_VV_dB,NW_TREES,13.01,-7.934,-6.481,-4.955
delta,2023-05-16,S1 orb14_ASC,S1_VH_dB,NW_TREES,13.01,-14.361,-13.09,-11.871
delta,2023-05-16,S1 orb14_ASC,S1_VV_minus_VH_dB,NW_TREES,13.01,4.994,6.575,8.332
delta,2023-05-16,S1 orb14_ASC,S1_VV_dB,HIGH_REEDS,8.26,-11.929,-9.358,-6.86
delta,2023-05-16,S1 orb14_ASC,S1_VH_dB,HIGH_REEDS,8.26,-16.745,-15.053,-13.495
delta,2023-05-16,S1 orb14_ASC,S1_VV_minus_VH_dB,HIGH_REEDS,8.26,3.994,5.707,7.599
delta,2023-05-16,S1 orb14_ASC,S1_VV_dB,OPEN_WATER,134.67,-18.875,-16.749,-14.698
delta,2023-05-16,S1 orb14_ASC,S1_VH_dB,OPEN_WATER,134.67,-22.174,-21.177,-20.051
delta,2023-05-16,S1 orb14_ASC,S1_VV_minus_VH_dB,OPEN_WATER,134.67,2.547,4.51,6.535
delta,2023-05-16,S1 orb14_ASC,S1_VV_dB,EVENT_REEDS,39.06,-9.474,-7.062,-4.422
delta,2023-05-16,S1 orb14_ASC,S1_VH_dB,EVENT_REEDS,39.06,-15.848,-14.361,-12.993
delta,2023-05-16,S1 orb14_ASC,S1_VV_minus_VH_dB,EVENT_REEDS,39.06,5.369,7.324,9.633
delta,2023-05-16,S1 orb14_ASC,S1_VV_dB,DRY_LAND,1874.91,-13.554,-11.968,-10.391
delta,2023-05-16,S1 orb14_ASC,S1_VH_dB,DRY_LAND,1874.91,-19.002,-17.595,-16.171
delta,2023-05-16,S1 orb14_ASC,S1_VV_minus_VH_dB,DRY_LAND,1874.91,3.792,5.438,7.235
delta,2023-05-20,S1 orb65_DES,S1_VV_dB,NW_REEDS,116.12,-11.198,-9.082,-6.668
delta,2023-05-20,S1 orb65_DES,S1_VH_dB,NW_REEDS,116.12,-17.021,-15.682,-14.436
delta,2023-05-20,S1 orb65_DES,S1_VV_minus_VH_dB,NW_REEDS,116.12,4.929,6.731,8.753
delta,2023-05-20,S1 orb65_DES,S1_VV_dB,NW_TREES,13.07,-8.454,-7.016,-5.691
delta,2023-05-20,S1 orb65_DES,S1_VH_dB,NW_TREES,13.07,-14.809,-13.399,-12.094
delta,2023-05-20,S1 orb65_DES,S1_VV_minus_VH_dB,NW_TREES,13.07,4.871,6.311,7.874
delta,2023-05-20,S1 orb65_DES,S1_VV_dB,HIGH_REEDS,13.79,-13.8,-11.946,-9.806
delta,2023-05-20,S1 orb65_DES,S1_VH_dB,HIGH_REEDS,13.79,-19.19,-17.517,-15.83
delta,2023-05-20,S1 orb65_DES,S1_VV_minus_VH_dB,HIGH_REEDS,13.79,4.295,5.686,7.172
delta,2023-05-20,S1 orb65_DES,S1_VV_dB,OPEN_WATER,194.32,-20.775,-19.522,-17.935
delta,2023-05-20,S1 orb65_DES,S1_VH_dB,OPEN_WATER,194.32,-27.04,-25.781,-23.811
delta,2023-05-20,S1 orb65_DES,S1_VV_minus_VH_dB,OPEN_WATER,194.32,4.799,6.317,7.86
delta,2023-05-20,S1 orb65_DES,S1_VV_dB,EVENT_REEDS,39.06,-10.388,-8.455,-6.418
delta,2023-05-20,S1 orb65_DES,S1_VH_dB,EVENT_REEDS,39.06,-16.344,-14.984,-13.657
delta,2023-05-20,S1 orb65_DES,S1_VV_minus_VH_dB,EVENT_REEDS,39.06,4.847,6.459,8.286
delta,2023-05-20,S1 orb65_DES,S1_VV_dB,DRY_LAND,1949.24,-13.227,-11.583,-10.056
delta,2023-05-20,S1 orb65_DES,S1_VH_dB,DRY_LAND,1949.24,-19.732,-17.903,-16.141
delta,2023-05-20,S1 orb65_DES,S1_VV_minus_VH_dB,DRY_LAND,1949.24,4.539,6.139,7.893
delta,2023-05-21,S1 orb87_ASC,S1_VV_dB,NW_REEDS,116.12,-11.875,-9.661,-7.257
delta,2023-05-21,S1 orb87_ASC,S1_VH_dB,NW_REEDS,116.12,-16.704,-15.339,-14.047
delta,2023-05-21,S1 orb87_ASC,S1_VV_minus_VH_dB,NW_REEDS,116.12,3.842,5.766,7.853
delta,2023-05-21,S1 orb87_ASC,S1_VV_dB,NW_TREES,13.07,-8.441,-7.019,-5.554
delta,2023-05-21,S1 orb87_ASC,S1_VH_dB,NW_TREES,13.07,-14.528,-13.202,-11.946
delta,2023-05-21,S1 orb87_ASC,S1_VV_minus_VH_dB,NW_TREES,13.07,4.562,6.184,7.901
delta,2023-05-21,S1 orb87_ASC,S1_VV_dB,HIGH_REEDS,13.79,-14.274,-12.368,-10.226
delta,2023-05-21,S1 orb87_ASC,S1_VH_dB,HIGH_REEDS,13.79,-18.727,-17.028,-15.272
delta,2023-05-21,S1 orb87_ASC,S1_VV_minus_VH_dB,HIGH_REEDS,13.79,3.263,4.814,6.419
delta,2023-05-21,S1 orb87_ASC,S1_VV_dB,OPEN_WATER,194.32,-19.431,-18.169,-16.705
delta,2023-05-21,S1 orb87_ASC,S1_VH_dB,OPEN_WATER,194.32,-24.839,-23.687,-22.411
delta,2023-05-21,S1 orb87_ASC,S1_VV_minus_VH_dB,OPEN_WATER,194.32,4.098,5.669,7.287
delta,2023-05-21,S1 orb87_ASC,S1_VV_dB,EVENT_REEDS,39.06,-10.963,-8.881,-6.697
delta,2023-05-21,S1 orb87_ASC,S1_VH_dB,EVENT_REEDS,39.06,-16.742,-15.228,-13.822
delta,2023-05-21,S1 orb87_ASC,S1_VV_minus_VH_dB,EVENT_REEDS,39.06,4.632,6.377,8.321
delta,2023-05-21,S1 orb87_ASC,S1_VV_dB,DRY_LAND,1949.24,-13.781,-11.835,-9.878
delta,2023-05-21,S1 orb87_ASC,S1_VH_dB,DRY_LAND,1949.24,-19.509,-17.618,-15.798
delta,2023-05-21,S1 orb87_ASC,S1_VV_minus_VH_dB,DRY_LAND,1949.24,3.995,5.683,7.531
delta,2023-05-25,S1 orb138_DES,S1_VV_dB,NW_REEDS,116.12,-10.151,-8.128,-5.997
delta,2023-05-25,S1 orb138_DES,S1_VH_dB,NW_REEDS,116.12,-16.309,-15.091,-13.926
delta,2023-05-25,S1 orb138_DES,S1_VV_minus_VH_dB,NW_REEDS,116.12,5.067,6.977,9.021
delta,2023-05-25,S1 orb138_DES,S1_VV_dB,NW_TREES,13.07,-8.627,-7.211,-5.854
delta,2023-05-25,S1 orb138_DES,S1_VH_dB,NW_TREES,13.07,-14.84,-13.487,-12.211
delta,2023-05-25,S1 orb138_DES,S1_VV_minus_VH_dB,NW_TREES,13.07,4.668,6.21,7.851
delta,2023-05-25,S1 orb138_DES,S1_VV_dB,HIGH_REEDS,13.79,-12.506,-10.893,-9.195
delta,2023-05-25,S1 orb138_DES,S1_VH_dB,HIGH_REEDS,13.79,-17.501,-16.13,-14.768
delta,2023-05-25,S1 orb138_DES,S1_VV_minus_VH_dB,HIGH_REEDS,13.79,3.797,5.292,6.799
delta,2023-05-25,S1 orb138_DES,S1_VV_dB,OPEN_WATER,194.32,-20.193,-18.787,-17.107
delta,2023-05-25,S1 orb138_DES,S1_VH_dB,OPEN_WATER,194.32,-23.261,-22.258,-21.152
delta,2023-05-25,S1 orb138_DES,S1_VV_minus_VH_dB,OPEN_WATER,194.32,1.982,3.698,5.539
delta,2023-05-25,S1 orb138_DES,S1_VV_dB,EVENT_REEDS,39.06,-10.116,-8.239,-6.326
delta,2023-05-25,S1 orb138_DES,S1_VH_dB,EVENT_REEDS,39.06,-16.167,-14.827,-13.511
delta,2023-05-25,S1 orb138_DES,S1_VV_minus_VH_dB,EVENT_REEDS,39.06,4.869,6.535,8.368
delta,2023-05-25,S1 orb138_DES,S1_VV_dB,DRY_LAND,1949.24,-12.115,-10.416,-8.738
delta,2023-05-25,S1 orb138_DES,S1_VH_dB,DRY_LAND,1949.24,-18.065,-16.261,-14.595
delta,2023-05-25,S1 orb138_DES,S1_VV_minus_VH_dB,DRY_LAND,1949.24,4.081,5.797,7.648
delta,2023-05-28,S1 orb14_ASC,S1_VV_dB,NW_REEDS,115.26,-10.335,-8.191,-6.003
delta,2023-05-28,S1 orb14_ASC,S1_VH_dB,NW_REEDS,115.26,-15.895,-14.618,-13.414
delta,2023-05-28,S1 orb14_ASC,S1_VV_minus_VH_dB,NW_REEDS,115.26,4.568,6.465,8.452
delta,2023-05-28,S1 orb14_ASC,S1_VV_dB,NW_TREES,13.01,-8.509,-7.072,-5.641
delta,2023-05-28,S1 orb14_ASC,S1_VH_dB,NW_TREES,13.01,-14.621,-13.289,-12.04
delta,2023-05-28,S1 orb14_ASC,S1_VV_minus_VH_dB,NW_TREES,13.01,4.631,6.24,7.928
delta,2023-05-28,S1 orb14_ASC,S1_VV_dB,HIGH_REEDS,8.26,-12.007,-10.223,-8.442
delta,2023-05-28,S1 orb14_ASC,S1_VH_dB,HIGH_REEDS,8.26,-16.826,-15.345,-13.982
delta,2023-05-28,S1 orb14_ASC,S1_VV_minus_VH_dB,HIGH_REEDS,8.26,3.544,5.169,6.857
delta,2023-05-28,S1 orb14_ASC,S1_VV_dB,OPEN_WATER,134.81,-20.206,-18.157,-15.196
delta,2023-05-28,S1 orb14_ASC,S1_VH_dB,OPEN_WATER,134.81,-22.308,-21.254,-20.053
delta,2023-05-28,S1 orb14_ASC,S1_VV_minus_VH_dB,OPEN_WATER,134.81,1.307,3.441,5.881
delta,2023-05-28,S1 orb14_ASC,S1_VV_dB,EVENT_REEDS,39.06,-10.167,-8.24,-6.198
delta,2023-05-28,S1 orb14_ASC,S1_VH_dB,EVENT_REEDS,39.06,-16.086,-14.743,-13.449
delta,2023-05-28,S1 orb14_ASC,S1_VV_minus_VH_dB,EVENT_REEDS,39.06,4.786,6.551,8.465
delta,2023-05-28,S1 orb14_ASC,S1_VV_dB,DRY_LAND,1875.19,-11.468,-9.78,-8.038
delta,2023-05-28,S1 orb14_ASC,S1_VH_dB,DRY_LAND,1875.19,-18.057,-16.228,-14.591
delta,2023-05-28,S1 orb14_ASC,S1_VV_minus_VH_dB,DRY_LAND,1875.19,4.482,6.354,8.46
delta,2023-06-01,S1 orb65_DES,S1_VV_dB,NW_REEDS,116.12,-12.447,-10.606,-8.541
delta,2023-06-01,S1 orb65_DES,S1_VH_dB,NW_REEDS,116.12,-17.143,-15.799,-14.539
delta,2023-06-01,S1 orb65_DES,S1_VV_minus_VH_dB,NW_REEDS,116.12,3.714,5.351,7.148
delta,2023-06-01,S1 orb65_DES,S1_VV_dB,NW_TREES,13.07,-9.072,-7.611,-6.257
delta,2023-06-01,S1 orb65_DES,S1_VH_dB,NW_TREES,13.07,-15.159,-13.699,-12.38
delta,2023-06-01,S1 orb65_DES,S1_VV_minus_VH_dB,NW_TREES,13.07,4.643,6.054,7.535
delta,2023-06-01,S1 orb65_DES,S1_VV_dB,HIGH_REEDS,13.79,-13.286,-11.62,-9.774
delta,2023-06-01,S1 orb65_DES,S1_VH_dB,HIGH_REEDS,13.79,-18.449,-16.968,-15.496
delta,2023-06-01,S1 orb65_DES,S1_VV_minus_VH_dB,HIGH_REEDS,13.79,4.053,5.423,6.86
delta,2023-06-01,S1 orb65_DES,S1_VV_dB,OPEN_WATER,194.32,-21.658,-20.313,-18.722
delta,2023-06-01,S1 orb65_DES,S1_VH_dB,OPEN_WATER,194.32,-27.217,-25.935,-23.867
delta,2023-06-01,S1 orb65_DES,S1_VV_minus_VH_dB,OPEN_WATER,194.32,3.983,5.627,7.273
delta,2023-06-01,S1 orb65_DES,S1_VV_dB,EVENT_REEDS,39.06,-10.596,-8.974,-7.305
delta,2023-06-01,S1 orb65_DES,S1_VH_dB,EVENT_REEDS,39.06,-16.127,-14.895,-13.672
delta,2023-06-01,S1 orb65_DES,S1_VV_minus_VH_dB,EVENT_REEDS,39.06,4.397,5.877,7.442
delta,2023-06-01,S1 orb65_DES,S1_VV_dB,DRY_LAND,1949.24,-12.529,-10.848,-9.352
delta,2023-06-01,S1 orb65_DES,S1_VH_dB,DRY_LAND,1949.24,-19.262,-16.811,-14.939
delta,2023-06-01,S1 orb65_DES,S1_VV_minus_VH_dB,DRY_LAND,1949.24,4.37,5.984,7.766
delta,2023-06-02,S1 orb87_ASC,S1_VV_dB,NW_REEDS,116.12,-11.041,-8.705,-6.374
delta,2023-06-02,S1 orb87_ASC,S1_VH_dB,NW_REEDS,116.12,-16.25,-15.009,-13.854
delta,2023-06-02,S1 orb87_ASC,S1_VV_minus_VH_dB,NW_REEDS,116.12,4.502,6.364,8.352
delta,2023-06-02,S1 orb87_ASC,S1_VV_dB,NW_TREES,13.07,-8.277,-6.937,-5.613
delta,2023-06-02,S1 orb87_ASC,S1_VH_dB,NW_TREES,13.07,-14.482,-13.166,-11.98
delta,2023-06-02,S1 orb87_ASC,S1_VV_minus_VH_dB,NW_TREES,13.07,4.851,6.272,7.782
delta,2023-06-02,S1 orb87_ASC,S1_VV_dB,HIGH_REEDS,13.79,-12.928,-11.159,-9.107
delta,2023-06-02,S1 orb87_ASC,S1_VH_dB,HIGH_REEDS,13.79,-17.925,-16.374,-14.884
delta,2023-06-02,S1 orb87_ASC,S1_VV_minus_VH_dB,HIGH_REEDS,13.79,3.977,5.383,6.835
delta,2023-06-02,S1 orb87_ASC,S1_VV_dB,OPEN_WATER,194.32,-18.6,-17.491,-16.152
delta,2023-06-02,S1 orb87_ASC,S1_VH_dB,OPEN_WATER,194.32,-24.625,-23.573,-22.321
delta,2023-06-02,S1 orb87_ASC,S1_VV_minus_VH_dB,OPEN_WATER,194.32,4.863,6.199,7.564
delta,2023-06-02,S1 orb87_ASC,S1_VV_dB,EVENT_REEDS,39.06,-10.058,-8.309,-6.455
delta,2023-06-02,S1 orb87_ASC,S1_VH_dB,EVENT_REEDS,39.06,-16.14,-14.816,-13.561
delta,2023-06-02,S1 orb87_ASC,S1_VV_minus_VH_dB,EVENT_REEDS,39.06,4.983,6.521,8.212
delta,2023-06-02,S1 orb87_ASC,S1_VV_dB,DRY_LAND,1949.24,-12.763,-11.216,-9.765
delta,2023-06-02,S1 orb87_ASC,S1_VH_dB,DRY_LAND,1949.24,-19.259,-17.26,-15.518
delta,2023-06-02,S1 orb87_ASC,S1_VV_minus_VH_dB,DRY_LAND,1949.24,4.422,5.942,7.61
delta,2023-06-06,S1 orb138_DES,S1_VV_dB,NW_REEDS,116.12,-11.238,-9.2,-6.942
delta,2023-06-06,S1 orb138_DES,S1_VH_dB,NW_REEDS,116.12,-16.373,-15.103,-13.886
delta,2023-06-06,S1 orb138_DES,S1_VV_minus_VH_dB,NW_REEDS,116.12,4.082,5.938,7.969
delta,2023-06-06,S1 orb138_DES,S1_VV_dB,NW_TREES,13.07,-8.81,-7.406,-6.017
delta,2023-06-06,S1 orb138_DES,S1_VH_dB,NW_TREES,13.07,-14.863,-13.534,-12.264
delta,2023-06-06,S1 orb138_DES,S1_VV_minus_VH_dB,NW_TREES,13.07,4.586,6.113,7.707
delta,2023-06-06,S1 orb138_DES,S1_VV_dB,HIGH_REEDS,13.79,-13.407,-11.618,-9.68
delta,2023-06-06,S1 orb138_DES,S1_VH_dB,HIGH_REEDS,13.79,-17.905,-16.452,-15.05
delta,2023-06-06,S1 orb138_DES,S1_VV_minus_VH_dB,HIGH_REEDS,13.79,3.421,4.921,6.464
delta,2023-06-06,S1 orb138_DES,S1_VV_dB,OPEN_WATER,194.32,-21.32,-19.905,-18.079
delta,2023-06-06,S1 orb138_DES,S1_VH_dB,OPEN_WATER,194.32,-23.256,-22.251,-21.139
delta,2023-06-06,S1 orb138_DES,S1_VV_minus_VH_dB,OPEN_WATER,194.32,0.952,2.594,4.465
delta,2023-06-06,S1 orb138_DES,S1_VV_dB,EVENT_REEDS,39.06,-10.527,-8.801,-6.975
delta,2023-06-06,S1 orb138_DES,S1_VH_dB,EVENT_REEDS,39.06,-16.209,-14.902,-13.615
delta,2023-06-06,S1 orb138_DES,S1_VV_minus_VH_dB,EVENT_REEDS,39.06,4.502,6.099,7.812
delta,2023-06-06,S1 orb138_DES,S1_VV_dB,DRY_LAND,1949.24,-12.863,-11.344,-9.919
delta,2023-06-06,S1 orb138_DES,S1_VH_dB,DRY_LAND,1949.24,-18.692,-16.871,-15.213
delta,2023-06-06,S1 orb138_DES,S1_VV_minus_VH_dB,DRY_LAND,1949.24,3.794,5.426,7.173
delta,2023-06-09,S1 orb14_ASC,S1_VV_dB,NW_REEDS,115.22,-17.463,-15.085,-12.962
delta,2023-06-09,S1 orb14_ASC,S1_VH_dB,NW_REEDS,115.22,-22.765,-21.606,-19.951
delta,2023-06-09,S1 orb14_ASC,S1_VV_minus_VH_dB,NW_REEDS,115.22,3.918,6.109,8.065
delta,2023-06-09,S1 orb14_ASC,S1_VV_dB,NW_TREES,13.01,-12.128,-9.665,-7.661
delta,2023-06-09,S1 orb14_ASC,S1_VH_dB,NW_TREES,13.01,-17.734,-15.257,-13.206
delta,2023-06-09,S1 orb14_ASC,S1_VV_minus_VH_dB,NW_TREES,13.01,3.857,5.392,7.031
delta,2023-06-09,S1 orb14_ASC,S1_VV_dB,HIGH_REEDS,8.26,-13.575,-11.328,-8.833
delta,2023-06-09,S1 orb14_ASC,S1_VH_dB,HIGH_REEDS,8.26,-18.821,-16.935,-15.126
delta,2023-06-09,S1 orb14_ASC,S1_VV_minus_VH_dB,HIGH_REEDS,8.26,4.034,5.749,7.604
delta,2023-06-09,S1 orb14_ASC,S1_VV_dB,OPEN_WATER,133.78,-19.195,-15.908,-13.63
delta,2023-06-09,S1 orb14_ASC,S1_VH_dB,OPEN_WATER,133.78,-22.841,-21.861,-20.84
delta,2023-06-09,S1 orb14_ASC,S1_VV_minus_VH_dB,OPEN_WATER,133.78,2.888,5.629,8.014
delta,2023-06-09,S1 orb14_ASC,S1_VV_dB,EVENT_REEDS,39.06,-15.502,-13.759,-11.895
delta,2023-06-09,S1 orb14_ASC,S1_VH_dB,EVENT_REEDS,39.06,-22.076,-20.629,-18.307
delta,2023-06-09,S1 orb14_ASC,S1_VV_minus_VH_dB,EVENT_REEDS,39.06,4.53,6.332,8.078
delta,2023-06-09,S1 orb14_ASC,S1_VV_dB,DRY_LAND,1873.22,-12.97,-11.379,-9.755
delta,2023-06-09,S1 orb14_ASC,S1_VH_dB,DRY_LAND,1873.22,-18.958,-17.408,-15.86
delta,2023-06-09,S1 orb14_ASC,S1_VV_minus_VH_dB,DRY_LAND,1873.22,4.167,5.84,7.684
delta,2023-06-13,S1 orb65_DES,S1_VV_dB,NW_REEDS,116.12,-14.395,-9.666,-5.701
delta,2023-06-13,S1 orb65_DES,S1_VH_dB,NW_REEDS,116.12,-21.76,-18.895,-15.343
delta,2023-06-13,S1 orb65_DES,S1_VV_minus_VH_dB,NW_REEDS,116.12,6.015,8.312,11.112
delta,2023-06-13,S1 orb65_DES,S1_VV_dB,NW_TREES,13.07,-9.391,-7.574,-6.002
delta,2023-06-13,S1 orb65_DES,S1_VH_dB,NW_TREES,13.07,-15.549,-13.688,-12.166
delta,2023-06-13,S1 orb65_DES,S1_VV_minus_VH_dB,NW_TREES,13.07,4.41,6.017,7.69
delta,2023-06-13,S1 orb65_DES,S1_VV_dB,HIGH_REEDS,13.79,-11.513,-9.686,-7.327
delta,2023-06-13,S1 orb65_DES,S1_VH_dB,HIGH_REEDS,13.79,-16.628,-15.119,-13.654
delta,2023-06-13,S1 orb65_DES,S1_VV_minus_VH_dB,HIGH_REEDS,13.79,4.052,5.651,7.473
delta,2023-06-13,S1 orb65_DES,S1_VV_dB,OPEN_WATER,194.32,-19.901,-18.727,-17.357
delta,2023-06-13,S1 orb65_DES,S1_VH_dB,OPEN_WATER,194.32,-26.788,-25.461,-23.767
delta,2023-06-13,S1 orb65_DES,S1_VV_minus_VH_dB,OPEN_WATER,194.32,5.264,6.76,8.236
delta,2023-06-13,S1 orb65_DES,S1_VV_dB,EVENT_REEDS,39.06,-12.399,-8.955,-6.208
delta,2023-06-13,S1 orb65_DES,S1_VH_dB,EVENT_REEDS,39.06,-19.728,-17.046,-14.485
delta,2023-06-13,S1 orb65_DES,S1_VV_minus_VH_dB,EVENT_REEDS,39.06,5.198,7.31,9.912
delta,2023-06-13,S1 orb65_DES,S1_VV_dB,DRY_LAND,1949.24,-10.227,-8.782,-7.413
delta,2023-06-13,S1 orb65_DES,S1_VH_dB,DRY_LAND,1949.24,-16.164,-14.607,-13.221
delta,2023-06-13,S1 orb65_DES,S1_VV_minus_VH_dB,DRY_LAND,1949.24,4.145,5.805,7.593
delta,2023-06-14,S1 orb87_ASC,S1_VV_dB,NW_REEDS,116.12,-9.04,-5.663,-2.826
delta,2023-06-14,S1 orb87_ASC,S1_VH_dB,NW_REEDS,116.12,-19.724,-17.094,-14.758
delta,2023-06-14,S1 orb87_ASC,S1_VV_minus_VH_dB,NW_REEDS,116.12,7.743,11.067,14.142
delta,2023-06-14,S1 orb87_ASC,S1_VV_dB,NW_TREES,13.07,-8.21,-6.566,-4.965
delta,2023-06-14,S1 orb87_ASC,S1_VH_dB,NW_TREES,13.07,-14.802,-13.248,-11.869
delta,2023-06-14,S1 orb87_ASC,S1_VV_minus_VH_dB,NW_TREES,13.07,4.996,6.663,8.517
delta,2023-06-14,S1 orb87_ASC,S1_VV_dB,HIGH_REEDS,13.79,-12.566,-10.55,-7.902
delta,2023-06-14,S1 orb87_ASC,S1_VH_dB,HIGH_REEDS,13.79,-17.514,-15.918,-14.25
delta,2023-06-14,S1 orb87_ASC,S1_VV_minus_VH_dB,HIGH_REEDS,13.79,3.955,5.552,7.327
delta,2023-06-14,S1 orb87_ASC,S1_VV_dB,OPEN_WATER,194.32,-20.027,-18.856,-17.524
delta,2023-06-14,S1 orb87_ASC,S1_VH_dB,OPEN_WATER,194.32,-24.658,-23.59,-22.4
delta,2023-06-14,S1 orb87_ASC,S1_VV_minus_VH_dB,OPEN_WATER,194.32,3.379,4.914,6.479
delta,2023-06-14,S1 orb87_ASC,S1_VV_dB,EVENT_REEDS,39.06,-10.041,-7.025,-4.203
delta,2023-06-14,S1 orb87_ASC,S1_VH_dB,EVENT_REEDS,39.06,-19.556,-16.577,-14.322
delta,2023-06-14,S1 orb87_ASC,S1_VV_minus_VH_dB,EVENT_REEDS,39.06,6.739,9.217,12.344
delta,2023-06-14,S1 orb87_ASC,S1_VV_dB,DRY_LAND,1949.24,-11.613,-10.085,-8.633
delta,2023-06-14,S1 orb87_ASC,S1_VH_dB,DRY_LAND,1949.24,-18.065,-16.198,-14.6
delta,2023-06-14,S1 orb87_ASC,S1_VV_minus_VH_dB,DRY_LAND,1949.24,4.444,6.117,7.913
delta,2023-06-18,S1 orb138_DES,S1_VV_dB,NW_REEDS,116.12,-8.866,-6.541,-4.285
delta,2023-06-18,S1 orb138_DES,S1_VH_dB,NW_REEDS,116.12,-14.841,-13.386,-12.117
delta,2023-06-18,S1 orb138_DES,S1_VV_minus_VH_dB,NW_REEDS,116.12,4.812,6.745,8.938
delta,2023-06-18,S1 orb138_DES,S1_VV_dB,NW_TREES,13.07,-7.948,-6.371,-4.866
delta,2023-06-18,S1 orb138_DES,S1_VH_dB,NW_TREES,13.07,-13.774,-12.331,-11.016
delta,2023-06-18,S1 orb138_DES,S1_VV_minus_VH_dB,NW_TREES,13.07,4.475,5.931,7.476
delta,2023-06-18,S1 orb138_DES,S1_VV_dB,HIGH_REEDS,13.79,-12.515,-10.675,-8.658
delta,2023-06-18,S1 orb138_DES,S1_VH_dB,HIGH_REEDS,13.79,-17.346,-15.811,-14.323
delta,2023-06-18,S1 orb138_DES,S1_VV_minus_VH_dB,HIGH_REEDS,13.79,3.743,5.189,6.736
delta,2023-06-18,S1 orb138_DES,S1_VV_dB,OPEN_WATER,194.32,-17.793,-16.471,-15.114
delta,2023-06-18,S1 orb138_DES,S1_VH_dB,OPEN_WATER,194.32,-23.111,-22.165,-21.115
delta,2023-06-18,S1 orb138_DES,S1_VV_minus_VH_dB,OPEN_WATER,194.32,4.129,5.725,7.259
delta,2023-06-18,S1 orb138_DES,S1_VV_dB,EVENT_REEDS,39.06,-8.675,-6.359,-4.119
delta,2023-06-18,S1 orb138_DES,S1_VH_dB,EVENT_REEDS,39.06,-16.211,-13.81,-12.215
delta,2023-06-18,S1 orb138_DES,S1_VV_minus_VH_dB,EVENT_REEDS,39.06,5.61,7.605,9.939
delta,2023-06-18,S1 orb138_DES,S1_VV_dB,DRY_LAND,1949.24,-12.018,-10.525,-9.116
delta,2023-06-18,S1 orb138_DES,S1_VH_dB,DRY_LAND,1949.24,-18.123,-16.423,-14.913
delta,2023-06-18,S1 orb138_DES,S1_VV_minus_VH_dB,DRY_LAND,1949.24,4.231,5.838,7.546
delta,2023-06-21,S1 orb14_ASC,S1_VV_dB,NW_REEDS,115.11,-9.343,-7.462,-5.657
delta,2023-06-21,S1 orb14_ASC,S1_VH_dB,NW_REEDS,115.11,-15.493,-14.103,-12.865
delta,2023-06-21,S1 orb14_ASC,S1_VV_minus_VH_dB,NW_REEDS,115.11,4.767,6.626,8.577
delta,2023-06-21,S1 orb14_ASC,S1_VV_dB,NW_TREES,13.01,-8.188,-6.636,-5.181
delta,2023-06-21,S1 orb14_ASC,S1_VH_dB,NW_TREES,13.01,-14.145,-12.721,-11.424
delta,2023-06-21,S1 orb14_ASC,S1_VV_minus_VH_dB,NW_TREES,13.01,4.48,6.069,7.712
delta,2023-06-21,S1 orb14_ASC,S1_VV_dB,HIGH_REEDS,8.24,-11.351,-9.499,-7.695
delta,2023-06-21,S1 orb14_ASC,S1_VH_dB,HIGH_REEDS,8.24,-16.564,-14.938,-13.456
delta,2023-06-21,S1 orb14_ASC,S1_VV_minus_VH_dB,HIGH_REEDS,8.24,3.822,5.464,7.19
delta,2023-06-21,S1 orb14_ASC,S1_VV_dB,OPEN_WATER,132.35,-17.226,-14.989,-13.071
delta,2023-06-21,S1 orb14_ASC,S1_VH_dB,OPEN_WATER,132.35,-22.31,-21.255,-20.066
delta,2023-06-21,S1 orb14_ASC,S1_VV_minus_VH_dB,OPEN_WATER,132.35,4.007,6.024,7.917
delta,2023-06-21,S1 orb14_ASC,S1_VV_dB,EVENT_REEDS,39.06,-9.387,-7.297,-5.293
delta,2023-06-21,S1 orb14_ASC,S1_VH_dB,EVENT_REEDS,39.06,-16.489,-14.425,-12.882
delta,2023-06-21,S1 orb14_ASC,S1_VV_minus_VH_dB,EVENT_REEDS,39.06,5.364,7.256,9.295
delta,2023-06-21,S1 orb14_ASC,S1_VV_dB,DRY_LAND,1870.36,-11.887,-9.902,-7.849
delta,2023-06-21,S1 orb14_ASC,S1_VH_dB,DRY_LAND,1870.36,-17.99,-16.097,-14.326
delta,2023-06-21,S1 orb14_ASC,S1_VV_minus_VH_dB,DRY_LAND,1870.36,4.454,6.193,8.107
delta,2023-06-25,S1 orb65_DES,S1_VV_dB,NW_REEDS,116.12,-10.729,-8.499,-6.322
delta,2023-06-25,S1 orb65_DES,S1_VH_dB,NW_REEDS,116.12,-16.204,-14.697,-13.348
delta,2023-06-25,S1 orb65_DES,S1_VV_minus_VH_dB,NW_REEDS,116.12,4.295,6.235,8.321
delta,2023-06-25,S1 orb65_DES,S1_VV_dB,NW_TREES,13.07,-8.774,-7.095,-5.571
delta,2023-06-25,S1 orb65_DES,S1_VH_dB,NW_TREES,13.07,-14.81,-13.082,-11.644
delta,2023-06-25,S1 orb65_DES,S1_VV_minus_VH_dB,NW_TREES,13.07,4.451,5.99,7.612
delta,2023-06-25,S1 orb65_DES,S1_VV_dB,HIGH_REEDS,13.79,-12.793,-11.056,-9.12
delta,2023-06-25,S1 orb65_DES,S1_VH_dB,HIGH_REEDS,13.79,-18.21,-16.596,-15.034
delta,2023-06-25,S1 orb65_DES,S1_VV_minus_VH_dB,HIGH_REEDS,13.79,4.134,5.676,7.305
delta,2023-06-25,S1 orb65_DES,S1_VV_dB,OPEN_WATER,194.32,-21.488,-19.969,-18.016
delta,2023-06-25,S1 orb65_DES,S1_VH_dB,OPEN_WATER,194.32,-27.291,-25.885,-23.812
delta,2023-06-25,S1 orb65_DES,S1_VV_minus_VH_dB,OPEN_WATER,194.32,4.338,5.893,7.517
delta,2023-06-25,S1 orb65_DES,S1_VV_dB,EVENT_REEDS,39.06,-8.98,-6.917,-4.933
delta,2023-06-25,S1 orb65_DES,S1_VH_dB,EVENT_REEDS,39.06,-16.432,-14.48,-12.916
delta,2023-06-25,S1 orb65_DES,S1_VV_minus_VH_dB,EVENT_REEDS,39.06,5.518,7.527,9.881
delta,2023-06-25,S1 orb65_DES,S1_VV_dB,DRY_LAND,1949.24,-12.527,-10.824,-9.192
delta,2023-06-25,S1 orb65_DES,S1_VH_dB,DRY_LAND,1949.24,-19.023,-17.109,-15.46
delta,2023-06-25,S1 orb65_DES,S1_VV_minus_VH_dB,DRY_LAND,1949.24,4.732,6.359,8.071
delta,2023-06-26,S1 orb87_ASC,S1_VV_dB,NW_REEDS,116.12,-9.832,-8.049,-6.248
delta,2023-06-26,S1 orb87_ASC,S1_VH_dB,NW_REEDS,116.12,-15.076,-13.762,-12.546
delta,2023-06-26,S1 orb87_ASC,S1_VV_minus_VH_dB,NW_REEDS,116.12,4.132,5.734,7.442
delta,2023-06-26,S1 orb87_ASC,S1_VV_dB,NW_TREES,13.07,-8.114,-6.662,-5.251
delta,2023-06-26,S1 orb87_ASC,S1_VH_dB,NW_TREES,13.07,-13.8,-12.406,-11.163
delta,2023-06-26,S1 orb87_ASC,S1_VV_minus_VH_dB,NW_TREES,13.07,4.336,5.785,7.318
delta,2023-06-26,S1 orb87_ASC,S1_VV_dB,HIGH_REEDS,13.79,-11.358,-9.862,-8.198
delta,2023-06-26,S1 orb87_ASC,S1_VH_dB,HIGH_REEDS,13.79,-16.59,-15.221,-13.805
delta,2023-06-26,S1 orb87_ASC,S1_VV_minus_VH_dB,HIGH_REEDS,13.79,3.99,5.377,6.841
delta,2023-06-26,S1 orb87_ASC,S1_VV_dB,OPEN_WATER,194.32,-21.43,-20.06,-18.241
delta,2023-06-26,S1 orb87_ASC,S1_VH_dB,OPEN_WATER,194.32,-24.566,-23.48,-22.191
delta,2023-06-26,S1 orb87_ASC,S1_VV_minus_VH_dB,OPEN_WATER,194.32,2.254,3.685,5.235
delta,2023-06-26,S1 orb87_ASC,S1_VV_dB,EVENT_REEDS,39.06,-8.706,-6.712,-4.683
delta,2023-06-26,S1 orb87_ASC,S1_VH_dB,EVENT_REEDS,39.06,-16.278,-14.183,-12.69
delta,2023-06-26,S1 orb87_ASC,S1_VV_minus_VH_dB,EVENT_REEDS,39.06,5.636,7.679,10.13
delta,2023-06-26,S1 orb87_ASC,S1_VV_dB,DRY_LAND,1949.24,-11.302,-9.837,-8.365
delta,2023-06-26,S1 orb87_ASC,S1_VH_dB,DRY_LAND,1949.24,-17.918,-16.241,-14.795
delta,2023-06-26,S1 orb87_ASC,S1_VV_minus_VH_dB,DRY_LAND,1949.24,5.033,6.554,8.145
delta,2023-06-30,S1 orb138_DES,S1_VV_dB,NW_REEDS,116.12,-9.353,-7.523,-5.726
delta,2023-06-30,S1 orb138_DES,S1_VH_dB,NW_REEDS,116.12,-16.045,-14.627,-13.362
delta,2023-06-30,S1 orb138_DES,S1_VV_minus_VH_dB,NW_REEDS,116.12,5.442,7.201,9.013
delta,2023-06-30,S1 orb138_DES,S1_VV_dB,NW_TREES,13.07,-8.55,-7.02,-5.545
delta,2023-06-30,S1 orb138_DES,S1_VH_dB,NW_TREES,13.07,-14.727,-13.199,-11.832
delta,2023-06-30,S1 orb138_DES,S1_VV_minus_VH_dB,NW_TREES,13.07,4.738,6.292,7.877
delta,2023-06-30,S1 orb138_DES,S1_VV_dB,HIGH_REEDS,13.79,-12.663,-10.762,-8.801
delta,2023-06-30,S1 orb138_DES,S1_VH_dB,HIGH_REEDS,13.79,-17.759,-16.189,-14.661
delta,2023-06-30,S1 orb138_DES,S1_VV_minus_VH_dB,HIGH_REEDS,13.79,3.879,5.393,7.011
delta,2023-06-30,S1 orb138_DES,S1_VV_dB,OPEN_WATER,194.32,-14.769,-13.531,-12.277
delta,2023-06-30,S1 orb138_DES,S1_VH_dB,OPEN_WATER,194.32,-23.148,-22.158,-21.081
delta,2023-06-30,S1 orb138_DES,S1_VV_minus_VH_dB,OPEN_WATER,194.32,6.887,8.485,10.019
delta,2023-06-30,S1 orb138_DES,S1_VV_dB,EVENT_REEDS,39.06,-9.08,-7.167,-5.325
delta,2023-06-30,S1 orb138_DES,S1_VH_dB,EVENT_REEDS,39.06,-16.421,-14.496,-13.012
delta,2023-06-30,S1 orb138_DES,S1_VV_minus_VH_dB,EVENT_REEDS,39.06,5.693,7.52,9.483
delta,2023-06-30,S1 orb138_DES,S1_VV_dB,DRY_LAND,1949.24,-11.917,-10.301,-8.715
delta,2023-06-30,S1 orb138_DES,S1_VH_dB,DRY_LAND,1949.24,-18.312,-16.626,-15.123
delta,2023-06-30,S1 orb138_DES,S1_VV_minus_VH_dB,DRY_LAND,1949.24,4.756,6.356,8.011
floodway,2022-02-13,S2,NDVI,NW_REEDS,96.94,0.3031,0.3275,0.3531
floodway,2022-02-13,S2,NDWI,NW_REEDS,96.94,-0.5537,-0.5277,-0.496
floodway,2022-02-13,S2,MNDWI,NW_REEDS,96.94,-0.669,-0.6349,-0.5917
floodway,2022-02-13,S2,NDMI,NW_REEDS,96.94,-0.2083,-0.1656,-0.115
floodway,2022-02-13,S2,BSI,NW_REEDS,96.94,0.1886,0.2269,0.2594
floodway,2022-02-13,S2,AWEIsh,NW_REEDS,96.94,-0.3553,-0.3073,-0.258
floodway,2022-02-13,S2,NDTI,NW_REEDS,96.94,0.2,0.2356,0.264
floodway,2022-02-13,S2,NDVI,NW_TREES,47.71,0.3936,0.4286,0.4596
floodway,2022-02-13,S2,NDWI,NW_TREES,47.71,-0.5679,-0.5402,-0.5109
floodway,2022-02-13,S2,MNDWI,NW_TREES,47.71,-0.6432,-0.6061,-0.5677
floodway,2022-02-13,S2,NDMI,NW_TREES,47.71,-0.1554,-0.0996,-0.0449
floodway,2022-02-13,S2,BSI,NW_TREES,47.71,0.1084,0.1518,0.1967
floodway,2022-02-13,S2,AWEIsh,NW_TREES,47.71,-0.3434,-0.3085,-0.2716
floodway,2022-02-13,S2,NDTI,NW_TREES,47.71,0.116,0.144,0.1746
floodway,2022-02-13,S2,NDVI,HIGH_REEDS,9.52,0.2764,0.3056,0.3322
floodway,2022-02-13,S2,NDWI,HIGH_REEDS,9.52,-0.5178,-0.4829,-0.4483
floodway,2022-02-13,S2,MNDWI,HIGH_REEDS,9.52,-0.694,-0.6569,-0.6061
floodway,2022-02-13,S2,NDMI,HIGH_REEDS,9.52,-0.3185,-0.2593,-0.1829
floodway,2022-02-13,S2,BSI,HIGH_REEDS,9.52,0.2337,0.2863,0.3275
floodway,2022-02-13,S2,AWEIsh,HIGH_REEDS,9.52,-0.4414,-0.4021,-0.3037
floodway,2022-02-13,S2,NDTI,HIGH_REEDS,9.52,0.1726,0.1995,0.2389
floodway,2022-02-13,S2,NDVI,OPEN_WATER,64.99,-0.65,-0.1959,0.2245
floodway,2022-02-13,S2,NDWI,OPEN_WATER,64.99,0.2784,0.6757,0.9737
floodway,2022-02-13,S2,MNDWI,OPEN_WATER,64.99,-0.1262,0.3028,0.5517
floodway,2022-02-13,S2,NDMI,OPEN_WATER,64.99,-0.7949,-0.4478,-0.1091
floodway,2022-02-13,S2,BSI,OPEN_WATER,64.99,0.1009,0.2987,0.545
floodway,2022-02-13,S2,AWEIsh,OPEN_WATER,64.99,-0.002,0.0112,0.0181
floodway,2022-02-13,S2,NDTI,OPEN_WATER,64.99,-0.568,-0.3784,-0.1966
floodway,2022-02-13,S2,NDVI,EVENT_REEDS,12.05,0.29,0.3225,0.3597
floodway,2022-02-13,S2,NDWI,EVENT_REEDS,12.05,-0.5385,-0.5057,-0.4632
floodway,2022-02-13,S2,MNDWI,EVENT_REEDS,12.05,-0.6719,-0.6368,-0.5963
floodway,2022-02-13,S2,NDMI,EVENT_REEDS,12.05,-0.2479,-0.1947,-0.1447
floodway,2022-02-13,S2,BSI,EVENT_REEDS,12.05,0.2033,0.2409,0.2799
floodway,2022-02-13,S2,AWEIsh,EVENT_REEDS,12.05,-0.4262,-0.3705,-0.3149
floodway,2022-02-13,S2,NDTI,EVENT_REEDS,12.05,0.1714,0.2057,0.2422
floodway,2022-02-13,S2,NDVI,DRY_LAND,1995.45,0.2416,0.2885,0.3695
floodway,2022-02-13,S2,NDWI,DRY_LAND,1995.45,-0.4913,-0.443,-0.4054
floodway,2022-02-13,S2,MNDWI,DRY_LAND,1995.45,-0.6552,-0.6156,-0.5776
floodway,2022-02-13,S2,NDMI,DRY_LAND,1995.45,-0.2987,-0.2404,-0.1673
floodway,2022-02-13,S2,BSI,DRY_LAND,1995.45,0.2042,0.2644,0.3135
floodway,2022-02-13,S2,AWEIsh,DRY_LAND,1995.45,-0.4537,-0.3878,-0.3327
floodway,2022-02-13,S2,NDTI,DRY_LAND,1995.45,0.125,0.1626,0.1916
floodway,2022-02-15,S2,NDVI,NW_REEDS,38.63,0.2383,0.2623,0.295
floodway,2022-02-15,S2,NDWI,NW_REEDS,38.63,-0.4357,-0.4051,-0.3716
floodway,2022-02-15,S2,MNDWI,NW_REEDS,38.63,-0.5661,-0.5332,-0.4813
floodway,2022-02-15,S2,NDMI,NW_REEDS,38.63,-0.1967,-0.158,-0.1088
floodway,2022-02-15,S2,BSI,NW_REEDS,38.63,0.1353,0.1734,0.2027
floodway,2022-02-15,S2,AWEIsh,NW_REEDS,38.63,-0.374,-0.3199,-0.2616
floodway,2022-02-15,S2,NDTI,NW_REEDS,38.63,0.1219,0.1494,0.1709
floodway,2022-02-15,S2,NDVI,NW_TREES,35.87,0.3484,0.3821,0.4119
floodway,2022-02-15,S2,NDWI,NW_TREES,35.87,-0.4765,-0.4507,-0.4205
floodway,2022-02-15,S2,MNDWI,NW_TREES,35.87,-0.5677,-0.5365,-0.4995
floodway,2022-02-15,S2,NDMI,NW_TREES,35.87,-0.1605,-0.1124,-0.0629
floodway,2022-02-15,S2,BSI,NW_TREES,35.87,0.0828,0.1201,0.1558
floodway,2022-02-15,S2,AWEIsh,NW_TREES,35.87,-0.3541,-0.3188,-0.2794
floodway,2022-02-15,S2,NDTI,NW_TREES,35.87,0.0584,0.0808,0.1032
floodway,2022-02-15,S2,NDVI,HIGH_REEDS,8.85,0.2302,0.2569,0.2872
floodway,2022-02-15,S2,NDWI,HIGH_REEDS,8.85,-0.4192,-0.3969,-0.3713
floodway,2022-02-15,S2,MNDWI,HIGH_REEDS,8.85,-0.642,-0.5873,-0.5336
floodway,2022-02-15,S2,NDMI,HIGH_REEDS,8.85,-0.3249,-0.2534,-0.1789
floodway,2022-02-15,S2,BSI,HIGH_REEDS,8.85,0.1946,0.2454,0.2943
floodway,2022-02-15,S2,AWEIsh,HIGH_REEDS,8.85,-0.4567,-0.4149,-0.3077
floodway,2022-02-15,S2,NDTI,HIGH_REEDS,8.85,0.13,0.1498,0.1696
floodway,2022-02-15,S2,NDVI,OPEN_WATER,45.99,-0.2778,-0.1676,0.0289
floodway,2022-02-15,S2,NDWI,OPEN_WATER,45.99,0.1117,0.4212,0.5333
floodway,2022-02-15,S2,MNDWI,OPEN_WATER,45.99,-0.0209,0.4596,0.602
floodway,2022-02-15,S2,NDMI,OPEN_WATER,45.99,-0.1111,0.0184,0.1335
floodway,2022-02-15,S2,BSI,OPEN_WATER,45.99,-0.2952,-0.1937,-0.0018
floodway,2022-02-15,S2,AWEIsh,OPEN_WATER,45.99,0.0126,0.0432,0.0529
floodway,2022-02-15,S2,NDTI,OPEN_WATER,45.99,-0.3141,-0.2485,-0.1103
floodway,2022-02-15,S2,NDVI,EVENT_REEDS,5.04,0.2289,0.2619,0.3011
floodway,2022-02-15,S2,NDWI,EVENT_REEDS,5.04,-0.4238,-0.3952,-0.3569
floodway,2022-02-15,S2,MNDWI,EVENT_REEDS,5.04,-0.5879,-0.5494,-0.4996
floodway,2022-02-15,S2,NDMI,EVENT_REEDS,5.04,-0.2601,-0.2034,-0.15
floodway,2022-02-15,S2,BSI,EVENT_REEDS,5.04,0.1635,0.2016,0.2374
floodway,2022-02-15,S2,AWEIsh,EVENT_REEDS,5.04,-0.4196,-0.3465,-0.2518
floodway,2022-02-15,S2,NDTI,EVENT_REEDS,5.04,0.1027,0.1342,0.16
floodway,2022-02-15,S2,NDVI,DRY_LAND,1599.67,0.1958,0.2286,0.2911
floodway,2022-02-15,S2,NDWI,DRY_LAND,1599.67,-0.3922,-0.3502,-0.3142
floodway,2022-02-15,S2,MNDWI,DRY_LAND,1599.67,-0.5876,-0.5541,-0.5091
floodway,2022-02-15,S2,NDMI,DRY_LAND,1599.67,-0.2939,-0.2461,-0.1838
floodway,2022-02-15,S2,BSI,DRY_LAND,1599.67,0.1791,0.2333,0.2679
floodway,2022-02-15,S2,AWEIsh,DRY_LAND,1599.67,-0.5015,-0.4277,-0.3573
floodway,2022-02-15,S2,NDTI,DRY_LAND,1599.67,0.0827,0.1171,0.1418
floodway,2022-02-23,S2,NDVI,NW_REEDS,86.29,0.2699,0.2922,0.3153
floodway,2022-02-23,S2,NDWI,NW_REEDS,86.29,-0.4971,-0.4737,-0.4451
floodway,2022-02-23,S2,MNDWI,NW_REEDS,86.29,-0.6427,-0.6111,-0.5694
floodway,2022-02-23,S2,NDMI,NW_REEDS,86.29,-0.2381,-0.1973,-0.1462
floodway,2022-02-23,S2,BSI,NW_REEDS,86.29,0.198,0.2364,0.2663
floodway,2022-02-23,S2,AWEIsh,NW_REEDS,86.29,-0.3574,-0.305,-0.2462
floodway,2022-02-23,S2,NDTI,NW_REEDS,86.29,0.172,0.2048,0.2297
floodway,2022-02-23,S2,NDVI,NW_TREES,31.93,0.3546,0.3888,0.4173
floodway,2022-02-23,S2,NDWI,NW_TREES,31.93,-0.5109,-0.4874,-0.4614
floodway,2022-02-23,S2,MNDWI,NW_TREES,31.93,-0.6168,-0.5857,-0.552
floodway,2022-02-23,S2,NDMI,NW_TREES,31.93,-0.1877,-0.1379,-0.0891
floodway,2022-02-23,S2,BSI,NW_TREES,31.93,0.1329,0.1707,0.2097
floodway,2022-02-23,S2,AWEIsh,NW_TREES,31.93,-0.339,-0.3031,-0.2652
floodway,2022-02-23,S2,NDTI,NW_TREES,31.93,0.0968,0.121,0.1466
floodway,2022-02-23,S2,NDVI,HIGH_REEDS,6.94,0.2428,0.271,0.2963
floodway,2022-02-23,S2,NDWI,HIGH_REEDS,6.94,-0.444,-0.4199,-0.3928
floodway,2022-02-23,S2,MNDWI,HIGH_REEDS,6.94,-0.668,-0.6375,-0.592
floodway,2022-02-23,S2,NDMI,HIGH_REEDS,6.94,-0.3368,-0.2986,-0.2402
floodway,2022-02-23,S2,BSI,HIGH_REEDS,6.94,0.2555,0.2974,0.3256
floodway,2022-02-23,S2,AWEIsh,HIGH_REEDS,6.94,-0.4497,-0.4158,-0.3419
floodway,2022-02-23,S2,NDTI,HIGH_REEDS,6.94,0.1443,0.1634,0.184
floodway,2022-02-23,S2,NDVI,OPEN_WATER,42.59,-0.2931,-0.1954,-0.061
floodway,2022-02-23,S2,NDWI,OPEN_WATER,42.59,0.2567,0.4089,0.5031
floodway,2022-02-23,S2,MNDWI,OPEN_WATER,42.59,0.0625,0.4253,0.5629
floodway,2022-02-23,S2,NDMI,OPEN_WATER,42.59,-0.1953,-0.026,0.1128
floodway,2022-02-23,S2,BSI,OPEN_WATER,42.59,-0.0892,0.0044,0.1465
floodway,2022-02-23,S2,AWEIsh,OPEN_WATER,42.59,0.0111,0.024,0.0294
floodway,2022-02-23,S2,NDTI,OPEN_WATER,42.59,-0.2721,-0.2151,-0.1409
floodway,2022-02-23,S2,NDVI,EVENT_REEDS,9.66,0.258,0.2898,0.3259
floodway,2022-02-23,S2,NDWI,EVENT_REEDS,9.66,-0.484,-0.453,-0.415
floodway,2022-02-23,S2,MNDWI,EVENT_REEDS,9.66,-0.6451,-0.6161,-0.5801
floodway,2022-02-23,S2,NDMI,EVENT_REEDS,9.66,-0.2697,-0.2244,-0.1784
floodway,2022-02-23,S2,BSI,EVENT_REEDS,9.66,0.2163,0.2502,0.2822
floodway,2022-02-23,S2,AWEIsh,EVENT_REEDS,9.66,-0.4445,-0.3813,-0.3165
floodway,2022-02-23,S2,NDTI,EVENT_REEDS,9.66,0.1479,0.1768,0.2059
floodway,2022-02-23,S2,NDVI,DRY_LAND,1855.55,0.204,0.2487,0.3266
floodway,2022-02-23,S2,NDWI,DRY_LAND,1855.55,-0.4375,-0.3875,-0.3553
floodway,2022-02-23,S2,MNDWI,DRY_LAND,1855.55,-0.6338,-0.6031,-0.5704
floodway,2022-02-23,S2,NDMI,DRY_LAND,1855.55,-0.3218,-0.2676,-0.1986
floodway,2022-02-23,S2,BSI,DRY_LAND,1855.55,0.2209,0.2737,0.3175
floodway,2022-02-23,S2,AWEIsh,DRY_LAND,1855.55,-0.5127,-0.453,-0.3972
floodway,2022-02-23,S2,NDTI,DRY_LAND,1855.55,0.1125,0.144,0.1682
floodway,2022-02-28,S2,NDVI,NW_REEDS,37.23,0.15,0.1973,0.2439
floodway,2022-02-28,S2,NDWI,NW_REEDS,37.23,-0.3606,-0.2759,-0.206
floodway,2022-02-28,S2,MNDWI,NW_REEDS,37.23,-0.4878,-0.3887,-0.3087
floodway,2022-02-28,S2,NDMI,NW_REEDS,37.23,-0.1672,-0.1286,-0.0921
floodway,2022-02-28,S2,BSI,NW_REEDS,37.23,0.0829,0.1216,0.1649
floodway,2022-02-28,S2,AWEIsh,NW_REEDS,37.23,-0.3511,-0.2872,-0.22
floodway,2022-02-28,S2,NDTI,NW_REEDS,37.23,0.0528,0.0869,0.13
floodway,2022-02-28,S2,NDVI,NW_TREES,12.81,0.169,0.2128,0.2596
floodway,2022-02-28,S2,NDWI,NW_TREES,12.81,-0.311,-0.2579,-0.2083
floodway,2022-02-28,S2,MNDWI,NW_TREES,12.81,-0.4008,-0.3478,-0.2934
floodway,2022-02-28,S2,NDMI,NW_TREES,12.81,-0.1221,-0.0948,-0.0684
floodway,2022-02-28,S2,BSI,NW_TREES,12.81,0.0595,0.0835,0.108
floodway,2022-02-28,S2,AWEIsh,NW_TREES,12.81,-0.3085,-0.2576,-0.2047
floodway,2022-02-28,S2,NDTI,NW_TREES,12.81,0.0308,0.048,0.0674
floodway,2022-02-28,S2,NDVI,HIGH_REEDS,4.41,0.1341,0.1729,0.2112
floodway,2022-02-28,S2,NDWI,HIGH_REEDS,4.41,-0.2854,-0.2268,-0.1748
floodway,2022-02-28,S2,MNDWI,HIGH_REEDS,4.41,-0.442,-0.3486,-0.2538
floodway,2022-02-28,S2,NDMI,HIGH_REEDS,4.41,-0.1867,-0.1292,-0.0811
floodway,2022-02-28,S2,BSI,HIGH_REEDS,4.41,0.0651,0.1112,0.1613
floodway,2022-02-28,S2,AWEIsh,HIGH_REEDS,4.41,-0.4175,-0.3151,-0.2001
floodway,2022-02-28,S2,NDTI,HIGH_REEDS,4.41,0.0365,0.0575,0.0823
floodway,2022-02-28,S2,NDVI,OPEN_WATER,20.74,0.006,0.0636,0.1082
floodway,2022-02-28,S2,NDWI,OPEN_WATER,20.74,-0.105,-0.0538,0.0692
floodway,2022-02-28,S2,MNDWI,OPEN_WATER,20.74,-0.2173,-0.1257,0.0395
floodway,2022-02-28,S2,NDMI,OPEN_WATER,20.74,-0.1312,-0.0684,-0.0096
floodway,2022-02-28,S2,BSI,OPEN_WATER,20.74,-0.0429,0.0208,0.0714
floodway,2022-02-28,S2,AWEIsh,OPEN_WATER,20.74,-0.0978,-0.0321,0.0246
floodway,2022-02-28,S2,NDTI,OPEN_WATER,20.74,-0.0837,-0.0283,0.012
floodway,2022-02-28,S2,NDVI,EVENT_REEDS,4.72,0.1611,0.2078,0.2495
floodway,2022-02-28,S2,NDWI,EVENT_REEDS,4.72,-0.366,-0.2934,-0.2235
floodway,2022-02-28,S2,MNDWI,EVENT_REEDS,4.72,-0.5104,-0.4117,-0.3247
floodway,2022-02-28,S2,NDMI,EVENT_REEDS,4.72,-0.1834,-0.1362,-0.0937
floodway,2022-02-28,S2,BSI,EVENT_REEDS,4.72,0.0897,0.1308,0.1802
floodway,2022-02-28,S2,AWEIsh,EVENT_REEDS,4.72,-0.4635,-0.318,-0.2284
floodway,2022-02-28,S2,NDTI,EVENT_REEDS,4.72,0.0579,0.0887,0.1243
floodway,2022-02-28,S2,NDVI,DRY_LAND,866.85,0.1411,0.1878,0.2607
floodway,2022-02-28,S2,NDWI,DRY_LAND,866.85,-0.3481,-0.268,-0.1972
floodway,2022-02-28,S2,MNDWI,DRY_LAND,866.85,-0.53,-0.4145,-0.2943
floodway,2022-02-28,S2,NDMI,DRY_LAND,866.85,-0.2179,-0.1444,-0.0779
floodway,2022-02-28,S2,BSI,DRY_LAND,866.85,0.0747,0.1329,0.2012
floodway,2022-02-28,S2,AWEIsh,DRY_LAND,866.85,-0.4958,-0.3969,-0.2796
floodway,2022-02-28,S2,NDTI,DRY_LAND,866.85,0.0392,0.0673,0.1029
floodway,2022-03-15,S2,NDVI,NW_REEDS,24.88,0.2331,0.2591,0.2836
floodway,2022-03-15,S2,NDWI,NW_REEDS,24.88,-0.4216,-0.3973,-0.3596
floodway,2022-03-15,S2,MNDWI,NW_REEDS,24.88,-0.5876,-0.5518,-0.4787
floodway,2022-03-15,S2,NDMI,NW_REEDS,24.88,-0.2361,-0.1934,-0.1296
floodway,2022-03-15,S2,BSI,NW_REEDS,24.88,0.1577,0.2094,0.2422
floodway,2022-03-15,S2,AWEIsh,NW_REEDS,24.88,-0.3608,-0.295,-0.2233
floodway,2022-03-15,S2,NDTI,NW_REEDS,24.88,0.115,0.1425,0.1649
floodway,2022-03-15,S2,NDVI,NW_TREES,25.08,0.3271,0.358,0.3865
floodway,2022-03-15,S2,NDWI,NW_TREES,25.08,-0.4578,-0.436,-0.4125
floodway,2022-03-15,S2,MNDWI,NW_TREES,25.08,-0.5805,-0.5537,-0.5231
floodway,2022-03-15,S2,NDMI,NW_TREES,25.08,-0.1958,-0.1527,-0.109
floodway,2022-03-15,S2,BSI,NW_TREES,25.08,0.1331,0.1665,0.1995
floodway,2022-03-15,S2,AWEIsh,NW_TREES,25.08,-0.3628,-0.3308,-0.2971
floodway,2022-03-15,S2,NDTI,NW_TREES,25.08,0.0714,0.091,0.1107
floodway,2022-03-15,S2,NDVI,HIGH_REEDS,3.5,0.2169,0.2446,0.2683
floodway,2022-03-15,S2,NDWI,HIGH_REEDS,3.5,-0.4068,-0.3806,-0.3473
floodway,2022-03-15,S2,MNDWI,HIGH_REEDS,3.5,-0.6033,-0.5414,-0.4368
floodway,2022-03-15,S2,NDMI,HIGH_REEDS,3.5,-0.287,-0.2153,-0.111
floodway,2022-03-15,S2,BSI,HIGH_REEDS,3.5,0.1446,0.2196,0.2736
floodway,2022-03-15,S2,AWEIsh,HIGH_REEDS,3.5,-0.425,-0.3103,-0.1584
floodway,2022-03-15,S2,NDTI,HIGH_REEDS,3.5,0.1228,0.146,0.1642
floodway,2022-03-15,S2,NDVI,OPEN_WATER,37.45,-0.2462,-0.1778,-0.0643
floodway,2022-03-15,S2,NDWI,OPEN_WATER,37.45,0.2393,0.4048,0.4754
floodway,2022-03-15,S2,MNDWI,OPEN_WATER,37.45,0.0775,0.482,0.5985
floodway,2022-03-15,S2,NDMI,OPEN_WATER,37.45,-0.133,0.0484,0.1862
floodway,2022-03-15,S2,BSI,OPEN_WATER,37.45,-0.1702,-0.1005,0.0595
floodway,2022-03-15,S2,AWEIsh,OPEN_WATER,37.45,0.0226,0.0442,0.0528
floodway,2022-03-15,S2,NDTI,OPEN_WATER,37.45,-0.2771,-0.2324,-0.1086
floodway,2022-03-15,S2,NDVI,EVENT_REEDS,4.38,0.2167,0.2507,0.2826
floodway,2022-03-15,S2,NDWI,EVENT_REEDS,4.38,-0.4123,-0.3848,-0.3485
floodway,2022-03-15,S2,MNDWI,EVENT_REEDS,4.38,-0.6074,-0.5681,-0.5134
floodway,2022-03-15,S2,NDMI,EVENT_REEDS,4.38,-0.2872,-0.2331,-0.1694
floodway,2022-03-15,S2,BSI,EVENT_REEDS,4.38,0.1914,0.2372,0.2764
floodway,2022-03-15,S2,AWEIsh,EVENT_REEDS,4.38,-0.4223,-0.3537,-0.2646
floodway,2022-03-15,S2,NDTI,EVENT_REEDS,4.38,0.1145,0.1396,0.1609
floodway,2022-03-15,S2,NDVI,DRY_LAND,1304.81,0.1869,0.2224,0.2895
floodway,2022-03-15,S2,NDWI,DRY_LAND,1304.81,-0.3939,-0.3466,-0.3223
floodway,2022-03-15,S2,MNDWI,DRY_LAND,1304.81,-0.5921,-0.5662,-0.5422
floodway,2022-03-15,S2,NDMI,DRY_LAND,1304.81,-0.3039,-0.2636,-0.2115
floodway,2022-03-15,S2,BSI,DRY_LAND,1304.81,0.2201,0.2613,0.2902
floodway,2022-03-15,S2,AWEIsh,DRY_LAND,1304.81,-0.5092,-0.4562,-0.4064
floodway,2022-03-15,S2,NDTI,DRY_LAND,1304.81,0.1061,0.1296,0.1472
floodway,2022-03-22,S2,NDVI,NW_REEDS,24.66,0.2203,0.2413,0.2653
floodway,2022-03-22,S2,NDWI,NW_REEDS,24.66,-0.3972,-0.3758,-0.3459
floodway,2022-03-22,S2,MNDWI,NW_REEDS,24.66,-0.555,-0.5253,-0.4669
floodway,2022-03-22,S2,NDMI,NW_REEDS,24.66,-0.2235,-0.1861,-0.1369
floodway,2022-03-22,S2,BSI,NW_REEDS,24.66,0.1625,0.2007,0.2267
floodway,2022-03-22,S2,AWEIsh,NW_REEDS,24.66,-0.4026,-0.3376,-0.2383
floodway,2022-03-22,S2,NDTI,NW_REEDS,24.66,0.1084,0.1364,0.1567
floodway,2022-03-22,S2,NDVI,NW_TREES,24.79,0.3284,0.3569,0.3834
floodway,2022-03-22,S2,NDWI,NW_TREES,24.79,-0.4522,-0.4318,-0.4105
floodway,2022-03-22,S2,MNDWI,NW_TREES,24.79,-0.5709,-0.5459,-0.5179
floodway,2022-03-22,S2,NDMI,NW_TREES,24.79,-0.186,-0.147,-0.1077
floodway,2022-03-22,S2,BSI,NW_TREES,24.79,0.1312,0.1612,0.1908
floodway,2022-03-22,S2,AWEIsh,NW_TREES,24.79,-0.4043,-0.3732,-0.3417
floodway,2022-03-22,S2,NDTI,NW_TREES,24.79,0.0704,0.0882,0.1067
floodway,2022-03-22,S2,NDVI,HIGH_REEDS,1.47,0.2083,0.2343,0.2625
floodway,2022-03-22,S2,NDWI,HIGH_REEDS,1.47,-0.3943,-0.3659,-0.3306
floodway,2022-03-22,S2,MNDWI,HIGH_REEDS,1.47,-0.6205,-0.5364,-0.4521
floodway,2022-03-22,S2,NDMI,HIGH_REEDS,1.47,-0.3043,-0.2301,-0.1538
floodway,2022-03-22,S2,BSI,HIGH_REEDS,1.47,0.1664,0.2235,0.2865
floodway,2022-03-22,S2,AWEIsh,HIGH_REEDS,1.47,-0.4936,-0.4449,-0.2583
floodway,2022-03-22,S2,NDTI,HIGH_REEDS,1.47,0.1155,0.1411,0.158
floodway,2022-03-22,S2,NDVI,OPEN_WATER,31.62,-0.2062,-0.1429,-0.0466
floodway,2022-03-22,S2,NDWI,OPEN_WATER,31.62,0.271,0.391,0.4545
floodway,2022-03-22,S2,MNDWI,OPEN_WATER,31.62,0.1139,0.3896,0.4915
floodway,2022-03-22,S2,NDMI,OPEN_WATER,31.62,-0.1446,-0.0263,0.0704
floodway,2022-03-22,S2,BSI,OPEN_WATER,31.62,-0.1392,-0.0808,0.0334
floodway,2022-03-22,S2,AWEIsh,OPEN_WATER,31.62,0.0272,0.0426,0.0512
floodway,2022-03-22,S2,NDTI,OPEN_WATER,31.62,-0.2901,-0.2529,-0.1958
floodway,2022-03-22,S2,NDVI,EVENT_REEDS,3.25,0.2025,0.2443,0.2784
floodway,2022-03-22,S2,NDWI,EVENT_REEDS,3.25,-0.3976,-0.3712,-0.3216
floodway,2022-03-22,S2,MNDWI,EVENT_REEDS,3.25,-0.5662,-0.5264,-0.4516
floodway,2022-03-22,S2,NDMI,EVENT_REEDS,3.25,-0.2424,-0.1935,-0.1234
floodway,2022-03-22,S2,BSI,EVENT_REEDS,3.25,0.1512,0.2038,0.2364
floodway,2022-03-22,S2,AWEIsh,EVENT_REEDS,3.25,-0.4697,-0.3869,-0.2468
floodway,2022-03-22,S2,NDTI,EVENT_REEDS,3.25,0.0956,0.1265,0.1474
floodway,2022-03-22,S2,NDVI,DRY_LAND,1038.96,0.1826,0.219,0.2843
floodway,2022-03-22,S2,NDWI,DRY_LAND,1038.96,-0.3885,-0.3404,-0.315
floodway,2022-03-22,S2,MNDWI,DRY_LAND,1038.96,-0.5818,-0.5562,-0.5313
floodway,2022-03-22,S2,NDMI,DRY_LAND,1038.96,-0.2948,-0.2556,-0.2051
floodway,2022-03-22,S2,BSI,DRY_LAND,1038.96,0.2125,0.2528,0.2816
floodway,2022-03-22,S2,AWEIsh,DRY_LAND,1038.96,-0.561,-0.5038,-0.4534
floodway,2022-03-22,S2,NDTI,DRY_LAND,1038.96,0.1062,0.1282,0.144
floodway,2022-04-06,S2,NDVI,NW_REEDS,24.7,0.2167,0.2378,0.2635
floodway,2022-04-06,S2,NDWI,NW_REEDS,24.7,-0.3917,-0.3669,-0.3325
floodway,2022-04-06,S2,MNDWI,NW_REEDS,24.7,-0.5152,-0.4762,-0.4082
floodway,2022-04-06,S2,NDMI,NW_REEDS,24.7,-0.1779,-0.1295,-0.0694
floodway,2022-04-06,S2,BSI,NW_REEDS,24.7,0.1011,0.1484,0.1832
floodway,2022-04-06,S2,AWEIsh,NW_REEDS,24.7,-0.3398,-0.2701,-0.1887
floodway,2022-04-06,S2,NDTI,NW_REEDS,24.7,0.098,0.1286,0.1505
floodway,2022-04-06,S2,NDVI,NW_TREES,24.96,0.3392,0.3758,0.411
floodway,2022-04-06,S2,NDWI,NW_TREES,24.96,-0.4623,-0.4392,-0.4139
floodway,2022-04-06,S2,MNDWI,NW_TREES,24.96,-0.5504,-0.5182,-0.4818
floodway,2022-04-06,S2,NDMI,NW_TREES,24.96,-0.1474,-0.1006,-0.0541
floodway,2022-04-06,S2,BSI,NW_TREES,24.96,0.0802,0.1156,0.1516
floodway,2022-04-06,S2,AWEIsh,NW_TREES,24.96,-0.4067,-0.3621,-0.3009
floodway,2022-04-06,S2,NDTI,NW_TREES,24.96,0.0507,0.0738,0.0967
floodway,2022-04-06,S2,NDVI,HIGH_REEDS,3.55,0.2198,0.2408,0.2669
floodway,2022-04-06,S2,NDWI,HIGH_REEDS,3.55,-0.3926,-0.3696,-0.3438
floodway,2022-04-06,S2,MNDWI,HIGH_REEDS,3.55,-0.5747,-0.5242,-0.438
floodway,2022-04-06,S2,NDMI,HIGH_REEDS,3.55,-0.2591,-0.1949,-0.0978
floodway,2022-04-06,S2,BSI,HIGH_REEDS,3.55,0.1326,0.1992,0.2393
floodway,2022-04-06,S2,AWEIsh,HIGH_REEDS,3.55,-0.4879,-0.3723,-0.2324
floodway,2022-04-06,S2,NDTI,HIGH_REEDS,3.55,0.1157,0.1363,0.1517
floodway,2022-04-06,S2,NDVI,OPEN_WATER,37.45,-0.2704,-0.2098,-0.0671
floodway,2022-04-06,S2,NDWI,OPEN_WATER,37.45,0.2742,0.4542,0.5101
floodway,2022-04-06,S2,MNDWI,OPEN_WATER,37.45,0.0948,0.5375,0.6449
floodway,2022-04-06,S2,NDMI,OPEN_WATER,37.45,-0.0924,0.0955,0.2061
floodway,2022-04-06,S2,BSI,OPEN_WATER,37.45,-0.2463,-0.1618,0.0076
floodway,2022-04-06,S2,AWEIsh,OPEN_WATER,37.45,0.0336,0.061,0.0687
floodway,2022-04-06,S2,NDTI,OPEN_WATER,37.45,-0.2921,-0.2594,-0.1529
floodway,2022-04-06,S2,NDVI,EVENT_REEDS,4.38,0.2008,0.2434,0.2785
floodway,2022-04-06,S2,NDWI,EVENT_REEDS,4.38,-0.3961,-0.3689,-0.3041
floodway,2022-04-06,S2,MNDWI,EVENT_REEDS,4.38,-0.5641,-0.5166,-0.3976
floodway,2022-04-06,S2,NDMI,EVENT_REEDS,4.38,-0.2348,-0.1748,-0.0734
floodway,2022-04-06,S2,BSI,EVENT_REEDS,4.38,0.0991,0.1831,0.2249
floodway,2022-04-06,S2,AWEIsh,EVENT_REEDS,4.38,-0.4763,-0.3565,-0.1714
floodway,2022-04-06,S2,NDTI,EVENT_REEDS,4.38,0.075,0.1198,0.1449
floodway,2022-04-06,S2,NDVI,DRY_LAND,1304.76,0.1873,0.2367,0.3541
floodway,2022-04-06,S2,NDWI,DRY_LAND,1304.76,-0.4273,-0.3536,-0.3199
floodway,2022-04-06,S2,MNDWI,DRY_LAND,1304.76,-0.5807,-0.5551,-0.5288
floodway,2022-04-06,S2,NDMI,DRY_LAND,1304.76,-0.2902,-0.2374,-0.1536
floodway,2022-04-06,S2,BSI,DRY_LAND,1304.76,0.168,0.2344,0.2733
floodway,2022-04-06,S2,AWEIsh,DRY_LAND,1304.76,-0.5971,-0.542,-0.4991
floodway,2022-04-06,S2,NDTI,DRY_LAND,1304.76,0.0807,0.1212,0.1419
floodway,2022-04-26,S2,NDVI,NW_REEDS,24.88,0.244,0.2773,0.3446
floodway,2022-04-26,S2,NDWI,NW_REEDS,24.88,-0.4142,-0.3789,-0.3438
floodway,2022-04-26,S2,MNDWI,NW_REEDS,24.88,-0.5168,-0.4814,-0.4179
floodway,2022-04-26,S2,NDMI,NW_REEDS,24.88,-0.1675,-0.1135,-0.0399
floodway,2022-04-26,S2,BSI,NW_REEDS,24.88,0.0733,0.1323,0.1742
floodway,2022-04-26,S2,AWEIsh,NW_REEDS,24.88,-0.3882,-0.3071,-0.2185
floodway,2022-04-26,S2,NDTI,NW_REEDS,24.88,0.0475,0.0957,0.1197
floodway,2022-04-26,S2,NDVI,NW_TREES,25.08,0.451,0.5343,0.6068
floodway,2022-04-26,S2,NDWI,NW_TREES,25.08,-0.5225,-0.4841,-0.4462
floodway,2022-04-26,S2,MNDWI,NW_TREES,25.08,-0.5023,-0.4668,-0.4286
floodway,2022-04-26,S2,NDMI,NW_TREES,25.08,-0.0497,0.0245,0.0973
floodway,2022-04-26,S2,BSI,NW_TREES,25.08,-0.0591,0.007,0.0712
floodway,2022-04-26,S2,AWEIsh,NW_TREES,25.08,-0.4468,-0.4017,-0.349
floodway,2022-04-26,S2,NDTI,NW_TREES,25.08,-0.1314,-0.0677,-0.003
floodway,2022-04-26,S2,NDVI,HIGH_REEDS,3.55,0.2675,0.3164,0.3888
floodway,2022-04-26,S2,NDWI,HIGH_REEDS,3.55,-0.4424,-0.4013,-0.3669
floodway,2022-04-26,S2,MNDWI,HIGH_REEDS,3.55,-0.5513,-0.5076,-0.4065
floodway,2022-04-26,S2,NDMI,HIGH_REEDS,3.55,-0.1948,-0.1,-0.0011
floodway,2022-04-26,S2,BSI,HIGH_REEDS,3.55,0.0519,0.124,0.1961
floodway,2022-04-26,S2,AWEIsh,HIGH_REEDS,3.55,-0.5048,-0.4018,-0.201
floodway,2022-04-26,S2,NDTI,HIGH_REEDS,3.55,0.0491,0.0897,0.1153
floodway,2022-04-26,S2,NDVI,OPEN_WATER,37.45,-0.1968,-0.123,0.0659
floodway,2022-04-26,S2,NDWI,OPEN_WATER,37.45,0.1701,0.355,0.4261
floodway,2022-04-26,S2,MNDWI,OPEN_WATER,37.45,0.0198,0.3928,0.5016
floodway,2022-04-26,S2,NDMI,OPEN_WATER,37.45,-0.0678,0.0374,0.1057
floodway,2022-04-26,S2,BSI,OPEN_WATER,37.45,-0.1786,-0.1115,0.0113
floodway,2022-04-26,S2,AWEIsh,OPEN_WATER,37.45,0.0179,0.049,0.0573
floodway,2022-04-26,S2,NDTI,OPEN_WATER,37.45,-0.2621,-0.2339,-0.1588
floodway,2022-04-26,S2,NDVI,EVENT_REEDS,4.38,0.2111,0.291,0.3735
floodway,2022-04-26,S2,NDWI,EVENT_REEDS,4.38,-0.4211,-0.3782,-0.2737
floodway,2022-04-26,S2,MNDWI,EVENT_REEDS,4.38,-0.5267,-0.4755,-0.2795
floodway,2022-04-26,S2,NDMI,EVENT_REEDS,4.38,-0.1586,-0.0861,0.031
floodway,2022-04-26,S2,BSI,EVENT_REEDS,4.38,0.0054,0.106,0.1657
floodway,2022-04-26,S2,AWEIsh,EVENT_REEDS,4.38,-0.452,-0.3367,-0.1066
floodway,2022-04-26,S2,NDTI,EVENT_REEDS,4.38,-0.0256,0.0506,0.099
floodway,2022-04-26,S2,NDVI,DRY_LAND,1304.32,0.1797,0.2949,0.5321
floodway,2022-04-26,S2,NDWI,DRY_LAND,1304.32,-0.5181,-0.3725,-0.2996
floodway,2022-04-26,S2,MNDWI,DRY_LAND,1304.32,-0.5438,-0.5198,-0.4933
floodway,2022-04-26,S2,NDMI,DRY_LAND,1304.32,-0.2492,-0.1751,-0.0078
floodway,2022-04-26,S2,BSI,DRY_LAND,1304.32,0.0382,0.1876,0.2443
floodway,2022-04-26,S2,AWEIsh,DRY_LAND,1304.32,-0.6391,-0.5952,-0.5567
floodway,2022-04-26,S2,NDTI,DRY_LAND,1304.32,-0.0198,0.0837,0.1195
floodway,2022-05-06,S2,NDVI,OPEN_WATER,1.74,0.1891,0.2071,0.26
floodway,2022-05-06,S2,NDWI,OPEN_WATER,1.74,-0.3405,-0.3076,-0.2921
floodway,2022-05-06,S2,MNDWI,OPEN_WATER,1.74,-0.5361,-0.5225,-0.5091
floodway,2022-05-06,S2,NDMI,OPEN_WATER,1.74,-0.2798,-0.2567,-0.2172
floodway,2022-05-06,S2,BSI,OPEN_WATER,1.74,0.2116,0.2391,0.2531
floodway,2022-05-06,S2,AWEIsh,OPEN_WATER,1.74,-0.6045,-0.5869,-0.5669
floodway,2022-05-06,S2,NDTI,OPEN_WATER,1.74,0.0814,0.1002,0.1133
floodway,2022-05-06,S2,NDVI,DRY_LAND,402.94,0.2189,0.4423,0.702
floodway,2022-05-06,S2,NDWI,DRY_LAND,402.94,-0.6224,-0.4579,-0.3223
floodway,2022-05-06,S2,MNDWI,DRY_LAND,402.94,-0.5294,-0.5096,-0.488
floodway,2022-05-06,S2,NDMI,DRY_LAND,402.94,-0.2331,-0.0616,0.1984
floodway,2022-05-06,S2,BSI,DRY_LAND,402.94,-0.156,0.085,0.2282
floodway,2022-05-06,S2,AWEIsh,DRY_LAND,402.94,-0.6698,-0.6122,-0.5738
floodway,2022-05-06,S2,NDTI,DRY_LAND,402.94,-0.1383,0.0244,0.1068
floodway,2022-05-09,S2,NDVI,NW_REEDS,24.88,0.2957,0.3654,0.4859
floodway,2022-05-09,S2,NDWI,NW_REEDS,24.88,-0.4798,-0.4078,-0.3526
floodway,2022-05-09,S2,MNDWI,NW_REEDS,24.88,-0.4492,-0.3975,-0.3099
floodway,2022-05-09,S2,NDMI,NW_REEDS,24.88,-0.0424,0.0347,0.1465
floodway,2022-05-09,S2,BSI,NW_REEDS,24.88,-0.0841,0.0096,0.069
floodway,2022-05-09,S2,AWEIsh,NW_REEDS,24.88,-0.3362,-0.2361,-0.1612
floodway,2022-05-09,S2,NDTI,NW_REEDS,24.88,-0.0534,0.034,0.0718
floodway,2022-05-09,S2,NDVI,NW_TREES,25.08,0.6725,0.758,0.8051
floodway,2022-05-09,S2,NDWI,NW_TREES,25.08,-0.6615,-0.6211,-0.5644
floodway,2022-05-09,S2,MNDWI,NW_TREES,25.08,-0.4261,-0.3922,-0.3574
floodway,2022-05-09,S2,NDMI,NW_TREES,25.08,0.2184,0.3043,0.3634
floodway,2022-05-09,S2,BSI,NW_TREES,25.08,-0.319,-0.2589,-0.1722
floodway,2022-05-09,S2,AWEIsh,NW_TREES,25.08,-0.5165,-0.4538,-0.3659
floodway,2022-05-09,S2,NDTI,NW_TREES,25.08,-0.3143,-0.258,-0.1664
floodway,2022-05-09,S2,NDVI,HIGH_REEDS,3.55,0.3676,0.4692,0.5763
floodway,2022-05-09,S2,NDWI,HIGH_REEDS,3.55,-0.5383,-0.48,-0.4244
floodway,2022-05-09,S2,MNDWI,HIGH_REEDS,3.55,-0.5278,-0.4746,-0.386
floodway,2022-05-09,S2,NDMI,HIGH_REEDS,3.55,-0.1034,0.0407,0.1598
floodway,2022-05-09,S2,BSI,HIGH_REEDS,3.55,-0.103,0.0027,0.1199
floodway,2022-05-09,S2,AWEIsh,HIGH_REEDS,3.55,-0.5016,-0.4062,-0.234
floodway,2022-05-09,S2,NDTI,HIGH_REEDS,3.55,-0.0667,0.009,0.067
floodway,2022-05-09,S2,NDVI,OPEN_WATER,36.34,-0.0653,-0.0237,0.0941
floodway,2022-05-09,S2,NDWI,OPEN_WATER,36.34,0.1125,0.192,0.2446
floodway,2022-05-09,S2,MNDWI,OPEN_WATER,36.34,0.2,0.3522,0.4291
floodway,2022-05-09,S2,NDMI,OPEN_WATER,36.34,0.0857,0.1688,0.2182
floodway,2022-05-09,S2,BSI,OPEN_WATER,36.34,-0.1797,-0.1512,-0.0983
floodway,2022-05-09,S2,AWEIsh,OPEN_WATER,36.34,0.0369,0.0596,0.069
floodway,2022-05-09,S2,NDTI,OPEN_WATER,36.34,-0.2053,-0.1729,-0.1444
floodway,2022-05-09,S2,NDVI,EVENT_REEDS,4.38,0.2551,0.3813,0.5172
floodway,2022-05-09,S2,NDWI,EVENT_REEDS,4.38,-0.5005,-0.4236,-0.3096
floodway,2022-05-09,S2,MNDWI,EVENT_REEDS,4.38,-0.5074,-0.4529,-0.236
floodway,2022-05-09,S2,NDMI,EVENT_REEDS,4.38,-0.071,0.0486,0.1768
floodway,2022-05-09,S2,BSI,EVENT_REEDS,4.38,-0.1101,-0.0122,0.091
floodway,2022-05-09,S2,AWEIsh,EVENT_REEDS,4.38,-0.4681,-0.3345,-0.1049
floodway,2022-05-09,S2,NDTI,EVENT_REEDS,4.38,-0.0995,-0.0133,0.0534
floodway,2022-05-09,S2,NDVI,DRY_LAND,1046.99,0.2073,0.3605,0.6126
floodway,2022-05-09,S2,NDWI,DRY_LAND,1046.99,-0.5713,-0.4197,-0.3209
floodway,2022-05-09,S2,MNDWI,DRY_LAND,1046.99,-0.5275,-0.5008,-0.4722
floodway,2022-05-09,S2,NDMI,DRY_LAND,1046.99,-0.2144,-0.1085,0.1268
floodway,2022-05-09,S2,BSI,DRY_LAND,1046.99,-0.0796,0.1372,0.2185
floodway,2022-05-09,S2,AWEIsh,DRY_LAND,1046.99,-0.6248,-0.5753,-0.5312
floodway,2022-05-09,S2,NDTI,DRY_LAND,1046.99,-0.0651,0.0659,0.116
floodway,2022-05-31,S2,NDVI,NW_REEDS,24.88,0.6041,0.6908,0.7676
floodway,2022-05-31,S2,NDWI,NW_REEDS,24.88,-0.6506,-0.6013,-0.5487
floodway,2022-05-31,S2,MNDWI,NW_REEDS,24.88,-0.4657,-0.4326,-0.3939
floodway,2022-05-31,S2,NDMI,NW_REEDS,24.88,0.1606,0.2382,0.3167
floodway,2022-05-31,S2,BSI,NW_REEDS,24.88,-0.2576,-0.1751,-0.0948
floodway,2022-05-31,S2,AWEIsh,NW_REEDS,24.88,-0.4843,-0.3902,-0.3007
floodway,2022-05-31,S2,NDTI,NW_REEDS,24.88,-0.2456,-0.1578,-0.0785
floodway,2022-05-31,S2,NDVI,NW_TREES,25.08,0.831,0.8787,0.9007
floodway,2022-05-31,S2,NDWI,NW_TREES,25.08,-0.7812,-0.7559,-0.712
floodway,2022-05-31,S2,MNDWI,NW_TREES,25.08,-0.5213,-0.4824,-0.4412
floodway,2022-05-31,S2,NDMI,NW_TREES,25.08,0.3696,0.4294,0.4643
floodway,2022-05-31,S2,BSI,NW_TREES,25.08,-0.4268,-0.3894,-0.3214
floodway,2022-05-31,S2,AWEIsh,NW_TREES,25.08,-0.786,-0.7057,-0.5856
floodway,2022-05-31,S2,NDTI,NW_TREES,25.08,-0.4146,-0.3524,-0.2772
floodway,2022-05-31,S2,NDVI,HIGH_REEDS,3.55,0.5976,0.7356,0.8141
floodway,2022-05-31,S2,NDWI,HIGH_REEDS,3.55,-0.6997,-0.6525,-0.569
floodway,2022-05-31,S2,MNDWI,HIGH_REEDS,3.55,-0.5393,-0.4885,-0.4521
floodway,2022-05-31,S2,NDMI,HIGH_REEDS,3.55,0.056,0.2297,0.3466
floodway,2022-05-31,S2,BSI,HIGH_REEDS,3.55,-0.2946,-0.1752,-0.0054
floodway,2022-05-31,S2,AWEIsh,HIGH_REEDS,3.55,-0.6714,-0.6081,-0.5416
floodway,2022-05-31,S2,NDTI,HIGH_REEDS,3.55,-0.2619,-0.1579,-0.0413
floodway,2022-05-31,S2,NDVI,OPEN_WATER,37.45,-0.6327,-0.2222,0.2521
floodway,2022-05-31,S2,NDWI,OPEN_WATER,37.45,-0.1942,0.4241,0.751
floodway,2022-05-31,S2,MNDWI,OPEN_WATER,37.45,-0.3248,-0.097,0.066
floodway,2022-05-31,S2,NDMI,OPEN_WATER,37.45,-0.7423,-0.4574,-0.1478
floodway,2022-05-31,S2,BSI,OPEN_WATER,37.45,0.1337,0.28,0.4262
floodway,2022-05-31,S2,AWEIsh,OPEN_WATER,37.45,-0.0532,0.0067,0.0209
floodway,2022-05-31,S2,NDTI,OPEN_WATER,37.45,-0.2566,-0.2053,-0.1368
floodway,2022-05-31,S2,NDVI,EVENT_REEDS,4.38,0.5447,0.6581,0.7505
floodway,2022-05-31,S2,NDWI,EVENT_REEDS,4.38,-0.6513,-0.5882,-0.5207
floodway,2022-05-31,S2,MNDWI,EVENT_REEDS,4.38,-0.5359,-0.4945,-0.4436
floodway,2022-05-31,S2,NDMI,EVENT_REEDS,4.38,0.026,0.1514,0.2607
floodway,2022-05-31,S2,BSI,EVENT_REEDS,4.38,-0.203,-0.0937,0.0252
floodway,2022-05-31,S2,AWEIsh,EVENT_REEDS,4.38,-0.617,-0.4949,-0.329
floodway,2022-05-31,S2,NDTI,EVENT_REEDS,4.38,-0.2103,-0.1159,-0.0221
floodway,2022-05-31,S2,NDVI,DRY_LAND,1304.81,0.3807,0.5816,0.7223
floodway,2022-05-31,S2,NDWI,DRY_LAND,1304.81,-0.6465,-0.5553,-0.4346
floodway,2022-05-31,S2,MNDWI,DRY_LAND,1304.81,-0.5296,-0.497,-0.4594
floodway,2022-05-31,S2,NDMI,DRY_LAND,1304.81,-0.0948,0.077,0.2419
floodway,2022-05-31,S2,BSI,DRY_LAND,1304.81,-0.1811,-0.0221,0.1357
floodway,2022-05-31,S2,AWEIsh,DRY_LAND,1304.81,-0.7257,-0.6601,-0.6012
floodway,2022-05-31,S2,NDTI,DRY_LAND,1304.81,-0.1405,-0.0359,0.0687
floodway,2022-06-03,S2,NDVI,NW_REEDS,98.59,0.6201,0.701,0.772
floodway,2022-06-03,S2,NDWI,NW_REEDS,98.59,-0.67,-0.6219,-0.5715
floodway,2022-06-03,S2,MNDWI,NW_REEDS,98.59,-0.5034,-0.4752,-0.4392
floodway,2022-06-03,S2,NDMI,NW_REEDS,98.59,0.1382,0.2221,0.3095
floodway,2022-06-03,S2,BSI,NW_REEDS,98.59,-0.2537,-0.1658,-0.0827
floodway,2022-06-03,S2,AWEIsh,NW_REEDS,98.59,-0.5017,-0.4248,-0.3449
floodway,2022-06-03,S2,NDTI,NW_REEDS,98.59,-0.2174,-0.1456,-0.0771
floodway,2022-06-03,S2,NDVI,NW_TREES,48.19,0.7968,0.8594,0.8892
floodway,2022-06-03,S2,NDWI,NW_TREES,48.19,-0.7854,-0.7527,-0.6907
floodway,2022-06-03,S2,MNDWI,NW_TREES,48.19,-0.5268,-0.4887,-0.4471
floodway,2022-06-03,S2,NDMI,NW_TREES,48.19,0.3401,0.4144,0.4603
floodway,2022-06-03,S2,BSI,NW_TREES,48.19,-0.4202,-0.3707,-0.2884
floodway,2022-06-03,S2,AWEIsh,NW_TREES,48.19,-0.6929,-0.6161,-0.5111
floodway,2022-06-03,S2,NDTI,NW_TREES,48.19,-0.3488,-0.2926,-0.2314
floodway,2022-06-03,S2,NDVI,HIGH_REEDS,9.77,0.5875,0.7155,0.8099
floodway,2022-06-03,S2,NDWI,HIGH_REEDS,9.77,-0.7125,-0.6485,-0.5687
floodway,2022-06-03,S2,MNDWI,HIGH_REEDS,9.77,-0.5963,-0.5525,-0.5026
floodway,2022-06-03,S2,NDMI,HIGH_REEDS,9.77,0.0236,0.151,0.2715
floodway,2022-06-03,S2,BSI,HIGH_REEDS,9.77,-0.2277,-0.1041,0.0193
floodway,2022-06-03,S2,AWEIsh,HIGH_REEDS,9.77,-0.6317,-0.559,-0.4584
floodway,2022-06-03,S2,NDTI,HIGH_REEDS,9.77,-0.2247,-0.1234,-0.0258
floodway,2022-06-03,S2,NDVI,OPEN_WATER,68.09,-0.074,-0.0271,0.1131
floodway,2022-06-03,S2,NDWI,OPEN_WATER,68.09,-0.0067,0.1014,0.1442
floodway,2022-06-03,S2,MNDWI,OPEN_WATER,68.09,-0.0539,0.0802,0.1302
floodway,2022-06-03,S2,NDMI,OPEN_WATER,68.09,-0.0671,-0.0212,0.0267
floodway,2022-06-03,S2,BSI,OPEN_WATER,68.09,-0.0141,0.0254,0.0567
floodway,2022-06-03,S2,AWEIsh,OPEN_WATER,68.09,-0.006,0.0304,0.0447
floodway,2022-06-03,S2,NDTI,OPEN_WATER,68.09,-0.1179,-0.0742,-0.0436
floodway,2022-06-03,S2,NDVI,EVENT_REEDS,12.86,0.5893,0.6955,0.78
floodway,2022-06-03,S2,NDWI,EVENT_REEDS,12.86,-0.6866,-0.6274,-0.5584
floodway,2022-06-03,S2,MNDWI,EVENT_REEDS,12.86,-0.5324,-0.5003,-0.4618
floodway,2022-06-03,S2,NDMI,EVENT_REEDS,12.86,0.082,0.1963,0.3001
floodway,2022-06-03,S2,BSI,EVENT_REEDS,12.86,-0.2452,-0.1402,-0.0302
floodway,2022-06-03,S2,AWEIsh,EVENT_REEDS,12.86,-0.6121,-0.5273,-0.4206
floodway,2022-06-03,S2,NDTI,EVENT_REEDS,12.86,-0.2122,-0.1249,-0.0453
floodway,2022-06-03,S2,NDVI,DRY_LAND,2167.12,0.3416,0.5143,0.6609
floodway,2022-06-03,S2,NDWI,DRY_LAND,2167.12,-0.6126,-0.5261,-0.4132
floodway,2022-06-03,S2,MNDWI,DRY_LAND,2167.12,-0.5423,-0.5079,-0.4672
floodway,2022-06-03,S2,NDMI,DRY_LAND,2167.12,-0.13,0.0244,0.1772
floodway,2022-06-03,S2,BSI,DRY_LAND,2167.12,-0.1096,0.0347,0.1669
floodway,2022-06-03,S2,AWEIsh,DRY_LAND,2167.12,-0.6441,-0.5821,-0.5293
floodway,2022-06-03,S2,NDTI,DRY_LAND,2167.12,-0.0809,0.0173,0.0897
floodway,2022-06-13,S2,NDVI,NW_REEDS,85.7,0.6845,0.759,0.8106
floodway,2022-06-13,S2,NDWI,NW_REEDS,85.7,-0.6923,-0.6509,-0.6019
floodway,2022-06-13,S2,MNDWI,NW_REEDS,85.7,-0.4867,-0.4597,-0.4266
floodway,2022-06-13,S2,NDMI,NW_REEDS,85.7,0.2129,0.2897,0.3582
floodway,2022-06-13,S2,BSI,NW_REEDS,85.7,-0.3091,-0.2398,-0.1608
floodway,2022-06-13,S2,AWEIsh,NW_REEDS,85.7,-0.5736,-0.4896,-0.3977
floodway,2022-06-13,S2,NDTI,NW_REEDS,85.7,-0.2757,-0.2153,-0.1455
floodway,2022-06-13,S2,NDVI,NW_TREES,31.91,0.8017,0.8565,0.8919
floodway,2022-06-13,S2,NDWI,NW_TREES,31.91,-0.7956,-0.7528,-0.6882
floodway,2022-06-13,S2,MNDWI,NW_TREES,31.91,-0.539,-0.4921,-0.4377
floodway,2022-06-13,S2,NDMI,NW_TREES,31.91,0.3568,0.4158,0.4632
floodway,2022-06-13,S2,BSI,NW_TREES,31.91,-0.4252,-0.372,-0.3083
floodway,2022-06-13,S2,AWEIsh,NW_TREES,31.91,-0.7108,-0.625,-0.5252
floodway,2022-06-13,S2,NDTI,NW_TREES,31.91,-0.3371,-0.2916,-0.2469
floodway,2022-06-13,S2,NDVI,HIGH_REEDS,6.92,0.6632,0.7734,0.8553
floodway,2022-06-13,S2,NDWI,HIGH_REEDS,6.92,-0.7531,-0.6819,-0.6092
floodway,2022-06-13,S2,MNDWI,HIGH_REEDS,6.92,-0.6113,-0.5714,-0.527
floodway,2022-06-13,S2,NDMI,HIGH_REEDS,6.92,0.0849,0.2134,0.3028
floodway,2022-06-13,S2,BSI,HIGH_REEDS,6.92,-0.2694,-0.173,-0.0442
floodway,2022-06-13,S2,AWEIsh,HIGH_REEDS,6.92,-0.6943,-0.6161,-0.5095
floodway,2022-06-13,S2,NDTI,HIGH_REEDS,6.92,-0.2935,-0.19,-0.0853
floodway,2022-06-13,S2,NDVI,OPEN_WATER,40.73,-0.228,-0.1493,-0.0551
floodway,2022-06-13,S2,NDWI,OPEN_WATER,40.73,0.1387,0.2439,0.3302
floodway,2022-06-13,S2,MNDWI,OPEN_WATER,40.73,0.1136,0.2079,0.2951
floodway,2022-06-13,S2,NDMI,OPEN_WATER,40.73,-0.1032,-0.0346,0.0318
floodway,2022-06-13,S2,BSI,OPEN_WATER,40.73,-0.0316,0.0133,0.0465
floodway,2022-06-13,S2,AWEIsh,OPEN_WATER,40.73,0.0319,0.0514,0.0609
floodway,2022-06-13,S2,NDTI,OPEN_WATER,40.73,-0.1481,-0.1061,-0.0705
floodway,2022-06-13,S2,NDVI,EVENT_REEDS,9.6,0.6337,0.7425,0.8171
floodway,2022-06-13,S2,NDWI,EVENT_REEDS,9.6,-0.7111,-0.656,-0.5893
floodway,2022-06-13,S2,MNDWI,EVENT_REEDS,9.6,-0.5331,-0.4996,-0.4639
floodway,2022-06-13,S2,NDMI,EVENT_REEDS,9.6,0.1134,0.2469,0.3498
floodway,2022-06-13,S2,BSI,EVENT_REEDS,9.6,-0.3011,-0.1964,-0.0642
floodway,2022-06-13,S2,AWEIsh,EVENT_REEDS,9.6,-0.6592,-0.578,-0.4983
floodway,2022-06-13,S2,NDTI,EVENT_REEDS,9.6,-0.2599,-0.1716,-0.0719
floodway,2022-06-13,S2,NDVI,DRY_LAND,1518.2,0.2633,0.3826,0.5394
floodway,2022-06-13,S2,NDWI,DRY_LAND,1518.2,-0.5514,-0.4733,-0.3907
floodway,2022-06-13,S2,MNDWI,DRY_LAND,1518.2,-0.5584,-0.522,-0.4729
floodway,2022-06-13,S2,NDMI,DRY_LAND,1518.2,-0.1517,-0.0466,0.0677
floodway,2022-06-13,S2,BSI,DRY_LAND,1518.2,0.0093,0.1147,0.1928
floodway,2022-06-13,S2,AWEIsh,DRY_LAND,1518.2,-0.6462,-0.5775,-0.5229
floodway,2022-06-13,S2,NDTI,DRY_LAND,1518.2,0.0091,0.0934,0.1421
floodway,2022-06-15,S2,NDVI,OPEN_WATER,1.68,0.3063,0.6158,0.6921
floodway,2022-06-15,S2,NDWI,OPEN_WATER,1.68,-0.6353,-0.579,-0.436
floodway,2022-06-15,S2,MNDWI,OPEN_WATER,1.68,-0.5202,-0.5038,-0.4876
floodway,2022-06-15,S2,NDMI,OPEN_WATER,1.68,-0.0726,0.1146,0.186
floodway,2022-06-15,S2,BSI,OPEN_WATER,1.68,-0.1402,-0.0723,0.1349
floodway,2022-06-15,S2,AWEIsh,OPEN_WATER,1.68,-0.7067,-0.6499,-0.5816
floodway,2022-06-15,S2,NDTI,OPEN_WATER,1.68,-0.1058,-0.0564,0.1081
floodway,2022-06-15,S2,NDVI,DRY_LAND,385.02,0.3002,0.4233,0.5788
floodway,2022-06-15,S2,NDWI,DRY_LAND,385.02,-0.5728,-0.5013,-0.43
floodway,2022-06-15,S2,MNDWI,DRY_LAND,385.02,-0.5199,-0.4934,-0.4641
floodway,2022-06-15,S2,NDMI,DRY_LAND,385.02,-0.0622,0.029,0.1232
floodway,2022-06-15,S2,BSI,DRY_LAND,385.02,-0.0572,0.0499,0.1235
floodway,2022-06-15,S2,AWEIsh,DRY_LAND,385.02,-0.6804,-0.6312,-0.5761
floodway,2022-06-15,S2,NDTI,DRY_LAND,385.02,-0.0195,0.0909,0.1469
floodway,2022-06-20,S2,NDVI,NW_REEDS,24.81,0.7542,0.8042,0.8459
floodway,2022-06-20,S2,NDWI,NW_REEDS,24.81,-0.7107,-0.675,-0.6367
floodway,2022-06-20,S2,MNDWI,NW_REEDS,24.81,-0.4905,-0.4602,-0.4252
floodway,2022-06-20,S2,NDMI,NW_REEDS,24.81,0.2663,0.3242,0.3829
floodway,2022-06-20,S2,BSI,NW_REEDS,24.81,-0.3397,-0.2791,-0.2178
floodway,2022-06-20,S2,AWEIsh,NW_REEDS,24.81,-0.6776,-0.581,-0.4702
floodway,2022-06-20,S2,NDTI,NW_REEDS,24.81,-0.3493,-0.2881,-0.2215
floodway,2022-06-20,S2,NDVI,NW_TREES,25.07,0.8621,0.897,0.9176
floodway,2022-06-20,S2,NDWI,NW_TREES,25.07,-0.8176,-0.7913,-0.747
floodway,2022-06-20,S2,MNDWI,NW_TREES,25.07,-0.5886,-0.5411,-0.4867
floodway,2022-06-20,S2,NDMI,NW_TREES,25.07,0.3845,0.4332,0.4666
floodway,2022-06-20,S2,BSI,NW_TREES,25.07,-0.4345,-0.3995,-0.3461
floodway,2022-06-20,S2,AWEIsh,NW_TREES,25.07,-0.8302,-0.7578,-0.6651
floodway,2022-06-20,S2,NDTI,NW_TREES,25.07,-0.4126,-0.3612,-0.3094
floodway,2022-06-20,S2,NDVI,HIGH_REEDS,3.54,0.7057,0.8266,0.8967
floodway,2022-06-20,S2,NDWI,HIGH_REEDS,3.54,-0.7595,-0.7129,-0.6367
floodway,2022-06-20,S2,MNDWI,HIGH_REEDS,3.54,-0.5711,-0.5286,-0.4956
floodway,2022-06-20,S2,NDMI,HIGH_REEDS,3.54,0.1248,0.2772,0.4032
floodway,2022-06-20,S2,BSI,HIGH_REEDS,3.54,-0.3742,-0.2366,-0.0784
floodway,2022-06-20,S2,AWEIsh,HIGH_REEDS,3.54,-0.7728,-0.684,-0.615
floodway,2022-06-20,S2,NDTI,HIGH_REEDS,3.54,-0.4238,-0.2766,-0.1216
floodway,2022-06-20,S2,NDVI,OPEN_WATER,37.19,0.4054,1.0132,1.881
floodway,2022-06-20,S2,NDWI,OPEN_WATER,37.19,-3.2767,-0.5439,0.9385
floodway,2022-06-20,S2,MNDWI,OPEN_WATER,37.19,-0.3409,0.2113,0.5172
floodway,2022-06-20,S2,NDMI,OPEN_WATER,37.19,-0.0822,1.2449,1.82
floodway,2022-06-20,S2,BSI,OPEN_WATER,37.19,-1.3846,0.1182,1.2667
floodway,2022-06-20,S2,AWEIsh,OPEN_WATER,37.19,-0.054,0.0292,0.0412
floodway,2022-06-20,S2,NDTI,OPEN_WATER,37.19,-0.4949,-0.3396,-0.2154
floodway,2022-06-20,S2,NDVI,EVENT_REEDS,4.33,0.6802,0.7681,0.8367
floodway,2022-06-20,S2,NDWI,EVENT_REEDS,4.33,-0.7122,-0.6603,-0.6003
floodway,2022-06-20,S2,MNDWI,EVENT_REEDS,4.33,-0.5532,-0.5093,-0.4548
floodway,2022-06-20,S2,NDMI,EVENT_REEDS,4.33,0.1443,0.247,0.3464
floodway,2022-06-20,S2,BSI,EVENT_REEDS,4.33,-0.2984,-0.1971,-0.0916
floodway,2022-06-20,S2,AWEIsh,EVENT_REEDS,4.33,-0.7218,-0.6147,-0.4506
floodway,2022-06-20,S2,NDTI,EVENT_REEDS,4.33,-0.3273,-0.2184,-0.1196
floodway,2022-06-20,S2,NDVI,DRY_LAND,1301.71,0.2599,0.3922,0.5586
floodway,2022-06-20,S2,NDWI,DRY_LAND,1301.71,-0.5649,-0.4834,-0.41
floodway,2022-06-20,S2,MNDWI,DRY_LAND,1301.71,-0.5431,-0.5063,-0.4656
floodway,2022-06-20,S2,NDMI,DRY_LAND,1301.71,-0.1063,-0.0185,0.0822
floodway,2022-06-20,S2,BSI,DRY_LAND,1301.71,-0.0071,0.0983,0.1658
floodway,2022-06-20,S2,AWEIsh,DRY_LAND,1301.71,-0.7092,-0.6321,-0.5725
floodway,2022-06-20,S2,NDTI,DRY_LAND,1301.71,-0.0012,0.0959,0.1583
floodway,2022-07-03,S2,NDVI,NW_REEDS,24.88,0.7791,0.8206,0.8507
floodway,2022-07-03,S2,NDWI,NW_REEDS,24.88,-0.7276,-0.6995,-0.6667
floodway,2022-07-03,S2,MNDWI,NW_REEDS,24.88,-0.5021,-0.478,-0.446
floodway,2022-07-03,S2,NDMI,NW_REEDS,24.88,0.2937,0.3445,0.3975
floodway,2022-07-03,S2,BSI,NW_REEDS,24.88,-0.3549,-0.3034,-0.2518
floodway,2022-07-03,S2,AWEIsh,NW_REEDS,24.88,-0.6648,-0.5912,-0.501
floodway,2022-07-03,S2,NDTI,NW_REEDS,24.88,-0.3277,-0.2849,-0.2345
floodway,2022-07-03,S2,NDVI,NW_TREES,25.08,0.8528,0.8851,0.9041
floodway,2022-07-03,S2,NDWI,NW_TREES,25.08,-0.8143,-0.7895,-0.7477
floodway,2022-07-03,S2,MNDWI,NW_TREES,25.08,-0.5716,-0.5306,-0.4847
floodway,2022-07-03,S2,NDMI,NW_TREES,25.08,0.3931,0.442,0.4772
floodway,2022-07-03,S2,BSI,NW_TREES,25.08,-0.4423,-0.4063,-0.3542
floodway,2022-07-03,S2,AWEIsh,NW_TREES,25.08,-0.7132,-0.6557,-0.59
floodway,2022-07-03,S2,NDTI,NW_TREES,25.08,-0.3525,-0.3148,-0.2764
floodway,2022-07-03,S2,NDVI,HIGH_REEDS,3.55,0.7241,0.8104,0.8716
floodway,2022-07-03,S2,NDWI,HIGH_REEDS,3.55,-0.7496,-0.7067,-0.6473
floodway,2022-07-03,S2,MNDWI,HIGH_REEDS,3.55,-0.553,-0.5103,-0.4759
floodway,2022-07-03,S2,NDMI,HIGH_REEDS,3.55,0.1737,0.2971,0.4137
floodway,2022-07-03,S2,BSI,HIGH_REEDS,3.55,-0.3768,-0.2556,-0.1302
floodway,2022-07-03,S2,AWEIsh,HIGH_REEDS,3.55,-0.6918,-0.6115,-0.5454
floodway,2022-07-03,S2,NDTI,HIGH_REEDS,3.55,-0.358,-0.2421,-0.1374
floodway,2022-07-03,S2,NDVI,OPEN_WATER,37.45,-0.3333,-0.0755,0.3535
floodway,2022-07-03,S2,NDWI,OPEN_WATER,37.45,-0.2578,0.2849,0.5525
floodway,2022-07-03,S2,MNDWI,OPEN_WATER,37.45,-0.1085,0.3214,0.4779
floodway,2022-07-03,S2,NDMI,OPEN_WATER,37.45,-0.1964,-0.0435,0.1597
floodway,2022-07-03,S2,BSI,OPEN_WATER,37.45,-0.1297,-0.0629,0.0031
floodway,2022-07-03,S2,AWEIsh,OPEN_WATER,37.45,-0.0384,0.0304,0.0426
floodway,2022-07-03,S2,NDTI,OPEN_WATER,37.45,-0.2876,-0.2392,-0.1597
floodway,2022-07-03,S2,NDVI,EVENT_REEDS,4.38,0.6928,0.7677,0.8272
floodway,2022-07-03,S2,NDWI,EVENT_REEDS,4.38,-0.7151,-0.6654,-0.6019
floodway,2022-07-03,S2,MNDWI,EVENT_REEDS,4.38,-0.532,-0.4903,-0.4045
floodway,2022-07-03,S2,NDMI,EVENT_REEDS,4.38,0.2084,0.2893,0.3721
floodway,2022-07-03,S2,BSI,EVENT_REEDS,4.38,-0.3172,-0.2393,-0.1614
floodway,2022-07-03,S2,AWEIsh,EVENT_REEDS,4.38,-0.6416,-0.5531,-0.4152
floodway,2022-07-03,S2,NDTI,EVENT_REEDS,4.38,-0.2857,-0.2143,-0.1439
floodway,2022-07-03,S2,NDVI,DRY_LAND,1304.81,0.2358,0.3878,0.605
floodway,2022-07-03,S2,NDWI,DRY_LAND,1304.81,-0.5882,-0.4641,-0.3825
floodway,2022-07-03,S2,MNDWI,DRY_LAND,1304.81,-0.5427,-0.5078,-0.473
floodway,2022-07-03,S2,NDMI,DRY_LAND,1304.81,-0.1461,-0.0684,0.0954
floodway,2022-07-03,S2,BSI,DRY_LAND,1304.81,-0.0396,0.1265,0.1922
floodway,2022-07-03,S2,AWEIsh,DRY_LAND,1304.81,-0.6398,-0.5573,-0.4999
floodway,2022-07-03,S2,NDTI,DRY_LAND,1304.81,-0.0281,0.0855,0.1506
floodway,2022-07-08,S2,NDVI,NW_REEDS,24.88,0.7521,0.7922,0.8219
floodway,2022-07-08,S2,NDWI,NW_REEDS,24.88,-0.7041,-0.6768,-0.6441
floodway,2022-07-08,S2,MNDWI,NW_REEDS,24.88,-0.4792,-0.4576,-0.4295
floodway,2022-07-08,S2,NDMI,NW_REEDS,24.88,0.2807,0.3264,0.3745
floodway,2022-07-08,S2,BSI,NW_REEDS,24.88,-0.3314,-0.286,-0.2403
floodway,2022-07-08,S2,AWEIsh,NW_REEDS,24.88,-0.6548,-0.5876,-0.5051
floodway,2022-07-08,S2,NDTI,NW_REEDS,24.88,-0.2835,-0.2498,-0.2091
floodway,2022-07-08,S2,NDVI,NW_TREES,25.08,0.8173,0.8511,0.8718
floodway,2022-07-08,S2,NDWI,NW_TREES,25.08,-0.7847,-0.7601,-0.7196
floodway,2022-07-08,S2,MNDWI,NW_TREES,25.08,-0.5388,-0.5033,-0.4634
floodway,2022-07-08,S2,NDMI,NW_TREES,25.08,0.3653,0.4134,0.4481
floodway,2022-07-08,S2,BSI,NW_TREES,25.08,-0.4087,-0.3742,-0.3246
floodway,2022-07-08,S2,AWEIsh,NW_TREES,25.08,-0.6767,-0.6251,-0.5672
floodway,2022-07-08,S2,NDTI,NW_TREES,25.08,-0.2863,-0.2561,-0.2248
floodway,2022-07-08,S2,NDVI,HIGH_REEDS,3.53,0.6757,0.7618,0.8339
floodway,2022-07-08,S2,NDWI,HIGH_REEDS,3.53,-0.7135,-0.6667,-0.609
floodway,2022-07-08,S2,MNDWI,HIGH_REEDS,3.53,-0.5223,-0.4824,-0.451
floodway,2022-07-08,S2,NDMI,HIGH_REEDS,3.53,0.1463,0.2627,0.3843
floodway,2022-07-08,S2,BSI,HIGH_REEDS,3.53,-0.3443,-0.2221,-0.1076
floodway,2022-07-08,S2,AWEIsh,HIGH_REEDS,3.53,-0.6641,-0.5882,-0.5297
floodway,2022-07-08,S2,NDTI,HIGH_REEDS,3.53,-0.3001,-0.1972,-0.1041
floodway,2022-07-08,S2,NDVI,OPEN_WATER,36.26,-0.1075,0.0057,0.2968
floodway,2022-07-08,S2,NDWI,OPEN_WATER,36.26,-0.1879,0.1418,0.2625
floodway,2022-07-08,S2,MNDWI,OPEN_WATER,36.26,-0.0459,0.1954,0.2796
floodway,2022-07-08,S2,NDMI,OPEN_WATER,36.26,-0.0485,0.0174,0.1526
floodway,2022-07-08,S2,BSI,OPEN_WATER,36.26,-0.1314,-0.0868,-0.0414
floodway,2022-07-08,S2,AWEIsh,OPEN_WATER,36.26,-0.022,0.0328,0.0446
floodway,2022-07-08,S2,NDTI,OPEN_WATER,36.26,-0.1919,-0.1565,-0.1188
floodway,2022-07-08,S2,NDVI,EVENT_REEDS,4.38,0.6572,0.7322,0.7934
floodway,2022-07-08,S2,NDWI,EVENT_REEDS,4.38,-0.6883,-0.6383,-0.5734
floodway,2022-07-08,S2,MNDWI,EVENT_REEDS,4.38,-0.5102,-0.4725,-0.3929
floodway,2022-07-08,S2,NDMI,EVENT_REEDS,4.38,0.1898,0.2662,0.3415
floodway,2022-07-08,S2,BSI,EVENT_REEDS,4.38,-0.2879,-0.2176,-0.1471
floodway,2022-07-08,S2,AWEIsh,EVENT_REEDS,4.38,-0.6302,-0.5482,-0.4308
floodway,2022-07-08,S2,NDTI,EVENT_REEDS,4.38,-0.2423,-0.1822,-0.1214
floodway,2022-07-08,S2,NDVI,DRY_LAND,1045.05,0.228,0.3674,0.538
floodway,2022-07-08,S2,NDWI,DRY_LAND,1045.05,-0.5423,-0.4424,-0.3678
floodway,2022-07-08,S2,MNDWI,DRY_LAND,1045.05,-0.5314,-0.4959,-0.4596
floodway,2022-07-08,S2,NDMI,DRY_LAND,1045.05,-0.1449,-0.0782,0.046
floodway,2022-07-08,S2,BSI,DRY_LAND,1045.05,0.0042,0.1293,0.183
floodway,2022-07-08,S2,AWEIsh,DRY_LAND,1045.05,-0.636,-0.5642,-0.5146
floodway,2022-07-08,S2,NDTI,DRY_LAND,1045.05,0.0043,0.0837,0.1399
floodway,2022-07-18,S2,NDVI,NW_REEDS,86.26,0.7956,0.8309,0.8581
floodway,2022-07-18,S2,NDWI,NW_REEDS,86.26,-0.74,-0.7135,-0.6848
floodway,2022-07-18,S2,MNDWI,NW_REEDS,86.26,-0.5136,-0.4869,-0.4578
floodway,2022-07-18,S2,NDMI,NW_REEDS,86.26,0.3063,0.357,0.4056
floodway,2022-07-18,S2,BSI,NW_REEDS,86.26,-0.3668,-0.3187,-0.2672
floodway,2022-07-18,S2,AWEIsh,NW_REEDS,86.26,-0.6928,-0.6194,-0.5467
floodway,2022-07-18,S2,NDTI,NW_REEDS,86.26,-0.33,-0.2879,-0.2398
floodway,2022-07-18,S2,NDVI,NW_TREES,31.93,0.829,0.8701,0.9002
floodway,2022-07-18,S2,NDWI,NW_TREES,31.93,-0.8115,-0.7722,-0.7213
floodway,2022-07-18,S2,MNDWI,NW_TREES,31.93,-0.5697,-0.5202,-0.4668
floodway,2022-07-18,S2,NDMI,NW_TREES,31.93,0.3749,0.4261,0.4671
floodway,2022-07-18,S2,BSI,NW_TREES,31.93,-0.433,-0.3883,-0.3331
floodway,2022-07-18,S2,AWEIsh,NW_TREES,31.93,-0.7007,-0.6389,-0.5682
floodway,2022-07-18,S2,NDTI,NW_TREES,31.93,-0.3378,-0.2982,-0.2594
floodway,2022-07-18,S2,NDVI,HIGH_REEDS,6.94,0.7344,0.7967,0.8369
floodway,2022-07-18,S2,NDWI,HIGH_REEDS,6.94,-0.7452,-0.7119,-0.6706
floodway,2022-07-18,S2,MNDWI,HIGH_REEDS,6.94,-0.6173,-0.5764,-0.5283
floodway,2022-07-18,S2,NDMI,HIGH_REEDS,6.94,0.1573,0.231,0.3013
floodway,2022-07-18,S2,BSI,HIGH_REEDS,6.94,-0.2672,-0.1952,-0.1176
floodway,2022-07-18,S2,AWEIsh,HIGH_REEDS,6.94,-0.6783,-0.6356,-0.579
floodway,2022-07-18,S2,NDTI,HIGH_REEDS,6.94,-0.2596,-0.1867,-0.1042
floodway,2022-07-18,S2,NDVI,OPEN_WATER,42.41,-0.1037,-0.0549,0.0751
floodway,2022-07-18,S2,NDWI,OPEN_WATER,42.41,0.0215,0.1029,0.1561
floodway,2022-07-18,S2,MNDWI,OPEN_WATER,42.41,-0.0211,0.0689,0.11
floodway,2022-07-18,S2,NDMI,OPEN_WATER,42.41,-0.0929,-0.0358,0.0258
floodway,2022-07-18,S2,BSI,OPEN_WATER,42.41,-0.0385,-0.001,0.0286
floodway,2022-07-18,S2,AWEIsh,OPEN_WATER,42.41,0.0037,0.0283,0.0362
floodway,2022-07-18,S2,NDTI,OPEN_WATER,42.41,-0.12,-0.0506,-0.0196
floodway,2022-07-18,S2,NDVI,EVENT_REEDS,9.66,0.6602,0.804,0.8532
floodway,2022-07-18,S2,NDWI,EVENT_REEDS,9.66,-0.7419,-0.7045,-0.6207
floodway,2022-07-18,S2,MNDWI,EVENT_REEDS,9.66,-0.5446,-0.5096,-0.4754
floodway,2022-07-18,S2,NDMI,EVENT_REEDS,9.66,0.1481,0.3138,0.3947
floodway,2022-07-18,S2,BSI,EVENT_REEDS,9.66,-0.3551,-0.2717,-0.0979
floodway,2022-07-18,S2,AWEIsh,EVENT_REEDS,9.66,-0.7024,-0.6248,-0.5516
floodway,2022-07-18,S2,NDTI,EVENT_REEDS,9.66,-0.3066,-0.2284,-0.0655
floodway,2022-07-18,S2,NDVI,DRY_LAND,1838.88,0.1984,0.2877,0.4439
floodway,2022-07-18,S2,NDWI,DRY_LAND,1838.88,-0.5041,-0.4098,-0.3501
floodway,2022-07-18,S2,MNDWI,DRY_LAND,1838.88,-0.5589,-0.5172,-0.4637
floodway,2022-07-18,S2,NDMI,DRY_LAND,1838.88,-0.1755,-0.1076,-0.0286
floodway,2022-07-18,S2,BSI,DRY_LAND,1838.88,0.0889,0.1603,0.2052
floodway,2022-07-18,S2,AWEIsh,DRY_LAND,1838.88,-0.6287,-0.5676,-0.5191
floodway,2022-07-18,S2,NDTI,DRY_LAND,1838.88,0.0726,0.1256,0.1602
floodway,2022-07-23,S2,NDVI,NW_REEDS,36.85,0.7364,0.7829,0.8131
floodway,2022-07-23,S2,NDWI,NW_REEDS,36.85,-0.6939,-0.6661,-0.6285
floodway,2022-07-23,S2,MNDWI,NW_REEDS,36.85,-0.4653,-0.4375,-0.3993
floodway,2022-07-23,S2,NDMI,NW_REEDS,36.85,0.2831,0.3353,0.3805
floodway,2022-07-23,S2,BSI,NW_REEDS,36.85,-0.3368,-0.2932,-0.2419
floodway,2022-07-23,S2,AWEIsh,NW_REEDS,36.85,-0.7158,-0.6428,-0.5616
floodway,2022-07-23,S2,NDTI,NW_REEDS,36.85,-0.2779,-0.2445,-0.2019
floodway,2022-07-23,S2,NDVI,NW_TREES,15.83,0.7801,0.8256,0.8597
floodway,2022-07-23,S2,NDWI,NW_TREES,15.83,-0.765,-0.723,-0.6689
floodway,2022-07-23,S2,MNDWI,NW_TREES,15.83,-0.5,-0.4532,-0.3987
floodway,2022-07-23,S2,NDMI,NW_TREES,15.83,0.3546,0.4071,0.4497
floodway,2022-07-23,S2,BSI,NW_TREES,15.83,-0.4077,-0.3635,-0.3092
floodway,2022-07-23,S2,AWEIsh,NW_TREES,15.83,-0.6997,-0.6363,-0.5635
floodway,2022-07-23,S2,NDTI,NW_TREES,15.83,-0.2864,-0.2557,-0.2213
floodway,2022-07-23,S2,NDVI,HIGH_REEDS,3.66,0.6562,0.7338,0.7801
floodway,2022-07-23,S2,NDWI,HIGH_REEDS,3.66,-0.691,-0.6518,-0.6023
floodway,2022-07-23,S2,MNDWI,HIGH_REEDS,3.66,-0.5684,-0.5262,-0.4758
floodway,2022-07-23,S2,NDMI,HIGH_REEDS,3.66,0.1182,0.1916,0.2566
floodway,2022-07-23,S2,BSI,HIGH_REEDS,3.66,-0.2216,-0.1572,-0.0826
floodway,2022-07-23,S2,AWEIsh,HIGH_REEDS,3.66,-0.7067,-0.6531,-0.5908
floodway,2022-07-23,S2,NDTI,HIGH_REEDS,3.66,-0.2065,-0.1472,-0.0813
floodway,2022-07-23,S2,NDVI,OPEN_WATER,26.85,-0.0652,-0.0254,0.0638
floodway,2022-07-23,S2,NDWI,OPEN_WATER,26.85,0.0392,0.1174,0.1635
floodway,2022-07-23,S2,MNDWI,OPEN_WATER,26.85,0.0905,0.1816,0.2531
floodway,2022-07-23,S2,NDMI,OPEN_WATER,26.85,0.0313,0.0791,0.1907
floodway,2022-07-23,S2,BSI,OPEN_WATER,26.85,-0.1531,-0.085,-0.051
floodway,2022-07-23,S2,AWEIsh,OPEN_WATER,26.85,0.022,0.0467,0.0595
floodway,2022-07-23,S2,NDTI,OPEN_WATER,26.85,-0.1493,-0.096,-0.0647
floodway,2022-07-23,S2,NDVI,EVENT_REEDS,4.56,0.5583,0.751,0.8072
floodway,2022-07-23,S2,NDWI,EVENT_REEDS,4.56,-0.6938,-0.6524,-0.5324
floodway,2022-07-23,S2,MNDWI,EVENT_REEDS,4.56,-0.4986,-0.4528,-0.4085
floodway,2022-07-23,S2,NDMI,EVENT_REEDS,4.56,0.1161,0.2923,0.3709
floodway,2022-07-23,S2,BSI,EVENT_REEDS,4.56,-0.3268,-0.2474,-0.0697
floodway,2022-07-23,S2,AWEIsh,EVENT_REEDS,4.56,-0.7251,-0.6461,-0.5617
floodway,2022-07-23,S2,NDTI,EVENT_REEDS,4.56,-0.26,-0.1928,-0.0426
floodway,2022-07-23,S2,NDVI,DRY_LAND,816.3,0.18,0.2674,0.4121
floodway,2022-07-23,S2,NDWI,DRY_LAND,816.3,-0.4617,-0.3716,-0.3109
floodway,2022-07-23,S2,MNDWI,DRY_LAND,816.3,-0.5295,-0.4889,-0.4362
floodway,2022-07-23,S2,NDMI,DRY_LAND,816.3,-0.1857,-0.1169,-0.0352
floodway,2022-07-23,S2,BSI,DRY_LAND,816.3,0.0829,0.1582,0.2046
floodway,2022-07-23,S2,AWEIsh,DRY_LAND,816.3,-0.6657,-0.5911,-0.5318
floodway,2022-07-23,S2,NDTI,DRY_LAND,816.3,0.051,0.1019,0.1384
floodway,2022-08-07,S2,NDVI,NW_REEDS,98.59,0.7924,0.8245,0.8494
floodway,2022-08-07,S2,NDWI,NW_REEDS,98.59,-0.7345,-0.7098,-0.6831
floodway,2022-08-07,S2,MNDWI,NW_REEDS,98.59,-0.5391,-0.511,-0.481
floodway,2022-08-07,S2,NDMI,NW_REEDS,98.59,0.2747,0.3221,0.3694
floodway,2022-08-07,S2,BSI,NW_REEDS,98.59,-0.3328,-0.2863,-0.239
floodway,2022-08-07,S2,AWEIsh,NW_REEDS,98.59,-0.695,-0.6309,-0.563
floodway,2022-08-07,S2,NDTI,NW_REEDS,98.59,-0.3104,-0.2753,-0.2346
floodway,2022-08-07,S2,NDVI,NW_TREES,48.19,0.833,0.87,0.8948
floodway,2022-08-07,S2,NDWI,NW_TREES,48.19,-0.807,-0.7764,-0.7328
floodway,2022-08-07,S2,MNDWI,NW_TREES,48.19,-0.5907,-0.5491,-0.5039
floodway,2022-08-07,S2,NDMI,NW_TREES,48.19,0.345,0.3973,0.4378
floodway,2022-08-07,S2,BSI,NW_TREES,48.19,-0.4042,-0.3623,-0.308
floodway,2022-08-07,S2,AWEIsh,NW_TREES,48.19,-0.6627,-0.6098,-0.5531
floodway,2022-08-07,S2,NDTI,NW_TREES,48.19,-0.3262,-0.2855,-0.2455
floodway,2022-08-07,S2,NDVI,HIGH_REEDS,9.89,0.6798,0.7655,0.821
floodway,2022-08-07,S2,NDWI,HIGH_REEDS,9.89,-0.717,-0.6829,-0.6375
floodway,2022-08-07,S2,MNDWI,HIGH_REEDS,9.89,-0.6183,-0.5705,-0.5232
floodway,2022-08-07,S2,NDMI,HIGH_REEDS,9.89,0.0579,0.1732,0.2824
floodway,2022-08-07,S2,BSI,HIGH_REEDS,9.89,-0.2477,-0.1399,-0.0258
floodway,2022-08-07,S2,AWEIsh,HIGH_REEDS,9.89,-0.6589,-0.5977,-0.5465
floodway,2022-08-07,S2,NDTI,HIGH_REEDS,9.89,-0.26,-0.1653,-0.065
floodway,2022-08-07,S2,NDVI,OPEN_WATER,69.2,-0.616,-0.1779,0.2105
floodway,2022-08-07,S2,NDWI,OPEN_WATER,69.2,0.001,0.3769,0.7279
floodway,2022-08-07,S2,MNDWI,OPEN_WATER,69.2,-0.1327,0.122,0.241
floodway,2022-08-07,S2,NDMI,OPEN_WATER,69.2,-0.619,-0.3096,-0.0606
floodway,2022-08-07,S2,BSI,OPEN_WATER,69.2,-0.0406,0.0422,0.1353
floodway,2022-08-07,S2,AWEIsh,OPEN_WATER,69.2,-0.0089,0.0221,0.0312
floodway,2022-08-07,S2,NDTI,OPEN_WATER,69.2,-0.264,-0.2,-0.1464
floodway,2022-08-07,S2,NDVI,EVENT_REEDS,12.86,0.6597,0.7918,0.8414
floodway,2022-08-07,S2,NDWI,EVENT_REEDS,12.86,-0.731,-0.6913,-0.6035
floodway,2022-08-07,S2,MNDWI,EVENT_REEDS,12.86,-0.5623,-0.5263,-0.4856
floodway,2022-08-07,S2,NDMI,EVENT_REEDS,12.86,0.1271,0.2801,0.3557
floodway,2022-08-07,S2,BSI,EVENT_REEDS,12.86,-0.3153,-0.2399,-0.0858
floodway,2022-08-07,S2,AWEIsh,EVENT_REEDS,12.86,-0.6756,-0.5963,-0.5063
floodway,2022-08-07,S2,NDTI,EVENT_REEDS,12.86,-0.2925,-0.223,-0.0881
floodway,2022-08-07,S2,NDVI,DRY_LAND,2456.29,0.1991,0.3185,0.4857
floodway,2022-08-07,S2,NDWI,DRY_LAND,2456.29,-0.5094,-0.4114,-0.3333
floodway,2022-08-07,S2,MNDWI,DRY_LAND,2456.29,-0.5762,-0.5353,-0.4936
floodway,2022-08-07,S2,NDMI,DRY_LAND,2456.29,-0.2432,-0.1638,-0.0391
floodway,2022-08-07,S2,BSI,DRY_LAND,2456.29,0.08,0.1886,0.2491
floodway,2022-08-07,S2,AWEIsh,DRY_LAND,2456.29,-0.5757,-0.518,-0.4606
floodway,2022-08-07,S2,NDTI,DRY_LAND,2456.29,0.0326,0.1035,0.1391
floodway,2022-08-09,S2,NDVI,NW_REEDS,24.88,0.7668,0.7982,0.8259
floodway,2022-08-09,S2,NDWI,NW_REEDS,24.88,-0.7145,-0.6885,-0.6603
floodway,2022-08-09,S2,MNDWI,NW_REEDS,24.88,-0.5109,-0.4869,-0.4593
floodway,2022-08-09,S2,NDMI,NW_REEDS,24.88,0.2709,0.3118,0.3562
floodway,2022-08-09,S2,BSI,NW_REEDS,24.88,-0.3147,-0.2703,-0.2286
floodway,2022-08-09,S2,AWEIsh,NW_REEDS,24.88,-0.7547,-0.6912,-0.6116
floodway,2022-08-09,S2,NDTI,NW_REEDS,24.88,-0.2789,-0.2458,-0.2105
floodway,2022-08-09,S2,NDVI,NW_TREES,25.08,0.8199,0.8492,0.8714
floodway,2022-08-09,S2,NDWI,NW_TREES,25.08,-0.7816,-0.7557,-0.7231
floodway,2022-08-09,S2,MNDWI,NW_TREES,25.08,-0.5619,-0.5281,-0.4909
floodway,2022-08-09,S2,NDMI,NW_TREES,25.08,0.3359,0.3837,0.4201
floodway,2022-08-09,S2,BSI,NW_TREES,25.08,-0.3809,-0.3446,-0.2964
floodway,2022-08-09,S2,AWEIsh,NW_TREES,25.08,-0.7041,-0.6511,-0.5968
floodway,2022-08-09,S2,NDTI,NW_TREES,25.08,-0.2945,-0.259,-0.2242
floodway,2022-08-09,S2,NDVI,HIGH_REEDS,3.55,0.6536,0.7729,0.8217
floodway,2022-08-09,S2,NDWI,HIGH_REEDS,3.55,-0.7107,-0.6732,-0.6102
floodway,2022-08-09,S2,MNDWI,HIGH_REEDS,3.55,-0.571,-0.5251,-0.4914
floodway,2022-08-09,S2,NDMI,HIGH_REEDS,3.55,0.0604,0.239,0.3309
floodway,2022-08-09,S2,BSI,HIGH_REEDS,3.55,-0.2879,-0.1972,-0.0205
floodway,2022-08-09,S2,AWEIsh,HIGH_REEDS,3.55,-0.7335,-0.6409,-0.5673
floodway,2022-08-09,S2,NDTI,HIGH_REEDS,3.55,-0.2714,-0.203,-0.0619
floodway,2022-08-09,S2,NDVI,OPEN_WATER,37.45,-0.9406,-0.3917,0.2496
floodway,2022-08-09,S2,NDWI,OPEN_WATER,37.45,-0.1,0.5753,0.9649
floodway,2022-08-09,S2,MNDWI,OPEN_WATER,37.45,-0.1288,0.3195,0.4774
floodway,2022-08-09,S2,NDMI,OPEN_WATER,37.45,-0.9172,-0.4016,0.0833
floodway,2022-08-09,S2,BSI,OPEN_WATER,37.45,-0.0672,0.0462,0.1302
floodway,2022-08-09,S2,AWEIsh,OPEN_WATER,37.45,-0.0165,0.0414,0.0545
floodway,2022-08-09,S2,NDTI,OPEN_WATER,37.45,-0.2819,-0.2368,-0.185
floodway,2022-08-09,S2,NDVI,EVENT_REEDS,4.38,0.6827,0.7529,0.8077
floodway,2022-08-09,S2,NDWI,EVENT_REEDS,4.38,-0.6986,-0.6553,-0.5996
floodway,2022-08-09,S2,MNDWI,EVENT_REEDS,4.38,-0.5354,-0.4895,-0.3972
floodway,2022-08-09,S2,NDMI,EVENT_REEDS,4.38,0.1867,0.2705,0.3457
floodway,2022-08-09,S2,BSI,EVENT_REEDS,4.38,-0.2929,-0.2224,-0.1411
floodway,2022-08-09,S2,AWEIsh,EVENT_REEDS,4.38,-0.6982,-0.6046,-0.4799
floodway,2022-08-09,S2,NDTI,EVENT_REEDS,4.38,-0.2638,-0.2,-0.1314
floodway,2022-08-09,S2,NDVI,DRY_LAND,1304.81,0.2042,0.3199,0.4691
floodway,2022-08-09,S2,NDWI,DRY_LAND,1304.81,-0.4958,-0.4088,-0.3337
floodway,2022-08-09,S2,MNDWI,DRY_LAND,1304.81,-0.5607,-0.5236,-0.4882
floodway,2022-08-09,S2,NDMI,DRY_LAND,1304.81,-0.2288,-0.1532,-0.037
floodway,2022-08-09,S2,BSI,DRY_LAND,1304.81,0.0814,0.1823,0.242
floodway,2022-08-09,S2,AWEIsh,DRY_LAND,1304.81,-0.6299,-0.5784,-0.532
floodway,2022-08-09,S2,NDTI,DRY_LAND,1304.81,0.0369,0.0998,0.135
floodway,2022-08-24,S2,NDVI,NW_REEDS,24.19,0.687,0.7151,0.74
floodway,2022-08-24,S2,NDWI,NW_REEDS,24.19,-0.6581,-0.6353,-0.6093
floodway,2022-08-24,S2,MNDWI,NW_REEDS,24.19,-0.4843,-0.4621,-0.4224
floodway,2022-08-24,S2,NDMI,NW_REEDS,24.19,0.2247,0.2596,0.2966
floodway,2022-08-24,S2,BSI,NW_REEDS,24.19,-0.2437,-0.2095,-0.1764
floodway,2022-08-24,S2,AWEIsh,NW_REEDS,24.19,-0.6578,-0.6034,-0.4844
floodway,2022-08-24,S2,NDTI,NW_REEDS,24.19,-0.1694,-0.147,-0.1243
floodway,2022-08-24,S2,NDVI,NW_TREES,18.42,0.7204,0.7589,0.7924
floodway,2022-08-24,S2,NDWI,NW_TREES,18.42,-0.7157,-0.6831,-0.6444
floodway,2022-08-24,S2,MNDWI,NW_TREES,18.42,-0.5019,-0.4725,-0.4369
floodway,2022-08-24,S2,NDMI,NW_TREES,18.42,0.2731,0.319,0.3615
floodway,2022-08-24,S2,BSI,NW_TREES,18.42,-0.31,-0.2682,-0.2235
floodway,2022-08-24,S2,AWEIsh,NW_TREES,18.42,-0.6278,-0.573,-0.5078
floodway,2022-08-24,S2,NDTI,NW_TREES,18.42,-0.1839,-0.1588,-0.1339
floodway,2022-08-24,S2,NDVI,HIGH_REEDS,5.36,0.5648,0.6373,0.6896
floodway,2022-08-24,S2,NDWI,HIGH_REEDS,5.36,-0.6273,-0.5914,-0.5408
floodway,2022-08-24,S2,MNDWI,HIGH_REEDS,5.36,-0.5847,-0.5444,-0.4865
floodway,2022-08-24,S2,NDMI,HIGH_REEDS,5.36,-0.0136,0.0715,0.1659
floodway,2022-08-24,S2,BSI,HIGH_REEDS,5.36,-0.125,-0.0433,0.0335
floodway,2022-08-24,S2,AWEIsh,HIGH_REEDS,5.36,-0.6154,-0.5707,-0.5319
floodway,2022-08-24,S2,NDTI,HIGH_REEDS,5.36,-0.119,-0.0742,-0.0316
floodway,2022-08-24,S2,NDVI,OPEN_WATER,16.55,-0.0395,0.0251,0.1376
floodway,2022-08-24,S2,NDWI,OPEN_WATER,16.55,-0.008,0.092,0.1474
floodway,2022-08-24,S2,MNDWI,OPEN_WATER,16.55,-0.0091,0.0833,0.1311
floodway,2022-08-24,S2,NDMI,OPEN_WATER,16.55,-0.0521,-0.0191,0.0732
floodway,2022-08-24,S2,BSI,OPEN_WATER,16.55,-0.0555,-0.0209,0.0023
floodway,2022-08-24,S2,AWEIsh,OPEN_WATER,16.55,0.0053,0.0258,0.0359
floodway,2022-08-24,S2,NDTI,OPEN_WATER,16.55,-0.1296,-0.1066,-0.0884
floodway,2022-08-24,S2,NDVI,EVENT_REEDS,1.67,0.6134,0.6595,0.7121
floodway,2022-08-24,S2,NDWI,EVENT_REEDS,1.67,-0.6389,-0.5946,-0.5615
floodway,2022-08-24,S2,MNDWI,EVENT_REEDS,1.67,-0.5059,-0.4745,-0.4364
floodway,2022-08-24,S2,NDMI,EVENT_REEDS,1.67,0.1192,0.1839,0.272
floodway,2022-08-24,S2,BSI,EVENT_REEDS,1.67,-0.2164,-0.1369,-0.0769
floodway,2022-08-24,S2,AWEIsh,EVENT_REEDS,1.67,-0.6102,-0.5531,-0.4765
floodway,2022-08-24,S2,NDTI,EVENT_REEDS,1.67,-0.1456,-0.1063,-0.0702
floodway,2022-08-24,S2,NDVI,DRY_LAND,682.74,0.2726,0.3814,0.4825
floodway,2022-08-24,S2,NDWI,DRY_LAND,682.74,-0.4837,-0.4196,-0.3518
floodway,2022-08-24,S2,MNDWI,DRY_LAND,682.74,-0.5327,-0.5007,-0.4603
floodway,2022-08-24,S2,NDMI,DRY_LAND,682.74,-0.1837,-0.1035,-0.0078
floodway,2022-08-24,S2,BSI,DRY_LAND,682.74,0.0447,0.1253,0.1922
floodway,2022-08-24,S2,AWEIsh,DRY_LAND,682.74,-0.6375,-0.5662,-0.5131
floodway,2022-08-24,S2,NDTI,DRY_LAND,682.74,-0.0016,0.0477,0.0884
floodway,2022-09-18,S2,NDVI,NW_REEDS,14.54,0.6852,0.7261,0.7665
floodway,2022-09-18,S2,NDWI,NW_REEDS,14.54,-0.6875,-0.661,-0.6349
floodway,2022-09-18,S2,MNDWI,NW_REEDS,14.54,-0.5723,-0.5469,-0.5145
floodway,2022-09-18,S2,NDMI,NW_REEDS,14.54,0.1372,0.1859,0.2378
floodway,2022-09-18,S2,BSI,NW_REEDS,14.54,-0.1892,-0.1356,-0.0867
floodway,2022-09-18,S2,AWEIsh,NW_REEDS,14.54,-0.7244,-0.6552,-0.5802
floodway,2022-09-18,S2,NDTI,NW_REEDS,14.54,-0.1787,-0.1266,-0.0806
floodway,2022-09-18,S2,NDVI,NW_TREES,15.52,0.7049,0.7947,0.8478
floodway,2022-09-18,S2,NDWI,NW_TREES,15.52,-0.7585,-0.7143,-0.6483
floodway,2022-09-18,S2,MNDWI,NW_TREES,15.52,-0.6078,-0.5672,-0.5263
floodway,2022-09-18,S2,NDMI,NW_TREES,15.52,0.1349,0.2417,0.3256
floodway,2022-09-18,S2,BSI,NW_TREES,15.52,-0.2835,-0.1977,-0.0874
floodway,2022-09-18,S2,AWEIsh,NW_TREES,15.52,-0.6103,-0.5469,-0.4774
floodway,2022-09-18,S2,NDTI,NW_TREES,15.52,-0.2557,-0.1797,-0.0951
floodway,2022-09-18,S2,NDVI,HIGH_REEDS,3.51,0.622,0.6837,0.7399
floodway,2022-09-18,S2,NDWI,HIGH_REEDS,3.51,-0.6769,-0.6393,-0.6044
floodway,2022-09-18,S2,MNDWI,HIGH_REEDS,3.51,-0.6143,-0.5678,-0.5275
floodway,2022-09-18,S2,NDMI,HIGH_REEDS,3.51,0.0374,0.1256,0.1865
floodway,2022-09-18,S2,BSI,HIGH_REEDS,3.51,-0.1272,-0.0658,0.0122
floodway,2022-09-18,S2,AWEIsh,HIGH_REEDS,3.51,-0.6469,-0.5986,-0.5479
floodway,2022-09-18,S2,NDTI,HIGH_REEDS,3.51,-0.1371,-0.0743,-0.0156
floodway,2022-09-18,S2,NDVI,OPEN_WATER,28.21,-0.8873,-0.1859,0.4583
floodway,2022-09-18,S2,NDWI,OPEN_WATER,28.21,-0.1039,0.5556,1.1167
floodway,2022-09-18,S2,MNDWI,OPEN_WATER,28.21,-0.2715,0.0709,0.332
floodway,2022-09-18,S2,NDMI,OPEN_WATER,28.21,-1.1263,-0.4915,0.1105
floodway,2022-09-18,S2,BSI,OPEN_WATER,28.21,0.0203,0.2342,0.5111
floodway,2022-09-18,S2,AWEIsh,OPEN_WATER,28.21,-0.0258,0.0149,0.0281
floodway,2022-09-18,S2,NDTI,OPEN_WATER,28.21,-0.3673,-0.2883,-0.1906
floodway,2022-09-18,S2,NDVI,EVENT_REEDS,3.88,0.6422,0.7055,0.7515
floodway,2022-09-18,S2,NDWI,EVENT_REEDS,3.88,-0.6808,-0.6431,-0.5969
floodway,2022-09-18,S2,MNDWI,EVENT_REEDS,3.88,-0.5924,-0.5444,-0.4624
floodway,2022-09-18,S2,NDMI,EVENT_REEDS,3.88,0.0732,0.157,0.2431
floodway,2022-09-18,S2,BSI,EVENT_REEDS,3.88,-0.1846,-0.1087,-0.0267
floodway,2022-09-18,S2,AWEIsh,EVENT_REEDS,3.88,-0.6228,-0.5499,-0.4432
floodway,2022-09-18,S2,NDTI,EVENT_REEDS,3.88,-0.1737,-0.1155,-0.0547
floodway,2022-09-18,S2,NDVI,DRY_LAND,741.05,0.216,0.3544,0.4939
floodway,2022-09-18,S2,NDWI,DRY_LAND,741.05,-0.5358,-0.4475,-0.3549
floodway,2022-09-18,S2,MNDWI,DRY_LAND,741.05,-0.6175,-0.5835,-0.547
floodway,2022-09-18,S2,NDMI,DRY_LAND,741.05,-0.2656,-0.1825,-0.0838
floodway,2022-09-18,S2,BSI,DRY_LAND,741.05,0.1256,0.2092,0.2759
floodway,2022-09-18,S2,AWEIsh,DRY_LAND,741.05,-0.6227,-0.5664,-0.5199
floodway,2022-09-18,S2,NDTI,DRY_LAND,741.05,0.0433,0.1065,0.1507
floodway,2022-09-21,S2,NDVI,NW_REEDS,22.13,0.6978,0.7382,0.7778
floodway,2022-09-21,S2,NDWI,NW_REEDS,22.13,-0.7065,-0.6782,-0.6509
floodway,2022-09-21,S2,MNDWI,NW_REEDS,22.13,-0.5637,-0.5394,-0.5074
floodway,2022-09-21,S2,NDMI,NW_REEDS,22.13,0.1756,0.2289,0.2889
floodway,2022-09-21,S2,BSI,NW_REEDS,22.13,-0.2372,-0.1766,-0.1235
floodway,2022-09-21,S2,AWEIsh,NW_REEDS,22.13,-0.6444,-0.5866,-0.5215
floodway,2022-09-21,S2,NDTI,NW_REEDS,22.13,-0.1709,-0.1217,-0.0756
floodway,2022-09-21,S2,NDVI,NW_TREES,22.73,0.7253,0.7997,0.8421
floodway,2022-09-21,S2,NDWI,NW_TREES,22.73,-0.7588,-0.722,-0.6649
floodway,2022-09-21,S2,MNDWI,NW_TREES,22.73,-0.5796,-0.5402,-0.4997
floodway,2022-09-21,S2,NDMI,NW_TREES,22.73,0.1891,0.2917,0.3725
floodway,2022-09-21,S2,BSI,NW_TREES,22.73,-0.3262,-0.2457,-0.142
floodway,2022-09-21,S2,AWEIsh,NW_TREES,22.73,-0.5586,-0.4994,-0.4368
floodway,2022-09-21,S2,NDTI,NW_TREES,22.73,-0.2358,-0.1772,-0.1064
floodway,2022-09-21,S2,NDVI,HIGH_REEDS,3.42,0.6254,0.6887,0.7416
floodway,2022-09-21,S2,NDWI,HIGH_REEDS,3.42,-0.6823,-0.6499,-0.6155
floodway,2022-09-21,S2,MNDWI,HIGH_REEDS,3.42,-0.5926,-0.5506,-0.5127
floodway,2022-09-21,S2,NDMI,HIGH_REEDS,3.42,0.0752,0.165,0.2281
floodway,2022-09-21,S2,BSI,HIGH_REEDS,3.42,-0.1691,-0.1057,-0.0247
floodway,2022-09-21,S2,AWEIsh,HIGH_REEDS,3.42,-0.5924,-0.5492,-0.5086
floodway,2022-09-21,S2,NDTI,HIGH_REEDS,3.42,-0.1272,-0.0669,-0.0088
floodway,2022-09-21,S2,NDVI,OPEN_WATER,32.95,-0.4095,-0.2021,0.1981
floodway,2022-09-21,S2,NDWI,OPEN_WATER,32.95,-0.0047,0.4316,0.6037
floodway,2022-09-21,S2,MNDWI,OPEN_WATER,32.95,-0.0766,0.3711,0.5389
floodway,2022-09-21,S2,NDMI,OPEN_WATER,32.95,-0.2693,-0.0741,0.1605
floodway,2022-09-21,S2,BSI,OPEN_WATER,32.95,-0.1236,-0.0433,0.0429
floodway,2022-09-21,S2,AWEIsh,OPEN_WATER,32.95,-0.008,0.0287,0.0387
floodway,2022-09-21,S2,NDTI,OPEN_WATER,32.95,-0.2871,-0.2392,-0.1779
floodway,2022-09-21,S2,NDVI,EVENT_REEDS,4.2,0.6501,0.7114,0.7528
floodway,2022-09-21,S2,NDWI,EVENT_REEDS,4.2,-0.6924,-0.6585,-0.6129
floodway,2022-09-21,S2,MNDWI,EVENT_REEDS,4.2,-0.5754,-0.5358,-0.4552
floodway,2022-09-21,S2,NDMI,EVENT_REEDS,4.2,0.1191,0.1988,0.2802
floodway,2022-09-21,S2,BSI,EVENT_REEDS,4.2,-0.2191,-0.148,-0.0717
floodway,2022-09-21,S2,AWEIsh,EVENT_REEDS,4.2,-0.5943,-0.523,-0.4189
floodway,2022-09-21,S2,NDTI,EVENT_REEDS,4.2,-0.1522,-0.1061,-0.0515
floodway,2022-09-21,S2,NDVI,DRY_LAND,941.99,0.2645,0.4013,0.5207
floodway,2022-09-21,S2,NDWI,DRY_LAND,941.99,-0.549,-0.4724,-0.3814
floodway,2022-09-21,S2,MNDWI,DRY_LAND,941.99,-0.5948,-0.5648,-0.531
floodway,2022-09-21,S2,NDMI,DRY_LAND,941.99,-0.2159,-0.1242,-0.0245
floodway,2022-09-21,S2,BSI,DRY_LAND,941.99,0.0653,0.1534,0.2285
floodway,2022-09-21,S2,AWEIsh,DRY_LAND,941.99,-0.5732,-0.5116,-0.4518
floodway,2022-09-21,S2,NDTI,DRY_LAND,941.99,0.0273,0.0871,0.1333
floodway,2022-10-11,S2,NDVI,NW_REEDS,98.59,0.6067,0.6645,0.7229
floodway,2022-10-11,S2,NDWI,NW_REEDS,98.59,-0.6924,-0.6626,-0.6338
floodway,2022-10-11,S2,MNDWI,NW_REEDS,98.59,-0.6211,-0.5921,-0.5555
floodway,2022-10-11,S2,NDMI,NW_REEDS,98.59,0.0583,0.1246,0.1951
floodway,2022-10-11,S2,BSI,NW_REEDS,98.59,-0.1259,-0.0552,0.0097
floodway,2022-10-11,S2,AWEIsh,NW_REEDS,98.59,-0.571,-0.5284,-0.4838
floodway,2022-10-11,S2,NDTI,NW_REEDS,98.59,-0.0723,-0.0043,0.0528
floodway,2022-10-11,S2,NDVI,NW_TREES,48.19,0.7013,0.7613,0.8033
floodway,2022-10-11,S2,NDWI,NW_TREES,48.19,-0.7388,-0.7028,-0.6597
floodway,2022-10-11,S2,MNDWI,NW_TREES,48.19,-0.6091,-0.5537,-0.4933
floodway,2022-10-11,S2,NDMI,NW_TREES,48.19,0.1567,0.2441,0.3232
floodway,2022-10-11,S2,BSI,NW_TREES,48.19,-0.2528,-0.1765,-0.0935
floodway,2022-10-11,S2,AWEIsh,NW_TREES,48.19,-0.509,-0.455,-0.4001
floodway,2022-10-11,S2,NDTI,NW_TREES,48.19,-0.175,-0.1196,-0.0588
floodway,2022-10-11,S2,NDVI,HIGH_REEDS,9.89,0.5353,0.6261,0.733
floodway,2022-10-11,S2,NDWI,HIGH_REEDS,9.89,-0.6894,-0.6379,-0.591
floodway,2022-10-11,S2,MNDWI,HIGH_REEDS,9.89,-0.6557,-0.6233,-0.5846
floodway,2022-10-11,S2,NDMI,HIGH_REEDS,9.89,-0.0556,0.0415,0.126
floodway,2022-10-11,S2,BSI,HIGH_REEDS,9.89,-0.0718,0.0205,0.111
floodway,2022-10-11,S2,AWEIsh,HIGH_REEDS,9.89,-0.57,-0.5227,-0.474
floodway,2022-10-11,S2,NDTI,HIGH_REEDS,9.89,-0.0909,0.0169,0.0861
floodway,2022-10-11,S2,NDVI,OPEN_WATER,69.2,-0.6615,-0.3333,0.2361
floodway,2022-10-11,S2,NDWI,OPEN_WATER,69.2,0.0179,0.56,0.7917
floodway,2022-10-11,S2,MNDWI,OPEN_WATER,69.2,-0.1793,0.404,0.5844
floodway,2022-10-11,S2,NDMI,OPEN_WATER,69.2,-0.473,-0.2727,-0.0639
floodway,2022-10-11,S2,BSI,OPEN_WATER,69.2,0.1064,0.2398,0.3671
floodway,2022-10-11,S2,AWEIsh,OPEN_WATER,69.2,-0.0159,0.0225,0.0329
floodway,2022-10-11,S2,NDTI,OPEN_WATER,69.2,-0.3134,-0.2569,-0.1878
floodway,2022-10-11,S2,NDVI,EVENT_REEDS,12.86,0.6099,0.6768,0.7416
floodway,2022-10-11,S2,NDWI,EVENT_REEDS,12.86,-0.7013,-0.6648,-0.6246
floodway,2022-10-11,S2,MNDWI,EVENT_REEDS,12.86,-0.6243,-0.5897,-0.5469
floodway,2022-10-11,S2,NDMI,EVENT_REEDS,12.86,0.0494,0.1311,0.209
floodway,2022-10-11,S2,BSI,EVENT_REEDS,12.86,-0.1422,-0.0653,0.0116
floodway,2022-10-11,S2,AWEIsh,EVENT_REEDS,12.86,-0.5784,-0.5284,-0.477
floodway,2022-10-11,S2,NDTI,EVENT_REEDS,12.86,-0.0965,-0.0323,0.029
floodway,2022-10-11,S2,NDVI,DRY_LAND,2458.31,0.3195,0.4298,0.5724
floodway,2022-10-11,S2,NDWI,DRY_LAND,2458.31,-0.5923,-0.5136,-0.435
floodway,2022-10-11,S2,MNDWI,DRY_LAND,2458.31,-0.6338,-0.5985,-0.5533
floodway,2022-10-11,S2,NDMI,DRY_LAND,2458.31,-0.2089,-0.1298,-0.0101
floodway,2022-10-11,S2,BSI,DRY_LAND,2458.31,0.0619,0.1695,0.2341
floodway,2022-10-11,S2,AWEIsh,DRY_LAND,2458.31,-0.5945,-0.521,-0.459
floodway,2022-10-11,S2,NDTI,DRY_LAND,2458.31,0.0192,0.0966,0.1401
floodway,2022-10-16,S2,NDVI,NW_REEDS,86.29,0.54,0.5996,0.6601
floodway,2022-10-16,S2,NDWI,NW_REEDS,86.29,-0.6403,-0.6104,-0.58
floodway,2022-10-16,S2,MNDWI,NW_REEDS,86.29,-0.5969,-0.5681,-0.5316
floodway,2022-10-16,S2,NDMI,NW_REEDS,86.29,0.0045,0.0722,0.1436
floodway,2022-10-16,S2,BSI,NW_REEDS,86.29,-0.0852,-0.0177,0.0439
floodway,2022-10-16,S2,AWEIsh,NW_REEDS,86.29,-0.5318,-0.4929,-0.4514
floodway,2022-10-16,S2,NDTI,NW_REEDS,86.29,-0.047,0.015,0.0658
floodway,2022-10-16,S2,NDVI,NW_TREES,31.93,0.6501,0.7116,0.7542
floodway,2022-10-16,S2,NDWI,NW_TREES,31.93,-0.685,-0.6525,-0.6121
floodway,2022-10-16,S2,MNDWI,NW_TREES,31.93,-0.5578,-0.5073,-0.4507
floodway,2022-10-16,S2,NDMI,NW_TREES,31.93,0.1365,0.217,0.2912
floodway,2022-10-16,S2,BSI,NW_TREES,31.93,-0.2278,-0.1585,-0.0854
floodway,2022-10-16,S2,AWEIsh,NW_TREES,31.93,-0.4761,-0.4249,-0.3736
floodway,2022-10-16,S2,NDTI,NW_TREES,31.93,-0.1559,-0.1073,-0.0532
floodway,2022-10-16,S2,NDVI,HIGH_REEDS,6.86,0.504,0.58,0.6604
floodway,2022-10-16,S2,NDWI,HIGH_REEDS,6.86,-0.6293,-0.5876,-0.5473
floodway,2022-10-16,S2,MNDWI,HIGH_REEDS,6.86,-0.6318,-0.6048,-0.5711
floodway,2022-10-16,S2,NDMI,HIGH_REEDS,6.86,-0.0942,-0.0234,0.0533
floodway,2022-10-16,S2,BSI,HIGH_REEDS,6.86,-0.0158,0.0555,0.1168
floodway,2022-10-16,S2,AWEIsh,HIGH_REEDS,6.86,-0.5464,-0.5086,-0.4656
floodway,2022-10-16,S2,NDTI,HIGH_REEDS,6.86,-0.0624,0.009,0.0628
floodway,2022-10-16,S2,NDVI,OPEN_WATER,40.86,-0.3577,-0.2419,0.0139
floodway,2022-10-16,S2,NDWI,OPEN_WATER,40.86,0.2179,0.4375,0.5302
floodway,2022-10-16,S2,MNDWI,OPEN_WATER,40.86,0.1193,0.5149,0.6246
floodway,2022-10-16,S2,NDMI,OPEN_WATER,40.86,-0.0506,0.0882,0.1743
floodway,2022-10-16,S2,BSI,OPEN_WATER,40.86,-0.1296,-0.0866,-0.009
floodway,2022-10-16,S2,AWEIsh,OPEN_WATER,40.86,0.0196,0.0504,0.06
floodway,2022-10-16,S2,NDTI,OPEN_WATER,40.86,-0.2465,-0.213,-0.1778
floodway,2022-10-16,S2,NDVI,EVENT_REEDS,9.66,0.563,0.6298,0.6951
floodway,2022-10-16,S2,NDWI,EVENT_REEDS,9.66,-0.6547,-0.6202,-0.5841
floodway,2022-10-16,S2,MNDWI,EVENT_REEDS,9.66,-0.5972,-0.5666,-0.5301
floodway,2022-10-16,S2,NDMI,EVENT_REEDS,9.66,0.0106,0.0868,0.1604
floodway,2022-10-16,S2,BSI,EVENT_REEDS,9.66,-0.1065,-0.0367,0.0314
floodway,2022-10-16,S2,AWEIsh,EVENT_REEDS,9.66,-0.5497,-0.5041,-0.4617
floodway,2022-10-16,S2,NDTI,EVENT_REEDS,9.66,-0.0807,-0.0211,0.0334
floodway,2022-10-16,S2,NDVI,DRY_LAND,1526.45,0.2861,0.3869,0.5258
floodway,2022-10-16,S2,NDWI,DRY_LAND,1526.45,-0.5491,-0.4674,-0.398
floodway,2022-10-16,S2,MNDWI,DRY_LAND,1526.45,-0.6154,-0.5831,-0.542
floodway,2022-10-16,S2,NDMI,DRY_LAND,1526.45,-0.2331,-0.1511,-0.0411
floodway,2022-10-16,S2,BSI,DRY_LAND,1526.45,0.0775,0.1734,0.2366
floodway,2022-10-16,S2,AWEIsh,DRY_LAND,1526.45,-0.5765,-0.5058,-0.4478
floodway,2022-10-16,S2,NDTI,DRY_LAND,1526.45,0.0241,0.0889,0.13
floodway,2022-10-18,S2,NDVI,NW_REEDS,24.88,0.5102,0.5753,0.6445
floodway,2022-10-18,S2,NDWI,NW_REEDS,24.88,-0.6263,-0.5915,-0.56
floodway,2022-10-18,S2,MNDWI,NW_REEDS,24.88,-0.5693,-0.5367,-0.4944
floodway,2022-10-18,S2,NDMI,NW_REEDS,24.88,0.0181,0.0865,0.162
floodway,2022-10-18,S2,BSI,NW_REEDS,24.88,-0.0885,-0.0164,0.0472
floodway,2022-10-18,S2,AWEIsh,NW_REEDS,24.88,-0.5491,-0.4942,-0.4264
floodway,2022-10-18,S2,NDTI,NW_REEDS,24.88,-0.0489,0.0182,0.0735
floodway,2022-10-18,S2,NDVI,NW_TREES,25.08,0.6228,0.6868,0.744
floodway,2022-10-18,S2,NDWI,NW_TREES,25.08,-0.6745,-0.6359,-0.5964
floodway,2022-10-18,S2,MNDWI,NW_TREES,25.08,-0.5583,-0.5058,-0.4503
floodway,2022-10-18,S2,NDMI,NW_TREES,25.08,0.1108,0.1931,0.2737
floodway,2022-10-18,S2,BSI,NW_TREES,25.08,-0.2012,-0.1245,-0.0491
floodway,2022-10-18,S2,AWEIsh,NW_TREES,25.08,-0.4748,-0.4183,-0.3612
floodway,2022-10-18,S2,NDTI,NW_TREES,25.08,-0.1494,-0.09,-0.032
floodway,2022-10-18,S2,NDVI,HIGH_REEDS,3.55,0.3916,0.4959,0.6218
floodway,2022-10-18,S2,NDWI,HIGH_REEDS,3.55,-0.6204,-0.5618,-0.52
floodway,2022-10-18,S2,MNDWI,HIGH_REEDS,3.55,-0.6212,-0.5871,-0.5552
floodway,2022-10-18,S2,NDMI,HIGH_REEDS,3.55,-0.1192,-0.0356,0.0687
floodway,2022-10-18,S2,BSI,HIGH_REEDS,3.55,-0.005,0.098,0.1778
floodway,2022-10-18,S2,AWEIsh,HIGH_REEDS,3.55,-0.5382,-0.4936,-0.4566
floodway,2022-10-18,S2,NDTI,HIGH_REEDS,3.55,-0.0068,0.0889,0.1599
floodway,2022-10-18,S2,NDVI,OPEN_WATER,37.45,-0.8421,-0.4651,0.2349
floodway,2022-10-18,S2,NDWI,OPEN_WATER,37.45,0.0916,0.668,0.9126
floodway,2022-10-18,S2,MNDWI,OPEN_WATER,37.45,-0.2367,0.4888,0.6667
floodway,2022-10-18,S2,NDMI,OPEN_WATER,37.45,-0.6774,-0.3898,-0.1094
floodway,2022-10-18,S2,BSI,OPEN_WATER,37.45,0.0306,0.1198,0.2183
floodway,2022-10-18,S2,AWEIsh,OPEN_WATER,37.45,-0.0215,0.0437,0.0546
floodway,2022-10-18,S2,NDTI,OPEN_WATER,37.45,-0.3375,-0.2785,-0.194
floodway,2022-10-18,S2,NDVI,EVENT_REEDS,4.38,0.5023,0.5716,0.6346
floodway,2022-10-18,S2,NDWI,EVENT_REEDS,4.38,-0.6231,-0.5855,-0.5482
floodway,2022-10-18,S2,MNDWI,EVENT_REEDS,4.38,-0.5975,-0.5547,-0.4824
floodway,2022-10-18,S2,NDMI,EVENT_REEDS,4.38,-0.0281,0.058,0.1498
floodway,2022-10-18,S2,BSI,EVENT_REEDS,4.38,-0.0763,0.0036,0.0793
floodway,2022-10-18,S2,AWEIsh,EVENT_REEDS,4.38,-0.5415,-0.4854,-0.4012
floodway,2022-10-18,S2,NDTI,EVENT_REEDS,4.38,-0.0542,0.0092,0.0713
floodway,2022-10-18,S2,NDVI,DRY_LAND,1304.45,0.2801,0.3731,0.4996
floodway,2022-10-18,S2,NDWI,DRY_LAND,1304.45,-0.5449,-0.469,-0.4003
floodway,2022-10-18,S2,MNDWI,DRY_LAND,1304.45,-0.6217,-0.5902,-0.548
floodway,2022-10-18,S2,NDMI,DRY_LAND,1304.45,-0.2369,-0.1638,-0.0661
floodway,2022-10-18,S2,BSI,DRY_LAND,1304.45,0.1079,0.1926,0.2515
floodway,2022-10-18,S2,AWEIsh,DRY_LAND,1304.45,-0.6094,-0.5355,-0.4802
floodway,2022-10-18,S2,NDTI,DRY_LAND,1304.45,0.0417,0.1075,0.1472
floodway,2022-10-21,S2,NDVI,NW_REEDS,0.46,0.2365,0.262,0.2971
floodway,2022-10-21,S2,NDWI,NW_REEDS,0.46,-0.2847,-0.255,-0.2371
floodway,2022-10-21,S2,MNDWI,NW_REEDS,0.46,-0.2589,-0.2282,-0.2064
floodway,2022-10-21,S2,NDMI,NW_REEDS,0.46,0.0077,0.0312,0.0533
floodway,2022-10-21,S2,BSI,NW_REEDS,0.46,-0.0418,-0.018,0.0042
floodway,2022-10-21,S2,AWEIsh,NW_REEDS,0.46,-0.2657,-0.2409,-0.2194
floodway,2022-10-21,S2,NDTI,NW_REEDS,0.46,-0.0224,-0.0059,0.0088
floodway,2022-10-21,S2,NDVI,HIGH_REEDS,0.26,0.1598,0.1883,0.2327
floodway,2022-10-21,S2,NDWI,HIGH_REEDS,0.26,-0.2376,-0.1957,-0.1676
floodway,2022-10-21,S2,MNDWI,HIGH_REEDS,0.26,-0.2868,-0.2443,-0.2085
floodway,2022-10-21,S2,NDMI,HIGH_REEDS,0.26,-0.0713,-0.0471,-0.0232
floodway,2022-10-21,S2,BSI,HIGH_REEDS,0.26,0.0096,0.0329,0.0568
floodway,2022-10-21,S2,AWEIsh,HIGH_REEDS,0.26,-0.3076,-0.2701,-0.2347
floodway,2022-10-21,S2,NDTI,HIGH_REEDS,0.26,-0.0104,0.0039,0.0192
floodway,2022-10-21,S2,NDVI,EVENT_REEDS,0.55,0.2381,0.2907,0.356
floodway,2022-10-21,S2,NDWI,EVENT_REEDS,0.55,-0.3353,-0.2758,-0.2328
floodway,2022-10-21,S2,MNDWI,EVENT_REEDS,0.55,-0.3138,-0.2648,-0.2296
floodway,2022-10-21,S2,NDMI,EVENT_REEDS,0.55,-0.0146,0.0096,0.0402
floodway,2022-10-21,S2,BSI,EVENT_REEDS,0.55,-0.0303,-0.0053,0.0133
floodway,2022-10-21,S2,AWEIsh,EVENT_REEDS,0.55,-0.2957,-0.2782,-0.2594
floodway,2022-10-21,S2,NDTI,EVENT_REEDS,0.55,-0.0306,-0.0141,-0.0015
floodway,2022-10-21,S2,NDVI,DRY_LAND,36.2,0.1537,0.1802,0.2151
floodway,2022-10-21,S2,NDWI,DRY_LAND,36.2,-0.2307,-0.1965,-0.1706
floodway,2022-10-21,S2,MNDWI,DRY_LAND,36.2,-0.2984,-0.2531,-0.2222
floodway,2022-10-21,S2,NDMI,DRY_LAND,36.2,-0.0875,-0.0636,-0.0391
floodway,2022-10-21,S2,BSI,DRY_LAND,36.2,0.0262,0.048,0.0724
floodway,2022-10-21,S2,AWEIsh,DRY_LAND,36.2,-0.3374,-0.2992,-0.2609
floodway,2022-10-21,S2,NDTI,DRY_LAND,36.2,0.0016,0.015,0.0298
floodway,2022-11-15,S2,NDVI,NW_REEDS,86.28,0.363,0.4095,0.4667
floodway,2022-11-15,S2,NDWI,NW_REEDS,86.28,-0.6016,-0.5734,-0.5468
floodway,2022-11-15,S2,MNDWI,NW_REEDS,86.28,-0.6717,-0.6424,-0.6103
floodway,2022-11-15,S2,NDMI,NW_REEDS,86.28,-0.1649,-0.1154,-0.05
floodway,2022-11-15,S2,BSI,NW_REEDS,86.28,0.1132,0.1688,0.2097
floodway,2022-11-15,S2,AWEIsh,NW_REEDS,86.28,-0.4279,-0.3891,-0.3492
floodway,2022-11-15,S2,NDTI,NW_REEDS,86.28,0.1642,0.2128,0.2471
floodway,2022-11-15,S2,NDVI,NW_TREES,31.93,0.4794,0.5238,0.5696
floodway,2022-11-15,S2,NDWI,NW_TREES,31.93,-0.6163,-0.5867,-0.5573
floodway,2022-11-15,S2,MNDWI,NW_TREES,31.93,-0.6465,-0.5996,-0.5509
floodway,2022-11-15,S2,NDMI,NW_TREES,31.93,-0.0919,-0.0229,0.0479
floodway,2022-11-15,S2,BSI,NW_TREES,31.93,0.0107,0.0691,0.1251
floodway,2022-11-15,S2,AWEIsh,NW_TREES,31.93,-0.3773,-0.3356,-0.2972
floodway,2022-11-15,S2,NDTI,NW_TREES,31.93,0.0424,0.0889,0.1317
floodway,2022-11-15,S2,NDVI,HIGH_REEDS,6.85,0.3573,0.43,0.5284
floodway,2022-11-15,S2,NDWI,HIGH_REEDS,6.85,-0.5863,-0.5508,-0.5189
floodway,2022-11-15,S2,MNDWI,HIGH_REEDS,6.85,-0.676,-0.6485,-0.6181
floodway,2022-11-15,S2,NDMI,HIGH_REEDS,6.85,-0.2086,-0.1522,-0.0863
floodway,2022-11-15,S2,BSI,HIGH_REEDS,6.85,0.1215,0.1824,0.2301
floodway,2022-11-15,S2,AWEIsh,HIGH_REEDS,6.85,-0.4698,-0.4367,-0.3944
floodway,2022-11-15,S2,NDTI,HIGH_REEDS,6.85,0.0638,0.1423,0.2009
floodway,2022-11-15,S2,NDVI,OPEN_WATER,40.86,-0.7528,-0.413,0.084
floodway,2022-11-15,S2,NDWI,OPEN_WATER,40.86,0.1711,0.6508,0.8705
floodway,2022-11-15,S2,MNDWI,OPEN_WATER,40.86,-0.0533,0.4667,0.6522
floodway,2022-11-15,S2,NDMI,OPEN_WATER,40.86,-0.5794,-0.3333,-0.0886
floodway,2022-11-15,S2,BSI,OPEN_WATER,40.86,-0.1278,-0.0085,0.124
floodway,2022-11-15,S2,AWEIsh,OPEN_WATER,40.86,0.0027,0.0259,0.0345
floodway,2022-11-15,S2,NDTI,OPEN_WATER,40.86,-0.3793,-0.2952,-0.1948
floodway,2022-11-15,S2,NDVI,EVENT_REEDS,9.66,0.388,0.4505,0.5189
floodway,2022-11-15,S2,NDWI,EVENT_REEDS,9.66,-0.6114,-0.5785,-0.5455
floodway,2022-11-15,S2,MNDWI,EVENT_REEDS,9.66,-0.6697,-0.6342,-0.5967
floodway,2022-11-15,S2,NDMI,EVENT_REEDS,9.66,-0.1557,-0.0971,-0.0276
floodway,2022-11-15,S2,BSI,EVENT_REEDS,9.66,0.0874,0.146,0.1956
floodway,2022-11-15,S2,AWEIsh,EVENT_REEDS,9.66,-0.4778,-0.4286,-0.3858
floodway,2022-11-15,S2,NDTI,EVENT_REEDS,9.66,0.0994,0.1616,0.2185
floodway,2022-11-15,S2,NDVI,DRY_LAND,1544.73,0.2791,0.3726,0.5057
floodway,2022-11-15,S2,NDWI,DRY_LAND,1544.73,-0.5683,-0.4913,-0.4221
floodway,2022-11-15,S2,MNDWI,DRY_LAND,1544.73,-0.6573,-0.6139,-0.5649
floodway,2022-11-15,S2,NDMI,DRY_LAND,1544.73,-0.2705,-0.1785,-0.0597
floodway,2022-11-15,S2,BSI,DRY_LAND,1544.73,0.1037,0.2017,0.2751
floodway,2022-11-15,S2,AWEIsh,DRY_LAND,1544.73,-0.562,-0.4868,-0.4209
floodway,2022-11-15,S2,NDTI,DRY_LAND,1544.73,0.0695,0.1252,0.1667
floodway,2023-01-19,S2,NDVI,NW_REEDS,4.03,0.0771,0.1438,0.2097
floodway,2023-01-19,S2,NDWI,NW_REEDS,4.03,-0.2564,-0.1847,-0.1292
floodway,2023-01-19,S2,MNDWI,NW_REEDS,4.03,-0.3964,-0.3003,-0.2111
floodway,2023-01-19,S2,NDMI,NW_REEDS,4.03,-0.1779,-0.1066,-0.0413
floodway,2023-01-19,S2,BSI,NW_REEDS,4.03,0.0463,0.1169,0.1894
floodway,2023-01-19,S2,AWEIsh,NW_REEDS,4.03,-0.315,-0.2414,-0.1548
floodway,2023-01-19,S2,NDTI,NW_REEDS,4.03,0.013,0.0533,0.1018
floodway,2023-01-19,S2,NDVI,NW_TREES,1.0,-0.037,0.082,0.1789
floodway,2023-01-19,S2,NDWI,NW_TREES,1.0,-0.1799,-0.1139,-0.0594
floodway,2023-01-19,S2,MNDWI,NW_TREES,1.0,-0.3296,-0.2201,-0.112
floodway,2023-01-19,S2,NDMI,NW_TREES,1.0,-0.2127,-0.0942,0.0075
floodway,2023-01-19,S2,BSI,NW_TREES,1.0,-0.0202,0.0925,0.2104
floodway,2023-01-19,S2,AWEIsh,NW_TREES,1.0,-0.2856,-0.1754,-0.0767
floodway,2023-01-19,S2,NDTI,NW_TREES,1.0,-0.019,0.0484,0.1264
floodway,2023-01-19,S2,NDVI,OPEN_WATER,10.45,-0.0058,0.0691,0.1556
floodway,2023-01-19,S2,NDWI,OPEN_WATER,10.45,-0.1597,-0.0931,-0.0291
floodway,2023-01-19,S2,MNDWI,OPEN_WATER,10.45,-0.29,-0.173,-0.0693
floodway,2023-01-19,S2,NDMI,OPEN_WATER,10.45,-0.1748,-0.0814,-0.004
floodway,2023-01-19,S2,BSI,OPEN_WATER,10.45,0.0371,0.1118,0.2012
floodway,2023-01-19,S2,AWEIsh,OPEN_WATER,10.45,-0.149,-0.0384,-0.0134
floodway,2023-01-19,S2,NDTI,OPEN_WATER,10.45,-0.0334,0.021,0.08
floodway,2023-01-19,S2,NDVI,EVENT_REEDS,1.01,0.1368,0.2545,0.3333
floodway,2023-01-19,S2,NDWI,EVENT_REEDS,1.01,-0.4063,-0.3161,-0.1848
floodway,2023-01-19,S2,MNDWI,EVENT_REEDS,1.01,-0.5378,-0.4491,-0.2929
floodway,2023-01-19,S2,NDMI,EVENT_REEDS,1.01,-0.1949,-0.1336,-0.0689
floodway,2023-01-19,S2,BSI,EVENT_REEDS,1.01,0.0796,0.1561,0.217
floodway,2023-01-19,S2,AWEIsh,EVENT_REEDS,1.01,-0.4839,-0.3792,-0.2925
floodway,2023-01-19,S2,NDTI,EVENT_REEDS,1.01,0.0179,0.0684,0.1058
floodway,2023-01-19,S2,NDVI,DRY_LAND,504.81,0.1619,0.2052,0.2833
floodway,2023-01-19,S2,NDWI,DRY_LAND,504.81,-0.3603,-0.3086,-0.2578
floodway,2023-01-19,S2,MNDWI,DRY_LAND,504.81,-0.5617,-0.5212,-0.4197
floodway,2023-01-19,S2,NDMI,DRY_LAND,504.81,-0.2992,-0.2249,-0.1261
floodway,2023-01-19,S2,BSI,DRY_LAND,504.81,0.1362,0.2301,0.2939
floodway,2023-01-19,S2,AWEIsh,DRY_LAND,504.81,-0.4286,-0.3722,-0.3071
floodway,2023-01-19,S2,NDTI,DRY_LAND,504.81,0.0489,0.0968,0.1298
floodway,2023-02-08,S2,NDVI,NW_REEDS,81.73,0.2381,0.2721,0.3013
floodway,2023-02-08,S2,NDWI,NW_REEDS,81.73,-0.4637,-0.4272,-0.3734
floodway,2023-02-08,S2,MNDWI,NW_REEDS,81.73,-0.565,-0.5065,-0.41
floodway,2023-02-08,S2,NDMI,NW_REEDS,81.73,-0.1569,-0.0995,-0.0238
floodway,2023-02-08,S2,BSI,NW_REEDS,81.73,0.0894,0.151,0.197
floodway,2023-02-08,S2,AWEIsh,NW_REEDS,81.73,-0.305,-0.2576,-0.207
floodway,2023-02-08,S2,NDTI,NW_REEDS,81.73,0.121,0.1657,0.2
floodway,2023-02-08,S2,NDVI,NW_TREES,30.97,0.2983,0.3406,0.3733
floodway,2023-02-08,S2,NDWI,NW_TREES,30.97,-0.443,-0.4079,-0.3625
floodway,2023-02-08,S2,MNDWI,NW_TREES,30.97,-0.4474,-0.3819,-0.3119
floodway,2023-02-08,S2,NDMI,NW_TREES,30.97,-0.0339,0.0278,0.0865
floodway,2023-02-08,S2,BSI,NW_TREES,30.97,-0.0134,0.0297,0.0781
floodway,2023-02-08,S2,AWEIsh,NW_TREES,30.97,-0.2641,-0.2293,-0.193
floodway,2023-02-08,S2,NDTI,NW_TREES,30.97,0.0447,0.0719,0.1019
floodway,2023-02-08,S2,NDVI,HIGH_REEDS,6.24,0.2428,0.2827,0.3604
floodway,2023-02-08,S2,NDWI,HIGH_REEDS,6.24,-0.4264,-0.3911,-0.351
floodway,2023-02-08,S2,MNDWI,HIGH_REEDS,6.24,-0.5031,-0.4123,-0.2843
floodway,2023-02-08,S2,NDMI,HIGH_REEDS,6.24,-0.1405,-0.0325,0.1089
floodway,2023-02-08,S2,BSI,HIGH_REEDS,6.24,-0.0397,0.0819,0.1715
floodway,2023-02-08,S2,AWEIsh,HIGH_REEDS,6.24,-0.343,-0.2989,-0.244
floodway,2023-02-08,S2,NDTI,HIGH_REEDS,6.24,0.022,0.0931,0.1456
floodway,2023-02-08,S2,NDVI,OPEN_WATER,39.69,-0.2875,-0.1937,-0.0675
floodway,2023-02-08,S2,NDWI,OPEN_WATER,39.69,0.1791,0.3285,0.422
floodway,2023-02-08,S2,MNDWI,OPEN_WATER,39.69,0.2495,0.4933,0.598
floodway,2023-02-08,S2,NDMI,OPEN_WATER,39.69,0.0,0.1639,0.2874
floodway,2023-02-08,S2,BSI,OPEN_WATER,39.69,-0.1117,-0.0375,0.0596
floodway,2023-02-08,S2,AWEIsh,OPEN_WATER,39.69,0.0202,0.0289,0.0379
floodway,2023-02-08,S2,NDTI,OPEN_WATER,39.69,-0.1829,-0.1205,-0.0489
floodway,2023-02-08,S2,NDVI,EVENT_REEDS,9.38,0.2461,0.2878,0.3333
floodway,2023-02-08,S2,NDWI,EVENT_REEDS,9.38,-0.4686,-0.4295,-0.3796
floodway,2023-02-08,S2,MNDWI,EVENT_REEDS,9.38,-0.5628,-0.5059,-0.4238
floodway,2023-02-08,S2,NDMI,EVENT_REEDS,9.38,-0.1507,-0.0909,-0.0236
floodway,2023-02-08,S2,BSI,EVENT_REEDS,9.38,0.0855,0.1399,0.1871
floodway,2023-02-08,S2,AWEIsh,EVENT_REEDS,9.38,-0.3683,-0.3174,-0.2624
floodway,2023-02-08,S2,NDTI,EVENT_REEDS,9.38,0.1005,0.1412,0.1826
floodway,2023-02-08,S2,NDVI,DRY_LAND,1543.68,0.1794,0.232,0.337
floodway,2023-02-08,S2,NDWI,DRY_LAND,1543.68,-0.4209,-0.3405,-0.2678
floodway,2023-02-08,S2,MNDWI,DRY_LAND,1543.68,-0.5476,-0.4561,-0.2324
floodway,2023-02-08,S2,NDMI,DRY_LAND,1543.68,-0.2023,-0.0576,0.1101
floodway,2023-02-08,S2,BSI,DRY_LAND,1543.68,-0.0235,0.0964,0.2077
floodway,2023-02-08,S2,AWEIsh,DRY_LAND,1543.68,-0.4168,-0.3384,-0.2383
floodway,2023-02-08,S2,NDTI,DRY_LAND,1543.68,0.0541,0.0886,0.1233
floodway,2023-02-10,S2,NDVI,NW_REEDS,23.85,0.2054,0.2362,0.2653
floodway,2023-02-10,S2,NDWI,NW_REEDS,23.85,-0.3945,-0.3631,-0.322
floodway,2023-02-10,S2,MNDWI,NW_REEDS,23.85,-0.5126,-0.4666,-0.3751
floodway,2023-02-10,S2,NDMI,NW_REEDS,23.85,-0.1617,-0.1162,-0.0435
floodway,2023-02-10,S2,BSI,NW_REEDS,23.85,0.0809,0.1342,0.1694
floodway,2023-02-10,S2,AWEIsh,NW_REEDS,23.85,-0.3278,-0.2674,-0.2056
floodway,2023-02-10,S2,NDTI,NW_REEDS,23.85,0.098,0.1295,0.1525
floodway,2023-02-10,S2,NDVI,NW_TREES,24.81,0.3377,0.3746,0.4076
floodway,2023-02-10,S2,NDWI,NW_TREES,24.81,-0.4472,-0.417,-0.3801
floodway,2023-02-10,S2,MNDWI,NW_TREES,24.81,-0.5098,-0.4708,-0.4222
floodway,2023-02-10,S2,NDMI,NW_TREES,24.81,-0.1172,-0.0665,-0.0124
floodway,2023-02-10,S2,BSI,NW_TREES,24.81,0.0318,0.072,0.109
floodway,2023-02-10,S2,AWEIsh,NW_TREES,24.81,-0.3172,-0.2795,-0.2377
floodway,2023-02-10,S2,NDTI,NW_TREES,24.81,0.0215,0.0458,0.0701
floodway,2023-02-10,S2,NDVI,HIGH_REEDS,3.51,0.2196,0.2421,0.2838
floodway,2023-02-10,S2,NDWI,HIGH_REEDS,3.51,-0.4005,-0.3723,-0.348
floodway,2023-02-10,S2,MNDWI,HIGH_REEDS,3.51,-0.5678,-0.5226,-0.4567
floodway,2023-02-10,S2,NDMI,HIGH_REEDS,3.51,-0.2225,-0.1632,-0.1015
floodway,2023-02-10,S2,BSI,HIGH_REEDS,3.51,0.1243,0.1671,0.2109
floodway,2023-02-10,S2,AWEIsh,HIGH_REEDS,3.51,-0.3904,-0.3337,-0.2381
floodway,2023-02-10,S2,NDTI,HIGH_REEDS,3.51,0.102,0.1324,0.154
floodway,2023-02-10,S2,NDVI,OPEN_WATER,36.62,-0.256,-0.1459,-0.0065
floodway,2023-02-10,S2,NDWI,OPEN_WATER,36.62,0.0877,0.2874,0.4332
floodway,2023-02-10,S2,MNDWI,OPEN_WATER,36.62,0.1599,0.6045,0.7209
floodway,2023-02-10,S2,NDMI,OPEN_WATER,36.62,0.0181,0.25,0.4502
floodway,2023-02-10,S2,BSI,OPEN_WATER,36.62,-0.2933,-0.2456,-0.0977
floodway,2023-02-10,S2,AWEIsh,OPEN_WATER,36.62,0.0325,0.0575,0.0756
floodway,2023-02-10,S2,NDTI,OPEN_WATER,36.62,-0.2048,-0.1452,-0.0422
floodway,2023-02-10,S2,NDVI,EVENT_REEDS,4.3,0.208,0.247,0.2852
floodway,2023-02-10,S2,NDWI,EVENT_REEDS,4.3,-0.4006,-0.3693,-0.3238
floodway,2023-02-10,S2,MNDWI,EVENT_REEDS,4.3,-0.5404,-0.492,-0.3822
floodway,2023-02-10,S2,NDMI,EVENT_REEDS,4.3,-0.1877,-0.1335,-0.0529
floodway,2023-02-10,S2,BSI,EVENT_REEDS,4.3,0.0838,0.1472,0.1859
floodway,2023-02-10,S2,AWEIsh,EVENT_REEDS,4.3,-0.3854,-0.3174,-0.2364
floodway,2023-02-10,S2,NDTI,EVENT_REEDS,4.3,0.0774,0.1181,0.1473
floodway,2023-02-10,S2,NDVI,DRY_LAND,1303.08,0.2265,0.2916,0.397
floodway,2023-02-10,S2,NDWI,DRY_LAND,1303.08,-0.4582,-0.383,-0.3327
floodway,2023-02-10,S2,MNDWI,DRY_LAND,1303.08,-0.5923,-0.5626,-0.5253
floodway,2023-02-10,S2,NDMI,DRY_LAND,1303.08,-0.2937,-0.2144,-0.1099
floodway,2023-02-10,S2,BSI,DRY_LAND,1303.08,0.1245,0.2025,0.2587
floodway,2023-02-10,S2,AWEIsh,DRY_LAND,1303.08,-0.5305,-0.4628,-0.4083
floodway,2023-02-10,S2,NDTI,DRY_LAND,1303.08,0.0644,0.0965,0.1187
floodway,2023-02-13,S2,NDVI,NW_REEDS,44.14,0.2402,0.2717,0.3004
floodway,2023-02-13,S2,NDWI,NW_REEDS,44.14,-0.4842,-0.4247,-0.366
floodway,2023-02-13,S2,MNDWI,NW_REEDS,44.14,-0.6173,-0.5534,-0.4814
floodway,2023-02-13,S2,NDMI,NW_REEDS,44.14,-0.2077,-0.1625,-0.118
floodway,2023-02-13,S2,BSI,NW_REEDS,44.14,0.1402,0.1791,0.2218
floodway,2023-02-13,S2,AWEIsh,NW_REEDS,44.14,-0.2679,-0.2217,-0.1834
floodway,2023-02-13,S2,NDTI,NW_REEDS,44.14,0.1241,0.1688,0.2197
floodway,2023-02-13,S2,NDVI,NW_TREES,10.55,0.3016,0.3517,0.3933
floodway,2023-02-13,S2,NDWI,NW_TREES,10.55,-0.4839,-0.4358,-0.3797
floodway,2023-02-13,S2,MNDWI,NW_TREES,10.55,-0.5664,-0.5114,-0.4497
floodway,2023-02-13,S2,NDMI,NW_TREES,10.55,-0.1421,-0.0995,-0.0563
floodway,2023-02-13,S2,BSI,NW_TREES,10.55,0.0763,0.1123,0.1493
floodway,2023-02-13,S2,AWEIsh,NW_TREES,10.55,-0.2675,-0.2249,-0.1939
floodway,2023-02-13,S2,NDTI,NW_TREES,10.55,0.0641,0.0913,0.1233
floodway,2023-02-13,S2,NDVI,HIGH_REEDS,5.49,0.2742,0.3226,0.4574
floodway,2023-02-13,S2,NDWI,HIGH_REEDS,5.49,-0.5324,-0.4738,-0.4325
floodway,2023-02-13,S2,MNDWI,HIGH_REEDS,5.49,-0.6698,-0.643,-0.6067
floodway,2023-02-13,S2,NDMI,HIGH_REEDS,5.49,-0.2808,-0.2237,-0.1566
floodway,2023-02-13,S2,BSI,HIGH_REEDS,5.49,0.171,0.2318,0.2787
floodway,2023-02-13,S2,AWEIsh,HIGH_REEDS,5.49,-0.4824,-0.4395,-0.3696
floodway,2023-02-13,S2,NDTI,HIGH_REEDS,5.49,0.0812,0.1425,0.1861
floodway,2023-02-13,S2,NDVI,OPEN_WATER,9.12,-0.2692,-0.0749,0.1144
floodway,2023-02-13,S2,NDWI,OPEN_WATER,9.12,-0.0864,0.1811,0.4423
floodway,2023-02-13,S2,MNDWI,OPEN_WATER,9.12,-0.2439,0.1301,0.4423
floodway,2023-02-13,S2,NDMI,OPEN_WATER,9.12,-0.1972,-0.1109,0.0244
floodway,2023-02-13,S2,BSI,OPEN_WATER,9.12,-0.1677,-0.0388,0.0688
floodway,2023-02-13,S2,AWEIsh,OPEN_WATER,9.12,-0.0225,0.0144,0.0223
floodway,2023-02-13,S2,NDTI,OPEN_WATER,9.12,-0.1946,-0.0909,-0.0175
floodway,2023-02-13,S2,NDVI,EVENT_REEDS,6.53,0.2635,0.2944,0.3294
floodway,2023-02-13,S2,NDWI,EVENT_REEDS,6.53,-0.4972,-0.4625,-0.4173
floodway,2023-02-13,S2,MNDWI,EVENT_REEDS,6.53,-0.6435,-0.6049,-0.5593
floodway,2023-02-13,S2,NDMI,EVENT_REEDS,6.53,-0.243,-0.2005,-0.1465
floodway,2023-02-13,S2,BSI,EVENT_REEDS,6.53,0.1762,0.2186,0.2544
floodway,2023-02-13,S2,AWEIsh,EVENT_REEDS,6.53,-0.4476,-0.3487,-0.247
floodway,2023-02-13,S2,NDTI,EVENT_REEDS,6.53,0.1414,0.1793,0.2171
floodway,2023-02-13,S2,NDVI,DRY_LAND,576.61,0.2254,0.2778,0.3531
floodway,2023-02-13,S2,NDWI,DRY_LAND,576.61,-0.4489,-0.3845,-0.3296
floodway,2023-02-13,S2,MNDWI,DRY_LAND,576.61,-0.6,-0.5442,-0.4785
floodway,2023-02-13,S2,NDMI,DRY_LAND,576.61,-0.252,-0.1991,-0.1322
floodway,2023-02-13,S2,BSI,DRY_LAND,576.61,0.1432,0.1965,0.2436
floodway,2023-02-13,S2,AWEIsh,DRY_LAND,576.61,-0.5649,-0.4942,-0.3793
floodway,2023-02-13,S2,NDTI,DRY_LAND,576.61,0.0769,0.1081,0.1348
floodway,2023-02-23,S2,NDVI,NW_REEDS,85.3,0.254,0.2778,0.304
floodway,2023-02-23,S2,NDWI,NW_REEDS,85.3,-0.4503,-0.4228,-0.3898
floodway,2023-02-23,S2,MNDWI,NW_REEDS,85.3,-0.5757,-0.5426,-0.4991
floodway,2023-02-23,S2,NDMI,NW_REEDS,85.3,-0.1963,-0.1583,-0.1075
floodway,2023-02-23,S2,BSI,NW_REEDS,85.3,0.1373,0.1746,0.2027
floodway,2023-02-23,S2,AWEIsh,NW_REEDS,85.3,-0.306,-0.2542,-0.1969
floodway,2023-02-23,S2,NDTI,NW_REEDS,85.3,0.1261,0.1554,0.1805
floodway,2023-02-23,S2,NDVI,NW_TREES,31.34,0.344,0.3761,0.4054
floodway,2023-02-23,S2,NDWI,NW_TREES,31.34,-0.4671,-0.4433,-0.4168
floodway,2023-02-23,S2,MNDWI,NW_TREES,31.34,-0.5496,-0.5196,-0.4866
floodway,2023-02-23,S2,NDMI,NW_TREES,31.34,-0.1451,-0.0999,-0.0541
floodway,2023-02-23,S2,BSI,NW_TREES,31.34,0.0791,0.1131,0.1469
floodway,2023-02-23,S2,AWEIsh,NW_TREES,31.34,-0.2991,-0.2593,-0.2226
floodway,2023-02-23,S2,NDTI,NW_TREES,31.34,0.0512,0.0763,0.1026
floodway,2023-02-23,S2,NDVI,HIGH_REEDS,6.9,0.2619,0.3,0.4243
floodway,2023-02-23,S2,NDWI,HIGH_REEDS,6.9,-0.4897,-0.4304,-0.3983
floodway,2023-02-23,S2,MNDWI,HIGH_REEDS,6.9,-0.626,-0.6023,-0.5736
floodway,2023-02-23,S2,NDMI,HIGH_REEDS,6.9,-0.2663,-0.2118,-0.1399
floodway,2023-02-23,S2,BSI,HIGH_REEDS,6.9,0.1528,0.2148,0.2559
floodway,2023-02-23,S2,AWEIsh,HIGH_REEDS,6.9,-0.449,-0.41,-0.3224
floodway,2023-02-23,S2,NDTI,HIGH_REEDS,6.9,0.071,0.1256,0.1566
floodway,2023-02-23,S2,NDVI,OPEN_WATER,38.91,-0.1889,-0.1349,-0.0595
floodway,2023-02-23,S2,NDWI,OPEN_WATER,38.91,0.22,0.2941,0.3441
floodway,2023-02-23,S2,MNDWI,OPEN_WATER,38.91,0.2948,0.5294,0.6123
floodway,2023-02-23,S2,NDMI,OPEN_WATER,38.91,0.0656,0.2632,0.3514
floodway,2023-02-23,S2,BSI,OPEN_WATER,38.91,-0.2366,-0.1882,-0.0797
floodway,2023-02-23,S2,AWEIsh,OPEN_WATER,38.91,0.0345,0.0423,0.0475
floodway,2023-02-23,S2,NDTI,OPEN_WATER,38.91,-0.1931,-0.156,-0.1137
floodway,2023-02-23,S2,NDVI,EVENT_REEDS,9.56,0.2634,0.2934,0.3392
floodway,2023-02-23,S2,NDWI,EVENT_REEDS,9.56,-0.4615,-0.4337,-0.4038
floodway,2023-02-23,S2,MNDWI,EVENT_REEDS,9.56,-0.5993,-0.5705,-0.5373
floodway,2023-02-23,S2,NDMI,EVENT_REEDS,9.56,-0.2222,-0.1804,-0.1306
floodway,2023-02-23,S2,BSI,EVENT_REEDS,9.56,0.1576,0.1941,0.2257
floodway,2023-02-23,S2,AWEIsh,EVENT_REEDS,9.56,-0.4136,-0.3502,-0.2851
floodway,2023-02-23,S2,NDTI,EVENT_REEDS,9.56,0.115,0.1464,0.1746
floodway,2023-02-23,S2,NDVI,DRY_LAND,1472.62,0.2289,0.2865,0.3833
floodway,2023-02-23,S2,NDWI,DRY_LAND,1472.62,-0.4655,-0.3945,-0.3493
floodway,2023-02-23,S2,MNDWI,DRY_LAND,1472.62,-0.6039,-0.5781,-0.5483
floodway,2023-02-23,S2,NDMI,DRY_LAND,1472.62,-0.293,-0.2224,-0.1289
floodway,2023-02-23,S2,BSI,DRY_LAND,1472.62,0.1497,0.2204,0.2698
floodway,2023-02-23,S2,AWEIsh,DRY_LAND,1472.62,-0.4943,-0.4334,-0.3705
floodway,2023-02-23,S2,NDTI,DRY_LAND,1472.62,0.0903,0.1164,0.1359
floodway,2023-03-05,S2,NDVI,NW_REEDS,70.14,0.2079,0.2385,0.2665
floodway,2023-03-05,S2,NDWI,NW_REEDS,70.14,-0.381,-0.3424,-0.2976
floodway,2023-03-05,S2,MNDWI,NW_REEDS,70.14,-0.5076,-0.4474,-0.3659
floodway,2023-03-05,S2,NDMI,NW_REEDS,70.14,-0.1749,-0.1248,-0.0626
floodway,2023-03-05,S2,BSI,NW_REEDS,70.14,0.0799,0.1324,0.1744
floodway,2023-03-05,S2,AWEIsh,NW_REEDS,70.14,-0.3028,-0.2207,-0.142
floodway,2023-03-05,S2,NDTI,NW_REEDS,70.14,0.0792,0.1108,0.1382
floodway,2023-03-05,S2,NDVI,NW_TREES,27.86,0.2814,0.323,0.3612
floodway,2023-03-05,S2,NDWI,NW_TREES,27.86,-0.4159,-0.3773,-0.3333
floodway,2023-03-05,S2,MNDWI,NW_TREES,27.86,-0.509,-0.4597,-0.396
floodway,2023-03-05,S2,NDMI,NW_TREES,27.86,-0.1414,-0.0963,-0.0449
floodway,2023-03-05,S2,BSI,NW_TREES,27.86,0.0577,0.1005,0.1372
floodway,2023-03-05,S2,AWEIsh,NW_TREES,27.86,-0.317,-0.2547,-0.1864
floodway,2023-03-05,S2,NDTI,NW_TREES,27.86,0.0338,0.0583,0.0825
floodway,2023-03-05,S2,NDVI,HIGH_REEDS,6.79,0.2419,0.2771,0.4012
floodway,2023-03-05,S2,NDWI,HIGH_REEDS,6.79,-0.4678,-0.3998,-0.3655
floodway,2023-03-05,S2,MNDWI,HIGH_REEDS,6.79,-0.6163,-0.5914,-0.5568
floodway,2023-03-05,S2,NDMI,HIGH_REEDS,6.79,-0.2695,-0.2218,-0.1561
floodway,2023-03-05,S2,BSI,HIGH_REEDS,6.79,0.1595,0.2145,0.2506
floodway,2023-03-05,S2,AWEIsh,HIGH_REEDS,6.79,-0.4709,-0.4261,-0.3242
floodway,2023-03-05,S2,NDTI,HIGH_REEDS,6.79,0.0682,0.1139,0.141
floodway,2023-03-05,S2,NDVI,OPEN_WATER,32.15,-0.0736,-0.0287,0.0451
floodway,2023-03-05,S2,NDWI,OPEN_WATER,32.15,0.0473,0.139,0.1888
floodway,2023-03-05,S2,MNDWI,OPEN_WATER,32.15,0.0747,0.3397,0.4625
floodway,2023-03-05,S2,NDMI,OPEN_WATER,32.15,0.0194,0.2208,0.3138
floodway,2023-03-05,S2,BSI,OPEN_WATER,32.15,-0.1995,-0.1492,-0.0374
floodway,2023-03-05,S2,AWEIsh,OPEN_WATER,32.15,0.0243,0.0458,0.0531
floodway,2023-03-05,S2,NDTI,OPEN_WATER,32.15,-0.1373,-0.1032,-0.065
floodway,2023-03-05,S2,NDVI,EVENT_REEDS,7.94,0.2269,0.2585,0.303
floodway,2023-03-05,S2,NDWI,EVENT_REEDS,7.94,-0.409,-0.3736,-0.3362
floodway,2023-03-05,S2,MNDWI,EVENT_REEDS,7.94,-0.5659,-0.53,-0.4797
floodway,2023-03-05,S2,NDMI,EVENT_REEDS,7.94,-0.2249,-0.1833,-0.1288
floodway,2023-03-05,S2,BSI,EVENT_REEDS,7.94,0.1396,0.1836,0.2154
floodway,2023-03-05,S2,AWEIsh,EVENT_REEDS,7.94,-0.4372,-0.3724,-0.2776
floodway,2023-03-05,S2,NDTI,EVENT_REEDS,7.94,0.0863,0.1135,0.1394
floodway,2023-03-05,S2,NDVI,DRY_LAND,1434.56,0.2076,0.2573,0.3444
floodway,2023-03-05,S2,NDWI,DRY_LAND,1434.56,-0.4257,-0.3615,-0.3223
floodway,2023-03-05,S2,MNDWI,DRY_LAND,1434.56,-0.5961,-0.5678,-0.5239
floodway,2023-03-05,S2,NDMI,DRY_LAND,1434.56,-0.303,-0.2317,-0.1467
floodway,2023-03-05,S2,BSI,DRY_LAND,1434.56,0.1613,0.2247,0.2762
floodway,2023-03-05,S2,AWEIsh,DRY_LAND,1434.56,-0.5564,-0.486,-0.4161
floodway,2023-03-05,S2,NDTI,DRY_LAND,1434.56,0.0842,0.1096,0.1285
floodway,2023-05-06,S2,NDVI,NW_REEDS,24.88,0.2853,0.351,0.4509
floodway,2023-05-06,S2,NDWI,NW_REEDS,24.88,-0.4383,-0.3851,-0.3377
floodway,2023-05-06,S2,MNDWI,NW_REEDS,24.88,-0.3445,-0.2953,-0.2297
floodway,2023-05-06,S2,NDMI,NW_REEDS,24.88,0.0368,0.1109,0.1956
floodway,2023-05-06,S2,BSI,NW_REEDS,24.88,-0.1009,-0.0315,0.0215
floodway,2023-05-06,S2,AWEIsh,NW_REEDS,24.88,-0.2141,-0.1642,-0.1205
floodway,2023-05-06,S2,NDTI,NW_REEDS,24.88,-0.0606,0.0209,0.0641
floodway,2023-05-06,S2,NDVI,NW_TREES,25.08,0.6672,0.7528,0.7989
floodway,2023-05-06,S2,NDWI,NW_TREES,25.08,-0.6287,-0.5853,-0.5289
floodway,2023-05-06,S2,MNDWI,NW_TREES,25.08,-0.3872,-0.3487,-0.3094
floodway,2023-05-06,S2,NDMI,NW_TREES,25.08,0.2305,0.2997,0.3489
floodway,2023-05-06,S2,BSI,NW_TREES,25.08,-0.3016,-0.251,-0.1779
floodway,2023-05-06,S2,AWEIsh,NW_TREES,25.08,-0.4762,-0.3962,-0.3022
floodway,2023-05-06,S2,NDTI,NW_TREES,25.08,-0.3499,-0.293,-0.2017
floodway,2023-05-06,S2,NDVI,HIGH_REEDS,3.55,0.3434,0.4878,0.6405
floodway,2023-05-06,S2,NDWI,HIGH_REEDS,3.55,-0.569,-0.4856,-0.4001
floodway,2023-05-06,S2,MNDWI,HIGH_REEDS,3.55,-0.5138,-0.4796,-0.4172
floodway,2023-05-06,S2,NDMI,HIGH_REEDS,3.55,-0.0613,0.0401,0.1284
floodway,2023-05-06,S2,BSI,HIGH_REEDS,3.55,-0.0775,0.0117,0.0916
floodway,2023-05-06,S2,AWEIsh,HIGH_REEDS,3.55,-0.5312,-0.43,-0.2483
floodway,2023-05-06,S2,NDTI,HIGH_REEDS,3.55,-0.1191,-0.014,0.0632
floodway,2023-05-06,S2,NDVI,OPEN_WATER,37.45,-0.1654,-0.0987,0.1466
floodway,2023-05-06,S2,NDWI,OPEN_WATER,37.45,0.0233,0.2865,0.3473
floodway,2023-05-06,S2,MNDWI,OPEN_WATER,37.45,-0.004,0.4528,0.5459
floodway,2023-05-06,S2,NDMI,OPEN_WATER,37.45,0.0985,0.1954,0.2583
floodway,2023-05-06,S2,BSI,OPEN_WATER,37.45,-0.1597,-0.1289,-0.0764
floodway,2023-05-06,S2,AWEIsh,OPEN_WATER,37.45,0.0037,0.0548,0.0634
floodway,2023-05-06,S2,NDTI,OPEN_WATER,37.45,-0.208,-0.184,-0.1532
floodway,2023-05-06,S2,NDVI,EVENT_REEDS,4.38,0.3512,0.4849,0.5984
floodway,2023-05-06,S2,NDWI,EVENT_REEDS,4.38,-0.537,-0.4728,-0.4064
floodway,2023-05-06,S2,MNDWI,EVENT_REEDS,4.38,-0.5005,-0.4587,-0.379
floodway,2023-05-06,S2,NDMI,EVENT_REEDS,4.38,-0.0549,0.0433,0.1686
floodway,2023-05-06,S2,BSI,EVENT_REEDS,4.38,-0.1052,-0.0029,0.0874
floodway,2023-05-06,S2,AWEIsh,EVENT_REEDS,4.38,-0.4661,-0.3692,-0.2635
floodway,2023-05-06,S2,NDTI,EVENT_REEDS,4.38,-0.1097,-0.0369,0.0467
floodway,2023-05-06,S2,NDVI,DRY_LAND,1304.81,0.3841,0.575,0.7167
floodway,2023-05-06,S2,NDWI,DRY_LAND,1304.81,-0.615,-0.5283,-0.4228
floodway,2023-05-06,S2,MNDWI,DRY_LAND,1304.81,-0.5347,-0.4952,-0.453
floodway,2023-05-06,S2,NDMI,DRY_LAND,1304.81,-0.1329,0.0338,0.2207
floodway,2023-05-06,S2,BSI,DRY_LAND,1304.81,-0.1706,0.0039,0.1542
floodway,2023-05-06,S2,AWEIsh,DRY_LAND,1304.81,-0.6405,-0.5845,-0.5437
floodway,2023-05-06,S2,NDTI,DRY_LAND,1304.81,-0.1822,-0.066,0.0455
floodway,2023-05-11,S2,NDVI,NW_REEDS,0.32,0.2773,0.3584,0.4848
floodway,2023-05-11,S2,NDWI,NW_REEDS,0.32,-0.4243,-0.3498,-0.2938
floodway,2023-05-11,S2,MNDWI,NW_REEDS,0.32,-0.263,-0.1961,-0.115
floodway,2023-05-11,S2,NDMI,NW_REEDS,0.32,0.0861,0.1715,0.2411
floodway,2023-05-11,S2,BSI,NW_REEDS,0.32,-0.1809,-0.1188,-0.0726
floodway,2023-05-11,S2,AWEIsh,NW_REEDS,0.32,-0.3187,-0.2038,-0.1303
floodway,2023-05-11,S2,NDTI,NW_REEDS,0.32,-0.1096,-0.0474,0.0152
floodway,2023-05-11,S2,NDVI,NW_TREES,0.33,0.5825,0.7011,0.7695
floodway,2023-05-11,S2,NDWI,NW_TREES,0.33,-0.5888,-0.5401,-0.4602
floodway,2023-05-11,S2,MNDWI,NW_TREES,0.33,-0.2634,-0.2261,-0.1788
floodway,2023-05-11,S2,NDMI,NW_TREES,0.33,0.2732,0.3598,0.4132
floodway,2023-05-11,S2,BSI,NW_TREES,0.33,-0.3706,-0.3144,-0.2253
floodway,2023-05-11,S2,AWEIsh,NW_TREES,0.33,-0.5914,-0.4677,-0.2896
floodway,2023-05-11,S2,NDTI,NW_TREES,0.33,-0.3401,-0.2512,-0.1628
floodway,2023-05-11,S2,NDVI,HIGH_REEDS,0.48,0.3629,0.4369,0.6344
floodway,2023-05-11,S2,NDWI,HIGH_REEDS,0.48,-0.5563,-0.4253,-0.3787
floodway,2023-05-11,S2,MNDWI,HIGH_REEDS,0.48,-0.422,-0.3264,-0.2632
floodway,2023-05-11,S2,NDMI,HIGH_REEDS,0.48,0.078,0.1414,0.2119
floodway,2023-05-11,S2,BSI,HIGH_REEDS,0.48,-0.159,-0.0919,-0.0337
floodway,2023-05-11,S2,AWEIsh,HIGH_REEDS,0.48,-0.5952,-0.2788,-0.1794
floodway,2023-05-11,S2,NDTI,HIGH_REEDS,0.48,-0.1328,-0.0227,0.0222
floodway,2023-05-11,S2,NDVI,OPEN_WATER,2.78,-0.1083,0.2413,0.4362
floodway,2023-05-11,S2,NDWI,OPEN_WATER,2.78,-0.4365,-0.2785,0.3279
floodway,2023-05-11,S2,MNDWI,OPEN_WATER,2.78,-0.4528,-0.301,0.5257
floodway,2023-05-11,S2,NDMI,OPEN_WATER,2.78,-0.049,0.0513,0.22
floodway,2023-05-11,S2,BSI,OPEN_WATER,2.78,-0.2324,-0.0616,0.0666
floodway,2023-05-11,S2,AWEIsh,OPEN_WATER,2.78,-0.5918,-0.4102,0.0992
floodway,2023-05-11,S2,NDTI,OPEN_WATER,2.78,-0.1765,-0.087,0.0373
floodway,2023-05-11,S2,NDVI,EVENT_REEDS,0.7,0.285,0.5099,0.5838
floodway,2023-05-11,S2,NDWI,EVENT_REEDS,0.7,-0.5009,-0.4625,-0.361
floodway,2023-05-11,S2,MNDWI,EVENT_REEDS,0.7,-0.432,-0.4029,-0.3486
floodway,2023-05-11,S2,NDMI,EVENT_REEDS,0.7,-0.01,0.0763,0.1692
floodway,2023-05-11,S2,BSI,EVENT_REEDS,0.7,-0.1502,-0.06,0.0385
floodway,2023-05-11,S2,AWEIsh,EVENT_REEDS,0.7,-0.5325,-0.4749,-0.406
floodway,2023-05-11,S2,NDTI,EVENT_REEDS,0.7,-0.137,-0.0822,0.0506
floodway,2023-05-11,S2,NDVI,DRY_LAND,322.63,0.319,0.5422,0.694
floodway,2023-05-11,S2,NDWI,DRY_LAND,322.63,-0.6059,-0.505,-0.3778
floodway,2023-05-11,S2,MNDWI,DRY_LAND,322.63,-0.5052,-0.4557,-0.4022
floodway,2023-05-11,S2,NDMI,DRY_LAND,322.63,-0.1297,0.0608,0.2622
floodway,2023-05-11,S2,BSI,DRY_LAND,322.63,-0.2136,-0.0307,0.1356
floodway,2023-05-11,S2,AWEIsh,DRY_LAND,322.63,-0.7279,-0.6505,-0.5834
floodway,2023-05-11,S2,NDTI,DRY_LAND,322.63,-0.1582,-0.0479,0.0601
floodway,2023-05-16,S2,NDVI,OPEN_WATER,0.37,0.3541,0.4189,0.5006
floodway,2023-05-16,S2,NDWI,OPEN_WATER,0.37,-0.4223,-0.3507,-0.2612
floodway,2023-05-16,S2,MNDWI,OPEN_WATER,0.37,-0.2701,-0.2313,-0.1514
floodway,2023-05-16,S2,NDMI,OPEN_WATER,0.37,0.0948,0.1454,0.2092
floodway,2023-05-16,S2,BSI,OPEN_WATER,0.37,-0.1537,-0.1025,-0.0633
floodway,2023-05-16,S2,AWEIsh,OPEN_WATER,0.37,-0.339,-0.2319,-0.097
floodway,2023-05-16,S2,NDTI,OPEN_WATER,0.37,-0.1313,-0.1092,-0.0827
floodway,2023-05-16,S2,NDVI,DRY_LAND,161.24,0.5321,0.617,0.7031
floodway,2023-05-16,S2,NDWI,DRY_LAND,161.24,-0.6169,-0.5592,-0.4991
floodway,2023-05-16,S2,MNDWI,DRY_LAND,161.24,-0.4439,-0.3958,-0.3359
floodway,2023-05-16,S2,NDMI,DRY_LAND,161.24,0.1163,0.2215,0.3346
floodway,2023-05-16,S2,BSI,DRY_LAND,161.24,-0.2616,-0.1531,-0.0586
floodway,2023-05-16,S2,AWEIsh,DRY_LAND,161.24,-0.673,-0.6124,-0.5571
floodway,2023-05-16,S2,NDTI,DRY_LAND,161.24,-0.1543,-0.0909,-0.0388
floodway,2023-05-19,S2,NDVI,OPEN_WATER,1.3,0.4394,0.6075,0.7557
floodway,2023-05-19,S2,NDWI,OPEN_WATER,1.3,-0.6582,-0.5544,-0.4485
floodway,2023-05-19,S2,MNDWI,OPEN_WATER,1.3,-0.5369,-0.4791,-0.4223
floodway,2023-05-19,S2,NDMI,OPEN_WATER,1.3,-0.0947,0.1176,0.3356
floodway,2023-05-19,S2,BSI,OPEN_WATER,1.3,-0.274,-0.0746,0.1097
floodway,2023-05-19,S2,AWEIsh,OPEN_WATER,1.3,-0.6035,-0.5597,-0.5197
floodway,2023-05-19,S2,NDTI,OPEN_WATER,1.3,-0.1922,-0.0823,0.0113
floodway,2023-05-19,S2,NDVI,DRY_LAND,326.87,0.2676,0.5182,0.686
floodway,2023-05-19,S2,NDWI,DRY_LAND,326.87,-0.6076,-0.5014,-0.3655
floodway,2023-05-19,S2,MNDWI,DRY_LAND,326.87,-0.5368,-0.5011,-0.4546
floodway,2023-05-19,S2,NDMI,DRY_LAND,326.87,-0.2016,0.0043,0.217
floodway,2023-05-19,S2,BSI,DRY_LAND,326.87,-0.1614,0.0297,0.2069
floodway,2023-05-19,S2,AWEIsh,DRY_LAND,326.87,-0.6208,-0.5643,-0.5136
floodway,2023-05-19,S2,NDTI,DRY_LAND,326.87,-0.1354,-0.0205,0.09
floodway,2023-06-05,S2,NDVI,NW_REEDS,24.88,0.5918,0.6788,0.7438
floodway,2023-06-05,S2,NDWI,NW_REEDS,24.88,-0.6248,-0.5777,-0.5193
floodway,2023-06-05,S2,MNDWI,NW_REEDS,24.88,-0.4159,-0.3809,-0.3356
floodway,2023-06-05,S2,NDMI,NW_REEDS,24.88,0.1907,0.2726,0.3389
floodway,2023-06-05,S2,BSI,NW_REEDS,24.88,-0.2747,-0.2084,-0.1281
floodway,2023-06-05,S2,AWEIsh,NW_REEDS,24.88,-0.4365,-0.3493,-0.2637
floodway,2023-06-05,S2,NDTI,NW_REEDS,24.88,-0.2331,-0.1681,-0.0972
floodway,2023-06-05,S2,NDVI,NW_TREES,25.08,0.8018,0.8587,0.8897
floodway,2023-06-05,S2,NDWI,NW_TREES,25.08,-0.7685,-0.7324,-0.6739
floodway,2023-06-05,S2,MNDWI,NW_TREES,25.08,-0.4959,-0.4529,-0.4033
floodway,2023-06-05,S2,NDMI,NW_TREES,25.08,0.3657,0.4184,0.4572
floodway,2023-06-05,S2,BSI,NW_TREES,25.08,-0.4198,-0.3764,-0.3152
floodway,2023-06-05,S2,AWEIsh,NW_TREES,25.08,-0.7063,-0.6175,-0.509
floodway,2023-06-05,S2,NDTI,NW_TREES,25.08,-0.3882,-0.337,-0.2738
floodway,2023-06-05,S2,NDVI,HIGH_REEDS,3.55,0.5493,0.6876,0.7804
floodway,2023-06-05,S2,NDWI,HIGH_REEDS,3.55,-0.6749,-0.6233,-0.54
floodway,2023-06-05,S2,MNDWI,HIGH_REEDS,3.55,-0.5375,-0.4924,-0.4561
floodway,2023-06-05,S2,NDMI,HIGH_REEDS,3.55,0.0456,0.1843,0.2947
floodway,2023-06-05,S2,BSI,HIGH_REEDS,3.55,-0.2422,-0.1262,0.0042
floodway,2023-06-05,S2,AWEIsh,HIGH_REEDS,3.55,-0.6364,-0.5431,-0.3674
floodway,2023-06-05,S2,NDTI,HIGH_REEDS,3.55,-0.2297,-0.1188,-0.0059
floodway,2023-06-05,S2,NDVI,OPEN_WATER,37.45,-0.6041,-0.3765,0.237
floodway,2023-06-05,S2,NDWI,OPEN_WATER,37.45,-0.1152,0.5021,0.6948
floodway,2023-06-05,S2,MNDWI,OPEN_WATER,37.45,-0.1404,0.3427,0.4975
floodway,2023-06-05,S2,NDMI,OPEN_WATER,37.45,-0.4194,-0.1979,0.0289
floodway,2023-06-05,S2,BSI,OPEN_WATER,37.45,-0.0442,0.0394,0.1151
floodway,2023-06-05,S2,AWEIsh,OPEN_WATER,37.45,-0.0227,0.0356,0.0458
floodway,2023-06-05,S2,NDTI,OPEN_WATER,37.45,-0.1946,-0.1494,-0.1084
floodway,2023-06-05,S2,NDVI,EVENT_REEDS,4.38,0.5981,0.698,0.7712
floodway,2023-06-05,S2,NDWI,EVENT_REEDS,4.38,-0.6607,-0.6155,-0.562
floodway,2023-06-05,S2,MNDWI,EVENT_REEDS,4.38,-0.5145,-0.4764,-0.429
floodway,2023-06-05,S2,NDMI,EVENT_REEDS,4.38,0.1034,0.1985,0.3015
floodway,2023-06-05,S2,BSI,EVENT_REEDS,4.38,-0.2469,-0.1446,-0.0522
floodway,2023-06-05,S2,AWEIsh,EVENT_REEDS,4.38,-0.5984,-0.525,-0.4251
floodway,2023-06-05,S2,NDTI,EVENT_REEDS,4.38,-0.2331,-0.147,-0.0604
floodway,2023-06-05,S2,NDVI,DRY_LAND,1304.81,0.3367,0.5507,0.6846
floodway,2023-06-05,S2,NDWI,DRY_LAND,1304.81,-0.63,-0.555,-0.416
floodway,2023-06-05,S2,MNDWI,DRY_LAND,1304.81,-0.5411,-0.5021,-0.4599
floodway,2023-06-05,S2,NDMI,DRY_LAND,1304.81,-0.1246,0.0773,0.2148
floodway,2023-06-05,S2,BSI,DRY_LAND,1304.81,-0.1443,-0.0113,0.1599
floodway,2023-06-05,S2,AWEIsh,DRY_LAND,1304.81,-0.6701,-0.6087,-0.5557
floodway,2023-06-05,S2,NDTI,DRY_LAND,1304.81,-0.1062,0.0051,0.1001
floodway,2023-06-08,S2,NDVI,NW_REEDS,0.73,-0.1227,-0.0998,-0.0591
floodway,2023-06-08,S2,NDWI,NW_REEDS,0.73,0.0549,0.083,0.1063
floodway,2023-06-08,S2,MNDWI,NW_REEDS,0.73,0.2638,0.3015,0.3262
floodway,2023-06-08,S2,NDMI,NW_REEDS,0.73,0.2,0.2178,0.2398
floodway,2023-06-08,S2,BSI,NW_REEDS,0.73,-0.0416,-0.0314,-0.0214
floodway,2023-06-08,S2,AWEIsh,NW_REEDS,0.73,0.102,0.1104,0.1185
floodway,2023-06-08,S2,NDTI,NW_REEDS,0.73,0.0045,0.0126,0.0204
floodway,2023-06-08,S2,NDVI,HIGH_REEDS,1.89,0.4894,0.6134,0.6987
floodway,2023-06-08,S2,NDWI,HIGH_REEDS,1.89,-0.6263,-0.5626,-0.4695
floodway,2023-06-08,S2,MNDWI,HIGH_REEDS,1.89,-0.4619,-0.4323,-0.3868
floodway,2023-06-08,S2,NDMI,HIGH_REEDS,1.89,0.069,0.1821,0.2687
floodway,2023-06-08,S2,BSI,HIGH_REEDS,1.89,-0.2086,-0.1258,-0.0259
floodway,2023-06-08,S2,AWEIsh,HIGH_REEDS,1.89,-0.603,-0.532,-0.4231
floodway,2023-06-08,S2,NDTI,HIGH_REEDS,1.89,-0.1355,-0.0815,-0.0273
floodway,2023-06-08,S2,NDVI,OPEN_WATER,2.31,-0.1355,-0.1068,-0.077
floodway,2023-06-08,S2,NDWI,OPEN_WATER,2.31,0.0658,0.0941,0.1212
floodway,2023-06-08,S2,MNDWI,OPEN_WATER,2.31,0.2773,0.3099,0.3393
floodway,2023-06-08,S2,NDMI,OPEN_WATER,2.31,0.1977,0.222,0.2435
floodway,2023-06-08,S2,BSI,OPEN_WATER,2.31,-0.0376,-0.0255,-0.0142
floodway,2023-06-08,S2,AWEIsh,OPEN_WATER,2.31,0.0983,0.108,0.1167
floodway,2023-06-08,S2,NDTI,OPEN_WATER,2.31,0.0039,0.0116,0.019
floodway,2023-06-08,S2,NDVI,EVENT_REEDS,0.79,-0.1368,-0.1002,-0.0754
floodway,2023-06-08,S2,NDWI,EVENT_REEDS,0.79,0.0635,0.0861,0.1223
floodway,2023-06-08,S2,MNDWI,EVENT_REEDS,0.79,0.2755,0.3211,0.341
floodway,2023-06-08,S2,NDMI,EVENT_REEDS,0.79,0.2015,0.2283,0.2577
floodway,2023-06-08,S2,BSI,EVENT_REEDS,0.79,-0.0428,-0.0259,-0.0134
floodway,2023-06-08,S2,AWEIsh,EVENT_REEDS,0.79,0.099,0.11,0.1208
floodway,2023-06-08,S2,NDTI,EVENT_REEDS,0.79,0.0061,0.0134,0.0207
floodway,2023-06-08,S2,NDVI,DRY_LAND,519.88,0.2763,0.4348,0.5857
floodway,2023-06-08,S2,NDWI,DRY_LAND,519.88,-0.553,-0.4515,-0.3403
floodway,2023-06-08,S2,MNDWI,DRY_LAND,519.88,-0.4702,-0.4326,-0.3876
floodway,2023-06-08,S2,NDMI,DRY_LAND,519.88,-0.1274,0.042,0.1903
floodway,2023-06-08,S2,BSI,DRY_LAND,519.88,-0.1179,0.0144,0.1465
floodway,2023-06-08,S2,AWEIsh,DRY_LAND,519.88,-0.58,-0.5237,-0.4665
floodway,2023-06-08,S2,NDTI,DRY_LAND,519.88,-0.0549,0.0226,0.073
floodway,2023-06-15,S2,NDVI,NW_REEDS,11.41,-0.4309,-0.0886,0.2164
floodway,2023-06-15,S2,NDWI,NW_REEDS,11.41,-0.1151,0.2,0.5287
floodway,2023-06-15,S2,MNDWI,NW_REEDS,11.41,-0.1447,0.0522,0.2925
floodway,2023-06-15,S2,NDMI,NW_REEDS,11.41,-0.3324,-0.1058,0.0767
floodway,2023-06-15,S2,BSI,NW_REEDS,11.41,-0.0642,0.0078,0.1131
floodway,2023-06-15,S2,AWEIsh,NW_REEDS,11.41,-0.0273,0.0277,0.0585
floodway,2023-06-15,S2,NDTI,NW_REEDS,11.41,-0.162,-0.1177,-0.0791
floodway,2023-06-15,S2,NDVI,NW_TREES,9.63,0.5452,0.7389,0.8416
floodway,2023-06-15,S2,NDWI,NW_TREES,9.63,-0.7042,-0.5973,-0.4292
floodway,2023-06-15,S2,MNDWI,NW_TREES,9.63,-0.4222,-0.3388,-0.2388
floodway,2023-06-15,S2,NDMI,NW_TREES,9.63,0.1915,0.343,0.4242
floodway,2023-06-15,S2,BSI,NW_TREES,9.63,-0.3829,-0.2934,-0.1498
floodway,2023-06-15,S2,AWEIsh,NW_TREES,9.63,-0.6246,-0.3796,-0.1875
floodway,2023-06-15,S2,NDTI,NW_TREES,9.63,-0.339,-0.2569,-0.1572
floodway,2023-06-15,S2,NDVI,HIGH_REEDS,4.81,0.6721,0.7939,0.8892
floodway,2023-06-15,S2,NDWI,HIGH_REEDS,4.81,-0.7634,-0.6891,-0.6034
floodway,2023-06-15,S2,MNDWI,HIGH_REEDS,4.81,-0.6009,-0.5595,-0.5063
floodway,2023-06-15,S2,NDMI,HIGH_REEDS,4.81,0.1047,0.2383,0.3393
floodway,2023-06-15,S2,BSI,HIGH_REEDS,4.81,-0.3106,-0.1984,-0.0667
floodway,2023-06-15,S2,AWEIsh,HIGH_REEDS,4.81,-0.8011,-0.6834,-0.4599
floodway,2023-06-15,S2,NDTI,HIGH_REEDS,4.81,-0.3929,-0.2369,-0.1075
floodway,2023-06-15,S2,NDVI,OPEN_WATER,9.23,-0.5858,-0.4557,-0.2244
floodway,2023-06-15,S2,NDWI,OPEN_WATER,9.23,0.2885,0.5098,0.6326
floodway,2023-06-15,S2,MNDWI,OPEN_WATER,9.23,0.1569,0.4437,0.6252
floodway,2023-06-15,S2,NDMI,OPEN_WATER,9.23,-0.1997,0.006,0.1366
floodway,2023-06-15,S2,BSI,OPEN_WATER,9.23,-0.0223,0.0149,0.0621
floodway,2023-06-15,S2,AWEIsh,OPEN_WATER,9.23,0.0569,0.1014,0.1242
floodway,2023-06-15,S2,NDTI,OPEN_WATER,9.23,-0.0979,-0.069,-0.0482
floodway,2023-06-15,S2,NDVI,EVENT_REEDS,1.28,0.2131,0.556,0.7144
floodway,2023-06-15,S2,NDWI,EVENT_REEDS,1.28,-0.5854,-0.4892,-0.1375
floodway,2023-06-15,S2,MNDWI,EVENT_REEDS,1.28,-0.4805,-0.3909,-0.194
floodway,2023-06-15,S2,NDMI,EVENT_REEDS,1.28,-0.0596,0.0935,0.1998
floodway,2023-06-15,S2,BSI,EVENT_REEDS,1.28,-0.1617,-0.0699,0.0265
floodway,2023-06-15,S2,AWEIsh,EVENT_REEDS,1.28,-0.4601,-0.1729,-0.0538
floodway,2023-06-15,S2,NDTI,EVENT_REEDS,1.28,-0.2251,-0.1402,-0.0619
floodway,2023-06-15,S2,NDVI,DRY_LAND,444.83,0.2848,0.4818,0.6551
floodway,2023-06-15,S2,NDWI,DRY_LAND,444.83,-0.588,-0.4788,-0.3511
floodway,2023-06-15,S2,MNDWI,DRY_LAND,444.83,-0.5386,-0.4776,-0.4154
floodway,2023-06-15,S2,NDMI,DRY_LAND,444.83,-0.1382,-0.0099,0.1557
floodway,2023-06-15,S2,BSI,DRY_LAND,444.83,-0.1071,0.0476,0.1626
floodway,2023-06-15,S2,AWEIsh,DRY_LAND,444.83,-0.7232,-0.6214,-0.4869
floodway,2023-06-15,S2,NDTI,DRY_LAND,444.83,-0.1084,-0.0052,0.0726
floodway,2023-06-18,S2,NDVI,NW_REEDS,66.68,0.0696,0.1776,0.2741
floodway,2023-06-18,S2,NDWI,NW_REEDS,66.68,-0.2999,-0.1908,-0.0419
floodway,2023-06-18,S2,MNDWI,NW_REEDS,66.68,-0.3519,-0.2413,-0.0679
floodway,2023-06-18,S2,NDMI,NW_REEDS,66.68,-0.1231,-0.0436,0.0656
floodway,2023-06-18,S2,BSI,NW_REEDS,66.68,-0.0302,0.0486,0.1098
floodway,2023-06-18,S2,AWEIsh,NW_REEDS,66.68,-0.1154,-0.0582,-0.0082
floodway,2023-06-18,S2,NDTI,NW_REEDS,66.68,-0.0643,-0.0098,0.0369
floodway,2023-06-18,S2,NDVI,NW_TREES,25.1,0.5182,0.7089,0.8243
floodway,2023-06-18,S2,NDWI,NW_TREES,25.1,-0.7124,-0.5968,-0.4479
floodway,2023-06-18,S2,MNDWI,NW_TREES,25.1,-0.4444,-0.372,-0.2924
floodway,2023-06-18,S2,NDMI,NW_TREES,25.1,0.1532,0.322,0.4138
floodway,2023-06-18,S2,BSI,NW_TREES,25.1,-0.362,-0.2591,-0.0933
floodway,2023-06-18,S2,AWEIsh,NW_TREES,25.1,-0.5174,-0.3508,-0.2146
floodway,2023-06-18,S2,NDTI,NW_TREES,25.1,-0.2732,-0.2,-0.0914
floodway,2023-06-18,S2,NDVI,HIGH_REEDS,6.35,0.6781,0.7812,0.8667
floodway,2023-06-18,S2,NDWI,HIGH_REEDS,6.35,-0.7573,-0.6845,-0.6074
floodway,2023-06-18,S2,MNDWI,HIGH_REEDS,6.35,-0.5879,-0.5537,-0.5004
floodway,2023-06-18,S2,NDMI,HIGH_REEDS,6.35,0.1172,0.2435,0.3445
floodway,2023-06-18,S2,BSI,HIGH_REEDS,6.35,-0.3101,-0.1997,-0.076
floodway,2023-06-18,S2,AWEIsh,HIGH_REEDS,6.35,-0.7021,-0.608,-0.4762
floodway,2023-06-18,S2,NDTI,HIGH_REEDS,6.35,-0.3204,-0.2122,-0.1142
floodway,2023-06-18,S2,NDVI,OPEN_WATER,36.4,-0.2094,-0.1517,-0.0948
floodway,2023-06-18,S2,NDWI,OPEN_WATER,36.4,0.1434,0.1991,0.2642
floodway,2023-06-18,S2,MNDWI,OPEN_WATER,36.4,0.22,0.3512,0.425
floodway,2023-06-18,S2,NDMI,OPEN_WATER,36.4,0.0396,0.1749,0.2468
floodway,2023-06-18,S2,BSI,OPEN_WATER,36.4,-0.0647,-0.035,0.0004
floodway,2023-06-18,S2,AWEIsh,OPEN_WATER,36.4,0.0456,0.0841,0.0982
floodway,2023-06-18,S2,NDTI,OPEN_WATER,36.4,-0.0755,-0.0514,-0.0324
floodway,2023-06-18,S2,NDVI,EVENT_REEDS,7.74,0.1614,0.2638,0.4324
floodway,2023-06-18,S2,NDWI,EVENT_REEDS,7.74,-0.436,-0.3046,-0.1866
floodway,2023-06-18,S2,MNDWI,EVENT_REEDS,7.74,-0.4709,-0.3861,-0.2601
floodway,2023-06-18,S2,NDMI,EVENT_REEDS,7.74,-0.1662,-0.0645,0.0877
floodway,2023-06-18,S2,BSI,EVENT_REEDS,7.74,-0.0309,0.0814,0.1548
floodway,2023-06-18,S2,AWEIsh,EVENT_REEDS,7.74,-0.2725,-0.1554,-0.0703
floodway,2023-06-18,S2,NDTI,EVENT_REEDS,7.74,-0.0694,0.005,0.0562
floodway,2023-06-18,S2,NDVI,DRY_LAND,1660.01,0.296,0.4943,0.6474
floodway,2023-06-18,S2,NDWI,DRY_LAND,1660.01,-0.604,-0.5114,-0.389
floodway,2023-06-18,S2,MNDWI,DRY_LAND,1660.01,-0.5647,-0.5238,-0.4786
floodway,2023-06-18,S2,NDMI,DRY_LAND,1660.01,-0.1551,-0.0134,0.1319
floodway,2023-06-18,S2,BSI,DRY_LAND,1660.01,-0.0729,0.0651,0.1849
floodway,2023-06-18,S2,AWEIsh,DRY_LAND,1660.01,-0.6452,-0.5747,-0.5149
floodway,2023-06-18,S2,NDTI,DRY_LAND,1660.01,-0.0764,0.0224,0.1007
floodway,2023-06-20,S2,NDVI,NW_REEDS,27.47,0.1843,0.2597,0.3452
floodway,2023-06-20,S2,NDWI,NW_REEDS,27.47,-0.3806,-0.3105,-0.2036
floodway,2023-06-20,S2,MNDWI,NW_REEDS,27.47,-0.4036,-0.3368,-0.2054
floodway,2023-06-20,S2,NDMI,NW_REEDS,27.47,-0.0821,-0.0145,0.0989
floodway,2023-06-20,S2,BSI,NW_REEDS,27.47,-0.0476,0.0346,0.0859
floodway,2023-06-20,S2,AWEIsh,NW_REEDS,27.47,-0.2022,-0.1416,-0.0613
floodway,2023-06-20,S2,NDTI,NW_REEDS,27.47,-0.0383,0.0217,0.0597
floodway,2023-06-20,S2,NDVI,NW_TREES,20.14,0.5516,0.7212,0.8194
floodway,2023-06-20,S2,NDWI,NW_TREES,20.14,-0.7092,-0.6159,-0.4829
floodway,2023-06-20,S2,MNDWI,NW_TREES,20.14,-0.458,-0.4053,-0.3438
floodway,2023-06-20,S2,NDMI,NW_TREES,20.14,0.1554,0.3038,0.3891
floodway,2023-06-20,S2,BSI,NW_TREES,20.14,-0.3452,-0.2513,-0.1075
floodway,2023-06-20,S2,AWEIsh,NW_TREES,20.14,-0.5763,-0.4234,-0.2723
floodway,2023-06-20,S2,NDTI,NW_TREES,20.14,-0.265,-0.1957,-0.0976
floodway,2023-06-20,S2,NDVI,HIGH_REEDS,5.9,0.6657,0.7645,0.8465
floodway,2023-06-20,S2,NDWI,HIGH_REEDS,5.9,-0.7397,-0.6682,-0.5937
floodway,2023-06-20,S2,MNDWI,HIGH_REEDS,5.9,-0.5484,-0.5225,-0.4696
floodway,2023-06-20,S2,NDMI,HIGH_REEDS,5.9,0.1493,0.2597,0.3522
floodway,2023-06-20,S2,BSI,HIGH_REEDS,5.9,-0.3206,-0.2211,-0.1132
floodway,2023-06-20,S2,AWEIsh,HIGH_REEDS,5.9,-0.7278,-0.6379,-0.5189
floodway,2023-06-20,S2,NDTI,HIGH_REEDS,5.9,-0.2879,-0.2,-0.1153
floodway,2023-06-20,S2,NDVI,OPEN_WATER,18.16,-0.135,-0.1108,-0.0761
floodway,2023-06-20,S2,NDWI,OPEN_WATER,18.16,0.1706,0.2093,0.24
floodway,2023-06-20,S2,MNDWI,OPEN_WATER,18.16,0.5941,0.703,0.7413
floodway,2023-06-20,S2,NDMI,OPEN_WATER,18.16,0.4256,0.5605,0.6285
floodway,2023-06-20,S2,BSI,OPEN_WATER,18.16,-0.2176,-0.204,-0.1869
floodway,2023-06-20,S2,AWEIsh,OPEN_WATER,18.16,0.0631,0.0846,0.0892
floodway,2023-06-20,S2,NDTI,OPEN_WATER,18.16,-0.1224,-0.1011,-0.0826
floodway,2023-06-20,S2,NDVI,EVENT_REEDS,1.9,0.3085,0.5579,0.677
floodway,2023-06-20,S2,NDWI,EVENT_REEDS,1.9,-0.5894,-0.5226,-0.3478
floodway,2023-06-20,S2,MNDWI,EVENT_REEDS,1.9,-0.4802,-0.4411,-0.3662
floodway,2023-06-20,S2,NDMI,EVENT_REEDS,1.9,-0.031,0.1023,0.195
floodway,2023-06-20,S2,BSI,EVENT_REEDS,1.9,-0.1501,-0.0622,0.0519
floodway,2023-06-20,S2,AWEIsh,EVENT_REEDS,1.9,-0.5044,-0.376,-0.2212
floodway,2023-06-20,S2,NDTI,EVENT_REEDS,1.9,-0.1504,-0.0678,0.0287
floodway,2023-06-20,S2,NDVI,DRY_LAND,774.99,0.308,0.4961,0.6327
floodway,2023-06-20,S2,NDWI,DRY_LAND,774.99,-0.5842,-0.5041,-0.3895
floodway,2023-06-20,S2,MNDWI,DRY_LAND,774.99,-0.5377,-0.5027,-0.4671
floodway,2023-06-20,S2,NDMI,DRY_LAND,774.99,-0.1348,-0.0106,0.1284
floodway,2023-06-20,S2,BSI,DRY_LAND,774.99,-0.0799,0.0488,0.16
floodway,2023-06-20,S2,AWEIsh,DRY_LAND,774.99,-0.6763,-0.6049,-0.548
floodway,2023-06-20,S2,NDTI,DRY_LAND,774.99,-0.078,0.0111,0.0888
floodway,2023-06-23,S2,NDVI,NW_REEDS,60.65,0.2216,0.2699,0.3245
floodway,2023-06-23,S2,NDWI,NW_REEDS,60.65,-0.4088,-0.3603,-0.292
floodway,2023-06-23,S2,MNDWI,NW_REEDS,60.65,-0.5311,-0.4717,-0.3947
floodway,2023-06-23,S2,NDMI,NW_REEDS,60.65,-0.1972,-0.1458,-0.0707
floodway,2023-06-23,S2,BSI,NW_REEDS,60.65,0.0838,0.141,0.1789
floodway,2023-06-23,S2,AWEIsh,NW_REEDS,60.65,-0.2889,-0.2251,-0.1574
floodway,2023-06-23,S2,NDTI,NW_REEDS,60.65,0.043,0.086,0.1145
floodway,2023-06-23,S2,NDVI,NW_TREES,24.24,0.5278,0.706,0.8128
floodway,2023-06-23,S2,NDWI,NW_TREES,24.24,-0.7077,-0.6095,-0.4776
floodway,2023-06-23,S2,MNDWI,NW_TREES,24.24,-0.4729,-0.4256,-0.3697
floodway,2023-06-23,S2,NDMI,NW_TREES,24.24,0.1068,0.2776,0.3782
floodway,2023-06-23,S2,BSI,NW_TREES,24.24,-0.3353,-0.2286,-0.0672
floodway,2023-06-23,S2,AWEIsh,NW_TREES,24.24,-0.5143,-0.392,-0.2821
floodway,2023-06-23,S2,NDTI,NW_TREES,24.24,-0.2493,-0.177,-0.0621
floodway,2023-06-23,S2,NDVI,HIGH_REEDS,6.49,0.6688,0.7718,0.8568
floodway,2023-06-23,S2,NDWI,HIGH_REEDS,6.49,-0.7477,-0.6704,-0.5937
floodway,2023-06-23,S2,MNDWI,HIGH_REEDS,6.49,-0.5626,-0.5308,-0.4798
floodway,2023-06-23,S2,NDMI,HIGH_REEDS,6.49,0.1287,0.2519,0.3509
floodway,2023-06-23,S2,BSI,HIGH_REEDS,6.49,-0.3211,-0.2149,-0.0973
floodway,2023-06-23,S2,AWEIsh,HIGH_REEDS,6.49,-0.6918,-0.5913,-0.4752
floodway,2023-06-23,S2,NDTI,HIGH_REEDS,6.49,-0.3036,-0.2115,-0.1218
floodway,2023-06-23,S2,NDVI,OPEN_WATER,5.63,-0.05,0.0206,0.207
floodway,2023-06-23,S2,NDWI,OPEN_WATER,5.63,-0.2139,0.0462,0.1339
floodway,2023-06-23,S2,MNDWI,OPEN_WATER,5.63,-0.2896,-0.0473,0.0957
floodway,2023-06-23,S2,NDMI,OPEN_WATER,5.63,-0.1397,-0.0267,0.0602
floodway,2023-06-23,S2,BSI,OPEN_WATER,5.63,-0.052,0.0007,0.0618
floodway,2023-06-23,S2,AWEIsh,OPEN_WATER,5.63,-0.0998,0.0104,0.0333
floodway,2023-06-23,S2,NDTI,OPEN_WATER,5.63,-0.1089,-0.0692,-0.023
floodway,2023-06-23,S2,NDVI,EVENT_REEDS,7.19,0.2065,0.2746,0.3929
floodway,2023-06-23,S2,NDWI,EVENT_REEDS,7.19,-0.4444,-0.3562,-0.2693
floodway,2023-06-23,S2,MNDWI,EVENT_REEDS,7.19,-0.5089,-0.4536,-0.3614
floodway,2023-06-23,S2,NDMI,EVENT_REEDS,7.19,-0.1826,-0.107,0.0297
floodway,2023-06-23,S2,BSI,EVENT_REEDS,7.19,-0.0072,0.1088,0.1681
floodway,2023-06-23,S2,AWEIsh,EVENT_REEDS,7.19,-0.3494,-0.2646,-0.1716
floodway,2023-06-23,S2,NDTI,EVENT_REEDS,7.19,-0.0263,0.0558,0.0993
floodway,2023-06-23,S2,NDVI,DRY_LAND,1340.45,0.2864,0.4706,0.6133
floodway,2023-06-23,S2,NDWI,DRY_LAND,1340.45,-0.5698,-0.4909,-0.38
floodway,2023-06-23,S2,MNDWI,DRY_LAND,1340.45,-0.5382,-0.5063,-0.4725
floodway,2023-06-23,S2,NDMI,DRY_LAND,1340.45,-0.144,-0.0204,0.1021
floodway,2023-06-23,S2,BSI,DRY_LAND,1340.45,-0.056,0.0618,0.1688
floodway,2023-06-23,S2,AWEIsh,DRY_LAND,1340.45,-0.6115,-0.5469,-0.4962
floodway,2023-06-23,S2,NDTI,DRY_LAND,1340.45,-0.0686,0.0248,0.0984
floodway,2023-06-25,S2,NDVI,NW_REEDS,24.78,0.1656,0.2282,0.3136
floodway,2023-06-25,S2,NDWI,NW_REEDS,24.78,-0.402,-0.3304,-0.2317
floodway,2023-06-25,S2,MNDWI,NW_REEDS,24.78,-0.4955,-0.4271,-0.3186
floodway,2023-06-25,S2,NDMI,NW_REEDS,24.78,-0.178,-0.113,-0.0288
floodway,2023-06-25,S2,BSI,NW_REEDS,24.78,0.0609,0.1345,0.1891
floodway,2023-06-25,S2,AWEIsh,NW_REEDS,24.78,-0.3272,-0.2607,-0.177
floodway,2023-06-25,S2,NDTI,NW_REEDS,24.78,0.0182,0.0762,0.1254
floodway,2023-06-25,S2,NDVI,NW_TREES,27.17,0.5366,0.7147,0.8096
floodway,2023-06-25,S2,NDWI,NW_TREES,27.17,-0.6986,-0.6126,-0.4848
floodway,2023-06-25,S2,MNDWI,NW_TREES,27.17,-0.4804,-0.4327,-0.3762
floodway,2023-06-25,S2,NDMI,NW_TREES,27.17,0.1195,0.2635,0.3512
floodway,2023-06-25,S2,BSI,NW_TREES,27.17,-0.3058,-0.2124,-0.0677
floodway,2023-06-25,S2,AWEIsh,NW_TREES,27.17,-0.6125,-0.49,-0.3557
floodway,2023-06-25,S2,NDTI,NW_TREES,27.17,-0.2581,-0.1817,-0.068
floodway,2023-06-25,S2,NDVI,HIGH_REEDS,3.95,0.5443,0.6845,0.783
floodway,2023-06-25,S2,NDWI,HIGH_REEDS,3.95,-0.6815,-0.5959,-0.4913
floodway,2023-06-25,S2,MNDWI,HIGH_REEDS,3.95,-0.5342,-0.4833,-0.417
floodway,2023-06-25,S2,NDMI,HIGH_REEDS,3.95,0.0897,0.1866,0.2787
floodway,2023-06-25,S2,BSI,HIGH_REEDS,3.95,-0.2418,-0.1481,-0.0581
floodway,2023-06-25,S2,AWEIsh,HIGH_REEDS,3.95,-0.7768,-0.6411,-0.4692
floodway,2023-06-25,S2,NDTI,HIGH_REEDS,3.95,-0.2268,-0.1518,-0.0751
floodway,2023-06-25,S2,NDVI,OPEN_WATER,34.79,-0.3835,-0.2629,-0.1186
floodway,2023-06-25,S2,NDWI,OPEN_WATER,34.79,0.2143,0.3819,0.4885
floodway,2023-06-25,S2,MNDWI,OPEN_WATER,34.79,0.1309,0.3631,0.442
floodway,2023-06-25,S2,NDMI,OPEN_WATER,34.79,-0.1409,-0.0244,0.0676
floodway,2023-06-25,S2,BSI,OPEN_WATER,34.79,-0.0321,0.0136,0.0675
floodway,2023-06-25,S2,AWEIsh,OPEN_WATER,34.79,0.0389,0.0704,0.0839
floodway,2023-06-25,S2,NDTI,OPEN_WATER,34.79,-0.1512,-0.1265,-0.0937
floodway,2023-06-25,S2,NDVI,EVENT_REEDS,2.62,0.2346,0.4421,0.6189
floodway,2023-06-25,S2,NDWI,EVENT_REEDS,2.62,-0.5363,-0.4206,-0.2854
floodway,2023-06-25,S2,MNDWI,EVENT_REEDS,2.62,-0.4648,-0.4122,-0.3116
floodway,2023-06-25,S2,NDMI,EVENT_REEDS,2.62,-0.0938,0.051,0.1488
floodway,2023-06-25,S2,BSI,EVENT_REEDS,2.62,-0.1181,-0.0224,0.1118
floodway,2023-06-25,S2,AWEIsh,EVENT_REEDS,2.62,-0.5425,-0.3771,-0.2623
floodway,2023-06-25,S2,NDTI,EVENT_REEDS,2.62,-0.1429,-0.0447,0.056
floodway,2023-06-25,S2,NDVI,DRY_LAND,862.61,0.2433,0.416,0.5737
floodway,2023-06-25,S2,NDWI,DRY_LAND,862.61,-0.5408,-0.4474,-0.3354
floodway,2023-06-25,S2,MNDWI,DRY_LAND,862.61,-0.5275,-0.4872,-0.435
floodway,2023-06-25,S2,NDMI,DRY_LAND,862.61,-0.1456,-0.0295,0.0791
floodway,2023-06-25,S2,BSI,DRY_LAND,862.61,-0.0351,0.0667,0.1725
floodway,2023-06-25,S2,AWEIsh,DRY_LAND,862.61,-0.6808,-0.6063,-0.529
floodway,2023-06-25,S2,NDTI,DRY_LAND,862.61,-0.0568,0.0235,0.0956
floodway,2023-06-28,S2,NDVI,NW_REEDS,54.7,0.1777,0.2255,0.2847
floodway,2023-06-28,S2,NDWI,NW_REEDS,54.7,-0.3668,-0.2942,-0.2268
floodway,2023-06-28,S2,MNDWI,NW_REEDS,54.7,-0.4885,-0.3979,-0.2902
floodway,2023-06-28,S2,NDMI,NW_REEDS,54.7,-0.1978,-0.117,-0.0252
floodway,2023-06-28,S2,BSI,NW_REEDS,54.7,0.04,0.119,0.1841
floodway,2023-06-28,S2,AWEIsh,NW_REEDS,54.7,-0.31,-0.2322,-0.1563
floodway,2023-06-28,S2,NDTI,NW_REEDS,54.7,0.0095,0.0634,0.1044
floodway,2023-06-28,S2,NDVI,NW_TREES,18.03,0.4256,0.6402,0.7692
floodway,2023-06-28,S2,NDWI,NW_TREES,18.03,-0.6649,-0.5482,-0.3945
floodway,2023-06-28,S2,MNDWI,NW_TREES,18.03,-0.4301,-0.3682,-0.2837
floodway,2023-06-28,S2,NDMI,NW_TREES,18.03,0.098,0.265,0.3783
floodway,2023-06-28,S2,BSI,NW_TREES,18.03,-0.3265,-0.2104,-0.0559
floodway,2023-06-28,S2,AWEIsh,NW_TREES,18.03,-0.5234,-0.392,-0.2786
floodway,2023-06-28,S2,NDTI,NW_TREES,18.03,-0.2194,-0.1504,-0.0455
floodway,2023-06-28,S2,NDVI,HIGH_REEDS,4.81,0.5947,0.7389,0.8196
floodway,2023-06-28,S2,NDWI,HIGH_REEDS,4.81,-0.7035,-0.6333,-0.5204
floodway,2023-06-28,S2,MNDWI,HIGH_REEDS,4.81,-0.4991,-0.4607,-0.3865
floodway,2023-06-28,S2,NDMI,HIGH_REEDS,4.81,0.1187,0.268,0.3666
floodway,2023-06-28,S2,BSI,HIGH_REEDS,4.81,-0.3305,-0.2291,-0.088
floodway,2023-06-28,S2,AWEIsh,HIGH_REEDS,4.81,-0.7429,-0.6153,-0.4393
floodway,2023-06-28,S2,NDTI,HIGH_REEDS,4.81,-0.2738,-0.2048,-0.1058
floodway,2023-06-28,S2,NDVI,OPEN_WATER,29.55,-0.1495,-0.0896,-0.0305
floodway,2023-06-28,S2,NDWI,OPEN_WATER,29.55,0.0707,0.1444,0.2128
floodway,2023-06-28,S2,MNDWI,OPEN_WATER,29.55,0.1113,0.2334,0.3155
floodway,2023-06-28,S2,NDMI,OPEN_WATER,29.55,0.0373,0.0919,0.1595
floodway,2023-06-28,S2,BSI,OPEN_WATER,29.55,-0.0864,-0.0376,0.0004
floodway,2023-06-28,S2,AWEIsh,OPEN_WATER,29.55,0.0499,0.0843,0.1072
floodway,2023-06-28,S2,NDTI,OPEN_WATER,29.55,-0.0867,-0.0558,-0.0334
floodway,2023-06-28,S2,NDVI,EVENT_REEDS,7.88,0.2005,0.2578,0.4005
floodway,2023-06-28,S2,NDWI,EVENT_REEDS,7.88,-0.4441,-0.3344,-0.2518
floodway,2023-06-28,S2,MNDWI,EVENT_REEDS,7.88,-0.4907,-0.4292,-0.3228
floodway,2023-06-28,S2,NDMI,EVENT_REEDS,7.88,-0.1681,-0.0787,0.0544
floodway,2023-06-28,S2,BSI,EVENT_REEDS,7.88,-0.0221,0.0955,0.171
floodway,2023-06-28,S2,AWEIsh,EVENT_REEDS,7.88,-0.3786,-0.2944,-0.1932
floodway,2023-06-28,S2,NDTI,EVENT_REEDS,7.88,-0.0341,0.0462,0.1006
floodway,2023-06-28,S2,NDVI,DRY_LAND,989.88,0.2451,0.3895,0.5571
floodway,2023-06-28,S2,NDWI,DRY_LAND,989.88,-0.5228,-0.4199,-0.322
floodway,2023-06-28,S2,MNDWI,DRY_LAND,989.88,-0.5139,-0.4683,-0.3986
floodway,2023-06-28,S2,NDMI,DRY_LAND,989.88,-0.1383,-0.0315,0.0907
floodway,2023-06-28,S2,BSI,DRY_LAND,989.88,-0.0486,0.0658,0.1648
floodway,2023-06-28,S2,AWEIsh,DRY_LAND,989.88,-0.6374,-0.5554,-0.4742
floodway,2023-06-28,S2,NDTI,DRY_LAND,989.88,-0.0629,0.0216,0.0879
floodway,2023-06-30,S2,NDVI,NW_REEDS,39.25,0.202,0.2522,0.3461
floodway,2023-06-30,S2,NDWI,NW_REEDS,39.25,-0.4242,-0.3573,-0.2743
floodway,2023-06-30,S2,MNDWI,NW_REEDS,39.25,-0.4992,-0.4362,-0.3328
floodway,2023-06-30,S2,NDMI,NW_REEDS,39.25,-0.1524,-0.0868,0.0152
floodway,2023-06-30,S2,BSI,NW_REEDS,39.25,0.0301,0.1108,0.1606
floodway,2023-06-30,S2,AWEIsh,NW_REEDS,39.25,-0.3274,-0.2567,-0.1584
floodway,2023-06-30,S2,NDTI,NW_REEDS,39.25,0.011,0.0824,0.1211
floodway,2023-06-30,S2,NDVI,NW_TREES,35.56,0.5953,0.75,0.8287
floodway,2023-06-30,S2,NDWI,NW_TREES,35.56,-0.7177,-0.6443,-0.5265
floodway,2023-06-30,S2,MNDWI,NW_TREES,35.56,-0.495,-0.4516,-0.3977
floodway,2023-06-30,S2,NDMI,NW_TREES,35.56,0.1504,0.2887,0.3712
floodway,2023-06-30,S2,BSI,NW_TREES,35.56,-0.3318,-0.2434,-0.1012
floodway,2023-06-30,S2,AWEIsh,NW_TREES,35.56,-0.5837,-0.4794,-0.3579
floodway,2023-06-30,S2,NDTI,NW_TREES,35.56,-0.2773,-0.2047,-0.0934
floodway,2023-06-30,S2,NDVI,HIGH_REEDS,8.55,0.6713,0.7567,0.8324
floodway,2023-06-30,S2,NDWI,HIGH_REEDS,8.55,-0.7178,-0.6486,-0.5903
floodway,2023-06-30,S2,MNDWI,HIGH_REEDS,8.55,-0.5474,-0.5035,-0.4588
floodway,2023-06-30,S2,NDMI,HIGH_REEDS,8.55,0.1443,0.248,0.3362
floodway,2023-06-30,S2,BSI,HIGH_REEDS,8.55,-0.302,-0.2102,-0.1087
floodway,2023-06-30,S2,AWEIsh,HIGH_REEDS,8.55,-0.7164,-0.5949,-0.456
floodway,2023-06-30,S2,NDTI,HIGH_REEDS,8.55,-0.2921,-0.2111,-0.131
floodway,2023-06-30,S2,NDVI,OPEN_WATER,45.09,-0.2588,-0.203,-0.026
floodway,2023-06-30,S2,NDWI,OPEN_WATER,45.09,0.161,0.2978,0.351
floodway,2023-06-30,S2,MNDWI,OPEN_WATER,45.09,0.3149,0.5107,0.577
floodway,2023-06-30,S2,NDMI,OPEN_WATER,45.09,0.1501,0.2453,0.3097
floodway,2023-06-30,S2,BSI,OPEN_WATER,45.09,-0.1361,-0.0962,-0.0387
floodway,2023-06-30,S2,AWEIsh,OPEN_WATER,45.09,0.0435,0.0838,0.0926
floodway,2023-06-30,S2,NDTI,OPEN_WATER,45.09,-0.1364,-0.1048,-0.0692
floodway,2023-06-30,S2,NDVI,EVENT_REEDS,5.03,0.2691,0.6043,0.7245
floodway,2023-06-30,S2,NDWI,EVENT_REEDS,5.03,-0.6197,-0.5508,-0.3713
floodway,2023-06-30,S2,MNDWI,EVENT_REEDS,5.03,-0.4939,-0.4557,-0.3968
floodway,2023-06-30,S2,NDMI,EVENT_REEDS,5.03,-0.0648,0.1338,0.2394
floodway,2023-06-30,S2,BSI,EVENT_REEDS,5.03,-0.1928,-0.0869,0.0982
floodway,2023-06-30,S2,AWEIsh,EVENT_REEDS,5.03,-0.5349,-0.4238,-0.3011
floodway,2023-06-30,S2,NDTI,EVENT_REEDS,5.03,-0.1965,-0.1004,0.0705
floodway,2023-06-30,S2,NDVI,DRY_LAND,1508.39,0.3022,0.4792,0.6149
floodway,2023-06-30,S2,NDWI,DRY_LAND,1508.39,-0.5718,-0.4996,-0.402
floodway,2023-06-30,S2,MNDWI,DRY_LAND,1508.39,-0.547,-0.5137,-0.4797
floodway,2023-06-30,S2,NDMI,DRY_LAND,1508.39,-0.1405,-0.0277,0.0925
floodway,2023-06-30,S2,BSI,DRY_LAND,1508.39,-0.0482,0.0667,0.17
floodway,2023-06-30,S2,AWEIsh,DRY_LAND,1508.39,-0.6496,-0.5754,-0.5212
floodway,2023-06-30,S2,NDTI,DRY_LAND,1508.39,-0.0679,0.0253,0.1029
floodway,2023-07-03,S2,NDVI,NW_REEDS,90.48,0.2411,0.2853,0.3653
floodway,2023-07-03,S2,NDWI,NW_REEDS,90.48,-0.4635,-0.4056,-0.3377
floodway,2023-07-03,S2,MNDWI,NW_REEDS,90.48,-0.5868,-0.5289,-0.4276
floodway,2023-07-03,S2,NDMI,NW_REEDS,90.48,-0.2224,-0.152,-0.0541
floodway,2023-07-03,S2,BSI,NW_REEDS,90.48,0.0851,0.1635,0.2158
floodway,2023-07-03,S2,AWEIsh,NW_REEDS,90.48,-0.3366,-0.2669,-0.1905
floodway,2023-07-03,S2,NDTI,NW_REEDS,90.48,0.0436,0.109,0.1468
floodway,2023-07-03,S2,NDVI,NW_TREES,45.82,0.5956,0.7524,0.8417
floodway,2023-07-03,S2,NDWI,NW_TREES,45.82,-0.7348,-0.6503,-0.5361
floodway,2023-07-03,S2,MNDWI,NW_TREES,45.82,-0.5275,-0.481,-0.4249
floodway,2023-07-03,S2,NDMI,NW_TREES,45.82,0.1154,0.2666,0.3661
floodway,2023-07-03,S2,BSI,NW_TREES,45.82,-0.3284,-0.2223,-0.0704
floodway,2023-07-03,S2,AWEIsh,NW_TREES,45.82,-0.5298,-0.4332,-0.3374
floodway,2023-07-03,S2,NDTI,NW_TREES,45.82,-0.2836,-0.2022,-0.0789
floodway,2023-07-03,S2,NDVI,HIGH_REEDS,7.56,0.6752,0.7665,0.8381
floodway,2023-07-03,S2,NDWI,HIGH_REEDS,7.56,-0.7257,-0.6598,-0.5992
floodway,2023-07-03,S2,MNDWI,HIGH_REEDS,7.56,-0.5712,-0.5268,-0.4767
floodway,2023-07-03,S2,NDMI,HIGH_REEDS,7.56,0.1188,0.238,0.3319
floodway,2023-07-03,S2,BSI,HIGH_REEDS,7.56,-0.2984,-0.2019,-0.0851
floodway,2023-07-03,S2,AWEIsh,HIGH_REEDS,7.56,-0.6947,-0.5867,-0.4781
floodway,2023-07-03,S2,NDTI,HIGH_REEDS,7.56,-0.2926,-0.2114,-0.1197
floodway,2023-07-03,S2,NDVI,OPEN_WATER,64.93,-0.2781,-0.1759,-0.0293
floodway,2023-07-03,S2,NDWI,OPEN_WATER,64.93,0.1207,0.2852,0.4085
floodway,2023-07-03,S2,MNDWI,OPEN_WATER,64.93,0.1241,0.4177,0.5967
floodway,2023-07-03,S2,NDMI,OPEN_WATER,64.93,0.0458,0.163,0.2834
floodway,2023-07-03,S2,BSI,OPEN_WATER,64.93,-0.1025,-0.0621,-0.0146
floodway,2023-07-03,S2,AWEIsh,OPEN_WATER,64.93,0.0281,0.0682,0.0784
floodway,2023-07-03,S2,NDTI,OPEN_WATER,64.93,-0.1554,-0.12,-0.0806
floodway,2023-07-03,S2,NDVI,EVENT_REEDS,11.73,0.242,0.3202,0.6053
floodway,2023-07-03,S2,NDWI,EVENT_REEDS,11.73,-0.5529,-0.4167,-0.3256
floodway,2023-07-03,S2,MNDWI,EVENT_REEDS,11.73,-0.5405,-0.4815,-0.4067
floodway,2023-07-03,S2,NDMI,EVENT_REEDS,11.73,-0.1756,-0.0709,0.1451
floodway,2023-07-03,S2,BSI,EVENT_REEDS,11.73,-0.0971,0.0955,0.1771
floodway,2023-07-03,S2,AWEIsh,EVENT_REEDS,11.73,-0.4232,-0.3348,-0.2477
floodway,2023-07-03,S2,NDTI,EVENT_REEDS,11.73,-0.1029,0.0523,0.1111
floodway,2023-07-03,S2,NDVI,DRY_LAND,2259.73,0.2964,0.4685,0.6107
floodway,2023-07-03,S2,NDWI,DRY_LAND,2259.73,-0.5781,-0.5019,-0.3998
floodway,2023-07-03,S2,MNDWI,DRY_LAND,2259.73,-0.5672,-0.5385,-0.5046
floodway,2023-07-03,S2,NDMI,DRY_LAND,2259.73,-0.1633,-0.0573,0.0681
floodway,2023-07-03,S2,BSI,DRY_LAND,2259.73,-0.0257,0.0928,0.1881
floodway,2023-07-03,S2,AWEIsh,DRY_LAND,2259.73,-0.6227,-0.5497,-0.4974
floodway,2023-07-03,S2,NDTI,DRY_LAND,2259.73,-0.0522,0.041,0.1104
floodway,2023-07-05,S2,NDVI,NW_REEDS,28.96,0.2318,0.2866,0.4265
floodway,2023-07-05,S2,NDWI,NW_REEDS,28.96,-0.4585,-0.3899,-0.3263
floodway,2023-07-05,S2,MNDWI,NW_REEDS,28.96,-0.5507,-0.5026,-0.4295
floodway,2023-07-05,S2,NDMI,NW_REEDS,28.96,-0.2026,-0.1335,-0.0192
floodway,2023-07-05,S2,BSI,NW_REEDS,28.96,0.0577,0.1522,0.2062
floodway,2023-07-05,S2,AWEIsh,NW_REEDS,28.96,-0.3926,-0.3281,-0.2472
floodway,2023-07-05,S2,NDTI,NW_REEDS,28.96,-0.0056,0.0846,0.1225
floodway,2023-07-05,S2,NDVI,NW_TREES,19.9,0.5981,0.7199,0.8153
floodway,2023-07-05,S2,NDWI,NW_TREES,19.9,-0.708,-0.6203,-0.5265
floodway,2023-07-05,S2,MNDWI,NW_TREES,19.9,-0.5157,-0.4772,-0.4323
floodway,2023-07-05,S2,NDMI,NW_TREES,19.9,0.1029,0.2276,0.3271
floodway,2023-07-05,S2,BSI,NW_TREES,19.9,-0.288,-0.1832,-0.0614
floodway,2023-07-05,S2,AWEIsh,NW_TREES,19.9,-0.612,-0.5009,-0.4009
floodway,2023-07-05,S2,NDTI,NW_TREES,19.9,-0.2577,-0.1888,-0.0949
floodway,2023-07-05,S2,NDVI,HIGH_REEDS,5.63,0.6764,0.7598,0.8309
floodway,2023-07-05,S2,NDWI,HIGH_REEDS,5.63,-0.7291,-0.6629,-0.5977
floodway,2023-07-05,S2,MNDWI,HIGH_REEDS,5.63,-0.5694,-0.5394,-0.4909
floodway,2023-07-05,S2,NDMI,HIGH_REEDS,5.63,0.1277,0.2293,0.3079
floodway,2023-07-05,S2,BSI,HIGH_REEDS,5.63,-0.2744,-0.1921,-0.0922
floodway,2023-07-05,S2,AWEIsh,HIGH_REEDS,5.63,-0.7307,-0.6462,-0.5387
floodway,2023-07-05,S2,NDTI,HIGH_REEDS,5.63,-0.2588,-0.1964,-0.1279
floodway,2023-07-05,S2,NDVI,OPEN_WATER,20.39,-0.305,-0.2434,-0.0693
floodway,2023-07-05,S2,NDWI,OPEN_WATER,20.39,0.2276,0.3978,0.4483
floodway,2023-07-05,S2,MNDWI,OPEN_WATER,20.39,0.3468,0.575,0.6404
floodway,2023-07-05,S2,NDMI,OPEN_WATER,20.39,0.1138,0.2121,0.278
floodway,2023-07-05,S2,BSI,OPEN_WATER,20.39,-0.1178,-0.0928,-0.0596
floodway,2023-07-05,S2,AWEIsh,OPEN_WATER,20.39,0.0506,0.0762,0.0837
floodway,2023-07-05,S2,NDTI,OPEN_WATER,20.39,-0.1831,-0.1595,-0.1343
floodway,2023-07-05,S2,NDVI,EVENT_REEDS,1.96,0.3082,0.5747,0.6965
floodway,2023-07-05,S2,NDWI,EVENT_REEDS,1.96,-0.607,-0.5436,-0.3846
floodway,2023-07-05,S2,MNDWI,EVENT_REEDS,1.96,-0.5297,-0.4941,-0.456
floodway,2023-07-05,S2,NDMI,EVENT_REEDS,1.96,-0.1231,0.0685,0.1639
floodway,2023-07-05,S2,BSI,EVENT_REEDS,1.96,-0.1222,-0.0262,0.1387
floodway,2023-07-05,S2,AWEIsh,EVENT_REEDS,1.96,-0.536,-0.4544,-0.3641
floodway,2023-07-05,S2,NDTI,EVENT_REEDS,1.96,-0.1605,-0.0572,0.0633
floodway,2023-07-05,S2,NDVI,DRY_LAND,1063.64,0.2962,0.4455,0.5745
floodway,2023-07-05,S2,NDWI,DRY_LAND,1063.64,-0.5479,-0.4766,-0.3834
floodway,2023-07-05,S2,MNDWI,DRY_LAND,1063.64,-0.56,-0.531,-0.4976
floodway,2023-07-05,S2,NDMI,DRY_LAND,1063.64,-0.1749,-0.0768,0.0367
floodway,2023-07-05,S2,BSI,DRY_LAND,1063.64,0.0046,0.1097,0.1948
floodway,2023-07-05,S2,AWEIsh,DRY_LAND,1063.64,-0.6691,-0.5896,-0.5354
floodway,2023-07-05,S2,NDTI,DRY_LAND,1063.64,-0.0398,0.0383,0.0969
floodway,2023-07-08,S2,NDVI,NW_REEDS,64.72,0.2407,0.3004,0.3946
floodway,2023-07-08,S2,NDWI,NW_REEDS,64.72,-0.4779,-0.4062,-0.3244
floodway,2023-07-08,S2,MNDWI,NW_REEDS,64.72,-0.5825,-0.5134,-0.4096
floodway,2023-07-08,S2,NDMI,NW_REEDS,64.72,-0.2026,-0.1273,-0.0303
floodway,2023-07-08,S2,BSI,NW_REEDS,64.72,0.0735,0.1549,0.2189
floodway,2023-07-08,S2,AWEIsh,NW_REEDS,64.72,-0.373,-0.2965,-0.2168
floodway,2023-07-08,S2,NDTI,NW_REEDS,64.72,0.0224,0.0904,0.137
floodway,2023-07-08,S2,NDVI,NW_TREES,37.26,0.6007,0.7445,0.8253
floodway,2023-07-08,S2,NDWI,NW_TREES,37.26,-0.7259,-0.648,-0.5441
floodway,2023-07-08,S2,MNDWI,NW_TREES,37.26,-0.5267,-0.4794,-0.4235
floodway,2023-07-08,S2,NDMI,NW_TREES,37.26,0.1298,0.2609,0.3501
floodway,2023-07-08,S2,BSI,NW_TREES,37.26,-0.3045,-0.2101,-0.0762
floodway,2023-07-08,S2,AWEIsh,NW_TREES,37.26,-0.5392,-0.4557,-0.3697
floodway,2023-07-08,S2,NDTI,NW_TREES,37.26,-0.2539,-0.186,-0.0769
floodway,2023-07-08,S2,NDVI,HIGH_REEDS,8.74,0.6538,0.7424,0.8053
floodway,2023-07-08,S2,NDWI,HIGH_REEDS,8.74,-0.6964,-0.6441,-0.5838
floodway,2023-07-08,S2,MNDWI,HIGH_REEDS,8.74,-0.5573,-0.5045,-0.4527
floodway,2023-07-08,S2,NDMI,HIGH_REEDS,8.74,0.1229,0.2236,0.3007
floodway,2023-07-08,S2,BSI,HIGH_REEDS,8.74,-0.2599,-0.1812,-0.0808
floodway,2023-07-08,S2,AWEIsh,HIGH_REEDS,8.74,-0.6455,-0.5574,-0.4567
floodway,2023-07-08,S2,NDTI,HIGH_REEDS,8.74,-0.2516,-0.1837,-0.1065
floodway,2023-07-08,S2,NDVI,OPEN_WATER,47.77,-0.1147,-0.0704,0.04
floodway,2023-07-08,S2,NDWI,OPEN_WATER,47.77,0.0216,0.1195,0.1626
floodway,2023-07-08,S2,MNDWI,OPEN_WATER,47.77,-0.0119,0.1553,0.2124
floodway,2023-07-08,S2,NDMI,OPEN_WATER,47.77,-0.0317,0.0346,0.0913
floodway,2023-07-08,S2,BSI,OPEN_WATER,47.77,-0.0296,0.0111,0.06
floodway,2023-07-08,S2,AWEIsh,OPEN_WATER,47.77,0.0068,0.0547,0.07
floodway,2023-07-08,S2,NDTI,OPEN_WATER,47.77,-0.0797,-0.0498,-0.0265
floodway,2023-07-08,S2,NDVI,EVENT_REEDS,8.5,0.2553,0.3957,0.6765
floodway,2023-07-08,S2,NDWI,EVENT_REEDS,8.5,-0.5996,-0.4461,-0.3317
floodway,2023-07-08,S2,MNDWI,EVENT_REEDS,8.5,-0.5282,-0.4781,-0.3957
floodway,2023-07-08,S2,NDMI,EVENT_REEDS,8.5,-0.1389,-0.0043,0.1711
floodway,2023-07-08,S2,BSI,EVENT_REEDS,8.5,-0.1208,0.0417,0.1597
floodway,2023-07-08,S2,AWEIsh,EVENT_REEDS,8.5,-0.4978,-0.3836,-0.2862
floodway,2023-07-08,S2,NDTI,EVENT_REEDS,8.5,-0.1371,0.003,0.0892
floodway,2023-07-08,S2,NDVI,DRY_LAND,1624.41,0.2583,0.4105,0.5428
floodway,2023-07-08,S2,NDWI,DRY_LAND,1624.41,-0.5369,-0.4623,-0.3677
floodway,2023-07-08,S2,MNDWI,DRY_LAND,1624.41,-0.5456,-0.512,-0.4726
floodway,2023-07-08,S2,NDMI,DRY_LAND,1624.41,-0.152,-0.0645,0.0361
floodway,2023-07-08,S2,BSI,DRY_LAND,1624.41,0.013,0.1094,0.1873
floodway,2023-07-08,S2,AWEIsh,DRY_LAND,1624.41,-0.6135,-0.54,-0.4837
floodway,2023-07-08,S2,NDTI,DRY_LAND,1624.41,-0.0179,0.0586,0.1149
floodway,2023-07-15,S2,NDVI,NW_REEDS,18.88,0.2076,0.295,0.4127
floodway,2023-07-15,S2,NDWI,NW_REEDS,18.88,-0.4133,-0.3378,-0.2411
floodway,2023-07-15,S2,MNDWI,NW_REEDS,18.88,-0.4575,-0.3993,-0.297
floodway,2023-07-15,S2,NDMI,NW_REEDS,18.88,-0.1235,-0.0608,0.045
floodway,2023-07-15,S2,BSI,NW_REEDS,18.88,-0.0168,0.0743,0.1285
floodway,2023-07-15,S2,AWEIsh,NW_REEDS,18.88,-0.4369,-0.3544,-0.2579
floodway,2023-07-15,S2,NDTI,NW_REEDS,18.88,-0.0479,0.023,0.0638
floodway,2023-07-15,S2,NDVI,NW_TREES,15.6,0.5884,0.7085,0.7763
floodway,2023-07-15,S2,NDWI,NW_TREES,15.6,-0.6664,-0.6026,-0.5064
floodway,2023-07-15,S2,MNDWI,NW_TREES,15.6,-0.4347,-0.3955,-0.3491
floodway,2023-07-15,S2,NDMI,NW_TREES,15.6,0.1763,0.2846,0.3553
floodway,2023-07-15,S2,BSI,NW_TREES,15.6,-0.3124,-0.2422,-0.1363
floodway,2023-07-15,S2,AWEIsh,NW_TREES,15.6,-0.6273,-0.5406,-0.4401
floodway,2023-07-15,S2,NDTI,NW_TREES,15.6,-0.2328,-0.1869,-0.1143
floodway,2023-07-15,S2,NDVI,HIGH_REEDS,4.98,0.6147,0.7111,0.7804
floodway,2023-07-15,S2,NDWI,HIGH_REEDS,4.98,-0.6682,-0.6054,-0.5389
floodway,2023-07-15,S2,MNDWI,HIGH_REEDS,4.98,-0.504,-0.4474,-0.3966
floodway,2023-07-15,S2,NDMI,HIGH_REEDS,4.98,0.138,0.2406,0.311
floodway,2023-07-15,S2,BSI,HIGH_REEDS,4.98,-0.2737,-0.2039,-0.1054
floodway,2023-07-15,S2,AWEIsh,HIGH_REEDS,4.98,-0.7502,-0.6411,-0.5452
floodway,2023-07-15,S2,NDTI,HIGH_REEDS,4.98,-0.2373,-0.1846,-0.1137
floodway,2023-07-15,S2,NDVI,OPEN_WATER,23.03,-0.2159,-0.1628,-0.0514
floodway,2023-07-15,S2,NDWI,OPEN_WATER,23.03,0.1959,0.3045,0.3584
floodway,2023-07-15,S2,MNDWI,OPEN_WATER,23.03,0.3236,0.5324,0.604
floodway,2023-07-15,S2,NDMI,OPEN_WATER,23.03,0.0997,0.2481,0.3373
floodway,2023-07-15,S2,BSI,OPEN_WATER,23.03,-0.2077,-0.1612,-0.1133
floodway,2023-07-15,S2,AWEIsh,OPEN_WATER,23.03,0.0778,0.111,0.1273
floodway,2023-07-15,S2,NDTI,OPEN_WATER,23.03,-0.1767,-0.1506,-0.1259
floodway,2023-07-15,S2,NDVI,EVENT_REEDS,1.36,0.183,0.2994,0.4881
floodway,2023-07-15,S2,NDWI,EVENT_REEDS,1.36,-0.4293,-0.3167,-0.2197
floodway,2023-07-15,S2,MNDWI,EVENT_REEDS,1.36,-0.4368,-0.3644,-0.2488
floodway,2023-07-15,S2,NDMI,EVENT_REEDS,1.36,-0.1202,-0.0328,0.1668
floodway,2023-07-15,S2,BSI,EVENT_REEDS,1.36,-0.1347,0.0576,0.1309
floodway,2023-07-15,S2,AWEIsh,EVENT_REEDS,1.36,-0.5017,-0.3942,-0.2803
floodway,2023-07-15,S2,NDTI,EVENT_REEDS,1.36,-0.1261,0.0089,0.0619
floodway,2023-07-15,S2,NDVI,DRY_LAND,863.89,0.2625,0.3958,0.5112
floodway,2023-07-15,S2,NDWI,DRY_LAND,863.89,-0.5001,-0.4348,-0.3508
floodway,2023-07-15,S2,MNDWI,DRY_LAND,863.89,-0.5164,-0.4849,-0.4477
floodway,2023-07-15,S2,NDMI,DRY_LAND,863.89,-0.1465,-0.0627,0.0283
floodway,2023-07-15,S2,BSI,DRY_LAND,863.89,0.0059,0.0904,0.1653
floodway,2023-07-15,S2,AWEIsh,DRY_LAND,863.89,-0.6957,-0.6094,-0.5477
floodway,2023-07-15,S2,NDTI,DRY_LAND,863.89,-0.0259,0.041,0.0924
floodway,2023-07-25,S2,NDVI,NW_REEDS,24.61,0.3255,0.4474,0.5804
floodway,2023-07-25,S2,NDWI,NW_REEDS,24.61,-0.5248,-0.4427,-0.3532
floodway,2023-07-25,S2,MNDWI,NW_REEDS,24.61,-0.5236,-0.4825,-0.3999
floodway,2023-07-25,S2,NDMI,NW_REEDS,24.61,-0.1182,-0.0323,0.0911
floodway,2023-07-25,S2,BSI,NW_REEDS,24.61,-0.0521,0.055,0.1298
floodway,2023-07-25,S2,AWEIsh,NW_REEDS,24.61,-0.458,-0.386,-0.2958
floodway,2023-07-25,S2,NDTI,NW_REEDS,24.61,-0.1048,-0.0255,0.0344
floodway,2023-07-25,S2,NDVI,NW_TREES,18.48,0.6284,0.7256,0.795
floodway,2023-07-25,S2,NDWI,NW_TREES,18.48,-0.6904,-0.6251,-0.5425
floodway,2023-07-25,S2,MNDWI,NW_TREES,18.48,-0.501,-0.4644,-0.4183
floodway,2023-07-25,S2,NDMI,NW_TREES,18.48,0.1455,0.2402,0.3167
floodway,2023-07-25,S2,BSI,NW_TREES,18.48,-0.2751,-0.1977,-0.1048
floodway,2023-07-25,S2,AWEIsh,NW_TREES,18.48,-0.5946,-0.5168,-0.4354
floodway,2023-07-25,S2,NDTI,NW_TREES,18.48,-0.2354,-0.1889,-0.1259
floodway,2023-07-25,S2,NDVI,HIGH_REEDS,5.69,0.6005,0.7326,0.8055
floodway,2023-07-25,S2,NDWI,HIGH_REEDS,5.69,-0.7008,-0.6386,-0.5467
floodway,2023-07-25,S2,MNDWI,HIGH_REEDS,5.69,-0.5781,-0.5336,-0.4743
floodway,2023-07-25,S2,NDMI,HIGH_REEDS,5.69,0.0658,0.1972,0.2768
floodway,2023-07-25,S2,BSI,HIGH_REEDS,5.69,-0.2421,-0.1609,-0.0312
floodway,2023-07-25,S2,AWEIsh,HIGH_REEDS,5.69,-0.7189,-0.6369,-0.5367
floodway,2023-07-25,S2,NDTI,HIGH_REEDS,5.69,-0.2399,-0.1745,-0.0752
floodway,2023-07-25,S2,NDVI,OPEN_WATER,17.77,-0.1104,-0.0639,0.0133
floodway,2023-07-25,S2,NDWI,OPEN_WATER,17.77,0.1362,0.208,0.2515
floodway,2023-07-25,S2,MNDWI,OPEN_WATER,17.77,0.42,0.5302,0.574
floodway,2023-07-25,S2,NDMI,OPEN_WATER,17.77,0.2814,0.3424,0.388
floodway,2023-07-25,S2,BSI,OPEN_WATER,17.77,-0.1672,-0.1446,-0.1214
floodway,2023-07-25,S2,AWEIsh,OPEN_WATER,17.77,0.0598,0.0726,0.0791
floodway,2023-07-25,S2,NDTI,OPEN_WATER,17.77,-0.1636,-0.1437,-0.1242
floodway,2023-07-25,S2,NDVI,EVENT_REEDS,1.89,0.4662,0.64,0.7113
floodway,2023-07-25,S2,NDWI,EVENT_REEDS,1.89,-0.6138,-0.5727,-0.4552
floodway,2023-07-25,S2,MNDWI,EVENT_REEDS,1.89,-0.5188,-0.4819,-0.4456
floodway,2023-07-25,S2,NDMI,EVENT_REEDS,1.89,-0.0368,0.1265,0.202
floodway,2023-07-25,S2,BSI,EVENT_REEDS,1.89,-0.1583,-0.0831,0.0607
floodway,2023-07-25,S2,AWEIsh,EVENT_REEDS,1.89,-0.5755,-0.5008,-0.4148
floodway,2023-07-25,S2,NDTI,EVENT_REEDS,1.89,-0.1783,-0.1127,-0.0052
floodway,2023-07-25,S2,NDVI,DRY_LAND,760.1,0.2623,0.4166,0.5486
floodway,2023-07-25,S2,NDWI,DRY_LAND,760.1,-0.5258,-0.4542,-0.3492
floodway,2023-07-25,S2,MNDWI,DRY_LAND,760.1,-0.562,-0.5269,-0.4856
floodway,2023-07-25,S2,NDMI,DRY_LAND,760.1,-0.191,-0.1008,0.0096
floodway,2023-07-25,S2,BSI,DRY_LAND,760.1,0.0253,0.1282,0.2056
floodway,2023-07-25,S2,AWEIsh,DRY_LAND,760.1,-0.6633,-0.59,-0.5339
floodway,2023-07-25,S2,NDTI,DRY_LAND,760.1,-0.0375,0.042,0.0971
floodway,2023-07-28,S2,NDVI,DRY_LAND,0.31,0.1316,0.1683,0.2554
floodway,2023-07-28,S2,NDWI,DRY_LAND,0.31,-0.2347,-0.1397,-0.1152
floodway,2023-07-28,S2,MNDWI,DRY_LAND,0.31,-0.2118,-0.1651,-0.1145
floodway,2023-07-28,S2,NDMI,DRY_LAND,0.31,-0.0849,-0.0199,0.0987
floodway,2023-07-28,S2,BSI,DRY_LAND,0.31,-0.0828,-0.0209,0.0165
floodway,2023-07-28,S2,AWEIsh,DRY_LAND,0.31,-0.1582,-0.1231,-0.0917
floodway,2023-07-28,S2,NDTI,DRY_LAND,0.31,-0.0518,-0.0292,-0.0105
floodway,2023-07-30,S2,NDVI,NW_REEDS,33.29,0.292,0.4486,0.6047
floodway,2023-07-30,S2,NDWI,NW_REEDS,33.29,-0.5345,-0.4353,-0.3122
floodway,2023-07-30,S2,MNDWI,NW_REEDS,33.29,-0.507,-0.4616,-0.3627
floodway,2023-07-30,S2,NDMI,NW_REEDS,33.29,-0.1066,-0.0156,0.1171
floodway,2023-07-30,S2,BSI,NW_REEDS,33.29,-0.0881,0.0291,0.1106
floodway,2023-07-30,S2,AWEIsh,NW_REEDS,33.29,-0.4635,-0.38,-0.2849
floodway,2023-07-30,S2,NDTI,NW_REEDS,33.29,-0.1327,-0.0388,0.0325
floodway,2023-07-30,S2,NDVI,NW_TREES,33.1,0.6923,0.7864,0.8352
floodway,2023-07-30,S2,NDWI,NW_TREES,33.1,-0.7235,-0.6722,-0.5905
floodway,2023-07-30,S2,MNDWI,NW_TREES,33.1,-0.5082,-0.4709,-0.4274
floodway,2023-07-30,S2,NDMI,NW_TREES,33.1,0.2016,0.3007,0.3644
floodway,2023-07-30,S2,BSI,NW_TREES,33.1,-0.3323,-0.2677,-0.1685
floodway,2023-07-30,S2,AWEIsh,NW_TREES,33.1,-0.6216,-0.5502,-0.4628
floodway,2023-07-30,S2,NDTI,NW_TREES,33.1,-0.2882,-0.2393,-0.1677
floodway,2023-07-30,S2,NDVI,HIGH_REEDS,5.13,0.6692,0.745,0.8001
floodway,2023-07-30,S2,NDWI,HIGH_REEDS,5.13,-0.6805,-0.6292,-0.574
floodway,2023-07-30,S2,MNDWI,HIGH_REEDS,5.13,-0.5324,-0.4873,-0.449
floodway,2023-07-30,S2,NDMI,HIGH_REEDS,5.13,0.1439,0.2353,0.3067
floodway,2023-07-30,S2,BSI,HIGH_REEDS,5.13,-0.2761,-0.203,-0.1144
floodway,2023-07-30,S2,AWEIsh,HIGH_REEDS,5.13,-0.682,-0.5894,-0.4934
floodway,2023-07-30,S2,NDTI,HIGH_REEDS,5.13,-0.2705,-0.2217,-0.1457
floodway,2023-07-30,S2,NDVI,OPEN_WATER,42.18,-0.4043,-0.2787,0.0904
floodway,2023-07-30,S2,NDWI,OPEN_WATER,42.18,0.0545,0.4605,0.5541
floodway,2023-07-30,S2,MNDWI,OPEN_WATER,42.18,0.2338,0.6761,0.7676
floodway,2023-07-30,S2,NDMI,OPEN_WATER,42.18,0.106,0.2865,0.4156
floodway,2023-07-30,S2,BSI,OPEN_WATER,42.18,-0.2247,-0.1818,-0.1105
floodway,2023-07-30,S2,AWEIsh,OPEN_WATER,42.18,0.039,0.0882,0.0959
floodway,2023-07-30,S2,NDTI,OPEN_WATER,42.18,-0.2208,-0.1913,-0.1584
floodway,2023-07-30,S2,NDVI,EVENT_REEDS,4.35,0.4901,0.6781,0.7429
floodway,2023-07-30,S2,NDWI,EVENT_REEDS,4.35,-0.6294,-0.5864,-0.4545
floodway,2023-07-30,S2,MNDWI,EVENT_REEDS,4.35,-0.4975,-0.46,-0.4046
floodway,2023-07-30,S2,NDMI,EVENT_REEDS,4.35,0.0316,0.1774,0.2512
floodway,2023-07-30,S2,BSI,EVENT_REEDS,4.35,-0.2128,-0.1408,-0.0138
floodway,2023-07-30,S2,AWEIsh,EVENT_REEDS,4.35,-0.6088,-0.5271,-0.4034
floodway,2023-07-30,S2,NDTI,EVENT_REEDS,4.35,-0.2223,-0.1567,-0.0462
floodway,2023-07-30,S2,NDVI,DRY_LAND,1255.4,0.2354,0.4145,0.565
floodway,2023-07-30,S2,NDWI,DRY_LAND,1255.4,-0.5254,-0.4435,-0.3341
floodway,2023-07-30,S2,MNDWI,DRY_LAND,1255.4,-0.5489,-0.515,-0.4736
floodway,2023-07-30,S2,NDMI,DRY_LAND,1255.4,-0.2082,-0.0974,0.0351
floodway,2023-07-30,S2,BSI,DRY_LAND,1255.4,-0.0057,0.1125,0.2091
floodway,2023-07-30,S2,AWEIsh,DRY_LAND,1255.4,-0.6618,-0.588,-0.5167
floodway,2023-07-30,S2,NDTI,DRY_LAND,1255.4,-0.0595,0.0331,0.1026
floodway,2023-08-04,S2,NDVI,NW_REEDS,24.72,0.2684,0.4344,0.6006
floodway,2023-08-04,S2,NDWI,NW_REEDS,24.72,-0.5427,-0.4392,-0.2944
floodway,2023-08-04,S2,MNDWI,NW_REEDS,24.72,-0.5384,-0.4827,-0.3706
floodway,2023-08-04,S2,NDMI,NW_REEDS,24.72,-0.1286,-0.043,0.0858
floodway,2023-08-04,S2,BSI,NW_REEDS,24.72,-0.0422,0.0718,0.1439
floodway,2023-08-04,S2,AWEIsh,NW_REEDS,24.72,-0.4643,-0.3879,-0.2812
floodway,2023-08-04,S2,NDTI,NW_REEDS,24.72,-0.1228,-0.0185,0.0478
floodway,2023-08-04,S2,NDVI,NW_TREES,24.63,0.7106,0.8102,0.8554
floodway,2023-08-04,S2,NDWI,NW_TREES,24.63,-0.7474,-0.6998,-0.6209
floodway,2023-08-04,S2,MNDWI,NW_TREES,24.63,-0.562,-0.5226,-0.476
floodway,2023-08-04,S2,NDMI,NW_TREES,24.63,0.1768,0.2831,0.3445
floodway,2023-08-04,S2,BSI,NW_TREES,24.63,-0.3106,-0.2472,-0.1348
floodway,2023-08-04,S2,AWEIsh,NW_TREES,24.63,-0.6073,-0.5456,-0.4708
floodway,2023-08-04,S2,NDTI,NW_TREES,24.63,-0.3071,-0.2503,-0.1532
floodway,2023-08-04,S2,NDVI,HIGH_REEDS,2.91,0.6573,0.7421,0.791
floodway,2023-08-04,S2,NDWI,HIGH_REEDS,2.91,-0.6791,-0.6393,-0.5861
floodway,2023-08-04,S2,MNDWI,HIGH_REEDS,2.91,-0.5434,-0.5136,-0.4839
floodway,2023-08-04,S2,NDMI,HIGH_REEDS,2.91,0.0988,0.1901,0.2619
floodway,2023-08-04,S2,BSI,HIGH_REEDS,2.91,-0.2231,-0.1529,-0.0582
floodway,2023-08-04,S2,AWEIsh,HIGH_REEDS,2.91,-0.6899,-0.6115,-0.5353
floodway,2023-08-04,S2,NDTI,HIGH_REEDS,2.91,-0.2491,-0.1896,-0.1111
floodway,2023-08-04,S2,NDVI,OPEN_WATER,35.3,-0.4545,-0.22,0.2263
floodway,2023-08-04,S2,NDWI,OPEN_WATER,35.3,-0.1248,0.4265,0.6027
floodway,2023-08-04,S2,MNDWI,OPEN_WATER,35.3,-0.1192,0.5177,0.6732
floodway,2023-08-04,S2,NDMI,OPEN_WATER,35.3,-0.1105,0.06,0.2143
floodway,2023-08-04,S2,BSI,OPEN_WATER,35.3,-0.0871,-0.0223,0.0498
floodway,2023-08-04,S2,AWEIsh,OPEN_WATER,35.3,-0.0557,0.0501,0.0595
floodway,2023-08-04,S2,NDTI,OPEN_WATER,35.3,-0.25,-0.2,-0.1447
floodway,2023-08-04,S2,NDVI,EVENT_REEDS,4.36,0.4983,0.6914,0.7549
floodway,2023-08-04,S2,NDWI,EVENT_REEDS,4.36,-0.6484,-0.6094,-0.4707
floodway,2023-08-04,S2,MNDWI,EVENT_REEDS,4.36,-0.5301,-0.4927,-0.4387
floodway,2023-08-04,S2,NDMI,EVENT_REEDS,4.36,0.0262,0.1589,0.2313
floodway,2023-08-04,S2,BSI,EVENT_REEDS,4.36,-0.188,-0.1132,0.013
floodway,2023-08-04,S2,AWEIsh,EVENT_REEDS,4.36,-0.6264,-0.5433,-0.4077
floodway,2023-08-04,S2,NDTI,EVENT_REEDS,4.36,-0.218,-0.1488,-0.036
floodway,2023-08-04,S2,NDVI,DRY_LAND,1145.31,0.2596,0.4109,0.5406
floodway,2023-08-04,S2,NDWI,DRY_LAND,1145.31,-0.5255,-0.4595,-0.363
floodway,2023-08-04,S2,MNDWI,DRY_LAND,1145.31,-0.582,-0.5477,-0.5096
floodway,2023-08-04,S2,NDMI,DRY_LAND,1145.31,-0.225,-0.1296,-0.0162
floodway,2023-08-04,S2,BSI,DRY_LAND,1145.31,0.051,0.1528,0.232
floodway,2023-08-04,S2,AWEIsh,DRY_LAND,1145.31,-0.652,-0.5648,-0.5067
floodway,2023-08-04,S2,NDTI,DRY_LAND,1145.31,-0.0229,0.0579,0.1127
floodway,2023-08-07,S2,NDVI,NW_REEDS,80.49,0.5093,0.6377,0.7366
floodway,2023-08-07,S2,NDWI,NW_REEDS,80.49,-0.6395,-0.5803,-0.5026
floodway,2023-08-07,S2,MNDWI,NW_REEDS,80.49,-0.5885,-0.5503,-0.494
floodway,2023-08-07,S2,NDMI,NW_REEDS,80.49,-0.0587,0.0522,0.1713
floodway,2023-08-07,S2,BSI,NW_REEDS,80.49,-0.1296,-0.0145,0.0878
floodway,2023-08-07,S2,AWEIsh,NW_REEDS,80.49,-0.4763,-0.3989,-0.3163
floodway,2023-08-07,S2,NDTI,NW_REEDS,80.49,-0.1972,-0.0997,-0.0102
floodway,2023-08-07,S2,NDVI,NW_TREES,29.99,0.7003,0.7897,0.8476
floodway,2023-08-07,S2,NDWI,NW_TREES,29.99,-0.7502,-0.6937,-0.618
floodway,2023-08-07,S2,MNDWI,NW_TREES,29.99,-0.5654,-0.5209,-0.4664
floodway,2023-08-07,S2,NDMI,NW_TREES,29.99,0.1768,0.2815,0.3524
floodway,2023-08-07,S2,BSI,NW_TREES,29.99,-0.3101,-0.2364,-0.1289
floodway,2023-08-07,S2,AWEIsh,NW_TREES,29.99,-0.5565,-0.4896,-0.4167
floodway,2023-08-07,S2,NDTI,NW_TREES,29.99,-0.2727,-0.2139,-0.1343
floodway,2023-08-07,S2,NDVI,HIGH_REEDS,6.2,0.6823,0.7843,0.8346
floodway,2023-08-07,S2,NDWI,HIGH_REEDS,6.2,-0.7362,-0.6929,-0.6283
floodway,2023-08-07,S2,MNDWI,HIGH_REEDS,6.2,-0.6239,-0.5777,-0.5201
floodway,2023-08-07,S2,NDMI,HIGH_REEDS,6.2,0.0976,0.2087,0.2801
floodway,2023-08-07,S2,BSI,HIGH_REEDS,6.2,-0.2429,-0.1703,-0.0564
floodway,2023-08-07,S2,AWEIsh,HIGH_REEDS,6.2,-0.6961,-0.6328,-0.5452
floodway,2023-08-07,S2,NDTI,HIGH_REEDS,6.2,-0.2591,-0.1911,-0.0893
floodway,2023-08-07,S2,NDVI,OPEN_WATER,39.82,-0.2035,-0.1629,-0.0893
floodway,2023-08-07,S2,NDWI,OPEN_WATER,39.82,0.1581,0.2356,0.2757
floodway,2023-08-07,S2,MNDWI,OPEN_WATER,39.82,0.248,0.3139,0.3678
floodway,2023-08-07,S2,NDMI,OPEN_WATER,39.82,0.028,0.0712,0.1402
floodway,2023-08-07,S2,BSI,OPEN_WATER,39.82,-0.009,0.0295,0.0565
floodway,2023-08-07,S2,AWEIsh,OPEN_WATER,39.82,0.0376,0.0469,0.055
floodway,2023-08-07,S2,NDTI,OPEN_WATER,39.82,-0.0992,-0.0783,-0.0575
floodway,2023-08-07,S2,NDVI,EVENT_REEDS,9.23,0.4235,0.5966,0.7311
floodway,2023-08-07,S2,NDWI,EVENT_REEDS,9.23,-0.6438,-0.5563,-0.4398
floodway,2023-08-07,S2,MNDWI,EVENT_REEDS,9.23,-0.5649,-0.525,-0.4673
floodway,2023-08-07,S2,NDMI,EVENT_REEDS,9.23,-0.0772,0.0689,0.1957
floodway,2023-08-07,S2,BSI,EVENT_REEDS,9.23,-0.1461,-0.0206,0.1073
floodway,2023-08-07,S2,AWEIsh,EVENT_REEDS,9.23,-0.5193,-0.43,-0.342
floodway,2023-08-07,S2,NDTI,EVENT_REEDS,9.23,-0.1811,-0.0769,0.0222
floodway,2023-08-07,S2,NDVI,DRY_LAND,1470.72,0.2398,0.3919,0.5161
floodway,2023-08-07,S2,NDWI,DRY_LAND,1470.72,-0.524,-0.4578,-0.3517
floodway,2023-08-07,S2,MNDWI,DRY_LAND,1470.72,-0.5916,-0.5541,-0.5097
floodway,2023-08-07,S2,NDMI,DRY_LAND,1470.72,-0.2292,-0.1421,-0.0326
floodway,2023-08-07,S2,BSI,DRY_LAND,1470.72,0.0755,0.1721,0.243
floodway,2023-08-07,S2,AWEIsh,DRY_LAND,1470.72,-0.593,-0.5363,-0.4914
floodway,2023-08-07,S2,NDTI,DRY_LAND,1470.72,0.0047,0.0785,0.1256
floodway,2023-08-09,S2,NDVI,NW_REEDS,27.52,0.4046,0.5845,0.7123
floodway,2023-08-09,S2,NDWI,NW_REEDS,27.52,-0.6232,-0.5351,-0.4035
floodway,2023-08-09,S2,MNDWI,NW_REEDS,27.52,-0.5367,-0.4893,-0.3939
floodway,2023-08-09,S2,NDMI,NW_REEDS,27.52,-0.0179,0.0831,0.1946
floodway,2023-08-09,S2,BSI,NW_REEDS,27.52,-0.1547,-0.0509,0.037
floodway,2023-08-09,S2,AWEIsh,NW_REEDS,27.52,-0.516,-0.4264,-0.3142
floodway,2023-08-09,S2,NDTI,NW_REEDS,27.52,-0.1726,-0.0836,-0.0091
floodway,2023-08-09,S2,NDVI,NW_TREES,19.88,0.7034,0.7922,0.8459
floodway,2023-08-09,S2,NDWI,NW_TREES,19.88,-0.7409,-0.6881,-0.6115
floodway,2023-08-09,S2,MNDWI,NW_TREES,19.88,-0.5378,-0.4944,-0.4385
floodway,2023-08-09,S2,NDMI,NW_TREES,19.88,0.2122,0.3011,0.3647
floodway,2023-08-09,S2,BSI,NW_TREES,19.88,-0.3302,-0.2639,-0.1715
floodway,2023-08-09,S2,AWEIsh,NW_TREES,19.88,-0.633,-0.5551,-0.4549
floodway,2023-08-09,S2,NDTI,NW_TREES,19.88,-0.2852,-0.2304,-0.1504
floodway,2023-08-09,S2,NDVI,HIGH_REEDS,5.59,0.6511,0.7575,0.8081
floodway,2023-08-09,S2,NDWI,HIGH_REEDS,5.59,-0.7146,-0.6732,-0.6067
floodway,2023-08-09,S2,MNDWI,HIGH_REEDS,5.59,-0.5958,-0.5592,-0.5007
floodway,2023-08-09,S2,NDMI,HIGH_REEDS,5.59,0.0929,0.202,0.2728
floodway,2023-08-09,S2,BSI,HIGH_REEDS,5.59,-0.2384,-0.1678,-0.0592
floodway,2023-08-09,S2,AWEIsh,HIGH_REEDS,5.59,-0.7123,-0.6529,-0.567
floodway,2023-08-09,S2,NDTI,HIGH_REEDS,5.59,-0.2285,-0.1627,-0.0671
floodway,2023-08-09,S2,NDVI,OPEN_WATER,17.93,-0.3723,-0.3018,-0.1
floodway,2023-08-09,S2,NDWI,OPEN_WATER,17.93,0.25,0.399,0.4703
floodway,2023-08-09,S2,MNDWI,OPEN_WATER,17.93,0.4842,0.6506,0.7264
floodway,2023-08-09,S2,NDMI,OPEN_WATER,17.93,0.194,0.3115,0.4149
floodway,2023-08-09,S2,BSI,OPEN_WATER,17.93,-0.132,-0.0946,-0.0668
floodway,2023-08-09,S2,AWEIsh,OPEN_WATER,17.93,0.0461,0.0768,0.0838
floodway,2023-08-09,S2,NDTI,OPEN_WATER,17.93,-0.1461,-0.1176,-0.0954
floodway,2023-08-09,S2,NDVI,EVENT_REEDS,1.98,0.5371,0.6875,0.7539
floodway,2023-08-09,S2,NDWI,EVENT_REEDS,1.98,-0.6574,-0.6218,-0.5187
floodway,2023-08-09,S2,MNDWI,EVENT_REEDS,1.98,-0.5411,-0.5028,-0.4585
floodway,2023-08-09,S2,NDMI,EVENT_REEDS,1.98,0.0528,0.1605,0.2365
floodway,2023-08-09,S2,BSI,EVENT_REEDS,1.98,-0.1964,-0.1189,-0.0232
floodway,2023-08-09,S2,AWEIsh,EVENT_REEDS,1.98,-0.6049,-0.5389,-0.4416
floodway,2023-08-09,S2,NDTI,EVENT_REEDS,1.98,-0.1956,-0.1229,-0.0303
floodway,2023-08-09,S2,NDVI,DRY_LAND,760.42,0.2586,0.4068,0.5321
floodway,2023-08-09,S2,NDWI,DRY_LAND,760.42,-0.5282,-0.4616,-0.3515
floodway,2023-08-09,S2,MNDWI,DRY_LAND,760.42,-0.5828,-0.54,-0.48
floodway,2023-08-09,S2,NDMI,DRY_LAND,760.42,-0.1915,-0.1065,0.0004
floodway,2023-08-09,S2,BSI,DRY_LAND,760.42,0.0303,0.1302,0.1997
floodway,2023-08-09,S2,AWEIsh,DRY_LAND,760.42,-0.6476,-0.5753,-0.5181
floodway,2023-08-09,S2,NDTI,DRY_LAND,760.42,-0.0108,0.0586,0.1059
floodway,2023-08-12,S2,NDVI,OPEN_WATER,1.58,0.3133,0.4311,0.5165
floodway,2023-08-12,S2,NDWI,OPEN_WATER,1.58,-0.5191,-0.4737,-0.4145
floodway,2023-08-12,S2,MNDWI,OPEN_WATER,1.58,-0.6154,-0.5845,-0.542
floodway,2023-08-12,S2,NDMI,OPEN_WATER,1.58,-0.2424,-0.1612,-0.0706
floodway,2023-08-12,S2,BSI,OPEN_WATER,1.58,0.0889,0.1681,0.2372
floodway,2023-08-12,S2,AWEIsh,OPEN_WATER,1.58,-0.4084,-0.386,-0.3588
floodway,2023-08-12,S2,NDTI,OPEN_WATER,1.58,-0.0046,0.062,0.1158
floodway,2023-08-12,S2,NDVI,DRY_LAND,363.37,0.249,0.3976,0.5795
floodway,2023-08-12,S2,NDWI,DRY_LAND,363.37,-0.5337,-0.4586,-0.3728
floodway,2023-08-12,S2,MNDWI,DRY_LAND,363.37,-0.6042,-0.5617,-0.4941
floodway,2023-08-12,S2,NDMI,DRY_LAND,363.37,-0.2733,-0.1495,0.057
floodway,2023-08-12,S2,BSI,DRY_LAND,363.37,-0.0203,0.163,0.2616
floodway,2023-08-12,S2,AWEIsh,DRY_LAND,363.37,-0.4897,-0.4255,-0.3741
floodway,2023-08-12,S2,NDTI,DRY_LAND,363.37,-0.0715,0.0737,0.1278
floodway,2023-08-17,S2,NDVI,NW_REEDS,84.46,0.5489,0.6716,0.7567
floodway,2023-08-17,S2,NDWI,NW_REEDS,84.46,-0.6477,-0.5866,-0.5006
floodway,2023-08-17,S2,MNDWI,NW_REEDS,84.46,-0.5578,-0.5257,-0.473
floodway,2023-08-17,S2,NDMI,NW_REEDS,84.46,-0.0064,0.1007,0.2076
floodway,2023-08-17,S2,BSI,NW_REEDS,84.46,-0.1698,-0.0677,0.0314
floodway,2023-08-17,S2,AWEIsh,NW_REEDS,84.46,-0.5023,-0.423,-0.3382
floodway,2023-08-17,S2,NDTI,NW_REEDS,84.46,-0.2227,-0.1451,-0.0663
floodway,2023-08-17,S2,NDVI,NW_TREES,31.07,0.7011,0.7747,0.8223
floodway,2023-08-17,S2,NDWI,NW_TREES,31.07,-0.7274,-0.6809,-0.6169
floodway,2023-08-17,S2,MNDWI,NW_TREES,31.07,-0.5401,-0.5016,-0.4547
floodway,2023-08-17,S2,NDMI,NW_TREES,31.07,0.1842,0.2788,0.3428
floodway,2023-08-17,S2,BSI,NW_TREES,31.07,-0.2983,-0.2341,-0.14
floodway,2023-08-17,S2,AWEIsh,NW_TREES,31.07,-0.5434,-0.4852,-0.4237
floodway,2023-08-17,S2,NDTI,NW_TREES,31.07,-0.2424,-0.1986,-0.1382
floodway,2023-08-17,S2,NDVI,HIGH_REEDS,6.65,0.6321,0.7029,0.7615
floodway,2023-08-17,S2,NDWI,HIGH_REEDS,6.65,-0.6736,-0.6358,-0.5909
floodway,2023-08-17,S2,MNDWI,HIGH_REEDS,6.65,-0.5902,-0.5519,-0.4951
floodway,2023-08-17,S2,NDMI,HIGH_REEDS,6.65,0.0409,0.1306,0.2368
floodway,2023-08-17,S2,BSI,HIGH_REEDS,6.65,-0.1945,-0.0944,-0.0089
floodway,2023-08-17,S2,AWEIsh,HIGH_REEDS,6.65,-0.6176,-0.575,-0.5112
floodway,2023-08-17,S2,NDTI,HIGH_REEDS,6.65,-0.1903,-0.1215,-0.0596
floodway,2023-08-17,S2,NDVI,OPEN_WATER,41.18,-0.2065,-0.148,-0.0255
floodway,2023-08-17,S2,NDWI,OPEN_WATER,41.18,0.1617,0.273,0.3366
floodway,2023-08-17,S2,MNDWI,OPEN_WATER,41.18,0.2873,0.5388,0.623
floodway,2023-08-17,S2,NDMI,OPEN_WATER,41.18,0.1554,0.2955,0.3678
floodway,2023-08-17,S2,BSI,OPEN_WATER,41.18,-0.104,-0.0721,-0.0215
floodway,2023-08-17,S2,AWEIsh,OPEN_WATER,41.18,0.0436,0.0714,0.0793
floodway,2023-08-17,S2,NDTI,OPEN_WATER,41.18,-0.1596,-0.137,-0.1071
floodway,2023-08-17,S2,NDVI,EVENT_REEDS,9.54,0.474,0.6329,0.7441
floodway,2023-08-17,S2,NDWI,EVENT_REEDS,9.54,-0.6466,-0.571,-0.4527
floodway,2023-08-17,S2,MNDWI,EVENT_REEDS,9.54,-0.5406,-0.5039,-0.4504
floodway,2023-08-17,S2,NDMI,EVENT_REEDS,9.54,-0.0147,0.1122,0.2221
floodway,2023-08-17,S2,BSI,EVENT_REEDS,9.54,-0.1744,-0.0688,0.0455
floodway,2023-08-17,S2,AWEIsh,EVENT_REEDS,9.54,-0.5341,-0.451,-0.3617
floodway,2023-08-17,S2,NDTI,EVENT_REEDS,9.54,-0.2,-0.1173,-0.0274
floodway,2023-08-17,S2,NDVI,DRY_LAND,1763.49,0.2356,0.3737,0.4932
floodway,2023-08-17,S2,NDWI,DRY_LAND,1763.49,-0.4983,-0.4352,-0.3437
floodway,2023-08-17,S2,MNDWI,DRY_LAND,1763.49,-0.5873,-0.5506,-0.502
floodway,2023-08-17,S2,NDMI,DRY_LAND,1763.49,-0.2473,-0.1613,-0.0479
floodway,2023-08-17,S2,BSI,DRY_LAND,1763.49,0.085,0.1821,0.25
floodway,2023-08-17,S2,AWEIsh,DRY_LAND,1763.49,-0.5766,-0.5183,-0.4704
floodway,2023-08-17,S2,NDTI,DRY_LAND,1763.49,0.0022,0.0727,0.1168
floodway,2023-08-24,S2,NDVI,NW_REEDS,32.3,0.5308,0.6543,0.7391
floodway,2023-08-24,S2,NDWI,NW_REEDS,32.3,-0.6395,-0.5738,-0.48
floodway,2023-08-24,S2,MNDWI,NW_REEDS,32.3,-0.5302,-0.5,-0.4446
floodway,2023-08-24,S2,NDMI,NW_REEDS,32.3,0.0112,0.1216,0.2235
floodway,2023-08-24,S2,BSI,NW_REEDS,32.3,-0.1843,-0.0884,0.0118
floodway,2023-08-24,S2,AWEIsh,NW_REEDS,32.3,-0.5607,-0.4824,-0.3921
floodway,2023-08-24,S2,NDTI,NW_REEDS,32.3,-0.1989,-0.1375,-0.0719
floodway,2023-08-24,S2,NDVI,NW_TREES,21.33,0.6927,0.7562,0.7989
floodway,2023-08-24,S2,NDWI,NW_TREES,21.33,-0.7035,-0.6644,-0.6111
floodway,2023-08-24,S2,MNDWI,NW_TREES,21.33,-0.5198,-0.4863,-0.4482
floodway,2023-08-24,S2,NDMI,NW_TREES,21.33,0.1945,0.2675,0.3216
floodway,2023-08-24,S2,BSI,NW_TREES,21.33,-0.2784,-0.2247,-0.1522
floodway,2023-08-24,S2,AWEIsh,NW_TREES,21.33,-0.5834,-0.5287,-0.471
floodway,2023-08-24,S2,NDTI,NW_TREES,21.33,-0.2246,-0.1849,-0.1346
floodway,2023-08-24,S2,NDVI,HIGH_REEDS,5.98,0.5808,0.6687,0.7436
floodway,2023-08-24,S2,NDWI,HIGH_REEDS,5.98,-0.6619,-0.6223,-0.5754
floodway,2023-08-24,S2,MNDWI,HIGH_REEDS,5.98,-0.5983,-0.5678,-0.514
floodway,2023-08-24,S2,NDMI,HIGH_REEDS,5.98,-0.0128,0.0805,0.2053
floodway,2023-08-24,S2,BSI,HIGH_REEDS,5.98,-0.1623,-0.0432,0.0479
floodway,2023-08-24,S2,AWEIsh,HIGH_REEDS,5.98,-0.6502,-0.6115,-0.558
floodway,2023-08-24,S2,NDTI,HIGH_REEDS,5.98,-0.1686,-0.0774,-0.0042
floodway,2023-08-24,S2,NDVI,OPEN_WATER,19.38,-0.1763,-0.1292,-0.012
floodway,2023-08-24,S2,NDWI,OPEN_WATER,19.38,0.1922,0.2738,0.3146
floodway,2023-08-24,S2,MNDWI,OPEN_WATER,19.38,0.5204,0.6122,0.6548
floodway,2023-08-24,S2,NDMI,OPEN_WATER,19.38,0.3224,0.3984,0.4545
floodway,2023-08-24,S2,BSI,OPEN_WATER,19.38,-0.1631,-0.1332,-0.1024
floodway,2023-08-24,S2,AWEIsh,OPEN_WATER,19.38,0.0737,0.0838,0.0926
floodway,2023-08-24,S2,NDTI,OPEN_WATER,19.38,-0.1766,-0.1505,-0.127
floodway,2023-08-24,S2,NDVI,EVENT_REEDS,2.13,0.5827,0.6833,0.7344
floodway,2023-08-24,S2,NDWI,EVENT_REEDS,2.13,-0.6473,-0.6136,-0.5548
floodway,2023-08-24,S2,MNDWI,EVENT_REEDS,2.13,-0.541,-0.5108,-0.4756
floodway,2023-08-24,S2,NDMI,EVENT_REEDS,2.13,0.0571,0.1434,0.2085
floodway,2023-08-24,S2,BSI,EVENT_REEDS,2.13,-0.1651,-0.1017,-0.0164
floodway,2023-08-24,S2,AWEIsh,EVENT_REEDS,2.13,-0.6046,-0.5492,-0.4843
floodway,2023-08-24,S2,NDTI,EVENT_REEDS,2.13,-0.1767,-0.1215,-0.0491
floodway,2023-08-24,S2,NDVI,DRY_LAND,826.22,0.2287,0.3345,0.4252
floodway,2023-08-24,S2,NDWI,DRY_LAND,826.22,-0.4654,-0.4065,-0.3299
floodway,2023-08-24,S2,MNDWI,DRY_LAND,826.22,-0.5735,-0.5383,-0.4923
floodway,2023-08-24,S2,NDMI,DRY_LAND,826.22,-0.2348,-0.1669,-0.0888
floodway,2023-08-24,S2,BSI,DRY_LAND,826.22,0.1217,0.1855,0.2368
floodway,2023-08-24,S2,AWEIsh,DRY_LAND,826.22,-0.6098,-0.5495,-0.4988
floodway,2023-08-24,S2,NDTI,DRY_LAND,826.22,0.0382,0.0843,0.1136
floodway,2023-08-27,S2,NDVI,NW_REEDS,98.59,0.5749,0.6987,0.7742
floodway,2023-08-27,S2,NDWI,NW_REEDS,98.59,-0.663,-0.6065,-0.5144
floodway,2023-08-27,S2,MNDWI,NW_REEDS,98.59,-0.5499,-0.5185,-0.4605
floodway,2023-08-27,S2,NDMI,NW_REEDS,98.59,0.0308,0.143,0.2406
floodway,2023-08-27,S2,BSI,NW_REEDS,98.59,-0.1994,-0.1047,0.0013
floodway,2023-08-27,S2,AWEIsh,NW_REEDS,98.59,-0.5366,-0.4553,-0.3627
floodway,2023-08-27,S2,NDTI,NW_REEDS,98.59,-0.2356,-0.1671,-0.0882
floodway,2023-08-27,S2,NDVI,NW_TREES,48.19,0.6762,0.7563,0.805
floodway,2023-08-27,S2,NDWI,NW_TREES,48.19,-0.7199,-0.6749,-0.6096
floodway,2023-08-27,S2,MNDWI,NW_TREES,48.19,-0.5442,-0.5016,-0.4483
floodway,2023-08-27,S2,NDMI,NW_TREES,48.19,0.1783,0.2667,0.3282
floodway,2023-08-27,S2,BSI,NW_TREES,48.19,-0.2784,-0.2171,-0.1275
floodway,2023-08-27,S2,AWEIsh,NW_TREES,48.19,-0.5289,-0.4746,-0.4179
floodway,2023-08-27,S2,NDTI,NW_TREES,48.19,-0.2114,-0.1648,-0.105
floodway,2023-08-27,S2,NDVI,HIGH_REEDS,9.88,0.5603,0.6774,0.7497
floodway,2023-08-27,S2,NDWI,HIGH_REEDS,9.88,-0.6661,-0.6205,-0.5607
floodway,2023-08-27,S2,MNDWI,HIGH_REEDS,9.88,-0.591,-0.5435,-0.4974
floodway,2023-08-27,S2,NDMI,HIGH_REEDS,9.88,-0.0172,0.1206,0.2166
floodway,2023-08-27,S2,BSI,HIGH_REEDS,9.88,-0.1712,-0.0769,0.0532
floodway,2023-08-27,S2,AWEIsh,HIGH_REEDS,9.88,-0.6037,-0.551,-0.4914
floodway,2023-08-27,S2,NDTI,HIGH_REEDS,9.88,-0.1754,-0.0996,0.0014
floodway,2023-08-27,S2,NDVI,OPEN_WATER,68.08,-0.2268,-0.1572,0.0445
floodway,2023-08-27,S2,NDWI,OPEN_WATER,68.08,0.1232,0.2611,0.3208
floodway,2023-08-27,S2,MNDWI,OPEN_WATER,68.08,0.2244,0.5166,0.5829
floodway,2023-08-27,S2,NDMI,OPEN_WATER,68.08,0.1071,0.2697,0.3392
floodway,2023-08-27,S2,BSI,OPEN_WATER,68.08,-0.0658,-0.0296,0.0381
floodway,2023-08-27,S2,AWEIsh,OPEN_WATER,68.08,0.0341,0.0758,0.0856
floodway,2023-08-27,S2,NDTI,OPEN_WATER,68.08,-0.132,-0.1006,-0.0717
floodway,2023-08-27,S2,NDVI,EVENT_REEDS,12.86,0.5205,0.6645,0.7549
floodway,2023-08-27,S2,NDWI,EVENT_REEDS,12.86,-0.6644,-0.6028,-0.4837
floodway,2023-08-27,S2,MNDWI,EVENT_REEDS,12.86,-0.5498,-0.5092,-0.4532
floodway,2023-08-27,S2,NDMI,EVENT_REEDS,12.86,0.0227,0.1339,0.226
floodway,2023-08-27,S2,BSI,EVENT_REEDS,12.86,-0.1757,-0.0839,0.0188
floodway,2023-08-27,S2,AWEIsh,EVENT_REEDS,12.86,-0.5803,-0.4918,-0.3924
floodway,2023-08-27,S2,NDTI,EVENT_REEDS,12.86,-0.1945,-0.1172,-0.0387
floodway,2023-08-27,S2,NDVI,DRY_LAND,2293.03,0.1992,0.3117,0.4008
floodway,2023-08-27,S2,NDWI,DRY_LAND,2293.03,-0.467,-0.4079,-0.3276
floodway,2023-08-27,S2,MNDWI,DRY_LAND,2293.03,-0.5928,-0.5562,-0.5135
floodway,2023-08-27,S2,NDMI,DRY_LAND,2293.03,-0.2657,-0.1977,-0.117
floodway,2023-08-27,S2,BSI,DRY_LAND,2293.03,0.1536,0.2195,0.2745
floodway,2023-08-27,S2,AWEIsh,DRY_LAND,2293.03,-0.5636,-0.5154,-0.471
floodway,2023-08-27,S2,NDTI,DRY_LAND,2293.03,0.0653,0.11,0.1419
floodway,2023-09-01,S2,NDVI,NW_REEDS,52.17,0.431,0.5275,0.5976
floodway,2023-09-01,S2,NDWI,NW_REEDS,52.17,-0.5086,-0.4447,-0.3598
floodway,2023-09-01,S2,MNDWI,NW_REEDS,52.17,-0.3305,-0.2994,-0.2401
floodway,2023-09-01,S2,NDMI,NW_REEDS,52.17,0.1201,0.1954,0.2649
floodway,2023-09-01,S2,BSI,NW_REEDS,52.17,-0.2126,-0.1559,-0.0954
floodway,2023-09-01,S2,AWEIsh,NW_REEDS,52.17,-0.4609,-0.3811,-0.2916
floodway,2023-09-01,S2,NDTI,NW_REEDS,52.17,-0.1341,-0.1105,-0.0842
floodway,2023-09-01,S2,NDVI,NW_TREES,22.46,0.4732,0.5435,0.5922
floodway,2023-09-01,S2,NDWI,NW_TREES,22.46,-0.5208,-0.4733,-0.4042
floodway,2023-09-01,S2,MNDWI,NW_TREES,22.46,-0.2884,-0.2444,-0.1862
floodway,2023-09-01,S2,NDMI,NW_TREES,22.46,0.2074,0.2726,0.3208
floodway,2023-09-01,S2,BSI,NW_TREES,22.46,-0.2503,-0.21,-0.1548
floodway,2023-09-01,S2,AWEIsh,NW_TREES,22.46,-0.4199,-0.3678,-0.3076
floodway,2023-09-01,S2,NDTI,NW_TREES,22.46,-0.1146,-0.0959,-0.0731
floodway,2023-09-01,S2,NDVI,HIGH_REEDS,1.54,0.4275,0.5721,0.6455
floodway,2023-09-01,S2,NDWI,HIGH_REEDS,1.54,-0.5651,-0.5056,-0.3878
floodway,2023-09-01,S2,MNDWI,HIGH_REEDS,1.54,-0.4114,-0.3639,-0.3141
floodway,2023-09-01,S2,NDMI,HIGH_REEDS,1.54,0.0742,0.166,0.2485
floodway,2023-09-01,S2,BSI,HIGH_REEDS,1.54,-0.2026,-0.1331,-0.0574
floodway,2023-09-01,S2,AWEIsh,HIGH_REEDS,1.54,-0.5822,-0.512,-0.4139
floodway,2023-09-01,S2,NDTI,HIGH_REEDS,1.54,-0.1302,-0.0976,-0.0578
floodway,2023-09-01,S2,NDVI,OPEN_WATER,28.69,-0.1296,-0.088,-0.039
floodway,2023-09-01,S2,NDWI,OPEN_WATER,28.69,0.1249,0.172,0.2049
floodway,2023-09-01,S2,MNDWI,OPEN_WATER,28.69,0.5891,0.6205,0.6364
floodway,2023-09-01,S2,NDMI,OPEN_WATER,28.69,0.455,0.4912,0.5257
floodway,2023-09-01,S2,BSI,OPEN_WATER,28.69,-0.2335,-0.2113,-0.1815
floodway,2023-09-01,S2,AWEIsh,OPEN_WATER,28.69,0.1994,0.2146,0.2423
floodway,2023-09-01,S2,NDTI,OPEN_WATER,28.69,-0.094,-0.081,-0.0681
floodway,2023-09-01,S2,NDVI,EVENT_REEDS,6.81,0.4025,0.5093,0.592
floodway,2023-09-01,S2,NDWI,EVENT_REEDS,6.81,-0.5102,-0.4382,-0.3567
floodway,2023-09-01,S2,MNDWI,EVENT_REEDS,6.81,-0.3624,-0.324,-0.2683
floodway,2023-09-01,S2,NDMI,EVENT_REEDS,6.81,0.058,0.1633,0.2482
floodway,2023-09-01,S2,BSI,EVENT_REEDS,6.81,-0.1982,-0.1257,-0.0386
floodway,2023-09-01,S2,AWEIsh,EVENT_REEDS,6.81,-0.4736,-0.3966,-0.3181
floodway,2023-09-01,S2,NDTI,EVENT_REEDS,6.81,-0.1278,-0.095,-0.0529
floodway,2023-09-01,S2,NDVI,DRY_LAND,561.27,0.1308,0.1904,0.2674
floodway,2023-09-01,S2,NDWI,DRY_LAND,561.27,-0.3061,-0.235,-0.1527
floodway,2023-09-01,S2,MNDWI,DRY_LAND,561.27,-0.4594,-0.3721,-0.272
floodway,2023-09-01,S2,NDMI,DRY_LAND,561.27,-0.2085,-0.1435,-0.0657
floodway,2023-09-01,S2,BSI,DRY_LAND,561.27,0.0458,0.1132,0.1718
floodway,2023-09-01,S2,AWEIsh,DRY_LAND,561.27,-0.4857,-0.3991,-0.2848
floodway,2023-09-01,S2,NDTI,DRY_LAND,561.27,-0.008,0.0263,0.0629
floodway,2023-09-03,S2,NDVI,NW_REEDS,32.34,0.6243,0.7348,0.8003
floodway,2023-09-03,S2,NDWI,NW_REEDS,32.34,-0.6924,-0.6389,-0.5489
floodway,2023-09-03,S2,MNDWI,NW_REEDS,32.34,-0.5549,-0.5267,-0.4719
floodway,2023-09-03,S2,NDMI,NW_REEDS,32.34,0.0752,0.1839,0.2701
floodway,2023-09-03,S2,BSI,NW_REEDS,32.34,-0.2318,-0.146,-0.0398
floodway,2023-09-03,S2,AWEIsh,NW_REEDS,32.34,-0.6189,-0.5324,-0.4391
floodway,2023-09-03,S2,NDTI,NW_REEDS,32.34,-0.25,-0.1869,-0.1128
floodway,2023-09-03,S2,NDVI,NW_TREES,21.33,0.721,0.7848,0.8257
floodway,2023-09-03,S2,NDWI,NW_TREES,21.33,-0.7311,-0.6952,-0.6461
floodway,2023-09-03,S2,MNDWI,NW_TREES,21.33,-0.56,-0.5254,-0.4867
floodway,2023-09-03,S2,NDMI,NW_TREES,21.33,0.191,0.2679,0.3247
floodway,2023-09-03,S2,BSI,NW_TREES,21.33,-0.2833,-0.2262,-0.146
floodway,2023-09-03,S2,AWEIsh,NW_TREES,21.33,-0.5853,-0.5302,-0.475
floodway,2023-09-03,S2,NDTI,NW_TREES,21.33,-0.2464,-0.1967,-0.13
floodway,2023-09-03,S2,NDVI,HIGH_REEDS,5.98,0.5142,0.6561,0.7526
floodway,2023-09-03,S2,NDWI,HIGH_REEDS,5.98,-0.6748,-0.6275,-0.5459
floodway,2023-09-03,S2,MNDWI,HIGH_REEDS,5.98,-0.6115,-0.5749,-0.529
floodway,2023-09-03,S2,NDMI,HIGH_REEDS,5.98,-0.0696,0.0534,0.2028
floodway,2023-09-03,S2,BSI,HIGH_REEDS,5.98,-0.1587,-0.0145,0.1021
floodway,2023-09-03,S2,AWEIsh,HIGH_REEDS,5.98,-0.652,-0.5974,-0.4955
floodway,2023-09-03,S2,NDTI,HIGH_REEDS,5.98,-0.1636,-0.0468,0.0512
floodway,2023-09-03,S2,NDVI,OPEN_WATER,19.38,-0.36,-0.2963,-0.181
floodway,2023-09-03,S2,NDWI,OPEN_WATER,19.38,0.2899,0.383,0.4447
floodway,2023-09-03,S2,MNDWI,OPEN_WATER,19.38,0.5017,0.671,0.7295
floodway,2023-09-03,S2,NDMI,OPEN_WATER,19.38,0.226,0.37,0.4432
floodway,2023-09-03,S2,BSI,OPEN_WATER,19.38,-0.0425,-0.0172,0.0068
floodway,2023-09-03,S2,AWEIsh,OPEN_WATER,19.38,0.064,0.0799,0.085
floodway,2023-09-03,S2,NDTI,OPEN_WATER,19.38,-0.1298,-0.1023,-0.0801
floodway,2023-09-03,S2,NDVI,EVENT_REEDS,2.13,0.6153,0.7104,0.7665
floodway,2023-09-03,S2,NDWI,EVENT_REEDS,2.13,-0.6775,-0.6391,-0.5935
floodway,2023-09-03,S2,MNDWI,EVENT_REEDS,2.13,-0.5667,-0.5377,-0.5018
floodway,2023-09-03,S2,NDMI,EVENT_REEDS,2.13,0.0685,0.1584,0.2245
floodway,2023-09-03,S2,BSI,EVENT_REEDS,2.13,-0.1831,-0.1156,-0.0218
floodway,2023-09-03,S2,AWEIsh,EVENT_REEDS,2.13,-0.6269,-0.5683,-0.508
floodway,2023-09-03,S2,NDTI,EVENT_REEDS,2.13,-0.1991,-0.1316,-0.0495
floodway,2023-09-03,S2,NDVI,DRY_LAND,828.06,0.2068,0.2994,0.3896
floodway,2023-09-03,S2,NDWI,DRY_LAND,828.06,-0.4633,-0.4049,-0.3293
floodway,2023-09-03,S2,MNDWI,DRY_LAND,828.06,-0.5888,-0.5563,-0.5138
floodway,2023-09-03,S2,NDMI,DRY_LAND,828.06,-0.2578,-0.1913,-0.1183
floodway,2023-09-03,S2,BSI,DRY_LAND,828.06,0.1559,0.2124,0.2616
floodway,2023-09-03,S2,AWEIsh,DRY_LAND,828.06,-0.6068,-0.5501,-0.5004
floodway,2023-09-03,S2,NDTI,DRY_LAND,828.06,0.0778,0.1131,0.1366
floodway,2023-09-08,S2,NDVI,NW_REEDS,43.6,0.5939,0.7332,0.805
floodway,2023-09-08,S2,NDWI,NW_REEDS,43.6,-0.7029,-0.6451,-0.5359
floodway,2023-09-08,S2,MNDWI,NW_REEDS,43.6,-0.5403,-0.5062,-0.4347
floodway,2023-09-08,S2,NDMI,NW_REEDS,43.6,0.0972,0.2137,0.3021
floodway,2023-09-08,S2,BSI,NW_REEDS,43.6,-0.2627,-0.1736,-0.0586
floodway,2023-09-08,S2,AWEIsh,NW_REEDS,43.6,-0.6532,-0.5595,-0.4484
floodway,2023-09-08,S2,NDTI,NW_REEDS,43.6,-0.2419,-0.1715,-0.0862
floodway,2023-09-08,S2,NDVI,NW_TREES,37.36,0.7084,0.7807,0.8215
floodway,2023-09-08,S2,NDWI,NW_TREES,37.36,-0.735,-0.7001,-0.6468
floodway,2023-09-08,S2,MNDWI,NW_TREES,37.36,-0.5466,-0.5092,-0.4674
floodway,2023-09-08,S2,NDMI,NW_TREES,37.36,0.2113,0.2939,0.3537
floodway,2023-09-08,S2,BSI,NW_TREES,37.36,-0.3101,-0.2502,-0.1643
floodway,2023-09-08,S2,AWEIsh,NW_TREES,37.36,-0.588,-0.529,-0.4704
floodway,2023-09-08,S2,NDTI,NW_TREES,37.36,-0.2254,-0.1743,-0.1075
floodway,2023-09-08,S2,NDVI,HIGH_REEDS,8.91,0.5552,0.6788,0.7456
floodway,2023-09-08,S2,NDWI,HIGH_REEDS,8.91,-0.6769,-0.637,-0.5758
floodway,2023-09-08,S2,MNDWI,HIGH_REEDS,8.91,-0.5973,-0.5413,-0.5
floodway,2023-09-08,S2,NDMI,HIGH_REEDS,8.91,-0.005,0.1419,0.2387
floodway,2023-09-08,S2,BSI,HIGH_REEDS,8.91,-0.1919,-0.0973,0.0444
floodway,2023-09-08,S2,AWEIsh,HIGH_REEDS,8.91,-0.6579,-0.6007,-0.5228
floodway,2023-09-08,S2,NDTI,HIGH_REEDS,8.91,-0.1485,-0.0708,0.0388
floodway,2023-09-08,S2,NDVI,OPEN_WATER,47.44,-0.2462,-0.1441,0.2224
floodway,2023-09-08,S2,NDWI,OPEN_WATER,47.44,-0.1619,0.2819,0.3864
floodway,2023-09-08,S2,MNDWI,OPEN_WATER,47.44,-0.035,0.6182,0.7086
floodway,2023-09-08,S2,NDMI,OPEN_WATER,47.44,0.1593,0.3536,0.4585
floodway,2023-09-08,S2,BSI,OPEN_WATER,47.44,-0.141,-0.101,-0.0474
floodway,2023-09-08,S2,AWEIsh,OPEN_WATER,47.44,-0.031,0.0682,0.0763
floodway,2023-09-08,S2,NDTI,OPEN_WATER,47.44,-0.1698,-0.1399,-0.1026
floodway,2023-09-08,S2,NDVI,EVENT_REEDS,5.3,0.5687,0.6684,0.736
floodway,2023-09-08,S2,NDWI,EVENT_REEDS,5.3,-0.662,-0.617,-0.555
floodway,2023-09-08,S2,MNDWI,EVENT_REEDS,5.3,-0.5248,-0.4917,-0.4399
floodway,2023-09-08,S2,NDMI,EVENT_REEDS,5.3,0.1068,0.19,0.2581
floodway,2023-09-08,S2,BSI,EVENT_REEDS,5.3,-0.2065,-0.1392,-0.0577
floodway,2023-09-08,S2,AWEIsh,EVENT_REEDS,5.3,-0.648,-0.5774,-0.4974
floodway,2023-09-08,S2,NDTI,EVENT_REEDS,5.3,-0.1576,-0.0977,-0.0284
floodway,2023-09-08,S2,NDVI,DRY_LAND,1721.38,0.2114,0.2957,0.3814
floodway,2023-09-08,S2,NDWI,DRY_LAND,1721.38,-0.4666,-0.4068,-0.3413
floodway,2023-09-08,S2,MNDWI,DRY_LAND,1721.38,-0.5775,-0.5451,-0.5066
floodway,2023-09-08,S2,NDMI,DRY_LAND,1721.38,-0.2397,-0.1773,-0.0995
floodway,2023-09-08,S2,BSI,DRY_LAND,1721.38,0.1351,0.1956,0.2413
floodway,2023-09-08,S2,AWEIsh,DRY_LAND,1721.38,-0.6045,-0.545,-0.495
floodway,2023-09-08,S2,NDTI,DRY_LAND,1721.38,0.09,0.1225,0.1445
floodway,2023-09-11,S2,NDVI,NW_REEDS,77.04,0.6729,0.7669,0.8192
floodway,2023-09-11,S2,NDWI,NW_REEDS,77.04,-0.7087,-0.6662,-0.5929
floodway,2023-09-11,S2,MNDWI,NW_REEDS,77.04,-0.5532,-0.5261,-0.4845
floodway,2023-09-11,S2,NDMI,NW_REEDS,77.04,0.1238,0.2248,0.3041
floodway,2023-09-11,S2,BSI,NW_REEDS,77.04,-0.2698,-0.1927,-0.0935
floodway,2023-09-11,S2,AWEIsh,NW_REEDS,77.04,-0.6146,-0.5287,-0.4327
floodway,2023-09-11,S2,NDTI,NW_REEDS,77.04,-0.2685,-0.2094,-0.1309
floodway,2023-09-11,S2,NDVI,NW_TREES,30.34,0.7027,0.7758,0.8141
floodway,2023-09-11,S2,NDWI,NW_TREES,30.34,-0.7295,-0.6957,-0.6421
floodway,2023-09-11,S2,MNDWI,NW_TREES,30.34,-0.5472,-0.5102,-0.4674
floodway,2023-09-11,S2,NDMI,NW_TREES,30.34,0.1958,0.283,0.3452
floodway,2023-09-11,S2,BSI,NW_TREES,30.34,-0.3018,-0.2408,-0.1521
floodway,2023-09-11,S2,AWEIsh,NW_TREES,30.34,-0.554,-0.5,-0.4449
floodway,2023-09-11,S2,NDTI,NW_TREES,30.34,-0.2169,-0.1706,-0.1048
floodway,2023-09-11,S2,NDVI,HIGH_REEDS,5.55,0.4834,0.647,0.7473
floodway,2023-09-11,S2,NDWI,HIGH_REEDS,5.55,-0.6824,-0.6319,-0.5343
floodway,2023-09-11,S2,MNDWI,HIGH_REEDS,5.55,-0.6147,-0.5756,-0.5256
floodway,2023-09-11,S2,NDMI,HIGH_REEDS,5.55,-0.0546,0.0677,0.2126
floodway,2023-09-11,S2,BSI,HIGH_REEDS,5.55,-0.1686,-0.0301,0.0864
floodway,2023-09-11,S2,AWEIsh,HIGH_REEDS,5.55,-0.638,-0.5732,-0.4602
floodway,2023-09-11,S2,NDTI,HIGH_REEDS,5.55,-0.1377,-0.03,0.0684
floodway,2023-09-11,S2,NDVI,OPEN_WATER,37.25,-0.2115,-0.1171,0.0588
floodway,2023-09-11,S2,NDWI,OPEN_WATER,37.25,0.0818,0.2638,0.3595
floodway,2023-09-11,S2,MNDWI,OPEN_WATER,37.25,0.1781,0.5363,0.6562
floodway,2023-09-11,S2,NDMI,OPEN_WATER,37.25,0.1342,0.313,0.4
floodway,2023-09-11,S2,BSI,OPEN_WATER,37.25,-0.1425,-0.1122,-0.0612
floodway,2023-09-11,S2,AWEIsh,OPEN_WATER,37.25,0.0312,0.0688,0.0773
floodway,2023-09-11,S2,NDTI,OPEN_WATER,37.25,-0.1776,-0.1514,-0.117
floodway,2023-09-11,S2,NDVI,EVENT_REEDS,8.86,0.5662,0.7023,0.7914
floodway,2023-09-11,S2,NDWI,EVENT_REEDS,8.86,-0.694,-0.6336,-0.5411
floodway,2023-09-11,S2,MNDWI,EVENT_REEDS,8.86,-0.5463,-0.5115,-0.4656
floodway,2023-09-11,S2,NDMI,EVENT_REEDS,8.86,0.0736,0.1918,0.2851
floodway,2023-09-11,S2,BSI,EVENT_REEDS,8.86,-0.2424,-0.1472,-0.0344
floodway,2023-09-11,S2,AWEIsh,EVENT_REEDS,8.86,-0.6104,-0.5294,-0.434
floodway,2023-09-11,S2,NDTI,EVENT_REEDS,8.86,-0.2254,-0.1392,-0.0478
floodway,2023-09-11,S2,NDVI,DRY_LAND,1315.04,0.1968,0.2741,0.3561
floodway,2023-09-11,S2,NDWI,DRY_LAND,1315.04,-0.4547,-0.3904,-0.3232
floodway,2023-09-11,S2,MNDWI,DRY_LAND,1315.04,-0.5818,-0.5505,-0.5048
floodway,2023-09-11,S2,NDMI,DRY_LAND,1315.04,-0.2533,-0.1875,-0.1124
floodway,2023-09-11,S2,BSI,DRY_LAND,1315.04,0.1416,0.203,0.252
floodway,2023-09-11,S2,AWEIsh,DRY_LAND,1315.04,-0.5883,-0.5308,-0.473
floodway,2023-09-11,S2,NDTI,DRY_LAND,1315.04,0.0907,0.1241,0.1459
floodway,2023-09-13,S2,NDVI,NW_REEDS,32.77,0.6346,0.7347,0.7916
floodway,2023-09-13,S2,NDWI,NW_REEDS,32.77,-0.6925,-0.6448,-0.5641
floodway,2023-09-13,S2,MNDWI,NW_REEDS,32.77,-0.5435,-0.5193,-0.4755
floodway,2023-09-13,S2,NDMI,NW_REEDS,32.77,0.0997,0.2002,0.2782
floodway,2023-09-13,S2,BSI,NW_REEDS,32.77,-0.2348,-0.1581,-0.059
floodway,2023-09-13,S2,AWEIsh,NW_REEDS,32.77,-0.6316,-0.5486,-0.4529
floodway,2023-09-13,S2,NDTI,NW_REEDS,32.77,-0.2265,-0.1734,-0.1083
floodway,2023-09-13,S2,NDVI,NW_TREES,21.43,0.702,0.7635,0.8002
floodway,2023-09-13,S2,NDWI,NW_TREES,21.43,-0.7179,-0.6865,-0.6416
floodway,2023-09-13,S2,MNDWI,NW_TREES,21.43,-0.5471,-0.514,-0.4782
floodway,2023-09-13,S2,NDMI,NW_TREES,21.43,0.1898,0.2641,0.3205
floodway,2023-09-13,S2,BSI,NW_TREES,21.43,-0.2709,-0.2153,-0.1387
floodway,2023-09-13,S2,AWEIsh,NW_TREES,21.43,-0.5786,-0.5265,-0.475
floodway,2023-09-13,S2,NDTI,NW_TREES,21.43,-0.2018,-0.1588,-0.1014
floodway,2023-09-13,S2,NDVI,HIGH_REEDS,5.98,0.4714,0.62,0.7167
floodway,2023-09-13,S2,NDWI,HIGH_REEDS,5.98,-0.6574,-0.6057,-0.5185
floodway,2023-09-13,S2,MNDWI,HIGH_REEDS,5.98,-0.5961,-0.557,-0.518
floodway,2023-09-13,S2,NDMI,HIGH_REEDS,5.98,-0.0667,0.0464,0.1884
floodway,2023-09-13,S2,BSI,HIGH_REEDS,5.98,-0.1385,-0.0042,0.1007
floodway,2023-09-13,S2,AWEIsh,HIGH_REEDS,5.98,-0.6264,-0.5776,-0.4827
floodway,2023-09-13,S2,NDTI,HIGH_REEDS,5.98,-0.116,-0.02,0.0628
floodway,2023-09-13,S2,NDVI,OPEN_WATER,19.52,-0.236,-0.1905,-0.0715
floodway,2023-09-13,S2,NDWI,OPEN_WATER,19.52,0.2157,0.311,0.356
floodway,2023-09-13,S2,MNDWI,OPEN_WATER,19.52,0.3117,0.4274,0.4728
floodway,2023-09-13,S2,NDMI,OPEN_WATER,19.52,0.0706,0.1174,0.16
floodway,2023-09-13,S2,BSI,OPEN_WATER,19.52,-0.0197,0.0065,0.0332
floodway,2023-09-13,S2,AWEIsh,OPEN_WATER,19.52,0.0434,0.0577,0.0638
floodway,2023-09-13,S2,NDTI,OPEN_WATER,19.52,-0.1509,-0.1267,-0.1038
floodway,2023-09-13,S2,NDVI,EVENT_REEDS,2.15,0.5979,0.6863,0.7514
floodway,2023-09-13,S2,NDWI,EVENT_REEDS,2.15,-0.6738,-0.6323,-0.5854
floodway,2023-09-13,S2,MNDWI,EVENT_REEDS,2.15,-0.5599,-0.531,-0.4975
floodway,2023-09-13,S2,NDMI,EVENT_REEDS,2.15,0.066,0.1558,0.2247
floodway,2023-09-13,S2,BSI,EVENT_REEDS,2.15,-0.1781,-0.1058,-0.0157
floodway,2023-09-13,S2,AWEIsh,EVENT_REEDS,2.15,-0.6153,-0.5624,-0.5038
floodway,2023-09-13,S2,NDTI,EVENT_REEDS,2.15,-0.1684,-0.0998,-0.0256
floodway,2023-09-13,S2,NDVI,DRY_LAND,833.25,0.2026,0.2738,0.3509
floodway,2023-09-13,S2,NDWI,DRY_LAND,833.25,-0.4549,-0.3959,-0.3296
floodway,2023-09-13,S2,MNDWI,DRY_LAND,833.25,-0.5809,-0.551,-0.5132
floodway,2023-09-13,S2,NDMI,DRY_LAND,833.25,-0.2535,-0.1922,-0.1227
floodway,2023-09-13,S2,BSI,DRY_LAND,833.25,0.1626,0.2144,0.2583
floodway,2023-09-13,S2,AWEIsh,DRY_LAND,833.25,-0.6005,-0.5458,-0.4938
floodway,2023-09-13,S2,NDTI,DRY_LAND,833.25,0.1007,0.1283,0.1493
floodway,2023-09-21,S2,NDVI,NW_REEDS,0.33,0.1621,0.2062,0.3816
floodway,2023-09-21,S2,NDWI,NW_REEDS,0.33,-0.4094,-0.2374,-0.1968
floodway,2023-09-21,S2,MNDWI,NW_REEDS,0.33,-0.4403,-0.4277,-0.4127
floodway,2023-09-21,S2,NDMI,NW_REEDS,0.33,-0.245,-0.2074,-0.004
floodway,2023-09-21,S2,BSI,NW_REEDS,0.33,0.0373,0.1543,0.1782
floodway,2023-09-21,S2,AWEIsh,NW_REEDS,0.33,-0.381,-0.3586,-0.3391
floodway,2023-09-21,S2,NDTI,NW_REEDS,0.33,0.0143,0.0297,0.0418
floodway,2023-09-21,S2,NDVI,HIGH_REEDS,0.78,0.6046,0.7033,0.7645
floodway,2023-09-21,S2,NDWI,HIGH_REEDS,0.78,-0.7026,-0.6644,-0.6152
floodway,2023-09-21,S2,MNDWI,HIGH_REEDS,0.78,-0.642,-0.5939,-0.5457
floodway,2023-09-21,S2,NDMI,HIGH_REEDS,0.78,0.0083,0.1192,0.2097
floodway,2023-09-21,S2,BSI,HIGH_REEDS,0.78,-0.1659,-0.0763,0.0286
floodway,2023-09-21,S2,AWEIsh,HIGH_REEDS,0.78,-0.6707,-0.6136,-0.5629
floodway,2023-09-21,S2,NDTI,HIGH_REEDS,0.78,-0.1411,-0.065,0.0224
floodway,2023-09-21,S2,NDVI,OPEN_WATER,0.25,0.0385,0.0879,0.2658
floodway,2023-09-21,S2,NDWI,OPEN_WATER,0.25,-0.2725,0.017,0.0678
floodway,2023-09-21,S2,MNDWI,OPEN_WATER,0.25,-0.2586,-0.0709,0.0629
floodway,2023-09-21,S2,NDMI,OPEN_WATER,0.25,-0.1013,-0.0068,0.0758
floodway,2023-09-21,S2,BSI,OPEN_WATER,0.25,-0.0456,-0.0015,0.0583
floodway,2023-09-21,S2,AWEIsh,OPEN_WATER,0.25,-0.1351,-0.0008,0.0289
floodway,2023-09-21,S2,NDTI,OPEN_WATER,0.25,-0.1156,-0.0984,-0.0697
floodway,2023-09-21,S2,NDVI,EVENT_REEDS,1.24,0.4472,0.5994,0.7037
floodway,2023-09-21,S2,NDWI,EVENT_REEDS,1.24,-0.6388,-0.565,-0.46
floodway,2023-09-21,S2,MNDWI,EVENT_REEDS,1.24,-0.5338,-0.4957,-0.4395
floodway,2023-09-21,S2,NDMI,EVENT_REEDS,1.24,0.0156,0.1146,0.2231
floodway,2023-09-21,S2,BSI,EVENT_REEDS,1.24,-0.1679,-0.0651,0.0243
floodway,2023-09-21,S2,AWEIsh,EVENT_REEDS,1.24,-0.574,-0.4983,-0.3665
floodway,2023-09-21,S2,NDTI,EVENT_REEDS,1.24,-0.1409,-0.0671,-0.003
floodway,2023-09-21,S2,NDVI,DRY_LAND,178.56,0.1895,0.2318,0.283
floodway,2023-09-21,S2,NDWI,DRY_LAND,178.56,-0.3985,-0.3527,-0.309
floodway,2023-09-21,S2,MNDWI,DRY_LAND,178.56,-0.5519,-0.5254,-0.4908
floodway,2023-09-21,S2,NDMI,DRY_LAND,178.56,-0.2551,-0.1988,-0.1403
floodway,2023-09-21,S2,BSI,DRY_LAND,178.56,0.172,0.2108,0.2473
floodway,2023-09-21,S2,AWEIsh,DRY_LAND,178.56,-0.5497,-0.4621,-0.4042
floodway,2023-09-21,S2,NDTI,DRY_LAND,178.56,0.1067,0.126,0.1431
floodway,2023-09-28,S2,NDVI,NW_REEDS,26.92,0.6738,0.7687,0.817
floodway,2023-09-28,S2,NDWI,NW_REEDS,26.92,-0.7224,-0.6827,-0.607
floodway,2023-09-28,S2,MNDWI,NW_REEDS,26.92,-0.5655,-0.5379,-0.4958
floodway,2023-09-28,S2,NDMI,NW_REEDS,26.92,0.1329,0.2344,0.3058
floodway,2023-09-28,S2,BSI,NW_REEDS,26.92,-0.2666,-0.1954,-0.0933
floodway,2023-09-28,S2,AWEIsh,NW_REEDS,26.92,-0.6814,-0.5925,-0.4798
floodway,2023-09-28,S2,NDTI,NW_REEDS,26.92,-0.239,-0.1824,-0.1087
floodway,2023-09-28,S2,NDVI,NW_TREES,19.89,0.7241,0.7812,0.8161
floodway,2023-09-28,S2,NDWI,NW_TREES,19.89,-0.7343,-0.7052,-0.666
floodway,2023-09-28,S2,MNDWI,NW_TREES,19.89,-0.578,-0.538,-0.4966
floodway,2023-09-28,S2,NDMI,NW_TREES,19.89,0.1877,0.2662,0.3271
floodway,2023-09-28,S2,BSI,NW_TREES,19.89,-0.2825,-0.2233,-0.1444
floodway,2023-09-28,S2,AWEIsh,NW_TREES,19.89,-0.572,-0.5162,-0.4622
floodway,2023-09-28,S2,NDTI,NW_TREES,19.89,-0.2144,-0.1622,-0.0989
floodway,2023-09-28,S2,NDVI,HIGH_REEDS,5.9,0.4403,0.5841,0.6835
floodway,2023-09-28,S2,NDWI,HIGH_REEDS,5.9,-0.6436,-0.5904,-0.5182
floodway,2023-09-28,S2,MNDWI,HIGH_REEDS,5.9,-0.6094,-0.5701,-0.517
floodway,2023-09-28,S2,NDMI,HIGH_REEDS,5.9,-0.0904,0.0137,0.1683
floodway,2023-09-28,S2,BSI,HIGH_REEDS,5.9,-0.1156,0.0242,0.1242
floodway,2023-09-28,S2,AWEIsh,HIGH_REEDS,5.9,-0.6271,-0.578,-0.4848
floodway,2023-09-28,S2,NDTI,HIGH_REEDS,5.9,-0.0753,0.0117,0.0937
floodway,2023-09-28,S2,NDVI,OPEN_WATER,17.95,-0.6049,-0.5287,-0.2522
floodway,2023-09-28,S2,NDWI,OPEN_WATER,17.95,0.3854,0.5813,0.6509
floodway,2023-09-28,S2,MNDWI,OPEN_WATER,17.95,0.4681,0.6978,0.7662
floodway,2023-09-28,S2,NDMI,OPEN_WATER,17.95,0.0239,0.1429,0.2727
floodway,2023-09-28,S2,BSI,OPEN_WATER,17.95,0.0018,0.0345,0.067
floodway,2023-09-28,S2,AWEIsh,OPEN_WATER,17.95,0.0496,0.0687,0.0753
floodway,2023-09-28,S2,NDTI,OPEN_WATER,17.95,-0.1106,-0.0776,-0.0517
floodway,2023-09-28,S2,NDVI,EVENT_REEDS,1.88,0.5615,0.6585,0.7496
floodway,2023-09-28,S2,NDWI,EVENT_REEDS,1.88,-0.6774,-0.6214,-0.5769
floodway,2023-09-28,S2,MNDWI,EVENT_REEDS,1.88,-0.5769,-0.5411,-0.5047
floodway,2023-09-28,S2,NDMI,EVENT_REEDS,1.88,0.0379,0.1342,0.2184
floodway,2023-09-28,S2,BSI,EVENT_REEDS,1.88,-0.1742,-0.0857,0.0082
floodway,2023-09-28,S2,AWEIsh,EVENT_REEDS,1.88,-0.6216,-0.5612,-0.5025
floodway,2023-09-28,S2,NDTI,EVENT_REEDS,1.88,-0.151,-0.0667,0.011
floodway,2023-09-28,S2,NDVI,DRY_LAND,767.33,0.2061,0.2632,0.3283
floodway,2023-09-28,S2,NDWI,DRY_LAND,767.33,-0.459,-0.403,-0.3421
floodway,2023-09-28,S2,MNDWI,DRY_LAND,767.33,-0.6002,-0.5659,-0.5275
floodway,2023-09-28,S2,NDMI,DRY_LAND,767.33,-0.2635,-0.2068,-0.1385
floodway,2023-09-28,S2,BSI,DRY_LAND,767.33,0.1751,0.2249,0.265
floodway,2023-09-28,S2,AWEIsh,DRY_LAND,767.33,-0.6116,-0.5552,-0.4984
floodway,2023-09-28,S2,NDTI,DRY_LAND,767.33,0.1183,0.1451,0.1682
floodway,2023-10-01,S2,NDVI,NW_REEDS,86.28,0.6418,0.7302,0.7792
floodway,2023-10-01,S2,NDWI,NW_REEDS,86.28,-0.6884,-0.6503,-0.5857
floodway,2023-10-01,S2,MNDWI,NW_REEDS,86.28,-0.5443,-0.5217,-0.4923
floodway,2023-10-01,S2,NDMI,NW_REEDS,86.28,0.1057,0.2022,0.2725
floodway,2023-10-01,S2,BSI,NW_REEDS,86.28,-0.2306,-0.163,-0.0705
floodway,2023-10-01,S2,AWEIsh,NW_REEDS,86.28,-0.6002,-0.5227,-0.4302
floodway,2023-10-01,S2,NDTI,NW_REEDS,86.28,-0.2,-0.1522,-0.0882
floodway,2023-10-01,S2,NDVI,NW_TREES,31.93,0.6615,0.7251,0.7623
floodway,2023-10-01,S2,NDWI,NW_TREES,31.93,-0.6942,-0.6637,-0.6196
floodway,2023-10-01,S2,MNDWI,NW_TREES,31.93,-0.5385,-0.5029,-0.4625
floodway,2023-10-01,S2,NDMI,NW_TREES,31.93,0.1564,0.2386,0.3019
floodway,2023-10-01,S2,BSI,NW_TREES,31.93,-0.2486,-0.1889,-0.1094
floodway,2023-10-01,S2,AWEIsh,NW_TREES,31.93,-0.5094,-0.4591,-0.408
floodway,2023-10-01,S2,NDTI,NW_TREES,31.93,-0.1528,-0.113,-0.0626
floodway,2023-10-01,S2,NDVI,HIGH_REEDS,6.94,0.3224,0.5165,0.6611
floodway,2023-10-01,S2,NDWI,HIGH_REEDS,6.94,-0.6359,-0.5554,-0.4392
floodway,2023-10-01,S2,MNDWI,HIGH_REEDS,6.94,-0.6144,-0.5619,-0.5021
floodway,2023-10-01,S2,NDMI,HIGH_REEDS,6.94,-0.1587,-0.0384,0.1242
floodway,2023-10-01,S2,BSI,HIGH_REEDS,6.94,-0.0738,0.0698,0.163
floodway,2023-10-01,S2,AWEIsh,HIGH_REEDS,6.94,-0.5859,-0.5075,-0.3164
floodway,2023-10-01,S2,NDTI,HIGH_REEDS,6.94,-0.0516,0.0307,0.0984
floodway,2023-10-01,S2,NDVI,OPEN_WATER,40.87,-0.242,-0.164,-0.0258
floodway,2023-10-01,S2,NDWI,OPEN_WATER,40.87,0.1165,0.2445,0.3126
floodway,2023-10-01,S2,MNDWI,OPEN_WATER,40.87,0.1456,0.3512,0.4176
floodway,2023-10-01,S2,NDMI,OPEN_WATER,40.87,0.0328,0.0997,0.1468
floodway,2023-10-01,S2,BSI,OPEN_WATER,40.87,-0.0376,-0.008,0.0264
floodway,2023-10-01,S2,AWEIsh,OPEN_WATER,40.87,0.0299,0.0521,0.0598
floodway,2023-10-01,S2,NDTI,OPEN_WATER,40.87,-0.1026,-0.0762,-0.052
floodway,2023-10-01,S2,NDVI,EVENT_REEDS,9.66,0.5257,0.6584,0.7511
floodway,2023-10-01,S2,NDWI,EVENT_REEDS,9.66,-0.6732,-0.6159,-0.5308
floodway,2023-10-01,S2,MNDWI,EVENT_REEDS,9.66,-0.5448,-0.5139,-0.4779
floodway,2023-10-01,S2,NDMI,EVENT_REEDS,9.66,0.0344,0.1506,0.2521
floodway,2023-10-01,S2,BSI,EVENT_REEDS,9.66,-0.2048,-0.1017,0.0067
floodway,2023-10-01,S2,AWEIsh,EVENT_REEDS,9.66,-0.5844,-0.5066,-0.4237
floodway,2023-10-01,S2,NDTI,EVENT_REEDS,9.66,-0.1678,-0.0882,-0.0064
floodway,2023-10-01,S2,NDVI,DRY_LAND,1555.32,0.185,0.233,0.293
floodway,2023-10-01,S2,NDWI,DRY_LAND,1555.32,-0.437,-0.3813,-0.3308
floodway,2023-10-01,S2,MNDWI,DRY_LAND,1555.32,-0.6035,-0.5677,-0.5332
floodway,2023-10-01,S2,NDMI,DRY_LAND,1555.32,-0.2879,-0.2367,-0.1724
floodway,2023-10-01,S2,BSI,DRY_LAND,1555.32,0.2027,0.2497,0.2852
floodway,2023-10-01,S2,AWEIsh,DRY_LAND,1555.32,-0.5713,-0.5154,-0.4654
floodway,2023-10-01,S2,NDTI,DRY_LAND,1555.32,0.13,0.1542,0.1752
floodway,2023-10-03,S2,NDVI,NW_REEDS,28.88,0.5304,0.6251,0.6759
floodway,2023-10-03,S2,NDWI,NW_REEDS,28.88,-0.6049,-0.5615,-0.4829
floodway,2023-10-03,S2,MNDWI,NW_REEDS,28.88,-0.4364,-0.4146,-0.3775
floodway,2023-10-03,S2,NDMI,NW_REEDS,28.88,0.1257,0.2003,0.2613
floodway,2023-10-03,S2,BSI,NW_REEDS,28.88,-0.1993,-0.1445,-0.0753
floodway,2023-10-03,S2,AWEIsh,NW_REEDS,28.88,-0.5626,-0.494,-0.4033
floodway,2023-10-03,S2,NDTI,NW_REEDS,28.88,-0.1247,-0.0976,-0.0623
floodway,2023-10-03,S2,NDVI,NW_TREES,20.57,0.5674,0.6213,0.6569
floodway,2023-10-03,S2,NDWI,NW_TREES,20.57,-0.5948,-0.5646,-0.5245
floodway,2023-10-03,S2,MNDWI,NW_TREES,20.57,-0.4063,-0.3759,-0.3393
floodway,2023-10-03,S2,NDMI,NW_TREES,20.57,0.181,0.2436,0.2939
floodway,2023-10-03,S2,BSI,NW_TREES,20.57,-0.2208,-0.1764,-0.1186
floodway,2023-10-03,S2,AWEIsh,NW_TREES,20.57,-0.4775,-0.432,-0.3866
floodway,2023-10-03,S2,NDTI,NW_TREES,20.57,-0.1078,-0.0846,-0.0561
floodway,2023-10-03,S2,NDVI,HIGH_REEDS,5.94,0.2305,0.3642,0.4704
floodway,2023-10-03,S2,NDWI,HIGH_REEDS,5.94,-0.4653,-0.3979,-0.2827
floodway,2023-10-03,S2,MNDWI,HIGH_REEDS,5.94,-0.4376,-0.401,-0.3272
floodway,2023-10-03,S2,NDMI,HIGH_REEDS,5.94,-0.0754,-0.0018,0.0949
floodway,2023-10-03,S2,BSI,HIGH_REEDS,5.94,-0.0404,0.0324,0.0959
floodway,2023-10-03,S2,AWEIsh,HIGH_REEDS,5.94,-0.498,-0.418,-0.2441
floodway,2023-10-03,S2,NDTI,HIGH_REEDS,5.94,-0.0169,0.0163,0.0493
floodway,2023-10-03,S2,NDVI,OPEN_WATER,18.58,-0.0085,0.0142,0.0641
floodway,2023-10-03,S2,NDWI,OPEN_WATER,18.58,0.0,0.0344,0.0535
floodway,2023-10-03,S2,MNDWI,OPEN_WATER,18.58,0.3866,0.4522,0.4768
floodway,2023-10-03,S2,NDMI,OPEN_WATER,18.58,0.38,0.4184,0.4392
floodway,2023-10-03,S2,BSI,OPEN_WATER,18.58,-0.1577,-0.1402,-0.1205
floodway,2023-10-03,S2,AWEIsh,OPEN_WATER,18.58,0.0626,0.0765,0.082
floodway,2023-10-03,S2,NDTI,OPEN_WATER,18.58,-0.0647,-0.0456,-0.0289
floodway,2023-10-03,S2,NDVI,EVENT_REEDS,2.01,0.4446,0.5209,0.6039
floodway,2023-10-03,S2,NDWI,EVENT_REEDS,2.01,-0.5522,-0.5009,-0.4587
floodway,2023-10-03,S2,MNDWI,EVENT_REEDS,2.01,-0.4378,-0.4119,-0.3834
floodway,2023-10-03,S2,NDMI,EVENT_REEDS,2.01,0.0493,0.1254,0.1932
floodway,2023-10-03,S2,BSI,EVENT_REEDS,2.01,-0.1324,-0.0658,0.0002
floodway,2023-10-03,S2,AWEIsh,EVENT_REEDS,2.01,-0.5193,-0.4744,-0.4261
floodway,2023-10-03,S2,NDTI,EVENT_REEDS,2.01,-0.0814,-0.0312,0.0114
floodway,2023-10-03,S2,NDVI,DRY_LAND,792.81,0.1813,0.2225,0.266
floodway,2023-10-03,S2,NDWI,DRY_LAND,792.81,-0.3667,-0.3236,-0.282
floodway,2023-10-03,S2,MNDWI,DRY_LAND,792.81,-0.5104,-0.4817,-0.4409
floodway,2023-10-03,S2,NDMI,DRY_LAND,792.81,-0.2278,-0.1817,-0.1246
floodway,2023-10-03,S2,BSI,DRY_LAND,792.81,0.149,0.1917,0.2269
floodway,2023-10-03,S2,AWEIsh,DRY_LAND,792.81,-0.5438,-0.4919,-0.4432
floodway,2023-10-03,S2,NDTI,DRY_LAND,792.81,0.0784,0.1044,0.126
floodway,2023-10-11,S2,NDVI,NW_REEDS,86.28,0.7153,0.7908,0.8309
floodway,2023-10-11,S2,NDWI,NW_REEDS,86.28,-0.7362,-0.7067,-0.6574
floodway,2023-10-11,S2,MNDWI,NW_REEDS,86.28,-0.592,-0.5622,-0.5264
floodway,2023-10-11,S2,NDMI,NW_REEDS,86.28,0.1434,0.2424,0.3147
floodway,2023-10-11,S2,BSI,NW_REEDS,86.28,-0.2732,-0.2013,-0.1016
floodway,2023-10-11,S2,AWEIsh,NW_REEDS,86.28,-0.6304,-0.5463,-0.4437
floodway,2023-10-11,S2,NDTI,NW_REEDS,86.28,-0.2509,-0.1909,-0.1053
floodway,2023-10-11,S2,NDVI,NW_TREES,31.93,0.7286,0.7935,0.828
floodway,2023-10-11,S2,NDWI,NW_TREES,31.93,-0.752,-0.7216,-0.6788
floodway,2023-10-11,S2,MNDWI,NW_TREES,31.93,-0.5926,-0.5429,-0.4896
floodway,2023-10-11,S2,NDMI,NW_TREES,31.93,0.1931,0.2877,0.3586
floodway,2023-10-11,S2,BSI,NW_TREES,31.93,-0.3064,-0.237,-0.1417
floodway,2023-10-11,S2,AWEIsh,NW_TREES,31.93,-0.5341,-0.4748,-0.4138
floodway,2023-10-11,S2,NDTI,NW_TREES,31.93,-0.2159,-0.1547,-0.0772
floodway,2023-10-11,S2,NDVI,HIGH_REEDS,6.94,0.3439,0.5318,0.6768
floodway,2023-10-11,S2,NDWI,HIGH_REEDS,6.94,-0.6641,-0.5952,-0.508
floodway,2023-10-11,S2,MNDWI,HIGH_REEDS,6.94,-0.6587,-0.6084,-0.5564
floodway,2023-10-11,S2,NDMI,HIGH_REEDS,6.94,-0.2017,-0.038,0.1288
floodway,2023-10-11,S2,BSI,HIGH_REEDS,6.94,-0.0671,0.0863,0.2168
floodway,2023-10-11,S2,AWEIsh,HIGH_REEDS,6.94,-0.5934,-0.5181,-0.3663
floodway,2023-10-11,S2,NDTI,HIGH_REEDS,6.94,-0.0289,0.0826,0.1626
floodway,2023-10-11,S2,NDVI,OPEN_WATER,40.85,-0.6037,-0.4714,-0.0952
floodway,2023-10-11,S2,NDWI,OPEN_WATER,40.85,0.2128,0.5329,0.6471
floodway,2023-10-11,S2,MNDWI,OPEN_WATER,40.85,0.2518,0.6133,0.7161
floodway,2023-10-11,S2,NDMI,OPEN_WATER,40.85,-0.0468,0.0843,0.2074
floodway,2023-10-11,S2,BSI,OPEN_WATER,40.85,0.0372,0.0916,0.141
floodway,2023-10-11,S2,AWEIsh,OPEN_WATER,40.85,0.0283,0.0481,0.057
floodway,2023-10-11,S2,NDTI,OPEN_WATER,40.85,-0.1188,-0.0798,-0.0493
floodway,2023-10-11,S2,NDVI,EVENT_REEDS,9.66,0.5701,0.7022,0.8008
floodway,2023-10-11,S2,NDWI,EVENT_REEDS,9.66,-0.7183,-0.6596,-0.58
floodway,2023-10-11,S2,MNDWI,EVENT_REEDS,9.66,-0.5819,-0.5455,-0.5062
floodway,2023-10-11,S2,NDMI,EVENT_REEDS,9.66,0.057,0.1792,0.289
floodway,2023-10-11,S2,BSI,EVENT_REEDS,9.66,-0.2424,-0.1264,-0.0051
floodway,2023-10-11,S2,AWEIsh,EVENT_REEDS,9.66,-0.6014,-0.5132,-0.4276
floodway,2023-10-11,S2,NDTI,EVENT_REEDS,9.66,-0.204,-0.0969,0.0098
floodway,2023-10-11,S2,NDVI,DRY_LAND,1554.46,0.2185,0.2622,0.326
floodway,2023-10-11,S2,NDWI,DRY_LAND,1554.46,-0.4808,-0.4226,-0.3784
floodway,2023-10-11,S2,MNDWI,DRY_LAND,1554.46,-0.6342,-0.5962,-0.5531
floodway,2023-10-11,S2,NDMI,DRY_LAND,1554.46,-0.2831,-0.2201,-0.1428
floodway,2023-10-11,S2,BSI,DRY_LAND,1554.46,0.1865,0.2436,0.2897
floodway,2023-10-11,S2,AWEIsh,DRY_LAND,1554.46,-0.5556,-0.5018,-0.4524
floodway,2023-10-11,S2,NDTI,DRY_LAND,1554.46,0.1479,0.1739,0.1935
floodway,2023-10-21,S2,NDVI,NW_REEDS,85.68,0.6029,0.6773,0.7273
floodway,2023-10-21,S2,NDWI,NW_REEDS,85.68,-0.6575,-0.6243,-0.5794
floodway,2023-10-21,S2,MNDWI,NW_REEDS,85.68,-0.554,-0.5216,-0.4821
floodway,2023-10-21,S2,NDMI,NW_REEDS,85.68,0.0706,0.1579,0.2258
floodway,2023-10-21,S2,BSI,NW_REEDS,85.68,-0.1625,-0.097,-0.0158
floodway,2023-10-21,S2,AWEIsh,NW_REEDS,85.68,-0.5771,-0.5124,-0.43
floodway,2023-10-21,S2,NDTI,NW_REEDS,85.68,-0.1412,-0.0918,-0.033
floodway,2023-10-21,S2,NDVI,NW_TREES,31.8,0.578,0.6567,0.7181
floodway,2023-10-21,S2,NDWI,NW_TREES,31.8,-0.666,-0.62,-0.5671
floodway,2023-10-21,S2,MNDWI,NW_TREES,31.8,-0.5549,-0.5064,-0.4474
floodway,2023-10-21,S2,NDMI,NW_TREES,31.8,0.0821,0.1722,0.2454
floodway,2023-10-21,S2,BSI,NW_TREES,31.8,-0.1689,-0.0979,-0.0169
floodway,2023-10-21,S2,AWEIsh,NW_TREES,31.8,-0.4676,-0.4197,-0.3714
floodway,2023-10-21,S2,NDTI,NW_TREES,31.8,-0.1103,-0.0597,-0.0027
floodway,2023-10-21,S2,NDVI,HIGH_REEDS,6.94,0.2822,0.3725,0.4928
floodway,2023-10-21,S2,NDWI,HIGH_REEDS,6.94,-0.5565,-0.5033,-0.4475
floodway,2023-10-21,S2,MNDWI,HIGH_REEDS,6.94,-0.6567,-0.6099,-0.5504
floodway,2023-10-21,S2,NDMI,HIGH_REEDS,6.94,-0.274,-0.1735,-0.0155
floodway,2023-10-21,S2,BSI,HIGH_REEDS,6.94,0.082,0.2089,0.2826
floodway,2023-10-21,S2,AWEIsh,HIGH_REEDS,6.94,-0.5367,-0.4825,-0.3812
floodway,2023-10-21,S2,NDTI,HIGH_REEDS,6.94,0.0763,0.1419,0.1851
floodway,2023-10-21,S2,NDVI,OPEN_WATER,38.38,-0.3483,-0.2532,0.0237
floodway,2023-10-21,S2,NDWI,OPEN_WATER,38.38,0.0323,0.2643,0.3497
floodway,2023-10-21,S2,MNDWI,OPEN_WATER,38.38,-0.0091,0.243,0.3333
floodway,2023-10-21,S2,NDMI,OPEN_WATER,38.38,-0.0759,-0.027,0.0195
floodway,2023-10-21,S2,BSI,OPEN_WATER,38.38,0.1094,0.1529,0.1849
floodway,2023-10-21,S2,AWEIsh,OPEN_WATER,38.38,0.0004,0.0376,0.0493
floodway,2023-10-21,S2,NDTI,OPEN_WATER,38.38,-0.0447,-0.0107,0.0152
floodway,2023-10-21,S2,NDVI,EVENT_REEDS,9.66,0.4533,0.5882,0.691
floodway,2023-10-21,S2,NDWI,EVENT_REEDS,9.66,-0.6391,-0.5823,-0.5086
floodway,2023-10-21,S2,MNDWI,EVENT_REEDS,9.66,-0.5615,-0.5225,-0.4779
floodway,2023-10-21,S2,NDMI,EVENT_REEDS,9.66,-0.0354,0.0817,0.1978
floodway,2023-10-21,S2,BSI,EVENT_REEDS,9.66,-0.1304,-0.0205,0.0862
floodway,2023-10-21,S2,AWEIsh,EVENT_REEDS,9.66,-0.5534,-0.482,-0.4125
floodway,2023-10-21,S2,NDTI,EVENT_REEDS,9.66,-0.1023,-0.0219,0.0558
floodway,2023-10-21,S2,NDVI,DRY_LAND,1522.41,0.1838,0.2226,0.2821
floodway,2023-10-21,S2,NDWI,DRY_LAND,1522.41,-0.4264,-0.3731,-0.3338
floodway,2023-10-21,S2,MNDWI,DRY_LAND,1522.41,-0.6148,-0.5835,-0.5476
floodway,2023-10-21,S2,NDMI,DRY_LAND,1522.41,-0.3129,-0.2639,-0.1964
floodway,2023-10-21,S2,BSI,DRY_LAND,1522.41,0.2243,0.2739,0.3091
floodway,2023-10-21,S2,AWEIsh,DRY_LAND,1522.41,-0.5394,-0.4926,-0.4492
floodway,2023-10-21,S2,NDTI,DRY_LAND,1522.41,0.1357,0.1575,0.1759
floodway,2023-10-28,S2,NDVI,NW_REEDS,27.62,0.5656,0.6583,0.7151
floodway,2023-10-28,S2,NDWI,NW_REEDS,27.62,-0.6707,-0.6362,-0.5785
floodway,2023-10-28,S2,MNDWI,NW_REEDS,27.62,-0.6013,-0.5705,-0.5265
floodway,2023-10-28,S2,NDMI,NW_REEDS,27.62,0.0148,0.1023,0.1769
floodway,2023-10-28,S2,BSI,NW_REEDS,27.62,-0.121,-0.0505,0.0317
floodway,2023-10-28,S2,AWEIsh,NW_REEDS,27.62,-0.5674,-0.5032,-0.4029
floodway,2023-10-28,S2,NDTI,NW_REEDS,27.62,-0.0968,-0.0442,0.0128
floodway,2023-10-28,S2,NDVI,NW_TREES,20.2,0.5123,0.6035,0.697
floodway,2023-10-28,S2,NDWI,NW_TREES,20.2,-0.6612,-0.6144,-0.5695
floodway,2023-10-28,S2,MNDWI,NW_TREES,20.2,-0.6158,-0.571,-0.5235
floodway,2023-10-28,S2,NDMI,NW_TREES,20.2,-0.0327,0.0584,0.1558
floodway,2023-10-28,S2,BSI,NW_TREES,20.2,-0.0994,-0.004,0.0777
floodway,2023-10-28,S2,AWEIsh,NW_TREES,20.2,-0.4655,-0.416,-0.3654
floodway,2023-10-28,S2,NDTI,NW_TREES,20.2,-0.067,0.01,0.0755
floodway,2023-10-28,S2,NDVI,HIGH_REEDS,5.91,0.2931,0.3412,0.4146
floodway,2023-10-28,S2,NDWI,HIGH_REEDS,5.91,-0.5388,-0.4985,-0.4515
floodway,2023-10-28,S2,MNDWI,HIGH_REEDS,5.91,-0.7026,-0.6548,-0.593
floodway,2023-10-28,S2,NDMI,HIGH_REEDS,5.91,-0.3288,-0.2489,-0.1136
floodway,2023-10-28,S2,BSI,HIGH_REEDS,5.91,0.1568,0.2578,0.3175
floodway,2023-10-28,S2,AWEIsh,HIGH_REEDS,5.91,-0.5222,-0.4602,-0.3555
floodway,2023-10-28,S2,NDTI,HIGH_REEDS,5.91,0.1141,0.1702,0.2053
floodway,2023-10-28,S2,NDVI,OPEN_WATER,18.21,-0.5899,-0.5294,-0.3874
floodway,2023-10-28,S2,NDWI,OPEN_WATER,18.21,0.4061,0.5153,0.5808
floodway,2023-10-28,S2,MNDWI,OPEN_WATER,18.21,0.4907,0.6822,0.7355
floodway,2023-10-28,S2,NDMI,OPEN_WATER,18.21,0.0625,0.2152,0.3208
floodway,2023-10-28,S2,BSI,OPEN_WATER,18.21,0.0895,0.131,0.1732
floodway,2023-10-28,S2,AWEIsh,OPEN_WATER,18.21,0.049,0.0666,0.0726
floodway,2023-10-28,S2,NDTI,OPEN_WATER,18.21,-0.0097,0.0186,0.0431
floodway,2023-10-28,S2,NDVI,EVENT_REEDS,1.92,0.387,0.4978,0.6238
floodway,2023-10-28,S2,NDWI,EVENT_REEDS,1.92,-0.6218,-0.5679,-0.5264
floodway,2023-10-28,S2,MNDWI,EVENT_REEDS,1.92,-0.64,-0.6046,-0.5598
floodway,2023-10-28,S2,NDMI,EVENT_REEDS,1.92,-0.1437,-0.0701,0.0605
floodway,2023-10-28,S2,BSI,EVENT_REEDS,1.92,-0.0097,0.1109,0.1842
floodway,2023-10-28,S2,AWEIsh,EVENT_REEDS,1.92,-0.5487,-0.4893,-0.4334
floodway,2023-10-28,S2,NDTI,EVENT_REEDS,1.92,-0.0168,0.073,0.1556
floodway,2023-10-28,S2,NDVI,DRY_LAND,776.42,0.2074,0.25,0.3098
floodway,2023-10-28,S2,NDWI,DRY_LAND,776.42,-0.4524,-0.4014,-0.3593
floodway,2023-10-28,S2,MNDWI,DRY_LAND,776.42,-0.6554,-0.6179,-0.5747
floodway,2023-10-28,S2,NDMI,DRY_LAND,776.42,-0.334,-0.2832,-0.2119
floodway,2023-10-28,S2,BSI,DRY_LAND,776.42,0.229,0.2849,0.3232
floodway,2023-10-28,S2,AWEIsh,DRY_LAND,776.42,-0.5722,-0.519,-0.4728
floodway,2023-10-28,S2,NDTI,DRY_LAND,776.42,0.133,0.1612,0.183
floodway,2023-10-31,S2,NDVI,NW_REEDS,86.29,0.5342,0.6145,0.6707
floodway,2023-10-31,S2,NDWI,NW_REEDS,86.29,-0.6349,-0.604,-0.561
floodway,2023-10-31,S2,MNDWI,NW_REEDS,86.29,-0.5923,-0.5591,-0.5164
floodway,2023-10-31,S2,NDMI,NW_REEDS,86.29,-0.0177,0.0647,0.1398
floodway,2023-10-31,S2,BSI,NW_REEDS,86.29,-0.0839,-0.014,0.0607
floodway,2023-10-31,S2,AWEIsh,NW_REEDS,86.29,-0.5061,-0.4511,-0.3794
floodway,2023-10-31,S2,NDTI,NW_REEDS,86.29,-0.0751,-0.0243,0.0323
floodway,2023-10-31,S2,NDVI,NW_TREES,31.93,0.489,0.5771,0.6624
floodway,2023-10-31,S2,NDWI,NW_TREES,31.93,-0.6368,-0.5944,-0.5478
floodway,2023-10-31,S2,MNDWI,NW_TREES,31.93,-0.5982,-0.5539,-0.5039
floodway,2023-10-31,S2,NDMI,NW_TREES,31.93,-0.0398,0.046,0.1383
floodway,2023-10-31,S2,BSI,NW_TREES,31.93,-0.0814,0.0056,0.0798
floodway,2023-10-31,S2,AWEIsh,NW_TREES,31.93,-0.4087,-0.3637,-0.317
floodway,2023-10-31,S2,NDTI,NW_TREES,31.93,-0.0509,0.0146,0.0734
floodway,2023-10-31,S2,NDVI,HIGH_REEDS,6.93,0.2968,0.3483,0.4359
floodway,2023-10-31,S2,NDWI,HIGH_REEDS,6.93,-0.5454,-0.5022,-0.4582
floodway,2023-10-31,S2,MNDWI,HIGH_REEDS,6.93,-0.6914,-0.6458,-0.5936
floodway,2023-10-31,S2,NDMI,HIGH_REEDS,6.93,-0.3155,-0.2261,-0.0987
floodway,2023-10-31,S2,BSI,HIGH_REEDS,6.93,0.1468,0.2413,0.3117
floodway,2023-10-31,S2,AWEIsh,HIGH_REEDS,6.93,-0.4851,-0.4307,-0.3422
floodway,2023-10-31,S2,NDTI,HIGH_REEDS,6.93,0.1082,0.1654,0.2037
floodway,2023-10-31,S2,NDVI,OPEN_WATER,40.86,-0.5026,-0.418,-0.1175
floodway,2023-10-31,S2,NDWI,OPEN_WATER,40.86,0.1949,0.4221,0.4949
floodway,2023-10-31,S2,MNDWI,OPEN_WATER,40.86,0.1976,0.551,0.658
floodway,2023-10-31,S2,NDMI,OPEN_WATER,40.86,0.0291,0.1671,0.2514
floodway,2023-10-31,S2,BSI,OPEN_WATER,40.86,0.0518,0.099,0.1359
floodway,2023-10-31,S2,AWEIsh,OPEN_WATER,40.86,0.0289,0.0671,0.0755
floodway,2023-10-31,S2,NDTI,OPEN_WATER,40.86,-0.0484,-0.003,0.0235
floodway,2023-10-31,S2,NDVI,EVENT_REEDS,9.66,0.4208,0.5454,0.6374
floodway,2023-10-31,S2,NDWI,EVENT_REEDS,9.66,-0.6187,-0.5694,-0.4989
floodway,2023-10-31,S2,MNDWI,EVENT_REEDS,9.66,-0.5953,-0.5597,-0.517
floodway,2023-10-31,S2,NDMI,EVENT_REEDS,9.66,-0.0933,0.0085,0.1083
floodway,2023-10-31,S2,BSI,EVENT_REEDS,9.66,-0.0514,0.038,0.13
floodway,2023-10-31,S2,AWEIsh,EVENT_REEDS,9.66,-0.4961,-0.4345,-0.3729
floodway,2023-10-31,S2,NDTI,EVENT_REEDS,9.66,-0.0432,0.0227,0.0856
floodway,2023-10-31,S2,NDVI,DRY_LAND,1552.63,0.1942,0.2336,0.2976
floodway,2023-10-31,S2,NDWI,DRY_LAND,1552.63,-0.4324,-0.3807,-0.3448
floodway,2023-10-31,S2,MNDWI,DRY_LAND,1552.63,-0.6353,-0.6053,-0.5701
floodway,2023-10-31,S2,NDMI,DRY_LAND,1552.63,-0.333,-0.2861,-0.2196
floodway,2023-10-31,S2,BSI,DRY_LAND,1552.63,0.2347,0.2856,0.3196
floodway,2023-10-31,S2,AWEIsh,DRY_LAND,1552.63,-0.5085,-0.4602,-0.4154
floodway,2023-10-31,S2,NDTI,DRY_LAND,1552.63,0.1313,0.1556,0.1745
floodway,2023-11-07,S2,NDVI,NW_REEDS,30.86,0.531,0.6063,0.6636
floodway,2023-11-07,S2,NDWI,NW_REEDS,30.86,-0.6443,-0.6123,-0.5674
floodway,2023-11-07,S2,MNDWI,NW_REEDS,30.86,-0.6087,-0.5785,-0.5356
floodway,2023-11-07,S2,NDMI,NW_REEDS,30.86,-0.0294,0.0491,0.122
floodway,2023-11-07,S2,BSI,NW_REEDS,30.86,-0.0685,-0.0017,0.0673
floodway,2023-11-07,S2,AWEIsh,NW_REEDS,30.86,-0.5222,-0.4612,-0.3764
floodway,2023-11-07,S2,NDTI,NW_REEDS,30.86,-0.0548,-0.0013,0.0484
floodway,2023-11-07,S2,NDVI,NW_TREES,21.0,0.4818,0.5661,0.6545
floodway,2023-11-07,S2,NDWI,NW_TREES,21.0,-0.6384,-0.5941,-0.5495
floodway,2023-11-07,S2,MNDWI,NW_TREES,21.0,-0.6313,-0.5849,-0.5341
floodway,2023-11-07,S2,NDMI,NW_TREES,21.0,-0.0879,0.0,0.1015
floodway,2023-11-07,S2,BSI,NW_TREES,21.0,-0.0516,0.04,0.1143
floodway,2023-11-07,S2,AWEIsh,NW_TREES,21.0,-0.4128,-0.3658,-0.3184
floodway,2023-11-07,S2,NDTI,NW_TREES,21.0,-0.0346,0.0349,0.0923
floodway,2023-11-07,S2,NDVI,HIGH_REEDS,5.96,0.3095,0.3526,0.4291
floodway,2023-11-07,S2,NDWI,HIGH_REEDS,5.96,-0.5398,-0.4967,-0.4595
floodway,2023-11-07,S2,MNDWI,HIGH_REEDS,5.96,-0.7183,-0.6679,-0.6131
floodway,2023-11-07,S2,NDMI,HIGH_REEDS,5.96,-0.358,-0.2708,-0.1296
floodway,2023-11-07,S2,BSI,HIGH_REEDS,5.96,0.1675,0.2665,0.334
floodway,2023-11-07,S2,AWEIsh,HIGH_REEDS,5.96,-0.468,-0.412,-0.3424
floodway,2023-11-07,S2,NDTI,HIGH_REEDS,5.96,0.1116,0.1608,0.1944
floodway,2023-11-07,S2,NDVI,OPEN_WATER,19.04,-0.7035,-0.6407,-0.4946
floodway,2023-11-07,S2,NDWI,OPEN_WATER,19.04,0.5223,0.6375,0.7067
floodway,2023-11-07,S2,MNDWI,OPEN_WATER,19.04,0.5341,0.7926,0.87
floodway,2023-11-07,S2,NDMI,OPEN_WATER,19.04,-0.0065,0.25,0.4545
floodway,2023-11-07,S2,BSI,OPEN_WATER,19.04,0.0815,0.1268,0.1719
floodway,2023-11-07,S2,AWEIsh,OPEN_WATER,19.04,0.0436,0.0675,0.073
floodway,2023-11-07,S2,NDTI,OPEN_WATER,19.04,-0.033,0.0038,0.034
floodway,2023-11-07,S2,NDVI,EVENT_REEDS,2.09,0.3766,0.4783,0.593
floodway,2023-11-07,S2,NDWI,EVENT_REEDS,2.09,-0.606,-0.5555,-0.5136
floodway,2023-11-07,S2,MNDWI,EVENT_REEDS,2.09,-0.6413,-0.6063,-0.5601
floodway,2023-11-07,S2,NDMI,EVENT_REEDS,2.09,-0.1611,-0.0891,0.0262
floodway,2023-11-07,S2,BSI,EVENT_REEDS,2.09,0.0199,0.1228,0.1928
floodway,2023-11-07,S2,AWEIsh,EVENT_REEDS,2.09,-0.5001,-0.4389,-0.3849
floodway,2023-11-07,S2,NDTI,EVENT_REEDS,2.09,0.0073,0.0795,0.1543
floodway,2023-11-07,S2,NDVI,DRY_LAND,813.19,0.2178,0.2635,0.3324
floodway,2023-11-07,S2,NDWI,DRY_LAND,813.19,-0.4587,-0.4072,-0.369
floodway,2023-11-07,S2,MNDWI,DRY_LAND,813.19,-0.6635,-0.6262,-0.582
floodway,2023-11-07,S2,NDMI,DRY_LAND,813.19,-0.343,-0.2884,-0.2091
floodway,2023-11-07,S2,BSI,DRY_LAND,813.19,0.2226,0.2837,0.325
floodway,2023-11-07,S2,AWEIsh,DRY_LAND,813.19,-0.5318,-0.4786,-0.4326
floodway,2023-11-07,S2,NDTI,DRY_LAND,813.19,0.1232,0.1545,0.1773
floodway,2023-11-10,S2,NDVI,NW_REEDS,86.18,0.5004,0.5796,0.6402
floodway,2023-11-10,S2,NDWI,NW_REEDS,86.18,-0.6418,-0.6129,-0.5751
floodway,2023-11-10,S2,MNDWI,NW_REEDS,86.18,-0.6231,-0.5885,-0.5457
floodway,2023-11-10,S2,NDMI,NW_REEDS,86.18,-0.0455,0.0339,0.109
floodway,2023-11-10,S2,BSI,NW_REEDS,86.18,-0.048,0.0216,0.093
floodway,2023-11-10,S2,AWEIsh,NW_REEDS,86.18,-0.4813,-0.4228,-0.3526
floodway,2023-11-10,S2,NDTI,NW_REEDS,86.18,-0.018,0.0396,0.0983
floodway,2023-11-10,S2,NDVI,NW_TREES,31.86,0.4843,0.5644,0.6458
floodway,2023-11-10,S2,NDWI,NW_TREES,31.86,-0.644,-0.6028,-0.5582
floodway,2023-11-10,S2,MNDWI,NW_TREES,31.86,-0.6353,-0.5847,-0.5284
floodway,2023-11-10,S2,NDMI,NW_TREES,31.86,-0.0769,0.0117,0.1106
floodway,2023-11-10,S2,BSI,NW_TREES,31.86,-0.0531,0.0362,0.1113
floodway,2023-11-10,S2,AWEIsh,NW_TREES,31.86,-0.3696,-0.3258,-0.2813
floodway,2023-11-10,S2,NDTI,NW_TREES,31.86,-0.0152,0.0498,0.1053
floodway,2023-11-10,S2,NDVI,HIGH_REEDS,6.89,0.3183,0.3695,0.449
floodway,2023-11-10,S2,NDWI,HIGH_REEDS,6.89,-0.5628,-0.5152,-0.4737
floodway,2023-11-10,S2,MNDWI,HIGH_REEDS,6.89,-0.7167,-0.667,-0.6176
floodway,2023-11-10,S2,NDMI,HIGH_REEDS,6.89,-0.3389,-0.2349,-0.1096
floodway,2023-11-10,S2,BSI,HIGH_REEDS,6.89,0.1542,0.247,0.3264
floodway,2023-11-10,S2,AWEIsh,HIGH_REEDS,6.89,-0.4412,-0.3892,-0.3297
floodway,2023-11-10,S2,NDTI,HIGH_REEDS,6.89,0.1175,0.1672,0.204
floodway,2023-11-10,S2,NDVI,OPEN_WATER,40.82,-0.623,-0.5459,-0.2584
floodway,2023-11-10,S2,NDWI,OPEN_WATER,40.82,0.3033,0.538,0.6105
floodway,2023-11-10,S2,MNDWI,OPEN_WATER,40.82,0.3632,0.7368,0.8403
floodway,2023-11-10,S2,NDMI,OPEN_WATER,40.82,0.0745,0.3167,0.4857
floodway,2023-11-10,S2,BSI,OPEN_WATER,40.82,0.0579,0.1232,0.1737
floodway,2023-11-10,S2,AWEIsh,OPEN_WATER,40.82,0.0378,0.0669,0.0732
floodway,2023-11-10,S2,NDTI,OPEN_WATER,40.82,-0.0345,0.0112,0.0423
floodway,2023-11-10,S2,NDVI,EVENT_REEDS,9.63,0.4239,0.5296,0.6129
floodway,2023-11-10,S2,NDWI,EVENT_REEDS,9.63,-0.6251,-0.5811,-0.5189
floodway,2023-11-10,S2,MNDWI,EVENT_REEDS,9.63,-0.6212,-0.583,-0.5367
floodway,2023-11-10,S2,NDMI,EVENT_REEDS,9.63,-0.108,-0.0046,0.0852
floodway,2023-11-10,S2,BSI,EVENT_REEDS,9.63,-0.0247,0.0549,0.143
floodway,2023-11-10,S2,AWEIsh,EVENT_REEDS,9.63,-0.4691,-0.4073,-0.3469
floodway,2023-11-10,S2,NDTI,EVENT_REEDS,9.63,0.0017,0.0631,0.1218
floodway,2023-11-10,S2,NDVI,DRY_LAND,1553.97,0.229,0.2713,0.3459
floodway,2023-11-10,S2,NDWI,DRY_LAND,1553.97,-0.4739,-0.4262,-0.3911
floodway,2023-11-10,S2,MNDWI,DRY_LAND,1553.97,-0.6656,-0.6302,-0.5882
floodway,2023-11-10,S2,NDMI,DRY_LAND,1553.97,-0.3324,-0.2783,-0.1929
floodway,2023-11-10,S2,BSI,DRY_LAND,1553.97,0.2132,0.2809,0.3231
floodway,2023-11-10,S2,AWEIsh,DRY_LAND,1553.97,-0.474,-0.4217,-0.3616
floodway,2023-11-10,S2,NDTI,DRY_LAND,1553.97,0.1293,0.164,0.1899
floodway,2023-04-15,S1 orb87_ASC,S1_VV_dB,NW_REEDS,98.6,-7.944,-6.118,-4.475
floodway,2023-04-15,S1 orb87_ASC,S1_VH_dB,NW_REEDS,98.6,-17.058,-15.292,-13.848
floodway,2023-04-15,S1 orb87_ASC,S1_VV_minus_VH_dB,NW_REEDS,98.6,6.987,9.092,11.378
floodway,2023-04-15,S1 orb87_ASC,S1_VV_dB,NW_TREES,48.19,-8.2,-6.97,-5.801
floodway,2023-04-15,S1 orb87_ASC,S1_VH_dB,NW_TREES,48.19,-13.848,-12.633,-11.507
floodway,2023-04-15,S1 orb87_ASC,S1_VV_minus_VH_dB,NW_TREES,48.19,4.254,5.658,7.113
floodway,2023-04-15,S1 orb87_ASC,S1_VV_dB,HIGH_REEDS,7.9,-11.952,-10.312,-8.082
floodway,2023-04-15,S1 orb87_ASC,S1_VH_dB,HIGH_REEDS,7.9,-18.249,-16.769,-15.402
floodway,2023-04-15,S1 orb87_ASC,S1_VV_minus_VH_dB,HIGH_REEDS,7.9,4.602,6.353,8.747
floodway,2023-04-15,S1 orb87_ASC,S1_VV_dB,OPEN_WATER,69.2,-17.415,-15.714,-13.675
floodway,2023-04-15,S1 orb87_ASC,S1_VH_dB,OPEN_WATER,69.2,-25.338,-24.12,-22.367
floodway,2023-04-15,S1 orb87_ASC,S1_VV_minus_VH_dB,OPEN_WATER,69.2,6.403,8.189,9.915
floodway,2023-04-15,S1 orb87_ASC,S1_VV_dB,EVENT_REEDS,12.87,-10.853,-8.706,-6.496
floodway,2023-04-15,S1 orb87_ASC,S1_VH_dB,EVENT_REEDS,12.87,-17.668,-15.632,-14.006
floodway,2023-04-15,S1 orb87_ASC,S1_VV_minus_VH_dB,EVENT_REEDS,12.87,5.144,6.858,9.04
floodway,2023-04-15,S1 orb87_ASC,S1_VV_dB,DRY_LAND,2436.4,-14.169,-12.67,-11.205
floodway,2023-04-15,S1 orb87_ASC,S1_VH_dB,DRY_LAND,2436.4,-21.788,-19.769,-17.951
floodway,2023-04-15,S1 orb87_ASC,S1_VV_minus_VH_dB,DRY_LAND,2436.4,5.329,7.084,8.95
floodway,2023-04-19,S1 orb138_DES,S1_VV_dB,NW_REEDS,63.64,-9.382,-7.332,-5.145
floodway,2023-04-19,S1 orb138_DES,S1_VH_dB,NW_REEDS,63.64,-18.047,-16.42,-14.899
floodway,2023-04-19,S1 orb138_DES,S1_VV_minus_VH_dB,NW_REEDS,63.64,6.569,8.899,11.637
floodway,2023-04-19,S1 orb138_DES,S1_VV_dB,NW_TREES,15.58,-8.824,-7.46,-6.186
floodway,2023-04-19,S1 orb138_DES,S1_VH_dB,NW_TREES,15.58,-14.201,-12.787,-11.522
floodway,2023-04-19,S1 orb138_DES,S1_VV_minus_VH_dB,NW_TREES,15.58,3.791,5.28,6.832
floodway,2023-04-19,S1 orb138_DES,S1_VV_dB,HIGH_REEDS,1.49,-13.292,-11.622,-9.927
floodway,2023-04-19,S1 orb138_DES,S1_VH_dB,HIGH_REEDS,1.49,-18.173,-16.737,-15.223
floodway,2023-04-19,S1 orb138_DES,S1_VV_minus_VH_dB,HIGH_REEDS,1.49,3.49,4.955,6.655
floodway,2023-04-19,S1 orb138_DES,S1_VV_dB,OPEN_WATER,25.17,-18.279,-16.515,-14.55
floodway,2023-04-19,S1 orb138_DES,S1_VH_dB,OPEN_WATER,25.17,-22.377,-21.375,-20.314
floodway,2023-04-19,S1 orb138_DES,S1_VV_minus_VH_dB,OPEN_WATER,25.17,3.117,4.949,6.893
floodway,2023-04-19,S1 orb138_DES,S1_VV_dB,EVENT_REEDS,8.21,-11.795,-9.505,-7.098
floodway,2023-04-19,S1 orb138_DES,S1_VH_dB,EVENT_REEDS,8.21,-17.629,-15.92,-14.265
floodway,2023-04-19,S1 orb138_DES,S1_VV_minus_VH_dB,EVENT_REEDS,8.21,4.581,6.276,8.286
floodway,2023-04-19,S1 orb138_DES,S1_VV_dB,DRY_LAND,899.44,-13.44,-11.98,-10.56
floodway,2023-04-19,S1 orb138_DES,S1_VH_dB,DRY_LAND,899.44,-20.087,-18.678,-17.217
floodway,2023-04-19,S1 orb138_DES,S1_VV_minus_VH_dB,DRY_LAND,899.44,4.735,6.539,8.439
floodway,2023-04-22,S1 orb14_ASC,S1_VV_dB,NW_REEDS,98.6,-9.104,-6.763,-4.286
floodway,2023-04-22,S1 orb14_ASC,S1_VH_dB,NW_REEDS,98.6,-18.067,-16.329,-14.74
floodway,2023-04-22,S1 orb14_ASC,S1_VV_minus_VH_dB,NW_REEDS,98.6,6.687,9.374,12.439
floodway,2023-04-22,S1 orb14_ASC,S1_VV_dB,NW_TREES,48.19,-8.609,-7.27,-5.993
floodway,2023-04-22,S1 orb14_ASC,S1_VH_dB,NW_TREES,48.19,-14.186,-12.866,-11.65
floodway,2023-04-22,S1 orb14_ASC,S1_VV_minus_VH_dB,NW_TREES,48.19,4.042,5.563,7.14
floodway,2023-04-22,S1 orb14_ASC,S1_VV_dB,HIGH_REEDS,7.9,-11.621,-10.005,-7.685
floodway,2023-04-22,S1 orb14_ASC,S1_VH_dB,HIGH_REEDS,7.9,-16.972,-15.694,-14.477
floodway,2023-04-22,S1 orb14_ASC,S1_VV_minus_VH_dB,HIGH_REEDS,7.9,3.848,5.681,8.287
floodway,2023-04-22,S1 orb14_ASC,S1_VV_dB,OPEN_WATER,69.2,-20.699,-19.158,-16.146
floodway,2023-04-22,S1 orb14_ASC,S1_VH_dB,OPEN_WATER,69.2,-22.938,-21.823,-20.414
floodway,2023-04-22,S1 orb14_ASC,S1_VV_minus_VH_dB,OPEN_WATER,69.2,1.368,3.131,5.338
floodway,2023-04-22,S1 orb14_ASC,S1_VV_dB,EVENT_REEDS,12.87,-10.691,-8.644,-6.293
floodway,2023-04-22,S1 orb14_ASC,S1_VH_dB,EVENT_REEDS,12.87,-16.834,-15.282,-13.84
floodway,2023-04-22,S1 orb14_ASC,S1_VV_minus_VH_dB,EVENT_REEDS,12.87,4.62,6.532,9.006
floodway,2023-04-22,S1 orb14_ASC,S1_VV_dB,DRY_LAND,2436.4,-11.949,-10.157,-8.318
floodway,2023-04-22,S1 orb14_ASC,S1_VH_dB,DRY_LAND,2436.4,-18.52,-16.892,-15.376
floodway,2023-04-22,S1 orb14_ASC,S1_VV_minus_VH_dB,DRY_LAND,2436.4,4.924,6.787,8.775
floodway,2023-04-26,S1 orb65_DES,S1_VV_dB,NW_REEDS,98.6,-7.256,-4.667,-2.04
floodway,2023-04-26,S1 orb65_DES,S1_VH_dB,NW_REEDS,98.6,-18.901,-17.156,-15.466
floodway,2023-04-26,S1 orb65_DES,S1_VV_minus_VH_dB,NW_REEDS,98.6,9.394,12.433,15.333
floodway,2023-04-26,S1 orb65_DES,S1_VV_dB,NW_TREES,48.19,-8.576,-7.233,-5.924
floodway,2023-04-26,S1 orb65_DES,S1_VH_dB,NW_TREES,48.19,-14.556,-13.205,-11.998
floodway,2023-04-26,S1 orb65_DES,S1_VV_minus_VH_dB,NW_TREES,48.19,4.479,5.958,7.546
floodway,2023-04-26,S1 orb65_DES,S1_VV_dB,HIGH_REEDS,7.9,-12.535,-10.66,-7.403
floodway,2023-04-26,S1 orb65_DES,S1_VH_dB,HIGH_REEDS,7.9,-18.08,-16.727,-15.47
floodway,2023-04-26,S1 orb65_DES,S1_VV_minus_VH_dB,HIGH_REEDS,7.9,4.335,6.155,9.377
floodway,2023-04-26,S1 orb65_DES,S1_VV_dB,OPEN_WATER,69.2,-20.813,-19.374,-16.662
floodway,2023-04-26,S1 orb65_DES,S1_VH_dB,OPEN_WATER,69.2,-24.334,-23.165,-21.682
floodway,2023-04-26,S1 orb65_DES,S1_VV_minus_VH_dB,OPEN_WATER,69.2,2.592,4.244,6.217
floodway,2023-04-26,S1 orb65_DES,S1_VV_dB,EVENT_REEDS,12.87,-11.091,-8.182,-4.734
floodway,2023-04-26,S1 orb65_DES,S1_VH_dB,EVENT_REEDS,12.87,-17.685,-16.122,-14.608
floodway,2023-04-26,S1 orb65_DES,S1_VV_minus_VH_dB,EVENT_REEDS,12.87,5.297,7.645,11.252
floodway,2023-04-26,S1 orb65_DES,S1_VV_dB,DRY_LAND,2436.4,-13.969,-12.464,-11.002
floodway,2023-04-26,S1 orb65_DES,S1_VH_dB,DRY_LAND,2436.4,-20.108,-18.457,-16.849
floodway,2023-04-26,S1 orb65_DES,S1_VV_minus_VH_dB,DRY_LAND,2436.4,4.312,5.927,7.605
floodway,2023-04-27,S1 orb87_ASC,S1_VV_dB,NW_REEDS,98.6,-6.635,-4.141,-1.727
floodway,2023-04-27,S1 orb87_ASC,S1_VH_dB,NW_REEDS,98.6,-18.245,-16.457,-14.907
floodway,2023-04-27,S1 orb87_ASC,S1_VV_minus_VH_dB,NW_REEDS,98.6,9.454,12.371,15.105
floodway,2023-04-27,S1 orb87_ASC,S1_VV_dB,NW_TREES,48.19,-8.366,-7.108,-5.811
floodway,2023-04-27,S1 orb87_ASC,S1_VH_dB,NW_TREES,48.19,-14.507,-13.296,-12.177
floodway,2023-04-27,S1 orb87_ASC,S1_VV_minus_VH_dB,NW_TREES,48.19,4.741,6.19,7.781
floodway,2023-04-27,S1 orb87_ASC,S1_VV_dB,HIGH_REEDS,7.9,-11.789,-9.997,-7.149
floodway,2023-04-27,S1 orb87_ASC,S1_VH_dB,HIGH_REEDS,7.9,-17.779,-16.464,-15.234
floodway,2023-04-27,S1 orb87_ASC,S1_VV_minus_VH_dB,HIGH_REEDS,7.9,4.725,6.498,9.538
floodway,2023-04-27,S1 orb87_ASC,S1_VV_dB,OPEN_WATER,69.2,-19.441,-18.138,-16.128
floodway,2023-04-27,S1 orb87_ASC,S1_VH_dB,OPEN_WATER,69.2,-25.717,-24.54,-22.861
floodway,2023-04-27,S1 orb87_ASC,S1_VV_minus_VH_dB,OPEN_WATER,69.2,4.976,6.61,8.277
floodway,2023-04-27,S1 orb87_ASC,S1_VV_dB,EVENT_REEDS,12.87,-10.784,-8.09,-4.985
floodway,2023-04-27,S1 orb87_ASC,S1_VH_dB,EVENT_REEDS,12.87,-17.61,-15.947,-14.464
floodway,2023-04-27,S1 orb87_ASC,S1_VV_minus_VH_dB,EVENT_REEDS,12.87,5.584,7.732,10.825
floodway,2023-04-27,S1 orb87_ASC,S1_VV_dB,DRY_LAND,2436.4,-13.765,-12.149,-10.545
floodway,2023-04-27,S1 orb87_ASC,S1_VH_dB,DRY_LAND,2436.4,-20.485,-18.684,-17.003
floodway,2023-04-27,S1 orb87_ASC,S1_VV_minus_VH_dB,DRY_LAND,2436.4,4.766,6.491,8.337
floodway,2023-05-01,S1 orb138_DES,S1_VV_dB,NW_REEDS,63.65,-7.675,-5.147,-2.386
floodway,2023-05-01,S1 orb138_DES,S1_VH_dB,NW_REEDS,63.65,-16.636,-15.126,-13.786
floodway,2023-05-01,S1 orb138_DES,S1_VV_minus_VH_dB,NW_REEDS,63.65,7.197,10.07,13.067
floodway,2023-05-01,S1 orb138_DES,S1_VV_dB,NW_TREES,15.59,-8.368,-7.038,-5.741
floodway,2023-05-01,S1 orb138_DES,S1_VH_dB,NW_TREES,15.59,-14.018,-12.718,-11.519
floodway,2023-05-01,S1 orb138_DES,S1_VV_minus_VH_dB,NW_TREES,15.59,4.149,5.637,7.24
floodway,2023-05-01,S1 orb138_DES,S1_VV_dB,HIGH_REEDS,1.49,-10.979,-9.622,-8.163
floodway,2023-05-01,S1 orb138_DES,S1_VH_dB,HIGH_REEDS,1.49,-15.923,-14.742,-13.576
floodway,2023-05-01,S1 orb138_DES,S1_VV_minus_VH_dB,HIGH_REEDS,1.49,3.568,5.095,6.825
floodway,2023-05-01,S1 orb138_DES,S1_VV_dB,OPEN_WATER,25.17,-16.786,-15.168,-13.568
floodway,2023-05-01,S1 orb138_DES,S1_VH_dB,OPEN_WATER,25.17,-22.245,-21.251,-20.165
floodway,2023-05-01,S1 orb138_DES,S1_VV_minus_VH_dB,OPEN_WATER,25.17,4.338,6.119,7.856
floodway,2023-05-01,S1 orb138_DES,S1_VV_dB,EVENT_REEDS,8.21,-10.32,-8.208,-5.71
floodway,2023-05-01,S1 orb138_DES,S1_VH_dB,EVENT_REEDS,8.21,-16.008,-14.582,-13.248
floodway,2023-05-01,S1 orb138_DES,S1_VV_minus_VH_dB,EVENT_REEDS,8.21,4.462,6.307,8.753
floodway,2023-05-01,S1 orb138_DES,S1_VV_dB,DRY_LAND,899.84,-10.765,-8.898,-6.804
floodway,2023-05-01,S1 orb138_DES,S1_VH_dB,DRY_LAND,899.84,-16.804,-15.402,-14.057
floodway,2023-05-01,S1 orb138_DES,S1_VV_minus_VH_dB,DRY_LAND,899.84,4.654,6.59,8.679
floodway,2023-05-04,S1 orb14_ASC,S1_VV_dB,NW_REEDS,98.6,-5.588,-2.644,-0.249
floodway,2023-05-04,S1 orb14_ASC,S1_VH_dB,NW_REEDS,98.6,-17.326,-15.607,-14.118
floodway,2023-05-04,S1 orb14_ASC,S1_VV_minus_VH_dB,NW_REEDS,98.6,9.845,12.872,15.376
floodway,2023-05-04,S1 orb14_ASC,S1_VV_dB,NW_TREES,48.19,-8.036,-6.763,-5.44
floodway,2023-05-04,S1 orb14_ASC,S1_VH_dB,NW_TREES,48.19,-14.16,-12.981,-11.885
floodway,2023-05-04,S1 orb14_ASC,S1_VV_minus_VH_dB,NW_TREES,48.19,4.747,6.194,7.8
floodway,2023-05-04,S1 orb14_ASC,S1_VV_dB,HIGH_REEDS,7.9,-11.354,-9.326,-4.77
floodway,2023-05-04,S1 orb14_ASC,S1_VH_dB,HIGH_REEDS,7.9,-16.802,-15.48,-14.208
floodway,2023-05-04,S1 orb14_ASC,S1_VV_minus_VH_dB,HIGH_REEDS,7.9,4.496,6.5,10.506
floodway,2023-05-04,S1 orb14_ASC,S1_VV_dB,OPEN_WATER,69.2,-20.517,-18.939,-15.593
floodway,2023-05-04,S1 orb14_ASC,S1_VH_dB,OPEN_WATER,69.2,-22.801,-21.809,-20.541
floodway,2023-05-04,S1 orb14_ASC,S1_VV_minus_VH_dB,OPEN_WATER,69.2,1.589,3.293,5.649
floodway,2023-05-04,S1 orb14_ASC,S1_VV_dB,EVENT_REEDS,12.87,-10.008,-6.855,-3.353
floodway,2023-05-04,S1 orb14_ASC,S1_VH_dB,EVENT_REEDS,12.87,-16.572,-14.981,-13.564
floodway,2023-05-04,S1 orb14_ASC,S1_VV_minus_VH_dB,EVENT_REEDS,12.87,5.527,7.959,11.26
floodway,2023-05-04,S1 orb14_ASC,S1_VV_dB,DRY_LAND,2436.4,-13.414,-11.943,-10.517
floodway,2023-05-04,S1 orb14_ASC,S1_VH_dB,DRY_LAND,2436.4,-19.3,-17.781,-16.328
floodway,2023-05-04,S1 orb14_ASC,S1_VV_minus_VH_dB,DRY_LAND,2436.4,4.16,5.747,7.433
floodway,2023-05-08,S1 orb65_DES,S1_VV_dB,NW_REEDS,98.6,-5.029,-2.408,-0.297
floodway,2023-05-08,S1 orb65_DES,S1_VH_dB,NW_REEDS,98.6,-16.612,-14.949,-13.578
floodway,2023-05-08,S1 orb65_DES,S1_VV_minus_VH_dB,NW_REEDS,98.6,9.867,12.461,14.73
floodway,2023-05-08,S1 orb65_DES,S1_VV_dB,NW_TREES,48.19,-8.321,-6.943,-5.514
floodway,2023-05-08,S1 orb65_DES,S1_VH_dB,NW_TREES,48.19,-14.557,-13.273,-12.096
floodway,2023-05-08,S1 orb65_DES,S1_VV_minus_VH_dB,NW_TREES,48.19,4.851,6.354,7.997
floodway,2023-05-08,S1 orb65_DES,S1_VV_dB,HIGH_REEDS,7.9,-12.158,-9.953,-5.344
floodway,2023-05-08,S1 orb65_DES,S1_VH_dB,HIGH_REEDS,7.9,-17.515,-16.005,-14.576
floodway,2023-05-08,S1 orb65_DES,S1_VV_minus_VH_dB,HIGH_REEDS,7.9,4.468,6.427,10.001
floodway,2023-05-08,S1 orb65_DES,S1_VV_dB,OPEN_WATER,69.2,-19.121,-17.668,-15.401
floodway,2023-05-08,S1 orb65_DES,S1_VH_dB,OPEN_WATER,69.2,-24.008,-22.83,-21.304
floodway,2023-05-08,S1 orb65_DES,S1_VV_minus_VH_dB,OPEN_WATER,69.2,3.804,5.432,7.207
floodway,2023-05-08,S1 orb65_DES,S1_VV_dB,EVENT_REEDS,12.87,-10.758,-7.465,-3.893
floodway,2023-05-08,S1 orb65_DES,S1_VH_dB,EVENT_REEDS,12.87,-16.81,-15.203,-13.747
floodway,2023-05-08,S1 orb65_DES,S1_VV_minus_VH_dB,EVENT_REEDS,12.87,5.184,7.607,10.651
floodway,2023-05-08,S1 orb65_DES,S1_VV_dB,DRY_LAND,2436.4,-14.461,-12.882,-11.375
floodway,2023-05-08,S1 orb65_DES,S1_VH_dB,DRY_LAND,2436.4,-19.793,-18.214,-16.661
floodway,2023-05-08,S1 orb65_DES,S1_VV_minus_VH_dB,DRY_LAND,2436.4,3.631,5.222,6.903
floodway,2023-05-09,S1 orb87_ASC,S1_VV_dB,NW_REEDS,98.6,-4.815,-2.24,-0.237
floodway,2023-05-09,S1 orb87_ASC,S1_VH_dB,NW_REEDS,98.6,-17.366,-15.7,-14.317
floodway,2023-05-09,S1 orb87_ASC,S1_VV_minus_VH_dB,NW_REEDS,98.6,10.763,13.396,15.661
floodway,2023-05-09,S1 orb87_ASC,S1_VV_dB,NW_TREES,48.19,-8.482,-7.163,-5.725
floodway,2023-05-09,S1 orb87_ASC,S1_VH_dB,NW_TREES,48.19,-15.059,-13.867,-12.74
floodway,2023-05-09,S1 orb87_ASC,S1_VV_minus_VH_dB,NW_TREES,48.19,5.23,6.721,8.381
floodway,2023-05-09,S1 orb87_ASC,S1_VV_dB,HIGH_REEDS,7.9,-12.132,-9.801,-5.77
floodway,2023-05-09,S1 orb87_ASC,S1_VH_dB,HIGH_REEDS,7.9,-17.973,-16.401,-14.989
floodway,2023-05-09,S1 orb87_ASC,S1_VV_minus_VH_dB,HIGH_REEDS,7.9,4.856,6.844,10.239
floodway,2023-05-09,S1 orb87_ASC,S1_VV_dB,OPEN_WATER,69.2,-21.164,-19.712,-16.943
floodway,2023-05-09,S1 orb87_ASC,S1_VH_dB,OPEN_WATER,69.2,-25.876,-24.685,-22.978
floodway,2023-05-09,S1 orb87_ASC,S1_VV_minus_VH_dB,OPEN_WATER,69.2,3.639,5.385,7.265
floodway,2023-05-09,S1 orb87_ASC,S1_VV_dB,EVENT_REEDS,12.87,-10.869,-7.746,-4.137
floodway,2023-05-09,S1 orb87_ASC,S1_VH_dB,EVENT_REEDS,12.87,-17.571,-15.89,-14.438
floodway,2023-05-09,S1 orb87_ASC,S1_VV_minus_VH_dB,EVENT_REEDS,12.87,5.774,8.079,11.211
floodway,2023-05-09,S1 orb87_ASC,S1_VV_dB,DRY_LAND,2436.4,-14.78,-13.068,-11.455
floodway,2023-05-09,S1 orb87_ASC,S1_VH_dB,DRY_LAND,2436.4,-20.74,-19.07,-17.419
floodway,2023-05-09,S1 orb87_ASC,S1_VV_minus_VH_dB,DRY_LAND,2436.4,4.246,5.828,7.539
floodway,2023-05-13,S1 orb138_DES,S1_VV_dB,NW_REEDS,63.79,-5.228,-2.943,-1.023
floodway,2023-05-13,S1 orb138_DES,S1_VH_dB,NW_REEDS,63.79,-15.595,-14.23,-13.019
floodway,2023-05-13,S1 orb138_DES,S1_VV_minus_VH_dB,NW_REEDS,63.79,8.922,11.16,13.202
floodway,2023-05-13,S1 orb138_DES,S1_VV_dB,NW_TREES,15.71,-8.261,-6.838,-5.385
floodway,2023-05-13,S1 orb138_DES,S1_VH_dB,NW_TREES,15.71,-14.596,-13.344,-12.158
floodway,2023-05-13,S1 orb138_DES,S1_VV_minus_VH_dB,NW_TREES,15.71,4.944,6.499,8.151
floodway,2023-05-13,S1 orb138_DES,S1_VV_dB,HIGH_REEDS,1.5,-12.726,-10.686,-7.986
floodway,2023-05-13,S1 orb138_DES,S1_VH_dB,HIGH_REEDS,1.5,-18.031,-16.46,-14.945
floodway,2023-05-13,S1 orb138_DES,S1_VV_minus_VH_dB,HIGH_REEDS,1.5,4.201,5.947,7.899
floodway,2023-05-13,S1 orb138_DES,S1_VV_dB,OPEN_WATER,25.26,-20.062,-18.775,-16.766
floodway,2023-05-13,S1 orb138_DES,S1_VH_dB,OPEN_WATER,25.26,-22.295,-21.302,-20.223
floodway,2023-05-13,S1 orb138_DES,S1_VV_minus_VH_dB,OPEN_WATER,25.26,1.322,2.915,4.897
floodway,2023-05-13,S1 orb138_DES,S1_VV_dB,EVENT_REEDS,8.22,-11.15,-7.561,-4.191
floodway,2023-05-13,S1 orb138_DES,S1_VH_dB,EVENT_REEDS,8.22,-16.813,-15.12,-13.568
floodway,2023-05-13,S1 orb138_DES,S1_VV_minus_VH_dB,EVENT_REEDS,8.22,5.076,7.287,10.0
floodway,2023-05-13,S1 orb138_DES,S1_VV_dB,DRY_LAND,903.68,-14.044,-12.486,-10.997
floodway,2023-05-13,S1 orb138_DES,S1_VH_dB,DRY_LAND,903.68,-19.439,-18.083,-16.697
floodway,2023-05-13,S1 orb138_DES,S1_VV_minus_VH_dB,DRY_LAND,903.68,3.718,5.432,7.244
floodway,2023-05-16,S1 orb14_ASC,S1_VV_dB,NW_REEDS,98.6,-4.24,-1.73,0.174
floodway,2023-05-16,S1 orb14_ASC,S1_VH_dB,NW_REEDS,98.6,-15.511,-13.981,-12.705
floodway,2023-05-16,S1 orb14_ASC,S1_VV_minus_VH_dB,NW_REEDS,98.6,9.715,12.093,14.202
floodway,2023-05-16,S1 orb14_ASC,S1_VV_dB,NW_TREES,48.19,-7.586,-6.239,-4.772
floodway,2023-05-16,S1 orb14_ASC,S1_VH_dB,NW_TREES,48.19,-14.198,-13.003,-11.863
floodway,2023-05-16,S1 orb14_ASC,S1_VV_minus_VH_dB,NW_TREES,48.19,5.225,6.782,8.511
floodway,2023-05-16,S1 orb14_ASC,S1_VV_dB,HIGH_REEDS,7.9,-11.602,-9.301,-5.217
floodway,2023-05-16,S1 orb14_ASC,S1_VH_dB,HIGH_REEDS,7.9,-16.78,-15.212,-13.687
floodway,2023-05-16,S1 orb14_ASC,S1_VV_minus_VH_dB,HIGH_REEDS,7.9,4.359,6.291,9.2
floodway,2023-05-16,S1 orb14_ASC,S1_VV_dB,OPEN_WATER,69.2,-20.582,-19.296,-16.298
floodway,2023-05-16,S1 orb14_ASC,S1_VH_dB,OPEN_WATER,69.2,-22.647,-21.601,-20.229
floodway,2023-05-16,S1 orb14_ASC,S1_VV_minus_VH_dB,OPEN_WATER,69.2,1.305,2.856,4.919
floodway,2023-05-16,S1 orb14_ASC,S1_VV_dB,EVENT_REEDS,12.87,-10.393,-7.355,-3.698
floodway,2023-05-16,S1 orb14_ASC,S1_VH_dB,EVENT_REEDS,12.87,-16.235,-14.613,-13.137
floodway,2023-05-16,S1 orb14_ASC,S1_VV_minus_VH_dB,EVENT_REEDS,12.87,5.066,7.308,10.157
floodway,2023-05-16,S1 orb14_ASC,S1_VV_dB,DRY_LAND,2436.4,-13.963,-12.348,-10.729
floodway,2023-05-16,S1 orb14_ASC,S1_VH_dB,DRY_LAND,2436.4,-19.29,-17.822,-16.277
floodway,2023-05-16,S1 orb14_ASC,S1_VV_minus_VH_dB,DRY_LAND,2436.4,3.705,5.285,6.983
floodway,2023-05-20,S1 orb65_DES,S1_VV_dB,NW_REEDS,98.6,-5.795,-3.401,-1.498
floodway,2023-05-20,S1 orb65_DES,S1_VH_dB,NW_REEDS,98.6,-15.89,-14.467,-13.253
floodway,2023-05-20,S1 orb65_DES,S1_VV_minus_VH_dB,NW_REEDS,98.6,8.628,10.955,13.07
floodway,2023-05-20,S1 orb65_DES,S1_VV_dB,NW_TREES,48.19,-7.853,-6.541,-5.178
floodway,2023-05-20,S1 orb65_DES,S1_VH_dB,NW_TREES,48.19,-14.581,-13.321,-12.13
floodway,2023-05-20,S1 orb65_DES,S1_VV_minus_VH_dB,NW_TREES,48.19,5.293,6.789,8.402
floodway,2023-05-20,S1 orb65_DES,S1_VV_dB,HIGH_REEDS,7.9,-11.202,-9.156,-6.895
floodway,2023-05-20,S1 orb65_DES,S1_VH_dB,HIGH_REEDS,7.9,-16.914,-15.45,-14.149
floodway,2023-05-20,S1 orb65_DES,S1_VV_minus_VH_dB,HIGH_REEDS,7.9,4.629,6.294,8.437
floodway,2023-05-20,S1 orb65_DES,S1_VV_dB,OPEN_WATER,69.2,-20.113,-18.663,-16.043
floodway,2023-05-20,S1 orb65_DES,S1_VH_dB,OPEN_WATER,69.2,-23.99,-22.819,-21.199
floodway,2023-05-20,S1 orb65_DES,S1_VV_minus_VH_dB,OPEN_WATER,69.2,2.984,4.594,6.424
floodway,2023-05-20,S1 orb65_DES,S1_VV_dB,EVENT_REEDS,12.87,-10.88,-8.43,-5.578
floodway,2023-05-20,S1 orb65_DES,S1_VH_dB,EVENT_REEDS,12.87,-16.754,-15.278,-13.92
floodway,2023-05-20,S1 orb65_DES,S1_VV_minus_VH_dB,EVENT_REEDS,12.87,4.999,6.883,9.184
floodway,2023-05-20,S1 orb65_DES,S1_VV_dB,DRY_LAND,2436.4,-13.355,-11.724,-10.103
floodway,2023-05-20,S1 orb65_DES,S1_VH_dB,DRY_LAND,2436.4,-19.365,-17.609,-15.815
floodway,2023-05-20,S1 orb65_DES,S1_VV_minus_VH_dB,DRY_LAND,2436.4,4.204,5.748,7.387
floodway,2023-05-21,S1 orb87_ASC,S1_VV_dB,NW_REEDS,98.6,-6.476,-3.941,-1.9
floodway,2023-05-21,S1 orb87_ASC,S1_VH_dB,NW_REEDS,98.6,-16.169,-14.661,-13.364
floodway,2023-05-21,S1 orb87_ASC,S1_VV_minus_VH_dB,NW_REEDS,98.6,8.224,10.615,12.858
floodway,2023-05-21,S1 orb87_ASC,S1_VV_dB,NW_TREES,48.19,-7.97,-6.6,-5.167
floodway,2023-05-21,S1 orb87_ASC,S1_VH_dB,NW_TREES,48.19,-14.729,-13.473,-12.267
floodway,2023-05-21,S1 orb87_ASC,S1_VV_minus_VH_dB,NW_TREES,48.19,5.31,6.883,8.568
floodway,2023-05-21,S1 orb87_ASC,S1_VV_dB,HIGH_REEDS,7.9,-11.872,-9.688,-7.018
floodway,2023-05-21,S1 orb87_ASC,S1_VH_dB,HIGH_REEDS,7.9,-17.666,-15.999,-14.478
floodway,2023-05-21,S1 orb87_ASC,S1_VV_minus_VH_dB,HIGH_REEDS,7.9,4.701,6.489,8.697
floodway,2023-05-21,S1 orb87_ASC,S1_VV_dB,OPEN_WATER,69.2,-21.121,-19.625,-16.884
floodway,2023-05-21,S1 orb87_ASC,S1_VH_dB,OPEN_WATER,69.2,-25.6,-24.321,-22.567
floodway,2023-05-21,S1 orb87_ASC,S1_VV_minus_VH_dB,OPEN_WATER,69.2,3.407,5.094,6.991
floodway,2023-05-21,S1 orb87_ASC,S1_VV_dB,EVENT_REEDS,12.87,-11.349,-8.837,-6.02
floodway,2023-05-21,S1 orb87_ASC,S1_VH_dB,EVENT_REEDS,12.87,-17.442,-15.722,-14.197
floodway,2023-05-21,S1 orb87_ASC,S1_VV_minus_VH_dB,EVENT_REEDS,12.87,5.087,6.954,9.23
floodway,2023-05-21,S1 orb87_ASC,S1_VV_dB,DRY_LAND,2436.4,-14.333,-12.595,-10.851
floodway,2023-05-21,S1 orb87_ASC,S1_VH_dB,DRY_LAND,2436.4,-20.701,-18.782,-16.834
floodway,2023-05-21,S1 orb87_ASC,S1_VV_minus_VH_dB,DRY_LAND,2436.4,4.358,6.017,7.795
floodway,2023-05-25,S1 orb138_DES,S1_VV_dB,NW_REEDS,63.8,-6.582,-4.575,-2.816
floodway,2023-05-25,S1 orb138_DES,S1_VH_dB,NW_REEDS,63.8,-15.436,-14.089,-12.862
floodway,2023-05-25,S1 orb138_DES,S1_VV_minus_VH_dB,NW_REEDS,63.8,7.28,9.358,11.37
floodway,2023-05-25,S1 orb138_DES,S1_VV_dB,NW_TREES,15.74,-7.796,-6.415,-5.066
floodway,2023-05-25,S1 orb138_DES,S1_VH_dB,NW_TREES,15.74,-14.046,-12.771,-11.563
floodway,2023-05-25,S1 orb138_DES,S1_VV_minus_VH_dB,NW_TREES,15.74,4.816,6.366,7.939
floodway,2023-05-25,S1 orb138_DES,S1_VV_dB,HIGH_REEDS,1.5,-12.42,-10.28,-8.072
floodway,2023-05-25,S1 orb138_DES,S1_VH_dB,HIGH_REEDS,1.5,-17.46,-15.858,-14.317
floodway,2023-05-25,S1 orb138_DES,S1_VV_minus_VH_dB,HIGH_REEDS,1.5,4.039,5.667,7.319
floodway,2023-05-25,S1 orb138_DES,S1_VV_dB,OPEN_WATER,25.27,-19.752,-18.237,-15.801
floodway,2023-05-25,S1 orb138_DES,S1_VH_dB,OPEN_WATER,25.27,-22.253,-21.203,-20.005
floodway,2023-05-25,S1 orb138_DES,S1_VV_minus_VH_dB,OPEN_WATER,25.27,1.587,3.35,5.476
floodway,2023-05-25,S1 orb138_DES,S1_VV_dB,EVENT_REEDS,8.22,-10.25,-7.721,-5.212
floodway,2023-05-25,S1 orb138_DES,S1_VH_dB,EVENT_REEDS,8.22,-16.083,-14.596,-13.188
floodway,2023-05-25,S1 orb138_DES,S1_VV_minus_VH_dB,EVENT_REEDS,8.22,4.886,6.773,8.861
floodway,2023-05-25,S1 orb138_DES,S1_VV_dB,DRY_LAND,904.47,-12.092,-10.225,-8.332
floodway,2023-05-25,S1 orb138_DES,S1_VH_dB,DRY_LAND,904.47,-17.999,-16.196,-14.423
floodway,2023-05-25,S1 orb138_DES,S1_VV_minus_VH_dB,DRY_LAND,904.47,4.013,5.832,7.817
floodway,2023-05-28,S1 orb14_ASC,S1_VV_dB,NW_REEDS,98.6,-6.147,-3.899,-2.056
floodway,2023-05-28,S1 orb14_ASC,S1_VH_dB,NW_REEDS,98.6,-15.364,-13.989,-12.766
floodway,2023-05-28,S1 orb14_ASC,S1_VV_minus_VH_dB,NW_REEDS,98.6,7.824,9.933,11.944
floodway,2023-05-28,S1 orb14_ASC,S1_VV_dB,NW_TREES,48.19,-7.914,-6.563,-5.186
floodway,2023-05-28,S1 orb14_ASC,S1_VH_dB,NW_TREES,48.19,-14.314,-13.104,-11.938
floodway,2023-05-28,S1 orb14_ASC,S1_VV_minus_VH_dB,NW_TREES,48.19,4.982,6.535,8.196
floodway,2023-05-28,S1 orb14_ASC,S1_VV_dB,HIGH_REEDS,7.9,-10.713,-8.933,-6.909
floodway,2023-05-28,S1 orb14_ASC,S1_VH_dB,HIGH_REEDS,7.9,-16.272,-14.98,-13.72
floodway,2023-05-28,S1 orb14_ASC,S1_VV_minus_VH_dB,HIGH_REEDS,7.9,4.375,6.116,8.169
floodway,2023-05-28,S1 orb14_ASC,S1_VV_dB,OPEN_WATER,69.2,-19.26,-16.96,-14.062
floodway,2023-05-28,S1 orb14_ASC,S1_VH_dB,OPEN_WATER,69.2,-22.673,-21.569,-20.158
floodway,2023-05-28,S1 orb14_ASC,S1_VV_minus_VH_dB,OPEN_WATER,69.2,2.577,4.702,6.94
floodway,2023-05-28,S1 orb14_ASC,S1_VV_dB,EVENT_REEDS,12.87,-10.095,-7.898,-5.319
floodway,2023-05-28,S1 orb14_ASC,S1_VH_dB,EVENT_REEDS,12.87,-16.076,-14.651,-13.348
floodway,2023-05-28,S1 orb14_ASC,S1_VV_minus_VH_dB,EVENT_REEDS,12.87,4.936,6.876,9.085
floodway,2023-05-28,S1 orb14_ASC,S1_VV_dB,DRY_LAND,2436.4,-11.91,-10.14,-8.344
floodway,2023-05-28,S1 orb14_ASC,S1_VH_dB,DRY_LAND,2436.4,-18.047,-16.201,-14.528
floodway,2023-05-28,S1 orb14_ASC,S1_VV_minus_VH_dB,DRY_LAND,2436.4,4.252,6.011,7.935
floodway,2023-06-01,S1 orb65_DES,S1_VV_dB,NW_REEDS,98.6,-7.298,-4.989,-3.061
floodway,2023-06-01,S1 orb65_DES,S1_VH_dB,NW_REEDS,98.6,-15.487,-14.189,-13.028
floodway,2023-06-01,S1 orb65_DES,S1_VV_minus_VH_dB,NW_REEDS,98.6,6.963,9.048,11.105
floodway,2023-06-01,S1 orb65_DES,S1_VV_dB,NW_TREES,48.19,-8.118,-6.837,-5.484
floodway,2023-06-01,S1 orb65_DES,S1_VH_dB,NW_TREES,48.19,-14.631,-13.379,-12.193
floodway,2023-06-01,S1 orb65_DES,S1_VV_minus_VH_dB,NW_TREES,48.19,5.09,6.559,8.117
floodway,2023-06-01,S1 orb65_DES,S1_VV_dB,HIGH_REEDS,7.9,-10.991,-9.15,-7.196
floodway,2023-06-01,S1 orb65_DES,S1_VH_dB,HIGH_REEDS,7.9,-16.792,-15.438,-14.229
floodway,2023-06-01,S1 orb65_DES,S1_VV_minus_VH_dB,HIGH_REEDS,7.9,4.7,6.287,8.228
floodway,2023-06-01,S1 orb65_DES,S1_VV_dB,OPEN_WATER,69.2,-20.131,-18.75,-15.874
floodway,2023-06-01,S1 orb65_DES,S1_VH_dB,OPEN_WATER,69.2,-23.947,-22.734,-20.969
floodway,2023-06-01,S1 orb65_DES,S1_VV_minus_VH_dB,OPEN_WATER,69.2,2.873,4.495,6.376
floodway,2023-06-01,S1 orb65_DES,S1_VV_dB,EVENT_REEDS,12.87,-10.613,-8.627,-6.459
floodway,2023-06-01,S1 orb65_DES,S1_VH_dB,EVENT_REEDS,12.87,-16.336,-14.967,-13.703
floodway,2023-06-01,S1 orb65_DES,S1_VV_minus_VH_dB,EVENT_REEDS,12.87,4.682,6.343,8.262
floodway,2023-06-01,S1 orb65_DES,S1_VV_dB,DRY_LAND,2436.4,-12.424,-10.714,-9.142
floodway,2023-06-01,S1 orb65_DES,S1_VH_dB,DRY_LAND,2436.4,-18.575,-16.352,-14.517
floodway,2023-06-01,S1 orb65_DES,S1_VV_minus_VH_dB,DRY_LAND,2436.4,4.076,5.623,7.284
floodway,2023-06-02,S1 orb87_ASC,S1_VV_dB,NW_REEDS,98.6,-6.666,-4.541,-2.714
floodway,2023-06-02,S1 orb87_ASC,S1_VH_dB,NW_REEDS,98.6,-15.587,-14.285,-13.128
floodway,2023-06-02,S1 orb87_ASC,S1_VV_minus_VH_dB,NW_REEDS,98.6,7.748,9.68,11.59
floodway,2023-06-02,S1 orb87_ASC,S1_VV_dB,NW_TREES,48.19,-7.854,-6.591,-5.235
floodway,2023-06-02,S1 orb87_ASC,S1_VH_dB,NW_TREES,48.19,-14.32,-13.17,-12.048
floodway,2023-06-02,S1 orb87_ASC,S1_VV_minus_VH_dB,NW_TREES,48.19,5.157,6.592,8.126
floodway,2023-06-02,S1 orb87_ASC,S1_VV_dB,HIGH_REEDS,7.9,-10.988,-8.981,-6.779
floodway,2023-06-02,S1 orb87_ASC,S1_VH_dB,HIGH_REEDS,7.9,-16.989,-15.541,-14.259
floodway,2023-06-02,S1 orb87_ASC,S1_VV_minus_VH_dB,HIGH_REEDS,7.9,4.987,6.649,8.574
floodway,2023-06-02,S1 orb87_ASC,S1_VV_dB,OPEN_WATER,69.2,-19.792,-18.148,-15.656
floodway,2023-06-02,S1 orb87_ASC,S1_VH_dB,OPEN_WATER,69.2,-25.231,-24.052,-22.249
floodway,2023-06-02,S1 orb87_ASC,S1_VV_minus_VH_dB,OPEN_WATER,69.2,4.353,6.112,7.842
floodway,2023-06-02,S1 orb87_ASC,S1_VV_dB,EVENT_REEDS,12.87,-10.478,-8.227,-5.835
floodway,2023-06-02,S1 orb87_ASC,S1_VH_dB,EVENT_REEDS,12.87,-16.678,-15.155,-13.788
floodway,2023-06-02,S1 orb87_ASC,S1_VV_minus_VH_dB,EVENT_REEDS,12.87,5.234,6.971,8.967
floodway,2023-06-02,S1 orb87_ASC,S1_VV_dB,DRY_LAND,2436.4,-13.129,-11.498,-9.927
floodway,2023-06-02,S1 orb87_ASC,S1_VH_dB,DRY_LAND,2436.4,-19.802,-17.678,-15.791
floodway,2023-06-02,S1 orb87_ASC,S1_VV_minus_VH_dB,DRY_LAND,2436.4,4.599,6.136,7.796
floodway,2023-06-06,S1 orb138_DES,S1_VV_dB,NW_REEDS,63.76,-10.701,-7.454,-5.214
floodway,2023-06-06,S1 orb138_DES,S1_VH_dB,NW_REEDS,63.76,-16.893,-14.854,-13.4
floodway,2023-06-06,S1 orb138_DES,S1_VV_minus_VH_dB,NW_REEDS,63.76,4.917,7.01,9.133
floodway,2023-06-06,S1 orb138_DES,S1_VV_dB,NW_TREES,15.68,-9.442,-7.83,-6.381
floodway,2023-06-06,S1 orb138_DES,S1_VH_dB,NW_TREES,15.68,-14.897,-13.44,-12.153
floodway,2023-06-06,S1 orb138_DES,S1_VV_minus_VH_dB,NW_TREES,15.68,3.995,5.512,7.099
floodway,2023-06-06,S1 orb138_DES,S1_VV_dB,HIGH_REEDS,1.5,-12.358,-10.401,-8.303
floodway,2023-06-06,S1 orb138_DES,S1_VH_dB,HIGH_REEDS,1.5,-17.362,-15.871,-14.447
floodway,2023-06-06,S1 orb138_DES,S1_VV_minus_VH_dB,HIGH_REEDS,1.5,3.987,5.565,7.155
floodway,2023-06-06,S1 orb138_DES,S1_VV_dB,OPEN_WATER,25.24,-19.614,-18.086,-15.936
floodway,2023-06-06,S1 orb138_DES,S1_VH_dB,OPEN_WATER,25.24,-22.253,-21.198,-20.014
floodway,2023-06-06,S1 orb138_DES,S1_VV_minus_VH_dB,OPEN_WATER,25.24,1.71,3.382,5.234
floodway,2023-06-06,S1 orb138_DES,S1_VV_dB,EVENT_REEDS,8.22,-11.054,-8.833,-6.713
floodway,2023-06-06,S1 orb138_DES,S1_VH_dB,EVENT_REEDS,8.22,-16.479,-14.933,-13.522
floodway,2023-06-06,S1 orb138_DES,S1_VV_minus_VH_dB,EVENT_REEDS,8.22,4.317,6.01,7.876
floodway,2023-06-06,S1 orb138_DES,S1_VV_dB,DRY_LAND,902.63,-13.035,-11.441,-9.885
floodway,2023-06-06,S1 orb138_DES,S1_VH_dB,DRY_LAND,902.63,-18.66,-16.994,-15.323
floodway,2023-06-06,S1 orb138_DES,S1_VV_minus_VH_dB,DRY_LAND,902.63,3.693,5.381,7.166
floodway,2023-06-09,S1 orb14_ASC,S1_VV_dB,NW_REEDS,98.6,-16.479,-14.885,-13.314
floodway,2023-06-09,S1 orb14_ASC,S1_VH_dB,NW_REEDS,98.6,-23.009,-22.01,-20.855
floodway,2023-06-09,S1 orb14_ASC,S1_VV_minus_VH_dB,NW_REEDS,98.6,5.071,6.846,8.548
floodway,2023-06-09,S1 orb14_ASC,S1_VV_dB,NW_TREES,48.19,-10.604,-8.549,-7.068
floodway,2023-06-09,S1 orb14_ASC,S1_VH_dB,NW_TREES,48.19,-15.837,-13.897,-12.47
floodway,2023-06-09,S1 orb14_ASC,S1_VV_minus_VH_dB,NW_TREES,48.19,3.848,5.289,6.732
floodway,2023-06-09,S1 orb14_ASC,S1_VV_dB,HIGH_REEDS,7.9,-11.39,-9.44,-7.273
floodway,2023-06-09,S1 orb14_ASC,S1_VH_dB,HIGH_REEDS,7.9,-16.802,-15.365,-14.029
floodway,2023-06-09,S1 orb14_ASC,S1_VV_minus_VH_dB,HIGH_REEDS,7.9,4.393,6.069,7.953
floodway,2023-06-09,S1 orb14_ASC,S1_VV_dB,OPEN_WATER,69.2,-18.343,-16.194,-13.969
floodway,2023-06-09,S1 orb14_ASC,S1_VH_dB,OPEN_WATER,69.2,-23.048,-22.029,-20.829
floodway,2023-06-09,S1 orb14_ASC,S1_VV_minus_VH_dB,OPEN_WATER,69.2,3.661,5.604,7.561
floodway,2023-06-09,S1 orb14_ASC,S1_VV_dB,EVENT_REEDS,12.87,-15.691,-13.555,-10.99
floodway,2023-06-09,S1 orb14_ASC,S1_VH_dB,EVENT_REEDS,12.87,-21.881,-19.908,-16.449
floodway,2023-06-09,S1 orb14_ASC,S1_VV_minus_VH_dB,EVENT_REEDS,12.87,4.137,5.845,7.558
floodway,2023-06-09,S1 orb14_ASC,S1_VV_dB,DRY_LAND,2436.4,-13.386,-11.8,-10.176
floodway,2023-06-09,S1 orb14_ASC,S1_VH_dB,DRY_LAND,2436.4,-19.112,-17.505,-15.884
floodway,2023-06-09,S1 orb14_ASC,S1_VV_minus_VH_dB,DRY_LAND,2436.4,3.994,5.554,7.234
floodway,2023-06-13,S1 orb65_DES,S1_VV_dB,NW_REEDS,98.6,-18.322,-16.859,-14.553
floodway,2023-06-13,S1 orb65_DES,S1_VH_dB,NW_REEDS,98.6,-23.227,-21.949,-20.044
floodway,2023-06-13,S1 orb65_DES,S1_VV_minus_VH_dB,NW_REEDS,98.6,3.592,5.068,6.604
floodway,2023-06-13,S1 orb65_DES,S1_VV_dB,NW_TREES,48.19,-9.585,-7.827,-6.473
floodway,2023-06-13,S1 orb65_DES,S1_VH_dB,NW_TREES,48.19,-14.931,-13.236,-11.905
floodway,2023-06-13,S1 orb65_DES,S1_VV_minus_VH_dB,NW_TREES,48.19,3.954,5.345,6.737
floodway,2023-06-13,S1 orb65_DES,S1_VV_dB,HIGH_REEDS,7.9,-10.146,-8.641,-7.193
floodway,2023-06-13,S1 orb65_DES,S1_VH_dB,HIGH_REEDS,7.9,-15.666,-14.459,-13.296
floodway,2023-06-13,S1 orb65_DES,S1_VV_minus_VH_dB,HIGH_REEDS,7.9,4.252,5.785,7.367
floodway,2023-06-13,S1 orb65_DES,S1_VV_dB,OPEN_WATER,69.2,-18.81,-17.428,-15.798
floodway,2023-06-13,S1 orb65_DES,S1_VH_dB,OPEN_WATER,69.2,-23.932,-22.841,-21.539
floodway,2023-06-13,S1 orb65_DES,S1_VV_minus_VH_dB,OPEN_WATER,69.2,3.808,5.458,7.107
floodway,2023-06-13,S1 orb65_DES,S1_VV_dB,EVENT_REEDS,12.87,-15.532,-11.364,-8.633
floodway,2023-06-13,S1 orb65_DES,S1_VH_dB,EVENT_REEDS,12.87,-20.846,-17.427,-14.751
floodway,2023-06-13,S1 orb65_DES,S1_VV_minus_VH_dB,EVENT_REEDS,12.87,3.793,5.417,7.326
floodway,2023-06-13,S1 orb65_DES,S1_VV_dB,DRY_LAND,2436.4,-10.171,-8.658,-7.208
floodway,2023-06-13,S1 orb65_DES,S1_VH_dB,DRY_LAND,2436.4,-15.712,-14.201,-12.831
floodway,2023-06-13,S1 orb65_DES,S1_VV_minus_VH_dB,DRY_LAND,2436.4,3.961,5.522,7.211
floodway,2023-06-14,S1 orb87_ASC,S1_VV_dB,NW_REEDS,98.6,-19.582,-15.158,-10.133
floodway,2023-06-14,S1 orb87_ASC,S1_VH_dB,NW_REEDS,98.6,-24.89,-23.158,-19.842
floodway,2023-06-14,S1 orb87_ASC,S1_VV_minus_VH_dB,NW_REEDS,98.6,4.506,6.527,9.494
floodway,2023-06-14,S1 orb87_ASC,S1_VV_dB,NW_TREES,48.19,-9.496,-7.885,-6.551
floodway,2023-06-14,S1 orb87_ASC,S1_VH_dB,NW_TREES,48.19,-15.348,-13.761,-12.423
floodway,2023-06-14,S1 orb87_ASC,S1_VV_minus_VH_dB,NW_TREES,48.19,4.364,5.812,7.271
floodway,2023-06-14,S1 orb87_ASC,S1_VV_dB,HIGH_REEDS,7.9,-10.898,-9.032,-7.278
floodway,2023-06-14,S1 orb87_ASC,S1_VH_dB,HIGH_REEDS,7.9,-16.809,-15.471,-14.279
floodway,2023-06-14,S1 orb87_ASC,S1_VV_minus_VH_dB,HIGH_REEDS,7.9,4.757,6.399,8.191
floodway,2023-06-14,S1 orb87_ASC,S1_VV_dB,OPEN_WATER,69.2,-21.433,-20.263,-18.676
floodway,2023-06-14,S1 orb87_ASC,S1_VH_dB,OPEN_WATER,69.2,-25.812,-24.601,-22.927
floodway,2023-06-14,S1 orb87_ASC,S1_VV_minus_VH_dB,OPEN_WATER,69.2,3.139,4.585,6.082
floodway,2023-06-14,S1 orb87_ASC,S1_VV_dB,EVENT_REEDS,12.87,-12.952,-9.704,-7.141
floodway,2023-06-14,S1 orb87_ASC,S1_VH_dB,EVENT_REEDS,12.87,-21.038,-17.413,-14.937
floodway,2023-06-14,S1 orb87_ASC,S1_VV_minus_VH_dB,EVENT_REEDS,12.87,4.932,6.963,9.793
floodway,2023-06-14,S1 orb87_ASC,S1_VV_dB,DRY_LAND,2436.4,-11.856,-10.252,-8.684
floodway,2023-06-14,S1 orb87_ASC,S1_VH_dB,DRY_LAND,2436.4,-18.162,-16.325,-14.735
floodway,2023-06-14,S1 orb87_ASC,S1_VV_minus_VH_dB,DRY_LAND,2436.4,4.447,6.122,7.917
floodway,2023-06-18,S1 orb138_DES,S1_VV_dB,NW_REEDS,63.58,-6.511,-3.747,-1.859
floodway,2023-06-18,S1 orb138_DES,S1_VH_dB,NW_REEDS,63.58,-15.977,-14.21,-12.745
floodway,2023-06-18,S1 orb138_DES,S1_VV_minus_VH_dB,NW_REEDS,63.58,7.242,9.917,12.302
floodway,2023-06-18,S1 orb138_DES,S1_VV_dB,NW_TREES,15.52,-8.159,-6.673,-5.251
floodway,2023-06-18,S1 orb138_DES,S1_VH_dB,NW_TREES,15.52,-14.022,-12.571,-11.286
floodway,2023-06-18,S1 orb138_DES,S1_VV_minus_VH_dB,NW_TREES,15.52,4.304,5.833,7.407
floodway,2023-06-18,S1 orb138_DES,S1_VV_dB,HIGH_REEDS,1.49,-10.696,-8.677,-6.604
floodway,2023-06-18,S1 orb138_DES,S1_VH_dB,HIGH_REEDS,1.49,-16.407,-14.915,-13.606
floodway,2023-06-18,S1 orb138_DES,S1_VV_minus_VH_dB,HIGH_REEDS,1.49,4.582,6.225,7.95
floodway,2023-06-18,S1 orb138_DES,S1_VV_dB,OPEN_WATER,25.13,-19.857,-18.636,-17.124
floodway,2023-06-18,S1 orb138_DES,S1_VH_dB,OPEN_WATER,25.13,-22.334,-21.349,-20.286
floodway,2023-06-18,S1 orb138_DES,S1_VV_minus_VH_dB,OPEN_WATER,25.13,1.475,2.958,4.573
floodway,2023-06-18,S1 orb138_DES,S1_VV_dB,EVENT_REEDS,8.2,-8.68,-6.177,-4.088
floodway,2023-06-18,S1 orb138_DES,S1_VH_dB,EVENT_REEDS,8.2,-15.708,-13.455,-11.906
floodway,2023-06-18,S1 orb138_DES,S1_VV_minus_VH_dB,EVENT_REEDS,8.2,5.021,7.043,9.334
floodway,2023-06-18,S1 orb138_DES,S1_VV_dB,DRY_LAND,897.11,-12.165,-10.518,-8.939
floodway,2023-06-18,S1 orb138_DES,S1_VH_dB,DRY_LAND,897.11,-18.068,-16.365,-14.768
floodway,2023-06-18,S1 orb138_DES,S1_VV_minus_VH_dB,DRY_LAND,897.11,4.07,5.732,7.497
floodway,2023-06-21,S1 orb14_ASC,S1_VV_dB,NW_REEDS,98.6,-8.288,-6.08,-4.202
floodway,2023-06-21,S1 orb14_ASC,S1_VH_dB,NW_REEDS,98.6,-15.555,-13.711,-12.35
floodway,2023-06-21,S1 orb14_ASC,S1_VV_minus_VH_dB,NW_REEDS,98.6,5.618,7.55,9.57
floodway,2023-06-21,S1 orb14_ASC,S1_VV_dB,NW_TREES,48.19,-8.226,-6.832,-5.514
floodway,2023-06-21,S1 orb14_ASC,S1_VH_dB,NW_TREES,48.19,-14.084,-12.728,-11.492
floodway,2023-06-21,S1 orb14_ASC,S1_VV_minus_VH_dB,NW_TREES,48.19,4.349,5.85,7.395
floodway,2023-06-21,S1 orb14_ASC,S1_VV_dB,HIGH_REEDS,7.9,-10.871,-9.111,-7.431
floodway,2023-06-21,S1 orb14_ASC,S1_VH_dB,HIGH_REEDS,7.9,-16.527,-15.157,-13.922
floodway,2023-06-21,S1 orb14_ASC,S1_VV_minus_VH_dB,HIGH_REEDS,7.9,4.402,6.037,7.769
floodway,2023-06-21,S1 orb14_ASC,S1_VV_dB,OPEN_WATER,69.2,-20.347,-18.653,-15.872
floodway,2023-06-21,S1 orb14_ASC,S1_VH_dB,OPEN_WATER,69.2,-22.728,-21.627,-20.201
floodway,2023-06-21,S1 orb14_ASC,S1_VV_minus_VH_dB,OPEN_WATER,69.2,1.491,3.298,5.389
floodway,2023-06-21,S1 orb14_ASC,S1_VV_dB,EVENT_REEDS,12.87,-9.92,-7.787,-5.964
floodway,2023-06-21,S1 orb14_ASC,S1_VH_dB,EVENT_REEDS,12.87,-16.243,-14.292,-12.692
floodway,2023-06-21,S1 orb14_ASC,S1_VV_minus_VH_dB,EVENT_REEDS,12.87,4.465,6.286,8.281
floodway,2023-06-21,S1 orb14_ASC,S1_VV_dB,DRY_LAND,2436.4,-12.302,-10.525,-8.661
floodway,2023-06-21,S1 orb14_ASC,S1_VH_dB,DRY_LAND,2436.4,-18.304,-16.479,-14.783
floodway,2023-06-21,S1 orb14_ASC,S1_VV_minus_VH_dB,DRY_LAND,2436.4,4.297,5.981,7.799
floodway,2023-06-25,S1 orb65_DES,S1_VV_dB,NW_REEDS,98.6,-7.488,-5.466,-3.693
floodway,2023-06-25,S1 orb65_DES,S1_VH_dB,NW_REEDS,98.6,-15.008,-13.424,-12.081
floodway,2023-06-25,S1 orb65_DES,S1_VV_minus_VH_dB,NW_REEDS,98.6,5.981,7.889,9.902
floodway,2023-06-25,S1 orb65_DES,S1_VV_dB,NW_TREES,48.19,-8.16,-6.763,-5.414
floodway,2023-06-25,S1 orb65_DES,S1_VH_dB,NW_TREES,48.19,-14.247,-12.866,-11.586
floodway,2023-06-25,S1 orb65_DES,S1_VV_minus_VH_dB,NW_TREES,48.19,4.641,6.12,7.627
floodway,2023-06-25,S1 orb65_DES,S1_VV_dB,HIGH_REEDS,7.9,-11.401,-9.528,-7.804
floodway,2023-06-25,S1 orb65_DES,S1_VH_dB,HIGH_REEDS,7.9,-17.058,-15.64,-14.342
floodway,2023-06-25,S1 orb65_DES,S1_VV_minus_VH_dB,HIGH_REEDS,7.9,4.49,6.098,7.772
floodway,2023-06-25,S1 orb65_DES,S1_VV_dB,OPEN_WATER,69.2,-19.453,-18.035,-15.845
floodway,2023-06-25,S1 orb65_DES,S1_VH_dB,OPEN_WATER,69.2,-23.986,-22.742,-21.057
floodway,2023-06-25,S1 orb65_DES,S1_VV_minus_VH_dB,OPEN_WATER,69.2,3.337,5.002,6.745
floodway,2023-06-25,S1 orb65_DES,S1_VV_dB,EVENT_REEDS,12.87,-10.086,-7.77,-5.627
floodway,2023-06-25,S1 orb65_DES,S1_VH_dB,EVENT_REEDS,12.87,-16.444,-14.496,-12.87
floodway,2023-06-25,S1 orb65_DES,S1_VV_minus_VH_dB,EVENT_REEDS,12.87,4.809,6.634,8.631
floodway,2023-06-25,S1 orb65_DES,S1_VV_dB,DRY_LAND,2436.4,-12.216,-10.367,-8.678
floodway,2023-06-25,S1 orb65_DES,S1_VH_dB,DRY_LAND,2436.4,-18.212,-16.276,-14.615
floodway,2023-06-25,S1 orb65_DES,S1_VV_minus_VH_dB,DRY_LAND,2436.4,4.331,5.907,7.56
floodway,2023-06-26,S1 orb87_ASC,S1_VV_dB,NW_REEDS,98.6,-8.39,-6.265,-4.395
floodway,2023-06-26,S1 orb87_ASC,S1_VH_dB,NW_REEDS,98.6,-15.118,-13.482,-12.244
floodway,2023-06-26,S1 orb87_ASC,S1_VV_minus_VH_dB,NW_REEDS,98.6,5.6,7.339,9.209
floodway,2023-06-26,S1 orb87_ASC,S1_VV_dB,NW_TREES,48.19,-8.336,-7.061,-5.8
floodway,2023-06-26,S1 orb87_ASC,S1_VH_dB,NW_TREES,48.19,-14.144,-12.889,-11.695
floodway,2023-06-26,S1 orb87_ASC,S1_VV_minus_VH_dB,NW_TREES,48.19,4.467,5.84,7.235
floodway,2023-06-26,S1 orb87_ASC,S1_VV_dB,HIGH_REEDS,7.9,-10.457,-9.0,-7.582
floodway,2023-06-26,S1 orb87_ASC,S1_VH_dB,HIGH_REEDS,7.9,-16.491,-15.281,-14.126
floodway,2023-06-26,S1 orb87_ASC,S1_VV_minus_VH_dB,HIGH_REEDS,7.9,4.809,6.265,7.777
floodway,2023-06-26,S1 orb87_ASC,S1_VV_dB,OPEN_WATER,69.2,-20.149,-18.929,-16.939
floodway,2023-06-26,S1 orb87_ASC,S1_VH_dB,OPEN_WATER,69.2,-25.103,-23.953,-22.266
floodway,2023-06-26,S1 orb87_ASC,S1_VV_minus_VH_dB,OPEN_WATER,69.2,3.871,5.325,6.812
floodway,2023-06-26,S1 orb87_ASC,S1_VV_dB,EVENT_REEDS,12.87,-9.58,-7.684,-5.71
floodway,2023-06-26,S1 orb87_ASC,S1_VH_dB,EVENT_REEDS,12.87,-16.207,-14.354,-12.818
floodway,2023-06-26,S1 orb87_ASC,S1_VV_minus_VH_dB,EVENT_REEDS,12.87,5.0,6.709,8.723
floodway,2023-06-26,S1 orb87_ASC,S1_VV_dB,DRY_LAND,2436.4,-11.363,-9.844,-8.33
floodway,2023-06-26,S1 orb87_ASC,S1_VH_dB,DRY_LAND,2436.4,-18.123,-16.268,-14.708
floodway,2023-06-26,S1 orb87_ASC,S1_VV_minus_VH_dB,DRY_LAND,2436.4,5.017,6.589,8.248
floodway,2023-06-30,S1 orb138_DES,S1_VV_dB,NW_REEDS,63.81,-7.482,-5.635,-3.805
floodway,2023-06-30,S1 orb138_DES,S1_VH_dB,NW_REEDS,63.81,-15.024,-13.607,-12.338
floodway,2023-06-30,S1 orb138_DES,S1_VV_minus_VH_dB,NW_REEDS,63.81,5.866,7.914,10.18
floodway,2023-06-30,S1 orb138_DES,S1_VV_dB,NW_TREES,15.75,-8.442,-6.989,-5.622
floodway,2023-06-30,S1 orb138_DES,S1_VH_dB,NW_TREES,15.75,-14.362,-12.91,-11.591
floodway,2023-06-30,S1 orb138_DES,S1_VV_minus_VH_dB,NW_TREES,15.75,4.445,5.982,7.536
floodway,2023-06-30,S1 orb138_DES,S1_VV_dB,HIGH_REEDS,1.5,-11.275,-9.451,-7.403
floodway,2023-06-30,S1 orb138_DES,S1_VH_dB,HIGH_REEDS,1.5,-16.948,-15.453,-13.989
floodway,2023-06-30,S1 orb138_DES,S1_VV_minus_VH_dB,HIGH_REEDS,1.5,4.391,6.125,7.767
floodway,2023-06-30,S1 orb138_DES,S1_VV_dB,OPEN_WATER,25.28,-14.773,-13.386,-11.957
floodway,2023-06-30,S1 orb138_DES,S1_VH_dB,OPEN_WATER,25.28,-22.174,-21.138,-19.997
floodway,2023-06-30,S1 orb138_DES,S1_VV_minus_VH_dB,OPEN_WATER,25.28,6.024,7.651,9.244
floodway,2023-06-30,S1 orb138_DES,S1_VV_dB,EVENT_REEDS,8.22,-8.72,-7.07,-5.46
floodway,2023-06-30,S1 orb138_DES,S1_VH_dB,EVENT_REEDS,8.22,-15.285,-13.646,-12.229
floodway,2023-06-30,S1 orb138_DES,S1_VV_minus_VH_dB,EVENT_REEDS,8.22,4.855,6.615,8.539
floodway,2023-06-30,S1 orb138_DES,S1_VV_dB,DRY_LAND,904.47,-11.496,-9.884,-8.228
floodway,2023-06-30,S1 orb138_DES,S1_VH_dB,DRY_LAND,904.47,-18.004,-16.349,-14.776
floodway,2023-06-30,S1 orb138_DES,S1_VV_minus_VH_dB,DRY_LAND,904.47,4.853,6.501,8.193
