arm,labels,run,seed,endpoint,value,ci_lo,ci_hi,n_defined,meaning
U0d,v002,U0d_B1B2_v1,20260923,A_FP_area_dry_cropland_km2,0.5488,0.0335,1.3773125,,"agreement with held-out weak reference labels (TEST blocks), not flood-mapping accuracy"
U0d,v002,U0d_B1B2_v1,20260923,A_FP_rate_dry_cropland,0.001704,0.000162975,0.0038929749999999,,"agreement with held-out weak reference labels (TEST blocks), not flood-mapping accuracy"
U0d,v002,U0d_B1B2_v1,20260923,A_evaluated_dry_cropland_km2,322.1,160.10750000000002,491.0869999999999,,"agreement with held-out weak reference labels (TEST blocks), not flood-mapping accuracy"
U0d,v002,U0d_B1B2_v1,20260923,B_recall_flooded_open_low_veg,0.733,0.0106975,0.9468,,"agreement with held-out weak reference labels (TEST blocks), not flood-mapping accuracy"
U0d,v002,U0d_B1B2_v1,20260923,B_IoU_open_low_veg,0.6612,0.00638,0.8872049999999999,,"agreement with held-out weak reference labels (TEST blocks), not flood-mapping accuracy"
U0d,v002,U0d_B1B2_v1,20260923,B_FN_area_km2,1.4069,0.1859775,2.992242499999999,,"agreement with held-out weak reference labels (TEST blocks), not flood-mapping accuracy"
U0d,v002,U0d_B1B2_v1,20260923,B_reference_km2,5.269,0.313975,12.94854999999999,,"agreement with held-out weak reference labels (TEST blocks), not flood-mapping accuracy"
U0d,v002,U0d_B1B2_v1,20260923,C_recall_flooded_cropland_LOWN,0.7987,0.0069,0.979305,,"agreement with held-out weak reference labels (TEST blocks), not flood-mapping accuracy"
U0d,v002,U0d_B1B2_v1,20260923,C_FN_area_km2,0.1121,0.004,0.289205,,"agreement with held-out weak reference labels (TEST blocks), not flood-mapping accuracy"
U0d,v002,U0d_B1B2_v1,20260923,C_reference_km2,0.557,0.017,1.455025,,"agreement with held-out weak reference labels (TEST blocks), not flood-mapping accuracy"
U0d,v002,U0d_B1B2_v1,20260923,W_precision,0.9707,0.9492825,0.9859025,,"agreement with held-out weak reference labels (TEST blocks), not flood-mapping accuracy"
U0d,v002,U0d_B1B2_v1,20260923,W_recall,0.9854,0.9323425,0.9932025,,"agreement with held-out weak reference labels (TEST blocks), not flood-mapping accuracy"
U0d,v002,U0d_B1B2_v1,20260923,W_IoU,0.957,0.8901,0.967405,,"agreement with held-out weak reference labels (TEST blocks), not flood-mapping accuracy"
U0d,v002,U0d_B1B2_v1,20260923,BU_FP_area_km2,0.3864,0.0156,0.9511449999999996,,"agreement with held-out weak reference labels (TEST blocks), not flood-mapping accuracy"
U0d,v002,U0d_B1B2_v1,20260923,BU_precision,0.4461,0.146225,0.9266,,"agreement with held-out weak reference labels (TEST blocks), not flood-mapping accuracy"
U0d,v002,U0d_B1B2_v1,20260923,BS_FP_area_km2,0.0011,0.0,0.0028,,"agreement with held-out weak reference labels (TEST blocks), not flood-mapping accuracy"
U0d,v002,U0d_B1B2_v1,20260923,G_F1,0.9452,0.7244875000000001,0.9611025,,"agreement with held-out weak reference labels (TEST blocks), not flood-mapping accuracy"
U0d,v002,U0d_B1B2_v1,20260923,G_IoU,0.8961,0.567965,0.925105,,"agreement with held-out weak reference labels (TEST blocks), not flood-mapping accuracy"
U0d,v002,U0d_B1B2_v1,20260923,G_precision,0.9414,0.7334225000000001,0.966805,,"agreement with held-out weak reference labels (TEST blocks), not flood-mapping accuracy"
U0d,v002,U0d_B1B2_v1,20260923,G_recall,0.9491,0.7213975,0.9698,,"agreement with held-out weak reference labels (TEST blocks), not flood-mapping accuracy"
U0d,v002,U0d_B1B2_v1,20260923,A1_isolated_field_FP_km2,0.439,0.0184,1.115005,,"agreement with held-out weak reference labels (TEST blocks), not flood-mapping accuracy"
U0d,v002,U0d_B1B2_v1,20260923,A2_pred_flood_on_nonflood_cropland_km2,0.5488,0.0335,1.3773125,,"agreement with held-out weak reference labels (TEST blocks), not flood-mapping accuracy"
U0d,v002,U0d_B1B2_v1,20260923,A2_PREDICTED_FLOOD_BURDEN_ON_UNLABELLED_CROPLAND_km2,21.2084,9.861145,35.901435,,"agreement with held-out weak reference labels (TEST blocks), not flood-mapping accuracy"
U0d,v002,U0d_B1B2_v1,20260923,A2_unlabelled_cropland_evaluated_km2,408.96,226.038,632.514,,"agreement with held-out weak reference labels (TEST blocks), not flood-mapping accuracy"
U0d,v002,U0d_B1B2_v1,20260923,A2_frac_unlabelled_cropland_above_thr,0.05186,0.0294665,0.075641,,"agreement with held-out weak reference labels (TEST blocks), not flood-mapping accuracy"
U0d,v002,U0d_B1B2_v1,20260923,A2_frac_nonflood_cropland_above_thr,0.0017,0.00016,0.0038909999999999,,"agreement with held-out weak reference labels (TEST blocks), not flood-mapping accuracy"
U0d,v002,U0d_B1B2_v1,20260923,A2_isolated_field_like_km2,19.1774,8.24249,34.21087749999999,,"agreement with held-out weak reference labels (TEST blocks), not flood-mapping accuracy"
U0d,v002,U0d_B1B2_v1,20260923,A2_isolated_field_like_on_unlabelled_km2,18.3167,7.7553575,32.76641749999999,,"agreement with held-out weak reference labels (TEST blocks), not flood-mapping accuracy"
U0d,v002,U0d_B1B2_v1,20260923,A1_n_fp_components,241.0,,,,"agreement with held-out weak reference labels (TEST blocks), not flood-mapping accuracy"
U0d,v002,U0d_B1B2_v1,20260923,A2_n_isolated_field_like_components,116.0,,,,"agreement with held-out weak reference labels (TEST blocks), not flood-mapping accuracy"
U0d,v002,U0d_B1B2_v1,20260923,B_n_ref_components,1376.0,,,,"agreement with held-out weak reference labels (TEST blocks), not flood-mapping accuracy"
U0d,v002,U0d_B1B2_v1,20260923,B_n_recovered,257.0,,,,"agreement with held-out weak reference labels (TEST blocks), not flood-mapping accuracy"
U0d,v002,U0d_B1B2_v1,20260923,B_n_contributing_test_blocks,9.0,,,,"agreement with held-out weak reference labels (TEST blocks), not flood-mapping accuracy"
U0d,v002,U0d_B1B2_v1,20260923,C_n_ref_components_LOWN,258.0,,,,"agreement with held-out weak reference labels (TEST blocks), not flood-mapping accuracy"
U0d,v002,U0d_B1B2_v1,20260923,C_n_recovered_LOWN,126.0,,,,"agreement with held-out weak reference labels (TEST blocks), not flood-mapping accuracy"
U0d,v002,U0d_B1B2_v1,20260923,W_pred_components,750.0,,,,"agreement with held-out weak reference labels (TEST blocks), not flood-mapping accuracy"
U0d,v002,U0d_B1B2_v1,20260923,G_PR_AUC,0.9807,,,,"agreement with held-out weak reference labels (TEST blocks), not flood-mapping accuracy"
U0d,v002,U0d_B1B2_v1,20260923,threshold,0.56,,,,"agreement with held-out weak reference labels (TEST blocks), not flood-mapping accuracy"
U0z,v002,U0z_B1B2_v1,20260923,A_FP_area_dry_cropland_km2,0.1258,0.0378975,0.2365374999999998,,"agreement with held-out weak reference labels (TEST blocks), not flood-mapping accuracy"
U0z,v002,U0z_B1B2_v1,20260923,A_FP_rate_dry_cropland,0.000391,0.000168975,0.0006070249999999,,"agreement with held-out weak reference labels (TEST blocks), not flood-mapping accuracy"
U0z,v002,U0z_B1B2_v1,20260923,A_evaluated_dry_cropland_km2,322.1,160.10750000000002,491.0869999999999,,"agreement with held-out weak reference labels (TEST blocks), not flood-mapping accuracy"
U0z,v002,U0z_B1B2_v1,20260923,B_recall_flooded_open_low_veg,0.7134,0.0115,0.9341025,,"agreement with held-out weak reference labels (TEST blocks), not flood-mapping accuracy"
U0z,v002,U0z_B1B2_v1,20260923,B_IoU_open_low_veg,0.6954,0.0094925,0.9172025,,"agreement with held-out weak reference labels (TEST blocks), not flood-mapping accuracy"
U0z,v002,U0z_B1B2_v1,20260923,B_FN_area_km2,1.51,0.22738,3.2186949999999985,,"agreement with held-out weak reference labels (TEST blocks), not flood-mapping accuracy"
U0z,v002,U0z_B1B2_v1,20260923,B_reference_km2,5.269,0.313975,12.94854999999999,,"agreement with held-out weak reference labels (TEST blocks), not flood-mapping accuracy"
U0z,v002,U0z_B1B2_v1,20260923,C_recall_flooded_cropland_LOWN,0.8019,0.007,0.9769,,"agreement with held-out weak reference labels (TEST blocks), not flood-mapping accuracy"
U0z,v002,U0z_B1B2_v1,20260923,C_FN_area_km2,0.1103,0.0024975,0.2860099999999999,,"agreement with held-out weak reference labels (TEST blocks), not flood-mapping accuracy"
U0z,v002,U0z_B1B2_v1,20260923,C_reference_km2,0.557,0.017,1.455025,,"agreement with held-out weak reference labels (TEST blocks), not flood-mapping accuracy"
U0z,v002,U0z_B1B2_v1,20260923,W_precision,0.9725,0.9646,0.9964,,"agreement with held-out weak reference labels (TEST blocks), not flood-mapping accuracy"
U0z,v002,U0z_B1B2_v1,20260923,W_recall,0.9855,0.919255,0.9927,,"agreement with held-out weak reference labels (TEST blocks), not flood-mapping accuracy"
U0z,v002,U0z_B1B2_v1,20260923,W_IoU,0.9588,0.9045,0.9722,,"agreement with held-out weak reference labels (TEST blocks), not flood-mapping accuracy"
U0z,v002,U0z_B1B2_v1,20260923,BU_FP_area_km2,0.2055,0.0108,0.4913224999999999,,"agreement with held-out weak reference labels (TEST blocks), not flood-mapping accuracy"
U0z,v002,U0z_B1B2_v1,20260923,BU_precision,0.5825,0.154785,0.9410049999999996,,"agreement with held-out weak reference labels (TEST blocks), not flood-mapping accuracy"
U0z,v002,U0z_B1B2_v1,20260923,BS_FP_area_km2,0.0003,0.0,0.0009,,"agreement with held-out weak reference labels (TEST blocks), not flood-mapping accuracy"
U0z,v002,U0z_B1B2_v1,20260923,G_F1,0.9533,0.79459,0.9671025,,"agreement with held-out weak reference labels (TEST blocks), not flood-mapping accuracy"
U0z,v002,U0z_B1B2_v1,20260923,G_IoU,0.9108,0.6592475,0.9364025,,"agreement with held-out weak reference labels (TEST blocks), not flood-mapping accuracy"
U0z,v002,U0z_B1B2_v1,20260923,G_precision,0.9608,0.9076625,0.9847,,"agreement with held-out weak reference labels (TEST blocks), not flood-mapping accuracy"
U0z,v002,U0z_B1B2_v1,20260923,G_recall,0.9459,0.7087875,0.9683,,"agreement with held-out weak reference labels (TEST blocks), not flood-mapping accuracy"
U0z,v002,U0z_B1B2_v1,20260923,A1_isolated_field_FP_km2,0.0823,0.025195,0.1571024999999999,,"agreement with held-out weak reference labels (TEST blocks), not flood-mapping accuracy"
U0z,v002,U0z_B1B2_v1,20260923,A2_pred_flood_on_nonflood_cropland_km2,0.1258,0.0378975,0.2365374999999998,,"agreement with held-out weak reference labels (TEST blocks), not flood-mapping accuracy"
U0z,v002,U0z_B1B2_v1,20260923,A2_PREDICTED_FLOOD_BURDEN_ON_UNLABELLED_CROPLAND_km2,17.3523,4.92704,35.62689,,"agreement with held-out weak reference labels (TEST blocks), not flood-mapping accuracy"
U0z,v002,U0z_B1B2_v1,20260923,A2_unlabelled_cropland_evaluated_km2,408.96,226.038,632.514,,"agreement with held-out weak reference labels (TEST blocks), not flood-mapping accuracy"
U0z,v002,U0z_B1B2_v1,20260923,A2_frac_unlabelled_cropland_above_thr,0.04243,0.01535975,0.0742074999999999,,"agreement with held-out weak reference labels (TEST blocks), not flood-mapping accuracy"
U0z,v002,U0z_B1B2_v1,20260923,A2_frac_nonflood_cropland_above_thr,0.00039,0.00017,0.00061,,"agreement with held-out weak reference labels (TEST blocks), not flood-mapping accuracy"
U0z,v002,U0z_B1B2_v1,20260923,A2_isolated_field_like_km2,15.7615,3.6549,34.5231725,,"agreement with held-out weak reference labels (TEST blocks), not flood-mapping accuracy"
U0z,v002,U0z_B1B2_v1,20260923,A2_isolated_field_like_on_unlabelled_km2,15.1788,3.541185,33.10688249999998,,"agreement with held-out weak reference labels (TEST blocks), not flood-mapping accuracy"
U0z,v002,U0z_B1B2_v1,20260923,A1_n_fp_components,128.0,,,,"agreement with held-out weak reference labels (TEST blocks), not flood-mapping accuracy"
U0z,v002,U0z_B1B2_v1,20260923,A2_n_isolated_field_like_components,90.0,,,,"agreement with held-out weak reference labels (TEST blocks), not flood-mapping accuracy"
U0z,v002,U0z_B1B2_v1,20260923,B_n_ref_components,1376.0,,,,"agreement with held-out weak reference labels (TEST blocks), not flood-mapping accuracy"
U0z,v002,U0z_B1B2_v1,20260923,B_n_recovered,244.0,,,,"agreement with held-out weak reference labels (TEST blocks), not flood-mapping accuracy"
U0z,v002,U0z_B1B2_v1,20260923,B_n_contributing_test_blocks,9.0,,,,"agreement with held-out weak reference labels (TEST blocks), not flood-mapping accuracy"
U0z,v002,U0z_B1B2_v1,20260923,C_n_ref_components_LOWN,258.0,,,,"agreement with held-out weak reference labels (TEST blocks), not flood-mapping accuracy"
U0z,v002,U0z_B1B2_v1,20260923,C_n_recovered_LOWN,128.0,,,,"agreement with held-out weak reference labels (TEST blocks), not flood-mapping accuracy"
U0z,v002,U0z_B1B2_v1,20260923,W_pred_components,586.0,,,,"agreement with held-out weak reference labels (TEST blocks), not flood-mapping accuracy"
U0z,v002,U0z_B1B2_v1,20260923,G_PR_AUC,0.9816,,,,"agreement with held-out weak reference labels (TEST blocks), not flood-mapping accuracy"
U0z,v002,U0z_B1B2_v1,20260923,threshold,0.59,,,,"agreement with held-out weak reference labels (TEST blocks), not flood-mapping accuracy"
U1,v002,U1_B1B2_v1,20260923,A_FP_area_dry_cropland_km2,0.6091,0.0497924999999999,1.525925,,"agreement with held-out weak reference labels (TEST blocks), not flood-mapping accuracy"
U1,v002,U1_B1B2_v1,20260923,A_FP_rate_dry_cropland,0.001891,0.00021,0.0044061,,"agreement with held-out weak reference labels (TEST blocks), not flood-mapping accuracy"
U1,v002,U1_B1B2_v1,20260923,A_evaluated_dry_cropland_km2,322.1,160.10750000000002,491.0869999999999,,"agreement with held-out weak reference labels (TEST blocks), not flood-mapping accuracy"
U1,v002,U1_B1B2_v1,20260923,B_recall_flooded_open_low_veg,0.8404,0.0166,0.9722025,,"agreement with held-out weak reference labels (TEST blocks), not flood-mapping accuracy"
U1,v002,U1_B1B2_v1,20260923,B_IoU_open_low_veg,0.7419,0.0083975,0.912315,,"agreement with held-out weak reference labels (TEST blocks), not flood-mapping accuracy"
U1,v002,U1_B1B2_v1,20260923,B_FN_area_km2,0.841,0.1140849999999999,1.90873,,"agreement with held-out weak reference labels (TEST blocks), not flood-mapping accuracy"
U1,v002,U1_B1B2_v1,20260923,B_reference_km2,5.269,0.313975,12.94854999999999,,"agreement with held-out weak reference labels (TEST blocks), not flood-mapping accuracy"
U1,v002,U1_B1B2_v1,20260923,C_recall_flooded_cropland_LOWN,0.8292,0.013815,0.9884,,"agreement with held-out weak reference labels (TEST blocks), not flood-mapping accuracy"
U1,v002,U1_B1B2_v1,20260923,C_FN_area_km2,0.0951,0.002,0.2669025,,"agreement with held-out weak reference labels (TEST blocks), not flood-mapping accuracy"
U1,v002,U1_B1B2_v1,20260923,C_reference_km2,0.557,0.017,1.455025,,"agreement with held-out weak reference labels (TEST blocks), not flood-mapping accuracy"
U1,v002,U1_B1B2_v1,20260923,W_precision,0.9836,0.9388925,0.9871,,"agreement with held-out weak reference labels (TEST blocks), not flood-mapping accuracy"
U1,v002,U1_B1B2_v1,20260923,W_recall,0.9849,0.944,0.9926,,"agreement with held-out weak reference labels (TEST blocks), not flood-mapping accuracy"
U1,v002,U1_B1B2_v1,20260923,W_IoU,0.9689,0.8894,0.9791,,"agreement with held-out weak reference labels (TEST blocks), not flood-mapping accuracy"
U1,v002,U1_B1B2_v1,20260923,BU_FP_area_km2,0.0553,0.0073,0.1201124999999999,,"agreement with held-out weak reference labels (TEST blocks), not flood-mapping accuracy"
U1,v002,U1_B1B2_v1,20260923,BU_precision,0.8209,0.3135,0.9595,,"agreement with held-out weak reference labels (TEST blocks), not flood-mapping accuracy"
U1,v002,U1_B1B2_v1,20260923,BS_FP_area_km2,0.0061,0.0,0.0146049999999999,,"agreement with held-out weak reference labels (TEST blocks), not flood-mapping accuracy"
U1,v002,U1_B1B2_v1,20260923,G_F1,0.9622,0.7121675000000001,0.9749025,,"agreement with held-out weak reference labels (TEST blocks), not flood-mapping accuracy"
U1,v002,U1_B1B2_v1,20260923,G_IoU,0.9272,0.5529425,0.9510025,,"agreement with held-out weak reference labels (TEST blocks), not flood-mapping accuracy"
U1,v002,U1_B1B2_v1,20260923,G_precision,0.9645,0.7079300000000001,0.9801,,"agreement with held-out weak reference labels (TEST blocks), not flood-mapping accuracy"
U1,v002,U1_B1B2_v1,20260923,G_recall,0.96,0.725995,0.9740025,,"agreement with held-out weak reference labels (TEST blocks), not flood-mapping accuracy"
U1,v002,U1_B1B2_v1,20260923,A1_isolated_field_FP_km2,0.5241,0.0273875,1.3240174999999994,,"agreement with held-out weak reference labels (TEST blocks), not flood-mapping accuracy"
U1,v002,U1_B1B2_v1,20260923,A2_pred_flood_on_nonflood_cropland_km2,0.6091,0.0497924999999999,1.525925,,"agreement with held-out weak reference labels (TEST blocks), not flood-mapping accuracy"
U1,v002,U1_B1B2_v1,20260923,A2_PREDICTED_FLOOD_BURDEN_ON_UNLABELLED_CROPLAND_km2,23.922,9.2386475,44.579655,,"agreement with held-out weak reference labels (TEST blocks), not flood-mapping accuracy"
U1,v002,U1_B1B2_v1,20260923,A2_unlabelled_cropland_evaluated_km2,408.96,226.038,632.514,,"agreement with held-out weak reference labels (TEST blocks), not flood-mapping accuracy"
U1,v002,U1_B1B2_v1,20260923,A2_frac_unlabelled_cropland_above_thr,0.0585,0.028488,0.093341,,"agreement with held-out weak reference labels (TEST blocks), not flood-mapping accuracy"
U1,v002,U1_B1B2_v1,20260923,A2_frac_nonflood_cropland_above_thr,0.00189,0.00021,0.00441,,"agreement with held-out weak reference labels (TEST blocks), not flood-mapping accuracy"
U1,v002,U1_B1B2_v1,20260923,A2_isolated_field_like_km2,22.146,7.81725,43.14877999999998,,"agreement with held-out weak reference labels (TEST blocks), not flood-mapping accuracy"
U1,v002,U1_B1B2_v1,20260923,A2_isolated_field_like_on_unlabelled_km2,20.8305,7.2571425,40.899495,,"agreement with held-out weak reference labels (TEST blocks), not flood-mapping accuracy"
U1,v002,U1_B1B2_v1,20260923,A1_n_fp_components,295.0,,,,"agreement with held-out weak reference labels (TEST blocks), not flood-mapping accuracy"
U1,v002,U1_B1B2_v1,20260923,A2_n_isolated_field_like_components,107.0,,,,"agreement with held-out weak reference labels (TEST blocks), not flood-mapping accuracy"
U1,v002,U1_B1B2_v1,20260923,B_n_ref_components,1376.0,,,,"agreement with held-out weak reference labels (TEST blocks), not flood-mapping accuracy"
U1,v002,U1_B1B2_v1,20260923,B_n_recovered,325.0,,,,"agreement with held-out weak reference labels (TEST blocks), not flood-mapping accuracy"
U1,v002,U1_B1B2_v1,20260923,B_n_contributing_test_blocks,9.0,,,,"agreement with held-out weak reference labels (TEST blocks), not flood-mapping accuracy"
U1,v002,U1_B1B2_v1,20260923,C_n_ref_components_LOWN,258.0,,,,"agreement with held-out weak reference labels (TEST blocks), not flood-mapping accuracy"
U1,v002,U1_B1B2_v1,20260923,C_n_recovered_LOWN,140.0,,,,"agreement with held-out weak reference labels (TEST blocks), not flood-mapping accuracy"
U1,v002,U1_B1B2_v1,20260923,W_pred_components,1129.0,,,,"agreement with held-out weak reference labels (TEST blocks), not flood-mapping accuracy"
U1,v002,U1_B1B2_v1,20260923,G_PR_AUC,0.9888,,,,"agreement with held-out weak reference labels (TEST blocks), not flood-mapping accuracy"
U1,v002,U1_B1B2_v1,20260923,threshold,0.31,,,,"agreement with held-out weak reference labels (TEST blocks), not flood-mapping accuracy"
U2,v002,U2_B1B2_v1,20260923,A_FP_area_dry_cropland_km2,0.1153,0.018,0.2509,,"agreement with held-out weak reference labels (TEST blocks), not flood-mapping accuracy"
U2,v002,U2_B1B2_v1,20260923,A_FP_rate_dry_cropland,0.000358,6.8975e-05,0.0006480499999999,,"agreement with held-out weak reference labels (TEST blocks), not flood-mapping accuracy"
U2,v002,U2_B1B2_v1,20260923,A_evaluated_dry_cropland_km2,322.1,160.10750000000002,491.0869999999999,,"agreement with held-out weak reference labels (TEST blocks), not flood-mapping accuracy"
U2,v002,U2_B1B2_v1,20260923,B_recall_flooded_open_low_veg,0.7764,0.011595,0.9460025,,"agreement with held-out weak reference labels (TEST blocks), not flood-mapping accuracy"
U2,v002,U2_B1B2_v1,20260923,B_IoU_open_low_veg,0.748,0.0096975,0.9266225,,"agreement with held-out weak reference labels (TEST blocks), not flood-mapping accuracy"
U2,v002,U2_B1B2_v1,20260923,B_FN_area_km2,1.1781,0.19058,2.4264225,,"agreement with held-out weak reference labels (TEST blocks), not flood-mapping accuracy"
U2,v002,U2_B1B2_v1,20260923,B_reference_km2,5.269,0.313975,12.94854999999999,,"agreement with held-out weak reference labels (TEST blocks), not flood-mapping accuracy"
U2,v002,U2_B1B2_v1,20260923,C_recall_flooded_cropland_LOWN,0.8136,0.0047,0.979,,"agreement with held-out weak reference labels (TEST blocks), not flood-mapping accuracy"
U2,v002,U2_B1B2_v1,20260923,C_FN_area_km2,0.1038,0.0024975,0.2787099999999999,,"agreement with held-out weak reference labels (TEST blocks), not flood-mapping accuracy"
U2,v002,U2_B1B2_v1,20260923,C_reference_km2,0.557,0.017,1.455025,,"agreement with held-out weak reference labels (TEST blocks), not flood-mapping accuracy"
U2,v002,U2_B1B2_v1,20260923,W_precision,0.9627,0.9556,0.9888,,"agreement with held-out weak reference labels (TEST blocks), not flood-mapping accuracy"
U2,v002,U2_B1B2_v1,20260923,W_recall,0.9846,0.9131375,0.9953,,"agreement with held-out weak reference labels (TEST blocks), not flood-mapping accuracy"
U2,v002,U2_B1B2_v1,20260923,W_IoU,0.9484,0.8793,0.9669225,,"agreement with held-out weak reference labels (TEST blocks), not flood-mapping accuracy"
U2,v002,U2_B1B2_v1,20260923,BU_FP_area_km2,0.8047,0.0569,1.97554,,"agreement with held-out weak reference labels (TEST blocks), not flood-mapping accuracy"
U2,v002,U2_B1B2_v1,20260923,BU_precision,0.3125,0.09713,0.7988749999999999,,"agreement with held-out weak reference labels (TEST blocks), not flood-mapping accuracy"
U2,v002,U2_B1B2_v1,20260923,BS_FP_area_km2,0.0031,0.0,0.0085,,"agreement with held-out weak reference labels (TEST blocks), not flood-mapping accuracy"
U2,v002,U2_B1B2_v1,20260923,G_F1,0.9375,0.7649,0.9587025,,"agreement with held-out weak reference labels (TEST blocks), not flood-mapping accuracy"
U2,v002,U2_B1B2_v1,20260923,G_IoU,0.8823,0.6193,0.920605,,"agreement with held-out weak reference labels (TEST blocks), not flood-mapping accuracy"
U2,v002,U2_B1B2_v1,20260923,G_precision,0.9197,0.8546900000000001,0.973,,"agreement with held-out weak reference labels (TEST blocks), not flood-mapping accuracy"
U2,v002,U2_B1B2_v1,20260923,G_recall,0.956,0.70667,0.9698025,,"agreement with held-out weak reference labels (TEST blocks), not flood-mapping accuracy"
U2,v002,U2_B1B2_v1,20260923,A1_isolated_field_FP_km2,0.0613,0.00239,0.1696499999999997,,"agreement with held-out weak reference labels (TEST blocks), not flood-mapping accuracy"
U2,v002,U2_B1B2_v1,20260923,A2_pred_flood_on_nonflood_cropland_km2,0.1153,0.018,0.2509,,"agreement with held-out weak reference labels (TEST blocks), not flood-mapping accuracy"
U2,v002,U2_B1B2_v1,20260923,A2_PREDICTED_FLOOD_BURDEN_ON_UNLABELLED_CROPLAND_km2,11.68,4.0380525,22.141442499999982,,"agreement with held-out weak reference labels (TEST blocks), not flood-mapping accuracy"
U2,v002,U2_B1B2_v1,20260923,A2_unlabelled_cropland_evaluated_km2,408.96,226.038,632.514,,"agreement with held-out weak reference labels (TEST blocks), not flood-mapping accuracy"
U2,v002,U2_B1B2_v1,20260923,A2_frac_unlabelled_cropland_above_thr,0.02856,0.012467,0.0465214999999999,,"agreement with held-out weak reference labels (TEST blocks), not flood-mapping accuracy"
U2,v002,U2_B1B2_v1,20260923,A2_frac_nonflood_cropland_above_thr,0.00036,7e-05,0.00065,,"agreement with held-out weak reference labels (TEST blocks), not flood-mapping accuracy"
U2,v002,U2_B1B2_v1,20260923,A2_isolated_field_like_km2,10.4544,3.3694725,20.711332499999997,,"agreement with held-out weak reference labels (TEST blocks), not flood-mapping accuracy"
U2,v002,U2_B1B2_v1,20260923,A2_isolated_field_like_on_unlabelled_km2,10.1815,3.31321,20.123675,,"agreement with held-out weak reference labels (TEST blocks), not flood-mapping accuracy"
U2,v002,U2_B1B2_v1,20260923,A1_n_fp_components,115.0,,,,"agreement with held-out weak reference labels (TEST blocks), not flood-mapping accuracy"
U2,v002,U2_B1B2_v1,20260923,A2_n_isolated_field_like_components,107.0,,,,"agreement with held-out weak reference labels (TEST blocks), not flood-mapping accuracy"
U2,v002,U2_B1B2_v1,20260923,B_n_ref_components,1376.0,,,,"agreement with held-out weak reference labels (TEST blocks), not flood-mapping accuracy"
U2,v002,U2_B1B2_v1,20260923,B_n_recovered,293.0,,,,"agreement with held-out weak reference labels (TEST blocks), not flood-mapping accuracy"
U2,v002,U2_B1B2_v1,20260923,B_n_contributing_test_blocks,9.0,,,,"agreement with held-out weak reference labels (TEST blocks), not flood-mapping accuracy"
U2,v002,U2_B1B2_v1,20260923,C_n_ref_components_LOWN,258.0,,,,"agreement with held-out weak reference labels (TEST blocks), not flood-mapping accuracy"
U2,v002,U2_B1B2_v1,20260923,C_n_recovered_LOWN,135.0,,,,"agreement with held-out weak reference labels (TEST blocks), not flood-mapping accuracy"
U2,v002,U2_B1B2_v1,20260923,W_pred_components,734.0,,,,"agreement with held-out weak reference labels (TEST blocks), not flood-mapping accuracy"
U2,v002,U2_B1B2_v1,20260923,G_PR_AUC,0.978,,,,"agreement with held-out weak reference labels (TEST blocks), not flood-mapping accuracy"
U2,v002,U2_B1B2_v1,20260923,threshold,0.5,,,,"agreement with held-out weak reference labels (TEST blocks), not flood-mapping accuracy"
U0d,v003_A,U0d_B1B2_v003A,20260923,A_FP_area_dry_cropland_km2,0.4306,0.0982825,0.8566025,,"agreement with held-out weak reference labels (TEST blocks), not flood-mapping accuracy"
U0d,v003_A,U0d_B1B2_v003A,20260923,A_FP_rate_dry_cropland,0.001685,0.00047285,0.0037105249999999,,"agreement with held-out weak reference labels (TEST blocks), not flood-mapping accuracy"
U0d,v003_A,U0d_B1B2_v003A,20260923,A_evaluated_dry_cropland_km2,255.58,131.5835,397.30075,,"agreement with held-out weak reference labels (TEST blocks), not flood-mapping accuracy"
U0d,v003_A,U0d_B1B2_v003A,20260923,B_recall_flooded_open_low_veg,0.6901,0.0063,0.9157025,,"agreement with held-out weak reference labels (TEST blocks), not flood-mapping accuracy"
U0d,v003_A,U0d_B1B2_v003A,20260923,B_IoU_open_low_veg,0.6225,0.0043975,0.8316025,,"agreement with held-out weak reference labels (TEST blocks), not flood-mapping accuracy"
U0d,v003_A,U0d_B1B2_v003A,20260923,B_FN_area_km2,1.633,0.2535975,3.483205,,"agreement with held-out weak reference labels (TEST blocks), not flood-mapping accuracy"
U0d,v003_A,U0d_B1B2_v003A,20260923,B_reference_km2,5.269,0.313975,12.94854999999999,,"agreement with held-out weak reference labels (TEST blocks), not flood-mapping accuracy"
U0d,v003_A,U0d_B1B2_v003A,20260923,C_recall_flooded_cropland_LOWN,0.7859,0.0012,0.9657,,"agreement with held-out weak reference labels (TEST blocks), not flood-mapping accuracy"
U0d,v003_A,U0d_B1B2_v003A,20260923,C_FN_area_km2,0.1192,0.0029975,0.2994099999999999,,"agreement with held-out weak reference labels (TEST blocks), not flood-mapping accuracy"
U0d,v003_A,U0d_B1B2_v003A,20260923,C_reference_km2,0.557,0.017,1.455025,,"agreement with held-out weak reference labels (TEST blocks), not flood-mapping accuracy"
U0d,v003_A,U0d_B1B2_v003A,20260923,W_precision,0.9638,0.7329325,0.9856,,"agreement with held-out weak reference labels (TEST blocks), not flood-mapping accuracy"
U0d,v003_A,U0d_B1B2_v003A,20260923,W_recall,0.9695,0.8941,0.9779,,"agreement with held-out weak reference labels (TEST blocks), not flood-mapping accuracy"
U0d,v003_A,U0d_B1B2_v003A,20260923,W_IoU,0.9355,0.6810575000000001,0.9620025,,"agreement with held-out weak reference labels (TEST blocks), not flood-mapping accuracy"
U0d,v003_A,U0d_B1B2_v003A,20260923,BU_FP_area_km2,0.3692,0.011695,0.8043149999999999,,"agreement with held-out weak reference labels (TEST blocks), not flood-mapping accuracy"
U0d,v003_A,U0d_B1B2_v003A,20260923,BU_precision,0.4362,0.26811,0.6766,,"agreement with held-out weak reference labels (TEST blocks), not flood-mapping accuracy"
U0d,v003_A,U0d_B1B2_v003A,20260923,BS_FP_area_km2,0.003,0.0,0.0073,,"agreement with held-out weak reference labels (TEST blocks), not flood-mapping accuracy"
U0d,v003_A,U0d_B1B2_v003A,20260923,G_F1,0.9287,0.67008,0.9418025,,"agreement with held-out weak reference labels (TEST blocks), not flood-mapping accuracy"
U0d,v003_A,U0d_B1B2_v003A,20260923,G_IoU,0.8669,0.503875,0.8901025,,"agreement with held-out weak reference labels (TEST blocks), not flood-mapping accuracy"
U0d,v003_A,U0d_B1B2_v003A,20260923,G_precision,0.9302,0.683185,0.9516,,"agreement with held-out weak reference labels (TEST blocks), not flood-mapping accuracy"
U0d,v003_A,U0d_B1B2_v003A,20260923,G_recall,0.9273,0.6856574999999999,0.9478025,,"agreement with held-out weak reference labels (TEST blocks), not flood-mapping accuracy"
U0d,v003_A,U0d_B1B2_v003A,20260923,A1_isolated_field_FP_km2,0.3729,0.07686,0.7719524999999997,,"agreement with held-out weak reference labels (TEST blocks), not flood-mapping accuracy"
U0d,v003_A,U0d_B1B2_v003A,20260923,A2_pred_flood_on_nonflood_cropland_km2,0.4306,0.0982825,0.8566025,,"agreement with held-out weak reference labels (TEST blocks), not flood-mapping accuracy"
U0d,v003_A,U0d_B1B2_v003A,20260923,A2_PREDICTED_FLOOD_BURDEN_ON_UNLABELLED_CROPLAND_km2,7.5603,2.0993925,15.83739,,"agreement with held-out weak reference labels (TEST blocks), not flood-mapping accuracy"
U0d,v003_A,U0d_B1B2_v003A,20260923,A2_unlabelled_cropland_evaluated_km2,475.47,280.73375,701.81175,,"agreement with held-out weak reference labels (TEST blocks), not flood-mapping accuracy"
U0d,v003_A,U0d_B1B2_v003A,20260923,A2_frac_unlabelled_cropland_above_thr,0.0159,0.00527875,0.02997025,,"agreement with held-out weak reference labels (TEST blocks), not flood-mapping accuracy"
U0d,v003_A,U0d_B1B2_v003A,20260923,A2_frac_nonflood_cropland_above_thr,0.00168,0.00047,0.0037104999999999,,"agreement with held-out weak reference labels (TEST blocks), not flood-mapping accuracy"
U0d,v003_A,U0d_B1B2_v003A,20260923,A2_isolated_field_like_km2,7.1456,1.94028,15.2731225,,"agreement with held-out weak reference labels (TEST blocks), not flood-mapping accuracy"
U0d,v003_A,U0d_B1B2_v003A,20260923,A2_isolated_field_like_on_unlabelled_km2,6.6122,1.671885,14.532427499999994,,"agreement with held-out weak reference labels (TEST blocks), not flood-mapping accuracy"
U0d,v003_A,U0d_B1B2_v003A,20260923,A1_n_fp_components,153.0,,,,"agreement with held-out weak reference labels (TEST blocks), not flood-mapping accuracy"
U0d,v003_A,U0d_B1B2_v003A,20260923,A2_n_isolated_field_like_components,75.0,,,,"agreement with held-out weak reference labels (TEST blocks), not flood-mapping accuracy"
U0d,v003_A,U0d_B1B2_v003A,20260923,B_n_ref_components,1376.0,,,,"agreement with held-out weak reference labels (TEST blocks), not flood-mapping accuracy"
U0d,v003_A,U0d_B1B2_v003A,20260923,B_n_recovered,230.0,,,,"agreement with held-out weak reference labels (TEST blocks), not flood-mapping accuracy"
U0d,v003_A,U0d_B1B2_v003A,20260923,B_n_contributing_test_blocks,9.0,,,,"agreement with held-out weak reference labels (TEST blocks), not flood-mapping accuracy"
U0d,v003_A,U0d_B1B2_v003A,20260923,C_n_ref_components_LOWN,258.0,,,,"agreement with held-out weak reference labels (TEST blocks), not flood-mapping accuracy"
U0d,v003_A,U0d_B1B2_v003A,20260923,C_n_recovered_LOWN,123.0,,,,"agreement with held-out weak reference labels (TEST blocks), not flood-mapping accuracy"
U0d,v003_A,U0d_B1B2_v003A,20260923,W_pred_components,568.0,,,,"agreement with held-out weak reference labels (TEST blocks), not flood-mapping accuracy"
U0d,v003_A,U0d_B1B2_v003A,20260923,G_PR_AUC,0.9698,,,,"agreement with held-out weak reference labels (TEST blocks), not flood-mapping accuracy"
U0d,v003_A,U0d_B1B2_v003A,20260923,threshold,0.65,,,,"agreement with held-out weak reference labels (TEST blocks), not flood-mapping accuracy"
U2,v003_A,U2_B1B2_v003A,20260923,A_FP_area_dry_cropland_km2,0.156,0.0060975,0.3611049999999999,,"agreement with held-out weak reference labels (TEST blocks), not flood-mapping accuracy"
U2,v003_A,U2_B1B2_v003A,20260923,A_FP_rate_dry_cropland,0.00061,3.3e-05,0.0011650249999999,,"agreement with held-out weak reference labels (TEST blocks), not flood-mapping accuracy"
U2,v003_A,U2_B1B2_v003A,20260923,A_evaluated_dry_cropland_km2,255.58,131.5835,397.30075,,"agreement with held-out weak reference labels (TEST blocks), not flood-mapping accuracy"
U2,v003_A,U2_B1B2_v003A,20260923,B_recall_flooded_open_low_veg,0.6458,0.0125,0.9279,,"agreement with held-out weak reference labels (TEST blocks), not flood-mapping accuracy"
U2,v003_A,U2_B1B2_v003A,20260923,B_IoU_open_low_veg,0.6188,0.01,0.8926074999999999,,"agreement with held-out weak reference labels (TEST blocks), not flood-mapping accuracy"
U2,v003_A,U2_B1B2_v003A,20260923,B_FN_area_km2,1.8662,0.249165,4.181934999999999,,"agreement with held-out weak reference labels (TEST blocks), not flood-mapping accuracy"
U2,v003_A,U2_B1B2_v003A,20260923,B_reference_km2,5.269,0.313975,12.94854999999999,,"agreement with held-out weak reference labels (TEST blocks), not flood-mapping accuracy"
U2,v003_A,U2_B1B2_v003A,20260923,C_recall_flooded_cropland_LOWN,0.7782,0.007,0.9715025,,"agreement with held-out weak reference labels (TEST blocks), not flood-mapping accuracy"
U2,v003_A,U2_B1B2_v003A,20260923,C_FN_area_km2,0.1235,0.0054,0.3041124999999999,,"agreement with held-out weak reference labels (TEST blocks), not flood-mapping accuracy"
U2,v003_A,U2_B1B2_v003A,20260923,C_reference_km2,0.557,0.017,1.455025,,"agreement with held-out weak reference labels (TEST blocks), not flood-mapping accuracy"
U2,v003_A,U2_B1B2_v003A,20260923,W_precision,0.9681,0.919,0.9733,,"agreement with held-out weak reference labels (TEST blocks), not flood-mapping accuracy"
U2,v003_A,U2_B1B2_v003A,20260923,W_recall,0.976,0.9253,0.9893,,"agreement with held-out weak reference labels (TEST blocks), not flood-mapping accuracy"
U2,v003_A,U2_B1B2_v003A,20260923,W_IoU,0.9456,0.8555,0.9633,,"agreement with held-out weak reference labels (TEST blocks), not flood-mapping accuracy"
U2,v003_A,U2_B1B2_v003A,20260923,BU_FP_area_km2,0.2975,0.0269,0.6465,,"agreement with held-out weak reference labels (TEST blocks), not flood-mapping accuracy"
U2,v003_A,U2_B1B2_v003A,20260923,BU_precision,0.4631,0.141065,0.6351,,"agreement with held-out weak reference labels (TEST blocks), not flood-mapping accuracy"
U2,v003_A,U2_B1B2_v003A,20260923,BS_FP_area_km2,0.0032,0.0,0.0084,,"agreement with held-out weak reference labels (TEST blocks), not flood-mapping accuracy"
U2,v003_A,U2_B1B2_v003A,20260923,G_F1,0.9306,0.72898,0.9422025,,"agreement with held-out weak reference labels (TEST blocks), not flood-mapping accuracy"
U2,v003_A,U2_B1B2_v003A,20260923,G_IoU,0.8702,0.57353,0.8907025000000001,,"agreement with held-out weak reference labels (TEST blocks), not flood-mapping accuracy"
U2,v003_A,U2_B1B2_v003A,20260923,G_precision,0.9336,0.728165,0.9462,,"agreement with held-out weak reference labels (TEST blocks), not flood-mapping accuracy"
U2,v003_A,U2_B1B2_v003A,20260923,G_recall,0.9276,0.7186400000000001,0.9525,,"agreement with held-out weak reference labels (TEST blocks), not flood-mapping accuracy"
U2,v003_A,U2_B1B2_v003A,20260923,A1_isolated_field_FP_km2,0.1082,0.0,0.2525374999999987,,"agreement with held-out weak reference labels (TEST blocks), not flood-mapping accuracy"
U2,v003_A,U2_B1B2_v003A,20260923,A2_pred_flood_on_nonflood_cropland_km2,0.156,0.0060975,0.3611049999999999,,"agreement with held-out weak reference labels (TEST blocks), not flood-mapping accuracy"
U2,v003_A,U2_B1B2_v003A,20260923,A2_PREDICTED_FLOOD_BURDEN_ON_UNLABELLED_CROPLAND_km2,4.0625,0.69638,9.556874999999998,,"agreement with held-out weak reference labels (TEST blocks), not flood-mapping accuracy"
U2,v003_A,U2_B1B2_v003A,20260923,A2_unlabelled_cropland_evaluated_km2,475.47,280.73375,701.81175,,"agreement with held-out weak reference labels (TEST blocks), not flood-mapping accuracy"
U2,v003_A,U2_B1B2_v003A,20260923,A2_frac_unlabelled_cropland_above_thr,0.00854,0.00155975,0.02708025,,"agreement with held-out weak reference labels (TEST blocks), not flood-mapping accuracy"
U2,v003_A,U2_B1B2_v003A,20260923,A2_frac_nonflood_cropland_above_thr,0.00061,3e-05,0.0011602499999999,,"agreement with held-out weak reference labels (TEST blocks), not flood-mapping accuracy"
U2,v003_A,U2_B1B2_v003A,20260923,A2_isolated_field_like_km2,1.1483,0.2378,2.32325,,"agreement with held-out weak reference labels (TEST blocks), not flood-mapping accuracy"
U2,v003_A,U2_B1B2_v003A,20260923,A2_isolated_field_like_on_unlabelled_km2,1.0091,0.1873,2.0738174999999988,,"agreement with held-out weak reference labels (TEST blocks), not flood-mapping accuracy"
U2,v003_A,U2_B1B2_v003A,20260923,A1_n_fp_components,126.0,,,,"agreement with held-out weak reference labels (TEST blocks), not flood-mapping accuracy"
U2,v003_A,U2_B1B2_v003A,20260923,A2_n_isolated_field_like_components,19.0,,,,"agreement with held-out weak reference labels (TEST blocks), not flood-mapping accuracy"
U2,v003_A,U2_B1B2_v003A,20260923,B_n_ref_components,1376.0,,,,"agreement with held-out weak reference labels (TEST blocks), not flood-mapping accuracy"
U2,v003_A,U2_B1B2_v003A,20260923,B_n_recovered,213.0,,,,"agreement with held-out weak reference labels (TEST blocks), not flood-mapping accuracy"
U2,v003_A,U2_B1B2_v003A,20260923,B_n_contributing_test_blocks,9.0,,,,"agreement with held-out weak reference labels (TEST blocks), not flood-mapping accuracy"
U2,v003_A,U2_B1B2_v003A,20260923,C_n_ref_components_LOWN,258.0,,,,"agreement with held-out weak reference labels (TEST blocks), not flood-mapping accuracy"
U2,v003_A,U2_B1B2_v003A,20260923,C_n_recovered_LOWN,114.0,,,,"agreement with held-out weak reference labels (TEST blocks), not flood-mapping accuracy"
U2,v003_A,U2_B1B2_v003A,20260923,W_pred_components,512.0,,,,"agreement with held-out weak reference labels (TEST blocks), not flood-mapping accuracy"
U2,v003_A,U2_B1B2_v003A,20260923,G_PR_AUC,0.9613,,,,"agreement with held-out weak reference labels (TEST blocks), not flood-mapping accuracy"
U2,v003_A,U2_B1B2_v003A,20260923,threshold,0.37,,,,"agreement with held-out weak reference labels (TEST blocks), not flood-mapping accuracy"
U2b,v003_A,U2b_B1B2_v003A,20260923,A_FP_area_dry_cropland_km2,0.0662,0.0072,0.171,,"agreement with held-out weak reference labels (TEST blocks), not flood-mapping accuracy"
U2b,v003_A,U2b_B1B2_v003A,20260923,A_FP_rate_dry_cropland,0.000259,2.9e-05,0.0005770249999999,,"agreement with held-out weak reference labels (TEST blocks), not flood-mapping accuracy"
U2b,v003_A,U2b_B1B2_v003A,20260923,A_evaluated_dry_cropland_km2,255.58,131.5835,397.30075,,"agreement with held-out weak reference labels (TEST blocks), not flood-mapping accuracy"
U2b,v003_A,U2b_B1B2_v003A,20260923,B_recall_flooded_open_low_veg,0.6917,0.01028,0.9243025,,"agreement with held-out weak reference labels (TEST blocks), not flood-mapping accuracy"
U2b,v003_A,U2b_B1B2_v003A,20260923,B_IoU_open_low_veg,0.6738,0.008995,0.9035025,,"agreement with held-out weak reference labels (TEST blocks), not flood-mapping accuracy"
U2b,v003_A,U2b_B1B2_v003A,20260923,B_FN_area_km2,1.6241,0.259545,3.522392499999999,,"agreement with held-out weak reference labels (TEST blocks), not flood-mapping accuracy"
U2b,v003_A,U2b_B1B2_v003A,20260923,B_reference_km2,5.269,0.313975,12.94854999999999,,"agreement with held-out weak reference labels (TEST blocks), not flood-mapping accuracy"
U2b,v003_A,U2b_B1B2_v003A,20260923,C_recall_flooded_cropland_LOWN,0.7906,0.0,0.9739,,"agreement with held-out weak reference labels (TEST blocks), not flood-mapping accuracy"
U2b,v003_A,U2b_B1B2_v003A,20260923,C_FN_area_km2,0.1166,0.0029975,0.2952,,"agreement with held-out weak reference labels (TEST blocks), not flood-mapping accuracy"
U2b,v003_A,U2b_B1B2_v003A,20260923,C_reference_km2,0.557,0.017,1.455025,,"agreement with held-out weak reference labels (TEST blocks), not flood-mapping accuracy"
U2b,v003_A,U2b_B1B2_v003A,20260923,W_precision,0.9663,0.9332,0.9831025,,"agreement with held-out weak reference labels (TEST blocks), not flood-mapping accuracy"
U2b,v003_A,U2b_B1B2_v003A,20260923,W_recall,0.9811,0.9086425,0.9902,,"agreement with held-out weak reference labels (TEST blocks), not flood-mapping accuracy"
U2b,v003_A,U2b_B1B2_v003A,20260923,W_IoU,0.9486,0.85812,0.9633025,,"agreement with held-out weak reference labels (TEST blocks), not flood-mapping accuracy"
U2b,v003_A,U2b_B1B2_v003A,20260923,BU_FP_area_km2,0.4922,0.0196,1.1444075,,"agreement with held-out weak reference labels (TEST blocks), not flood-mapping accuracy"
U2b,v003_A,U2b_B1B2_v003A,20260923,BU_precision,0.3729,0.1499,0.766045,,"agreement with held-out weak reference labels (TEST blocks), not flood-mapping accuracy"
U2b,v003_A,U2b_B1B2_v003A,20260923,BS_FP_area_km2,0.0019,0.0,0.0051,,"agreement with held-out weak reference labels (TEST blocks), not flood-mapping accuracy"
U2b,v003_A,U2b_B1B2_v003A,20260923,G_F1,0.9365,0.7850875,0.946,,"agreement with held-out weak reference labels (TEST blocks), not flood-mapping accuracy"
U2b,v003_A,U2b_B1B2_v003A,20260923,G_IoU,0.8805,0.6462475,0.8976,,"agreement with held-out weak reference labels (TEST blocks), not flood-mapping accuracy"
U2b,v003_A,U2b_B1B2_v003A,20260923,G_precision,0.934,0.910325,0.9479025,,"agreement with held-out weak reference labels (TEST blocks), not flood-mapping accuracy"
U2b,v003_A,U2b_B1B2_v003A,20260923,G_recall,0.9389,0.7068,0.9601,,"agreement with held-out weak reference labels (TEST blocks), not flood-mapping accuracy"
U2b,v003_A,U2b_B1B2_v003A,20260923,A1_isolated_field_FP_km2,0.0416,0.0,0.1248,,"agreement with held-out weak reference labels (TEST blocks), not flood-mapping accuracy"
U2b,v003_A,U2b_B1B2_v003A,20260923,A2_pred_flood_on_nonflood_cropland_km2,0.0662,0.0072,0.171,,"agreement with held-out weak reference labels (TEST blocks), not flood-mapping accuracy"
U2b,v003_A,U2b_B1B2_v003A,20260923,A2_PREDICTED_FLOOD_BURDEN_ON_UNLABELLED_CROPLAND_km2,1.4672,0.16908,3.731837499999997,,"agreement with held-out weak reference labels (TEST blocks), not flood-mapping accuracy"
U2b,v003_A,U2b_B1B2_v003A,20260923,A2_unlabelled_cropland_evaluated_km2,475.47,280.73375,701.81175,,"agreement with held-out weak reference labels (TEST blocks), not flood-mapping accuracy"
U2b,v003_A,U2b_B1B2_v003A,20260923,A2_frac_unlabelled_cropland_above_thr,0.00309,0.00042,0.0074609999999999,,"agreement with held-out weak reference labels (TEST blocks), not flood-mapping accuracy"
U2b,v003_A,U2b_B1B2_v003A,20260923,A2_frac_nonflood_cropland_above_thr,0.00026,3e-05,0.00058,,"agreement with held-out weak reference labels (TEST blocks), not flood-mapping accuracy"
U2b,v003_A,U2b_B1B2_v003A,20260923,A2_isolated_field_like_km2,1.3313,0.0,3.699839999999997,,"agreement with held-out weak reference labels (TEST blocks), not flood-mapping accuracy"
U2b,v003_A,U2b_B1B2_v003A,20260923,A2_isolated_field_like_on_unlabelled_km2,1.2369,0.0,3.4338,,"agreement with held-out weak reference labels (TEST blocks), not flood-mapping accuracy"
U2b,v003_A,U2b_B1B2_v003A,20260923,A1_n_fp_components,71.0,,,,"agreement with held-out weak reference labels (TEST blocks), not flood-mapping accuracy"
U2b,v003_A,U2b_B1B2_v003A,20260923,A2_n_isolated_field_like_components,12.0,,,,"agreement with held-out weak reference labels (TEST blocks), not flood-mapping accuracy"
U2b,v003_A,U2b_B1B2_v003A,20260923,B_n_ref_components,1376.0,,,,"agreement with held-out weak reference labels (TEST blocks), not flood-mapping accuracy"
U2b,v003_A,U2b_B1B2_v003A,20260923,B_n_recovered,232.0,,,,"agreement with held-out weak reference labels (TEST blocks), not flood-mapping accuracy"
U2b,v003_A,U2b_B1B2_v003A,20260923,B_n_contributing_test_blocks,9.0,,,,"agreement with held-out weak reference labels (TEST blocks), not flood-mapping accuracy"
U2b,v003_A,U2b_B1B2_v003A,20260923,C_n_ref_components_LOWN,258.0,,,,"agreement with held-out weak reference labels (TEST blocks), not flood-mapping accuracy"
U2b,v003_A,U2b_B1B2_v003A,20260923,C_n_recovered_LOWN,121.0,,,,"agreement with held-out weak reference labels (TEST blocks), not flood-mapping accuracy"
U2b,v003_A,U2b_B1B2_v003A,20260923,W_pred_components,627.0,,,,"agreement with held-out weak reference labels (TEST blocks), not flood-mapping accuracy"
U2b,v003_A,U2b_B1B2_v003A,20260923,G_PR_AUC,0.9724,,,,"agreement with held-out weak reference labels (TEST blocks), not flood-mapping accuracy"
U2b,v003_A,U2b_B1B2_v003A,20260923,threshold,0.78,,,,"agreement with held-out weak reference labels (TEST blocks), not flood-mapping accuracy"
U0d,v004,U0d_B1B2_v004,20260923,A_FP_area_dry_cropland_km2,0.5397,0.052855,1.1403075,,"agreement with held-out weak reference labels (TEST blocks), not flood-mapping accuracy"
U0d,v004,U0d_B1B2_v004,20260923,A_FP_rate_dry_cropland,0.002135,0.000281875,0.0043003999999999,,"agreement with held-out weak reference labels (TEST blocks), not flood-mapping accuracy"
U0d,v004,U0d_B1B2_v004,20260923,A_evaluated_dry_cropland_km2,252.77,130.23600000000002,392.96325,,"agreement with held-out weak reference labels (TEST blocks), not flood-mapping accuracy"
U0d,v004,U0d_B1B2_v004,20260923,B_recall_flooded_open_low_veg,0.6032,0.00979,0.9498,,"agreement with held-out weak reference labels (TEST blocks), not flood-mapping accuracy"
U0d,v004,U0d_B1B2_v004,20260923,B_IoU_open_low_veg,0.5462,0.007095,0.845405,,"agreement with held-out weak reference labels (TEST blocks), not flood-mapping accuracy"
U0d,v004,U0d_B1B2_v004,20260923,B_FN_area_km2,2.5702,0.221495,5.658839999999992,,"agreement with held-out weak reference labels (TEST blocks), not flood-mapping accuracy"
U0d,v004,U0d_B1B2_v004,20260923,B_reference_km2,6.477,0.455925,14.58072499999999,,"agreement with held-out weak reference labels (TEST blocks), not flood-mapping accuracy"
U0d,v004,U0d_B1B2_v004,20260923,C_recall_flooded_cropland_LOWN,0.7725,0.02856,0.9800025,,"agreement with held-out weak reference labels (TEST blocks), not flood-mapping accuracy"
U0d,v004,U0d_B1B2_v004,20260923,C_FN_area_km2,0.1462,0.012,0.3730249999999999,,"agreement with held-out weak reference labels (TEST blocks), not flood-mapping accuracy"
U0d,v004,U0d_B1B2_v004,20260923,C_reference_km2,0.643,0.042,1.6170499999999997,,"agreement with held-out weak reference labels (TEST blocks), not flood-mapping accuracy"
U0d,v004,U0d_B1B2_v004,20260923,W_precision,0.9677,0.8282925,0.9787025,,"agreement with held-out weak reference labels (TEST blocks), not flood-mapping accuracy"
U0d,v004,U0d_B1B2_v004,20260923,W_recall,0.9795,0.905,0.9896,,"agreement with held-out weak reference labels (TEST blocks), not flood-mapping accuracy"
U0d,v004,U0d_B1B2_v004,20260923,W_IoU,0.9485,0.7724424999999999,0.9681,,"agreement with held-out weak reference labels (TEST blocks), not flood-mapping accuracy"
U0d,v004,U0d_B1B2_v004,20260923,BU_FP_area_km2,0.3561,0.042875,0.7419174999999999,,"agreement with held-out weak reference labels (TEST blocks), not flood-mapping accuracy"
U0d,v004,U0d_B1B2_v004,20260923,BU_precision,0.5292,0.2335,0.6817,,"agreement with held-out weak reference labels (TEST blocks), not flood-mapping accuracy"
U0d,v004,U0d_B1B2_v004,20260923,BS_FP_area_km2,0.0076,0.0,0.0207,,"agreement with held-out weak reference labels (TEST blocks), not flood-mapping accuracy"
U0d,v004,U0d_B1B2_v004,20260923,G_F1,0.9261,0.6572125,0.9454,,"agreement with held-out weak reference labels (TEST blocks), not flood-mapping accuracy"
U0d,v004,U0d_B1B2_v004,20260923,G_IoU,0.8624,0.4894925,0.8964025,,"agreement with held-out weak reference labels (TEST blocks), not flood-mapping accuracy"
U0d,v004,U0d_B1B2_v004,20260923,G_precision,0.9305,0.7403249999999999,0.9512025,,"agreement with held-out weak reference labels (TEST blocks), not flood-mapping accuracy"
U0d,v004,U0d_B1B2_v004,20260923,G_recall,0.9217,0.6073875000000001,0.9638075,,"agreement with held-out weak reference labels (TEST blocks), not flood-mapping accuracy"
U0d,v004,U0d_B1B2_v004,20260923,A1_isolated_field_FP_km2,0.4253,0.0298,0.9216049999999996,,"agreement with held-out weak reference labels (TEST blocks), not flood-mapping accuracy"
U0d,v004,U0d_B1B2_v004,20260923,A2_pred_flood_on_nonflood_cropland_km2,0.5397,0.052855,1.1403075,,"agreement with held-out weak reference labels (TEST blocks), not flood-mapping accuracy"
U0d,v004,U0d_B1B2_v004,20260923,A2_PREDICTED_FLOOD_BURDEN_ON_UNLABELLED_CROPLAND_km2,6.4036,3.0675825,10.475524999999998,,"agreement with held-out weak reference labels (TEST blocks), not flood-mapping accuracy"
U0d,v004,U0d_B1B2_v004,20260923,A2_unlabelled_cropland_evaluated_km2,474.6,280.6005,700.57425,,"agreement with held-out weak reference labels (TEST blocks), not flood-mapping accuracy"
U0d,v004,U0d_B1B2_v004,20260923,A2_frac_unlabelled_cropland_above_thr,0.01349,0.00725825,0.0207704999999999,,"agreement with held-out weak reference labels (TEST blocks), not flood-mapping accuracy"
U0d,v004,U0d_B1B2_v004,20260923,A2_frac_nonflood_cropland_above_thr,0.00214,0.00028,0.0043004999999999,,"agreement with held-out weak reference labels (TEST blocks), not flood-mapping accuracy"
U0d,v004,U0d_B1B2_v004,20260923,A2_isolated_field_like_km2,5.5467,2.3776425,9.423389999999998,,"agreement with held-out weak reference labels (TEST blocks), not flood-mapping accuracy"
U0d,v004,U0d_B1B2_v004,20260923,A2_isolated_field_like_on_unlabelled_km2,4.9768,2.1601725000000003,8.541434999999995,,"agreement with held-out weak reference labels (TEST blocks), not flood-mapping accuracy"
U0d,v004,U0d_B1B2_v004,20260923,A1_n_fp_components,232.0,,,,"agreement with held-out weak reference labels (TEST blocks), not flood-mapping accuracy"
U0d,v004,U0d_B1B2_v004,20260923,A2_n_isolated_field_like_components,78.0,,,,"agreement with held-out weak reference labels (TEST blocks), not flood-mapping accuracy"
U0d,v004,U0d_B1B2_v004,20260923,B_n_ref_components,1704.0,,,,"agreement with held-out weak reference labels (TEST blocks), not flood-mapping accuracy"
U0d,v004,U0d_B1B2_v004,20260923,B_n_recovered,192.0,,,,"agreement with held-out weak reference labels (TEST blocks), not flood-mapping accuracy"
U0d,v004,U0d_B1B2_v004,20260923,B_n_contributing_test_blocks,10.0,,,,"agreement with held-out weak reference labels (TEST blocks), not flood-mapping accuracy"
U0d,v004,U0d_B1B2_v004,20260923,C_n_ref_components_LOWN,274.0,,,,"agreement with held-out weak reference labels (TEST blocks), not flood-mapping accuracy"
U0d,v004,U0d_B1B2_v004,20260923,C_n_recovered_LOWN,112.0,,,,"agreement with held-out weak reference labels (TEST blocks), not flood-mapping accuracy"
U0d,v004,U0d_B1B2_v004,20260923,W_pred_components,580.0,,,,"agreement with held-out weak reference labels (TEST blocks), not flood-mapping accuracy"
U0d,v004,U0d_B1B2_v004,20260923,G_PR_AUC,0.9558,,,,"agreement with held-out weak reference labels (TEST blocks), not flood-mapping accuracy"
U0d,v004,U0d_B1B2_v004,20260923,threshold,0.17,,,,"agreement with held-out weak reference labels (TEST blocks), not flood-mapping accuracy"
U0d,v004,U0d_B1B2_v004_s20261001,20261001,A_FP_area_dry_cropland_km2,0.2942,0.015395,0.6750074999999994,,"agreement with held-out weak reference labels (TEST blocks), not flood-mapping accuracy"
U0d,v004,U0d_B1B2_v004_s20261001,20261001,A_FP_rate_dry_cropland,0.001164,8.395e-05,0.0027170999999999,,"agreement with held-out weak reference labels (TEST blocks), not flood-mapping accuracy"
U0d,v004,U0d_B1B2_v004_s20261001,20261001,A_evaluated_dry_cropland_km2,252.77,130.23600000000002,392.96325,,"agreement with held-out weak reference labels (TEST blocks), not flood-mapping accuracy"
U0d,v004,U0d_B1B2_v004_s20261001,20261001,B_recall_flooded_open_low_veg,0.6429,0.0087975,0.9550025,,"agreement with held-out weak reference labels (TEST blocks), not flood-mapping accuracy"
U0d,v004,U0d_B1B2_v004_s20261001,20261001,B_IoU_open_low_veg,0.6017,0.0077975,0.8845099999999999,,"agreement with held-out weak reference labels (TEST blocks), not flood-mapping accuracy"
U0d,v004,U0d_B1B2_v004_s20261001,20261001,B_FN_area_km2,2.313,0.1790625,5.186225,,"agreement with held-out weak reference labels (TEST blocks), not flood-mapping accuracy"
U0d,v004,U0d_B1B2_v004_s20261001,20261001,B_reference_km2,6.477,0.455925,14.58072499999999,,"agreement with held-out weak reference labels (TEST blocks), not flood-mapping accuracy"
U0d,v004,U0d_B1B2_v004_s20261001,20261001,C_recall_flooded_cropland_LOWN,0.7807,0.0192,0.9773025,,"agreement with held-out weak reference labels (TEST blocks), not flood-mapping accuracy"
U0d,v004,U0d_B1B2_v004_s20261001,20261001,C_FN_area_km2,0.1409,0.0116,0.3666049999999999,,"agreement with held-out weak reference labels (TEST blocks), not flood-mapping accuracy"
U0d,v004,U0d_B1B2_v004_s20261001,20261001,C_reference_km2,0.643,0.042,1.6170499999999997,,"agreement with held-out weak reference labels (TEST blocks), not flood-mapping accuracy"
U0d,v004,U0d_B1B2_v004_s20261001,20261001,W_precision,0.9712,0.9466975,0.9755,,"agreement with held-out weak reference labels (TEST blocks), not flood-mapping accuracy"
U0d,v004,U0d_B1B2_v004_s20261001,20261001,W_recall,0.9859,0.9324,0.9945,,"agreement with held-out weak reference labels (TEST blocks), not flood-mapping accuracy"
U0d,v004,U0d_B1B2_v004_s20261001,20261001,W_IoU,0.958,0.8878725000000001,0.9701,,"agreement with held-out weak reference labels (TEST blocks), not flood-mapping accuracy"
U0d,v004,U0d_B1B2_v004_s20261001,20261001,BU_FP_area_km2,0.4655,0.0529,1.0068,,"agreement with held-out weak reference labels (TEST blocks), not flood-mapping accuracy"
U0d,v004,U0d_B1B2_v004_s20261001,20261001,BU_precision,0.5051,0.2696925,0.6309,,"agreement with held-out weak reference labels (TEST blocks), not flood-mapping accuracy"
U0d,v004,U0d_B1B2_v004_s20261001,20261001,BS_FP_area_km2,0.0131,0.0,0.0366,,"agreement with held-out weak reference labels (TEST blocks), not flood-mapping accuracy"
U0d,v004,U0d_B1B2_v004_s20261001,20261001,G_F1,0.9336,0.720485,0.951005,,"agreement with held-out weak reference labels (TEST blocks), not flood-mapping accuracy"
U0d,v004,U0d_B1B2_v004_s20261001,20261001,G_IoU,0.8755,0.5631775,0.906705,,"agreement with held-out weak reference labels (TEST blocks), not flood-mapping accuracy"
U0d,v004,U0d_B1B2_v004_s20261001,20261001,G_precision,0.9319,0.8534900000000001,0.9423,,"agreement with held-out weak reference labels (TEST blocks), not flood-mapping accuracy"
U0d,v004,U0d_B1B2_v004_s20261001,20261001,G_recall,0.9354,0.62391,0.9728025,,"agreement with held-out weak reference labels (TEST blocks), not flood-mapping accuracy"
U0d,v004,U0d_B1B2_v004_s20261001,20261001,A1_isolated_field_FP_km2,0.2613,0.0006,0.6196149999999999,,"agreement with held-out weak reference labels (TEST blocks), not flood-mapping accuracy"
U0d,v004,U0d_B1B2_v004_s20261001,20261001,A2_pred_flood_on_nonflood_cropland_km2,0.2942,0.015395,0.6750074999999994,,"agreement with held-out weak reference labels (TEST blocks), not flood-mapping accuracy"
U0d,v004,U0d_B1B2_v004_s20261001,20261001,A2_PREDICTED_FLOOD_BURDEN_ON_UNLABELLED_CROPLAND_km2,3.7814,1.3526575,7.314757499999994,,"agreement with held-out weak reference labels (TEST blocks), not flood-mapping accuracy"
U0d,v004,U0d_B1B2_v004_s20261001,20261001,A2_unlabelled_cropland_evaluated_km2,474.6,280.6005,700.57425,,"agreement with held-out weak reference labels (TEST blocks), not flood-mapping accuracy"
U0d,v004,U0d_B1B2_v004_s20261001,20261001,A2_frac_unlabelled_cropland_above_thr,0.00797,0.00336975,0.0139517499999999,,"agreement with held-out weak reference labels (TEST blocks), not flood-mapping accuracy"
U0d,v004,U0d_B1B2_v004_s20261001,20261001,A2_frac_nonflood_cropland_above_thr,0.00116,8e-05,0.00272,,"agreement with held-out weak reference labels (TEST blocks), not flood-mapping accuracy"
U0d,v004,U0d_B1B2_v004_s20261001,20261001,A2_isolated_field_like_km2,3.5466,1.114855,7.034325,,"agreement with held-out weak reference labels (TEST blocks), not flood-mapping accuracy"
U0d,v004,U0d_B1B2_v004_s20261001,20261001,A2_isolated_field_like_on_unlabelled_km2,3.193,1.0020975,6.4486075,,"agreement with held-out weak reference labels (TEST blocks), not flood-mapping accuracy"
U0d,v004,U0d_B1B2_v004_s20261001,20261001,A1_n_fp_components,130.0,,,,"agreement with held-out weak reference labels (TEST blocks), not flood-mapping accuracy"
U0d,v004,U0d_B1B2_v004_s20261001,20261001,A2_n_isolated_field_like_components,52.0,,,,"agreement with held-out weak reference labels (TEST blocks), not flood-mapping accuracy"
U0d,v004,U0d_B1B2_v004_s20261001,20261001,B_n_ref_components,1704.0,,,,"agreement with held-out weak reference labels (TEST blocks), not flood-mapping accuracy"
U0d,v004,U0d_B1B2_v004_s20261001,20261001,B_n_recovered,219.0,,,,"agreement with held-out weak reference labels (TEST blocks), not flood-mapping accuracy"
U0d,v004,U0d_B1B2_v004_s20261001,20261001,B_n_contributing_test_blocks,10.0,,,,"agreement with held-out weak reference labels (TEST blocks), not flood-mapping accuracy"
U0d,v004,U0d_B1B2_v004_s20261001,20261001,C_n_ref_components_LOWN,274.0,,,,"agreement with held-out weak reference labels (TEST blocks), not flood-mapping accuracy"
U0d,v004,U0d_B1B2_v004_s20261001,20261001,C_n_recovered_LOWN,116.0,,,,"agreement with held-out weak reference labels (TEST blocks), not flood-mapping accuracy"
U0d,v004,U0d_B1B2_v004_s20261001,20261001,W_pred_components,670.0,,,,"agreement with held-out weak reference labels (TEST blocks), not flood-mapping accuracy"
U0d,v004,U0d_B1B2_v004_s20261001,20261001,G_PR_AUC,0.9615,,,,"agreement with held-out weak reference labels (TEST blocks), not flood-mapping accuracy"
U0d,v004,U0d_B1B2_v004_s20261001,20261001,threshold,0.2,,,,"agreement with held-out weak reference labels (TEST blocks), not flood-mapping accuracy"
U0d,v004,U0d_B1B2_v004_s20261002,20261002,A_FP_area_dry_cropland_km2,1.247,0.2000675,2.7095,,"agreement with held-out weak reference labels (TEST blocks), not flood-mapping accuracy"
U0d,v004,U0d_B1B2_v004_s20261002,20261002,A_FP_rate_dry_cropland,0.004933,0.00098885,0.0100706249999999,,"agreement with held-out weak reference labels (TEST blocks), not flood-mapping accuracy"
U0d,v004,U0d_B1B2_v004_s20261002,20261002,A_evaluated_dry_cropland_km2,252.77,130.23600000000002,392.96325,,"agreement with held-out weak reference labels (TEST blocks), not flood-mapping accuracy"
U0d,v004,U0d_B1B2_v004_s20261002,20261002,B_recall_flooded_open_low_veg,0.6326,0.01099,0.941505,,"agreement with held-out weak reference labels (TEST blocks), not flood-mapping accuracy"
U0d,v004,U0d_B1B2_v004_s20261002,20261002,B_IoU_open_low_veg,0.5204,0.0054975,0.78121,,"agreement with held-out weak reference labels (TEST blocks), not flood-mapping accuracy"
U0d,v004,U0d_B1B2_v004_s20261002,20261002,B_FN_area_km2,2.3795,0.234095,5.255934999999999,,"agreement with held-out weak reference labels (TEST blocks), not flood-mapping accuracy"
U0d,v004,U0d_B1B2_v004_s20261002,20261002,B_reference_km2,6.477,0.455925,14.58072499999999,,"agreement with held-out weak reference labels (TEST blocks), not flood-mapping accuracy"
U0d,v004,U0d_B1B2_v004_s20261002,20261002,C_recall_flooded_cropland_LOWN,0.7796,0.0355775,0.9781,,"agreement with held-out weak reference labels (TEST blocks), not flood-mapping accuracy"
U0d,v004,U0d_B1B2_v004_s20261002,20261002,C_FN_area_km2,0.1416,0.0108,0.3672299999999999,,"agreement with held-out weak reference labels (TEST blocks), not flood-mapping accuracy"
U0d,v004,U0d_B1B2_v004_s20261002,20261002,C_reference_km2,0.643,0.042,1.6170499999999997,,"agreement with held-out weak reference labels (TEST blocks), not flood-mapping accuracy"
U0d,v004,U0d_B1B2_v004_s20261002,20261002,W_precision,0.9698,0.7443924999999999,0.9823,,"agreement with held-out weak reference labels (TEST blocks), not flood-mapping accuracy"
U0d,v004,U0d_B1B2_v004_s20261002,20261002,W_recall,0.9798,0.913,0.9900075,,"agreement with held-out weak reference labels (TEST blocks), not flood-mapping accuracy"
U0d,v004,U0d_B1B2_v004_s20261002,20261002,W_IoU,0.9508,0.707465,0.9719,,"agreement with held-out weak reference labels (TEST blocks), not flood-mapping accuracy"
U0d,v004,U0d_B1B2_v004_s20261002,20261002,BU_FP_area_km2,0.5279,0.042,1.1724549999999998,,"agreement with held-out weak reference labels (TEST blocks), not flood-mapping accuracy"
U0d,v004,U0d_B1B2_v004_s20261002,20261002,BU_precision,0.4581,0.26647,0.642015,,"agreement with held-out weak reference labels (TEST blocks), not flood-mapping accuracy"
U0d,v004,U0d_B1B2_v004_s20261002,20261002,BS_FP_area_km2,0.0043,0.0,0.0109,,"agreement with held-out weak reference labels (TEST blocks), not flood-mapping accuracy"
U0d,v004,U0d_B1B2_v004_s20261002,20261002,G_F1,0.9228,0.595745,0.9472025,,"agreement with held-out weak reference labels (TEST blocks), not flood-mapping accuracy"
U0d,v004,U0d_B1B2_v004_s20261002,20261002,G_IoU,0.8567,0.4242425,0.8997025000000001,,"agreement with held-out weak reference labels (TEST blocks), not flood-mapping accuracy"
U0d,v004,U0d_B1B2_v004_s20261002,20261002,G_precision,0.9187,0.57335,0.9510025,,"agreement with held-out weak reference labels (TEST blocks), not flood-mapping accuracy"
U0d,v004,U0d_B1B2_v004_s20261002,20261002,G_recall,0.927,0.6135925,0.9617025,,"agreement with held-out weak reference labels (TEST blocks), not flood-mapping accuracy"
U0d,v004,U0d_B1B2_v004_s20261002,20261002,A1_isolated_field_FP_km2,0.9852,0.1628,2.08055,,"agreement with held-out weak reference labels (TEST blocks), not flood-mapping accuracy"
U0d,v004,U0d_B1B2_v004_s20261002,20261002,A2_pred_flood_on_nonflood_cropland_km2,1.247,0.2000675,2.7095,,"agreement with held-out weak reference labels (TEST blocks), not flood-mapping accuracy"
U0d,v004,U0d_B1B2_v004_s20261002,20261002,A2_PREDICTED_FLOOD_BURDEN_ON_UNLABELLED_CROPLAND_km2,12.7773,5.549055,21.149047499999984,,"agreement with held-out weak reference labels (TEST blocks), not flood-mapping accuracy"
U0d,v004,U0d_B1B2_v004_s20261002,20261002,A2_unlabelled_cropland_evaluated_km2,474.6,280.6005,700.57425,,"agreement with held-out weak reference labels (TEST blocks), not flood-mapping accuracy"
U0d,v004,U0d_B1B2_v004_s20261002,20261002,A2_frac_unlabelled_cropland_above_thr,0.02692,0.0141,0.0419437499999999,,"agreement with held-out weak reference labels (TEST blocks), not flood-mapping accuracy"
U0d,v004,U0d_B1B2_v004_s20261002,20261002,A2_frac_nonflood_cropland_above_thr,0.00493,0.00098975,0.0100704999999999,,"agreement with held-out weak reference labels (TEST blocks), not flood-mapping accuracy"
U0d,v004,U0d_B1B2_v004_s20261002,20261002,A2_isolated_field_like_km2,11.5507,4.9649675,19.336739999999995,,"agreement with held-out weak reference labels (TEST blocks), not flood-mapping accuracy"
U0d,v004,U0d_B1B2_v004_s20261002,20261002,A2_isolated_field_like_on_unlabelled_km2,10.3321,4.529405000000001,17.297874999999994,,"agreement with held-out weak reference labels (TEST blocks), not flood-mapping accuracy"
U0d,v004,U0d_B1B2_v004_s20261002,20261002,A1_n_fp_components,460.0,,,,"agreement with held-out weak reference labels (TEST blocks), not flood-mapping accuracy"
U0d,v004,U0d_B1B2_v004_s20261002,20261002,A2_n_isolated_field_like_components,94.0,,,,"agreement with held-out weak reference labels (TEST blocks), not flood-mapping accuracy"
U0d,v004,U0d_B1B2_v004_s20261002,20261002,B_n_ref_components,1704.0,,,,"agreement with held-out weak reference labels (TEST blocks), not flood-mapping accuracy"
U0d,v004,U0d_B1B2_v004_s20261002,20261002,B_n_recovered,215.0,,,,"agreement with held-out weak reference labels (TEST blocks), not flood-mapping accuracy"
U0d,v004,U0d_B1B2_v004_s20261002,20261002,B_n_contributing_test_blocks,10.0,,,,"agreement with held-out weak reference labels (TEST blocks), not flood-mapping accuracy"
U0d,v004,U0d_B1B2_v004_s20261002,20261002,C_n_ref_components_LOWN,274.0,,,,"agreement with held-out weak reference labels (TEST blocks), not flood-mapping accuracy"
U0d,v004,U0d_B1B2_v004_s20261002,20261002,C_n_recovered_LOWN,122.0,,,,"agreement with held-out weak reference labels (TEST blocks), not flood-mapping accuracy"
U0d,v004,U0d_B1B2_v004_s20261002,20261002,W_pred_components,704.0,,,,"agreement with held-out weak reference labels (TEST blocks), not flood-mapping accuracy"
U0d,v004,U0d_B1B2_v004_s20261002,20261002,G_PR_AUC,0.9633,,,,"agreement with held-out weak reference labels (TEST blocks), not flood-mapping accuracy"
U0d,v004,U0d_B1B2_v004_s20261002,20261002,threshold,0.36,,,,"agreement with held-out weak reference labels (TEST blocks), not flood-mapping accuracy"
U1,v004,U1_B1B2_v004,20260923,A_FP_area_dry_cropland_km2,0.7171,0.28668,1.2407299999999997,,"agreement with held-out weak reference labels (TEST blocks), not flood-mapping accuracy"
U1,v004,U1_B1B2_v004,20260923,A_FP_rate_dry_cropland,0.002837,0.0012507,0.0054821249999999,,"agreement with held-out weak reference labels (TEST blocks), not flood-mapping accuracy"
U1,v004,U1_B1B2_v004,20260923,A_evaluated_dry_cropland_km2,252.77,130.23600000000002,392.96325,,"agreement with held-out weak reference labels (TEST blocks), not flood-mapping accuracy"
U1,v004,U1_B1B2_v004,20260923,B_recall_flooded_open_low_veg,0.7177,0.0250725,0.9532025,,"agreement with held-out weak reference labels (TEST blocks), not flood-mapping accuracy"
U1,v004,U1_B1B2_v004,20260923,B_IoU_open_low_veg,0.63,0.017785,0.8357025,,"agreement with held-out weak reference labels (TEST blocks), not flood-mapping accuracy"
U1,v004,U1_B1B2_v004,20260923,B_FN_area_km2,1.8285,0.199935,4.158009999999999,,"agreement with held-out weak reference labels (TEST blocks), not flood-mapping accuracy"
U1,v004,U1_B1B2_v004,20260923,B_reference_km2,6.477,0.455925,14.58072499999999,,"agreement with held-out weak reference labels (TEST blocks), not flood-mapping accuracy"
U1,v004,U1_B1B2_v004,20260923,C_recall_flooded_cropland_LOWN,0.817,0.148185,0.9829,,"agreement with held-out weak reference labels (TEST blocks), not flood-mapping accuracy"
U1,v004,U1_B1B2_v004,20260923,C_FN_area_km2,0.1176,0.0094975,0.3123025,,"agreement with held-out weak reference labels (TEST blocks), not flood-mapping accuracy"
U1,v004,U1_B1B2_v004,20260923,C_reference_km2,0.643,0.042,1.6170499999999997,,"agreement with held-out weak reference labels (TEST blocks), not flood-mapping accuracy"
U1,v004,U1_B1B2_v004,20260923,W_precision,0.9848,0.9246975,0.9889,,"agreement with held-out weak reference labels (TEST blocks), not flood-mapping accuracy"
U1,v004,U1_B1B2_v004,20260923,W_recall,0.9709,0.903,0.9825075,,"agreement with held-out weak reference labels (TEST blocks), not flood-mapping accuracy"
U1,v004,U1_B1B2_v004,20260923,W_IoU,0.9566,0.8489,0.9714,,"agreement with held-out weak reference labels (TEST blocks), not flood-mapping accuracy"
U1,v004,U1_B1B2_v004,20260923,BU_FP_area_km2,0.109,0.0126,0.2399349999999998,,"agreement with held-out weak reference labels (TEST blocks), not flood-mapping accuracy"
U1,v004,U1_B1B2_v004,20260923,BU_precision,0.7151,0.422975,0.9,,"agreement with held-out weak reference labels (TEST blocks), not flood-mapping accuracy"
U1,v004,U1_B1B2_v004,20260923,BS_FP_area_km2,0.0,0.0,0.0,,"agreement with held-out weak reference labels (TEST blocks), not flood-mapping accuracy"
U1,v004,U1_B1B2_v004,20260923,G_F1,0.9407,0.6546225,0.9569025,,"agreement with held-out weak reference labels (TEST blocks), not flood-mapping accuracy"
U1,v004,U1_B1B2_v004,20260923,G_IoU,0.8881,0.4866125,0.9174025,,"agreement with held-out weak reference labels (TEST blocks), not flood-mapping accuracy"
U1,v004,U1_B1B2_v004,20260923,G_precision,0.9595,0.727595,0.9776,,"agreement with held-out weak reference labels (TEST blocks), not flood-mapping accuracy"
U1,v004,U1_B1B2_v004,20260923,G_recall,0.9226,0.605315,0.95,,"agreement with held-out weak reference labels (TEST blocks), not flood-mapping accuracy"
U1,v004,U1_B1B2_v004,20260923,A1_isolated_field_FP_km2,0.578,0.1879975,1.0621075,,"agreement with held-out weak reference labels (TEST blocks), not flood-mapping accuracy"
U1,v004,U1_B1B2_v004,20260923,A2_pred_flood_on_nonflood_cropland_km2,0.7171,0.28668,1.2407299999999997,,"agreement with held-out weak reference labels (TEST blocks), not flood-mapping accuracy"
U1,v004,U1_B1B2_v004,20260923,A2_PREDICTED_FLOOD_BURDEN_ON_UNLABELLED_CROPLAND_km2,13.4042,4.88385,26.11149,,"agreement with held-out weak reference labels (TEST blocks), not flood-mapping accuracy"
U1,v004,U1_B1B2_v004,20260923,A2_unlabelled_cropland_evaluated_km2,474.6,280.6005,700.57425,,"agreement with held-out weak reference labels (TEST blocks), not flood-mapping accuracy"
U1,v004,U1_B1B2_v004,20260923,A2_frac_unlabelled_cropland_above_thr,0.02824,0.01226775,0.0496137499999999,,"agreement with held-out weak reference labels (TEST blocks), not flood-mapping accuracy"
U1,v004,U1_B1B2_v004,20260923,A2_frac_nonflood_cropland_above_thr,0.00284,0.00124975,0.0054812499999999,,"agreement with held-out weak reference labels (TEST blocks), not flood-mapping accuracy"
U1,v004,U1_B1B2_v004,20260923,A2_isolated_field_like_km2,12.2505,4.302625,24.72778,,"agreement with held-out weak reference labels (TEST blocks), not flood-mapping accuracy"
U1,v004,U1_B1B2_v004,20260923,A2_isolated_field_like_on_unlabelled_km2,11.3385,3.8190275,23.4033825,,"agreement with held-out weak reference labels (TEST blocks), not flood-mapping accuracy"
U1,v004,U1_B1B2_v004,20260923,A1_n_fp_components,253.0,,,,"agreement with held-out weak reference labels (TEST blocks), not flood-mapping accuracy"
U1,v004,U1_B1B2_v004,20260923,A2_n_isolated_field_like_components,104.0,,,,"agreement with held-out weak reference labels (TEST blocks), not flood-mapping accuracy"
U1,v004,U1_B1B2_v004,20260923,B_n_ref_components,1704.0,,,,"agreement with held-out weak reference labels (TEST blocks), not flood-mapping accuracy"
U1,v004,U1_B1B2_v004,20260923,B_n_recovered,229.0,,,,"agreement with held-out weak reference labels (TEST blocks), not flood-mapping accuracy"
U1,v004,U1_B1B2_v004,20260923,B_n_contributing_test_blocks,10.0,,,,"agreement with held-out weak reference labels (TEST blocks), not flood-mapping accuracy"
U1,v004,U1_B1B2_v004,20260923,C_n_ref_components_LOWN,274.0,,,,"agreement with held-out weak reference labels (TEST blocks), not flood-mapping accuracy"
U1,v004,U1_B1B2_v004,20260923,C_n_recovered_LOWN,138.0,,,,"agreement with held-out weak reference labels (TEST blocks), not flood-mapping accuracy"
U1,v004,U1_B1B2_v004,20260923,W_pred_components,538.0,,,,"agreement with held-out weak reference labels (TEST blocks), not flood-mapping accuracy"
U1,v004,U1_B1B2_v004,20260923,G_PR_AUC,0.9585,,,,"agreement with held-out weak reference labels (TEST blocks), not flood-mapping accuracy"
U1,v004,U1_B1B2_v004,20260923,threshold,0.71,,,,"agreement with held-out weak reference labels (TEST blocks), not flood-mapping accuracy"
U1,v004,U1_B1B2_v004_s20261001,20261001,A_FP_area_dry_cropland_km2,1.7541,0.609985,3.130254999999999,,"agreement with held-out weak reference labels (TEST blocks), not flood-mapping accuracy"
U1,v004,U1_B1B2_v004_s20261001,20261001,A_FP_rate_dry_cropland,0.006939,0.00252695,0.015997025,,"agreement with held-out weak reference labels (TEST blocks), not flood-mapping accuracy"
U1,v004,U1_B1B2_v004_s20261001,20261001,A_evaluated_dry_cropland_km2,252.77,130.23600000000002,392.96325,,"agreement with held-out weak reference labels (TEST blocks), not flood-mapping accuracy"
U1,v004,U1_B1B2_v004_s20261001,20261001,B_recall_flooded_open_low_veg,0.7103,0.0795775,0.9701,,"agreement with held-out weak reference labels (TEST blocks), not flood-mapping accuracy"
U1,v004,U1_B1B2_v004_s20261001,20261001,B_IoU_open_low_veg,0.5481,0.037785,0.7774025,,"agreement with held-out weak reference labels (TEST blocks), not flood-mapping accuracy"
U1,v004,U1_B1B2_v004_s20261001,20261001,B_FN_area_km2,1.8764,0.1136949999999999,4.3020549999999975,,"agreement with held-out weak reference labels (TEST blocks), not flood-mapping accuracy"
U1,v004,U1_B1B2_v004_s20261001,20261001,B_reference_km2,6.477,0.455925,14.58072499999999,,"agreement with held-out weak reference labels (TEST blocks), not flood-mapping accuracy"
U1,v004,U1_B1B2_v004_s20261001,20261001,C_recall_flooded_cropland_LOWN,0.9091,0.5515749999999999,0.973805,,"agreement with held-out weak reference labels (TEST blocks), not flood-mapping accuracy"
U1,v004,U1_B1B2_v004_s20261001,20261001,C_FN_area_km2,0.0584,0.0103975,0.1235024999999999,,"agreement with held-out weak reference labels (TEST blocks), not flood-mapping accuracy"
U1,v004,U1_B1B2_v004_s20261001,20261001,C_reference_km2,0.643,0.042,1.6170499999999997,,"agreement with held-out weak reference labels (TEST blocks), not flood-mapping accuracy"
U1,v004,U1_B1B2_v004_s20261001,20261001,W_precision,0.9884,0.9604975,0.9905,,"agreement with held-out weak reference labels (TEST blocks), not flood-mapping accuracy"
U1,v004,U1_B1B2_v004_s20261001,20261001,W_recall,0.9653,0.8892,0.9826,,"agreement with held-out weak reference labels (TEST blocks), not flood-mapping accuracy"
U1,v004,U1_B1B2_v004_s20261001,20261001,W_IoU,0.9545,0.8631774999999999,0.9708,,"agreement with held-out weak reference labels (TEST blocks), not flood-mapping accuracy"
U1,v004,U1_B1B2_v004_s20261001,20261001,BU_FP_area_km2,0.09,0.010995,0.2062099999999999,,"agreement with held-out weak reference labels (TEST blocks), not flood-mapping accuracy"
U1,v004,U1_B1B2_v004_s20261001,20261001,BU_precision,0.7606,0.456875,0.9381,,"agreement with held-out weak reference labels (TEST blocks), not flood-mapping accuracy"
U1,v004,U1_B1B2_v004_s20261001,20261001,BS_FP_area_km2,0.0,0.0,0.0,,"agreement with held-out weak reference labels (TEST blocks), not flood-mapping accuracy"
U1,v004,U1_B1B2_v004_s20261001,20261001,G_F1,0.9303,0.5858525,0.9515,,"agreement with held-out weak reference labels (TEST blocks), not flood-mapping accuracy"
U1,v004,U1_B1B2_v004_s20261001,20261001,G_IoU,0.8696,0.41435,0.9075,,"agreement with held-out weak reference labels (TEST blocks), not flood-mapping accuracy"
U1,v004,U1_B1B2_v004_s20261001,20261001,G_precision,0.9434,0.5411375,0.9753,,"agreement with held-out weak reference labels (TEST blocks), not flood-mapping accuracy"
U1,v004,U1_B1B2_v004_s20261001,20261001,G_recall,0.9175,0.6152225,0.9482,,"agreement with held-out weak reference labels (TEST blocks), not flood-mapping accuracy"
U1,v004,U1_B1B2_v004_s20261001,20261001,A1_isolated_field_FP_km2,1.5591,0.447135,2.8961799999999984,,"agreement with held-out weak reference labels (TEST blocks), not flood-mapping accuracy"
U1,v004,U1_B1B2_v004_s20261001,20261001,A2_pred_flood_on_nonflood_cropland_km2,1.7541,0.609985,3.130254999999999,,"agreement with held-out weak reference labels (TEST blocks), not flood-mapping accuracy"
U1,v004,U1_B1B2_v004_s20261001,20261001,A2_PREDICTED_FLOOD_BURDEN_ON_UNLABELLED_CROPLAND_km2,31.2801,14.223315,54.37857749999999,,"agreement with held-out weak reference labels (TEST blocks), not flood-mapping accuracy"
U1,v004,U1_B1B2_v004_s20261001,20261001,A2_unlabelled_cropland_evaluated_km2,474.6,280.6005,700.57425,,"agreement with held-out weak reference labels (TEST blocks), not flood-mapping accuracy"
U1,v004,U1_B1B2_v004_s20261001,20261001,A2_frac_unlabelled_cropland_above_thr,0.06591,0.03597575,0.1044049999999999,,"agreement with held-out weak reference labels (TEST blocks), not flood-mapping accuracy"
U1,v004,U1_B1B2_v004_s20261001,20261001,A2_frac_nonflood_cropland_above_thr,0.00694,0.00252975,0.016,,"agreement with held-out weak reference labels (TEST blocks), not flood-mapping accuracy"
U1,v004,U1_B1B2_v004_s20261001,20261001,A2_isolated_field_like_km2,30.4078,13.2752525,54.912295,,"agreement with held-out weak reference labels (TEST blocks), not flood-mapping accuracy"
U1,v004,U1_B1B2_v004_s20261001,20261001,A2_isolated_field_like_on_unlabelled_km2,27.9764,11.5785675,51.51785249999998,,"agreement with held-out weak reference labels (TEST blocks), not flood-mapping accuracy"
U1,v004,U1_B1B2_v004_s20261001,20261001,A1_n_fp_components,433.0,,,,"agreement with held-out weak reference labels (TEST blocks), not flood-mapping accuracy"
U1,v004,U1_B1B2_v004_s20261001,20261001,A2_n_isolated_field_like_components,140.0,,,,"agreement with held-out weak reference labels (TEST blocks), not flood-mapping accuracy"
U1,v004,U1_B1B2_v004_s20261001,20261001,B_n_ref_components,1704.0,,,,"agreement with held-out weak reference labels (TEST blocks), not flood-mapping accuracy"
U1,v004,U1_B1B2_v004_s20261001,20261001,B_n_recovered,297.0,,,,"agreement with held-out weak reference labels (TEST blocks), not flood-mapping accuracy"
U1,v004,U1_B1B2_v004_s20261001,20261001,B_n_contributing_test_blocks,10.0,,,,"agreement with held-out weak reference labels (TEST blocks), not flood-mapping accuracy"
U1,v004,U1_B1B2_v004_s20261001,20261001,C_n_ref_components_LOWN,274.0,,,,"agreement with held-out weak reference labels (TEST blocks), not flood-mapping accuracy"
U1,v004,U1_B1B2_v004_s20261001,20261001,C_n_recovered_LOWN,207.0,,,,"agreement with held-out weak reference labels (TEST blocks), not flood-mapping accuracy"
U1,v004,U1_B1B2_v004_s20261001,20261001,W_pred_components,608.0,,,,"agreement with held-out weak reference labels (TEST blocks), not flood-mapping accuracy"
U1,v004,U1_B1B2_v004_s20261001,20261001,G_PR_AUC,0.9549,,,,"agreement with held-out weak reference labels (TEST blocks), not flood-mapping accuracy"
U1,v004,U1_B1B2_v004_s20261001,20261001,threshold,0.54,,,,"agreement with held-out weak reference labels (TEST blocks), not flood-mapping accuracy"
U1,v004,U1_B1B2_v004_s20261002,20261002,A_FP_area_dry_cropland_km2,2.3909,0.8536825,4.181932499999999,,"agreement with held-out weak reference labels (TEST blocks), not flood-mapping accuracy"
U1,v004,U1_B1B2_v004_s20261002,20261002,A_FP_rate_dry_cropland,0.009459,0.003797725,0.0182809249999999,,"agreement with held-out weak reference labels (TEST blocks), not flood-mapping accuracy"
U1,v004,U1_B1B2_v004_s20261002,20261002,A_evaluated_dry_cropland_km2,252.77,130.23600000000002,392.96325,,"agreement with held-out weak reference labels (TEST blocks), not flood-mapping accuracy"
U1,v004,U1_B1B2_v004_s20261002,20261002,B_recall_flooded_open_low_veg,0.6928,0.0237875,0.956805,,"agreement with held-out weak reference labels (TEST blocks), not flood-mapping accuracy"
U1,v004,U1_B1B2_v004_s20261002,20261002,B_IoU_open_low_veg,0.4961,0.007595,0.7398,,"agreement with held-out weak reference labels (TEST blocks), not flood-mapping accuracy"
U1,v004,U1_B1B2_v004_s20261002,20261002,B_FN_area_km2,1.9901,0.1684725,4.4671825,,"agreement with held-out weak reference labels (TEST blocks), not flood-mapping accuracy"
U1,v004,U1_B1B2_v004_s20261002,20261002,B_reference_km2,6.477,0.455925,14.58072499999999,,"agreement with held-out weak reference labels (TEST blocks), not flood-mapping accuracy"
U1,v004,U1_B1B2_v004_s20261002,20261002,C_recall_flooded_cropland_LOWN,0.8084,0.1132625,0.985105,,"agreement with held-out weak reference labels (TEST blocks), not flood-mapping accuracy"
U1,v004,U1_B1B2_v004_s20261002,20261002,C_FN_area_km2,0.1231,0.0074975,0.330105,,"agreement with held-out weak reference labels (TEST blocks), not flood-mapping accuracy"
U1,v004,U1_B1B2_v004_s20261002,20261002,C_reference_km2,0.643,0.042,1.6170499999999997,,"agreement with held-out weak reference labels (TEST blocks), not flood-mapping accuracy"
U1,v004,U1_B1B2_v004_s20261002,20261002,W_precision,0.968,0.9309875,0.9729,,"agreement with held-out weak reference labels (TEST blocks), not flood-mapping accuracy"
U1,v004,U1_B1B2_v004_s20261002,20261002,W_recall,0.985,0.9239,0.9951,,"agreement with held-out weak reference labels (TEST blocks), not flood-mapping accuracy"
U1,v004,U1_B1B2_v004_s20261002,20261002,W_IoU,0.9539,0.867795,0.9679,,"agreement with held-out weak reference labels (TEST blocks), not flood-mapping accuracy"
U1,v004,U1_B1B2_v004_s20261002,20261002,BU_FP_area_km2,0.1491,0.0236,0.3185174999999999,,"agreement with held-out weak reference labels (TEST blocks), not flood-mapping accuracy"
U1,v004,U1_B1B2_v004_s20261002,20261002,BU_precision,0.6928,0.3429,0.8632574999999999,,"agreement with held-out weak reference labels (TEST blocks), not flood-mapping accuracy"
U1,v004,U1_B1B2_v004_s20261002,20261002,BS_FP_area_km2,0.0009,0.0,0.0023,,"agreement with held-out weak reference labels (TEST blocks), not flood-mapping accuracy"
U1,v004,U1_B1B2_v004_s20261002,20261002,G_F1,0.9232,0.5376299999999999,0.9484025,,"agreement with held-out weak reference labels (TEST blocks), not flood-mapping accuracy"
U1,v004,U1_B1B2_v004_s20261002,20261002,G_IoU,0.8574,0.3677325,0.901805,,"agreement with held-out weak reference labels (TEST blocks), not flood-mapping accuracy"
U1,v004,U1_B1B2_v004_s20261002,20261002,G_precision,0.9109,0.45497,0.9488025,,"agreement with held-out weak reference labels (TEST blocks), not flood-mapping accuracy"
U1,v004,U1_B1B2_v004_s20261002,20261002,G_recall,0.9359,0.61546,0.9661075,,"agreement with held-out weak reference labels (TEST blocks), not flood-mapping accuracy"
U1,v004,U1_B1B2_v004_s20261002,20261002,A1_isolated_field_FP_km2,2.0992,0.7125900000000001,3.7152024999999993,,"agreement with held-out weak reference labels (TEST blocks), not flood-mapping accuracy"
U1,v004,U1_B1B2_v004_s20261002,20261002,A2_pred_flood_on_nonflood_cropland_km2,2.3909,0.8536825,4.181932499999999,,"agreement with held-out weak reference labels (TEST blocks), not flood-mapping accuracy"
U1,v004,U1_B1B2_v004_s20261002,20261002,A2_PREDICTED_FLOOD_BURDEN_ON_UNLABELLED_CROPLAND_km2,34.2535,14.1278325,62.15094499999999,,"agreement with held-out weak reference labels (TEST blocks), not flood-mapping accuracy"
U1,v004,U1_B1B2_v004_s20261002,20261002,A2_unlabelled_cropland_evaluated_km2,474.6,280.6005,700.57425,,"agreement with held-out weak reference labels (TEST blocks), not flood-mapping accuracy"
U1,v004,U1_B1B2_v004_s20261002,20261002,A2_frac_unlabelled_cropland_above_thr,0.07217,0.037684,0.1132894999999999,,"agreement with held-out weak reference labels (TEST blocks), not flood-mapping accuracy"
U1,v004,U1_B1B2_v004_s20261002,20261002,A2_frac_nonflood_cropland_above_thr,0.00946,0.00379975,0.0182819999999999,,"agreement with held-out weak reference labels (TEST blocks), not flood-mapping accuracy"
U1,v004,U1_B1B2_v004_s20261002,20261002,A2_isolated_field_like_km2,34.1476,14.16391,61.99189999999998,,"agreement with held-out weak reference labels (TEST blocks), not flood-mapping accuracy"
U1,v004,U1_B1B2_v004_s20261002,20261002,A2_isolated_field_like_on_unlabelled_km2,31.0424,12.113585,57.83666749999999,,"agreement with held-out weak reference labels (TEST blocks), not flood-mapping accuracy"
U1,v004,U1_B1B2_v004_s20261002,20261002,A1_n_fp_components,651.0,,,,"agreement with held-out weak reference labels (TEST blocks), not flood-mapping accuracy"
U1,v004,U1_B1B2_v004_s20261002,20261002,A2_n_isolated_field_like_components,180.0,,,,"agreement with held-out weak reference labels (TEST blocks), not flood-mapping accuracy"
U1,v004,U1_B1B2_v004_s20261002,20261002,B_n_ref_components,1704.0,,,,"agreement with held-out weak reference labels (TEST blocks), not flood-mapping accuracy"
U1,v004,U1_B1B2_v004_s20261002,20261002,B_n_recovered,230.0,,,,"agreement with held-out weak reference labels (TEST blocks), not flood-mapping accuracy"
U1,v004,U1_B1B2_v004_s20261002,20261002,B_n_contributing_test_blocks,10.0,,,,"agreement with held-out weak reference labels (TEST blocks), not flood-mapping accuracy"
U1,v004,U1_B1B2_v004_s20261002,20261002,C_n_ref_components_LOWN,274.0,,,,"agreement with held-out weak reference labels (TEST blocks), not flood-mapping accuracy"
U1,v004,U1_B1B2_v004_s20261002,20261002,C_n_recovered_LOWN,135.0,,,,"agreement with held-out weak reference labels (TEST blocks), not flood-mapping accuracy"
U1,v004,U1_B1B2_v004_s20261002,20261002,W_pred_components,707.0,,,,"agreement with held-out weak reference labels (TEST blocks), not flood-mapping accuracy"
U1,v004,U1_B1B2_v004_s20261002,20261002,G_PR_AUC,0.9674,,,,"agreement with held-out weak reference labels (TEST blocks), not flood-mapping accuracy"
U1,v004,U1_B1B2_v004_s20261002,20261002,threshold,0.27,,,,"agreement with held-out weak reference labels (TEST blocks), not flood-mapping accuracy"
U2,v004,U2_B1B2_v004,20260923,A_FP_area_dry_cropland_km2,0.7105,0.0717,1.5221199999999997,,"agreement with held-out weak reference labels (TEST blocks), not flood-mapping accuracy"
U2,v004,U2_B1B2_v004,20260923,A_FP_rate_dry_cropland,0.002811,0.000429825,0.0056073749999999,,"agreement with held-out weak reference labels (TEST blocks), not flood-mapping accuracy"
U2,v004,U2_B1B2_v004,20260923,A_evaluated_dry_cropland_km2,252.77,130.23600000000002,392.96325,,"agreement with held-out weak reference labels (TEST blocks), not flood-mapping accuracy"
U2,v004,U2_B1B2_v004,20260923,B_recall_flooded_open_low_veg,0.6105,0.009595,0.9292,,"agreement with held-out weak reference labels (TEST blocks), not flood-mapping accuracy"
U2,v004,U2_B1B2_v004,20260923,B_IoU_open_low_veg,0.5437,0.0063,0.8119899999999994,,"agreement with held-out weak reference labels (TEST blocks), not flood-mapping accuracy"
U2,v004,U2_B1B2_v004,20260923,B_FN_area_km2,2.523,0.2873925,5.4656575,,"agreement with held-out weak reference labels (TEST blocks), not flood-mapping accuracy"
U2,v004,U2_B1B2_v004,20260923,B_reference_km2,6.477,0.455925,14.58072499999999,,"agreement with held-out weak reference labels (TEST blocks), not flood-mapping accuracy"
U2,v004,U2_B1B2_v004,20260923,C_recall_flooded_cropland_LOWN,0.7621,0.0317925,0.9590025,,"agreement with held-out weak reference labels (TEST blocks), not flood-mapping accuracy"
U2,v004,U2_B1B2_v004,20260923,C_FN_area_km2,0.1529,0.0170975,0.3802474999999997,,"agreement with held-out weak reference labels (TEST blocks), not flood-mapping accuracy"
U2,v004,U2_B1B2_v004,20260923,C_reference_km2,0.643,0.042,1.6170499999999997,,"agreement with held-out weak reference labels (TEST blocks), not flood-mapping accuracy"
U2,v004,U2_B1B2_v004,20260923,W_precision,0.9884,0.9624,0.9907,,"agreement with held-out weak reference labels (TEST blocks), not flood-mapping accuracy"
U2,v004,U2_B1B2_v004,20260923,W_recall,0.9684,0.8938,0.9848075,,"agreement with held-out weak reference labels (TEST blocks), not flood-mapping accuracy"
U2,v004,U2_B1B2_v004,20260923,W_IoU,0.9576,0.8684675000000001,0.9724025,,"agreement with held-out weak reference labels (TEST blocks), not flood-mapping accuracy"
U2,v004,U2_B1B2_v004,20260923,BU_FP_area_km2,0.306,0.0078,0.7343,,"agreement with held-out weak reference labels (TEST blocks), not flood-mapping accuracy"
U2,v004,U2_B1B2_v004,20260923,BU_precision,0.5506,0.26995,0.827725,,"agreement with held-out weak reference labels (TEST blocks), not flood-mapping accuracy"
U2,v004,U2_B1B2_v004,20260923,BS_FP_area_km2,0.0004,0.0,0.001,,"agreement with held-out weak reference labels (TEST blocks), not flood-mapping accuracy"
U2,v004,U2_B1B2_v004,20260923,G_F1,0.9309,0.6738725000000001,0.951,,"agreement with held-out weak reference labels (TEST blocks), not flood-mapping accuracy"
U2,v004,U2_B1B2_v004,20260923,G_IoU,0.8707,0.5081424999999999,0.9066,,"agreement with held-out weak reference labels (TEST blocks), not flood-mapping accuracy"
U2,v004,U2_B1B2_v004,20260923,G_precision,0.9508,0.7645274999999999,0.9758025,,"agreement with held-out weak reference labels (TEST blocks), not flood-mapping accuracy"
U2,v004,U2_B1B2_v004,20260923,G_recall,0.9118,0.59366,0.9465125,,"agreement with held-out weak reference labels (TEST blocks), not flood-mapping accuracy"
U2,v004,U2_B1B2_v004,20260923,A1_isolated_field_FP_km2,0.607,0.0506,1.3127025,,"agreement with held-out weak reference labels (TEST blocks), not flood-mapping accuracy"
U2,v004,U2_B1B2_v004,20260923,A2_pred_flood_on_nonflood_cropland_km2,0.7105,0.0717,1.5221199999999997,,"agreement with held-out weak reference labels (TEST blocks), not flood-mapping accuracy"
U2,v004,U2_B1B2_v004,20260923,A2_PREDICTED_FLOOD_BURDEN_ON_UNLABELLED_CROPLAND_km2,7.3925,2.859855,13.185512499999998,,"agreement with held-out weak reference labels (TEST blocks), not flood-mapping accuracy"
U2,v004,U2_B1B2_v004,20260923,A2_unlabelled_cropland_evaluated_km2,474.6,280.6005,700.57425,,"agreement with held-out weak reference labels (TEST blocks), not flood-mapping accuracy"
U2,v004,U2_B1B2_v004,20260923,A2_frac_unlabelled_cropland_above_thr,0.01558,0.00730825,0.02521025,,"agreement with held-out weak reference labels (TEST blocks), not flood-mapping accuracy"
U2,v004,U2_B1B2_v004,20260923,A2_frac_nonflood_cropland_above_thr,0.00281,0.00042975,0.0056102499999999,,"agreement with held-out weak reference labels (TEST blocks), not flood-mapping accuracy"
U2,v004,U2_B1B2_v004,20260923,A2_isolated_field_like_km2,6.8965,2.45945,12.550777499999995,,"agreement with held-out weak reference labels (TEST blocks), not flood-mapping accuracy"
U2,v004,U2_B1B2_v004,20260923,A2_isolated_field_like_on_unlabelled_km2,6.1632,2.1295425000000003,11.474302499999991,,"agreement with held-out weak reference labels (TEST blocks), not flood-mapping accuracy"
U2,v004,U2_B1B2_v004,20260923,A1_n_fp_components,279.0,,,,"agreement with held-out weak reference labels (TEST blocks), not flood-mapping accuracy"
U2,v004,U2_B1B2_v004,20260923,A2_n_isolated_field_like_components,94.0,,,,"agreement with held-out weak reference labels (TEST blocks), not flood-mapping accuracy"
U2,v004,U2_B1B2_v004,20260923,B_n_ref_components,1704.0,,,,"agreement with held-out weak reference labels (TEST blocks), not flood-mapping accuracy"
U2,v004,U2_B1B2_v004,20260923,B_n_recovered,191.0,,,,"agreement with held-out weak reference labels (TEST blocks), not flood-mapping accuracy"
U2,v004,U2_B1B2_v004,20260923,B_n_contributing_test_blocks,10.0,,,,"agreement with held-out weak reference labels (TEST blocks), not flood-mapping accuracy"
U2,v004,U2_B1B2_v004,20260923,C_n_ref_components_LOWN,274.0,,,,"agreement with held-out weak reference labels (TEST blocks), not flood-mapping accuracy"
U2,v004,U2_B1B2_v004,20260923,C_n_recovered_LOWN,115.0,,,,"agreement with held-out weak reference labels (TEST blocks), not flood-mapping accuracy"
U2,v004,U2_B1B2_v004,20260923,W_pred_components,532.0,,,,"agreement with held-out weak reference labels (TEST blocks), not flood-mapping accuracy"
U2,v004,U2_B1B2_v004,20260923,G_PR_AUC,0.9595,,,,"agreement with held-out weak reference labels (TEST blocks), not flood-mapping accuracy"
U2,v004,U2_B1B2_v004,20260923,threshold,0.56,,,,"agreement with held-out weak reference labels (TEST blocks), not flood-mapping accuracy"
U2,v004,U2_B1B2_v004_s20261001,20261001,A_FP_area_dry_cropland_km2,0.6046,0.059,1.276215,,"agreement with held-out weak reference labels (TEST blocks), not flood-mapping accuracy"
U2,v004,U2_B1B2_v004_s20261001,20261001,A_FP_rate_dry_cropland,0.002392,0.000317925,0.0047671,,"agreement with held-out weak reference labels (TEST blocks), not flood-mapping accuracy"
U2,v004,U2_B1B2_v004_s20261001,20261001,A_evaluated_dry_cropland_km2,252.77,130.23600000000002,392.96325,,"agreement with held-out weak reference labels (TEST blocks), not flood-mapping accuracy"
U2,v004,U2_B1B2_v004_s20261001,20261001,B_recall_flooded_open_low_veg,0.653,0.0103,0.93461,,"agreement with held-out weak reference labels (TEST blocks), not flood-mapping accuracy"
U2,v004,U2_B1B2_v004_s20261001,20261001,B_IoU_open_low_veg,0.5883,0.0074,0.830405,,"agreement with held-out weak reference labels (TEST blocks), not flood-mapping accuracy"
U2,v004,U2_B1B2_v004_s20261001,20261001,B_FN_area_km2,2.2474,0.2576974999999999,4.898245,,"agreement with held-out weak reference labels (TEST blocks), not flood-mapping accuracy"
U2,v004,U2_B1B2_v004_s20261001,20261001,B_reference_km2,6.477,0.455925,14.58072499999999,,"agreement with held-out weak reference labels (TEST blocks), not flood-mapping accuracy"
U2,v004,U2_B1B2_v004_s20261001,20261001,C_recall_flooded_cropland_LOWN,0.7714,0.0294525,0.9639,,"agreement with held-out weak reference labels (TEST blocks), not flood-mapping accuracy"
U2,v004,U2_B1B2_v004_s20261001,20261001,C_FN_area_km2,0.1469,0.0150975,0.3731349999999998,,"agreement with held-out weak reference labels (TEST blocks), not flood-mapping accuracy"
U2,v004,U2_B1B2_v004_s20261001,20261001,C_reference_km2,0.643,0.042,1.6170499999999997,,"agreement with held-out weak reference labels (TEST blocks), not flood-mapping accuracy"
U2,v004,U2_B1B2_v004_s20261001,20261001,W_precision,0.9809,0.9668975,0.9834,,"agreement with held-out weak reference labels (TEST blocks), not flood-mapping accuracy"
U2,v004,U2_B1B2_v004_s20261001,20261001,W_recall,0.9777,0.9067,0.9897,,"agreement with held-out weak reference labels (TEST blocks), not flood-mapping accuracy"
U2,v004,U2_B1B2_v004_s20261001,20261001,W_IoU,0.9595,0.8801275,0.973,,"agreement with held-out weak reference labels (TEST blocks), not flood-mapping accuracy"
U2,v004,U2_B1B2_v004_s20261001,20261001,BU_FP_area_km2,0.4209,0.046895,0.9488499999999992,,"agreement with held-out weak reference labels (TEST blocks), not flood-mapping accuracy"
U2,v004,U2_B1B2_v004_s20261001,20261001,BU_precision,0.5081,0.2346,0.7265875,,"agreement with held-out weak reference labels (TEST blocks), not flood-mapping accuracy"
U2,v004,U2_B1B2_v004_s20261001,20261001,BS_FP_area_km2,0.0048,0.0,0.0133,,"agreement with held-out weak reference labels (TEST blocks), not flood-mapping accuracy"
U2,v004,U2_B1B2_v004_s20261001,20261001,G_F1,0.933,0.6877975,0.9507,,"agreement with held-out weak reference labels (TEST blocks), not flood-mapping accuracy"
U2,v004,U2_B1B2_v004_s20261001,20261001,G_IoU,0.8743,0.5241,0.906,,"agreement with held-out weak reference labels (TEST blocks), not flood-mapping accuracy"
U2,v004,U2_B1B2_v004_s20261001,20261001,G_precision,0.9381,0.7735675,0.9557025,,"agreement with held-out weak reference labels (TEST blocks), not flood-mapping accuracy"
U2,v004,U2_B1B2_v004_s20261001,20261001,G_recall,0.9279,0.6027025,0.9592025,,"agreement with held-out weak reference labels (TEST blocks), not flood-mapping accuracy"
U2,v004,U2_B1B2_v004_s20261001,20261001,A1_isolated_field_FP_km2,0.4569,0.03529,0.9823974999999994,,"agreement with held-out weak reference labels (TEST blocks), not flood-mapping accuracy"
U2,v004,U2_B1B2_v004_s20261001,20261001,A2_pred_flood_on_nonflood_cropland_km2,0.6046,0.059,1.276215,,"agreement with held-out weak reference labels (TEST blocks), not flood-mapping accuracy"
U2,v004,U2_B1B2_v004_s20261001,20261001,A2_PREDICTED_FLOOD_BURDEN_ON_UNLABELLED_CROPLAND_km2,11.503,4.3263875,21.663295,,"agreement with held-out weak reference labels (TEST blocks), not flood-mapping accuracy"
U2,v004,U2_B1B2_v004_s20261001,20261001,A2_unlabelled_cropland_evaluated_km2,474.6,280.6005,700.57425,,"agreement with held-out weak reference labels (TEST blocks), not flood-mapping accuracy"
U2,v004,U2_B1B2_v004_s20261001,20261001,A2_frac_unlabelled_cropland_above_thr,0.02424,0.011719,0.0397912499999999,,"agreement with held-out weak reference labels (TEST blocks), not flood-mapping accuracy"
U2,v004,U2_B1B2_v004_s20261001,20261001,A2_frac_nonflood_cropland_above_thr,0.00239,0.00032,0.00477,,"agreement with held-out weak reference labels (TEST blocks), not flood-mapping accuracy"
U2,v004,U2_B1B2_v004_s20261001,20261001,A2_isolated_field_like_km2,10.5209,3.7758275,20.3504075,,"agreement with held-out weak reference labels (TEST blocks), not flood-mapping accuracy"
U2,v004,U2_B1B2_v004_s20261001,20261001,A2_isolated_field_like_on_unlabelled_km2,9.8483,3.41202,19.5301475,,"agreement with held-out weak reference labels (TEST blocks), not flood-mapping accuracy"
U2,v004,U2_B1B2_v004_s20261001,20261001,A1_n_fp_components,252.0,,,,"agreement with held-out weak reference labels (TEST blocks), not flood-mapping accuracy"
U2,v004,U2_B1B2_v004_s20261001,20261001,A2_n_isolated_field_like_components,139.0,,,,"agreement with held-out weak reference labels (TEST blocks), not flood-mapping accuracy"
U2,v004,U2_B1B2_v004_s20261001,20261001,B_n_ref_components,1704.0,,,,"agreement with held-out weak reference labels (TEST blocks), not flood-mapping accuracy"
U2,v004,U2_B1B2_v004_s20261001,20261001,B_n_recovered,204.0,,,,"agreement with held-out weak reference labels (TEST blocks), not flood-mapping accuracy"
U2,v004,U2_B1B2_v004_s20261001,20261001,B_n_contributing_test_blocks,10.0,,,,"agreement with held-out weak reference labels (TEST blocks), not flood-mapping accuracy"
U2,v004,U2_B1B2_v004_s20261001,20261001,C_n_ref_components_LOWN,274.0,,,,"agreement with held-out weak reference labels (TEST blocks), not flood-mapping accuracy"
U2,v004,U2_B1B2_v004_s20261001,20261001,C_n_recovered_LOWN,120.0,,,,"agreement with held-out weak reference labels (TEST blocks), not flood-mapping accuracy"
U2,v004,U2_B1B2_v004_s20261001,20261001,W_pred_components,583.0,,,,"agreement with held-out weak reference labels (TEST blocks), not flood-mapping accuracy"
U2,v004,U2_B1B2_v004_s20261001,20261001,G_PR_AUC,0.9701,,,,"agreement with held-out weak reference labels (TEST blocks), not flood-mapping accuracy"
U2,v004,U2_B1B2_v004_s20261001,20261001,threshold,0.56,,,,"agreement with held-out weak reference labels (TEST blocks), not flood-mapping accuracy"
U2,v004,U2_B1B2_v004_s20261002,20261002,A_FP_area_dry_cropland_km2,0.5674,0.090075,1.161015,,"agreement with held-out weak reference labels (TEST blocks), not flood-mapping accuracy"
U2,v004,U2_B1B2_v004_s20261002,20261002,A_FP_rate_dry_cropland,0.002245,0.00035895,0.0057645749999999,,"agreement with held-out weak reference labels (TEST blocks), not flood-mapping accuracy"
U2,v004,U2_B1B2_v004_s20261002,20261002,A_evaluated_dry_cropland_km2,252.77,130.23600000000002,392.96325,,"agreement with held-out weak reference labels (TEST blocks), not flood-mapping accuracy"
U2,v004,U2_B1B2_v004_s20261002,20261002,B_recall_flooded_open_low_veg,0.6741,0.0099975,0.949,,"agreement with held-out weak reference labels (TEST blocks), not flood-mapping accuracy"
U2,v004,U2_B1B2_v004_s20261002,20261002,B_IoU_open_low_veg,0.6079,0.007,0.8482674999999996,,"agreement with held-out weak reference labels (TEST blocks), not flood-mapping accuracy"
U2,v004,U2_B1B2_v004_s20261002,20261002,B_FN_area_km2,2.111,0.203685,4.690362499999999,,"agreement with held-out weak reference labels (TEST blocks), not flood-mapping accuracy"
U2,v004,U2_B1B2_v004_s20261002,20261002,B_reference_km2,6.477,0.455925,14.58072499999999,,"agreement with held-out weak reference labels (TEST blocks), not flood-mapping accuracy"
U2,v004,U2_B1B2_v004_s20261002,20261002,C_recall_flooded_cropland_LOWN,0.784,0.03429,0.9803025,,"agreement with held-out weak reference labels (TEST blocks), not flood-mapping accuracy"
U2,v004,U2_B1B2_v004_s20261002,20261002,C_FN_area_km2,0.1388,0.011,0.363405,,"agreement with held-out weak reference labels (TEST blocks), not flood-mapping accuracy"
U2,v004,U2_B1B2_v004_s20261002,20261002,C_reference_km2,0.643,0.042,1.6170499999999997,,"agreement with held-out weak reference labels (TEST blocks), not flood-mapping accuracy"
U2,v004,U2_B1B2_v004_s20261002,20261002,W_precision,0.9776,0.9289975,0.9832,,"agreement with held-out weak reference labels (TEST blocks), not flood-mapping accuracy"
U2,v004,U2_B1B2_v004_s20261002,20261002,W_recall,0.9819,0.9252,0.99,,"agreement with held-out weak reference labels (TEST blocks), not flood-mapping accuracy"
U2,v004,U2_B1B2_v004_s20261002,20261002,W_IoU,0.9604,0.8700875,0.9731,,"agreement with held-out weak reference labels (TEST blocks), not flood-mapping accuracy"
U2,v004,U2_B1B2_v004_s20261002,20261002,BU_FP_area_km2,0.5433,0.08219,1.213279999999998,,"agreement with held-out weak reference labels (TEST blocks), not flood-mapping accuracy"
U2,v004,U2_B1B2_v004_s20261002,20261002,BU_precision,0.4755,0.2542475,0.650635,,"agreement with held-out weak reference labels (TEST blocks), not flood-mapping accuracy"
U2,v004,U2_B1B2_v004_s20261002,20261002,BS_FP_area_km2,0.0061,0.0005,0.0133,,"agreement with held-out weak reference labels (TEST blocks), not flood-mapping accuracy"
U2,v004,U2_B1B2_v004_s20261002,20261002,G_F1,0.9347,0.6738225000000001,0.9526,,"agreement with held-out weak reference labels (TEST blocks), not flood-mapping accuracy"
U2,v004,U2_B1B2_v004_s20261002,20261002,G_IoU,0.8773,0.5081125,0.9095025,,"agreement with held-out weak reference labels (TEST blocks), not flood-mapping accuracy"
U2,v004,U2_B1B2_v004_s20261002,20261002,G_precision,0.9334,0.7678550000000001,0.9509,,"agreement with held-out weak reference labels (TEST blocks), not flood-mapping accuracy"
U2,v004,U2_B1B2_v004_s20261002,20261002,G_recall,0.936,0.6225725000000001,0.968,,"agreement with held-out weak reference labels (TEST blocks), not flood-mapping accuracy"
U2,v004,U2_B1B2_v004_s20261002,20261002,A1_isolated_field_FP_km2,0.495,0.0680925,1.0542574999999976,,"agreement with held-out weak reference labels (TEST blocks), not flood-mapping accuracy"
U2,v004,U2_B1B2_v004_s20261002,20261002,A2_pred_flood_on_nonflood_cropland_km2,0.5674,0.090075,1.161015,,"agreement with held-out weak reference labels (TEST blocks), not flood-mapping accuracy"
U2,v004,U2_B1B2_v004_s20261002,20261002,A2_PREDICTED_FLOOD_BURDEN_ON_UNLABELLED_CROPLAND_km2,8.7707,3.1876525,16.67412,,"agreement with held-out weak reference labels (TEST blocks), not flood-mapping accuracy"
U2,v004,U2_B1B2_v004_s20261002,20261002,A2_unlabelled_cropland_evaluated_km2,474.6,280.6005,700.57425,,"agreement with held-out weak reference labels (TEST blocks), not flood-mapping accuracy"
U2,v004,U2_B1B2_v004_s20261002,20261002,A2_frac_unlabelled_cropland_above_thr,0.01848,0.00778975,0.0313122499999999,,"agreement with held-out weak reference labels (TEST blocks), not flood-mapping accuracy"
U2,v004,U2_B1B2_v004_s20261002,20261002,A2_frac_nonflood_cropland_above_thr,0.00224,0.00036,0.0057607499999999,,"agreement with held-out weak reference labels (TEST blocks), not flood-mapping accuracy"
U2,v004,U2_B1B2_v004_s20261002,20261002,A2_isolated_field_like_km2,8.0049,2.897535,15.522914999999996,,"agreement with held-out weak reference labels (TEST blocks), not flood-mapping accuracy"
U2,v004,U2_B1B2_v004_s20261002,20261002,A2_isolated_field_like_on_unlabelled_km2,7.3298,2.41374,14.697615,,"agreement with held-out weak reference labels (TEST blocks), not flood-mapping accuracy"
U2,v004,U2_B1B2_v004_s20261002,20261002,A1_n_fp_components,155.0,,,,"agreement with held-out weak reference labels (TEST blocks), not flood-mapping accuracy"
U2,v004,U2_B1B2_v004_s20261002,20261002,A2_n_isolated_field_like_components,85.0,,,,"agreement with held-out weak reference labels (TEST blocks), not flood-mapping accuracy"
U2,v004,U2_B1B2_v004_s20261002,20261002,B_n_ref_components,1704.0,,,,"agreement with held-out weak reference labels (TEST blocks), not flood-mapping accuracy"
U2,v004,U2_B1B2_v004_s20261002,20261002,B_n_recovered,220.0,,,,"agreement with held-out weak reference labels (TEST blocks), not flood-mapping accuracy"
U2,v004,U2_B1B2_v004_s20261002,20261002,B_n_contributing_test_blocks,10.0,,,,"agreement with held-out weak reference labels (TEST blocks), not flood-mapping accuracy"
U2,v004,U2_B1B2_v004_s20261002,20261002,C_n_ref_components_LOWN,274.0,,,,"agreement with held-out weak reference labels (TEST blocks), not flood-mapping accuracy"
U2,v004,U2_B1B2_v004_s20261002,20261002,C_n_recovered_LOWN,119.0,,,,"agreement with held-out weak reference labels (TEST blocks), not flood-mapping accuracy"
U2,v004,U2_B1B2_v004_s20261002,20261002,W_pred_components,721.0,,,,"agreement with held-out weak reference labels (TEST blocks), not flood-mapping accuracy"
U2,v004,U2_B1B2_v004_s20261002,20261002,G_PR_AUC,0.9659,,,,"agreement with held-out weak reference labels (TEST blocks), not flood-mapping accuracy"
U2,v004,U2_B1B2_v004_s20261002,20261002,threshold,0.24,,,,"agreement with held-out weak reference labels (TEST blocks), not flood-mapping accuracy"
U2b,v004,U2b_B1B2_v004,20260923,A_FP_area_dry_cropland_km2,0.0426,0.0050975,0.1134074999999999,,"agreement with held-out weak reference labels (TEST blocks), not flood-mapping accuracy"
U2b,v004,U2b_B1B2_v004,20260923,A_FP_rate_dry_cropland,0.000169,2.2e-05,0.0004210499999999,,"agreement with held-out weak reference labels (TEST blocks), not flood-mapping accuracy"
U2b,v004,U2b_B1B2_v004,20260923,A_evaluated_dry_cropland_km2,252.77,130.23600000000002,392.96325,,"agreement with held-out weak reference labels (TEST blocks), not flood-mapping accuracy"
U2b,v004,U2b_B1B2_v004,20260923,B_recall_flooded_open_low_veg,0.6483,0.01,0.95671,,"agreement with held-out weak reference labels (TEST blocks), not flood-mapping accuracy"
U2b,v004,U2b_B1B2_v004,20260923,B_IoU_open_low_veg,0.6353,0.0096,0.936105,,"agreement with held-out weak reference labels (TEST blocks), not flood-mapping accuracy"
U2b,v004,U2b_B1B2_v004,20260923,B_FN_area_km2,2.2782,0.1709925,5.126704999999999,,"agreement with held-out weak reference labels (TEST blocks), not flood-mapping accuracy"
U2b,v004,U2b_B1B2_v004,20260923,B_reference_km2,6.477,0.455925,14.58072499999999,,"agreement with held-out weak reference labels (TEST blocks), not flood-mapping accuracy"
U2b,v004,U2b_B1B2_v004,20260923,C_recall_flooded_cropland_LOWN,0.7829,0.0178975,0.9830025,,"agreement with held-out weak reference labels (TEST blocks), not flood-mapping accuracy"
U2b,v004,U2b_B1B2_v004,20260923,C_FN_area_km2,0.1395,0.0108,0.3625074999999999,,"agreement with held-out weak reference labels (TEST blocks), not flood-mapping accuracy"
U2b,v004,U2b_B1B2_v004,20260923,C_reference_km2,0.643,0.042,1.6170499999999997,,"agreement with held-out weak reference labels (TEST blocks), not flood-mapping accuracy"
U2b,v004,U2b_B1B2_v004,20260923,W_precision,0.9712,0.9103425,0.9759,,"agreement with held-out weak reference labels (TEST blocks), not flood-mapping accuracy"
U2b,v004,U2b_B1B2_v004,20260923,W_recall,0.9881,0.9418,0.9956075,,"agreement with held-out weak reference labels (TEST blocks), not flood-mapping accuracy"
U2b,v004,U2b_B1B2_v004,20260923,W_IoU,0.9599,0.8638575,0.9719,,"agreement with held-out weak reference labels (TEST blocks), not flood-mapping accuracy"
U2b,v004,U2b_B1B2_v004,20260923,BU_FP_area_km2,0.5711,0.032075,1.3389374999999997,,"agreement with held-out weak reference labels (TEST blocks), not flood-mapping accuracy"
U2b,v004,U2b_B1B2_v004,20260923,BU_precision,0.451,0.1948825,0.688,,"agreement with held-out weak reference labels (TEST blocks), not flood-mapping accuracy"
U2b,v004,U2b_B1B2_v004,20260923,BS_FP_area_km2,0.0033,0.0,0.0081,,"agreement with held-out weak reference labels (TEST blocks), not flood-mapping accuracy"
U2b,v004,U2b_B1B2_v004,20260923,G_F1,0.8713,0.345485,0.9536025,,"agreement with held-out weak reference labels (TEST blocks), not flood-mapping accuracy"
U2b,v004,U2b_B1B2_v004,20260923,G_IoU,0.7719,0.208815,0.9114025,,"agreement with held-out weak reference labels (TEST blocks), not flood-mapping accuracy"
U2b,v004,U2b_B1B2_v004,20260923,G_precision,0.8132,0.230975,0.9401,,"agreement with held-out weak reference labels (TEST blocks), not flood-mapping accuracy"
U2b,v004,U2b_B1B2_v004,20260923,G_recall,0.9383,0.6319125,0.9757,,"agreement with held-out weak reference labels (TEST blocks), not flood-mapping accuracy"
U2b,v004,U2b_B1B2_v004,20260923,A1_isolated_field_FP_km2,0.0317,0.0,0.0951,,"agreement with held-out weak reference labels (TEST blocks), not flood-mapping accuracy"
U2b,v004,U2b_B1B2_v004,20260923,A2_pred_flood_on_nonflood_cropland_km2,0.0426,0.0050975,0.1134074999999999,,"agreement with held-out weak reference labels (TEST blocks), not flood-mapping accuracy"
U2b,v004,U2b_B1B2_v004,20260923,A2_PREDICTED_FLOOD_BURDEN_ON_UNLABELLED_CROPLAND_km2,1.3971,0.1572925,3.289839999999999,,"agreement with held-out weak reference labels (TEST blocks), not flood-mapping accuracy"
U2b,v004,U2b_B1B2_v004,20260923,A2_unlabelled_cropland_evaluated_km2,474.6,280.6005,700.57425,,"agreement with held-out weak reference labels (TEST blocks), not flood-mapping accuracy"
U2b,v004,U2b_B1B2_v004,20260923,A2_frac_unlabelled_cropland_above_thr,0.00294,0.00035,0.0092,,"agreement with held-out weak reference labels (TEST blocks), not flood-mapping accuracy"
U2b,v004,U2b_B1B2_v004,20260923,A2_frac_nonflood_cropland_above_thr,0.00017,2e-05,0.00042,,"agreement with held-out weak reference labels (TEST blocks), not flood-mapping accuracy"
U2b,v004,U2b_B1B2_v004,20260923,A2_isolated_field_like_km2,0.3795,0.0,1.124317499999999,,"agreement with held-out weak reference labels (TEST blocks), not flood-mapping accuracy"
U2b,v004,U2b_B1B2_v004,20260923,A2_isolated_field_like_on_unlabelled_km2,0.3449,0.0,1.0028,,"agreement with held-out weak reference labels (TEST blocks), not flood-mapping accuracy"
U2b,v004,U2b_B1B2_v004,20260923,A1_n_fp_components,55.0,,,,"agreement with held-out weak reference labels (TEST blocks), not flood-mapping accuracy"
U2b,v004,U2b_B1B2_v004,20260923,A2_n_isolated_field_like_components,8.0,,,,"agreement with held-out weak reference labels (TEST blocks), not flood-mapping accuracy"
U2b,v004,U2b_B1B2_v004,20260923,B_n_ref_components,1704.0,,,,"agreement with held-out weak reference labels (TEST blocks), not flood-mapping accuracy"
U2b,v004,U2b_B1B2_v004,20260923,B_n_recovered,221.0,,,,"agreement with held-out weak reference labels (TEST blocks), not flood-mapping accuracy"
U2b,v004,U2b_B1B2_v004,20260923,B_n_contributing_test_blocks,10.0,,,,"agreement with held-out weak reference labels (TEST blocks), not flood-mapping accuracy"
U2b,v004,U2b_B1B2_v004,20260923,C_n_ref_components_LOWN,274.0,,,,"agreement with held-out weak reference labels (TEST blocks), not flood-mapping accuracy"
U2b,v004,U2b_B1B2_v004,20260923,C_n_recovered_LOWN,114.0,,,,"agreement with held-out weak reference labels (TEST blocks), not flood-mapping accuracy"
U2b,v004,U2b_B1B2_v004,20260923,W_pred_components,815.0,,,,"agreement with held-out weak reference labels (TEST blocks), not flood-mapping accuracy"
U2b,v004,U2b_B1B2_v004,20260923,G_PR_AUC,0.9629,,,,"agreement with held-out weak reference labels (TEST blocks), not flood-mapping accuracy"
U2b,v004,U2b_B1B2_v004,20260923,threshold,0.1,,,,"agreement with held-out weak reference labels (TEST blocks), not flood-mapping accuracy"
U2b,v004,U2b_B1B2_v004_s20261001,20261001,A_FP_area_dry_cropland_km2,0.3849,0.0090975,0.9176075,,"agreement with held-out weak reference labels (TEST blocks), not flood-mapping accuracy"
U2b,v004,U2b_B1B2_v004_s20261001,20261001,A_FP_rate_dry_cropland,0.001523,4.9975e-05,0.003003,,"agreement with held-out weak reference labels (TEST blocks), not flood-mapping accuracy"
U2b,v004,U2b_B1B2_v004_s20261001,20261001,A_evaluated_dry_cropland_km2,252.77,130.23600000000002,392.96325,,"agreement with held-out weak reference labels (TEST blocks), not flood-mapping accuracy"
U2b,v004,U2b_B1B2_v004_s20261001,20261001,B_recall_flooded_open_low_veg,0.6763,0.0076,0.954405,,"agreement with held-out weak reference labels (TEST blocks), not flood-mapping accuracy"
U2b,v004,U2b_B1B2_v004_s20261001,20261001,B_IoU_open_low_veg,0.6281,0.005895,0.8965025,,"agreement with held-out weak reference labels (TEST blocks), not flood-mapping accuracy"
U2b,v004,U2b_B1B2_v004_s20261001,20261001,B_FN_area_km2,2.0965,0.183965,4.700777499999998,,"agreement with held-out weak reference labels (TEST blocks), not flood-mapping accuracy"
U2b,v004,U2b_B1B2_v004_s20261001,20261001,B_reference_km2,6.477,0.455925,14.58072499999999,,"agreement with held-out weak reference labels (TEST blocks), not flood-mapping accuracy"
U2b,v004,U2b_B1B2_v004_s20261001,20261001,C_recall_flooded_cropland_LOWN,0.7877,0.015395,0.9863,,"agreement with held-out weak reference labels (TEST blocks), not flood-mapping accuracy"
U2b,v004,U2b_B1B2_v004_s20261001,20261001,C_FN_area_km2,0.1364,0.0091975,0.3612274999999998,,"agreement with held-out weak reference labels (TEST blocks), not flood-mapping accuracy"
U2b,v004,U2b_B1B2_v004_s20261001,20261001,C_reference_km2,0.643,0.042,1.6170499999999997,,"agreement with held-out weak reference labels (TEST blocks), not flood-mapping accuracy"
U2b,v004,U2b_B1B2_v004_s20261001,20261001,W_precision,0.9435,0.504995,0.9851,,"agreement with held-out weak reference labels (TEST blocks), not flood-mapping accuracy"
U2b,v004,U2b_B1B2_v004_s20261001,20261001,W_recall,0.9849,0.9304,0.9900075,,"agreement with held-out weak reference labels (TEST blocks), not flood-mapping accuracy"
U2b,v004,U2b_B1B2_v004_s20261001,20261001,W_IoU,0.9301,0.493695,0.9746,,"agreement with held-out weak reference labels (TEST blocks), not flood-mapping accuracy"
U2b,v004,U2b_B1B2_v004_s20261001,20261001,BU_FP_area_km2,0.8702,0.0142,2.0980425,,"agreement with held-out weak reference labels (TEST blocks), not flood-mapping accuracy"
U2b,v004,U2b_B1B2_v004_s20261001,20261001,BU_precision,0.371,0.2312825,0.770335,,"agreement with held-out weak reference labels (TEST blocks), not flood-mapping accuracy"
U2b,v004,U2b_B1B2_v004_s20261001,20261001,BS_FP_area_km2,0.0029,0.0,0.0086,,"agreement with held-out weak reference labels (TEST blocks), not flood-mapping accuracy"
U2b,v004,U2b_B1B2_v004_s20261001,20261001,G_F1,0.923,0.5613325,0.9487025,,"agreement with held-out weak reference labels (TEST blocks), not flood-mapping accuracy"
U2b,v004,U2b_B1B2_v004_s20261001,20261001,G_IoU,0.857,0.3902325,0.902405,,"agreement with held-out weak reference labels (TEST blocks), not flood-mapping accuracy"
U2b,v004,U2b_B1B2_v004_s20261001,20261001,G_precision,0.9071,0.5400400000000001,0.9398,,"agreement with held-out weak reference labels (TEST blocks), not flood-mapping accuracy"
U2b,v004,U2b_B1B2_v004_s20261001,20261001,G_recall,0.9395,0.6245925,0.9733,,"agreement with held-out weak reference labels (TEST blocks), not flood-mapping accuracy"
U2b,v004,U2b_B1B2_v004_s20261001,20261001,A1_isolated_field_FP_km2,0.2891,0.0034,0.6824,,"agreement with held-out weak reference labels (TEST blocks), not flood-mapping accuracy"
U2b,v004,U2b_B1B2_v004_s20261001,20261001,A2_pred_flood_on_nonflood_cropland_km2,0.3849,0.0090975,0.9176075,,"agreement with held-out weak reference labels (TEST blocks), not flood-mapping accuracy"
U2b,v004,U2b_B1B2_v004_s20261001,20261001,A2_PREDICTED_FLOOD_BURDEN_ON_UNLABELLED_CROPLAND_km2,2.7375,0.8753774999999999,5.151772499999993,,"agreement with held-out weak reference labels (TEST blocks), not flood-mapping accuracy"
U2b,v004,U2b_B1B2_v004_s20261001,20261001,A2_unlabelled_cropland_evaluated_km2,474.6,280.6005,700.57425,,"agreement with held-out weak reference labels (TEST blocks), not flood-mapping accuracy"
U2b,v004,U2b_B1B2_v004_s20261001,20261001,A2_frac_unlabelled_cropland_above_thr,0.00577,0.00226975,0.0108504999999999,,"agreement with held-out weak reference labels (TEST blocks), not flood-mapping accuracy"
U2b,v004,U2b_B1B2_v004_s20261001,20261001,A2_frac_nonflood_cropland_above_thr,0.00152,5e-05,0.003,,"agreement with held-out weak reference labels (TEST blocks), not flood-mapping accuracy"
U2b,v004,U2b_B1B2_v004_s20261001,20261001,A2_isolated_field_like_km2,2.4186,0.6238725,4.7241125,,"agreement with held-out weak reference labels (TEST blocks), not flood-mapping accuracy"
U2b,v004,U2b_B1B2_v004_s20261001,20261001,A2_isolated_field_like_on_unlabelled_km2,2.0991,0.510725,4.186964999999999,,"agreement with held-out weak reference labels (TEST blocks), not flood-mapping accuracy"
U2b,v004,U2b_B1B2_v004_s20261001,20261001,A1_n_fp_components,209.0,,,,"agreement with held-out weak reference labels (TEST blocks), not flood-mapping accuracy"
U2b,v004,U2b_B1B2_v004_s20261001,20261001,A2_n_isolated_field_like_components,51.0,,,,"agreement with held-out weak reference labels (TEST blocks), not flood-mapping accuracy"
U2b,v004,U2b_B1B2_v004_s20261001,20261001,B_n_ref_components,1704.0,,,,"agreement with held-out weak reference labels (TEST blocks), not flood-mapping accuracy"
U2b,v004,U2b_B1B2_v004_s20261001,20261001,B_n_recovered,231.0,,,,"agreement with held-out weak reference labels (TEST blocks), not flood-mapping accuracy"
U2b,v004,U2b_B1B2_v004_s20261001,20261001,B_n_contributing_test_blocks,10.0,,,,"agreement with held-out weak reference labels (TEST blocks), not flood-mapping accuracy"
U2b,v004,U2b_B1B2_v004_s20261001,20261001,C_n_ref_components_LOWN,274.0,,,,"agreement with held-out weak reference labels (TEST blocks), not flood-mapping accuracy"
U2b,v004,U2b_B1B2_v004_s20261001,20261001,C_n_recovered_LOWN,120.0,,,,"agreement with held-out weak reference labels (TEST blocks), not flood-mapping accuracy"
U2b,v004,U2b_B1B2_v004_s20261001,20261001,W_pred_components,768.0,,,,"agreement with held-out weak reference labels (TEST blocks), not flood-mapping accuracy"
U2b,v004,U2b_B1B2_v004_s20261001,20261001,G_PR_AUC,0.9657,,,,"agreement with held-out weak reference labels (TEST blocks), not flood-mapping accuracy"
U2b,v004,U2b_B1B2_v004_s20261001,20261001,threshold,0.39,,,,"agreement with held-out weak reference labels (TEST blocks), not flood-mapping accuracy"
U2b,v004,U2b_B1B2_v004_s20261002,20261002,A_FP_area_dry_cropland_km2,0.181,0.0121,0.4274024999999999,,"agreement with held-out weak reference labels (TEST blocks), not flood-mapping accuracy"
U2b,v004,U2b_B1B2_v004_s20261002,20261002,A_FP_rate_dry_cropland,0.000716,6.0975e-05,0.0014001249999999,,"agreement with held-out weak reference labels (TEST blocks), not flood-mapping accuracy"
U2b,v004,U2b_B1B2_v004_s20261002,20261002,A_evaluated_dry_cropland_km2,252.77,130.23600000000002,392.96325,,"agreement with held-out weak reference labels (TEST blocks), not flood-mapping accuracy"
U2b,v004,U2b_B1B2_v004_s20261002,20261002,B_recall_flooded_open_low_veg,0.626,0.012195,0.958105,,"agreement with held-out weak reference labels (TEST blocks), not flood-mapping accuracy"
U2b,v004,U2b_B1B2_v004_s20261002,20261002,B_IoU_open_low_veg,0.6009,0.0095875,0.91861,,"agreement with held-out weak reference labels (TEST blocks), not flood-mapping accuracy"
U2b,v004,U2b_B1B2_v004_s20261002,20261002,B_FN_area_km2,2.4222,0.177245,5.410182499999995,,"agreement with held-out weak reference labels (TEST blocks), not flood-mapping accuracy"
U2b,v004,U2b_B1B2_v004_s20261002,20261002,B_reference_km2,6.477,0.455925,14.58072499999999,,"agreement with held-out weak reference labels (TEST blocks), not flood-mapping accuracy"
U2b,v004,U2b_B1B2_v004_s20261002,20261002,C_recall_flooded_cropland_LOWN,0.7747,0.035295,0.9742025,,"agreement with held-out weak reference labels (TEST blocks), not flood-mapping accuracy"
U2b,v004,U2b_B1B2_v004_s20261002,20261002,C_FN_area_km2,0.1448,0.0139975,0.3660599999999996,,"agreement with held-out weak reference labels (TEST blocks), not flood-mapping accuracy"
U2b,v004,U2b_B1B2_v004_s20261002,20261002,C_reference_km2,0.643,0.042,1.6170499999999997,,"agreement with held-out weak reference labels (TEST blocks), not flood-mapping accuracy"
U2b,v004,U2b_B1B2_v004_s20261002,20261002,W_precision,0.9641,0.8408,0.9727,,"agreement with held-out weak reference labels (TEST blocks), not flood-mapping accuracy"
U2b,v004,U2b_B1B2_v004_s20261002,20261002,W_recall,0.9861,0.9353,0.9954,,"agreement with held-out weak reference labels (TEST blocks), not flood-mapping accuracy"
U2b,v004,U2b_B1B2_v004_s20261002,20261002,W_IoU,0.9512,0.8007,0.9682,,"agreement with held-out weak reference labels (TEST blocks), not flood-mapping accuracy"
U2b,v004,U2b_B1B2_v004_s20261002,20261002,BU_FP_area_km2,0.735,0.0690674999999999,1.7049325,,"agreement with held-out weak reference labels (TEST blocks), not flood-mapping accuracy"
U2b,v004,U2b_B1B2_v004_s20261002,20261002,BU_precision,0.3792,0.1382475,0.6678799999999999,,"agreement with held-out weak reference labels (TEST blocks), not flood-mapping accuracy"
U2b,v004,U2b_B1B2_v004_s20261002,20261002,BS_FP_area_km2,0.0036,0.0,0.0084,,"agreement with held-out weak reference labels (TEST blocks), not flood-mapping accuracy"
U2b,v004,U2b_B1B2_v004_s20261002,20261002,G_F1,0.9298,0.67849,0.9506025,,"agreement with held-out weak reference labels (TEST blocks), not flood-mapping accuracy"
U2b,v004,U2b_B1B2_v004_s20261002,20261002,G_IoU,0.8688,0.51339,0.905905,,"agreement with held-out weak reference labels (TEST blocks), not flood-mapping accuracy"
U2b,v004,U2b_B1B2_v004_s20261002,20261002,G_precision,0.927,0.7827975,0.9355,,"agreement with held-out weak reference labels (TEST blocks), not flood-mapping accuracy"
U2b,v004,U2b_B1B2_v004_s20261002,20261002,G_recall,0.9326,0.6312525,0.9733,,"agreement with held-out weak reference labels (TEST blocks), not flood-mapping accuracy"
U2b,v004,U2b_B1B2_v004_s20261002,20261002,A1_isolated_field_FP_km2,0.1454,0.0004,0.3724,,"agreement with held-out weak reference labels (TEST blocks), not flood-mapping accuracy"
U2b,v004,U2b_B1B2_v004_s20261002,20261002,A2_pred_flood_on_nonflood_cropland_km2,0.181,0.0121,0.4274024999999999,,"agreement with held-out weak reference labels (TEST blocks), not flood-mapping accuracy"
U2b,v004,U2b_B1B2_v004_s20261002,20261002,A2_PREDICTED_FLOOD_BURDEN_ON_UNLABELLED_CROPLAND_km2,1.0685,0.3759175,2.1139174999999994,,"agreement with held-out weak reference labels (TEST blocks), not flood-mapping accuracy"
U2b,v004,U2b_B1B2_v004_s20261002,20261002,A2_unlabelled_cropland_evaluated_km2,474.6,280.6005,700.57425,,"agreement with held-out weak reference labels (TEST blocks), not flood-mapping accuracy"
U2b,v004,U2b_B1B2_v004_s20261002,20261002,A2_frac_unlabelled_cropland_above_thr,0.00225,0.00082975,0.00497,,"agreement with held-out weak reference labels (TEST blocks), not flood-mapping accuracy"
U2b,v004,U2b_B1B2_v004_s20261002,20261002,A2_frac_nonflood_cropland_above_thr,0.00072,6e-05,0.0014,,"agreement with held-out weak reference labels (TEST blocks), not flood-mapping accuracy"
U2b,v004,U2b_B1B2_v004_s20261002,20261002,A2_isolated_field_like_km2,0.9638,0.234185,2.2002625,,"agreement with held-out weak reference labels (TEST blocks), not flood-mapping accuracy"
U2b,v004,U2b_B1B2_v004_s20261002,20261002,A2_isolated_field_like_on_unlabelled_km2,0.8085,0.20036,1.794705,,"agreement with held-out weak reference labels (TEST blocks), not flood-mapping accuracy"
U2b,v004,U2b_B1B2_v004_s20261002,20261002,A1_n_fp_components,138.0,,,,"agreement with held-out weak reference labels (TEST blocks), not flood-mapping accuracy"
U2b,v004,U2b_B1B2_v004_s20261002,20261002,A2_n_isolated_field_like_components,23.0,,,,"agreement with held-out weak reference labels (TEST blocks), not flood-mapping accuracy"
U2b,v004,U2b_B1B2_v004_s20261002,20261002,B_n_ref_components,1704.0,,,,"agreement with held-out weak reference labels (TEST blocks), not flood-mapping accuracy"
U2b,v004,U2b_B1B2_v004_s20261002,20261002,B_n_recovered,216.0,,,,"agreement with held-out weak reference labels (TEST blocks), not flood-mapping accuracy"
U2b,v004,U2b_B1B2_v004_s20261002,20261002,B_n_contributing_test_blocks,10.0,,,,"agreement with held-out weak reference labels (TEST blocks), not flood-mapping accuracy"
U2b,v004,U2b_B1B2_v004_s20261002,20261002,C_n_ref_components_LOWN,274.0,,,,"agreement with held-out weak reference labels (TEST blocks), not flood-mapping accuracy"
U2b,v004,U2b_B1B2_v004_s20261002,20261002,C_n_recovered_LOWN,108.0,,,,"agreement with held-out weak reference labels (TEST blocks), not flood-mapping accuracy"
U2b,v004,U2b_B1B2_v004_s20261002,20261002,W_pred_components,801.0,,,,"agreement with held-out weak reference labels (TEST blocks), not flood-mapping accuracy"
U2b,v004,U2b_B1B2_v004_s20261002,20261002,G_PR_AUC,0.9617,,,,"agreement with held-out weak reference labels (TEST blocks), not flood-mapping accuracy"
U2b,v004,U2b_B1B2_v004_s20261002,20261002,threshold,0.05,,,,"agreement with held-out weak reference labels (TEST blocks), not flood-mapping accuracy"
U2,v002_notrace,U2_B1B2_v002nt,20260923,A_FP_area_dry_cropland_km2,0.0701,0.0072,0.1762024999999999,,"agreement with held-out weak reference labels (TEST blocks), not flood-mapping accuracy"
U2,v002_notrace,U2_B1B2_v002nt,20260923,A_FP_rate_dry_cropland,0.00022,3.3e-05,0.0004950499999999,,"agreement with held-out weak reference labels (TEST blocks), not flood-mapping accuracy"
U2,v002_notrace,U2_B1B2_v002nt,20260923,A_evaluated_dry_cropland_km2,318.92,159.36825,485.1172499999997,,"agreement with held-out weak reference labels (TEST blocks), not flood-mapping accuracy"
U2,v002_notrace,U2_B1B2_v002nt,20260923,B_recall_flooded_open_low_veg,0.668,0.0104975,0.9413075,,"agreement with held-out weak reference labels (TEST blocks), not flood-mapping accuracy"
U2,v002_notrace,U2_B1B2_v002nt,20260923,B_IoU_open_low_veg,0.6541,0.0094925,0.9261075,,"agreement with held-out weak reference labels (TEST blocks), not flood-mapping accuracy"
U2,v002_notrace,U2_B1B2_v002nt,20260923,B_FN_area_km2,2.1505,0.2211575,4.701957499999996,,"agreement with held-out weak reference labels (TEST blocks), not flood-mapping accuracy"
U2,v002_notrace,U2_B1B2_v002nt,20260923,B_reference_km2,6.477,0.455925,14.58072499999999,,"agreement with held-out weak reference labels (TEST blocks), not flood-mapping accuracy"
U2,v002_notrace,U2_B1B2_v002nt,20260923,C_recall_flooded_cropland_LOWN,0.7748,0.0326125,0.9663025,,"agreement with held-out weak reference labels (TEST blocks), not flood-mapping accuracy"
U2,v002_notrace,U2_B1B2_v002nt,20260923,C_FN_area_km2,0.1447,0.0115975,0.3731049999999999,,"agreement with held-out weak reference labels (TEST blocks), not flood-mapping accuracy"
U2,v002_notrace,U2_B1B2_v002nt,20260923,C_reference_km2,0.643,0.042,1.6170499999999997,,"agreement with held-out weak reference labels (TEST blocks), not flood-mapping accuracy"
U2,v002_notrace,U2_B1B2_v002nt,20260923,W_precision,0.9497,0.6279975,0.9786,,"agreement with held-out weak reference labels (TEST blocks), not flood-mapping accuracy"
U2,v002_notrace,U2_B1B2_v002nt,20260923,W_recall,0.9923,0.9511,0.9963,,"agreement with held-out weak reference labels (TEST blocks), not flood-mapping accuracy"
U2,v002_notrace,U2_B1B2_v002nt,20260923,W_IoU,0.9427,0.6140975,0.9752,,"agreement with held-out weak reference labels (TEST blocks), not flood-mapping accuracy"
U2,v002_notrace,U2_B1B2_v002nt,20260923,BU_FP_area_km2,1.181,0.055595,2.759487499999999,,"agreement with held-out weak reference labels (TEST blocks), not flood-mapping accuracy"
U2,v002_notrace,U2_B1B2_v002nt,20260923,BU_precision,0.3107,0.1591499999999999,0.7887799999999977,,"agreement with held-out weak reference labels (TEST blocks), not flood-mapping accuracy"
U2,v002_notrace,U2_B1B2_v002nt,20260923,BS_FP_area_km2,0.003,0.0,0.0084,,"agreement with held-out weak reference labels (TEST blocks), not flood-mapping accuracy"
U2,v002_notrace,U2_B1B2_v002nt,20260923,G_F1,0.9253,0.6368775,0.9502,,"agreement with held-out weak reference labels (TEST blocks), not flood-mapping accuracy"
U2,v002_notrace,U2_B1B2_v002nt,20260923,G_IoU,0.861,0.46726,0.9050025,,"agreement with held-out weak reference labels (TEST blocks), not flood-mapping accuracy"
U2,v002_notrace,U2_B1B2_v002nt,20260923,G_precision,0.9055,0.6465725000000001,0.94771,,"agreement with held-out weak reference labels (TEST blocks), not flood-mapping accuracy"
U2,v002_notrace,U2_B1B2_v002nt,20260923,G_recall,0.946,0.62934,0.9811,,"agreement with held-out weak reference labels (TEST blocks), not flood-mapping accuracy"
U2,v002_notrace,U2_B1B2_v002nt,20260923,A1_isolated_field_FP_km2,0.0479,0.0003,0.1412,,"agreement with held-out weak reference labels (TEST blocks), not flood-mapping accuracy"
U2,v002_notrace,U2_B1B2_v002nt,20260923,A2_pred_flood_on_nonflood_cropland_km2,0.0701,0.0072,0.1762024999999999,,"agreement with held-out weak reference labels (TEST blocks), not flood-mapping accuracy"
U2,v002_notrace,U2_B1B2_v002nt,20260923,A2_PREDICTED_FLOOD_BURDEN_ON_UNLABELLED_CROPLAND_km2,9.6246,2.6173075000000003,20.333857499999983,,"agreement with held-out weak reference labels (TEST blocks), not flood-mapping accuracy"
U2,v002_notrace,U2_B1B2_v002nt,20260923,A2_unlabelled_cropland_evaluated_km2,408.45,225.723,629.4079999999998,,"agreement with held-out weak reference labels (TEST blocks), not flood-mapping accuracy"
U2,v002_notrace,U2_B1B2_v002nt,20260923,A2_frac_unlabelled_cropland_above_thr,0.02356,0.0078085,0.0435107499999999,,"agreement with held-out weak reference labels (TEST blocks), not flood-mapping accuracy"
U2,v002_notrace,U2_B1B2_v002nt,20260923,A2_frac_nonflood_cropland_above_thr,0.00022,3e-05,0.0004902499999999,,"agreement with held-out weak reference labels (TEST blocks), not flood-mapping accuracy"
U2,v002_notrace,U2_B1B2_v002nt,20260923,A2_isolated_field_like_km2,8.7681,2.0258525,19.788935,,"agreement with held-out weak reference labels (TEST blocks), not flood-mapping accuracy"
U2,v002_notrace,U2_B1B2_v002nt,20260923,A2_isolated_field_like_on_unlabelled_km2,8.4631,1.94625,19.066837499999995,,"agreement with held-out weak reference labels (TEST blocks), not flood-mapping accuracy"
U2,v002_notrace,U2_B1B2_v002nt,20260923,A1_n_fp_components,82.0,,,,"agreement with held-out weak reference labels (TEST blocks), not flood-mapping accuracy"
U2,v002_notrace,U2_B1B2_v002nt,20260923,A2_n_isolated_field_like_components,83.0,,,,"agreement with held-out weak reference labels (TEST blocks), not flood-mapping accuracy"
U2,v002_notrace,U2_B1B2_v002nt,20260923,B_n_ref_components,1704.0,,,,"agreement with held-out weak reference labels (TEST blocks), not flood-mapping accuracy"
U2,v002_notrace,U2_B1B2_v002nt,20260923,B_n_recovered,245.0,,,,"agreement with held-out weak reference labels (TEST blocks), not flood-mapping accuracy"
U2,v002_notrace,U2_B1B2_v002nt,20260923,B_n_contributing_test_blocks,10.0,,,,"agreement with held-out weak reference labels (TEST blocks), not flood-mapping accuracy"
U2,v002_notrace,U2_B1B2_v002nt,20260923,C_n_ref_components_LOWN,274.0,,,,"agreement with held-out weak reference labels (TEST blocks), not flood-mapping accuracy"
U2,v002_notrace,U2_B1B2_v002nt,20260923,C_n_recovered_LOWN,119.0,,,,"agreement with held-out weak reference labels (TEST blocks), not flood-mapping accuracy"
U2,v002_notrace,U2_B1B2_v002nt,20260923,W_pred_components,895.0,,,,"agreement with held-out weak reference labels (TEST blocks), not flood-mapping accuracy"
U2,v002_notrace,U2_B1B2_v002nt,20260923,G_PR_AUC,0.9818,,,,"agreement with held-out weak reference labels (TEST blocks), not flood-mapping accuracy"
U2,v002_notrace,U2_B1B2_v002nt,20260923,threshold,0.69,,,,"agreement with held-out weak reference labels (TEST blocks), not flood-mapping accuracy"
U2,v002_notrace,U2_B1B2_v002nt_s20261001,20261001,A_FP_area_dry_cropland_km2,2.7144,0.1476325,6.821462499999999,,"agreement with held-out weak reference labels (TEST blocks), not flood-mapping accuracy"
U2,v002_notrace,U2_B1B2_v002nt_s20261001,20261001,A_FP_rate_dry_cropland,0.008511,0.000696875,0.0199996499999999,,"agreement with held-out weak reference labels (TEST blocks), not flood-mapping accuracy"
U2,v002_notrace,U2_B1B2_v002nt_s20261001,20261001,A_evaluated_dry_cropland_km2,318.92,159.36825,485.1172499999997,,"agreement with held-out weak reference labels (TEST blocks), not flood-mapping accuracy"
U2,v002_notrace,U2_B1B2_v002nt_s20261001,20261001,B_recall_flooded_open_low_veg,0.6467,0.0548875,0.945505,,"agreement with held-out weak reference labels (TEST blocks), not flood-mapping accuracy"
U2,v002_notrace,U2_B1B2_v002nt_s20261001,20261001,B_IoU_open_low_veg,0.4532,0.0164,0.7866,,"agreement with held-out weak reference labels (TEST blocks), not flood-mapping accuracy"
U2,v002_notrace,U2_B1B2_v002nt_s20261001,20261001,B_FN_area_km2,2.2887,0.183085,5.042412499999999,,"agreement with held-out weak reference labels (TEST blocks), not flood-mapping accuracy"
U2,v002_notrace,U2_B1B2_v002nt_s20261001,20261001,B_reference_km2,6.477,0.455925,14.58072499999999,,"agreement with held-out weak reference labels (TEST blocks), not flood-mapping accuracy"
U2,v002_notrace,U2_B1B2_v002nt_s20261001,20261001,C_recall_flooded_cropland_LOWN,0.9119,0.3887925,0.9577,,"agreement with held-out weak reference labels (TEST blocks), not flood-mapping accuracy"
U2,v002_notrace,U2_B1B2_v002nt_s20261001,20261001,C_FN_area_km2,0.0566,0.0160975,0.1056099999999999,,"agreement with held-out weak reference labels (TEST blocks), not flood-mapping accuracy"
U2,v002_notrace,U2_B1B2_v002nt_s20261001,20261001,C_reference_km2,0.643,0.042,1.6170499999999997,,"agreement with held-out weak reference labels (TEST blocks), not flood-mapping accuracy"
U2,v002_notrace,U2_B1B2_v002nt_s20261001,20261001,W_precision,0.968,0.77286,0.9814,,"agreement with held-out weak reference labels (TEST blocks), not flood-mapping accuracy"
U2,v002_notrace,U2_B1B2_v002nt_s20261001,20261001,W_recall,0.9797,0.8902,0.9909,,"agreement with held-out weak reference labels (TEST blocks), not flood-mapping accuracy"
U2,v002_notrace,U2_B1B2_v002nt_s20261001,20261001,W_IoU,0.949,0.7066,0.9724025,,"agreement with held-out weak reference labels (TEST blocks), not flood-mapping accuracy"
U2,v002_notrace,U2_B1B2_v002nt_s20261001,20261001,BU_FP_area_km2,0.6248,0.0461974999999999,1.5105349999999993,,"agreement with held-out weak reference labels (TEST blocks), not flood-mapping accuracy"
U2,v002_notrace,U2_B1B2_v002nt_s20261001,20261001,BU_precision,0.4374,0.193495,0.8253149999999981,,"agreement with held-out weak reference labels (TEST blocks), not flood-mapping accuracy"
U2,v002_notrace,U2_B1B2_v002nt_s20261001,20261001,BS_FP_area_km2,0.0006,0.0,0.0016,,"agreement with held-out weak reference labels (TEST blocks), not flood-mapping accuracy"
U2,v002_notrace,U2_B1B2_v002nt_s20261001,20261001,G_F1,0.9106,0.4948849999999999,0.9464,,"agreement with held-out weak reference labels (TEST blocks), not flood-mapping accuracy"
U2,v002_notrace,U2_B1B2_v002nt_s20261001,20261001,G_IoU,0.8359,0.3288225,0.8982,,"agreement with held-out weak reference labels (TEST blocks), not flood-mapping accuracy"
U2,v002_notrace,U2_B1B2_v002nt_s20261001,20261001,G_precision,0.8922,0.4230325,0.9466,,"agreement with held-out weak reference labels (TEST blocks), not flood-mapping accuracy"
U2,v002_notrace,U2_B1B2_v002nt_s20261001,20261001,G_recall,0.9299,0.627915,0.9606025,,"agreement with held-out weak reference labels (TEST blocks), not flood-mapping accuracy"
U2,v002_notrace,U2_B1B2_v002nt_s20261001,20261001,A1_isolated_field_FP_km2,2.3436,0.1025525,5.901492499999997,,"agreement with held-out weak reference labels (TEST blocks), not flood-mapping accuracy"
U2,v002_notrace,U2_B1B2_v002nt_s20261001,20261001,A2_pred_flood_on_nonflood_cropland_km2,2.7144,0.1476325,6.821462499999999,,"agreement with held-out weak reference labels (TEST blocks), not flood-mapping accuracy"
U2,v002_notrace,U2_B1B2_v002nt_s20261001,20261001,A2_PREDICTED_FLOOD_BURDEN_ON_UNLABELLED_CROPLAND_km2,30.4491,16.0413475,47.158897499999945,,"agreement with held-out weak reference labels (TEST blocks), not flood-mapping accuracy"
U2,v002_notrace,U2_B1B2_v002nt_s20261001,20261001,A2_unlabelled_cropland_evaluated_km2,408.45,225.723,629.4079999999998,,"agreement with held-out weak reference labels (TEST blocks), not flood-mapping accuracy"
U2,v002_notrace,U2_B1B2_v002nt_s20261001,20261001,A2_frac_unlabelled_cropland_above_thr,0.07455,0.05441775,0.0984252499999999,,"agreement with held-out weak reference labels (TEST blocks), not flood-mapping accuracy"
U2,v002_notrace,U2_B1B2_v002nt_s20261001,20261001,A2_frac_nonflood_cropland_above_thr,0.00851,0.00069975,0.0200024999999999,,"agreement with held-out weak reference labels (TEST blocks), not flood-mapping accuracy"
U2,v002_notrace,U2_B1B2_v002nt_s20261001,20261001,A2_isolated_field_like_km2,28.8924,14.5111975,46.45855249999994,,"agreement with held-out weak reference labels (TEST blocks), not flood-mapping accuracy"
U2,v002_notrace,U2_B1B2_v002nt_s20261001,20261001,A2_isolated_field_like_on_unlabelled_km2,25.8835,12.6688675,42.4250725,,"agreement with held-out weak reference labels (TEST blocks), not flood-mapping accuracy"
U2,v002_notrace,U2_B1B2_v002nt_s20261001,20261001,A1_n_fp_components,1053.0,,,,"agreement with held-out weak reference labels (TEST blocks), not flood-mapping accuracy"
U2,v002_notrace,U2_B1B2_v002nt_s20261001,20261001,A2_n_isolated_field_like_components,165.0,,,,"agreement with held-out weak reference labels (TEST blocks), not flood-mapping accuracy"
U2,v002_notrace,U2_B1B2_v002nt_s20261001,20261001,B_n_ref_components,1704.0,,,,"agreement with held-out weak reference labels (TEST blocks), not flood-mapping accuracy"
U2,v002_notrace,U2_B1B2_v002nt_s20261001,20261001,B_n_recovered,298.0,,,,"agreement with held-out weak reference labels (TEST blocks), not flood-mapping accuracy"
U2,v002_notrace,U2_B1B2_v002nt_s20261001,20261001,B_n_contributing_test_blocks,10.0,,,,"agreement with held-out weak reference labels (TEST blocks), not flood-mapping accuracy"
U2,v002_notrace,U2_B1B2_v002nt_s20261001,20261001,C_n_ref_components_LOWN,274.0,,,,"agreement with held-out weak reference labels (TEST blocks), not flood-mapping accuracy"
U2,v002_notrace,U2_B1B2_v002nt_s20261001,20261001,C_n_recovered_LOWN,218.0,,,,"agreement with held-out weak reference labels (TEST blocks), not flood-mapping accuracy"
U2,v002_notrace,U2_B1B2_v002nt_s20261001,20261001,W_pred_components,650.0,,,,"agreement with held-out weak reference labels (TEST blocks), not flood-mapping accuracy"
U2,v002_notrace,U2_B1B2_v002nt_s20261001,20261001,G_PR_AUC,0.9622,,,,"agreement with held-out weak reference labels (TEST blocks), not flood-mapping accuracy"
U2,v002_notrace,U2_B1B2_v002nt_s20261001,20261001,threshold,0.61,,,,"agreement with held-out weak reference labels (TEST blocks), not flood-mapping accuracy"
U2,v002_notrace,U2_B1B2_v002nt_s20261002,20261002,A_FP_area_dry_cropland_km2,2.4474,0.0554875,6.597367499999999,,"agreement with held-out weak reference labels (TEST blocks), not flood-mapping accuracy"
U2,v002_notrace,U2_B1B2_v002nt_s20261002,20261002,A_FP_rate_dry_cropland,0.007674,0.000235,0.0196472,,"agreement with held-out weak reference labels (TEST blocks), not flood-mapping accuracy"
U2,v002_notrace,U2_B1B2_v002nt_s20261002,20261002,A_evaluated_dry_cropland_km2,318.92,159.36825,485.1172499999997,,"agreement with held-out weak reference labels (TEST blocks), not flood-mapping accuracy"
U2,v002_notrace,U2_B1B2_v002nt_s20261002,20261002,B_recall_flooded_open_low_veg,0.7159,0.04398,0.95,,"agreement with held-out weak reference labels (TEST blocks), not flood-mapping accuracy"
U2,v002_notrace,U2_B1B2_v002nt_s20261002,20261002,B_IoU_open_low_veg,0.5139,0.01459,0.8298,,"agreement with held-out weak reference labels (TEST blocks), not flood-mapping accuracy"
U2,v002_notrace,U2_B1B2_v002nt_s20261002,20261002,B_FN_area_km2,1.8402,0.2062925,4.1553575,,"agreement with held-out weak reference labels (TEST blocks), not flood-mapping accuracy"
U2,v002_notrace,U2_B1B2_v002nt_s20261002,20261002,B_reference_km2,6.477,0.455925,14.58072499999999,,"agreement with held-out weak reference labels (TEST blocks), not flood-mapping accuracy"
U2,v002_notrace,U2_B1B2_v002nt_s20261002,20261002,C_recall_flooded_cropland_LOWN,0.8355,0.3011825,0.969805,,"agreement with held-out weak reference labels (TEST blocks), not flood-mapping accuracy"
U2,v002_notrace,U2_B1B2_v002nt_s20261002,20261002,C_FN_area_km2,0.1057,0.0129,0.265105,,"agreement with held-out weak reference labels (TEST blocks), not flood-mapping accuracy"
U2,v002_notrace,U2_B1B2_v002nt_s20261002,20261002,C_reference_km2,0.643,0.042,1.6170499999999997,,"agreement with held-out weak reference labels (TEST blocks), not flood-mapping accuracy"
U2,v002_notrace,U2_B1B2_v002nt_s20261002,20261002,W_precision,0.9849,0.9529975,0.9903,,"agreement with held-out weak reference labels (TEST blocks), not flood-mapping accuracy"
U2,v002_notrace,U2_B1B2_v002nt_s20261002,20261002,W_recall,0.9809,0.8883,0.9948,,"agreement with held-out weak reference labels (TEST blocks), not flood-mapping accuracy"
U2,v002_notrace,U2_B1B2_v002nt_s20261002,20261002,W_IoU,0.9663,0.8505900000000001,0.978,,"agreement with held-out weak reference labels (TEST blocks), not flood-mapping accuracy"
U2,v002_notrace,U2_B1B2_v002nt_s20261002,20261002,BU_FP_area_km2,0.4879,0.0304,1.2858025,,"agreement with held-out weak reference labels (TEST blocks), not flood-mapping accuracy"
U2,v002_notrace,U2_B1B2_v002nt_s20261002,20261002,BU_precision,0.5217,0.27467,0.8496,,"agreement with held-out weak reference labels (TEST blocks), not flood-mapping accuracy"
U2,v002_notrace,U2_B1B2_v002nt_s20261002,20261002,BS_FP_area_km2,0.0013,0.0,0.0037,,"agreement with held-out weak reference labels (TEST blocks), not flood-mapping accuracy"
U2,v002_notrace,U2_B1B2_v002nt_s20261002,20261002,G_F1,0.9258,0.5233225,0.9609025,,"agreement with held-out weak reference labels (TEST blocks), not flood-mapping accuracy"
U2,v002_notrace,U2_B1B2_v002nt_s20261002,20261002,G_IoU,0.8619,0.3544275,0.9248025,,"agreement with held-out weak reference labels (TEST blocks), not flood-mapping accuracy"
U2,v002_notrace,U2_B1B2_v002nt_s20261002,20261002,G_precision,0.9103,0.4654275,0.9716,,"agreement with held-out weak reference labels (TEST blocks), not flood-mapping accuracy"
U2,v002_notrace,U2_B1B2_v002nt_s20261002,20261002,G_recall,0.9419,0.60273,0.9667025,,"agreement with held-out weak reference labels (TEST blocks), not flood-mapping accuracy"
U2,v002_notrace,U2_B1B2_v002nt_s20261002,20261002,A1_isolated_field_FP_km2,2.105,0.0389975,5.7062025,,"agreement with held-out weak reference labels (TEST blocks), not flood-mapping accuracy"
U2,v002_notrace,U2_B1B2_v002nt_s20261002,20261002,A2_pred_flood_on_nonflood_cropland_km2,2.4474,0.0554875,6.597367499999999,,"agreement with held-out weak reference labels (TEST blocks), not flood-mapping accuracy"
U2,v002_notrace,U2_B1B2_v002nt_s20261002,20261002,A2_PREDICTED_FLOOD_BURDEN_ON_UNLABELLED_CROPLAND_km2,33.1191,14.7509625,56.653805,,"agreement with held-out weak reference labels (TEST blocks), not flood-mapping accuracy"
U2,v002_notrace,U2_B1B2_v002nt_s20261002,20261002,A2_unlabelled_cropland_evaluated_km2,408.45,225.723,629.4079999999998,,"agreement with held-out weak reference labels (TEST blocks), not flood-mapping accuracy"
U2,v002_notrace,U2_B1B2_v002nt_s20261002,20261002,A2_frac_unlabelled_cropland_above_thr,0.08108,0.04681925,0.1158027499999999,,"agreement with held-out weak reference labels (TEST blocks), not flood-mapping accuracy"
U2,v002_notrace,U2_B1B2_v002nt_s20261002,20261002,A2_frac_nonflood_cropland_above_thr,0.00767,0.00023,0.01965,,"agreement with held-out weak reference labels (TEST blocks), not flood-mapping accuracy"
U2,v002_notrace,U2_B1B2_v002nt_s20261002,20261002,A2_isolated_field_like_km2,31.998,13.2530275,56.7576875,,"agreement with held-out weak reference labels (TEST blocks), not flood-mapping accuracy"
U2,v002_notrace,U2_B1B2_v002nt_s20261002,20261002,A2_isolated_field_like_on_unlabelled_km2,28.8354,11.852725,52.6231025,,"agreement with held-out weak reference labels (TEST blocks), not flood-mapping accuracy"
U2,v002_notrace,U2_B1B2_v002nt_s20261002,20261002,A1_n_fp_components,523.0,,,,"agreement with held-out weak reference labels (TEST blocks), not flood-mapping accuracy"
U2,v002_notrace,U2_B1B2_v002nt_s20261002,20261002,A2_n_isolated_field_like_components,180.0,,,,"agreement with held-out weak reference labels (TEST blocks), not flood-mapping accuracy"
U2,v002_notrace,U2_B1B2_v002nt_s20261002,20261002,B_n_ref_components,1704.0,,,,"agreement with held-out weak reference labels (TEST blocks), not flood-mapping accuracy"
U2,v002_notrace,U2_B1B2_v002nt_s20261002,20261002,B_n_recovered,273.0,,,,"agreement with held-out weak reference labels (TEST blocks), not flood-mapping accuracy"
U2,v002_notrace,U2_B1B2_v002nt_s20261002,20261002,B_n_contributing_test_blocks,10.0,,,,"agreement with held-out weak reference labels (TEST blocks), not flood-mapping accuracy"
U2,v002_notrace,U2_B1B2_v002nt_s20261002,20261002,C_n_ref_components_LOWN,274.0,,,,"agreement with held-out weak reference labels (TEST blocks), not flood-mapping accuracy"
U2,v002_notrace,U2_B1B2_v002nt_s20261002,20261002,C_n_recovered_LOWN,161.0,,,,"agreement with held-out weak reference labels (TEST blocks), not flood-mapping accuracy"
U2,v002_notrace,U2_B1B2_v002nt_s20261002,20261002,W_pred_components,843.0,,,,"agreement with held-out weak reference labels (TEST blocks), not flood-mapping accuracy"
U2,v002_notrace,U2_B1B2_v002nt_s20261002,20261002,G_PR_AUC,0.9713,,,,"agreement with held-out weak reference labels (TEST blocks), not flood-mapping accuracy"
U2,v002_notrace,U2_B1B2_v002nt_s20261002,20261002,threshold,0.43,,,,"agreement with held-out weak reference labels (TEST blocks), not flood-mapping accuracy"
