date,region,A_p50_km2,A_p05_km2,A_p95_km2,A_central_km2,W_total_p50_km2,W_total_p05_km2,W_total_p95_km2,W_total_central_km2,V_p50_hm3,V_p05_hm3,V_p95_hm3,V_central_hm3,kherson_gauge_m,area_semantics,Vtot_p05_hm3,Vtot_p50_hm3,Vtot_p95_hm3,baseline_p05_km2,baseline_p50_km2,baseline_p95_km2,n_draws,rel_halfwidth_W_total_pct,rel_halfwidth_A_pct,rel_halfwidth_V_pct,mc_shift_A_pct,mc_shift_V_pct,A_hand_and_ceiling_km2,W_total_hand_and_ceiling_km2,A_ceiling_only_km2,W_total_ceiling_only_km2,A_connected_ceiling_dem_uncorrected_km2,W_total_connected_ceiling_dem_uncorrected_km2,A_connected_ceiling_superseded_km2,W_total_connected_ceiling_superseded_km2,A_connected_ceiling_conn4_km2,W_total_connected_ceiling_conn4_km2,A_connected_ceiling_seed_allprewater_superseded_km2,W_total_connected_ceiling_seed_allprewater_superseded_km2,A_connected_ceiling_memory_km2,W_total_connected_ceiling_memory_km2,A_connected_ceiling_maxgap3_km2,W_total_connected_ceiling_maxgap3_km2,A_connected_ceiling_riveraware_km2,W_total_connected_ceiling_riveraware_km2,A_connected_ceiling_inhulets_gauge_node_km2,W_total_connected_ceiling_inhulets_gauge_node_km2,A_connected_ceiling_fallback10km_km2,W_total_connected_ceiling_fallback10km_km2,uncertainty_note,definition_note,central_value_note
2023-06-05,DNIPRO_CORRIDOR,0.0,0.0,0.0,0.0,439.4,410.4,465.1,461.3,0.0,0.0,0.0,0.0,0.53,terrain_reconstructed,860.9,913.6,963.5,486.1,510.2,530.9,1000,6.224396904870283,,,,,0.0,50.6,0.0,492.6,0.0,268.1,101.5,546.9000000000001,0.0,460.3,0.0,485.2000000000001,0.0,466.2000000000001,0.0,461.3,0.0,461.3,0.0,461.3,0.0,403.1,"PRIMARY interval = p05/p50/p95 of the coherent Monte-Carlo worlds of p95e rev 2 (review F01-F05): per draw ONE terrain-error realization over the union mosaic (FABDEM-sourced cells only; class NMAD x a unit-variance field with the nested covariance fitted to the FABDEM - ICESat-2 residuals, p95j) and ONE water-surface realization over all nodes and days (datum closure, gauge, SWOT wse_u, gap-dependent interpolation error; every term once, through the node heights), the pre-breach baseline rebuilt with the same realization; W_total, A_new and both volumes are quantiles of their OWN ensembles (no shift construction). The 100 000-draw cluster-normal emulator (p95g) is a computational DIAGNOSTIC outside the evidence path (maintainer decision D-EMU, 2026-09-29): it has no connectivity and its W_total is the nominal total plus its new-area deviations; it is reported in T12d only","A_* = NEW inundation (cells allowed by the water surface outside the same-rule pre-breach regime); W_total_* = TOTAL water surface on the day (all cells allowed by the water surface, incl. channels, lakes, reed beds) ; operational 'flooded land' figures (e.g. UNOSAT 3616) exclude pre-existing water and are closer in kind to A_*, but differ in AOI, date and temporal semantics -- context, never validation; wetland submergence is in T13/T14","reported central value = Monte-Carlo MEDIAN (*_p50_*) with the p05-p95 interval of the coherent Monte-Carlo worlds (p95e rev 2); *_central_* = the deterministic nominal run (draw 0, unperturbed inputs), a diagnostic given in brackets; its position relative to the ensemble is attributed to the error components in T11d (maintainer decision 2026-09-28; recomputed 2026-09-29 after the code review); relative half-widths are taken over the Monte-Carlo median, never over the nominal run (text pass 2026-09-29)"
2023-06-05,INHULETS_VALLEY_rect,0.0,0.0,0.0,0.0,20.0,16.2,24.8,22.6,0.0,0.0,0.0,0.0,0.53,terrain_reconstructed,10.4,14.8,20.8,23.1,27.0,29.9,1000,21.500000000000004,,,,,0.0,0.0,0.0,24.1,0.0,14.5,3.8,26.9,0.0,22.5,0.0,22.6,0.0,23.5,0.0,22.6,0.0,22.6,0.0,21.2,0.0,11.7,"PRIMARY interval = p05/p50/p95 of the coherent Monte-Carlo worlds of p95e rev 2 (review F01-F05): per draw ONE terrain-error realization over the union mosaic (FABDEM-sourced cells only; class NMAD x a unit-variance field with the nested covariance fitted to the FABDEM - ICESat-2 residuals, p95j) and ONE water-surface realization over all nodes and days (datum closure, gauge, SWOT wse_u, gap-dependent interpolation error; every term once, through the node heights), the pre-breach baseline rebuilt with the same realization; W_total, A_new and both volumes are quantiles of their OWN ensembles (no shift construction). The 100 000-draw cluster-normal emulator (p95g) is a computational DIAGNOSTIC outside the evidence path (maintainer decision D-EMU, 2026-09-29): it has no connectivity and its W_total is the nominal total plus its new-area deviations; it is reported in T12d only","A_* = NEW inundation (cells allowed by the water surface outside the same-rule pre-breach regime); W_total_* = TOTAL water surface on the day (all cells allowed by the water surface, incl. channels, lakes, reed beds) ; operational 'flooded land' figures (e.g. UNOSAT 3616) exclude pre-existing water and are closer in kind to A_*, but differ in AOI, date and temporal semantics -- context, never validation; wetland submergence is in T13/T14","reported central value = Monte-Carlo MEDIAN (*_p50_*) with the p05-p95 interval of the coherent Monte-Carlo worlds (p95e rev 2); *_central_* = the deterministic nominal run (draw 0, unperturbed inputs), a diagnostic given in brackets; its position relative to the ensemble is attributed to the error components in T11d (maintainer decision 2026-09-28; recomputed 2026-09-29 after the code review); relative half-widths are taken over the Monte-Carlo median, never over the nominal run (text pass 2026-09-29)"
2023-06-05,P42_FLOODPLAIN_DOMAIN,0.0,0.0,0.0,0.0,262.9,243.4,280.1,295.3,0.0,0.0,0.0,0.0,0.53,terrain_reconstructed,398.3,430.5,462.8,294.7,311.0,325.1,1000,6.979840243438574,,,,,0.0,50.6,0.0,308.4,0.0,128.60000000000002,51.5,336.0,0.0,294.5,0.0,304.3,0.0,298.6,0.0,295.3,0.0,295.3,0.0,295.3,0.0,294.70000000000005,"PRIMARY interval = p05/p50/p95 of the coherent Monte-Carlo worlds of p95e rev 2 (review F01-F05): per draw ONE terrain-error realization over the union mosaic (FABDEM-sourced cells only; class NMAD x a unit-variance field with the nested covariance fitted to the FABDEM - ICESat-2 residuals, p95j) and ONE water-surface realization over all nodes and days (datum closure, gauge, SWOT wse_u, gap-dependent interpolation error; every term once, through the node heights), the pre-breach baseline rebuilt with the same realization; W_total, A_new and both volumes are quantiles of their OWN ensembles (no shift construction). The 100 000-draw cluster-normal emulator (p95g) is a computational DIAGNOSTIC outside the evidence path (maintainer decision D-EMU, 2026-09-29): it has no connectivity and its W_total is the nominal total plus its new-area deviations; it is reported in T12d only","A_* = NEW inundation (cells allowed by the water surface outside the same-rule pre-breach regime); W_total_* = TOTAL water surface on the day (all cells allowed by the water surface, incl. channels, lakes, reed beds) ; operational 'flooded land' figures (e.g. UNOSAT 3616) exclude pre-existing water and are closer in kind to A_*, but differ in AOI, date and temporal semantics -- context, never validation; wetland submergence is in T13/T14","reported central value = Monte-Carlo MEDIAN (*_p50_*) with the p05-p95 interval of the coherent Monte-Carlo worlds (p95e rev 2); *_central_* = the deterministic nominal run (draw 0, unperturbed inputs), a diagnostic given in brackets; its position relative to the ensemble is attributed to the error components in T11d (maintainer decision 2026-09-28; recomputed 2026-09-29 after the code review); relative half-widths are taken over the Monte-Carlo median, never over the nominal run (text pass 2026-09-29)"
2023-06-06,DNIPRO_CORRIDOR,151.6,140.3,165.1,132.2,628.5,612.3,645.7,629.9000000000001,383.6,349.3,424.7,300.66,3.08,terrain_reconstructed,2625.1,2692.1,2759.3,486.1,510.2,530.9,1000,2.657120127287199,8.179419525065958,9.827945776850882,14.67473524962179,27.585977516131177,204.2,333.8,205.9,737.9,260.8,568.5,231.7,682.5999999999999,132.1,629.0,191.7,715.5,132.2,631.9000000000001,132.2,629.9000000000001,132.1,629.9000000000001,132.2,629.9000000000001,128.6,568.0,"PRIMARY interval = p05/p50/p95 of the coherent Monte-Carlo worlds of p95e rev 2 (review F01-F05): per draw ONE terrain-error realization over the union mosaic (FABDEM-sourced cells only; class NMAD x a unit-variance field with the nested covariance fitted to the FABDEM - ICESat-2 residuals, p95j) and ONE water-surface realization over all nodes and days (datum closure, gauge, SWOT wse_u, gap-dependent interpolation error; every term once, through the node heights), the pre-breach baseline rebuilt with the same realization; W_total, A_new and both volumes are quantiles of their OWN ensembles (no shift construction). The 100 000-draw cluster-normal emulator (p95g) is a computational DIAGNOSTIC outside the evidence path (maintainer decision D-EMU, 2026-09-29): it has no connectivity and its W_total is the nominal total plus its new-area deviations; it is reported in T12d only","A_* = NEW inundation (cells allowed by the water surface outside the same-rule pre-breach regime); W_total_* = TOTAL water surface on the day (all cells allowed by the water surface, incl. channels, lakes, reed beds) ; operational 'flooded land' figures (e.g. UNOSAT 3616) exclude pre-existing water and are closer in kind to A_*, but differ in AOI, date and temporal semantics -- context, never validation; wetland submergence is in T13/T14","reported central value = Monte-Carlo MEDIAN (*_p50_*) with the p05-p95 interval of the coherent Monte-Carlo worlds (p95e rev 2); *_central_* = the deterministic nominal run (draw 0, unperturbed inputs), a diagnostic given in brackets; its position relative to the ensemble is attributed to the error components in T11d (maintainer decision 2026-09-28; recomputed 2026-09-29 after the code review); relative half-widths are taken over the Monte-Carlo median, never over the nominal run (text pass 2026-09-29)"
2023-06-06,INHULETS_VALLEY_rect,34.6,32.0,38.7,35.0,61.6,59.5,63.5,62.3,88.0,80.8,99.0,85.45,3.08,terrain_reconstructed,158.7,169.2,180.2,23.1,27.0,29.9,1000,3.2467532467532463,9.682080924855494,10.340909090909092,-1.1428571428571388,2.9842012873025126,0.5,0.5,34.4,62.6,37.9,58.9,40.4,64.8,35.7,62.3,35.0,62.3,35.0,62.3,35.0,62.3,35.0,62.3,5.9,29.8,2.2,14.3,"PRIMARY interval = p05/p50/p95 of the coherent Monte-Carlo worlds of p95e rev 2 (review F01-F05): per draw ONE terrain-error realization over the union mosaic (FABDEM-sourced cells only; class NMAD x a unit-variance field with the nested covariance fitted to the FABDEM - ICESat-2 residuals, p95j) and ONE water-surface realization over all nodes and days (datum closure, gauge, SWOT wse_u, gap-dependent interpolation error; every term once, through the node heights), the pre-breach baseline rebuilt with the same realization; W_total, A_new and both volumes are quantiles of their OWN ensembles (no shift construction). The 100 000-draw cluster-normal emulator (p95g) is a computational DIAGNOSTIC outside the evidence path (maintainer decision D-EMU, 2026-09-29): it has no connectivity and its W_total is the nominal total plus its new-area deviations; it is reported in T12d only","A_* = NEW inundation (cells allowed by the water surface outside the same-rule pre-breach regime); W_total_* = TOTAL water surface on the day (all cells allowed by the water surface, incl. channels, lakes, reed beds) ; operational 'flooded land' figures (e.g. UNOSAT 3616) exclude pre-existing water and are closer in kind to A_*, but differ in AOI, date and temporal semantics -- context, never validation; wetland submergence is in T13/T14","reported central value = Monte-Carlo MEDIAN (*_p50_*) with the p05-p95 interval of the coherent Monte-Carlo worlds (p95e rev 2); *_central_* = the deterministic nominal run (draw 0, unperturbed inputs), a diagnostic given in brackets; its position relative to the ensemble is attributed to the error components in T11d (maintainer decision 2026-09-28; recomputed 2026-09-29 after the code review); relative half-widths are taken over the Monte-Carlo median, never over the nominal run (text pass 2026-09-29)"
2023-06-06,P42_FLOODPLAIN_DOMAIN,126.3,115.2,139.5,107.1,425.4,418.8,430.8,436.6,344.9,311.4,384.2,269.89,3.08,terrain_reconstructed,2082.4,2130.8,2180.9,294.7,311.0,325.1,1000,1.4104372355430184,9.619952494061756,10.553783705421864,17.927170868347343,27.792804475897587,201.9,331.4,120.9,465.0,237.5,404.3,153.7,443.4,107.3,436.2,115.6,455.0,107.1,437.2,107.1,436.6,107.1,436.5,107.1,436.6,106.6,435.4,"PRIMARY interval = p05/p50/p95 of the coherent Monte-Carlo worlds of p95e rev 2 (review F01-F05): per draw ONE terrain-error realization over the union mosaic (FABDEM-sourced cells only; class NMAD x a unit-variance field with the nested covariance fitted to the FABDEM - ICESat-2 residuals, p95j) and ONE water-surface realization over all nodes and days (datum closure, gauge, SWOT wse_u, gap-dependent interpolation error; every term once, through the node heights), the pre-breach baseline rebuilt with the same realization; W_total, A_new and both volumes are quantiles of their OWN ensembles (no shift construction). The 100 000-draw cluster-normal emulator (p95g) is a computational DIAGNOSTIC outside the evidence path (maintainer decision D-EMU, 2026-09-29): it has no connectivity and its W_total is the nominal total plus its new-area deviations; it is reported in T12d only","A_* = NEW inundation (cells allowed by the water surface outside the same-rule pre-breach regime); W_total_* = TOTAL water surface on the day (all cells allowed by the water surface, incl. channels, lakes, reed beds) ; operational 'flooded land' figures (e.g. UNOSAT 3616) exclude pre-existing water and are closer in kind to A_*, but differ in AOI, date and temporal semantics -- context, never validation; wetland submergence is in T13/T14","reported central value = Monte-Carlo MEDIAN (*_p50_*) with the p05-p95 interval of the coherent Monte-Carlo worlds (p95e rev 2); *_central_* = the deterministic nominal run (draw 0, unperturbed inputs), a diagnostic given in brackets; its position relative to the ensemble is attributed to the error components in T11d (maintainer decision 2026-09-28; recomputed 2026-09-29 after the code review); relative half-widths are taken over the Monte-Carlo median, never over the nominal run (text pass 2026-09-29)"
2023-06-07,DNIPRO_CORRIDOR,233.7,216.0,253.7,214.8,716.2,685.9,743.6,718.6,602.6,541.6,658.7,484.58,5.65,terrain_reconstructed,3035.0,3136.8,3228.1,486.1,510.2,530.9,1000,4.028204412175373,8.065896448438165,9.716229671423832,8.798882681564235,24.355111643072362,269.4,404.6,286.0,820.9000000000001,288.5,596.4,319.0,775.5999999999999,215.0,717.9,260.5,787.4000000000001,214.8,720.7,214.8,718.6,214.8,718.6,214.8,718.6,198.6,640.1,"PRIMARY interval = p05/p50/p95 of the coherent Monte-Carlo worlds of p95e rev 2 (review F01-F05): per draw ONE terrain-error realization over the union mosaic (FABDEM-sourced cells only; class NMAD x a unit-variance field with the nested covariance fitted to the FABDEM - ICESat-2 residuals, p95j) and ONE water-surface realization over all nodes and days (datum closure, gauge, SWOT wse_u, gap-dependent interpolation error; every term once, through the node heights), the pre-breach baseline rebuilt with the same realization; W_total, A_new and both volumes are quantiles of their OWN ensembles (no shift construction). The 100 000-draw cluster-normal emulator (p95g) is a computational DIAGNOSTIC outside the evidence path (maintainer decision D-EMU, 2026-09-29): it has no connectivity and its W_total is the nominal total plus its new-area deviations; it is reported in T12d only","A_* = NEW inundation (cells allowed by the water surface outside the same-rule pre-breach regime); W_total_* = TOTAL water surface on the day (all cells allowed by the water surface, incl. channels, lakes, reed beds) ; operational 'flooded land' figures (e.g. UNOSAT 3616) exclude pre-existing water and are closer in kind to A_*, but differ in AOI, date and temporal semantics -- context, never validation; wetland submergence is in T13/T14","reported central value = Monte-Carlo MEDIAN (*_p50_*) with the p05-p95 interval of the coherent Monte-Carlo worlds (p95e rev 2); *_central_* = the deterministic nominal run (draw 0, unperturbed inputs), a diagnostic given in brackets; its position relative to the ensemble is attributed to the error components in T11d (maintainer decision 2026-09-28; recomputed 2026-09-29 after the code review); relative half-widths are taken over the Monte-Carlo median, never over the nominal run (text pass 2026-09-29)"
2023-06-07,INHULETS_VALLEY_rect,42.5,40.0,46.3,42.3,69.4,68.7,70.3,69.6,129.0,118.9,143.9,126.28,5.65,terrain_reconstructed,234.8,244.3,255.0,23.1,27.0,29.9,1000,1.152737752161379,7.41176470588235,9.689922480620156,0.4728132387706923,2.1539436173582507,0.7,0.7,41.6,69.8,46.5,67.5,46.6,71.0,42.9,69.6,42.3,69.6,42.3,69.6,42.3,69.6,42.3,69.6,19.9,45.0,3.1,15.2,"PRIMARY interval = p05/p50/p95 of the coherent Monte-Carlo worlds of p95e rev 2 (review F01-F05): per draw ONE terrain-error realization over the union mosaic (FABDEM-sourced cells only; class NMAD x a unit-variance field with the nested covariance fitted to the FABDEM - ICESat-2 residuals, p95j) and ONE water-surface realization over all nodes and days (datum closure, gauge, SWOT wse_u, gap-dependent interpolation error; every term once, through the node heights), the pre-breach baseline rebuilt with the same realization; W_total, A_new and both volumes are quantiles of their OWN ensembles (no shift construction). The 100 000-draw cluster-normal emulator (p95g) is a computational DIAGNOSTIC outside the evidence path (maintainer decision D-EMU, 2026-09-29): it has no connectivity and its W_total is the nominal total plus its new-area deviations; it is reported in T12d only","A_* = NEW inundation (cells allowed by the water surface outside the same-rule pre-breach regime); W_total_* = TOTAL water surface on the day (all cells allowed by the water surface, incl. channels, lakes, reed beds) ; operational 'flooded land' figures (e.g. UNOSAT 3616) exclude pre-existing water and are closer in kind to A_*, but differ in AOI, date and temporal semantics -- context, never validation; wetland submergence is in T13/T14","reported central value = Monte-Carlo MEDIAN (*_p50_*) with the p05-p95 interval of the coherent Monte-Carlo worlds (p95e rev 2); *_central_* = the deterministic nominal run (draw 0, unperturbed inputs), a diagnostic given in brackets; its position relative to the ensemble is attributed to the error components in T11d (maintainer decision 2026-09-28; recomputed 2026-09-29 after the code review); relative half-widths are taken over the Monte-Carlo median, never over the nominal run (text pass 2026-09-29)"
2023-06-07,P42_FLOODPLAIN_DOMAIN,189.3,171.8,205.1,170.6,492.8,482.2,508.0,505.8,532.8,477.6,585.7,432.51,5.65,terrain_reconstructed,2454.6,2533.8,2598.8,294.7,311.0,325.1,1000,2.617694805194806,8.795562599049124,10.144519519519521,10.961313012895673,23.1879031698689,263.8,398.9,181.7,528.8,257.0,424.0,216.8,512.2,170.9,505.6,169.7,512.0,170.6,506.5,170.6,505.8,170.5,505.8,170.6,505.8,160.5,491.1,"PRIMARY interval = p05/p50/p95 of the coherent Monte-Carlo worlds of p95e rev 2 (review F01-F05): per draw ONE terrain-error realization over the union mosaic (FABDEM-sourced cells only; class NMAD x a unit-variance field with the nested covariance fitted to the FABDEM - ICESat-2 residuals, p95j) and ONE water-surface realization over all nodes and days (datum closure, gauge, SWOT wse_u, gap-dependent interpolation error; every term once, through the node heights), the pre-breach baseline rebuilt with the same realization; W_total, A_new and both volumes are quantiles of their OWN ensembles (no shift construction). The 100 000-draw cluster-normal emulator (p95g) is a computational DIAGNOSTIC outside the evidence path (maintainer decision D-EMU, 2026-09-29): it has no connectivity and its W_total is the nominal total plus its new-area deviations; it is reported in T12d only","A_* = NEW inundation (cells allowed by the water surface outside the same-rule pre-breach regime); W_total_* = TOTAL water surface on the day (all cells allowed by the water surface, incl. channels, lakes, reed beds) ; operational 'flooded land' figures (e.g. UNOSAT 3616) exclude pre-existing water and are closer in kind to A_*, but differ in AOI, date and temporal semantics -- context, never validation; wetland submergence is in T13/T14","reported central value = Monte-Carlo MEDIAN (*_p50_*) with the p05-p95 interval of the coherent Monte-Carlo worlds (p95e rev 2); *_central_* = the deterministic nominal run (draw 0, unperturbed inputs), a diagnostic given in brackets; its position relative to the ensemble is attributed to the error components in T11d (maintainer decision 2026-09-28; recomputed 2026-09-29 after the code review); relative half-widths are taken over the Monte-Carlo median, never over the nominal run (text pass 2026-09-29)"
2023-06-08,DNIPRO_CORRIDOR,239.3,186.0,263.4,226.6,712.2,644.5,761.7,730.8,594.6,503.8,662.4,497.78,5.77,terrain_reconstructed,2969.4,3116.2,3261.8,486.1,510.2,530.9,1000,8.228025835439485,16.172168825741743,13.336696939118731,5.604589585172117,19.450359596608955,258.1,393.8,264.3,798.9,304.1,612.2,333.0,789.4,165.3,663.1,259.6,786.2,228.5,734.7,226.6,730.8,226.6,730.8,226.6,730.8,211.9,653.8,"PRIMARY interval = p05/p50/p95 of the coherent Monte-Carlo worlds of p95e rev 2 (review F01-F05): per draw ONE terrain-error realization over the union mosaic (FABDEM-sourced cells only; class NMAD x a unit-variance field with the nested covariance fitted to the FABDEM - ICESat-2 residuals, p95j) and ONE water-surface realization over all nodes and days (datum closure, gauge, SWOT wse_u, gap-dependent interpolation error; every term once, through the node heights), the pre-breach baseline rebuilt with the same realization; W_total, A_new and both volumes are quantiles of their OWN ensembles (no shift construction). The 100 000-draw cluster-normal emulator (p95g) is a computational DIAGNOSTIC outside the evidence path (maintainer decision D-EMU, 2026-09-29): it has no connectivity and its W_total is the nominal total plus its new-area deviations; it is reported in T12d only","A_* = NEW inundation (cells allowed by the water surface outside the same-rule pre-breach regime); W_total_* = TOTAL water surface on the day (all cells allowed by the water surface, incl. channels, lakes, reed beds) ; operational 'flooded land' figures (e.g. UNOSAT 3616) exclude pre-existing water and are closer in kind to A_*, but differ in AOI, date and temporal semantics -- context, never validation; wetland submergence is in T13/T14","reported central value = Monte-Carlo MEDIAN (*_p50_*) with the p05-p95 interval of the coherent Monte-Carlo worlds (p95e rev 2); *_central_* = the deterministic nominal run (draw 0, unperturbed inputs), a diagnostic given in brackets; its position relative to the ensemble is attributed to the error components in T11d (maintainer decision 2026-09-28; recomputed 2026-09-29 after the code review); relative half-widths are taken over the Monte-Carlo median, never over the nominal run (text pass 2026-09-29)"
2023-06-08,INHULETS_VALLEY_rect,46.7,44.2,50.4,46.4,73.7,73.1,74.4,73.7,163.5,150.7,183.1,160.57,5.77,terrain_reconstructed,302.9,313.3,324.8,23.1,27.0,29.9,1000,0.8819538670285015,6.638115631691644,9.908256880733948,0.6465517241379403,1.8247493305100622,0.8,0.8,45.7,73.9,50.8,71.8,50.5,74.9,47.1,73.7,46.4,73.7,46.4,73.7,46.4,73.7,46.4,73.7,39.9,65.1,3.8,15.8,"PRIMARY interval = p05/p50/p95 of the coherent Monte-Carlo worlds of p95e rev 2 (review F01-F05): per draw ONE terrain-error realization over the union mosaic (FABDEM-sourced cells only; class NMAD x a unit-variance field with the nested covariance fitted to the FABDEM - ICESat-2 residuals, p95j) and ONE water-surface realization over all nodes and days (datum closure, gauge, SWOT wse_u, gap-dependent interpolation error; every term once, through the node heights), the pre-breach baseline rebuilt with the same realization; W_total, A_new and both volumes are quantiles of their OWN ensembles (no shift construction). The 100 000-draw cluster-normal emulator (p95g) is a computational DIAGNOSTIC outside the evidence path (maintainer decision D-EMU, 2026-09-29): it has no connectivity and its W_total is the nominal total plus its new-area deviations; it is reported in T12d only","A_* = NEW inundation (cells allowed by the water surface outside the same-rule pre-breach regime); W_total_* = TOTAL water surface on the day (all cells allowed by the water surface, incl. channels, lakes, reed beds) ; operational 'flooded land' figures (e.g. UNOSAT 3616) exclude pre-existing water and are closer in kind to A_*, but differ in AOI, date and temporal semantics -- context, never validation; wetland submergence is in T13/T14","reported central value = Monte-Carlo MEDIAN (*_p50_*) with the p05-p95 interval of the coherent Monte-Carlo worlds (p95e rev 2); *_central_* = the deterministic nominal run (draw 0, unperturbed inputs), a diagnostic given in brackets; its position relative to the ensemble is attributed to the error components in T11d (maintainer decision 2026-09-28; recomputed 2026-09-29 after the code review); relative half-widths are taken over the Monte-Carlo median, never over the nominal run (text pass 2026-09-29)"
2023-06-08,P42_FLOODPLAIN_DOMAIN,189.9,142.6,208.3,181.1,494.0,442.0,509.6,516.5999999999999,515.1,430.0,579.4,434.53,5.77,terrain_reconstructed,2395.6,2500.4,2579.9,294.7,311.0,325.1,1000,6.8421052631578965,17.298578199052137,14.50203843913803,4.859193815571514,18.541872828113146,256.1,391.5,179.9,527.1,265.0,432.0,229.9,525.3,124.0,453.4,180.5,523.0,182.5,518.6,181.1,516.5999999999999,181.1,516.5999999999999,181.1,516.5999999999999,172.0,502.7,"PRIMARY interval = p05/p50/p95 of the coherent Monte-Carlo worlds of p95e rev 2 (review F01-F05): per draw ONE terrain-error realization over the union mosaic (FABDEM-sourced cells only; class NMAD x a unit-variance field with the nested covariance fitted to the FABDEM - ICESat-2 residuals, p95j) and ONE water-surface realization over all nodes and days (datum closure, gauge, SWOT wse_u, gap-dependent interpolation error; every term once, through the node heights), the pre-breach baseline rebuilt with the same realization; W_total, A_new and both volumes are quantiles of their OWN ensembles (no shift construction). The 100 000-draw cluster-normal emulator (p95g) is a computational DIAGNOSTIC outside the evidence path (maintainer decision D-EMU, 2026-09-29): it has no connectivity and its W_total is the nominal total plus its new-area deviations; it is reported in T12d only","A_* = NEW inundation (cells allowed by the water surface outside the same-rule pre-breach regime); W_total_* = TOTAL water surface on the day (all cells allowed by the water surface, incl. channels, lakes, reed beds) ; operational 'flooded land' figures (e.g. UNOSAT 3616) exclude pre-existing water and are closer in kind to A_*, but differ in AOI, date and temporal semantics -- context, never validation; wetland submergence is in T13/T14","reported central value = Monte-Carlo MEDIAN (*_p50_*) with the p05-p95 interval of the coherent Monte-Carlo worlds (p95e rev 2); *_central_* = the deterministic nominal run (draw 0, unperturbed inputs), a diagnostic given in brackets; its position relative to the ensemble is attributed to the error components in T11d (maintainer decision 2026-09-28; recomputed 2026-09-29 after the code review); relative half-widths are taken over the Monte-Carlo median, never over the nominal run (text pass 2026-09-29)"
2023-06-09,DNIPRO_CORRIDOR,200.9,185.9,230.4,171.3,676.1,642.6,721.7,670.2,561.8,514.8,620.5,445.01,5.36,terrain_reconstructed,2929.1,3042.5,3174.6,486.1,510.2,530.9,1000,5.849726371838487,11.075161772025883,9.407262370950521,17.279626386456503,26.24435405945933,236.8,371.7,218.2,752.5,310.0,618.1,269.5,720.5,171.7,669.8,205.7,732.0,215.1,721.0,228.7,747.5,171.2,670.2,171.3,670.2,163.7,604.5999999999999,"PRIMARY interval = p05/p50/p95 of the coherent Monte-Carlo worlds of p95e rev 2 (review F01-F05): per draw ONE terrain-error realization over the union mosaic (FABDEM-sourced cells only; class NMAD x a unit-variance field with the nested covariance fitted to the FABDEM - ICESat-2 residuals, p95j) and ONE water-surface realization over all nodes and days (datum closure, gauge, SWOT wse_u, gap-dependent interpolation error; every term once, through the node heights), the pre-breach baseline rebuilt with the same realization; W_total, A_new and both volumes are quantiles of their OWN ensembles (no shift construction). The 100 000-draw cluster-normal emulator (p95g) is a computational DIAGNOSTIC outside the evidence path (maintainer decision D-EMU, 2026-09-29): it has no connectivity and its W_total is the nominal total plus its new-area deviations; it is reported in T12d only","A_* = NEW inundation (cells allowed by the water surface outside the same-rule pre-breach regime); W_total_* = TOTAL water surface on the day (all cells allowed by the water surface, incl. channels, lakes, reed beds) ; operational 'flooded land' figures (e.g. UNOSAT 3616) exclude pre-existing water and are closer in kind to A_*, but differ in AOI, date and temporal semantics -- context, never validation; wetland submergence is in T13/T14","reported central value = Monte-Carlo MEDIAN (*_p50_*) with the p05-p95 interval of the coherent Monte-Carlo worlds (p95e rev 2); *_central_* = the deterministic nominal run (draw 0, unperturbed inputs), a diagnostic given in brackets; its position relative to the ensemble is attributed to the error components in T11d (maintainer decision 2026-09-28; recomputed 2026-09-29 after the code review); relative half-widths are taken over the Monte-Carlo median, never over the nominal run (text pass 2026-09-29)"
2023-06-09,INHULETS_VALLEY_rect,49.9,47.4,53.5,49.6,76.8,76.2,77.5,76.9,201.4,185.8,224.6,198.85,5.36,terrain_reconstructed,372.8,385.8,399.0,23.1,27.0,29.9,1000,0.8463541666666649,6.1122244488977975,9.632571996027801,0.6048387096774136,1.2823736484787585,0.9,0.9,48.8,77.0,54.0,75.1,53.5,77.9,50.2,76.9,49.6,76.9,49.6,77.0,49.6,76.9,49.6,76.9,48.4,73.6,4.4,16.5,"PRIMARY interval = p05/p50/p95 of the coherent Monte-Carlo worlds of p95e rev 2 (review F01-F05): per draw ONE terrain-error realization over the union mosaic (FABDEM-sourced cells only; class NMAD x a unit-variance field with the nested covariance fitted to the FABDEM - ICESat-2 residuals, p95j) and ONE water-surface realization over all nodes and days (datum closure, gauge, SWOT wse_u, gap-dependent interpolation error; every term once, through the node heights), the pre-breach baseline rebuilt with the same realization; W_total, A_new and both volumes are quantiles of their OWN ensembles (no shift construction). The 100 000-draw cluster-normal emulator (p95g) is a computational DIAGNOSTIC outside the evidence path (maintainer decision D-EMU, 2026-09-29): it has no connectivity and its W_total is the nominal total plus its new-area deviations; it is reported in T12d only","A_* = NEW inundation (cells allowed by the water surface outside the same-rule pre-breach regime); W_total_* = TOTAL water surface on the day (all cells allowed by the water surface, incl. channels, lakes, reed beds) ; operational 'flooded land' figures (e.g. UNOSAT 3616) exclude pre-existing water and are closer in kind to A_*, but differ in AOI, date and temporal semantics -- context, never validation; wetland submergence is in T13/T14","reported central value = Monte-Carlo MEDIAN (*_p50_*) with the p05-p95 interval of the coherent Monte-Carlo worlds (p95e rev 2); *_central_* = the deterministic nominal run (draw 0, unperturbed inputs), a diagnostic given in brackets; its position relative to the ensemble is attributed to the error components in T11d (maintainer decision 2026-09-28; recomputed 2026-09-29 after the code review); relative half-widths are taken over the Monte-Carlo median, never over the nominal run (text pass 2026-09-29)"
2023-06-09,P42_FLOODPLAIN_DOMAIN,150.9,137.7,174.3,124.7,448.7,441.7,478.6,454.7000000000001,465.1,420.3,522.1,362.07,5.36,terrain_reconstructed,2344.9,2399.6,2464.9,294.7,311.0,325.1,1000,4.111878760864724,12.127236580516906,10.943883035906257,21.010425020048118,28.455823459552025,235.2,370.1,164.2,510.9,265.3,432.3,168.2,458.1,125.2,454.6,158.3,500.3,167.8,503.3,125.1,456.4,124.7,454.7000000000001,124.7,454.7000000000001,123.9,453.3,"PRIMARY interval = p05/p50/p95 of the coherent Monte-Carlo worlds of p95e rev 2 (review F01-F05): per draw ONE terrain-error realization over the union mosaic (FABDEM-sourced cells only; class NMAD x a unit-variance field with the nested covariance fitted to the FABDEM - ICESat-2 residuals, p95j) and ONE water-surface realization over all nodes and days (datum closure, gauge, SWOT wse_u, gap-dependent interpolation error; every term once, through the node heights), the pre-breach baseline rebuilt with the same realization; W_total, A_new and both volumes are quantiles of their OWN ensembles (no shift construction). The 100 000-draw cluster-normal emulator (p95g) is a computational DIAGNOSTIC outside the evidence path (maintainer decision D-EMU, 2026-09-29): it has no connectivity and its W_total is the nominal total plus its new-area deviations; it is reported in T12d only","A_* = NEW inundation (cells allowed by the water surface outside the same-rule pre-breach regime); W_total_* = TOTAL water surface on the day (all cells allowed by the water surface, incl. channels, lakes, reed beds) ; operational 'flooded land' figures (e.g. UNOSAT 3616) exclude pre-existing water and are closer in kind to A_*, but differ in AOI, date and temporal semantics -- context, never validation; wetland submergence is in T13/T14","reported central value = Monte-Carlo MEDIAN (*_p50_*) with the p05-p95 interval of the coherent Monte-Carlo worlds (p95e rev 2); *_central_* = the deterministic nominal run (draw 0, unperturbed inputs), a diagnostic given in brackets; its position relative to the ensemble is attributed to the error components in T11d (maintainer decision 2026-09-28; recomputed 2026-09-29 after the code review); relative half-widths are taken over the Monte-Carlo median, never over the nominal run (text pass 2026-09-29)"
2023-06-10,DNIPRO_CORRIDOR,196.2,177.0,244.3,159.8,663.8,601.2,731.6,659.0,522.7,475.4,592.0,412.2000000000001,4.79,terrain_reconstructed,2621.9,2867.1,3295.6,486.1,510.2,530.9,1000,9.822235613136487,17.150866462793072,11.15362540654295,22.77847309136419,26.807375060650152,221.0,352.0,183.7,714.3,301.6,609.5999999999999,260.6,712.0,160.2,658.5,169.3,692.1,185.9,688.4,219.4,738.2,159.8,659.0,159.8,659.0,151.10000000000002,592.0999999999999,"PRIMARY interval = p05/p50/p95 of the coherent Monte-Carlo worlds of p95e rev 2 (review F01-F05): per draw ONE terrain-error realization over the union mosaic (FABDEM-sourced cells only; class NMAD x a unit-variance field with the nested covariance fitted to the FABDEM - ICESat-2 residuals, p95j) and ONE water-surface realization over all nodes and days (datum closure, gauge, SWOT wse_u, gap-dependent interpolation error; every term once, through the node heights), the pre-breach baseline rebuilt with the same realization; W_total, A_new and both volumes are quantiles of their OWN ensembles (no shift construction). The 100 000-draw cluster-normal emulator (p95g) is a computational DIAGNOSTIC outside the evidence path (maintainer decision D-EMU, 2026-09-29): it has no connectivity and its W_total is the nominal total plus its new-area deviations; it is reported in T12d only","A_* = NEW inundation (cells allowed by the water surface outside the same-rule pre-breach regime); W_total_* = TOTAL water surface on the day (all cells allowed by the water surface, incl. channels, lakes, reed beds) ; operational 'flooded land' figures (e.g. UNOSAT 3616) exclude pre-existing water and are closer in kind to A_*, but differ in AOI, date and temporal semantics -- context, never validation; wetland submergence is in T13/T14","reported central value = Monte-Carlo MEDIAN (*_p50_*) with the p05-p95 interval of the coherent Monte-Carlo worlds (p95e rev 2); *_central_* = the deterministic nominal run (draw 0, unperturbed inputs), a diagnostic given in brackets; its position relative to the ensemble is attributed to the error components in T11d (maintainer decision 2026-09-28; recomputed 2026-09-29 after the code review); relative half-widths are taken over the Monte-Carlo median, never over the nominal run (text pass 2026-09-29)"
2023-06-10,INHULETS_VALLEY_rect,47.7,45.1,51.4,47.4,74.6,73.9,75.3,74.8,170.6,155.9,191.6,167.82,4.79,terrain_reconstructed,326.1,339.4,352.5,23.1,27.0,29.9,1000,0.9383378016085735,6.603773584905658,10.463071512309492,0.6329113924050723,1.656536765582172,0.8,0.8,46.6,74.8,51.8,72.9,51.4,75.7,48.1,74.7,47.4,74.8,47.5,74.8,47.4,74.8,47.4,74.8,48.1,73.3,4.1,16.1,"PRIMARY interval = p05/p50/p95 of the coherent Monte-Carlo worlds of p95e rev 2 (review F01-F05): per draw ONE terrain-error realization over the union mosaic (FABDEM-sourced cells only; class NMAD x a unit-variance field with the nested covariance fitted to the FABDEM - ICESat-2 residuals, p95j) and ONE water-surface realization over all nodes and days (datum closure, gauge, SWOT wse_u, gap-dependent interpolation error; every term once, through the node heights), the pre-breach baseline rebuilt with the same realization; W_total, A_new and both volumes are quantiles of their OWN ensembles (no shift construction). The 100 000-draw cluster-normal emulator (p95g) is a computational DIAGNOSTIC outside the evidence path (maintainer decision D-EMU, 2026-09-29): it has no connectivity and its W_total is the nominal total plus its new-area deviations; it is reported in T12d only","A_* = NEW inundation (cells allowed by the water surface outside the same-rule pre-breach regime); W_total_* = TOTAL water surface on the day (all cells allowed by the water surface, incl. channels, lakes, reed beds) ; operational 'flooded land' figures (e.g. UNOSAT 3616) exclude pre-existing water and are closer in kind to A_*, but differ in AOI, date and temporal semantics -- context, never validation; wetland submergence is in T13/T14","reported central value = Monte-Carlo MEDIAN (*_p50_*) with the p05-p95 interval of the coherent Monte-Carlo worlds (p95e rev 2); *_central_* = the deterministic nominal run (draw 0, unperturbed inputs), a diagnostic given in brackets; its position relative to the ensemble is attributed to the error components in T11d (maintainer decision 2026-09-28; recomputed 2026-09-29 after the code review); relative half-widths are taken over the Monte-Carlo median, never over the nominal run (text pass 2026-09-29)"
2023-06-10,P42_FLOODPLAIN_DOMAIN,144.6,131.5,159.3,118.4,441.5,432.1,449.3,448.3,428.2,386.3,478.5,335.51,4.79,terrain_reconstructed,2194.8,2249.4,2305.9,294.7,311.0,325.1,1000,1.947904869762173,9.612724757952979,10.765997197571227,22.12837837837837,27.626598313016004,219.7,350.7,139.89999999999998,482.8,258.6,425.7,165.1,455.4,118.8,448.3,128.0,466.2,143.39999999999998,475.2,118.8,450.0,118.4,448.3,118.4,448.3,117.6,446.9,"PRIMARY interval = p05/p50/p95 of the coherent Monte-Carlo worlds of p95e rev 2 (review F01-F05): per draw ONE terrain-error realization over the union mosaic (FABDEM-sourced cells only; class NMAD x a unit-variance field with the nested covariance fitted to the FABDEM - ICESat-2 residuals, p95j) and ONE water-surface realization over all nodes and days (datum closure, gauge, SWOT wse_u, gap-dependent interpolation error; every term once, through the node heights), the pre-breach baseline rebuilt with the same realization; W_total, A_new and both volumes are quantiles of their OWN ensembles (no shift construction). The 100 000-draw cluster-normal emulator (p95g) is a computational DIAGNOSTIC outside the evidence path (maintainer decision D-EMU, 2026-09-29): it has no connectivity and its W_total is the nominal total plus its new-area deviations; it is reported in T12d only","A_* = NEW inundation (cells allowed by the water surface outside the same-rule pre-breach regime); W_total_* = TOTAL water surface on the day (all cells allowed by the water surface, incl. channels, lakes, reed beds) ; operational 'flooded land' figures (e.g. UNOSAT 3616) exclude pre-existing water and are closer in kind to A_*, but differ in AOI, date and temporal semantics -- context, never validation; wetland submergence is in T13/T14","reported central value = Monte-Carlo MEDIAN (*_p50_*) with the p05-p95 interval of the coherent Monte-Carlo worlds (p95e rev 2); *_central_* = the deterministic nominal run (draw 0, unperturbed inputs), a diagnostic given in brackets; its position relative to the ensemble is attributed to the error components in T11d (maintainer decision 2026-09-28; recomputed 2026-09-29 after the code review); relative half-widths are taken over the Monte-Carlo median, never over the nominal run (text pass 2026-09-29)"
2023-06-11,DNIPRO_CORRIDOR,181.4,162.3,230.7,146.60000000000002,649.6,586.8,715.6,646.3,435.7,392.8,499.5,341.26,4.23,terrain_reconstructed,2372.2,2617.2,3038.9,486.1,510.2,530.9,1000,9.913793103448281,18.853362734288858,12.244663759467523,23.738062755798076,27.673914317529157,207.5,337.6,149.7,678.7,291.5,599.9,243.6,695.0,146.60000000000002,645.5,144.7,665.9,156.0,657.8,207.4,726.6,146.60000000000002,646.3,146.60000000000002,646.3,140.1,581.8,"PRIMARY interval = p05/p50/p95 of the coherent Monte-Carlo worlds of p95e rev 2 (review F01-F05): per draw ONE terrain-error realization over the union mosaic (FABDEM-sourced cells only; class NMAD x a unit-variance field with the nested covariance fitted to the FABDEM - ICESat-2 residuals, p95j) and ONE water-surface realization over all nodes and days (datum closure, gauge, SWOT wse_u, gap-dependent interpolation error; every term once, through the node heights), the pre-breach baseline rebuilt with the same realization; W_total, A_new and both volumes are quantiles of their OWN ensembles (no shift construction). The 100 000-draw cluster-normal emulator (p95g) is a computational DIAGNOSTIC outside the evidence path (maintainer decision D-EMU, 2026-09-29): it has no connectivity and its W_total is the nominal total plus its new-area deviations; it is reported in T12d only","A_* = NEW inundation (cells allowed by the water surface outside the same-rule pre-breach regime); W_total_* = TOTAL water surface on the day (all cells allowed by the water surface, incl. channels, lakes, reed beds) ; operational 'flooded land' figures (e.g. UNOSAT 3616) exclude pre-existing water and are closer in kind to A_*, but differ in AOI, date and temporal semantics -- context, never validation; wetland submergence is in T13/T14","reported central value = Monte-Carlo MEDIAN (*_p50_*) with the p05-p95 interval of the coherent Monte-Carlo worlds (p95e rev 2); *_central_* = the deterministic nominal run (draw 0, unperturbed inputs), a diagnostic given in brackets; its position relative to the ensemble is attributed to the error components in T11d (maintainer decision 2026-09-28; recomputed 2026-09-29 after the code review); relative half-widths are taken over the Monte-Carlo median, never over the nominal run (text pass 2026-09-29)"
2023-06-11,INHULETS_VALLEY_rect,44.9,42.4,48.6,44.7,71.9,71.1,72.7,72.0,135.9,123.8,155.6,134.15,4.23,terrain_reconstructed,274.2,287.2,300.1,23.1,27.0,29.9,1000,1.1126564673157222,6.904231625835193,11.699779249448122,0.4474272930648674,1.3045098770033543,0.6,0.7,44.0,72.2,48.7,69.7,48.8,73.2,45.4,72.0,44.7,72.0,44.9,72.2,44.7,72.0,44.7,72.0,46.0,71.2,3.5,15.6,"PRIMARY interval = p05/p50/p95 of the coherent Monte-Carlo worlds of p95e rev 2 (review F01-F05): per draw ONE terrain-error realization over the union mosaic (FABDEM-sourced cells only; class NMAD x a unit-variance field with the nested covariance fitted to the FABDEM - ICESat-2 residuals, p95j) and ONE water-surface realization over all nodes and days (datum closure, gauge, SWOT wse_u, gap-dependent interpolation error; every term once, through the node heights), the pre-breach baseline rebuilt with the same realization; W_total, A_new and both volumes are quantiles of their OWN ensembles (no shift construction). The 100 000-draw cluster-normal emulator (p95g) is a computational DIAGNOSTIC outside the evidence path (maintainer decision D-EMU, 2026-09-29): it has no connectivity and its W_total is the nominal total plus its new-area deviations; it is reported in T12d only","A_* = NEW inundation (cells allowed by the water surface outside the same-rule pre-breach regime); W_total_* = TOTAL water surface on the day (all cells allowed by the water surface, incl. channels, lakes, reed beds) ; operational 'flooded land' figures (e.g. UNOSAT 3616) exclude pre-existing water and are closer in kind to A_*, but differ in AOI, date and temporal semantics -- context, never validation; wetland submergence is in T13/T14","reported central value = Monte-Carlo MEDIAN (*_p50_*) with the p05-p95 interval of the coherent Monte-Carlo worlds (p95e rev 2); *_central_* = the deterministic nominal run (draw 0, unperturbed inputs), a diagnostic given in brackets; its position relative to the ensemble is attributed to the error components in T11d (maintainer decision 2026-09-28; recomputed 2026-09-29 after the code review); relative half-widths are taken over the Monte-Carlo median, never over the nominal run (text pass 2026-09-29)"
2023-06-11,P42_FLOODPLAIN_DOMAIN,137.1,124.3,151.1,111.8,434.1,424.7,440.8,442.3,360.3,323.5,403.4,282.64,4.23,terrain_reconstructed,1970.4,2024.5,2079.3,294.7,311.0,325.1,1000,1.8544114259387263,9.773887673231217,11.087982237024697,22.629695885509836,27.476648740447224,206.4,336.4,114.2,455.9,254.8,422.2,155.7,446.0,112.2,442.0,110.3,447.3,120.1,451.2000000000001,112.2,443.8,111.8,442.3,111.8,442.3,111.1,440.9,"PRIMARY interval = p05/p50/p95 of the coherent Monte-Carlo worlds of p95e rev 2 (review F01-F05): per draw ONE terrain-error realization over the union mosaic (FABDEM-sourced cells only; class NMAD x a unit-variance field with the nested covariance fitted to the FABDEM - ICESat-2 residuals, p95j) and ONE water-surface realization over all nodes and days (datum closure, gauge, SWOT wse_u, gap-dependent interpolation error; every term once, through the node heights), the pre-breach baseline rebuilt with the same realization; W_total, A_new and both volumes are quantiles of their OWN ensembles (no shift construction). The 100 000-draw cluster-normal emulator (p95g) is a computational DIAGNOSTIC outside the evidence path (maintainer decision D-EMU, 2026-09-29): it has no connectivity and its W_total is the nominal total plus its new-area deviations; it is reported in T12d only","A_* = NEW inundation (cells allowed by the water surface outside the same-rule pre-breach regime); W_total_* = TOTAL water surface on the day (all cells allowed by the water surface, incl. channels, lakes, reed beds) ; operational 'flooded land' figures (e.g. UNOSAT 3616) exclude pre-existing water and are closer in kind to A_*, but differ in AOI, date and temporal semantics -- context, never validation; wetland submergence is in T13/T14","reported central value = Monte-Carlo MEDIAN (*_p50_*) with the p05-p95 interval of the coherent Monte-Carlo worlds (p95e rev 2); *_central_* = the deterministic nominal run (draw 0, unperturbed inputs), a diagnostic given in brackets; its position relative to the ensemble is attributed to the error components in T11d (maintainer decision 2026-09-28; recomputed 2026-09-29 after the code review); relative half-widths are taken over the Monte-Carlo median, never over the nominal run (text pass 2026-09-29)"
2023-06-12,DNIPRO_CORRIDOR,163.5,144.7,211.7,129.5,630.7,568.7,698.5,628.9,324.8,291.0,383.9,246.82,3.63,terrain_reconstructed,2048.3,2294.7,2705.5,486.1,510.2,530.9,1000,10.290153797368,20.489296636085626,14.301108374384233,26.254826254826252,31.593874078275675,190.0,319.8,128.2,657.3,273.1,580.9000000000001,229.4,680.6,129.7,628.2,129.7,650.8,134.8,636.6,187.9,706.5,129.5,628.9,129.5,628.9,125.6,566.9,"PRIMARY interval = p05/p50/p95 of the coherent Monte-Carlo worlds of p95e rev 2 (review F01-F05): per draw ONE terrain-error realization over the union mosaic (FABDEM-sourced cells only; class NMAD x a unit-variance field with the nested covariance fitted to the FABDEM - ICESat-2 residuals, p95j) and ONE water-surface realization over all nodes and days (datum closure, gauge, SWOT wse_u, gap-dependent interpolation error; every term once, through the node heights), the pre-breach baseline rebuilt with the same realization; W_total, A_new and both volumes are quantiles of their OWN ensembles (no shift construction). The 100 000-draw cluster-normal emulator (p95g) is a computational DIAGNOSTIC outside the evidence path (maintainer decision D-EMU, 2026-09-29): it has no connectivity and its W_total is the nominal total plus its new-area deviations; it is reported in T12d only","A_* = NEW inundation (cells allowed by the water surface outside the same-rule pre-breach regime); W_total_* = TOTAL water surface on the day (all cells allowed by the water surface, incl. channels, lakes, reed beds) ; operational 'flooded land' figures (e.g. UNOSAT 3616) exclude pre-existing water and are closer in kind to A_*, but differ in AOI, date and temporal semantics -- context, never validation; wetland submergence is in T13/T14","reported central value = Monte-Carlo MEDIAN (*_p50_*) with the p05-p95 interval of the coherent Monte-Carlo worlds (p95e rev 2); *_central_* = the deterministic nominal run (draw 0, unperturbed inputs), a diagnostic given in brackets; its position relative to the ensemble is attributed to the error components in T11d (maintainer decision 2026-09-28; recomputed 2026-09-29 after the code review); relative half-widths are taken over the Monte-Carlo median, never over the nominal run (text pass 2026-09-29)"
2023-06-12,INHULETS_VALLEY_rect,41.8,39.1,45.6,41.6,68.7,67.8,69.6,68.9,103.6,92.1,120.6,101.54,3.63,terrain_reconstructed,224.0,236.3,249.0,23.1,27.0,29.9,1000,1.3100436681222687,7.775119617224881,13.754826254826256,0.48076923076922046,2.0287571400433206,0.5,0.5,41.2,69.4,45.7,66.8,45.7,70.0,42.3,68.9,41.6,68.9,42.1,69.4,41.6,68.9,41.6,68.9,43.4,68.6,3.1,15.1,"PRIMARY interval = p05/p50/p95 of the coherent Monte-Carlo worlds of p95e rev 2 (review F01-F05): per draw ONE terrain-error realization over the union mosaic (FABDEM-sourced cells only; class NMAD x a unit-variance field with the nested covariance fitted to the FABDEM - ICESat-2 residuals, p95j) and ONE water-surface realization over all nodes and days (datum closure, gauge, SWOT wse_u, gap-dependent interpolation error; every term once, through the node heights), the pre-breach baseline rebuilt with the same realization; W_total, A_new and both volumes are quantiles of their OWN ensembles (no shift construction). The 100 000-draw cluster-normal emulator (p95g) is a computational DIAGNOSTIC outside the evidence path (maintainer decision D-EMU, 2026-09-29): it has no connectivity and its W_total is the nominal total plus its new-area deviations; it is reported in T12d only","A_* = NEW inundation (cells allowed by the water surface outside the same-rule pre-breach regime); W_total_* = TOTAL water surface on the day (all cells allowed by the water surface, incl. channels, lakes, reed beds) ; operational 'flooded land' figures (e.g. UNOSAT 3616) exclude pre-existing water and are closer in kind to A_*, but differ in AOI, date and temporal semantics -- context, never validation; wetland submergence is in T13/T14","reported central value = Monte-Carlo MEDIAN (*_p50_*) with the p05-p95 interval of the coherent Monte-Carlo worlds (p95e rev 2); *_central_* = the deterministic nominal run (draw 0, unperturbed inputs), a diagnostic given in brackets; its position relative to the ensemble is attributed to the error components in T11d (maintainer decision 2026-09-28; recomputed 2026-09-29 after the code review); relative half-widths are taken over the Monte-Carlo median, never over the nominal run (text pass 2026-09-29)"
2023-06-12,P42_FLOODPLAIN_DOMAIN,127.3,115.1,141.3,102.0,423.8,414.5,431.6,431.8,272.4,242.7,308.2,208.58,3.63,terrain_reconstructed,1678.5,1731.2,1783.8,294.7,311.0,325.1,1000,2.017461066540824,10.29065200314219,12.022760646108663,24.803921568627448,30.597372710710502,189.1,318.79999999999995,100.0,441.6,243.2,410.1,149.3,439.5,102.4,431.7,102.3,439.1,105.9,436.9,102.3,433.3,102.0,431.8,102.0,431.8,101.4,430.6,"PRIMARY interval = p05/p50/p95 of the coherent Monte-Carlo worlds of p95e rev 2 (review F01-F05): per draw ONE terrain-error realization over the union mosaic (FABDEM-sourced cells only; class NMAD x a unit-variance field with the nested covariance fitted to the FABDEM - ICESat-2 residuals, p95j) and ONE water-surface realization over all nodes and days (datum closure, gauge, SWOT wse_u, gap-dependent interpolation error; every term once, through the node heights), the pre-breach baseline rebuilt with the same realization; W_total, A_new and both volumes are quantiles of their OWN ensembles (no shift construction). The 100 000-draw cluster-normal emulator (p95g) is a computational DIAGNOSTIC outside the evidence path (maintainer decision D-EMU, 2026-09-29): it has no connectivity and its W_total is the nominal total plus its new-area deviations; it is reported in T12d only","A_* = NEW inundation (cells allowed by the water surface outside the same-rule pre-breach regime); W_total_* = TOTAL water surface on the day (all cells allowed by the water surface, incl. channels, lakes, reed beds) ; operational 'flooded land' figures (e.g. UNOSAT 3616) exclude pre-existing water and are closer in kind to A_*, but differ in AOI, date and temporal semantics -- context, never validation; wetland submergence is in T13/T14","reported central value = Monte-Carlo MEDIAN (*_p50_*) with the p05-p95 interval of the coherent Monte-Carlo worlds (p95e rev 2); *_central_* = the deterministic nominal run (draw 0, unperturbed inputs), a diagnostic given in brackets; its position relative to the ensemble is attributed to the error components in T11d (maintainer decision 2026-09-28; recomputed 2026-09-29 after the code review); relative half-widths are taken over the Monte-Carlo median, never over the nominal run (text pass 2026-09-29)"
2023-06-13,DNIPRO_CORRIDOR,143.2,125.4,192.4,112.1,610.6,547.1,679.2,611.4000000000001,228.2,200.7,283.6,168.41000000000005,3.03,terrain_reconstructed,1750.0,1994.6,2413.4,486.1,510.2,530.9,1000,10.817228955126106,23.393854748603353,18.163891323400534,27.743086529884025,35.502642360904886,165.7,295.4,109.9,638.9,248.4,556.0,211.7,662.5,112.2,610.5999999999999,111.9,633.1,116.5,618.4,168.2,686.3,112.1,611.4000000000001,112.1,611.4000000000001,110.3,551.5,"PRIMARY interval = p05/p50/p95 of the coherent Monte-Carlo worlds of p95e rev 2 (review F01-F05): per draw ONE terrain-error realization over the union mosaic (FABDEM-sourced cells only; class NMAD x a unit-variance field with the nested covariance fitted to the FABDEM - ICESat-2 residuals, p95j) and ONE water-surface realization over all nodes and days (datum closure, gauge, SWOT wse_u, gap-dependent interpolation error; every term once, through the node heights), the pre-breach baseline rebuilt with the same realization; W_total, A_new and both volumes are quantiles of their OWN ensembles (no shift construction). The 100 000-draw cluster-normal emulator (p95g) is a computational DIAGNOSTIC outside the evidence path (maintainer decision D-EMU, 2026-09-29): it has no connectivity and its W_total is the nominal total plus its new-area deviations; it is reported in T12d only","A_* = NEW inundation (cells allowed by the water surface outside the same-rule pre-breach regime); W_total_* = TOTAL water surface on the day (all cells allowed by the water surface, incl. channels, lakes, reed beds) ; operational 'flooded land' figures (e.g. UNOSAT 3616) exclude pre-existing water and are closer in kind to A_*, but differ in AOI, date and temporal semantics -- context, never validation; wetland submergence is in T13/T14","reported central value = Monte-Carlo MEDIAN (*_p50_*) with the p05-p95 interval of the coherent Monte-Carlo worlds (p95e rev 2); *_central_* = the deterministic nominal run (draw 0, unperturbed inputs), a diagnostic given in brackets; its position relative to the ensemble is attributed to the error components in T11d (maintainer decision 2026-09-28; recomputed 2026-09-29 after the code review); relative half-widths are taken over the Monte-Carlo median, never over the nominal run (text pass 2026-09-29)"
2023-06-13,INHULETS_VALLEY_rect,37.2,34.6,41.0,37.0,64.1,62.9,65.5,64.3,72.5,63.5,86.0,70.43,3.03,terrain_reconstructed,173.9,185.4,197.3,23.1,27.0,29.9,1000,2.0280811232449314,8.602150537634406,15.517241379310345,0.5405405405405482,2.939088456623588,0.3,0.3,36.8,65.0,40.7,61.8,42.0,66.4,37.7,64.3,37.0,64.3,37.7,65.0,37.0,64.3,37.0,64.3,39.3,64.4,2.6,14.7,"PRIMARY interval = p05/p50/p95 of the coherent Monte-Carlo worlds of p95e rev 2 (review F01-F05): per draw ONE terrain-error realization over the union mosaic (FABDEM-sourced cells only; class NMAD x a unit-variance field with the nested covariance fitted to the FABDEM - ICESat-2 residuals, p95j) and ONE water-surface realization over all nodes and days (datum closure, gauge, SWOT wse_u, gap-dependent interpolation error; every term once, through the node heights), the pre-breach baseline rebuilt with the same realization; W_total, A_new and both volumes are quantiles of their OWN ensembles (no shift construction). The 100 000-draw cluster-normal emulator (p95g) is a computational DIAGNOSTIC outside the evidence path (maintainer decision D-EMU, 2026-09-29): it has no connectivity and its W_total is the nominal total plus its new-area deviations; it is reported in T12d only","A_* = NEW inundation (cells allowed by the water surface outside the same-rule pre-breach regime); W_total_* = TOTAL water surface on the day (all cells allowed by the water surface, incl. channels, lakes, reed beds) ; operational 'flooded land' figures (e.g. UNOSAT 3616) exclude pre-existing water and are closer in kind to A_*, but differ in AOI, date and temporal semantics -- context, never validation; wetland submergence is in T13/T14","reported central value = Monte-Carlo MEDIAN (*_p50_*) with the p05-p95 interval of the coherent Monte-Carlo worlds (p95e rev 2); *_central_* = the deterministic nominal run (draw 0, unperturbed inputs), a diagnostic given in brackets; its position relative to the ensemble is attributed to the error components in T11d (maintainer decision 2026-09-28; recomputed 2026-09-29 after the code review); relative half-widths are taken over the Monte-Carlo median, never over the nominal run (text pass 2026-09-29)"
2023-06-13,P42_FLOODPLAIN_DOMAIN,114.5,103.2,127.7,91.5,410.7,401.2,419.2,421.1,193.1,171.3,219.6,145.73000000000002,3.03,terrain_reconstructed,1403.9,1456.5,1509.3,294.7,311.0,325.1,1000,2.191380569758948,10.698689956331878,12.506473329880889,25.136612021857925,32.50531805393534,164.8,294.5,88.9,430.3,227.5,394.2,138.5,428.2,91.8,420.9,91.5,428.2000000000001,94.7,425.6,91.8,422.6,91.5,421.1,91.5,421.1,91.1,420.1,"PRIMARY interval = p05/p50/p95 of the coherent Monte-Carlo worlds of p95e rev 2 (review F01-F05): per draw ONE terrain-error realization over the union mosaic (FABDEM-sourced cells only; class NMAD x a unit-variance field with the nested covariance fitted to the FABDEM - ICESat-2 residuals, p95j) and ONE water-surface realization over all nodes and days (datum closure, gauge, SWOT wse_u, gap-dependent interpolation error; every term once, through the node heights), the pre-breach baseline rebuilt with the same realization; W_total, A_new and both volumes are quantiles of their OWN ensembles (no shift construction). The 100 000-draw cluster-normal emulator (p95g) is a computational DIAGNOSTIC outside the evidence path (maintainer decision D-EMU, 2026-09-29): it has no connectivity and its W_total is the nominal total plus its new-area deviations; it is reported in T12d only","A_* = NEW inundation (cells allowed by the water surface outside the same-rule pre-breach regime); W_total_* = TOTAL water surface on the day (all cells allowed by the water surface, incl. channels, lakes, reed beds) ; operational 'flooded land' figures (e.g. UNOSAT 3616) exclude pre-existing water and are closer in kind to A_*, but differ in AOI, date and temporal semantics -- context, never validation; wetland submergence is in T13/T14","reported central value = Monte-Carlo MEDIAN (*_p50_*) with the p05-p95 interval of the coherent Monte-Carlo worlds (p95e rev 2); *_central_* = the deterministic nominal run (draw 0, unperturbed inputs), a diagnostic given in brackets; its position relative to the ensemble is attributed to the error components in T11d (maintainer decision 2026-09-28; recomputed 2026-09-29 after the code review); relative half-widths are taken over the Monte-Carlo median, never over the nominal run (text pass 2026-09-29)"
2023-06-14,DNIPRO_CORRIDOR,120.6,100.7,167.2,90.0,586.8,521.9,656.3,589.1,150.9,128.1,199.7,108.4,2.54,terrain_reconstructed,1487.0,1730.5,2147.3,486.1,510.2,530.9,1000,11.451942740286297,27.57048092868988,23.724320742213383,33.99999999999999,39.20664206642066,148.7,278.1,89.30000000000001,618.1,212.4,516.5,191.8,642.3,90.2,588.4,89.4,610.5,96.0,597.6,144.1,661.4,90.0,589.1,90.0,589.1,89.0,530.0,"PRIMARY interval = p05/p50/p95 of the coherent Monte-Carlo worlds of p95e rev 2 (review F01-F05): per draw ONE terrain-error realization over the union mosaic (FABDEM-sourced cells only; class NMAD x a unit-variance field with the nested covariance fitted to the FABDEM - ICESat-2 residuals, p95j) and ONE water-surface realization over all nodes and days (datum closure, gauge, SWOT wse_u, gap-dependent interpolation error; every term once, through the node heights), the pre-breach baseline rebuilt with the same realization; W_total, A_new and both volumes are quantiles of their OWN ensembles (no shift construction). The 100 000-draw cluster-normal emulator (p95g) is a computational DIAGNOSTIC outside the evidence path (maintainer decision D-EMU, 2026-09-29): it has no connectivity and its W_total is the nominal total plus its new-area deviations; it is reported in T12d only","A_* = NEW inundation (cells allowed by the water surface outside the same-rule pre-breach regime); W_total_* = TOTAL water surface on the day (all cells allowed by the water surface, incl. channels, lakes, reed beds) ; operational 'flooded land' figures (e.g. UNOSAT 3616) exclude pre-existing water and are closer in kind to A_*, but differ in AOI, date and temporal semantics -- context, never validation; wetland submergence is in T13/T14","reported central value = Monte-Carlo MEDIAN (*_p50_*) with the p05-p95 interval of the coherent Monte-Carlo worlds (p95e rev 2); *_central_* = the deterministic nominal run (draw 0, unperturbed inputs), a diagnostic given in brackets; its position relative to the ensemble is attributed to the error components in T11d (maintainer decision 2026-09-28; recomputed 2026-09-29 after the code review); relative half-widths are taken over the Monte-Carlo median, never over the nominal run (text pass 2026-09-29)"
2023-06-14,INHULETS_VALLEY_rect,31.5,29.0,35.4,31.2,58.5,56.9,59.9,58.5,49.8,42.4,62.2,48.42,2.54,terrain_reconstructed,136.2,146.4,157.8,23.1,27.0,29.9,1000,2.564102564102564,10.158730158730156,19.879518072289162,0.9615384615384639,2.8500619578686397,0.2,0.2,31.3,59.5,34.7,55.7,36.8,61.2,31.9,58.5,31.2,58.5,32.2,59.5,31.2,58.5,31.2,58.5,34.1,59.2,2.2,14.3,"PRIMARY interval = p05/p50/p95 of the coherent Monte-Carlo worlds of p95e rev 2 (review F01-F05): per draw ONE terrain-error realization over the union mosaic (FABDEM-sourced cells only; class NMAD x a unit-variance field with the nested covariance fitted to the FABDEM - ICESat-2 residuals, p95j) and ONE water-surface realization over all nodes and days (datum closure, gauge, SWOT wse_u, gap-dependent interpolation error; every term once, through the node heights), the pre-breach baseline rebuilt with the same realization; W_total, A_new and both volumes are quantiles of their OWN ensembles (no shift construction). The 100 000-draw cluster-normal emulator (p95g) is a computational DIAGNOSTIC outside the evidence path (maintainer decision D-EMU, 2026-09-29): it has no connectivity and its W_total is the nominal total plus its new-area deviations; it is reported in T12d only","A_* = NEW inundation (cells allowed by the water surface outside the same-rule pre-breach regime); W_total_* = TOTAL water surface on the day (all cells allowed by the water surface, incl. channels, lakes, reed beds) ; operational 'flooded land' figures (e.g. UNOSAT 3616) exclude pre-existing water and are closer in kind to A_*, but differ in AOI, date and temporal semantics -- context, never validation; wetland submergence is in T13/T14","reported central value = Monte-Carlo MEDIAN (*_p50_*) with the p05-p95 interval of the coherent Monte-Carlo worlds (p95e rev 2); *_central_* = the deterministic nominal run (draw 0, unperturbed inputs), a diagnostic given in brackets; its position relative to the ensemble is attributed to the error components in T11d (maintainer decision 2026-09-28; recomputed 2026-09-29 after the code review); relative half-widths are taken over the Monte-Carlo median, never over the nominal run (text pass 2026-09-29)"
2023-06-14,P42_FLOODPLAIN_DOMAIN,98.6,86.5,111.7,76.6,395.3,380.1,404.5,406.1,128.7,111.5,148.5,96.11,2.54,terrain_reconstructed,1162.6,1214.9,1266.5,294.7,311.0,325.1,1000,3.086263597267895,12.778904665314403,14.374514374514375,28.72062663185379,33.90906253251482,147.9,277.3,74.6,416.0,199.5,362.7000000000001,125.8,415.2000000000001,76.9,405.8,76.2,412.7000000000001,80.5,411.2,76.80000000000001,407.5,76.6,406.1,76.6,406.1,76.30000000000001,405.2000000000001,"PRIMARY interval = p05/p50/p95 of the coherent Monte-Carlo worlds of p95e rev 2 (review F01-F05): per draw ONE terrain-error realization over the union mosaic (FABDEM-sourced cells only; class NMAD x a unit-variance field with the nested covariance fitted to the FABDEM - ICESat-2 residuals, p95j) and ONE water-surface realization over all nodes and days (datum closure, gauge, SWOT wse_u, gap-dependent interpolation error; every term once, through the node heights), the pre-breach baseline rebuilt with the same realization; W_total, A_new and both volumes are quantiles of their OWN ensembles (no shift construction). The 100 000-draw cluster-normal emulator (p95g) is a computational DIAGNOSTIC outside the evidence path (maintainer decision D-EMU, 2026-09-29): it has no connectivity and its W_total is the nominal total plus its new-area deviations; it is reported in T12d only","A_* = NEW inundation (cells allowed by the water surface outside the same-rule pre-breach regime); W_total_* = TOTAL water surface on the day (all cells allowed by the water surface, incl. channels, lakes, reed beds) ; operational 'flooded land' figures (e.g. UNOSAT 3616) exclude pre-existing water and are closer in kind to A_*, but differ in AOI, date and temporal semantics -- context, never validation; wetland submergence is in T13/T14","reported central value = Monte-Carlo MEDIAN (*_p50_*) with the p05-p95 interval of the coherent Monte-Carlo worlds (p95e rev 2); *_central_* = the deterministic nominal run (draw 0, unperturbed inputs), a diagnostic given in brackets; its position relative to the ensemble is attributed to the error components in T11d (maintainer decision 2026-09-28; recomputed 2026-09-29 after the code review); relative half-widths are taken over the Monte-Carlo median, never over the nominal run (text pass 2026-09-29)"
2023-06-15,DNIPRO_CORRIDOR,100.2,79.3,143.5,59.400000000000006,564.7,500.7,635.2,554.9,101.6,81.4,150.3,62.78,2.14,terrain_reconstructed,1311.3,1553.2,1965.1,486.1,510.2,530.9,1000,11.908978218523114,32.035928143712574,33.90748031496064,68.68686868686868,61.83497929276839,135.0,264.0,75.4,603.9,199.1,502.6,178.2,628.5,59.6,554.4,73.3,594.0999999999999,82.1,583.5,65.1,576.6,59.400000000000006,554.9,59.400000000000006,554.9,59.400000000000006,496.9,"PRIMARY interval = p05/p50/p95 of the coherent Monte-Carlo worlds of p95e rev 2 (review F01-F05): per draw ONE terrain-error realization over the union mosaic (FABDEM-sourced cells only; class NMAD x a unit-variance field with the nested covariance fitted to the FABDEM - ICESat-2 residuals, p95j) and ONE water-surface realization over all nodes and days (datum closure, gauge, SWOT wse_u, gap-dependent interpolation error; every term once, through the node heights), the pre-breach baseline rebuilt with the same realization; W_total, A_new and both volumes are quantiles of their OWN ensembles (no shift construction). The 100 000-draw cluster-normal emulator (p95g) is a computational DIAGNOSTIC outside the evidence path (maintainer decision D-EMU, 2026-09-29): it has no connectivity and its W_total is the nominal total plus its new-area deviations; it is reported in T12d only","A_* = NEW inundation (cells allowed by the water surface outside the same-rule pre-breach regime); W_total_* = TOTAL water surface on the day (all cells allowed by the water surface, incl. channels, lakes, reed beds) ; operational 'flooded land' figures (e.g. UNOSAT 3616) exclude pre-existing water and are closer in kind to A_*, but differ in AOI, date and temporal semantics -- context, never validation; wetland submergence is in T13/T14","reported central value = Monte-Carlo MEDIAN (*_p50_*) with the p05-p95 interval of the coherent Monte-Carlo worlds (p95e rev 2); *_central_* = the deterministic nominal run (draw 0, unperturbed inputs), a diagnostic given in brackets; its position relative to the ensemble is attributed to the error components in T11d (maintainer decision 2026-09-28; recomputed 2026-09-29 after the code review); relative half-widths are taken over the Monte-Carlo median, never over the nominal run (text pass 2026-09-29)"
2023-06-15,INHULETS_VALLEY_rect,25.8,23.3,29.7,26.1,52.8,51.0,54.4,53.4,32.8,27.4,42.0,31.72,2.14,terrain_reconstructed,105.1,114.0,122.1,23.1,27.0,29.9,1000,3.2196969696969684,12.403100775193796,22.25609756097561,-1.1494252873563244,3.404791929382088,0.2,0.2,25.6,53.8,28.8,49.8,31.7,56.1,26.8,53.4,26.1,53.4,26.5,53.8,26.1,53.4,26.1,53.4,29.9,55.0,1.8,13.9,"PRIMARY interval = p05/p50/p95 of the coherent Monte-Carlo worlds of p95e rev 2 (review F01-F05): per draw ONE terrain-error realization over the union mosaic (FABDEM-sourced cells only; class NMAD x a unit-variance field with the nested covariance fitted to the FABDEM - ICESat-2 residuals, p95j) and ONE water-surface realization over all nodes and days (datum closure, gauge, SWOT wse_u, gap-dependent interpolation error; every term once, through the node heights), the pre-breach baseline rebuilt with the same realization; W_total, A_new and both volumes are quantiles of their OWN ensembles (no shift construction). The 100 000-draw cluster-normal emulator (p95g) is a computational DIAGNOSTIC outside the evidence path (maintainer decision D-EMU, 2026-09-29): it has no connectivity and its W_total is the nominal total plus its new-area deviations; it is reported in T12d only","A_* = NEW inundation (cells allowed by the water surface outside the same-rule pre-breach regime); W_total_* = TOTAL water surface on the day (all cells allowed by the water surface, incl. channels, lakes, reed beds) ; operational 'flooded land' figures (e.g. UNOSAT 3616) exclude pre-existing water and are closer in kind to A_*, but differ in AOI, date and temporal semantics -- context, never validation; wetland submergence is in T13/T14","reported central value = Monte-Carlo MEDIAN (*_p50_*) with the p05-p95 interval of the coherent Monte-Carlo worlds (p95e rev 2); *_central_* = the deterministic nominal run (draw 0, unperturbed inputs), a diagnostic given in brackets; its position relative to the ensemble is attributed to the error components in T11d (maintainer decision 2026-09-28; recomputed 2026-09-29 after the code review); relative half-widths are taken over the Monte-Carlo median, never over the nominal run (text pass 2026-09-29)"
2023-06-15,P42_FLOODPLAIN_DOMAIN,83.2,70.4,96.9,54.7,376.5,363.1,391.6,380.6,87.4,74.0,102.0,58.66,2.14,terrain_reconstructed,998.4,1049.0,1097.1,294.7,311.0,325.1,1000,3.7848605577689245,15.925480769230768,16.018306636155604,52.10237659963437,48.99420388680534,134.3,263.3,64.2,405.4,187.7,350.4,116.3,405.6,54.900000000000006,380.3,64.2,400.6,70.1,400.6,54.7,381.6,54.7,380.5,54.7,380.6,54.7,380.0,"PRIMARY interval = p05/p50/p95 of the coherent Monte-Carlo worlds of p95e rev 2 (review F01-F05): per draw ONE terrain-error realization over the union mosaic (FABDEM-sourced cells only; class NMAD x a unit-variance field with the nested covariance fitted to the FABDEM - ICESat-2 residuals, p95j) and ONE water-surface realization over all nodes and days (datum closure, gauge, SWOT wse_u, gap-dependent interpolation error; every term once, through the node heights), the pre-breach baseline rebuilt with the same realization; W_total, A_new and both volumes are quantiles of their OWN ensembles (no shift construction). The 100 000-draw cluster-normal emulator (p95g) is a computational DIAGNOSTIC outside the evidence path (maintainer decision D-EMU, 2026-09-29): it has no connectivity and its W_total is the nominal total plus its new-area deviations; it is reported in T12d only","A_* = NEW inundation (cells allowed by the water surface outside the same-rule pre-breach regime); W_total_* = TOTAL water surface on the day (all cells allowed by the water surface, incl. channels, lakes, reed beds) ; operational 'flooded land' figures (e.g. UNOSAT 3616) exclude pre-existing water and are closer in kind to A_*, but differ in AOI, date and temporal semantics -- context, never validation; wetland submergence is in T13/T14","reported central value = Monte-Carlo MEDIAN (*_p50_*) with the p05-p95 interval of the coherent Monte-Carlo worlds (p95e rev 2); *_central_* = the deterministic nominal run (draw 0, unperturbed inputs), a diagnostic given in brackets; its position relative to the ensemble is attributed to the error components in T11d (maintainer decision 2026-09-28; recomputed 2026-09-29 after the code review); relative half-widths are taken over the Monte-Carlo median, never over the nominal run (text pass 2026-09-29)"
2023-06-16,DNIPRO_CORRIDOR,79.7,63.6,121.3,50.5,544.3,482.6,609.3,545.6,60.4,49.5,105.2,40.44,1.79,terrain_reconstructed,1144.9,1385.7,1756.6,486.1,510.2,530.9,1000,11.638802131177654,36.198243412797986,46.10927152317881,57.82178217821783,49.3570722057369,115.6,244.0,60.400000000000006,588.5999999999999,185.0,488.1,147.0,593.7,50.8,545.2,58.7,579.0999999999999,67.1,568.2,57.5,569.2,50.5,545.6,50.5,545.6,50.5,487.7000000000001,"PRIMARY interval = p05/p50/p95 of the coherent Monte-Carlo worlds of p95e rev 2 (review F01-F05): per draw ONE terrain-error realization over the union mosaic (FABDEM-sourced cells only; class NMAD x a unit-variance field with the nested covariance fitted to the FABDEM - ICESat-2 residuals, p95j) and ONE water-surface realization over all nodes and days (datum closure, gauge, SWOT wse_u, gap-dependent interpolation error; every term once, through the node heights), the pre-breach baseline rebuilt with the same realization; W_total, A_new and both volumes are quantiles of their OWN ensembles (no shift construction). The 100 000-draw cluster-normal emulator (p95g) is a computational DIAGNOSTIC outside the evidence path (maintainer decision D-EMU, 2026-09-29): it has no connectivity and its W_total is the nominal total plus its new-area deviations; it is reported in T12d only","A_* = NEW inundation (cells allowed by the water surface outside the same-rule pre-breach regime); W_total_* = TOTAL water surface on the day (all cells allowed by the water surface, incl. channels, lakes, reed beds) ; operational 'flooded land' figures (e.g. UNOSAT 3616) exclude pre-existing water and are closer in kind to A_*, but differ in AOI, date and temporal semantics -- context, never validation; wetland submergence is in T13/T14","reported central value = Monte-Carlo MEDIAN (*_p50_*) with the p05-p95 interval of the coherent Monte-Carlo worlds (p95e rev 2); *_central_* = the deterministic nominal run (draw 0, unperturbed inputs), a diagnostic given in brackets; its position relative to the ensemble is attributed to the error components in T11d (maintainer decision 2026-09-28; recomputed 2026-09-29 after the code review); relative half-widths are taken over the Monte-Carlo median, never over the nominal run (text pass 2026-09-29)"
2023-06-16,INHULETS_VALLEY_rect,19.7,16.5,23.4,19.5,46.5,44.2,48.7,46.8,19.5,14.8,26.9,18.32,1.79,terrain_reconstructed,75.7,84.9,94.0,23.1,27.0,29.9,1000,4.838709677419355,17.512690355329948,31.025641025641022,1.025641025641022,6.4410480349344965,0.1,0.1,19.0,47.2,21.6,42.6,25.5,49.8,20.1,46.7,19.5,46.8,19.9,47.2,19.5,46.8,19.5,46.8,23.8,49.0,1.5,13.5,"PRIMARY interval = p05/p50/p95 of the coherent Monte-Carlo worlds of p95e rev 2 (review F01-F05): per draw ONE terrain-error realization over the union mosaic (FABDEM-sourced cells only; class NMAD x a unit-variance field with the nested covariance fitted to the FABDEM - ICESat-2 residuals, p95j) and ONE water-surface realization over all nodes and days (datum closure, gauge, SWOT wse_u, gap-dependent interpolation error; every term once, through the node heights), the pre-breach baseline rebuilt with the same realization; W_total, A_new and both volumes are quantiles of their OWN ensembles (no shift construction). The 100 000-draw cluster-normal emulator (p95g) is a computational DIAGNOSTIC outside the evidence path (maintainer decision D-EMU, 2026-09-29): it has no connectivity and its W_total is the nominal total plus its new-area deviations; it is reported in T12d only","A_* = NEW inundation (cells allowed by the water surface outside the same-rule pre-breach regime); W_total_* = TOTAL water surface on the day (all cells allowed by the water surface, incl. channels, lakes, reed beds) ; operational 'flooded land' figures (e.g. UNOSAT 3616) exclude pre-existing water and are closer in kind to A_*, but differ in AOI, date and temporal semantics -- context, never validation; wetland submergence is in T13/T14","reported central value = Monte-Carlo MEDIAN (*_p50_*) with the p05-p95 interval of the coherent Monte-Carlo worlds (p95e rev 2); *_central_* = the deterministic nominal run (draw 0, unperturbed inputs), a diagnostic given in brackets; its position relative to the ensemble is attributed to the error components in T11d (maintainer decision 2026-09-28; recomputed 2026-09-29 after the code review); relative half-widths are taken over the Monte-Carlo median, never over the nominal run (text pass 2026-09-29)"
2023-06-16,P42_FLOODPLAIN_DOMAIN,67.8,57.4,79.7,46.5,360.4,350.1,372.2,372.1,53.3,45.3,63.5,37.95,1.79,terrain_reconstructed,845.3,890.3,934.5,294.7,311.0,325.1,1000,3.066037735849052,16.445427728613573,17.07317073170732,45.80645161290322,40.447957839262166,115.1,243.5,52.2,393.0,174.7,337.20000000000005,93.8,379.4,46.8,371.8,52.4,388.5,58.1,388.3,46.5,373.1,46.5,372.1,46.5,372.1,46.5,371.6,"PRIMARY interval = p05/p50/p95 of the coherent Monte-Carlo worlds of p95e rev 2 (review F01-F05): per draw ONE terrain-error realization over the union mosaic (FABDEM-sourced cells only; class NMAD x a unit-variance field with the nested covariance fitted to the FABDEM - ICESat-2 residuals, p95j) and ONE water-surface realization over all nodes and days (datum closure, gauge, SWOT wse_u, gap-dependent interpolation error; every term once, through the node heights), the pre-breach baseline rebuilt with the same realization; W_total, A_new and both volumes are quantiles of their OWN ensembles (no shift construction). The 100 000-draw cluster-normal emulator (p95g) is a computational DIAGNOSTIC outside the evidence path (maintainer decision D-EMU, 2026-09-29): it has no connectivity and its W_total is the nominal total plus its new-area deviations; it is reported in T12d only","A_* = NEW inundation (cells allowed by the water surface outside the same-rule pre-breach regime); W_total_* = TOTAL water surface on the day (all cells allowed by the water surface, incl. channels, lakes, reed beds) ; operational 'flooded land' figures (e.g. UNOSAT 3616) exclude pre-existing water and are closer in kind to A_*, but differ in AOI, date and temporal semantics -- context, never validation; wetland submergence is in T13/T14","reported central value = Monte-Carlo MEDIAN (*_p50_*) with the p05-p95 interval of the coherent Monte-Carlo worlds (p95e rev 2); *_central_* = the deterministic nominal run (draw 0, unperturbed inputs), a diagnostic given in brackets; its position relative to the ensemble is attributed to the error components in T11d (maintainer decision 2026-09-28; recomputed 2026-09-29 after the code review); relative half-widths are taken over the Monte-Carlo median, never over the nominal run (text pass 2026-09-29)"
2023-06-18,DNIPRO_CORRIDOR,45.4,35.5,85.2,33.9,511.0,448.4,573.9,528.3,15.6,11.7,60.9,11.21,1.14,terrain_reconstructed,882.7,1124.2,1457.6,486.1,510.2,530.9,1000,12.279843444227005,54.73568281938327,157.6923076923077,33.92330383480826,39.16146297948259,54.7,157.70000000000002,34.3,561.4000000000001,119.5,421.0,132.4,578.4,34.0,527.5,35.0,554.2,40.9,541.0,43.9,555.5,33.9,528.3,33.9,528.3,33.9,470.4,"PRIMARY interval = p05/p50/p95 of the coherent Monte-Carlo worlds of p95e rev 2 (review F01-F05): per draw ONE terrain-error realization over the union mosaic (FABDEM-sourced cells only; class NMAD x a unit-variance field with the nested covariance fitted to the FABDEM - ICESat-2 residuals, p95j) and ONE water-surface realization over all nodes and days (datum closure, gauge, SWOT wse_u, gap-dependent interpolation error; every term once, through the node heights), the pre-breach baseline rebuilt with the same realization; W_total, A_new and both volumes are quantiles of their OWN ensembles (no shift construction). The 100 000-draw cluster-normal emulator (p95g) is a computational DIAGNOSTIC outside the evidence path (maintainer decision D-EMU, 2026-09-29): it has no connectivity and its W_total is the nominal total plus its new-area deviations; it is reported in T12d only","A_* = NEW inundation (cells allowed by the water surface outside the same-rule pre-breach regime); W_total_* = TOTAL water surface on the day (all cells allowed by the water surface, incl. channels, lakes, reed beds) ; operational 'flooded land' figures (e.g. UNOSAT 3616) exclude pre-existing water and are closer in kind to A_*, but differ in AOI, date and temporal semantics -- context, never validation; wetland submergence is in T13/T14","reported central value = Monte-Carlo MEDIAN (*_p50_*) with the p05-p95 interval of the coherent Monte-Carlo worlds (p95e rev 2); *_central_* = the deterministic nominal run (draw 0, unperturbed inputs), a diagnostic given in brackets; its position relative to the ensemble is attributed to the error components in T11d (maintainer decision 2026-09-28; recomputed 2026-09-29 after the code review); relative half-widths are taken over the Monte-Carlo median, never over the nominal run (text pass 2026-09-29)"
2023-06-18,INHULETS_VALLEY_rect,9.5,6.9,12.9,10.1,35.6,33.0,38.3,36.5,5.5,3.0,9.7,4.85,1.14,terrain_reconstructed,40.5,47.1,54.6,23.1,27.0,29.9,1000,7.443820224719097,31.57894736842105,60.9090909090909,-5.940594059405938,13.40206185567011,0.0,0.0,9.6,37.2,12.3,32.2,16.0,40.2,10.2,35.9,10.1,36.9,10.5,37.2,10.1,36.5,10.1,36.5,12.1,36.4,0.8,12.9,"PRIMARY interval = p05/p50/p95 of the coherent Monte-Carlo worlds of p95e rev 2 (review F01-F05): per draw ONE terrain-error realization over the union mosaic (FABDEM-sourced cells only; class NMAD x a unit-variance field with the nested covariance fitted to the FABDEM - ICESat-2 residuals, p95j) and ONE water-surface realization over all nodes and days (datum closure, gauge, SWOT wse_u, gap-dependent interpolation error; every term once, through the node heights), the pre-breach baseline rebuilt with the same realization; W_total, A_new and both volumes are quantiles of their OWN ensembles (no shift construction). The 100 000-draw cluster-normal emulator (p95g) is a computational DIAGNOSTIC outside the evidence path (maintainer decision D-EMU, 2026-09-29): it has no connectivity and its W_total is the nominal total plus its new-area deviations; it is reported in T12d only","A_* = NEW inundation (cells allowed by the water surface outside the same-rule pre-breach regime); W_total_* = TOTAL water surface on the day (all cells allowed by the water surface, incl. channels, lakes, reed beds) ; operational 'flooded land' figures (e.g. UNOSAT 3616) exclude pre-existing water and are closer in kind to A_*, but differ in AOI, date and temporal semantics -- context, never validation; wetland submergence is in T13/T14","reported central value = Monte-Carlo MEDIAN (*_p50_*) with the p05-p95 interval of the coherent Monte-Carlo worlds (p95e rev 2); *_central_* = the deterministic nominal run (draw 0, unperturbed inputs), a diagnostic given in brackets; its position relative to the ensemble is attributed to the error components in T11d (maintainer decision 2026-09-28; recomputed 2026-09-29 after the code review); relative half-widths are taken over the Monte-Carlo median, never over the nominal run (text pass 2026-09-29)"
2023-06-18,P42_FLOODPLAIN_DOMAIN,38.3,31.8,45.6,30.6,329.9,316.5,340.2,355.6,13.3,10.6,17.1,10.36,1.14,terrain_reconstructed,601.7,644.2,683.4,294.7,311.0,325.1,1000,3.5919975750227326,18.01566579634465,24.436090225563913,25.16339869281044,28.378378378378393,54.5,157.4,30.1,369.8,113.2,274.0,79.69999999999999,364.9,30.6,355.1,31.3,366.2000000000001,36.0,365.1,30.6,356.5,30.6,355.6,30.6,355.6,30.6,355.0,"PRIMARY interval = p05/p50/p95 of the coherent Monte-Carlo worlds of p95e rev 2 (review F01-F05): per draw ONE terrain-error realization over the union mosaic (FABDEM-sourced cells only; class NMAD x a unit-variance field with the nested covariance fitted to the FABDEM - ICESat-2 residuals, p95j) and ONE water-surface realization over all nodes and days (datum closure, gauge, SWOT wse_u, gap-dependent interpolation error; every term once, through the node heights), the pre-breach baseline rebuilt with the same realization; W_total, A_new and both volumes are quantiles of their OWN ensembles (no shift construction). The 100 000-draw cluster-normal emulator (p95g) is a computational DIAGNOSTIC outside the evidence path (maintainer decision D-EMU, 2026-09-29): it has no connectivity and its W_total is the nominal total plus its new-area deviations; it is reported in T12d only","A_* = NEW inundation (cells allowed by the water surface outside the same-rule pre-breach regime); W_total_* = TOTAL water surface on the day (all cells allowed by the water surface, incl. channels, lakes, reed beds) ; operational 'flooded land' figures (e.g. UNOSAT 3616) exclude pre-existing water and are closer in kind to A_*, but differ in AOI, date and temporal semantics -- context, never validation; wetland submergence is in T13/T14","reported central value = Monte-Carlo MEDIAN (*_p50_*) with the p05-p95 interval of the coherent Monte-Carlo worlds (p95e rev 2); *_central_* = the deterministic nominal run (draw 0, unperturbed inputs), a diagnostic given in brackets; its position relative to the ensemble is attributed to the error components in T11d (maintainer decision 2026-09-28; recomputed 2026-09-29 after the code review); relative half-widths are taken over the Monte-Carlo median, never over the nominal run (text pass 2026-09-29)"
2023-06-21,DNIPRO_CORRIDOR,2.6,1.7,4.2,4.1000000000000005,463.2,435.3,489.8,491.0,0.3,0.1,0.7,0.24,0.73,terrain_reconstructed,883.6,939.5,996.2,486.1,510.2,530.9,1000,5.882987910189983,48.07692307692307,100.0,-36.585365853658544,25.0,0.2,54.0,4.2,524.6,3.2,279.7,113.7,558.9,4.1000000000000005,490.0,4.2,516.7,10.5,504.4,4.1000000000000005,491.0,4.1000000000000005,491.0,4.1000000000000005,491.0,4.1000000000000005,433.2000000000001,"PRIMARY interval = p05/p50/p95 of the coherent Monte-Carlo worlds of p95e rev 2 (review F01-F05): per draw ONE terrain-error realization over the union mosaic (FABDEM-sourced cells only; class NMAD x a unit-variance field with the nested covariance fitted to the FABDEM - ICESat-2 residuals, p95j) and ONE water-surface realization over all nodes and days (datum closure, gauge, SWOT wse_u, gap-dependent interpolation error; every term once, through the node heights), the pre-breach baseline rebuilt with the same realization; W_total, A_new and both volumes are quantiles of their OWN ensembles (no shift construction). The 100 000-draw cluster-normal emulator (p95g) is a computational DIAGNOSTIC outside the evidence path (maintainer decision D-EMU, 2026-09-29): it has no connectivity and its W_total is the nominal total plus its new-area deviations; it is reported in T12d only","A_* = NEW inundation (cells allowed by the water surface outside the same-rule pre-breach regime); W_total_* = TOTAL water surface on the day (all cells allowed by the water surface, incl. channels, lakes, reed beds) ; operational 'flooded land' figures (e.g. UNOSAT 3616) exclude pre-existing water and are closer in kind to A_*, but differ in AOI, date and temporal semantics -- context, never validation; wetland submergence is in T13/T14","reported central value = Monte-Carlo MEDIAN (*_p50_*) with the p05-p95 interval of the coherent Monte-Carlo worlds (p95e rev 2); *_central_* = the deterministic nominal run (draw 0, unperturbed inputs), a diagnostic given in brackets; its position relative to the ensemble is attributed to the error components in T11d (maintainer decision 2026-09-28; recomputed 2026-09-29 after the code review); relative half-widths are taken over the Monte-Carlo median, never over the nominal run (text pass 2026-09-29)"
2023-06-21,INHULETS_VALLEY_rect,0.0,0.0,0.4,0.0,22.8,18.0,26.7,24.8,0.0,0.0,0.0,0.0,0.73,terrain_reconstructed,12.7,18.4,24.5,23.1,27.0,29.9,1000,19.07894736842105,inf,,,,0.0,0.0,0.0,25.7,0.0,17.3,5.4,28.5,0.0,24.1,0.0,24.8,0.7,25.7,0.0,24.8,0.0,24.8,0.1,23.3,0.0,11.9,"PRIMARY interval = p05/p50/p95 of the coherent Monte-Carlo worlds of p95e rev 2 (review F01-F05): per draw ONE terrain-error realization over the union mosaic (FABDEM-sourced cells only; class NMAD x a unit-variance field with the nested covariance fitted to the FABDEM - ICESat-2 residuals, p95j) and ONE water-surface realization over all nodes and days (datum closure, gauge, SWOT wse_u, gap-dependent interpolation error; every term once, through the node heights), the pre-breach baseline rebuilt with the same realization; W_total, A_new and both volumes are quantiles of their OWN ensembles (no shift construction). The 100 000-draw cluster-normal emulator (p95g) is a computational DIAGNOSTIC outside the evidence path (maintainer decision D-EMU, 2026-09-29): it has no connectivity and its W_total is the nominal total plus its new-area deviations; it is reported in T12d only","A_* = NEW inundation (cells allowed by the water surface outside the same-rule pre-breach regime); W_total_* = TOTAL water surface on the day (all cells allowed by the water surface, incl. channels, lakes, reed beds) ; operational 'flooded land' figures (e.g. UNOSAT 3616) exclude pre-existing water and are closer in kind to A_*, but differ in AOI, date and temporal semantics -- context, never validation; wetland submergence is in T13/T14","reported central value = Monte-Carlo MEDIAN (*_p50_*) with the p05-p95 interval of the coherent Monte-Carlo worlds (p95e rev 2); *_central_* = the deterministic nominal run (draw 0, unperturbed inputs), a diagnostic given in brackets; its position relative to the ensemble is attributed to the error components in T11d (maintainer decision 2026-09-28; recomputed 2026-09-29 after the code review); relative half-widths are taken over the Monte-Carlo median, never over the nominal run (text pass 2026-09-29)"
2023-06-21,P42_FLOODPLAIN_DOMAIN,2.2,1.5,3.3,3.6,285.0,266.8,300.5,321.4,0.2,0.1,0.5,0.2,0.73,terrain_reconstructed,423.4,457.4,490.9,294.7,311.0,325.1,1000,5.912280701754384,40.9090909090909,100.0,-38.888888888888886,0.0,0.2,54.0,3.7,337.3,3.0,139.4,63.3,347.5,3.6,320.9,3.7,332.4,9.1,332.6,3.6,321.4,3.6,321.4,3.6,321.4,3.6,320.9,"PRIMARY interval = p05/p50/p95 of the coherent Monte-Carlo worlds of p95e rev 2 (review F01-F05): per draw ONE terrain-error realization over the union mosaic (FABDEM-sourced cells only; class NMAD x a unit-variance field with the nested covariance fitted to the FABDEM - ICESat-2 residuals, p95j) and ONE water-surface realization over all nodes and days (datum closure, gauge, SWOT wse_u, gap-dependent interpolation error; every term once, through the node heights), the pre-breach baseline rebuilt with the same realization; W_total, A_new and both volumes are quantiles of their OWN ensembles (no shift construction). The 100 000-draw cluster-normal emulator (p95g) is a computational DIAGNOSTIC outside the evidence path (maintainer decision D-EMU, 2026-09-29): it has no connectivity and its W_total is the nominal total plus its new-area deviations; it is reported in T12d only","A_* = NEW inundation (cells allowed by the water surface outside the same-rule pre-breach regime); W_total_* = TOTAL water surface on the day (all cells allowed by the water surface, incl. channels, lakes, reed beds) ; operational 'flooded land' figures (e.g. UNOSAT 3616) exclude pre-existing water and are closer in kind to A_*, but differ in AOI, date and temporal semantics -- context, never validation; wetland submergence is in T13/T14","reported central value = Monte-Carlo MEDIAN (*_p50_*) with the p05-p95 interval of the coherent Monte-Carlo worlds (p95e rev 2); *_central_* = the deterministic nominal run (draw 0, unperturbed inputs), a diagnostic given in brackets; its position relative to the ensemble is attributed to the error components in T11d (maintainer decision 2026-09-28; recomputed 2026-09-29 after the code review); relative half-widths are taken over the Monte-Carlo median, never over the nominal run (text pass 2026-09-29)"
2023-06-25,DNIPRO_CORRIDOR,0.1,0.0,1.0,0.0,420.5,389.3,449.6,447.6,0.0,0.0,0.1,0.0,0.55,terrain_reconstructed,809.3,859.8,910.5,486.1,510.2,530.9,1000,7.170035671819264,500.0,inf,inf,,0.0,1.8,0.0,479.4,0.0,237.6,101.4,542.0,0.0,446.1,0.0,472.4,3.1,458.1,0.0,447.6,0.0,447.6,0.0,447.6,0.0,388.2,"PRIMARY interval = p05/p50/p95 of the coherent Monte-Carlo worlds of p95e rev 2 (review F01-F05): per draw ONE terrain-error realization over the union mosaic (FABDEM-sourced cells only; class NMAD x a unit-variance field with the nested covariance fitted to the FABDEM - ICESat-2 residuals, p95j) and ONE water-surface realization over all nodes and days (datum closure, gauge, SWOT wse_u, gap-dependent interpolation error; every term once, through the node heights), the pre-breach baseline rebuilt with the same realization; W_total, A_new and both volumes are quantiles of their OWN ensembles (no shift construction). The 100 000-draw cluster-normal emulator (p95g) is a computational DIAGNOSTIC outside the evidence path (maintainer decision D-EMU, 2026-09-29): it has no connectivity and its W_total is the nominal total plus its new-area deviations; it is reported in T12d only","A_* = NEW inundation (cells allowed by the water surface outside the same-rule pre-breach regime); W_total_* = TOTAL water surface on the day (all cells allowed by the water surface, incl. channels, lakes, reed beds) ; operational 'flooded land' figures (e.g. UNOSAT 3616) exclude pre-existing water and are closer in kind to A_*, but differ in AOI, date and temporal semantics -- context, never validation; wetland submergence is in T13/T14","reported central value = Monte-Carlo MEDIAN (*_p50_*) with the p05-p95 interval of the coherent Monte-Carlo worlds (p95e rev 2); *_central_* = the deterministic nominal run (draw 0, unperturbed inputs), a diagnostic given in brackets; its position relative to the ensemble is attributed to the error components in T11d (maintainer decision 2026-09-28; recomputed 2026-09-29 after the code review); relative half-widths are taken over the Monte-Carlo median, never over the nominal run (text pass 2026-09-29)"
2023-06-25,INHULETS_VALLEY_rect,0.0,0.0,0.0,0.0,15.8,12.5,19.8,20.1,0.0,0.0,0.0,0.0,0.55,terrain_reconstructed,6.3,9.6,13.9,23.1,27.0,29.9,1000,23.10126582278481,,,,,0.0,0.0,0.0,21.3,0.0,8.3,0.9,24.0,0.0,19.1,0.0,20.1,0.4,21.3,0.0,20.1,0.0,20.1,0.0,18.8,0.0,11.0,"PRIMARY interval = p05/p50/p95 of the coherent Monte-Carlo worlds of p95e rev 2 (review F01-F05): per draw ONE terrain-error realization over the union mosaic (FABDEM-sourced cells only; class NMAD x a unit-variance field with the nested covariance fitted to the FABDEM - ICESat-2 residuals, p95j) and ONE water-surface realization over all nodes and days (datum closure, gauge, SWOT wse_u, gap-dependent interpolation error; every term once, through the node heights), the pre-breach baseline rebuilt with the same realization; W_total, A_new and both volumes are quantiles of their OWN ensembles (no shift construction). The 100 000-draw cluster-normal emulator (p95g) is a computational DIAGNOSTIC outside the evidence path (maintainer decision D-EMU, 2026-09-29): it has no connectivity and its W_total is the nominal total plus its new-area deviations; it is reported in T12d only","A_* = NEW inundation (cells allowed by the water surface outside the same-rule pre-breach regime); W_total_* = TOTAL water surface on the day (all cells allowed by the water surface, incl. channels, lakes, reed beds) ; operational 'flooded land' figures (e.g. UNOSAT 3616) exclude pre-existing water and are closer in kind to A_*, but differ in AOI, date and temporal semantics -- context, never validation; wetland submergence is in T13/T14","reported central value = Monte-Carlo MEDIAN (*_p50_*) with the p05-p95 interval of the coherent Monte-Carlo worlds (p95e rev 2); *_central_* = the deterministic nominal run (draw 0, unperturbed inputs), a diagnostic given in brackets; its position relative to the ensemble is attributed to the error components in T11d (maintainer decision 2026-09-28; recomputed 2026-09-29 after the code review); relative half-widths are taken over the Monte-Carlo median, never over the nominal run (text pass 2026-09-29)"
2023-06-25,P42_FLOODPLAIN_DOMAIN,0.1,0.0,0.3,0.0,241.8,218.8,261.6,276.20000000000005,0.0,0.0,0.0,0.0,0.55,terrain_reconstructed,342.3,371.6,401.9,294.7,311.0,325.1,1000,8.850289495450788,149.99999999999997,,inf,,0.0,1.8,0.0,289.70000000000005,0.0,100.0,47.5,327.1,0.0,275.1,0.0,285.2,2.7,284.9,0.0,276.20000000000005,0.0,276.20000000000005,0.0,276.20000000000005,0.0,275.70000000000005,"PRIMARY interval = p05/p50/p95 of the coherent Monte-Carlo worlds of p95e rev 2 (review F01-F05): per draw ONE terrain-error realization over the union mosaic (FABDEM-sourced cells only; class NMAD x a unit-variance field with the nested covariance fitted to the FABDEM - ICESat-2 residuals, p95j) and ONE water-surface realization over all nodes and days (datum closure, gauge, SWOT wse_u, gap-dependent interpolation error; every term once, through the node heights), the pre-breach baseline rebuilt with the same realization; W_total, A_new and both volumes are quantiles of their OWN ensembles (no shift construction). The 100 000-draw cluster-normal emulator (p95g) is a computational DIAGNOSTIC outside the evidence path (maintainer decision D-EMU, 2026-09-29): it has no connectivity and its W_total is the nominal total plus its new-area deviations; it is reported in T12d only","A_* = NEW inundation (cells allowed by the water surface outside the same-rule pre-breach regime); W_total_* = TOTAL water surface on the day (all cells allowed by the water surface, incl. channels, lakes, reed beds) ; operational 'flooded land' figures (e.g. UNOSAT 3616) exclude pre-existing water and are closer in kind to A_*, but differ in AOI, date and temporal semantics -- context, never validation; wetland submergence is in T13/T14","reported central value = Monte-Carlo MEDIAN (*_p50_*) with the p05-p95 interval of the coherent Monte-Carlo worlds (p95e rev 2); *_central_* = the deterministic nominal run (draw 0, unperturbed inputs), a diagnostic given in brackets; its position relative to the ensemble is attributed to the error components in T11d (maintainer decision 2026-09-28; recomputed 2026-09-29 after the code review); relative half-widths are taken over the Monte-Carlo median, never over the nominal run (text pass 2026-09-29)"
2023-06-30,DNIPRO_CORRIDOR,0.1,0.0,2.3,0.1,431.5,401.1,457.3,465.4,0.0,0.0,0.2,0.0,0.52,terrain_reconstructed,831.5,876.8,921.6,486.1,510.2,530.9,1000,6.512166859791424,1149.9999999999998,inf,0.0,,0.0,2.1,0.1,497.7,0.0,239.7,108.7,549.8,0.1,463.4,0.1,490.8,3.0,473.1,0.1,465.4,0.1,465.4,0.1,465.4,0.1,403.3,"PRIMARY interval = p05/p50/p95 of the coherent Monte-Carlo worlds of p95e rev 2 (review F01-F05): per draw ONE terrain-error realization over the union mosaic (FABDEM-sourced cells only; class NMAD x a unit-variance field with the nested covariance fitted to the FABDEM - ICESat-2 residuals, p95j) and ONE water-surface realization over all nodes and days (datum closure, gauge, SWOT wse_u, gap-dependent interpolation error; every term once, through the node heights), the pre-breach baseline rebuilt with the same realization; W_total, A_new and both volumes are quantiles of their OWN ensembles (no shift construction). The 100 000-draw cluster-normal emulator (p95g) is a computational DIAGNOSTIC outside the evidence path (maintainer decision D-EMU, 2026-09-29): it has no connectivity and its W_total is the nominal total plus its new-area deviations; it is reported in T12d only","A_* = NEW inundation (cells allowed by the water surface outside the same-rule pre-breach regime); W_total_* = TOTAL water surface on the day (all cells allowed by the water surface, incl. channels, lakes, reed beds) ; operational 'flooded land' figures (e.g. UNOSAT 3616) exclude pre-existing water and are closer in kind to A_*, but differ in AOI, date and temporal semantics -- context, never validation; wetland submergence is in T13/T14","reported central value = Monte-Carlo MEDIAN (*_p50_*) with the p05-p95 interval of the coherent Monte-Carlo worlds (p95e rev 2); *_central_* = the deterministic nominal run (draw 0, unperturbed inputs), a diagnostic given in brackets; its position relative to the ensemble is attributed to the error components in T11d (maintainer decision 2026-09-28; recomputed 2026-09-29 after the code review); relative half-widths are taken over the Monte-Carlo median, never over the nominal run (text pass 2026-09-29)"
2023-06-30,INHULETS_VALLEY_rect,0.0,0.0,0.0,0.0,16.2,13.2,20.2,20.3,0.0,0.0,0.0,0.0,0.52,terrain_reconstructed,6.8,10.0,14.2,23.1,27.0,29.9,1000,21.60493827160494,,,,,0.0,0.0,0.0,21.6,0.0,8.5,1.2,24.3,0.0,19.3,0.0,20.3,0.4,21.4,0.0,20.3,0.0,20.3,0.0,19.0,0.0,11.0,"PRIMARY interval = p05/p50/p95 of the coherent Monte-Carlo worlds of p95e rev 2 (review F01-F05): per draw ONE terrain-error realization over the union mosaic (FABDEM-sourced cells only; class NMAD x a unit-variance field with the nested covariance fitted to the FABDEM - ICESat-2 residuals, p95j) and ONE water-surface realization over all nodes and days (datum closure, gauge, SWOT wse_u, gap-dependent interpolation error; every term once, through the node heights), the pre-breach baseline rebuilt with the same realization; W_total, A_new and both volumes are quantiles of their OWN ensembles (no shift construction). The 100 000-draw cluster-normal emulator (p95g) is a computational DIAGNOSTIC outside the evidence path (maintainer decision D-EMU, 2026-09-29): it has no connectivity and its W_total is the nominal total plus its new-area deviations; it is reported in T12d only","A_* = NEW inundation (cells allowed by the water surface outside the same-rule pre-breach regime); W_total_* = TOTAL water surface on the day (all cells allowed by the water surface, incl. channels, lakes, reed beds) ; operational 'flooded land' figures (e.g. UNOSAT 3616) exclude pre-existing water and are closer in kind to A_*, but differ in AOI, date and temporal semantics -- context, never validation; wetland submergence is in T13/T14","reported central value = Monte-Carlo MEDIAN (*_p50_*) with the p05-p95 interval of the coherent Monte-Carlo worlds (p95e rev 2); *_central_* = the deterministic nominal run (draw 0, unperturbed inputs), a diagnostic given in brackets; its position relative to the ensemble is attributed to the error components in T11d (maintainer decision 2026-09-28; recomputed 2026-09-29 after the code review); relative half-widths are taken over the Monte-Carlo median, never over the nominal run (text pass 2026-09-29)"
2023-06-30,P42_FLOODPLAIN_DOMAIN,0.1,0.0,0.4,0.0,248.3,226.5,267.9,285.8,0.0,0.0,0.0,0.0,0.52,terrain_reconstructed,349.4,379.6,410.3,294.7,311.0,325.1,1000,8.336689488521944,200.0,,inf,,0.0,2.1,0.0,300.1,0.0,101.0,50.1,330.2,0.0,284.7,0.0,295.9,2.6,292.8,0.0,285.8,0.0,285.8,0.0,285.8,0.0,285.20000000000005,"PRIMARY interval = p05/p50/p95 of the coherent Monte-Carlo worlds of p95e rev 2 (review F01-F05): per draw ONE terrain-error realization over the union mosaic (FABDEM-sourced cells only; class NMAD x a unit-variance field with the nested covariance fitted to the FABDEM - ICESat-2 residuals, p95j) and ONE water-surface realization over all nodes and days (datum closure, gauge, SWOT wse_u, gap-dependent interpolation error; every term once, through the node heights), the pre-breach baseline rebuilt with the same realization; W_total, A_new and both volumes are quantiles of their OWN ensembles (no shift construction). The 100 000-draw cluster-normal emulator (p95g) is a computational DIAGNOSTIC outside the evidence path (maintainer decision D-EMU, 2026-09-29): it has no connectivity and its W_total is the nominal total plus its new-area deviations; it is reported in T12d only","A_* = NEW inundation (cells allowed by the water surface outside the same-rule pre-breach regime); W_total_* = TOTAL water surface on the day (all cells allowed by the water surface, incl. channels, lakes, reed beds) ; operational 'flooded land' figures (e.g. UNOSAT 3616) exclude pre-existing water and are closer in kind to A_*, but differ in AOI, date and temporal semantics -- context, never validation; wetland submergence is in T13/T14","reported central value = Monte-Carlo MEDIAN (*_p50_*) with the p05-p95 interval of the coherent Monte-Carlo worlds (p95e rev 2); *_central_* = the deterministic nominal run (draw 0, unperturbed inputs), a diagnostic given in brackets; its position relative to the ensemble is attributed to the error components in T11d (maintainer decision 2026-09-28; recomputed 2026-09-29 after the code review); relative half-widths are taken over the Monte-Carlo median, never over the nominal run (text pass 2026-09-29)"
