variant,date,region,s1_new_km2,hand_new_km2,hit_km2,miss_km2,miss_on_normally_wet_km2,hand_only_km2,POD,FAR,CSI,POD_cond_outside_normally_wet,observation_domain,POD_cond_note,footprint_km2,coverage_of_observable_domain,CSI_chance,heidke_skill,passport_note
connected_ceiling,2023-06-01,DNIPRO_CORRIDOR,0.0,0.0,0.0,0.0,0.0,0.0,0.0,0.0,0.0,0.0,"S1 valid footprint of the date, owned zone area, outside the p42 cut rectangles (Inhulets rows: inside the Inhulets rectangle)","conditional POD outside the normally-wet class (POD | observable dry-background domain): a diagnostic conditional agreement, NOT a corrected POD; the class was fixed a priori (same-rule pre-breach potential) before any comparison was read",2743.7,1.0,,,"footprint_km2 and coverage from the p94 S1 footprint of the same date and region (observable domain of p94, close to but not identical with the T13 domain); CSI_chance = CSI of the two areas placed independently in the footprint; heidke_skill = Heidke skill score of the 2x2 table"
connected_ceiling,2023-06-01,INHULETS_VALLEY_rect,0.0,0.0,0.0,0.0,0.0,0.0,0.0,0.0,0.0,0.0,"S1 valid footprint of the date, owned zone area, outside the p42 cut rectangles (Inhulets rows: inside the Inhulets rectangle)","conditional POD outside the normally-wet class (POD | observable dry-background domain): a diagnostic conditional agreement, NOT a corrected POD; the class was fixed a priori (same-rule pre-breach potential) before any comparison was read",565.8,1.0,,,"footprint_km2 and coverage from the p94 S1 footprint of the same date and region (observable domain of p94, close to but not identical with the T13 domain); CSI_chance = CSI of the two areas placed independently in the footprint; heidke_skill = Heidke skill score of the 2x2 table"
connected_ceiling,2023-06-01,P42_FLOODPLAIN_DOMAIN,0.0,0.0,0.0,0.0,0.0,0.0,0.0,0.0,0.0,0.0,"S1 valid footprint of the date, owned zone area, outside the p42 cut rectangles (Inhulets rows: inside the Inhulets rectangle)","conditional POD outside the normally-wet class (POD | observable dry-background domain): a diagnostic conditional agreement, NOT a corrected POD; the class was fixed a priori (same-rule pre-breach potential) before any comparison was read",538.5,1.0,,,"footprint_km2 and coverage from the p94 S1 footprint of the same date and region (observable domain of p94, close to but not identical with the T13 domain); CSI_chance = CSI of the two areas placed independently in the footprint; heidke_skill = Heidke skill score of the 2x2 table"
connected_ceiling,2023-06-02,DNIPRO_CORRIDOR,0.0,0.0,0.0,0.0,0.0,0.0,0.0,0.0,0.0,0.0,"S1 valid footprint of the date, owned zone area, outside the p42 cut rectangles (Inhulets rows: inside the Inhulets rectangle)","conditional POD outside the normally-wet class (POD | observable dry-background domain): a diagnostic conditional agreement, NOT a corrected POD; the class was fixed a priori (same-rule pre-breach potential) before any comparison was read",2608.1,0.951,,,"footprint_km2 and coverage from the p94 S1 footprint of the same date and region (observable domain of p94, close to but not identical with the T13 domain); CSI_chance = CSI of the two areas placed independently in the footprint; heidke_skill = Heidke skill score of the 2x2 table"
connected_ceiling,2023-06-02,INHULETS_VALLEY_rect,0.0,0.0,0.0,0.0,0.0,0.0,0.0,0.0,0.0,0.0,"S1 valid footprint of the date, owned zone area, outside the p42 cut rectangles (Inhulets rows: inside the Inhulets rectangle)","conditional POD outside the normally-wet class (POD | observable dry-background domain): a diagnostic conditional agreement, NOT a corrected POD; the class was fixed a priori (same-rule pre-breach potential) before any comparison was read",565.8,1.0,,,"footprint_km2 and coverage from the p94 S1 footprint of the same date and region (observable domain of p94, close to but not identical with the T13 domain); CSI_chance = CSI of the two areas placed independently in the footprint; heidke_skill = Heidke skill score of the 2x2 table"
connected_ceiling,2023-06-02,P42_FLOODPLAIN_DOMAIN,0.0,0.0,0.0,0.0,0.0,0.0,0.0,0.0,0.0,0.0,"S1 valid footprint of the date, owned zone area, outside the p42 cut rectangles (Inhulets rows: inside the Inhulets rectangle)","conditional POD outside the normally-wet class (POD | observable dry-background domain): a diagnostic conditional agreement, NOT a corrected POD; the class was fixed a priori (same-rule pre-breach potential) before any comparison was read",538.5,1.0,,,"footprint_km2 and coverage from the p94 S1 footprint of the same date and region (observable domain of p94, close to but not identical with the T13 domain); CSI_chance = CSI of the two areas placed independently in the footprint; heidke_skill = Heidke skill score of the 2x2 table"
connected_ceiling,2023-06-06,DNIPRO_CORRIDOR,30.3,99.2,0.9,29.4,7.300000000000001,98.2,0.03,0.991,0.007,0.039,"S1 valid footprint of the date, owned zone area, outside the p42 cut rectangles (Inhulets rows: inside the Inhulets rectangle)","conditional POD outside the normally-wet class (POD | observable dry-background domain): a diagnostic conditional agreement, NOT a corrected POD; the class was fixed a priori (same-rule pre-breach potential) before any comparison was read",1697.4,0.619,0.014,-0.013,"footprint_km2 and coverage from the p94 S1 footprint of the same date and region (observable domain of p94, close to but not identical with the T13 domain); CSI_chance = CSI of the two areas placed independently in the footprint; heidke_skill = Heidke skill score of the 2x2 table"
connected_ceiling,2023-06-06,INHULETS_VALLEY_rect,4.7,12.3,0.1,4.5,0.3,12.2,0.022,0.992,0.006,0.023,"S1 valid footprint of the date, owned zone area, outside the p42 cut rectangles (Inhulets rows: inside the Inhulets rectangle)","conditional POD outside the normally-wet class (POD | observable dry-background domain): a diagnostic conditional agreement, NOT a corrected POD; the class was fixed a priori (same-rule pre-breach potential) before any comparison was read",468.9,0.829,0.007,0.003,"footprint_km2 and coverage from the p94 S1 footprint of the same date and region (observable domain of p94, close to but not identical with the T13 domain); CSI_chance = CSI of the two areas placed independently in the footprint; heidke_skill = Heidke skill score of the 2x2 table"
connected_ceiling,2023-06-06,P42_FLOODPLAIN_DOMAIN,8.5,79.4,0.9,7.5,7.1,78.5,0.107,0.989,0.01,0.692,"S1 valid footprint of the date, owned zone area, outside the p42 cut rectangles (Inhulets rows: inside the Inhulets rectangle)","conditional POD outside the normally-wet class (POD | observable dry-background domain): a diagnostic conditional agreement, NOT a corrected POD; the class was fixed a priori (same-rule pre-breach potential) before any comparison was read",335.7,0.623,0.023,-0.025,"footprint_km2 and coverage from the p94 S1 footprint of the same date and region (observable domain of p94, close to but not identical with the T13 domain); CSI_chance = CSI of the two areas placed independently in the footprint; heidke_skill = Heidke skill score of the 2x2 table"
connected_ceiling,2023-06-09,DNIPRO_CORRIDOR,319.4,170.8,58.9,260.5,169.5,111.9,0.184,0.655,0.137,0.393,"S1 valid footprint of the date, owned zone area, outside the p42 cut rectangles (Inhulets rows: inside the Inhulets rectangle)","conditional POD outside the normally-wet class (POD | observable dry-background domain): a diagnostic conditional agreement, NOT a corrected POD; the class was fixed a priori (same-rule pre-breach potential) before any comparison was read",2574.8,0.938,0.045,0.168,"footprint_km2 and coverage from the p94 S1 footprint of the same date and region (observable domain of p94, close to but not identical with the T13 domain); CSI_chance = CSI of the two areas placed independently in the footprint; heidke_skill = Heidke skill score of the 2x2 table"
connected_ceiling,2023-06-09,INHULETS_VALLEY_rect,36.2,19.4,12.4,23.8,15.8,7.0,0.343,0.361,0.287,0.608,"S1 valid footprint of the date, owned zone area, outside the p42 cut rectangles (Inhulets rows: inside the Inhulets rectangle)","conditional POD outside the normally-wet class (POD | observable dry-background domain): a diagnostic conditional agreement, NOT a corrected POD; the class was fixed a priori (same-rule pre-breach potential) before any comparison was read",565.8,1.0,0.023,0.42,"footprint_km2 and coverage from the p94 S1 footprint of the same date and region (observable domain of p94, close to but not identical with the T13 domain); CSI_chance = CSI of the two areas placed independently in the footprint; heidke_skill = Heidke skill score of the 2x2 table"
connected_ceiling,2023-06-09,P42_FLOODPLAIN_DOMAIN,201.2,124.4,51.8,149.39999999999998,146.39999999999998,72.6,0.257,0.584,0.189,0.945,"S1 valid footprint of the date, owned zone area, outside the p42 cut rectangles (Inhulets rows: inside the Inhulets rectangle)","conditional POD outside the normally-wet class (POD | observable dry-background domain): a diagnostic conditional agreement, NOT a corrected POD; the class was fixed a priori (same-rule pre-breach potential) before any comparison was read",533.4,0.991,0.168,0.042,"footprint_km2 and coverage from the p94 S1 footprint of the same date and region (observable domain of p94, close to but not identical with the T13 domain); CSI_chance = CSI of the two areas placed independently in the footprint; heidke_skill = Heidke skill score of the 2x2 table"
connected_ceiling,2023-06-13,DNIPRO_CORRIDOR,164.89999999999998,111.7,24.6,140.3,128.6,87.1,0.149,0.78,0.098,0.678,"S1 valid footprint of the date, owned zone area, outside the p42 cut rectangles (Inhulets rows: inside the Inhulets rectangle)","conditional POD outside the normally-wet class (POD | observable dry-background domain): a diagnostic conditional agreement, NOT a corrected POD; the class was fixed a priori (same-rule pre-breach potential) before any comparison was read",2743.7,1.0,0.025,0.136,"footprint_km2 and coverage from the p94 S1 footprint of the same date and region (observable domain of p94, close to but not identical with the T13 domain); CSI_chance = CSI of the two areas placed independently in the footprint; heidke_skill = Heidke skill score of the 2x2 table"
connected_ceiling,2023-06-13,INHULETS_VALLEY_rect,27.0,14.7,10.3,16.7,16.3,4.5,0.381,0.304,0.327,0.963,"S1 valid footprint of the date, owned zone area, outside the p42 cut rectangles (Inhulets rows: inside the Inhulets rectangle)","conditional POD outside the normally-wet class (POD | observable dry-background domain): a diagnostic conditional agreement, NOT a corrected POD; the class was fixed a priori (same-rule pre-breach potential) before any comparison was read",565.8,1.0,0.017,0.474,"footprint_km2 and coverage from the p94 S1 footprint of the same date and region (observable domain of p94, close to but not identical with the T13 domain); CSI_chance = CSI of the two areas placed independently in the footprint; heidke_skill = Heidke skill score of the 2x2 table"
connected_ceiling,2023-06-13,P42_FLOODPLAIN_DOMAIN,147.3,91.2,23.700000000000003,123.6,121.1,67.5,0.161,0.74,0.11,0.905,"S1 valid footprint of the date, owned zone area, outside the p42 cut rectangles (Inhulets rows: inside the Inhulets rectangle)","conditional POD outside the normally-wet class (POD | observable dry-background domain): a diagnostic conditional agreement, NOT a corrected POD; the class was fixed a priori (same-rule pre-breach potential) before any comparison was read",538.5,1.0,0.117,-0.013,"footprint_km2 and coverage from the p94 S1 footprint of the same date and region (observable domain of p94, close to but not identical with the T13 domain); CSI_chance = CSI of the two areas placed independently in the footprint; heidke_skill = Heidke skill score of the 2x2 table"
connected_ceiling,2023-06-14,DNIPRO_CORRIDOR,99.3,89.7,12.1,87.2,63.6,77.80000000000001,0.122,0.865,0.068,0.339,"S1 valid footprint of the date, owned zone area, outside the p42 cut rectangles (Inhulets rows: inside the Inhulets rectangle)","conditional POD outside the normally-wet class (POD | observable dry-background domain): a diagnostic conditional agreement, NOT a corrected POD; the class was fixed a priori (same-rule pre-breach potential) before any comparison was read",2608.8,0.951,0.018,0.094,"footprint_km2 and coverage from the p94 S1 footprint of the same date and region (observable domain of p94, close to but not identical with the T13 domain); CSI_chance = CSI of the two areas placed independently in the footprint; heidke_skill = Heidke skill score of the 2x2 table"
connected_ceiling,2023-06-14,INHULETS_VALLEY_rect,25.4,13.7,8.8,16.7,15.8,4.9,0.345,0.358,0.289,0.907,"S1 valid footprint of the date, owned zone area, outside the p42 cut rectangles (Inhulets rows: inside the Inhulets rectangle)","conditional POD outside the normally-wet class (POD | observable dry-background domain): a diagnostic conditional agreement, NOT a corrected POD; the class was fixed a priori (same-rule pre-breach potential) before any comparison was read",565.8,1.0,0.016,0.43,"footprint_km2 and coverage from the p94 S1 footprint of the same date and region (observable domain of p94, close to but not identical with the T13 domain); CSI_chance = CSI of the two areas placed independently in the footprint; heidke_skill = Heidke skill score of the 2x2 table"
connected_ceiling,2023-06-14,P42_FLOODPLAIN_DOMAIN,74.0,76.30000000000001,11.8,62.2,58.900000000000006,64.5,0.159,0.845,0.085,0.781,"S1 valid footprint of the date, owned zone area, outside the p42 cut rectangles (Inhulets rows: inside the Inhulets rectangle)","conditional POD outside the normally-wet class (POD | observable dry-background domain): a diagnostic conditional agreement, NOT a corrected POD; the class was fixed a priori (same-rule pre-breach potential) before any comparison was read",538.5,1.0,0.075,0.02,"footprint_km2 and coverage from the p94 S1 footprint of the same date and region (observable domain of p94, close to but not identical with the T13 domain); CSI_chance = CSI of the two areas placed independently in the footprint; heidke_skill = Heidke skill score of the 2x2 table"
connected_ceiling,2023-06-18,DNIPRO_CORRIDOR,53.6,27.9,0.2,53.400000000000006,4.199999999999999,27.6,0.004,0.993,0.002,0.004,"S1 valid footprint of the date, owned zone area, outside the p42 cut rectangles (Inhulets rows: inside the Inhulets rectangle)","conditional POD outside the normally-wet class (POD | observable dry-background domain): a diagnostic conditional agreement, NOT a corrected POD; the class was fixed a priori (same-rule pre-breach potential) before any comparison was read",1694.5,0.618,0.011,-0.016,"footprint_km2 and coverage from the p94 S1 footprint of the same date and region (observable domain of p94, close to but not identical with the T13 domain); CSI_chance = CSI of the two areas placed independently in the footprint; heidke_skill = Heidke skill score of the 2x2 table"
connected_ceiling,2023-06-18,INHULETS_VALLEY_rect,18.1,7.8,2.9,15.2,6.3,4.9,0.16,0.628,0.126,0.246,"S1 valid footprint of the date, owned zone area, outside the p42 cut rectangles (Inhulets rows: inside the Inhulets rectangle)","conditional POD outside the normally-wet class (POD | observable dry-background domain): a diagnostic conditional agreement, NOT a corrected POD; the class was fixed a priori (same-rule pre-breach potential) before any comparison was read",465.3,0.822,0.012,0.205,"footprint_km2 and coverage from the p94 S1 footprint of the same date and region (observable domain of p94, close to but not identical with the T13 domain); CSI_chance = CSI of the two areas placed independently in the footprint; heidke_skill = Heidke skill score of the 2x2 table"
connected_ceiling,2023-06-18,P42_FLOODPLAIN_DOMAIN,9.9,24.6,0.2,9.8,3.8,24.3,0.02,0.992,0.006,0.032,"S1 valid footprint of the date, owned zone area, outside the p42 cut rectangles (Inhulets rows: inside the Inhulets rectangle)","conditional POD outside the normally-wet class (POD | observable dry-background domain): a diagnostic conditional agreement, NOT a corrected POD; the class was fixed a priori (same-rule pre-breach potential) before any comparison was read",334.8,0.622,0.022,-0.032,"footprint_km2 and coverage from the p94 S1 footprint of the same date and region (observable domain of p94, close to but not identical with the T13 domain); CSI_chance = CSI of the two areas placed independently in the footprint; heidke_skill = Heidke skill score of the 2x2 table"
connected_ceiling,2023-06-21,DNIPRO_CORRIDOR,186.3,4.0,0.1,186.3,10.0,4.0,0.001,0.976,0.001,0.001,"S1 valid footprint of the date, owned zone area, outside the p42 cut rectangles (Inhulets rows: inside the Inhulets rectangle)","conditional POD outside the normally-wet class (POD | observable dry-background domain): a diagnostic conditional agreement, NOT a corrected POD; the class was fixed a priori (same-rule pre-breach potential) before any comparison was read",2570.9,0.937,0.002,-0.003,"footprint_km2 and coverage from the p94 S1 footprint of the same date and region (observable domain of p94, close to but not identical with the T13 domain); CSI_chance = CSI of the two areas placed independently in the footprint; heidke_skill = Heidke skill score of the 2x2 table"
connected_ceiling,2023-06-21,INHULETS_VALLEY_rect,32.6,0.0,0.0,32.6,1.0,0.0,0.0,0.0,0.0,0.0,"S1 valid footprint of the date, owned zone area, outside the p42 cut rectangles (Inhulets rows: inside the Inhulets rectangle)","conditional POD outside the normally-wet class (POD | observable dry-background domain): a diagnostic conditional agreement, NOT a corrected POD; the class was fixed a priori (same-rule pre-breach potential) before any comparison was read",565.8,1.0,0.0,0.0,"footprint_km2 and coverage from the p94 S1 footprint of the same date and region (observable domain of p94, close to but not identical with the T13 domain); CSI_chance = CSI of the two areas placed independently in the footprint; heidke_skill = Heidke skill score of the 2x2 table"
connected_ceiling,2023-06-21,P42_FLOODPLAIN_DOMAIN,22.6,3.6,0.1,22.5,9.4,3.5,0.004,0.972,0.004,0.008,"S1 valid footprint of the date, owned zone area, outside the p42 cut rectangles (Inhulets rows: inside the Inhulets rectangle)","conditional POD outside the normally-wet class (POD | observable dry-background domain): a diagnostic conditional agreement, NOT a corrected POD; the class was fixed a priori (same-rule pre-breach potential) before any comparison was read",533.4,0.991,0.006,-0.004,"footprint_km2 and coverage from the p94 S1 footprint of the same date and region (observable domain of p94, close to but not identical with the T13 domain); CSI_chance = CSI of the two areas placed independently in the footprint; heidke_skill = Heidke skill score of the 2x2 table"
connected_ceiling,2023-06-25,DNIPRO_CORRIDOR,112.7,0.0,0.0,112.7,7.1,0.0,0.0,0.0,0.0,0.0,"S1 valid footprint of the date, owned zone area, outside the p42 cut rectangles (Inhulets rows: inside the Inhulets rectangle)","conditional POD outside the normally-wet class (POD | observable dry-background domain): a diagnostic conditional agreement, NOT a corrected POD; the class was fixed a priori (same-rule pre-breach potential) before any comparison was read",2743.7,1.0,0.0,0.0,"footprint_km2 and coverage from the p94 S1 footprint of the same date and region (observable domain of p94, close to but not identical with the T13 domain); CSI_chance = CSI of the two areas placed independently in the footprint; heidke_skill = Heidke skill score of the 2x2 table"
connected_ceiling,2023-06-25,INHULETS_VALLEY_rect,25.9,0.0,0.0,25.9,0.8,0.0,0.0,0.0,0.0,0.0,"S1 valid footprint of the date, owned zone area, outside the p42 cut rectangles (Inhulets rows: inside the Inhulets rectangle)","conditional POD outside the normally-wet class (POD | observable dry-background domain): a diagnostic conditional agreement, NOT a corrected POD; the class was fixed a priori (same-rule pre-breach potential) before any comparison was read",565.8,1.0,0.0,0.0,"footprint_km2 and coverage from the p94 S1 footprint of the same date and region (observable domain of p94, close to but not identical with the T13 domain); CSI_chance = CSI of the two areas placed independently in the footprint; heidke_skill = Heidke skill score of the 2x2 table"
connected_ceiling,2023-06-25,P42_FLOODPLAIN_DOMAIN,19.2,0.0,0.0,19.2,6.6,0.0,0.0,0.0,0.0,0.0,"S1 valid footprint of the date, owned zone area, outside the p42 cut rectangles (Inhulets rows: inside the Inhulets rectangle)","conditional POD outside the normally-wet class (POD | observable dry-background domain): a diagnostic conditional agreement, NOT a corrected POD; the class was fixed a priori (same-rule pre-breach potential) before any comparison was read",538.5,1.0,0.0,-0.0,"footprint_km2 and coverage from the p94 S1 footprint of the same date and region (observable domain of p94, close to but not identical with the T13 domain); CSI_chance = CSI of the two areas placed independently in the footprint; heidke_skill = Heidke skill score of the 2x2 table"
connected_ceiling,2023-06-26,DNIPRO_CORRIDOR,23.3,0.0,0.0,23.3,7.4,0.0,0.0,0.0,0.0,0.0,"S1 valid footprint of the date, owned zone area, outside the p42 cut rectangles (Inhulets rows: inside the Inhulets rectangle)","conditional POD outside the normally-wet class (POD | observable dry-background domain): a diagnostic conditional agreement, NOT a corrected POD; the class was fixed a priori (same-rule pre-breach potential) before any comparison was read",2612.2,0.952,0.0,0.0,"footprint_km2 and coverage from the p94 S1 footprint of the same date and region (observable domain of p94, close to but not identical with the T13 domain); CSI_chance = CSI of the two areas placed independently in the footprint; heidke_skill = Heidke skill score of the 2x2 table"
connected_ceiling,2023-06-26,INHULETS_VALLEY_rect,23.3,0.0,0.0,23.3,0.5,0.0,0.0,0.0,0.0,0.0,"S1 valid footprint of the date, owned zone area, outside the p42 cut rectangles (Inhulets rows: inside the Inhulets rectangle)","conditional POD outside the normally-wet class (POD | observable dry-background domain): a diagnostic conditional agreement, NOT a corrected POD; the class was fixed a priori (same-rule pre-breach potential) before any comparison was read",565.8,1.0,0.0,0.0,"footprint_km2 and coverage from the p94 S1 footprint of the same date and region (observable domain of p94, close to but not identical with the T13 domain); CSI_chance = CSI of the two areas placed independently in the footprint; heidke_skill = Heidke skill score of the 2x2 table"
connected_ceiling,2023-06-26,P42_FLOODPLAIN_DOMAIN,14.9,0.0,0.0,14.9,7.0,0.0,0.0,0.0,0.0,0.0,"S1 valid footprint of the date, owned zone area, outside the p42 cut rectangles (Inhulets rows: inside the Inhulets rectangle)","conditional POD outside the normally-wet class (POD | observable dry-background domain): a diagnostic conditional agreement, NOT a corrected POD; the class was fixed a priori (same-rule pre-breach potential) before any comparison was read",538.5,1.0,0.0,0.0,"footprint_km2 and coverage from the p94 S1 footprint of the same date and region (observable domain of p94, close to but not identical with the T13 domain); CSI_chance = CSI of the two areas placed independently in the footprint; heidke_skill = Heidke skill score of the 2x2 table"
connected_ceiling,2023-06-30,DNIPRO_CORRIDOR,64.2,0.1,0.0,64.2,6.9,0.1,0.0,1.0,0.0,0.0,"S1 valid footprint of the date, owned zone area, outside the p42 cut rectangles (Inhulets rows: inside the Inhulets rectangle)","conditional POD outside the normally-wet class (POD | observable dry-background domain): a diagnostic conditional agreement, NOT a corrected POD; the class was fixed a priori (same-rule pre-breach potential) before any comparison was read",1698.5,0.619,0.0,-0.0,"footprint_km2 and coverage from the p94 S1 footprint of the same date and region (observable domain of p94, close to but not identical with the T13 domain); CSI_chance = CSI of the two areas placed independently in the footprint; heidke_skill = Heidke skill score of the 2x2 table"
connected_ceiling,2023-06-30,INHULETS_VALLEY_rect,57.9,0.0,0.0,57.9,3.2,0.0,0.0,0.0,0.0,0.0,"S1 valid footprint of the date, owned zone area, outside the p42 cut rectangles (Inhulets rows: inside the Inhulets rectangle)","conditional POD outside the normally-wet class (POD | observable dry-background domain): a diagnostic conditional agreement, NOT a corrected POD; the class was fixed a priori (same-rule pre-breach potential) before any comparison was read",470.1,0.831,0.0,-0.0,"footprint_km2 and coverage from the p94 S1 footprint of the same date and region (observable domain of p94, close to but not identical with the T13 domain); CSI_chance = CSI of the two areas placed independently in the footprint; heidke_skill = Heidke skill score of the 2x2 table"
connected_ceiling,2023-06-30,P42_FLOODPLAIN_DOMAIN,13.5,0.0,0.0,13.5,5.1,0.0,0.0,0.0,0.0,0.0,"S1 valid footprint of the date, owned zone area, outside the p42 cut rectangles (Inhulets rows: inside the Inhulets rectangle)","conditional POD outside the normally-wet class (POD | observable dry-background domain): a diagnostic conditional agreement, NOT a corrected POD; the class was fixed a priori (same-rule pre-breach potential) before any comparison was read",336.0,0.624,0.0,0.0,"footprint_km2 and coverage from the p94 S1 footprint of the same date and region (observable domain of p94, close to but not identical with the T13 domain); CSI_chance = CSI of the two areas placed independently in the footprint; heidke_skill = Heidke skill score of the 2x2 table"
hand_and_ceiling,2023-06-01,DNIPRO_CORRIDOR,0.0,0.0,0.0,0.0,0.0,0.0,0.0,0.0,0.0,0.0,"S1 valid footprint of the date, owned zone area, outside the p42 cut rectangles (Inhulets rows: inside the Inhulets rectangle)","conditional POD outside the normally-wet class (POD | observable dry-background domain): a diagnostic conditional agreement, NOT a corrected POD; the class was fixed a priori (same-rule pre-breach potential) before any comparison was read",2743.7,1.0,,,"footprint_km2 and coverage from the p94 S1 footprint of the same date and region (observable domain of p94, close to but not identical with the T13 domain); CSI_chance = CSI of the two areas placed independently in the footprint; heidke_skill = Heidke skill score of the 2x2 table"
hand_and_ceiling,2023-06-01,INHULETS_VALLEY_rect,0.0,0.0,0.0,0.0,0.0,0.0,0.0,0.0,0.0,0.0,"S1 valid footprint of the date, owned zone area, outside the p42 cut rectangles (Inhulets rows: inside the Inhulets rectangle)","conditional POD outside the normally-wet class (POD | observable dry-background domain): a diagnostic conditional agreement, NOT a corrected POD; the class was fixed a priori (same-rule pre-breach potential) before any comparison was read",565.8,1.0,,,"footprint_km2 and coverage from the p94 S1 footprint of the same date and region (observable domain of p94, close to but not identical with the T13 domain); CSI_chance = CSI of the two areas placed independently in the footprint; heidke_skill = Heidke skill score of the 2x2 table"
hand_and_ceiling,2023-06-01,P42_FLOODPLAIN_DOMAIN,0.0,0.0,0.0,0.0,0.0,0.0,0.0,0.0,0.0,0.0,"S1 valid footprint of the date, owned zone area, outside the p42 cut rectangles (Inhulets rows: inside the Inhulets rectangle)","conditional POD outside the normally-wet class (POD | observable dry-background domain): a diagnostic conditional agreement, NOT a corrected POD; the class was fixed a priori (same-rule pre-breach potential) before any comparison was read",538.5,1.0,,,"footprint_km2 and coverage from the p94 S1 footprint of the same date and region (observable domain of p94, close to but not identical with the T13 domain); CSI_chance = CSI of the two areas placed independently in the footprint; heidke_skill = Heidke skill score of the 2x2 table"
hand_and_ceiling,2023-06-02,DNIPRO_CORRIDOR,0.0,0.0,0.0,0.0,0.0,0.0,0.0,0.0,0.0,0.0,"S1 valid footprint of the date, owned zone area, outside the p42 cut rectangles (Inhulets rows: inside the Inhulets rectangle)","conditional POD outside the normally-wet class (POD | observable dry-background domain): a diagnostic conditional agreement, NOT a corrected POD; the class was fixed a priori (same-rule pre-breach potential) before any comparison was read",2608.1,0.951,,,"footprint_km2 and coverage from the p94 S1 footprint of the same date and region (observable domain of p94, close to but not identical with the T13 domain); CSI_chance = CSI of the two areas placed independently in the footprint; heidke_skill = Heidke skill score of the 2x2 table"
hand_and_ceiling,2023-06-02,INHULETS_VALLEY_rect,0.0,0.0,0.0,0.0,0.0,0.0,0.0,0.0,0.0,0.0,"S1 valid footprint of the date, owned zone area, outside the p42 cut rectangles (Inhulets rows: inside the Inhulets rectangle)","conditional POD outside the normally-wet class (POD | observable dry-background domain): a diagnostic conditional agreement, NOT a corrected POD; the class was fixed a priori (same-rule pre-breach potential) before any comparison was read",565.8,1.0,,,"footprint_km2 and coverage from the p94 S1 footprint of the same date and region (observable domain of p94, close to but not identical with the T13 domain); CSI_chance = CSI of the two areas placed independently in the footprint; heidke_skill = Heidke skill score of the 2x2 table"
hand_and_ceiling,2023-06-02,P42_FLOODPLAIN_DOMAIN,0.0,0.0,0.0,0.0,0.0,0.0,0.0,0.0,0.0,0.0,"S1 valid footprint of the date, owned zone area, outside the p42 cut rectangles (Inhulets rows: inside the Inhulets rectangle)","conditional POD outside the normally-wet class (POD | observable dry-background domain): a diagnostic conditional agreement, NOT a corrected POD; the class was fixed a priori (same-rule pre-breach potential) before any comparison was read",538.5,1.0,,,"footprint_km2 and coverage from the p94 S1 footprint of the same date and region (observable domain of p94, close to but not identical with the T13 domain); CSI_chance = CSI of the two areas placed independently in the footprint; heidke_skill = Heidke skill score of the 2x2 table"
hand_and_ceiling,2023-06-06,DNIPRO_CORRIDOR,30.3,128.8,6.199999999999999,24.1,0.7,122.6,0.205,0.952,0.041,0.209,"S1 valid footprint of the date, owned zone area, outside the p42 cut rectangles (Inhulets rows: inside the Inhulets rectangle)","conditional POD outside the normally-wet class (POD | observable dry-background domain): a diagnostic conditional agreement, NOT a corrected POD; the class was fixed a priori (same-rule pre-breach potential) before any comparison was read",1697.4,0.619,0.015,0.05,"footprint_km2 and coverage from the p94 S1 footprint of the same date and region (observable domain of p94, close to but not identical with the T13 domain); CSI_chance = CSI of the two areas placed independently in the footprint; heidke_skill = Heidke skill score of the 2x2 table"
hand_and_ceiling,2023-06-06,INHULETS_VALLEY_rect,4.7,0.0,0.0,4.7,0.0,0.0,0.0,0.0,0.0,0.0,"S1 valid footprint of the date, owned zone area, outside the p42 cut rectangles (Inhulets rows: inside the Inhulets rectangle)","conditional POD outside the normally-wet class (POD | observable dry-background domain): a diagnostic conditional agreement, NOT a corrected POD; the class was fixed a priori (same-rule pre-breach potential) before any comparison was read",468.9,0.829,0.0,0.0,"footprint_km2 and coverage from the p94 S1 footprint of the same date and region (observable domain of p94, close to but not identical with the T13 domain); CSI_chance = CSI of the two areas placed independently in the footprint; heidke_skill = Heidke skill score of the 2x2 table"
hand_and_ceiling,2023-06-06,P42_FLOODPLAIN_DOMAIN,8.5,128.0,6.199999999999999,2.3,0.7,121.8,0.729,0.952,0.048,0.795,"S1 valid footprint of the date, owned zone area, outside the p42 cut rectangles (Inhulets rows: inside the Inhulets rectangle)","conditional POD outside the normally-wet class (POD | observable dry-background domain): a diagnostic conditional agreement, NOT a corrected POD; the class was fixed a priori (same-rule pre-breach potential) before any comparison was read",335.7,0.623,0.024,0.046,"footprint_km2 and coverage from the p94 S1 footprint of the same date and region (observable domain of p94, close to but not identical with the T13 domain); CSI_chance = CSI of the two areas placed independently in the footprint; heidke_skill = Heidke skill score of the 2x2 table"
hand_and_ceiling,2023-06-09,DNIPRO_CORRIDOR,319.4,233.9,102.8,216.6,16.1,131.1,0.322,0.56,0.228,0.339,"S1 valid footprint of the date, owned zone area, outside the p42 cut rectangles (Inhulets rows: inside the Inhulets rectangle)","conditional POD outside the normally-wet class (POD | observable dry-background domain): a diagnostic conditional agreement, NOT a corrected POD; the class was fixed a priori (same-rule pre-breach potential) before any comparison was read",2574.8,0.938,0.055,0.298,"footprint_km2 and coverage from the p94 S1 footprint of the same date and region (observable domain of p94, close to but not identical with the T13 domain); CSI_chance = CSI of the two areas placed independently in the footprint; heidke_skill = Heidke skill score of the 2x2 table"
hand_and_ceiling,2023-06-09,INHULETS_VALLEY_rect,36.2,0.9,0.6,35.6,0.0,0.3,0.017,0.333,0.016,0.017,"S1 valid footprint of the date, owned zone area, outside the p42 cut rectangles (Inhulets rows: inside the Inhulets rectangle)","conditional POD outside the normally-wet class (POD | observable dry-background domain): a diagnostic conditional agreement, NOT a corrected POD; the class was fixed a priori (same-rule pre-breach potential) before any comparison was read",565.8,1.0,0.002,0.029,"footprint_km2 and coverage from the p94 S1 footprint of the same date and region (observable domain of p94, close to but not identical with the T13 domain); CSI_chance = CSI of the two areas placed independently in the footprint; heidke_skill = Heidke skill score of the 2x2 table"
hand_and_ceiling,2023-06-09,P42_FLOODPLAIN_DOMAIN,201.2,232.3,102.4,98.9,16.1,130.0,0.509,0.559,0.309,0.553,"S1 valid footprint of the date, owned zone area, outside the p42 cut rectangles (Inhulets rows: inside the Inhulets rectangle)","conditional POD outside the normally-wet class (POD | observable dry-background domain): a diagnostic conditional agreement, NOT a corrected POD; the class was fixed a priori (same-rule pre-breach potential) before any comparison was read",533.4,0.991,0.253,0.114,"footprint_km2 and coverage from the p94 S1 footprint of the same date and region (observable domain of p94, close to but not identical with the T13 domain); CSI_chance = CSI of the two areas placed independently in the footprint; heidke_skill = Heidke skill score of the 2x2 table"
hand_and_ceiling,2023-06-13,DNIPRO_CORRIDOR,164.89999999999998,165.7,66.6,98.3,16.5,99.1,0.404,0.598,0.252,0.449,"S1 valid footprint of the date, owned zone area, outside the p42 cut rectangles (Inhulets rows: inside the Inhulets rectangle)","conditional POD outside the normally-wet class (POD | observable dry-background domain): a diagnostic conditional agreement, NOT a corrected POD; the class was fixed a priori (same-rule pre-breach potential) before any comparison was read",2743.7,1.0,0.031,0.365,"footprint_km2 and coverage from the p94 S1 footprint of the same date and region (observable domain of p94, close to but not identical with the T13 domain); CSI_chance = CSI of the two areas placed independently in the footprint; heidke_skill = Heidke skill score of the 2x2 table"
hand_and_ceiling,2023-06-13,INHULETS_VALLEY_rect,27.0,0.3,0.2,26.8,0.0,0.1,0.007,0.333,0.007,0.007,"S1 valid footprint of the date, owned zone area, outside the p42 cut rectangles (Inhulets rows: inside the Inhulets rectangle)","conditional POD outside the normally-wet class (POD | observable dry-background domain): a diagnostic conditional agreement, NOT a corrected POD; the class was fixed a priori (same-rule pre-breach potential) before any comparison was read",565.8,1.0,0.001,0.014,"footprint_km2 and coverage from the p94 S1 footprint of the same date and region (observable domain of p94, close to but not identical with the T13 domain); CSI_chance = CSI of the two areas placed independently in the footprint; heidke_skill = Heidke skill score of the 2x2 table"
hand_and_ceiling,2023-06-13,P42_FLOODPLAIN_DOMAIN,147.3,164.8,66.3,81.0,16.5,98.6,0.45,0.598,0.27,0.507,"S1 valid footprint of the date, owned zone area, outside the p42 cut rectangles (Inhulets rows: inside the Inhulets rectangle)","conditional POD outside the normally-wet class (POD | observable dry-background domain): a diagnostic conditional agreement, NOT a corrected POD; the class was fixed a priori (same-rule pre-breach potential) before any comparison was read",538.5,1.0,0.169,0.191,"footprint_km2 and coverage from the p94 S1 footprint of the same date and region (observable domain of p94, close to but not identical with the T13 domain); CSI_chance = CSI of the two areas placed independently in the footprint; heidke_skill = Heidke skill score of the 2x2 table"
hand_and_ceiling,2023-06-14,DNIPRO_CORRIDOR,99.3,148.7,29.8,69.5,14.3,118.9,0.3,0.8,0.137,0.351,"S1 valid footprint of the date, owned zone area, outside the p42 cut rectangles (Inhulets rows: inside the Inhulets rectangle)","conditional POD outside the normally-wet class (POD | observable dry-background domain): a diagnostic conditional agreement, NOT a corrected POD; the class was fixed a priori (same-rule pre-breach potential) before any comparison was read",2608.8,0.951,0.023,0.204,"footprint_km2 and coverage from the p94 S1 footprint of the same date and region (observable domain of p94, close to but not identical with the T13 domain); CSI_chance = CSI of the two areas placed independently in the footprint; heidke_skill = Heidke skill score of the 2x2 table"
hand_and_ceiling,2023-06-14,INHULETS_VALLEY_rect,25.4,0.2,0.0,25.4,0.0,0.2,0.0,1.0,0.0,0.0,"S1 valid footprint of the date, owned zone area, outside the p42 cut rectangles (Inhulets rows: inside the Inhulets rectangle)","conditional POD outside the normally-wet class (POD | observable dry-background domain): a diagnostic conditional agreement, NOT a corrected POD; the class was fixed a priori (same-rule pre-breach potential) before any comparison was read",565.8,1.0,0.0,-0.001,"footprint_km2 and coverage from the p94 S1 footprint of the same date and region (observable domain of p94, close to but not identical with the T13 domain); CSI_chance = CSI of the two areas placed independently in the footprint; heidke_skill = Heidke skill score of the 2x2 table"
hand_and_ceiling,2023-06-14,P42_FLOODPLAIN_DOMAIN,74.0,147.9,29.6,44.4,14.3,118.3,0.4,0.8,0.154,0.496,"S1 valid footprint of the date, owned zone area, outside the p42 cut rectangles (Inhulets rows: inside the Inhulets rectangle)","conditional POD outside the normally-wet class (POD | observable dry-background domain): a diagnostic conditional agreement, NOT a corrected POD; the class was fixed a priori (same-rule pre-breach potential) before any comparison was read",538.5,1.0,0.101,0.102,"footprint_km2 and coverage from the p94 S1 footprint of the same date and region (observable domain of p94, close to but not identical with the T13 domain); CSI_chance = CSI of the two areas placed independently in the footprint; heidke_skill = Heidke skill score of the 2x2 table"
hand_and_ceiling,2023-06-18,DNIPRO_CORRIDOR,53.6,26.8,0.8999999999999999,52.8,0.5,26.0,0.017,0.967,0.011,0.017,"S1 valid footprint of the date, owned zone area, outside the p42 cut rectangles (Inhulets rows: inside the Inhulets rectangle)","conditional POD outside the normally-wet class (POD | observable dry-background domain): a diagnostic conditional agreement, NOT a corrected POD; the class was fixed a priori (same-rule pre-breach potential) before any comparison was read",1694.5,0.618,0.011,-0.001,"footprint_km2 and coverage from the p94 S1 footprint of the same date and region (observable domain of p94, close to but not identical with the T13 domain); CSI_chance = CSI of the two areas placed independently in the footprint; heidke_skill = Heidke skill score of the 2x2 table"
hand_and_ceiling,2023-06-18,INHULETS_VALLEY_rect,18.1,0.0,0.0,18.1,0.0,0.0,0.0,0.0,0.0,0.0,"S1 valid footprint of the date, owned zone area, outside the p42 cut rectangles (Inhulets rows: inside the Inhulets rectangle)","conditional POD outside the normally-wet class (POD | observable dry-background domain): a diagnostic conditional agreement, NOT a corrected POD; the class was fixed a priori (same-rule pre-breach potential) before any comparison was read",465.3,0.822,0.0,-0.0,"footprint_km2 and coverage from the p94 S1 footprint of the same date and region (observable domain of p94, close to but not identical with the T13 domain); CSI_chance = CSI of the two areas placed independently in the footprint; heidke_skill = Heidke skill score of the 2x2 table"
hand_and_ceiling,2023-06-18,P42_FLOODPLAIN_DOMAIN,9.9,26.6,0.8999999999999999,9.1,0.5,25.7,0.09,0.966,0.025,0.095,"S1 valid footprint of the date, owned zone area, outside the p42 cut rectangles (Inhulets rows: inside the Inhulets rectangle)","conditional POD outside the normally-wet class (POD | observable dry-background domain): a diagnostic conditional agreement, NOT a corrected POD; the class was fixed a priori (same-rule pre-breach potential) before any comparison was read",334.8,0.622,0.022,0.004,"footprint_km2 and coverage from the p94 S1 footprint of the same date and region (observable domain of p94, close to but not identical with the T13 domain); CSI_chance = CSI of the two areas placed independently in the footprint; heidke_skill = Heidke skill score of the 2x2 table"
hand_and_ceiling,2023-06-21,DNIPRO_CORRIDOR,186.3,0.2,0.0,186.2,4.4,0.2,0.0,1.0,0.0,0.0,"S1 valid footprint of the date, owned zone area, outside the p42 cut rectangles (Inhulets rows: inside the Inhulets rectangle)","conditional POD outside the normally-wet class (POD | observable dry-background domain): a diagnostic conditional agreement, NOT a corrected POD; the class was fixed a priori (same-rule pre-breach potential) before any comparison was read",2570.9,0.937,0.0,0.0,"footprint_km2 and coverage from the p94 S1 footprint of the same date and region (observable domain of p94, close to but not identical with the T13 domain); CSI_chance = CSI of the two areas placed independently in the footprint; heidke_skill = Heidke skill score of the 2x2 table"
hand_and_ceiling,2023-06-21,INHULETS_VALLEY_rect,32.6,0.0,0.0,32.6,0.0,0.0,0.0,0.0,0.0,0.0,"S1 valid footprint of the date, owned zone area, outside the p42 cut rectangles (Inhulets rows: inside the Inhulets rectangle)","conditional POD outside the normally-wet class (POD | observable dry-background domain): a diagnostic conditional agreement, NOT a corrected POD; the class was fixed a priori (same-rule pre-breach potential) before any comparison was read",565.8,1.0,0.0,0.0,"footprint_km2 and coverage from the p94 S1 footprint of the same date and region (observable domain of p94, close to but not identical with the T13 domain); CSI_chance = CSI of the two areas placed independently in the footprint; heidke_skill = Heidke skill score of the 2x2 table"
hand_and_ceiling,2023-06-21,P42_FLOODPLAIN_DOMAIN,22.6,0.2,0.0,22.6,4.4,0.2,0.0,1.0,0.0,0.0,"S1 valid footprint of the date, owned zone area, outside the p42 cut rectangles (Inhulets rows: inside the Inhulets rectangle)","conditional POD outside the normally-wet class (POD | observable dry-background domain): a diagnostic conditional agreement, NOT a corrected POD; the class was fixed a priori (same-rule pre-breach potential) before any comparison was read",533.4,0.991,0.0,-0.001,"footprint_km2 and coverage from the p94 S1 footprint of the same date and region (observable domain of p94, close to but not identical with the T13 domain); CSI_chance = CSI of the two areas placed independently in the footprint; heidke_skill = Heidke skill score of the 2x2 table"
hand_and_ceiling,2023-06-25,DNIPRO_CORRIDOR,112.7,0.0,0.0,112.7,3.4,0.0,0.0,0.0,0.0,0.0,"S1 valid footprint of the date, owned zone area, outside the p42 cut rectangles (Inhulets rows: inside the Inhulets rectangle)","conditional POD outside the normally-wet class (POD | observable dry-background domain): a diagnostic conditional agreement, NOT a corrected POD; the class was fixed a priori (same-rule pre-breach potential) before any comparison was read",2743.7,1.0,0.0,0.0,"footprint_km2 and coverage from the p94 S1 footprint of the same date and region (observable domain of p94, close to but not identical with the T13 domain); CSI_chance = CSI of the two areas placed independently in the footprint; heidke_skill = Heidke skill score of the 2x2 table"
hand_and_ceiling,2023-06-25,INHULETS_VALLEY_rect,25.9,0.0,0.0,25.9,0.0,0.0,0.0,0.0,0.0,0.0,"S1 valid footprint of the date, owned zone area, outside the p42 cut rectangles (Inhulets rows: inside the Inhulets rectangle)","conditional POD outside the normally-wet class (POD | observable dry-background domain): a diagnostic conditional agreement, NOT a corrected POD; the class was fixed a priori (same-rule pre-breach potential) before any comparison was read",565.8,1.0,0.0,0.0,"footprint_km2 and coverage from the p94 S1 footprint of the same date and region (observable domain of p94, close to but not identical with the T13 domain); CSI_chance = CSI of the two areas placed independently in the footprint; heidke_skill = Heidke skill score of the 2x2 table"
hand_and_ceiling,2023-06-25,P42_FLOODPLAIN_DOMAIN,19.2,0.0,0.0,19.2,3.4,0.0,0.0,0.0,0.0,0.0,"S1 valid footprint of the date, owned zone area, outside the p42 cut rectangles (Inhulets rows: inside the Inhulets rectangle)","conditional POD outside the normally-wet class (POD | observable dry-background domain): a diagnostic conditional agreement, NOT a corrected POD; the class was fixed a priori (same-rule pre-breach potential) before any comparison was read",538.5,1.0,0.0,-0.0,"footprint_km2 and coverage from the p94 S1 footprint of the same date and region (observable domain of p94, close to but not identical with the T13 domain); CSI_chance = CSI of the two areas placed independently in the footprint; heidke_skill = Heidke skill score of the 2x2 table"
hand_and_ceiling,2023-06-26,DNIPRO_CORRIDOR,23.3,0.0,0.0,23.3,3.8,0.0,0.0,0.0,0.0,0.0,"S1 valid footprint of the date, owned zone area, outside the p42 cut rectangles (Inhulets rows: inside the Inhulets rectangle)","conditional POD outside the normally-wet class (POD | observable dry-background domain): a diagnostic conditional agreement, NOT a corrected POD; the class was fixed a priori (same-rule pre-breach potential) before any comparison was read",2612.2,0.952,0.0,0.0,"footprint_km2 and coverage from the p94 S1 footprint of the same date and region (observable domain of p94, close to but not identical with the T13 domain); CSI_chance = CSI of the two areas placed independently in the footprint; heidke_skill = Heidke skill score of the 2x2 table"
hand_and_ceiling,2023-06-26,INHULETS_VALLEY_rect,23.3,0.0,0.0,23.3,0.0,0.0,0.0,0.0,0.0,0.0,"S1 valid footprint of the date, owned zone area, outside the p42 cut rectangles (Inhulets rows: inside the Inhulets rectangle)","conditional POD outside the normally-wet class (POD | observable dry-background domain): a diagnostic conditional agreement, NOT a corrected POD; the class was fixed a priori (same-rule pre-breach potential) before any comparison was read",565.8,1.0,0.0,0.0,"footprint_km2 and coverage from the p94 S1 footprint of the same date and region (observable domain of p94, close to but not identical with the T13 domain); CSI_chance = CSI of the two areas placed independently in the footprint; heidke_skill = Heidke skill score of the 2x2 table"
hand_and_ceiling,2023-06-26,P42_FLOODPLAIN_DOMAIN,14.9,0.0,0.0,14.9,3.8,0.0,0.0,0.0,0.0,0.0,"S1 valid footprint of the date, owned zone area, outside the p42 cut rectangles (Inhulets rows: inside the Inhulets rectangle)","conditional POD outside the normally-wet class (POD | observable dry-background domain): a diagnostic conditional agreement, NOT a corrected POD; the class was fixed a priori (same-rule pre-breach potential) before any comparison was read",538.5,1.0,0.0,0.0,"footprint_km2 and coverage from the p94 S1 footprint of the same date and region (observable domain of p94, close to but not identical with the T13 domain); CSI_chance = CSI of the two areas placed independently in the footprint; heidke_skill = Heidke skill score of the 2x2 table"
hand_and_ceiling,2023-06-30,DNIPRO_CORRIDOR,64.2,0.0,0.0,64.2,0.5,0.0,0.0,0.0,0.0,0.0,"S1 valid footprint of the date, owned zone area, outside the p42 cut rectangles (Inhulets rows: inside the Inhulets rectangle)","conditional POD outside the normally-wet class (POD | observable dry-background domain): a diagnostic conditional agreement, NOT a corrected POD; the class was fixed a priori (same-rule pre-breach potential) before any comparison was read",1698.5,0.619,0.0,0.0,"footprint_km2 and coverage from the p94 S1 footprint of the same date and region (observable domain of p94, close to but not identical with the T13 domain); CSI_chance = CSI of the two areas placed independently in the footprint; heidke_skill = Heidke skill score of the 2x2 table"
hand_and_ceiling,2023-06-30,INHULETS_VALLEY_rect,57.9,0.0,0.0,57.9,0.0,0.0,0.0,0.0,0.0,0.0,"S1 valid footprint of the date, owned zone area, outside the p42 cut rectangles (Inhulets rows: inside the Inhulets rectangle)","conditional POD outside the normally-wet class (POD | observable dry-background domain): a diagnostic conditional agreement, NOT a corrected POD; the class was fixed a priori (same-rule pre-breach potential) before any comparison was read",470.1,0.831,0.0,-0.0,"footprint_km2 and coverage from the p94 S1 footprint of the same date and region (observable domain of p94, close to but not identical with the T13 domain); CSI_chance = CSI of the two areas placed independently in the footprint; heidke_skill = Heidke skill score of the 2x2 table"
hand_and_ceiling,2023-06-30,P42_FLOODPLAIN_DOMAIN,13.5,0.0,0.0,13.5,0.5,0.0,0.0,0.0,0.0,0.0,"S1 valid footprint of the date, owned zone area, outside the p42 cut rectangles (Inhulets rows: inside the Inhulets rectangle)","conditional POD outside the normally-wet class (POD | observable dry-background domain): a diagnostic conditional agreement, NOT a corrected POD; the class was fixed a priori (same-rule pre-breach potential) before any comparison was read",336.0,0.624,0.0,0.0,"footprint_km2 and coverage from the p94 S1 footprint of the same date and region (observable domain of p94, close to but not identical with the T13 domain); CSI_chance = CSI of the two areas placed independently in the footprint; heidke_skill = Heidke skill score of the 2x2 table"
ceiling_only,2023-06-01,DNIPRO_CORRIDOR,0.0,0.0,0.0,0.0,0.0,0.0,0.0,0.0,0.0,0.0,"S1 valid footprint of the date, owned zone area, outside the p42 cut rectangles (Inhulets rows: inside the Inhulets rectangle)","conditional POD outside the normally-wet class (POD | observable dry-background domain): a diagnostic conditional agreement, NOT a corrected POD; the class was fixed a priori (same-rule pre-breach potential) before any comparison was read",2743.7,1.0,,,"footprint_km2 and coverage from the p94 S1 footprint of the same date and region (observable domain of p94, close to but not identical with the T13 domain); CSI_chance = CSI of the two areas placed independently in the footprint; heidke_skill = Heidke skill score of the 2x2 table"
ceiling_only,2023-06-01,INHULETS_VALLEY_rect,0.0,0.0,0.0,0.0,0.0,0.0,0.0,0.0,0.0,0.0,"S1 valid footprint of the date, owned zone area, outside the p42 cut rectangles (Inhulets rows: inside the Inhulets rectangle)","conditional POD outside the normally-wet class (POD | observable dry-background domain): a diagnostic conditional agreement, NOT a corrected POD; the class was fixed a priori (same-rule pre-breach potential) before any comparison was read",565.8,1.0,,,"footprint_km2 and coverage from the p94 S1 footprint of the same date and region (observable domain of p94, close to but not identical with the T13 domain); CSI_chance = CSI of the two areas placed independently in the footprint; heidke_skill = Heidke skill score of the 2x2 table"
ceiling_only,2023-06-01,P42_FLOODPLAIN_DOMAIN,0.0,0.0,0.0,0.0,0.0,0.0,0.0,0.0,0.0,0.0,"S1 valid footprint of the date, owned zone area, outside the p42 cut rectangles (Inhulets rows: inside the Inhulets rectangle)","conditional POD outside the normally-wet class (POD | observable dry-background domain): a diagnostic conditional agreement, NOT a corrected POD; the class was fixed a priori (same-rule pre-breach potential) before any comparison was read",538.5,1.0,,,"footprint_km2 and coverage from the p94 S1 footprint of the same date and region (observable domain of p94, close to but not identical with the T13 domain); CSI_chance = CSI of the two areas placed independently in the footprint; heidke_skill = Heidke skill score of the 2x2 table"
ceiling_only,2023-06-02,DNIPRO_CORRIDOR,0.0,0.0,0.0,0.0,0.0,0.0,0.0,0.0,0.0,0.0,"S1 valid footprint of the date, owned zone area, outside the p42 cut rectangles (Inhulets rows: inside the Inhulets rectangle)","conditional POD outside the normally-wet class (POD | observable dry-background domain): a diagnostic conditional agreement, NOT a corrected POD; the class was fixed a priori (same-rule pre-breach potential) before any comparison was read",2608.1,0.951,,,"footprint_km2 and coverage from the p94 S1 footprint of the same date and region (observable domain of p94, close to but not identical with the T13 domain); CSI_chance = CSI of the two areas placed independently in the footprint; heidke_skill = Heidke skill score of the 2x2 table"
ceiling_only,2023-06-02,INHULETS_VALLEY_rect,0.0,0.0,0.0,0.0,0.0,0.0,0.0,0.0,0.0,0.0,"S1 valid footprint of the date, owned zone area, outside the p42 cut rectangles (Inhulets rows: inside the Inhulets rectangle)","conditional POD outside the normally-wet class (POD | observable dry-background domain): a diagnostic conditional agreement, NOT a corrected POD; the class was fixed a priori (same-rule pre-breach potential) before any comparison was read",565.8,1.0,,,"footprint_km2 and coverage from the p94 S1 footprint of the same date and region (observable domain of p94, close to but not identical with the T13 domain); CSI_chance = CSI of the two areas placed independently in the footprint; heidke_skill = Heidke skill score of the 2x2 table"
ceiling_only,2023-06-02,P42_FLOODPLAIN_DOMAIN,0.0,0.0,0.0,0.0,0.0,0.0,0.0,0.0,0.0,0.0,"S1 valid footprint of the date, owned zone area, outside the p42 cut rectangles (Inhulets rows: inside the Inhulets rectangle)","conditional POD outside the normally-wet class (POD | observable dry-background domain): a diagnostic conditional agreement, NOT a corrected POD; the class was fixed a priori (same-rule pre-breach potential) before any comparison was read",538.5,1.0,,,"footprint_km2 and coverage from the p94 S1 footprint of the same date and region (observable domain of p94, close to but not identical with the T13 domain); CSI_chance = CSI of the two areas placed independently in the footprint; heidke_skill = Heidke skill score of the 2x2 table"
ceiling_only,2023-06-06,DNIPRO_CORRIDOR,30.3,96.8,0.9,29.4,7.5,95.8,0.03,0.991,0.007,0.039,"S1 valid footprint of the date, owned zone area, outside the p42 cut rectangles (Inhulets rows: inside the Inhulets rectangle)","conditional POD outside the normally-wet class (POD | observable dry-background domain): a diagnostic conditional agreement, NOT a corrected POD; the class was fixed a priori (same-rule pre-breach potential) before any comparison was read",1697.4,0.619,0.014,-0.013,"footprint_km2 and coverage from the p94 S1 footprint of the same date and region (observable domain of p94, close to but not identical with the T13 domain); CSI_chance = CSI of the two areas placed independently in the footprint; heidke_skill = Heidke skill score of the 2x2 table"
ceiling_only,2023-06-06,INHULETS_VALLEY_rect,4.7,12.0,0.1,4.5,0.3,11.8,0.022,0.992,0.006,0.023,"S1 valid footprint of the date, owned zone area, outside the p42 cut rectangles (Inhulets rows: inside the Inhulets rectangle)","conditional POD outside the normally-wet class (POD | observable dry-background domain): a diagnostic conditional agreement, NOT a corrected POD; the class was fixed a priori (same-rule pre-breach potential) before any comparison was read",468.9,0.829,0.007,0.01,"footprint_km2 and coverage from the p94 S1 footprint of the same date and region (observable domain of p94, close to but not identical with the T13 domain); CSI_chance = CSI of the two areas placed independently in the footprint; heidke_skill = Heidke skill score of the 2x2 table"
ceiling_only,2023-06-06,P42_FLOODPLAIN_DOMAIN,8.5,75.9,0.9,7.5,7.2,74.9,0.107,0.988,0.011,0.75,"S1 valid footprint of the date, owned zone area, outside the p42 cut rectangles (Inhulets rows: inside the Inhulets rectangle)","conditional POD outside the normally-wet class (POD | observable dry-background domain): a diagnostic conditional agreement, NOT a corrected POD; the class was fixed a priori (same-rule pre-breach potential) before any comparison was read",335.7,0.623,0.023,-0.023,"footprint_km2 and coverage from the p94 S1 footprint of the same date and region (observable domain of p94, close to but not identical with the T13 domain); CSI_chance = CSI of the two areas placed independently in the footprint; heidke_skill = Heidke skill score of the 2x2 table"
ceiling_only,2023-06-09,DNIPRO_CORRIDOR,319.4,208.2,56.9,262.5,175.0,151.3,0.178,0.727,0.121,0.394,"S1 valid footprint of the date, owned zone area, outside the p42 cut rectangles (Inhulets rows: inside the Inhulets rectangle)","conditional POD outside the normally-wet class (POD | observable dry-background domain): a diagnostic conditional agreement, NOT a corrected POD; the class was fixed a priori (same-rule pre-breach potential) before any comparison was read",2574.8,0.938,0.051,0.131,"footprint_km2 and coverage from the p94 S1 footprint of the same date and region (observable domain of p94, close to but not identical with the T13 domain); CSI_chance = CSI of the two areas placed independently in the footprint; heidke_skill = Heidke skill score of the 2x2 table"
ceiling_only,2023-06-09,INHULETS_VALLEY_rect,36.2,19.1,12.0,24.2,16.1,7.0,0.331,0.368,0.278,0.597,"S1 valid footprint of the date, owned zone area, outside the p42 cut rectangles (Inhulets rows: inside the Inhulets rectangle)","conditional POD outside the normally-wet class (POD | observable dry-background domain): a diagnostic conditional agreement, NOT a corrected POD; the class was fixed a priori (same-rule pre-breach potential) before any comparison was read",565.8,1.0,0.023,0.41,"footprint_km2 and coverage from the p94 S1 footprint of the same date and region (observable domain of p94, close to but not identical with the T13 domain); CSI_chance = CSI of the two areas placed independently in the footprint; heidke_skill = Heidke skill score of the 2x2 table"
ceiling_only,2023-06-09,P42_FLOODPLAIN_DOMAIN,201.2,159.7,49.8,151.5,150.10000000000002,109.9,0.247,0.688,0.16,0.973,"S1 valid footprint of the date, owned zone area, outside the p42 cut rectangles (Inhulets rows: inside the Inhulets rectangle)","conditional POD outside the normally-wet class (POD | observable dry-background domain): a diagnostic conditional agreement, NOT a corrected POD; the class was fixed a priori (same-rule pre-breach potential) before any comparison was read",533.4,0.991,0.2,-0.087,"footprint_km2 and coverage from the p94 S1 footprint of the same date and region (observable domain of p94, close to but not identical with the T13 domain); CSI_chance = CSI of the two areas placed independently in the footprint; heidke_skill = Heidke skill score of the 2x2 table"
ceiling_only,2023-06-13,DNIPRO_CORRIDOR,164.89999999999998,109.4,23.4,141.4,131.10000000000002,86.0,0.142,0.786,0.093,0.694,"S1 valid footprint of the date, owned zone area, outside the p42 cut rectangles (Inhulets rows: inside the Inhulets rectangle)","conditional POD outside the normally-wet class (POD | observable dry-background domain): a diagnostic conditional agreement, NOT a corrected POD; the class was fixed a priori (same-rule pre-breach potential) before any comparison was read",2743.7,1.0,0.025,0.129,"footprint_km2 and coverage from the p94 S1 footprint of the same date and region (observable domain of p94, close to but not identical with the T13 domain); CSI_chance = CSI of the two areas placed independently in the footprint; heidke_skill = Heidke skill score of the 2x2 table"
ceiling_only,2023-06-13,INHULETS_VALLEY_rect,27.0,14.4,9.9,17.1,16.6,4.5,0.367,0.312,0.314,0.952,"S1 valid footprint of the date, owned zone area, outside the p42 cut rectangles (Inhulets rows: inside the Inhulets rectangle)","conditional POD outside the normally-wet class (POD | observable dry-background domain): a diagnostic conditional agreement, NOT a corrected POD; the class was fixed a priori (same-rule pre-breach potential) before any comparison was read",565.8,1.0,0.017,0.46,"footprint_km2 and coverage from the p94 S1 footprint of the same date and region (observable domain of p94, close to but not identical with the T13 domain); CSI_chance = CSI of the two areas placed independently in the footprint; heidke_skill = Heidke skill score of the 2x2 table"
ceiling_only,2023-06-13,P42_FLOODPLAIN_DOMAIN,147.3,88.6,22.6,124.7,123.2,65.9,0.153,0.745,0.106,0.938,"S1 valid footprint of the date, owned zone area, outside the p42 cut rectangles (Inhulets rows: inside the Inhulets rectangle)","conditional POD outside the normally-wet class (POD | observable dry-background domain): a diagnostic conditional agreement, NOT a corrected POD; the class was fixed a priori (same-rule pre-breach potential) before any comparison was read",538.5,1.0,0.114,-0.017,"footprint_km2 and coverage from the p94 S1 footprint of the same date and region (observable domain of p94, close to but not identical with the T13 domain); CSI_chance = CSI of the two areas placed independently in the footprint; heidke_skill = Heidke skill score of the 2x2 table"
ceiling_only,2023-06-14,DNIPRO_CORRIDOR,99.3,89.0,12.1,87.2,65.1,76.9,0.122,0.864,0.069,0.354,"S1 valid footprint of the date, owned zone area, outside the p42 cut rectangles (Inhulets rows: inside the Inhulets rectangle)","conditional POD outside the normally-wet class (POD | observable dry-background domain): a diagnostic conditional agreement, NOT a corrected POD; the class was fixed a priori (same-rule pre-breach potential) before any comparison was read",2608.8,0.951,0.018,0.096,"footprint_km2 and coverage from the p94 S1 footprint of the same date and region (observable domain of p94, close to but not identical with the T13 domain); CSI_chance = CSI of the two areas placed independently in the footprint; heidke_skill = Heidke skill score of the 2x2 table"
ceiling_only,2023-06-14,INHULETS_VALLEY_rect,25.4,13.3,8.4,17.0,16.1,4.9,0.331,0.368,0.277,0.903,"S1 valid footprint of the date, owned zone area, outside the p42 cut rectangles (Inhulets rows: inside the Inhulets rectangle)","conditional POD outside the normally-wet class (POD | observable dry-background domain): a diagnostic conditional agreement, NOT a corrected POD; the class was fixed a priori (same-rule pre-breach potential) before any comparison was read",565.8,1.0,0.016,0.416,"footprint_km2 and coverage from the p94 S1 footprint of the same date and region (observable domain of p94, close to but not identical with the T13 domain); CSI_chance = CSI of the two areas placed independently in the footprint; heidke_skill = Heidke skill score of the 2x2 table"
ceiling_only,2023-06-14,P42_FLOODPLAIN_DOMAIN,74.0,74.4,11.9,62.1,60.1,62.6,0.161,0.84,0.087,0.856,"S1 valid footprint of the date, owned zone area, outside the p42 cut rectangles (Inhulets rows: inside the Inhulets rectangle)","conditional POD outside the normally-wet class (POD | observable dry-background domain): a diagnostic conditional agreement, NOT a corrected POD; the class was fixed a priori (same-rule pre-breach potential) before any comparison was read",538.5,1.0,0.074,0.025,"footprint_km2 and coverage from the p94 S1 footprint of the same date and region (observable domain of p94, close to but not identical with the T13 domain); CSI_chance = CSI of the two areas placed independently in the footprint; heidke_skill = Heidke skill score of the 2x2 table"
ceiling_only,2023-06-18,DNIPRO_CORRIDOR,53.6,28.5,0.5,53.2,5.199999999999999,28.0,0.009,0.982,0.006,0.01,"S1 valid footprint of the date, owned zone area, outside the p42 cut rectangles (Inhulets rows: inside the Inhulets rectangle)","conditional POD outside the normally-wet class (POD | observable dry-background domain): a diagnostic conditional agreement, NOT a corrected POD; the class was fixed a priori (same-rule pre-breach potential) before any comparison was read",1694.5,0.618,0.011,-0.011,"footprint_km2 and coverage from the p94 S1 footprint of the same date and region (observable domain of p94, close to but not identical with the T13 domain); CSI_chance = CSI of the two areas placed independently in the footprint; heidke_skill = Heidke skill score of the 2x2 table"
ceiling_only,2023-06-18,INHULETS_VALLEY_rect,18.1,7.5,2.6,15.5,6.6,5.0,0.144,0.658,0.113,0.226,"S1 valid footprint of the date, owned zone area, outside the p42 cut rectangles (Inhulets rows: inside the Inhulets rectangle)","conditional POD outside the normally-wet class (POD | observable dry-background domain): a diagnostic conditional agreement, NOT a corrected POD; the class was fixed a priori (same-rule pre-breach potential) before any comparison was read",465.3,0.822,0.012,0.181,"footprint_km2 and coverage from the p94 S1 footprint of the same date and region (observable domain of p94, close to but not identical with the T13 domain); CSI_chance = CSI of the two areas placed independently in the footprint; heidke_skill = Heidke skill score of the 2x2 table"
ceiling_only,2023-06-18,P42_FLOODPLAIN_DOMAIN,9.9,24.2,0.5,9.6,4.7,23.9,0.05,0.98,0.015,0.093,"S1 valid footprint of the date, owned zone area, outside the p42 cut rectangles (Inhulets rows: inside the Inhulets rectangle)","conditional POD outside the normally-wet class (POD | observable dry-background domain): a diagnostic conditional agreement, NOT a corrected POD; the class was fixed a priori (same-rule pre-breach potential) before any comparison was read",334.8,0.622,0.021,-0.025,"footprint_km2 and coverage from the p94 S1 footprint of the same date and region (observable domain of p94, close to but not identical with the T13 domain); CSI_chance = CSI of the two areas placed independently in the footprint; heidke_skill = Heidke skill score of the 2x2 table"
ceiling_only,2023-06-21,DNIPRO_CORRIDOR,186.3,4.2,0.1,186.3,11.1,4.1000000000000005,0.001,0.976,0.001,0.001,"S1 valid footprint of the date, owned zone area, outside the p42 cut rectangles (Inhulets rows: inside the Inhulets rectangle)","conditional POD outside the normally-wet class (POD | observable dry-background domain): a diagnostic conditional agreement, NOT a corrected POD; the class was fixed a priori (same-rule pre-breach potential) before any comparison was read",2570.9,0.937,0.002,-0.003,"footprint_km2 and coverage from the p94 S1 footprint of the same date and region (observable domain of p94, close to but not identical with the T13 domain); CSI_chance = CSI of the two areas placed independently in the footprint; heidke_skill = Heidke skill score of the 2x2 table"
ceiling_only,2023-06-21,INHULETS_VALLEY_rect,32.6,0.0,0.0,32.6,1.3,0.0,0.0,0.0,0.0,0.0,"S1 valid footprint of the date, owned zone area, outside the p42 cut rectangles (Inhulets rows: inside the Inhulets rectangle)","conditional POD outside the normally-wet class (POD | observable dry-background domain): a diagnostic conditional agreement, NOT a corrected POD; the class was fixed a priori (same-rule pre-breach potential) before any comparison was read",565.8,1.0,0.0,0.0,"footprint_km2 and coverage from the p94 S1 footprint of the same date and region (observable domain of p94, close to but not identical with the T13 domain); CSI_chance = CSI of the two areas placed independently in the footprint; heidke_skill = Heidke skill score of the 2x2 table"
ceiling_only,2023-06-21,P42_FLOODPLAIN_DOMAIN,22.6,3.7,0.1,22.5,10.5,3.6,0.004,0.973,0.004,0.008,"S1 valid footprint of the date, owned zone area, outside the p42 cut rectangles (Inhulets rows: inside the Inhulets rectangle)","conditional POD outside the normally-wet class (POD | observable dry-background domain): a diagnostic conditional agreement, NOT a corrected POD; the class was fixed a priori (same-rule pre-breach potential) before any comparison was read",533.4,0.991,0.006,-0.004,"footprint_km2 and coverage from the p94 S1 footprint of the same date and region (observable domain of p94, close to but not identical with the T13 domain); CSI_chance = CSI of the two areas placed independently in the footprint; heidke_skill = Heidke skill score of the 2x2 table"
ceiling_only,2023-06-25,DNIPRO_CORRIDOR,112.7,0.0,0.0,112.7,7.800000000000001,0.0,0.0,0.0,0.0,0.0,"S1 valid footprint of the date, owned zone area, outside the p42 cut rectangles (Inhulets rows: inside the Inhulets rectangle)","conditional POD outside the normally-wet class (POD | observable dry-background domain): a diagnostic conditional agreement, NOT a corrected POD; the class was fixed a priori (same-rule pre-breach potential) before any comparison was read",2743.7,1.0,0.0,0.0,"footprint_km2 and coverage from the p94 S1 footprint of the same date and region (observable domain of p94, close to but not identical with the T13 domain); CSI_chance = CSI of the two areas placed independently in the footprint; heidke_skill = Heidke skill score of the 2x2 table"
ceiling_only,2023-06-25,INHULETS_VALLEY_rect,25.9,0.0,0.0,25.9,1.0,0.0,0.0,0.0,0.0,0.0,"S1 valid footprint of the date, owned zone area, outside the p42 cut rectangles (Inhulets rows: inside the Inhulets rectangle)","conditional POD outside the normally-wet class (POD | observable dry-background domain): a diagnostic conditional agreement, NOT a corrected POD; the class was fixed a priori (same-rule pre-breach potential) before any comparison was read",565.8,1.0,0.0,0.0,"footprint_km2 and coverage from the p94 S1 footprint of the same date and region (observable domain of p94, close to but not identical with the T13 domain); CSI_chance = CSI of the two areas placed independently in the footprint; heidke_skill = Heidke skill score of the 2x2 table"
ceiling_only,2023-06-25,P42_FLOODPLAIN_DOMAIN,19.2,0.0,0.0,19.2,7.4,0.0,0.0,0.0,0.0,0.0,"S1 valid footprint of the date, owned zone area, outside the p42 cut rectangles (Inhulets rows: inside the Inhulets rectangle)","conditional POD outside the normally-wet class (POD | observable dry-background domain): a diagnostic conditional agreement, NOT a corrected POD; the class was fixed a priori (same-rule pre-breach potential) before any comparison was read",538.5,1.0,0.0,-0.0,"footprint_km2 and coverage from the p94 S1 footprint of the same date and region (observable domain of p94, close to but not identical with the T13 domain); CSI_chance = CSI of the two areas placed independently in the footprint; heidke_skill = Heidke skill score of the 2x2 table"
ceiling_only,2023-06-26,DNIPRO_CORRIDOR,23.3,0.0,0.0,23.3,8.1,0.0,0.0,0.0,0.0,0.0,"S1 valid footprint of the date, owned zone area, outside the p42 cut rectangles (Inhulets rows: inside the Inhulets rectangle)","conditional POD outside the normally-wet class (POD | observable dry-background domain): a diagnostic conditional agreement, NOT a corrected POD; the class was fixed a priori (same-rule pre-breach potential) before any comparison was read",2612.2,0.952,0.0,0.0,"footprint_km2 and coverage from the p94 S1 footprint of the same date and region (observable domain of p94, close to but not identical with the T13 domain); CSI_chance = CSI of the two areas placed independently in the footprint; heidke_skill = Heidke skill score of the 2x2 table"
ceiling_only,2023-06-26,INHULETS_VALLEY_rect,23.3,0.0,0.0,23.3,0.7,0.0,0.0,0.0,0.0,0.0,"S1 valid footprint of the date, owned zone area, outside the p42 cut rectangles (Inhulets rows: inside the Inhulets rectangle)","conditional POD outside the normally-wet class (POD | observable dry-background domain): a diagnostic conditional agreement, NOT a corrected POD; the class was fixed a priori (same-rule pre-breach potential) before any comparison was read",565.8,1.0,0.0,0.0,"footprint_km2 and coverage from the p94 S1 footprint of the same date and region (observable domain of p94, close to but not identical with the T13 domain); CSI_chance = CSI of the two areas placed independently in the footprint; heidke_skill = Heidke skill score of the 2x2 table"
ceiling_only,2023-06-26,P42_FLOODPLAIN_DOMAIN,14.9,0.0,0.0,14.9,7.7,0.0,0.0,0.0,0.0,0.0,"S1 valid footprint of the date, owned zone area, outside the p42 cut rectangles (Inhulets rows: inside the Inhulets rectangle)","conditional POD outside the normally-wet class (POD | observable dry-background domain): a diagnostic conditional agreement, NOT a corrected POD; the class was fixed a priori (same-rule pre-breach potential) before any comparison was read",538.5,1.0,0.0,0.0,"footprint_km2 and coverage from the p94 S1 footprint of the same date and region (observable domain of p94, close to but not identical with the T13 domain); CSI_chance = CSI of the two areas placed independently in the footprint; heidke_skill = Heidke skill score of the 2x2 table"
ceiling_only,2023-06-30,DNIPRO_CORRIDOR,64.2,0.1,0.0,64.2,8.200000000000001,0.1,0.0,1.0,0.0,0.0,"S1 valid footprint of the date, owned zone area, outside the p42 cut rectangles (Inhulets rows: inside the Inhulets rectangle)","conditional POD outside the normally-wet class (POD | observable dry-background domain): a diagnostic conditional agreement, NOT a corrected POD; the class was fixed a priori (same-rule pre-breach potential) before any comparison was read",1698.5,0.619,0.0,-0.0,"footprint_km2 and coverage from the p94 S1 footprint of the same date and region (observable domain of p94, close to but not identical with the T13 domain); CSI_chance = CSI of the two areas placed independently in the footprint; heidke_skill = Heidke skill score of the 2x2 table"
ceiling_only,2023-06-30,INHULETS_VALLEY_rect,57.9,0.0,0.0,57.9,3.5,0.0,0.0,0.0,0.0,0.0,"S1 valid footprint of the date, owned zone area, outside the p42 cut rectangles (Inhulets rows: inside the Inhulets rectangle)","conditional POD outside the normally-wet class (POD | observable dry-background domain): a diagnostic conditional agreement, NOT a corrected POD; the class was fixed a priori (same-rule pre-breach potential) before any comparison was read",470.1,0.831,0.0,-0.0,"footprint_km2 and coverage from the p94 S1 footprint of the same date and region (observable domain of p94, close to but not identical with the T13 domain); CSI_chance = CSI of the two areas placed independently in the footprint; heidke_skill = Heidke skill score of the 2x2 table"
ceiling_only,2023-06-30,P42_FLOODPLAIN_DOMAIN,13.5,0.0,0.0,13.5,6.2,0.0,0.0,0.0,0.0,0.0,"S1 valid footprint of the date, owned zone area, outside the p42 cut rectangles (Inhulets rows: inside the Inhulets rectangle)","conditional POD outside the normally-wet class (POD | observable dry-background domain): a diagnostic conditional agreement, NOT a corrected POD; the class was fixed a priori (same-rule pre-breach potential) before any comparison was read",336.0,0.624,0.0,0.0,"footprint_km2 and coverage from the p94 S1 footprint of the same date and region (observable domain of p94, close to but not identical with the T13 domain); CSI_chance = CSI of the two areas placed independently in the footprint; heidke_skill = Heidke skill score of the 2x2 table"
connected_ceiling_dem_uncorrected,2023-06-01,DNIPRO_CORRIDOR,0.0,0.0,0.0,0.0,0.0,0.0,0.0,0.0,0.0,0.0,"S1 valid footprint of the date, owned zone area, outside the p42 cut rectangles (Inhulets rows: inside the Inhulets rectangle)","conditional POD outside the normally-wet class (POD | observable dry-background domain): a diagnostic conditional agreement, NOT a corrected POD; the class was fixed a priori (same-rule pre-breach potential) before any comparison was read",2743.7,1.0,,,"footprint_km2 and coverage from the p94 S1 footprint of the same date and region (observable domain of p94, close to but not identical with the T13 domain); CSI_chance = CSI of the two areas placed independently in the footprint; heidke_skill = Heidke skill score of the 2x2 table"
connected_ceiling_dem_uncorrected,2023-06-01,INHULETS_VALLEY_rect,0.0,0.0,0.0,0.0,0.0,0.0,0.0,0.0,0.0,0.0,"S1 valid footprint of the date, owned zone area, outside the p42 cut rectangles (Inhulets rows: inside the Inhulets rectangle)","conditional POD outside the normally-wet class (POD | observable dry-background domain): a diagnostic conditional agreement, NOT a corrected POD; the class was fixed a priori (same-rule pre-breach potential) before any comparison was read",565.8,1.0,,,"footprint_km2 and coverage from the p94 S1 footprint of the same date and region (observable domain of p94, close to but not identical with the T13 domain); CSI_chance = CSI of the two areas placed independently in the footprint; heidke_skill = Heidke skill score of the 2x2 table"
connected_ceiling_dem_uncorrected,2023-06-01,P42_FLOODPLAIN_DOMAIN,0.0,0.0,0.0,0.0,0.0,0.0,0.0,0.0,0.0,0.0,"S1 valid footprint of the date, owned zone area, outside the p42 cut rectangles (Inhulets rows: inside the Inhulets rectangle)","conditional POD outside the normally-wet class (POD | observable dry-background domain): a diagnostic conditional agreement, NOT a corrected POD; the class was fixed a priori (same-rule pre-breach potential) before any comparison was read",538.5,1.0,,,"footprint_km2 and coverage from the p94 S1 footprint of the same date and region (observable domain of p94, close to but not identical with the T13 domain); CSI_chance = CSI of the two areas placed independently in the footprint; heidke_skill = Heidke skill score of the 2x2 table"
connected_ceiling_dem_uncorrected,2023-06-02,DNIPRO_CORRIDOR,0.0,0.0,0.0,0.0,0.0,0.0,0.0,0.0,0.0,0.0,"S1 valid footprint of the date, owned zone area, outside the p42 cut rectangles (Inhulets rows: inside the Inhulets rectangle)","conditional POD outside the normally-wet class (POD | observable dry-background domain): a diagnostic conditional agreement, NOT a corrected POD; the class was fixed a priori (same-rule pre-breach potential) before any comparison was read",2608.1,0.951,,,"footprint_km2 and coverage from the p94 S1 footprint of the same date and region (observable domain of p94, close to but not identical with the T13 domain); CSI_chance = CSI of the two areas placed independently in the footprint; heidke_skill = Heidke skill score of the 2x2 table"
connected_ceiling_dem_uncorrected,2023-06-02,INHULETS_VALLEY_rect,0.0,0.0,0.0,0.0,0.0,0.0,0.0,0.0,0.0,0.0,"S1 valid footprint of the date, owned zone area, outside the p42 cut rectangles (Inhulets rows: inside the Inhulets rectangle)","conditional POD outside the normally-wet class (POD | observable dry-background domain): a diagnostic conditional agreement, NOT a corrected POD; the class was fixed a priori (same-rule pre-breach potential) before any comparison was read",565.8,1.0,,,"footprint_km2 and coverage from the p94 S1 footprint of the same date and region (observable domain of p94, close to but not identical with the T13 domain); CSI_chance = CSI of the two areas placed independently in the footprint; heidke_skill = Heidke skill score of the 2x2 table"
connected_ceiling_dem_uncorrected,2023-06-02,P42_FLOODPLAIN_DOMAIN,0.0,0.0,0.0,0.0,0.0,0.0,0.0,0.0,0.0,0.0,"S1 valid footprint of the date, owned zone area, outside the p42 cut rectangles (Inhulets rows: inside the Inhulets rectangle)","conditional POD outside the normally-wet class (POD | observable dry-background domain): a diagnostic conditional agreement, NOT a corrected POD; the class was fixed a priori (same-rule pre-breach potential) before any comparison was read",538.5,1.0,,,"footprint_km2 and coverage from the p94 S1 footprint of the same date and region (observable domain of p94, close to but not identical with the T13 domain); CSI_chance = CSI of the two areas placed independently in the footprint; heidke_skill = Heidke skill score of the 2x2 table"
connected_ceiling_dem_uncorrected,2023-06-06,DNIPRO_CORRIDOR,30.3,205.5,4.7,25.8,3.3000000000000003,200.8,0.154,0.977,0.02,0.173,"S1 valid footprint of the date, owned zone area, outside the p42 cut rectangles (Inhulets rows: inside the Inhulets rectangle)","conditional POD outside the normally-wet class (POD | observable dry-background domain): a diagnostic conditional agreement, NOT a corrected POD; the class was fixed a priori (same-rule pre-breach potential) before any comparison was read",1697.4,0.619,0.016,0.008,"footprint_km2 and coverage from the p94 S1 footprint of the same date and region (observable domain of p94, close to but not identical with the T13 domain); CSI_chance = CSI of the two areas placed independently in the footprint; heidke_skill = Heidke skill score of the 2x2 table"
connected_ceiling_dem_uncorrected,2023-06-06,INHULETS_VALLEY_rect,4.7,16.7,0.2,4.5,0.2,16.5,0.043,0.988,0.009,0.044,"S1 valid footprint of the date, owned zone area, outside the p42 cut rectangles (Inhulets rows: inside the Inhulets rectangle)","conditional POD outside the normally-wet class (POD | observable dry-background domain): a diagnostic conditional agreement, NOT a corrected POD; the class was fixed a priori (same-rule pre-breach potential) before any comparison was read",468.9,0.829,0.008,0.003,"footprint_km2 and coverage from the p94 S1 footprint of the same date and region (observable domain of p94, close to but not identical with the T13 domain); CSI_chance = CSI of the two areas placed independently in the footprint; heidke_skill = Heidke skill score of the 2x2 table"
connected_ceiling_dem_uncorrected,2023-06-06,P42_FLOODPLAIN_DOMAIN,8.5,184.6,4.7,3.9,3.3000000000000003,180.0,0.547,0.975,0.025,0.887,"S1 valid footprint of the date, owned zone area, outside the p42 cut rectangles (Inhulets rows: inside the Inhulets rectangle)","conditional POD outside the normally-wet class (POD | observable dry-background domain): a diagnostic conditional agreement, NOT a corrected POD; the class was fixed a priori (same-rule pre-breach potential) before any comparison was read",335.7,0.623,0.025,-0.001,"footprint_km2 and coverage from the p94 S1 footprint of the same date and region (observable domain of p94, close to but not identical with the T13 domain); CSI_chance = CSI of the two areas placed independently in the footprint; heidke_skill = Heidke skill score of the 2x2 table"
connected_ceiling_dem_uncorrected,2023-06-09,DNIPRO_CORRIDOR,319.4,309.5,158.5,160.89999999999998,40.6,151.0,0.496,0.488,0.337,0.569,"S1 valid footprint of the date, owned zone area, outside the p42 cut rectangles (Inhulets rows: inside the Inhulets rectangle)","conditional POD outside the normally-wet class (POD | observable dry-background domain): a diagnostic conditional agreement, NOT a corrected POD; the class was fixed a priori (same-rule pre-breach potential) before any comparison was read",2574.8,0.938,0.065,0.435,"footprint_km2 and coverage from the p94 S1 footprint of the same date and region (observable domain of p94, close to but not identical with the T13 domain); CSI_chance = CSI of the two areas placed independently in the footprint; heidke_skill = Heidke skill score of the 2x2 table"
connected_ceiling_dem_uncorrected,2023-06-09,INHULETS_VALLEY_rect,36.2,24.0,17.2,19.0,11.0,6.8,0.475,0.283,0.4,0.683,"S1 valid footprint of the date, owned zone area, outside the p42 cut rectangles (Inhulets rows: inside the Inhulets rectangle)","conditional POD outside the normally-wet class (POD | observable dry-background domain): a diagnostic conditional agreement, NOT a corrected POD; the class was fixed a priori (same-rule pre-breach potential) before any comparison was read",565.8,1.0,0.026,0.548,"footprint_km2 and coverage from the p94 S1 footprint of the same date and region (observable domain of p94, close to but not identical with the T13 domain); CSI_chance = CSI of the two areas placed independently in the footprint; heidke_skill = Heidke skill score of the 2x2 table"
connected_ceiling_dem_uncorrected,2023-06-09,P42_FLOODPLAIN_DOMAIN,201.2,265.0,147.60000000000002,53.6,36.6,117.3,0.734,0.443,0.463,0.897,"S1 valid footprint of the date, owned zone area, outside the p42 cut rectangles (Inhulets rows: inside the Inhulets rectangle)","conditional POD outside the normally-wet class (POD | observable dry-background domain): a diagnostic conditional agreement, NOT a corrected POD; the class was fixed a priori (same-rule pre-breach potential) before any comparison was read",533.4,0.991,0.273,0.358,"footprint_km2 and coverage from the p94 S1 footprint of the same date and region (observable domain of p94, close to but not identical with the T13 domain); CSI_chance = CSI of the two areas placed independently in the footprint; heidke_skill = Heidke skill score of the 2x2 table"
connected_ceiling_dem_uncorrected,2023-06-13,DNIPRO_CORRIDOR,164.89999999999998,247.9,103.3,61.5,39.1,144.5,0.627,0.583,0.334,0.822,"S1 valid footprint of the date, owned zone area, outside the p42 cut rectangles (Inhulets rows: inside the Inhulets rectangle)","conditional POD outside the normally-wet class (POD | observable dry-background domain): a diagnostic conditional agreement, NOT a corrected POD; the class was fixed a priori (same-rule pre-breach potential) before any comparison was read",2743.7,1.0,0.037,0.462,"footprint_km2 and coverage from the p94 S1 footprint of the same date and region (observable domain of p94, close to but not identical with the T13 domain); CSI_chance = CSI of the two areas placed independently in the footprint; heidke_skill = Heidke skill score of the 2x2 table"
connected_ceiling_dem_uncorrected,2023-06-13,INHULETS_VALLEY_rect,27.0,19.3,15.1,11.8,11.3,4.2,0.561,0.218,0.486,0.968,"S1 valid footprint of the date, owned zone area, outside the p42 cut rectangles (Inhulets rows: inside the Inhulets rectangle)","conditional POD outside the normally-wet class (POD | observable dry-background domain): a diagnostic conditional agreement, NOT a corrected POD; the class was fixed a priori (same-rule pre-breach potential) before any comparison was read",565.8,1.0,0.02,0.64,"footprint_km2 and coverage from the p94 S1 footprint of the same date and region (observable domain of p94, close to but not identical with the T13 domain); CSI_chance = CSI of the two areas placed independently in the footprint; heidke_skill = Heidke skill score of the 2x2 table"
connected_ceiling_dem_uncorrected,2023-06-13,P42_FLOODPLAIN_DOMAIN,147.3,227.2,101.2,46.1,35.5,125.9,0.687,0.554,0.37,0.905,"S1 valid footprint of the date, owned zone area, outside the p42 cut rectangles (Inhulets rows: inside the Inhulets rectangle)","conditional POD outside the normally-wet class (POD | observable dry-background domain): a diagnostic conditional agreement, NOT a corrected POD; the class was fixed a priori (same-rule pre-breach potential) before any comparison was read",538.5,1.0,0.199,0.313,"footprint_km2 and coverage from the p94 S1 footprint of the same date and region (observable domain of p94, close to but not identical with the T13 domain); CSI_chance = CSI of the two areas placed independently in the footprint; heidke_skill = Heidke skill score of the 2x2 table"
connected_ceiling_dem_uncorrected,2023-06-14,DNIPRO_CORRIDOR,99.3,212.1,38.6,60.7,31.0,173.6,0.389,0.818,0.141,0.565,"S1 valid footprint of the date, owned zone area, outside the p42 cut rectangles (Inhulets rows: inside the Inhulets rectangle)","conditional POD outside the normally-wet class (POD | observable dry-background domain): a diagnostic conditional agreement, NOT a corrected POD; the class was fixed a priori (same-rule pre-breach potential) before any comparison was read",2608.8,0.951,0.027,0.206,"footprint_km2 and coverage from the p94 S1 footprint of the same date and region (observable domain of p94, close to but not identical with the T13 domain); CSI_chance = CSI of the two areas placed independently in the footprint; heidke_skill = Heidke skill score of the 2x2 table"
connected_ceiling_dem_uncorrected,2023-06-14,INHULETS_VALLEY_rect,25.4,18.2,13.4,12.0,11.0,4.7,0.528,0.26,0.445,0.931,"S1 valid footprint of the date, owned zone area, outside the p42 cut rectangles (Inhulets rows: inside the Inhulets rectangle)","conditional POD outside the normally-wet class (POD | observable dry-background domain): a diagnostic conditional agreement, NOT a corrected POD; the class was fixed a priori (same-rule pre-breach potential) before any comparison was read",565.8,1.0,0.019,0.602,"footprint_km2 and coverage from the p94 S1 footprint of the same date and region (observable domain of p94, close to but not identical with the T13 domain); CSI_chance = CSI of the two areas placed independently in the footprint; heidke_skill = Heidke skill score of the 2x2 table"
connected_ceiling_dem_uncorrected,2023-06-14,P42_FLOODPLAIN_DOMAIN,74.0,199.2,37.9,36.2,27.7,161.4,0.511,0.81,0.161,0.817,"S1 valid footprint of the date, owned zone area, outside the p42 cut rectangles (Inhulets rows: inside the Inhulets rectangle)","conditional POD outside the normally-wet class (POD | observable dry-background domain): a diagnostic conditional agreement, NOT a corrected POD; the class was fixed a priori (same-rule pre-breach potential) before any comparison was read",538.5,1.0,0.111,0.095,"footprint_km2 and coverage from the p94 S1 footprint of the same date and region (observable domain of p94, close to but not identical with the T13 domain); CSI_chance = CSI of the two areas placed independently in the footprint; heidke_skill = Heidke skill score of the 2x2 table"
connected_ceiling_dem_uncorrected,2023-06-18,DNIPRO_CORRIDOR,53.6,97.0,2.4,51.2,1.1,94.5,0.045,0.975,0.016,0.046,"S1 valid footprint of the date, owned zone area, outside the p42 cut rectangles (Inhulets rows: inside the Inhulets rectangle)","conditional POD outside the normally-wet class (POD | observable dry-background domain): a diagnostic conditional agreement, NOT a corrected POD; the class was fixed a priori (same-rule pre-breach potential) before any comparison was read",1694.5,0.618,0.021,-0.009,"footprint_km2 and coverage from the p94 S1 footprint of the same date and region (observable domain of p94, close to but not identical with the T13 domain); CSI_chance = CSI of the two areas placed independently in the footprint; heidke_skill = Heidke skill score of the 2x2 table"
connected_ceiling_dem_uncorrected,2023-06-18,INHULETS_VALLEY_rect,18.1,10.5,4.9,13.2,3.9,5.6,0.271,0.533,0.207,0.345,"S1 valid footprint of the date, owned zone area, outside the p42 cut rectangles (Inhulets rows: inside the Inhulets rectangle)","conditional POD outside the normally-wet class (POD | observable dry-background domain): a diagnostic conditional agreement, NOT a corrected POD; the class was fixed a priori (same-rule pre-breach potential) before any comparison was read",465.3,0.822,0.014,0.323,"footprint_km2 and coverage from the p94 S1 footprint of the same date and region (observable domain of p94, close to but not identical with the T13 domain); CSI_chance = CSI of the two areas placed independently in the footprint; heidke_skill = Heidke skill score of the 2x2 table"
connected_ceiling_dem_uncorrected,2023-06-18,P42_FLOODPLAIN_DOMAIN,9.9,90.6,2.4,7.6,1.0,88.2,0.24,0.974,0.024,0.267,"S1 valid footprint of the date, owned zone area, outside the p42 cut rectangles (Inhulets rows: inside the Inhulets rectangle)","conditional POD outside the normally-wet class (POD | observable dry-background domain): a diagnostic conditional agreement, NOT a corrected POD; the class was fixed a priori (same-rule pre-breach potential) before any comparison was read",334.8,0.622,0.027,-0.007,"footprint_km2 and coverage from the p94 S1 footprint of the same date and region (observable domain of p94, close to but not identical with the T13 domain); CSI_chance = CSI of the two areas placed independently in the footprint; heidke_skill = Heidke skill score of the 2x2 table"
connected_ceiling_dem_uncorrected,2023-06-21,DNIPRO_CORRIDOR,186.3,3.2,0.1,186.3,5.6,3.1,0.001,0.969,0.001,0.001,"S1 valid footprint of the date, owned zone area, outside the p42 cut rectangles (Inhulets rows: inside the Inhulets rectangle)","conditional POD outside the normally-wet class (POD | observable dry-background domain): a diagnostic conditional agreement, NOT a corrected POD; the class was fixed a priori (same-rule pre-breach potential) before any comparison was read",2570.9,0.937,0.001,-0.002,"footprint_km2 and coverage from the p94 S1 footprint of the same date and region (observable domain of p94, close to but not identical with the T13 domain); CSI_chance = CSI of the two areas placed independently in the footprint; heidke_skill = Heidke skill score of the 2x2 table"
connected_ceiling_dem_uncorrected,2023-06-21,INHULETS_VALLEY_rect,32.6,0.0,0.0,32.6,0.6,0.0,0.0,0.0,0.0,0.0,"S1 valid footprint of the date, owned zone area, outside the p42 cut rectangles (Inhulets rows: inside the Inhulets rectangle)","conditional POD outside the normally-wet class (POD | observable dry-background domain): a diagnostic conditional agreement, NOT a corrected POD; the class was fixed a priori (same-rule pre-breach potential) before any comparison was read",565.8,1.0,0.0,0.0,"footprint_km2 and coverage from the p94 S1 footprint of the same date and region (observable domain of p94, close to but not identical with the T13 domain); CSI_chance = CSI of the two areas placed independently in the footprint; heidke_skill = Heidke skill score of the 2x2 table"
connected_ceiling_dem_uncorrected,2023-06-21,P42_FLOODPLAIN_DOMAIN,22.6,3.0,0.1,22.5,5.4,2.9,0.004,0.967,0.004,0.006,"S1 valid footprint of the date, owned zone area, outside the p42 cut rectangles (Inhulets rows: inside the Inhulets rectangle)","conditional POD outside the normally-wet class (POD | observable dry-background domain): a diagnostic conditional agreement, NOT a corrected POD; the class was fixed a priori (same-rule pre-breach potential) before any comparison was read",533.4,0.991,0.005,-0.002,"footprint_km2 and coverage from the p94 S1 footprint of the same date and region (observable domain of p94, close to but not identical with the T13 domain); CSI_chance = CSI of the two areas placed independently in the footprint; heidke_skill = Heidke skill score of the 2x2 table"
connected_ceiling_dem_uncorrected,2023-06-25,DNIPRO_CORRIDOR,112.7,0.0,0.0,112.7,3.7,0.0,0.0,0.0,0.0,0.0,"S1 valid footprint of the date, owned zone area, outside the p42 cut rectangles (Inhulets rows: inside the Inhulets rectangle)","conditional POD outside the normally-wet class (POD | observable dry-background domain): a diagnostic conditional agreement, NOT a corrected POD; the class was fixed a priori (same-rule pre-breach potential) before any comparison was read",2743.7,1.0,0.0,0.0,"footprint_km2 and coverage from the p94 S1 footprint of the same date and region (observable domain of p94, close to but not identical with the T13 domain); CSI_chance = CSI of the two areas placed independently in the footprint; heidke_skill = Heidke skill score of the 2x2 table"
connected_ceiling_dem_uncorrected,2023-06-25,INHULETS_VALLEY_rect,25.9,0.0,0.0,25.9,0.4,0.0,0.0,0.0,0.0,0.0,"S1 valid footprint of the date, owned zone area, outside the p42 cut rectangles (Inhulets rows: inside the Inhulets rectangle)","conditional POD outside the normally-wet class (POD | observable dry-background domain): a diagnostic conditional agreement, NOT a corrected POD; the class was fixed a priori (same-rule pre-breach potential) before any comparison was read",565.8,1.0,0.0,0.0,"footprint_km2 and coverage from the p94 S1 footprint of the same date and region (observable domain of p94, close to but not identical with the T13 domain); CSI_chance = CSI of the two areas placed independently in the footprint; heidke_skill = Heidke skill score of the 2x2 table"
connected_ceiling_dem_uncorrected,2023-06-25,P42_FLOODPLAIN_DOMAIN,19.2,0.0,0.0,19.2,3.6,0.0,0.0,0.0,0.0,0.0,"S1 valid footprint of the date, owned zone area, outside the p42 cut rectangles (Inhulets rows: inside the Inhulets rectangle)","conditional POD outside the normally-wet class (POD | observable dry-background domain): a diagnostic conditional agreement, NOT a corrected POD; the class was fixed a priori (same-rule pre-breach potential) before any comparison was read",538.5,1.0,0.0,-0.0,"footprint_km2 and coverage from the p94 S1 footprint of the same date and region (observable domain of p94, close to but not identical with the T13 domain); CSI_chance = CSI of the two areas placed independently in the footprint; heidke_skill = Heidke skill score of the 2x2 table"
connected_ceiling_dem_uncorrected,2023-06-26,DNIPRO_CORRIDOR,23.3,0.0,0.0,23.3,4.3,0.0,0.0,0.0,0.0,0.0,"S1 valid footprint of the date, owned zone area, outside the p42 cut rectangles (Inhulets rows: inside the Inhulets rectangle)","conditional POD outside the normally-wet class (POD | observable dry-background domain): a diagnostic conditional agreement, NOT a corrected POD; the class was fixed a priori (same-rule pre-breach potential) before any comparison was read",2612.2,0.952,0.0,0.0,"footprint_km2 and coverage from the p94 S1 footprint of the same date and region (observable domain of p94, close to but not identical with the T13 domain); CSI_chance = CSI of the two areas placed independently in the footprint; heidke_skill = Heidke skill score of the 2x2 table"
connected_ceiling_dem_uncorrected,2023-06-26,INHULETS_VALLEY_rect,23.3,0.0,0.0,23.3,0.1,0.0,0.0,0.0,0.0,0.0,"S1 valid footprint of the date, owned zone area, outside the p42 cut rectangles (Inhulets rows: inside the Inhulets rectangle)","conditional POD outside the normally-wet class (POD | observable dry-background domain): a diagnostic conditional agreement, NOT a corrected POD; the class was fixed a priori (same-rule pre-breach potential) before any comparison was read",565.8,1.0,0.0,0.0,"footprint_km2 and coverage from the p94 S1 footprint of the same date and region (observable domain of p94, close to but not identical with the T13 domain); CSI_chance = CSI of the two areas placed independently in the footprint; heidke_skill = Heidke skill score of the 2x2 table"
connected_ceiling_dem_uncorrected,2023-06-26,P42_FLOODPLAIN_DOMAIN,14.9,0.0,0.0,14.9,4.199999999999999,0.0,0.0,0.0,0.0,0.0,"S1 valid footprint of the date, owned zone area, outside the p42 cut rectangles (Inhulets rows: inside the Inhulets rectangle)","conditional POD outside the normally-wet class (POD | observable dry-background domain): a diagnostic conditional agreement, NOT a corrected POD; the class was fixed a priori (same-rule pre-breach potential) before any comparison was read",538.5,1.0,0.0,0.0,"footprint_km2 and coverage from the p94 S1 footprint of the same date and region (observable domain of p94, close to but not identical with the T13 domain); CSI_chance = CSI of the two areas placed independently in the footprint; heidke_skill = Heidke skill score of the 2x2 table"
connected_ceiling_dem_uncorrected,2023-06-30,DNIPRO_CORRIDOR,64.2,0.0,0.0,64.2,2.2,0.0,0.0,0.0,0.0,0.0,"S1 valid footprint of the date, owned zone area, outside the p42 cut rectangles (Inhulets rows: inside the Inhulets rectangle)","conditional POD outside the normally-wet class (POD | observable dry-background domain): a diagnostic conditional agreement, NOT a corrected POD; the class was fixed a priori (same-rule pre-breach potential) before any comparison was read",1698.5,0.619,0.0,0.0,"footprint_km2 and coverage from the p94 S1 footprint of the same date and region (observable domain of p94, close to but not identical with the T13 domain); CSI_chance = CSI of the two areas placed independently in the footprint; heidke_skill = Heidke skill score of the 2x2 table"
connected_ceiling_dem_uncorrected,2023-06-30,INHULETS_VALLEY_rect,57.9,0.0,0.0,57.9,2.5,0.0,0.0,0.0,0.0,0.0,"S1 valid footprint of the date, owned zone area, outside the p42 cut rectangles (Inhulets rows: inside the Inhulets rectangle)","conditional POD outside the normally-wet class (POD | observable dry-background domain): a diagnostic conditional agreement, NOT a corrected POD; the class was fixed a priori (same-rule pre-breach potential) before any comparison was read",470.1,0.831,0.0,-0.0,"footprint_km2 and coverage from the p94 S1 footprint of the same date and region (observable domain of p94, close to but not identical with the T13 domain); CSI_chance = CSI of the two areas placed independently in the footprint; heidke_skill = Heidke skill score of the 2x2 table"
connected_ceiling_dem_uncorrected,2023-06-30,P42_FLOODPLAIN_DOMAIN,13.5,0.0,0.0,13.5,1.5,0.0,0.0,0.0,0.0,0.0,"S1 valid footprint of the date, owned zone area, outside the p42 cut rectangles (Inhulets rows: inside the Inhulets rectangle)","conditional POD outside the normally-wet class (POD | observable dry-background domain): a diagnostic conditional agreement, NOT a corrected POD; the class was fixed a priori (same-rule pre-breach potential) before any comparison was read",336.0,0.624,0.0,0.0,"footprint_km2 and coverage from the p94 S1 footprint of the same date and region (observable domain of p94, close to but not identical with the T13 domain); CSI_chance = CSI of the two areas placed independently in the footprint; heidke_skill = Heidke skill score of the 2x2 table"
"connected_ceiling (superseded closure, +0.5 m)",2023-06-01,DNIPRO_CORRIDOR,0.0,119.5,0.0,0.0,0.0,119.5,0.0,1.0,0.0,0.0,"S1 valid footprint of the date, owned zone area, outside the p42 cut rectangles (Inhulets rows: inside the Inhulets rectangle)","conditional POD outside the normally-wet class (POD | observable dry-background domain): a diagnostic conditional agreement, NOT a corrected POD; the class was fixed a priori (same-rule pre-breach potential) before any comparison was read",2743.7,1.0,0.0,-0.0,"footprint_km2 and coverage from the p94 S1 footprint of the same date and region (observable domain of p94, close to but not identical with the T13 domain); CSI_chance = CSI of the two areas placed independently in the footprint; heidke_skill = Heidke skill score of the 2x2 table"
"connected_ceiling (superseded closure, +0.5 m)",2023-06-01,INHULETS_VALLEY_rect,0.0,4.9,0.0,0.0,0.0,4.9,0.0,1.0,0.0,0.0,"S1 valid footprint of the date, owned zone area, outside the p42 cut rectangles (Inhulets rows: inside the Inhulets rectangle)","conditional POD outside the normally-wet class (POD | observable dry-background domain): a diagnostic conditional agreement, NOT a corrected POD; the class was fixed a priori (same-rule pre-breach potential) before any comparison was read",565.8,1.0,0.0,0.0,"footprint_km2 and coverage from the p94 S1 footprint of the same date and region (observable domain of p94, close to but not identical with the T13 domain); CSI_chance = CSI of the two areas placed independently in the footprint; heidke_skill = Heidke skill score of the 2x2 table"
"connected_ceiling (superseded closure, +0.5 m)",2023-06-01,P42_FLOODPLAIN_DOMAIN,0.0,62.0,0.0,0.0,0.0,62.0,0.0,1.0,0.0,0.0,"S1 valid footprint of the date, owned zone area, outside the p42 cut rectangles (Inhulets rows: inside the Inhulets rectangle)","conditional POD outside the normally-wet class (POD | observable dry-background domain): a diagnostic conditional agreement, NOT a corrected POD; the class was fixed a priori (same-rule pre-breach potential) before any comparison was read",538.5,1.0,0.0,0.0,"footprint_km2 and coverage from the p94 S1 footprint of the same date and region (observable domain of p94, close to but not identical with the T13 domain); CSI_chance = CSI of the two areas placed independently in the footprint; heidke_skill = Heidke skill score of the 2x2 table"
"connected_ceiling (superseded closure, +0.5 m)",2023-06-02,DNIPRO_CORRIDOR,0.0,121.3,0.0,0.0,0.0,121.3,0.0,1.0,0.0,0.0,"S1 valid footprint of the date, owned zone area, outside the p42 cut rectangles (Inhulets rows: inside the Inhulets rectangle)","conditional POD outside the normally-wet class (POD | observable dry-background domain): a diagnostic conditional agreement, NOT a corrected POD; the class was fixed a priori (same-rule pre-breach potential) before any comparison was read",2608.1,0.951,0.0,-0.0,"footprint_km2 and coverage from the p94 S1 footprint of the same date and region (observable domain of p94, close to but not identical with the T13 domain); CSI_chance = CSI of the two areas placed independently in the footprint; heidke_skill = Heidke skill score of the 2x2 table"
"connected_ceiling (superseded closure, +0.5 m)",2023-06-02,INHULETS_VALLEY_rect,0.0,5.8,0.0,0.0,0.0,5.8,0.0,1.0,0.0,0.0,"S1 valid footprint of the date, owned zone area, outside the p42 cut rectangles (Inhulets rows: inside the Inhulets rectangle)","conditional POD outside the normally-wet class (POD | observable dry-background domain): a diagnostic conditional agreement, NOT a corrected POD; the class was fixed a priori (same-rule pre-breach potential) before any comparison was read",565.8,1.0,0.0,-0.0,"footprint_km2 and coverage from the p94 S1 footprint of the same date and region (observable domain of p94, close to but not identical with the T13 domain); CSI_chance = CSI of the two areas placed independently in the footprint; heidke_skill = Heidke skill score of the 2x2 table"
"connected_ceiling (superseded closure, +0.5 m)",2023-06-02,P42_FLOODPLAIN_DOMAIN,0.0,63.1,0.0,0.0,0.0,63.1,0.0,1.0,0.0,0.0,"S1 valid footprint of the date, owned zone area, outside the p42 cut rectangles (Inhulets rows: inside the Inhulets rectangle)","conditional POD outside the normally-wet class (POD | observable dry-background domain): a diagnostic conditional agreement, NOT a corrected POD; the class was fixed a priori (same-rule pre-breach potential) before any comparison was read",538.5,1.0,0.0,0.0,"footprint_km2 and coverage from the p94 S1 footprint of the same date and region (observable domain of p94, close to but not identical with the T13 domain); CSI_chance = CSI of the two areas placed independently in the footprint; heidke_skill = Heidke skill score of the 2x2 table"
"connected_ceiling (superseded closure, +0.5 m)",2023-06-06,DNIPRO_CORRIDOR,30.3,194.1,1.3,29.1,7.1000000000000005,192.9,0.043,0.993,0.006,0.056,"S1 valid footprint of the date, owned zone area, outside the p42 cut rectangles (Inhulets rows: inside the Inhulets rectangle)","conditional POD outside the normally-wet class (POD | observable dry-background domain): a diagnostic conditional agreement, NOT a corrected POD; the class was fixed a priori (same-rule pre-breach potential) before any comparison was read",1697.4,0.619,0.016,-0.021,"footprint_km2 and coverage from the p94 S1 footprint of the same date and region (observable domain of p94, close to but not identical with the T13 domain); CSI_chance = CSI of the two areas placed independently in the footprint; heidke_skill = Heidke skill score of the 2x2 table"
"connected_ceiling (superseded closure, +0.5 m)",2023-06-06,INHULETS_VALLEY_rect,4.7,15.1,0.2,4.5,0.3,14.9,0.043,0.987,0.01,0.045,"S1 valid footprint of the date, owned zone area, outside the p42 cut rectangles (Inhulets rows: inside the Inhulets rectangle)","conditional POD outside the normally-wet class (POD | observable dry-background domain): a diagnostic conditional agreement, NOT a corrected POD; the class was fixed a priori (same-rule pre-breach potential) before any comparison was read",468.9,0.829,0.008,0.005,"footprint_km2 and coverage from the p94 S1 footprint of the same date and region (observable domain of p94, close to but not identical with the T13 domain); CSI_chance = CSI of the two areas placed independently in the footprint; heidke_skill = Heidke skill score of the 2x2 table"
"connected_ceiling (superseded closure, +0.5 m)",2023-06-06,P42_FLOODPLAIN_DOMAIN,8.5,122.2,1.2000000000000002,7.300000000000001,7.0,121.1,0.141,0.99,0.009,0.8,"S1 valid footprint of the date, owned zone area, outside the p42 cut rectangles (Inhulets rows: inside the Inhulets rectangle)","conditional POD outside the normally-wet class (POD | observable dry-background domain): a diagnostic conditional agreement, NOT a corrected POD; the class was fixed a priori (same-rule pre-breach potential) before any comparison was read",335.7,0.623,0.024,-0.031,"footprint_km2 and coverage from the p94 S1 footprint of the same date and region (observable domain of p94, close to but not identical with the T13 domain); CSI_chance = CSI of the two areas placed independently in the footprint; heidke_skill = Heidke skill score of the 2x2 table"
"connected_ceiling (superseded closure, +0.5 m)",2023-06-09,DNIPRO_CORRIDOR,319.4,268.3,119.5,199.9,123.4,148.7,0.374,0.554,0.255,0.61,"S1 valid footprint of the date, owned zone area, outside the p42 cut rectangles (Inhulets rows: inside the Inhulets rectangle)","conditional POD outside the normally-wet class (POD | observable dry-background domain): a diagnostic conditional agreement, NOT a corrected POD; the class was fixed a priori (same-rule pre-breach potential) before any comparison was read",2574.8,0.938,0.06,0.331,"footprint_km2 and coverage from the p94 S1 footprint of the same date and region (observable domain of p94, close to but not identical with the T13 domain); CSI_chance = CSI of the two areas placed independently in the footprint; heidke_skill = Heidke skill score of the 2x2 table"
"connected_ceiling (superseded closure, +0.5 m)",2023-06-09,INHULETS_VALLEY_rect,36.2,22.2,14.4,21.8,13.8,7.8,0.398,0.351,0.327,0.643,"S1 valid footprint of the date, owned zone area, outside the p42 cut rectangles (Inhulets rows: inside the Inhulets rectangle)","conditional POD outside the normally-wet class (POD | observable dry-background domain): a diagnostic conditional agreement, NOT a corrected POD; the class was fixed a priori (same-rule pre-breach potential) before any comparison was read",565.8,1.0,0.025,0.467,"footprint_km2 and coverage from the p94 S1 footprint of the same date and region (observable domain of p94, close to but not identical with the T13 domain); CSI_chance = CSI of the two areas placed independently in the footprint; heidke_skill = Heidke skill score of the 2x2 table"
"connected_ceiling (superseded closure, +0.5 m)",2023-06-09,P42_FLOODPLAIN_DOMAIN,201.2,167.8,83.9,117.2,114.7,83.9,0.417,0.5,0.294,0.971,"S1 valid footprint of the date, owned zone area, outside the p42 cut rectangles (Inhulets rows: inside the Inhulets rectangle)","conditional POD outside the normally-wet class (POD | observable dry-background domain): a diagnostic conditional agreement, NOT a corrected POD; the class was fixed a priori (same-rule pre-breach potential) before any comparison was read",533.4,0.991,0.207,0.17,"footprint_km2 and coverage from the p94 S1 footprint of the same date and region (observable domain of p94, close to but not identical with the T13 domain); CSI_chance = CSI of the two areas placed independently in the footprint; heidke_skill = Heidke skill score of the 2x2 table"
"connected_ceiling (superseded closure, +0.5 m)",2023-06-13,DNIPRO_CORRIDOR,164.89999999999998,211.2,51.0,113.8,104.1,160.2,0.309,0.759,0.157,0.84,"S1 valid footprint of the date, owned zone area, outside the p42 cut rectangles (Inhulets rows: inside the Inhulets rectangle)","conditional POD outside the normally-wet class (POD | observable dry-background domain): a diagnostic conditional agreement, NOT a corrected POD; the class was fixed a priori (same-rule pre-breach potential) before any comparison was read",2743.7,1.0,0.035,0.219,"footprint_km2 and coverage from the p94 S1 footprint of the same date and region (observable domain of p94, close to but not identical with the T13 domain); CSI_chance = CSI of the two areas placed independently in the footprint; heidke_skill = Heidke skill score of the 2x2 table"
"connected_ceiling (superseded closure, +0.5 m)",2023-06-13,INHULETS_VALLEY_rect,27.0,17.5,12.3,14.7,14.2,5.2,0.456,0.297,0.382,0.961,"S1 valid footprint of the date, owned zone area, outside the p42 cut rectangles (Inhulets rows: inside the Inhulets rectangle)","conditional POD outside the normally-wet class (POD | observable dry-background domain): a diagnostic conditional agreement, NOT a corrected POD; the class was fixed a priori (same-rule pre-breach potential) before any comparison was read",565.8,1.0,0.019,0.535,"footprint_km2 and coverage from the p94 S1 footprint of the same date and region (observable domain of p94, close to but not identical with the T13 domain); CSI_chance = CSI of the two areas placed independently in the footprint; heidke_skill = Heidke skill score of the 2x2 table"
"connected_ceiling (superseded closure, +0.5 m)",2023-06-13,P42_FLOODPLAIN_DOMAIN,147.3,138.2,46.3,101.1,99.0,92.0,0.314,0.665,0.193,0.957,"S1 valid footprint of the date, owned zone area, outside the p42 cut rectangles (Inhulets rows: inside the Inhulets rectangle)","conditional POD outside the normally-wet class (POD | observable dry-background domain): a diagnostic conditional agreement, NOT a corrected POD; the class was fixed a priori (same-rule pre-breach potential) before any comparison was read",538.5,1.0,0.153,0.08,"footprint_km2 and coverage from the p94 S1 footprint of the same date and region (observable domain of p94, close to but not identical with the T13 domain); CSI_chance = CSI of the two areas placed independently in the footprint; heidke_skill = Heidke skill score of the 2x2 table"
"connected_ceiling (superseded closure, +0.5 m)",2023-06-14,DNIPRO_CORRIDOR,99.3,191.4,21.9,77.4,55.2,169.39999999999998,0.221,0.886,0.082,0.497,"S1 valid footprint of the date, owned zone area, outside the p42 cut rectangles (Inhulets rows: inside the Inhulets rectangle)","conditional POD outside the normally-wet class (POD | observable dry-background domain): a diagnostic conditional agreement, NOT a corrected POD; the class was fixed a priori (same-rule pre-breach potential) before any comparison was read",2608.8,0.951,0.026,0.106,"footprint_km2 and coverage from the p94 S1 footprint of the same date and region (observable domain of p94, close to but not identical with the T13 domain); CSI_chance = CSI of the two areas placed independently in the footprint; heidke_skill = Heidke skill score of the 2x2 table"
"connected_ceiling (superseded closure, +0.5 m)",2023-06-14,INHULETS_VALLEY_rect,25.4,16.4,10.7,14.7,13.8,5.7,0.421,0.348,0.344,0.922,"S1 valid footprint of the date, owned zone area, outside the p42 cut rectangles (Inhulets rows: inside the Inhulets rectangle)","conditional POD outside the normally-wet class (POD | observable dry-background domain): a diagnostic conditional agreement, NOT a corrected POD; the class was fixed a priori (same-rule pre-breach potential) before any comparison was read",565.8,1.0,0.018,0.494,"footprint_km2 and coverage from the p94 S1 footprint of the same date and region (observable domain of p94, close to but not identical with the T13 domain); CSI_chance = CSI of the two areas placed independently in the footprint; heidke_skill = Heidke skill score of the 2x2 table"
"connected_ceiling (superseded closure, +0.5 m)",2023-06-14,P42_FLOODPLAIN_DOMAIN,74.0,125.5,19.9,54.1,51.400000000000006,105.6,0.269,0.841,0.111,0.881,"S1 valid footprint of the date, owned zone area, outside the p42 cut rectangles (Inhulets rows: inside the Inhulets rectangle)","conditional POD outside the normally-wet class (POD | observable dry-background domain): a diagnostic conditional agreement, NOT a corrected POD; the class was fixed a priori (same-rule pre-breach potential) before any comparison was read",538.5,1.0,0.095,0.032,"footprint_km2 and coverage from the p94 S1 footprint of the same date and region (observable domain of p94, close to but not identical with the T13 domain); CSI_chance = CSI of the two areas placed independently in the footprint; heidke_skill = Heidke skill score of the 2x2 table"
"connected_ceiling (superseded closure, +0.5 m)",2023-06-18,DNIPRO_CORRIDOR,53.6,121.7,0.7999999999999999,52.8,3.8,120.8,0.015,0.993,0.005,0.016,"S1 valid footprint of the date, owned zone area, outside the p42 cut rectangles (Inhulets rows: inside the Inhulets rectangle)","conditional POD outside the normally-wet class (POD | observable dry-background domain): a diagnostic conditional agreement, NOT a corrected POD; the class was fixed a priori (same-rule pre-breach potential) before any comparison was read",1694.5,0.618,0.022,-0.036,"footprint_km2 and coverage from the p94 S1 footprint of the same date and region (observable domain of p94, close to but not identical with the T13 domain); CSI_chance = CSI of the two areas placed independently in the footprint; heidke_skill = Heidke skill score of the 2x2 table"
"connected_ceiling (superseded closure, +0.5 m)",2023-06-18,INHULETS_VALLEY_rect,18.1,11.5,4.2,13.9,5.0,7.2,0.232,0.632,0.166,0.321,"S1 valid footprint of the date, owned zone area, outside the p42 cut rectangles (Inhulets rows: inside the Inhulets rectangle)","conditional POD outside the normally-wet class (POD | observable dry-background domain): a diagnostic conditional agreement, NOT a corrected POD; the class was fixed a priori (same-rule pre-breach potential) before any comparison was read",465.3,0.822,0.015,0.265,"footprint_km2 and coverage from the p94 S1 footprint of the same date and region (observable domain of p94, close to but not identical with the T13 domain); CSI_chance = CSI of the two areas placed independently in the footprint; heidke_skill = Heidke skill score of the 2x2 table"
"connected_ceiling (superseded closure, +0.5 m)",2023-06-18,P42_FLOODPLAIN_DOMAIN,9.9,69.1,0.5,9.4,3.6,68.5,0.051,0.993,0.006,0.079,"S1 valid footprint of the date, owned zone area, outside the p42 cut rectangles (Inhulets rows: inside the Inhulets rectangle)","conditional POD outside the normally-wet class (POD | observable dry-background domain): a diagnostic conditional agreement, NOT a corrected POD; the class was fixed a priori (same-rule pre-breach potential) before any comparison was read",334.8,0.622,0.027,-0.04,"footprint_km2 and coverage from the p94 S1 footprint of the same date and region (observable domain of p94, close to but not identical with the T13 domain); CSI_chance = CSI of the two areas placed independently in the footprint; heidke_skill = Heidke skill score of the 2x2 table"
"connected_ceiling (superseded closure, +0.5 m)",2023-06-21,DNIPRO_CORRIDOR,186.3,113.0,1.3,185.0,9.2,111.7,0.007,0.988,0.004,0.007,"S1 valid footprint of the date, owned zone area, outside the p42 cut rectangles (Inhulets rows: inside the Inhulets rectangle)","conditional POD outside the normally-wet class (POD | observable dry-background domain): a diagnostic conditional agreement, NOT a corrected POD; the class was fixed a priori (same-rule pre-breach potential) before any comparison was read",2570.9,0.937,0.028,-0.049,"footprint_km2 and coverage from the p94 S1 footprint of the same date and region (observable domain of p94, close to but not identical with the T13 domain); CSI_chance = CSI of the two areas placed independently in the footprint; heidke_skill = Heidke skill score of the 2x2 table"
"connected_ceiling (superseded closure, +0.5 m)",2023-06-21,INHULETS_VALLEY_rect,32.6,4.5,0.5,32.1,0.8,4.0,0.015,0.889,0.014,0.016,"S1 valid footprint of the date, owned zone area, outside the p42 cut rectangles (Inhulets rows: inside the Inhulets rectangle)","conditional POD outside the normally-wet class (POD | observable dry-background domain): a diagnostic conditional agreement, NOT a corrected POD; the class was fixed a priori (same-rule pre-breach potential) before any comparison was read",565.8,1.0,0.007,0.013,"footprint_km2 and coverage from the p94 S1 footprint of the same date and region (observable domain of p94, close to but not identical with the T13 domain); CSI_chance = CSI of the two areas placed independently in the footprint; heidke_skill = Heidke skill score of the 2x2 table"
"connected_ceiling (superseded closure, +0.5 m)",2023-06-21,P42_FLOODPLAIN_DOMAIN,22.6,63.1,1.0,21.6,8.8,62.2,0.044,0.984,0.012,0.072,"S1 valid footprint of the date, owned zone area, outside the p42 cut rectangles (Inhulets rows: inside the Inhulets rectangle)","conditional POD outside the normally-wet class (POD | observable dry-background domain): a diagnostic conditional agreement, NOT a corrected POD; the class was fixed a priori (same-rule pre-breach potential) before any comparison was read",533.4,0.991,0.032,-0.043,"footprint_km2 and coverage from the p94 S1 footprint of the same date and region (observable domain of p94, close to but not identical with the T13 domain); CSI_chance = CSI of the two areas placed independently in the footprint; heidke_skill = Heidke skill score of the 2x2 table"
"connected_ceiling (superseded closure, +0.5 m)",2023-06-25,DNIPRO_CORRIDOR,112.7,101.3,0.4,112.2,6.4,100.9,0.004,0.996,0.002,0.004,"S1 valid footprint of the date, owned zone area, outside the p42 cut rectangles (Inhulets rows: inside the Inhulets rectangle)","conditional POD outside the normally-wet class (POD | observable dry-background domain): a diagnostic conditional agreement, NOT a corrected POD; the class was fixed a priori (same-rule pre-breach potential) before any comparison was read",2743.7,1.0,0.02,-0.036,"footprint_km2 and coverage from the p94 S1 footprint of the same date and region (observable domain of p94, close to but not identical with the T13 domain); CSI_chance = CSI of the two areas placed independently in the footprint; heidke_skill = Heidke skill score of the 2x2 table"
"connected_ceiling (superseded closure, +0.5 m)",2023-06-25,INHULETS_VALLEY_rect,25.9,0.4,0.0,25.9,0.6,0.4,0.0,1.0,0.0,0.0,"S1 valid footprint of the date, owned zone area, outside the p42 cut rectangles (Inhulets rows: inside the Inhulets rectangle)","conditional POD outside the normally-wet class (POD | observable dry-background domain): a diagnostic conditional agreement, NOT a corrected POD; the class was fixed a priori (same-rule pre-breach potential) before any comparison was read",565.8,1.0,0.001,-0.001,"footprint_km2 and coverage from the p94 S1 footprint of the same date and region (observable domain of p94, close to but not identical with the T13 domain); CSI_chance = CSI of the two areas placed independently in the footprint; heidke_skill = Heidke skill score of the 2x2 table"
"connected_ceiling (superseded closure, +0.5 m)",2023-06-25,P42_FLOODPLAIN_DOMAIN,19.2,47.5,0.2,19.0,6.1,47.2,0.01,0.996,0.003,0.015,"S1 valid footprint of the date, owned zone area, outside the p42 cut rectangles (Inhulets rows: inside the Inhulets rectangle)","conditional POD outside the normally-wet class (POD | observable dry-background domain): a diagnostic conditional agreement, NOT a corrected POD; the class was fixed a priori (same-rule pre-breach potential) before any comparison was read",538.5,1.0,0.026,-0.046,"footprint_km2 and coverage from the p94 S1 footprint of the same date and region (observable domain of p94, close to but not identical with the T13 domain); CSI_chance = CSI of the two areas placed independently in the footprint; heidke_skill = Heidke skill score of the 2x2 table"
"connected_ceiling (superseded closure, +0.5 m)",2023-06-26,DNIPRO_CORRIDOR,23.3,99.7,0.3,22.9,6.800000000000001,99.4,0.013,0.997,0.002,0.018,"S1 valid footprint of the date, owned zone area, outside the p42 cut rectangles (Inhulets rows: inside the Inhulets rectangle)","conditional POD outside the normally-wet class (POD | observable dry-background domain): a diagnostic conditional agreement, NOT a corrected POD; the class was fixed a priori (same-rule pre-breach potential) before any comparison was read",2612.2,0.952,0.007,-0.009,"footprint_km2 and coverage from the p94 S1 footprint of the same date and region (observable domain of p94, close to but not identical with the T13 domain); CSI_chance = CSI of the two areas placed independently in the footprint; heidke_skill = Heidke skill score of the 2x2 table"
"connected_ceiling (superseded closure, +0.5 m)",2023-06-26,INHULETS_VALLEY_rect,23.3,0.6,0.1,23.3,0.4,0.5,0.004,0.833,0.004,0.004,"S1 valid footprint of the date, owned zone area, outside the p42 cut rectangles (Inhulets rows: inside the Inhulets rectangle)","conditional POD outside the normally-wet class (POD | observable dry-background domain): a diagnostic conditional agreement, NOT a corrected POD; the class was fixed a priori (same-rule pre-breach potential) before any comparison was read",565.8,1.0,0.001,0.002,"footprint_km2 and coverage from the p94 S1 footprint of the same date and region (observable domain of p94, close to but not identical with the T13 domain); CSI_chance = CSI of the two areas placed independently in the footprint; heidke_skill = Heidke skill score of the 2x2 table"
"connected_ceiling (superseded closure, +0.5 m)",2023-06-26,P42_FLOODPLAIN_DOMAIN,14.9,45.7,0.1,14.7,6.6000000000000005,45.6,0.007,0.998,0.002,0.012,"S1 valid footprint of the date, owned zone area, outside the p42 cut rectangles (Inhulets rows: inside the Inhulets rectangle)","conditional POD outside the normally-wet class (POD | observable dry-background domain): a diagnostic conditional agreement, NOT a corrected POD; the class was fixed a priori (same-rule pre-breach potential) before any comparison was read",538.5,1.0,0.021,-0.038,"footprint_km2 and coverage from the p94 S1 footprint of the same date and region (observable domain of p94, close to but not identical with the T13 domain); CSI_chance = CSI of the two areas placed independently in the footprint; heidke_skill = Heidke skill score of the 2x2 table"
"connected_ceiling (superseded closure, +0.5 m)",2023-06-30,DNIPRO_CORRIDOR,64.2,108.5,1.9,62.3,5.8,106.6,0.03,0.982,0.011,0.033,"S1 valid footprint of the date, owned zone area, outside the p42 cut rectangles (Inhulets rows: inside the Inhulets rectangle)","conditional POD outside the normally-wet class (POD | observable dry-background domain): a diagnostic conditional agreement, NOT a corrected POD; the class was fixed a priori (same-rule pre-breach potential) before any comparison was read",1698.5,0.619,0.024,-0.027,"footprint_km2 and coverage from the p94 S1 footprint of the same date and region (observable domain of p94, close to but not identical with the T13 domain); CSI_chance = CSI of the two areas placed independently in the footprint; heidke_skill = Heidke skill score of the 2x2 table"
"connected_ceiling (superseded closure, +0.5 m)",2023-06-30,INHULETS_VALLEY_rect,57.9,0.6,0.1,57.8,2.9,0.5,0.002,0.833,0.002,0.002,"S1 valid footprint of the date, owned zone area, outside the p42 cut rectangles (Inhulets rows: inside the Inhulets rectangle)","conditional POD outside the normally-wet class (POD | observable dry-background domain): a diagnostic conditional agreement, NOT a corrected POD; the class was fixed a priori (same-rule pre-breach potential) before any comparison was read",470.1,0.831,0.001,0.001,"footprint_km2 and coverage from the p94 S1 footprint of the same date and region (observable domain of p94, close to but not identical with the T13 domain); CSI_chance = CSI of the two areas placed independently in the footprint; heidke_skill = Heidke skill score of the 2x2 table"
"connected_ceiling (superseded closure, +0.5 m)",2023-06-30,P42_FLOODPLAIN_DOMAIN,13.5,49.9,0.7,12.8,4.6,49.2,0.052,0.986,0.011,0.079,"S1 valid footprint of the date, owned zone area, outside the p42 cut rectangles (Inhulets rows: inside the Inhulets rectangle)","conditional POD outside the normally-wet class (POD | observable dry-background domain): a diagnostic conditional agreement, NOT a corrected POD; the class was fixed a priori (same-rule pre-breach potential) before any comparison was read",336.0,0.624,0.033,-0.044,"footprint_km2 and coverage from the p94 S1 footprint of the same date and region (observable domain of p94, close to but not identical with the T13 domain); CSI_chance = CSI of the two areas placed independently in the footprint; heidke_skill = Heidke skill score of the 2x2 table"
connected_ceiling_conn4,2023-06-01,DNIPRO_CORRIDOR,0.0,0.0,0.0,0.0,0.0,0.0,0.0,0.0,0.0,0.0,"S1 valid footprint of the date, owned zone area, outside the p42 cut rectangles (Inhulets rows: inside the Inhulets rectangle)","conditional POD outside the normally-wet class (POD | observable dry-background domain): a diagnostic conditional agreement, NOT a corrected POD; the class was fixed a priori (same-rule pre-breach potential) before any comparison was read",2743.7,1.0,,,"footprint_km2 and coverage from the p94 S1 footprint of the same date and region (observable domain of p94, close to but not identical with the T13 domain); CSI_chance = CSI of the two areas placed independently in the footprint; heidke_skill = Heidke skill score of the 2x2 table"
connected_ceiling_conn4,2023-06-01,INHULETS_VALLEY_rect,0.0,0.0,0.0,0.0,0.0,0.0,0.0,0.0,0.0,0.0,"S1 valid footprint of the date, owned zone area, outside the p42 cut rectangles (Inhulets rows: inside the Inhulets rectangle)","conditional POD outside the normally-wet class (POD | observable dry-background domain): a diagnostic conditional agreement, NOT a corrected POD; the class was fixed a priori (same-rule pre-breach potential) before any comparison was read",565.8,1.0,,,"footprint_km2 and coverage from the p94 S1 footprint of the same date and region (observable domain of p94, close to but not identical with the T13 domain); CSI_chance = CSI of the two areas placed independently in the footprint; heidke_skill = Heidke skill score of the 2x2 table"
connected_ceiling_conn4,2023-06-01,P42_FLOODPLAIN_DOMAIN,0.0,0.0,0.0,0.0,0.0,0.0,0.0,0.0,0.0,0.0,"S1 valid footprint of the date, owned zone area, outside the p42 cut rectangles (Inhulets rows: inside the Inhulets rectangle)","conditional POD outside the normally-wet class (POD | observable dry-background domain): a diagnostic conditional agreement, NOT a corrected POD; the class was fixed a priori (same-rule pre-breach potential) before any comparison was read",538.5,1.0,,,"footprint_km2 and coverage from the p94 S1 footprint of the same date and region (observable domain of p94, close to but not identical with the T13 domain); CSI_chance = CSI of the two areas placed independently in the footprint; heidke_skill = Heidke skill score of the 2x2 table"
connected_ceiling_conn4,2023-06-02,DNIPRO_CORRIDOR,0.0,0.0,0.0,0.0,0.0,0.0,0.0,0.0,0.0,0.0,"S1 valid footprint of the date, owned zone area, outside the p42 cut rectangles (Inhulets rows: inside the Inhulets rectangle)","conditional POD outside the normally-wet class (POD | observable dry-background domain): a diagnostic conditional agreement, NOT a corrected POD; the class was fixed a priori (same-rule pre-breach potential) before any comparison was read",2608.1,0.951,,,"footprint_km2 and coverage from the p94 S1 footprint of the same date and region (observable domain of p94, close to but not identical with the T13 domain); CSI_chance = CSI of the two areas placed independently in the footprint; heidke_skill = Heidke skill score of the 2x2 table"
connected_ceiling_conn4,2023-06-02,INHULETS_VALLEY_rect,0.0,0.0,0.0,0.0,0.0,0.0,0.0,0.0,0.0,0.0,"S1 valid footprint of the date, owned zone area, outside the p42 cut rectangles (Inhulets rows: inside the Inhulets rectangle)","conditional POD outside the normally-wet class (POD | observable dry-background domain): a diagnostic conditional agreement, NOT a corrected POD; the class was fixed a priori (same-rule pre-breach potential) before any comparison was read",565.8,1.0,,,"footprint_km2 and coverage from the p94 S1 footprint of the same date and region (observable domain of p94, close to but not identical with the T13 domain); CSI_chance = CSI of the two areas placed independently in the footprint; heidke_skill = Heidke skill score of the 2x2 table"
connected_ceiling_conn4,2023-06-02,P42_FLOODPLAIN_DOMAIN,0.0,0.0,0.0,0.0,0.0,0.0,0.0,0.0,0.0,0.0,"S1 valid footprint of the date, owned zone area, outside the p42 cut rectangles (Inhulets rows: inside the Inhulets rectangle)","conditional POD outside the normally-wet class (POD | observable dry-background domain): a diagnostic conditional agreement, NOT a corrected POD; the class was fixed a priori (same-rule pre-breach potential) before any comparison was read",538.5,1.0,,,"footprint_km2 and coverage from the p94 S1 footprint of the same date and region (observable domain of p94, close to but not identical with the T13 domain); CSI_chance = CSI of the two areas placed independently in the footprint; heidke_skill = Heidke skill score of the 2x2 table"
connected_ceiling_conn4,2023-06-06,DNIPRO_CORRIDOR,30.3,99.1,0.9,29.4,7.300000000000001,98.2,0.03,0.991,0.007,0.039,"S1 valid footprint of the date, owned zone area, outside the p42 cut rectangles (Inhulets rows: inside the Inhulets rectangle)","conditional POD outside the normally-wet class (POD | observable dry-background domain): a diagnostic conditional agreement, NOT a corrected POD; the class was fixed a priori (same-rule pre-breach potential) before any comparison was read",1697.4,0.619,0.014,-0.014,"footprint_km2 and coverage from the p94 S1 footprint of the same date and region (observable domain of p94, close to but not identical with the T13 domain); CSI_chance = CSI of the two areas placed independently in the footprint; heidke_skill = Heidke skill score of the 2x2 table"
connected_ceiling_conn4,2023-06-06,INHULETS_VALLEY_rect,4.7,12.3,0.1,4.5,0.3,12.2,0.022,0.992,0.006,0.023,"S1 valid footprint of the date, owned zone area, outside the p42 cut rectangles (Inhulets rows: inside the Inhulets rectangle)","conditional POD outside the normally-wet class (POD | observable dry-background domain): a diagnostic conditional agreement, NOT a corrected POD; the class was fixed a priori (same-rule pre-breach potential) before any comparison was read",468.9,0.829,0.007,0.003,"footprint_km2 and coverage from the p94 S1 footprint of the same date and region (observable domain of p94, close to but not identical with the T13 domain); CSI_chance = CSI of the two areas placed independently in the footprint; heidke_skill = Heidke skill score of the 2x2 table"
connected_ceiling_conn4,2023-06-06,P42_FLOODPLAIN_DOMAIN,8.5,79.6,0.9,7.5,7.1,78.69999999999999,0.107,0.989,0.01,0.692,"S1 valid footprint of the date, owned zone area, outside the p42 cut rectangles (Inhulets rows: inside the Inhulets rectangle)","conditional POD outside the normally-wet class (POD | observable dry-background domain): a diagnostic conditional agreement, NOT a corrected POD; the class was fixed a priori (same-rule pre-breach potential) before any comparison was read",335.7,0.623,0.023,-0.025,"footprint_km2 and coverage from the p94 S1 footprint of the same date and region (observable domain of p94, close to but not identical with the T13 domain); CSI_chance = CSI of the two areas placed independently in the footprint; heidke_skill = Heidke skill score of the 2x2 table"
connected_ceiling_conn4,2023-06-09,DNIPRO_CORRIDOR,319.4,171.2,59.1,260.4,169.0,112.0,0.185,0.655,0.137,0.393,"S1 valid footprint of the date, owned zone area, outside the p42 cut rectangles (Inhulets rows: inside the Inhulets rectangle)","conditional POD outside the normally-wet class (POD | observable dry-background domain): a diagnostic conditional agreement, NOT a corrected POD; the class was fixed a priori (same-rule pre-breach potential) before any comparison was read",2574.8,0.938,0.045,0.169,"footprint_km2 and coverage from the p94 S1 footprint of the same date and region (observable domain of p94, close to but not identical with the T13 domain); CSI_chance = CSI of the two areas placed independently in the footprint; heidke_skill = Heidke skill score of the 2x2 table"
connected_ceiling_conn4,2023-06-09,INHULETS_VALLEY_rect,36.2,19.4,12.4,23.8,15.7,7.0,0.343,0.361,0.287,0.605,"S1 valid footprint of the date, owned zone area, outside the p42 cut rectangles (Inhulets rows: inside the Inhulets rectangle)","conditional POD outside the normally-wet class (POD | observable dry-background domain): a diagnostic conditional agreement, NOT a corrected POD; the class was fixed a priori (same-rule pre-breach potential) before any comparison was read",565.8,1.0,0.023,0.42,"footprint_km2 and coverage from the p94 S1 footprint of the same date and region (observable domain of p94, close to but not identical with the T13 domain); CSI_chance = CSI of the two areas placed independently in the footprint; heidke_skill = Heidke skill score of the 2x2 table"
connected_ceiling_conn4,2023-06-09,P42_FLOODPLAIN_DOMAIN,201.2,124.9,51.9,149.3,146.3,72.9,0.258,0.584,0.189,0.945,"S1 valid footprint of the date, owned zone area, outside the p42 cut rectangles (Inhulets rows: inside the Inhulets rectangle)","conditional POD outside the normally-wet class (POD | observable dry-background domain): a diagnostic conditional agreement, NOT a corrected POD; the class was fixed a priori (same-rule pre-breach potential) before any comparison was read",533.4,0.991,0.169,0.042,"footprint_km2 and coverage from the p94 S1 footprint of the same date and region (observable domain of p94, close to but not identical with the T13 domain); CSI_chance = CSI of the two areas placed independently in the footprint; heidke_skill = Heidke skill score of the 2x2 table"
connected_ceiling_conn4,2023-06-13,DNIPRO_CORRIDOR,164.89999999999998,111.8,24.7,140.2,128.4,87.0,0.15,0.779,0.098,0.677,"S1 valid footprint of the date, owned zone area, outside the p42 cut rectangles (Inhulets rows: inside the Inhulets rectangle)","conditional POD outside the normally-wet class (POD | observable dry-background domain): a diagnostic conditional agreement, NOT a corrected POD; the class was fixed a priori (same-rule pre-breach potential) before any comparison was read",2743.7,1.0,0.025,0.137,"footprint_km2 and coverage from the p94 S1 footprint of the same date and region (observable domain of p94, close to but not identical with the T13 domain); CSI_chance = CSI of the two areas placed independently in the footprint; heidke_skill = Heidke skill score of the 2x2 table"
connected_ceiling_conn4,2023-06-13,INHULETS_VALLEY_rect,27.0,14.7,10.3,16.7,16.2,4.5,0.381,0.304,0.327,0.954,"S1 valid footprint of the date, owned zone area, outside the p42 cut rectangles (Inhulets rows: inside the Inhulets rectangle)","conditional POD outside the normally-wet class (POD | observable dry-background domain): a diagnostic conditional agreement, NOT a corrected POD; the class was fixed a priori (same-rule pre-breach potential) before any comparison was read",565.8,1.0,0.017,0.474,"footprint_km2 and coverage from the p94 S1 footprint of the same date and region (observable domain of p94, close to but not identical with the T13 domain); CSI_chance = CSI of the two areas placed independently in the footprint; heidke_skill = Heidke skill score of the 2x2 table"
connected_ceiling_conn4,2023-06-13,P42_FLOODPLAIN_DOMAIN,147.3,91.5,23.9,123.5,121.0,67.6,0.162,0.739,0.111,0.905,"S1 valid footprint of the date, owned zone area, outside the p42 cut rectangles (Inhulets rows: inside the Inhulets rectangle)","conditional POD outside the normally-wet class (POD | observable dry-background domain): a diagnostic conditional agreement, NOT a corrected POD; the class was fixed a priori (same-rule pre-breach potential) before any comparison was read",538.5,1.0,0.117,-0.012,"footprint_km2 and coverage from the p94 S1 footprint of the same date and region (observable domain of p94, close to but not identical with the T13 domain); CSI_chance = CSI of the two areas placed independently in the footprint; heidke_skill = Heidke skill score of the 2x2 table"
connected_ceiling_conn4,2023-06-14,DNIPRO_CORRIDOR,99.3,89.9,12.1,87.2,63.5,77.8,0.122,0.865,0.068,0.338,"S1 valid footprint of the date, owned zone area, outside the p42 cut rectangles (Inhulets rows: inside the Inhulets rectangle)","conditional POD outside the normally-wet class (POD | observable dry-background domain): a diagnostic conditional agreement, NOT a corrected POD; the class was fixed a priori (same-rule pre-breach potential) before any comparison was read",2608.8,0.951,0.018,0.095,"footprint_km2 and coverage from the p94 S1 footprint of the same date and region (observable domain of p94, close to but not identical with the T13 domain); CSI_chance = CSI of the two areas placed independently in the footprint; heidke_skill = Heidke skill score of the 2x2 table"
connected_ceiling_conn4,2023-06-14,INHULETS_VALLEY_rect,25.4,13.7,8.8,16.6,15.7,4.9,0.346,0.358,0.29,0.907,"S1 valid footprint of the date, owned zone area, outside the p42 cut rectangles (Inhulets rows: inside the Inhulets rectangle)","conditional POD outside the normally-wet class (POD | observable dry-background domain): a diagnostic conditional agreement, NOT a corrected POD; the class was fixed a priori (same-rule pre-breach potential) before any comparison was read",565.8,1.0,0.016,0.432,"footprint_km2 and coverage from the p94 S1 footprint of the same date and region (observable domain of p94, close to but not identical with the T13 domain); CSI_chance = CSI of the two areas placed independently in the footprint; heidke_skill = Heidke skill score of the 2x2 table"
connected_ceiling_conn4,2023-06-14,P42_FLOODPLAIN_DOMAIN,74.0,76.7,11.8,62.2,58.8,64.8,0.159,0.846,0.085,0.776,"S1 valid footprint of the date, owned zone area, outside the p42 cut rectangles (Inhulets rows: inside the Inhulets rectangle)","conditional POD outside the normally-wet class (POD | observable dry-background domain): a diagnostic conditional agreement, NOT a corrected POD; the class was fixed a priori (same-rule pre-breach potential) before any comparison was read",538.5,1.0,0.075,0.02,"footprint_km2 and coverage from the p94 S1 footprint of the same date and region (observable domain of p94, close to but not identical with the T13 domain); CSI_chance = CSI of the two areas placed independently in the footprint; heidke_skill = Heidke skill score of the 2x2 table"
connected_ceiling_conn4,2023-06-18,DNIPRO_CORRIDOR,53.6,28.0,0.2,53.400000000000006,4.199999999999999,27.7,0.004,0.993,0.002,0.004,"S1 valid footprint of the date, owned zone area, outside the p42 cut rectangles (Inhulets rows: inside the Inhulets rectangle)","conditional POD outside the normally-wet class (POD | observable dry-background domain): a diagnostic conditional agreement, NOT a corrected POD; the class was fixed a priori (same-rule pre-breach potential) before any comparison was read",1694.5,0.618,0.011,-0.016,"footprint_km2 and coverage from the p94 S1 footprint of the same date and region (observable domain of p94, close to but not identical with the T13 domain); CSI_chance = CSI of the two areas placed independently in the footprint; heidke_skill = Heidke skill score of the 2x2 table"
connected_ceiling_conn4,2023-06-18,INHULETS_VALLEY_rect,18.1,7.8,2.9,15.2,6.3,4.9,0.16,0.628,0.126,0.246,"S1 valid footprint of the date, owned zone area, outside the p42 cut rectangles (Inhulets rows: inside the Inhulets rectangle)","conditional POD outside the normally-wet class (POD | observable dry-background domain): a diagnostic conditional agreement, NOT a corrected POD; the class was fixed a priori (same-rule pre-breach potential) before any comparison was read",465.3,0.822,0.012,0.205,"footprint_km2 and coverage from the p94 S1 footprint of the same date and region (observable domain of p94, close to but not identical with the T13 domain); CSI_chance = CSI of the two areas placed independently in the footprint; heidke_skill = Heidke skill score of the 2x2 table"
connected_ceiling_conn4,2023-06-18,P42_FLOODPLAIN_DOMAIN,9.9,24.6,0.2,9.8,3.8,24.4,0.02,0.992,0.006,0.032,"S1 valid footprint of the date, owned zone area, outside the p42 cut rectangles (Inhulets rows: inside the Inhulets rectangle)","conditional POD outside the normally-wet class (POD | observable dry-background domain): a diagnostic conditional agreement, NOT a corrected POD; the class was fixed a priori (same-rule pre-breach potential) before any comparison was read",334.8,0.622,0.022,-0.035,"footprint_km2 and coverage from the p94 S1 footprint of the same date and region (observable domain of p94, close to but not identical with the T13 domain); CSI_chance = CSI of the two areas placed independently in the footprint; heidke_skill = Heidke skill score of the 2x2 table"
connected_ceiling_conn4,2023-06-21,DNIPRO_CORRIDOR,186.3,4.1000000000000005,0.1,186.3,10.0,4.0,0.001,0.976,0.001,0.001,"S1 valid footprint of the date, owned zone area, outside the p42 cut rectangles (Inhulets rows: inside the Inhulets rectangle)","conditional POD outside the normally-wet class (POD | observable dry-background domain): a diagnostic conditional agreement, NOT a corrected POD; the class was fixed a priori (same-rule pre-breach potential) before any comparison was read",2570.9,0.937,0.002,-0.003,"footprint_km2 and coverage from the p94 S1 footprint of the same date and region (observable domain of p94, close to but not identical with the T13 domain); CSI_chance = CSI of the two areas placed independently in the footprint; heidke_skill = Heidke skill score of the 2x2 table"
connected_ceiling_conn4,2023-06-21,INHULETS_VALLEY_rect,32.6,0.0,0.0,32.6,1.0,0.0,0.0,0.0,0.0,0.0,"S1 valid footprint of the date, owned zone area, outside the p42 cut rectangles (Inhulets rows: inside the Inhulets rectangle)","conditional POD outside the normally-wet class (POD | observable dry-background domain): a diagnostic conditional agreement, NOT a corrected POD; the class was fixed a priori (same-rule pre-breach potential) before any comparison was read",565.8,1.0,0.0,0.0,"footprint_km2 and coverage from the p94 S1 footprint of the same date and region (observable domain of p94, close to but not identical with the T13 domain); CSI_chance = CSI of the two areas placed independently in the footprint; heidke_skill = Heidke skill score of the 2x2 table"
connected_ceiling_conn4,2023-06-21,P42_FLOODPLAIN_DOMAIN,22.6,3.6,0.1,22.5,9.4,3.6,0.004,0.973,0.004,0.008,"S1 valid footprint of the date, owned zone area, outside the p42 cut rectangles (Inhulets rows: inside the Inhulets rectangle)","conditional POD outside the normally-wet class (POD | observable dry-background domain): a diagnostic conditional agreement, NOT a corrected POD; the class was fixed a priori (same-rule pre-breach potential) before any comparison was read",533.4,0.991,0.006,-0.008,"footprint_km2 and coverage from the p94 S1 footprint of the same date and region (observable domain of p94, close to but not identical with the T13 domain); CSI_chance = CSI of the two areas placed independently in the footprint; heidke_skill = Heidke skill score of the 2x2 table"
connected_ceiling_conn4,2023-06-25,DNIPRO_CORRIDOR,112.7,0.0,0.0,112.7,7.1,0.0,0.0,0.0,0.0,0.0,"S1 valid footprint of the date, owned zone area, outside the p42 cut rectangles (Inhulets rows: inside the Inhulets rectangle)","conditional POD outside the normally-wet class (POD | observable dry-background domain): a diagnostic conditional agreement, NOT a corrected POD; the class was fixed a priori (same-rule pre-breach potential) before any comparison was read",2743.7,1.0,0.0,0.0,"footprint_km2 and coverage from the p94 S1 footprint of the same date and region (observable domain of p94, close to but not identical with the T13 domain); CSI_chance = CSI of the two areas placed independently in the footprint; heidke_skill = Heidke skill score of the 2x2 table"
connected_ceiling_conn4,2023-06-25,INHULETS_VALLEY_rect,25.9,0.0,0.0,25.9,0.8,0.0,0.0,0.0,0.0,0.0,"S1 valid footprint of the date, owned zone area, outside the p42 cut rectangles (Inhulets rows: inside the Inhulets rectangle)","conditional POD outside the normally-wet class (POD | observable dry-background domain): a diagnostic conditional agreement, NOT a corrected POD; the class was fixed a priori (same-rule pre-breach potential) before any comparison was read",565.8,1.0,0.0,0.0,"footprint_km2 and coverage from the p94 S1 footprint of the same date and region (observable domain of p94, close to but not identical with the T13 domain); CSI_chance = CSI of the two areas placed independently in the footprint; heidke_skill = Heidke skill score of the 2x2 table"
connected_ceiling_conn4,2023-06-25,P42_FLOODPLAIN_DOMAIN,19.2,0.0,0.0,19.2,6.5,0.0,0.0,0.0,0.0,0.0,"S1 valid footprint of the date, owned zone area, outside the p42 cut rectangles (Inhulets rows: inside the Inhulets rectangle)","conditional POD outside the normally-wet class (POD | observable dry-background domain): a diagnostic conditional agreement, NOT a corrected POD; the class was fixed a priori (same-rule pre-breach potential) before any comparison was read",538.5,1.0,0.0,-0.0,"footprint_km2 and coverage from the p94 S1 footprint of the same date and region (observable domain of p94, close to but not identical with the T13 domain); CSI_chance = CSI of the two areas placed independently in the footprint; heidke_skill = Heidke skill score of the 2x2 table"
connected_ceiling_conn4,2023-06-26,DNIPRO_CORRIDOR,23.3,0.0,0.0,23.3,7.4,0.0,0.0,0.0,0.0,0.0,"S1 valid footprint of the date, owned zone area, outside the p42 cut rectangles (Inhulets rows: inside the Inhulets rectangle)","conditional POD outside the normally-wet class (POD | observable dry-background domain): a diagnostic conditional agreement, NOT a corrected POD; the class was fixed a priori (same-rule pre-breach potential) before any comparison was read",2612.2,0.952,0.0,0.0,"footprint_km2 and coverage from the p94 S1 footprint of the same date and region (observable domain of p94, close to but not identical with the T13 domain); CSI_chance = CSI of the two areas placed independently in the footprint; heidke_skill = Heidke skill score of the 2x2 table"
connected_ceiling_conn4,2023-06-26,INHULETS_VALLEY_rect,23.3,0.0,0.0,23.3,0.5,0.0,0.0,0.0,0.0,0.0,"S1 valid footprint of the date, owned zone area, outside the p42 cut rectangles (Inhulets rows: inside the Inhulets rectangle)","conditional POD outside the normally-wet class (POD | observable dry-background domain): a diagnostic conditional agreement, NOT a corrected POD; the class was fixed a priori (same-rule pre-breach potential) before any comparison was read",565.8,1.0,0.0,0.0,"footprint_km2 and coverage from the p94 S1 footprint of the same date and region (observable domain of p94, close to but not identical with the T13 domain); CSI_chance = CSI of the two areas placed independently in the footprint; heidke_skill = Heidke skill score of the 2x2 table"
connected_ceiling_conn4,2023-06-26,P42_FLOODPLAIN_DOMAIN,14.9,0.0,0.0,14.9,7.0,0.0,0.0,0.0,0.0,0.0,"S1 valid footprint of the date, owned zone area, outside the p42 cut rectangles (Inhulets rows: inside the Inhulets rectangle)","conditional POD outside the normally-wet class (POD | observable dry-background domain): a diagnostic conditional agreement, NOT a corrected POD; the class was fixed a priori (same-rule pre-breach potential) before any comparison was read",538.5,1.0,0.0,0.0,"footprint_km2 and coverage from the p94 S1 footprint of the same date and region (observable domain of p94, close to but not identical with the T13 domain); CSI_chance = CSI of the two areas placed independently in the footprint; heidke_skill = Heidke skill score of the 2x2 table"
connected_ceiling_conn4,2023-06-30,DNIPRO_CORRIDOR,64.2,0.1,0.0,64.2,6.8,0.1,0.0,1.0,0.0,0.0,"S1 valid footprint of the date, owned zone area, outside the p42 cut rectangles (Inhulets rows: inside the Inhulets rectangle)","conditional POD outside the normally-wet class (POD | observable dry-background domain): a diagnostic conditional agreement, NOT a corrected POD; the class was fixed a priori (same-rule pre-breach potential) before any comparison was read",1698.5,0.619,0.0,-0.0,"footprint_km2 and coverage from the p94 S1 footprint of the same date and region (observable domain of p94, close to but not identical with the T13 domain); CSI_chance = CSI of the two areas placed independently in the footprint; heidke_skill = Heidke skill score of the 2x2 table"
connected_ceiling_conn4,2023-06-30,INHULETS_VALLEY_rect,57.9,0.0,0.0,57.9,3.2,0.0,0.0,0.0,0.0,0.0,"S1 valid footprint of the date, owned zone area, outside the p42 cut rectangles (Inhulets rows: inside the Inhulets rectangle)","conditional POD outside the normally-wet class (POD | observable dry-background domain): a diagnostic conditional agreement, NOT a corrected POD; the class was fixed a priori (same-rule pre-breach potential) before any comparison was read",470.1,0.831,0.0,-0.0,"footprint_km2 and coverage from the p94 S1 footprint of the same date and region (observable domain of p94, close to but not identical with the T13 domain); CSI_chance = CSI of the two areas placed independently in the footprint; heidke_skill = Heidke skill score of the 2x2 table"
connected_ceiling_conn4,2023-06-30,P42_FLOODPLAIN_DOMAIN,13.5,0.0,0.0,13.5,5.1,0.0,0.0,0.0,0.0,0.0,"S1 valid footprint of the date, owned zone area, outside the p42 cut rectangles (Inhulets rows: inside the Inhulets rectangle)","conditional POD outside the normally-wet class (POD | observable dry-background domain): a diagnostic conditional agreement, NOT a corrected POD; the class was fixed a priori (same-rule pre-breach potential) before any comparison was read",336.0,0.624,0.0,0.0,"footprint_km2 and coverage from the p94 S1 footprint of the same date and region (observable domain of p94, close to but not identical with the T13 domain); CSI_chance = CSI of the two areas placed independently in the footprint; heidke_skill = Heidke skill score of the 2x2 table"
connected_ceiling_seed_allprewater (superseded rev-7 seeding),2023-06-01,DNIPRO_CORRIDOR,0.0,0.0,0.0,0.0,0.0,0.0,0.0,0.0,0.0,0.0,"S1 valid footprint of the date, owned zone area, outside the p42 cut rectangles (Inhulets rows: inside the Inhulets rectangle)","conditional POD outside the normally-wet class (POD | observable dry-background domain): a diagnostic conditional agreement, NOT a corrected POD; the class was fixed a priori (same-rule pre-breach potential) before any comparison was read",2743.7,1.0,,,"footprint_km2 and coverage from the p94 S1 footprint of the same date and region (observable domain of p94, close to but not identical with the T13 domain); CSI_chance = CSI of the two areas placed independently in the footprint; heidke_skill = Heidke skill score of the 2x2 table"
connected_ceiling_seed_allprewater (superseded rev-7 seeding),2023-06-01,INHULETS_VALLEY_rect,0.0,0.0,0.0,0.0,0.0,0.0,0.0,0.0,0.0,0.0,"S1 valid footprint of the date, owned zone area, outside the p42 cut rectangles (Inhulets rows: inside the Inhulets rectangle)","conditional POD outside the normally-wet class (POD | observable dry-background domain): a diagnostic conditional agreement, NOT a corrected POD; the class was fixed a priori (same-rule pre-breach potential) before any comparison was read",565.8,1.0,,,"footprint_km2 and coverage from the p94 S1 footprint of the same date and region (observable domain of p94, close to but not identical with the T13 domain); CSI_chance = CSI of the two areas placed independently in the footprint; heidke_skill = Heidke skill score of the 2x2 table"
connected_ceiling_seed_allprewater (superseded rev-7 seeding),2023-06-01,P42_FLOODPLAIN_DOMAIN,0.0,0.0,0.0,0.0,0.0,0.0,0.0,0.0,0.0,0.0,"S1 valid footprint of the date, owned zone area, outside the p42 cut rectangles (Inhulets rows: inside the Inhulets rectangle)","conditional POD outside the normally-wet class (POD | observable dry-background domain): a diagnostic conditional agreement, NOT a corrected POD; the class was fixed a priori (same-rule pre-breach potential) before any comparison was read",538.5,1.0,,,"footprint_km2 and coverage from the p94 S1 footprint of the same date and region (observable domain of p94, close to but not identical with the T13 domain); CSI_chance = CSI of the two areas placed independently in the footprint; heidke_skill = Heidke skill score of the 2x2 table"
connected_ceiling_seed_allprewater (superseded rev-7 seeding),2023-06-02,DNIPRO_CORRIDOR,0.0,0.0,0.0,0.0,0.0,0.0,0.0,0.0,0.0,0.0,"S1 valid footprint of the date, owned zone area, outside the p42 cut rectangles (Inhulets rows: inside the Inhulets rectangle)","conditional POD outside the normally-wet class (POD | observable dry-background domain): a diagnostic conditional agreement, NOT a corrected POD; the class was fixed a priori (same-rule pre-breach potential) before any comparison was read",2608.1,0.951,,,"footprint_km2 and coverage from the p94 S1 footprint of the same date and region (observable domain of p94, close to but not identical with the T13 domain); CSI_chance = CSI of the two areas placed independently in the footprint; heidke_skill = Heidke skill score of the 2x2 table"
connected_ceiling_seed_allprewater (superseded rev-7 seeding),2023-06-02,INHULETS_VALLEY_rect,0.0,0.0,0.0,0.0,0.0,0.0,0.0,0.0,0.0,0.0,"S1 valid footprint of the date, owned zone area, outside the p42 cut rectangles (Inhulets rows: inside the Inhulets rectangle)","conditional POD outside the normally-wet class (POD | observable dry-background domain): a diagnostic conditional agreement, NOT a corrected POD; the class was fixed a priori (same-rule pre-breach potential) before any comparison was read",565.8,1.0,,,"footprint_km2 and coverage from the p94 S1 footprint of the same date and region (observable domain of p94, close to but not identical with the T13 domain); CSI_chance = CSI of the two areas placed independently in the footprint; heidke_skill = Heidke skill score of the 2x2 table"
connected_ceiling_seed_allprewater (superseded rev-7 seeding),2023-06-02,P42_FLOODPLAIN_DOMAIN,0.0,0.0,0.0,0.0,0.0,0.0,0.0,0.0,0.0,0.0,"S1 valid footprint of the date, owned zone area, outside the p42 cut rectangles (Inhulets rows: inside the Inhulets rectangle)","conditional POD outside the normally-wet class (POD | observable dry-background domain): a diagnostic conditional agreement, NOT a corrected POD; the class was fixed a priori (same-rule pre-breach potential) before any comparison was read",538.5,1.0,,,"footprint_km2 and coverage from the p94 S1 footprint of the same date and region (observable domain of p94, close to but not identical with the T13 domain); CSI_chance = CSI of the two areas placed independently in the footprint; heidke_skill = Heidke skill score of the 2x2 table"
connected_ceiling_seed_allprewater (superseded rev-7 seeding),2023-06-06,DNIPRO_CORRIDOR,30.3,97.9,0.9,29.4,7.5,97.0,0.03,0.991,0.007,0.039,"S1 valid footprint of the date, owned zone area, outside the p42 cut rectangles (Inhulets rows: inside the Inhulets rectangle)","conditional POD outside the normally-wet class (POD | observable dry-background domain): a diagnostic conditional agreement, NOT a corrected POD; the class was fixed a priori (same-rule pre-breach potential) before any comparison was read",1697.4,0.619,0.014,-0.014,"footprint_km2 and coverage from the p94 S1 footprint of the same date and region (observable domain of p94, close to but not identical with the T13 domain); CSI_chance = CSI of the two areas placed independently in the footprint; heidke_skill = Heidke skill score of the 2x2 table"
connected_ceiling_seed_allprewater (superseded rev-7 seeding),2023-06-06,INHULETS_VALLEY_rect,4.7,12.3,0.1,4.5,0.3,12.2,0.022,0.992,0.006,0.023,"S1 valid footprint of the date, owned zone area, outside the p42 cut rectangles (Inhulets rows: inside the Inhulets rectangle)","conditional POD outside the normally-wet class (POD | observable dry-background domain): a diagnostic conditional agreement, NOT a corrected POD; the class was fixed a priori (same-rule pre-breach potential) before any comparison was read",468.9,0.829,0.007,0.003,"footprint_km2 and coverage from the p94 S1 footprint of the same date and region (observable domain of p94, close to but not identical with the T13 domain); CSI_chance = CSI of the two areas placed independently in the footprint; heidke_skill = Heidke skill score of the 2x2 table"
connected_ceiling_seed_allprewater (superseded rev-7 seeding),2023-06-06,P42_FLOODPLAIN_DOMAIN,8.5,78.5,0.9,7.5,7.2,77.5,0.107,0.989,0.01,0.75,"S1 valid footprint of the date, owned zone area, outside the p42 cut rectangles (Inhulets rows: inside the Inhulets rectangle)","conditional POD outside the normally-wet class (POD | observable dry-background domain): a diagnostic conditional agreement, NOT a corrected POD; the class was fixed a priori (same-rule pre-breach potential) before any comparison was read",335.7,0.623,0.023,-0.024,"footprint_km2 and coverage from the p94 S1 footprint of the same date and region (observable domain of p94, close to but not identical with the T13 domain); CSI_chance = CSI of the two areas placed independently in the footprint; heidke_skill = Heidke skill score of the 2x2 table"
connected_ceiling_seed_allprewater (superseded rev-7 seeding),2023-06-09,DNIPRO_CORRIDOR,319.4,200.4,59.2,260.2,171.5,141.2,0.185,0.705,0.129,0.4,"S1 valid footprint of the date, owned zone area, outside the p42 cut rectangles (Inhulets rows: inside the Inhulets rectangle)","conditional POD outside the normally-wet class (POD | observable dry-background domain): a diagnostic conditional agreement, NOT a corrected POD; the class was fixed a priori (same-rule pre-breach potential) before any comparison was read",2574.8,0.938,0.05,0.146,"footprint_km2 and coverage from the p94 S1 footprint of the same date and region (observable domain of p94, close to but not identical with the T13 domain); CSI_chance = CSI of the two areas placed independently in the footprint; heidke_skill = Heidke skill score of the 2x2 table"
connected_ceiling_seed_allprewater (superseded rev-7 seeding),2023-06-09,INHULETS_VALLEY_rect,36.2,19.4,12.4,23.8,15.8,7.0,0.343,0.361,0.287,0.608,"S1 valid footprint of the date, owned zone area, outside the p42 cut rectangles (Inhulets rows: inside the Inhulets rectangle)","conditional POD outside the normally-wet class (POD | observable dry-background domain): a diagnostic conditional agreement, NOT a corrected POD; the class was fixed a priori (same-rule pre-breach potential) before any comparison was read",565.8,1.0,0.023,0.42,"footprint_km2 and coverage from the p94 S1 footprint of the same date and region (observable domain of p94, close to but not identical with the T13 domain); CSI_chance = CSI of the two areas placed independently in the footprint; heidke_skill = Heidke skill score of the 2x2 table"
connected_ceiling_seed_allprewater (superseded rev-7 seeding),2023-06-09,P42_FLOODPLAIN_DOMAIN,201.2,154.0,52.1,149.2,147.7,102.0,0.259,0.662,0.172,0.972,"S1 valid footprint of the date, owned zone area, outside the p42 cut rectangles (Inhulets rows: inside the Inhulets rectangle)","conditional POD outside the normally-wet class (POD | observable dry-background domain): a diagnostic conditional agreement, NOT a corrected POD; the class was fixed a priori (same-rule pre-breach potential) before any comparison was read",533.4,0.991,0.196,-0.051,"footprint_km2 and coverage from the p94 S1 footprint of the same date and region (observable domain of p94, close to but not identical with the T13 domain); CSI_chance = CSI of the two areas placed independently in the footprint; heidke_skill = Heidke skill score of the 2x2 table"
connected_ceiling_seed_allprewater (superseded rev-7 seeding),2023-06-13,DNIPRO_CORRIDOR,164.89999999999998,111.5,24.2,140.7,130.1,87.3,0.147,0.783,0.096,0.695,"S1 valid footprint of the date, owned zone area, outside the p42 cut rectangles (Inhulets rows: inside the Inhulets rectangle)","conditional POD outside the normally-wet class (POD | observable dry-background domain): a diagnostic conditional agreement, NOT a corrected POD; the class was fixed a priori (same-rule pre-breach potential) before any comparison was read",2743.7,1.0,0.025,0.133,"footprint_km2 and coverage from the p94 S1 footprint of the same date and region (observable domain of p94, close to but not identical with the T13 domain); CSI_chance = CSI of the two areas placed independently in the footprint; heidke_skill = Heidke skill score of the 2x2 table"
connected_ceiling_seed_allprewater (superseded rev-7 seeding),2023-06-13,INHULETS_VALLEY_rect,27.0,14.7,10.3,16.7,16.3,4.5,0.381,0.304,0.327,0.963,"S1 valid footprint of the date, owned zone area, outside the p42 cut rectangles (Inhulets rows: inside the Inhulets rectangle)","conditional POD outside the normally-wet class (POD | observable dry-background domain): a diagnostic conditional agreement, NOT a corrected POD; the class was fixed a priori (same-rule pre-breach potential) before any comparison was read",565.8,1.0,0.017,0.474,"footprint_km2 and coverage from the p94 S1 footprint of the same date and region (observable domain of p94, close to but not identical with the T13 domain); CSI_chance = CSI of the two areas placed independently in the footprint; heidke_skill = Heidke skill score of the 2x2 table"
connected_ceiling_seed_allprewater (superseded rev-7 seeding),2023-06-13,P42_FLOODPLAIN_DOMAIN,147.3,91.2,23.3,124.0,122.3,67.9,0.158,0.745,0.108,0.932,"S1 valid footprint of the date, owned zone area, outside the p42 cut rectangles (Inhulets rows: inside the Inhulets rectangle)","conditional POD outside the normally-wet class (POD | observable dry-background domain): a diagnostic conditional agreement, NOT a corrected POD; the class was fixed a priori (same-rule pre-breach potential) before any comparison was read",538.5,1.0,0.117,-0.017,"footprint_km2 and coverage from the p94 S1 footprint of the same date and region (observable domain of p94, close to but not identical with the T13 domain); CSI_chance = CSI of the two areas placed independently in the footprint; heidke_skill = Heidke skill score of the 2x2 table"
connected_ceiling_seed_allprewater (superseded rev-7 seeding),2023-06-14,DNIPRO_CORRIDOR,99.3,89.1,11.8,87.5,64.7,77.5,0.119,0.868,0.067,0.341,"S1 valid footprint of the date, owned zone area, outside the p42 cut rectangles (Inhulets rows: inside the Inhulets rectangle)","conditional POD outside the normally-wet class (POD | observable dry-background domain): a diagnostic conditional agreement, NOT a corrected POD; the class was fixed a priori (same-rule pre-breach potential) before any comparison was read",2608.8,0.951,0.018,0.091,"footprint_km2 and coverage from the p94 S1 footprint of the same date and region (observable domain of p94, close to but not identical with the T13 domain); CSI_chance = CSI of the two areas placed independently in the footprint; heidke_skill = Heidke skill score of the 2x2 table"
connected_ceiling_seed_allprewater (superseded rev-7 seeding),2023-06-14,INHULETS_VALLEY_rect,25.4,13.7,8.8,16.7,15.8,4.9,0.345,0.358,0.289,0.907,"S1 valid footprint of the date, owned zone area, outside the p42 cut rectangles (Inhulets rows: inside the Inhulets rectangle)","conditional POD outside the normally-wet class (POD | observable dry-background domain): a diagnostic conditional agreement, NOT a corrected POD; the class was fixed a priori (same-rule pre-breach potential) before any comparison was read",565.8,1.0,0.016,0.43,"footprint_km2 and coverage from the p94 S1 footprint of the same date and region (observable domain of p94, close to but not identical with the T13 domain); CSI_chance = CSI of the two areas placed independently in the footprint; heidke_skill = Heidke skill score of the 2x2 table"
connected_ceiling_seed_allprewater (superseded rev-7 seeding),2023-06-14,P42_FLOODPLAIN_DOMAIN,74.0,76.0,11.5,62.5,59.8,64.5,0.155,0.849,0.083,0.81,"S1 valid footprint of the date, owned zone area, outside the p42 cut rectangles (Inhulets rows: inside the Inhulets rectangle)","conditional POD outside the normally-wet class (POD | observable dry-background domain): a diagnostic conditional agreement, NOT a corrected POD; the class was fixed a priori (same-rule pre-breach potential) before any comparison was read",538.5,1.0,0.075,0.016,"footprint_km2 and coverage from the p94 S1 footprint of the same date and region (observable domain of p94, close to but not identical with the T13 domain); CSI_chance = CSI of the two areas placed independently in the footprint; heidke_skill = Heidke skill score of the 2x2 table"
connected_ceiling_seed_allprewater (superseded rev-7 seeding),2023-06-18,DNIPRO_CORRIDOR,53.6,29.0,0.5,53.2,5.199999999999999,28.6,0.009,0.983,0.006,0.01,"S1 valid footprint of the date, owned zone area, outside the p42 cut rectangles (Inhulets rows: inside the Inhulets rectangle)","conditional POD outside the normally-wet class (POD | observable dry-background domain): a diagnostic conditional agreement, NOT a corrected POD; the class was fixed a priori (same-rule pre-breach potential) before any comparison was read",1694.5,0.618,0.011,-0.013,"footprint_km2 and coverage from the p94 S1 footprint of the same date and region (observable domain of p94, close to but not identical with the T13 domain); CSI_chance = CSI of the two areas placed independently in the footprint; heidke_skill = Heidke skill score of the 2x2 table"
connected_ceiling_seed_allprewater (superseded rev-7 seeding),2023-06-18,INHULETS_VALLEY_rect,18.1,7.8,2.9,15.2,6.3,5.0,0.16,0.633,0.126,0.246,"S1 valid footprint of the date, owned zone area, outside the p42 cut rectangles (Inhulets rows: inside the Inhulets rectangle)","conditional POD outside the normally-wet class (POD | observable dry-background domain): a diagnostic conditional agreement, NOT a corrected POD; the class was fixed a priori (same-rule pre-breach potential) before any comparison was read",465.3,0.822,0.012,0.201,"footprint_km2 and coverage from the p94 S1 footprint of the same date and region (observable domain of p94, close to but not identical with the T13 domain); CSI_chance = CSI of the two areas placed independently in the footprint; heidke_skill = Heidke skill score of the 2x2 table"
connected_ceiling_seed_allprewater (superseded rev-7 seeding),2023-06-18,P42_FLOODPLAIN_DOMAIN,9.9,25.200000000000003,0.5,9.6,4.7,24.8,0.05,0.98,0.014,0.093,"S1 valid footprint of the date, owned zone area, outside the p42 cut rectangles (Inhulets rows: inside the Inhulets rectangle)","conditional POD outside the normally-wet class (POD | observable dry-background domain): a diagnostic conditional agreement, NOT a corrected POD; the class was fixed a priori (same-rule pre-breach potential) before any comparison was read",334.8,0.622,0.022,-0.024,"footprint_km2 and coverage from the p94 S1 footprint of the same date and region (observable domain of p94, close to but not identical with the T13 domain); CSI_chance = CSI of the two areas placed independently in the footprint; heidke_skill = Heidke skill score of the 2x2 table"
connected_ceiling_seed_allprewater (superseded rev-7 seeding),2023-06-21,DNIPRO_CORRIDOR,186.3,4.1000000000000005,0.1,186.3,11.1,4.1000000000000005,0.001,0.976,0.001,0.001,"S1 valid footprint of the date, owned zone area, outside the p42 cut rectangles (Inhulets rows: inside the Inhulets rectangle)","conditional POD outside the normally-wet class (POD | observable dry-background domain): a diagnostic conditional agreement, NOT a corrected POD; the class was fixed a priori (same-rule pre-breach potential) before any comparison was read",2570.9,0.937,0.002,-0.003,"footprint_km2 and coverage from the p94 S1 footprint of the same date and region (observable domain of p94, close to but not identical with the T13 domain); CSI_chance = CSI of the two areas placed independently in the footprint; heidke_skill = Heidke skill score of the 2x2 table"
connected_ceiling_seed_allprewater (superseded rev-7 seeding),2023-06-21,INHULETS_VALLEY_rect,32.6,0.0,0.0,32.6,1.0,0.0,0.0,0.0,0.0,0.0,"S1 valid footprint of the date, owned zone area, outside the p42 cut rectangles (Inhulets rows: inside the Inhulets rectangle)","conditional POD outside the normally-wet class (POD | observable dry-background domain): a diagnostic conditional agreement, NOT a corrected POD; the class was fixed a priori (same-rule pre-breach potential) before any comparison was read",565.8,1.0,0.0,0.0,"footprint_km2 and coverage from the p94 S1 footprint of the same date and region (observable domain of p94, close to but not identical with the T13 domain); CSI_chance = CSI of the two areas placed independently in the footprint; heidke_skill = Heidke skill score of the 2x2 table"
connected_ceiling_seed_allprewater (superseded rev-7 seeding),2023-06-21,P42_FLOODPLAIN_DOMAIN,22.6,3.7,0.1,22.5,10.4,3.6,0.004,0.973,0.004,0.008,"S1 valid footprint of the date, owned zone area, outside the p42 cut rectangles (Inhulets rows: inside the Inhulets rectangle)","conditional POD outside the normally-wet class (POD | observable dry-background domain): a diagnostic conditional agreement, NOT a corrected POD; the class was fixed a priori (same-rule pre-breach potential) before any comparison was read",533.4,0.991,0.006,-0.004,"footprint_km2 and coverage from the p94 S1 footprint of the same date and region (observable domain of p94, close to but not identical with the T13 domain); CSI_chance = CSI of the two areas placed independently in the footprint; heidke_skill = Heidke skill score of the 2x2 table"
connected_ceiling_seed_allprewater (superseded rev-7 seeding),2023-06-25,DNIPRO_CORRIDOR,112.7,0.0,0.0,112.7,7.800000000000001,0.0,0.0,0.0,0.0,0.0,"S1 valid footprint of the date, owned zone area, outside the p42 cut rectangles (Inhulets rows: inside the Inhulets rectangle)","conditional POD outside the normally-wet class (POD | observable dry-background domain): a diagnostic conditional agreement, NOT a corrected POD; the class was fixed a priori (same-rule pre-breach potential) before any comparison was read",2743.7,1.0,0.0,0.0,"footprint_km2 and coverage from the p94 S1 footprint of the same date and region (observable domain of p94, close to but not identical with the T13 domain); CSI_chance = CSI of the two areas placed independently in the footprint; heidke_skill = Heidke skill score of the 2x2 table"
connected_ceiling_seed_allprewater (superseded rev-7 seeding),2023-06-25,INHULETS_VALLEY_rect,25.9,0.0,0.0,25.9,0.8,0.0,0.0,0.0,0.0,0.0,"S1 valid footprint of the date, owned zone area, outside the p42 cut rectangles (Inhulets rows: inside the Inhulets rectangle)","conditional POD outside the normally-wet class (POD | observable dry-background domain): a diagnostic conditional agreement, NOT a corrected POD; the class was fixed a priori (same-rule pre-breach potential) before any comparison was read",565.8,1.0,0.0,0.0,"footprint_km2 and coverage from the p94 S1 footprint of the same date and region (observable domain of p94, close to but not identical with the T13 domain); CSI_chance = CSI of the two areas placed independently in the footprint; heidke_skill = Heidke skill score of the 2x2 table"
connected_ceiling_seed_allprewater (superseded rev-7 seeding),2023-06-25,P42_FLOODPLAIN_DOMAIN,19.2,0.0,0.0,19.2,7.4,0.0,0.0,0.0,0.0,0.0,"S1 valid footprint of the date, owned zone area, outside the p42 cut rectangles (Inhulets rows: inside the Inhulets rectangle)","conditional POD outside the normally-wet class (POD | observable dry-background domain): a diagnostic conditional agreement, NOT a corrected POD; the class was fixed a priori (same-rule pre-breach potential) before any comparison was read",538.5,1.0,0.0,-0.0,"footprint_km2 and coverage from the p94 S1 footprint of the same date and region (observable domain of p94, close to but not identical with the T13 domain); CSI_chance = CSI of the two areas placed independently in the footprint; heidke_skill = Heidke skill score of the 2x2 table"
connected_ceiling_seed_allprewater (superseded rev-7 seeding),2023-06-26,DNIPRO_CORRIDOR,23.3,0.0,0.0,23.3,8.1,0.0,0.0,0.0,0.0,0.0,"S1 valid footprint of the date, owned zone area, outside the p42 cut rectangles (Inhulets rows: inside the Inhulets rectangle)","conditional POD outside the normally-wet class (POD | observable dry-background domain): a diagnostic conditional agreement, NOT a corrected POD; the class was fixed a priori (same-rule pre-breach potential) before any comparison was read",2612.2,0.952,0.0,0.0,"footprint_km2 and coverage from the p94 S1 footprint of the same date and region (observable domain of p94, close to but not identical with the T13 domain); CSI_chance = CSI of the two areas placed independently in the footprint; heidke_skill = Heidke skill score of the 2x2 table"
connected_ceiling_seed_allprewater (superseded rev-7 seeding),2023-06-26,INHULETS_VALLEY_rect,23.3,0.0,0.0,23.3,0.5,0.0,0.0,0.0,0.0,0.0,"S1 valid footprint of the date, owned zone area, outside the p42 cut rectangles (Inhulets rows: inside the Inhulets rectangle)","conditional POD outside the normally-wet class (POD | observable dry-background domain): a diagnostic conditional agreement, NOT a corrected POD; the class was fixed a priori (same-rule pre-breach potential) before any comparison was read",565.8,1.0,0.0,0.0,"footprint_km2 and coverage from the p94 S1 footprint of the same date and region (observable domain of p94, close to but not identical with the T13 domain); CSI_chance = CSI of the two areas placed independently in the footprint; heidke_skill = Heidke skill score of the 2x2 table"
connected_ceiling_seed_allprewater (superseded rev-7 seeding),2023-06-26,P42_FLOODPLAIN_DOMAIN,14.9,0.0,0.0,14.9,7.6,0.0,0.0,0.0,0.0,0.0,"S1 valid footprint of the date, owned zone area, outside the p42 cut rectangles (Inhulets rows: inside the Inhulets rectangle)","conditional POD outside the normally-wet class (POD | observable dry-background domain): a diagnostic conditional agreement, NOT a corrected POD; the class was fixed a priori (same-rule pre-breach potential) before any comparison was read",538.5,1.0,0.0,0.0,"footprint_km2 and coverage from the p94 S1 footprint of the same date and region (observable domain of p94, close to but not identical with the T13 domain); CSI_chance = CSI of the two areas placed independently in the footprint; heidke_skill = Heidke skill score of the 2x2 table"
connected_ceiling_seed_allprewater (superseded rev-7 seeding),2023-06-30,DNIPRO_CORRIDOR,64.2,0.1,0.0,64.2,8.200000000000001,0.1,0.0,1.0,0.0,0.0,"S1 valid footprint of the date, owned zone area, outside the p42 cut rectangles (Inhulets rows: inside the Inhulets rectangle)","conditional POD outside the normally-wet class (POD | observable dry-background domain): a diagnostic conditional agreement, NOT a corrected POD; the class was fixed a priori (same-rule pre-breach potential) before any comparison was read",1698.5,0.619,0.0,-0.0,"footprint_km2 and coverage from the p94 S1 footprint of the same date and region (observable domain of p94, close to but not identical with the T13 domain); CSI_chance = CSI of the two areas placed independently in the footprint; heidke_skill = Heidke skill score of the 2x2 table"
connected_ceiling_seed_allprewater (superseded rev-7 seeding),2023-06-30,INHULETS_VALLEY_rect,57.9,0.0,0.0,57.9,3.2,0.0,0.0,0.0,0.0,0.0,"S1 valid footprint of the date, owned zone area, outside the p42 cut rectangles (Inhulets rows: inside the Inhulets rectangle)","conditional POD outside the normally-wet class (POD | observable dry-background domain): a diagnostic conditional agreement, NOT a corrected POD; the class was fixed a priori (same-rule pre-breach potential) before any comparison was read",470.1,0.831,0.0,-0.0,"footprint_km2 and coverage from the p94 S1 footprint of the same date and region (observable domain of p94, close to but not identical with the T13 domain); CSI_chance = CSI of the two areas placed independently in the footprint; heidke_skill = Heidke skill score of the 2x2 table"
connected_ceiling_seed_allprewater (superseded rev-7 seeding),2023-06-30,P42_FLOODPLAIN_DOMAIN,13.5,0.0,0.0,13.5,6.1,0.0,0.0,0.0,0.0,0.0,"S1 valid footprint of the date, owned zone area, outside the p42 cut rectangles (Inhulets rows: inside the Inhulets rectangle)","conditional POD outside the normally-wet class (POD | observable dry-background domain): a diagnostic conditional agreement, NOT a corrected POD; the class was fixed a priori (same-rule pre-breach potential) before any comparison was read",336.0,0.624,0.0,0.0,"footprint_km2 and coverage from the p94 S1 footprint of the same date and region (observable domain of p94, close to but not identical with the T13 domain); CSI_chance = CSI of the two areas placed independently in the footprint; heidke_skill = Heidke skill score of the 2x2 table"
"connected_ceiling_memory (retained water, sensitivity)",2023-06-01,DNIPRO_CORRIDOR,0.0,0.0,0.0,0.0,0.0,0.0,0.0,0.0,0.0,0.0,"S1 valid footprint of the date, owned zone area, outside the p42 cut rectangles (Inhulets rows: inside the Inhulets rectangle)","conditional POD outside the normally-wet class (POD | observable dry-background domain): a diagnostic conditional agreement, NOT a corrected POD; the class was fixed a priori (same-rule pre-breach potential) before any comparison was read",2743.7,1.0,,,"footprint_km2 and coverage from the p94 S1 footprint of the same date and region (observable domain of p94, close to but not identical with the T13 domain); CSI_chance = CSI of the two areas placed independently in the footprint; heidke_skill = Heidke skill score of the 2x2 table"
"connected_ceiling_memory (retained water, sensitivity)",2023-06-01,INHULETS_VALLEY_rect,0.0,0.0,0.0,0.0,0.0,0.0,0.0,0.0,0.0,0.0,"S1 valid footprint of the date, owned zone area, outside the p42 cut rectangles (Inhulets rows: inside the Inhulets rectangle)","conditional POD outside the normally-wet class (POD | observable dry-background domain): a diagnostic conditional agreement, NOT a corrected POD; the class was fixed a priori (same-rule pre-breach potential) before any comparison was read",565.8,1.0,,,"footprint_km2 and coverage from the p94 S1 footprint of the same date and region (observable domain of p94, close to but not identical with the T13 domain); CSI_chance = CSI of the two areas placed independently in the footprint; heidke_skill = Heidke skill score of the 2x2 table"
"connected_ceiling_memory (retained water, sensitivity)",2023-06-01,P42_FLOODPLAIN_DOMAIN,0.0,0.0,0.0,0.0,0.0,0.0,0.0,0.0,0.0,0.0,"S1 valid footprint of the date, owned zone area, outside the p42 cut rectangles (Inhulets rows: inside the Inhulets rectangle)","conditional POD outside the normally-wet class (POD | observable dry-background domain): a diagnostic conditional agreement, NOT a corrected POD; the class was fixed a priori (same-rule pre-breach potential) before any comparison was read",538.5,1.0,,,"footprint_km2 and coverage from the p94 S1 footprint of the same date and region (observable domain of p94, close to but not identical with the T13 domain); CSI_chance = CSI of the two areas placed independently in the footprint; heidke_skill = Heidke skill score of the 2x2 table"
"connected_ceiling_memory (retained water, sensitivity)",2023-06-02,DNIPRO_CORRIDOR,0.0,0.0,0.0,0.0,0.0,0.0,0.0,0.0,0.0,0.0,"S1 valid footprint of the date, owned zone area, outside the p42 cut rectangles (Inhulets rows: inside the Inhulets rectangle)","conditional POD outside the normally-wet class (POD | observable dry-background domain): a diagnostic conditional agreement, NOT a corrected POD; the class was fixed a priori (same-rule pre-breach potential) before any comparison was read",2608.1,0.951,,,"footprint_km2 and coverage from the p94 S1 footprint of the same date and region (observable domain of p94, close to but not identical with the T13 domain); CSI_chance = CSI of the two areas placed independently in the footprint; heidke_skill = Heidke skill score of the 2x2 table"
"connected_ceiling_memory (retained water, sensitivity)",2023-06-02,INHULETS_VALLEY_rect,0.0,0.0,0.0,0.0,0.0,0.0,0.0,0.0,0.0,0.0,"S1 valid footprint of the date, owned zone area, outside the p42 cut rectangles (Inhulets rows: inside the Inhulets rectangle)","conditional POD outside the normally-wet class (POD | observable dry-background domain): a diagnostic conditional agreement, NOT a corrected POD; the class was fixed a priori (same-rule pre-breach potential) before any comparison was read",565.8,1.0,,,"footprint_km2 and coverage from the p94 S1 footprint of the same date and region (observable domain of p94, close to but not identical with the T13 domain); CSI_chance = CSI of the two areas placed independently in the footprint; heidke_skill = Heidke skill score of the 2x2 table"
"connected_ceiling_memory (retained water, sensitivity)",2023-06-02,P42_FLOODPLAIN_DOMAIN,0.0,0.0,0.0,0.0,0.0,0.0,0.0,0.0,0.0,0.0,"S1 valid footprint of the date, owned zone area, outside the p42 cut rectangles (Inhulets rows: inside the Inhulets rectangle)","conditional POD outside the normally-wet class (POD | observable dry-background domain): a diagnostic conditional agreement, NOT a corrected POD; the class was fixed a priori (same-rule pre-breach potential) before any comparison was read",538.5,1.0,,,"footprint_km2 and coverage from the p94 S1 footprint of the same date and region (observable domain of p94, close to but not identical with the T13 domain); CSI_chance = CSI of the two areas placed independently in the footprint; heidke_skill = Heidke skill score of the 2x2 table"
"connected_ceiling_memory (retained water, sensitivity)",2023-06-06,DNIPRO_CORRIDOR,30.3,99.2,0.9,29.4,7.300000000000001,98.2,0.03,0.991,0.007,0.039,"S1 valid footprint of the date, owned zone area, outside the p42 cut rectangles (Inhulets rows: inside the Inhulets rectangle)","conditional POD outside the normally-wet class (POD | observable dry-background domain): a diagnostic conditional agreement, NOT a corrected POD; the class was fixed a priori (same-rule pre-breach potential) before any comparison was read",1697.4,0.619,0.014,-0.013,"footprint_km2 and coverage from the p94 S1 footprint of the same date and region (observable domain of p94, close to but not identical with the T13 domain); CSI_chance = CSI of the two areas placed independently in the footprint; heidke_skill = Heidke skill score of the 2x2 table"
"connected_ceiling_memory (retained water, sensitivity)",2023-06-06,INHULETS_VALLEY_rect,4.7,12.3,0.1,4.5,0.3,12.2,0.022,0.992,0.006,0.023,"S1 valid footprint of the date, owned zone area, outside the p42 cut rectangles (Inhulets rows: inside the Inhulets rectangle)","conditional POD outside the normally-wet class (POD | observable dry-background domain): a diagnostic conditional agreement, NOT a corrected POD; the class was fixed a priori (same-rule pre-breach potential) before any comparison was read",468.9,0.829,0.007,0.003,"footprint_km2 and coverage from the p94 S1 footprint of the same date and region (observable domain of p94, close to but not identical with the T13 domain); CSI_chance = CSI of the two areas placed independently in the footprint; heidke_skill = Heidke skill score of the 2x2 table"
"connected_ceiling_memory (retained water, sensitivity)",2023-06-06,P42_FLOODPLAIN_DOMAIN,8.5,79.4,0.9,7.5,7.1,78.5,0.107,0.989,0.01,0.692,"S1 valid footprint of the date, owned zone area, outside the p42 cut rectangles (Inhulets rows: inside the Inhulets rectangle)","conditional POD outside the normally-wet class (POD | observable dry-background domain): a diagnostic conditional agreement, NOT a corrected POD; the class was fixed a priori (same-rule pre-breach potential) before any comparison was read",335.7,0.623,0.023,-0.025,"footprint_km2 and coverage from the p94 S1 footprint of the same date and region (observable domain of p94, close to but not identical with the T13 domain); CSI_chance = CSI of the two areas placed independently in the footprint; heidke_skill = Heidke skill score of the 2x2 table"
"connected_ceiling_memory (retained water, sensitivity)",2023-06-09,DNIPRO_CORRIDOR,319.4,210.3,59.6,259.79999999999995,169.5,150.7,0.187,0.717,0.127,0.398,"S1 valid footprint of the date, owned zone area, outside the p42 cut rectangles (Inhulets rows: inside the Inhulets rectangle)","conditional POD outside the normally-wet class (POD | observable dry-background domain): a diagnostic conditional agreement, NOT a corrected POD; the class was fixed a priori (same-rule pre-breach potential) before any comparison was read",2574.8,0.938,0.052,0.14,"footprint_km2 and coverage from the p94 S1 footprint of the same date and region (observable domain of p94, close to but not identical with the T13 domain); CSI_chance = CSI of the two areas placed independently in the footprint; heidke_skill = Heidke skill score of the 2x2 table"
"connected_ceiling_memory (retained water, sensitivity)",2023-06-09,INHULETS_VALLEY_rect,36.2,19.5,12.4,23.8,15.8,7.1,0.343,0.364,0.286,0.608,"S1 valid footprint of the date, owned zone area, outside the p42 cut rectangles (Inhulets rows: inside the Inhulets rectangle)","conditional POD outside the normally-wet class (POD | observable dry-background domain): a diagnostic conditional agreement, NOT a corrected POD; the class was fixed a priori (same-rule pre-breach potential) before any comparison was read",565.8,1.0,0.023,0.419,"footprint_km2 and coverage from the p94 S1 footprint of the same date and region (observable domain of p94, close to but not identical with the T13 domain); CSI_chance = CSI of the two areas placed independently in the footprint; heidke_skill = Heidke skill score of the 2x2 table"
"connected_ceiling_memory (retained water, sensitivity)",2023-06-09,P42_FLOODPLAIN_DOMAIN,201.2,163.2,52.5,148.7,146.39999999999998,110.7,0.261,0.678,0.168,0.958,"S1 valid footprint of the date, owned zone area, outside the p42 cut rectangles (Inhulets rows: inside the Inhulets rectangle)","conditional POD outside the normally-wet class (POD | observable dry-background domain): a diagnostic conditional agreement, NOT a corrected POD; the class was fixed a priori (same-rule pre-breach potential) before any comparison was read",533.4,0.991,0.203,-0.075,"footprint_km2 and coverage from the p94 S1 footprint of the same date and region (observable domain of p94, close to but not identical with the T13 domain); CSI_chance = CSI of the two areas placed independently in the footprint; heidke_skill = Heidke skill score of the 2x2 table"
"connected_ceiling_memory (retained water, sensitivity)",2023-06-13,DNIPRO_CORRIDOR,164.89999999999998,116.0,25.4,139.60000000000002,128.6,90.7,0.154,0.781,0.099,0.698,"S1 valid footprint of the date, owned zone area, outside the p42 cut rectangles (Inhulets rows: inside the Inhulets rectangle)","conditional POD outside the normally-wet class (POD | observable dry-background domain): a diagnostic conditional agreement, NOT a corrected POD; the class was fixed a priori (same-rule pre-breach potential) before any comparison was read",2743.7,1.0,0.025,0.137,"footprint_km2 and coverage from the p94 S1 footprint of the same date and region (observable domain of p94, close to but not identical with the T13 domain); CSI_chance = CSI of the two areas placed independently in the footprint; heidke_skill = Heidke skill score of the 2x2 table"
"connected_ceiling_memory (retained water, sensitivity)",2023-06-13,INHULETS_VALLEY_rect,27.0,14.8,10.3,16.7,16.3,4.6,0.381,0.309,0.326,0.963,"S1 valid footprint of the date, owned zone area, outside the p42 cut rectangles (Inhulets rows: inside the Inhulets rectangle)","conditional POD outside the normally-wet class (POD | observable dry-background domain): a diagnostic conditional agreement, NOT a corrected POD; the class was fixed a priori (same-rule pre-breach potential) before any comparison was read",565.8,1.0,0.017,0.473,"footprint_km2 and coverage from the p94 S1 footprint of the same date and region (observable domain of p94, close to but not identical with the T13 domain); CSI_chance = CSI of the two areas placed independently in the footprint; heidke_skill = Heidke skill score of the 2x2 table"
"connected_ceiling_memory (retained water, sensitivity)",2023-06-13,P42_FLOODPLAIN_DOMAIN,147.3,94.4,24.6,122.7,121.1,69.8,0.167,0.739,0.113,0.939,"S1 valid footprint of the date, owned zone area, outside the p42 cut rectangles (Inhulets rows: inside the Inhulets rectangle)","conditional POD outside the normally-wet class (POD | observable dry-background domain): a diagnostic conditional agreement, NOT a corrected POD; the class was fixed a priori (same-rule pre-breach potential) before any comparison was read",538.5,1.0,0.12,-0.013,"footprint_km2 and coverage from the p94 S1 footprint of the same date and region (observable domain of p94, close to but not identical with the T13 domain); CSI_chance = CSI of the two areas placed independently in the footprint; heidke_skill = Heidke skill score of the 2x2 table"
"connected_ceiling_memory (retained water, sensitivity)",2023-06-14,DNIPRO_CORRIDOR,99.3,95.6,13.3,86.0,63.6,82.4,0.134,0.861,0.073,0.373,"S1 valid footprint of the date, owned zone area, outside the p42 cut rectangles (Inhulets rows: inside the Inhulets rectangle)","conditional POD outside the normally-wet class (POD | observable dry-background domain): a diagnostic conditional agreement, NOT a corrected POD; the class was fixed a priori (same-rule pre-breach potential) before any comparison was read",2608.8,0.951,0.019,0.102,"footprint_km2 and coverage from the p94 S1 footprint of the same date and region (observable domain of p94, close to but not identical with the T13 domain); CSI_chance = CSI of the two areas placed independently in the footprint; heidke_skill = Heidke skill score of the 2x2 table"
"connected_ceiling_memory (retained water, sensitivity)",2023-06-14,INHULETS_VALLEY_rect,25.4,13.7,8.8,16.7,15.8,5.0,0.345,0.362,0.289,0.907,"S1 valid footprint of the date, owned zone area, outside the p42 cut rectangles (Inhulets rows: inside the Inhulets rectangle)","conditional POD outside the normally-wet class (POD | observable dry-background domain): a diagnostic conditional agreement, NOT a corrected POD; the class was fixed a priori (same-rule pre-breach potential) before any comparison was read",565.8,1.0,0.016,0.427,"footprint_km2 and coverage from the p94 S1 footprint of the same date and region (observable domain of p94, close to but not identical with the T13 domain); CSI_chance = CSI of the two areas placed independently in the footprint; heidke_skill = Heidke skill score of the 2x2 table"
"connected_ceiling_memory (retained water, sensitivity)",2023-06-14,P42_FLOODPLAIN_DOMAIN,74.0,80.3,13.1,60.9,58.900000000000006,67.2,0.177,0.837,0.093,0.868,"S1 valid footprint of the date, owned zone area, outside the p42 cut rectangles (Inhulets rows: inside the Inhulets rectangle)","conditional POD outside the normally-wet class (POD | observable dry-background domain): a diagnostic conditional agreement, NOT a corrected POD; the class was fixed a priori (same-rule pre-breach potential) before any comparison was read",538.5,1.0,0.077,0.031,"footprint_km2 and coverage from the p94 S1 footprint of the same date and region (observable domain of p94, close to but not identical with the T13 domain); CSI_chance = CSI of the two areas placed independently in the footprint; heidke_skill = Heidke skill score of the 2x2 table"
"connected_ceiling_memory (retained water, sensitivity)",2023-06-18,DNIPRO_CORRIDOR,53.6,34.9,1.3,52.3,4.199999999999999,33.6,0.024,0.963,0.015,0.026,"S1 valid footprint of the date, owned zone area, outside the p42 cut rectangles (Inhulets rows: inside the Inhulets rectangle)","conditional POD outside the normally-wet class (POD | observable dry-background domain): a diagnostic conditional agreement, NOT a corrected POD; the class was fixed a priori (same-rule pre-breach potential) before any comparison was read",1694.5,0.618,0.013,0.005,"footprint_km2 and coverage from the p94 S1 footprint of the same date and region (observable domain of p94, close to but not identical with the T13 domain); CSI_chance = CSI of the two areas placed independently in the footprint; heidke_skill = Heidke skill score of the 2x2 table"
"connected_ceiling_memory (retained water, sensitivity)",2023-06-18,INHULETS_VALLEY_rect,18.1,7.9,2.9,15.2,6.3,5.0,0.16,0.633,0.126,0.246,"S1 valid footprint of the date, owned zone area, outside the p42 cut rectangles (Inhulets rows: inside the Inhulets rectangle)","conditional POD outside the normally-wet class (POD | observable dry-background domain): a diagnostic conditional agreement, NOT a corrected POD; the class was fixed a priori (same-rule pre-breach potential) before any comparison was read",465.3,0.822,0.012,0.204,"footprint_km2 and coverage from the p94 S1 footprint of the same date and region (observable domain of p94, close to but not identical with the T13 domain); CSI_chance = CSI of the two areas placed independently in the footprint; heidke_skill = Heidke skill score of the 2x2 table"
"connected_ceiling_memory (retained water, sensitivity)",2023-06-18,P42_FLOODPLAIN_DOMAIN,9.9,29.9,1.3,8.7,3.8,28.6,0.13,0.957,0.034,0.21,"S1 valid footprint of the date, owned zone area, outside the p42 cut rectangles (Inhulets rows: inside the Inhulets rectangle)","conditional POD outside the normally-wet class (POD | observable dry-background domain): a diagnostic conditional agreement, NOT a corrected POD; the class was fixed a priori (same-rule pre-breach potential) before any comparison was read",334.8,0.622,0.023,0.019,"footprint_km2 and coverage from the p94 S1 footprint of the same date and region (observable domain of p94, close to but not identical with the T13 domain); CSI_chance = CSI of the two areas placed independently in the footprint; heidke_skill = Heidke skill score of the 2x2 table"
"connected_ceiling_memory (retained water, sensitivity)",2023-06-21,DNIPRO_CORRIDOR,186.3,10.4,1.1,185.2,10.0,9.3,0.006,0.894,0.006,0.006,"S1 valid footprint of the date, owned zone area, outside the p42 cut rectangles (Inhulets rows: inside the Inhulets rectangle)","conditional POD outside the normally-wet class (POD | observable dry-background domain): a diagnostic conditional agreement, NOT a corrected POD; the class was fixed a priori (same-rule pre-breach potential) before any comparison was read",2570.9,0.937,0.004,0.004,"footprint_km2 and coverage from the p94 S1 footprint of the same date and region (observable domain of p94, close to but not identical with the T13 domain); CSI_chance = CSI of the two areas placed independently in the footprint; heidke_skill = Heidke skill score of the 2x2 table"
"connected_ceiling_memory (retained water, sensitivity)",2023-06-21,INHULETS_VALLEY_rect,32.6,0.3,0.2,32.4,1.0,0.1,0.006,0.333,0.006,0.006,"S1 valid footprint of the date, owned zone area, outside the p42 cut rectangles (Inhulets rows: inside the Inhulets rectangle)","conditional POD outside the normally-wet class (POD | observable dry-background domain): a diagnostic conditional agreement, NOT a corrected POD; the class was fixed a priori (same-rule pre-breach potential) before any comparison was read",565.8,1.0,0.001,0.011,"footprint_km2 and coverage from the p94 S1 footprint of the same date and region (observable domain of p94, close to but not identical with the T13 domain); CSI_chance = CSI of the two areas placed independently in the footprint; heidke_skill = Heidke skill score of the 2x2 table"
"connected_ceiling_memory (retained water, sensitivity)",2023-06-21,P42_FLOODPLAIN_DOMAIN,22.6,9.1,1.1,21.5,9.4,8.0,0.049,0.879,0.036,0.083,"S1 valid footprint of the date, owned zone area, outside the p42 cut rectangles (Inhulets rows: inside the Inhulets rectangle)","conditional POD outside the normally-wet class (POD | observable dry-background domain): a diagnostic conditional agreement, NOT a corrected POD; the class was fixed a priori (same-rule pre-breach potential) before any comparison was read",533.4,0.991,0.012,0.046,"footprint_km2 and coverage from the p94 S1 footprint of the same date and region (observable domain of p94, close to but not identical with the T13 domain); CSI_chance = CSI of the two areas placed independently in the footprint; heidke_skill = Heidke skill score of the 2x2 table"
"connected_ceiling_memory (retained water, sensitivity)",2023-06-25,DNIPRO_CORRIDOR,112.7,3.1,0.6,112.1,7.1,2.5,0.005,0.806,0.005,0.006,"S1 valid footprint of the date, owned zone area, outside the p42 cut rectangles (Inhulets rows: inside the Inhulets rectangle)","conditional POD outside the normally-wet class (POD | observable dry-background domain): a diagnostic conditional agreement, NOT a corrected POD; the class was fixed a priori (same-rule pre-breach potential) before any comparison was read",2743.7,1.0,0.001,0.008,"footprint_km2 and coverage from the p94 S1 footprint of the same date and region (observable domain of p94, close to but not identical with the T13 domain); CSI_chance = CSI of the two areas placed independently in the footprint; heidke_skill = Heidke skill score of the 2x2 table"
"connected_ceiling_memory (retained water, sensitivity)",2023-06-25,INHULETS_VALLEY_rect,25.9,0.0,0.0,25.9,0.8,0.0,0.0,0.0,0.0,0.0,"S1 valid footprint of the date, owned zone area, outside the p42 cut rectangles (Inhulets rows: inside the Inhulets rectangle)","conditional POD outside the normally-wet class (POD | observable dry-background domain): a diagnostic conditional agreement, NOT a corrected POD; the class was fixed a priori (same-rule pre-breach potential) before any comparison was read",565.8,1.0,0.0,0.0,"footprint_km2 and coverage from the p94 S1 footprint of the same date and region (observable domain of p94, close to but not identical with the T13 domain); CSI_chance = CSI of the two areas placed independently in the footprint; heidke_skill = Heidke skill score of the 2x2 table"
"connected_ceiling_memory (retained water, sensitivity)",2023-06-25,P42_FLOODPLAIN_DOMAIN,19.2,2.7,0.6,18.6,6.6,2.1,0.031,0.778,0.028,0.048,"S1 valid footprint of the date, owned zone area, outside the p42 cut rectangles (Inhulets rows: inside the Inhulets rectangle)","conditional POD outside the normally-wet class (POD | observable dry-background domain): a diagnostic conditional agreement, NOT a corrected POD; the class was fixed a priori (same-rule pre-breach potential) before any comparison was read",538.5,1.0,0.004,0.046,"footprint_km2 and coverage from the p94 S1 footprint of the same date and region (observable domain of p94, close to but not identical with the T13 domain); CSI_chance = CSI of the two areas placed independently in the footprint; heidke_skill = Heidke skill score of the 2x2 table"
"connected_ceiling_memory (retained water, sensitivity)",2023-06-26,DNIPRO_CORRIDOR,23.3,2.9000000000000004,0.5,22.7,7.4,2.4000000000000004,0.022,0.828,0.02,0.032,"S1 valid footprint of the date, owned zone area, outside the p42 cut rectangles (Inhulets rows: inside the Inhulets rectangle)","conditional POD outside the normally-wet class (POD | observable dry-background domain): a diagnostic conditional agreement, NOT a corrected POD; the class was fixed a priori (same-rule pre-breach potential) before any comparison was read",2612.2,0.952,0.001,0.04,"footprint_km2 and coverage from the p94 S1 footprint of the same date and region (observable domain of p94, close to but not identical with the T13 domain); CSI_chance = CSI of the two areas placed independently in the footprint; heidke_skill = Heidke skill score of the 2x2 table"
"connected_ceiling_memory (retained water, sensitivity)",2023-06-26,INHULETS_VALLEY_rect,23.3,0.0,0.0,23.3,0.5,0.0,0.0,0.0,0.0,0.0,"S1 valid footprint of the date, owned zone area, outside the p42 cut rectangles (Inhulets rows: inside the Inhulets rectangle)","conditional POD outside the normally-wet class (POD | observable dry-background domain): a diagnostic conditional agreement, NOT a corrected POD; the class was fixed a priori (same-rule pre-breach potential) before any comparison was read",565.8,1.0,0.0,0.0,"footprint_km2 and coverage from the p94 S1 footprint of the same date and region (observable domain of p94, close to but not identical with the T13 domain); CSI_chance = CSI of the two areas placed independently in the footprint; heidke_skill = Heidke skill score of the 2x2 table"
"connected_ceiling_memory (retained water, sensitivity)",2023-06-26,P42_FLOODPLAIN_DOMAIN,14.9,2.6,0.5,14.4,7.0,2.0,0.034,0.8,0.03,0.063,"S1 valid footprint of the date, owned zone area, outside the p42 cut rectangles (Inhulets rows: inside the Inhulets rectangle)","conditional POD outside the normally-wet class (POD | observable dry-background domain): a diagnostic conditional agreement, NOT a corrected POD; the class was fixed a priori (same-rule pre-breach potential) before any comparison was read",538.5,1.0,0.004,0.055,"footprint_km2 and coverage from the p94 S1 footprint of the same date and region (observable domain of p94, close to but not identical with the T13 domain); CSI_chance = CSI of the two areas placed independently in the footprint; heidke_skill = Heidke skill score of the 2x2 table"
"connected_ceiling_memory (retained water, sensitivity)",2023-06-30,DNIPRO_CORRIDOR,64.2,3.0,0.7,63.4,6.9,2.3000000000000003,0.011,0.767,0.011,0.012,"S1 valid footprint of the date, owned zone area, outside the p42 cut rectangles (Inhulets rows: inside the Inhulets rectangle)","conditional POD outside the normally-wet class (POD | observable dry-background domain): a diagnostic conditional agreement, NOT a corrected POD; the class was fixed a priori (same-rule pre-breach potential) before any comparison was read",1698.5,0.619,0.002,0.019,"footprint_km2 and coverage from the p94 S1 footprint of the same date and region (observable domain of p94, close to but not identical with the T13 domain); CSI_chance = CSI of the two areas placed independently in the footprint; heidke_skill = Heidke skill score of the 2x2 table"
"connected_ceiling_memory (retained water, sensitivity)",2023-06-30,INHULETS_VALLEY_rect,57.9,0.0,0.0,57.9,3.2,0.0,0.0,0.0,0.0,0.0,"S1 valid footprint of the date, owned zone area, outside the p42 cut rectangles (Inhulets rows: inside the Inhulets rectangle)","conditional POD outside the normally-wet class (POD | observable dry-background domain): a diagnostic conditional agreement, NOT a corrected POD; the class was fixed a priori (same-rule pre-breach potential) before any comparison was read",470.1,0.831,0.0,-0.0,"footprint_km2 and coverage from the p94 S1 footprint of the same date and region (observable domain of p94, close to but not identical with the T13 domain); CSI_chance = CSI of the two areas placed independently in the footprint; heidke_skill = Heidke skill score of the 2x2 table"
"connected_ceiling_memory (retained water, sensitivity)",2023-06-30,P42_FLOODPLAIN_DOMAIN,13.5,2.6,0.7,12.8,5.1,1.9,0.052,0.731,0.045,0.083,"S1 valid footprint of the date, owned zone area, outside the p42 cut rectangles (Inhulets rows: inside the Inhulets rectangle)","conditional POD outside the normally-wet class (POD | observable dry-background domain): a diagnostic conditional agreement, NOT a corrected POD; the class was fixed a priori (same-rule pre-breach potential) before any comparison was read",336.0,0.624,0.007,0.075,"footprint_km2 and coverage from the p94 S1 footprint of the same date and region (observable domain of p94, close to but not identical with the T13 domain); CSI_chance = CSI of the two areas placed independently in the footprint; heidke_skill = Heidke skill score of the 2x2 table"
connected_ceiling_maxgap3,2023-06-01,DNIPRO_CORRIDOR,0.0,0.0,0.0,0.0,0.0,0.0,0.0,0.0,0.0,0.0,"S1 valid footprint of the date, owned zone area, outside the p42 cut rectangles (Inhulets rows: inside the Inhulets rectangle)","conditional POD outside the normally-wet class (POD | observable dry-background domain): a diagnostic conditional agreement, NOT a corrected POD; the class was fixed a priori (same-rule pre-breach potential) before any comparison was read",2743.7,1.0,,,"footprint_km2 and coverage from the p94 S1 footprint of the same date and region (observable domain of p94, close to but not identical with the T13 domain); CSI_chance = CSI of the two areas placed independently in the footprint; heidke_skill = Heidke skill score of the 2x2 table"
connected_ceiling_maxgap3,2023-06-01,INHULETS_VALLEY_rect,0.0,0.0,0.0,0.0,0.0,0.0,0.0,0.0,0.0,0.0,"S1 valid footprint of the date, owned zone area, outside the p42 cut rectangles (Inhulets rows: inside the Inhulets rectangle)","conditional POD outside the normally-wet class (POD | observable dry-background domain): a diagnostic conditional agreement, NOT a corrected POD; the class was fixed a priori (same-rule pre-breach potential) before any comparison was read",565.8,1.0,,,"footprint_km2 and coverage from the p94 S1 footprint of the same date and region (observable domain of p94, close to but not identical with the T13 domain); CSI_chance = CSI of the two areas placed independently in the footprint; heidke_skill = Heidke skill score of the 2x2 table"
connected_ceiling_maxgap3,2023-06-01,P42_FLOODPLAIN_DOMAIN,0.0,0.0,0.0,0.0,0.0,0.0,0.0,0.0,0.0,0.0,"S1 valid footprint of the date, owned zone area, outside the p42 cut rectangles (Inhulets rows: inside the Inhulets rectangle)","conditional POD outside the normally-wet class (POD | observable dry-background domain): a diagnostic conditional agreement, NOT a corrected POD; the class was fixed a priori (same-rule pre-breach potential) before any comparison was read",538.5,1.0,,,"footprint_km2 and coverage from the p94 S1 footprint of the same date and region (observable domain of p94, close to but not identical with the T13 domain); CSI_chance = CSI of the two areas placed independently in the footprint; heidke_skill = Heidke skill score of the 2x2 table"
connected_ceiling_maxgap3,2023-06-02,DNIPRO_CORRIDOR,0.0,0.0,0.0,0.0,0.0,0.0,0.0,0.0,0.0,0.0,"S1 valid footprint of the date, owned zone area, outside the p42 cut rectangles (Inhulets rows: inside the Inhulets rectangle)","conditional POD outside the normally-wet class (POD | observable dry-background domain): a diagnostic conditional agreement, NOT a corrected POD; the class was fixed a priori (same-rule pre-breach potential) before any comparison was read",2608.1,0.951,,,"footprint_km2 and coverage from the p94 S1 footprint of the same date and region (observable domain of p94, close to but not identical with the T13 domain); CSI_chance = CSI of the two areas placed independently in the footprint; heidke_skill = Heidke skill score of the 2x2 table"
connected_ceiling_maxgap3,2023-06-02,INHULETS_VALLEY_rect,0.0,0.0,0.0,0.0,0.0,0.0,0.0,0.0,0.0,0.0,"S1 valid footprint of the date, owned zone area, outside the p42 cut rectangles (Inhulets rows: inside the Inhulets rectangle)","conditional POD outside the normally-wet class (POD | observable dry-background domain): a diagnostic conditional agreement, NOT a corrected POD; the class was fixed a priori (same-rule pre-breach potential) before any comparison was read",565.8,1.0,,,"footprint_km2 and coverage from the p94 S1 footprint of the same date and region (observable domain of p94, close to but not identical with the T13 domain); CSI_chance = CSI of the two areas placed independently in the footprint; heidke_skill = Heidke skill score of the 2x2 table"
connected_ceiling_maxgap3,2023-06-02,P42_FLOODPLAIN_DOMAIN,0.0,0.0,0.0,0.0,0.0,0.0,0.0,0.0,0.0,0.0,"S1 valid footprint of the date, owned zone area, outside the p42 cut rectangles (Inhulets rows: inside the Inhulets rectangle)","conditional POD outside the normally-wet class (POD | observable dry-background domain): a diagnostic conditional agreement, NOT a corrected POD; the class was fixed a priori (same-rule pre-breach potential) before any comparison was read",538.5,1.0,,,"footprint_km2 and coverage from the p94 S1 footprint of the same date and region (observable domain of p94, close to but not identical with the T13 domain); CSI_chance = CSI of the two areas placed independently in the footprint; heidke_skill = Heidke skill score of the 2x2 table"
connected_ceiling_maxgap3,2023-06-06,DNIPRO_CORRIDOR,30.3,99.2,0.9,29.4,7.300000000000001,98.2,0.03,0.991,0.007,0.039,"S1 valid footprint of the date, owned zone area, outside the p42 cut rectangles (Inhulets rows: inside the Inhulets rectangle)","conditional POD outside the normally-wet class (POD | observable dry-background domain): a diagnostic conditional agreement, NOT a corrected POD; the class was fixed a priori (same-rule pre-breach potential) before any comparison was read",1697.4,0.619,0.014,-0.013,"footprint_km2 and coverage from the p94 S1 footprint of the same date and region (observable domain of p94, close to but not identical with the T13 domain); CSI_chance = CSI of the two areas placed independently in the footprint; heidke_skill = Heidke skill score of the 2x2 table"
connected_ceiling_maxgap3,2023-06-06,INHULETS_VALLEY_rect,4.7,12.3,0.1,4.5,0.3,12.2,0.022,0.992,0.006,0.023,"S1 valid footprint of the date, owned zone area, outside the p42 cut rectangles (Inhulets rows: inside the Inhulets rectangle)","conditional POD outside the normally-wet class (POD | observable dry-background domain): a diagnostic conditional agreement, NOT a corrected POD; the class was fixed a priori (same-rule pre-breach potential) before any comparison was read",468.9,0.829,0.007,0.003,"footprint_km2 and coverage from the p94 S1 footprint of the same date and region (observable domain of p94, close to but not identical with the T13 domain); CSI_chance = CSI of the two areas placed independently in the footprint; heidke_skill = Heidke skill score of the 2x2 table"
connected_ceiling_maxgap3,2023-06-06,P42_FLOODPLAIN_DOMAIN,8.5,79.4,0.9,7.5,7.1,78.5,0.107,0.989,0.01,0.692,"S1 valid footprint of the date, owned zone area, outside the p42 cut rectangles (Inhulets rows: inside the Inhulets rectangle)","conditional POD outside the normally-wet class (POD | observable dry-background domain): a diagnostic conditional agreement, NOT a corrected POD; the class was fixed a priori (same-rule pre-breach potential) before any comparison was read",335.7,0.623,0.023,-0.025,"footprint_km2 and coverage from the p94 S1 footprint of the same date and region (observable domain of p94, close to but not identical with the T13 domain); CSI_chance = CSI of the two areas placed independently in the footprint; heidke_skill = Heidke skill score of the 2x2 table"
connected_ceiling_maxgap3,2023-06-09,DNIPRO_CORRIDOR,319.4,224.8,85.2,234.2,169.5,139.6,0.267,0.621,0.186,0.568,"S1 valid footprint of the date, owned zone area, outside the p42 cut rectangles (Inhulets rows: inside the Inhulets rectangle)","conditional POD outside the normally-wet class (POD | observable dry-background domain): a diagnostic conditional agreement, NOT a corrected POD; the class was fixed a priori (same-rule pre-breach potential) before any comparison was read",2574.8,0.938,0.054,0.235,"footprint_km2 and coverage from the p94 S1 footprint of the same date and region (observable domain of p94, close to but not identical with the T13 domain); CSI_chance = CSI of the two areas placed independently in the footprint; heidke_skill = Heidke skill score of the 2x2 table"
connected_ceiling_maxgap3,2023-06-09,INHULETS_VALLEY_rect,36.2,19.4,12.4,23.8,15.8,7.0,0.343,0.361,0.287,0.608,"S1 valid footprint of the date, owned zone area, outside the p42 cut rectangles (Inhulets rows: inside the Inhulets rectangle)","conditional POD outside the normally-wet class (POD | observable dry-background domain): a diagnostic conditional agreement, NOT a corrected POD; the class was fixed a priori (same-rule pre-breach potential) before any comparison was read",565.8,1.0,0.023,0.42,"footprint_km2 and coverage from the p94 S1 footprint of the same date and region (observable domain of p94, close to but not identical with the T13 domain); CSI_chance = CSI of the two areas placed independently in the footprint; heidke_skill = Heidke skill score of the 2x2 table"
connected_ceiling_maxgap3,2023-06-09,P42_FLOODPLAIN_DOMAIN,201.2,124.8,52.0,149.1,146.39999999999998,72.8,0.259,0.583,0.19,0.951,"S1 valid footprint of the date, owned zone area, outside the p42 cut rectangles (Inhulets rows: inside the Inhulets rectangle)","conditional POD outside the normally-wet class (POD | observable dry-background domain): a diagnostic conditional agreement, NOT a corrected POD; the class was fixed a priori (same-rule pre-breach potential) before any comparison was read",533.4,0.991,0.169,0.043,"footprint_km2 and coverage from the p94 S1 footprint of the same date and region (observable domain of p94, close to but not identical with the T13 domain); CSI_chance = CSI of the two areas placed independently in the footprint; heidke_skill = Heidke skill score of the 2x2 table"
connected_ceiling_maxgap3,2023-06-13,DNIPRO_CORRIDOR,164.89999999999998,167.8,27.3,137.5,128.6,140.5,0.166,0.837,0.089,0.754,"S1 valid footprint of the date, owned zone area, outside the p42 cut rectangles (Inhulets rows: inside the Inhulets rectangle)","conditional POD outside the normally-wet class (POD | observable dry-background domain): a diagnostic conditional agreement, NOT a corrected POD; the class was fixed a priori (same-rule pre-breach potential) before any comparison was read",2743.7,1.0,0.031,0.11,"footprint_km2 and coverage from the p94 S1 footprint of the same date and region (observable domain of p94, close to but not identical with the T13 domain); CSI_chance = CSI of the two areas placed independently in the footprint; heidke_skill = Heidke skill score of the 2x2 table"
connected_ceiling_maxgap3,2023-06-13,INHULETS_VALLEY_rect,27.0,14.7,10.3,16.7,16.3,4.5,0.381,0.304,0.327,0.963,"S1 valid footprint of the date, owned zone area, outside the p42 cut rectangles (Inhulets rows: inside the Inhulets rectangle)","conditional POD outside the normally-wet class (POD | observable dry-background domain): a diagnostic conditional agreement, NOT a corrected POD; the class was fixed a priori (same-rule pre-breach potential) before any comparison was read",565.8,1.0,0.017,0.474,"footprint_km2 and coverage from the p94 S1 footprint of the same date and region (observable domain of p94, close to but not identical with the T13 domain); CSI_chance = CSI of the two areas placed independently in the footprint; heidke_skill = Heidke skill score of the 2x2 table"
connected_ceiling_maxgap3,2023-06-13,P42_FLOODPLAIN_DOMAIN,147.3,91.5,23.8,123.5,121.1,67.7,0.162,0.74,0.111,0.908,"S1 valid footprint of the date, owned zone area, outside the p42 cut rectangles (Inhulets rows: inside the Inhulets rectangle)","conditional POD outside the normally-wet class (POD | observable dry-background domain): a diagnostic conditional agreement, NOT a corrected POD; the class was fixed a priori (same-rule pre-breach potential) before any comparison was read",538.5,1.0,0.117,-0.013,"footprint_km2 and coverage from the p94 S1 footprint of the same date and region (observable domain of p94, close to but not identical with the T13 domain); CSI_chance = CSI of the two areas placed independently in the footprint; heidke_skill = Heidke skill score of the 2x2 table"
connected_ceiling_maxgap3,2023-06-14,DNIPRO_CORRIDOR,99.3,143.8,13.9,85.4,63.6,130.0,0.14,0.903,0.061,0.389,"S1 valid footprint of the date, owned zone area, outside the p42 cut rectangles (Inhulets rows: inside the Inhulets rectangle)","conditional POD outside the normally-wet class (POD | observable dry-background domain): a diagnostic conditional agreement, NOT a corrected POD; the class was fixed a priori (same-rule pre-breach potential) before any comparison was read",2608.8,0.951,0.023,0.072,"footprint_km2 and coverage from the p94 S1 footprint of the same date and region (observable domain of p94, close to but not identical with the T13 domain); CSI_chance = CSI of the two areas placed independently in the footprint; heidke_skill = Heidke skill score of the 2x2 table"
connected_ceiling_maxgap3,2023-06-14,INHULETS_VALLEY_rect,25.4,13.7,8.8,16.7,15.8,4.9,0.345,0.358,0.289,0.907,"S1 valid footprint of the date, owned zone area, outside the p42 cut rectangles (Inhulets rows: inside the Inhulets rectangle)","conditional POD outside the normally-wet class (POD | observable dry-background domain): a diagnostic conditional agreement, NOT a corrected POD; the class was fixed a priori (same-rule pre-breach potential) before any comparison was read",565.8,1.0,0.016,0.43,"footprint_km2 and coverage from the p94 S1 footprint of the same date and region (observable domain of p94, close to but not identical with the T13 domain); CSI_chance = CSI of the two areas placed independently in the footprint; heidke_skill = Heidke skill score of the 2x2 table"
connected_ceiling_maxgap3,2023-06-14,P42_FLOODPLAIN_DOMAIN,74.0,76.6,11.8,62.2,58.900000000000006,64.8,0.159,0.846,0.085,0.781,"S1 valid footprint of the date, owned zone area, outside the p42 cut rectangles (Inhulets rows: inside the Inhulets rectangle)","conditional POD outside the normally-wet class (POD | observable dry-background domain): a diagnostic conditional agreement, NOT a corrected POD; the class was fixed a priori (same-rule pre-breach potential) before any comparison was read",538.5,1.0,0.075,0.02,"footprint_km2 and coverage from the p94 S1 footprint of the same date and region (observable domain of p94, close to but not identical with the T13 domain); CSI_chance = CSI of the two areas placed independently in the footprint; heidke_skill = Heidke skill score of the 2x2 table"
connected_ceiling_maxgap3,2023-06-18,DNIPRO_CORRIDOR,53.6,37.9,0.3,53.400000000000006,4.199999999999999,37.6,0.006,0.992,0.003,0.006,"S1 valid footprint of the date, owned zone area, outside the p42 cut rectangles (Inhulets rows: inside the Inhulets rectangle)","conditional POD outside the normally-wet class (POD | observable dry-background domain): a diagnostic conditional agreement, NOT a corrected POD; the class was fixed a priori (same-rule pre-breach potential) before any comparison was read",1694.5,0.618,0.013,-0.021,"footprint_km2 and coverage from the p94 S1 footprint of the same date and region (observable domain of p94, close to but not identical with the T13 domain); CSI_chance = CSI of the two areas placed independently in the footprint; heidke_skill = Heidke skill score of the 2x2 table"
connected_ceiling_maxgap3,2023-06-18,INHULETS_VALLEY_rect,18.1,7.8,2.9,15.2,6.3,4.9,0.16,0.628,0.126,0.246,"S1 valid footprint of the date, owned zone area, outside the p42 cut rectangles (Inhulets rows: inside the Inhulets rectangle)","conditional POD outside the normally-wet class (POD | observable dry-background domain): a diagnostic conditional agreement, NOT a corrected POD; the class was fixed a priori (same-rule pre-breach potential) before any comparison was read",465.3,0.822,0.012,0.205,"footprint_km2 and coverage from the p94 S1 footprint of the same date and region (observable domain of p94, close to but not identical with the T13 domain); CSI_chance = CSI of the two areas placed independently in the footprint; heidke_skill = Heidke skill score of the 2x2 table"
connected_ceiling_maxgap3,2023-06-18,P42_FLOODPLAIN_DOMAIN,9.9,24.6,0.2,9.8,3.8,24.4,0.02,0.992,0.006,0.032,"S1 valid footprint of the date, owned zone area, outside the p42 cut rectangles (Inhulets rows: inside the Inhulets rectangle)","conditional POD outside the normally-wet class (POD | observable dry-background domain): a diagnostic conditional agreement, NOT a corrected POD; the class was fixed a priori (same-rule pre-breach potential) before any comparison was read",334.8,0.622,0.022,-0.035,"footprint_km2 and coverage from the p94 S1 footprint of the same date and region (observable domain of p94, close to but not identical with the T13 domain); CSI_chance = CSI of the two areas placed independently in the footprint; heidke_skill = Heidke skill score of the 2x2 table"
connected_ceiling_maxgap3,2023-06-21,DNIPRO_CORRIDOR,186.3,4.0,0.1,186.3,10.0,4.0,0.001,0.976,0.001,0.001,"S1 valid footprint of the date, owned zone area, outside the p42 cut rectangles (Inhulets rows: inside the Inhulets rectangle)","conditional POD outside the normally-wet class (POD | observable dry-background domain): a diagnostic conditional agreement, NOT a corrected POD; the class was fixed a priori (same-rule pre-breach potential) before any comparison was read",2570.9,0.937,0.002,-0.003,"footprint_km2 and coverage from the p94 S1 footprint of the same date and region (observable domain of p94, close to but not identical with the T13 domain); CSI_chance = CSI of the two areas placed independently in the footprint; heidke_skill = Heidke skill score of the 2x2 table"
connected_ceiling_maxgap3,2023-06-21,INHULETS_VALLEY_rect,32.6,0.0,0.0,32.6,1.0,0.0,0.0,0.0,0.0,0.0,"S1 valid footprint of the date, owned zone area, outside the p42 cut rectangles (Inhulets rows: inside the Inhulets rectangle)","conditional POD outside the normally-wet class (POD | observable dry-background domain): a diagnostic conditional agreement, NOT a corrected POD; the class was fixed a priori (same-rule pre-breach potential) before any comparison was read",565.8,1.0,0.0,0.0,"footprint_km2 and coverage from the p94 S1 footprint of the same date and region (observable domain of p94, close to but not identical with the T13 domain); CSI_chance = CSI of the two areas placed independently in the footprint; heidke_skill = Heidke skill score of the 2x2 table"
connected_ceiling_maxgap3,2023-06-21,P42_FLOODPLAIN_DOMAIN,22.6,3.6,0.1,22.5,9.4,3.5,0.004,0.972,0.004,0.008,"S1 valid footprint of the date, owned zone area, outside the p42 cut rectangles (Inhulets rows: inside the Inhulets rectangle)","conditional POD outside the normally-wet class (POD | observable dry-background domain): a diagnostic conditional agreement, NOT a corrected POD; the class was fixed a priori (same-rule pre-breach potential) before any comparison was read",533.4,0.991,0.006,-0.004,"footprint_km2 and coverage from the p94 S1 footprint of the same date and region (observable domain of p94, close to but not identical with the T13 domain); CSI_chance = CSI of the two areas placed independently in the footprint; heidke_skill = Heidke skill score of the 2x2 table"
connected_ceiling_maxgap3,2023-06-25,DNIPRO_CORRIDOR,112.7,0.0,0.0,112.7,7.1,0.0,0.0,0.0,0.0,0.0,"S1 valid footprint of the date, owned zone area, outside the p42 cut rectangles (Inhulets rows: inside the Inhulets rectangle)","conditional POD outside the normally-wet class (POD | observable dry-background domain): a diagnostic conditional agreement, NOT a corrected POD; the class was fixed a priori (same-rule pre-breach potential) before any comparison was read",2743.7,1.0,0.0,0.0,"footprint_km2 and coverage from the p94 S1 footprint of the same date and region (observable domain of p94, close to but not identical with the T13 domain); CSI_chance = CSI of the two areas placed independently in the footprint; heidke_skill = Heidke skill score of the 2x2 table"
connected_ceiling_maxgap3,2023-06-25,INHULETS_VALLEY_rect,25.9,0.0,0.0,25.9,0.8,0.0,0.0,0.0,0.0,0.0,"S1 valid footprint of the date, owned zone area, outside the p42 cut rectangles (Inhulets rows: inside the Inhulets rectangle)","conditional POD outside the normally-wet class (POD | observable dry-background domain): a diagnostic conditional agreement, NOT a corrected POD; the class was fixed a priori (same-rule pre-breach potential) before any comparison was read",565.8,1.0,0.0,0.0,"footprint_km2 and coverage from the p94 S1 footprint of the same date and region (observable domain of p94, close to but not identical with the T13 domain); CSI_chance = CSI of the two areas placed independently in the footprint; heidke_skill = Heidke skill score of the 2x2 table"
connected_ceiling_maxgap3,2023-06-25,P42_FLOODPLAIN_DOMAIN,19.2,0.0,0.0,19.2,6.6,0.0,0.0,0.0,0.0,0.0,"S1 valid footprint of the date, owned zone area, outside the p42 cut rectangles (Inhulets rows: inside the Inhulets rectangle)","conditional POD outside the normally-wet class (POD | observable dry-background domain): a diagnostic conditional agreement, NOT a corrected POD; the class was fixed a priori (same-rule pre-breach potential) before any comparison was read",538.5,1.0,0.0,-0.0,"footprint_km2 and coverage from the p94 S1 footprint of the same date and region (observable domain of p94, close to but not identical with the T13 domain); CSI_chance = CSI of the two areas placed independently in the footprint; heidke_skill = Heidke skill score of the 2x2 table"
connected_ceiling_maxgap3,2023-06-26,DNIPRO_CORRIDOR,23.3,0.0,0.0,23.3,7.4,0.0,0.0,0.0,0.0,0.0,"S1 valid footprint of the date, owned zone area, outside the p42 cut rectangles (Inhulets rows: inside the Inhulets rectangle)","conditional POD outside the normally-wet class (POD | observable dry-background domain): a diagnostic conditional agreement, NOT a corrected POD; the class was fixed a priori (same-rule pre-breach potential) before any comparison was read",2612.2,0.952,0.0,0.0,"footprint_km2 and coverage from the p94 S1 footprint of the same date and region (observable domain of p94, close to but not identical with the T13 domain); CSI_chance = CSI of the two areas placed independently in the footprint; heidke_skill = Heidke skill score of the 2x2 table"
connected_ceiling_maxgap3,2023-06-26,INHULETS_VALLEY_rect,23.3,0.0,0.0,23.3,0.5,0.0,0.0,0.0,0.0,0.0,"S1 valid footprint of the date, owned zone area, outside the p42 cut rectangles (Inhulets rows: inside the Inhulets rectangle)","conditional POD outside the normally-wet class (POD | observable dry-background domain): a diagnostic conditional agreement, NOT a corrected POD; the class was fixed a priori (same-rule pre-breach potential) before any comparison was read",565.8,1.0,0.0,0.0,"footprint_km2 and coverage from the p94 S1 footprint of the same date and region (observable domain of p94, close to but not identical with the T13 domain); CSI_chance = CSI of the two areas placed independently in the footprint; heidke_skill = Heidke skill score of the 2x2 table"
connected_ceiling_maxgap3,2023-06-26,P42_FLOODPLAIN_DOMAIN,14.9,0.0,0.0,14.9,7.0,0.0,0.0,0.0,0.0,0.0,"S1 valid footprint of the date, owned zone area, outside the p42 cut rectangles (Inhulets rows: inside the Inhulets rectangle)","conditional POD outside the normally-wet class (POD | observable dry-background domain): a diagnostic conditional agreement, NOT a corrected POD; the class was fixed a priori (same-rule pre-breach potential) before any comparison was read",538.5,1.0,0.0,0.0,"footprint_km2 and coverage from the p94 S1 footprint of the same date and region (observable domain of p94, close to but not identical with the T13 domain); CSI_chance = CSI of the two areas placed independently in the footprint; heidke_skill = Heidke skill score of the 2x2 table"
connected_ceiling_maxgap3,2023-06-30,DNIPRO_CORRIDOR,64.2,0.1,0.0,64.2,6.9,0.1,0.0,1.0,0.0,0.0,"S1 valid footprint of the date, owned zone area, outside the p42 cut rectangles (Inhulets rows: inside the Inhulets rectangle)","conditional POD outside the normally-wet class (POD | observable dry-background domain): a diagnostic conditional agreement, NOT a corrected POD; the class was fixed a priori (same-rule pre-breach potential) before any comparison was read",1698.5,0.619,0.0,-0.0,"footprint_km2 and coverage from the p94 S1 footprint of the same date and region (observable domain of p94, close to but not identical with the T13 domain); CSI_chance = CSI of the two areas placed independently in the footprint; heidke_skill = Heidke skill score of the 2x2 table"
connected_ceiling_maxgap3,2023-06-30,INHULETS_VALLEY_rect,57.9,0.0,0.0,57.9,3.2,0.0,0.0,0.0,0.0,0.0,"S1 valid footprint of the date, owned zone area, outside the p42 cut rectangles (Inhulets rows: inside the Inhulets rectangle)","conditional POD outside the normally-wet class (POD | observable dry-background domain): a diagnostic conditional agreement, NOT a corrected POD; the class was fixed a priori (same-rule pre-breach potential) before any comparison was read",470.1,0.831,0.0,-0.0,"footprint_km2 and coverage from the p94 S1 footprint of the same date and region (observable domain of p94, close to but not identical with the T13 domain); CSI_chance = CSI of the two areas placed independently in the footprint; heidke_skill = Heidke skill score of the 2x2 table"
connected_ceiling_maxgap3,2023-06-30,P42_FLOODPLAIN_DOMAIN,13.5,0.0,0.0,13.5,5.1,0.0,0.0,0.0,0.0,0.0,"S1 valid footprint of the date, owned zone area, outside the p42 cut rectangles (Inhulets rows: inside the Inhulets rectangle)","conditional POD outside the normally-wet class (POD | observable dry-background domain): a diagnostic conditional agreement, NOT a corrected POD; the class was fixed a priori (same-rule pre-breach potential) before any comparison was read",336.0,0.624,0.0,0.0,"footprint_km2 and coverage from the p94 S1 footprint of the same date and region (observable domain of p94, close to but not identical with the T13 domain); CSI_chance = CSI of the two areas placed independently in the footprint; heidke_skill = Heidke skill score of the 2x2 table"
connected_ceiling_riveraware,2023-06-01,DNIPRO_CORRIDOR,0.0,0.0,0.0,0.0,0.0,0.0,0.0,0.0,0.0,0.0,"S1 valid footprint of the date, owned zone area, outside the p42 cut rectangles (Inhulets rows: inside the Inhulets rectangle)","conditional POD outside the normally-wet class (POD | observable dry-background domain): a diagnostic conditional agreement, NOT a corrected POD; the class was fixed a priori (same-rule pre-breach potential) before any comparison was read",2743.7,1.0,,,"footprint_km2 and coverage from the p94 S1 footprint of the same date and region (observable domain of p94, close to but not identical with the T13 domain); CSI_chance = CSI of the two areas placed independently in the footprint; heidke_skill = Heidke skill score of the 2x2 table"
connected_ceiling_riveraware,2023-06-01,INHULETS_VALLEY_rect,0.0,0.0,0.0,0.0,0.0,0.0,0.0,0.0,0.0,0.0,"S1 valid footprint of the date, owned zone area, outside the p42 cut rectangles (Inhulets rows: inside the Inhulets rectangle)","conditional POD outside the normally-wet class (POD | observable dry-background domain): a diagnostic conditional agreement, NOT a corrected POD; the class was fixed a priori (same-rule pre-breach potential) before any comparison was read",565.8,1.0,,,"footprint_km2 and coverage from the p94 S1 footprint of the same date and region (observable domain of p94, close to but not identical with the T13 domain); CSI_chance = CSI of the two areas placed independently in the footprint; heidke_skill = Heidke skill score of the 2x2 table"
connected_ceiling_riveraware,2023-06-01,P42_FLOODPLAIN_DOMAIN,0.0,0.0,0.0,0.0,0.0,0.0,0.0,0.0,0.0,0.0,"S1 valid footprint of the date, owned zone area, outside the p42 cut rectangles (Inhulets rows: inside the Inhulets rectangle)","conditional POD outside the normally-wet class (POD | observable dry-background domain): a diagnostic conditional agreement, NOT a corrected POD; the class was fixed a priori (same-rule pre-breach potential) before any comparison was read",538.5,1.0,,,"footprint_km2 and coverage from the p94 S1 footprint of the same date and region (observable domain of p94, close to but not identical with the T13 domain); CSI_chance = CSI of the two areas placed independently in the footprint; heidke_skill = Heidke skill score of the 2x2 table"
connected_ceiling_riveraware,2023-06-02,DNIPRO_CORRIDOR,0.0,0.0,0.0,0.0,0.0,0.0,0.0,0.0,0.0,0.0,"S1 valid footprint of the date, owned zone area, outside the p42 cut rectangles (Inhulets rows: inside the Inhulets rectangle)","conditional POD outside the normally-wet class (POD | observable dry-background domain): a diagnostic conditional agreement, NOT a corrected POD; the class was fixed a priori (same-rule pre-breach potential) before any comparison was read",2608.1,0.951,,,"footprint_km2 and coverage from the p94 S1 footprint of the same date and region (observable domain of p94, close to but not identical with the T13 domain); CSI_chance = CSI of the two areas placed independently in the footprint; heidke_skill = Heidke skill score of the 2x2 table"
connected_ceiling_riveraware,2023-06-02,INHULETS_VALLEY_rect,0.0,0.0,0.0,0.0,0.0,0.0,0.0,0.0,0.0,0.0,"S1 valid footprint of the date, owned zone area, outside the p42 cut rectangles (Inhulets rows: inside the Inhulets rectangle)","conditional POD outside the normally-wet class (POD | observable dry-background domain): a diagnostic conditional agreement, NOT a corrected POD; the class was fixed a priori (same-rule pre-breach potential) before any comparison was read",565.8,1.0,,,"footprint_km2 and coverage from the p94 S1 footprint of the same date and region (observable domain of p94, close to but not identical with the T13 domain); CSI_chance = CSI of the two areas placed independently in the footprint; heidke_skill = Heidke skill score of the 2x2 table"
connected_ceiling_riveraware,2023-06-02,P42_FLOODPLAIN_DOMAIN,0.0,0.0,0.0,0.0,0.0,0.0,0.0,0.0,0.0,0.0,"S1 valid footprint of the date, owned zone area, outside the p42 cut rectangles (Inhulets rows: inside the Inhulets rectangle)","conditional POD outside the normally-wet class (POD | observable dry-background domain): a diagnostic conditional agreement, NOT a corrected POD; the class was fixed a priori (same-rule pre-breach potential) before any comparison was read",538.5,1.0,,,"footprint_km2 and coverage from the p94 S1 footprint of the same date and region (observable domain of p94, close to but not identical with the T13 domain); CSI_chance = CSI of the two areas placed independently in the footprint; heidke_skill = Heidke skill score of the 2x2 table"
connected_ceiling_riveraware,2023-06-06,DNIPRO_CORRIDOR,30.3,99.2,0.9,29.4,7.300000000000001,98.2,0.03,0.991,0.007,0.039,"S1 valid footprint of the date, owned zone area, outside the p42 cut rectangles (Inhulets rows: inside the Inhulets rectangle)","conditional POD outside the normally-wet class (POD | observable dry-background domain): a diagnostic conditional agreement, NOT a corrected POD; the class was fixed a priori (same-rule pre-breach potential) before any comparison was read",1697.4,0.619,0.014,-0.013,"footprint_km2 and coverage from the p94 S1 footprint of the same date and region (observable domain of p94, close to but not identical with the T13 domain); CSI_chance = CSI of the two areas placed independently in the footprint; heidke_skill = Heidke skill score of the 2x2 table"
connected_ceiling_riveraware,2023-06-06,INHULETS_VALLEY_rect,4.7,12.3,0.1,4.5,0.3,12.2,0.022,0.992,0.006,0.023,"S1 valid footprint of the date, owned zone area, outside the p42 cut rectangles (Inhulets rows: inside the Inhulets rectangle)","conditional POD outside the normally-wet class (POD | observable dry-background domain): a diagnostic conditional agreement, NOT a corrected POD; the class was fixed a priori (same-rule pre-breach potential) before any comparison was read",468.9,0.829,0.007,0.003,"footprint_km2 and coverage from the p94 S1 footprint of the same date and region (observable domain of p94, close to but not identical with the T13 domain); CSI_chance = CSI of the two areas placed independently in the footprint; heidke_skill = Heidke skill score of the 2x2 table"
connected_ceiling_riveraware,2023-06-06,P42_FLOODPLAIN_DOMAIN,8.5,79.4,0.9,7.5,7.1,78.5,0.107,0.989,0.01,0.692,"S1 valid footprint of the date, owned zone area, outside the p42 cut rectangles (Inhulets rows: inside the Inhulets rectangle)","conditional POD outside the normally-wet class (POD | observable dry-background domain): a diagnostic conditional agreement, NOT a corrected POD; the class was fixed a priori (same-rule pre-breach potential) before any comparison was read",335.7,0.623,0.023,-0.025,"footprint_km2 and coverage from the p94 S1 footprint of the same date and region (observable domain of p94, close to but not identical with the T13 domain); CSI_chance = CSI of the two areas placed independently in the footprint; heidke_skill = Heidke skill score of the 2x2 table"
connected_ceiling_riveraware,2023-06-09,DNIPRO_CORRIDOR,319.4,170.7,58.9,260.5,169.5,111.9,0.184,0.655,0.137,0.393,"S1 valid footprint of the date, owned zone area, outside the p42 cut rectangles (Inhulets rows: inside the Inhulets rectangle)","conditional POD outside the normally-wet class (POD | observable dry-background domain): a diagnostic conditional agreement, NOT a corrected POD; the class was fixed a priori (same-rule pre-breach potential) before any comparison was read",2574.8,0.938,0.045,0.168,"footprint_km2 and coverage from the p94 S1 footprint of the same date and region (observable domain of p94, close to but not identical with the T13 domain); CSI_chance = CSI of the two areas placed independently in the footprint; heidke_skill = Heidke skill score of the 2x2 table"
connected_ceiling_riveraware,2023-06-09,INHULETS_VALLEY_rect,36.2,19.4,12.4,23.8,15.8,7.0,0.343,0.361,0.287,0.608,"S1 valid footprint of the date, owned zone area, outside the p42 cut rectangles (Inhulets rows: inside the Inhulets rectangle)","conditional POD outside the normally-wet class (POD | observable dry-background domain): a diagnostic conditional agreement, NOT a corrected POD; the class was fixed a priori (same-rule pre-breach potential) before any comparison was read",565.8,1.0,0.023,0.42,"footprint_km2 and coverage from the p94 S1 footprint of the same date and region (observable domain of p94, close to but not identical with the T13 domain); CSI_chance = CSI of the two areas placed independently in the footprint; heidke_skill = Heidke skill score of the 2x2 table"
connected_ceiling_riveraware,2023-06-09,P42_FLOODPLAIN_DOMAIN,201.2,124.4,51.8,149.39999999999998,146.39999999999998,72.6,0.257,0.584,0.189,0.945,"S1 valid footprint of the date, owned zone area, outside the p42 cut rectangles (Inhulets rows: inside the Inhulets rectangle)","conditional POD outside the normally-wet class (POD | observable dry-background domain): a diagnostic conditional agreement, NOT a corrected POD; the class was fixed a priori (same-rule pre-breach potential) before any comparison was read",533.4,0.991,0.168,0.042,"footprint_km2 and coverage from the p94 S1 footprint of the same date and region (observable domain of p94, close to but not identical with the T13 domain); CSI_chance = CSI of the two areas placed independently in the footprint; heidke_skill = Heidke skill score of the 2x2 table"
connected_ceiling_riveraware,2023-06-13,DNIPRO_CORRIDOR,164.89999999999998,111.7,24.6,140.3,128.6,87.1,0.149,0.78,0.098,0.678,"S1 valid footprint of the date, owned zone area, outside the p42 cut rectangles (Inhulets rows: inside the Inhulets rectangle)","conditional POD outside the normally-wet class (POD | observable dry-background domain): a diagnostic conditional agreement, NOT a corrected POD; the class was fixed a priori (same-rule pre-breach potential) before any comparison was read",2743.7,1.0,0.025,0.136,"footprint_km2 and coverage from the p94 S1 footprint of the same date and region (observable domain of p94, close to but not identical with the T13 domain); CSI_chance = CSI of the two areas placed independently in the footprint; heidke_skill = Heidke skill score of the 2x2 table"
connected_ceiling_riveraware,2023-06-13,INHULETS_VALLEY_rect,27.0,14.7,10.3,16.7,16.3,4.5,0.381,0.304,0.327,0.963,"S1 valid footprint of the date, owned zone area, outside the p42 cut rectangles (Inhulets rows: inside the Inhulets rectangle)","conditional POD outside the normally-wet class (POD | observable dry-background domain): a diagnostic conditional agreement, NOT a corrected POD; the class was fixed a priori (same-rule pre-breach potential) before any comparison was read",565.8,1.0,0.017,0.474,"footprint_km2 and coverage from the p94 S1 footprint of the same date and region (observable domain of p94, close to but not identical with the T13 domain); CSI_chance = CSI of the two areas placed independently in the footprint; heidke_skill = Heidke skill score of the 2x2 table"
connected_ceiling_riveraware,2023-06-13,P42_FLOODPLAIN_DOMAIN,147.3,91.2,23.700000000000003,123.6,121.1,67.5,0.161,0.74,0.11,0.905,"S1 valid footprint of the date, owned zone area, outside the p42 cut rectangles (Inhulets rows: inside the Inhulets rectangle)","conditional POD outside the normally-wet class (POD | observable dry-background domain): a diagnostic conditional agreement, NOT a corrected POD; the class was fixed a priori (same-rule pre-breach potential) before any comparison was read",538.5,1.0,0.117,-0.013,"footprint_km2 and coverage from the p94 S1 footprint of the same date and region (observable domain of p94, close to but not identical with the T13 domain); CSI_chance = CSI of the two areas placed independently in the footprint; heidke_skill = Heidke skill score of the 2x2 table"
connected_ceiling_riveraware,2023-06-14,DNIPRO_CORRIDOR,99.3,89.7,12.1,87.2,63.6,77.80000000000001,0.122,0.865,0.068,0.339,"S1 valid footprint of the date, owned zone area, outside the p42 cut rectangles (Inhulets rows: inside the Inhulets rectangle)","conditional POD outside the normally-wet class (POD | observable dry-background domain): a diagnostic conditional agreement, NOT a corrected POD; the class was fixed a priori (same-rule pre-breach potential) before any comparison was read",2608.8,0.951,0.018,0.094,"footprint_km2 and coverage from the p94 S1 footprint of the same date and region (observable domain of p94, close to but not identical with the T13 domain); CSI_chance = CSI of the two areas placed independently in the footprint; heidke_skill = Heidke skill score of the 2x2 table"
connected_ceiling_riveraware,2023-06-14,INHULETS_VALLEY_rect,25.4,13.7,8.8,16.7,15.8,4.9,0.345,0.358,0.289,0.907,"S1 valid footprint of the date, owned zone area, outside the p42 cut rectangles (Inhulets rows: inside the Inhulets rectangle)","conditional POD outside the normally-wet class (POD | observable dry-background domain): a diagnostic conditional agreement, NOT a corrected POD; the class was fixed a priori (same-rule pre-breach potential) before any comparison was read",565.8,1.0,0.016,0.43,"footprint_km2 and coverage from the p94 S1 footprint of the same date and region (observable domain of p94, close to but not identical with the T13 domain); CSI_chance = CSI of the two areas placed independently in the footprint; heidke_skill = Heidke skill score of the 2x2 table"
connected_ceiling_riveraware,2023-06-14,P42_FLOODPLAIN_DOMAIN,74.0,76.30000000000001,11.8,62.2,58.900000000000006,64.5,0.159,0.845,0.085,0.781,"S1 valid footprint of the date, owned zone area, outside the p42 cut rectangles (Inhulets rows: inside the Inhulets rectangle)","conditional POD outside the normally-wet class (POD | observable dry-background domain): a diagnostic conditional agreement, NOT a corrected POD; the class was fixed a priori (same-rule pre-breach potential) before any comparison was read",538.5,1.0,0.075,0.02,"footprint_km2 and coverage from the p94 S1 footprint of the same date and region (observable domain of p94, close to but not identical with the T13 domain); CSI_chance = CSI of the two areas placed independently in the footprint; heidke_skill = Heidke skill score of the 2x2 table"
connected_ceiling_riveraware,2023-06-18,DNIPRO_CORRIDOR,53.6,27.9,0.2,53.400000000000006,4.199999999999999,27.6,0.004,0.993,0.002,0.004,"S1 valid footprint of the date, owned zone area, outside the p42 cut rectangles (Inhulets rows: inside the Inhulets rectangle)","conditional POD outside the normally-wet class (POD | observable dry-background domain): a diagnostic conditional agreement, NOT a corrected POD; the class was fixed a priori (same-rule pre-breach potential) before any comparison was read",1694.5,0.618,0.011,-0.016,"footprint_km2 and coverage from the p94 S1 footprint of the same date and region (observable domain of p94, close to but not identical with the T13 domain); CSI_chance = CSI of the two areas placed independently in the footprint; heidke_skill = Heidke skill score of the 2x2 table"
connected_ceiling_riveraware,2023-06-18,INHULETS_VALLEY_rect,18.1,7.8,2.9,15.2,6.3,4.9,0.16,0.628,0.126,0.246,"S1 valid footprint of the date, owned zone area, outside the p42 cut rectangles (Inhulets rows: inside the Inhulets rectangle)","conditional POD outside the normally-wet class (POD | observable dry-background domain): a diagnostic conditional agreement, NOT a corrected POD; the class was fixed a priori (same-rule pre-breach potential) before any comparison was read",465.3,0.822,0.012,0.205,"footprint_km2 and coverage from the p94 S1 footprint of the same date and region (observable domain of p94, close to but not identical with the T13 domain); CSI_chance = CSI of the two areas placed independently in the footprint; heidke_skill = Heidke skill score of the 2x2 table"
connected_ceiling_riveraware,2023-06-18,P42_FLOODPLAIN_DOMAIN,9.9,24.6,0.2,9.8,3.8,24.3,0.02,0.992,0.006,0.032,"S1 valid footprint of the date, owned zone area, outside the p42 cut rectangles (Inhulets rows: inside the Inhulets rectangle)","conditional POD outside the normally-wet class (POD | observable dry-background domain): a diagnostic conditional agreement, NOT a corrected POD; the class was fixed a priori (same-rule pre-breach potential) before any comparison was read",334.8,0.622,0.022,-0.032,"footprint_km2 and coverage from the p94 S1 footprint of the same date and region (observable domain of p94, close to but not identical with the T13 domain); CSI_chance = CSI of the two areas placed independently in the footprint; heidke_skill = Heidke skill score of the 2x2 table"
connected_ceiling_riveraware,2023-06-21,DNIPRO_CORRIDOR,186.3,4.0,0.1,186.3,10.0,4.0,0.001,0.976,0.001,0.001,"S1 valid footprint of the date, owned zone area, outside the p42 cut rectangles (Inhulets rows: inside the Inhulets rectangle)","conditional POD outside the normally-wet class (POD | observable dry-background domain): a diagnostic conditional agreement, NOT a corrected POD; the class was fixed a priori (same-rule pre-breach potential) before any comparison was read",2570.9,0.937,0.002,-0.003,"footprint_km2 and coverage from the p94 S1 footprint of the same date and region (observable domain of p94, close to but not identical with the T13 domain); CSI_chance = CSI of the two areas placed independently in the footprint; heidke_skill = Heidke skill score of the 2x2 table"
connected_ceiling_riveraware,2023-06-21,INHULETS_VALLEY_rect,32.6,0.0,0.0,32.6,1.0,0.0,0.0,0.0,0.0,0.0,"S1 valid footprint of the date, owned zone area, outside the p42 cut rectangles (Inhulets rows: inside the Inhulets rectangle)","conditional POD outside the normally-wet class (POD | observable dry-background domain): a diagnostic conditional agreement, NOT a corrected POD; the class was fixed a priori (same-rule pre-breach potential) before any comparison was read",565.8,1.0,0.0,0.0,"footprint_km2 and coverage from the p94 S1 footprint of the same date and region (observable domain of p94, close to but not identical with the T13 domain); CSI_chance = CSI of the two areas placed independently in the footprint; heidke_skill = Heidke skill score of the 2x2 table"
connected_ceiling_riveraware,2023-06-21,P42_FLOODPLAIN_DOMAIN,22.6,3.6,0.1,22.5,9.4,3.5,0.004,0.972,0.004,0.008,"S1 valid footprint of the date, owned zone area, outside the p42 cut rectangles (Inhulets rows: inside the Inhulets rectangle)","conditional POD outside the normally-wet class (POD | observable dry-background domain): a diagnostic conditional agreement, NOT a corrected POD; the class was fixed a priori (same-rule pre-breach potential) before any comparison was read",533.4,0.991,0.006,-0.004,"footprint_km2 and coverage from the p94 S1 footprint of the same date and region (observable domain of p94, close to but not identical with the T13 domain); CSI_chance = CSI of the two areas placed independently in the footprint; heidke_skill = Heidke skill score of the 2x2 table"
connected_ceiling_riveraware,2023-06-25,DNIPRO_CORRIDOR,112.7,0.0,0.0,112.7,7.1,0.0,0.0,0.0,0.0,0.0,"S1 valid footprint of the date, owned zone area, outside the p42 cut rectangles (Inhulets rows: inside the Inhulets rectangle)","conditional POD outside the normally-wet class (POD | observable dry-background domain): a diagnostic conditional agreement, NOT a corrected POD; the class was fixed a priori (same-rule pre-breach potential) before any comparison was read",2743.7,1.0,0.0,0.0,"footprint_km2 and coverage from the p94 S1 footprint of the same date and region (observable domain of p94, close to but not identical with the T13 domain); CSI_chance = CSI of the two areas placed independently in the footprint; heidke_skill = Heidke skill score of the 2x2 table"
connected_ceiling_riveraware,2023-06-25,INHULETS_VALLEY_rect,25.9,0.0,0.0,25.9,0.8,0.0,0.0,0.0,0.0,0.0,"S1 valid footprint of the date, owned zone area, outside the p42 cut rectangles (Inhulets rows: inside the Inhulets rectangle)","conditional POD outside the normally-wet class (POD | observable dry-background domain): a diagnostic conditional agreement, NOT a corrected POD; the class was fixed a priori (same-rule pre-breach potential) before any comparison was read",565.8,1.0,0.0,0.0,"footprint_km2 and coverage from the p94 S1 footprint of the same date and region (observable domain of p94, close to but not identical with the T13 domain); CSI_chance = CSI of the two areas placed independently in the footprint; heidke_skill = Heidke skill score of the 2x2 table"
connected_ceiling_riveraware,2023-06-25,P42_FLOODPLAIN_DOMAIN,19.2,0.0,0.0,19.2,6.7,0.0,0.0,0.0,0.0,0.0,"S1 valid footprint of the date, owned zone area, outside the p42 cut rectangles (Inhulets rows: inside the Inhulets rectangle)","conditional POD outside the normally-wet class (POD | observable dry-background domain): a diagnostic conditional agreement, NOT a corrected POD; the class was fixed a priori (same-rule pre-breach potential) before any comparison was read",538.5,1.0,0.0,-0.0,"footprint_km2 and coverage from the p94 S1 footprint of the same date and region (observable domain of p94, close to but not identical with the T13 domain); CSI_chance = CSI of the two areas placed independently in the footprint; heidke_skill = Heidke skill score of the 2x2 table"
connected_ceiling_riveraware,2023-06-26,DNIPRO_CORRIDOR,23.3,0.0,0.0,23.3,7.4,0.0,0.0,0.0,0.0,0.0,"S1 valid footprint of the date, owned zone area, outside the p42 cut rectangles (Inhulets rows: inside the Inhulets rectangle)","conditional POD outside the normally-wet class (POD | observable dry-background domain): a diagnostic conditional agreement, NOT a corrected POD; the class was fixed a priori (same-rule pre-breach potential) before any comparison was read",2612.2,0.952,0.0,0.0,"footprint_km2 and coverage from the p94 S1 footprint of the same date and region (observable domain of p94, close to but not identical with the T13 domain); CSI_chance = CSI of the two areas placed independently in the footprint; heidke_skill = Heidke skill score of the 2x2 table"
connected_ceiling_riveraware,2023-06-26,INHULETS_VALLEY_rect,23.3,0.0,0.0,23.3,0.5,0.0,0.0,0.0,0.0,0.0,"S1 valid footprint of the date, owned zone area, outside the p42 cut rectangles (Inhulets rows: inside the Inhulets rectangle)","conditional POD outside the normally-wet class (POD | observable dry-background domain): a diagnostic conditional agreement, NOT a corrected POD; the class was fixed a priori (same-rule pre-breach potential) before any comparison was read",565.8,1.0,0.0,0.0,"footprint_km2 and coverage from the p94 S1 footprint of the same date and region (observable domain of p94, close to but not identical with the T13 domain); CSI_chance = CSI of the two areas placed independently in the footprint; heidke_skill = Heidke skill score of the 2x2 table"
connected_ceiling_riveraware,2023-06-26,P42_FLOODPLAIN_DOMAIN,14.9,0.0,0.0,14.9,7.0,0.0,0.0,0.0,0.0,0.0,"S1 valid footprint of the date, owned zone area, outside the p42 cut rectangles (Inhulets rows: inside the Inhulets rectangle)","conditional POD outside the normally-wet class (POD | observable dry-background domain): a diagnostic conditional agreement, NOT a corrected POD; the class was fixed a priori (same-rule pre-breach potential) before any comparison was read",538.5,1.0,0.0,0.0,"footprint_km2 and coverage from the p94 S1 footprint of the same date and region (observable domain of p94, close to but not identical with the T13 domain); CSI_chance = CSI of the two areas placed independently in the footprint; heidke_skill = Heidke skill score of the 2x2 table"
connected_ceiling_riveraware,2023-06-30,DNIPRO_CORRIDOR,64.2,0.1,0.0,64.2,6.9,0.1,0.0,1.0,0.0,0.0,"S1 valid footprint of the date, owned zone area, outside the p42 cut rectangles (Inhulets rows: inside the Inhulets rectangle)","conditional POD outside the normally-wet class (POD | observable dry-background domain): a diagnostic conditional agreement, NOT a corrected POD; the class was fixed a priori (same-rule pre-breach potential) before any comparison was read",1698.5,0.619,0.0,-0.0,"footprint_km2 and coverage from the p94 S1 footprint of the same date and region (observable domain of p94, close to but not identical with the T13 domain); CSI_chance = CSI of the two areas placed independently in the footprint; heidke_skill = Heidke skill score of the 2x2 table"
connected_ceiling_riveraware,2023-06-30,INHULETS_VALLEY_rect,57.9,0.0,0.0,57.9,3.2,0.0,0.0,0.0,0.0,0.0,"S1 valid footprint of the date, owned zone area, outside the p42 cut rectangles (Inhulets rows: inside the Inhulets rectangle)","conditional POD outside the normally-wet class (POD | observable dry-background domain): a diagnostic conditional agreement, NOT a corrected POD; the class was fixed a priori (same-rule pre-breach potential) before any comparison was read",470.1,0.831,0.0,-0.0,"footprint_km2 and coverage from the p94 S1 footprint of the same date and region (observable domain of p94, close to but not identical with the T13 domain); CSI_chance = CSI of the two areas placed independently in the footprint; heidke_skill = Heidke skill score of the 2x2 table"
connected_ceiling_riveraware,2023-06-30,P42_FLOODPLAIN_DOMAIN,13.5,0.0,0.0,13.5,5.1,0.0,0.0,0.0,0.0,0.0,"S1 valid footprint of the date, owned zone area, outside the p42 cut rectangles (Inhulets rows: inside the Inhulets rectangle)","conditional POD outside the normally-wet class (POD | observable dry-background domain): a diagnostic conditional agreement, NOT a corrected POD; the class was fixed a priori (same-rule pre-breach potential) before any comparison was read",336.0,0.624,0.0,0.0,"footprint_km2 and coverage from the p94 S1 footprint of the same date and region (observable domain of p94, close to but not identical with the T13 domain); CSI_chance = CSI of the two areas placed independently in the footprint; heidke_skill = Heidke skill score of the 2x2 table"
connected_ceiling_inhulets_gauge_node,2023-06-01,DNIPRO_CORRIDOR,0.0,0.0,0.0,0.0,0.0,0.0,0.0,0.0,0.0,0.0,"S1 valid footprint of the date, owned zone area, outside the p42 cut rectangles (Inhulets rows: inside the Inhulets rectangle)","conditional POD outside the normally-wet class (POD | observable dry-background domain): a diagnostic conditional agreement, NOT a corrected POD; the class was fixed a priori (same-rule pre-breach potential) before any comparison was read",2743.7,1.0,,,"footprint_km2 and coverage from the p94 S1 footprint of the same date and region (observable domain of p94, close to but not identical with the T13 domain); CSI_chance = CSI of the two areas placed independently in the footprint; heidke_skill = Heidke skill score of the 2x2 table"
connected_ceiling_inhulets_gauge_node,2023-06-01,INHULETS_VALLEY_rect,0.0,0.0,0.0,0.0,0.0,0.0,0.0,0.0,0.0,0.0,"S1 valid footprint of the date, owned zone area, outside the p42 cut rectangles (Inhulets rows: inside the Inhulets rectangle)","conditional POD outside the normally-wet class (POD | observable dry-background domain): a diagnostic conditional agreement, NOT a corrected POD; the class was fixed a priori (same-rule pre-breach potential) before any comparison was read",565.8,1.0,,,"footprint_km2 and coverage from the p94 S1 footprint of the same date and region (observable domain of p94, close to but not identical with the T13 domain); CSI_chance = CSI of the two areas placed independently in the footprint; heidke_skill = Heidke skill score of the 2x2 table"
connected_ceiling_inhulets_gauge_node,2023-06-01,P42_FLOODPLAIN_DOMAIN,0.0,0.0,0.0,0.0,0.0,0.0,0.0,0.0,0.0,0.0,"S1 valid footprint of the date, owned zone area, outside the p42 cut rectangles (Inhulets rows: inside the Inhulets rectangle)","conditional POD outside the normally-wet class (POD | observable dry-background domain): a diagnostic conditional agreement, NOT a corrected POD; the class was fixed a priori (same-rule pre-breach potential) before any comparison was read",538.5,1.0,,,"footprint_km2 and coverage from the p94 S1 footprint of the same date and region (observable domain of p94, close to but not identical with the T13 domain); CSI_chance = CSI of the two areas placed independently in the footprint; heidke_skill = Heidke skill score of the 2x2 table"
connected_ceiling_inhulets_gauge_node,2023-06-02,DNIPRO_CORRIDOR,0.0,0.0,0.0,0.0,0.0,0.0,0.0,0.0,0.0,0.0,"S1 valid footprint of the date, owned zone area, outside the p42 cut rectangles (Inhulets rows: inside the Inhulets rectangle)","conditional POD outside the normally-wet class (POD | observable dry-background domain): a diagnostic conditional agreement, NOT a corrected POD; the class was fixed a priori (same-rule pre-breach potential) before any comparison was read",2608.1,0.951,,,"footprint_km2 and coverage from the p94 S1 footprint of the same date and region (observable domain of p94, close to but not identical with the T13 domain); CSI_chance = CSI of the two areas placed independently in the footprint; heidke_skill = Heidke skill score of the 2x2 table"
connected_ceiling_inhulets_gauge_node,2023-06-02,INHULETS_VALLEY_rect,0.0,0.0,0.0,0.0,0.0,0.0,0.0,0.0,0.0,0.0,"S1 valid footprint of the date, owned zone area, outside the p42 cut rectangles (Inhulets rows: inside the Inhulets rectangle)","conditional POD outside the normally-wet class (POD | observable dry-background domain): a diagnostic conditional agreement, NOT a corrected POD; the class was fixed a priori (same-rule pre-breach potential) before any comparison was read",565.8,1.0,,,"footprint_km2 and coverage from the p94 S1 footprint of the same date and region (observable domain of p94, close to but not identical with the T13 domain); CSI_chance = CSI of the two areas placed independently in the footprint; heidke_skill = Heidke skill score of the 2x2 table"
connected_ceiling_inhulets_gauge_node,2023-06-02,P42_FLOODPLAIN_DOMAIN,0.0,0.0,0.0,0.0,0.0,0.0,0.0,0.0,0.0,0.0,"S1 valid footprint of the date, owned zone area, outside the p42 cut rectangles (Inhulets rows: inside the Inhulets rectangle)","conditional POD outside the normally-wet class (POD | observable dry-background domain): a diagnostic conditional agreement, NOT a corrected POD; the class was fixed a priori (same-rule pre-breach potential) before any comparison was read",538.5,1.0,,,"footprint_km2 and coverage from the p94 S1 footprint of the same date and region (observable domain of p94, close to but not identical with the T13 domain); CSI_chance = CSI of the two areas placed independently in the footprint; heidke_skill = Heidke skill score of the 2x2 table"
connected_ceiling_inhulets_gauge_node,2023-06-06,DNIPRO_CORRIDOR,30.3,99.2,0.9,29.4,7.300000000000001,98.2,0.03,0.991,0.007,0.039,"S1 valid footprint of the date, owned zone area, outside the p42 cut rectangles (Inhulets rows: inside the Inhulets rectangle)","conditional POD outside the normally-wet class (POD | observable dry-background domain): a diagnostic conditional agreement, NOT a corrected POD; the class was fixed a priori (same-rule pre-breach potential) before any comparison was read",1697.4,0.619,0.014,-0.013,"footprint_km2 and coverage from the p94 S1 footprint of the same date and region (observable domain of p94, close to but not identical with the T13 domain); CSI_chance = CSI of the two areas placed independently in the footprint; heidke_skill = Heidke skill score of the 2x2 table"
connected_ceiling_inhulets_gauge_node,2023-06-06,INHULETS_VALLEY_rect,4.7,5.2,0.0,4.6,0.3,5.2,0.0,1.0,0.0,0.0,"S1 valid footprint of the date, owned zone area, outside the p42 cut rectangles (Inhulets rows: inside the Inhulets rectangle)","conditional POD outside the normally-wet class (POD | observable dry-background domain): a diagnostic conditional agreement, NOT a corrected POD; the class was fixed a priori (same-rule pre-breach potential) before any comparison was read",468.9,0.829,0.005,-0.0,"footprint_km2 and coverage from the p94 S1 footprint of the same date and region (observable domain of p94, close to but not identical with the T13 domain); CSI_chance = CSI of the two areas placed independently in the footprint; heidke_skill = Heidke skill score of the 2x2 table"
connected_ceiling_inhulets_gauge_node,2023-06-06,P42_FLOODPLAIN_DOMAIN,8.5,79.4,0.9,7.5,7.1,78.5,0.107,0.989,0.01,0.692,"S1 valid footprint of the date, owned zone area, outside the p42 cut rectangles (Inhulets rows: inside the Inhulets rectangle)","conditional POD outside the normally-wet class (POD | observable dry-background domain): a diagnostic conditional agreement, NOT a corrected POD; the class was fixed a priori (same-rule pre-breach potential) before any comparison was read",335.7,0.623,0.023,-0.025,"footprint_km2 and coverage from the p94 S1 footprint of the same date and region (observable domain of p94, close to but not identical with the T13 domain); CSI_chance = CSI of the two areas placed independently in the footprint; heidke_skill = Heidke skill score of the 2x2 table"
connected_ceiling_inhulets_gauge_node,2023-06-09,DNIPRO_CORRIDOR,319.4,170.8,58.9,260.5,169.5,111.9,0.184,0.655,0.137,0.393,"S1 valid footprint of the date, owned zone area, outside the p42 cut rectangles (Inhulets rows: inside the Inhulets rectangle)","conditional POD outside the normally-wet class (POD | observable dry-background domain): a diagnostic conditional agreement, NOT a corrected POD; the class was fixed a priori (same-rule pre-breach potential) before any comparison was read",2574.8,0.938,0.045,0.168,"footprint_km2 and coverage from the p94 S1 footprint of the same date and region (observable domain of p94, close to but not identical with the T13 domain); CSI_chance = CSI of the two areas placed independently in the footprint; heidke_skill = Heidke skill score of the 2x2 table"
connected_ceiling_inhulets_gauge_node,2023-06-09,INHULETS_VALLEY_rect,36.2,20.3,13.5,22.7,14.6,6.8,0.373,0.335,0.314,0.625,"S1 valid footprint of the date, owned zone area, outside the p42 cut rectangles (Inhulets rows: inside the Inhulets rectangle)","conditional POD outside the normally-wet class (POD | observable dry-background domain): a diagnostic conditional agreement, NOT a corrected POD; the class was fixed a priori (same-rule pre-breach potential) before any comparison was read",565.8,1.0,0.024,0.453,"footprint_km2 and coverage from the p94 S1 footprint of the same date and region (observable domain of p94, close to but not identical with the T13 domain); CSI_chance = CSI of the two areas placed independently in the footprint; heidke_skill = Heidke skill score of the 2x2 table"
connected_ceiling_inhulets_gauge_node,2023-06-09,P42_FLOODPLAIN_DOMAIN,201.2,124.4,51.8,149.39999999999998,146.39999999999998,72.6,0.257,0.584,0.189,0.945,"S1 valid footprint of the date, owned zone area, outside the p42 cut rectangles (Inhulets rows: inside the Inhulets rectangle)","conditional POD outside the normally-wet class (POD | observable dry-background domain): a diagnostic conditional agreement, NOT a corrected POD; the class was fixed a priori (same-rule pre-breach potential) before any comparison was read",533.4,0.991,0.168,0.042,"footprint_km2 and coverage from the p94 S1 footprint of the same date and region (observable domain of p94, close to but not identical with the T13 domain); CSI_chance = CSI of the two areas placed independently in the footprint; heidke_skill = Heidke skill score of the 2x2 table"
connected_ceiling_inhulets_gauge_node,2023-06-13,DNIPRO_CORRIDOR,164.89999999999998,111.7,24.6,140.3,128.6,87.1,0.149,0.78,0.098,0.678,"S1 valid footprint of the date, owned zone area, outside the p42 cut rectangles (Inhulets rows: inside the Inhulets rectangle)","conditional POD outside the normally-wet class (POD | observable dry-background domain): a diagnostic conditional agreement, NOT a corrected POD; the class was fixed a priori (same-rule pre-breach potential) before any comparison was read",2743.7,1.0,0.025,0.136,"footprint_km2 and coverage from the p94 S1 footprint of the same date and region (observable domain of p94, close to but not identical with the T13 domain); CSI_chance = CSI of the two areas placed independently in the footprint; heidke_skill = Heidke skill score of the 2x2 table"
connected_ceiling_inhulets_gauge_node,2023-06-13,INHULETS_VALLEY_rect,27.0,16.2,11.4,15.5,15.1,4.8,0.424,0.296,0.36,0.966,"S1 valid footprint of the date, owned zone area, outside the p42 cut rectangles (Inhulets rows: inside the Inhulets rectangle)","conditional POD outside the normally-wet class (POD | observable dry-background domain): a diagnostic conditional agreement, NOT a corrected POD; the class was fixed a priori (same-rule pre-breach potential) before any comparison was read",565.8,1.0,0.018,0.513,"footprint_km2 and coverage from the p94 S1 footprint of the same date and region (observable domain of p94, close to but not identical with the T13 domain); CSI_chance = CSI of the two areas placed independently in the footprint; heidke_skill = Heidke skill score of the 2x2 table"
connected_ceiling_inhulets_gauge_node,2023-06-13,P42_FLOODPLAIN_DOMAIN,147.3,91.2,23.700000000000003,123.6,121.1,67.5,0.161,0.74,0.11,0.905,"S1 valid footprint of the date, owned zone area, outside the p42 cut rectangles (Inhulets rows: inside the Inhulets rectangle)","conditional POD outside the normally-wet class (POD | observable dry-background domain): a diagnostic conditional agreement, NOT a corrected POD; the class was fixed a priori (same-rule pre-breach potential) before any comparison was read",538.5,1.0,0.117,-0.013,"footprint_km2 and coverage from the p94 S1 footprint of the same date and region (observable domain of p94, close to but not identical with the T13 domain); CSI_chance = CSI of the two areas placed independently in the footprint; heidke_skill = Heidke skill score of the 2x2 table"
connected_ceiling_inhulets_gauge_node,2023-06-14,DNIPRO_CORRIDOR,99.3,89.7,12.1,87.2,63.6,77.80000000000001,0.122,0.865,0.068,0.339,"S1 valid footprint of the date, owned zone area, outside the p42 cut rectangles (Inhulets rows: inside the Inhulets rectangle)","conditional POD outside the normally-wet class (POD | observable dry-background domain): a diagnostic conditional agreement, NOT a corrected POD; the class was fixed a priori (same-rule pre-breach potential) before any comparison was read",2608.8,0.951,0.018,0.094,"footprint_km2 and coverage from the p94 S1 footprint of the same date and region (observable domain of p94, close to but not identical with the T13 domain); CSI_chance = CSI of the two areas placed independently in the footprint; heidke_skill = Heidke skill score of the 2x2 table"
connected_ceiling_inhulets_gauge_node,2023-06-14,INHULETS_VALLEY_rect,25.4,15.1,9.9,15.5,14.6,5.2,0.39,0.344,0.324,0.917,"S1 valid footprint of the date, owned zone area, outside the p42 cut rectangles (Inhulets rows: inside the Inhulets rectangle)","conditional POD outside the normally-wet class (POD | observable dry-background domain): a diagnostic conditional agreement, NOT a corrected POD; the class was fixed a priori (same-rule pre-breach potential) before any comparison was read",565.8,1.0,0.017,0.471,"footprint_km2 and coverage from the p94 S1 footprint of the same date and region (observable domain of p94, close to but not identical with the T13 domain); CSI_chance = CSI of the two areas placed independently in the footprint; heidke_skill = Heidke skill score of the 2x2 table"
connected_ceiling_inhulets_gauge_node,2023-06-14,P42_FLOODPLAIN_DOMAIN,74.0,76.30000000000001,11.8,62.2,58.900000000000006,64.5,0.159,0.845,0.085,0.781,"S1 valid footprint of the date, owned zone area, outside the p42 cut rectangles (Inhulets rows: inside the Inhulets rectangle)","conditional POD outside the normally-wet class (POD | observable dry-background domain): a diagnostic conditional agreement, NOT a corrected POD; the class was fixed a priori (same-rule pre-breach potential) before any comparison was read",538.5,1.0,0.075,0.02,"footprint_km2 and coverage from the p94 S1 footprint of the same date and region (observable domain of p94, close to but not identical with the T13 domain); CSI_chance = CSI of the two areas placed independently in the footprint; heidke_skill = Heidke skill score of the 2x2 table"
connected_ceiling_inhulets_gauge_node,2023-06-18,DNIPRO_CORRIDOR,53.6,27.9,0.2,53.400000000000006,4.199999999999999,27.6,0.004,0.993,0.002,0.004,"S1 valid footprint of the date, owned zone area, outside the p42 cut rectangles (Inhulets rows: inside the Inhulets rectangle)","conditional POD outside the normally-wet class (POD | observable dry-background domain): a diagnostic conditional agreement, NOT a corrected POD; the class was fixed a priori (same-rule pre-breach potential) before any comparison was read",1694.5,0.618,0.011,-0.016,"footprint_km2 and coverage from the p94 S1 footprint of the same date and region (observable domain of p94, close to but not identical with the T13 domain); CSI_chance = CSI of the two areas placed independently in the footprint; heidke_skill = Heidke skill score of the 2x2 table"
connected_ceiling_inhulets_gauge_node,2023-06-18,INHULETS_VALLEY_rect,18.1,9.1,3.7,14.3,5.4,5.4,0.206,0.593,0.158,0.294,"S1 valid footprint of the date, owned zone area, outside the p42 cut rectangles (Inhulets rows: inside the Inhulets rectangle)","conditional POD outside the normally-wet class (POD | observable dry-background domain): a diagnostic conditional agreement, NOT a corrected POD; the class was fixed a priori (same-rule pre-breach potential) before any comparison was read",465.3,0.822,0.013,0.256,"footprint_km2 and coverage from the p94 S1 footprint of the same date and region (observable domain of p94, close to but not identical with the T13 domain); CSI_chance = CSI of the two areas placed independently in the footprint; heidke_skill = Heidke skill score of the 2x2 table"
connected_ceiling_inhulets_gauge_node,2023-06-18,P42_FLOODPLAIN_DOMAIN,9.9,24.6,0.2,9.8,3.8,24.3,0.02,0.992,0.006,0.032,"S1 valid footprint of the date, owned zone area, outside the p42 cut rectangles (Inhulets rows: inside the Inhulets rectangle)","conditional POD outside the normally-wet class (POD | observable dry-background domain): a diagnostic conditional agreement, NOT a corrected POD; the class was fixed a priori (same-rule pre-breach potential) before any comparison was read",334.8,0.622,0.022,-0.032,"footprint_km2 and coverage from the p94 S1 footprint of the same date and region (observable domain of p94, close to but not identical with the T13 domain); CSI_chance = CSI of the two areas placed independently in the footprint; heidke_skill = Heidke skill score of the 2x2 table"
connected_ceiling_inhulets_gauge_node,2023-06-21,DNIPRO_CORRIDOR,186.3,4.0,0.1,186.3,10.0,4.0,0.001,0.976,0.001,0.001,"S1 valid footprint of the date, owned zone area, outside the p42 cut rectangles (Inhulets rows: inside the Inhulets rectangle)","conditional POD outside the normally-wet class (POD | observable dry-background domain): a diagnostic conditional agreement, NOT a corrected POD; the class was fixed a priori (same-rule pre-breach potential) before any comparison was read",2570.9,0.937,0.002,-0.003,"footprint_km2 and coverage from the p94 S1 footprint of the same date and region (observable domain of p94, close to but not identical with the T13 domain); CSI_chance = CSI of the two areas placed independently in the footprint; heidke_skill = Heidke skill score of the 2x2 table"
connected_ceiling_inhulets_gauge_node,2023-06-21,INHULETS_VALLEY_rect,32.6,0.0,0.0,32.6,0.8,0.0,0.0,0.0,0.0,0.0,"S1 valid footprint of the date, owned zone area, outside the p42 cut rectangles (Inhulets rows: inside the Inhulets rectangle)","conditional POD outside the normally-wet class (POD | observable dry-background domain): a diagnostic conditional agreement, NOT a corrected POD; the class was fixed a priori (same-rule pre-breach potential) before any comparison was read",565.8,1.0,0.0,0.0,"footprint_km2 and coverage from the p94 S1 footprint of the same date and region (observable domain of p94, close to but not identical with the T13 domain); CSI_chance = CSI of the two areas placed independently in the footprint; heidke_skill = Heidke skill score of the 2x2 table"
connected_ceiling_inhulets_gauge_node,2023-06-21,P42_FLOODPLAIN_DOMAIN,22.6,3.6,0.1,22.5,9.4,3.5,0.004,0.972,0.004,0.008,"S1 valid footprint of the date, owned zone area, outside the p42 cut rectangles (Inhulets rows: inside the Inhulets rectangle)","conditional POD outside the normally-wet class (POD | observable dry-background domain): a diagnostic conditional agreement, NOT a corrected POD; the class was fixed a priori (same-rule pre-breach potential) before any comparison was read",533.4,0.991,0.006,-0.004,"footprint_km2 and coverage from the p94 S1 footprint of the same date and region (observable domain of p94, close to but not identical with the T13 domain); CSI_chance = CSI of the two areas placed independently in the footprint; heidke_skill = Heidke skill score of the 2x2 table"
connected_ceiling_inhulets_gauge_node,2023-06-25,DNIPRO_CORRIDOR,112.7,0.0,0.0,112.7,7.1,0.0,0.0,0.0,0.0,0.0,"S1 valid footprint of the date, owned zone area, outside the p42 cut rectangles (Inhulets rows: inside the Inhulets rectangle)","conditional POD outside the normally-wet class (POD | observable dry-background domain): a diagnostic conditional agreement, NOT a corrected POD; the class was fixed a priori (same-rule pre-breach potential) before any comparison was read",2743.7,1.0,0.0,0.0,"footprint_km2 and coverage from the p94 S1 footprint of the same date and region (observable domain of p94, close to but not identical with the T13 domain); CSI_chance = CSI of the two areas placed independently in the footprint; heidke_skill = Heidke skill score of the 2x2 table"
connected_ceiling_inhulets_gauge_node,2023-06-25,INHULETS_VALLEY_rect,25.9,0.0,0.0,25.9,0.6,0.0,0.0,0.0,0.0,0.0,"S1 valid footprint of the date, owned zone area, outside the p42 cut rectangles (Inhulets rows: inside the Inhulets rectangle)","conditional POD outside the normally-wet class (POD | observable dry-background domain): a diagnostic conditional agreement, NOT a corrected POD; the class was fixed a priori (same-rule pre-breach potential) before any comparison was read",565.8,1.0,0.0,0.0,"footprint_km2 and coverage from the p94 S1 footprint of the same date and region (observable domain of p94, close to but not identical with the T13 domain); CSI_chance = CSI of the two areas placed independently in the footprint; heidke_skill = Heidke skill score of the 2x2 table"
connected_ceiling_inhulets_gauge_node,2023-06-25,P42_FLOODPLAIN_DOMAIN,19.2,0.0,0.0,19.2,6.6,0.0,0.0,0.0,0.0,0.0,"S1 valid footprint of the date, owned zone area, outside the p42 cut rectangles (Inhulets rows: inside the Inhulets rectangle)","conditional POD outside the normally-wet class (POD | observable dry-background domain): a diagnostic conditional agreement, NOT a corrected POD; the class was fixed a priori (same-rule pre-breach potential) before any comparison was read",538.5,1.0,0.0,-0.0,"footprint_km2 and coverage from the p94 S1 footprint of the same date and region (observable domain of p94, close to but not identical with the T13 domain); CSI_chance = CSI of the two areas placed independently in the footprint; heidke_skill = Heidke skill score of the 2x2 table"
connected_ceiling_inhulets_gauge_node,2023-06-26,DNIPRO_CORRIDOR,23.3,0.0,0.0,23.3,7.4,0.0,0.0,0.0,0.0,0.0,"S1 valid footprint of the date, owned zone area, outside the p42 cut rectangles (Inhulets rows: inside the Inhulets rectangle)","conditional POD outside the normally-wet class (POD | observable dry-background domain): a diagnostic conditional agreement, NOT a corrected POD; the class was fixed a priori (same-rule pre-breach potential) before any comparison was read",2612.2,0.952,0.0,0.0,"footprint_km2 and coverage from the p94 S1 footprint of the same date and region (observable domain of p94, close to but not identical with the T13 domain); CSI_chance = CSI of the two areas placed independently in the footprint; heidke_skill = Heidke skill score of the 2x2 table"
connected_ceiling_inhulets_gauge_node,2023-06-26,INHULETS_VALLEY_rect,23.3,0.0,0.0,23.3,0.3,0.0,0.0,0.0,0.0,0.0,"S1 valid footprint of the date, owned zone area, outside the p42 cut rectangles (Inhulets rows: inside the Inhulets rectangle)","conditional POD outside the normally-wet class (POD | observable dry-background domain): a diagnostic conditional agreement, NOT a corrected POD; the class was fixed a priori (same-rule pre-breach potential) before any comparison was read",565.8,1.0,0.0,0.0,"footprint_km2 and coverage from the p94 S1 footprint of the same date and region (observable domain of p94, close to but not identical with the T13 domain); CSI_chance = CSI of the two areas placed independently in the footprint; heidke_skill = Heidke skill score of the 2x2 table"
connected_ceiling_inhulets_gauge_node,2023-06-26,P42_FLOODPLAIN_DOMAIN,14.9,0.0,0.0,14.9,7.0,0.0,0.0,0.0,0.0,0.0,"S1 valid footprint of the date, owned zone area, outside the p42 cut rectangles (Inhulets rows: inside the Inhulets rectangle)","conditional POD outside the normally-wet class (POD | observable dry-background domain): a diagnostic conditional agreement, NOT a corrected POD; the class was fixed a priori (same-rule pre-breach potential) before any comparison was read",538.5,1.0,0.0,0.0,"footprint_km2 and coverage from the p94 S1 footprint of the same date and region (observable domain of p94, close to but not identical with the T13 domain); CSI_chance = CSI of the two areas placed independently in the footprint; heidke_skill = Heidke skill score of the 2x2 table"
connected_ceiling_inhulets_gauge_node,2023-06-30,DNIPRO_CORRIDOR,64.2,0.1,0.0,64.2,6.9,0.1,0.0,1.0,0.0,0.0,"S1 valid footprint of the date, owned zone area, outside the p42 cut rectangles (Inhulets rows: inside the Inhulets rectangle)","conditional POD outside the normally-wet class (POD | observable dry-background domain): a diagnostic conditional agreement, NOT a corrected POD; the class was fixed a priori (same-rule pre-breach potential) before any comparison was read",1698.5,0.619,0.0,-0.0,"footprint_km2 and coverage from the p94 S1 footprint of the same date and region (observable domain of p94, close to but not identical with the T13 domain); CSI_chance = CSI of the two areas placed independently in the footprint; heidke_skill = Heidke skill score of the 2x2 table"
connected_ceiling_inhulets_gauge_node,2023-06-30,INHULETS_VALLEY_rect,57.9,0.0,0.0,57.9,2.8,0.0,0.0,0.0,0.0,0.0,"S1 valid footprint of the date, owned zone area, outside the p42 cut rectangles (Inhulets rows: inside the Inhulets rectangle)","conditional POD outside the normally-wet class (POD | observable dry-background domain): a diagnostic conditional agreement, NOT a corrected POD; the class was fixed a priori (same-rule pre-breach potential) before any comparison was read",470.1,0.831,0.0,-0.0,"footprint_km2 and coverage from the p94 S1 footprint of the same date and region (observable domain of p94, close to but not identical with the T13 domain); CSI_chance = CSI of the two areas placed independently in the footprint; heidke_skill = Heidke skill score of the 2x2 table"
connected_ceiling_inhulets_gauge_node,2023-06-30,P42_FLOODPLAIN_DOMAIN,13.5,0.0,0.0,13.5,5.1,0.0,0.0,0.0,0.0,0.0,"S1 valid footprint of the date, owned zone area, outside the p42 cut rectangles (Inhulets rows: inside the Inhulets rectangle)","conditional POD outside the normally-wet class (POD | observable dry-background domain): a diagnostic conditional agreement, NOT a corrected POD; the class was fixed a priori (same-rule pre-breach potential) before any comparison was read",336.0,0.624,0.0,0.0,"footprint_km2 and coverage from the p94 S1 footprint of the same date and region (observable domain of p94, close to but not identical with the T13 domain); CSI_chance = CSI of the two areas placed independently in the footprint; heidke_skill = Heidke skill score of the 2x2 table"
connected_ceiling_fallback10km,2023-06-01,DNIPRO_CORRIDOR,0.0,0.0,0.0,0.0,0.0,0.0,0.0,0.0,0.0,0.0,"S1 valid footprint of the date, owned zone area, outside the p42 cut rectangles (Inhulets rows: inside the Inhulets rectangle)","conditional POD outside the normally-wet class (POD | observable dry-background domain): a diagnostic conditional agreement, NOT a corrected POD; the class was fixed a priori (same-rule pre-breach potential) before any comparison was read",2743.7,1.0,,,"footprint_km2 and coverage from the p94 S1 footprint of the same date and region (observable domain of p94, close to but not identical with the T13 domain); CSI_chance = CSI of the two areas placed independently in the footprint; heidke_skill = Heidke skill score of the 2x2 table"
connected_ceiling_fallback10km,2023-06-01,INHULETS_VALLEY_rect,0.0,0.0,0.0,0.0,0.0,0.0,0.0,0.0,0.0,0.0,"S1 valid footprint of the date, owned zone area, outside the p42 cut rectangles (Inhulets rows: inside the Inhulets rectangle)","conditional POD outside the normally-wet class (POD | observable dry-background domain): a diagnostic conditional agreement, NOT a corrected POD; the class was fixed a priori (same-rule pre-breach potential) before any comparison was read",565.8,1.0,,,"footprint_km2 and coverage from the p94 S1 footprint of the same date and region (observable domain of p94, close to but not identical with the T13 domain); CSI_chance = CSI of the two areas placed independently in the footprint; heidke_skill = Heidke skill score of the 2x2 table"
connected_ceiling_fallback10km,2023-06-01,P42_FLOODPLAIN_DOMAIN,0.0,0.0,0.0,0.0,0.0,0.0,0.0,0.0,0.0,0.0,"S1 valid footprint of the date, owned zone area, outside the p42 cut rectangles (Inhulets rows: inside the Inhulets rectangle)","conditional POD outside the normally-wet class (POD | observable dry-background domain): a diagnostic conditional agreement, NOT a corrected POD; the class was fixed a priori (same-rule pre-breach potential) before any comparison was read",538.5,1.0,,,"footprint_km2 and coverage from the p94 S1 footprint of the same date and region (observable domain of p94, close to but not identical with the T13 domain); CSI_chance = CSI of the two areas placed independently in the footprint; heidke_skill = Heidke skill score of the 2x2 table"
connected_ceiling_fallback10km,2023-06-02,DNIPRO_CORRIDOR,0.0,0.0,0.0,0.0,0.0,0.0,0.0,0.0,0.0,0.0,"S1 valid footprint of the date, owned zone area, outside the p42 cut rectangles (Inhulets rows: inside the Inhulets rectangle)","conditional POD outside the normally-wet class (POD | observable dry-background domain): a diagnostic conditional agreement, NOT a corrected POD; the class was fixed a priori (same-rule pre-breach potential) before any comparison was read",2608.1,0.951,,,"footprint_km2 and coverage from the p94 S1 footprint of the same date and region (observable domain of p94, close to but not identical with the T13 domain); CSI_chance = CSI of the two areas placed independently in the footprint; heidke_skill = Heidke skill score of the 2x2 table"
connected_ceiling_fallback10km,2023-06-02,INHULETS_VALLEY_rect,0.0,0.0,0.0,0.0,0.0,0.0,0.0,0.0,0.0,0.0,"S1 valid footprint of the date, owned zone area, outside the p42 cut rectangles (Inhulets rows: inside the Inhulets rectangle)","conditional POD outside the normally-wet class (POD | observable dry-background domain): a diagnostic conditional agreement, NOT a corrected POD; the class was fixed a priori (same-rule pre-breach potential) before any comparison was read",565.8,1.0,,,"footprint_km2 and coverage from the p94 S1 footprint of the same date and region (observable domain of p94, close to but not identical with the T13 domain); CSI_chance = CSI of the two areas placed independently in the footprint; heidke_skill = Heidke skill score of the 2x2 table"
connected_ceiling_fallback10km,2023-06-02,P42_FLOODPLAIN_DOMAIN,0.0,0.0,0.0,0.0,0.0,0.0,0.0,0.0,0.0,0.0,"S1 valid footprint of the date, owned zone area, outside the p42 cut rectangles (Inhulets rows: inside the Inhulets rectangle)","conditional POD outside the normally-wet class (POD | observable dry-background domain): a diagnostic conditional agreement, NOT a corrected POD; the class was fixed a priori (same-rule pre-breach potential) before any comparison was read",538.5,1.0,,,"footprint_km2 and coverage from the p94 S1 footprint of the same date and region (observable domain of p94, close to but not identical with the T13 domain); CSI_chance = CSI of the two areas placed independently in the footprint; heidke_skill = Heidke skill score of the 2x2 table"
connected_ceiling_fallback10km,2023-06-06,DNIPRO_CORRIDOR,30.3,95.7,0.9,29.4,7.300000000000001,94.6,0.03,0.991,0.007,0.039,"S1 valid footprint of the date, owned zone area, outside the p42 cut rectangles (Inhulets rows: inside the Inhulets rectangle)","conditional POD outside the normally-wet class (POD | observable dry-background domain): a diagnostic conditional agreement, NOT a corrected POD; the class was fixed a priori (same-rule pre-breach potential) before any comparison was read",1697.4,0.619,0.014,-0.012,"footprint_km2 and coverage from the p94 S1 footprint of the same date and region (observable domain of p94, close to but not identical with the T13 domain); CSI_chance = CSI of the two areas placed independently in the footprint; heidke_skill = Heidke skill score of the 2x2 table"
connected_ceiling_fallback10km,2023-06-06,INHULETS_VALLEY_rect,4.7,1.6,0.0,4.6,0.1,1.6,0.0,1.0,0.0,0.0,"S1 valid footprint of the date, owned zone area, outside the p42 cut rectangles (Inhulets rows: inside the Inhulets rectangle)","conditional POD outside the normally-wet class (POD | observable dry-background domain): a diagnostic conditional agreement, NOT a corrected POD; the class was fixed a priori (same-rule pre-breach potential) before any comparison was read",468.9,0.829,0.003,0.011,"footprint_km2 and coverage from the p94 S1 footprint of the same date and region (observable domain of p94, close to but not identical with the T13 domain); CSI_chance = CSI of the two areas placed independently in the footprint; heidke_skill = Heidke skill score of the 2x2 table"
connected_ceiling_fallback10km,2023-06-06,P42_FLOODPLAIN_DOMAIN,8.5,78.9,0.9,7.5,7.1,78.0,0.107,0.989,0.01,0.692,"S1 valid footprint of the date, owned zone area, outside the p42 cut rectangles (Inhulets rows: inside the Inhulets rectangle)","conditional POD outside the normally-wet class (POD | observable dry-background domain): a diagnostic conditional agreement, NOT a corrected POD; the class was fixed a priori (same-rule pre-breach potential) before any comparison was read",335.7,0.623,0.023,-0.025,"footprint_km2 and coverage from the p94 S1 footprint of the same date and region (observable domain of p94, close to but not identical with the T13 domain); CSI_chance = CSI of the two areas placed independently in the footprint; heidke_skill = Heidke skill score of the 2x2 table"
connected_ceiling_fallback10km,2023-06-09,DNIPRO_CORRIDOR,319.4,163.3,57.5,261.9,167.5,105.8,0.18,0.648,0.135,0.379,"S1 valid footprint of the date, owned zone area, outside the p42 cut rectangles (Inhulets rows: inside the Inhulets rectangle)","conditional POD outside the normally-wet class (POD | observable dry-background domain): a diagnostic conditional agreement, NOT a corrected POD; the class was fixed a priori (same-rule pre-breach potential) before any comparison was read",2574.8,0.938,0.044,0.168,"footprint_km2 and coverage from the p94 S1 footprint of the same date and region (observable domain of p94, close to but not identical with the T13 domain); CSI_chance = CSI of the two areas placed independently in the footprint; heidke_skill = Heidke skill score of the 2x2 table"
connected_ceiling_fallback10km,2023-06-09,INHULETS_VALLEY_rect,36.2,4.4,1.8,34.4,8.9,2.6,0.05,0.591,0.046,0.066,"S1 valid footprint of the date, owned zone area, outside the p42 cut rectangles (Inhulets rows: inside the Inhulets rectangle)","conditional POD outside the normally-wet class (POD | observable dry-background domain): a diagnostic conditional agreement, NOT a corrected POD; the class was fixed a priori (same-rule pre-breach potential) before any comparison was read",565.8,1.0,0.007,0.076,"footprint_km2 and coverage from the p94 S1 footprint of the same date and region (observable domain of p94, close to but not identical with the T13 domain); CSI_chance = CSI of the two areas placed independently in the footprint; heidke_skill = Heidke skill score of the 2x2 table"
connected_ceiling_fallback10km,2023-06-09,P42_FLOODPLAIN_DOMAIN,201.2,123.6,51.4,149.8,146.39999999999998,72.3,0.255,0.584,0.188,0.938,"S1 valid footprint of the date, owned zone area, outside the p42 cut rectangles (Inhulets rows: inside the Inhulets rectangle)","conditional POD outside the normally-wet class (POD | observable dry-background domain): a diagnostic conditional agreement, NOT a corrected POD; the class was fixed a priori (same-rule pre-breach potential) before any comparison was read",533.4,0.991,0.168,0.041,"footprint_km2 and coverage from the p94 S1 footprint of the same date and region (observable domain of p94, close to but not identical with the T13 domain); CSI_chance = CSI of the two areas placed independently in the footprint; heidke_skill = Heidke skill score of the 2x2 table"
connected_ceiling_fallback10km,2023-06-13,DNIPRO_CORRIDOR,164.89999999999998,109.8,24.5,140.4,128.4,85.3,0.149,0.777,0.098,0.671,"S1 valid footprint of the date, owned zone area, outside the p42 cut rectangles (Inhulets rows: inside the Inhulets rectangle)","conditional POD outside the normally-wet class (POD | observable dry-background domain): a diagnostic conditional agreement, NOT a corrected POD; the class was fixed a priori (same-rule pre-breach potential) before any comparison was read",2743.7,1.0,0.025,0.137,"footprint_km2 and coverage from the p94 S1 footprint of the same date and region (observable domain of p94, close to but not identical with the T13 domain); CSI_chance = CSI of the two areas placed independently in the footprint; heidke_skill = Heidke skill score of the 2x2 table"
connected_ceiling_fallback10km,2023-06-13,INHULETS_VALLEY_rect,27.0,2.6,1.1,25.9,9.2,1.6,0.041,0.593,0.038,0.062,"S1 valid footprint of the date, owned zone area, outside the p42 cut rectangles (Inhulets rows: inside the Inhulets rectangle)","conditional POD outside the normally-wet class (POD | observable dry-background domain): a diagnostic conditional agreement, NOT a corrected POD; the class was fixed a priori (same-rule pre-breach potential) before any comparison was read",565.8,1.0,0.004,0.063,"footprint_km2 and coverage from the p94 S1 footprint of the same date and region (observable domain of p94, close to but not identical with the T13 domain); CSI_chance = CSI of the two areas placed independently in the footprint; heidke_skill = Heidke skill score of the 2x2 table"
connected_ceiling_fallback10km,2023-06-13,P42_FLOODPLAIN_DOMAIN,147.3,90.8,23.700000000000003,123.6,121.1,67.2,0.161,0.739,0.11,0.905,"S1 valid footprint of the date, owned zone area, outside the p42 cut rectangles (Inhulets rows: inside the Inhulets rectangle)","conditional POD outside the normally-wet class (POD | observable dry-background domain): a diagnostic conditional agreement, NOT a corrected POD; the class was fixed a priori (same-rule pre-breach potential) before any comparison was read",538.5,1.0,0.116,-0.013,"footprint_km2 and coverage from the p94 S1 footprint of the same date and region (observable domain of p94, close to but not identical with the T13 domain); CSI_chance = CSI of the two areas placed independently in the footprint; heidke_skill = Heidke skill score of the 2x2 table"
connected_ceiling_fallback10km,2023-06-14,DNIPRO_CORRIDOR,99.3,88.7,12.0,87.30000000000001,63.400000000000006,76.80000000000001,0.121,0.865,0.068,0.334,"S1 valid footprint of the date, owned zone area, outside the p42 cut rectangles (Inhulets rows: inside the Inhulets rectangle)","conditional POD outside the normally-wet class (POD | observable dry-background domain): a diagnostic conditional agreement, NOT a corrected POD; the class was fixed a priori (same-rule pre-breach potential) before any comparison was read",2608.8,0.951,0.018,0.095,"footprint_km2 and coverage from the p94 S1 footprint of the same date and region (observable domain of p94, close to but not identical with the T13 domain); CSI_chance = CSI of the two areas placed independently in the footprint; heidke_skill = Heidke skill score of the 2x2 table"
connected_ceiling_fallback10km,2023-06-14,INHULETS_VALLEY_rect,25.4,2.2,0.6,24.8,8.9,1.6,0.024,0.727,0.022,0.036,"S1 valid footprint of the date, owned zone area, outside the p42 cut rectangles (Inhulets rows: inside the Inhulets rectangle)","conditional POD outside the normally-wet class (POD | observable dry-background domain): a diagnostic conditional agreement, NOT a corrected POD; the class was fixed a priori (same-rule pre-breach potential) before any comparison was read",565.8,1.0,0.004,0.037,"footprint_km2 and coverage from the p94 S1 footprint of the same date and region (observable domain of p94, close to but not identical with the T13 domain); CSI_chance = CSI of the two areas placed independently in the footprint; heidke_skill = Heidke skill score of the 2x2 table"
connected_ceiling_fallback10km,2023-06-14,P42_FLOODPLAIN_DOMAIN,74.0,76.1,11.7,62.3,58.900000000000006,64.3,0.158,0.846,0.085,0.775,"S1 valid footprint of the date, owned zone area, outside the p42 cut rectangles (Inhulets rows: inside the Inhulets rectangle)","conditional POD outside the normally-wet class (POD | observable dry-background domain): a diagnostic conditional agreement, NOT a corrected POD; the class was fixed a priori (same-rule pre-breach potential) before any comparison was read",538.5,1.0,0.075,0.02,"footprint_km2 and coverage from the p94 S1 footprint of the same date and region (observable domain of p94, close to but not identical with the T13 domain); CSI_chance = CSI of the two areas placed independently in the footprint; heidke_skill = Heidke skill score of the 2x2 table"
connected_ceiling_fallback10km,2023-06-18,DNIPRO_CORRIDOR,53.6,27.9,0.2,53.400000000000006,4.1,27.6,0.004,0.993,0.002,0.004,"S1 valid footprint of the date, owned zone area, outside the p42 cut rectangles (Inhulets rows: inside the Inhulets rectangle)","conditional POD outside the normally-wet class (POD | observable dry-background domain): a diagnostic conditional agreement, NOT a corrected POD; the class was fixed a priori (same-rule pre-breach potential) before any comparison was read",1694.5,0.618,0.011,-0.016,"footprint_km2 and coverage from the p94 S1 footprint of the same date and region (observable domain of p94, close to but not identical with the T13 domain); CSI_chance = CSI of the two areas placed independently in the footprint; heidke_skill = Heidke skill score of the 2x2 table"
connected_ceiling_fallback10km,2023-06-18,INHULETS_VALLEY_rect,18.1,0.7,0.1,18.0,1.9,0.6,0.006,0.857,0.005,0.006,"S1 valid footprint of the date, owned zone area, outside the p42 cut rectangles (Inhulets rows: inside the Inhulets rectangle)","conditional POD outside the normally-wet class (POD | observable dry-background domain): a diagnostic conditional agreement, NOT a corrected POD; the class was fixed a priori (same-rule pre-breach potential) before any comparison was read",465.3,0.822,0.001,0.008,"footprint_km2 and coverage from the p94 S1 footprint of the same date and region (observable domain of p94, close to but not identical with the T13 domain); CSI_chance = CSI of the two areas placed independently in the footprint; heidke_skill = Heidke skill score of the 2x2 table"
connected_ceiling_fallback10km,2023-06-18,P42_FLOODPLAIN_DOMAIN,9.9,24.6,0.2,9.8,3.8,24.3,0.02,0.992,0.006,0.032,"S1 valid footprint of the date, owned zone area, outside the p42 cut rectangles (Inhulets rows: inside the Inhulets rectangle)","conditional POD outside the normally-wet class (POD | observable dry-background domain): a diagnostic conditional agreement, NOT a corrected POD; the class was fixed a priori (same-rule pre-breach potential) before any comparison was read",334.8,0.622,0.022,-0.032,"footprint_km2 and coverage from the p94 S1 footprint of the same date and region (observable domain of p94, close to but not identical with the T13 domain); CSI_chance = CSI of the two areas placed independently in the footprint; heidke_skill = Heidke skill score of the 2x2 table"
connected_ceiling_fallback10km,2023-06-21,DNIPRO_CORRIDOR,186.3,4.0,0.1,186.3,9.9,4.0,0.001,0.976,0.001,0.001,"S1 valid footprint of the date, owned zone area, outside the p42 cut rectangles (Inhulets rows: inside the Inhulets rectangle)","conditional POD outside the normally-wet class (POD | observable dry-background domain): a diagnostic conditional agreement, NOT a corrected POD; the class was fixed a priori (same-rule pre-breach potential) before any comparison was read",2570.9,0.937,0.002,-0.003,"footprint_km2 and coverage from the p94 S1 footprint of the same date and region (observable domain of p94, close to but not identical with the T13 domain); CSI_chance = CSI of the two areas placed independently in the footprint; heidke_skill = Heidke skill score of the 2x2 table"
connected_ceiling_fallback10km,2023-06-21,INHULETS_VALLEY_rect,32.6,0.0,0.0,32.6,0.2,0.0,0.0,0.0,0.0,0.0,"S1 valid footprint of the date, owned zone area, outside the p42 cut rectangles (Inhulets rows: inside the Inhulets rectangle)","conditional POD outside the normally-wet class (POD | observable dry-background domain): a diagnostic conditional agreement, NOT a corrected POD; the class was fixed a priori (same-rule pre-breach potential) before any comparison was read",565.8,1.0,0.0,0.0,"footprint_km2 and coverage from the p94 S1 footprint of the same date and region (observable domain of p94, close to but not identical with the T13 domain); CSI_chance = CSI of the two areas placed independently in the footprint; heidke_skill = Heidke skill score of the 2x2 table"
connected_ceiling_fallback10km,2023-06-21,P42_FLOODPLAIN_DOMAIN,22.6,3.6,0.1,22.5,9.4,3.5,0.004,0.972,0.004,0.008,"S1 valid footprint of the date, owned zone area, outside the p42 cut rectangles (Inhulets rows: inside the Inhulets rectangle)","conditional POD outside the normally-wet class (POD | observable dry-background domain): a diagnostic conditional agreement, NOT a corrected POD; the class was fixed a priori (same-rule pre-breach potential) before any comparison was read",533.4,0.991,0.006,-0.004,"footprint_km2 and coverage from the p94 S1 footprint of the same date and region (observable domain of p94, close to but not identical with the T13 domain); CSI_chance = CSI of the two areas placed independently in the footprint; heidke_skill = Heidke skill score of the 2x2 table"
connected_ceiling_fallback10km,2023-06-25,DNIPRO_CORRIDOR,112.7,0.0,0.0,112.7,6.9,0.0,0.0,0.0,0.0,0.0,"S1 valid footprint of the date, owned zone area, outside the p42 cut rectangles (Inhulets rows: inside the Inhulets rectangle)","conditional POD outside the normally-wet class (POD | observable dry-background domain): a diagnostic conditional agreement, NOT a corrected POD; the class was fixed a priori (same-rule pre-breach potential) before any comparison was read",2743.7,1.0,0.0,0.0,"footprint_km2 and coverage from the p94 S1 footprint of the same date and region (observable domain of p94, close to but not identical with the T13 domain); CSI_chance = CSI of the two areas placed independently in the footprint; heidke_skill = Heidke skill score of the 2x2 table"
connected_ceiling_fallback10km,2023-06-25,INHULETS_VALLEY_rect,25.9,0.0,0.0,25.9,0.1,0.0,0.0,0.0,0.0,0.0,"S1 valid footprint of the date, owned zone area, outside the p42 cut rectangles (Inhulets rows: inside the Inhulets rectangle)","conditional POD outside the normally-wet class (POD | observable dry-background domain): a diagnostic conditional agreement, NOT a corrected POD; the class was fixed a priori (same-rule pre-breach potential) before any comparison was read",565.8,1.0,0.0,0.0,"footprint_km2 and coverage from the p94 S1 footprint of the same date and region (observable domain of p94, close to but not identical with the T13 domain); CSI_chance = CSI of the two areas placed independently in the footprint; heidke_skill = Heidke skill score of the 2x2 table"
connected_ceiling_fallback10km,2023-06-25,P42_FLOODPLAIN_DOMAIN,19.2,0.0,0.0,19.2,6.5,0.0,0.0,0.0,0.0,0.0,"S1 valid footprint of the date, owned zone area, outside the p42 cut rectangles (Inhulets rows: inside the Inhulets rectangle)","conditional POD outside the normally-wet class (POD | observable dry-background domain): a diagnostic conditional agreement, NOT a corrected POD; the class was fixed a priori (same-rule pre-breach potential) before any comparison was read",538.5,1.0,0.0,-0.0,"footprint_km2 and coverage from the p94 S1 footprint of the same date and region (observable domain of p94, close to but not identical with the T13 domain); CSI_chance = CSI of the two areas placed independently in the footprint; heidke_skill = Heidke skill score of the 2x2 table"
connected_ceiling_fallback10km,2023-06-26,DNIPRO_CORRIDOR,23.3,0.0,0.0,23.3,7.3,0.0,0.0,0.0,0.0,0.0,"S1 valid footprint of the date, owned zone area, outside the p42 cut rectangles (Inhulets rows: inside the Inhulets rectangle)","conditional POD outside the normally-wet class (POD | observable dry-background domain): a diagnostic conditional agreement, NOT a corrected POD; the class was fixed a priori (same-rule pre-breach potential) before any comparison was read",2612.2,0.952,0.0,0.0,"footprint_km2 and coverage from the p94 S1 footprint of the same date and region (observable domain of p94, close to but not identical with the T13 domain); CSI_chance = CSI of the two areas placed independently in the footprint; heidke_skill = Heidke skill score of the 2x2 table"
connected_ceiling_fallback10km,2023-06-26,INHULETS_VALLEY_rect,23.3,0.0,0.0,23.3,0.0,0.0,0.0,0.0,0.0,0.0,"S1 valid footprint of the date, owned zone area, outside the p42 cut rectangles (Inhulets rows: inside the Inhulets rectangle)","conditional POD outside the normally-wet class (POD | observable dry-background domain): a diagnostic conditional agreement, NOT a corrected POD; the class was fixed a priori (same-rule pre-breach potential) before any comparison was read",565.8,1.0,0.0,0.0,"footprint_km2 and coverage from the p94 S1 footprint of the same date and region (observable domain of p94, close to but not identical with the T13 domain); CSI_chance = CSI of the two areas placed independently in the footprint; heidke_skill = Heidke skill score of the 2x2 table"
connected_ceiling_fallback10km,2023-06-26,P42_FLOODPLAIN_DOMAIN,14.9,0.0,0.0,14.9,7.0,0.0,0.0,0.0,0.0,0.0,"S1 valid footprint of the date, owned zone area, outside the p42 cut rectangles (Inhulets rows: inside the Inhulets rectangle)","conditional POD outside the normally-wet class (POD | observable dry-background domain): a diagnostic conditional agreement, NOT a corrected POD; the class was fixed a priori (same-rule pre-breach potential) before any comparison was read",538.5,1.0,0.0,0.0,"footprint_km2 and coverage from the p94 S1 footprint of the same date and region (observable domain of p94, close to but not identical with the T13 domain); CSI_chance = CSI of the two areas placed independently in the footprint; heidke_skill = Heidke skill score of the 2x2 table"
connected_ceiling_fallback10km,2023-06-30,DNIPRO_CORRIDOR,64.2,0.1,0.0,64.2,6.3,0.1,0.0,1.0,0.0,0.0,"S1 valid footprint of the date, owned zone area, outside the p42 cut rectangles (Inhulets rows: inside the Inhulets rectangle)","conditional POD outside the normally-wet class (POD | observable dry-background domain): a diagnostic conditional agreement, NOT a corrected POD; the class was fixed a priori (same-rule pre-breach potential) before any comparison was read",1698.5,0.619,0.0,-0.0,"footprint_km2 and coverage from the p94 S1 footprint of the same date and region (observable domain of p94, close to but not identical with the T13 domain); CSI_chance = CSI of the two areas placed independently in the footprint; heidke_skill = Heidke skill score of the 2x2 table"
connected_ceiling_fallback10km,2023-06-30,INHULETS_VALLEY_rect,57.9,0.0,0.0,57.9,1.8,0.0,0.0,0.0,0.0,0.0,"S1 valid footprint of the date, owned zone area, outside the p42 cut rectangles (Inhulets rows: inside the Inhulets rectangle)","conditional POD outside the normally-wet class (POD | observable dry-background domain): a diagnostic conditional agreement, NOT a corrected POD; the class was fixed a priori (same-rule pre-breach potential) before any comparison was read",470.1,0.831,0.0,-0.0,"footprint_km2 and coverage from the p94 S1 footprint of the same date and region (observable domain of p94, close to but not identical with the T13 domain); CSI_chance = CSI of the two areas placed independently in the footprint; heidke_skill = Heidke skill score of the 2x2 table"
connected_ceiling_fallback10km,2023-06-30,P42_FLOODPLAIN_DOMAIN,13.5,0.0,0.0,13.5,5.1,0.0,0.0,0.0,0.0,0.0,"S1 valid footprint of the date, owned zone area, outside the p42 cut rectangles (Inhulets rows: inside the Inhulets rectangle)","conditional POD outside the normally-wet class (POD | observable dry-background domain): a diagnostic conditional agreement, NOT a corrected POD; the class was fixed a priori (same-rule pre-breach potential) before any comparison was read",336.0,0.624,0.0,0.0,"footprint_km2 and coverage from the p94 S1 footprint of the same date and region (observable domain of p94, close to but not identical with the T13 domain); CSI_chance = CSI of the two areas placed independently in the footprint; heidke_skill = Heidke skill score of the 2x2 table"
